{
  "results": [
    {
      "command": "python crykey_wastewater.py -i ../bygul/jn.1.1_100000_merged.trimmed.metadata.tsv -r ../NC_045512_Hu-1.fasta -d ../crykey/crykey_dbs -o ../results/",
      "mean": 177.30309743956002,
      "stddev": 1.402276448182611,
      "median": 177.58114856256,
      "user": 193.66711199999997,
      "system": 1.5297321799999999,
      "min": 175.54628655656,
      "max": 178.96181724956003,
      "times": [
        175.54628655656,
        176.22968571256,
        177.58114856256,
        178.96181724956003,
        178.19654911656002
      ],
      "exit_codes": [
        0,
        0,
        0,
        0,
        0
      ]
    }
  ]
}
