{
  "results": [
    {
      "command": "SAM_Refiner -S ../bygul/jn.1.1_10000_merged.trimmed.sam  -r ../NC_045512_Hu-1.fasta --min_count 1 --min_samp_abund 0.0 --ntcover 1 --wgs 1 --AAreport 0 --mp 4",
      "mean": 19.52878330604,
      "stddev": 0.3570210384623092,
      "median": 19.56699074064,
      "user": 19.325480039999995,
      "system": 0.13994059999999997,
      "min": 18.93928026764,
      "max": 19.83116855464,
      "times": [
        18.93928026764,
        19.79192414664,
        19.56699074064,
        19.514552820640002,
        19.83116855464
      ],
      "exit_codes": [
        0,
        0,
        0,
        0,
        0
      ]
    },
    {
      "command": "covar -i ../bygul/jn.1.1_10000_merged.trimmed.bam -r ../NC_045512_Hu-1.fasta -a ../NC_045512_Hu-1.gff -o ../results/jn.1.1_coVar.tsv --min_count 1 --min_quality 0 --threads 4",
      "mean": 0.9659880808400001,
      "stddev": 0.06404860662831924,
      "median": 0.93542717064,
      "user": 3.46122704,
      "system": 0.5866738,
      "min": 0.91245559264,
      "max": 1.0674147356400001,
      "times": [
        0.99027302564,
        0.91245559264,
        1.0674147356400001,
        0.93542717064,
        0.9243698796400001
      ],
      "exit_codes": [
        0,
        0,
        0,
        0,
        0
      ]
    }
  ]
}
