{
  "results": [
    {
      "command": "SAM_Refiner -S ../bygul/jn.1.1_100000_merged.trimmed.sam  -r ../NC_045512_Hu-1.fasta --min_count 1 --min_samp_abund 0.0 --ntcover 1 --wgs 1 --AAreport 1 --mp 8",
      "mean": 81.2562413009,
      "stddev": 0.3539956034833241,
      "median": 81.1189150825,
      "user": 80.28542652,
      "system": 0.6620953999999999,
      "min": 80.9505529105,
      "max": 81.7623824185,
      "times": [
        81.4803891705,
        80.9505529105,
        81.7623824185,
        80.9689669225,
        81.1189150825
      ],
      "exit_codes": [
        0,
        0,
        0,
        0,
        0
      ]
    },
    {
      "command": "covar -i ../bygul/jn.1.1_100000_merged.trimmed.bam -r ../NC_045512_Hu-1.fasta -a ../NC_045512_Hu-1.gff --min_depth 1 --min_quality 0 --threads 8",
      "mean": 17.628577327499997,
      "stddev": 0.48791005953740535,
      "median": 17.5503469755,
      "user": 99.82490372,
      "system": 6.0907478,
      "min": 17.1319371655,
      "max": 18.368296838499997,
      "times": [
        17.5503469755,
        18.368296838499997,
        17.1319371655,
        17.8094785925,
        17.282827065499998
      ],
      "exit_codes": [
        0,
        0,
        0,
        0,
        0
      ]
    }
  ]
}
