{
  "results": [
    {
      "command": "SAM_Refiner -S ../bygul/jn.1.1_100000_merged.trimmed.sam  -r ../NC_045512_Hu-1.fasta --min_count 1 --min_samp_abund 0.0 --ntcover 1 --wgs 1 --AAreport 1 --mp 4",
      "mean": 81.78701537366,
      "stddev": 0.7598678909462661,
      "median": 82.06299722726,
      "user": 80.84976216,
      "system": 0.6420895999999999,
      "min": 80.45817218126,
      "max": 82.32259107725999,
      "times": [
        82.32259107725999,
        82.06299722726,
        82.19891138825999,
        80.45817218126,
        81.89240499425999
      ],
      "exit_codes": [
        0,
        0,
        0,
        0,
        0
      ]
    },
    {
      "command": "covar -i ../bygul/jn.1.1_100000_merged.trimmed.bam -r ../NC_045512_Hu-1.fasta -a ../NC_045512_Hu-1.gff --min_count 1 --min_quality 0 --threads 4",
      "mean": 29.124178906060003,
      "stddev": 0.34957518954028044,
      "median": 29.10474768626,
      "user": 101.48248496,
      "system": 5.046369400000001,
      "min": 28.76256944926,
      "max": 29.69171157326,
      "times": [
        28.93556698026,
        29.12629884126,
        29.69171157326,
        29.10474768626,
        28.76256944926
      ],
      "exit_codes": [
        0,
        0,
        0,
        0,
        0
      ]
    }
  ]
}
