{
  "results": [
    {
      "command": "SAM_Refiner -S ../bygul/jn.1.1_10000_merged.trimmed.sam  -r ../NC_045512_Hu-1.fasta --min_count 1 --min_samp_abund 0.0 --ntcover 1 --wgs 1 --AAreport 1 --mp 8",
      "mean": 10.310917590679999,
      "stddev": 0.058002534749627396,
      "median": 10.29998501148,
      "user": 10.142596840000001,
      "system": 0.15105128,
      "min": 10.23275562848,
      "max": 10.38042975348,
      "times": [
        10.38042975348,
        10.29998501148,
        10.28750722148,
        10.23275562848,
        10.35391033848
      ],
      "exit_codes": [
        0,
        0,
        0,
        0,
        0
      ]
    },
    {
      "command": "covar -i ../bygul/jn.1.1_10000_merged.trimmed.bam -r ../NC_045512_Hu-1.fasta -a ../NC_045512_Hu-1.gff --min_depth 1 --min_quality 0 --threads 8",
      "mean": 0.82223455548,
      "stddev": 0.008914546071466849,
      "median": 0.8220530474800001,
      "user": 3.65311364,
      "system": 0.81219348,
      "min": 0.8133241214800001,
      "max": 0.83646486848,
      "times": [
        0.8220530474800001,
        0.8230376474800001,
        0.83646486848,
        0.8133241214800001,
        0.81629309248
      ],
      "exit_codes": [
        0,
        0,
        0,
        0,
        0
      ]
    }
  ]
}
