{
  "results": [
    {
      "command": "SAM_Refiner -S ../bygul/jn.1.1_1000_merged.trimmed.sam  -r ../NC_045512_Hu-1.fasta --min_count 1 --min_samp_abund 0.0 --ntcover 1 --wgs 1 --AAreport 0 --mp 4",
      "mean": 1.6718036056400003,
      "stddev": 0.030939603941123193,
      "median": 1.68867749144,
      "user": 1.6214037400000003,
      "system": 0.05381718,
      "min": 1.62930168044,
      "max": 1.69741137744,
      "times": [
        1.62930168044,
        1.68867749144,
        1.69507461344,
        1.6485528654400001,
        1.69741137744
      ],
      "exit_codes": [
        0,
        0,
        0,
        0,
        0
      ]
    },
    {
      "command": "covar -i ../bygul/jn.1.1_1000_merged.trimmed.bam -r ../NC_045512_Hu-1.fasta -a ../NC_045512_Hu-1.gff -o ../results/jn.1.1_coVar.tsv --min_count 1 --min_quality 0 --threads 4",
      "mean": 0.10093926364000001,
      "stddev": 0.0030667300599044748,
      "median": 0.09981195444,
      "user": 1.10277834,
      "system": 0.32918598,
      "min": 0.09757215144,
      "max": 0.10493812144,
      "times": [
        0.09907785044,
        0.09981195444,
        0.10329624044,
        0.09757215144,
        0.10493812144
      ],
      "exit_codes": [
        0,
        0,
        0,
        0,
        0
      ]
    }
  ]
}
