{
  "results": [
    {
      "command": "SAM_Refiner -S ../bygul/jn.1.1_10000_merged.trimmed.sam  -r ../NC_045512_Hu-1.fasta --min_count 1 --min_samp_abund 0.0 --ntcover 1 --wgs 1 --AAreport 1 --mp 1",
      "mean": 10.27190141232,
      "stddev": 0.10819213029802369,
      "median": 10.29955969552,
      "user": 10.11530196,
      "system": 0.11882657999999999,
      "min": 10.10315591152,
      "max": 10.36639401952,
      "times": [
        10.23368554052,
        10.29955969552,
        10.36639401952,
        10.10315591152,
        10.35671189452
      ],
      "exit_codes": [
        0,
        0,
        0,
        0,
        0
      ]
    },
    {
      "command": "covar -i ../bygul/jn.1.1_10000_merged.trimmed.bam -r ../NC_045512_Hu-1.fasta -a ../NC_045512_Hu-1.gff -o ../results/jn.1.1_coVar.tsv --min_count 1 --min_quality 0 --threads 1",
      "mean": 1.95189070192,
      "stddev": 0.02565435092941148,
      "median": 1.94168058852,
      "user": 3.1381985599999997,
      "system": 0.5175209799999999,
      "min": 1.92357765452,
      "max": 1.98895825052,
      "times": [
        1.98895825052,
        1.94168058852,
        1.93935869552,
        1.96587832052,
        1.92357765452
      ],
      "exit_codes": [
        0,
        0,
        0,
        0,
        0
      ]
    }
  ]
}
