{
  "results": [
    {
      "command": "SAM_Refiner -S ../bygul/jn.1.1_100000_merged.trimmed.sam  -r ../NC_045512_Hu-1.fasta --min_count 1 --min_samp_abund 0.0 --ntcover 1 --wgs 1 --AAreport 0 --mp 1",
      "mean": 117.90153120980001,
      "stddev": 0.8569612572144069,
      "median": 118.32756188340001,
      "user": 116.79483541999998,
      "system": 0.6814311399999999,
      "min": 116.5184501084,
      "max": 118.5670869324,
      "times": [
        118.32756188340001,
        116.5184501084,
        118.5670869324,
        118.4701650224,
        117.62439210240001
      ],
      "exit_codes": [
        0,
        0,
        0,
        0,
        0
      ]
    },
    {
      "command": "covar -i ../bygul/jn.1.1_100000_merged.trimmed.bam -r ../NC_045512_Hu-1.fasta -a ../NC_045512_Hu-1.gff --min_depth 1 --min_quality 0 --threads 1",
      "mean": 95.81462411380001,
      "stddev": 1.6665170690077151,
      "median": 95.0804771284,
      "user": 98.34822921999998,
      "system": 2.70830974,
      "min": 94.5282360254,
      "max": 98.70283510440001,
      "times": [
        94.5282360254,
        95.0804771284,
        98.70283510440001,
        95.0668140384,
        95.69475827240001
      ],
      "exit_codes": [
        0,
        0,
        0,
        0,
        0
      ]
    }
  ]
}
