{
  "results": [
    {
      "command": "SAM_Refiner -S ../bygul/jn.1.1_1000_merged.trimmed.sam  -r ../NC_045512_Hu-1.fasta --min_count 1 --min_samp_abund 0.0 --ntcover 1 --wgs 1 --AAreport 0 --mp 1",
      "mean": 5.3012802607,
      "stddev": 0.10155567963186227,
      "median": 5.3226116271,
      "user": 5.229827779999999,
      "system": 0.05387374,
      "min": 5.188004977099999,
      "max": 5.3996817061,
      "times": [
        5.3996817061,
        5.188004977099999,
        5.3226116271,
        5.2024894411,
        5.3936135521
      ],
      "exit_codes": [
        0,
        0,
        0,
        0,
        0
      ]
    }
  ]
}
