nt_mutations	aa_mutations	cluster_depth	total_depth	frequency	coverage_start	coverage_end
T23599G C23604G	S:N679K S:P681R	15261	61720	0.247262	23593	23608
C23525T T23599G C23604G	S:H655Y S:N679K S:P681R	14917	30449	0.489901	23521	23607
C25207T	S:Y1215Y	10299	32146	0.320382	25203	25210
A24424T T24469A	S:Q954H S:N969K	7040	26342	0.267254	24422	24476
A24424T	S:Q954H	4516	28747	0.157095	24420	24424
A23403G C23423T C23525T	S:D614G S:P621S S:H655Y	3650	12580	0.290143	23399	23528
C23757T C23854A	S:T732I S:N764K	3318	16038	0.206884	23755	23873
T24469A	S:N969K	2874	36867	0.077956	24466	24476
C25207T C25262-T	S:Y1215Y NA	2243	31420	0.071388	25167	25274
C23854A	S:N764K	2092	17841	0.117258	23850	23861
C22295A	S:H245N	1734	6878	0.252108	22291	22304
C23271T A23403G C23423T	S:A570V S:D614G S:P621S	1356	5887	0.230338	23269	23429
T23599G	S:N679K	1355	61777	0.021934	23595	23602
C23525T T23599G C23604A	S:H655Y S:N679K S:P681H	1349	30449	0.044304	23508	23620
C23525T	S:H655Y	1231	45551	0.027025	23521	23528
T23599G C23604A	S:N679K S:P681H	1112	61720	0.018017	23593	23612
C23757T	S:T732I	980	17108	0.057283	23751	23760
A24424T T24469A T24472-G	S:Q954H S:N969K NA	965	26290	0.036706	24421	24520
C23604G	S:P681R	917	61831	0.014831	23602	23608
A23403G C23423T	S:D614G S:P621S	905	20626	0.043877	23399	23426
C24672-A	NA	880	16167	0.054432	24638	24679
C24990T C25000T	S:P1143L S:D1146D	835	5603	0.149027	24984	25016
T22032C C22033A A22034G	S:F157S S:F157S S:R158G	817	10158	0.080429	22025	22043
A23403G C23525T	S:D614G S:H655Y	800	12580	0.063593	23399	23528
C24981-T C24990T C25000T	NA S:P1143L S:D1146D	788	5590	0.140966	24910	25004
C23757T C23887-A	S:T732I NA	748	15492	0.048283	23706	23894
G23222A C23271T	S:E554K S:A570V	741	3885	0.190734	23217	23274
C21618T C21622T G21624C T21632-TACCCCCTG C21711T A21764-TACATG	S:T19I S:T20T S:R21T S:DEL25/27 S:S50L S:DEL69/70	711	4539	0.156642	21600	21787
C23271T C23334-T A23403G C23423T	S:A570V NA S:D614G S:P621S	645	5887	0.109563	23269	23427
T21609+CATGCCGCTGTT C21618T C21622T G21624C T21632-TACCCCCTG C21711T A21764-TACATG	S:INS17HAAV S:T19F S:T20F S:R21T S:DEL25/27 S:S50L S:DEL69/70	622	4538	0.137065	21597	21788
C23525T C23604G	S:H655Y S:P681R	616	30449	0.020231	23521	23624
C23423T C23525T	S:P621S S:H655Y	592	12817	0.046189	23418	23532
T23599G C23604A C23673T	S:N679K S:P681H S:S704L	573	30138	0.019013	23587	23699
G21987A T21990-TTA T22032C C22033A A22034G	S:G142D S:DEL144 S:F157S S:F157S S:R158G	573	8208	0.06981	21981	22050
G21941T G21987A T21990-TTA T22032C C22033A A22034G	S:V127F S:G142D S:DEL144 S:F157S S:F157S S:R158G	567	7107	0.07978	21936	22043
C25262-T	NA	540	38431	0.014051	25251	25272
A23403G	S:D614G	524	20888	0.025086	23399	23415
A22193-ATT T22200G C22208T C22295A	S:DEL212 S:V213G S:L216F S:H245N	502	3660	0.137158	22186	22298
T25191-A C25207T C25262-T	NA S:Y1215Y NA	489	30595	0.015983	25140	25281
G23593C T23599G C23604G	S:Q677H S:N679K S:P681R	462	61656	0.007493	23587	23612
C23423T	S:P621S	435	20966	0.020748	23419	23426
A25194-AT G25197T C25207T C25262-T	NA S:W1212L S:Y1215Y NA	406	30758	0.0132	25135	25281
T24377-C A24424T	NA S:Q954H	371	1973	0.188039	24369	24424
G23222A	S:E554K	371	4009	0.092542	23217	23224
A23403G C23423T G23486-T C23525T	S:D614G S:P621S NA S:H655Y	370	12580	0.029412	23374	23532
C23525T T23599G	S:H655Y S:N679K	368	30460	0.012081	23518	23603
C23271T C23334-T C23423T	S:A570V NA S:P621S	336	5887	0.057075	23269	23426
C25000T	S:D1146D	331	6019	0.054993	24992	25005
T22032C C22033A	S:F157S S:F157S	326	10160	0.032087	22022	22043
C21711T A21764-TACATG	S:S50L S:DEL69/70	319	5405	0.059019	21701	21796
T23599G C23604G G23666-A	S:N679K S:P681R NA	290	30204	0.009601	23580	23677
T21940-G G21987A T21990-TTA T22032C C22033A A22034G	NA S:G142D S:DEL144 S:F157S S:F157S S:R158G	290	7106	0.040811	21924	22043
C23887-A	NA	286	17625	0.016227	23872	23895
C23271T	S:A570V	277	10384	0.026676	23269	23274
C22295A C22353A	S:H245N S:A264D	259	637	0.406593	22287	22360
C23525T A23558-T T23599G C23604G	S:H655Y NA S:N679K S:P681R	248	30449	0.008145	23493	23624
G25555-T	NA	239	2525	0.094653	25382	25566
T24469A T24472-G	S:N969K NA	238	36814	0.006465	24465	24563
T25196-G C25207T C25262-T	NA S:Y1215Y NA	233	30858	0.007551	25144	25320
G25198-C C25207T	NA S:Y1215Y	228	31673	0.007199	25190	25316
A24424T G24488-T	S:Q954H NA	215	26194	0.008208	24416	24505
C23271T A23403G	S:A570V S:D614G	213	5972	0.035666	23269	23414
A24253-T	NA	211	3703	0.056981	24249	24265
C22120-A A22193-ATT T22200G C22208T C22295A	NA S:DEL212 S:V213G S:L216F S:H245N	210	3421	0.061386	22113	22299
C23525T T23599G C23604G C23615T	S:H655Y S:N679K S:P681R S:R685C	209	30431	0.006868	23505	23622
C25207T G25218-T C25262-T	S:Y1215Y NA NA	193	31420	0.006143	25137	25320
T21609+CATGCCGCTGTT C21618T C21622T G21624C T21632-TACCCCCTG A21764-TACATG	S:INS17HAAV S:T19F S:T20F S:R21T S:DEL25/27 S:DEL69/70	190	4538	0.041869	21597	21780
G23948T	S:D796Y	190	940	0.202128	23942	23951
C25262-TT	NA	190	38431	0.004944	25252	25299
C24990T	S:P1143L	190	5657	0.033587	24984	24995
C23525T T23596C T23599G C23604G	S:H655Y S:T678T S:N679K S:P681R	182	30449	0.005977	23496	23624
T24492-A	NA	176	40599	0.004335	24486	24553
G25278-T	NA	176	39041	0.004508	25270	25292
G24488-T	NA	173	40466	0.004275	24486	24499
T23599G C23604G C23630+A	S:N679K S:P681R NA	163	61151	0.002666	23583	23641
T23511+A C23525T T23599G C23604G	NA S:H655S S:N679* S:P681C	157	30399	0.005165	23505	23624
C23757T C23854A C23887-A	S:T732I S:N764K NA	154	15492	0.009941	23734	23894
C24378T A24424T	S:S939F S:Q954H	153	1973	0.077547	24369	24424
C23525T T23599G C23604G G23612A	S:H655Y S:N679K S:P681R S:A684T	153	30436	0.005027	23499	23630
G21987A T21990-TTA T22032C C22033A	S:G142D S:DEL144 S:F157S S:F157S	150	8209	0.018273	21975	22058
T23599G C23604G A23712+T	S:N679K S:P681R NA	149	29321	0.005082	23581	23723
T21990-TTA T22032C C22033A A22034G	S:DEL144 S:F157S S:F157S S:R158G	144	8208	0.017544	21975	22056
C23525T T23553C T23599G C23604A	S:H655Y S:I664T S:N679K S:P681H	144	30449	0.004729	23487	23634
A21764-TACATG	S:DEL69/70	142	5540	0.025632	21757	21795
T25191-A C25207T G25218-T C25262-T	NA S:Y1215Y NA NA	140	30595	0.004576	25130	25294
C24981-T C25000T	NA S:D1146D	135	5590	0.02415	24867	25007
A23594G T23599G C23604G	S:T678A S:N679K S:P681R	135	61685	0.002189	23581	23642
T25191-A C25207T	NA S:Y1215Y	134	31320	0.004278	25172	25213
G25302-T	NA	132	39635	0.00333	25295	25309
C24672-A A24684-T	NA NA	132	3755	0.035153	24626	24698
T23599G C23604G A23711-AT	S:N679K S:P681R NA	131	29331	0.004466	23584	23724
A24110-T	NA	130	2744	0.047376	24095	24121
C23525T A23579G T23599G C23604A	S:H655Y S:S673G S:N679K S:P681H	128	30449	0.004204	23487	23624
C23271T C23423T	S:A570V S:P621S	128	5887	0.021743	23269	23426
C21618T C21622T G21624C T21632-TACCCCCTG C21711T A21764-TACATG C21781-A	S:T19I S:T20T S:R21T S:DEL25/27 S:S50L S:DEL69/70 NA	127	4520	0.028097	21608	21788
T23637-C	NA	121	62467	0.001937	23629	23642
G21941T G21987A T21990-TTA	S:V127F S:G142D S:DEL144	117	7896	0.014818	21937	22007
T25140-A C25207T	NA S:Y1215Y	113	29326	0.003853	25130	25223
C24119-A	NA	112	2918	0.038382	24111	24153
G21987A T21990-TTA	S:G142D S:DEL144	110	9004	0.012217	21975	22007
A22193-ATT T22200G C22295A	S:DEL212 S:V213G S:H245N	109	3660	0.029781	22179	22313
T24469A C24672-A	S:N969K NA	106	8916	0.011889	24465	24679
G24486+T	NA	103	40355	0.002552	24479	24495
T24469A T24492-A	S:N969K NA	99	36661	0.0027	24465	24564
G21987A	S:G142D	98	9037	0.010844	21965	21990
T23599G C23604G T23654C	S:N679K S:P681R S:S698P	96	30317	0.003167	23580	23700
A24684-T	NA	96	3911	0.024546	24671	24714
C25294-A	NA	95	39382	0.002412	25284	25317
C25416T	ORF3a:F8F	94	6716	0.013996	25383	25445
C25207T G25218-T	S:Y1215Y NA	94	31591	0.002976	25184	25236
C23757T G23835-T C23854A	S:T732I NA S:N764K	94	16038	0.005861	23743	23868
C21618T C21622T G21624C T21632-TACCCCCTG A21764-TACATG	S:T19I S:T20T S:R21T S:DEL25/27 S:DEL69/70	93	4539	0.020489	21597	21802
T23599G C23604A G23666+A	S:N679K S:P681H NA	89	30204	0.002947	23580	23678
C23604A	S:P681H	88	61831	0.001423	23600	23630
T23599G C23604G A23639-T	S:N679K S:P681R NA	87	60341	0.001442	23581	23642
G21941T G21987A T21990-TTA T22032C C22033A	S:V127F S:G142D S:DEL144 S:F157S S:F157S	87	7108	0.01224	21916	22043
A25194-AT G25197T C25207T	NA S:W1212L S:Y1215Y	86	31484	0.002732	25175	25214
G21941T G21987A T21990-TTA C22000-A T22032C C22033A A22034G	S:V127F S:G142D S:DEL144 NA S:F157S S:F157S S:R158G	82	7107	0.011538	21867	22058
C25262-TT G25278-T	NA NA	82	38342	0.002139	25252	25312
A25194-AT G25197T C25207T G25218-T C25262-T	NA S:W1212L S:Y1215Y NA NA	81	30758	0.002633	25130	25323
C23854A G23948T	S:N764K S:D796Y	80	501	0.159681	23846	23971
G22104-A C22120-A A22193-ATT T22200G C22208T C22295A	NA NA S:DEL212 S:V213G S:L216F S:H245N	79	3336	0.023681	22100	22314
A24424T T24469A G24488-T	S:Q954H S:N969K NA	79	26194	0.003016	24415	24563
C23757T G23835-T C23887-A	S:T732I NA NA	77	15492	0.00497	23699	23895
C23525T T23599G C23604G T23620C	S:H655Y S:N679K S:P681R S:S686S	76	30423	0.002498	23501	23624
C23271T C23334-T	S:A570V NA	76	6263	0.012135	23269	23346
C23525T T23599G C23604A G23608C	S:H655Y S:N679K S:P681H S:R682R	75	30441	0.002464	23493	23624
T22200G C22295A	S:V213G S:H245N	74	3681	0.020103	22196	22319
G24140-T	NA	74	3133	0.02362	24127	24161
C25207T T25219C	S:Y1215Y S:G1219G	74	31589	0.002343	25197	25324
C24536-A	NA	74	39989	0.001851	24518	24564
C23525T A23535G T23599G C23604G	S:H655Y S:N658S S:N679K S:P681R	74	30449	0.00243	23487	23633
G21941T T21990-TTA T22032C C22033A A22034G	S:V127F S:DEL144 S:F157S S:F157S S:R158G	73	7107	0.010272	21934	22043
C24502T	S:I980I	73	40471	0.001804	24495	24564
G22317T	S:G252V	72	6803	0.010584	22284	22319
G25287-T	NA	71	39223	0.00181	25275	25323
C23334-T	NA	71	6955	0.010208	23285	23349
T23599G C23604G A23668G	S:N679K S:P681R S:E702E	70	30181	0.002319	23586	23724
C23854A C23887-A	S:N764K NA	70	17255	0.004057	23841	23895
A24424T T24469A T24548-TGA	S:Q954H S:N969K S:DEL997	69	25676	0.002687	24413	24563
C25207T A25274G	S:Y1215Y S:T1238A	68	31363	0.002168	25199	25325
C23492A C23525T T23599G C23604G	S:Q644K S:H655Y S:N679K S:P681R	68	30005	0.002266	23487	23623
A23515+G C23525T T23599G C23604G	NA S:H655S S:N679* S:P681C	68	30416	0.002236	23487	23614
A24424T C24435-T	S:Q954H NA	67	26651	0.002514	24415	24454
C23525T C23604A	S:H655Y S:P681H	66	30449	0.002168	23487	23635
T23599G C23604G A23670+T	S:N679K S:P681R NA	65	30171	0.002154	23580	23680
T21609+CATGCCGCTGTT C21618T C21622T G21624C T21632-TACCCCCTG C21711T A21764-TACATG C21781-A	S:INS17HAAV S:T19F S:T20F S:R21T S:DEL25/27 S:S50L S:DEL69/70 NA	65	4519	0.014384	21597	21792
C24150+T	NA	65	4156	0.01564	24148	24162
A25154G C25207T	S:I1198V S:Y1215Y	65	29993	0.002167	25134	25324
T21940-G G21987A T21990-TTA C22000-A T22032C C22033A A22034G	NA S:G142D S:DEL144 NA S:F157S S:F157S S:R158G	64	7106	0.009006	21869	22043
C23525T T23537C T23599G C23604G	S:H655Y S:S659P S:N679K S:P681R	64	30449	0.002102	23487	23635
A24424T T24436C T24469A	S:Q954H S:A958A S:N969K	64	26342	0.00243	24412	24562
C21618T C21622T G21624C T21632-TACCCCCTG C21711T	S:T19I S:T20T S:R21T S:DEL25/27 S:S50L	63	4676	0.013473	21597	21723
A24324-AT	NA	63	3716	0.016954	24234	24336
C23525T T23599G T23600C C23604G	S:H655Y S:N679K S:S680P S:P681R	62	30449	0.002036	23500	23641
A23598G T23599G C23604G	S:N679R S:N679R S:P681R	62	61709	0.001005	23580	23642
A23400+G C23423T	NA S:P621S	62	20625	0.003006	23345	23430
T23599G C23604G G23666+A	S:N679K S:P681R NA	61	30204	0.00202	23580	23680
C24981-T C24990T	NA S:P1143L	61	5644	0.010808	24850	24995
C23525T A23550G T23599G C23604G	S:H655Y S:D663G S:N679K S:P681R	61	30449	0.002003	23492	23634
T24471-TG	NA	60	38418	0.001562	24465	24554
T23599G C23604G T23662C	S:N679K S:P681R S:G700G	60	30246	0.001984	23580	23690
C21618T C21622T G21624C T21632-TACCCCCTG	S:T19I S:T20T S:R21T S:DEL25/27	60	4886	0.01228	21597	21659
A24424T T24438+A	S:Q954H NA	60	26627	0.002253	24415	24451
T22200G C22208T C22295A	S:V213G S:L216F S:H245N	59	3681	0.016028	22196	22319
C24026-T	NA	59	2798	0.021086	24021	24048
C23757T A23786-T C23854A	S:T732I NA S:N764K	59	16038	0.003679	23751	23891
C23525T A23588G T23599G C23604G	S:H655Y S:T676A S:N679K S:P681R	59	30449	0.001938	23487	23637
G25299-C	NA	58	39549	0.001467	25292	25324
C25207T A25253G	S:Y1215Y S:T1231A	58	31465	0.001843	25203	25324
C23525T T23599G C23604G T23637-C	S:H655Y S:N679K S:P681R NA	58	29771	0.001948	23492	23642
A23403G G23486-T C23525T	S:D614G NA S:H655Y	58	12580	0.00461	23392	23532
A23366G A23403G C23423T C23525T	S:T602A S:D614G S:P621S S:H655Y	58	12183	0.004761	23351	23529
T23599G C23604G T23693C	S:N679K S:P681R S:S711P	57	29962	0.001902	23581	23700
T23599G C23604G T23652C	S:N679K S:P681R S:M697T	57	30344	0.001878	23580	23706
C22120-A A22193-ATT T22200G C22208T G22218-T C22295A	NA S:DEL212 S:V213G S:L216F NA S:H245N	57	3421	0.016662	22105	22301
A23515-G C23525T T23599G C23604G	NA S:H655Y S:N679K S:P681R	57	30416	0.001874	23512	23631
A23493G C23525T T23599G C23604G	S:Q644R S:H655Y S:N679K S:P681R	57	30079	0.001895	23487	23637
C23757T C23854A G23856A	S:T732I S:N764K S:R765H	56	15959	0.003509	23726	23887
C23334-T A23403G C23423T	NA S:D614G S:P621S	56	6487	0.008633	23285	23426
C21711T A21764-TACATG C21781-A	S:S50L S:DEL69/70 NA	56	5381	0.010407	21702	21802
A24424T T24469A C24536-A	S:Q954H S:N969K NA	56	25795	0.002171	24415	24558
T23599G C23604G A23712-T	S:N679K S:P681R NA	55	29321	0.001876	23580	23724
G25218-T C25262-T	NA NA	55	33067	0.001663	25130	25320
C23525T A23552G T23599G C23604G	S:H655Y S:I664V S:N679K S:P681R	55	30449	0.001806	23516	23642
C23334-T C23423T	NA S:P621S	55	6487	0.008478	23285	23429
A24674T	S:K1038*	55	16171	0.003401	24618	24679
A24424T T24469A A24551G	S:Q954H S:N969K S:I997V	55	25633	0.002146	24412	24564
T21609+CATGCCGCTGTT C21618T C21622T G21624C T21632-TACCCCCTG	S:INS17HAAV S:T19F S:T20F S:R21T S:DEL25/27	54	4885	0.011054	21597	21659
G25198-C	NA	54	31923	0.001692	25189	25320
T25140-A	NA	53	30986	0.00171	25126	25164
G21941T G21987A	S:V127F S:G142D	53	7928	0.006685	21867	21991
C24517-A	NA	53	40449	0.00131	24504	24527
C23525T T23527C T23599G C23604G	S:H655Y S:H655Y S:N679K S:P681R	53	30449	0.001741	23488	23624
T21976-C G21987A T21990-TTA T22032C C22033A A22034G	NA S:G142D S:DEL144 S:F157S S:F157S S:R158G	52	8196	0.006345	21966	22058
C25207T T25263C	S:Y1215Y S:L1234P	52	31410	0.001656	25189	25316
C23525T A23566G T23599G C23604G	S:H655Y S:A668A S:N679K S:P681R	52	30449	0.001708	23487	23624
T23599G C23604G G23675+T	S:N679K S:P681R NA	51	30122	0.001693	23584	23700
G21941T G21987A T21990-TTA C22033A A22034G	S:V127F S:G142D S:DEL144 S:F157L S:R158G	51	7107	0.007176	21927	22054
C23334-T A23403G	NA S:D614G	51	6590	0.007739	23271	23434
C22033A	S:F157L	51	10160	0.00502	22023	22058
A24424T T24436C	S:Q954H S:A958A	51	26637	0.001915	24412	24508
A24424T C24466+A	S:Q954H NA	51	26357	0.001935	24415	24476
A23712+T	NA	51	49611	0.001028	23683	23724
T24267-G T24377-C A24424T	NA NA S:Q954H	50	1456	0.034341	24259	24424
T23599G C23604G A23631G	S:N679K S:P681R S:Q690R	50	61080	0.000819	23593	23642
C25207T G25287-T	S:Y1215Y NA	50	31321	0.001596	25199	25316
C23757T G23835-T	S:T732I NA	50	16417	0.003046	23683	23847
C23525T T23548C T23599G C23604G	S:H655Y S:C662C S:N679K S:P681R	50	30449	0.001642	23487	23624
T23599G C23604G C23609-G	S:N679K S:P681R NA	49	61691	0.000794	23583	23627
G23222A A23267-T C23271T	S:E554K NA S:A570V	49	3885	0.012613	23174	23276
C25207T C25294-A	S:Y1215Y NA	49	31277	0.001567	25201	25325
C22208T C22295A	S:L216F S:H245N	49	3790	0.012929	22204	22319
T23599G C23604G A23687G	S:N679K S:P681R S:N709D	48	30009	0.0016	23580	23724
C25207T T25291C	S:Y1215Y S:C1243C	48	31303	0.001533	25199	25324
C24852-A	NA	48	7912	0.006067	24850	24867
C23525T T23529C T23599G C23604G	S:H655Y S:V656A S:N679K S:P681R	48	30449	0.001576	23489	23637
A24424T G24521+T	S:Q954H NA	48	25944	0.00185	24413	24533
T23599G T23600C C23604G	S:N679K S:S680P S:P681R	47	61720	0.000762	23580	23611
G21941T G21987A T21990-TTA C22000-A C22009-A T22032C C22033A A22034G	S:V127F S:G142D S:DEL144 NA NA S:F157S S:F157S S:R158G	47	7107	0.006613	21867	22058
C23525T T23582C T23599G C23604G	S:H655Y S:Y674H S:N679K S:P681R	47	30449	0.001544	23492	23640
T23599G C23604G A23665G	S:N679K S:P681R S:A701A	46	30214	0.001522	23590	23669
T23599G C23604G A23656G	S:N679K S:P681R S:S698S	46	30295	0.001518	23580	23717
T21940-G G21987A T21990-TTA C22000-A C22009-A T22032C C22033A A22034G	NA S:G142D S:DEL144 NA NA S:F157S S:F157S S:R158G	46	7106	0.006473	21917	22053
G21941T	S:V127F	46	8381	0.005489	21875	21945
C25207T T25268C	S:Y1215Y S:C1236R	46	31373	0.001466	25200	25325
C23525T T23581C T23599G C23604G	S:H655Y S:S673S S:N679K S:P681R	46	30449	0.001511	23507	23637
A23403G C23423T T23500-G C23525T	S:D614G S:P621S NA S:H655Y	46	12580	0.003657	23335	23529
C23757T C23854A A23888G	S:T732I S:N764K S:K776E	45	15465	0.00291	23736	23889
C23525T A23544G T23599G C23604G	S:H655Y S:E661G S:N679K S:P681R	45	30449	0.001478	23487	23624
C22109G T22200A G22317T	S:Q183E S:V213E S:G252V	45	3247	0.013859	22100	22319
A24424T C24517-A	S:Q954H NA	45	25990	0.001731	24412	24564
A23523G C23525T T23599G C23604G	S:E654G S:H655Y S:N679K S:P681R	45	30447	0.001478	23487	23642
T25382+A	NA	44	7085	0.00621	25372	25392
T24472-G	NA	44	38482	0.001143	24465	24492
T24469A C24536-A	S:N969K NA	44	35833	0.001228	24465	24554
G24570-T	NA	44	12736	0.003455	24548	24613
A24424T T24471-TG	S:Q954H NA	44	26290	0.001674	24417	24563
A24424T C24503+T	S:Q954H NA	44	26103	0.001686	24413	24532
A24424T A24457G	S:Q954H S:Q965Q	44	26444	0.001664	24412	24558
A21875-T G21941T G21987A T21990-TTA T22032C C22033A A22034G	NA S:V127F S:G142D S:DEL144 S:F157S S:F157S S:R158G	44	6817	0.006454	21847	22051
T24377-C	NA	43	2076	0.020713	24358	24402
T23599G C23604G T23626C	S:N679K S:P681R S:A688A	43	61228	0.000702	23580	23642
G24521+T	NA	43	40391	0.001065	24501	24533
C25207T G25299-C	S:Y1215Y NA	43	31251	0.001376	25191	25324
C23525T T23546C T23599G C23604G	S:H655Y S:C662R S:N679K S:P681R	43	30449	0.001412	23487	23642
C23525T A23594G T23599G C23604G	S:H655Y S:T678A S:N679K S:P681R	43	30449	0.001412	23487	23629
A23586G T23599G C23604G	S:Q675R S:N679K S:P681R	43	61522	0.000699	23580	23642
T25196-G C25207T	NA S:Y1215Y	42	31584	0.00133	25167	25210
T25191-A C25262-T	NA NA	42	30595	0.001373	25130	25320
T23599G C23604G A23704+C	S:N679K S:P681R NA	42	29604	0.001419	23580	23712
T23599G C23604G A23702G	S:N679K S:P681R S:I714V	42	29647	0.001417	23593	23706
T23599G C23604G A23682G	S:N679K S:P681R S:Y707C	42	30056	0.001397	23582	23700
G25218-T	NA	42	33238	0.001264	25209	25248
C25207T T25272C	S:Y1215Y S:M1237T	42	31363	0.001339	25199	25281
C23525T A23592G T23599G C23604G	S:H655Y S:Q677R S:N679K S:P681R	42	30449	0.001379	23487	23637
A23403G C23423T A23495G C23525T	S:D614G S:P621S S:T645A S:H655Y	42	12580	0.003339	23351	23532
T24469A C24502T	S:N969K S:I980I	41	36472	0.001124	24465	24564
T24469A A24493T	S:N969K S:L977F	41	36642	0.001119	24465	24679
T24376-TC A24424T	NA S:Q954H	41	1973	0.020781	24344	24424
T23599G C23604G T23620C	S:N679K S:P681R S:S686S	41	61613	0.000665	23593	23642
T23599G C23604G T23617C	S:N679K S:P681R S:R685R	41	61626	0.000665	23580	23642
G25522A	ORF3a:G44R	41	2635	0.01556	25372	25545
C25207T A25295G	S:Y1215Y S:K1245E	41	31271	0.001311	25193	25314
C23525T T23542C T23599G C23604G	S:H655Y S:Y660Y S:N679K S:P681R	41	30449	0.001347	23487	23624
A24423+T	NA	41	28761	0.001426	24417	24424
A23712+T C23757T	NA S:T732V	41	16654	0.002462	23683	23772
T24267-G	NA	40	3734	0.010712	24259	24310
T21940-G G21987A T21990-TTA	NA S:G142D S:DEL144	40	7895	0.005066	21921	22004
T21609+CATGCCGCTGTT C21618T C21622T G21624C T21632-TACCCCCTG C21711T C21736-T A21764-TACATG	S:INS17HAAV S:T19F S:T20F S:R21T S:DEL25/27 S:S50L NA S:DEL69/70	40	4538	0.008814	21597	21802
G21987A T21990-TTA C22000A	S:G142D S:DEL144 S:H146Q	40	8644	0.004627	21975	22043
C23763-A C23854A A23864-C	NA S:N764K NA	40	15952	0.002508	23683	23895
C23700A C23854A	S:A713D S:N764K	40	15520	0.002577	23683	23879
C23525T T23590C T23599G C23604G	S:H655Y S:T676T S:N679K S:P681R	40	30449	0.001314	23487	23624
A25175G C25207T	S:K1205E S:Y1215Y	40	30579	0.001308	25156	25324
A22193-ATT T22200G C22208T	S:DEL212 S:V213G S:L216F	40	4055	0.009864	22180	22219
T25150C C25207T	S:S1196S S:Y1215Y	39	29791	0.001309	25130	25325
T23599G C23604G T23698C	S:N679K S:P681R S:I712I	39	29918	0.001304	23580	23715
T23507C C23525T T23599G C23604G	S:C649R S:H655Y S:N679K S:P681R	39	30363	0.001284	23487	23637
T23488C C23525T T23599G C23604G	Unknown S:H655Y S:N679K S:P681R	39	29889	0.001305	23487	23634
T23487C C23525T T23599G C23604G	Unknown S:H655Y S:N679K S:P681R	39	16574	0.002353	23486	23637
T23143-A	NA	39	4304	0.009061	23110	23156
G24933-T	NA	39	7733	0.005043	24911	24942
C25207T T25301C	S:Y1215Y S:C1247R	39	31237	0.001249	25122	25324
C24517-A C24672-A	NA NA	39	12043	0.003238	24486	24679
C23757T C23816-T C23854A	S:T732I NA S:N764K	39	16038	0.002432	23697	23873
C23525T T23584C T23599G C23604G	S:H655Y S:Y674Y S:N679K S:P681R	39	30449	0.001281	23487	23625
C23271T C23277T A23403G C23423T	S:A570V S:T572I S:D614G S:P621S	39	5887	0.006625	23269	23429
A24493T	S:L977F	39	40577	0.000961	24477	24679
A24424T C24503T	S:Q954H S:L981F	39	26103	0.001494	24412	24554
A24424T A24457G T24469A	S:Q954H S:Q965Q S:N969K	39	26342	0.001481	24416	24558
A24110-T C24119-A	NA NA	39	2703	0.014428	24021	24140
T23599G C23604G T23684C	S:N679K S:P681R S:S708P	38	30038	0.001265	23580	23724
T23521C C23525T T23599G C23604G	S:A653A S:H655Y S:N679K S:P681R	38	30440	0.001248	23487	23626
G25177+A C25207T	NA S:Y1215V	38	30615	0.001241	25170	25316
C25207T G25218+T C25262-T	S:Y1215Y NA NA	38	31420	0.001209	25130	25325
C23525T T23599G C23604G T23629C	S:H655Y S:N679K S:P681R S:S689S	38	30077	0.001263	23487	23640
C21618T C21622T T21632-TACCCCCTG C21711T A21764-TACATG	S:T19I S:T20T S:DEL25/27 S:S50L S:DEL69/70	38	4539	0.008372	21597	21802
C21618T C21622T G21624C T21632-TACCCCCTG C21711T C21736-T A21764-TACATG	S:T19I S:T20T S:R21T S:DEL25/27 S:S50L NA S:DEL69/70	38	4539	0.008372	21597	21802
A24424T T24469A A24539T	S:Q954H S:N969K S:I993F	38	25771	0.001475	24412	24564
A24424T A24539+T	S:Q954H NA	38	25771	0.001475	24412	24564
A23503G C23525T T23599G C23604G	S:A647A S:H655Y S:N679K S:P681R	38	30307	0.001254	23487	23624
T23581C T23599G C23604G	Unknown S:N679K S:P681R	37	61251	0.000604	23580	23639
T21940-G G21987A T21990-TTA T22032C C22033A	NA S:G142D S:DEL144 S:F157S S:F157S	37	7107	0.005206	21916	22054
G23522-A C23525T T23599G C23604G	NA S:H655Y S:N679K S:P681R	37	30447	0.001215	23487	23624
G22030-T	NA	37	10199	0.003628	22023	22048
G21987A T22032C C22033A A22034G	S:G142D S:F157S S:F157S S:R158G	37	8208	0.004508	21980	22058
C25207T T25312C	S:Y1215Y S:C1250C	37	31159	0.001187	25128	25320
C23525T A23586G T23599G C23604G	S:H655Y S:Q675R S:N679K S:P681R	37	30449	0.001215	23516	23641
A24424T T24469A A24525G	S:Q954H S:N969K S:E988G	37	25899	0.001429	24412	24554
A23592G T23599G C23604G	S:Q677R S:N679K S:P681R	37	61644	0.0006	23580	23632
A23588G T23599G C23604G	S:T676A S:N679K S:P681R	37	61583	0.000601	23580	23642
A23494G C23525T T23599G C23604G	S:Q644Q S:H655Y S:N679K S:P681R	37	30139	0.001228	23487	23641
T23599G C23604G G23678A	S:N679K S:P681R S:A706T	36	30098	0.001196	23580	23724
T23599G C23604G C23664T	S:N679K S:P681R S:A701V	36	30229	0.001191	23580	23717
T23582C T23599G C23604G	S:Y674H S:N679K S:P681R	36	61431	0.000586	23580	23624
T23489C C23525T T23599G C23604G	S:F643L S:H655Y S:N679K S:P681R	36	29977	0.001201	23486	23642
T23143-A G23222A C23271T	NA S:E554K S:A570V	36	3579	0.010059	23123	23275
T21940-G	NA	36	8381	0.004295	21850	21949
G23835-T C23854A	NA S:N764K	36	17395	0.00207	23792	23890
C25151+A C25207T	NA S:Y1215V	36	29809	0.001208	25144	25270
C23525T A23539G T23599G C23604G	S:H655Y S:S659S S:N679K S:P681R	36	30449	0.001182	23505	23624
A24424T A24551G	S:Q954H S:I997V	36	25633	0.001404	24412	24564
A22556G G22577C G22578A A22629C C22674T T22679C	S:I332V S:G339H S:G339H S:K356T S:S371F S:S373P	36	131	0.274809	22494	22684
T25161C C25207T	S:L1200P S:Y1215Y	35	30146	0.001161	25145	25325
T24643-A	NA	35	16343	0.002142	24612	24661
T23599G C23604G T23676C	S:N679K S:P681R S:V705A	35	30114	0.001162	23580	23724
C25207T G25302-T	S:Y1215Y NA	35	31235	0.001121	25201	25324
C24466+A	NA	35	36821	0.000951	24465	24495
C23525T T23599G C23604G T23622C	S:H655Y S:N679K S:P681R S:V687A	35	30414	0.001151	23498	23624
C23525T T23599G C23604G A23631G	S:H655Y S:N679K S:P681R S:Q690R	35	30021	0.001166	23487	23638
T23599G C23604G T23640C	S:N679K S:P681R S:I693T	34	60285	0.000564	23580	23700
T23599G C23604G G23612A	S:N679K S:P681R S:A684T	34	61678	0.000551	23580	23634
T23599G C23604G A23632G	S:N679K S:P681R S:Q690Q	34	61045	0.000557	23580	23642
T23491C C23525T T23599G C23604G	S:F643F S:H655Y S:N679K S:P681R	34	29993	0.001134	23487	23624
C25207T T25242C	S:Y1215Y S:I1227T	34	31519	0.001079	25193	25320
C24672-A A24803-T	NA NA	34	3074	0.011061	24612	24806
C24503-T	NA	34	40461	0.00084	24486	24513
C23757T A23848+T C23887-A	S:T732I NA NA	34	15492	0.002195	23683	23895
C23525T A23532G T23599G C23604G	S:H655Y S:N657S S:N679K S:P681R	34	30449	0.001117	23487	23639
C23525T A23531G T23599G C23604G	S:H655Y S:N657D S:N679K S:P681R	34	30449	0.001117	23488	23641
C23399+T C23423T C23525T	NA S:P621S S:H655S	34	12568	0.002705	23336	23539
A24424T T24472-G	S:Q954H NA	34	26290	0.001293	24413	24564
A24424T T24469A T24511C	S:Q954H S:N969K S:R983R	34	26032	0.001306	24412	24520
A24424T C24517+A	S:Q954H NA	34	25990	0.001308	24412	24564
T25152C C25207T	S:L1197P S:Y1215Y	33	29943	0.001102	25122	25325
T24643-A C24672-A	NA NA	33	16103	0.002049	24615	24679
T23599G T23602C C23604G	S:N679K S:S680S S:P681R	33	61720	0.000535	23580	23642
T23599G C23604G C23709-A	S:N679K S:P681R NA	33	29408	0.001122	23581	23724
T23596+A T23599G C23604G	NA S:N679* S:P681C	33	61708	0.000535	23580	23627
T22200A G22317T	S:V213E S:G252V	33	3550	0.009296	22194	22319
T22032C	S:F157S	33	10191	0.003238	22022	22043
T21940-G G21987A	NA S:G142D	33	7927	0.004163	21869	21991
G24971+T C24981-T C24990T C25000T	NA NA S:P1143I S:D1146S	33	5569	0.005926	24857	25019
G24510+T	NA	33	40508	0.000815	24481	24522
G23835-T C23887-A	NA NA	33	16814	0.001963	23767	23895
C23709+A	NA	33	49720	0.000664	23702	23722
C23525T T23599G C23604G C23609-G	S:H655Y S:N679K S:P681R NA	33	30439	0.001084	23487	23637
C23525T T23599G C23604G A23636G	S:H655Y S:N679K S:P681R S:I692V	33	29824	0.001106	23487	23642
C23525T A23572G T23599G C23604G	S:H655Y S:I670M S:N679K S:P681R	33	30449	0.001084	23487	23633
C23525T A23526G T23599G C23604G	S:H655C S:H655C S:N679K S:P681R	33	30449	0.001084	23493	23629
C23271T T23337-TG C23423T	S:A570V NA S:P621S	33	5887	0.005606	23269	23428
A24424T T24548-TGA	S:Q954H S:DEL997	33	25676	0.001285	24412	24564
A24424T T24469A C24503T	S:Q954H S:N969K S:L981F	33	26103	0.001264	24412	24554
A24424T T24469A C24503+T	S:Q954H S:N969K NA	33	26103	0.001264	24413	24533
A24424T G24533T	S:Q954H S:V991L	33	25828	0.001278	24412	24564
A23853-C	NA	33	17858	0.001848	23845	23864
A23524G C23525T T23599G C23604G	S:E654E S:H655Y S:N679K S:P681R	33	30447	0.001084	23505	23637
A23513G C23525T T23599G C23604G	S:I651V S:H655Y S:N679K S:P681R	33	30408	0.001085	23487	23624
A23400+G C23423T C23525T	NA S:P621S S:H655S	33	12579	0.002623	23351	23539
T25291C	S:C1243C	32	39303	0.000814	25285	25316
T25191-A C25207T G25218-T	NA S:Y1215Y NA	32	30766	0.00104	25130	25233
T23599G C23604G T23605C	S:N679K S:P681R S:P681R	32	61696	0.000519	23580	23613
T23599G C23604G A23720G	S:N679K S:P681R S:I720V	32	29103	0.0011	23580	23724
T23599G C23604G A23648G	S:N679K S:P681R S:T696A	32	30386	0.001053	23580	23700
T23599G C23604G A23623G	S:N679K S:P681R S:V687V	32	61576	0.00052	23581	23642
T22942G	S:N460K	32	569	0.056239	22937	22962
G23522-A C23525T	NA S:H655Y	32	45544	0.000703	23513	23538
G22104-A A22193-ATT T22200G C22208T C22295A	NA S:DEL212 S:V213G S:L216F S:H245N	32	3336	0.009592	22100	22313
C23525T C23533-A T23599G C23604G	S:H655Y NA S:N679K S:P681R	32	30449	0.001051	23494	23619
C22120-A A22193-ATT T22200G C22208T	NA S:DEL212 S:V213G S:L216F	32	3809	0.008401	22105	22218
A25188G C25207T	S:Y1209C S:Y1215Y	32	31116	0.001028	25133	25210
A25146G C25207T	S:E1195G S:Y1215Y	32	29689	0.001078	25135	25325
A24424T T24469A G24521+T	S:Q954H S:N969K NA	32	25944	0.001233	24412	24564
A24424T T24469A C24536-AA	S:Q954H S:N969K NA	32	25795	0.001241	24412	24563
A24424T T24469A A24516G	S:Q954H S:N969K S:D985G	32	26001	0.001231	24412	24564
A24424T C24431+A	S:Q954H NA	32	26679	0.001199	24416	24443
A23558-T T23599G C23604G	NA S:N679K S:P681R	32	30680	0.001043	23487	23641
A22193-ATT T22200G C22208T G22218-T C22295A	S:DEL212 S:V213G S:L216F NA S:H245N	32	3660	0.008743	22171	22305
T23599G C23604G T23686C	S:N679K S:P681R S:S708S	31	30018	0.001033	23580	23724
T23599G C23604G C23700T	S:N679K S:P681R S:A713V	31	29899	0.001037	23580	23724
T23599G C23604G C23643T	S:N679K S:P681R S:A694V	31	59652	0.00052	23580	23724
T22942A	S:N460K	31	569	0.054482	22938	22962
T21940-G T21990-TTA T22032C C22033A A22034G	NA S:DEL144 S:F157S S:F157S S:R158G	31	7106	0.004363	21875	22058
T21940-G A21979-T G21987A T21990-TTA T22032C C22033A A22034G	NA NA S:G142D S:DEL144 S:F157S S:F157S S:R158G	31	7106	0.004363	21848	22058
G23519A C23525T T23599G C23604G	S:A653T S:H655Y S:N679K S:P681R	31	30438	0.001018	23487	23637
G22927T T22942G	S:L455F S:N460K	31	487	0.063655	22918	22967
C25207T T25322C	S:Y1215Y S:C1254R	31	30894	0.001003	25122	25323
C25207T T25310C	S:Y1215Y S:C1250R	31	31170	0.000995	25124	25320
C25207T T25283C	S:Y1215Y S:C1241R	31	31343	0.000989	25190	25325
C23525T T23599G C23604G G23642A	S:H655Y S:N679K S:P681R Unknown	31	29203	0.001062	23487	23642
C23103-T	NA	31	4279	0.007245	23089	23118
C22000A	S:H146Q	31	10242	0.003027	21993	22045
C21711T	S:S50L	31	5550	0.005586	21706	21748
A24922+T C24981-T C24990T C25000T	NA NA S:P1143I S:D1146S	31	5497	0.005639	24850	25051
A24885-T C24981-T C24990T C25000T	NA NA S:P1143L S:D1146D	31	5439	0.0057	24874	25040
A24498+T	NA	31	40564	0.000764	24489	24508
A24424T T24469A G24533T	S:Q954H S:N969K S:V991L	31	25828	0.0012	24412	24564
A24424T C24536-A	S:Q954H NA	31	25795	0.001202	24412	24552
A23403G C23423T A23495+T C23525T	S:D614G S:P621S NA S:H655S	31	12580	0.002464	23345	23537
T25415-C	NA	30	6722	0.004463	25336	25449
T25191-A	NA	30	31864	0.000942	25138	25206
T24438+A	NA	30	27019	0.00111	24413	24466
T23599G C23604G G23675-T	S:N679K S:P681R NA	30	30122	0.000996	23580	23707
T23599G C23604G C23606T	S:N679K S:P681R S:R682W	30	61693	0.000486	23580	23642
T23590C T23599G C23604G	S:T676T S:N679K S:P681R	30	61604	0.000487	23580	23642
T23509C C23525T T23599G C23604G	S:C649C S:H655Y S:N679K S:P681R	30	30389	0.000987	23487	23641
T23337-TG	NA	30	21006	0.001428	23335	23349
T21990-TTA T22032C C22033A	S:DEL144 S:F157S S:F157S	30	8209	0.003655	21975	22043
G21987A T21990-TTA C22033A A22034G	S:G142D S:DEL144 S:F157L S:R158G	30	8208	0.003655	21966	22058
C25207T T25307C	S:Y1215Y S:S1249P	30	31212	0.000961	25190	25325
C25207T T25293C	S:Y1215Y S:L1244P	30	31290	0.000959	25190	25307
C25207T G25261A	S:Y1215Y S:M1233I	30	31423	0.000955	25139	25325
C25000T C25207T	S:D1146D S:Y1215Y	30	338	0.088757	24990	25210
C24852-A C24990T C25000T	NA S:P1143L S:D1146D	30	5316	0.005643	24850	25065
C23887A A23888C	S:D775E S:K776Q	30	17591	0.001705	23875	23894
C23757T C23816-T C23887-A	S:T732I NA NA	30	15492	0.001936	23693	23895
C23525T T23599G T23602C C23604G	S:H655Y S:N679K S:S680S S:P681R	30	30449	0.000985	23495	23637
C23099-T	NA	30	4271	0.007024	23096	23118
A24885-T C24990T C25000T	NA S:P1143L S:D1146D	30	5439	0.005516	24857	25030
A22294-C	NA	30	6882	0.004359	22269	22319
T24492-A C24502T	NA S:I980I	29	40279	0.00072	24486	24660
T24492+A	NA	29	40599	0.000714	24486	24503
T23599G C23604G C23657+T	S:N679K S:P681R NA	29	30281	0.000958	23580	23715
T23599G C23604G C23615T	S:N679K S:P681R S:R685C	29	61650	0.00047	23580	23642
T23599G C23604G A23636G	S:N679K S:P681R S:I692V	29	60819	0.000477	23580	23642
T21940-G A21979-T G21987A T21990-TTA C22000-A C22009-A T22032C C22033A A22034G	NA NA S:G142D S:DEL144 NA NA S:F157S S:F157S S:R158G	29	7106	0.004081	21848	22058
C25000T C25100-A	S:D1146D NA	29	373	0.077748	24990	25123
C23757T A23853-C	S:T732I NA	29	16054	0.001806	23745	23867
C23757T A23848+T	S:T732I NA	29	16163	0.001794	23683	23863
C23525T T23599G C23604G T23637C	S:H655Y S:N679K S:P681R S:I692T	29	29771	0.000974	23487	23642
C23525T T23599G C23604G T23605C	S:H655Y S:N679K S:P681R S:P681R	29	30442	0.000953	23492	23625
C23525T T23578C T23599G C23604G	S:H655Y S:A672A S:N679K S:P681R	29	30449	0.000952	23487	23624
C23525T T23569C T23599G C23604G	S:H655Y S:G669G S:N679K S:P681R	29	30449	0.000952	23492	23624
C23423T G23486-T C23525T	S:P621S NA S:H655Y	29	12817	0.002263	23342	23532
A25195G C25207T	S:K1211K S:Y1215Y	29	31534	0.00092	25141	25325
A24803-T	NA	29	5415	0.005355	24752	24806
A24424T T24448C	S:Q954H S:L962L	29	26534	0.001093	24412	24452
A23786-T C23854A	NA S:N764K	29	16734	0.001733	23751	23873
A23379G A23403G A23416G C23423T C23525T	S:N606S S:D614G S:T618T S:P621S S:H655Y	29	12320	0.002354	23355	23539
T24469A G24488-T	S:N969K NA	28	36695	0.000763	24465	24509
T23599G C23604G A23651G	S:N679K S:P681R S:M697V	28	30359	0.000922	23580	23715
T23392-C A23403G C23423T C23525T	NA S:D614G S:P621S S:H655Y	28	12481	0.002243	23385	23539
T23143-A T23164-A G23222A C23230-A C23271T	NA NA S:E554K NA S:A570V	28	3579	0.007823	23089	23274
G21987A T21990-TTA A21999-C	S:G142D S:DEL144 NA	28	8644	0.003239	21974	22054
C25207T T25260C	S:Y1215Y S:M1233T	28	31425	0.000891	25135	25325
C25207T T25221C	S:Y1215Y S:F1220S	28	31585	0.000886	25185	25323
C24672-A G24693-A	NA NA	28	3502	0.007995	24612	24706
C24378T	S:S939F	28	2076	0.013487	24371	24406
C23757T C23882+A C23887-A	S:T732I NA NA	28	15492	0.001807	23683	23895
C23604G T23637-C	S:P681R NA	28	60855	0.00046	23599	23642
C23525T T23563C T23599G C23604G	S:H655Y S:G667G S:N679K S:P681R	28	30449	0.00092	23487	23637
C22120-A	NA	28	4133	0.006775	22109	22133
C22109G T22200A	S:Q183E S:V213E	28	3765	0.007437	22105	22222
A25137-T	NA	28	30892	0.000906	25123	25147
A25125G C25207T G25261A	S:E1188G S:Y1215Y S:M1233I	28	27075	0.001034	25122	25323
A25125G C25207T	S:E1188G S:Y1215Y	28	27635	0.001013	25122	25319
A24922-T C24981-T C24990T C25000T	NA NA S:P1143L S:D1146D	28	5497	0.005094	24850	25020
A24424T T24469A T24552C	S:Q954H S:N969K S:I997T	28	25606	0.001093	24412	24564
A24424T T24469A A24508G	S:Q954H S:N969K S:S982S	28	26065	0.001074	24415	24561
A23497G C23525T T23599G C23604G	S:T645T S:H655Y S:N679K S:P681R	28	30157	0.000928	23488	23642
A22193-ATT C22295A	S:DEL212 S:H245N	28	3660	0.00765	22174	22319
T24658C	S:C1032C	27	16308	0.001656	24623	24667
T23599G C23604G G23666-A A23711-AT	S:N679K S:P681R NA NA	27	29331	0.000921	23580	23724
T23599G C23604G C23701T	S:N679K S:P681R S:A713A	27	29866	0.000904	23580	23724
T23599G C23604G A23691G	S:N679K S:P681R S:N710S	27	29981	0.000901	23580	23724
T23596C T23599G C23604G	S:T678T S:N679K S:P681R	27	61708	0.000438	23580	23624
T23584C T23599G C23604G	S:Y674Y S:N679K S:P681R	27	61485	0.000439	23580	23641
T23511+A C23525T	NA S:H655S	27	45456	0.000594	23489	23529
G24971+T C24990T C25000T	NA S:P1143I S:D1146S	27	5569	0.004848	24850	25069
G23835-T	NA	27	17781	0.001518	23832	23853
C25207T T25309C	S:Y1215Y S:S1249S	27	31176	0.000866	25195	25325
C25207T T25265C	S:Y1215Y S:C1235R	27	31402	0.00086	25190	25316
C25207T G25320A	S:Y1215Y S:C1253Y	27	31017	0.00087	25187	25324
C25207T C25282T	S:Y1215Y S:C1240C	27	31353	0.000861	25190	25325
C24435-T	NA	27	27011	0.001	24428	24455
C24320-A	NA	27	3768	0.007166	24272	24332
C24119-A G24140-T	NA NA	27	2812	0.009602	24105	24175
C23271T C23277T C23334-T A23403G C23423T	S:A570V S:T572I NA S:D614G S:P621S	27	5887	0.004586	23269	23443
C23103-T G23222A C23271T	NA S:E554K S:A570V	27	3510	0.007692	23089	23290
A25190G C25207T	S:I1210V S:Y1215Y	27	31217	0.000865	25129	25253
A24424T T24469A T24548C	S:Q954H S:N969K S:L996L	27	25676	0.001052	24412	24564
A24424T T24469A T24529C	S:Q954H S:N969K S:A989A	27	25866	0.001044	24412	24564
T25189C C25207T	S:Y1209Y S:Y1215Y	26	31169	0.000834	25130	25285
T24417C A24424T T24469A	S:V952A S:Q954H S:N969K	26	26266	0.00099	24412	24564
T23599G C23604G T23677C	S:N679K S:P681R S:V705V	26	30107	0.000864	23581	23724
T23599G C23604G T23637C	S:N679K S:P681R S:I692T	26	60749	0.000428	23580	23642
T23599G C23604G C23630-A	S:N679K S:P681R NA	26	61151	0.000425	23580	23642
T23599G C23604G A23688G	S:N679K S:P681R S:N709S	26	30005	0.000867	23580	23700
T23511+A	NA	26	45827	0.000567	23487	23520
T21940-G A21979-T G21987A T21990-TTA C22000-A T22032C C22033A A22034G	NA NA S:G142D S:DEL144 NA S:F157S S:F157S S:R158G	26	7106	0.003659	21848	22058
G25173-A T25191-A C25207T C25262-T	NA NA S:Y1215Y NA	26	29783	0.000873	25122	25289
G24488-T C24672-A	NA NA	26	11746	0.002214	24486	24679
G23593C T23599G	S:Q677H S:N679K	26	61713	0.000421	23580	23614
G23593C C23604G	S:Q677H S:P681R	26	61656	0.000422	23580	23708
G22813T T22882G	S:K417N S:N440K	26	367	0.070845	22801	22889
G21941T C21978A G21987A T21990-TTA T22032C C22033A A22034G	S:V127F S:P139Q S:G142D S:DEL144 S:F157S S:F157S S:R158G	26	7107	0.003658	21847	22058
C25214+G	NA	26	32799	0.000793	25207	25325
C25207T T25304C	S:Y1215Y S:C1248R	26	31229	0.000833	25130	25324
C23525T T23599G C23604G C23609T	S:H655Y S:N679K S:P681R S:R683W	26	30439	0.000854	23487	23641
C23525T T23599G C23604G A23618G	S:H655Y S:N679K S:P681R S:S686G	26	30425	0.000855	23487	23629
C23271T T23337-TG A23403G C23423T	S:A570V NA S:D614G S:P621S	26	5887	0.004417	23269	23435
C23188+T	NA	26	4157	0.006255	23089	23197
C21978A G21987A T21990-TTA T22032C C22033A A22034G	S:P139Q S:G142D S:DEL144 S:F157S S:F157S S:R158G	26	8203	0.00317	21960	22058
A25472-T	NA	26	6118	0.00425	25381	25477
A25274G	S:T1238A	26	38944	0.000668	25260	25325
A24885+T C24981-T C24990T C25000T	NA NA S:P1143I S:D1146S	26	5439	0.00478	24857	25017
A24518G	S:K986E	26	40451	0.000643	24504	24564
A24424T T24469A T24504C	S:Q954H S:N969K S:L981P	26	26103	0.000996	24412	24564
A23495G C23525T T23599G C23604G	S:T645A S:H655Y S:N679K S:P681R	26	30144	0.000863	23487	23642
T24656C	S:C1032R	25	16317	0.001532	24612	24679
T24643+A	NA	25	16343	0.00153	24612	24679
T24470-TTG	S:DEL971	25	37022	0.000675	24465	24564
T24469A A24560G	S:N969K S:R1000G	25	35325	0.000708	24465	24564
T24267-G C24378T A24424T	NA S:S939F S:Q954H	25	1456	0.01717	24248	24424
T23599G C23604G T23622C	S:N679K S:P681R S:V687A	25	61592	0.000406	23582	23642
T23599G C23604G A23614G	S:N679K S:P681R S:A684A	25	61661	0.000405	23581	23642
T23344C A23403G C23423T C23525T	S:G594G S:D614G S:P621S S:H655Y	25	11892	0.002102	23335	23532
T23337-TG C23423T	NA S:P621S	25	19386	0.00129	23335	23426
T23164-A G23222A C23271T	NA S:E554K S:A570V	25	3630	0.006887	23090	23290
T21610C C21618T C21622T G21624C T21632-TACCCCCTG C21711T A21764-TACATG	S:V16V S:T19I S:T20T S:R21T S:DEL25/27 S:S50L S:DEL69/70	25	4538	0.005509	21597	21802
G23508+T C23525T T23599G C23604G	NA S:H655S S:N679* S:P681C	25	30370	0.000823	23487	23641
G23384-T A23403G C23423T C23525T	NA S:D614G S:P621S S:H655Y	25	12384	0.002019	23335	23531
C25207T T25306C	S:Y1215Y S:C1248C	25	31219	0.000801	25201	25325
C25207T T25264C	S:Y1215Y S:L1234L	25	31406	0.000796	25190	25316
C25207T T25228C	S:Y1215Y S:A1222A	25	31551	0.000792	25199	25325
C25207T T25215C	S:Y1215Y S:L1218P	25	31603	0.000791	25164	25325
C25207T C25262-TT	S:Y1215Y NA	25	31420	0.000796	25122	25284
C25200T C25207T	S:P1213L S:Y1215Y	25	31877	0.000784	25181	25325
C24422-A A24425T	NA S:N955Y	25	28637	0.000873	24412	24435
C23525T T23599G C23604G T23626C	S:H655Y S:N679K S:P681R S:A688A	25	30111	0.00083	23487	23642
C23525T T23599G C23604G G23610A	S:H655Y S:N679K S:P681R S:R683Q	25	30436	0.000821	23487	23624
C23525T T23599G C23604G A23614G	S:H655Y S:N679K S:P681R S:A684A	25	30433	0.000821	23490	23630
C23525T T23573C T23599G C23604G	S:H655Y S:C671R S:N679K S:P681R	25	30449	0.000821	23505	23624
C23525T A23570G T23599G C23604G	S:H655Y S:I670V S:N679K S:P681R	25	30449	0.000821	23492	23624
C23271T T23338C A23403G C23423T	S:A570V S:F592F S:D614G S:P621S	25	5887	0.004247	23269	23442
C22000A C22033A	S:H146Q S:F157L	25	9800	0.002551	21996	22058
A25201G C25207T	S:P1213P S:Y1215Y	25	31958	0.000782	25179	25325
A24545G	S:R995G	25	39849	0.000627	24486	24564
A24424T T24469A T24514C	S:Q954H S:N969K S:L984L	25	26018	0.000961	24412	24564
A23597G T23599G C23604G	S:N679E S:N679E S:P681R	25	61708	0.000405	23580	23642
A21875-T T21940-G G21987A T21990-TTA T22032C C22033A A22034G	NA NA S:G142D S:DEL144 S:F157S S:F157S S:R158G	25	6817	0.003667	21847	22043
A21875-T	NA	25	8355	0.002992	21867	21887
T25312C	S:C1250C	24	39865	0.000602	25252	25325
T25171-G C25207T	NA S:Y1215Y	24	30430	0.000789	25154	25325
T23689-A	NA	24	49832	0.000482	23683	23702
T23599G C23604G T23703C	S:N679K S:P681R S:I714T	24	29624	0.00081	23580	23706
T23599G C23604G T23697C	S:N679K S:P681R S:I712T	24	29927	0.000802	23580	23724
T23599G C23604G G23699A	S:N679K S:P681R S:A713T	24	29905	0.000803	23590	23700
T23599G C23604G C23679T	S:N679K S:P681R S:A706V	24	30086	0.000798	23581	23705
T23599G C23604G A23670G	S:N679K S:P681R S:N703S	24	30171	0.000795	23580	23717
T23599G C23604A G23666-A	S:N679K S:P681H NA	24	30204	0.000795	23581	23689
T23143-A T23164-A G23222A C23271T	NA NA S:E554K S:A570V	24	3579	0.006706	23102	23290
G21941T A21979-T G21987A T21990-TTA T22032C C22033A A22034G	S:V127F NA S:G142D S:DEL144 S:F157S S:F157S S:R158G	24	7107	0.003377	21928	22058
C25207T T25303C	S:Y1215Y S:C1247C	24	31233	0.000768	25141	25325
C25207T A25315G	S:Y1215Y S:G1251G	24	31144	0.000771	25199	25325
C25207T A25247G	S:Y1215Y S:M1229V	24	31501	0.000762	25201	25325
C25207T A25241G	S:Y1215Y S:I1227V	24	31521	0.000761	25197	25310
C25199T C25207T	S:P1213S S:Y1215Y	24	31716	0.000757	25154	25323
C23525T T23599G C23604G T23617C	S:H655Y S:N679K S:P681R S:R685R	24	30425	0.000789	23487	23637
C23525T T23599G C23604G G23624A	S:H655Y S:N679K S:P681R S:A688T	24	30399	0.000789	23490	23637
C23525T T23599G C23604G C23606T	S:H655Y S:N679K S:P681R S:R682W	24	30441	0.000788	23487	23641
C23525T G23549A T23599G C23604G	S:H655Y S:D663N S:N679K S:P681R	24	30449	0.000788	23487	23637
C23525T A23541G T23599G C23604G	S:H655Y S:Y660C S:N679K S:P681R	24	30449	0.000788	23487	23642
C23393T A23403G C23423T C23525T	S:L611F S:D614G S:P621S S:H655Y	24	12488	0.001922	23388	23532
C21622T G21624C T21632-TACCCCCTG C21711T A21764-TACATG	S:T20T S:R21T S:DEL25/27 S:S50L S:DEL69/70	24	4539	0.005288	21597	21802
A25472+T	NA	24	6118	0.003923	25372	25477
A25253G	S:T1231A	24	38144	0.000629	25251	25323
A25182G C25207T	S:E1207G S:Y1215Y	24	30900	0.000777	25156	25325
A25176G C25207T	S:K1205R S:Y1215Y	24	30592	0.000785	25122	25307
A24675G	S:K1038R	24	16166	0.001485	24612	24679
A24560G	S:R1000G	24	39530	0.000607	24552	24564
A24424T T24451+A	S:Q954H NA	24	26510	0.000905	24417	24462
A24424T A24441G T24469A	S:Q954H S:N960S S:N969K	24	26342	0.000911	24412	24544
T24499+A	NA	23	40571	0.000567	24486	24515
T23693+A	NA	23	49906	0.000461	23683	23724
T23599G C23604G T23672C	S:N679K S:P681R S:S704P	23	30145	0.000763	23580	23724
T23599G C23604G T23629C	S:N679K S:P681R S:S689S	23	61162	0.000376	23580	23642
T23599G C23604G A23690G	S:N679K S:P681R S:N710D	23	29995	0.000767	23580	23700
T23599G C23604G A23674G	S:N679K S:P681R S:S704S	23	30128	0.000763	23580	23705
G22104-A C22120-A	NA NA	23	4032	0.005704	22100	22137
C25207T A25208-T	S:Y1215Y NA	23	32106	0.000716	25192	25324
C24672-A A24684-T G24693-A	NA NA NA	23	3502	0.006568	24615	24704
C24422-A T24469A	NA S:N969K	23	26327	0.000874	24412	24511
C23757T T23817C C23854A	S:T732I S:L752P S:N764K	23	16038	0.001434	23750	23891
C23757T C23882+A	S:T732I NA	23	15654	0.001469	23683	23895
C23757T C23816-T	S:T732I NA	23	16645	0.001382	23714	23839
C23525T T23599G C23604G C23613T	S:H655Y S:N679K S:P681R S:A684V	23	30434	0.000756	23487	23642
C23525T T23553C T23599G C23604G	S:H655Y S:I664T S:N679K S:P681R	23	30449	0.000755	23487	23642
C23525T T23540C T23599G C23604G	S:H655Y S:Y660H S:N679K S:P681R	23	30449	0.000755	23487	23642
C23525T A23583G T23599G C23604G	S:H655Y S:Y674C S:N679K S:P681R	23	30449	0.000755	23487	23642
C23423T A23495+T C23525T	S:P621S NA S:H655S	23	12817	0.001794	23345	23532
C22353A	S:A264D	23	654	0.035168	22340	22370
C21618T C21622T G21624C C21711T A21764-TACATG	S:T19I S:T20T S:R21T S:S50L S:DEL69/70	23	4539	0.005067	21597	21802
A24673G	S:S1037S	23	16122	0.001427	24612	24679
A24580G	S:T1006T	23	12702	0.001811	24486	24676
A24424T T24475C	S:Q954H S:G971G	23	26276	0.000875	24413	24564
A24424T T24469A T24475C	S:Q954H S:N969K S:G971G	23	26276	0.000875	24412	24562
A24424T T24469A A24518G	S:Q954H S:N969K S:K986E	23	25982	0.000885	24412	24564
A24424T T24459C T24469A	S:Q954H S:L966P S:N969K	23	26342	0.000873	24412	24563
A24424T C24435+T	S:Q954H NA	23	26651	0.000863	24412	24459
A24424T A24539T	S:Q954H S:I993F	23	25771	0.000892	24412	24564
A23712-T	NA	23	49611	0.000464	23690	23723
A23712+T C23757T C23887-A	NA S:T732V NA	23	15047	0.001529	23705	23895
A23403G T23434-C C23525T	S:D614G NA S:H655Y	23	12580	0.001828	23388	23529
T24469A T24492-A C24502T	S:N969K NA S:I980I	22	36472	0.000603	24465	24679
T23599G C23604G T23680C	S:N679K S:P681R S:A706A	22	30064	0.000732	23580	23724
T23599G C23604G G23610A	S:N679K S:P681R S:R683Q	22	61680	0.000357	23580	23642
T23599G C23604G C23609T	S:N679K S:P681R S:R683W	22	61691	0.000357	23580	23724
T23599G C23604G C23609+G	S:N679K S:P681R NA	22	61691	0.000357	23580	23638
T23599G C23604A A23723G	S:N679K S:P681H Unknown	22	29068	0.000757	23580	23724
T23500C C23525T T23599G C23604G	S:R646R S:H655Y S:N679K S:P681R	22	30211	0.000728	23487	23624
T23198C	S:L546L	22	4098	0.005368	23153	23242
T21940-G G21987A T21990-TTA C22033A A22034G	NA S:G142D S:DEL144 S:F157L S:R158G	22	7106	0.003096	21847	22058
G25135+A	NA	22	30725	0.000716	25130	25148
G23499A C23525T T23599G C23604G	S:R646H S:H655Y S:N679K S:P681R	22	30180	0.000729	23487	23642
G23222A C23271T C23277T	S:E554K S:A570V S:T572I	22	3850	0.005714	23112	23290
G21941T G21987A T22032C C22033A A22034G	S:V127F S:G142D S:F157S S:F157S S:R158G	22	7107	0.003096	21908	22058
C25207T T25233C	S:Y1215Y S:L1224S	22	31545	0.000697	25149	25325
C25207T A25208-T C25262-T	S:Y1215Y NA NA	22	31420	0.0007	25122	25325
C24422-A	NA	22	28776	0.000765	24412	24424
C23757T A23805G C23854A	S:T732I S:E748G S:N764K	22	16038	0.001372	23699	23891
C23525T G23528A T23599G C23604G	S:H655Y S:V656I S:N679K S:P681R	22	30449	0.000723	23497	23624
C23525T A23598G T23599G C23604G	S:H655Y S:N679R S:N679R S:P681R	22	30449	0.000723	23487	23624
C23525T A23558G T23599G C23604G	S:H655Y S:I666V S:N679K S:P681R	22	30449	0.000723	23487	23634
A25137+T C25207T C25262-T	NA S:Y1215V NA	22	28556	0.00077	25122	25324
A25133G C25207T	S:K1191E S:Y1215Y	22	28948	0.00076	25122	25317
A24424T T24514C	S:Q954H S:L984L	22	26018	0.000846	24412	24531
A24424T T24469A T24482C	S:Q954H S:N969K S:S974P	22	26240	0.000838	24412	24564
A24424T T24469A T24480C	S:Q954H S:N969K S:I973T	22	26251	0.000838	24412	24564
A24424T T24464C T24469A	S:Q954H S:S968P S:N969K	22	26342	0.000835	24412	24564
A24424T A24432G T24469A	S:Q954H S:Q957R S:N969K	22	26342	0.000835	24412	24564
A24110-T C24150+T	NA NA	22	2573	0.00855	24021	24191
A23853G C23854A	S:N764R S:N764R	22	17841	0.001233	23683	23881
A23403G C23423T T23507C C23525T	S:D614G S:P621S S:C649R S:H655Y	22	12580	0.001749	23335	23539
A23403G C23423T C23525T T23527C	S:D614G S:P621S S:H655Y S:H655Y	22	12558	0.001752	23335	23539
T25171C C25207T	S:L1203L S:Y1215Y	21	30430	0.00069	25134	25226
T23599G C23604G T23671C	S:N679K S:P681R S:N703N	21	30158	0.000696	23580	23724
T23599G C23604G T23637-C	S:N679K S:P681R NA	21	60749	0.000346	23588	23642
T23599G C23604G A23639G	S:N679K S:P681R S:I693V	21	60341	0.000348	23580	23650
T21990-TTA	S:DEL144	21	9004	0.002332	21970	22007
G25364-T	NA	21	4046	0.00519	25336	25372
G24570A	S:S1003N	21	12736	0.001649	24493	24679
G24486+T T24499+TA	NA NA	21	40125	0.000523	24474	24509
G23699+A	NA	21	50011	0.00042	23686	23717
G23517A C23525T T23599G C23604G	S:G652E S:H655Y S:N679K S:P681R	21	30433	0.00069	23487	23642
C25207T T25237C	S:Y1215Y S:I1225I	21	31534	0.000666	25169	25316
C25207T T25232C	S:Y1215Y S:L1224L	21	31546	0.000666	25186	25324
C25207T A25246G	S:Y1215Y S:V1228V	21	31505	0.000667	25122	25324
C23757T T23794C C23854A	S:T732I S:G744G S:N764K	21	16038	0.001309	23683	23895
C23757T G23835+T	S:T732I NA	21	16417	0.001279	23699	23873
C23525T C23565T T23599G C23604G	S:H655Y S:A668V S:N679K S:P681R	21	30449	0.00069	23492	23637
C23525T A23534G T23599G C23604G	S:H655Y S:N658D S:N679K S:P681R	21	30449	0.00069	23487	23629
C23502T C23525T T23599G C23604G	S:A647V S:H655Y S:N679K S:P681R	21	30291	0.000693	23487	23624
C23496T C23525T T23599G C23604G	S:T645I S:H655Y S:N679K S:P681R	21	30147	0.000697	23487	23642
C23271T C23334-T A23400+G C23423T	S:A570V NA NA S:P621S	21	5887	0.003567	23269	23429
A25256G	S:I1232V	21	38210	0.00055	25228	25325
A24885-T	NA	21	7966	0.002636	24850	24897
A24424T T24492+A	S:Q954H NA	21	26178	0.000802	24412	24526
A24424T T24469A A24485G	S:Q954H S:N969K S:S975G	21	26213	0.000801	24412	24564
A24424T A24454G T24469A	S:Q954H S:K964K S:N969K	21	26342	0.000797	24412	24564
A23403G C23423T C23525T T23529C	S:D614G S:P621S S:H655Y S:V656A	21	12558	0.001672	23335	23539
A23403G C23423T C23525T A23531G	S:D614G S:P621S S:H655Y Unknown	21	12522	0.001677	23335	23532
A22034+G	NA	21	10160	0.002067	22022	22054
A21865T	S:I101I	21	8284	0.002535	21847	21983
T25263C	S:L1234P	20	38486	0.00052	25258	25325
T25202C C25207T	S:W1214R S:Y1215Y	20	32021	0.000625	25130	25324
T24480C	S:I973T	20	40016	0.0005	24476	24564
T23703-A	NA	20	49901	0.000401	23683	23716
T23599G C23673T	S:N679K S:S704L	20	30138	0.000664	23582	23700
T23599G C23604G T23681C	S:N679K S:P681R S:Y707H	20	30060	0.000665	23580	23724
T23599G C23604G T23659C	S:N679K S:P681R S:L699L	20	30265	0.000661	23580	23724
T23599G C23604G T23622-A	S:N679K S:P681R NA	20	61592	0.000325	23580	23724
T23599G C23604G G23608A	S:N679K S:P681R S:R682R	20	61693	0.000324	23580	23642
T23599G C23604G A23667G	S:N679K S:P681R S:E702G	20	30194	0.000662	23580	23724
T23599G C23604G A23627G	S:N679K S:P681R S:S689G	20	61196	0.000327	23580	23642
T23599G C23604G A23618G	S:N679K S:P681R S:S686G	20	61622	0.000325	23580	23637
T21940-G G21987A T22032C C22033A A22034G	NA S:G142D S:F157S S:F157S S:R158G	20	7106	0.002815	21865	22058
T21609+CATGCCGCTGTT C21618T C21622T G21624C T21632-TACCCCCTG C21660-ACG C21711T A21764-TACATG	S:INS17HAAV S:T19F S:T20F S:R21T S:DEL25/27 S:DEL34 S:S50L S:DEL69/70	20	4538	0.004407	21597	21802
G23518A C23525T T23599G C23604G	S:G652G S:H655Y S:N679K S:P681R	20	30435	0.000657	23487	23637
G23505A C23525T T23599G C23604G	S:G648D S:H655Y S:N679K S:P681R	20	30317	0.00066	23487	23634
G23222A C23230-A C23271T	S:E554K NA S:A570V	20	3885	0.005148	23089	23274
G22813T T22882G G22895C T22896C G22898A	S:K417N S:N440K S:V445P S:V445P S:G446S	20	282	0.070922	22793	22906
G22813T	S:K417N	20	502	0.039841	22793	22834
G21987A T21990-TTA A21999-C C22033A	S:G142D S:DEL144 NA S:F157L	20	8209	0.002436	21970	22043
C25378-A	NA	20	7101	0.002817	25317	25477
C25207T T25289C	S:Y1215Y S:C1243R	20	31312	0.000639	25198	25325
C25207T T25285C	S:Y1215Y S:C1241C	20	31335	0.000638	25122	25320
C25207T T25251C	S:Y1215Y S:V1230A	20	31476	0.000635	25142	25325
C25207T T25220C	S:Y1215Y S:F1220L	20	31586	0.000633	25145	25320
C25207T G25311A	S:Y1215Y S:C1250Y	20	31163	0.000642	25199	25325
C24878-A	NA	20	8006	0.002498	24850	24891
C23757T G23835-T C23854A C23887-A	S:T732I NA S:N764K NA	20	15492	0.001291	23699	23895
C23757T C23854A T23875C	S:T732I S:N764K S:A771A	20	15716	0.001273	23726	23895
C23525T T23599G C23604G G23608A	S:H655Y S:N679K S:P681R S:R682R	20	30441	0.000657	23487	23624
C23525T G23564A T23599G C23604G	S:H655Y S:A668T S:N679K S:P681R	20	30449	0.000657	23487	23623
A25185G C25207T	S:Q1208R S:Y1215Y	20	30999	0.000645	25179	25325
A25165G C25207T	S:Q1201Q S:Y1215Y	20	30256	0.000661	25130	25214
A24652G	S:S1030S	20	16321	0.001225	24618	24676
A24424T T24469A T24489C	S:Q954H S:N969K S:V976A	20	26189	0.000764	24413	24490
A24424T T24469A T24487C	S:Q954H S:N969K S:S975S	20	26202	0.000763	24416	24564
A24424T T24469A C24517+A	S:Q954H S:N969K NA	20	25990	0.00077	24412	24564
A24424T A24508G	S:Q954H S:S982S	20	26065	0.000767	24412	24564
A24420G A24424T	S:N953S S:Q954H	20	28721	0.000696	24412	24556
A23598+G C23604G	NA S:P681C	20	61709	0.000324	23581	23616
A23403G C23423T T23473C C23525T	S:D614G S:P621S S:S637S S:H655Y	20	12580	0.00159	23342	23539
A23362+C	NA	20	21485	0.000931	23340	23370
T25140+A	NA	19	30986	0.000613	25127	25151
T24544+A	NA	19	39869	0.000477	24500	24560
T24469A C24536-AA	S:N969K NA	19	35833	0.00053	24465	24564
T24469A A24551G	S:N969K S:I997V	19	35578	0.000534	24465	24564
T23599G C23604G G23642A	S:N679K S:P681R S:A694T	19	60102	0.000316	23583	23642
T23599G C23604G C23709+A	S:N679K S:P681R NA	19	29408	0.000646	23580	23724
T23599G C23604G C23613T	S:N679K S:P681R S:A684V	19	61672	0.000308	23581	23622
T23392-C A23403G C23525T	NA S:D614G S:H655Y	19	12481	0.001522	23377	23532
T23346C A23403G C23423T C23525T	S:V595A S:D614G S:P621S S:H655Y	19	11948	0.00159	23335	23535
G25340-A	NA	19	4163	0.004564	25251	25349
G24486+T G24510+T	NA NA	19	39854	0.000477	24474	24519
G22104-A C22120-A A22193-ATT T22200G C22208T G22218-T C22295A	NA NA S:DEL212 S:V213G S:L216F NA S:H245N	19	3336	0.005695	22100	22310
C25207T T25319C	S:Y1215Y S:C1253R	19	31030	0.000612	25131	25325
C25207T T25248C	S:Y1215Y S:M1229T	19	31497	0.000603	25177	25324
C25207T A25271G	S:Y1215Y S:M1237V	19	31370	0.000606	25172	25325
C25207T A25256+T C25262-T	S:Y1215Y NA NA	19	31420	0.000605	25124	25325
C24981-T	NA	19	5718	0.003323	24887	24996
C24483+A	NA	19	40269	0.000472	24476	24499
C23673T	S:S704L	19	32529	0.000584	23666	23724
C23604A C23673T	S:P681H S:S704L	19	30211	0.000629	23580	23723
C23525T T23599G C23604G T23633C	S:H655Y S:N679K S:P681R S:S691P	19	29984	0.000634	23487	23642
C23525T T23599G C23604G A23632G	S:H655Y S:N679K S:P681R S:Q690Q	19	29998	0.000633	23505	23637
C23525T T23599G C23604G A23627G	S:H655Y S:N679K S:P681R S:S689G	19	30091	0.000631	23487	23642
C23525T G23593A T23599G C23604G	S:H655Y S:Q677Q S:N679K S:P681R	19	30449	0.000624	23487	23637
C23525T C23556T T23599G C23604G	S:H655Y S:P665L S:N679K S:P681R	19	30449	0.000624	23493	23624
A25295G	S:K1245E	19	39428	0.000482	25279	25323
A25164G C25207T	S:Q1201R S:Y1215Y	19	30219	0.000629	25128	25325
A25137+T	NA	19	30892	0.000615	25123	25149
A24424T T24548C	S:Q954H S:L996L	19	25676	0.00074	24412	24564
A24424T T24469A A24498G	S:Q954H S:N969K S:D979G	19	26140	0.000727	24415	24564
A24424T T24450C T24469A	S:Q954H S:V963A S:N969K	19	26342	0.000721	24412	24564
A24424T C24455+A	S:Q954H NA	19	26485	0.000717	24415	24468
A24253-T A24324-AT	NA NA	19	3251	0.005844	24229	24335
A23704+C	NA	19	49895	0.000381	23687	23716
A23579G T23599G C23604A	S:S673G S:N679K S:P681H	19	30873	0.000615	23525	23636
A23368G T23392-C A23403G C23525T	S:T602T NA S:D614G S:H655Y	19	12202	0.001557	23351	23531
A22193-ATT C22208T C22295A	S:DEL212 S:L216F S:H245N	19	3660	0.005191	22180	22319
A21875-T T21940-G A21979-T G21987A T21990-TTA C22000-A C22009-A T22032C C22033A A22034G	NA NA NA S:G142D S:DEL144 NA NA S:F157S S:F157S S:R158G	19	6817	0.002787	21847	22058
T25319C	S:C1253R	18	39792	0.000452	25284	25325
T24499C	S:D979D	18	40571	0.000444	24488	24564
T24489G	S:V976G	18	40547	0.000444	24479	24499
T24469A A24516G	S:N969K S:D985G	18	36291	0.000496	24465	24564
T24451+A	NA	18	26983	0.000667	24412	24462
T23850+A C23887-A	NA NA	18	17191	0.001047	23768	23895
T23850+A	NA	18	17867	0.001007	23770	23889
T23599G G23666-A	S:N679K NA	18	30204	0.000596	23580	23704
T23599G C23604G T23633C	S:N679K S:P681R S:S691P	18	61019	0.000295	23580	23663
T23599G C23604G C23635T	S:N679K S:P681R S:S691S	18	60921	0.000295	23580	23642
T23389C A23403G C23423T C23525T	S:A609A S:D614G S:P621S S:H655Y	18	12449	0.001446	23335	23535
T22223A C22295A	S:S221T S:H245N	18	4898	0.003675	22218	22319
G25305-T	NA	18	39719	0.000453	25295	25324
G25173-A C25207T C25262-T	NA S:Y1215Y NA	18	29783	0.000604	25122	25325
G24690+T	NA	18	3859	0.004664	24626	24698
G24611+A	NA	18	12521	0.001438	24497	24647
G23516A C23525T T23599G C23604A	S:G652R S:H655Y S:N679K S:P681H	18	30425	0.000592	23488	23641
G21987A T21990-TTA C22000A C22033A	S:G142D S:DEL144 S:H146Q S:F157L	18	8209	0.002193	21973	22058
C25276-A	NA	18	38989	0.000462	25268	25325
C25207T T25280C	S:Y1215Y S:C1240R	18	31355	0.000574	25186	25325
C25207T T25209C	S:Y1215Y S:I1216T	18	32104	0.000561	25176	25325
C25207T C25262-T T25291C	S:Y1215Y NA S:C1243C	18	31303	0.000575	25122	25320
C25207T C25214T	S:Y1215Y S:L1218L	18	31608	0.000569	25172	25325
C25207T A25208-T G25218-T C25262-T	S:Y1215Y NA NA NA	18	31420	0.000573	25122	25292
C24734T	S:H1058Y	18	5343	0.003369	24724	24788
C24503+T	NA	18	40461	0.000445	24465	24564
C23854A C23887A A23888C	S:N764K S:D775E S:K776Q	18	17222	0.001045	23850	23894
C23846A C23854A	S:Q762K S:N764K	18	17683	0.001018	23786	23895
C23525T T23599G C23604G C23630-A	S:H655Y S:N679K S:P681R NA	18	30070	0.000599	23488	23642
C23525T T23599G C23604G A23623G	S:H655Y S:N679K S:P681R S:V687V	18	30411	0.000592	23487	23642
C23492-A C23525T T23599G C23604G	NA S:H655Y S:N679K S:P681R	18	30005	0.0006	23488	23642
C23492-A	NA	18	45384	0.000397	23488	23505
C23492+A C23525T T23599G C23604G	NA S:H655S S:N679* S:P681C	18	30005	0.0006	23486	23624
C21781-A	NA	18	5685	0.003166	21774	21802
A25174G C25207T	S:G1204G S:Y1215Y	18	30534	0.00059	25122	25324
A25158G C25207T	S:D1199G S:Y1215Y	18	30093	0.000598	25143	25325
A25154G	S:I1198V	18	31504	0.000571	25126	25165
A24922-T	NA	18	7791	0.00231	24893	24932
A24677G	S:R1039G	18	16132	0.001116	24612	24679
A24539-T	NA	18	39928	0.000451	24473	24564
A24539+T	NA	18	39928	0.000451	24470	24548
A24424T T24534C	S:Q954H S:V991A	18	25819	0.000697	24412	24564
A24424T T24511C	S:Q954H S:R983R	18	26032	0.000691	24412	24564
A24424T T24469A T24544C	S:Q954H S:N969K S:D994D	18	25735	0.000699	24412	24564
A24424T T24469A C24517-A	S:Q954H S:N969K NA	18	25990	0.000693	24412	24564
A24424T T24469A A24532G	S:Q954H S:N969K S:E990E	18	25842	0.000697	24412	24564
A24424T T24469A A24520G	S:Q954H S:N969K S:K986K	18	25970	0.000693	24412	24554
A24424T T24448C T24469A	S:Q954H S:L962L S:N969K	18	26342	0.000683	24415	24564
A24424T T24438+A T24469A	S:Q954H NA S:N969Q	18	26342	0.000683	24412	24564
A24424T C24435-T T24469A	S:Q954H NA S:N969K	18	26342	0.000683	24412	24509
A24424T C24435+T T24469A	S:Q954H NA S:N969Q	18	26342	0.000683	24412	24564
A24118G	S:A852A	18	2921	0.006162	24021	24180
A23720-T	NA	18	49308	0.000365	23703	23724
A23403G C23423T T23521C C23525T	S:D614G S:P621S S:A653A S:H655Y	18	12580	0.001431	23355	23531
A23403G C23423T A23440G C23525T	S:D614G S:P621S S:A626A S:H655Y	18	12580	0.001431	23345	23532
T25322C	S:C1254R	17	39644	0.000429	25254	25325
T25283C	S:C1241R	17	39135	0.000434	25265	25325
T25191-A G25218-T C25262-T	NA NA NA	17	30595	0.000556	25122	25324
T24489C	S:V976A	17	40547	0.000419	24480	24564
T24436C T24469A	S:A958A S:N969K	17	26704	0.000637	24428	24564
T24414C A24424T T24469A	S:V951A S:Q954H S:N969K	17	26115	0.000651	24412	24564
T24414C A24424T	S:V951A S:Q954H	17	28507	0.000596	24412	24564
T23599G C23604G T23650C	S:N679K S:P681R S:T696T	17	30368	0.00056	23580	23724
T23599G C23604G G23666-A C23709-A	S:N679K S:P681R NA NA	17	29408	0.000578	23580	23717
T23599G C23604G G23653A	S:N679K S:P681R S:M697I	17	30326	0.000561	23580	23691
T23599G C23604G C23625T	S:N679K S:P681R S:A688V	17	61533	0.000276	23580	23640
T23511+A T23599G C23604G	NA S:N679* S:P681C	17	30399	0.000559	23505	23637
T23490C C23525T T23599G C23604G	S:F643S S:H655Y S:N679K S:P681R	17	29986	0.000567	23486	23642
T23392-C A23403G	NA S:D614G	17	20741	0.00082	23342	23443
T21940-G C21978A G21987A T21990-TTA T22032C C22033A A22034G	NA S:P139Q S:G142D S:DEL144 S:F157S S:F157S S:R158G	17	7106	0.002392	21847	22058
T21609+CATGCCGCTGTT C21618T C21622T T21632-TACCCCCTG C21711T A21764-TACATG	S:INS17HAAV S:T19F S:T20F S:DEL25/27 S:S50L S:DEL69/70	17	4538	0.003746	21597	21802
G25198A C25207T	S:W1212* S:Y1215Y	17	31673	0.000537	25130	25323
G23768-T	NA	17	17619	0.000965	23683	23798
G23504A C23525T T23599G C23604G	S:G648S S:H655Y S:N679K S:P681R	17	30311	0.000561	23487	23629
G23486-T C23525T	NA S:H655Y	17	13276	0.001281	23474	23539
G23222A C23271T T23278-A	S:E554K S:A570V NA	17	3841	0.004426	23179	23290
G23222A A23267-T	S:E554K NA	17	3888	0.004372	23207	23290
G22249+T C22295A	NA S:H245T	17	6281	0.002707	22239	22310
G21987A T22032C C22033A	S:G142D S:F157S S:F157S	17	8209	0.002071	21964	22058
G21987A T21990-TTA A22004G T22032C C22033A A22034G	S:G142D S:DEL144 S:N148D S:F157S S:F157S S:R158G	17	8208	0.002071	21972	22058
G21941T G21987A T21990-TTA C22009-A C22033A A22034G	S:V127F S:G142D S:DEL144 NA S:F157L S:R158G	17	7107	0.002392	21847	22058
G21941T G21987A T21990-TTA C22000-A C22009-A C22033A A22034G	S:V127F S:G142D S:DEL144 NA NA S:F157L S:R158G	17	7107	0.002392	21847	22058
C25452-A	NA	17	6281	0.002707	25372	25477
C25207T T25219C C25262-T	S:Y1215Y S:G1219G NA	17	31420	0.000541	25130	25325
C25207T G25238A	S:Y1215Y S:A1226T	17	31531	0.000539	25172	25325
C25207T C25321T	S:Y1215Y S:C1253C	17	31009	0.000548	25192	25325
C25207T A25259G	S:Y1215Y S:M1233V	17	31441	0.000541	25130	25325
C25207T A25235G	S:Y1215Y S:I1225V	17	31537	0.000539	25199	25325
C25132+A	NA	17	30588	0.000556	25122	25152
C24899-A C24981-T C24990T C25000T	NA NA S:P1143L S:D1146D	17	5471	0.003107	24850	25052
C24784-T	NA	17	5579	0.003047	24777	24806
C24536-AA	NA	17	39989	0.000425	24521	24564
C23757T T23871+A	S:T732I NA	17	15814	0.001075	23683	23879
C23757T C23854A A23880G	S:T732I S:N764K S:E773G	17	15675	0.001085	23689	23890
C23757T A23848G C23854A	S:T732I S:Q762Q S:N764K	17	16038	0.00106	23739	23895
C23525T T23599G C23604G G23616A	S:H655Y S:N679K S:P681R S:R685H	17	30427	0.000559	23492	23641
C23525T T23599G C23604G C23634T	S:H655Y S:N679K S:P681R S:S691F	17	29972	0.000567	23502	23642
C23525T T23542-G T23599G C23604G	S:H655Y NA S:N679K S:P681R	17	30449	0.000558	23487	23608
C23525T A23579G T23599G C23604G	S:H655Y S:S673G S:N679K S:P681R	17	30449	0.000558	23487	23624
C22295A C22353A G22403-A	S:H245N S:A264D NA	17	556	0.030576	22272	22414
A25374-T	NA	17	7111	0.002391	25372	25406
A25168G C25207T	S:E1202E S:Y1215Y	17	30327	0.000561	25124	25264
A25147G C25207T	S:E1195E S:Y1215Y	17	29700	0.000572	25122	25325
A24619G	S:R1019R	17	16325	0.001041	24612	24626
A24516G	S:D985G	17	40453	0.00042	24483	24564
A24424T T24469A A24500G	S:Q954H S:N969K S:I980V	17	26135	0.00065	24412	24564
A23852G C23854A	S:N764E S:N764E	17	17841	0.000953	23795	23895
A23588T T23599G C23604G	S:T676S S:N679K S:P681R	17	61583	0.000276	23580	23642
A23403G C23423T T23489C C23525T	S:D614G S:P621S S:F643L S:H655Y	17	12580	0.001351	23351	23532
A23403G C23423T T23485A G23486T T23487G C23525T	S:D614G S:P621S S:N641K S:V642C S:V642C S:H655Y	17	12580	0.001351	23335	23535
A23403G C23423T G23522-A C23525T	S:D614G S:P621S NA S:H655Y	17	12580	0.001351	23391	23539
T25187C C25207T	S:Y1209H S:Y1215Y	16	31075	0.000515	25161	25325
T24648C	S:M1029T	16	16333	0.00098	24626	24676
T24504C	S:L981P	16	40485	0.000395	24477	24564
T24469A T24475C	S:N969K S:G971G	16	36800	0.000435	24465	24564
T24469A G24570-T	S:N969K NA	16	9340	0.001713	24465	24679
T23599G C23604G G23624A	S:N679K S:P681R S:A688T	16	61553	0.00026	23580	23642
T23599G C23604G G23607A	S:N679K S:P681R S:R682Q	16	61693	0.000259	23580	23724
T23599G C23604G A23704G	S:N679K S:P681R S:I714M	16	29604	0.00054	23590	23724
T23590A T23599G C23604G	S:T676T S:N679K S:P681R	16	61604	0.00026	23580	23722
T23510C C23525T T23599G C23604G	S:L650L S:H655Y S:N679K S:P681R	16	30398	0.000526	23487	23642
T23394C A23403G C23423T C23525T	S:L611P S:D614G S:P621S S:H655Y	16	12515	0.001278	23335	23535
T23278-A	NA	16	10843	0.001476	23245	23290
T21609+CATGCCGCTGTT C21618T C21622T G21624C T21632-TACCCCCTG C21711T	S:INS17HAAV S:T19F S:T20F S:R21T S:DEL25/27 S:S50L	16	4675	0.003422	21597	21727
G25278-T A25327-T	NA NA	16	4047	0.003954	25251	25345
G25261A	S:M1233I	16	38374	0.000417	25251	25325
G23390-T A23403G C23423T C23525T	NA S:D614G S:P621S S:H655Y	16	12455	0.001285	23335	23538
G23222A T23278-A	S:E554K NA	16	3841	0.004166	23199	23290
G21941T T21990-TTA T22032C C22033A	S:V127F S:DEL144 S:F157S S:F157S	16	7108	0.002251	21932	22058
G21941T T21976-C G21987A T21990-TTA T22032C C22033A A22034G	S:V127F NA S:G142D S:DEL144 S:F157S S:F157S S:R158G	16	7107	0.002251	21927	22058
G21941T G21987A T21991-TA T22032C C22033A A22034G	S:V127F S:G142D NA S:F157S S:F157S S:R158G	16	7107	0.002251	21933	22058
C25324-A	NA	16	39605	0.000404	25302	25335
C25292+G	NA	16	39329	0.000407	25283	25324
C25207T T25279C	S:Y1215Y S:S1239S	16	31356	0.00051	25181	25325
C25207T T25245C	S:Y1215Y S:V1228A	16	31510	0.000508	25186	25258
C25207T G25323A	S:Y1215Y S:C1254Y	16	30885	0.000518	25130	25325
C25207T G25278T	S:Y1215Y S:S1239I	16	31356	0.00051	25126	25325
C25207T G25230A	S:Y1215Y S:G1223D	16	31548	0.000507	25182	25324
C25207T C25276T	S:Y1215Y S:T1238T	16	31362	0.00051	25181	25324
C25207T C25262-T A25277-G	S:Y1215Y NA NA	16	31361	0.00051	25129	25325
C25207T A25286G	S:Y1215Y S:S1242G	16	31328	0.000511	25199	25325
C25207T A25255G	S:Y1215Y S:T1231T	16	31454	0.000509	25124	25320
C25207T A25235-T	S:Y1215Y NA	16	31537	0.000507	25187	25325
C25207T A25225G	S:Y1215Y S:I1221M	16	31570	0.000507	25181	25323
C24878-A C24981-T C24990T C25000T	NA NA S:P1143L S:D1146D	16	5433	0.002945	24850	25024
C23854A C23887A A23888C G23948T	S:N764K S:D775E S:K776Q S:D796Y	16	501	0.031936	23771	23978
C23816-T C23854A	NA S:N764K	16	17118	0.000935	23683	23895
C23757T T23798C C23854A	S:T732I S:S746P S:N764K	16	16038	0.000998	23683	23886
C23757T C23816-T G23835-T C23887-A	S:T732I NA NA NA	16	15492	0.001033	23683	23895
C23757T A23786+T	S:T732I NA	16	16854	0.000949	23683	23807
C23700A	S:A713D	16	50135	0.000319	23683	23732
C23525T T23599G C23604G A23639-T	S:H655Y S:N679K S:P681R NA	16	29391	0.000544	23487	23642
C23525T G23562A T23599G C23604G	S:H655Y S:G667D S:N679K S:P681R	16	30449	0.000525	23499	23642
C23525T C23577T T23599G C23604G	S:H655Y S:A672V S:N679K S:P681R	16	30449	0.000525	23487	23637
C23525T C23575T T23599G C23604G	S:H655Y S:C671C S:N679K S:P681R	16	30449	0.000525	23487	23642
C23271T T23337-TG	S:A570V NA	16	6257	0.002557	23269	23359
A25194-AT G25197T C25262-T	NA S:W1212L NA	16	30758	0.00052	25137	25325
A25143G C25207T	S:N1194S S:Y1215Y	16	29533	0.000542	25124	25305
A25137G C25207T	S:N1192S S:Y1215Y	16	29220	0.000548	25122	25325
A25136G C25207T	S:N1192D S:Y1215Y	16	29132	0.000549	25130	25323
A24922-T C24990T C25000T	NA S:P1143L S:D1146D	16	5497	0.002911	24868	25025
A24674G	S:K1038E	16	16171	0.000989	24612	24679
A24554G	S:T998A	16	39681	0.000403	24529	24558
A24520G	S:K986K	16	40442	0.000396	24488	24534
A24479-T G24488-T	NA NA	16	39834	0.000402	24470	24505
A24479-T	NA	16	39916	0.000401	24476	24499
A24424T T24549C	S:Q954H S:L996S	16	25669	0.000623	24412	24564
A24424T T24469A T24549C	S:Q954H S:N969K S:L996S	16	25669	0.000623	24412	24564
A24424T T24469A T24506C	S:Q954H S:N969K S:S982P	16	26095	0.000613	24412	24563
A24424T T24469A T24499C	S:Q954H S:N969K S:D979D	16	26138	0.000612	24412	24564
A24424T T24469A A24560G	S:Q954H S:N969K S:R1000G	16	25413	0.00063	24412	24564
A24424T T24469A A24539+T	S:Q954H S:N969K NA	16	25771	0.000621	24412	24564
A24424T T24469A A24531G	S:Q954H S:N969K S:E990G	16	25851	0.000619	24412	24564
A24424T G24488+T	S:Q954H NA	16	26194	0.000611	24412	24564
A24424T C24512+T	S:Q954H NA	16	26026	0.000615	24412	24564
A24424T C24458+T	S:Q954H NA	16	26439	0.000605	24412	24475
A24424T A24443G T24469A	S:Q954H S:T961A S:N969K	16	26342	0.000607	24417	24554
A24424T A24441G	S:Q954H S:N960S	16	26618	0.000601	24412	24459
A24423G A24424T T24469A	S:Q954R S:Q954R S:N969K	16	26328	0.000608	24412	24564
A24420G A24424T T24469A	S:N953S S:Q954H S:N969K	16	26317	0.000608	24412	24564
A23786+T	NA	16	17561	0.000911	23767	23806
A23688+G	NA	16	49790	0.000321	23683	23709
A23403G T23404C C23423T C23525T	S:D614G S:D614G S:P621S S:H655Y	16	12580	0.001272	23342	23539
A23403G C23423T T23487C C23525T	S:D614G S:P621S S:V642A S:H655Y	16	12580	0.001272	23351	23539
A23403G C23423T T23482-A C23525T	S:D614G S:P621S NA S:H655Y	16	12580	0.001272	23335	23535
A23403G C23423T T23452C C23525T	S:D614G S:P621S S:T630T S:H655Y	16	12580	0.001272	23335	23532
A23403G C23423T A23474+T C23525T	S:D614G S:P621S NA S:H655S	16	12580	0.001272	23338	23539
A23267-T	NA	16	4006	0.003994	23255	23290
A22193-ATT T22200G C22208T C22227-T C22295A	S:DEL212 S:V213G S:L216F NA S:H245N	16	3660	0.004372	22100	22319
A22110+G A22193-ATT T22200G C22208T C22295A	NA S:DEL212 S:V213S S:L216S S:H245T	16	3383	0.00473	22100	22301
A21875-T T21940-G A21979-T G21987A T21990-TTA C22000-A T22032C C22033A A22034G	NA NA NA S:G142D S:DEL144 NA S:F157S S:F157S S:R158G	16	6817	0.002347	21847	22058
A21875-T G21987A T21990-TTA T22032C C22033A A22034G	NA S:G142D S:DEL144 S:F157S S:F157S S:R158G	16	6817	0.002347	21847	22043
T25159C C25207T	S:D1199D S:Y1215Y	15	30101	0.000498	25122	25325
T25150C	S:S1196S	15	31369	0.000478	25122	25170
T24739C	S:G1059G	15	5378	0.002789	24727	24776
T24564C	S:L1001P	15	39459	0.00038	24500	24564
T24511C	S:R983R	15	40472	0.000371	24473	24564
T24501C	S:I980T	15	40480	0.000371	24493	24564
T24487C	S:S975S	15	40460	0.000371	24475	24509
T24475C	S:G971G	15	39480	0.00038	24470	24491
T24469A T24472-G T24492-A	S:N969K NA NA	15	36661	0.000409	24465	24564
T24469A A24580G	S:N969K S:T1006T	15	9306	0.001612	24465	24679
T23727C C23757T C23854A	S:V722A S:T732I S:N764K	15	15675	0.000957	23697	23895
T23689+A	NA	15	49832	0.000301	23683	23701
T23599G C23604G T23714C	S:N679K S:P681R S:F718L	15	29292	0.000512	23580	23724
T23599G C23604G T23695C	S:N679K S:P681R S:S711S	15	29945	0.000501	23580	23720
T23599G C23604G C23706T	S:N679K S:P681R S:P715L	15	29575	0.000507	23580	23724
T23599G C23604G A23646G	S:N679K S:P681R S:Y695C	15	30408	0.000493	23580	23724
T23599G C23604A A23712+T	S:N679K S:P681H NA	15	29321	0.000512	23580	23724
T21940-G G21987A T21990-TTA C22000-A	NA S:G142D S:DEL144 NA	15	7536	0.00199	21847	22012
G25540+T	NA	15	2569	0.005839	25372	25559
G24486+T C24672-A	NA NA	15	11642	0.001288	24470	24679
G24124-T	NA	15	3080	0.00487	24082	24141
G22927T T22930A T22942G	S:L455F S:F456L S:N460K	15	487	0.030801	22920	22966
C25566T	ORF3a:S58S	15	2487	0.006031	25372	25566
C25207T T25316C	S:Y1215Y S:S1252P	15	31124	0.000482	25143	25325
C25207T C25239T	S:Y1215Y S:A1226V	15	31529	0.000476	25183	25323
C24632-T	NA	15	16374	0.000916	24612	24679
C24431+A	NA	15	26985	0.000556	24412	24442
C23757T C23854A C23859T	S:T732I S:N764K S:A766V	15	15950	0.00094	23683	23879
C23757T A23845G C23854A	S:T732I S:T761T S:N764K	15	16038	0.000935	23683	23885
C23525T T23599G C23604G T23640C	S:H655Y S:N679K S:P681R S:I693T	15	29343	0.000511	23487	23642
C23525T T23599G C23604G C23609+G	S:H655Y S:N679K S:P681R NA	15	30439	0.000493	23499	23642
C23525T G23576A T23599G C23604G	S:H655Y S:A672T S:N679K S:P681R	15	30449	0.000493	23502	23642
C23367-A	NA	15	21309	0.000704	23336	23384
C23271T C23334-T A23403G	S:A570V NA S:D614G	15	5972	0.002512	23269	23419
C23271T C23277T C23334-T C23423T	S:A570V S:T572I NA S:P621S	15	5887	0.002548	23269	23441
A25449G	ORF3a:E19E	15	6320	0.002373	25372	25461
A25420+T	NA	15	6675	0.002247	25372	25429
A25410G	ORF3a:R6R	15	6784	0.002211	25372	25477
A25327-T	NA	15	4216	0.003558	25264	25338
A25315G	S:G1251G	15	39892	0.000376	25276	25325
A25182G G25198-C C25207T	S:E1207G NA S:Y1215Y	15	30900	0.000485	25130	25320
A25179G C25207T	S:Y1206C S:Y1215Y	15	30721	0.000488	25135	25324
A24479+T	NA	15	39916	0.000376	24473	24498
A24468-T T24470A	NA S:F970I	15	36814	0.000407	24465	24519
A24457G	S:Q965Q	15	26944	0.000557	24429	24564
A24424T T24469A T24496C	S:Q954H S:N969K S:N978N	15	26159	0.000573	24412	24564
A24424T T24469A G24535A	S:Q954H S:N969K S:V991V	15	25809	0.000581	24412	24564
A24424T T24469A C24536T	S:Q954H S:N969K S:Q992*	15	25795	0.000582	24412	24564
A24424T T24469A A24543G	S:Q954H S:N969K S:D994G	15	25744	0.000583	24412	24564
A24424T G24428A T24469A	S:Q954H S:A956T S:N969K	15	26342	0.000569	24417	24564
A24424T A24537G	S:Q954H S:Q992R	15	25782	0.000582	24412	24553
A23583G T23599G C23604G	S:Y674C S:N679K S:P681R	15	61464	0.000244	23581	23642
A23497T C23525T T23599G C23604G	S:T645T S:H655Y S:N679K S:P681R	15	30157	0.000497	23487	23624
A23403G C23423T T23479C C23525T	S:D614G S:P621S S:G639G S:H655Y	15	12580	0.001192	23358	23539
A23403G C23423T T23464C C23525T	S:D614G S:P621S S:R634R S:H655Y	15	12580	0.001192	23345	23539
A23403G A23414G C23423T C23525T	S:D614G S:T618A S:P621S S:H655Y	15	12580	0.001192	23377	23539
A23359G A23403G C23423T C23525T	S:T599T S:D614G S:P621S S:H655Y	15	12128	0.001237	23335	23535
A23165G G23222A C23271T	S:K535E S:E554K S:A570V	15	3632	0.00413	23089	23290
A21764-TACATG C21781-A	S:DEL69/70 NA	15	5515	0.00272	21747	21802
T25293C	S:L1244P	14	39372	0.000356	25279	25325
T25289C	S:C1243R	14	39253	0.000357	25276	25325
T25280C	S:C1240R	14	39094	0.000358	25266	25293
T25270C	S:C1236C	14	38815	0.000361	25251	25325
T25236C	S:I1225T	14	33882	0.000413	25224	25309
T25202+G C25207T C25262-T	NA S:Y1215V NA	14	31295	0.000447	25135	25323
T25196-G C25262-T	NA NA	14	30858	0.000454	25122	25325
T25170C C25207T	S:L1203P S:Y1215Y	14	30403	0.00046	25154	25325
T25155C C25207T	S:I1198T S:Y1215Y	14	30019	0.000466	25122	25325
T25148+A C25207T	NA S:Y1215V	14	29717	0.000471	25136	25252
T25129C C25207T	S:V1189V S:Y1215Y	14	27907	0.000502	25122	25325
T25128C C25207T	S:V1189A S:Y1215Y	14	27851	0.000503	25122	25320
T24660+A	NA	14	16294	0.000859	24554	24676
T24640C	S:A1026A	14	16343	0.000857	24612	24679
T24548C	S:L996L	14	39796	0.000352	24527	24564
T24548-TGA	S:DEL997	14	39796	0.000352	24529	24564
T24513C	S:L984P	14	40461	0.000346	24486	24528
T24469A T24656C	S:N969K S:C1032R	14	9023	0.001552	24465	24665
T24469A C24477T	S:N969K S:A972V	14	36791	0.000381	24465	24564
T24417C A24424T	S:V952A S:Q954H	14	28668	0.000488	24412	24564
T24115+A	NA	14	2889	0.004846	24106	24191
T23698C	S:I712I	14	49995	0.00028	23683	23724
T23599G C23604G T23658C	S:N679K S:P681R S:L699P	14	30271	0.000462	23580	23724
T23599G C23604G G23666-A A23712-T	S:N679K S:P681R NA NA	14	29321	0.000477	23580	23724
T23599G C23604G G23661A	S:N679K S:P681R S:G700D	14	30252	0.000463	23580	23724
T23599G C23604G A23720+T	S:N679K S:P681R NA	14	29103	0.000481	23580	23724
T23599G C23604G A23708G	S:N679K S:P681R S:T716A	14	29425	0.000476	23580	23724
T23599G C23604G A23704+C A23712+T	S:N679K S:P681R NA NA	14	29321	0.000477	23580	23724
T23599G C23604G A23696G	S:N679K S:P681R S:I712V	14	29935	0.000468	23580	23717
T23596-A T23599G C23604G	NA S:N679K S:P681R	14	61708	0.000227	23580	23632
T23487G C23525T T23599G C23604G	Unknown S:H655Y S:N679K S:P681R	14	16574	0.000845	23486	23642
T23355C A23403G C23423T C23525T	S:I598T S:D614G S:P621S S:H655Y	14	12098	0.001157	23342	23529
T23337-TG A23403G C23423T	NA S:D614G S:P621S	14	19386	0.000722	23335	23435
T21976-C G21987A T21990-TTA T22032C C22033A	NA S:G142D S:DEL144 S:F157S S:F157S	14	8197	0.001708	21965	22058
G25320A	S:C1253Y	14	39780	0.000352	25302	25324
G24816-A	NA	14	1724	0.008121	24740	24943
G23699+T	NA	14	50011	0.00028	23683	23721
G23508+T C23525T	NA S:H655S	14	45401	0.000308	23487	23530
G23501A C23525T T23599G C23604G	S:A647T S:H655Y S:N679K S:P681R	14	30224	0.000463	23487	23642
G21987A T21990-TTA C22000-A T22032C C22033A A22034G	S:G142D S:DEL144 NA S:F157S S:F157S S:R158G	14	8208	0.001706	21954	22058
G21941T G21987A T21990-TTA C22000-A C22033A A22034G	S:V127F S:G142D S:DEL144 NA S:F157L S:R158G	14	7107	0.00197	21847	22058
C25546+T	NA	14	2558	0.005473	25372	25566
C25517-T	NA	14	2697	0.005191	25375	25531
C25207T A25243G	S:Y1215Y S:I1227M	14	31518	0.000444	25192	25325
C24981-T C24990T C25000T A25056-T	NA S:P1143L S:D1146D NA	14	5386	0.002599	24850	25066
C24852-A C25000T	NA S:D1146D	14	5316	0.002634	24850	25068
C24672-A A24684-T A24803-T	NA NA NA	14	3074	0.004554	24631	24806
C24503T	S:L981F	14	40461	0.000346	24465	24564
C23757T C23854A G23873A	S:T732I S:N764K S:A771T	14	15785	0.000887	23697	23895
C23757T A23888G	S:T732I S:K776E	14	15465	0.000905	23683	23895
C23757T A23779G C23854A	S:T732I S:T739T S:N764K	14	16038	0.000873	23737	23895
C23709-A	NA	14	49720	0.000282	23694	23719
C23709+A C23887-A	NA NA	14	15037	0.000931	23683	23895
C23525T T23599G C23604G C23625T	S:H655Y S:N679K S:P681R S:A688V	14	30393	0.000461	23487	23642
C23525T T23571C T23599G C23604G	S:H655Y S:I670T S:N679K S:P681R	14	30449	0.00046	23487	23637
C23525T C23533T T23599G C23604G	S:H655Y S:N657N S:N679K S:P681R	14	30449	0.00046	23487	23637
C23525T A23554G T23599G C23604G	S:H655Y S:I664M S:N679K S:P681R	14	30449	0.00046	23487	23641
C23525T A23554-C T23599G C23604G	S:H655Y NA S:N679K S:P681R	14	30449	0.00046	23492	23641
C23367+A	NA	14	21309	0.000657	23336	23378
C22120-A A22161-T A22193-ATT T22200G C22208T C22295A	NA NA S:DEL212 S:V213G S:L216F S:H245N	14	3421	0.004092	22100	22319
C21618T C21622T G21624C T21632-TACCCCCTG C21660-ACG C21711T A21764-TACATG	S:T19I S:T20T S:R21T S:DEL25/27 S:DEL34 S:S50L S:DEL69/70	14	4539	0.003084	21597	21780
A25325G	Unknown	14	39421	0.000355	25299	25325
A24922+T C24990T C25000T	NA S:P1143I S:D1146S	14	5497	0.002547	24850	25027
A24679G	S:R1039R	14	15931	0.000879	24672	24679
A24525G	S:E988G	14	40306	0.000347	24504	24536
A24424T T24523C	S:Q954H S:V987V	14	25928	0.00054	24412	24564
A24424T T24482C	S:Q954H S:S974P	14	26240	0.000534	24417	24564
A24424T T24469A T24523C	S:Q954H S:N969K S:V987V	14	25928	0.00054	24412	24564
A24424T T24469A A24562G	S:Q954H S:N969K S:R1000R	14	25386	0.000551	24412	24564
A24424T T24469A A24538G	S:Q954H S:N969K S:Q992Q	14	25776	0.000543	24412	24564
A24424T T24427C T24469A	S:Q954H S:N955N S:N969K	14	26342	0.000531	24412	24564
A24424T G24488-T C24517-A	S:Q954H NA NA	14	25990	0.000539	24415	24564
A24424T A24562G	S:Q954H S:R1000R	14	25386	0.000551	24412	24564
A24424T A24518G	S:Q954H S:K986E	14	25982	0.000539	24412	24564
A24424T A24443G	S:Q954H S:T961A	14	26595	0.000526	24412	24539
A24424T A24433G	S:Q954H S:Q957Q	14	26670	0.000525	24412	24564
A24253-T C24320-A	NA NA	14	3329	0.004205	24229	24338
A23515-G C23525T	NA S:H655Y	14	45489	0.000308	23499	23539
A23403G C23423T T23434-C C23525T	S:D614G S:P621S NA S:H655Y	14	12580	0.001113	23377	23539
T25310C	S:C1250R	13	39843	0.000326	25302	25325
T25280+A	NA	13	39094	0.000333	25271	25325
T25264C	S:L1234L	13	38510	0.000338	25251	25325
T25171+G C25207T C25262-T	NA S:Y1215V NA	13	29711	0.000438	25140	25325
T25159C C25207T C25262-T	S:D1199D S:Y1215Y NA	13	29385	0.000442	25122	25325
T25148C C25207T C25262-T	S:S1196P S:Y1215Y NA	13	29005	0.000448	25130	25325
T25123+A C25207T	NA S:Y1215V	13	27316	0.000476	25122	25325
T24637C	S:A1025A	13	16356	0.000795	24633	24679
T24534C	S:V991A	13	40030	0.000325	24476	24564
T24506C	S:S982P	13	40511	0.000321	24470	24524
T24499+TA	NA	13	40571	0.00032	24486	24509
T24469A T24504C	S:N969K S:L981P	13	36454	0.000357	24465	24564
T24469A A24545G	S:N969K S:R995G	13	35684	0.000364	24465	24604
T23622-A	NA	13	62639	0.000208	23615	23724
T23599G C23604G T23713C	S:N679K S:P681R S:N717N	13	29303	0.000444	23580	23724
T23599G C23604G G23663A	S:N679K S:P681R S:A701T	13	30245	0.00043	23580	23705
T23599G C23604G G23619A	S:N679K S:P681R S:S686N	13	61618	0.000211	23580	23722
T23599G C23604G C23644T	S:N679K S:P681R S:A694A	13	30432	0.000427	23580	23724
T23599G C23604G C23634T	S:N679K S:P681R S:S691F	13	60991	0.000213	23580	23666
T23599G C23604A G23660A C23673T	S:N679K S:P681H S:G700S S:S704L	13	30138	0.000431	23580	23717
T23511+A C23525T T23599G C23604A	NA S:H655S S:N679* S:P681Y	13	30399	0.000428	23486	23638
T23434-C C23525T	NA S:H655Y	13	12939	0.001005	23426	23539
T23407+G C23423T C23525T	NA S:P621S S:H655S	13	12659	0.001027	23336	23539
T23344C C23423T C23525T	S:G594G S:P621S S:H655Y	13	11892	0.001093	23335	23539
T23335G	S:S591S	13	6953	0.00187	23309	23338
T22926C T22942A	S:L455S S:N460K	13	465	0.027957	22922	22967
T22032C C22033A A22034G G22037-T	S:F157S S:F157S S:R158G NA	13	10152	0.001281	22010	22051
T21990-TTA C22000A	S:DEL144 S:H146Q	13	8644	0.001504	21975	22058
T21934-A T21940-G G21987A T21990-TTA T22032C C22033A A22034G	NA NA S:G142D S:DEL144 S:F157S S:F157S S:R158G	13	7075	0.001837	21878	22058
T21856+A	NA	13	8269	0.001572	21847	21866
G25401+T	NA	13	6874	0.001891	25372	25422
G25299A	S:G1246D	13	39549	0.000329	25273	25325
G25284-T	NA	13	39152	0.000332	25272	25320
G25177A C25207T	S:K1205K S:Y1215Y	13	30615	0.000425	25153	25325
G25177-T C25207T C25262-T	NA S:Y1215Y NA	13	29896	0.000435	25122	25325
G25177+A	NA	13	31689	0.00041	25163	25188
G25173-A C25207T	NA S:Y1215Y	13	30502	0.000426	25130	25276
G24535A	S:V991V	13	40008	0.000325	24486	24564
G24488+T	NA	13	40466	0.000321	24469	24527
G24486+T T24492+A	NA NA	13	40284	0.000323	24470	24511
G23222A C23244-T C23271T	S:E554K NA S:A570V	13	3885	0.003346	23089	23290
G22813T T22882G G22895C T22896C G22898A G22927T T22942G	S:K417N S:N440K S:V445P S:V445P S:G446S S:L455F S:N460K	13	186	0.069892	22793	22967
G22813T T22882G G22895C T22896C G22898A G22927T T22930A T22942G	S:K417N S:N440K S:V445P S:V445P S:G446S S:L455F S:F456L S:N460K	13	186	0.069892	22801	22960
G21941T G21987A T21990-TTA C22009-A T22032C C22033A A22034G	S:V127F S:G142D S:DEL144 NA S:F157S S:F157S S:R158G	13	7107	0.001829	21869	22043
G21941T A21979-T G21987A T21990-TTA C22000-A T22032C C22033A A22034G	S:V127F NA S:G142D S:DEL144 NA S:F157S S:F157S S:R158G	13	7107	0.001829	21847	22058
G21941T A21979-T G21987A T21990-TTA C22000-A C22009-A T22032C C22033A A22034G	S:V127F NA S:G142D S:DEL144 NA NA S:F157S S:F157S S:R158G	13	7107	0.001829	21847	22058
C25466-T	NA	13	6165	0.002109	25372	25477
C25262-TT A25327-T	NA NA	13	3857	0.00337	25251	25338
C25254+G	NA	13	38160	0.000341	25243	25324
C25207T G25287-T T25289C	S:Y1215Y NA S:C1243R	13	31312	0.000415	25201	25323
C25207T G25269A	S:Y1215Y S:C1236Y	13	31373	0.000414	25122	25325
C25207T G25266A	S:Y1215Y S:C1235Y	13	31380	0.000414	25159	25325
C25207T C25262-T G25278T	S:Y1215Y NA S:S1239I	13	31356	0.000415	25122	25324
C25131T C25207T	S:A1190V S:Y1215Y	13	28835	0.000451	25127	25325
C24981-T C24990T C25000T A25026-T	NA S:P1143L S:D1146D NA	13	5477	0.002374	24850	25059
C24536T	S:Q992*	13	39989	0.000325	24507	24564
C24455-A	NA	13	26975	0.000482	24412	24468
C23854A G23903-T G23948T	S:N764K NA S:D796Y	13	501	0.025948	23767	23978
C23757T T23850+A C23887-A	S:T732I NA NA	13	15492	0.000839	23683	23895
C23757T G23835-T A23853-C C23887-A	S:T732I NA NA NA	13	15492	0.000839	23705	23895
C23757T C23854A A23886G	S:T732I S:N764K S:D775G	13	15507	0.000838	23741	23895
C23757T A23826G C23854A	S:T732I S:Q755R S:N764K	13	16038	0.000811	23726	23881
C23709+T	NA	13	49720	0.000261	23686	23719
C23700T	S:A713V	13	50135	0.000259	23683	23724
C23525T T23599G C23604G G23619A	S:H655Y S:N679K S:P681R S:S686N	13	30423	0.000427	23487	23642
C23525T A23558-T T23599G C23604A	S:H655Y NA S:N679K S:P681H	13	30449	0.000427	23487	23637
C23423T T23434-C C23525T	S:P621S NA S:H655Y	13	12817	0.001014	23417	23539
C23271T G23302A A23403G C23423T	S:A570V S:Q580Q S:D614G S:P621S	13	5887	0.002208	23269	23443
C22109G	S:Q183E	13	4088	0.00318	22100	22130
C21622T G21624C T21632-TACCCCCTG A21764-TACATG	S:T20T S:R21T S:DEL25/27 S:DEL69/70	13	4539	0.002864	21597	21802
A25438G	ORF3a:K16E	13	6458	0.002013	25372	25477
A25408G	ORF3a:R6G	13	6808	0.00191	25372	25477
A25206G C25207T	S:Y1215C S:Y1215C	13	32135	0.000405	25127	25325
A25194G C25207T	S:K1211R S:Y1215Y	13	31484	0.000413	25172	25325
A25182G C25207T C25262-T	S:E1207G S:Y1215Y NA	13	30180	0.000431	25124	25325
A24922+T	NA	13	7791	0.001669	24856	24933
A24885+T	NA	13	7966	0.001632	24850	24913
A24790G	S:T1076T	13	5537	0.002348	24724	24806
A24562G	S:R1000R	13	39506	0.000329	24493	24564
A24468-T	NA	13	36875	0.000353	24465	24487
A24424T T24480C	S:Q954H S:I973T	13	26251	0.000495	24412	24519
A24424T T24450C	S:Q954H S:V963A	13	26521	0.00049	24412	24564
A24424T A24452G T24469A	S:Q954H S:K964E S:N969K	13	26342	0.000494	24412	24564
A24424T A24432G	S:Q954H S:Q957R	13	26674	0.000487	24415	24564
A23786+T C23887-A	NA NA	13	16174	0.000804	23683	23895
A23723+C	NA	13	49228	0.000264	23699	23724
A23403G G23522-A C23525T	S:D614G NA S:H655Y	13	12580	0.001033	23385	23539
A23403G C23423T A23515-G C23525T	S:D614G S:P621S NA S:H655Y	13	12580	0.001033	23335	23539
A23403G C23423T A23442G C23525T	S:D614G S:P621S S:D627G S:H655Y	13	12580	0.001033	23342	23532
A23400+G C23423T A23495+T C23525T	NA S:P621S NA S:H655Y	13	12579	0.001033	23342	23539
A21875-T T21940-G G21987A T21990-TTA C22000-A T22032C C22033A A22034G	NA NA S:G142D S:DEL144 NA S:F157S S:F157S S:R158G	13	6817	0.001907	21870	22058
T25309C	S:S1249S	12	39834	0.000301	25293	25325
T25301C	S:C1247R	12	39605	0.000303	25281	25325
T25272C	S:M1237T	12	38891	0.000309	25251	25325
T25268C	S:C1236R	12	38730	0.00031	25251	25325
T25237C	S:I1225I	12	33896	0.000354	25207	25248
T25196-G	NA	12	31889	0.000376	25187	25206
T25191C C25207T	S:I1210T S:Y1215Y	12	31320	0.000383	25122	25325
T25159C	S:D1199D	12	31541	0.00038	25130	25175
T25139C C25207T	S:L1193L S:Y1215Y	12	29300	0.00041	25122	25325
T24631C	S:N1023N	12	16374	0.000733	24612	24679
T24628-A	NA	12	16370	0.000733	24590	24665
T24571C	S:S1003S	12	12730	0.000943	24480	24679
T24549C	S:L996S	12	39796	0.000302	24537	24564
T24514C	S:L984L	12	40462	0.000297	24485	24554
T24469A G24570A	S:N969K S:S1003N	12	9340	0.001285	24465	24679
T23721C C23757T C23854A	S:I720T S:T732I S:N764K	12	15618	0.000768	23699	23895
T23698+C	NA	12	49995	0.00024	23691	23716
T23599G C23604G T23689-A	S:N679K S:P681R NA	12	30002	0.0004	23581	23705
T23599G C23604G T23681-A	S:N679K S:P681R NA	12	30060	0.000399	23580	23707
T23599G C23604G T23645C	S:N679K S:P681R S:Y695H	12	30424	0.000394	23580	23705
T23599G C23604G C23701+A	S:N679K S:P681R NA	12	29866	0.000402	23580	23724
T23143-A G23222A C23230-A C23271T	NA S:E554K NA S:A570V	12	3579	0.003353	23089	23290
T22282C C22295A	S:T240T S:H245N	12	6831	0.001757	22274	22319
T22200A	S:V213E	12	4077	0.002943	22194	22261
T21609+CATGCCGCTGTT C21618T C21622T G21624C T21632-TACCCCCTG C21732-T A21764-TACATG	S:INS17HAAV S:T19F S:T20F S:R21T S:DEL25/27 NA S:DEL69/70	12	4538	0.002644	21597	21802
T21609+CATGCCGCTGTT C21618T C21622T G21624C T21632-TACCCCCTG C21711T C21721+T A21764-TACATG	S:INS17HAAV S:T19F S:T20F S:R21T S:DEL25/27 S:S50L NA S:DEL69/70	12	4538	0.002644	21597	21802
G25522A G25555-T	ORF3a:G44R NA	12	2525	0.004752	25372	25566
G25173-A T25191-A C25207T G25218-T C25262-T	NA NA S:Y1215Y NA NA	12	29783	0.000403	25122	25281
G25135+A C25207T C25262-T	NA S:Y1215V NA	12	28439	0.000422	25123	25324
G25130+C	NA	12	29624	0.000405	25122	25145
G24933A	S:G1124D	12	7733	0.001552	24896	24943
G24488-T C24517-A	NA NA	12	39843	0.000301	24480	24528
G24415A A24424T T24469A	S:V951V S:Q954H S:N969K	12	26131	0.000459	24412	24564
G23804-A C23854A	NA S:N764K	12	16969	0.000707	23795	23895
G22104-A C22120-A A22193-ATT T22200G C22208T	NA NA S:DEL212 S:V213G S:L216F	12	3721	0.003225	22100	22221
G21987A T21991-TA T22032C C22033A A22034G	S:G142D NA S:F157S S:F157S S:R158G	12	8208	0.001462	21977	22043
G21941T T21990-TTA	S:V127F S:DEL144	12	7896	0.00152	21908	22011
C25441T	ORF3a:Q17*	12	6429	0.001867	25372	25477
C25207T T25258C	S:Y1215Y S:I1232I	12	31445	0.000382	25177	25325
C25207T T25257C	S:Y1215Y S:I1232T	12	31450	0.000382	25130	25324
C25207T T25245-A	S:Y1215Y NA	12	31510	0.000381	25193	25324
C25207T T25224C	S:Y1215Y S:I1221T	12	31572	0.00038	25130	25325
C25207T T25211C	S:Y1215Y S:W1217R	12	32102	0.000374	25160	25325
C25207T G25244-T	S:Y1215Y NA	12	31515	0.000381	25181	25325
C25207T A25216G	S:Y1215Y S:L1218L	12	31593	0.00038	25156	25325
C24263-A	NA	12	3713	0.003232	24233	24312
C24026-T A24110-T	NA NA	12	2323	0.005166	24021	24122
C23757T T23842C C23854A	S:T732I S:C760C S:N764K	12	16038	0.000748	23741	23895
C23757T G23835+T C23887-A	S:T732I NA NA	12	15492	0.000775	23683	23895
C23757T C23854A A23883G	S:T732I S:N764K S:Q774R	12	15559	0.000771	23683	23892
C23757T A23759G C23854A	S:T732I S:K733E S:N764K	12	16038	0.000748	23683	23895
C23709+A C23757T	NA S:T732V	12	16643	0.000721	23683	23769
C23525T T23599G C23604G T23641C	S:H655Y S:N679K S:P681R S:I693I	12	29271	0.00041	23487	23642
C23525T T23599G C23604G C23638T	S:H655Y S:N679K S:P681R S:I692I	12	29764	0.000403	23487	23642
C23525T A23597G T23599G C23604G	S:H655Y S:N679E S:N679E S:P681R	12	30449	0.000394	23487	23642
C23492+A	NA	12	45384	0.000264	23486	23506
C23393T A23403G C23525T	S:L611F S:D614G S:H655Y	12	12488	0.000961	23343	23539
C23393T	S:L611F	12	21047	0.00057	23335	23399
C23381T A23403G C23423T C23525T	S:Q607* S:D614G S:P621S S:H655Y	12	12343	0.000972	23335	23532
C23271T C23291T A23403G C23423T	S:A570V S:R577C S:D614G S:P621S	12	5887	0.002038	23269	23443
C22295A A22301G	S:H245N S:S247G	12	6836	0.001755	22271	22319
C21622T T21632-TACCCCCTG C21711T A21764-TACATG	S:T20T S:DEL25/27 S:S50L S:DEL69/70	12	4539	0.002644	21597	21802
C21618T C21622T G21624C T21632-TACCCCCTG C21711T C21781-A	S:T19I S:T20T S:R21T S:DEL25/27 S:S50L NA	12	4520	0.002655	21597	21802
C21618T C21622T G21624C	S:T19I S:T20T S:R21T	12	4887	0.002455	21597	21664
A25137-T C25207T C25262-T	NA S:Y1215Y NA	12	28556	0.00042	25123	25325
A25133T C25207T	S:K1191* S:Y1215Y	12	28948	0.000415	25122	25307
A24676G	S:K1038K	12	16156	0.000743	24612	24679
A24551G	S:I997V	12	39757	0.000302	24537	24564
A24424T T24470-TTG	S:Q954H S:DEL971	12	26291	0.000456	24412	24564
A24424T T24469A T24534C	S:Q954H S:N969K S:V991A	12	25819	0.000465	24415	24564
A24424T T24469A T24513C	S:Q954H S:N969K S:L984P	12	26021	0.000461	24412	24564
A24424T T24469A T24489G	S:Q954H S:N969K S:V976G	12	26189	0.000458	24412	24564
A24424T T24469A T24472C	S:Q954H S:N969K S:F970F	12	26290	0.000456	24412	24564
A24424T T24469A C24509T	S:Q954H S:N969K S:R983C	12	26057	0.000461	24412	24564
A24424T T24447C T24469A	S:Q954H S:L962P S:N969K	12	26342	0.000456	24412	24564
A24424T C24503-T	S:Q954H NA	12	26103	0.00046	24412	24517
A24424T C24463T T24469A	S:Q954H S:S967S S:N969K	12	26342	0.000456	24412	24556
A24424T C24431T T24469A	S:Q954H S:Q957* S:N969K	12	26342	0.000456	24412	24564
A24424T A24556G	S:Q954H S:T998T	12	25474	0.000471	24412	24564
A24424T A24516G	S:Q954H S:D985G	12	26001	0.000462	24412	24564
A24424T A24453G	S:Q954H S:K964R	12	26490	0.000453	24412	24564
A24424T A24426G T24469A	S:Q954H S:N955S S:N969K	12	26342	0.000456	24412	24564
A24424T A24425G T24469A	S:Q954H S:N955D S:N969K	12	26342	0.000456	24412	24564
A24423+T T24469A	NA S:N969Q	12	26328	0.000456	24412	24564
A24419G A24424T	S:N953D S:Q954H	12	28710	0.000418	24412	24564
A24253-T C24263-A	NA NA	12	3664	0.003275	24229	24317
A24103+T	NA	12	2971	0.004039	24095	24106
A23843G C23854A	S:T761A S:N764K	12	17593	0.000682	23827	23895
A23756G C23757T C23854A	S:T732V S:T732V S:N764K	12	16036	0.000748	23731	23895
A23720+C	NA	12	49308	0.000243	23696	23724
A23702+T	NA	12	49901	0.00024	23683	23712
A23696-T	NA	12	49974	0.00024	23683	23706
A23627-G	NA	12	62501	0.000192	23617	23642
A23403G C23423T T23434C C23525T	S:D614G S:P621S S:I624I S:H655Y	12	12580	0.000954	23335	23539
A23403G C23423T T23428C C23525T	S:D614G S:P621S S:V622V S:H655Y	12	12580	0.000954	23383	23539
A23403G C23423T G23486-T	S:D614G S:P621S NA	12	12798	0.000938	23335	23519
A23403G C23423T A23494G C23525T	S:D614G S:P621S S:Q644Q S:H655Y	12	12580	0.000954	23388	23532
A23403G A23419G C23423T C23525T	S:D614G S:E619E S:P621S S:H655Y	12	12580	0.000954	23363	23539
A23379G A23403G C23423T C23525T	S:N606S S:D614G S:P621S S:H655Y	12	12320	0.000974	23339	23539
A23267-T C23271T	NA S:A570V	12	4002	0.002999	23216	23285
A22629C C22674T T22679C T22685-C A22688G G22770A G22775A A22786C G22813T	S:K356T S:S371F S:S373P NA S:T376A S:R403K S:D405N S:R408S S:K417N	12	59	0.20339	22623	22834
A22193-ATT T22200G C22208T T22219C C22295A	S:DEL212 S:V213G S:L216F S:G219G S:H245N	12	3660	0.003279	22171	22319
A22193-ATT T22200G C22208T A22245-T C22295A	S:DEL212 S:V213G S:L216F NA S:H245N	12	3660	0.003279	22100	22319
T25434C	ORF3a:T14T	11	6490	0.001695	25377	25477
T25316-C	NA	11	39886	0.000276	25307	25325
T25306C	S:C1248C	11	39751	0.000277	25257	25325
T25304C	S:C1248R	11	39692	0.000277	25264	25322
T25303C	S:C1247C	11	39661	0.000277	25251	25325
T25285C	S:C1241C	11	39185	0.000281	25263	25325
T25196-G C25207T G25218-T C25262-T	NA S:Y1215Y NA NA	11	30858	0.000356	25130	25325
T25191-A C25207T A25208-T G25218-T C25262-T	NA S:Y1215Y NA NA NA	11	30595	0.00036	25122	25308
T25161C C25207T C25262-T	S:L1200P S:Y1215Y NA	11	29430	0.000374	25124	25314
T25155-C C25207T	NA S:Y1215Y	11	30019	0.000366	25124	25325
T24660C	S:V1033A	11	16294	0.000675	24612	24679
T24643-A C24672-A A24684-T	NA NA NA	11	3706	0.002968	24612	24702
T24622C	S:A1020A	11	16334	0.000673	24612	24675
T24585C	S:V1008A	11	12543	0.000877	24488	24679
T24529C	S:A989A	11	40216	0.000274	24517	24564
T24469A T24548-TGA	S:N969K S:DEL997	11	35629	0.000309	24412	24564
T24469A T24513C	S:N969K S:L984P	11	36317	0.000303	24465	24564
T24469A G24521+T	S:N969K NA	11	36197	0.000304	24465	24564
T24469A C24503+T	S:N969K NA	11	36455	0.000302	24465	24564
T24469A A24667G	S:N969K S:G1035G	11	8957	0.001228	24465	24679
T24469A A24610G	S:N969K S:A1016A	11	9120	0.001206	24465	24679
T24469A A24582G	S:N969K S:Y1007C	11	9170	0.0012	24465	24679
T24469A A24518G	S:N969K S:K986E	11	36262	0.000303	24465	24564
T23748C C23757T C23854A	S:V729A S:T732I S:N764K	11	15974	0.000689	23718	23881
T23703-A C23757T	NA S:T732I	11	16589	0.000663	23687	23776
T23599G C23604G T23716C	S:N679K S:P681R S:F718F	11	29283	0.000376	23580	23724
T23599G C23604G T23689C	S:N679K S:P681R S:N709N	11	30002	0.000367	23580	23724
T23599G C23604G T23652A	S:N679K S:P681R S:M697K	11	30344	0.000363	23580	23724
T23599G C23604G T23645+A	S:N679K S:P681R NA	11	30424	0.000362	23580	23654
T23599G C23604G G23660A	S:N679K S:P681R S:G700S	11	30265	0.000363	23580	23724
T23599G C23604G C23707T	S:N679K S:P681R S:P715P	11	29467	0.000373	23580	23724
T23599G C23604G C23705T	S:N679K S:P681R S:P715S	11	29588	0.000372	23580	23724
T23599G C23604G C23692+T	S:N679K S:P681R NA	11	29973	0.000367	23580	23724
T23599G C23604G C23649+T	S:N679K S:P681R NA	11	30378	0.000362	23580	23711
T23599G C23604G C23609-G G23666-A	S:N679K S:P681R NA NA	11	30204	0.000364	23580	23696
T23599G C23604G A23696+C	S:N679K S:P681R NA	11	29935	0.000367	23580	23724
T23599G C23604G A23669G	S:N679K S:P681R S:N703D	11	30176	0.000365	23580	23724
T23599G C23604G A23632+T	S:N679K S:P681R NA	11	61045	0.00018	23581	23724
T23599G C23604A T23693C	S:N679K S:P681H S:S711P	11	29962	0.000367	23580	23724
T23599G C23603T C23604G	S:N679K S:P681C S:P681C	11	61720	0.000178	23580	23642
T23599G A23712-T	S:N679K NA	11	29321	0.000375	23580	23724
T23599G A23712+T	S:N679K NA	11	29321	0.000375	23580	23720
T23514C C23525T T23599G C23604G	S:I651T S:H655Y S:N679K S:P681R	11	30414	0.000362	23487	23642
T23500G C23525T T23599G C23604G	S:R646R S:H655Y S:N679K S:P681R	11	30211	0.000364	23487	23642
T21940-G T21990-TTA T22032C C22033A	NA S:DEL144 S:F157S S:F157S	11	7107	0.001548	21897	22058
T21940-G G21987A T21990-TTA C22009-A T22032C C22033A A22034G	NA S:G142D S:DEL144 NA S:F157S S:F157S S:R158G	11	7106	0.001548	21847	22058
T21940-G G21987A T21990-TTA C22009-A C22033A A22034G	NA S:G142D S:DEL144 NA S:F157L S:R158G	11	7106	0.001548	21847	22058
T21609+CATGCCGCTGTT C21618T C21622T G21624C T21632-TACCCCCTG G21701-T C21711T A21764-TACATG	S:INS17HAAV S:T19F S:T20F S:R21T S:DEL25/27 NA S:S50L S:DEL69/70	11	4538	0.002424	21597	21802
T21609+CATGCCGCTGTT C21618T C21622T G21624C T21632-TACCCCCTG A21708+T A21764-TACATG	S:INS17HAAV S:T19F S:T20F S:R21T S:DEL25/27 NA S:DEL69/70	11	4538	0.002424	21597	21802
T21609+CATGCCGCTGTT C21618T C21622T G21624C C21711T A21764-TACATG	S:INS17HAAV S:T19F S:T20F S:R21T S:S50L S:DEL69/70	11	4538	0.002424	21597	21802
G25278-T G25364-T	NA NA	11	3755	0.002929	25251	25375
G25186A C25207T	S:Q1208Q S:Y1215Y	11	31033	0.000354	25180	25325
G25130A C25207T	S:A1190T S:Y1215Y	11	27983	0.000393	25123	25323
G24868-T	NA	11	8011	0.001373	24850	24878
G24693-A	NA	11	3839	0.002865	24612	24706
G24626A	S:A1022T	11	16339	0.000673	24612	24679
G24277+T	NA	11	3848	0.002859	24229	24291
G23593C T23599G C23604G G23666-A	S:Q677H S:N679K S:P681R NA	11	30156	0.000365	23580	23724
G21941T G21987A T21990-TTA T22032C C22033A A22034G G22037-T	S:V127F S:G142D S:DEL144 S:F157S S:F157S S:R158G NA	11	7102	0.001549	21936	22058
G21941T G21987A T21990-TTA A22034G	S:V127F S:G142D S:DEL144 S:R158G	11	7107	0.001548	21925	22051
G21941T C21952-TG G21987A T21990-TTA T22032C C22033A A22034G	S:V127F NA S:G142D S:DEL144 S:F157S S:F157S S:R158G	11	7107	0.001548	21847	22058
C25416T G25459T	ORF3a:F8F ORF3a:A23S	11	6225	0.001767	25356	25477
C25262-TT G25364-T	NA NA	11	3597	0.003058	25251	25372
C25207T G25299A	S:Y1215Y S:G1246D	11	31251	0.000352	25131	25324
C25207T G25284A	S:Y1215Y S:C1241Y	11	31339	0.000351	25130	25325
C25207T G25278-T	S:Y1215Y NA	11	31356	0.000351	25188	25324
C25207T G25213A	S:Y1215Y S:W1217*	11	31608	0.000348	25184	25325
C25207T C25267T	S:Y1215Y S:C1235C	11	31379	0.000351	25145	25325
C25207T C25262-T T25283C	S:Y1215Y NA S:C1241R	11	31343	0.000351	25122	25325
C25207T C25214+G	S:Y1215Y NA	11	31608	0.000348	25201	25325
C25207T A25325G	S:Y1215Y Unknown	11	30732	0.000358	25133	25325
C25184T C25207T	S:Q1208* S:Y1215Y	11	30962	0.000355	25157	25213
C24981-T C24990T C25000T T25021-A	NA S:P1143L S:D1146D NA	11	5500	0.002	24850	25069
C24899-A	NA	11	7889	0.001394	24867	24921
C24784+T	NA	11	5579	0.001972	24724	24943
C24672-A A24684-T A24695-AG	NA NA NA	11	3491	0.003151	24612	24719
C24422-A A24425T T24469A	NA S:N955Y S:N969K	11	26327	0.000418	24412	24564
C24099T	S:A846V	11	2956	0.003721	24083	24106
C23833-A C23854A	NA S:N764K	11	17353	0.000634	23810	23895
C23757T G23856A C23887-A	S:T732I S:R765H NA	11	15492	0.00071	23683	23895
C23757T G23856A	S:T732I S:R765H	11	15959	0.000689	23683	23881
C23757T C23854A T23857C	S:T732I S:N764K S:R765R	11	15959	0.000689	23720	23895
C23757T A23810G C23854A	S:T732I S:S750G S:N764K	11	16038	0.000686	23683	23895
C23757T A23780G C23854A	S:T732I S:M740V S:N764K	11	16038	0.000686	23684	23881
C23718+A	NA	11	49445	0.000222	23696	23724
C23709+A C23854A	NA S:N764K	11	15576	0.000706	23683	23873
C23525T T23599G C23604G T23637A	S:H655Y S:N679K S:P681R S:I692N	11	29771	0.000369	23487	23642
C23525T T23599G C23604G G23611A	S:H655Y S:N679K S:P681R S:R683R	11	30436	0.000361	23487	23633
C23525T T23596-A T23599G C23604G	S:H655Y NA S:N679K S:P681R	11	30449	0.000361	23487	23630
C23525T T23560C T23599G C23604G	S:H655Y S:I666I S:N679K S:P681R	11	30449	0.000361	23487	23642
C23525T T23537C T23599G C23604G A23614G	S:H655Y S:S659P S:N679K S:P681R S:A684A	11	30433	0.000361	23487	23642
C23525T C23577+T T23599G C23604G	S:H655Y NA S:N679* S:P681C	11	30449	0.000361	23487	23642
C23271T T23335C A23403G C23423T	S:A570V S:S591S S:D614G S:P621S	11	5887	0.001869	23269	23443
C22295A G22302-T	S:H245N NA	11	6833	0.00161	22281	22319
C22120-A A22161-T A22193-ATT T22200G C22208T G22218-T C22295A	NA NA S:DEL212 S:V213G S:L216F NA S:H245N	11	3421	0.003215	22100	22310
C21711T C21736-T A21764-TACATG	S:S50L NA S:DEL69/70	11	5405	0.002035	21668	21802
A25405-T	NA	11	6842	0.001608	25382	25477
A25255G	S:T1231T	11	38190	0.000288	25251	25324
A25247G	S:M1229V	11	34069	0.000323	25223	25324
A25216-G	NA	11	33055	0.000333	25209	25325
A25194-AT G25197T C25207T A25208-T G25218-T C25262-T	NA S:W1212L S:Y1215Y NA NA NA	11	30758	0.000358	25122	25325
A25194-AT G25197T C25207T A25208-T C25262-T	NA S:W1212L S:Y1215Y NA NA	11	30758	0.000358	25130	25325
A25193G C25207T	S:K1211E S:Y1215Y	11	31457	0.00035	25130	25325
A25185-G C25207T	NA S:Y1215Y	11	30999	0.000355	25124	25325
A25167G C25207T	S:E1202G S:Y1215Y	11	30301	0.000363	25130	25324
A25147C C25207T	S:E1195D S:Y1215Y	11	29700	0.00037	25122	25325
A25146G	S:E1195G	11	31305	0.000351	25122	25185
A25125G	S:E1188G	11	29265	0.000376	25122	25170
A24647G	S:M1029V	11	16338	0.000673	24612	24679
A24629G	S:N1023D	11	16369	0.000672	24612	24667
A24595G	S:Q1011Q	11	12532	0.000878	24473	24679
A24567G	S:Q1002R	11	12776	0.000861	24550	24605
A24537G	S:Q992R	11	39946	0.000275	24482	24564
A24500G	S:I980V	11	40582	0.000271	24481	24530
A24478G	S:A972A	11	39870	0.000276	24470	24494
A24424T T24552C	S:Q954H S:I997T	11	25606	0.00043	24412	24564
A24424T T24504C	S:Q954H S:L981P	11	26103	0.000421	24412	24564
A24424T T24469A A24556G	S:Q954H S:N969K S:T998T	11	25474	0.000432	24412	24564
A24424T T24464C	S:Q954H S:S968P	11	26371	0.000417	24415	24564
A24424T T24451C T24469A	S:Q954H S:V963V S:N969K	11	26342	0.000418	24412	24554
A24424T T24451C	S:Q954H S:V963V	11	26510	0.000415	24412	24462
A24424T T24437C T24469A	S:Q954H S:L959L S:N969K	11	26342	0.000418	24412	24564
A24424T T24437C	S:Q954H S:L959L	11	26631	0.000413	24412	24564
A24424T C24536T	S:Q954H S:Q992*	11	25795	0.000426	24412	24552
A24424T C24435-T G24488-T	S:Q954H NA NA	11	26194	0.00042	24412	24516
A24424T C24431+A T24469A	S:Q954H NA S:N969Q	11	26342	0.000418	24412	24564
A24424T A24498G	S:Q954H S:D979G	11	26140	0.000421	24412	24564
A24424T A24468-T	S:Q954H NA	11	26346	0.000418	24412	24564
A24424T A24454G	S:Q954H S:K964K	11	26487	0.000415	24416	24485
A24424T A24453G T24469A	S:Q954H S:K964R S:N969K	11	26342	0.000418	24412	24564
A24424T A24433G T24469A	S:Q954H S:Q957Q S:N969K	11	26342	0.000418	24413	24564
A24424T A24430G T24469A	S:Q954H S:A956A S:N969K	11	26342	0.000418	24412	24564
A23720G C23757T C23854A	S:I720V S:T732I S:N764K	11	15612	0.000705	23683	23895
A23702G	S:I714V	11	49901	0.00022	23683	23724
A23515+G T23599G C23604G	NA S:N679* S:P681C	11	30416	0.000362	23487	23637
A23497-C C23525T T23599G C23604G	NA S:H655Y S:N679K S:P681R	11	30157	0.000365	23487	23642
A23403G T23411C C23423T C23525T	S:D614G S:C617R S:P621S S:H655Y	11	12580	0.000874	23335	23532
A23403G C23423T T23480C C23525T	S:D614G S:P621S S:S640P S:H655Y	11	12580	0.000874	23335	23532
A23403G C23423T T23427C C23525T	S:D614G S:P621S S:V622A S:H655Y	11	12580	0.000874	23335	23539
A23403G C23423T G23486-T T23488C C23525T	S:D614G S:P621S NA S:V642V S:H655Y	11	12580	0.000874	23339	23539
A23403G C23423T G23486-T A23495G C23525T	S:D614G S:P621S NA S:T645A S:H655Y	11	12580	0.000874	23335	23532
A23403G C23423T C23525T A23534G	S:D614G S:P621S S:H655Y S:N658D	11	12293	0.000895	23339	23539
A23403G C23423T C23525T A23526G	S:D614G S:P621S S:H655C S:H655C	11	12558	0.000876	23358	23539
A23403G C23423T C23502T C23525T	S:D614G S:P621S S:A647V S:H655Y	11	12580	0.000874	23335	23539
A23403G C23423T A23436G C23525T	S:D614G S:P621S S:H625R S:H655Y	11	12580	0.000874	23345	23532
A23400+G	NA	11	20982	0.000524	23336	23414
A23365G A23403G C23423T C23525T	S:G601G S:D614G S:P621S S:H655Y	11	12167	0.000904	23340	23539
A23354+T	NA	11	21549	0.00051	23339	23362
A22194G A22194-TT T22200G C22295A	S:N211S NA S:V213G S:H245N	11	3660	0.003005	22112	22319
A22110+G C22120-A A22193-ATT T22200G C22208T C22295A	NA NA S:DEL212 S:V213S S:L216S S:H245T	11	3383	0.003252	22100	22319
A21875-T T21940-G G21987A T21990-TTA C22000-A C22009-A T22032C C22033A A22034G	NA NA S:G142D S:DEL144 NA NA S:F157S S:F157S S:R158G	11	6817	0.001614	21847	22058
T25415C	ORF3a:F8S	10	6722	0.001488	25372	25474
T25307C	S:S1249P	10	39779	0.000251	25294	25325
T25291+A	NA	10	39303	0.000254	25282	25325
T25288C	S:S1242S	10	39243	0.000255	25278	25325
T25285+A	NA	10	39185	0.000255	25270	25323
T25257C	S:I1232T	10	38262	0.000261	25238	25323
T25205C C25207T	S:Y1215H S:Y1215H	10	32124	0.000311	25143	25325
T25191-A C25207T G25218+T C25262-T	NA S:Y1215Y NA NA	10	30595	0.000327	25124	25325
T25189C C25207T C25262-T	S:Y1209Y S:Y1215Y NA	10	30446	0.000328	25124	25314
T25171+G	NA	10	31653	0.000316	25130	25181
T25161-C C25207T	NA S:Y1215Y	10	30146	0.000332	25151	25325
T25150C C25207T C25262-T	S:S1196S S:Y1215Y NA	10	29077	0.000344	25122	25325
T25148C C25207T	S:S1196P S:Y1215Y	10	29717	0.000337	25138	25317
T24873+A	NA	10	8019	0.001247	24853	24884
T24663C	S:L1034P	10	16239	0.000616	24612	24679
T24625C	S:S1021S	10	16338	0.000612	24612	24679
T24583C	S:Y1007Y	10	12546	0.000797	24489	24679
T24565C	S:L1001L	10	39314	0.000254	24476	24679
T24544+A C24672-A	NA NA	10	12118	0.000825	24474	24679
T24469A T24658C	S:N969K S:C1032C	10	9016	0.001109	24465	24679
T24469A T24552C	S:N969K S:I997T	10	35543	0.000281	24465	24564
T24469A T24480C	S:N969K S:I973T	10	36774	0.000272	24465	24564
T24469A G24550A	S:N969K S:L996L	10	35613	0.000281	24465	24564
T24469A C24517-A	S:N969K NA	10	36272	0.000276	24465	24564
T24469A C24503-T	S:N969K NA	10	36455	0.000274	24465	24564
T24414C T24417C A24424T T24469A	S:V951A S:V952A S:Q954H S:N969K	10	26115	0.000383	24412	24564
T24375C T24377-C A24424T	S:L938P NA S:Q954H	10	1973	0.005068	24353	24424
T24352+A T24377-C A24424T	NA NA S:Q954P	10	1921	0.005206	24336	24424
T24267-G A24424T	NA S:Q954H	10	1456	0.006868	24239	24424
T23693C C23854A	S:S711P S:N764K	10	15358	0.000651	23683	23895
T23599G C23604G T23641C	S:N679K S:P681R S:I693I	10	60195	0.000166	23580	23724
T23599G C23604G T23641-G	S:N679K S:P681R NA	10	60195	0.000166	23580	23724
T23599G C23604G T23622+G	S:N679K S:P681R NA	10	61592	0.000162	23580	23642
T23599G C23604G C23613+A	S:N679K S:P681R NA	10	61672	0.000162	23582	23631
T23599G C23604G C23606-G	S:N679K S:P681R NA	10	61693	0.000162	23580	23616
T23599G C23604G A23696-T	S:N679K S:P681R NA	10	29935	0.000334	23580	23724
T23599G C23604A T23652C C23673T	S:N679K S:P681H S:M697T S:S704L	10	30138	0.000332	23580	23724
T23386C A23403G C23423T C23525T	S:V608V S:D614G S:P621S S:H655Y	10	12401	0.000806	23335	23532
T23385C A23403G C23423T C23525T	S:V608A S:D614G S:P621S S:H655Y	10	12388	0.000807	23335	23539
T23352C A23403G C23423T C23525T	S:V597A S:D614G S:P621S S:H655Y	10	12079	0.000828	23335	23539
T21609+CATGCCGCTGTT C21618T C21622T G21624C T21632-TACCCCCTG C21721+T A21764-TACATG	S:INS17HAAV S:T19F S:T20F S:R21T S:DEL25/27 NA S:DEL69/70	10	4538	0.002204	21597	21802
G25313A	S:G1251R	10	39882	0.000251	25308	25325
G25311+C	NA	10	39850	0.000251	25294	25325
G25230A	S:G1223D	10	33762	0.000296	25219	25325
G25130-C C25207T	NA S:Y1215Y	10	27983	0.000357	25122	25325
G24868-T C24981-T C24990T C25000T	NA NA S:P1143L S:D1146D	10	5396	0.001853	24850	25069
G24858A C24981-T C24990T C25000T	S:G1099D NA S:P1143L S:D1146D	10	5377	0.00186	24850	25065
G24776-A	NA	10	5558	0.001799	24724	24806
G24530+A	NA	10	40101	0.000249	24470	24539
G24488-T C24517-A C24672-A	NA NA NA	10	11746	0.000851	24486	24679
G24488-T C24503-T	NA NA	10	40090	0.000249	24480	24513
G24486T	S:S975I	10	40355	0.000248	24470	24499
G23508+T	NA	10	45804	0.000218	23491	23520
G23222A C23271T A23274G	S:E554K S:A570V S:D571G	10	3883	0.002575	23211	23290
G22813T T22882G G22895C T22896C G22898A T22926-G T22930A T22942G	S:K417N S:N440K S:V445P S:V445P S:G446S NA S:F456L S:N460K	10	186	0.053763	22793	22956
G22104-A	NA	10	4037	0.002477	22100	22124
G21987A T21990-TTA T22032C C22033A A22034G G22037-T	S:G142D S:DEL144 S:F157S S:F157S S:R158G NA	10	8203	0.001219	21970	22058
G21987A T21990-TTA C22000-A C22009-A T22032C C22033A A22034G	S:G142D S:DEL144 NA NA S:F157S S:F157S S:R158G	10	8208	0.001218	21954	22058
C25207T T25319A	S:Y1215Y S:C1253S	10	31030	0.000322	25200	25325
C25207T T25270C	S:Y1215Y S:C1236C	10	31371	0.000319	25140	25325
C25207T T25265G	S:Y1215Y S:C1235G	10	31402	0.000318	25122	25325
C25207T T25236C	S:Y1215Y S:I1225T	10	31534	0.000317	25199	25325
C25207T T25233C C25262-T	S:Y1215Y S:L1224S NA	10	31420	0.000318	25122	25325
C25207T T25222C	S:Y1215Y S:F1220F	10	31583	0.000317	25122	25325
C25207T C25240T	S:Y1215Y S:A1226A	10	31523	0.000317	25122	25325
C25207T A25247-T	S:Y1215Y NA	10	31501	0.000317	25122	25316
C25156T C25207T	S:I1198I S:Y1215Y	10	30039	0.000333	25130	25325
C24517+A	NA	10	40449	0.000247	24465	24564
C24466+A C24672-A	NA NA	10	8862	0.001128	24465	24679
C24435+T	NA	10	27011	0.00037	24428	24451
C24320-AA	NA	10	3768	0.002654	24229	24338
C24026-T C24119-A	NA NA	10	2282	0.004382	24021	24185
C23854A T23861C	S:N764K S:L767L	10	17722	0.000564	23847	23895
C23854A A23889G	S:N764K S:K776R	10	17199	0.000581	23806	23895
C23757T T23850+A	S:T732I NA	10	16127	0.00062	23683	23866
C23757T C23859T	S:T732I S:A766V	10	15950	0.000627	23705	23895
C23757T C23816-T G23835-T C23854A	S:T732I NA NA S:N764K	10	16038	0.000624	23683	23895
C23757T A23770G C23854A	S:T732I S:V736V S:N764K	10	16038	0.000624	23723	23895
C23694+G	NA	10	49945	0.0002	23682	23724
C23683+A	NA	10	32656	0.000306	23665	23711
C23604G G23666-A	S:P681R NA	10	30277	0.00033	23580	23697
C23591+G T23599G C23604G	NA S:N679* S:P681C	10	61620	0.000162	23580	23627
C23525T T23599G C23604G C23635T	S:H655Y S:N679K S:P681R S:S691S	10	29915	0.000334	23487	23642
C23525T T23599G C23604G A23639G	S:H655Y S:N679K S:P681R S:I693V	10	29391	0.00034	23487	23642
C23525T T23599G C23604G A23636-T A23639G	S:H655Y S:N679K S:P681R NA S:I693V	10	29391	0.00034	23501	23642
C23525T T23599A C23604G	S:H655Y S:N679K S:P681R	10	30449	0.000328	23487	23638
C23525T T23596+A T23599G C23604G	S:H655Y NA S:N679* S:P681C	10	30449	0.000328	23501	23641
C23525T G23567A T23599G C23604G	S:H655Y S:G669S S:N679K S:P681R	10	30449	0.000328	23508	23642
C23525T C23595T T23599G C23604G	S:H655Y S:T678I S:N679K S:P681R	10	30449	0.000328	23487	23641
C23525T A23531T T23599G C23604G	S:H655Y S:N657Y S:N679K S:P681R	10	30449	0.000328	23487	23642
C23506T C23525T T23599G C23604G	S:G648G S:H655Y S:N679K S:P681R	10	30358	0.000329	23493	23642
C23498T C23525T T23599G C23604G	S:R646C S:H655Y S:N679K S:P681R	10	30168	0.000331	23487	23642
C23492-A C23525T	NA S:H655Y	10	44809	0.000223	23487	23538
C23492+A C23525T	NA S:H655S	10	44809	0.000223	23486	23537
C23361T A23403G C23423T C23525T	S:P600L S:D614G S:P621S S:H655Y	10	12138	0.000824	23349	23539
C23271T T23317C A23403G C23423T	S:A570V S:L585L S:D614G S:P621S	10	5887	0.001699	23269	23443
C23271T C23334-T C23367+A A23403G C23423T	S:A570V NA NA S:D614G S:P621S	10	5887	0.001699	23269	23443
C23271T A23359G A23403G C23423T	S:A570V S:T599T S:D614G S:P621S	10	5887	0.001699	23269	23434
C23099-T G23222A C23271T	NA S:E554K S:A570V	10	3495	0.002861	23089	23279
C22295A C22353A C22383+T	S:H245N S:A264D NA	10	588	0.017007	22246	22398
A25417G	ORF3a:T9A	10	6702	0.001492	25372	25431
A25397-T	NA	10	6914	0.001446	25372	25431
A25256+T C25262-T	NA NA	10	38173	0.000262	25251	25322
A25256+T	NA	10	38210	0.000262	25251	25299
A25201G C25207T C25262-T	S:P1213P S:Y1215Y NA	10	31232	0.00032	25130	25325
A25176G C25207T C25262-T	S:K1205R S:Y1215Y NA	10	29873	0.000335	25122	25322
A25137-T C25207T	NA S:Y1215Y	10	29220	0.000342	25130	25253
A25136G	S:N1192D	10	30805	0.000325	25122	25155
A25134G C25207T	S:K1191R S:Y1215Y	10	29004	0.000345	25122	25323
A24780G	S:K1073R	10	5574	0.001794	24724	24791
A24777G	S:E1072G	10	5563	0.001798	24765	24791
A24774G	S:Q1071R	10	5551	0.001801	24730	24806
A24735G	S:H1058R	10	5344	0.001871	24724	24806
A24667G	S:G1035G	10	16223	0.000616	24634	24679
A24610G	S:A1016A	10	12525	0.000798	24568	24679
A24587G	S:T1009A	10	12541	0.000797	24476	24679
A24532G	S:E990E	10	40070	0.00025	24465	24564
A24518G G24570A	S:K986E S:S1003N	10	12603	0.000793	24498	24679
A24498G	S:D979G	10	40564	0.000247	24483	24564
A24485G	S:S975G	10	40335	0.000248	24480	24517
A24424T T24469A T24541C	S:Q954H S:N969K S:I993I	10	25757	0.000388	24412	24564
A24424T T24469A T24501C	S:Q954H S:N969K S:I980T	10	26125	0.000383	24416	24564
A24424T T24469A G24527A	S:Q954H S:N969K S:A989T	10	25884	0.000386	24412	24564
A24424T T24469A G24474A	S:Q954H S:N969K S:G971D	10	26279	0.000381	24412	24564
A24424T T24469A A24554G	S:Q954H S:N969K S:T998A	10	25568	0.000391	24412	24564
A24424T T24469A A24537G	S:Q954H S:N969K S:Q992R	10	25782	0.000388	24412	24564
A24424T T24469A A24478G	S:Q954H S:N969K S:A972A	10	26256	0.000381	24412	24564
A24424T T24459C	S:Q954H S:L966P	10	26425	0.000378	24412	24564
A24424T G24510+T	S:Q954H NA	10	26044	0.000384	24412	24543
A24424T C24536-AA	S:Q954H NA	10	25795	0.000388	24412	24564
A24424T C24483+A	S:Q954H NA	10	26235	0.000381	24412	24492
A24424T A24467C	S:Q954H Unknown	10	26355	0.000379	24412	24468
A24424T A24456G T24469A	S:Q954H S:Q965R S:N969K	10	26342	0.00038	24412	24564
A24424T A24443+C	S:Q954H NA	10	26595	0.000376	24412	24564
A24424T A24430G	S:Q954H S:A956A	10	26684	0.000375	24412	24564
A24424T A24426G	S:Q954H S:N955S	10	26687	0.000375	24412	24564
A24253-T A24323-AAT	NA S:DEL922	10	3271	0.003057	24229	24337
A23753G C23757T C23854A	S:M731V S:T732I S:N764K	10	16027	0.000624	23683	23881
A23712+T C23887-A	NA NA	10	15047	0.000665	23683	23895
A23704-C	NA	10	49895	0.0002	23686	23724
A23702G C23757T C23854A	S:I714V S:T732I S:N764K	10	15527	0.000644	23683	23895
A23688+T	NA	10	49790	0.000201	23683	23702
A23515G C23525T T23599G C23604G	S:I651M S:H655Y S:N679K S:P681R	10	30416	0.000329	23487	23637
A23515-G C23525T T23599G C23604A	NA S:H655Y S:N679K S:P681H	10	30416	0.000329	23493	23624
A23403G C23423T T23490C C23525T	S:D614G S:P621S S:F643S S:H655Y	10	12580	0.000795	23335	23539
A23403G C23423T T23443C C23525T	S:D614G S:P621S S:D627D S:H655Y	10	12580	0.000795	23342	23539
A23403G C23423T G23438A C23525T	S:D614G S:P621S S:A626T S:H655Y	10	12580	0.000795	23335	23539
A23403G C23423T A23497G C23525T	S:D614G S:P621S S:T645T S:H655Y	10	12580	0.000795	23335	23529
A23403G C23423T A23493G C23525T	S:D614G S:P621S S:Q644R S:H655Y	10	12580	0.000795	23389	23539
A23169C G23222A C23271T	S:N536T S:E554K S:A570V	10	3640	0.002747	23089	23279
A22556G G22577C G22578A A22629C C22674T	S:I332V S:G339H S:G339H S:K356T S:S371F	10	133	0.075188	22494	22676
A22194G A22194-TT T22200G C22208T C22295A	S:N211S NA S:V213G S:L216F S:H245N	10	3660	0.002732	22100	22319
A22135+GT A22193-ATT T22200G C22208T C22295A	NA S:DEL212 S:V213W S:L216F S:H245N	10	3447	0.002901	22100	22319
A21875+T	NA	10	8355	0.001197	21855	21891
A21675+T C21711T A21764-TACATG	NA S:S50F S:DEL69/70	10	5259	0.001902	21667	21802
