nt_mutations	aa_mutations	cluster_depth	total_depth	frequency	coverage_start	coverage_end
C23525T T23599G C23604G	S:H655Y S:N679K S:P681R	27267	52875	0.515688	23521	23605
T23599G C23604G	S:N679K S:P681R	13124	77860	0.168559	23595	23605
A24424T T24469A	S:Q954H S:N969K	9214	37294	0.247064	24422	24481
C25207T	S:Y1215Y	8603	28987	0.296788	25205	25210
A24424T	S:Q954H	6442	40059	0.160813	24421	24424
C23854A	S:N764K	6321	22765	0.277663	23850	23860
A23403G C23423T C23525T	S:D614G S:P621S S:H655Y	4900	17045	0.287474	23399	23529
C23271T A23403G C23423T	S:A570V S:D614G S:P621S	3536	15326	0.230719	23269	23429
C22295A	S:H245N	3284	15828	0.20748	22291	22301
T24469A	S:N969K	2240	49472	0.045278	24465	24478
C24672-A	NA	2114	22667	0.093263	24638	24679
A23403G C23423T	S:D614G S:P621S	1906	35668	0.053437	23401	23424
C24990T C25000T	S:P1143L S:D1146D	1729	15599	0.11084	24979	25003
C24981-T C24990T C25000T	NA S:P1143L S:D1146D	1650	15580	0.105905	24939	25005
C23525T T23599G C23604A	S:H655Y S:N679K S:P681H	1644	52875	0.031092	23522	23612
C25207T C25262-T	S:Y1215Y NA	1601	28624	0.055932	25181	25277
C23271T C23334-T A23403G C23423T	S:A570V NA S:D614G S:P621S	1569	15326	0.102375	23269	23429
T22032C C22033A A22034G	S:F157S S:F157S S:R158G	1491	13372	0.111502	22025	22043
C22295A C22353A	S:H245N S:A264D	1355	3757	0.36066	22290	22357
C23887-A	NA	1349	22290	0.06052	23860	23894
C23525T	S:H655Y	1312	72354	0.018133	23521	23527
A24424T T24469A T24472-G	S:Q954H S:N969K NA	1264	37243	0.033939	24417	24546
C23423T C23525T	S:P621S S:H655Y	1220	17374	0.07022	23419	23529
T21609+CATGCCGCTGTT C21618T C21622T G21624C T21632-TACCCCCTG C21711T A21764-TACATG	S:INS17HAAV S:T19F S:T20F S:R21T S:DEL25/27 S:S50L S:DEL69/70	1191	8440	0.141114	21601	21788
T23599G	S:N679K	1147	77908	0.014722	23595	23600
C23525T C23604G	S:H655Y S:P681R	1088	52875	0.020577	23513	23609
C23604G	S:P681R	1080	77967	0.013852	23602	23608
A22193-ATT T22200G C22208T C22295A	S:DEL212 S:V213G S:L216F S:H245N	989	6972	0.141853	22187	22301
G25555-T	NA	988	12453	0.079338	25384	25566
C25262-T	NA	986	35938	0.027436	25258	25273
G23222A C23271T	S:E554K S:A570V	833	5021	0.165903	23214	23274
C23271T C23334-T C23423T	S:A570V NA S:P621S	822	15326	0.053634	23269	23426
G21987A T21990-TTA T22032C C22033A A22034G	S:G142D S:DEL144 S:F157S S:F157S S:R158G	721	10429	0.069134	21975	22043
G23948T	S:D796Y	649	3220	0.201553	23944	23951
A24880G G24882A C24990T C25000T	S:Q1106Q S:R1107K S:P1143L S:D1146D	610	14879	0.040997	24867	25055
T23599G C23604G A23712-T	S:N679K S:P681R NA	596	23058	0.025848	23582	23720
C21618T C21622T G21624C T21632-TACCCCCTG C21711T A21764-TACATG	S:T19I S:T20T S:R21T S:DEL25/27 S:S50L S:DEL69/70	588	8441	0.06966	21609	21780
C23423T	S:P621S	568	36139	0.015717	23419	23426
A23403G	S:D614G	563	35961	0.015656	23399	23415
C23271T	S:A570V	538	21658	0.024841	23269	23274
A23403G C23525T	S:D614G S:H655Y	502	17045	0.029451	23398	23530
C23525T T23599G	S:H655Y S:N679K	487	52894	0.009207	23509	23621
T21609+CATGCCGCTGTT C21618T C21622T G21624C T21632-TACCCCCTG A21764-TACATG	S:INS17HAAV S:T19F S:T20F S:R21T S:DEL25/27 S:DEL69/70	486	8440	0.057583	21600	21780
C23525T T23599G C23604G G23612A	S:H655Y S:N679K S:P681R S:A684T	473	52853	0.008949	23516	23624
C21711T A21764-TACATG	S:S50L S:DEL69/70	472	9975	0.047318	21706	21778
A24253-T	NA	472	7260	0.065014	24239	24265
T21940-G G21987A T21990-TTA T22032C C22033A A22034G	NA S:G142D S:DEL144 S:F157S S:F157S S:R158G	468	8979	0.052122	21926	22043
T22032C C22033A	S:F157S S:F157S	464	13372	0.034699	22022	22043
C24990T	S:P1143L	446	15689	0.028428	24986	24999
A25194-AT G25197T C25207T C25262-T	NA S:W1212L S:Y1215Y NA	434	27725	0.015654	25138	25281
G21941T G21987A T21990-TTA T22032C C22033A A22034G	S:V127F S:G142D S:DEL144 S:F157S S:F157S S:R158G	421	8979	0.046887	21936	22049
C25000T	S:D1146D	408	15855	0.025733	24995	25004
T24377-C A24424T	NA S:Q954H	407	2280	0.178509	24369	24424
T24469A T24472-G	S:N969K NA	399	49410	0.008075	24465	24563
A24110-T	NA	396	5195	0.076227	24101	24120
C23271T A23403G	S:A570V S:D614G	383	15529	0.024664	23269	23414
T24471-TG	NA	376	52687	0.007136	24465	24553
C22120-A A22193-ATT T22200G C22208T C22295A	NA S:DEL212 S:V213G S:L216F S:H245N	371	6509	0.056998	22113	22301
C23271T C23423T	S:A570V S:P621S	362	15326	0.02362	23269	23426
T24492-A	NA	361	55761	0.006474	24486	24552
A25194-AT G25197T C25207T	NA S:W1212L S:Y1215Y	345	28088	0.012283	25135	25232
T21609+CATGCCGCTGTT C21618T C21622T G21624C T21632-TACCCCCTG C21711T A21764-TACATG C21781-A	S:INS17HAAV S:T19F S:T20F S:R21T S:DEL25/27 S:S50L S:DEL69/70 NA	334	8421	0.039663	21597	21790
C23854A C23887-A	S:N764K NA	333	21840	0.015247	23842	23895
C21618T C21622T G21624C T21632-TACCCCCTG C21711T A21764-TACATG C21781-A	S:T19I S:T20T S:R21T S:DEL25/27 S:S50L S:DEL69/70 NA	312	8422	0.037046	21608	21802
G25198-C C25207T	NA S:Y1215Y	311	28319	0.010982	25190	25324
T25191-A C25207T C25262-T	NA S:Y1215Y NA	304	27536	0.01104	25170	25275
C23525T A23558-T T23599G C23604G	S:H655Y NA S:N679K S:P681R	301	52875	0.005693	23505	23624
A24424T T24469A C24536-A	S:Q954H S:N969K NA	296	36723	0.00806	24416	24548
A23403G C23423T G23486-T C23525T	S:D614G S:P621S NA S:H655Y	286	17045	0.016779	23386	23529
T23599G C23604G G23666-A	S:N679K S:P681R NA	284	23733	0.011966	23587	23689
T25196-G C25207T C25262-T	NA S:Y1215Y NA	264	27857	0.009477	25145	25275
G23222A	S:E554K	261	5329	0.048977	23207	23224
T25196-G C25207T	NA S:Y1215Y	255	28220	0.009036	25187	25209
A23515+G C23525T T23599G C23604G	NA S:H655S S:N679* S:P681C	253	52806	0.004791	23487	23624
C24536-A	NA	246	55410	0.00444	24528	24552
A22556G G22577C G22578A A22629C C22674T T22679C	S:I332V S:G339H S:G339H S:K356T S:S371F S:S373P	239	1158	0.20639	22551	22682
G24882A C24990T C25000T	S:R1107K S:P1143L S:D1146D	237	14879	0.015928	24856	25059
C23525T T23599G C23604G C23609T	S:H655Y S:N679K S:P681R S:R683W	237	52857	0.004484	23508	23637
C23334-T A23403G C23423T	NA S:D614G S:P621S	235	17288	0.013593	23309	23438
C24119-A	NA	228	5640	0.040426	24112	24132
C24672-A A24684-T	NA NA	226	5604	0.040328	24620	24696
C23525T T23599G C23601A C23604G	S:H655Y S:N679K S:S680Y S:P681R	225	52875	0.004255	23521	23624
T23599G C23604G G23610T	S:N679K S:P681R S:R683L	224	77818	0.002879	23581	23626
C23525T T23590C T23599G C23604G	S:H655Y S:T676T S:N679K S:P681R	223	52875	0.004217	23505	23615
A21764-TACATG	S:DEL69/70	218	10200	0.021373	21757	21780
T25191-A C25207T	NA S:Y1215Y	215	27899	0.007706	25161	25224
C23271T C23277T A23403G C23423T	S:A570V S:T572I S:D614G S:P621S	214	15326	0.013963	23269	23429
C23595T T23599G C23604G	S:T678I S:N679K S:P681R	213	77830	0.002737	23593	23626
C24981-T C25000T	NA S:D1146D	212	15580	0.013607	24857	25004
G24140-T	NA	207	6253	0.033104	24130	24164
A24424T C24536-A	S:Q954H NA	204	36723	0.005555	24416	24558
C25566T	ORF3a:S58S	198	12283	0.01612	25372	25566
T23599G C23604G C23673T	S:N679K S:P681R S:S704L	197	23685	0.008318	23581	23700
T23599G C23604G A23704+C	S:N679K S:P681R NA	195	23257	0.008385	23590	23724
C24378T A24424T	S:S939F S:Q954H	195	2280	0.085526	24374	24424
T23599G C23604A C23673T	S:N679K S:P681H S:S704L	193	23685	0.008149	23580	23700
A24424T T24471-TG	S:Q954H NA	190	37245	0.005101	24412	24554
C21618T C21622T G21624C T21632-TACCCCCTG	S:T19I S:T20T S:R21T S:DEL25/27	189	9716	0.019452	21597	21657
G24488-T	NA	187	55645	0.003361	24486	24499
C23525T T23599G C23604G C23630-A	S:H655Y S:N679K S:P681R NA	186	52380	0.003551	23510	23634
A22193-ATT T22200G C22295A	S:DEL212 S:V213G S:H245N	181	6972	0.025961	22180	22305
C25207T C25262-TT	S:Y1215Y NA	180	28624	0.006288	25130	25307
C23271T C23334-T	S:A570V NA	180	16251	0.011076	23269	23345
C23757T C23854A	S:T732I S:N764K	175	19460	0.008993	23750	23881
G21941T G21987A T21990-TTA	S:V127F S:G142D S:DEL144	174	10145	0.017151	21932	22007
A23786-T C23854A	NA S:N764K	174	21617	0.008049	23775	23886
T24470-TTG	S:DEL971	173	49605	0.003488	24465	24564
C23525T T23599G C23604G G23610T	S:H655Y S:N679K S:P681R S:R683L	172	52855	0.003254	23487	23624
T24469A C24672-A	S:N969K NA	171	10919	0.015661	24465	24679
C23525T T23599G C23604G C23635T	S:H655Y S:N679K S:P681R S:S691S	170	52185	0.003258	23507	23637
A24424T G24488-T	S:Q954H NA	168	37154	0.004522	24413	24514
C21618T C21622T G21624C T21632-TACCCCCTG A21764-TACATG	S:T19I S:T20T S:R21T S:DEL25/27 S:DEL69/70	166	8441	0.019666	21597	21795
G21987A T21990-TTA T22032C C22033A	S:G142D S:DEL144 S:F157S S:F157S	160	10429	0.015342	21975	22047
G23501T C23525T T23599G C23601T C23604G	S:A647S S:H655Y S:N679K S:S680F S:P681R	157	52500	0.00299	23487	23637
T21990-TTA T22032C C22033A A22034G	S:DEL144 S:F157S S:F157S S:R158G	156	10429	0.014958	21977	22043
C23525T C23595T T23599G C23604G	S:H655Y S:T678I S:N679K S:P681R	156	52875	0.00295	23498	23641
A23503G C23525T T23599G C23604G	S:A647A S:H655Y S:N679K S:P681R	156	52624	0.002964	23501	23624
C23525T T23581C T23599G C23604G G23612A	S:H655Y S:S673S S:N679K S:P681R S:A684T	155	52853	0.002933	23488	23634
C22353A	S:A264D	153	3863	0.039607	22348	22364
A25453G	ORF3a:K21E	152	18933	0.008028	25382	25459
C21711T A21764-TACATG C21781-A	S:S50L S:DEL69/70 NA	151	9948	0.015179	21707	21788
T24267-G	NA	147	7284	0.020181	24254	24334
T21609+CATGCCGCTGTT C21618T C21622T G21624C T21632-TACCCCCTG	S:INS17HAAV S:T19F S:T20F S:R21T S:DEL25/27	147	9715	0.015131	21597	21659
C23525T C23575T T23599G C23604G	S:H655Y S:C671C S:N679K S:P681R	144	52875	0.002723	23487	23624
C23525T A23550G T23599G C23604G	S:H655Y S:D663G S:N679K S:P681R	143	52875	0.002704	23505	23624
A23712-T	NA	143	47372	0.003019	23699	23724
G23835-T C23854A	NA S:N764K	142	22262	0.006379	23794	23881
G23501T C23525T T23599G C23604G	S:A647S S:H655Y S:N679K S:P681R	139	52500	0.002648	23487	23624
C23525T T23599G C23604G G23610A	S:H655Y S:N679K S:P681R S:R683Q	138	52855	0.002611	23492	23624
A24110-T C24119-A	NA NA	138	5094	0.027091	24021	24138
A23403G C23423T T23455C C23525T	S:D614G S:P621S S:P631P S:H655Y	137	17045	0.008038	23351	23532
C22208T C22295A	S:L216F S:H245N	136	7337	0.018536	22204	22319
C23334-T C23423T	NA S:P621S	135	17288	0.007809	23285	23426
C23271T C23277T C23334-T A23403G C23423T	S:A570V S:T572I NA S:D614G S:P621S	133	15326	0.008678	23269	23434
C25517-T	NA	131	13420	0.009762	25372	25527
C23525T A23552G T23599G C23604G	S:H655Y S:I664V S:N679K S:P681R	131	52875	0.002478	23492	23624
T24472-G	NA	130	52780	0.002463	24465	24562
T23599G C23604A	S:N679K S:P681H	130	77860	0.00167	23595	23627
C24981-T C24990T	NA S:P1143L	124	15670	0.007913	24853	24998
T23511+A C23525T T23599G C23604G	NA S:H655S S:N679* S:P681C	120	52783	0.002273	23504	23622
A24684-T	NA	119	5842	0.02037	24673	24699
C23525T T23599G C23604G G23628T	S:H655Y S:N679K S:P681R S:S689I	118	52388	0.002252	23515	23629
C23525T C23533-A T23599G C23604G	S:H655Y NA S:N679K S:P681R	117	52875	0.002213	23487	23622
C22295A C22353A G22403-A	S:H245N S:A264D NA	116	3311	0.035035	22256	22413
T22200G C22295A	S:V213G S:H245N	114	7051	0.016168	22196	22319
G21941T G21987A	S:V127F S:G142D	114	10191	0.011186	21871	21991
C23525T T23599G C23604G T23629C	S:H655Y S:N679K S:P681R S:S689S	114	52385	0.002176	23488	23633
G22104-A C22120-A A22193-ATT T22200G C22208T C22295A	NA NA S:DEL212 S:V213G S:L216F S:H245N	113	6356	0.017778	22100	22301
C24517-A	NA	113	55697	0.002029	24504	24528
A24880G G24882A C24990T	S:Q1106Q S:R1107K S:P1143L	111	14937	0.007431	24858	25065
G24971+T C24981-T C24990T C25000T	NA NA S:P1143I S:D1146S	109	15520	0.007023	24857	25016
C23525T A23554T A23554-CC T23599G C23604G	S:H655Y S:I664I NA S:N679K S:P681R	109	52875	0.002061	23501	23633
A24922-T C24981-T C24990T C25000T	NA NA S:P1143L S:D1146D	109	15289	0.007129	24867	25017
T25140-A C25207T	NA S:Y1215Y	108	25500	0.004235	25130	25210
T21940-G G21987A T21990-TTA C22000-A T22032C C22033A A22034G	NA S:G142D S:DEL144 NA S:F157S S:F157S S:R158G	108	8979	0.012028	21848	22043
C23709+A	NA	106	47465	0.002233	23690	23720
C24517-A C24672-A	NA NA	105	16620	0.006318	24493	24679
C23525T A23531G T23599G C23604G	S:H655Y S:N657D S:N679K S:P681R	104	52875	0.001967	23501	23624
T23599G C23604G C23609T	S:N679K S:P681R S:R683W	103	77827	0.001323	23584	23625
A24424T T24469A T24472-G C24536-A	S:Q954H S:N969K NA NA	103	36723	0.002805	24412	24552
G25198-C	NA	101	28488	0.003545	25190	25324
C24616T	S:I1018I	101	22825	0.004425	24583	24658
C23423T G23486-T C23525T	S:P621S NA S:H655Y	101	17374	0.005813	23407	23533
C23525T T23529C T23599G C23604G	S:H655Y S:V656A S:N679K S:P681R	100	52875	0.001891	23487	23641
T25382+A	NA	99	20165	0.004909	25375	25393
T23850+A C23887-A	NA NA	99	21750	0.004552	23792	23895
G25540+T	NA	99	12675	0.007811	25372	25549
G21987A T21990-TTA	S:G142D S:DEL144	98	11601	0.008448	21974	22007
C23854A G23948T	S:N764K S:D796Y	98	1411	0.069454	23852	23971
T22200G C22208T C22295A	S:V213G S:L216F S:H245N	97	7051	0.013757	22197	22297
C23334-T	NA	97	18393	0.005274	23322	23346
A23400+G C23423T C23525T	NA S:P621S S:H655S	97	17044	0.005691	23374	23529
A22294-C	NA	97	15840	0.006124	22282	22319
C25294-A	NA	96	36394	0.002638	25281	25322
A23403G C23423T T23452C C23525T	S:D614G S:P621S S:T630T S:H655Y	96	17045	0.005632	23381	23539
G24971+T C24990T C25000T	NA S:P1143I S:D1146S	95	15520	0.006121	24893	25015
C23525T A23586G T23599G C23604G	S:H655Y S:Q675R S:N679K S:P681R	95	52875	0.001797	23505	23641
A24880G G24882A G24883-A C24990T C25000T	S:Q1106Q S:R1107K NA S:P1143L S:D1146D	95	14879	0.006385	24853	25069
G23835-T	NA	94	22835	0.004116	23767	23847
C22120-A A22193-ATT T22200G C22208T G22218-T C22295A	NA S:DEL212 S:V213G S:L216F NA S:H245N	94	6509	0.014442	22112	22310
A23853-C	NA	94	22780	0.004126	23845	23882
A22556G G22577C G22578A A22629C T22679C	S:I332V S:G339H S:G339H S:K356T S:S373P	94	1158	0.081174	22496	22682
C23525T A23594G T23599G C23604G	S:H655Y S:T678A S:N679K S:P681R	93	52875	0.001759	23505	23624
G21941T G21987A T21990-TTA T22032C C22033A	S:V127F S:G142D S:DEL144 S:F157S S:F157S	92	8979	0.010246	21931	22058
C25207T G25218-T	S:Y1215Y NA	92	28762	0.003199	25178	25250
C23525T T23548C T23599G C23604G	S:H655Y S:C662C S:N679K S:P681R	92	52875	0.00174	23518	23621
C23525T A23554+C T23599G C23604G	S:H655Y NA S:N679* S:P681C	92	52875	0.00174	23493	23624
A23403G C23423T T23482-A C23525T	S:D614G S:P621S NA S:H655Y	92	17045	0.005397	23384	23532
A24880G G24882A C25000T	S:Q1106Q S:R1107K S:D1146D	91	14879	0.006116	24863	25065
A24424T T24469A C24536-AA	S:Q954H S:N969K NA	91	36723	0.002478	24412	24558
A23786+T C23887-A	NA NA	91	20705	0.004395	23684	23895
C24852-A	NA	89	17752	0.005014	24850	24866
C24150+T	NA	89	10238	0.008693	24148	24164
C23525T T23599G C23604G A23631G	S:H655Y S:N679K S:P681R S:Q690R	87	52306	0.001663	23501	23642
A22193-ATT T22200G C22208T C22227-T C22295A	S:DEL212 S:V213G S:L216F NA S:H245N	87	6972	0.012478	22136	22301
G21987A	S:G142D	86	11647	0.007384	21980	21992
C21978A G21987A T21990-TTA T22032C C22033A A22034G	S:P139Q S:G142D S:DEL144 S:F157S S:F157S S:R158G	86	10420	0.008253	21960	22058
T21976-C G21987A T21990-TTA T22032C C22033A A22034G	NA S:G142D S:DEL144 S:F157S S:F157S S:R158G	85	10416	0.008161	21967	22058
C23525T A23572G T23599G C23604G	S:H655Y S:I670M S:N679K S:P681R	85	52875	0.001608	23487	23624
T21940-G G21987A T21990-TTA T22032C C22033A	NA S:G142D S:DEL144 S:F157S S:F157S	84	8979	0.009355	21927	22050
G24488-T C24672-A	NA NA	84	16373	0.00513	24470	24679
C24026-T	NA	84	6856	0.012252	24021	24041
A25397-T	NA	84	19999	0.0042	25382	25412
C25262-T A25327-T	NA NA	83	3944	0.021045	25251	25335
C25207T C25294-A	S:Y1215Y NA	83	28493	0.002913	25201	25323
C23334-T A23403G	NA S:D614G	83	17512	0.00474	23285	23439
A24424T C24517-A	S:Q954H NA	83	36914	0.002248	24412	24533
T22942A	S:N460K	82	1152	0.071181	22938	22959
T24469A C24536-A	S:N969K NA	81	48622	0.001666	24465	24554
G23402-A C23423T C23525T	NA S:P621S S:H655Y	81	17045	0.004752	23394	23532
C23525T A23566G T23599G C23604G	S:H655Y S:A668A S:N679K S:P681R	81	52875	0.001532	23487	23633
A24324-AT	NA	81	7029	0.011524	24236	24335
T24376-TC A24424T	NA S:Q954H	80	2280	0.035088	24366	24424
T23143-A G23222A C23271T	NA S:E554K S:A570V	80	4819	0.016601	23101	23276
C23525T T23599G T23600C C23604G	S:H655Y S:N679K S:S680P S:P681R	80	52875	0.001513	23499	23629
C23525T C23604A	S:H655Y S:P681H	80	52875	0.001513	23506	23635
A23493G C23525T T23599G C23604G	S:Q644R S:H655Y S:N679K S:P681R	80	52184	0.001533	23487	23637
G23835+T C23887-A	NA NA	79	21338	0.003702	23767	23895
G23768-T	NA	79	23471	0.003366	23767	23776
C25262-T G25364-T	NA NA	79	3642	0.021691	25251	25372
A22193-ATT T22200G C22208T G22218-T C22295A	S:DEL212 S:V213G S:L216F NA S:H245N	79	6972	0.011331	22178	22305
C24588T	S:T1009I	78	17118	0.004557	24565	24592
A25472-T	NA	78	18556	0.004203	25381	25477
A24110-T C24150+T	NA NA	77	4748	0.016217	24021	24161
A22193-ATT T22200G C22208T	S:DEL212 S:V213G S:L216F	77	7437	0.010354	22174	22221
A21764-TACATG C21781-A	S:DEL69/70 NA	77	10173	0.007569	21747	21788
T23599G C23604G C23609-G	S:N679K S:P681R NA	76	77827	0.000977	23584	23624
G25455T	ORF3a:K21N	76	18906	0.00402	25377	25477
C25207T T25237C	S:Y1215Y S:I1225I	76	28711	0.002647	25203	25320
C24852-A C24990T C25000T	NA S:P1143L S:D1146D	76	14435	0.005265	24850	25065
A25472+T	NA	76	18556	0.004096	25381	25483
A25194-AT G25197T C25207T C25262-TT	NA S:W1212L S:Y1215Y NA	76	27725	0.002741	25126	25301
C25207T T25270C	S:Y1215Y S:C1236C	75	28565	0.002626	25199	25314
C23525T A23544G T23599G C23604G	S:H655Y S:E661G S:N679K S:P681R	75	52875	0.001418	23509	23624
A24424T T24472-G	S:Q954H NA	75	37243	0.002014	24413	24564
A24424T T24469A T24496-G	S:Q954H S:N969K NA	75	37123	0.00202	24412	24502
G25302-T	NA	74	36528	0.002026	25295	25320
G23835-T C23887-A	NA NA	74	21338	0.003468	23832	23895
A23515-G C23525T T23599G C23604G	NA S:H655Y S:N679K S:P681R	74	52806	0.001401	23505	23634
T24643C	S:T1027T	73	22877	0.003191	24629	24660
C25207T G25218-T C25262-T	S:Y1215Y NA NA	73	28624	0.00255	25130	25316
C24899-A C24981-T C24990T C25000T	NA NA S:P1143L S:D1146D	73	15180	0.004809	24857	25011
C23525T T23546C T23599G C23604G	S:H655Y S:C662R S:N679K S:P681R	73	52875	0.001381	23487	23613
C21781-A	NA	73	10427	0.007001	21773	21800
A23786+T	NA	73	23216	0.003144	23690	23806
C24503-T	NA	72	55773	0.001291	24489	24516
C23766T C23854A	S:S735L S:N764K	72	19498	0.003693	23737	23895
C23525T T23563C T23599G C23604G	S:H655Y S:G667G S:N679K S:P681R	72	52875	0.001362	23487	23637
A24885+T C24981-T C24990T C25000T	NA NA S:P1143I S:D1146S	72	14907	0.00483	24861	25014
T23637-C	NA	71	78138	0.000909	23623	23642
T21940-G G21987A T21990-TTA	NA S:G142D S:DEL144	71	10145	0.006999	21928	22007
A24803-T	NA	71	7542	0.009414	24774	24806
G23835+T	NA	70	22835	0.003065	23767	23848
G22317T	S:G252V	70	15793	0.004432	22283	22319
C25207T G25302C	S:Y1215Y S:C1247S	70	28461	0.00246	25203	25325
A23497G C23525T T23599G C23604G	S:T645T S:H655Y S:N679K S:P681R	70	52408	0.001336	23492	23637
T25560C	ORF3a:F56F	69	12432	0.00555	25375	25566
T23850+A	NA	69	22789	0.003028	23792	23864
G25445A	ORF3a:G18D	69	19146	0.003604	25372	25480
G25287-T	NA	69	36319	0.0019	25279	25323
C24990T C25000T G25012T	S:P1143L S:D1146D S:E1150D	69	15489	0.004455	24975	25068
C23525T T23599G C23604G T23622C	S:H655Y S:N679K S:P681R S:V687A	69	52825	0.001306	23492	23633
C23525T T23537C T23599G C23604G	S:H655Y S:S659P S:N679K S:P681R	69	52875	0.001305	23489	23639
G23363T A23403G C23423T C23525T	S:G601* S:D614G S:P621S S:H655Y	68	16509	0.004119	23335	23532
C25416T	ORF3a:F8F	68	19671	0.003457	25377	25437
C25207T G25287-T	S:Y1215Y NA	68	28525	0.002384	25203	25320
C24119-A G24140-T	NA NA	68	5350	0.01271	24111	24175
C23525T T23599G C23604G C23625T	S:H655Y S:N679K S:P681R S:A688V	68	52797	0.001288	23487	23642
C23525T A23588G T23599G C23604G	S:H655Y S:T676A S:N679K S:P681R	68	52875	0.001286	23516	23624
A24424T C24435-T	S:Q954H NA	68	37637	0.001807	24412	24451
C23525T T23573C T23599G C23604G	S:H655Y S:C671R S:N679K S:P681R	67	52875	0.001267	23501	23637
C22295A G22299-A	S:H245N NA	67	15790	0.004243	22283	22319
A23523G C23525T T23599G C23604G	S:E654G S:H655Y S:N679K S:P681R	67	52874	0.001267	23487	23637
A23495G C23525T T23599G C23604G	S:T645A S:H655Y S:N679K S:P681R	67	52376	0.001279	23487	23624
A21875-T	NA	67	10754	0.00623	21867	21887
T23507C C23525T T23599G C23604G	S:C649R S:H655Y S:N679K S:P681R	66	52731	0.001252	23487	23633
T23521C C23525T T23599G C23604G	S:A653A S:H655Y S:N679K S:P681R	65	52867	0.00123	23487	23624
C23525T T23599G C23604G T23637C	S:H655Y S:N679K S:P681R S:I692T	65	51991	0.00125	23493	23642
C23525T A23532G T23599G C23604G	S:H655Y S:N657S S:N679K S:P681R	65	52875	0.001229	23508	23641
C21618T C21622T G21624C T21632-TACCCCCTG C21711T	S:T19I S:T20T S:R21T S:DEL25/27 S:S50L	65	8655	0.00751	21600	21726
A23403G C23423T G23426T C23525T	S:D614G S:P621S S:V622F S:H655Y	65	17045	0.003813	23385	23531
A23362+C	NA	65	37734	0.001723	23339	23370
C25214+G	NA	64	30270	0.002114	25207	25238
C23271T T23337-TG C23423T	S:A570V NA S:P621S	64	15326	0.004176	23269	23426
A24424T T24438+A	S:Q954H NA	64	37619	0.001701	24416	24457
C24639-T	NA	63	22884	0.002753	24612	24657
C23525T T23527C T23599G C23604G	S:H655Y S:H655Y S:N679K S:P681R	63	52875	0.001191	23504	23624
A23524G C23525T T23599G C23604G	S:E654E S:H655Y S:N679K S:P681R	63	52874	0.001192	23487	23620
T23143-A T23164-A G23222A C23271T	NA NA S:E554K S:A570V	62	4819	0.012866	23089	23290
T21940-G T21990-TTA T22032C C22033A A22034G	NA S:DEL144 S:F157S S:F157S S:R158G	62	8979	0.006905	21879	22058
G21941T T21990-TTA T22032C C22033A A22034G	S:V127F S:DEL144 S:F157S S:F157S S:R158G	62	8979	0.006905	21901	22043
T23703-A	NA	61	47633	0.001281	23690	23711
T21934-A T21940-G G21987A T21990-TTA T22032C C22033A A22034G	NA NA S:G142D S:DEL144 S:F157S S:F157S S:R158G	61	8948	0.006817	21903	22058
C23525T T23599G C23604G T23617C	S:H655Y S:N679K S:P681R S:R685R	61	52837	0.001154	23487	23642
C23271T C23334-T A23400+G C23423T	S:A570V NA NA S:P621S	61	15326	0.00398	23269	23426
A23403G C23423T T23464-G C23525T	S:D614G S:P621S NA S:H655Y	61	17045	0.003579	23351	23532
T24643+A	NA	60	22877	0.002623	24623	24669
T24471-TG T24492-A	NA NA	60	52560	0.001142	24465	24564
T23143-A	NA	60	5946	0.010091	23104	23158
G24521+T	NA	60	55629	0.001079	24507	24550
G23499A C23525T T23599G C23604G	S:R646H S:H655Y S:N679K S:P681R	60	52451	0.001144	23487	23642
C23525T G23576A T23599G C23604G	S:H655Y S:A672T S:N679K S:P681R	60	52875	0.001135	23509	23624
C23525T A23541G T23599G C23604G	S:H655Y S:Y660C S:N679K S:P681R	60	52875	0.001135	23515	23624
C22295A C22353A C22383+T	S:H245N S:A264D NA	60	3534	0.016978	22246	22397
A24424T C24536-AA	S:Q954H NA	60	36723	0.001634	24420	24564
T23489C C23525T T23599G C23604G	S:F643L S:H655Y S:N679K S:P681R	59	51955	0.001136	23487	23642
G22813T T22882G G22895C T22896C G22898A T22942G	S:K417N S:N440K S:V445P S:V445P S:G446S S:N460K	59	410	0.143902	22809	22959
C25207T T25301-G	S:Y1215Y NA	59	28464	0.002073	25179	25324
C23854A C23895T	S:N764K Unknown	59	20412	0.00289	23835	23895
C23525T T23599G C23604G T23620C	S:H655Y S:N679K S:P681R S:S686S	59	52831	0.001117	23487	23624
C23525T T23584C T23599G C23604G	S:H655Y S:Y674Y S:N679K S:P681R	59	52875	0.001116	23487	23624
C23271T A23403G C23422T C23423T	S:A570V S:D614G S:V620V S:P621S	59	15326	0.00385	23269	23429
A24670-TCAA	NA	59	22714	0.002598	24595	24679
A24424T T24438+A T24469A	S:Q954H NA S:N969Q	59	37294	0.001582	24412	24564
A23403G C23423T G23522-A C23525T	S:D614G S:P621S NA S:H655Y	59	17045	0.003461	23386	23532
T23487G C23525T T23599G C23604G	Unknown S:H655Y S:N679K S:P681R	58	24255	0.002391	23486	23630
G23768-T C23887-A	NA NA	58	20579	0.002818	23767	23895
G21941T	S:V127F	58	10700	0.005421	21867	21944
C23525T T23581C T23599G C23604G	S:H655Y S:S673S S:N679K S:P681R	58	52875	0.001097	23488	23624
C23525T A23592G T23599G C23604G	S:H655Y S:Q677R S:N679K S:P681R	58	52875	0.001097	23505	23634
A24424T T24469A G24535A	S:Q954H S:N969K S:V991V	58	36739	0.001579	24412	24543
T25520C	ORF3a:F43S	57	13216	0.004313	25376	25531
T24470-TTG T24492-A	S:DEL971 NA	57	49479	0.001152	24465	24667
T23143-A T23164-A G23222A C23230-A C23271T	NA NA S:E554K NA S:A570V	57	4819	0.011828	23102	23274
A24880G G24882A	S:Q1106Q S:R1107K	57	18126	0.003145	24853	24923
A24424T T24451+A	S:Q954H NA	57	37495	0.00152	24421	24461
G21941T G21987A T21990-TTA C22000-A T22032C C22033A A22034G	S:V127F S:G142D S:DEL144 NA S:F157S S:F157S S:R158G	56	8979	0.006237	21867	22058
C24981-T C24990T C25000T G25012T	NA S:P1143L S:D1146D S:E1150D	56	15470	0.00362	24872	25059
C23525T T23553C T23599G C23604G	S:H655Y S:I664T S:N679K S:P681R	56	52875	0.001059	23497	23624
C23525T A23539G T23599G C23604G	S:H655Y S:S659S S:N679K S:P681R	56	52875	0.001059	23493	23637
A24424T T24469A T24496-GA	S:Q954H S:N969K NA	56	37123	0.001508	24412	24564
A24424T G24521+T	S:Q954H NA	56	36850	0.00152	24412	24535
T23510C C23525T T23599G C23604G	S:L650L S:H655Y S:N679K S:P681R	55	52778	0.001042	23493	23624
C25416T G25507A G25523T G25537A	ORF3a:F8F ORF3a:A39T ORF3a:G44V ORF3a:G49S	55	12712	0.004327	25372	25566
C25262-T A25327G	NA S:K1255K	55	3944	0.013945	25251	25353
C23525T T23599G T23602C C23604G	S:H655Y S:N679K S:S680S S:P681R	55	52875	0.00104	23487	23624
C23525T T23599G C23604G A23623G	S:H655Y S:N679K S:P681R S:V687V	55	52821	0.001041	23491	23629
C23525T A23598G T23599G C23604G	S:H655Y S:N679R S:N679R S:P681R	55	52875	0.00104	23487	23629
A25420+T	NA	55	19614	0.002804	25382	25430
A24493T	S:L977F	55	55754	0.000986	24489	24679
T23599G C23604G T23641-G	S:N679K S:P681R NA	54	76073	0.00071	23580	23664
C24852-A A24880G G24882A C24990T C25000T	NA S:Q1106Q S:R1107K S:P1143L S:D1146D	54	14435	0.003741	24850	25069
C24466+A	NA	54	49287	0.001096	24465	24481
C24026-T A24110-T	NA NA	54	4345	0.012428	24021	24120
C23525T T23599G C23604G A23614G	S:H655Y S:N679K S:P681R S:A684A	54	52847	0.001022	23487	23642
C22120-A	NA	54	7430	0.007268	22110	22132
T24643-A	NA	53	22877	0.002317	24612	24661
T23509C C23525T T23599G C23604G	S:C649C S:H655Y S:N679K S:P681R	53	52768	0.001004	23492	23637
T23500C C23525T T23599G C23604G	S:R646R S:H655Y S:N679K S:P681R	53	52479	0.00101	23487	23637
G24124-T	NA	53	6078	0.00872	24106	24158
C23816-T	NA	53	23031	0.002301	23792	23827
C23525T T23569C T23599G C23604G	S:H655Y S:G669G S:N679K S:P681R	53	52875	0.001002	23505	23624
T21609+CATGCCGCTGTT C21618T C21622T G21624C T21632-TACCCCCTG C21711T	S:INS17HAAV S:T19F S:T20F S:R21T S:DEL25/27 S:S50L	52	8654	0.006009	21597	21728
G21941T G21987A T21990-TTA C22033A A22034G	S:V127F S:G142D S:DEL144 S:F157L S:R158G	52	8979	0.005791	21847	22043
C23492-A C23525T T23599G C23604G	NA S:H655Y S:N679K S:P681R	52	52005	0.001	23488	23632
A25374-T	NA	52	19585	0.002655	25372	25385
A24110-T C24119-A G24124-T	NA NA NA	52	4925	0.010558	24094	24140
A23513G C23525T T23599G C23604G	S:I651V S:H655Y S:N679K S:P681R	52	52795	0.000985	23493	23624
A22110+G A22193-ATT T22200G C22208T C22295A	NA S:DEL212 S:V213S S:L216S S:H245T	52	6406	0.008117	22100	22301
T23491C C23525T T23599G C23604G	S:F643F S:H655Y S:N679K S:P681R	51	51989	0.000981	23487	23641
C25207T C25214+G	S:Y1215Y NA	51	28765	0.001773	25203	25325
C23812-A C23854A	NA S:N764K	51	21941	0.002324	23800	23895
A24424T T24469A T24522C	S:Q954H S:N969K S:V987A	51	36847	0.001384	24421	24564
A24424T T24469A T24499C A24543-T	S:Q954H S:N969K S:D979D NA	51	36681	0.00139	24412	24564
A23712-T C23887-A	NA NA	51	18385	0.002774	23684	23894
T24377-C	NA	50	2421	0.020653	24358	24394
T23487C C23525T T23599G C23604G	Unknown S:H655Y S:N679K S:P681R	50	24255	0.002061	23486	23624
T21940-G A21979-T G21987A T21990-TTA C22000-A T22032C C22033A A22034G	NA NA S:G142D S:DEL144 NA S:F157S S:F157S S:R158G	50	8979	0.005569	21867	22058
C25207T G25302T	S:Y1215Y S:C1247F	50	28461	0.001757	25142	25325
A24424T C24466+A	S:Q954H NA	50	37307	0.00134	24412	24476
T23599G C23604G G23612A	S:N679K S:P681R S:A684T	49	77812	0.00063	23580	23624
G25401+T	NA	49	19923	0.002459	25381	25426
G25135+A C25207T	NA S:Y1215V	49	25301	0.001937	25124	25261
G24882A C24990T	S:R1107K S:P1143L	49	14937	0.00328	24854	24995
G23222A C23244-T C23271T	S:E554K NA S:A570V	49	5021	0.009759	23100	23290
G22104-A A22193-ATT T22200G C22208T C22295A	NA S:DEL212 S:V213G S:L216F S:H245N	49	6356	0.007709	22100	22315
C25151+A C25207T	NA S:Y1215V	49	25909	0.001891	25144	25324
C23525T T23599G C23604G C23609-G	S:H655Y S:N679K S:P681R NA	49	52857	0.000927	23493	23642
C23271T T23337-TG	S:A570V NA	49	16231	0.003019	23269	23364
C21618T T21632-TACCCCCTG	S:T19I S:DEL25/27	49	9716	0.005043	21570	21657
A23494G C23525T T23599G C23604G	S:Q644Q S:H655Y S:N679K S:P681R	49	52372	0.000936	23487	23637
A21875-T T21940-G A21979-T G21987A T21990-TTA C22000-A C22009-A T22032C C22033A A22034G	NA NA NA S:G142D S:DEL144 NA NA S:F157S S:F157S S:R158G	49	8635	0.005675	21850	22058
T23599G C23604G G23666-A A23712-T	S:N679K S:P681R NA NA	48	23058	0.002082	23580	23724
T23599G C23604G A23712+T	S:N679K S:P681R NA	48	23058	0.002082	23580	23724
T23164-A G23222A C23271T	NA S:E554K S:A570V	48	4859	0.009879	23108	23285
T21940-G	NA	48	10702	0.004485	21847	21948
G23735+A	NA	48	21703	0.002212	23683	23747
C25546+T	NA	48	12611	0.003806	25372	25558
C25207T T25248-G	S:Y1215Y NA	48	28683	0.001673	25186	25264
C24672-A A24684-T G24693-A	NA NA NA	48	5143	0.009333	24612	24708
C24503+T	NA	48	55773	0.000861	24476	24513
C23709+A C23887-A	NA NA	48	18380	0.002612	23683	23895
C23525T T23599G C23604G C23615T	S:H655Y S:N679K S:P681R S:R685C	48	52844	0.000908	23487	23641
C23525T A23570G T23599G C23604G	S:H655Y S:I670V S:N679K S:P681R	48	52875	0.000908	23487	23629
A24619G	S:R1019R	48	22843	0.002101	24612	24652
A24424T T24522C	S:Q954H S:V987A	48	36847	0.001303	24413	24564
A24424T A24468-T	S:Q954H NA	48	37297	0.001287	24420	24495
T24643-A C24672-A	NA NA	47	22575	0.002082	24618	24679
T23599G C23604G T23652C	S:N679K S:P681R S:M697T	47	23838	0.001972	23580	23717
G25483A	ORF3a:A31T	47	15174	0.003097	25372	25490
G23222A C23271T T23278-A	S:E554K S:A570V NA	47	4987	0.009425	23179	23290
C23525T T23599G C23604G T23637-C	S:H655Y S:N679K S:P681R NA	47	51991	0.000904	23501	23642
C23525T T23542C T23599G C23604G	S:H655Y S:Y660Y S:N679K S:P681R	47	52875	0.000889	23487	23624
C23525T A23534G T23599G C23604G	S:H655Y S:N658D S:N679K S:P681R	47	52875	0.000889	23487	23642
C22033A	S:F157L	47	13372	0.003515	22028	22054
C21711T	S:S50L	47	10199	0.004608	21706	21726
A24424T T24469A T24513C C24517T	S:Q954H S:N969K S:L984P S:D985D	47	36914	0.001273	24412	24564
T24267-G T24377-C A24424T	NA NA S:Q954H	46	1832	0.025109	24259	24424
T24139-GTT	S:DEL860	46	6258	0.007351	24120	24191
T21940-G G21987A	NA S:G142D	46	10191	0.004514	21931	21991
G24882A C25000T	S:R1107K S:D1146D	46	14879	0.003092	24853	25043
C25373T	S:H1271Y	46	19590	0.002348	25372	25452
C25000T C25207T	S:D1146D S:Y1215Y	46	155	0.296774	24990	25210
C23525T A23531C T23599G C23604G	S:H655Y S:N657H S:N679K S:P681R	46	52875	0.00087	23487	23637
C23399+T C23423T C23525T	NA S:P621S S:H655S	46	17030	0.002701	23339	23539
A24922-T C24990T C25000T	NA S:P1143L S:D1146D	46	15289	0.003009	24853	25043
A24520G	S:K986K	46	55668	0.000826	24482	24543
A24424T T24469A T24549C	S:Q954H S:N969K S:L996S	46	36626	0.001256	24412	24564
A24424T T24469A G24488-T	S:Q954H S:N969K NA	46	37154	0.001238	24412	24554
A24253-T C24263-A	NA NA	46	7182	0.006405	24236	24273
A23400+G C23423T	NA S:P621S	46	35667	0.00129	23342	23426
T23773C C23854A	S:D737D S:N764K	45	21518	0.002091	23727	23895
T23590C T23599G C23604G	S:T676T S:N679K S:P681R	45	77753	0.000579	23580	23608
G22813T	S:K417N	45	981	0.045872	22809	22816
G22104-A C22120-A A22193-ATT T22200G C22208T G22218-T C22295A	NA NA S:DEL212 S:V213G S:L216F NA S:H245N	45	6356	0.00708	22100	22319
C24422-A T24469A	NA S:N969K	45	37287	0.001207	24412	24554
C24320-A	NA	45	7192	0.006257	24229	24332
C24186T	S:S875F	45	10051	0.004477	24148	24191
C23525T T23599G C23604G T23633C	S:H655Y S:N679K S:P681R S:S691P	45	52251	0.000861	23487	23642
C23525T T23599G C23604G T23626C	S:H655Y S:N679K S:P681R S:A688A	45	52430	0.000858	23487	23642
C23399+T C23423T	NA S:P621S	45	35646	0.001262	23339	23439
A24110-T G24124-T	NA NA	45	4925	0.009137	24021	24147
A21875-TT T21940-G G21987A T21990-TTA T22032C C22033A A22034G	NA NA S:G142D S:DEL144 S:F157S S:F157S S:R158G	45	8635	0.005211	21847	22058
T23599G C23604G T23684C	S:N679K S:P681R S:S708P	44	23614	0.001863	23581	23721
T22032C	S:F157S	44	13407	0.003282	22014	22058
C23525T C23565T T23599G C23604G	S:H655Y S:A668V S:N679K S:P681R	44	52875	0.000832	23487	23642
C23271T C23277T C23334-T C23423T	S:A570V S:T572I NA S:P621S	44	15326	0.002871	23269	23427
A24922-T	NA	44	18213	0.002416	24870	24933
A24424T C24435T T24469A	S:Q954H S:A958V S:N969K	44	37294	0.00118	24413	24563
A22193-ATT C22295A	S:DEL212 S:H245N	44	6972	0.006311	22180	22319
A21875-T T21940-G G21987A T21990-TTA T22032C C22033A A22034G	NA NA S:G142D S:DEL144 S:F157S S:F157S S:R158G	44	8635	0.005096	21847	22049
T25191-A	NA	43	28276	0.001521	25170	25205
T24492-A C24536-A	NA NA	43	54827	0.000784	24484	24564
T23596+A T23599G C23604G	NA S:N679* S:P681C	43	77845	0.000552	23580	23629
T21609+CATGCCGCTGTT C21618T C21622T G21624C T21632-TACCCCCTG C21711T C21736-T A21764-TACATG	S:INS17HAAV S:T19F S:T20F S:R21T S:DEL25/27 S:S50L NA S:DEL69/70	43	8440	0.005095	21597	21793
C25207T T25263C	S:Y1215Y S:L1234P	43	28609	0.001503	25162	25307
C24536-AA	NA	43	55410	0.000776	24524	24564
C23525T T23599G C23604G G23624A	S:H655Y S:N679K S:P681R S:A688T	43	52803	0.000814	23505	23634
C23525T T23571C T23599G C23604G	S:H655Y S:I670T S:N679K S:P681R	43	52875	0.000813	23487	23642
C23271T G23384-T A23403G C23423T	S:A570V NA S:D614G S:P621S	43	15326	0.002806	23269	23429
A24424T G24488+T	S:Q954H NA	43	37154	0.001157	24416	24513
A24253-T A24324-AT	NA NA	43	6435	0.006682	24229	24335
A24253-T A24323-AAT	NA S:DEL922	43	6498	0.006617	24229	24337
A23594G T23599G C23604G	S:T678A S:N679K S:P681R	43	77826	0.000553	23580	23642
G23501A C23525T T23599G C23604G	S:A647T S:H655Y S:N679K S:P681R	42	52500	0.0008	23487	23612
C24852-A C24990T	NA S:P1143L	42	14490	0.002899	24850	25065
C23525T T23578C T23599G C23604G	S:H655Y S:A672A S:N679K S:P681R	42	52875	0.000794	23487	23642
C23525T A23583G T23599G C23604G	S:H655Y S:Y674C S:N679K S:P681R	42	52875	0.000794	23487	23642
C23525T A23535G T23599G C23604G	S:H655Y S:N658S S:N679K S:P681R	42	52875	0.000794	23487	23642
C23277T A23403G C23423T	S:T572I S:D614G S:P621S	42	16712	0.002513	23271	23443
A24424T T24469A G24542A	S:Q954H S:N969K S:D994N	42	36689	0.001145	24412	24561
A24424T A24441G T24469A	S:Q954H S:N960S S:N969K	42	37294	0.001126	24412	24564
A24423+T	NA	42	40075	0.001048	24412	24424
G24883-A	NA	41	18116	0.002263	24869	24899
G23508+T C23525T T23599G C23604G	NA S:H655S S:N679* S:P681C	41	52749	0.000777	23504	23641
C23525T T23599G C23604G A23632G	S:H655Y S:N679K S:P681R S:Q690Q	41	52279	0.000784	23501	23637
A24424T C24503-T	S:Q954H NA	41	37056	0.001106	24414	24525
A23592G T23599G C23604G	S:Q677R S:N679K S:P681R	41	77789	0.000527	23580	23642
T23599G C23604G A23639-T	S:N679K S:P681R NA	40	76303	0.000524	23588	23642
T23488C C23525T T23599G C23604G	Unknown S:H655Y S:N679K S:P681R	40	51735	0.000773	23487	23641
T21990-TTA T22032C C22033A	S:DEL144 S:F157S S:F157S	40	10429	0.003835	21975	22046
T21609+CATGCCGCTGTT C21618T C21622T G21624C T21632-TACCCCCTG A21764-TACATG C21781-A	S:INS17HAAV S:T19F S:T20F S:R21T S:DEL25/27 S:DEL69/70 NA	40	8421	0.00475	21597	21802
G25527+C	NA	40	12901	0.003101	25372	25542
G23522-A C23525T	NA S:H655Y	40	72351	0.000553	23512	23538
C25207T T25272C	S:Y1215Y S:M1237T	40	28561	0.001401	25203	25324
C24536-A C24672-A	NA NA	40	16675	0.002399	24489	24679
C23709-A	NA	40	47465	0.000843	23691	23721
C23271T T23337-TG A23403G C23423T	S:A570V NA S:D614G S:P621S	40	15326	0.00261	23269	23431
C23271T C23334-T A23403G	S:A570V NA S:D614G	40	15529	0.002576	23269	23409
C21618T C21622T T21632-TACCCCCTG C21711T A21764-TACATG	S:T19I S:T20T S:DEL25/27 S:S50L S:DEL69/70	40	8441	0.004739	21597	21802
A24424T T24469A T24480C	S:Q954H S:N969K S:I973T	40	37203	0.001075	24413	24508
A24424T T24469A A24516G	S:Q954H S:N969K S:D985G	40	36927	0.001083	24412	24554
T24417C A24424T	S:V952A S:Q954H	39	39990	0.000975	24412	24564
T23599G C23604G T23693C	S:N679K S:P681R S:S711P	39	23544	0.001656	23580	23724
T23599G C23604G A23668G	S:N679K S:P681R S:E702E	39	23724	0.001644	23581	23722
T21940-G A21979-T G21987A T21990-TTA C22000-A C22009-A T22032C C22033A A22034G	NA NA S:G142D S:DEL144 NA NA S:F157S S:F157S S:R158G	39	8979	0.004343	21847	22058
T21609+CATGCCGCTGTT C21618T C21622T G21624C T21632-TACCCCCTG C21711T C21732-T A21764-TACATG	S:INS17HAAV S:T19F S:T20F S:R21T S:DEL25/27 S:S50L NA S:DEL69/70	39	8440	0.004621	21597	21793
G25130-C C25207T	NA S:Y1215Y	39	24563	0.001588	25123	25320
G23363T C23423T C23525T	S:G601* S:P621S S:H655Y	39	16509	0.002362	23338	23532
C23816-T C23854A	NA S:N764K	39	21981	0.001774	23765	23880
C23525T T23599G C23604G C23613T	S:H655Y S:N679K S:P681R S:A684V	39	52851	0.000738	23496	23634
C23525T T23599G C23604G A23636G	S:H655Y S:N679K S:P681R S:I692V	39	52063	0.000749	23492	23642
C23271T A23403G A23416T C23423T	S:A570V S:D614G S:T618T S:P621S	39	15326	0.002545	23269	23443
C23099-T	NA	39	5971	0.006532	23096	23110
A24610-GAAATCAGAGCTTCTGCT	S:DEL1017/1022	39	17079	0.002284	24481	24672
A24424T T24469A A24532G	S:Q954H S:N969K S:E990E	39	36778	0.00106	24417	24564
A24424T A24484G	S:Q954H S:S974S	39	37173	0.001049	24412	24564
A22556G G22577C G22578A A22629C C22674T	S:I332V S:G339H S:G339H S:K356T S:S371F	39	1182	0.032995	22551	22676
A22193-ATT C22208T C22295A	S:DEL212 S:L216F S:H245N	39	6972	0.005594	22178	22310
T25191-A C25207T C25262-TT	NA S:Y1215Y NA	38	27536	0.00138	25130	25316
T24534C	S:V991A	38	55450	0.000685	24489	24564
T21940-G C21978A G21987A T21990-TTA T22032C C22033A A22034G	NA S:P139Q S:G142D S:DEL144 S:F157S S:F157S S:R158G	38	8979	0.004232	21897	22058
G25447+A	NA	38	19097	0.00199	25381	25457
G24751A	S:L1063L	38	7599	0.005001	24706	24788
C25207T A25208-T	S:Y1215Y NA	38	28958	0.001312	25190	25241
C24773T	S:Q1071*	38	7696	0.004938	24746	24788
C24616T C24672-A	S:I1018I NA	38	22421	0.001695	24470	24679
C24435-T	NA	38	38026	0.000999	24427	24449
C23525T T23582C T23599G C23604G	S:H655Y S:Y674H S:N679K S:P681R	38	52875	0.000719	23488	23624
C23525T A23554G T23599G C23604G	S:H655Y S:I664M S:N679K S:P681R	38	52875	0.000719	23487	23630
A25503+C	NA	38	14039	0.002707	25372	25513
A24424T T24451+A T24469A	S:Q954H NA S:N969Q	38	37294	0.001019	24412	24551
A23712+T	NA	38	47372	0.000802	23683	23725
A21875-T T21940-G A21979-T G21987A T21990-TTA C22000-A T22032C C22033A A22034G	NA NA NA S:G142D S:DEL144 NA S:F157S S:F157S S:R158G	38	8635	0.004401	21850	22058
T25270C	S:C1236C	37	36129	0.001024	25266	25294
T24438+A	NA	37	38039	0.000973	24428	24454
T24417C A24424T T24469A	S:V952A S:Q954H S:N969K	37	37226	0.000994	24412	24564
T23689-A	NA	37	47545	0.000778	23683	23702
T23599G C23604G T23662C	S:N679K S:P681R S:G700G	37	23765	0.001557	23581	23717
T23599G C23604G T23654C	S:N679K S:P681R S:S698P	37	23816	0.001554	23580	23709
T23599G C23604G T23645C	S:N679K S:P681R S:Y695H	37	23900	0.001548	23580	23717
T23599G C23604G G23666+A	S:N679K S:P681R NA	37	23733	0.001559	23580	23693
T23599G C23604G A23702G	S:N679K S:P681R S:I714V	37	23299	0.001588	23582	23724
T23599G C23604G A23632G	S:N679K S:P681R S:Q690Q	37	77063	0.00048	23580	23642
T23511C C23525T T23599G C23604G	S:L650S S:H655Y S:N679K S:P681R	37	52783	0.000701	23487	23642
G23518A C23525T T23599G C23604G	S:G652G S:H655Y S:N679K S:P681R	37	52846	0.0007	23487	23624
C25207T A25274G	S:Y1215Y S:T1238A	37	28556	0.001296	25202	25324
C23525T T23599G C23604G G23621A	S:H655Y S:N679K S:P681R S:V687I	37	52829	0.0007	23487	23642
C23525T T23599G C23604G A23639G	S:H655Y S:N679K S:P681R S:I693V	37	51603	0.000717	23487	23642
C21618T C21622T G21624C T21632-TACCCCCTG A21764-TACATG C21781-A	S:T19I S:T20T S:R21T S:DEL25/27 S:DEL69/70 NA	37	8422	0.004393	21597	21797
A25426-C A25453G	NA ORF3a:K21E	37	18933	0.001954	25372	25494
A21875-T G21941T G21987A T21990-TTA T22032C C22033A A22034G	NA S:V127F S:G142D S:DEL144 S:F157S S:F157S S:R158G	37	8635	0.004285	21847	22043
T23599G C23604G T23620C	S:N679K S:P681R S:S686S	36	77748	0.000463	23581	23642
T21609+CATGCCGCTGTT C21618T C21622T G21624C T21632-TACCCCCTG G21686-T C21711T A21764-TACATG	S:INS17HAAV S:T19F S:T20F S:R21T S:DEL25/27 NA S:S50L S:DEL69/70	36	8440	0.004265	21597	21802
G25429T	ORF3a:V13L	36	19457	0.00185	25375	25477
G23519A C23525T T23599G C23604G	S:A653T S:H655Y S:N679K S:P681R	36	52851	0.000681	23487	23637
C25517-T G25555-T	NA NA	36	12453	0.002891	25372	25566
C24734T	S:H1058Y	36	7508	0.004795	24724	24806
C23525T T23599G C23604G A23639-T	S:H655Y S:N679K S:P681R NA	36	51603	0.000698	23503	23642
C23525T T23596C T23599G C23604G	S:H655Y S:T678T S:N679K S:P681R	36	52875	0.000681	23499	23630
C23525T T23560C T23599G C23604G	S:H655Y S:I666I S:N679K S:P681R	36	52875	0.000681	23487	23637
C21618T C21622T G21624C T21632-TACCCCCTG C21711T C21781-A	S:T19I S:T20T S:R21T S:DEL25/27 S:S50L NA	36	8422	0.004275	21597	21802
A24922+T C24981-T C24990T C25000T	NA NA S:P1143I S:D1146S	36	15289	0.002355	24850	25015
A24879+G G24882A C24990T C25000T	NA S:R1107K S:P1143I S:D1146S	36	14878	0.00242	24850	25069
A24424T T24469A G24488+T	S:Q954H S:N969K NA	36	37154	0.000969	24415	24564
A24424T T24469A A24560G	S:Q954H S:N969K S:R1000G	36	36361	0.00099	24412	24563
A24424T G24542A	S:Q954H S:D994N	36	36689	0.000981	24412	24561
A24323-AAT	S:DEL922	36	7091	0.005077	24229	24337
A23403G C23423T A23494G C23525T	S:D614G S:P621S S:Q644Q S:H655Y	36	17045	0.002112	23349	23531
T24471-TG C24536-A	NA NA	35	51696	0.000677	24465	24564
T23143-A G23222A C23230-A C23271T	NA S:E554K NA S:A570V	35	4819	0.007263	23089	23290
T21940-G G21987A T21990-TTA C22000-A C22009-A T22032C C22033A A22034G	NA S:G142D S:DEL144 NA NA S:F157S S:F157S S:R158G	35	8979	0.003898	21847	22058
T21609+CATGCCGCTGTT C21618T C21622T T21632-TACCCCCTG C21711T A21764-TACATG	S:INS17HAAV S:T19F S:T20F S:DEL25/27 S:S50L S:DEL69/70	35	8440	0.004147	21597	21802
G23804-A C23854A	NA S:N764K	35	21861	0.001601	23793	23895
G21987A T22032C C22033A A22034G	S:G142D S:F157S S:F157S S:R158G	35	10429	0.003356	21965	22058
C25418+A	NA	35	19652	0.001781	25380	25439
C25200T C25207T	S:P1213L S:Y1215Y	35	28685	0.00122	25160	25325
C23525T T23599G C23604G A23618G	S:H655Y S:N679K S:P681R S:S686G	35	52834	0.000662	23487	23642
C23525T A23579G T23599G C23604G	S:H655Y S:S673G S:N679K S:P681R	35	52875	0.000662	23487	23624
C23271T G23294T A23403G C23423T	S:A570V S:D578Y S:D614G S:P621S	35	15326	0.002284	23269	23434
A21875-T T21940-G G21987A T21990-TTA C22000-A T22032C C22033A A22034G	NA NA S:G142D S:DEL144 NA S:F157S S:F157S S:R158G	35	8635	0.004053	21867	22054
T24469A C24536-AA	S:N969K NA	34	48622	0.000699	24465	24556
T24451+A	NA	34	38001	0.000895	24434	24462
T21609+CATGCCGCTGTT C21618T C21622T G21624C T21632-TACCCCCTG G21686-T A21764-TACATG	S:INS17HAAV S:T19F S:T20F S:R21T S:DEL25/27 NA S:DEL69/70	34	8440	0.004028	21597	21802
G25477-T	NA	34	18461	0.001842	25382	25485
G23222A C23230-A C23271T	S:E554K NA S:A570V	34	5021	0.006772	23089	23290
C25466-T	NA	34	18670	0.001821	25381	25476
C24378T	S:S939F	34	2420	0.01405	24371	24406
C23757T C23887-A	S:T732I NA	34	18598	0.001828	23683	23895
C23525T C23557T T23599G C23604G	S:H655Y S:P665P S:N679K S:P681R	34	52875	0.000643	23492	23624
C22120-A A22161-T A22193-ATT T22200G C22208T C22295A	NA NA S:DEL212 S:V213G S:L216F S:H245N	34	6509	0.005224	22100	22301
C21618T C21622T T21632-TACCCCCTG C21711T A21764-TACATG C21781-A	S:T19I S:T20T S:DEL25/27 S:S50L S:DEL69/70 NA	34	8422	0.004037	21597	21802
A25327G	S:K1255K	34	4295	0.007916	25322	25348
A24424T T24469A C24517-A	S:Q954H S:N969K NA	34	36914	0.000921	24412	24529
A24424T C24463T T24469A	S:Q954H S:S967S S:N969K	34	37294	0.000912	24413	24564
A24424T C24435T	S:Q954H S:A958V	34	37637	0.000903	24412	24457
A24424T A24560G	S:Q954H S:R1000G	34	36361	0.000935	24412	24564
A24424C T24469A	S:Q954H S:N969K	34	37294	0.000912	24415	24564
A23497-C C23525T T23599G C23604G	NA S:H655Y S:N679K S:P681R	34	52408	0.000649	23487	23637
A23403G C23423T A23440G C23525T	S:D614G S:P621S S:A626A S:H655Y	34	17045	0.001995	23355	23539
A22193-ATT T22200G C22208T A22245-T C22295A	S:DEL212 S:V213G S:L216F NA S:H245N	34	6972	0.004877	22111	22319
T25525C	ORF3a:W45R	33	12944	0.002549	25372	25552
T23599G C23604G A23656G	S:N679K S:P681R S:S698S	33	23807	0.001386	23580	23724
T23599G C23604G A23651G	S:N679K S:P681R S:M697V	33	23845	0.001384	23580	23705
C25262-TT	NA	33	35938	0.000918	25251	25272
C23854A G23868-A	S:N764K NA	33	22460	0.001469	23841	23895
C23525T T23599G C23604G G23607A	S:H655Y S:N679K S:P681R S:R682Q	33	52860	0.000624	23500	23642
C23525T T23599G C23604G C23606T	S:H655Y S:N679K S:P681R S:R682W	33	52864	0.000624	23487	23634
A25137-T	NA	33	26350	0.001252	25122	25154
A24424T T24511C	S:Q954H S:R983R	33	36971	0.000893	24413	24516
A24424T T24496-G	S:Q954H NA	33	37123	0.000889	24412	24554
A24424T T24469A A24554G	S:Q954H S:N969K S:T998A	33	36531	0.000903	24412	24560
A24424T T24469A A24520G	S:Q954H S:N969K S:K986K	33	36876	0.000895	24412	24550
A24424T T24469A A24518G	S:Q954H S:N969K S:K986E	33	36904	0.000894	24412	24564
A23495G C23525T A23531G T23599G C23604G	S:T645A S:H655Y S:N657D S:N679K S:P681R	33	52376	0.00063	23487	23642
T25140-A	NA	32	26438	0.00121	25131	25151
T24721C	S:P1053P	32	5616	0.005698	24713	24745
T23599G T23600C C23604G	S:N679K S:S680P S:P681R	32	77860	0.000411	23580	23613
T23599G C23604G A23648G	S:N679K S:P681R S:T696A	32	23867	0.001341	23580	23724
G24933-T	NA	32	18139	0.001764	24913	24943
G24488+T	NA	32	55645	0.000575	24476	24503
G21987A T21990-TTA A22010G T22032C C22033A A22034G	S:G142D S:DEL144 S:K150E S:F157S S:F157S S:R158G	32	10429	0.003068	21974	22058
C25207T T25211C	S:Y1215Y S:W1217R	32	28957	0.001105	25199	25325
C24119-A G24124-T	NA NA	32	5471	0.005849	24021	24149
C23525T T23599G C23604G G23616A	S:H655Y S:N679K S:P681R S:R685H	32	52839	0.000606	23487	23637
C23525T T23599G C23604G G23608A	S:H655Y S:N679K S:P681R S:R682R	32	52860	0.000605	23487	23642
C23525T T23559C T23599G C23604G	S:H655Y S:I666T S:N679K S:P681R	32	52875	0.000605	23487	23642
C22674T	S:S371F	32	1696	0.018868	22654	22676
A24885+T	NA	32	18127	0.001765	24850	24900
A24677G	S:R1039G	32	22675	0.001411	24612	24679
A24479-T	NA	32	55116	0.000581	24476	24498
A24424T T24489C	S:Q954H S:V976A	32	37150	0.000861	24412	24564
A24424T T24469A T24489C	S:Q954H S:N969K S:V976A	32	37150	0.000861	24418	24564
A24424T T24469A A24478G	S:Q954H S:N969K S:A972A	32	37209	0.00086	24412	24552
A24424T A24443G	S:Q954H S:T961A	32	37582	0.000851	24412	24564
A22556G G22578A A22629C C22674T T22679C	S:I332V S:G339D S:K356T S:S371F S:S373P	32	1158	0.027634	22537	22685
T24643-A C24672-A A24684-T	NA NA NA	31	5537	0.005599	24612	24701
T24469A T24472-G C24536-A	S:N969K NA NA	31	48622	0.000638	24465	24564
T24267-G C24378T A24424T	NA S:S939F S:Q954H	31	1832	0.016921	24260	24424
T23599G C23604G T23637C	S:N679K S:P681R S:I692T	31	76728	0.000404	23580	23642
G25555+T	NA	31	12453	0.002489	25372	25566
G25401-T	NA	31	19923	0.001556	25381	25413
G24690+T	NA	31	5710	0.005429	24612	24702
G23522-A C23525T T23599G C23604G	NA S:H655Y S:N679K S:P681R	31	52873	0.000586	23488	23634
G23384-T A23403G C23423T	NA S:D614G S:P621S	31	35299	0.000878	23335	23438
G22813T T22882G G22895C T22896C G22898A A22910G T22942G	S:K417N S:N440K S:V445P S:V445P S:G446S S:N450D S:N460K	31	410	0.07561	22793	22966
G21569-T	NA	31	1401	0.022127	21451	21581
C25207T T25293C	S:Y1215Y S:L1244P	31	28501	0.001088	25201	25324
C25207T A25271G	S:Y1215Y S:M1237V	31	28564	0.001085	25192	25325
C24672-A A24803-T	NA NA	31	4578	0.006772	24612	24806
C23525T T23540C T23599G C23604G	S:H655Y S:Y660H S:N679K S:P681R	31	52875	0.000586	23487	23640
C23525T G23593A T23599G C23604G	S:H655Y S:Q677Q S:N679K S:P681R	31	52875	0.000586	23488	23631
C22120-A A22193-ATT T22200G C22208T	NA S:DEL212 S:V213G S:L216F	31	6969	0.004448	22113	22218
A25438G	ORF3a:K16E	31	19274	0.001608	25382	25477
A24424T T24513C C24517T	S:Q954H S:L984P S:D985D	31	36914	0.00084	24412	24554
A24424T A24433G T24469A	S:Q954H S:Q957Q S:N969K	31	37294	0.000831	24412	24564
A23157-T G23222A C23271T	NA S:E554K S:A570V	31	4842	0.006402	23096	23290
T25191-A C25262-T	NA NA	30	27536	0.001089	25123	25324
T25150C C25207T	S:S1196S S:Y1215Y	30	25898	0.001158	25123	25325
T24522C	S:V987A	30	55633	0.000539	24476	24551
T23817C C23854A	S:L752P S:N764K	30	21994	0.001364	23770	23881
T23599G C23604G A23631G	S:N679K S:P681R S:Q690R	30	77101	0.000389	23580	23642
T23584C T23599G C23604G	S:Y674Y S:N679K S:P681R	30	77645	0.000386	23580	23642
T23514C C23525T T23599G C23604G	S:I651T S:H655Y S:N679K S:P681R	30	52801	0.000568	23487	23642
T21609+CATGCCGCTGTT C21618T C21622T G21624C T21632-TACCCCCTG C21732-T A21764-TACATG	S:INS17HAAV S:T19F S:T20F S:R21T S:DEL25/27 NA S:DEL69/70	30	8440	0.003555	21597	21802
G25494-A	NA	30	14407	0.002082	25372	25502
G25424T	ORF3a:G11V	30	19529	0.001536	25372	25435
G25177+A C25207T	NA S:Y1215V	30	26906	0.001115	25169	25324
G25135+A C25207T C25262-T	NA S:Y1215V NA	30	24954	0.001202	25130	25325
G24570-T	NA	30	17269	0.001737	24556	24619
C25207T C25292-T	S:Y1215Y NA	30	28508	0.001052	25202	25325
C24981-T C24990T C25000T T25021-A	NA S:P1143L S:D1146D NA	30	15327	0.001957	24850	25061
C24422-A	NA	30	40077	0.000749	24412	24443
C24026-T A24110-T C24119-A	NA NA NA	30	4250	0.007059	24021	24151
C23816-T C23887-A	NA NA	30	21060	0.001425	23767	23895
C23757T	S:T732I	30	21518	0.001394	23690	23772
C23525T A23526G T23599G C23604G	S:H655C S:H655C S:N679K S:P681R	30	52875	0.000567	23516	23624
C21622T G21624C T21632-TACCCCCTG C21711T A21764-TACATG	S:T20T S:R21T S:DEL25/27 S:S50L S:DEL69/70	30	8441	0.003554	21597	21802
A25137-T C25207T C25262-T	NA S:Y1215Y NA	30	25058	0.001197	25122	25306
A24424T T24469A T24506C	S:Q954H S:N969K S:S982P	30	37033	0.00081	24412	24564
A24424T T24469A A24556G	S:Q954H S:N969K S:T998T	30	36435	0.000823	24412	24564
A24424T T24469A A24525G	S:Q954H S:N969K S:E988G	30	36821	0.000815	24412	24564
A24424T A24432G T24469A	S:Q954H S:Q957R S:N969K	30	37294	0.000804	24412	24564
A24123G	S:K854R	30	6167	0.004865	24115	24175
A23515+G T23599G C23604G	NA S:N679* S:P681C	30	52806	0.000568	23487	23631
T25191-A C25207T G25218-T C25262-T	NA S:Y1215Y NA NA	29	27536	0.001053	25130	25325
T23599G C23604G C23709+A	S:N679K S:P681R NA	29	23115	0.001255	23580	23724
T23335G	S:S591S	29	18436	0.001573	23308	23337
T21940-G A21979-T G21987A T21990-TTA T22032C C22033A A22034G	NA NA S:G142D S:DEL144 S:F157S S:F157S S:R158G	29	8979	0.00323	21901	22058
T21609+CATGCCGCTGTT C21618T C21622T G21624C T21632-TACCCCCTG C21711T C21781-A	S:INS17HAAV S:T19F S:T20F S:R21T S:DEL25/27 S:S50L NA	29	8421	0.003444	21597	21802
G25555-T C25566T	NA ORF3a:S58S	29	12283	0.002361	25372	25566
G25218-T	NA	29	30931	0.000938	25209	25285
G23948T A23964-T	S:D796Y NA	29	2918	0.009938	23941	23977
G23505A C23525T T23599G C23604G	S:G648D S:H655Y S:N679K S:P681R	29	52658	0.000551	23501	23642
G23384-T A23403G C23423T C23525T	NA S:D614G S:P621S S:H655Y	29	16815	0.001725	23350	23532
G21987A T21990-TTA C22000-A T22032C C22033A A22034G	S:G142D S:DEL144 NA S:F157S S:F157S S:R158G	29	10429	0.002781	21970	22058
C25207T G25302-T	S:Y1215Y NA	29	28461	0.001019	25201	25324
C24672-A G24693-A	NA NA	29	5143	0.005639	24620	24704
C23525T A23597G T23599G C23604G	S:H655Y S:N679E S:N679E S:P681R	29	52875	0.000548	23487	23642
C23423T T23455C C23525T	S:P621S S:P631P S:H655Y	29	17374	0.001669	23407	23539
C22000A C22033A	S:H146Q S:F157L	29	12952	0.002239	21995	22058
A25505G	ORF3a:Q38R	29	13926	0.002082	25381	25552
A24424T T24469A T24511C	S:Q954H S:N969K S:R983R	29	36971	0.000784	24412	24564
A24424T A24456G T24469A	S:Q954H S:Q965R S:N969K	29	37294	0.000778	24422	24564
A24424T A24454G	S:Q954H S:K964K	29	37460	0.000774	24412	24564
A23711T C23854A	S:N717Y S:N764K	29	19243	0.001507	23699	23895
T24492+A	NA	28	55761	0.000502	24476	24505
T24115+A	NA	28	5535	0.005059	24107	24122
T23599G C23604G C23630-A	S:N679K S:P681R NA	28	77189	0.000363	23580	23641
T21940-G G21987A T21990-TTA C22033A A22034G	NA S:G142D S:DEL144 S:F157L S:R158G	28	8979	0.003118	21867	22043
G25305-T	NA	28	36593	0.000765	25303	25325
G23292T T23335C A23403G	S:R577L S:S591S S:D614G	28	17282	0.00162	23269	23429
G22813T T22882G G22895C T22896C G22898A	S:K417N S:N440K S:V445P S:V445P S:G446S	28	509	0.05501	22803	22910
C24639-T C24672-A	NA NA	28	22561	0.001241	24476	24679
C23854A T23877C	S:N764K S:V772A	28	22201	0.001261	23824	23895
C23595T T23599G C23604G A23712-T	S:T678I S:N679K S:P681R NA	28	23041	0.001215	23582	23724
C23525T C23557-A T23599G C23604G	S:H655Y NA S:N679K S:P681R	28	52875	0.00053	23508	23624
C23525T A23554-C T23599G C23604G	S:H655Y NA S:N679K S:P681R	28	52875	0.00053	23487	23624
C23271T C23334-T C23367+A A23403G C23423T	S:A570V NA NA S:D614G S:P621S	28	15326	0.001827	23269	23436
A25449G	ORF3a:E19E	28	19034	0.001471	25372	25477
A25176G C25207T	S:K1205R S:Y1215Y	28	26885	0.001041	25172	25324
A24880G G24882A C24990T C25000T G25012T	S:Q1106Q S:R1107K S:P1143L S:D1146D S:E1150D	28	14771	0.001896	24857	25068
A24617G	S:R1019G	28	22839	0.001226	24612	24679
A24424T T24499C A24543-T	S:Q954H S:D979D NA	28	36681	0.000763	24412	24564
A24424T T24481C	S:Q954H S:I973I	28	37197	0.000753	24412	24530
A24424T T24464C T24469A	S:Q954H S:S968P S:N969K	28	37294	0.000751	24416	24564
A24424T A24454G T24469A	S:Q954H S:K964K S:N969K	28	37294	0.000751	24412	24564
A24424T A24440G T24469A	S:Q954H S:N960D S:N969K	28	37294	0.000751	24412	24558
T25560C C25561A A25562T	ORF3a:F56F ORF3a:Q57M ORF3a:Q57M	27	12352	0.002186	25372	25566
T25196-G C25207T C25262-TT	NA S:Y1215Y NA	27	27857	0.000969	25130	25325
T25152C C25207T	S:L1197P S:Y1215Y	27	26136	0.001033	25130	25324
T23599G C23604G T23680C	S:N679K S:P681R S:A706A	27	23634	0.001142	23580	23724
T23599G C23604G A23710G	S:N679K S:P681R S:T716T	27	23085	0.00117	23580	23724
T23599G C23604G A23682G	S:N679K S:P681R S:Y707C	27	23623	0.001143	23582	23724
T21609+CATGCCGCTGTT C21618T C21622T G21624T T21632-TACCCCCTG C21711T A21764-TACATG	S:INS17HAAV S:T19F S:T20F S:R21I S:DEL25/27 S:S50L S:DEL69/70	27	8440	0.003199	21597	21800
G24570+T	NA	27	17269	0.001563	24486	24579
G22992A C22995A T23005A T23018C T23019C	S:S477N S:T478K S:N481K S:F486P S:F486P	27	366	0.07377	22979	23038
G22104-A C22120-A	NA NA	27	7227	0.003736	22100	22132
C25416T T25446C	ORF3a:F8F ORF3a:G18G	27	19122	0.001412	25376	25543
C25207T T25322C	S:Y1215Y S:C1254R	27	28214	0.000957	25122	25324
C25207T T25301C	S:Y1215Y S:C1247R	27	28464	0.000949	25151	25325
C25207T T25268C	S:Y1215Y S:C1236R	27	28565	0.000945	25203	25320
C25207T A25253G	S:Y1215Y S:T1231A	27	28657	0.000942	25151	25325
C24981-T	NA	27	15837	0.001705	24965	24986
C24899-A	NA	27	18268	0.001478	24870	24911
C23758+A	NA	27	21514	0.001255	23684	23768
C23525T G23564A T23599G C23604G	S:H655Y S:A668T S:N679K S:P681R	27	52875	0.000511	23487	23642
C23525T C23555T T23599G C23604G	S:H655Y S:P665S S:N679K S:P681R	27	52875	0.000511	23487	23637
C23498T C23525T T23599G C23604G	S:R646C S:H655Y S:N679K S:P681R	27	52416	0.000515	23487	23642
C23271T A23403G C23423T T23434-C	S:A570V S:D614G S:P621S NA	27	15026	0.001797	23269	23443
A25545-CTT	ORF3a:DEL52	27	12617	0.00214	25375	25565
A25327-T	NA	27	4295	0.006286	25314	25335
A25190+G C25207T	NA S:Y1215V	27	27691	0.000975	25183	25325
A24424T T24480C	S:Q954H S:I973T	27	37203	0.000726	24412	24564
A24424T T24469A T24505C	S:Q954H S:N969K S:L981L	27	37039	0.000729	24412	24554
A24424T T24469A T24487C	S:Q954H S:N969K S:S975S	27	37162	0.000727	24412	24564
A24424T T24469A T24482C	S:Q954H S:N969K S:S974P	27	37193	0.000726	24412	24564
A24424T T24469A T24475C	S:Q954H S:N969K S:G971G	27	37230	0.000725	24412	24564
A24424T T24447C T24469A	S:Q954H S:L962P S:N969K	27	37294	0.000724	24412	24564
A24424T C24435-T T24469A	S:Q954H NA S:N969K	27	37294	0.000724	24412	24564
A24424T A24556G	S:Q954H S:T998T	27	36435	0.000741	24412	24564
A24090G	S:D843G	27	7140	0.003782	24050	24106
A23403G C23423T C23525T A23532G	S:D614G S:P621S S:H655Y S:N657S	27	16988	0.001589	23393	23539
A21875-T C21888-T	NA NA	27	10675	0.002529	21848	21900
T24482C	S:S974P	26	55430	0.000469	24476	24495
T23822C C23854A	S:L754L S:N764K	26	22075	0.001178	23767	23895
T23599G C23604G T23626C	S:N679K S:P681R S:A688A	26	77282	0.000336	23580	23642
T23599G C23604G T23617C	S:N679K S:P681R S:R685R	26	77765	0.000334	23580	23642
T23371C A23403G C23423T C23525T	S:N603N S:D614G S:P621S S:H655Y	26	16637	0.001563	23336	23539
T22247C C22295A	S:L229L S:H245N	26	14742	0.001764	22246	22319
T21976-C G21987A T21990-TTA T22032C C22033A	NA S:G142D S:DEL144 S:F157S S:F157S	26	10416	0.002496	21966	22052
T21609+CATGCCGCTGTT C21618T C21622T G21624C T21632-TACCCCCTG C21736-T A21764-TACATG	S:INS17HAAV S:T19F S:T20F S:R21T S:DEL25/27 NA S:DEL69/70	26	8440	0.003081	21597	21802
G25173-A C25207T	NA S:Y1215Y	26	26778	0.000971	25151	25324
G23504A C23525T T23599G C23604G	S:G648S S:H655Y S:N679K S:P681R	26	52635	0.000494	23487	23642
G23222A A23267-T C23271T	S:E554K NA S:A570V	26	5021	0.005178	23190	23290
G21987A T21990-TTA C22033A A22034G	S:G142D S:DEL144 S:F157L S:R158G	26	10429	0.002493	21971	22058
C25207T T25251C	S:Y1215Y S:V1230A	26	28665	0.000907	25197	25325
C25207T T25219C	S:Y1215Y S:G1219G	26	28761	0.000904	25130	25323
C23854A A23881G	S:N764K S:E773E	26	22136	0.001175	23842	23895
C23525T T23599G C23601T C23604G	S:H655Y S:N679K S:S680F S:P681R	26	52875	0.000492	23515	23624
C23525T A23558G T23599G C23604G	S:H655Y S:I666V S:N679K S:P681R	26	52875	0.000492	23487	23642
C22295A A22300G	S:H245N S:R246R	26	15786	0.001647	22268	22319
C21622T G21624C T21632-TACCCCCTG	S:T20T S:R21T S:DEL25/27	26	9716	0.002676	21597	21664
C21618T C21622T T21632-TACCCCCTG	S:T19I S:T20T S:DEL25/27	26	9716	0.002676	21597	21659
A25201G C25207T	S:P1213P S:Y1215Y	26	28778	0.000903	25157	25226
A25194-AT G25197T C25207T G25218-T C25262-T	NA S:W1212L S:Y1215Y NA NA	26	27725	0.000938	25122	25283
A24880G C24990T C25000T	S:Q1106Q S:P1143L S:D1146D	26	14879	0.001747	24853	25066
A24424T T24552C	S:Q954H S:I997T	26	36585	0.000711	24412	24564
A24424T T24514C	S:Q954H S:L984L	26	36953	0.000704	24412	24564
A24424T T24469A T24501C	S:Q954H S:N969K S:I980T	26	37080	0.000701	24417	24564
A24424T T24459C T24469A	S:Q954H S:L966P S:N969K	26	37294	0.000697	24412	24564
A24424T T24450C T24469A	S:Q954H S:V963A S:N969K	26	37294	0.000697	24412	24564
A24424T G24535A	S:Q954H S:V991V	26	36739	0.000708	24412	24554
A24424T A24478G	S:Q954H S:A972A	26	37209	0.000699	24414	24564
A24424T A24457G	S:Q954H S:Q965Q	26	37408	0.000695	24416	24564
A23756-C C23854A	NA S:N764K	26	19457	0.001336	23734	23895
A23704+C	NA	26	47619	0.000546	23684	23715
A23403G C23423T T23482-A	S:D614G S:P621S NA	26	17280	0.001505	23393	23539
A23403G C23423T T23434-C C23525T	S:D614G S:P621S NA S:H655Y	26	17045	0.001525	23366	23529
A23403G C23423T C23525T T23529C	S:D614G S:P621S S:H655Y S:V656A	26	17019	0.001528	23342	23532
A23403G C23423T C23525T T23527C	S:D614G S:P621S S:H655Y S:H655Y	26	17020	0.001528	23342	23539
A22629C C22674T	S:K356T S:S371F	26	1630	0.015951	22623	22676
A22245-TT C22295A	NA S:H245N	26	10940	0.002377	22234	22319
T23599G C23604G T23698C	S:N679K S:P681R S:I712I	25	23511	0.001063	23580	23724
T23599G C23604G T23637-C	S:N679K S:P681R NA	25	76728	0.000326	23580	23642
T23599G A23712-T	S:N679K NA	25	23058	0.001084	23583	23724
T23143-A T23164-A	NA NA	25	5852	0.004272	23089	23176
T21632-TACCCCCTG	S:DEL25/27	25	9716	0.002573	21597	21659
G25218-T C25262-T	NA NA	25	30792	0.000812	25122	25323
G23222A T23278-A	S:E554K NA	25	4987	0.005013	23195	23290
C25207T A25247G	S:Y1215Y S:M1229V	25	28685	0.000872	25187	25325
C24852-A C25000T	NA S:D1146D	25	14435	0.001732	24850	25069
C23882+A C23887-A	NA NA	25	22267	0.001123	23683	23895
C23854A A23884-GACA	S:N764K NA	25	21967	0.001138	23768	23895
C23525T T23599G C23604G A23627G	S:H655Y S:N679K S:P681R S:S689G	25	52407	0.000477	23487	23639
C23525T G23574A T23599G C23604G	S:H655Y S:C671Y S:N679K S:P681R	25	52875	0.000473	23487	23641
C23525T G23562A T23599G C23604G	S:H655Y S:G667D S:N679K S:P681R	25	52875	0.000473	23487	23637
C23525T C23556T T23599G C23604G	S:H655Y S:P665L S:N679K S:P681R	25	52875	0.000473	23487	23639
C23361A C23423T C23525T	S:P600Q S:P621S S:H655Y	25	16474	0.001518	23335	23533
C23271T T23278C A23403G C23423T	S:A570V S:T572T S:D614G S:P621S	25	15326	0.001631	23269	23443
C23271T C23334-TT C23423T	S:A570V NA S:P621S	25	15326	0.001631	23269	23443
C23271T C23277T T23296-C A23403G C23423T	S:A570V S:T572I NA S:D614G S:P621S	25	15326	0.001631	23269	23429
C21618T C21622T G21624C C21711T A21764-TACATG	S:T19I S:T20T S:R21T S:S50L S:DEL69/70	25	8441	0.002962	21597	21802
A25133G C25207T	S:K1191E S:Y1215Y	25	25223	0.000991	25122	25324
A24880G G24882A G24883A A24884G C24990T C25000T	S:Q1106Q S:R1107K S:R1107K S:N1108D S:P1143L S:D1146D	25	14879	0.00168	24850	25069
A24675G	S:K1038R	25	22713	0.001101	24612	24678
A24424T C24503+T	S:Q954H NA	25	37056	0.000675	24412	24564
A24424T A24457G T24469A	S:Q954H S:Q965Q S:N969K	25	37294	0.00067	24412	24561
A24424T A24430G T24469A	S:Q954H S:A956A S:N969K	25	37294	0.00067	24412	24564
A23796G C23854A	S:D745G S:N764K	25	21772	0.001148	23683	23895
A23759G C23854A	S:K733E S:N764K	25	19469	0.001284	23683	23891
A23696-T	NA	25	47667	0.000524	23687	23706
A23403G C23422T C23423T	S:D614G S:V620V S:P621S	25	35668	0.000701	23396	23443
A22629C C22674T T22679C	S:K356T S:S371F S:S373P	25	1595	0.015674	22623	22683
T25468C	ORF3a:S26P	24	18631	0.001288	25372	25476
T25458C	ORF3a:D22D	24	18843	0.001274	25382	25467
T25191-A C25207T G25218-T	NA S:Y1215Y NA	24	27674	0.000867	25145	25239
T25129C C25207T	S:V1189V S:Y1215Y	24	24495	0.00098	25122	25325
T24480C	S:I973T	24	55199	0.000435	24470	24564
T23823C C23854A	S:L754S S:N764K	24	22089	0.001087	23748	23891
T23742-A	NA	24	21622	0.00111	23690	23761
T23599G C23604G T23686C	S:N679K S:P681R S:S708S	24	23597	0.001017	23580	23724
T23599G C23604G T23676C	S:N679K S:P681R S:V705A	24	23669	0.001014	23585	23724
T23599G C23604G T23633C	S:N679K S:P681R S:S691P	24	77026	0.000312	23581	23642
T23599G C23604G T23622C	S:N679K S:P681R S:V687A	24	77729	0.000309	23582	23627
T23599G C23604G G23610A	S:N679K S:P681R S:R683Q	24	77818	0.000308	23580	23641
T23599G C23604G C23609-G G23666-A	S:N679K S:P681R NA NA	24	23733	0.001011	23580	23700
T23599G C23604G A23665G	S:N679K S:P681R S:A701A	24	23745	0.001011	23580	23705
G24488-T C24503-T	NA NA	24	55405	0.000433	24480	24513
G23516A C23525T T23599G C23604G	S:G652R S:H655Y S:N679K S:P681R	24	52818	0.000454	23487	23624
G22030-T	NA	24	13426	0.001788	22023	22052
G21941T T21976-C G21987A T21990-TTA T22032C C22033A A22034G	S:V127F NA S:G142D S:DEL144 S:F157S S:F157S S:R158G	24	8979	0.002673	21847	22058
C25528+T	NA	24	12892	0.001862	25372	25543
C25207T T25319C	S:Y1215Y S:C1253R	24	28304	0.000848	25200	25325
C25207T T25306C	S:Y1215Y S:C1248C	24	28444	0.000844	25166	25320
C25207T T25221C	S:Y1215Y S:F1220S	24	28760	0.000834	25122	25325
C25207T G25314A	S:Y1215Y S:G1251E	24	28383	0.000846	25187	25325
C25207T A25255G	S:Y1215Y S:T1231T	24	28654	0.000838	25151	25320
C24422-A A24425T T24469A	NA S:N955Y S:N969K	24	37287	0.000644	24412	24564
C24263-A	NA	24	7257	0.003307	24229	24276
C23887A A23888C G23948T	S:D775E S:K776Q S:D796Y	24	1617	0.014842	23875	23956
C23525T T23599G C23604G C23609+G	S:H655Y S:N679K S:P681R NA	24	52857	0.000454	23493	23639
C23525T T23599G C23604G A23636-T A23639G	S:H655Y S:N679K S:P681R NA S:I693V	24	51603	0.000465	23492	23642
C23525T C23551T T23599G C23604G	S:H655Y S:D663D S:N679K S:P681R	24	52875	0.000454	23487	23642
C23502T C23525T T23599G C23604G	S:A647V S:H655Y S:N679K S:P681R	24	52603	0.000456	23487	23624
C23271T C23286-T A23403G C23423T	S:A570V NA S:D614G S:P621S	24	15326	0.001566	23269	23435
C23271T A23400+G C23423T	S:A570V NA S:P621S	24	15326	0.001566	23269	23429
C22295A G22302-T	S:H245N NA	24	15781	0.001521	22281	22319
C22120-A A22193-ATT T22200G C22208T A22245-T C22295A	NA S:DEL212 S:V213G S:L216F NA S:H245N	24	6509	0.003687	22103	22319
A25562+T	NA	24	12352	0.001943	25372	25566
A25453G G25555-T	ORF3a:K21E NA	24	12453	0.001927	25372	25566
A25408G	ORF3a:R6G	24	19809	0.001212	25381	25457
A24880G G24882A A24884-AT C24990T C25000T	S:Q1106Q S:R1107K NA S:P1143L S:D1146D	24	14879	0.001613	24850	25069
A24424T T24469A T24534C	S:Q954H S:N969K S:V991A	24	36759	0.000653	24415	24564
A24424T T24469A T24514C	S:Q954H S:N969K S:L984L	24	36953	0.000649	24412	24541
A24424T T24469A T24504C	S:Q954H S:N969K S:L981P	24	37052	0.000648	24412	24564
A24424T T24469A A24498G	S:Q954H S:N969K S:D979G	24	37104	0.000647	24412	24563
A24424T T24448C	S:Q954H S:L962L	24	37524	0.00064	24412	24564
A24424T T24427C T24469A	S:Q954H S:N955N S:N969K	24	37294	0.000644	24412	24558
A24424T C24431+A	S:Q954H NA	24	37677	0.000637	24417	24442
A24424T A24545G	S:Q954H S:R995G	24	36655	0.000655	24412	24564
A24424T A24539+T	S:Q954H NA	24	36705	0.000654	24415	24552
A24424T A24468G T24469A	S:Q954H S:N969R S:N969R	24	37294	0.000644	24412	24564
A24424T A24440G	S:Q954H S:N960D	24	37605	0.000638	24412	24564
A24424T A24426G T24469A	S:Q954H S:N955S S:N969K	24	37294	0.000644	24412	24564
A24318-C	NA	24	7284	0.003295	24308	24356
A24110-T G24140-T	NA NA	24	4804	0.004996	24098	24160
A24110-T C24119-A T24126-TA	NA NA NA	24	4915	0.004883	24021	24153
A23813G C23854A	S:N751D S:N764K	24	21953	0.001093	23699	23891
A23515+G C23525T	NA S:H655S	24	72259	0.000332	23494	23537
A23354+T	NA	24	37830	0.000634	23339	23362
A22194G A22194-TT T22200G C22295A	S:N211S NA S:V213G S:H245N	24	6972	0.003442	22112	22313
A22034+G	NA	24	13373	0.001795	22021	22046
T25237C	S:I1225I	23	31495	0.00073	25226	25325
T23599G C23604G C23706T	S:N679K S:P681R S:P715L	23	23230	0.00099	23580	23724
T23599G C23604G C23705A	S:N679K S:P681R S:P715T	23	23243	0.00099	23580	23724
T23599G C23604G A23691G	S:N679K S:P681R S:N710S	23	23563	0.000976	23580	23700
T23599G C23604G A23670+T	S:N679K S:P681R NA	23	23714	0.00097	23580	23703
T23599G C23604G A23636G	S:N679K S:P681R S:I692V	23	76819	0.000299	23580	23642
T23599G C23604G A23627G	S:N679K S:P681R S:S689G	23	77245	0.000298	23580	23638
T23599G C23604G A23623G	S:N679K S:P681R S:V687V	23	77713	0.000296	23580	23642
T23511+A A23515+G C23525T T23599G C23604G	NA NA S:H655Y S:N679L S:P681R	23	52783	0.000436	23487	23637
T23394C A23403G C23423T C23525T	S:L611P S:D614G S:P621S S:H655Y	23	16953	0.001357	23380	23535
T23389C A23403G C23423T C23525T	S:A609A S:D614G S:P621S S:H655Y	23	16868	0.001364	23342	23532
T22942G	S:N460K	23	1152	0.019965	22937	22967
T22926C T22942A	S:L455S S:N460K	23	894	0.025727	22922	22962
T21934-A G21941T G21987A T21990-TTA T22032C C22033A A22034G	NA S:V127F S:G142D S:DEL144 S:F157S S:F157S S:R158G	23	8948	0.00257	21891	22056
T21609+CATGCCGCTGTT C21618T C21622T G21624C T21632-TACCCCCTG A21764-TACATG C21781+A	S:INS17HAAV S:T19F S:T20F S:R21T S:DEL25/27 S:DEL69/70 NA	23	8421	0.002731	21597	21800
G25302C	S:C1247S	23	36528	0.00063	25271	25307
G24883-A C24990T C25000T	NA S:P1143L S:D1146D	23	14880	0.001546	24858	25069
G24570+T C24672-A	NA NA	23	16734	0.001374	24486	24679
G24164-A	NA	23	10260	0.002242	24148	24191
G23522A C23525T T23599G C23604G	S:E654K S:H655Y S:N679K S:P681R	23	52873	0.000435	23487	23641
G23402-A C23423T	NA S:P621S	23	35668	0.000645	23394	23443
G22577C G22578A A22629C C22674T T22679C	S:G339H S:G339H S:K356T S:S371F S:S373P	23	1173	0.019608	22558	22683
C25433-T	NA	23	19364	0.001188	25381	25446
C25416T G25523T G25537A	ORF3a:F8F ORF3a:G44V ORF3a:G49S	23	12712	0.001809	25372	25546
C25276-A	NA	23	36224	0.000635	25259	25325
C25207T T25309C	S:Y1215Y S:S1249S	23	28403	0.00081	25201	25325
C25207T G25299-C	S:Y1215Y NA	23	28474	0.000808	25193	25324
C25207T C25262-T C25300T	S:Y1215Y NA S:G1246G	23	28469	0.000808	25122	25314
C25207T C25254+A	S:Y1215Y NA	23	28654	0.000803	25190	25325
C25207T A25208-T C25262-T	S:Y1215Y NA NA	23	28624	0.000804	25143	25325
C24503-T C24672-A	NA NA	23	16553	0.001389	24486	24679
C24455-A	NA	23	37967	0.000606	24428	24468
C23854A A23886G	S:N764K S:D775G	23	21872	0.001052	23845	23895
C23854A A23880G	S:N764K S:E773G	23	22147	0.001039	23840	23895
C23525T T23599G C23604G T23640C	S:H655Y S:N679K S:P681R S:I693T	23	51531	0.000446	23487	23642
C23525T T23599G C23604G G23642A	S:H655Y S:N679K S:P681R Unknown	23	51248	0.000449	23487	23642
C23525T C23530T T23599G C23604G	S:H655Y S:V656V S:N679K S:P681R	23	52875	0.000435	23487	23642
C23373+A	NA	23	37051	0.000621	23336	23381
C23361A A23403G C23423T C23525T	S:P600Q S:D614G S:P621S S:H655Y	23	16474	0.001396	23335	23532
C23271T T23346C A23403G C23423T	S:A570V S:V595A S:D614G S:P621S	23	15326	0.001501	23269	23429
C23271T T23338-G A23403G C23423T	S:A570V NA S:D614G S:P621S	23	15326	0.001501	23269	23437
C23271T A23366G A23403G C23423T	S:A570V S:T602A S:D614G S:P621S	23	15326	0.001501	23269	23443
A25137-T C25207T	NA S:Y1215Y	23	25410	0.000905	25130	25239
A24885-T	NA	23	18127	0.001269	24850	24900
A24670-TCAAA	NA	23	22714	0.001013	24481	24679
A24610-GAAATCAGAGCTTCTGCT C24672-A	S:DEL1017/1022 NA	23	16797	0.001369	24481	24679
A24539+T	NA	23	55391	0.000415	24470	24558
A24508G	S:S982S	23	55767	0.000412	24476	24564
A24424T T24534C	S:Q954H S:V991A	23	36759	0.000626	24412	24564
A24424T T24469A A24545G	S:Q954H S:N969K S:R995G	23	36655	0.000627	24412	24563
A24424T A24508G	S:Q954H S:S982S	23	37006	0.000622	24412	24538
A24424C	S:Q954H	23	40059	0.000574	24412	24443
A23800G C23854A	S:S746S S:N764K	23	21821	0.001054	23683	23892
A23738+T	NA	23	21666	0.001062	23705	23749
A23598+G C23604G	NA S:P681C	23	77845	0.000295	23582	23614
A23403G C23423T T23434-C	S:D614G S:P621S NA	23	35275	0.000652	23377	23443
A23403G C23423T T23428C C23525T	S:D614G S:P621S S:V622V S:H655Y	23	17045	0.001349	23389	23532
A23403G A23414G C23423T C23525T	S:D614G S:T618A S:P621S S:H655Y	23	17045	0.001349	23386	23529
A22110+G C22120-A A22193-ATT T22200G C22208T C22295A	NA NA S:DEL212 S:V213S S:L216S S:H245T	23	6406	0.00359	22100	22319
A22010G T22032C C22033A A22034G	S:K150E S:F157S S:F157S S:R158G	23	13247	0.001736	21993	22058
A21875-TT G21941T G21987A T21990-TTA T22032C C22033A A22034G	NA S:V127F S:G142D S:DEL144 S:F157S S:F157S S:R158G	23	8635	0.002664	21847	22058
T25467C	ORF3a:P25P	22	18653	0.001179	25372	25477
T25394C	ORF3a:M1T	22	20065	0.001096	25381	25477
T24529C	S:A989A	22	55550	0.000396	24484	24564
T24514C	S:L984L	22	55727	0.000395	24476	24532
T24469A T24492-A	S:N969K NA	22	49287	0.000446	24465	24522
T23697C C23854A	S:I712T S:N764K	22	19070	0.001154	23683	23892
T23599G T23602C C23604G	S:N679K S:S680S S:P681R	22	77860	0.000283	23580	23642
T23599G C23604G T23629C	S:N679K S:P681R S:S689S	22	77204	0.000285	23580	23642
T23599G C23604G C23643T	S:N679K S:P681R S:A694V	22	75431	0.000292	23580	23724
T23143-A T23164-A G23222A C23244-T C23271T	NA NA S:E554K NA S:A570V	22	4819	0.004565	23118	23290
T21934-A G21987A T21990-TTA T22032C C22033A A22034G	NA S:G142D S:DEL144 S:F157S S:F157S S:R158G	22	8948	0.002459	21847	22058
G25181+A C25207T	NA S:Y1215V	22	27090	0.000812	25172	25325
G24868-T	NA	22	18199	0.001209	24853	24878
G24488-T C24517-A	NA NA	22	55136	0.000399	24470	24528
G22226T C22295A	S:A222S S:H245N	22	10070	0.002185	22220	22319
C25262-T G25340-A	NA NA	22	3837	0.005734	25251	25350
C25207T T25304C	S:Y1215Y S:C1248R	22	28452	0.000773	25192	25324
C25207T T25303C	S:Y1215Y S:C1247C	22	28455	0.000773	25195	25324
C25207T T25285C	S:Y1215Y S:C1241C	22	28533	0.000771	25200	25316
C25207T A25295G	S:Y1215Y S:K1245E	22	28486	0.000772	25199	25324
C25156T C25207T	S:I1198I S:Y1215Y	22	26263	0.000838	25144	25325
C24899-A C24990T C25000T	NA S:P1143L S:D1146D	22	15180	0.001449	24857	25008
C24512+T	NA	22	55737	0.000395	24470	24564
C24422-A A24425T	NA S:N955Y	22	39923	0.000551	24415	24445
C23887A A23888C	S:D775E S:K776Q	22	22255	0.000989	23877	23894
C23271T A23359G A23403G C23423T	S:A570V S:T599T S:D614G S:P621S	22	15326	0.001435	23269	23434
C23271T A23303-C A23403G C23423T	S:A570V NA S:D614G S:P621S	22	15326	0.001435	23269	23429
C22674T T22679C	S:S371F S:S373P	22	1656	0.013285	22653	22685
C22208T	S:L216F	22	7804	0.002819	22204	22223
A25193G C25207T	S:K1211E S:Y1215Y	22	28057	0.000784	25176	25324
A25168G C25207T	S:E1202E S:Y1215Y	22	26597	0.000827	25130	25325
A24424T T24469A T24552C	S:Q954H S:N969K S:I997T	22	36585	0.000601	24412	24564
A24424T T24469A T24499C	S:Q954H S:N969K S:D979D	22	37104	0.000593	24412	24514
A24424T T24469A A24551G	S:Q954H S:N969K S:I997V	22	36608	0.000601	24416	24564
A24424T T24469A A24508G	S:Q954H S:N969K S:S982S	22	37006	0.000594	24412	24564
A24424T T24469A A24484G	S:Q954H S:N969K S:S974S	22	37173	0.000592	24412	24564
A24424T A24532G	S:Q954H S:E990E	22	36778	0.000598	24415	24564
A24103G	S:R847R	22	7197	0.003057	24088	24106
A23942-T G23948T	NA S:D796Y	22	3162	0.006958	23941	23954
A23558-T T23599G C23604G	NA S:N679K S:P681R	22	53235	0.000413	23487	23641
A23403G T23406C C23423T C23525T	S:D614G S:V615A S:P621S S:H655Y	22	17045	0.001291	23335	23539
A23403G T23404C C23423T C23525T	S:D614G S:D614G S:P621S S:H655Y	22	17045	0.001291	23335	23539
A23362G A23403G C23423T C23525T	S:P600P S:D614G S:P621S S:H655Y	22	16493	0.001334	23345	23529
A22294-C C22353A	NA S:A264D	22	3757	0.005856	22273	22378
A21875-T T21940-G	NA NA	22	10355	0.002125	21847	21953
T25263C	S:L1234P	21	35958	0.000584	25251	25325
T24499C	S:D979D	21	55816	0.000376	24488	24503
T24469A T24472-G T24492-A	S:N969K NA NA	21	49287	0.000426	24465	24564
T24469A C24517-A	S:N969K NA	21	48930	0.000429	24465	24564
T23689+A	NA	21	47545	0.000442	23683	23698
T23599G C23604G G23661A	S:N679K S:P681R S:G700D	21	23767	0.000884	23580	23724
T23599G C23604G A23674G	S:N679K S:P681R S:S704S	21	23683	0.000887	23580	23724
T21940-G G21987A T22032C C22033A A22034G	NA S:G142D S:F157S S:F157S S:R158G	21	8979	0.002339	21898	22046
T21609+CATGCCGCTGTT C21618T C21622T G21624C T21632-TACCCCCTG C21711T C21736-T A21764-TACATG C21781-A	S:INS17HAAV S:T19F S:T20F S:R21T S:DEL25/27 S:S50L NA S:DEL69/70 NA	21	8421	0.002494	21597	21802
T21609+CATGCCGCTGTT C21618T C21622T G21624C T21632-TACCCCCTG C21678T C21711T A21764-TACATG	S:INS17HAAV S:T19F S:T20F S:R21T S:DEL25/27 S:P39V S:S50L S:DEL69/70	21	8440	0.002488	21597	21802
G24868-T C24990T C25000T	NA S:P1143L S:D1146D	21	14845	0.001415	24853	25019
G23222A C23230+A C23271T	S:E554K NA S:A570F	21	5021	0.004182	23089	23290
G22104-A	NA	21	7230	0.002905	22100	22120
G21941T T21990-TTA	S:V127F S:DEL144	21	10145	0.00207	21905	22007
G21941T A21979-T G21987A T21990-TTA T22032C C22033A A22034G	S:V127F NA S:G142D S:DEL144 S:F157S S:F157S S:R158G	21	8979	0.002339	21867	22049
C25207T T25312C	S:Y1215Y S:C1250C	21	28391	0.00074	25200	25325
C25207T T25233C	S:Y1215Y S:L1224S	21	28719	0.000731	25122	25324
C25207T A25243-GT	S:Y1215Y NA	21	28696	0.000732	25178	25325
C24483+A	NA	21	55491	0.000378	24475	24506
C23854A A23883G	S:N764K S:Q774R	21	22023	0.000954	23835	23895
C23604G A23712-T	S:P681R NA	21	23129	0.000908	23600	23724
C23525T T23599G C23604G G23619A	S:H655Y S:N679K S:P681R S:S686N	21	52832	0.000397	23487	23642
C23525T G23574A T23599G C23604G G23612A	S:H655Y S:C671Y S:N679K S:P681R S:A684T	21	52853	0.000397	23487	23642
C23525T C23604G G23612A	S:H655Y S:P681R S:A684T	21	52853	0.000397	23492	23624
C23525T C23575G T23599G C23604G	S:H655Y S:C671W S:N679K S:P681R	21	52875	0.000397	23487	23642
C23525T C23556T A23570G T23599G C23604A	S:H655Y S:P665L S:I670V S:N679K S:P681H	21	52875	0.000397	23487	23642
C23423T G23522-A C23525T	S:P621S NA S:H655Y	21	17374	0.001209	23416	23539
C23271T T23335C A23403G C23423T	S:A570V S:S591S S:D614G S:P621S	21	15326	0.00137	23269	23443
C23271T C23393-T A23403G C23423T	S:A570V NA S:D614G S:P621S	21	15326	0.00137	23269	23443
C23099-T G23222A C23271T	NA S:E554K S:A570V	21	4736	0.004434	23089	23290
A25206G C25207T	S:Y1215C S:Y1215C	21	28976	0.000725	25190	25324
A24885-T C24981-T C24990T C25000T	NA NA S:P1143L S:D1146D	21	14907	0.001409	24857	25069
A24532G	S:E990E	21	55472	0.000379	24517	24542
A24518G	S:K986E	21	55688	0.000377	24482	24552
A24468-T T24470A	NA S:F970I	21	49410	0.000425	24465	24564
A24424T T24549C	S:Q954H S:L996S	21	36626	0.000573	24412	24564
A24424T T24469A T24481C	S:Q954H S:N969K S:I973I	21	37197	0.000565	24412	24564
A24424T T24469A T24470C	S:Q954H S:N969K S:F970L	21	37245	0.000564	24412	24564
A24424T T24469A C24503-T	S:Q954H S:N969K NA	21	37056	0.000567	24412	24521
A24424T T24469A A24562G	S:Q954H S:N969K S:R1000R	21	36335	0.000578	24412	24564
A24424T C24435+T	S:Q954H NA	21	37637	0.000558	24412	24454
A24424T A24525G	S:Q954H S:E988G	21	36821	0.00057	24412	24564
A24424T A24516G	S:Q954H S:D985G	21	36927	0.000569	24412	24554
A24424T A24426G	S:Q954H S:N955S	21	37684	0.000557	24412	24554
A24324T	S:K921I	21	7029	0.002988	24229	24327
A24318-C C24378T A24424T	NA S:S939F S:Q954H	21	2106	0.009972	24279	24424
A23902G G23948T	S:E780E S:D796Y	21	1719	0.012216	23885	23978
A23810G C23854A	S:S750G S:N764K	21	21923	0.000958	23767	23895
A23711-AT	NA	21	47400	0.000443	23690	23724
A23597G T23599G C23604G	S:N679E S:N679E S:P681R	21	77845	0.00027	23580	23625
A23403G C23423T T23521C C23525T	S:D614G S:P621S S:A653A S:H655Y	21	17045	0.001232	23335	23539
A23403G C23423T T23443C C23525T	S:D614G S:P621S S:D627D S:H655Y	21	17045	0.001232	23386	23539
A22556G G22577C G22578A A22629C	S:I332V S:G339H S:G339H S:K356T	21	1217	0.017256	22494	22649
A22110+G A22193-ATT T22200G C22208T G22218-T C22295A	NA S:DEL212 S:V213S S:L216S NA S:H245T	21	6406	0.003278	22100	22313
T25519C	ORF3a:F43L	20	13264	0.001508	25372	25528
T25510C	ORF3a:S40P	20	13655	0.001465	25383	25566
T25159C C25207T	S:D1199D S:Y1215Y	20	26348	0.000759	25122	25221
T24541C	S:I993I	20	55381	0.000361	24528	24564
T24511C	S:R983R	20	55739	0.000359	24486	24564
T23599G C23604G T23703C	S:N679K S:P681R S:I714T	20	23282	0.000859	23580	23724
T23599G C23604G G23675+T	S:N679K S:P681R NA	20	23675	0.000845	23582	23687
T23599G C23604G C23606-G	S:N679K S:P681R NA	20	77835	0.000257	23588	23624
T23341C A23403G C23423T C23525T	S:G593G S:D614G S:P621S S:H655Y	20	16146	0.001239	23335	23539
T22942A G22992A C22995A T23005A T23018C T23019C	S:N460K S:S477N S:T478K S:N481K S:F486P S:F486P	20	268	0.074627	22932	23048
G25127-T C25207T	NA S:Y1215Y	20	24387	0.00082	25122	25324
G24882A	S:R1107K	20	18131	0.001103	24850	25069
G24510+T	NA	20	55757	0.000359	24476	24519
G23666-A	NA	20	25540	0.000783	23656	23700
C25262-T A25374-T	NA NA	20	3488	0.005734	25251	25388
C25207T T25310C	S:Y1215Y S:C1250R	20	28400	0.000704	25135	25323
C25207T T25291C	S:Y1215Y S:C1243C	20	28510	0.000702	25197	25325
C25207T G25320A	S:Y1215Y S:C1253Y	20	28299	0.000707	25122	25325
C24878-A C24981-T C24990T C25000T	NA NA S:P1143L S:D1146D	20	14876	0.001344	24850	25068
C23854G	S:N764K	20	22765	0.000879	23829	23887
C23525T T23563+C T23599G C23604G	S:H655Y NA S:N679* S:P681C	20	52875	0.000378	23487	23642
C23525T C23577T T23599G C23604G	S:H655Y S:A672V S:N679K S:P681R	20	52875	0.000378	23487	23624
C23525T A23558-T T23599G C23604A	S:H655Y NA S:N679K S:P681H	20	52875	0.000378	23487	23639
C23520T C23525T T23599G C23604G	S:A653V S:H655Y S:N679K S:P681R	20	52860	0.000378	23487	23624
C23506T C23525T T23599G C23604G	S:G648G S:H655Y S:N679K S:P681R	20	52718	0.000379	23487	23637
C23496T C23525T T23599G C23604G	S:T645I S:H655Y S:N679K S:P681R	20	52387	0.000382	23487	23637
C23423T G23486+T C23525T	S:P621S NA S:H655S	20	17374	0.001151	23345	23539
C23367+A	NA	20	37378	0.000535	23342	23377
C23271T C23367T A23403G C23423T	S:A570V S:T602I S:D614G S:P621S	20	15326	0.001305	23269	23443
C23271T C23334-T C23393+T A23403G C23423T	S:A570V NA NA S:D614G S:P621S	20	15326	0.001305	23269	23443
C23099-T T23143-A T23164-A G23222A C23271T	NA NA NA S:E554K S:A570V	20	4736	0.004223	23089	23290
C21711T C21781-A	S:S50L NA	20	9948	0.00201	21697	21802
A25164G C25207T	S:Q1201R S:Y1215Y	20	26492	0.000755	25144	25325
A24902-T C24981-T C24990T C25000T	NA NA S:P1143L S:D1146D	20	15216	0.001314	24850	25063
A24885+T C24990T C25000T	NA S:P1143I S:D1146S	20	14907	0.001342	24850	25021
A24885+T A24922-T C24981-T C24990T C25000T	NA NA NA S:P1143I S:D1146S	20	14907	0.001342	24850	25065
A24758G	S:T1066A	20	7642	0.002617	24724	24791
A24592G	S:Q1010Q	20	17110	0.001169	24497	24676
A24525G	S:E988G	20	55592	0.00036	24513	24528
A24424T T24499C	S:Q954H S:D979D	20	37104	0.000539	24417	24563
A24424T T24469A A24543G	S:Q954H S:N969K S:D994G	20	36681	0.000545	24412	24564
A24424T T24437C T24469A	S:Q954H S:L959L S:N969K	20	37294	0.000536	24412	24564
A24424T A24551G	S:Q954H S:I997V	20	36608	0.000546	24412	24564
A24424T A24538G	S:Q954H S:Q992Q	20	36707	0.000545	24412	24564
A24424T A24452T T24469A T24472-G T24481C	S:Q954H S:K964* S:N969K NA S:I973I	20	37197	0.000538	24412	24564
A24424T A24443G T24469A	S:Q954H S:T961A S:N969K	20	37294	0.000536	24412	24564
A23743G C23854A	S:L727L S:N764K	20	19390	0.001031	23683	23895
A23734G C23854A	S:T724T S:N764K	20	19339	0.001034	23684	23895
A23712-TT	NA	20	47372	0.000422	23683	23733
A23712-T C23854A	NA S:N764K	20	19244	0.001039	23684	23890
A23403G C23423T A23495+T C23525T	S:D614G S:P621S NA S:H655S	20	17045	0.001173	23375	23539
A23403G C23423T A23474+T C23525T	S:D614G S:P621S NA S:H655S	20	17045	0.001173	23373	23539
A22629C C22674T T22679C T22685-C A22688G G22770A G22775A A22786C G22813T	S:K356T S:S371F S:S373P NA S:T376A S:R403K S:D405N S:R408S S:K417N	20	223	0.089686	22623	22834
A22556G A22629C C22674T T22679C	S:I332V S:K356T S:S371F S:S373P	20	1158	0.017271	22545	22685
A22161-T A22193-ATT T22200G C22208T C22295A	NA S:DEL212 S:V213G S:L216F S:H245N	20	6705	0.002983	22100	22313
T25541C	ORF3a:V50A	19	12655	0.001501	25372	25566
T25283C	S:C1241R	19	36291	0.000524	25265	25324
T24549C	S:L996S	19	55295	0.000344	24508	24564
T24499+A	NA	19	55816	0.00034	24483	24516
T24469A C24616T	S:N969K S:I1018I	19	11077	0.001715	24465	24679
T24414C A24424T T24469A	S:V951A S:Q954H S:N969K	19	37068	0.000513	24412	24564
T23781C C23854A	S:M740T S:N764K	19	21579	0.00088	23683	23895
T23599G C23604G T23672C	S:N679K S:P681R S:S704P	19	23690	0.000802	23580	23700
T23599G C23604G T23659C	S:N679K S:P681R S:L699L	19	23781	0.000799	23580	23700
T23599G C23604G C23609-G A23712-T	S:N679K S:P681R NA NA	19	23058	0.000824	23580	23724
T23599G C23604G A23704G	S:N679K S:P681R S:I714M	19	23257	0.000817	23580	23724
T21886-A G21987A T21990-TTA T22032C C22033A A22034G	NA S:G142D S:DEL144 S:F157S S:F157S S:R158G	19	8709	0.002182	21847	22058
T21609+CATGCCGCTGTTT C21618T C21622T G21624C T21632-TACCCCCTG C21711T A21764-TACATG	NA S:T19F S:T20F S:R21S S:DEL25/27 S:S50L S:DEL69/70	19	8440	0.002251	21597	21800
T21609+CATGCCGCTGTT C21618T C21622T G21624C T21632-TACCCCCTG C21711T A21764-TACATG C21781+A	S:INS17HAAV S:T19F S:T20F S:R21T S:DEL25/27 S:S50L S:DEL69/70 NA	19	8421	0.002256	21597	21802
G24666-A	NA	19	22774	0.000834	24612	24679
G23835-T C23854A C23887-A	NA S:N764K NA	19	21338	0.00089	23750	23895
G23342T A23403G C23423T C23525T	S:G594C S:D614G S:P621S S:H655Y	19	16154	0.001176	23335	23539
G22273-T C22295A C22353A	NA S:H245N S:A264D	19	3675	0.00517	22249	22357
G22273-T C22295A	NA S:H245N	19	15520	0.001224	22266	22310
G21941T T21990-TTA T22032C C22033A	S:V127F S:DEL144 S:F157S S:F157S	19	8979	0.002116	21936	22058
G21941T G21987A T21990-TTA C22009-A C22033A A22034G	S:V127F S:G142D S:DEL144 NA S:F157L S:R158G	19	8979	0.002116	21847	22058
G21508-A	NA	19	1025	0.018537	21451	21568
C25416T A25545-CTT	ORF3a:F8F ORF3a:DEL52	19	12617	0.001506	25375	25566
C25262-T G25364-T A25374-T	NA NA NA	19	3488	0.005447	25251	25396
C25207T T25264C	S:Y1215Y S:L1234L	19	28608	0.000664	25199	25291
C25207T T25257C	S:Y1215Y S:I1232T	19	28650	0.000663	25177	25307
C25207T A25235-T	S:Y1215Y NA	19	28715	0.000662	25192	25325
C24672-AA	NA	19	22667	0.000838	24612	24679
C24672-A G24751A	NA S:L1063L	19	4783	0.003972	24638	24806
C24431+A	NA	19	38021	0.0005	24412	24450
C23991-A	NA	19	2176	0.008732	23966	24069
C23854A A23869G	S:N764K S:G769G	19	22434	0.000847	23702	23895
C23730T C23854A	S:T723I S:N764K	19	19323	0.000983	23701	23895
C23604A	S:P681H	19	77967	0.000244	23592	23642
C23525T T23599G C23604G G23611A	S:H655Y S:N679K S:P681R S:R683R	19	52853	0.000359	23487	23640
C23525T G23547A T23599G C23604G	S:H655Y S:C662Y S:N679K S:P681R	19	52875	0.000359	23487	23624
C23525T G23528A T23599G C23604G	S:H655Y S:V656I S:N679K S:P681R	19	52875	0.000359	23487	23642
C23271T G23294T C23334-T A23403G C23423T	S:A570V S:D578Y NA S:D614G S:P621S	19	15326	0.00124	23269	23440
C23271T C23347-A A23403G C23423T	S:A570V NA S:D614G S:P621S	19	15326	0.00124	23269	23443
C23271T C23334-T C23367+A C23423T	S:A570V NA NA S:P621S	19	15326	0.00124	23269	23443
C23271T C23277T A23403G	S:A570V S:T572I S:D614G	19	15529	0.001224	23269	23436
C23271T A23403G C23423T A23440G	S:A570V S:D614G S:P621S S:A626A	19	14648	0.001297	23269	23443
C23103-T	NA	19	5977	0.003179	23091	23123
C23099-T T23143-A T23164-A G23222A C23230-A C23271T	NA NA NA S:E554K NA S:A570V	19	4736	0.004012	23093	23290
C21618T C21622T G21624C	S:T19I S:T20T S:R21T	19	9717	0.001955	21597	21632
A25448G	ORF3a:E19G	19	19054	0.000997	25379	25477
A25182G C25207T	S:E1207G S:Y1215Y	19	27313	0.000696	25122	25324
A24956-T C24990T C25000T	NA S:P1143L S:D1146D	19	15444	0.00123	24942	25030
A24674G	S:K1038E	19	22716	0.000836	24612	24679
A24667G	S:G1035G	19	22764	0.000835	24626	24679
A24560G	S:R1000G	19	54978	0.000346	24537	24564
A24545G	S:R995G	19	55336	0.000343	24480	24559
A24424T T24529C	S:Q954H S:A989A	19	36795	0.000516	24412	24564
A24424T T24523C	S:Q954H S:V987V	19	36842	0.000516	24417	24564
A24424T T24471-TG C24536-A	S:Q954H NA NA	19	36723	0.000517	24415	24564
A24424T T24469A G24521+T	S:Q954H S:N969K NA	19	36850	0.000516	24412	24563
A24424T T24469A A24531G	S:Q954H S:N969K S:E990G	19	36787	0.000516	24415	24564
A24424T T24469A A24500G	S:Q954H S:N969K S:I980V	19	37093	0.000512	24412	24519
A24424T T24450C	S:Q954H S:V963A	19	37511	0.000507	24412	24483
A23805G C23854A	S:E748G S:N764K	19	21873	0.000869	23695	23895
A23736G C23854A	S:E725G S:N764K	19	19357	0.000982	23683	23895
A23711T	S:N717Y	19	47400	0.000401	23693	23728
A23704G C23854A	S:I714M S:N764K	19	19205	0.000989	23683	23881
A23515+G C23525T A23558-T T23599G C23604G	NA S:H655S NA S:N679* S:P681C	19	52806	0.00036	23487	23639
A23403G C23423T G23486-T	S:D614G S:P621S NA	19	17221	0.001103	23397	23509
A23403G A23409G C23423T C23525T	S:D614G S:N616S S:P621S S:H655Y	19	17045	0.001115	23374	23539
A22629C	S:K356T	19	1676	0.011337	22624	22659
A22193-ATT T22200G C22208T C22281+T C22295A	S:DEL212 S:V213G S:L216F NA S:H245T	19	6972	0.002725	22103	22319
T25559C	ORF3a:F56S	18	12437	0.001447	25383	25566
T25548C	ORF3a:L52L	18	12604	0.001428	25372	25552
T24691C	S:C1043C	18	5708	0.003153	24684	24791
T24656C	S:C1032R	18	22853	0.000788	24620	24675
T24643+A C24672-A	NA NA	18	22575	0.000797	24620	24679
T24261C	S:M900T	18	7254	0.002481	24230	24317
T24115C	S:C851C	18	5535	0.003252	24094	24176
T23599G C23604G G23663A	S:N679K S:P681R S:A701T	18	23759	0.000758	23580	23724
T23599G C23604G C23635T	S:N679K S:P681R S:S691S	18	76943	0.000234	23580	23640
T23599G C23604G A23688G	S:N679K S:P681R S:N709S	18	23587	0.000763	23580	23700
T23599G C23604G A23687G	S:N679K S:P681R S:N709D	18	23595	0.000763	23580	23724
T23599G C23604G A23639G	S:N679K S:P681R S:I693V	18	76303	0.000236	23580	23642
T23490C C23525T T23599G C23604G	S:F643S S:H655Y S:N679K S:P681R	18	51972	0.000346	23486	23642
T23407+G C23423T C23525T	NA S:P621S S:H655S	18	17163	0.001049	23336	23529
T22200G	S:V213G	18	7517	0.002395	22196	22219
T21609+CATGCCGCTGTT C21618T C21622T G21624C T21632-TACCCCCTG C21678G C21711T A21764-TACATG	S:INS17HAAV S:T19F S:T20F S:R21T S:DEL25/27 S:P39G S:S50L S:DEL69/70	18	8440	0.002133	21597	21802
G25299-C	NA	18	36495	0.000493	25283	25324
G24933T C24990T C25000T	S:G1124V S:P1143L S:D1146D	18	15313	0.001175	24850	25069
G23735+A C23887-A	NA NA	18	18484	0.000974	23683	23895
G23292T	S:R577L	18	18470	0.000975	23269	23311
G22813T T22882G G22895C T22896C G22898A T22917G T22930A T22942G	S:K417N S:N440K S:V445P S:V445P S:G446S S:L452R S:F456L S:N460K	18	410	0.043902	22793	22944
G21941T G21987A T22032C C22033A A22034G	S:V127F S:G142D S:F157S S:F157S S:R158G	18	8979	0.002005	21925	22058
G21941T G21987A T21990-TTA C22000-A C22033A A22034G	S:V127F S:G142D S:DEL144 NA S:F157L S:R158G	18	8979	0.002005	21847	22058
C25262-T T25382+A	NA NA	18	3384	0.005319	25251	25393
C25207T T25316C	S:Y1215Y S:S1252P	18	28364	0.000635	25199	25325
C25207T T25307C	S:Y1215Y S:S1249P	18	28439	0.000633	25196	25325
C24981-T C24990T C25000T A25026-T	NA S:P1143L S:D1146D NA	18	15279	0.001178	24850	25069
C23887-A G23948T	NA S:D796Y	18	1617	0.011132	23859	23951
C23816+T	NA	18	23031	0.000782	23767	23827
C23638-A	NA	18	78119	0.00023	23628	23724
C23525T T23599G C23604G T23605C	S:H655Y S:N679K S:P681R S:P681R	18	52865	0.00034	23505	23642
C23525T G23567A T23599G C23604G	S:H655Y S:G669S S:N679K S:P681R	18	52875	0.00034	23505	23642
C23525T C23533-A	S:H655Y NA	18	72169	0.000249	23520	23539
C23506A C23525T T23599G C23604G	S:G648G S:H655Y S:N679K S:P681R	18	52718	0.000341	23487	23629
C23423T T23482-A C23525T	S:P621S NA S:H655Y	18	17374	0.001036	23412	23539
C23423T G23426T C23525T	S:P621S S:V622F S:H655Y	18	17374	0.001036	23407	23539
C23271T A23403G T23421C C23423T	S:A570V S:D614G S:V620A S:P621S	18	15326	0.001174	23269	23429
C23271T A23403G C23423T T23428C	S:A570V S:D614G S:P621S S:V622V	18	15193	0.001185	23269	23443
C23271T A23321+T C23334-T A23403G C23423T	S:A570V NA NA S:D614G S:P621S	18	15326	0.001174	23269	23443
C22120-A A22161-T A22193-ATT T22200G C22208T G22218-T C22295A	NA NA S:DEL212 S:V213G S:L216F NA S:H245N	18	6509	0.002765	22101	22319
C21978A G21987A T21990-TTA T22032C C22033A	S:P139Q S:G142D S:DEL144 S:F157S S:F157S	18	10420	0.001727	21960	22058
C21618T C21622T G21624C T21632-TACCCCCTG C21711T A21764-TACATG C21780T	S:T19I S:T20T S:R21T S:DEL25/27 S:S50L S:DEL69/70 S:T73I	18	8422	0.002137	21597	21802
A25439G	ORF3a:K16R	18	19253	0.000935	25381	25477
A25432G	ORF3a:T14A	18	19371	0.000929	25380	25477
A25379G	S:T1273A	18	19687	0.000914	25372	25479
A25146G C25207T	S:E1195G S:Y1215Y	18	25792	0.000698	25130	25266
A24922+T C24990T C25000T	NA S:P1143I S:D1146S	18	15289	0.001177	24850	25061
A24905-T	NA	18	18255	0.000986	24886	24943
A24673G	S:S1037S	18	22631	0.000795	24612	24679
A24539-T	NA	18	55391	0.000325	24499	24564
A24531T	S:E990V	18	55487	0.000324	24488	24564
A24479+T	NA	18	55116	0.000327	24470	24500
A24424T T24487C	S:Q954H S:S975S	18	37162	0.000484	24412	24564
A24424T T24469A T24523C	S:Q954H S:N969K S:V987V	18	36842	0.000489	24412	24564
A24424T T24469A T24513C	S:Q954H S:N969K S:L984P	18	36959	0.000487	24412	24552
A24424T T24469A G24474A	S:Q954H S:N969K S:G971D	18	37236	0.000483	24416	24564
A24424T T24469A C24503+T A24532G	S:Q954H S:N969K NA S:E990W	18	36778	0.000489	24412	24564
A24424T T24464C	S:Q954H S:S968P	18	37317	0.000482	24412	24546
A24424T C24455-A	S:Q954H NA	18	37450	0.000481	24412	24482
A24424T C24429T T24469A	S:Q954H S:A956V S:N969K	18	37294	0.000483	24412	24564
A24424T A24554G	S:Q954H S:T998A	18	36531	0.000493	24412	24564
A24424T A24441G	S:Q954H S:N960S	18	37601	0.000479	24412	24476
A24182G	S:T874A	18	10072	0.001787	24151	24191
A23853G C23854A	S:N764R S:N764R	18	22765	0.000791	23838	23891
A23845G C23854A	S:T761T S:N764K	18	22541	0.000799	23767	23895
A23780G C23854A	S:M740V S:N764K	18	21575	0.000834	23699	23895
A23767G C23854A	S:S735S S:N764K	18	19502	0.000923	23698	23895
A23720-T	NA	18	47143	0.000382	23713	23724
A23712+T C23887-A	NA NA	18	18385	0.000979	23690	23895
A23702G C23854A	S:I714V S:N764K	18	19195	0.000938	23683	23895
A23598G T23599G C23604G	S:N679R S:N679R S:P681R	18	77845	0.000231	23580	23642
T25542C	ORF3a:V50V	17	12651	0.001344	25372	25554
T25428C	ORF3a:T12T	17	19469	0.000873	25381	25477
T25312C	S:C1250C	17	36645	0.000464	25251	25325
T25309C	S:S1249S	17	36615	0.000464	25299	25323
T25301-G	NA	17	36521	0.000465	25267	25325
T25288C	S:S1242S	17	36330	0.000468	25258	25325
T25272C	S:M1237T	17	36177	0.00047	25251	25299
T25248-G	NA	17	31592	0.000538	25226	25325
T25228C	S:A1222A	17	31374	0.000542	25223	25325
T25196-G	NA	17	28431	0.000598	25130	25206
T25161C C25207T	S:L1200P S:Y1215Y	17	26412	0.000644	25134	25325
T25155C C25207T	S:I1198T S:Y1215Y	17	26240	0.000648	25129	25325
T24504C	S:L981P	17	55796	0.000305	24495	24564
T24489C	S:V976A	17	55706	0.000305	24480	24517
T24280+A	NA	17	7418	0.002292	24229	24295
T24127-A	NA	17	6192	0.002745	24120	24137
T23599G T23602-C T23605G	S:N679K NA S:P681P	17	77838	0.000218	23580	23642
T23599G C23604G C23718T	S:N679K S:P681R S:T719I	17	23010	0.000739	23580	23724
T23599G C23604G A23618G	S:N679K S:P681R S:S686G	17	77757	0.000219	23580	23642
T23582C T23599G C23604G	S:Y674H S:N679K S:P681R	17	77133	0.00022	23580	23642
T23143-A G23222A C23244-T C23271T	NA S:E554K NA S:A570V	17	4819	0.003528	23089	23290
T22200G C22208T	S:V213G S:L216F	17	7517	0.002262	22196	22218
T21934-A T21940-G G21987A T21990-TTA T22032C C22033A	NA NA S:G142D S:DEL144 S:F157S S:F157S	17	8948	0.0019	21925	22054
T21609+CATGCCGCTGTT C21618T C21622T G21624C T21632-TACCCCCTG C21711T A21764-TACATG C21780T	S:INS17HAAV S:T19F S:T20F S:R21T S:DEL25/27 S:S50L S:DEL69/70 S:T73L	17	8421	0.002019	21597	21802
T21609+CATGCCGCTGTT C21618T C21622T G21624C A21764-TACATG	S:INS17HAAV S:T19F S:T20F S:R21T S:DEL69/70	17	8440	0.002014	21597	21802
G25540+T G25555-T	NA NA	17	12453	0.001365	25372	25566
G25284-T	NA	17	36297	0.000468	25270	25320
G25135+A	NA	17	26239	0.000648	25122	25145
G25130+T C25207T	NA S:Y1215V	17	24563	0.000692	25123	25325
G23486-T C23525T	NA S:H655Y	17	18061	0.000941	23471	23535
G22104-A C22120-A A22193-ATT T22200G C22208T A22245-T C22295A	NA NA S:DEL212 S:V213G S:L216F NA S:H245N	17	6356	0.002675	22100	22312
G21987A T22032C C22033A	S:G142D S:F157S S:F157S	17	10429	0.00163	21971	22058
G21941T C21978A G21987A T21990-TTA T22032C C22033A A22034G	S:V127F S:P139Q S:G142D S:DEL144 S:F157S S:F157S S:R158G	17	8979	0.001893	21937	22058
C25553T	ORF3a:A54V	17	12570	0.001352	25372	25566
C25262-T C25324-A	NA NA	17	35348	0.000481	25252	25339
C25207T T25283C	S:Y1215Y S:C1241R	17	28542	0.000596	25184	25325
C25207T T25265C	S:Y1215Y S:C1235R	17	28599	0.000594	25194	25324
C25207T T25258C	S:Y1215Y S:I1232I	17	28646	0.000593	25181	25325
C25207T A25315G	S:Y1215Y S:G1251G	17	28378	0.000599	25199	25320
C24990T G25012T	S:P1143L S:E1150D	17	15489	0.001098	24967	25069
C24435+T	NA	17	38026	0.000447	24425	24456
C24023T	S:L821L	17	6825	0.002491	23977	24096
C23887-A C23929-A	NA NA	17	2165	0.007852	23767	23941
C23882+A	NA	17	22546	0.000754	23796	23891
C23854A C23887A A23888C	S:N764K S:D775E S:K776Q	17	21807	0.00078	23845	23895
C23854A A23888G	S:N764K S:K776E	17	21807	0.00078	23822	23895
C23604G T23637-C	S:P681R NA	17	76833	0.000221	23599	23642
C23604G G23610T	S:P681R S:R683L	17	77925	0.000218	23592	23642
C23525T T23599G C23604G T23641C	S:H655Y S:N679K S:P681R S:I693I	17	51404	0.000331	23504	23642
C23525T G23580-T T23599G C23604G	S:H655Y NA S:N679K S:P681R	17	52875	0.000322	23488	23630
C23525T A23550T T23599G C23604G	S:H655Y S:D663V S:N679K S:P681R	17	52875	0.000322	23487	23637
C23423T T23452C C23525T	S:P621S S:T630T S:H655Y	17	17374	0.000978	23397	23532
C23271T C23298-ACAG A23403G C23423T	S:A570V NA S:D614G S:P621S	17	15326	0.001109	23269	23443
C22120-A A22193-ATT T22200G C22208T C22227-T C22295A	NA S:DEL212 S:V213G S:L216F NA S:H245N	17	6509	0.002612	22112	22311
C21888-T	NA	17	10760	0.00158	21870	21898
C21618T C21622T G21624C T21632-TACCCCCTG C21711T C21736-T A21764-TACATG	S:T19I S:T20T S:R21T S:DEL25/27 S:S50L NA S:DEL69/70	17	8441	0.002014	21597	21802
A25491G	ORF3a:A33A	17	14511	0.001172	25372	25494
A25381G	S:T1273T	17	19687	0.000864	25375	25504
A25253G	S:T1231A	17	35715	0.000476	25251	25325
A25175G C25207T	S:K1205E S:Y1215Y	17	26869	0.000633	25147	25325
A24880-AG C24990T C25000T	NA S:P1143L S:D1146D	17	14879	0.001143	24853	25069
A24788G	S:T1076A	17	7710	0.002205	24741	24806
A24569G	S:S1003G	17	17270	0.000984	24482	24660
A24554G	S:T998A	17	55172	0.000308	24527	24564
A24538G	S:Q992Q	17	55391	0.000307	24515	24564
A24520G C24672-A	S:K986K NA	17	16632	0.001022	24470	24679
A24516G	S:D985G	17	55702	0.000305	24474	24563
A24424T T24469A T24529C	S:Q954H S:N969K S:A989A	17	36795	0.000462	24412	24564
A24424T T24469A T24496C	S:Q954H S:N969K S:N978N	17	37123	0.000458	24412	24564
A24424T T24469A T24472-G C24536-AA	S:Q954H S:N969K NA NA	17	36723	0.000463	24412	24564
A24424T T24469A C24559T	S:Q954H S:N969K S:G999G	17	36402	0.000467	24415	24564
A24424T T24469A A24485G	S:Q954H S:N969K S:S975G	17	37169	0.000457	24412	24564
A24424T T24436C	S:Q954H S:A958A	17	37629	0.000452	24412	24564
A24424T C24512+T	S:Q954H NA	17	36968	0.00046	24412	24564
A24424T A24518G	S:Q954H S:K986E	17	36904	0.000461	24412	24542
A24424T A24453G T24469A	S:Q954H S:K964R S:N969K	17	37294	0.000456	24412	24564
A24420G A24424T T24469A	S:N953S S:Q954H S:N969K	17	37274	0.000456	24412	24561
A24318-C T24377-C A24424T	NA NA S:Q954H	17	2106	0.008072	24284	24424
A24110-T C24119-A C24150+T	NA NA NA	17	4748	0.00358	24021	24191
A24105+T	NA	17	7235	0.00235	24094	24175
A23786G C23854A	S:I742V S:N764K	17	21617	0.000786	23683	23895
A23786+T C23854A C23887-A	NA S:N764K NA	17	20705	0.000821	23683	23895
A23779G C23854A	S:T739T S:N764K	17	21574	0.000788	23734	23895
A23588G T23599G C23604G	S:T676A S:N679K S:P681R	17	77727	0.000219	23580	23642
A23512G C23525T T23599G C23604G	S:L650L S:H655Y S:N679K S:P681R	17	52788	0.000322	23487	23624
A23403G C23423T T23455C	S:D614G S:P621S S:P631P	17	17670	0.000962	23335	23524
A21875-T T21940-G G21987A T21990-TTA	NA NA S:G142D S:DEL144	17	9801	0.001735	21847	22007
T25488C	ORF3a:T32T	16	14691	0.001089	25372	25566
T25473C	ORF3a:D27D	16	18546	0.000863	25381	25477
T25434C	ORF3a:T14T	16	19338	0.000827	25375	25477
T25303C	S:C1247C	16	36547	0.000438	25251	25323
T25264C	S:L1234L	16	36002	0.000444	25251	25325
T25148+A C25207T	NA S:Y1215V	16	25821	0.00062	25141	25325
T24972C C24990T C25000T	S:V1137A S:P1143L S:D1146D	16	15538	0.00103	24886	25069
T24660C	S:V1033A	16	22836	0.000701	24612	24679
T24658C	S:C1032C	16	22846	0.0007	24653	24676
T24637C	S:A1025A	16	22887	0.000699	24612	24679
T24631C	S:N1023N	16	22916	0.000698	24625	24678
T24625C	S:S1021S	16	22880	0.000699	24612	24679
T24481C	S:I973I	16	55380	0.000289	24476	24512
T24027C	S:L822P	16	6871	0.002329	24021	24106
T23794C C23854A	S:G744G S:N764K	16	21747	0.000736	23683	23895
T23599G C23673T	S:N679K S:S704L	16	23685	0.000676	23580	23700
T23599G C23604G T23677C	S:N679K S:P681R S:V705V	16	23662	0.000676	23580	23717
T23599G C23604G T23640C	S:N679K S:P681R S:I693T	16	76217	0.00021	23580	23642
T23599G C23604G G23699A	S:N679K S:P681R S:A713T	16	23505	0.000681	23580	23724
T23599G C23604G C23707T	S:N679K S:P681R S:P715P	16	23153	0.000691	23580	23724
T23599G C23604G C23700T	S:N679K S:P681R S:A713V	16	23493	0.000681	23580	23724
T23599G C23604G C23638-A	S:N679K S:P681R NA	16	76692	0.000209	23595	23642
T23599G C23604G A23690G	S:N679K S:P681R S:N710D	16	23572	0.000679	23580	23724
T23599G C23604G A23667G	S:N679K S:P681R S:E702G	16	23727	0.000674	23580	23702
T23599G C23604G A23614G	S:N679K S:P681R S:A684A	16	77795	0.000206	23590	23724
T23599A C23604G	S:N679K S:P681R	16	77860	0.000205	23580	23724
T23374C A23403G C23423T C23525T	S:T604T S:D614G S:P621S S:H655Y	16	16686	0.000959	23335	23539
T22942A G22992A C22995A T23005A T23019C	S:N460K S:S477N S:T478K S:N481K S:F486S	16	268	0.059701	22934	23048
T22942A G22992A C22995A T23005A T23008-GTT G23012A T23018C T23019C	S:N460K S:S477N S:T478K S:N481K S:DEL483 S:E484K S:F486P S:F486P	16	268	0.059701	22938	23033
T21940-G T21990-TTA T22032C C22033A	NA S:DEL144 S:F157S S:F157S	16	8979	0.001782	21911	22058
T21609+CATGCCGCTGTT C21618T C21622T G21624C T21632-TACCCCCTG G21701-T C21711T A21764-TACATG	S:INS17HAAV S:T19F S:T20F S:R21T S:DEL25/27 NA S:S50L S:DEL69/70	16	8440	0.001896	21597	21802
T21609+CATGCCGCTGTT C21618T C21622T G21624C C21711T A21764-TACATG	S:INS17HAAV S:T19F S:T20F S:R21T S:S50L S:DEL69/70	16	8440	0.001896	21597	21802
G23955+T	NA	16	3568	0.004484	23941	23968
G23761-A	NA	16	21482	0.000745	23683	23775
G23517A C23525T T23599G C23604G	S:G652E S:H655Y S:N679K S:P681R	16	52842	0.000303	23487	23642
C25207T T25248C	S:Y1215Y S:M1229T	16	28683	0.000558	25199	25323
C25207T G25299A	S:Y1215Y S:G1246D	16	28474	0.000562	25201	25325
C25207T G25230A	S:Y1215Y S:G1223D	16	28724	0.000557	25190	25325
C25207T C25276T	S:Y1215Y S:T1238T	16	28555	0.00056	25190	25323
C25207T C25254+A C25262-T	S:Y1215Y NA NA	16	28624	0.000559	25122	25325
C25207T C25239T	S:Y1215Y S:A1226V	16	28707	0.000557	25192	25325
C25207T A25246G	S:Y1215Y S:V1228V	16	28688	0.000558	25122	25325
C25207T A25241G	S:Y1215Y S:I1227V	16	28698	0.000558	25200	25324
C24981-T C24990T C25000T A25056-T	NA S:P1143L S:D1146D NA	16	15092	0.00106	24850	25067
C24981-T C24990T A24994-T C25000T A25026-TT	NA S:P1143L NA S:D1146D NA	16	15279	0.001047	24850	25069
C24672-A T24689G G24690T	NA S:C1043V S:C1043V	16	5219	0.003066	24612	24700
C23887-A G23903-T	NA NA	16	2294	0.006975	23767	23937
C23854A T23875C	S:N764K S:A771A	16	22248	0.000719	23684	23895
C23604G G23666-A	S:P681R NA	16	23805	0.000672	23580	23724
C23525T T23599G C23604G C23638T	S:H655Y S:N679K S:P681R S:I692I	16	51972	0.000308	23487	23642
C23525T T23599G C23604G C23634T	S:H655Y S:N679K S:P681R S:S691F	16	52243	0.000306	23487	23642
C23525T G23543A T23599G C23604G	S:H655Y S:E661K S:N679K S:P681R	16	52875	0.000303	23487	23631
C23525T C23604G C23630-A	S:H655Y S:P681R NA	16	52380	0.000305	23496	23642
C23525T A23566T T23599G C23604G	S:H655Y S:A668A S:N679K S:P681R	16	52875	0.000303	23488	23642
C23271T T23385C A23403G C23423T	S:A570V S:V608A S:D614G S:P621S	16	15326	0.001044	23269	23443
C23271T G23331+T A23403G C23423T	S:A570V NA S:D614G S:P621S	16	15326	0.001044	23269	23443
C23271T C23334T	S:A570V S:S591F	16	16251	0.000985	23269	23337
C23271T C23334-T A23403G C23422T C23423T	S:A570V NA S:D614G S:V620V S:P621S	16	15326	0.001044	23269	23443
C23271T A23403G C23423T T23427C	S:A570V S:D614G S:P621S S:V622A	16	15253	0.001049	23269	23443
C23271T A23319G A23403G C23423T	S:A570V S:D586G S:D614G S:P621S	16	15326	0.001044	23269	23443
C23271T A23299G A23403G C23423T	S:A570V S:P579P S:D614G S:P621S	16	15326	0.001044	23269	23443
C22295A C22353A T22392-A	S:H245N S:A264D NA	16	3445	0.004644	22274	22405
C22120-A A22193-ATT T22200G C22208T G22218-T C22227-T C22295A	NA S:DEL212 S:V213G S:L216F NA NA S:H245N	16	6509	0.002458	22105	22306
C22120-A A22193-ATT T22200G C22208T G22218-T A22245-T C22295A	NA S:DEL212 S:V213G S:L216F NA NA S:H245N	16	6509	0.002458	22112	22319
C21622T T21632-TACCCCCTG C21711T A21764-TACATG	S:T20T S:DEL25/27 S:S50L S:DEL69/70	16	8441	0.001896	21597	21802
A25457G	ORF3a:D22G	16	18855	0.000849	25372	25477
A25405G	ORF3a:M5V	16	19873	0.000805	25372	25477
A25295G	S:K1245E	16	36414	0.000439	25279	25325
A25194-AT G25197T C25207T G25218-T	NA S:W1212L S:Y1215Y NA	16	27863	0.000574	25144	25325
A25165G C25207T	S:Q1201Q S:Y1215Y	16	26525	0.000603	25122	25324
A25158G C25207T	S:D1199G S:Y1215Y	16	26334	0.000608	25123	25266
A25125G C25207T	S:E1188G S:Y1215Y	16	24309	0.000658	25122	25325
A24952-GG C24990T C25000T	NA S:P1143L S:D1146D	16	15419	0.001038	24902	25069
A24679G	S:R1039R	16	22319	0.000717	24612	24679
A24661G	S:V1033V	16	22824	0.000701	24612	24670
A24652G	S:S1030S	16	22865	0.0007	24612	24676
A24562G	S:R1000R	16	54944	0.000291	24490	24564
A24531G	S:E990G	16	55487	0.000288	24494	24564
A24424T T24492+A	S:Q954H NA	16	37149	0.000431	24412	24505
A24424T T24475C	S:Q954H S:G971G	16	37230	0.00043	24412	24562
A24424T T24469A T24548C	S:Q954H S:N969K S:L996L	16	36629	0.000437	24412	24564
A24424T T24469A C24503+T	S:Q954H S:N969K NA	16	37056	0.000432	24412	24564
A24424T T24469A A24538G	S:Q954H S:N969K S:Q992Q	16	36707	0.000436	24412	24564
A24424T C24429T	S:Q954H S:A956V	16	37683	0.000425	24412	24452
A24424T A24556+G	S:Q954H NA	16	36435	0.000439	24412	24564
A24424T A24432G	S:Q954H S:Q957R	16	37673	0.000425	24412	24564
A24110-T C24119-A G24140-T	NA NA NA	16	4804	0.003331	24085	24176
A23852G C23854A	S:N764E S:N764E	16	22764	0.000703	23721	23895
A23786-T	NA	16	23216	0.000689	23768	23816
A23784G C23854A	S:Y741C S:N764K	16	21604	0.000741	23683	23891
A23777G C23854A	S:T739A S:N764K	16	21555	0.000742	23683	23895
A23756G C23854A	S:T732A S:N764K	16	19457	0.000822	23683	23895
A23688+G	NA	16	47499	0.000337	23683	23705
A23586G T23599G C23604G	S:Q675R S:N679K S:P681R	16	77689	0.000206	23580	23642
A23503T C23525T T23599G C23604G	S:A647A S:H655Y S:N679K S:P681R	16	52624	0.000304	23487	23642
A23403G C23423T T23464C C23525T	S:D614G S:P621S S:R634R S:H655Y	16	17045	0.000939	23348	23537
A23403G C23423T T23464-G	S:D614G S:P621S NA	16	17525	0.000913	23335	23539
A23403G C23423T T23437C C23525T	S:D614G S:P621S S:H625H S:H655Y	16	17045	0.000939	23393	23532
A23403G C23423T T23433C C23525T	S:D614G S:P621S S:I624T S:H655Y	16	17045	0.000939	23335	23539
A23403G C23423T A23495G C23525T	S:D614G S:P621S S:T645A S:H655Y	16	17045	0.000939	23380	23539
A23403G A23419G C23423T C23525T	S:D614G S:E619E S:P621S S:H655Y	16	17045	0.000939	23384	23539
A23366G A23403G C23423T C23525T	S:T602A S:D614G S:P621S S:H655Y	16	16547	0.000967	23351	23539
A23362G A23403G A23409G C23423T C23525T	S:P600P S:D614G S:N616S S:P621S S:H655Y	16	16493	0.00097	23335	23539
A23013C T23018C T23019C T23031C A23055G A23063T T23075C	S:E484A S:F486P S:F486P S:F490S S:Q498R S:N501Y S:Y505H	16	134	0.119403	23008	23131
A22556G A22629C C22674T	S:I332V S:K356T S:S371F	16	1182	0.013536	22552	22676
A22194G A22194-TT T22200G C22208T C22295A	S:N211S NA S:V213G S:L216F S:H245N	16	6972	0.002295	22100	22319
A22193-ATT T22200G T22207-C C22295A	S:DEL212 S:V213G NA S:H245N	16	6972	0.002295	22180	22319
A22193-ATT T22200G C22208T A22245-TT C22295A	S:DEL212 S:V213G S:L216F NA S:H245N	16	6972	0.002295	22171	22319
A22193-ATT T22200G	S:DEL212 S:V213G	16	7437	0.002151	22176	22225
A21875-T C21888-T T21940-G G21987A T21990-TTA C22000-A T22032C C22033A A22034G	NA NA NA S:G142D S:DEL144 NA S:F157S S:F157S S:R158G	16	8635	0.001853	21867	22055
A21875-T C21888-T T21940-G A21979-T G21987A T21990-TTA C22000-A C22009-A T22032C C22033A A22034G	NA NA NA NA S:G142D S:DEL144 NA NA S:F157S S:F157S S:R158G	16	8635	0.001853	21847	22058
T25520C G25555-T	ORF3a:F43S NA	15	12453	0.001205	25372	25566
T25520+A	NA	15	13216	0.001135	25372	25527
T25446C	ORF3a:G18G	15	19122	0.000784	25372	25477
T25402C	ORF3a:F4L	15	19917	0.000753	25381	25477
T25268C	S:C1236R	15	36078	0.000416	25259	25325
T25187C C25207T	S:Y1209H S:Y1215Y	15	27521	0.000545	25174	25325
T25180C C25207T	S:Y1206Y S:Y1215Y	15	27070	0.000554	25148	25324
T25148C C25207T	S:S1196P S:Y1215Y	15	25821	0.000581	25126	25324
T25139C C25207T	S:L1193L S:Y1215Y	15	25479	0.000589	25130	25325
T24982C C24990T C25000T	S:P1140P S:P1143L S:D1146D	15	15584	0.000963	24886	25063
T24607C	S:A1015A	15	17081	0.000878	24574	24678
T24523C	S:V987V	15	55627	0.00027	24479	24564
T24506C	S:S982P	15	55800	0.000269	24473	24564
T24496-G	NA	15	55801	0.000269	24412	24517
T24470-TTG C24536-A	S:DEL971 NA	15	48807	0.000307	24465	24564
T24187C	S:S875S	15	10029	0.001496	24148	24191
T23754C C23854A	S:M731T S:N764K	15	19448	0.000771	23684	23895
T23686C C23854A	S:S708S S:N764K	15	18980	0.00079	23683	23888
T23599G C23604G T23713C	S:N679K S:P681R S:N717N	15	23047	0.000651	23580	23724
T23599G C23604G C23709-A	S:N679K S:P681R NA	15	23115	0.000649	23580	23724
T23599G C23604G C23701T	S:N679K S:P681R S:A713A	15	23464	0.000639	23580	23724
T23599G C23604G C23613T	S:N679K S:P681R S:A684V	15	77805	0.000193	23580	23620
T23599G C23604G A23712-TT	S:N679K S:P681R NA	15	23058	0.000651	23580	23724
T23599G C23604G A23646G	S:N679K S:P681R S:Y695C	15	23888	0.000628	23580	23724
T23599G C23604A T23617C C23673T	S:N679K S:P681H S:R685R S:S704L	15	23685	0.000633	23580	23724
T23511+A C23525T A23558-T T23599G C23604G	NA S:H655S NA S:N679* S:P681C	15	52783	0.000284	23487	23637
T23396C A23403G C23423T C23525T	S:Y612H S:D614G S:P621S S:H655Y	15	16974	0.000884	23392	23539
T23344+G	NA	15	37729	0.000398	23336	23362
T23278-A	NA	15	23223	0.000646	23205	23290
T21886-A T21940-G G21987A T21990-TTA T22032C C22033A A22034G	NA NA S:G142D S:DEL144 S:F157S S:F157S S:R158G	15	8709	0.001722	21847	22058
T21609+CATGCCGCTGTT C21618T C21622T T21632-TACCCCCTG A21764-TACATG	S:INS17HAAV S:T19F S:T20F S:DEL25/27 S:DEL69/70	15	8440	0.001777	21597	21802
T21609+CATGCCGCTGTT C21618T C21622T G21624C T21632-TACCCCCTG T21653-C C21711T A21764-TACATG	S:INS17HAAV S:T19F S:T20F S:R21T S:DEL25/27 NA S:S50L S:DEL69/70	15	8440	0.001777	21597	21802
T21609+CATGCCGCTGTT C21618T C21622T G21624C T21632-TACCCCCTG G21701-T A21764-TACATG	S:INS17HAAV S:T19F S:T20F S:R21T S:DEL25/27 NA S:DEL69/70	15	8440	0.001777	21597	21802
G25198A C25207T	S:W1212* S:Y1215Y	15	28319	0.00053	25177	25325
G24611+A	NA	15	17078	0.000878	24470	24624
G24488-T C24517-A C24672-A	NA NA NA	15	16373	0.000916	24476	24679
G23508A C23525T T23599G C23604G	S:C649Y S:H655Y S:N679K S:P681R	15	52749	0.000284	23487	23625
G23363T	S:G601*	15	37712	0.000398	23340	23370
G22139T A22193-ATT T22200G C22208T C22295A	S:V193L S:DEL212 S:V213G S:L216F S:H245N	15	6566	0.002284	22100	22319
C25433+T	NA	15	19364	0.000775	25375	25456
C25413G	ORF3a:I7M	15	19728	0.00076	25372	25436
C25207T T25237C C25262-T	S:Y1215Y S:I1225I NA	15	28624	0.000524	25122	25307
C25207T G25278-T	S:Y1215Y NA	15	28552	0.000525	25197	25317
C25207T G25238A	S:Y1215Y S:A1226T	15	28709	0.000522	25199	25325
C25169-T	NA	15	27364	0.000548	25154	25178
C25132+A	NA	15	26110	0.000574	25122	25150
C24990T C25000T G25015-T	S:P1143L S:D1146D NA	15	15449	0.000971	24886	25069
C24904T	S:I1114I	15	18261	0.000821	24886	24943
C24878-A	NA	15	18183	0.000825	24857	24889
C24852-A G24882A C24990T C25000T	NA S:R1107K S:P1143L S:D1146D	15	14435	0.001039	24850	25068
C24852-A A24880G G24882A C25000T	NA S:Q1106Q S:R1107K S:D1146D	15	14435	0.001039	24850	25069
C23887-A A23942-T	NA NA	15	2021	0.007422	23840	23955
C23854A A23891G	S:N764K S:N777D	15	21621	0.000694	23802	23895
C23854A A23884-GAC	S:N764K S:DEL775	15	21967	0.000683	23685	23895
C23833-A C23854A	NA S:N764K	15	22233	0.000675	23795	23895
C23630-A	NA	15	78404	0.000191	23622	23642
C23604G C23630-A	S:P681R NA	15	77296	0.000194	23592	23637
C23525T T23542-G T23599G C23604G	S:H655Y NA S:N679K S:P681R	15	52875	0.000284	23493	23642
C23525T G23568A T23599G C23604G	S:H655Y S:G669D S:N679K S:P681R	15	52875	0.000284	23487	23642
C23525T C23533T T23599G C23604G	S:H655Y S:N657N S:N679K S:P681R	15	52875	0.000284	23487	23637
C23525T A23594C T23599G C23604G	S:H655Y S:T678P S:N679K S:P681R	15	52875	0.000284	23487	23642
C23492-A	NA	15	71514	0.00021	23488	23507
C23423T T23464-G C23525T	S:P621S NA S:H655Y	15	17374	0.000863	23342	23539
C23423T A23495+T C23525T	S:P621S NA S:H655S	15	17374	0.000863	23345	23539
C23393-T C23423T C23525T	NA S:P621S S:H655Y	15	16918	0.000887	23336	23539
C23271T T23337C A23403G C23423T	S:A570V S:F592S S:D614G S:P621S	15	15326	0.000979	23269	23443
C23271T T23336C A23403G C23423T	S:A570V S:F592L S:D614G S:P621S	15	15326	0.000979	23269	23443
C23271T A23295G A23403G C23423T	S:A570V S:D578G S:D614G S:P621S	15	15326	0.000979	23269	23434
C23099-T T23143-A G23222A C23271T	NA NA S:E554K S:A570V	15	4736	0.003167	23089	23274
C22295A C22353A T22441C	S:H245N S:A264D S:L293L	15	3035	0.004942	22285	22446
C21618T C21622T G21624C C21711T A21764-TACATG C21781-A	S:T19I S:T20T S:R21T S:S50L S:DEL69/70 NA	15	8422	0.001781	21597	21802
A25492G	ORF3a:T34A	15	14470	0.001037	25377	25552
A25470G	ORF3a:S26S	15	18586	0.000807	25372	25481
A25450G	ORF3a:I20V	15	19021	0.000789	25372	25475
A25410G	ORF3a:R6R	15	19789	0.000758	25372	25477
A25384G	S:*1274*	15	20199	0.000743	25372	25488
A25216-G	NA	15	30713	0.000488	25209	25325
A25194-AT G25197T C25207T A25208-T C25262-T	NA S:W1212L S:Y1215Y NA NA	15	27725	0.000541	25129	25324
A25188G C25207T	S:Y1209C S:Y1215Y	15	27567	0.000544	25156	25325
A25137+T C25207T C25262-T	NA S:Y1215V NA	15	25058	0.000599	25130	25325
A24617G C24672-A	S:R1019G NA	15	22432	0.000669	24612	24679
A24587G	S:T1009A	15	17122	0.000876	24486	24606
A24582G	S:Y1007C	15	17152	0.000875	24477	24679
A24556+G	NA	15	55062	0.000272	24469	24564
A24543G	S:D994G	15	55369	0.000271	24474	24554
A24484G	S:S974S	15	55524	0.00027	24473	24564
A24424T T24470-TTG	S:Q954H S:DEL971	15	37245	0.000403	24412	24564
A24424T T24469A T24541C	S:Q954H S:N969K S:I993I	15	36694	0.000409	24412	24564
A24424T T24469A T24472C	S:Q954H S:N969K S:F970F	15	37243	0.000403	24412	24534
A24424T T24469A C24536T	S:Q954H S:N969K S:Q992*	15	36723	0.000408	24412	24564
A24424T T24469A C24477T	S:Q954H S:N969K S:A972V	15	37217	0.000403	24412	24564
A24424T T24469A A24479G	S:Q954H S:N969K S:I973V	15	37207	0.000403	24412	24564
A24424T T24448C T24469A	S:Q954H S:L962L S:N969K	15	37294	0.000402	24412	24564
A24424T A24537G	S:Q954H S:Q992R	15	36714	0.000409	24412	24564
A24424T A24498G	S:Q954H S:D979G	15	37104	0.000404	24413	24564
A24424T A24452T T24469A T24481C	S:Q954H S:K964* S:N969K S:I973I	15	37197	0.000403	24412	24554
A24253-T C24320-AA	NA NA	15	6636	0.00226	24229	24339
A24101G	S:R847G	15	7169	0.002092	24021	24106
A23806G C23854A	S:E748E S:N764K	15	21887	0.000685	23683	23895
A23762G C23854A	S:T734A S:N764K	15	19474	0.00077	23724	23895
A23756C C23854A	S:T732P S:N764K	15	19457	0.000771	23683	23895
A23403G C23423T T23500C C23525T	S:D614G S:P621S S:R646R S:H655Y	15	17045	0.00088	23335	23539
A23403G C23423T T23427C C23525T	S:D614G S:P621S S:V622A S:H655Y	15	17045	0.00088	23345	23531
A23403G C23423T T23425-G C23525T	S:D614G S:P621S NA S:H655Y	15	17045	0.00088	23335	23539
A23362G C23423T C23525T	S:P600P S:P621S S:H655Y	15	16493	0.000909	23335	23539
A22193-ATT T22200G C22208T G22241T C22295A	S:DEL212 S:V213G S:L216F S:V227L S:H245N	15	6972	0.002151	22153	22307
A22193-ATT T22200G C22208T G22218+T C22295A	S:DEL212 S:V213G S:L216F NA S:H245T	15	6972	0.002151	22140	22312
A21979-T G21987A T21990-TTA T22032C C22033A A22034G	NA S:G142D S:DEL144 S:F157S S:F157S S:R158G	15	10420	0.00144	21965	22058
A21675+T C21711T A21764-TACATG	NA S:S50F S:DEL69/70	15	9657	0.001553	21667	21802
T25514-C	NA	14	13545	0.001034	25372	25528
T25461C	ORF3a:A23A	14	18764	0.000746	25381	25475
T25415C	ORF3a:F8S	14	19681	0.000711	25381	25477
T25414C	ORF3a:F8L	14	19699	0.000711	25381	25477
T25265C	S:C1235R	14	36011	0.000389	25251	25302
T25171C C25207T	S:L1203L S:Y1215Y	14	26697	0.000524	25144	25325
T25140+A C25207T C25262-T	NA S:Y1215V NA	14	25146	0.000557	25122	25325
T25140+A	NA	14	26438	0.00053	25122	25150
T24650C	S:S1030P	14	22873	0.000612	24612	24669
T24548C	S:L996L	14	55302	0.000253	24518	24563
T23798C C23854A	S:S746P S:N764K	14	21793	0.000642	23683	23895
T23776C C23854A	S:C738C S:N764K	14	21551	0.00065	23683	23895
T23698C C23854A	S:I712I S:N764K	14	19078	0.000734	23683	23895
T23599G G23666-A	S:N679K NA	14	23733	0.00059	23580	23724
T23599G C23604G G23678A	S:N679K S:P681R S:A706T	14	23658	0.000592	23580	23724
T23599G C23604G C23679T	S:N679K S:P681R S:A706V	14	23649	0.000592	23580	23709
T23599G C23604G C23649T	S:N679K S:P681R S:T696I	14	23861	0.000587	23580	23654
T23599G C23604G C23609-G G23666-A A23711-AT	S:N679K S:P681R NA NA NA	14	23070	0.000607	23580	23724
T23599G C23604G A23720G	S:N679K S:P681R S:I720V	14	22927	0.000611	23580	23724
T23599G C23604G A23704+C C23709+A	S:N679K S:P681R NA NA	14	23115	0.000606	23580	23724
T23582+A T23599G C23604G	NA S:N679* S:P681C	14	77133	0.000182	23580	23611
T23581C T23599G C23604G	Unknown S:N679K S:P681R	14	76995	0.000182	23580	23642
T23511-A C23525T T23599G C23604G	NA S:H655Y S:N679K S:P681R	14	52783	0.000265	23493	23638
T23391C A23403G C23423T C23525T	S:V610A S:D614G S:P621S S:H655Y	14	16895	0.000829	23337	23539
T23385C A23403G C23423T C23525T	S:V608A S:D614G S:P621S S:H655Y	14	16821	0.000832	23335	23535
T23344C A23403G C23423T C23525T	S:G594G S:D614G S:P621S S:H655Y	14	16249	0.000862	23335	23539
T23143-A T23164-A G23222A C23230-A C23244-T C23271T	NA NA S:E554K NA NA S:A570V	14	4819	0.002905	23089	23290
T21940-G T21976-C G21987A T21990-TTA T22032C C22033A A22034G	NA NA S:G142D S:DEL144 S:F157S S:F157S S:R158G	14	8979	0.001559	21895	22058
T21856+A	NA	14	10652	0.001314	21847	21867
T21610C C21618T C21622T G21624C T21632-TACCCCCTG C21711T A21764-TACATG	S:V16V S:T19I S:T20T S:R21T S:DEL25/27 S:S50L S:DEL69/70	14	8441	0.001659	21597	21802
T21609+CATGCCGCTGTT C21618T C21622T T21632-TACCCCCTG C21711T A21764-TACATG C21781-A	S:INS17HAAV S:T19F S:T20F S:DEL25/27 S:S50L S:DEL69/70 NA	14	8421	0.001663	21597	21802
T21609+CATGCCGCTGTT C21618T C21622T G21624C T21632-TACCCCCTG C21682-A C21711T A21764-TACATG	S:INS17HAAV S:T19F S:T20F S:R21T S:DEL25/27 NA S:S50L S:DEL69/70	14	8440	0.001659	21597	21802
G25507A G25523T G25537A	ORF3a:A39T ORF3a:G44V ORF3a:G49S	14	12712	0.001101	25372	25566
G25481A	ORF3a:R30H	14	15220	0.00092	25372	25552
G24933T C24981-T C24990T C25000T	S:G1124V NA S:P1143L S:D1146D	14	15313	0.000914	24850	25069
G24868-T C24981-T C24990T C25000T	NA NA S:P1143L S:D1146D	14	14845	0.000943	24857	25025
G24535A	S:V991V	14	55427	0.000253	24478	24564
G24530+A	NA	14	55500	0.000252	24470	24564
G23835-T A23853-C	NA NA	14	22277	0.000628	23767	23868
G23726-T C23854A	NA S:N764K	14	19303	0.000725	23683	23895
G23663+T	NA	14	25491	0.000549	23656	23724
G22022-A T22032C C22033A A22034G	NA S:F157S S:F157S S:R158G	14	13351	0.001049	22009	22058
G21941T A21979-T G21987A T21990-TTA C22000-A T22032C C22033A A22034G	S:V127F NA S:G142D S:DEL144 NA S:F157S S:F157S S:R158G	14	8979	0.001559	21847	22058
G21586+T	NA	14	1344	0.010417	21451	21594
C25549-T	NA	14	12598	0.001111	25372	25566
C25504-A	NA	14	13992	0.001001	25381	25516
C25452-A	NA	14	18946	0.000739	25372	25477
C25262-T A25420+T	NA NA	14	2949	0.004747	25251	25436
C25207T T25279C	S:Y1215Y S:S1239S	14	28550	0.00049	25178	25316
C25207T T25260C	S:Y1215Y S:M1233T	14	28636	0.000489	25122	25325
C25207T T25220C	S:Y1215Y S:F1220L	14	28760	0.000487	25154	25325
C25207T G25244-T	S:Y1215Y NA	14	28696	0.000488	25200	25324
C25207T A25277G	S:Y1215Y S:S1239G	14	28553	0.00049	25188	25325
C25207T A25243-GTA	S:Y1215Y S:DEL1228	14	28696	0.000488	25183	25325
C25184T C25207T	S:Q1208* S:Y1215Y	14	27395	0.000511	25143	25231
C25169-T C25207T C25262-T	NA S:Y1215Y NA	14	26265	0.000533	25122	25320
C24784-T	NA	14	7720	0.001813	24738	24806
C24588T C24672-A	S:T1009I NA	14	16769	0.000835	24477	24679
C24503-T C24517-A	NA NA	14	55503	0.000252	24470	24533
C24503+T C24672-A	NA NA	14	16553	0.000846	24473	24679
C24223-T	NA	14	4036	0.003469	24148	24235
C24034T	S:N824N	14	6928	0.002021	24029	24073
C23887-A A23942-T G23948T	NA NA S:D796Y	14	1617	0.008658	23767	23955
C23854A T23878C	S:N764K S:V772V	14	22169	0.000632	23830	23895
C23854A T23866C	S:N764K S:T768T	14	22485	0.000623	23683	23895
C23854A T23860C	S:N764K S:A766A	14	22597	0.00062	23845	23895
C23758+A C23887-A	NA NA	14	18605	0.000752	23683	23895
C23707T C23854A	S:P715P S:N764K	14	19230	0.000728	23683	23881
C23423T T23482-A	S:P621S NA	14	17612	0.000795	23410	23539
C23277T C23334-T A23403G C23423T	S:T572I NA S:D614G S:P621S	14	16712	0.000838	23273	23443
C23271T T23344C A23403G C23423T	S:A570V S:G594G S:D614G S:P621S	14	15326	0.000913	23269	23443
C23271T T23317C A23403G C23423T	S:A570V S:L585L S:D614G S:P621S	14	15326	0.000913	23269	23443
C23271T A23403G T23406C C23423T	S:A570V S:D614G S:V615A S:P621S	14	15326	0.000913	23269	23443
C23271T A23403G C23423T T23425C	S:A570V S:D614G S:P621S S:P621S	14	15253	0.000918	23269	23443
C23271T A23403G A23409G C23423T	S:A570V S:D614G S:N616S S:P621S	14	15326	0.000913	23269	23443
C23099-T T23143-A G23222A C23230-A C23271T	NA NA S:E554K NA S:A570V	14	4736	0.002956	23089	23290
C22251-A C22295A C22353A	NA S:H245N S:A264D	14	3582	0.003908	22246	22393
C21618T C21622T G21624C T21632-TACCCCCTG C21678T C21711T A21764-TACATG	S:T19I S:T20T S:R21T S:DEL25/27 S:P39L S:S50L S:DEL69/70	14	8441	0.001659	21597	21802
A25472-T G25555-T	NA NA	14	12453	0.001124	25375	25566
A25462G	ORF3a:T24A	14	18756	0.000746	25381	25477
A25431G	ORF3a:V13V	14	19392	0.000722	25372	25477
A25425G	ORF3a:G11G	14	19515	0.000717	25381	25477
A25271G	S:M1237V	14	36145	0.000387	25251	25325
A25174G C25207T	S:G1204G S:Y1215Y	14	26811	0.000522	25124	25324
A24922-T C24990T	NA S:P1143L	14	15347	0.000912	24886	25009
A24902-T	NA	14	18291	0.000765	24850	24921
A24885-T C24990T C25000T	NA S:P1143L S:D1146D	14	14907	0.000939	24857	25069
A24880G G24882A G24883-A C24990T	S:Q1106Q S:R1107K NA S:P1143L	14	14937	0.000937	24850	25069
A24539+T C24672-A	NA NA	14	16684	0.000839	24470	24679
A24424T T24506C	S:Q954H S:S982P	14	37033	0.000378	24412	24553
A24424T T24504C	S:Q954H S:L981P	14	37052	0.000378	24412	24564
A24424T T24496-GA	S:Q954H NA	14	37123	0.000377	24412	24564
A24424T T24469G	S:Q954H S:N969K	14	37294	0.000375	24412	24564
A24424T T24469A T24471C	S:Q954H S:N969K S:F970S	14	37245	0.000376	24412	24500
A24424T T24460C T24469A	S:Q954H S:L966L S:N969K	14	37294	0.000375	24412	24509
A24424T T24427C	S:Q954H S:N955N	14	37684	0.000372	24412	24530
A24424T C24536+A	S:Q954H NA	14	36723	0.000381	24412	24564
A24424T A24531G	S:Q954H S:E990G	14	36787	0.000381	24412	24564
A24424T A24520G	S:Q954H S:K986K	14	36876	0.00038	24413	24564
A24424T A24468-T T24470A	S:Q954H NA S:F970I	14	37245	0.000376	24412	24564
A24424T A24453G	S:Q954H S:K964R	14	37468	0.000374	24413	24461
A24424T A24452G	S:Q954H S:K964E	14	37490	0.000373	24412	24520
A24424T A24430G	S:Q954H S:A956A	14	37679	0.000372	24412	24564
A23515G C23525T T23599G C23604G	S:I651M S:H655Y S:N679K S:P681R	14	52806	0.000265	23487	23641
A23515+G C23525T T23599G C23604A	NA S:H655S S:N679* S:P681Y	14	52806	0.000265	23487	23642
A23403G T23482-A C23525T	S:D614G NA S:H655Y	14	17045	0.000821	23374	23539
A23403G T23434-C	S:D614G NA	14	35275	0.000397	23386	23443
A23403G G23522-A C23525T	S:D614G NA S:H655Y	14	17045	0.000821	23377	23539
A23403G C23423T T23507C C23525T	S:D614G S:P621S S:C649R S:H655Y	14	17045	0.000821	23397	23539
A23403G C23423T T23434C C23525T	S:D614G S:P621S S:I624I S:H655Y	14	17045	0.000821	23335	23539
A23403G C23423T G23426T	S:D614G S:P621S S:V622F	14	35568	0.000394	23382	23443
A23403G C23423T A23436G C23525T	S:D614G S:P621S S:H625R S:H655Y	14	17045	0.000821	23335	23532
A23403G A23416T C23423T	S:D614G S:T618T S:P621S	14	35668	0.000393	23354	23438
A23267-T C23271T	NA S:A570V	14	5118	0.002735	23256	23290
A22556G G22578A A22629C C22674T	S:I332V S:G339D S:K356T S:S371F	14	1182	0.011844	22494	22685
A22556G G22577C G22578A C22674T T22679C	S:I332V S:G339H S:G339H S:S371F S:S373P	14	1158	0.01209	22494	22685
A21875-T T21940-G G21987A T21990-TTA C22000-A C22009-A T22032C C22033A A22034G	NA NA S:G142D S:DEL144 NA NA S:F157S S:F157S S:R158G	14	8635	0.001621	21847	22058
A21875-T G21987A T21990-TTA T22032C C22033A A22034G	NA S:G142D S:DEL144 S:F157S S:F157S S:R158G	14	8635	0.001621	21847	22043
A21875-T G21941T G21987A	NA S:V127F S:G142D	14	9847	0.001422	21847	21993
A21875-T G21941T	NA S:V127F	14	10353	0.001352	21854	21948
T25554C	ORF3a:A54A	13	12457	0.001044	25372	25566
T25514C	ORF3a:L41P	13	13545	0.00096	25380	25566
T25430C	ORF3a:V13A	13	19433	0.000669	25373	25473
T25376C	S:Y1272H	13	19653	0.000661	25372	25477
T25196-G C25262-T	NA NA	13	27857	0.000467	25135	25324
T24689G G24690T	S:C1043V S:C1043V	13	5696	0.002282	24612	24698
T24634C	S:L1024L	13	22899	0.000568	24612	24671
T24633C	S:L1024P	13	22906	0.000568	24612	24676
T24628-A	NA	13	22904	0.000568	24612	24679
T24622C	S:A1020A	13	22872	0.000568	24612	24679
T24472-G T24492-A	NA NA	13	52656	0.000247	24465	24679
T24469A T24549C	S:N969K S:L996S	13	48466	0.000268	24465	24564
T24469A G24488-T	S:N969K NA	13	49306	0.000264	24465	24523
T24469A G24476A	S:N969K S:A972T	13	49389	0.000263	24465	24564
T23837C C23854A	S:F759L S:N764K	13	22357	0.000581	23817	23895
T23830-G C23854A	NA S:N764K	13	22200	0.000586	23816	23895
T23716-A	NA	13	47313	0.000275	23683	23765
T23716+C C23854A	NA S:N764K	13	19264	0.000675	23698	23895
T23599G C23604G T23658C	S:N679K S:P681R S:L699P	13	23789	0.000546	23580	23700
T23599G C23604G G23607A	S:N679K S:P681R S:R682Q	13	77831	0.000167	23580	23642
T23599G C23604G C23615T	S:N679K S:P681R S:R685C	13	77788	0.000167	23580	23724
T23599G C23604G A23717G	S:N679K S:P681R S:T719A	13	23025	0.000565	23593	23724
T23599G C23604G A23670G	S:N679K S:P681R S:N703S	13	23714	0.000548	23580	23724
T23596C T23599G C23604G	S:T678T S:N679K S:P681R	13	77845	0.000167	23580	23638
T23511+A T23599G C23604G	NA S:N679* S:P681C	13	52783	0.000246	23487	23638
T23511+A	NA	13	72457	0.000179	23487	23521
T23386C A23403G C23423T C23525T	S:V608V S:D614G S:P621S S:H655Y	13	16841	0.000772	23335	23535
T23375C A23403G C23423T C23525T	S:S605P S:D614G S:P621S S:H655Y	13	16705	0.000778	23335	23535
T23350C A23403G C23423T C23525T	S:S596S S:D614G S:P621S S:H655Y	13	16344	0.000795	23335	23539
T23341C C23423T C23525T	S:G593G S:P621S S:H655Y	13	16146	0.000805	23335	23539
T23164-A G23222A C23230-A C23271T	NA S:E554K NA S:A570V	13	4859	0.002675	23113	23289
T22926C	S:L455S	13	937	0.013874	22922	22966
T21990-TTA	S:DEL144	13	11601	0.001121	21974	22010
T21934-A T21940-G C21978A G21987A T21990-TTA T22032C C22033A A22034G	NA NA S:P139Q S:G142D S:DEL144 S:F157S S:F157S S:R158G	13	8948	0.001453	21909	22058
T21886-A G21941T G21987A T21990-TTA T22032C C22033A A22034G	NA S:V127F S:G142D S:DEL144 S:F157S S:F157S S:R158G	13	8709	0.001493	21847	22058
T21609+CATGCCGCTGTT C21618T C21622T G21624C T21632-TACCCCCTG C21654-T A21764-TACATG	S:INS17HAAV S:T19F S:T20F S:R21T S:DEL25/27 NA S:DEL69/70	13	8440	0.00154	21597	21793
T21609+CATGCCGCTGTT C21618T C21622T G21624C	S:INS17HAAV S:T19F S:T20F S:R21T	13	9716	0.001338	21597	21632
G25447-A	NA	13	19097	0.000681	25380	25462
G25437-A	NA	13	19297	0.000674	25372	25477
G25364-T	NA	13	4183	0.003108	25251	25375
G25278-T	NA	13	36262	0.000359	25272	25319
G25177+A	NA	13	27556	0.000472	25170	25325
G24971+T C25000T	NA S:D1146S	13	15520	0.000838	24850	25019
G24971+T C24981-T C25000T	NA NA S:D1146S	13	15520	0.000838	24850	25012
G24883A C24990T C25000T	S:R1107R S:P1143L S:D1146D	13	14880	0.000874	24850	25069
G24666T	S:G1035V	13	22774	0.000571	24612	24679
G23900-A G23948T	NA S:D796Y	13	1683	0.007724	23888	23978
G21941T G21987A T21990-TTA C22000-A C22009-A T22032C C22033A A22034G	S:V127F S:G142D S:DEL144 NA NA S:F157S S:F157S S:R158G	13	8979	0.001448	21847	22058
C25517+T C25566T	NA ORF3a:S58D	13	12283	0.001058	25372	25566
C25516-CT	NA	13	13475	0.000965	25372	25531
C25262-T C25466-T	NA NA	13	2440	0.005328	25254	25477
C25262-T A25327-T G25364-T	NA NA NA	13	3642	0.003569	25251	25372
C25207T T25288C	S:Y1215Y S:S1242S	13	28524	0.000456	25199	25325
C25207T T25215C	S:Y1215Y S:L1218P	13	28765	0.000452	25124	25325
C25207T T25210C	S:Y1215Y S:I1216I	13	28958	0.000449	25188	25325
C25207T G25229A	S:Y1215Y S:G1223S	13	28725	0.000453	25195	25325
C25207T A25256+T C25262-T	S:Y1215Y NA NA	13	28624	0.000454	25130	25325
C24668-A	NA	13	22749	0.000571	24642	24679
C24632-T	NA	13	22907	0.000568	24612	24679
C24418T A24424T G24535A	S:V952V S:Q954H S:V991V	13	36702	0.000354	24413	24564
C24026-T C24119-A	NA NA	13	4250	0.003059	24021	24138
C23859-T C23887-A	NA NA	13	21978	0.000592	23767	23895
C23854A A23890G	S:N764K S:K776K	13	21687	0.000599	23683	23895
C23854A A23870G	S:N764K S:I770V	13	22411	0.00058	23683	23895
C23525T T23599G C23609T	S:H655Y S:N679K S:R683W	13	52857	0.000246	23487	23642
C23525T T23599G C23603T C23604G	S:H655Y S:N679K S:P681C S:P681C	13	52875	0.000246	23487	23637
C23525T T23596-A T23599G C23604G	S:H655Y NA S:N679K S:P681R	13	52875	0.000246	23487	23642
C23525T G23549A T23599G C23604G	S:H655Y S:D663N S:N679K S:P681R	13	52875	0.000246	23487	23642
C23525T C23591T T23599G C23604G	S:H655Y S:Q677* S:N679K S:P681R	13	52875	0.000246	23487	23642
C23525T C23585T T23599G C23604G	S:H655Y S:Q675* S:N679K S:P681R	13	52875	0.000246	23487	23642
C23525T A23550G T23599G C23604A	S:H655Y S:D663G S:N679K S:P681H	13	52875	0.000246	23487	23642
C23423T A23515+G C23525T	S:P621S NA S:H655S	13	17374	0.000748	23351	23536
C23399+T C23423T G23486-T C23525T	NA S:P621S NA S:H655S	13	17030	0.000763	23336	23535
C23367-A C23423T	NA S:P621S	13	34911	0.000372	23336	23427
C23271T T23394C A23403G C23423T	S:A570V S:L611P S:D614G S:P621S	13	15326	0.000848	23269	23443
C23271T T23350C A23403G C23423T	S:A570V S:S596S S:D614G S:P621S	13	15326	0.000848	23269	23443
C23271T T23337-TGG A23403G C23423T	S:A570V S:DEL593 S:D614G S:P621S	13	15326	0.000848	23269	23430
C23271T T23281C A23403G C23423T	S:A570V S:T573T S:D614G S:P621S	13	15326	0.000848	23269	23443
C23271T C23393+T A23403G C23423T	S:A570V NA S:D614G S:P621S	13	15326	0.000848	23269	23443
C23271T C23334-T T23377+A C23423T	S:A570V NA NA S:P621S	13	15326	0.000848	23269	23429
C23271T C23334-T C23393-T A23403G C23423T	S:A570V NA NA S:D614G S:P621S	13	15326	0.000848	23269	23443
C23271T C23334-T A23403G C23422T	S:A570V NA S:D614G S:V620V	13	15340	0.000847	23269	23437
C23271T C23277T C23423T	S:A570V S:T572I S:P621S	13	15326	0.000848	23269	23429
C23271T A23403G C23423T G23426T	S:A570V S:D614G S:P621S S:V622F	13	15253	0.000852	23269	23443
C23271T A23357G A23403G C23423T	S:A570V S:T599A S:D614G S:P621S	13	15326	0.000848	23269	23431
C23271T A23312G A23403G C23423T	S:A570V S:I584V S:D614G S:P621S	13	15326	0.000848	23269	23434
C23103-T T23143-A T23164-A G23222A C23230-A C23271T	NA NA NA S:E554K NA S:A570V	13	4748	0.002738	23089	23290
C22120-A A22193-ATT T22200G C22208T C22281+T C22295A	NA S:DEL212 S:V213G S:L216F NA S:H245T	13	6509	0.001997	22112	22319
C21622T T21632-TACCCCCTG	S:T20T S:DEL25/27	13	9716	0.001338	21597	21659
C21622T G21624C T21632-TACCCCCTG A21764-TACATG	S:T20T S:R21T S:DEL25/27 S:DEL69/70	13	8441	0.00154	21597	21802
C21618T T21632-TACCCCCTG C21711T A21764-TACATG	S:T19I S:DEL25/27 S:S50L S:DEL69/70	13	8441	0.00154	21597	21802
C21618T C21622T G21624C T21632-TACCCCCTG C21678G C21711T A21764-TACATG	S:T19I S:T20T S:R21T S:DEL25/27 S:P39R S:S50L S:DEL69/70	13	8441	0.00154	21597	21802
A25545-CTT G25555-T	ORF3a:DEL52 NA	13	12453	0.001044	25372	25566
A25512G	ORF3a:S40S	13	13625	0.000954	25372	25519
A25442G	ORF3a:Q17R	13	19210	0.000677	25381	25458
A25419G	ORF3a:T9T	13	19627	0.000662	25381	25477
A25417G	ORF3a:T9A	13	19662	0.000661	25381	25477
A25374+T	NA	13	19585	0.000664	25372	25396
A25315G	S:G1251G	13	36656	0.000355	25251	25325
A25274G	S:T1238A	13	36205	0.000359	25252	25325
A25190G C25207T	S:I1210V S:Y1215Y	13	27691	0.000469	25122	25325
A25182G G25198-C C25207T	S:E1207G NA S:Y1215Y	13	27313	0.000476	25130	25325
A25154G C25207T	S:I1198V S:Y1215Y	13	26188	0.000496	25122	25320
A24952+G C24981-T C24990T C25000T	NA NA S:P1143I S:D1146S	13	15419	0.000843	24850	25069
A24894G C24990T C25000T	S:E1111G S:P1143L S:D1146D	13	15120	0.00086	24853	25069
A24877G C24990T C25000T	S:T1105T S:P1143L S:D1146D	13	14876	0.000874	24853	25066
A24782G	S:N1074D	13	7721	0.001684	24724	24806
A24674C	S:K1038Q	13	22716	0.000572	24473	24679
A24424T T24505C	S:Q954H S:L981L	13	37039	0.000351	24412	24564
A24424T T24469A T24492-A	S:Q954H S:N969K NA	13	37149	0.00035	24412	24563
A24424T T24469A T24472-G T24481C	S:Q954H S:N969K NA S:I973I	13	37197	0.000349	24412	24564
A24424T T24469A G24558A	S:Q954H S:N969K S:G999D	13	36405	0.000357	24412	24564
A24424T T24469A G24476A	S:Q954H S:N969K S:A972T	13	37223	0.000349	24412	24564
A24424T T24469A C24536+A	S:Q954H S:N969K NA	13	36723	0.000354	24412	24559
A24424T G24476A	S:Q954H S:A972T	13	37223	0.000349	24412	24564
A24424T G24462A T24469A	S:Q954H S:S967N S:N969K	13	37294	0.000349	24412	24564
A24424T G24428A T24469A	S:Q954H S:A956T S:N969K	13	37294	0.000349	24412	24564
A24424T C24465T T24469A	S:Q954H S:S968F S:N969K	13	37294	0.000349	24412	24564
A24424T C24435-T G24488-T	S:Q954H NA NA	13	37154	0.00035	24412	24505
A24424T A24452T T24481C	S:Q954H S:K964* S:I973I	13	37197	0.000349	24412	24564
A24424T A24433G	S:Q954H S:Q957Q	13	37660	0.000345	24412	24455
A23826G C23854A	S:Q755R S:N764K	13	22143	0.000587	23805	23895
A23786-T C23816-T C23854A	NA NA S:N764K	13	21617	0.000601	23683	23890
A23764G C23854A	S:T734T S:N764K	13	19482	0.000667	23683	23895
A23729G C23854A	S:T723A S:N764K	13	19314	0.000673	23683	23895
A23515C C23525T T23599G C23604G	S:I651I S:H655Y S:N679K S:P681R	13	52806	0.000246	23498	23642
A23403G T23434-C C23525T	S:D614G NA S:H655Y	13	17045	0.000763	23389	23539
A23403G T23421C C23423T C23525T	S:D614G S:V620A S:P621S S:H655Y	13	17045	0.000763	23339	23532
A23403G C23423T T23489C C23525T	S:D614G S:P621S S:F643L S:H655Y	13	17045	0.000763	23335	23539
A23403G C23423T T23473C C23525T	S:D614G S:P621S S:S637S S:H655Y	13	17045	0.000763	23335	23539
A23403G C23423T C23492-A C23525T	S:D614G S:P621S NA S:H655Y	13	17045	0.000763	23335	23539
A23403G C23423T A23450G C23525T	S:D614G S:P621S S:T630A S:H655Y	13	17045	0.000763	23335	23539
A23403G C23423T A23440G	S:D614G S:P621S S:A626A	13	34794	0.000374	23335	23443
A23372G A23403G C23423T C23525T	S:T604A S:D614G S:P621S S:H655Y	13	16648	0.000781	23335	23539
A23370G A23403G C23423T C23525T	S:N603S S:D614G S:P621S S:H655Y	13	16607	0.000783	23335	23539
A23157-T	NA	13	5923	0.002195	23089	23168
A22193-ATT T22200G C22208T C22281T C22295A	S:DEL212 S:V213G S:L216F S:T240I S:H245N	13	6972	0.001865	22100	22319
A22110+G	NA	13	7305	0.00178	22100	22124
A22023G T22032C C22033A A22034G	S:E154G S:F157S S:F157S S:R158G	13	13354	0.000973	22005	22058
A21875-T C21888-T T21940-G	NA NA NA	13	10355	0.001255	21847	21955
T25547C	ORF3a:L52P	12	12607	0.000952	25372	25566
T25496+A	NA	12	14284	0.00084	25372	25504
T25479C	ORF3a:V29V	12	15282	0.000785	25372	25482
T25394+G	NA	12	20065	0.000598	25381	25420
T25202+G C25207T C25262-T	NA S:Y1215V NA	12	28495	0.000421	25135	25325
T25178C C25207T	S:Y1206H S:Y1215Y	12	26987	0.000445	25122	25325
T25170C C25207T	S:L1203P S:Y1215Y	12	26660	0.00045	25128	25324
T25123+A C25207T	NA S:Y1215V	12	24059	0.000499	25122	25325
T24910C	S:T1116T	12	18245	0.000658	24903	24943
T24769C	S:P1069P	12	7682	0.001562	24756	24788
T24583C	S:Y1007Y	12	17146	0.0007	24473	24617
T24564C	Unknown	12	54885	0.000219	24480	24564
T24513C C24517T	S:L984P S:D985D	12	55654	0.000216	24494	24564
T24491C	S:L977L	12	55760	0.000215	24473	24540
T24469A G24521+T	S:N969K NA	12	48846	0.000246	24465	24564
T24469A A24518G	S:N969K S:K986E	12	48915	0.000245	24465	24564
T23788C C23854A	S:I742I S:N764K	12	21651	0.000554	23690	23895
T23725C C23854A	S:S721S S:N764K	12	19300	0.000622	23683	23895
T23703+C	NA	12	47633	0.000252	23683	23714
T23686-A	NA	12	47436	0.000253	23683	23707
T23684C C23854A	S:S708P S:N764K	12	18799	0.000638	23683	23895
T23599G C23604G T23721A	S:N679K S:P681R S:I720N	12	22915	0.000524	23580	23724
T23599G C23604G T23695C	S:N679K S:P681R S:S711S	12	23531	0.00051	23580	23724
T23599G C23604G T23686-A	S:N679K S:P681R NA	12	23597	0.000509	23580	23724
T23599G C23604G T23681C	S:N679K S:P681R S:Y707H	12	23627	0.000508	23580	23724
T23599G C23604G T23650C	S:N679K S:P681R S:T696T	12	23853	0.000503	23580	23724
T23599G C23604G T23605C	S:N679K S:P681R S:P681R	12	77838	0.000154	23580	23724
T23599G C23604G G23666-A A23711-AT	S:N679K S:P681R NA NA	12	23070	0.00052	23580	23724
T23599G C23604G G23608A	S:N679K S:P681R S:R682R	12	77831	0.000154	23580	23621
T23599G C23604G A23708G	S:N679K S:P681R S:T716A	12	23133	0.000519	23580	23724
T23599G C23604G A23696G	S:N679K S:P681R S:I712V	12	23523	0.00051	23580	23700
T23596-A T23599G C23604G	NA S:N679K S:P681R	12	77845	0.000154	23580	23642
T23482-A	NA	12	18268	0.000657	23459	23539
T23434-C C23525T	NA S:H655Y	12	17578	0.000683	23403	23539
T23164-A	NA	12	5896	0.002035	23089	23176
T22282C C22295A	S:T240T S:H245N	12	15700	0.000764	22268	22309
T21940-G T21990-TTA C22000-A T22032C C22033A A22034G	NA S:DEL144 NA S:F157S S:F157S S:R158G	12	8979	0.001336	21867	22058
T21609+CATGCCGCTGTT C21618T C21622T G21624C T21632-TACCCCCTG C21654T A21764-TACATG	S:INS17HAAV S:T19F S:T20F S:R21T S:DEL25/27 S:S31V S:DEL69/70	12	8440	0.001422	21597	21788
T21609+CATGCCGCTGTT C21618T C21622T G21624C A21626G T21632-TACCCCCTG C21711T A21764-TACATG	S:INS17HAAV S:T19F S:T20F S:R21T S:T22V S:DEL25/27 S:S50L S:DEL69/70	12	8440	0.001422	21597	21802
G25523T G25537A	ORF3a:G44V ORF3a:G49S	12	12712	0.000944	25372	25566
G25437-A C25469T	NA ORF3a:S26L	12	18602	0.000645	25355	25477
G25302T	S:C1247F	12	36528	0.000329	25271	25325
G25203A C25207T	S:W1214* S:Y1215Y	12	28912	0.000415	25191	25325
G24743-T	NA	12	7572	0.001585	24736	24804
G24488-T C24503-T C24672-A	NA NA NA	12	16373	0.000733	24486	24679
G24415A A24424T T24469A	S:V951V S:Q954H S:N969K	12	37086	0.000324	24412	24564
G23885+A G23948T	NA S:D796*	12	1600	0.0075	23875	23978
G22302-T	NA	12	15883	0.000756	22295	22319
G22244+T C22295A	NA S:H245T	12	10852	0.001106	22237	22319
G22104-A C22120-A A22193-ATT T22200G C22208T	NA NA S:DEL212 S:V213G S:L216F	12	6797	0.001765	22100	22219
G21987A T21990-TTA C22000A C22033A	S:G142D S:DEL144 S:H146Q S:F157L	12	10429	0.001151	21973	22058
G21987A A21993-TTAC A21999C	S:G142D NA S:H146P	12	11118	0.001079	21870	22015
G21941T G21987A T21990-TTA C22009-A T22032C C22033A A22034G	S:V127F S:G142D S:DEL144 NA S:F157S S:F157S S:R158G	12	8979	0.001336	21847	22058
G21941T G21987A T21990-TTA C22000-A	S:V127F S:G142D S:DEL144 NA	12	9663	0.001242	21847	22015
G21941T A21958-T G21987A	S:V127F NA S:G142D	12	10191	0.001178	21847	21993
G21569-T C21618T C21622T G21624C T21632-TACCCCCTG	NA S:T19I S:T20T S:R21T S:DEL25/27	12	965	0.012435	21551	21664
C25516-CT G25555-T	NA NA	12	12453	0.000964	25372	25566
C25207T T25248-G C25262-T	S:Y1215Y NA NA	12	28624	0.000419	25122	25325
C25207T T25232C	S:Y1215Y S:L1224L	12	28721	0.000418	25122	25325
C25207T T25228C	S:Y1215Y S:A1222A	12	28728	0.000418	25199	25320
C25207T G25323A	S:Y1215Y S:C1254Y	12	28204	0.000425	25122	25325
C25207T G25213A	S:Y1215Y S:W1217*	12	28765	0.000417	25163	25325
C25207T C25321T	S:Y1215Y S:C1253C	12	28294	0.000424	25203	25325
C25207T C25262-T T25293C	S:Y1215Y NA S:L1244P	12	28501	0.000421	25130	25325
C25207T A25216G	S:Y1215Y S:L1218L	12	28764	0.000417	25122	25325
C25199T C25207T	S:P1213S S:Y1215Y	12	28384	0.000423	25130	25316
C24852-A C24981-T C24990T C25000T	NA NA S:P1143L S:D1146D	12	14435	0.000831	24850	25053
C24852-A A24880G G24882A C24990T	NA S:Q1106Q S:R1107K S:P1143L	12	14490	0.000828	24850	25069
C24752T	S:H1064Y	12	7606	0.001578	24745	24791
C24672+A	NA	12	22667	0.000529	24470	24679
C24566-A	NA	12	17289	0.000694	24495	24667
C23854A G23858A	S:N764K S:A766T	12	22623	0.00053	23814	23895
C23673T	S:S704L	12	25610	0.000469	23663	23716
C23525T T23599G C23604G T23617+G	S:H655Y S:N679K S:P681R NA	12	52837	0.000227	23515	23629
C23525T T23599G C23604G G23628A	S:H655Y S:N679K S:P681R S:S689N	12	52388	0.000229	23487	23637
C23525T T23596+A T23599G C23604G	S:H655Y NA S:N679* S:P681C	12	52875	0.000227	23497	23641
C23525T T23529A T23599G C23604G	S:H655Y S:V656D S:N679K S:P681R	12	52875	0.000227	23487	23642
C23525T G23587A T23599G C23604G	S:H655Y S:Q675Q S:N679K S:P681R	12	52875	0.000227	23487	23624
C23358+A	NA	12	37813	0.000317	23336	23367
C23271T T23392-C A23403G C23423T	S:A570V NA S:D614G S:P621S	12	15326	0.000783	23269	23443
C23271T T23330C A23403G C23423T	S:A570V S:C590R S:D614G S:P621S	12	15326	0.000783	23269	23443
C23271T T23313C A23403G C23423T	S:A570V S:I584T S:D614G S:P621S	12	15326	0.000783	23269	23443
C23271T T23287C C23334-T A23403G C23423T	S:A570V S:A575A NA S:D614G S:P621S	12	15326	0.000783	23269	23443
C23271T T23287C A23403G C23423T	S:A570V S:A575A S:D614G S:P621S	12	15326	0.000783	23269	23443
C23271T C23334-T G23417+A C23423T	S:A570V NA NA S:P621S	12	15326	0.000783	23269	23443
C23271T C23334-T C23393+T C23423T	S:A570V NA NA S:P621S	12	15326	0.000783	23269	23438
C23271T C23286-T C23334-T A23403G C23423T	S:A570V NA NA S:D614G S:P621S	12	15326	0.000783	23269	23443
C23271T C23277T T23296-C A23403G C23423T T23428A	S:A570V S:T572I NA S:D614G S:P621S S:V622V	12	15193	0.00079	23269	23443
C23271T A23321G A23403G C23423T	S:A570V S:I587V S:D614G S:P621S	12	15326	0.000783	23269	23443
C23271T A23299G C23334-T A23403G C23423T	S:A570V S:P579P NA S:D614G S:P621S	12	15326	0.000783	23269	23443
C23188+T G23222A C23271T	NA S:E554R S:A570F	12	4932	0.002433	23089	23290
C23188+T	NA	12	5663	0.002119	23097	23197
C22295A T22303C	S:H245N S:S247S	12	15757	0.000762	22274	22319
C21622T G21624C T21632-TACCCCCTG C21711T A21764-TACATG C21781-A	S:T20T S:R21T S:DEL25/27 S:S50L S:DEL69/70 NA	12	8422	0.001425	21597	21802
C21618T C21622T T21632-TACCCCCTG A21764-TACATG	S:T19I S:T20T S:DEL25/27 S:DEL69/70	12	8441	0.001422	21597	21802
C21618T C21622T G21624C T21632-TACCCCCTG G21686-T C21711T A21764-TACATG	S:T19I S:T20T S:R21T S:DEL25/27 NA S:S50L S:DEL69/70	12	8441	0.001422	21597	21802
C21618T C21622T G21624C T21632-TACCCCCTG C21781-A	S:T19I S:T20T S:R21T S:DEL25/27 NA	12	8422	0.001425	21597	21802
C21618T C21622T G21624C A21764-TACATG	S:T19I S:T20T S:R21T S:DEL69/70	12	8441	0.001422	21597	21802
A25562G	ORF3a:Q57R	12	12352	0.000972	25372	25566
A25503G	ORF3a:I37M	12	14039	0.000855	25372	25519
A25470G C25566T	ORF3a:S26S ORF3a:S58S	12	12283	0.000977	25372	25566
A25454G	ORF3a:K21R	12	18917	0.000634	25372	25477
A25439-G	NA	12	19253	0.000623	25372	25470
A25405-T	NA	12	19873	0.000604	25382	25477
A25377G	S:Y1272C	12	19652	0.000611	25372	25477
A25374G	S:H1271R	12	19585	0.000613	25372	25477
A25255G	S:T1231T	12	35789	0.000335	25251	25325
A25194G C25207T	S:K1211R S:Y1215Y	12	28088	0.000427	25160	25325
A25194-AT G25197T C25262-T	NA S:W1212L NA	12	27725	0.000433	25122	25325
A25179G C25207T	S:Y1206C S:Y1215Y	12	27032	0.000444	25122	25250
A25137+T	NA	12	26350	0.000455	25122	25156
A24922-T C24981-T C25000T	NA NA S:D1146D	12	15289	0.000785	24850	25038
A24902-T C24990T C25000T	NA S:P1143L S:D1146D	12	15216	0.000789	24850	25018
A24879+G G24882A C24990T	NA S:R1107K S:P1143I	12	14936	0.000803	24850	25069
A24788-C	NA	12	7710	0.001556	24718	24806
A24669G	S:Q1036R	12	22728	0.000528	24612	24676
A24641G	S:T1027A	12	22884	0.000524	24612	24672
A24478G	S:A972A	12	55040	0.000218	24465	24564
A24468-T	NA	12	49479	0.000243	24465	24509
A24424T T24496C	S:Q954H S:N978N	12	37123	0.000323	24412	24564
A24424T T24469A T24471-TG	S:Q954H S:N969K NA	12	37245	0.000322	24412	24563
A24424T T24469A C24553T	S:Q954H S:N969K S:I997I	12	36570	0.000328	24412	24564
A24424T T24469A A24554C	S:Q954H S:N969K S:T998P	12	36531	0.000328	24412	24564
A24424T G24558A	S:Q954H S:G999D	12	36405	0.00033	24412	24564
A24424T C24463T	S:Q954H S:S967S	12	37330	0.000321	24412	24564
A24424T A24562G	S:Q954H S:R1000R	12	36335	0.00033	24412	24564
A24424T A24479+T	S:Q954H NA	12	37207	0.000323	24412	24554
A24420G A24424T	S:N953S S:Q954H	12	40038	0.0003	24412	24564
A24253-T C24320-A	NA NA	12	6636	0.001808	24229	24332
A24105G	S:D848G	12	7235	0.001659	24084	24106
A23848+T C23887-A	NA NA	12	21710	0.000553	23767	23895
A23786+T T23850+A C23887-A	NA NA NA	12	20705	0.00058	23683	23895
A23767G C23887-A	S:S735S NA	12	18638	0.000644	23683	23895
A23760G C23854A	S:K733R S:N764K	12	19472	0.000616	23683	23895
A23759G C23887-A	S:K733E NA	12	18607	0.000645	23683	23895
A23746G C23854A	S:P728P S:N764K	12	19406	0.000618	23684	23895
A23737G C23854A	S:E725E S:N764K	12	19360	0.00062	23683	23895
A23474+T C23525T	NA S:H655S	12	17915	0.00067	23466	23539
A23403G T23482-A	S:D614G NA	12	17280	0.000694	23393	23539
A23403G T23455C C23525T	S:D614G S:P631P S:H655Y	12	17045	0.000704	23342	23539
A23403G G23486-T C23525T	S:D614G NA S:H655Y	12	17045	0.000704	23396	23539
A23403G C23423T T23448C C23525T	S:D614G S:P621S S:L629P S:H655Y	12	17045	0.000704	23335	23539
A23403G C23423T G23486-T A23494G C23525T	S:D614G S:P621S NA S:Q644Q S:H655Y	12	17045	0.000704	23335	23539
A23403G C23423T C23430T C23525T	S:D614G S:P621S S:A623V S:H655Y	12	17045	0.000704	23335	23539
A23403G C23423T A23446G C23525T	S:D614G S:P621S S:Q628Q S:H655Y	12	17045	0.000704	23335	23539
A23403G C23423T A23445G C23525T	S:D614G S:P621S S:Q628R S:H655Y	12	17045	0.000704	23365	23539
A23403G C23423T A23442G C23525T	S:D614G S:P621S S:D627G S:H655Y	12	17045	0.000704	23335	23539
A22786C G22813T	S:R408S S:K417N	12	301	0.039867	22781	22834
A22629C T22679C T22685-C A22688G G22770A G22775A A22786C G22813T	S:K356T S:S373P NA S:T376A S:R403K S:D405N S:R408S S:K417N	12	223	0.053812	22623	22834
A22556G G22577C G22578A G22583-T A22629C C22674T T22679C	S:I332V S:G339H S:G339H NA S:K356T S:S371F S:S373P	12	1158	0.010363	22494	22682
A22193-ATT T22200G C22208T G22218-T C22227-T C22295A	S:DEL212 S:V213G S:L216F NA NA S:H245N	12	6972	0.001721	22100	22319
A22193-ATT T22200G C22208T G22218-T	S:DEL212 S:V213G S:L216F NA	12	7434	0.001614	22100	22238
A22193-ATT T22200G C22208T A22294-C	S:DEL212 S:V213G S:L216F NA	12	6980	0.001719	22178	22319
A22034G	S:R158G	12	13373	0.000897	22019	22055
A21875-T G21941T G21987A T21990-TTA C22000-A T22032C C22033A A22034G	NA S:V127F S:G142D S:DEL144 NA S:F157S S:F157S S:R158G	12	8635	0.00139	21847	22058
A21875-T G21941T G21987A T21990-TTA	NA S:V127F S:G142D S:DEL144	12	9801	0.001224	21847	22012
T25556C	ORF3a:V55A	11	12449	0.000884	25372	25566
T25436C	ORF3a:L15S	11	19319	0.000569	25372	25477
T25403C	ORF3a:F4S	11	19904	0.000553	25381	25463
T25375C	S:H1271H	11	19601	0.000561	25372	25477
T25307C	S:S1249P	11	36625	0.0003	25284	25316
T25306C	S:C1248C	11	36602	0.000301	25251	25325
T25291C	S:C1243C	11	36364	0.000302	25285	25324
T25171+G C25207T C25262-T	NA S:Y1215V NA	11	26336	0.000418	25130	25283
T25128C C25207T	S:V1189A S:Y1215Y	11	24431	0.00045	25122	25325
T24739C	S:G1059G	11	7561	0.001455	24724	24806
T24623C C24672-A	S:S1021P NA	11	22475	0.000489	24612	24679
T24492+A C24672-A	NA NA	11	16450	0.000669	24481	24679
T24487C	S:S975S	11	55637	0.000198	24477	24564
T24469A T24496-G	S:N969K NA	11	49240	0.000223	24465	24523
T24469A C24639-T	S:N969K NA	11	11040	0.000996	24465	24679
T24469A C24503-T	S:N969K NA	11	49125	0.000224	24465	24541
T24438+A T24469A	NA S:N969Q	11	37689	0.000292	24412	24564
T24313C	S:Y917Y	11	7404	0.001486	24275	24322
T24211-TC	NA	11	4049	0.002717	24164	24323
T24151C	S:P863P	11	10253	0.001073	24148	24173
T23956-G	NA	11	3591	0.003063	23948	24089
T23944A G23948T	S:I794I S:D796Y	11	3189	0.003449	23941	23951
T23836C C23854A	S:S758S S:N764K	11	22303	0.000493	23709	23895
T23818C C23854A	S:L752L S:N764K	11	22023	0.000499	23742	23895
T23803C C23854A	S:T747T S:N764K	11	21856	0.000503	23792	23895
T23765C C23854A	S:S735P S:N764K	11	19488	0.000564	23688	23895
T23752A C23854A	S:S730S S:N764K	11	19442	0.000566	23683	23895
T23725C	S:S721S	11	46979	0.000234	23683	23783
T23714C C23854A	S:F718L S:N764K	11	19256	0.000571	23683	23895
T23698C	S:I712I	11	47692	0.000231	23683	23721
T23697C	S:I712T	11	47683	0.000231	23690	23724
T23693C C23854A	S:S711P S:N764K	11	19037	0.000578	23688	23895
T23599G C23604G T23714C	S:N679K S:P681R S:F718L	11	23042	0.000477	23580	23724
T23599G C23604G T23689-A	S:N679K S:P681R NA	11	23582	0.000466	23580	23724
T23599G C23604G T23629+A	S:N679K S:P681R NA	11	77204	0.000142	23580	23637
T23599G C23604G G23621A	S:N679K S:P681R S:V687I	11	77742	0.000141	23580	23642
T23599G C23604G C23705T	S:N679K S:P681R S:P715S	11	23243	0.000473	23580	23724
T23599G C23604G C23692T	S:N679K S:P681R S:N710N	11	23554	0.000467	23580	23699
T23599G C23604G C23657-T	S:N679K S:P681R NA	11	23798	0.000462	23580	23724
T23599G C23603T C23604G	S:N679K S:P681C S:P681C	11	77860	0.000141	23580	23642
T23482-A C23525T	NA S:H655Y	11	18014	0.000611	23466	23539
T23455C C23525T	S:P631P S:H655Y	11	17733	0.00062	23451	23539
T23398C A23403G C23423T C23525T	S:Y612Y S:D614G S:P621S S:H655Y	11	17011	0.000647	23335	23532
T23392C A23403G C23423T C23525T	S:V610V S:D614G S:P621S S:H655Y	11	16906	0.000651	23335	23539
T23346C C23423T C23525T	S:V595A S:P621S S:H655Y	11	16301	0.000675	23339	23539
T23346C A23403G C23423T C23525T	S:V595A S:D614G S:P621S S:H655Y	11	16301	0.000675	23335	23539
T23143-A T23164-A G23222A	NA NA S:E554K	11	5113	0.002151	23105	23232
T22926C T22942A G22992A C22995A T23005A T23019C	S:L455S S:N460K S:S477N S:T478K S:N481K S:F486S	11	121	0.090909	22922	23038
T22247C C22295A C22353A	S:L229L S:H245N S:A264D	11	3544	0.003104	22246	22357
T22165+A A22193-ATT T22200G C22208T C22295A	NA S:DEL212 S:V213S S:L216S S:H245T	11	6745	0.001631	22100	22319
T22032C C22033A A22034G T22054-A	S:F157S S:F157S S:R158G NA	11	13238	0.000831	22001	22058
T21940-G T22032C C22033A A22034G	NA S:F157S S:F157S S:R158G	11	8979	0.001225	21847	22058
T21940-G G21987A T21990-TTA C22000-A C22033A A22034G	NA S:G142D S:DEL144 NA S:F157L S:R158G	11	8979	0.001225	21847	22058
T21940-G G21987A T21990-TTA C22000-A	NA S:G142D S:DEL144 NA	11	9663	0.001138	21847	22015
T21934-A T21940-G T21990-TTA T22032C C22033A A22034G	NA NA S:DEL144 S:F157S S:F157S S:R158G	11	8948	0.001229	21876	22058
T21609+CATGCCGCTGTT C21622T G21624C T21632-TACCCCCTG A21764-TACATG	S:INS17HAAV S:T20F S:R21T S:DEL25/27 S:DEL69/70	11	8440	0.001303	21597	21802
T21609+CATGCCGCTGTT C21618T T21632-TACCCCCTG A21764-TACATG	S:INS17HAAV S:T19F S:DEL25/27 S:DEL69/70	11	8440	0.001303	21597	21802
T21609+CATGCCGCTGTT C21618T C21622T G21624C T21632-TACCCCCTG T21710-C A21764-TACATG	S:INS17HAAV S:T19F S:T20F S:R21T S:DEL25/27 NA S:DEL69/70	11	8440	0.001303	21597	21802
G25483A G25555+T	ORF3a:A31T NA	11	12453	0.000883	25372	25566
G25445A G25555-T	ORF3a:G18D NA	11	12453	0.000883	25372	25566
G25197A C25207T	S:W1212* S:Y1215Y	11	28251	0.000389	25174	25325
G25173-A C25207T C25262-T	NA S:Y1215Y NA	11	26417	0.000416	25127	25279
G24971+T C24981-T C24990T C25000T G25015+T	NA NA S:P1143I S:D1146S NA	11	15370	0.000716	24850	25069
G24611+A C24672-A	NA NA	11	16797	0.000655	24470	24679
G24558A	S:G999D	11	55031	0.0002	24481	24564
G24530-A	NA	11	55500	0.000198	24527	24564
G24428+A	NA	11	37823	0.000291	24417	24451
G24305C G24305-T	S:V915L NA	11	7476	0.001471	24148	24324
G24277-T	NA	11	7397	0.001487	24148	24320
G24116A	S:A852T	11	5617	0.001958	24021	24191
G23699+A	NA	11	47701	0.000231	23683	23720
G23499+T C23525T T23599G C23604G	NA S:H655S S:N679* S:P681C	11	52451	0.00021	23487	23642
G23222A C23230-A C23244-T C23271T	S:E554K NA NA S:A570V	11	5021	0.002191	23089	23290
G22992A C22995A T23005A T23019C	S:S477N S:T478K S:N481K S:F486S	11	366	0.030055	22974	23048
G22249+T C22295A	NA S:H245T	11	14806	0.000743	22237	22319
G22104-A C22120-A A22193-ATT T22200G C22208T C22227-T C22295A	NA NA S:DEL212 S:V213G S:L216F NA S:H245N	11	6356	0.001731	22100	22319
G21941T G21987A T21990-TTA C22000-A C22009-A C22033A A22034G	S:V127F S:G142D S:DEL144 NA NA S:F157L S:R158G	11	8979	0.001225	21847	22058
G21569-T T21609+CATGCCGCTGTT C21618T C21622T G21624C T21632-TACCCCCTG	NA S:INS17HAAV S:T19F S:T20F S:R21T S:DEL25/27	11	965	0.011399	21555	21664
C25466A	ORF3a:P25H	11	18670	0.000589	25372	25501
C25413-T	NA	11	19728	0.000558	25372	25477
C25207T T25280C	S:Y1215Y S:C1240R	11	28549	0.000385	25189	25285
C25207T T25209C	S:Y1215Y S:I1216T	11	28958	0.00038	25186	25324
C25207T G25212A	S:Y1215Y S:W1217*	11	28766	0.000382	25164	25325
C25207T C25267T	S:Y1215Y S:C1235C	11	28571	0.000385	25195	25325
C25151+A	NA	11	26809	0.00041	25143	25175
C25132T C25207T	S:A1190A S:Y1215Y	11	25171	0.000437	25122	25325
C24990T C25000T G25013T	S:P1143L S:D1146D S:E1151*	11	15478	0.000711	24850	25069
C24990T A24994-T C25000T A25026-TT	S:P1143L NA S:D1146D NA	11	15298	0.000719	24850	25069
C24964-A C24990T C25000T	NA S:P1143L S:D1146D	11	15488	0.00071	24886	25059
C24672-A T24713-C	NA NA	11	4890	0.002249	24612	24727
C24672-A C24715+T	NA NA	11	4882	0.002253	24612	24806
C24621-T	NA	11	22870	0.000481	24470	24665
C24559T	S:G999G	11	55025	0.0002	24477	24564
C24458+T	NA	11	37920	0.00029	24412	24468
C24231T	S:A890V	11	7247	0.001518	24229	24321
C24150-T	NA	11	10238	0.001074	24148	24191
C24119-A C24150+T	NA NA	11	5294	0.002078	24021	24191
C23854A T23857C	S:N764K S:R765R	11	22623	0.000486	23683	23895
C23854A C23887-A C23929-A	S:N764K NA NA	11	1958	0.005618	23782	23943
C23854A C23882T	S:N764K S:Q774*	11	22117	0.000497	23683	23895
C23854A A23894G	S:N764K Unknown	11	20435	0.000538	23836	23895
C23816-T G23835-T	NA NA	11	22554	0.000488	23683	23848
C23809T C23854A	S:C749C S:N764K	11	21915	0.000502	23683	23895
C23604G C23673T	S:P681R S:S704L	11	23757	0.000463	23580	23717
C23604A C23673T	S:P681H S:S704L	11	23757	0.000463	23580	23724
C23595T T23599G C23604G A23704+C	S:T678I S:N679K S:P681R NA	11	23240	0.000473	23582	23717
C23525T T23569C T23599G C23604G G23610A	S:H655Y S:G669G S:N679K S:P681R S:R683Q	11	52855	0.000208	23487	23642
C23525T G23545A T23599G C23604G	S:H655Y S:E661E S:N679K S:P681R	11	52875	0.000208	23487	23642
C23525T C23604G T23637-C	S:H655Y S:P681R NA	11	51991	0.000212	23487	23642
C23525T C23589T T23599G C23604G	S:H655Y S:T676I S:N679K S:P681R	11	52875	0.000208	23487	23642
C23525T A23558-T T23599G	S:H655Y NA S:N679K	11	52894	0.000208	23487	23621
C23423T T23464C C23525T	S:P621S S:R634R S:H655Y	11	17374	0.000633	23335	23539
C23423T C23492-A C23525T	S:P621S NA S:H655Y	11	17374	0.000633	23404	23539
C23271T T23314C A23403G C23423T	S:A570V S:I584I S:D614G S:P621S	11	15326	0.000718	23269	23443
C23271T T23308C A23403G C23423T	S:A570V S:L582L S:D614G S:P621S	11	15326	0.000718	23269	23443
C23271T C23367+A C23423T	S:A570V NA S:P621S	11	15326	0.000718	23269	23435
C23271T C23367+A A23403G C23423T	S:A570V NA S:D614G S:P621S	11	15326	0.000718	23269	23441
C23271T A23403G C23423T T23434C	S:A570V S:D614G S:P621S S:I624I	11	15026	0.000732	23269	23443
C23271T A23403G C23423T T23431C	S:A570V S:D614G S:P621S S:A623A	11	15086	0.000729	23269	23443
C23271T A23326G A23403G C23423T	S:A570V S:T588T S:D614G S:P621S	11	15326	0.000718	23269	23443
C23271T A23310G A23403G C23423T	S:A570V S:E583G S:D614G S:P621S	11	15326	0.000718	23269	23443
C23271T A23301T A23403G C23423T	S:A570V S:Q580L S:D614G S:P621S	11	15326	0.000718	23269	23443
C22295A C22353A T22392+A	S:H245N S:A264D NA	11	3445	0.003193	22246	22408
C22290-T C22295A C22353A	NA S:H245N S:A264D	11	3749	0.002934	22246	22365
C22264T G22317T	S:N234N S:G252V	11	15036	0.000732	22246	22365
C21711T C21736-T A21764-TACATG	S:S50L NA S:DEL69/70	11	9975	0.001103	21674	21802
C21618T C21622T G21624C T21632-TACCCCCTG T21653-C C21711T A21764-TACATG	S:T19I S:T20T S:R21T S:DEL25/27 NA S:S50L S:DEL69/70	11	8441	0.001303	21597	21802
A25545G	ORF3a:A51A	11	12617	0.000872	25372	25552
A25325G	Unknown	11	36380	0.000302	25303	25325
A25256+T C25262-T	NA NA	11	35779	0.000307	25251	25325
A25247G	S:M1229V	11	31588	0.000348	25240	25325
A25195G C25207T	S:K1211K S:Y1215Y	11	28147	0.000391	25130	25325
A25194-AT G25197T C25207T A25208-T	NA S:W1212L S:Y1215Y NA	11	28059	0.000392	25122	25325
A24978G C24990T C25000T	S:D1139G S:P1143L S:D1146D	11	15564	0.000707	24850	25019
A24952-GG C24981-T C24990T C25000T	NA NA S:P1143L S:D1146D	11	15419	0.000713	24850	25059
A24902G	S:I1114V	11	18291	0.000601	24850	24943
A24894G C24981-T C24990T C25000T	S:E1111G NA S:P1143L S:D1146D	11	15120	0.000728	24850	25069
A24654G	S:E1031G	11	22862	0.000481	24612	24679
A24646G	S:K1028K	11	22887	0.000481	24612	24669
A24594G	S:Q1011R	11	17103	0.000643	24473	24679
A24531T T24656C	S:E990V S:C1032R	11	16821	0.000654	24473	24676
A24498G	S:D979G	11	55799	0.000197	24484	24564
A24479-T G24488-T	NA NA	11	55053	0.0002	24471	24512
A24424T T24548C	S:Q954H S:L996L	11	36629	0.0003	24412	24564
A24424T T24491C	S:Q954H S:L977L	11	37150	0.000296	24413	24563
A24424T T24469A G24550A	S:Q954H S:N969K S:L996L	11	36621	0.0003	24412	24564
A24424T T24469A A24537G	S:Q954H S:N969K S:Q992R	11	36714	0.0003	24412	24564
A24424T T24436C T24469A	S:Q954H S:A958A S:N969K	11	37294	0.000295	24412	24564
A24424T C24503-T C24517-A	S:Q954H NA NA	11	36914	0.000298	24412	24558
A24424T C24458+T	S:Q954H NA	11	37395	0.000294	24412	24479
A24424T A24495G	S:Q954H S:N978S	11	37129	0.000296	24412	24564
A24424T A24452G T24469A	S:Q954H S:K964E S:N969K	11	37294	0.000295	24412	24564
A24424T A24425G T24469A	S:Q954H S:N955D S:N969K	11	37294	0.000295	24412	24564
A24423G A24424T	S:Q954R S:Q954R	11	40053	0.000275	24412	24424
A24423+T T24469A	NA S:N969Q	11	37289	0.000295	24412	24564
A24253-T T24261C	NA S:M900T	11	7190	0.00153	24229	24323
A24209G	S:T883A	11	4054	0.002713	24148	24228
A23964-T	NA	11	3776	0.002913	23950	23978
A23942-T G23948T G23955+T	NA S:D796Y NA	11	3011	0.003653	23941	23968
A23806+T	NA	11	23137	0.000475	23767	23820
A23801G C23854A	S:T747A S:N764K	11	21839	0.000504	23740	23895
A23753G C23854A	S:M731V S:N764K	11	19447	0.000566	23699	23895
A23753-T C23854A	NA S:N764K	11	19447	0.000566	23701	23895
A23712-T G23835-T	NA NA	11	19783	0.000556	23683	23853
A23403G T23411C C23423T	S:D614G S:C617R S:P621S	11	35668	0.000308	23349	23443
A23403G T23407-A C23423T C23525T	S:D614G NA S:P621S S:H655Y	11	17045	0.000645	23391	23539
A23403G C23423T T23482C C23525T	S:D614G S:P621S S:S640S S:H655Y	11	17045	0.000645	23335	23539
A23403G C23423T T23466C C23525T	S:D614G S:P621S S:V635A S:H655Y	11	17045	0.000645	23335	23539
A23403G C23423T C23525T C23533-A	S:D614G S:P621S S:H655Y NA	11	16964	0.000648	23378	23539
A23403G C23423T A23515-G C23525T	S:D614G S:P621S NA S:H655Y	11	17045	0.000645	23336	23539
A23403G C23423T A23497G C23525T	S:D614G S:P621S S:T645T S:H655Y	11	17045	0.000645	23335	23539
A23403G C23423T A23493G C23525T	S:D614G S:P621S S:Q644R S:H655Y	11	17045	0.000645	23339	23539
A23400+G	NA	11	36182	0.000304	23335	23420
A23379G A23403G C23423T C23525T	S:N606S S:D614G S:P621S S:H655Y	11	16754	0.000657	23335	23539
A23368G A23403G C23423T C23525T	S:T602T S:D614G S:P621S S:H655Y	11	16577	0.000664	23335	23539
A23267-T	NA	11	5124	0.002147	23258	23290
A22629C C22674T T22685-C A22688G G22770A G22775A A22786C G22813T	S:K356T S:S371F NA S:T376A S:R403K S:D405N S:R408S S:K417N	11	223	0.049327	22623	22834
A22193-ATT T22200G C22208T C22227-T	S:DEL212 S:V213G S:L216F NA	11	7370	0.001493	22121	22249
A21875-T G21941T A21979-T G21987A T21990-TTA C22000-A C22009-A T22032C C22033A A22034G	NA S:V127F NA S:G142D S:DEL144 NA NA S:F157S S:F157S S:R158G	11	8635	0.001274	21847	22058
A21875-T C21888-T T21940-G A21979-T G21987A T21990-TTA C22000-A T22032C C22033A A22034G	NA NA NA NA S:G142D S:DEL144 NA S:F157S S:F157S S:R158G	11	8635	0.001274	21847	22058
T25558C	ORF3a:F56L	10	12437	0.000804	25372	25566
T25475C	ORF3a:F28S	10	18522	0.00054	25372	25552
T25406C	ORF3a:M5T	10	19859	0.000504	25372	25477
T25319C	S:C1253R	10	36594	0.000273	25312	25325
T25304C	S:C1248R	10	36585	0.000273	25289	25325
T25285+A	NA	10	36304	0.000275	25272	25325
T25202C C25207T	S:W1214R S:Y1215Y	10	28858	0.000347	25147	25325
T25191-A C25207T A25208-T C25262-T	NA S:Y1215Y NA NA	10	27536	0.000363	25122	25325
T25161C C25207T C25262-T	S:L1200P S:Y1215Y NA	10	26052	0.000384	25124	25325
T25161-C C25207T	NA S:Y1215Y	10	26412	0.000379	25151	25325
T25150C C25207T C25262-T	S:S1196S S:Y1215Y NA	10	25538	0.000392	25130	25325
T25129C	S:V1189V	10	25420	0.000393	25124	25177
T24927C	S:V1122A	10	18174	0.00055	24853	24943
T24866+G C24981-T C24990T C25000T	NA NA S:P1143I S:D1146S	10	14827	0.000674	24850	25069
T24793A	S:T1077T	10	7611	0.001314	24725	24806
T24741C	S:V1060A	10	7572	0.001321	24724	24806
T24736-GG	NA	10	7519	0.00133	24713	24788
T24660+A	NA	10	22836	0.000438	24476	24667
T24658C C24672-A	S:C1032C NA	10	22615	0.000442	24626	24679
T24633C C24672-A	S:L1024P NA	10	22546	0.000444	24612	24679
T24623C	S:S1021P	10	22872	0.000437	24612	24679
T24585C	S:V1008A	10	17140	0.000583	24489	24679
T24492-A A24670-TCAA	NA NA	10	16492	0.000606	24478	24679
T24475C	S:G971G	10	54673	0.000183	24470	24534
T24472-G C24536-A	NA NA	10	51777	0.000193	24465	24564
T24469A T24522C	S:N969K S:V987A	10	48841	0.000205	24465	24564
T24469A G24488+T	S:N969K NA	10	49306	0.000203	24465	24515
T24469A G24474A	S:N969K S:G971D	10	49402	0.000202	24465	24564
T24469A A24554G	S:N969K S:T998A	10	48348	0.000207	24465	24564
T24469A A24551G	S:N969K S:I997V	10	48441	0.000206	24465	24564
T24469A A24525G	S:N969K S:E988G	10	48791	0.000205	24465	24564
T24451+A T24469A	NA S:N969Q	10	37776	0.000265	24412	24563
T24267-G T24377-C	NA NA	10	1962	0.005097	24229	24420
T24028C	S:L822L	10	6904	0.001448	24021	24079
T23944A G23948T G23955+T	S:I794I S:D796Y NA	10	3038	0.003292	23941	23968
T23839C C23854A	S:F759F S:N764K	10	22395	0.000447	23825	23895
T23783C C23854A	S:Y741H S:N764K	10	21599	0.000463	23683	23895
T23740C C23854A	S:I726I S:N764K	10	19370	0.000516	23683	23891
T23719C C23854A	S:T719T S:N764K	10	19274	0.000519	23683	23895
T23713A	S:N717K	10	47343	0.000211	23699	23724
T23698+C	NA	10	47692	0.00021	23687	23708
T23693+A	NA	10	47604	0.00021	23685	23711
T23684C	S:S708P	10	47212	0.000212	23683	23724
T23599G C23604G T23722C	S:N679K S:P681R S:I720I	10	22895	0.000437	23580	23724
T23599G C23604G T23697C	S:N679K S:P681R S:I712T	10	23518	0.000425	23580	23724
T23599G C23604G G23675A	S:N679K S:P681R S:V705I	10	23675	0.000422	23584	23724
T23599G C23604G G23660A	S:N679K S:P681R S:G700S	10	23773	0.000421	23580	23724
T23599G C23604G G23624A	S:N679K S:P681R S:A688T	10	77683	0.000129	23580	23642
T23599G C23604G C23664T	S:N679K S:P681R S:A701V	10	23752	0.000421	23580	23724
T23599G C23604G C23647T	S:N679K S:P681R S:Y695Y	10	23878	0.000419	23580	23724
T23599G C23604G C23634T	S:N679K S:P681R S:S691F	10	77012	0.00013	23580	23642
T23371C C23423T C23525T	S:N603N S:P621S S:H655Y	10	16637	0.000601	23349	23539
T23337C A23403G C23423T C23525T	S:F592S S:D614G S:P621S S:H655Y	10	15986	0.000626	23335	23539
T22926-G T22942G G22992A C22995A A23013C T23018C T23019C T23031C	NA S:N460K S:S477N S:T478K S:E484A S:F486P S:F486P S:F490S	10	121	0.082645	22916	23036
T22304C G22317T	S:Y248H S:G252V	10	15712	0.000636	22246	22346
T22274C C22295A	S:F238L S:H245N	10	15552	0.000643	22265	22319
T22223A C22295A	S:S221T S:H245N	10	9802	0.00102	22217	22319
T22200G T22207-C C22295A	S:V213G NA S:H245N	10	7051	0.001418	22174	22319
T21934-A G21941T G21987A T21990-TTA T22032C C22033A	NA S:V127F S:G142D S:DEL144 S:F157S S:F157S	10	8948	0.001118	21849	22058
T21609+CATGCCGCTGTTT C21618T C21622T G21624C T21632-TACCCCCTG A21764-TACATG	NA S:T19F S:T20F S:R21S S:DEL25/27 S:DEL69/70	10	8440	0.001185	21597	21802
T21609+CATGCCGCTGTT C21618T C21622T T21632-TACCCCCTG	S:INS17HAAV S:T19F S:T20F S:DEL25/27	10	9715	0.001029	21597	21664
T21609+CATGCCGCTGTT C21618T C21622T G21624C T21632-TACCCCCTG A21764-TACATG C21780T	S:INS17HAAV S:T19F S:T20F S:R21T S:DEL25/27 S:DEL69/70 S:T73L	10	8421	0.001188	21597	21802
G25424-A	NA	10	19529	0.000512	25381	25477
G25409-A	NA	10	19801	0.000505	25381	25434
G25299A	S:G1246D	10	36495	0.000274	25251	25325
G25204A C25207T	S:W1214* S:Y1215Y	10	28956	0.000345	25192	25325
G25130-C	NA	10	25489	0.000392	25122	25154
G25127-T	NA	10	25307	0.000395	25122	25160
G24941-A	NA	10	18085	0.000553	24900	24943
G24858A C24990T C25000T	S:G1099D S:P1143L S:D1146D	10	14789	0.000676	24850	25069
G24776-A	NA	10	7704	0.001298	24737	24789
G24693-A	NA	10	5677	0.001761	24612	24806
G24665A	S:G1035R	10	22778	0.000439	24612	24679
G24638A	S:A1026T	10	22886	0.000437	24612	24679
G24488+T C24672-A	NA NA	10	16373	0.000611	24470	24679
G24486+T	NA	10	55584	0.00018	24470	24506
G24476A	S:A972T	10	54731	0.000183	24465	24496
G24301-A	NA	10	7481	0.001337	24245	24324
G23948T T23968C	S:D796Y S:F802F	10	2898	0.003451	23905	23978
G23948T T23956C	S:D796Y S:G798G	10	3061	0.003267	23941	23971
G23832A C23854A	S:G757D S:N764K	10	22219	0.00045	23817	23895
G23793A C23854A	S:G744D S:N764K	10	21730	0.00046	23768	23895
G23768-T C23854A C23887-A	NA S:N764K NA	10	20579	0.000486	23683	23895
G23735+A C23757T	NA S:T732V	10	21402	0.000467	23683	23822
G23508-T C23525T T23599G C23604G	NA S:H655Y S:N679K S:P681R	10	52749	0.00019	23493	23642
G23499+A C23525T T23599G C23604G	NA S:H655S S:N679* S:P681C	10	52451	0.000191	23487	23642
G23390-T A23403G C23423T C23525T	NA S:D614G S:P621S S:H655Y	10	16878	0.000592	23335	23539
G23222A T23225C C23271T	S:E554K S:S555P S:A570V	10	5021	0.001992	23200	23290
G22992A C22995A T23005A T23008-GTT G23012A T23018C T23019C	S:S477N S:T478K S:N481K S:DEL483 S:E484K S:F486P S:F486P	10	366	0.027322	22963	23048
G22577C G22578A A22629C T22679C	S:G339H S:G339H S:K356T S:S373P	10	1173	0.008525	22570	22684
G22218-T C22295A	NA S:H245N	10	8426	0.001187	22210	22319
G22104-A C22120-A A22161-T A22193-ATT T22200G C22208T G22218-T C22295A	NA NA NA S:DEL212 S:V213G S:L216F NA S:H245N	10	6356	0.001573	22100	22319
G21969-T G21987A T21990-TTA T22032C C22033A A22034G	NA S:G142D S:DEL144 S:F157S S:F157S S:R158G	10	10219	0.000979	21958	22058
G21941T G21987A T21990-TTA A22010G T22032C C22033A A22034G	S:V127F S:G142D S:DEL144 S:K150E S:F157S S:F157S S:R158G	10	8979	0.001114	21915	22058
G21578-T C21618T C21622T G21624C T21632-TACCCCCTG	NA S:T19I S:T20T S:R21T S:DEL25/27	10	975	0.010256	21552	21664
C25498T	ORF3a:P36S	10	14246	0.000702	25372	25519
C25482T	ORF3a:R30R	10	15199	0.000658	25383	25566
C25441T	ORF3a:Q17*	10	19226	0.00052	25372	25477
C25373T G25555-T	S:H1271Y NA	10	12242	0.000817	25372	25566
C25324-A	NA	10	36490	0.000274	25269	25359
C25262-T T25376C	NA S:Y1272H	10	3470	0.002882	25251	25397
C25262-T G25429T	NA ORF3a:V13L	10	2871	0.003483	25251	25447
C25262-T C25433-T	NA NA	10	2806	0.003564	25251	25445
C25207T T25224C	S:Y1215Y S:I1221T	10	28750	0.000348	25199	25325
C25207T T25222C	S:Y1215Y S:F1220F	10	28760	0.000348	25190	25325
C25207T T25211C C25262-T	S:Y1215Y S:W1217R NA	10	28624	0.000349	25122	25325
C25207T G25311A	S:Y1215Y S:C1250Y	10	28395	0.000352	25197	25325
C25207T G25273A	S:Y1215Y S:M1237I	10	28560	0.00035	25187	25325
C25207T G25269A	S:Y1215Y S:C1236Y	10	28565	0.00035	25122	25325
C25207T C25317T	S:Y1215Y S:S1252F	10	28355	0.000353	25199	25324
C25207T C25262-TT G25278-T	S:Y1215Y NA NA	10	28552	0.00035	25122	25316
C25207T C25262-T G25302C	S:Y1215Y NA S:C1247S	10	28461	0.000351	25122	25325
C25207T A25208G	S:Y1215Y S:I1216V	10	28958	0.000345	25167	25324
C25131T C25207T	S:A1190V S:Y1215Y	10	25094	0.000399	25122	25325
C24981-T C24990T C25000T T25053C	NA S:P1143L S:D1146D S:V1164A	10	15118	0.000661	24850	25069
C24899-A G24971+T C24981-T C24990T C25000T	NA NA NA S:P1143I S:D1146S	10	15180	0.000659	24850	25069
C24826-T	NA	10	2030	0.004926	24724	24844
C24672-A G24690+T	NA NA	10	5219	0.001916	24612	24699
C24672-A A24684-T T24713-C	NA NA NA	10	4890	0.002045	24612	24806
C24672-A A24684-T A24803-T	NA NA NA	10	4578	0.002184	24617	24806
C24672-A A24684-T A24695-AG	NA NA NA	10	5131	0.001949	24612	24710
C24632+T	NA	10	22907	0.000437	24612	24643
C24627T	S:A1022V	10	22905	0.000437	24612	24658
C24616+A C24672-A	NA NA	10	22421	0.000446	24612	24679
C24593T	S:Q1011*	10	17107	0.000585	24473	24614
C24517-A C24536-A C24672-A	NA NA NA	10	16620	0.000602	24470	24679
C24517-A C24536-A	NA NA	10	55252	0.000181	24493	24564
C24422T A24424T T24469A	S:Q954Y S:Q954Y S:N969K	10	37287	0.000268	24412	24564
C24320-AA	NA	10	7192	0.00139	24148	24334
C23859-T	NA	10	22750	0.00044	23842	23871
C23854A C23887-A G23948T	S:N764K NA S:D796Y	10	1411	0.007087	23767	23955
C23854A A23884G	S:N764K S:Q774Q	10	21967	0.000455	23844	23895
C23812-A C23887-A	NA NA	10	21020	0.000476	23683	23895
C23730A C23854A	S:T723N S:N764K	10	19323	0.000518	23683	23891
C23595T C23604G	S:T678I S:P681R	10	77830	0.000128	23582	23624
C23525T T23599G T23600-C T23602A C23604G	S:H655Y S:N679K NA S:S680S S:P681R	10	52875	0.000189	23487	23642
C23525T T23599G C23604G A23627C	S:H655Y S:N679K S:P681R S:S689R	10	52407	0.000191	23491	23642
C23525T T23599G C23604A T23622C	S:H655Y S:N679K S:P681H S:V687A	10	52825	0.000189	23487	23637
C23525T T23599G C23601+A C23604G	S:H655Y S:N679K NA S:P681C	10	52875	0.000189	23492	23642
C23525T T23590C C23604G	S:H655Y S:T676T S:P681R	10	52875	0.000189	23488	23642
C23525T T23537A T23599G C23604G	S:H655Y S:S659T S:N679K S:P681R	10	52875	0.000189	23487	23641
C23525T G23580A T23599G C23604G	S:H655Y S:S673N S:N679K S:P681R	10	52875	0.000189	23487	23640
C23525T G23561A T23599G C23604G	S:H655Y S:G667S S:N679K S:P681R	10	52875	0.000189	23487	23642
C23525T G23528C T23599G C23604G	S:H655Y S:V656L S:N679K S:P681R	10	52875	0.000189	23487	23642
C23525T C23601A C23604G	S:H655Y S:S680Y S:P681R	10	52875	0.000189	23487	23642
C23525T C23575T C23604G	S:H655Y S:C671C S:P681R	10	52875	0.000189	23487	23642
C23525T C23536T T23599G C23604G	S:H655Y S:N658N S:N679K S:P681R	10	52875	0.000189	23487	23642
C23525T A23586T T23599G C23604G	S:H655Y S:Q675L S:N679K S:P681R	10	52875	0.000189	23487	23637
C23525T A23554-CC T23599G C23604G	S:H655Y NA S:N679K S:P681R	10	52875	0.000189	23487	23640
C23423T T23437C C23525T	S:P621S S:H625H S:H655Y	10	17374	0.000576	23413	23539
C23381+A	NA	10	36648	0.000273	23339	23394
C23367+A C23423T C23525T	NA S:P621S S:H655S	10	16562	0.000604	23336	23535
C23271T T23374C A23403G C23423T	S:A570V S:T604T S:D614G S:P621S	10	15326	0.000652	23269	23443
C23271T T23355C A23403G C23423T	S:A570V S:I598T S:D614G S:P621S	10	15326	0.000652	23269	23443
C23271T T23341C A23403G C23423T	S:A570V S:G593G S:D614G S:P621S	10	15326	0.000652	23269	23435
C23271T T23332C A23403G C23423T	S:A570V S:C590C S:D614G S:P621S	10	15326	0.000652	23269	23443
C23271T T23323C A23403G C23423T	S:A570V S:I587I S:D614G S:P621S	10	15326	0.000652	23269	23438
C23271T T23317C C23334-T A23403G C23423T	S:A570V S:L585L NA S:D614G S:P621S	10	15326	0.000652	23269	23443
C23271T T23293C A23403G C23423T	S:A570V S:R577R S:D614G S:P621S	10	15326	0.000652	23269	23443
C23271T T23278-A	S:A570V NA	10	21623	0.000462	23195	23290
C23271T C23393+T C23423T	S:A570V NA S:P621S	10	15326	0.000652	23269	23426
C23271T C23334-T C23423T T23437-G	S:A570V NA S:P621S NA	10	14751	0.000678	23269	23443
C23271T A23403G A23419G C23423T	S:A570V S:D614G S:E619E S:P621S	10	15326	0.000652	23269	23443
C23271T A23403G A23408G C23423T	S:A570V S:D614G S:N616D S:P621S	10	15326	0.000652	23269	23438
C23271T A23310G C23334-T A23403G C23423T	S:A570V S:E583G NA S:D614G S:P621S	10	15326	0.000652	23269	23443
C23271T A23305G A23403G C23423T	S:A570V S:T581T S:D614G S:P621S	10	15326	0.000652	23269	23443
C23271T A23279G A23403G C23423T	S:A570V S:T573A S:D614G S:P621S	10	15326	0.000652	23269	23443
C23099-T T23164-A G23222A C23271T	NA NA S:E554K S:A570V	10	4736	0.002111	23089	23290
C22295A T22308C	S:H245N S:L249S	10	15715	0.000636	22265	22319
C22295A T22304-A C22353A	S:H245N NA S:A264D	10	3757	0.002662	22246	22414
C22295A G22299-A C22353A	S:H245N NA S:A264D	10	3757	0.002662	22276	22446
C22295A C22353A C22383-T	S:H245N S:A264D NA	10	3534	0.00283	22246	22442
C22295A C22353A A22407+T	S:H245N S:A264D NA	10	3292	0.003038	22246	22414
C22290-T C22295A	NA S:H245N	10	15804	0.000633	22278	22319
C22281+T C22295A	NA S:H245T	10	15661	0.000639	22246	22319
C22109G T22200A G22317T	S:Q183E S:V213E S:G252V	10	6245	0.001601	22100	22319
C22000-A T22032C C22033A A22034G	NA S:F157S S:F157S S:R158G	10	12952	0.000772	21993	22058
C21622T T21632-TACCCCCTG C21711T A21764-TACATG C21781-A	S:T20T S:DEL25/27 S:S50L S:DEL69/70 NA	10	8422	0.001187	21597	21802
C21618T C21622T G21624T T21632-TACCCCCTG C21711T A21764-TACATG	S:T19I S:T20T S:R21I S:DEL25/27 S:S50L S:DEL69/70	10	8441	0.001185	21598	21802
C21618T C21622T G21624C T21632-TACCCCCTG C21654-T A21764-TACATG	S:T19I S:T20T S:R21T S:DEL25/27 NA S:DEL69/70	10	8441	0.001185	21597	21792
A25531-T	NA	10	12785	0.000782	25374	25552
A25501G	ORF3a:I37V	10	14110	0.000709	25372	25517
A25497G	ORF3a:I35M	10	14268	0.000701	25376	25512
A25491G C25493-G	ORF3a:A33A NA	10	14442	0.000692	25372	25566
A25201G C25207T C25262-T	S:P1213P S:Y1215Y NA	10	28415	0.000352	25122	25325
A25188G	S:Y1209C	10	28009	0.000357	25142	25197
A25176G	S:K1205R	10	27546	0.000363	25123	25197
A25147G C25207T	S:E1195E S:Y1215Y	10	25805	0.000388	25122	25210
A25137+T C25207T	NA S:Y1215V	10	25410	0.000394	25123	25211
A25134G C25207T	S:K1191R S:Y1215Y	10	25276	0.000396	25122	25325
A24880G G24882A G24883A A24884G C25000T	S:Q1106Q S:R1107K S:R1107K S:N1108D S:D1146D	10	14879	0.000672	24850	25069
A24670G	S:Q1036Q	10	22714	0.00044	24612	24679
A24619G C24672-A	S:R1019R NA	10	22440	0.000446	24612	24679
A24556G	S:T998T	10	55062	0.000182	24530	24564
A24519G	S:K986R	10	55681	0.00018	24503	24564
A24485G	S:S975G	10	55561	0.00018	24466	24564
A24479-T C24672-A	NA NA	10	15958	0.000627	24473	24679
A24433+C	NA	10	38037	0.000263	24412	24443
A24424T T24541C	S:Q954H S:I993I	10	36694	0.000273	24412	24564
A24424T T24492-A	S:Q954H NA	10	37149	0.000269	24413	24564
A24424T T24491-TA	S:Q954H NA	10	37150	0.000269	24412	24544
A24424T T24482C	S:Q954H S:S974P	10	37193	0.000269	24412	24564
A24424T T24469A T24489G	S:Q954H S:N969K S:V976G	10	37150	0.000269	24412	24564
A24424T T24469A T24472-G T24489C	S:Q954H S:N969K NA S:V976A	10	37150	0.000269	24416	24564
A24424T T24469A G24547A	S:Q954H S:N969K S:R995R	10	36642	0.000273	24412	24552
A24424T G24488-T C24517-A	S:Q954H NA NA	10	36914	0.000271	24412	24564
A24424T C24503+T A24532G	S:Q954H NA S:E990W	10	36778	0.000272	24412	24564
A24424T C24431T T24469A	S:Q954H S:Q957* S:N969K	10	37294	0.000268	24412	24564
A24424T A24554C	S:Q954H S:T998P	10	36531	0.000274	24412	24564
A24424T A24543G	S:Q954H S:D994G	10	36681	0.000273	24412	24564
A24424T A24467G T24469A	S:Q954H S:N969E S:N969E	10	37294	0.000268	24412	24564
A24419G A24424T	S:N953D S:Q954H	10	40029	0.00025	24412	24564
A24253-T G24277T	NA S:R905S	10	7111	0.001406	24229	24314
A24092-T	NA	10	7128	0.001403	24033	24106
A23848G C23854A	S:Q762Q S:N764K	10	22635	0.000442	23697	23895
A23847G C23854A	S:Q762R S:N764K	10	22628	0.000442	23831	23895
A23829G C23854A	S:Y756C S:N764K	10	22187	0.000451	23823	23895
A23814G C23854A	S:N751S S:N764K	10	21959	0.000455	23772	23895
A23813G C23887-A	S:N751D NA	10	21032	0.000475	23683	23895
A23796+T	NA	10	23168	0.000432	23776	23807
A23786+T G23835+T C23887-A	NA NA NA	10	20705	0.000483	23683	23895
A23772G C23854A	S:D737G S:N764K	10	21513	0.000465	23686	23895
A23732G C23854A	S:T724A S:N764K	10	19332	0.000517	23683	23895
A23720+T	NA	10	47143	0.000212	23683	23724
A23717G C23854A	S:T719A S:N764K	10	19271	0.000519	23684	23895
A23712-T G23835-T C23887-A	NA NA NA	10	18385	0.000544	23698	23895
A23708G C23854A	S:T716A S:N764K	10	19234	0.00052	23683	23895
A23704-C	NA	10	47619	0.00021	23683	23724
A23704+C C23887-A	NA NA	10	18347	0.000545	23683	23895
A23515-G C23525T	NA S:H655Y	10	72259	0.000138	23488	23539
A23493T C23525T T23599G C23604G	S:Q644L S:H655Y S:N679K S:P681R	10	52184	0.000192	23487	23642
A23403G T23411C C23423T C23525T	S:D614G S:C617R S:P621S S:H655Y	10	17045	0.000587	23335	23538
A23403G C23423T T23487C C23525T	S:D614G S:P621S S:V642A S:H655Y	10	17045	0.000587	23353	23539
A23403G C23423T G23501A C23525T	S:D614G S:P621S S:A647T S:H655Y	10	17045	0.000587	23335	23539
A23403G C23423T C23525T T23537C	S:D614G S:P621S S:H655Y S:S659P	10	16665	0.0006	23335	23539
A23403G C23423T C23502T C23525T	S:D614G S:P621S S:A647V S:H655Y	10	17045	0.000587	23335	23539
A23403G C23423T A23524G C23525T	S:D614G S:P621S S:E654E S:H655Y	10	17045	0.000587	23335	23539
A23365G A23403G C23423T C23525T	S:G601G S:D614G S:P621S S:H655Y	10	16527	0.000605	23335	23539
A23354G A23403G C23423T C23525T	S:I598V S:D614G S:P621S S:H655Y	10	16413	0.000609	23335	23539
A23348G A23403G C23423T	S:S596G S:D614G S:P621S	10	34578	0.000289	23335	23443
A22556G C22572-T G22577C G22578A A22629C C22674T T22679C	S:I332V NA S:G339H S:G339H S:K356T S:S371F S:S373P	10	1158	0.008636	22494	22682
A22556G	S:I332V	10	1274	0.007849	22494	22564
A22193-ATT T22200G C22208T C22227-T A22245-T C22295A	S:DEL212 S:V213G S:L216F NA NA S:H245N	10	6972	0.001434	22112	22319
A22193-ATT T22200G C22208T A22265G C22295A	S:DEL212 S:V213G S:L216F S:I235V S:H245N	10	6972	0.001434	22114	22319
A22193-ATT C22208T	S:DEL212 S:L216F	10	7437	0.001345	22174	22313
A21875-T T21940-G G21987A T21990-TTA C22000-A C22033A A22034G	NA NA S:G142D S:DEL144 NA S:F157L S:R158G	10	8635	0.001158	21847	22058
