nt_mutations	aa_mutations	cluster_depth	total_depth	frequency	coverage_start	coverage_end
C23525T T23599G C23604G	S:H655Y S:N679K S:P681R	27224	54745	0.497287	23521	23605
C25207T	S:Y1215Y	13546	41161	0.329098	25203	25209
T23599G C23604G	S:N679K S:P681R	10531	75149	0.140135	23595	23607
A24424T T24469A	S:Q954H S:N969K	8291	37036	0.223863	24422	24476
C23854A	S:N764K	8275	23618	0.350368	23850	23864
A24424T	S:Q954H	6063	39180	0.154747	24421	24424
A23403G C23423T C23525T	S:D614G S:P621S S:H655Y	4185	12494	0.334961	23398	23529
C24990T C25000T	S:P1143L S:D1146D	2956	13526	0.218542	24984	25004
C23271T A23403G C23423T	S:A570V S:D614G S:P621S	2913	12935	0.225203	23269	23426
T24469A	S:N969K	2905	49114	0.059148	24465	24486
C22295A	S:H245N	2411	10614	0.227153	22293	22297
C24672-A	NA	2145	22694	0.094518	24639	24679
C25207T C25262-T	S:Y1215Y NA	1980	40437	0.048965	25183	25279
C24981-T C24990T C25000T	NA S:P1143L S:D1146D	1652	13511	0.122271	24927	25004
C23525T	S:H655Y	1476	70008	0.021083	23521	23528
A23403G C23423T	S:D614G S:P621S	1383	28242	0.04897	23399	23427
C23525T T23599G C23604G G23610A	S:H655Y S:N679K S:P681R S:R683Q	1346	54727	0.024595	23516	23622
C23271T C23334-T A23403G C23423T	S:A570V NA S:D614G S:P621S	1242	12935	0.096019	23269	23429
A24424T T24469A T24472-G	S:Q954H S:N969K NA	1225	36976	0.03313	24420	24552
T22032C C22033A A22034G	S:F157S S:F157S S:R158G	1216	9405	0.129293	22025	22043
T25542A	ORF3a:V50V	1181	6698	0.176321	25383	25551
C23525T C23604G	S:H655Y S:P681R	1130	54745	0.020641	23517	23607
T23599G	S:N679K	1038	75183	0.013806	23595	23602
C23525T T23599G C23604A	S:H655Y S:N679K S:P681H	959	54745	0.017518	23514	23613
T21609+CATGCCGCTGTT C21618T C21622T G21624C T21632-TACCCCCTG C21711T A21764-TACATG	S:INS17HAAV S:T19F S:T20F S:R21T S:DEL25/27 S:S50L S:DEL69/70	861	6074	0.141752	21598	21780
C23604G	S:P681R	829	75222	0.011021	23600	23607
C23525T T23599G C23604G C23635T	S:H655Y S:N679K S:P681R S:S691S	797	53849	0.014801	23500	23637
A22193-ATT T22200G C22208T C22295A	S:DEL212 S:V213G S:L216F S:H245N	777	5362	0.144909	22178	22305
T23599G C23604G G23611T	S:N679K S:P681R S:R683R	705	75112	0.009386	23590	23617
G23222A C23271T	S:E554K S:A570V	699	4389	0.159262	23212	23274
C22295A C22353A	S:H245N S:A264D	689	1623	0.424522	22291	22358
C23271T C23334-T C23423T	S:A570V NA S:P621S	678	12935	0.052416	23269	23426
C23423T C23525T	S:P621S S:H655Y	656	12699	0.051658	23416	23529
C24990T	S:P1143L	628	13582	0.046238	24975	24994
C23816-T	NA	593	26879	0.022062	23767	23827
C23525T T23599G	S:H655Y S:N679K	592	54757	0.010811	23515	23602
G21987A T21990-TTA T22032C C22033A A22034G	S:G142D S:DEL144 S:F157S S:F157S S:R158G	582	7081	0.082192	21975	22054
C25000T	S:D1146D	581	13990	0.04153	24996	25006
C23525T A23558-T T23599G C23604G	S:H655Y NA S:N679K S:P681R	577	54745	0.01054	23509	23621
C23887-A	NA	554	23286	0.023791	23854	23894
G23948T	S:D796Y	541	2645	0.204537	23944	23951
A23403G C23525T	S:D614G S:H655Y	534	12494	0.042741	23399	23529
C21618T C21622T G21624C T21632-TACCCCCTG C21711T A21764-TACATG	S:T19I S:T20T S:R21T S:DEL25/27 S:S50L S:DEL69/70	526	6074	0.086599	21597	21779
A23403G	S:D614G	519	28507	0.018206	23398	23407
C23271T A23403G	S:A570V S:D614G	487	13106	0.037159	23269	23409
C23525T T23599G C23604T	S:H655Y S:N679K S:P681L	474	54745	0.008658	23512	23624
C23423T	S:P621S	462	28615	0.016145	23419	23426
C23271T	S:A570V	462	18375	0.025143	23269	23274
C23271T C23277T A23403G C23423T	S:A570V S:T572I S:D614G S:P621S	452	12935	0.034944	23269	23429
A24424T T24469A C24536-A	S:Q954H S:N969K NA	448	36372	0.012317	24415	24554
C23816-T C23887-A	NA NA	436	21801	0.019999	23767	23895
C25262-T	NA	429	46499	0.009226	25252	25272
T24469A T24472-G	S:N969K NA	405	49052	0.008257	24465	24552
T21940-G G21987A T21990-TTA T22032C C22033A A22034G	NA S:G142D S:DEL144 S:F157S S:F157S S:R158G	394	5965	0.066052	21928	22043
G23501T C23525T T23599G C23604G	S:A647S S:H655Y S:N679K S:P681R	387	54321	0.007124	23493	23605
C25207T C25262-TT	S:Y1215Y NA	374	40437	0.009249	25148	25307
A24253-T	NA	367	5284	0.069455	24230	24262
A25194-AT G25197T C25207T C25262-T	NA S:W1212L S:Y1215Y NA	347	39504	0.008784	25170	25285
T22032C C22033A	S:F157S S:F157S	345	9405	0.036683	22022	22048
C21711T A21764-TACATG	S:S50L S:DEL69/70	343	7270	0.04718	21705	21800
C24536-A	NA	331	54457	0.006078	24524	24550
A25194-AT G25197T C25207T	NA S:W1212L S:Y1215Y	329	40228	0.008178	25181	25226
T25196-G C25207T	NA S:Y1215Y	318	40410	0.007869	25150	25212
T23599G C23604T	S:N679K S:P681L	315	75149	0.004192	23580	23633
G25198-C C25207T	NA S:Y1215Y	314	40527	0.007748	25191	25320
C23525T T23537C T23599G C23604G	S:H655Y S:S659P S:N679K S:P681R	311	54745	0.005681	23515	23624
C23271T C23423T	S:A570V S:P621S	303	12935	0.023425	23269	23426
C25207T G25249T	S:Y1215Y S:M1229I	302	40498	0.007457	25199	25307
T25196-G C25207T C25262-T	NA S:Y1215Y NA	301	39686	0.007585	25140	25291
C22120-A A22193-ATT T22200G C22208T C22295A	NA S:DEL212 S:V213G S:L216F S:H245N	301	4983	0.060405	22112	22310
G21941T G21987A T21990-TTA T22032C C22033A A22034G	S:V127F S:G142D S:DEL144 S:F157S S:F157S S:R158G	296	5967	0.049606	21925	22043
G23222A	S:E554K	289	4598	0.062853	23211	23224
T24492-A	NA	282	54665	0.005159	24486	24564
A24424T G24488-T	S:Q954H NA	282	36862	0.00765	24415	24504
T25191-A C25207T C25262-T	NA S:Y1215Y NA	276	39287	0.007025	25135	25287
A24424T T24469A C24536-AA	S:Q954H S:N969K NA	271	36372	0.007451	24415	24561
G24140-T	NA	268	3348	0.080048	24128	24154
C23271T C23277T C23334-T A23403G C23423T	S:A570V S:T572I NA S:D614G S:P621S	263	12935	0.020332	23269	23428
C23525T T23599G C23604G G23611T	S:H655Y S:N679K S:P681R S:R683R	260	54727	0.004751	23502	23624
T21609+CATGCCGCTGTT C21618T C21622T G21624C T21632-TACCCCCTG A21764-TACATG	S:INS17HAAV S:T19F S:T20F S:R21T S:DEL25/27 S:DEL69/70	257	6074	0.042311	21597	21802
T23599G C23604G C23683T	S:N679K S:P681R S:Y707Y	256	19124	0.013386	23593	23700
T21609+CATGCCGCTGTT C21618T C21622T G21624C T21632-TACCCCCTG C21711T A21764-TACATG C21781-A	S:INS17HAAV S:T19F S:T20F S:R21T S:DEL25/27 S:S50L S:DEL69/70 NA	256	6049	0.042321	21600	21802
G25555-T	NA	256	6622	0.038659	25382	25566
T24377-C A24424T	NA S:Q954H	254	1643	0.154595	24361	24424
C23525T C23575-G T23599G C23604G	S:H655Y NA S:N679K S:P681R	249	54745	0.004548	23488	23624
A24424T C24536-A	S:Q954H NA	249	36372	0.006846	24419	24554
A23403G C23423T G23486-T C23525T	S:D614G S:P621S NA S:H655Y	247	12494	0.019769	23382	23529
T23599G C23604G G23666-A	S:N679K S:P681R NA	243	19222	0.012642	23581	23678
T25542A G25555-T	ORF3a:V50V NA	242	6622	0.036545	25376	25566
C23525T T23599G C23604G G23608C	S:H655Y S:N679K S:P681R S:R682R	239	54734	0.004367	23501	23624
G24488-T	NA	238	54563	0.004362	24486	24499
A23515+G C23525T T23599G C23604G	NA S:H655S S:N679* S:P681C	233	54669	0.004262	23501	23621
T25191-A C25207T	NA S:Y1215Y	228	40010	0.005699	25140	25226
G23768-T	NA	228	27683	0.008236	23767	23778
T23511+A C23525T T23599G C23604G	NA S:H655S S:N679* S:P681C	226	54624	0.004137	23502	23621
C21618T C21622T G21624C T21632-TACCCCCTG C21711T A21764-TACATG C21781-A	S:T19I S:T20T S:R21T S:DEL25/27 S:S50L S:DEL69/70 NA	226	6049	0.037362	21597	21802
C23525T G23568-TA T23599G C23604G	S:H655Y NA S:N679K S:P681R	221	54745	0.004037	23496	23614
A23712+T	NA	204	46728	0.004366	23705	23723
C24672-A A24684-T	NA NA	203	6869	0.029553	24621	24696
A24424T T24471-TG	S:Q954H NA	198	36977	0.005355	24415	24552
A23786-T C23854A	NA S:N764K	194	22096	0.00878	23767	23881
C23854A C23887-A	S:N764K NA	186	22790	0.008161	23848	23894
T24471A	S:F970Y	180	52258	0.003444	24467	24554
T24267-G	NA	177	5316	0.033296	24258	24302
C23334-T A23403G C23423T	NA S:D614G S:P621S	175	14502	0.012067	23331	23433
T23599G C23604G G23666+A	S:N679K S:P681R NA	165	19222	0.008584	23582	23678
A24424T T24469A T24472-G C24536-A	S:Q954H S:N969K NA NA	165	36372	0.004536	24416	24559
A24110-T	NA	163	2916	0.055898	24103	24122
A24684-T	NA	160	7215	0.022176	24643	24705
A21764-TACATG	S:DEL69/70	157	7444	0.021091	21757	21780
T24469A C24672-A	S:N969K NA	155	10325	0.015012	24465	24679
C25207T G25218-T	S:Y1215Y NA	155	40596	0.003818	25199	25240
C23525T G23568T T23599G C23604G	S:H655Y S:G669V S:N679K S:P681R	155	54745	0.002831	23493	23624
C24536-AA	NA	152	54457	0.002791	24524	24550
C25416T	ORF3a:F8F	151	10296	0.014666	25383	25437
C25207T T25219C	S:Y1215Y S:G1219G	151	40596	0.00372	25130	25324
C25207T T25270C	S:Y1215Y S:C1236C	149	40342	0.003693	25199	25320
G23835-T C23854A	NA S:N764K	148	23015	0.006431	23821	23886
T25140-A C25207T	NA S:Y1215Y	147	36977	0.003975	25131	25264
G25302-T	NA	145	47544	0.00305	25295	25307
A24424T C24536-AA	S:Q954H NA	144	36372	0.003959	24417	24546
T24471-TG	NA	142	52258	0.002717	24465	24562
C24852-A C24990T C25000T	NA S:P1143L S:D1146D	142	12772	0.011118	24850	25001
C21618T C21622T G21624C T21632-TACCCCCTG A21764-TACATG	S:T19I S:T20T S:R21T S:DEL25/27 S:DEL69/70	141	6074	0.023214	21597	21802
A24922-T C24981-T C24990T C25000T	NA NA S:P1143L S:D1146D	140	13269	0.010551	24872	25004
A23786+T	NA	139	27307	0.00509	23767	23800
C25262-TT	NA	137	46499	0.002946	25252	25292
C23525T A23531G T23599G C23604G	S:H655Y S:N657D S:N679K S:P681R	136	54745	0.002484	23501	23624
C23816-T C23854A	NA S:N764K	135	22616	0.005969	23797	23890
T24469A C24536-A	S:N969K NA	134	48245	0.002777	24465	24560
C23525T A23550G T23599G C23604G	S:H655Y S:D663G S:N679K S:P681R	132	54745	0.002411	23487	23629
T23599G C23604G A23702C	S:N679K S:P681R S:I714L	130	18880	0.006886	23587	23724
A22193-ATT T22200G C22295A	S:DEL212 S:V213G S:H245N	129	5362	0.024058	22176	22319
C23271T T23337-TG C23423T	S:A570V NA S:P621S	128	12935	0.009896	23269	23426
C25378T	S:Y1272Y	126	10317	0.012213	25372	25406
C24517-A	NA	125	54659	0.002287	24496	24528
G25249T	S:M1229I	123	43526	0.002826	25235	25323
C21711T A21764-TACATG C21781-A	S:S50L S:DEL69/70 NA	122	7243	0.016844	21705	21802
G21987A T21990-TTA T22032C C22033A	S:G142D S:DEL144 S:F157S S:F157S	121	7081	0.017088	21975	22049
T24634C	S:L1024L	120	22951	0.005229	24612	24676
C23525T T23548C T23599G C23604G	S:H655Y S:C662C S:N679K S:P681R	120	54745	0.002192	23493	23637
C23271T C23334-T	S:A570V NA	119	13687	0.008694	23269	23346
C21618T C21622T G21624C T21632-TACCCCCTG	S:T19I S:T20T S:R21T S:DEL25/27	118	6734	0.017523	21597	21659
T21990-TTA T22032C C22033A A22034G	S:DEL144 S:F157S S:F157S S:R158G	117	7081	0.016523	21975	22054
T23599G C23604G A23712-T	S:N679K S:P681R NA	115	18675	0.006158	23581	23724
T24472-G	NA	114	52331	0.002178	24465	24491
C23525T T23599G C23604G C23630+A	S:H655Y S:N679K S:P681R NA	114	54104	0.002107	23487	23633
C24378T A24424T	S:S939F S:Q954H	113	1643	0.068777	24372	24424
G25198-C	NA	112	40822	0.002744	25190	25323
C23334-T C23423T	NA S:P621S	111	14502	0.007654	23285	23431
C25294-A	NA	110	47303	0.002325	25284	25324
C23271T C23277T C23334-T C23423T	S:A570V S:T572I NA S:P621S	109	12935	0.008427	23269	23429
T24470-TTG	S:DEL971	108	49885	0.002165	24465	24546
C23525T T23599G C23604G T23617C	S:H655Y S:N679K S:P681R S:R685R	108	54705	0.001974	23499	23624
T23509C C23525T T23599G C23604G	S:C649C S:H655Y S:N679K S:P681R	107	54604	0.00196	23487	23624
C25207T G25218-T C25262-T	S:Y1215Y NA NA	107	40437	0.002646	25130	25320
A22556G G22577C G22578A A22629C C22674T T22679C	S:I332V S:G339H S:G339H S:K356T S:S371F S:S373P	107	496	0.215726	22494	22682
C24672-A A24803-T	NA NA	106	5611	0.018891	24628	24806
C23525T A23598G T23599G C23604G	S:H655Y S:N679R S:N679R S:P681R	103	54745	0.001881	23501	23637
C24517-A C24672-A	NA NA	102	15294	0.006669	24480	24679
G24557A	S:G999S	101	54083	0.001867	24500	24564
C23525T T23599G C23604G T23637-C	S:H655Y S:N679K S:P681R NA	100	53609	0.001865	23492	23642
A24885+T C24981-T C24990T C25000T	NA NA S:P1143I S:D1146S	100	13100	0.007634	24850	25010
A25158-T C25207T	NA S:Y1215Y	99	38147	0.002595	25141	25264
C23854A G23948T	S:N764K S:D796Y	98	1344	0.072917	23842	23978
C23525T A23566G T23599G C23604G	S:H655Y S:A668A S:N679K S:P681R	98	54745	0.00179	23492	23630
C21978A G21987A T21990-TTA T22032C C22033A A22034G	S:P139Q S:G142D S:DEL144 S:F157S S:F157S S:R158G	97	7075	0.01371	21960	22058
A24424T A24468-T	S:Q954H NA	97	37042	0.002619	24417	24509
T24469A C24536-AA	S:N969K NA	96	48245	0.00199	24465	24552
C24981-T C24990T	NA S:P1143L	96	13567	0.007076	24850	24995
A24424T T24472-G	S:Q954H NA	96	36976	0.002596	24420	24552
C23271T T23337-TG A23403G C23423T	S:A570V NA S:D614G S:P621S	95	12935	0.007344	23269	23427
C23525T T23529C T23599G C23604G	S:H655Y S:V656A S:N679K S:P681R	94	54745	0.001717	23512	23624
A25194-AT G25197T C25207T C25262-TT	NA S:W1212L S:Y1215Y NA	94	39504	0.00238	25127	25277
A23853-C	NA	94	23639	0.003976	23845	23869
C24422-A	NA	92	39200	0.002347	24416	24424
C24119-A	NA	92	3090	0.029773	24111	24150
C23525T T23590C T23599G C23604G	S:H655Y S:T676T S:N679K S:P681R	91	54745	0.001662	23505	23637
A24424T T24469A T24472-G C24536-AA	S:Q954H S:N969K NA NA	91	36372	0.002502	24415	24550
G24971+T C24981-T C24990T C25000T	NA NA S:P1143I S:D1146S	90	13468	0.006683	24850	25012
T23703-A	NA	89	46990	0.001894	23687	23711
T21609+CATGCCGCTGTT C21618T C21622T G21624C T21632-TACCCCCTG	S:INS17HAAV S:T19F S:T20F S:R21T S:DEL25/27	89	6734	0.013217	21597	21653
G23364T A23403G C23423T C23525T	S:G601V S:D614G S:P621S S:H655Y	89	12168	0.007314	23339	23532
G22104-A C22120-A A22193-ATT T22200G C22208T C22295A	NA NA S:DEL212 S:V213G S:L216F S:H245N	88	4845	0.018163	22100	22308
C25207T G25314T	S:Y1215Y S:G1251V	88	40126	0.002193	25128	25316
C23525T T23599G C23604G C23630T	S:H655Y S:N679K S:P681R S:Q690*	87	54104	0.001608	23493	23634
G24690+T	NA	86	7202	0.011941	24626	24698
C25207T A25274G	S:Y1215Y S:T1238A	86	40330	0.002132	25196	25325
C22208T C22295A	S:L216F S:H245N	86	5642	0.015243	22204	22313
A24420-C A24424T T24469A	NA S:Q954H S:N969K	86	37003	0.002324	24412	24564
C24981-T C25000T	NA S:D1146D	85	13511	0.006291	24867	25006
T22942A	S:N460K	84	629	0.133545	22938	22966
C23525T T23599G T23600C C23604G	S:H655Y S:N679K S:S680P S:P681R	84	54745	0.001534	23501	23635
C23271T C23334-T A23400+G C23423T	S:A570V NA NA S:P621S	84	12935	0.006494	23269	23426
C25207T G25302T	S:Y1215Y S:C1247F	83	40214	0.002064	25201	25323
C23525T A23592C T23599G C23604G	S:H655Y S:Q677P S:N679K S:P681R	82	54745	0.001498	23501	23634
A21764-TACATG C21781-A	S:DEL69/70 NA	82	7417	0.011056	21747	21802
T25191-A C25207T C25262-TT	NA S:Y1215Y NA	81	39287	0.002062	25130	25307
C23525T C23533-A T23599G C23604G	S:H655Y NA S:N679K S:P681R	81	54745	0.00148	23487	23622
C23277T A23403G C23423T	S:T572I S:D614G S:P621S	79	13957	0.00566	23273	23429
G24521+T	NA	78	54631	0.001428	24476	24535
C22120-A A22193-ATT T22200G C22208T G22218-T C22295A	NA S:DEL212 S:V213G S:L216F NA S:H245N	78	4983	0.015653	22112	22310
T21940-G G21987A T21990-TTA C22000-A T22032C C22033A A22034G	NA S:G142D S:DEL144 NA S:F157S S:F157S S:R158G	77	5965	0.012909	21867	22058
C25207T T25293C	S:Y1215Y S:L1244P	77	40262	0.001912	25201	25320
A24424T G24488+T	S:Q954H NA	77	36862	0.002089	24416	24526
T22200G C22208T C22295A	S:V213G S:L216F S:H245N	76	5409	0.014051	22196	22319
A24424T G24521+T	S:Q954H NA	76	36532	0.00208	24414	24532
C24422-A T24469A	NA S:N969K	75	37027	0.002026	24413	24559
C23525T T23599G C23604G T23629C	S:H655Y S:N679K S:P681R S:S689S	75	54106	0.001386	23500	23633
T23489C C23525T T23599G C23604G	S:F643L S:H655Y S:N679K S:P681R	74	53833	0.001375	23486	23614
T22200G C22295A	S:V213G S:H245N	74	5409	0.013681	22196	22319
T21609+CATGCCGCTGTT C21618T C21622T G21624C T21632-TACCCCCTG A21764-TACATG C21781-A	S:INS17HAAV S:T19F S:T20F S:R21T S:DEL25/27 S:DEL69/70 NA	74	6049	0.012233	21597	21802
C23334-T	NA	74	15406	0.004803	23285	23346
C22353A	S:A264D	73	1679	0.043478	22343	22374
T23599G C23604G G23610A	S:N679K S:P681R S:R683Q	72	75115	0.000959	23588	23624
G25287-T	NA	72	47174	0.001526	25279	25323
C23525T T23599G C23604G A23636G	S:H655Y S:N679K S:P681R S:I692V	72	53682	0.001341	23505	23642
T23599G C23604G A23712+T	S:N679K S:P681R NA	71	18675	0.003802	23580	23717
T23599G C23604G A23665G	S:N679K S:P681R S:A701A	71	19224	0.003693	23580	23700
C23816-T G23835-T C23887-A	NA NA NA	71	21801	0.003257	23767	23895
C23525T A23552G T23599G C23604G	S:H655Y S:I664V S:N679K S:P681R	71	54745	0.001297	23516	23624
A24424T C24435-T	S:Q954H NA	71	37434	0.001897	24416	24463
A22294-C	NA	71	10617	0.006687	22286	22319
T23599G C23604G C23635T	S:N679K S:P681R S:S691S	70	74076	0.000945	23593	23637
C25207T C25294-A	S:Y1215Y NA	70	40248	0.001739	25201	25325
C23854A G23868-A	S:N764K NA	70	23318	0.003002	23840	23891
C23709+A	NA	70	46824	0.001495	23699	23719
C23525T T23599G T23602C C23604G	S:H655Y S:N679K S:S680S S:P681R	70	54745	0.001279	23487	23639
C23525T A23594G T23599G C23604G	S:H655Y S:T678A S:N679K S:P681R	70	54745	0.001279	23487	23640
G24488-T C24672-A	NA NA	69	15086	0.004574	24470	24679
A24424T T24469A G24488-T	S:Q954H S:N969K NA	69	36862	0.001872	24413	24539
T23599G C23604G C23609-G	S:N679K S:P681R NA	68	75124	0.000905	23587	23621
T21976-C G21987A T21990-TTA T22032C C22033A A22034G	NA S:G142D S:DEL144 S:F157S S:F157S S:R158G	68	7072	0.009615	21966	22058
C25566T	ORF3a:S58S	68	6542	0.010394	25379	25566
C23525T T23599G C23604G C23613T	S:H655Y S:N679K S:P681R S:A684V	68	54724	0.001243	23487	23642
C23271T T23337-TG	S:A570V NA	68	13670	0.004974	23269	23351
T23637-C	NA	67	75024	0.000893	23629	23642
C23525T A23544G T23599G C23604G	S:H655Y S:E661G S:N679K S:P681R	67	54745	0.001224	23487	23624
A24424T T24436C T24469A	S:Q954H S:A958A S:N969K	67	37036	0.001809	24412	24519
A22193-ATT T22200G C22208T G22218-T C22295A	S:DEL212 S:V213G S:L216F NA S:H245N	67	5362	0.012495	22180	22304
T24643-A	NA	66	22909	0.002881	24626	24658
C23525T A23588G T23599G C23604G	S:H655Y S:T676A S:N679K S:P681R	66	54745	0.001206	23515	23633
C23271T C23277T A23403G	S:A570V S:T572I S:D614G	66	13106	0.005036	23269	23409
C21618T C21622T G21624C T21632-TACCCCCTG A21764-TACATG C21781-A	S:T19I S:T20T S:R21T S:DEL25/27 S:DEL69/70 NA	66	6049	0.010911	21597	21802
A24324-AT	NA	66	5186	0.012727	24233	24335
C23525T T23599G C23604G T23620C	S:H655Y S:N679K S:P681R S:S686S	65	54697	0.001188	23501	23624
C23525T T23563C T23599G C23604G	S:H655Y S:G667G S:N679K S:P681R	65	54745	0.001187	23505	23641
T25140-A	NA	64	38623	0.001657	25130	25157
T23500C C23525T T23599G C23604G	S:R646R S:H655Y S:N679K S:P681R	64	54299	0.001179	23492	23626
C24119-A G24140-T	NA NA	64	2993	0.021383	24091	24152
C24026-T	NA	64	3680	0.017391	24021	24048
C23525T T23546C T23599G C23604G	S:H655Y S:C662R S:N679K S:P681R	64	54745	0.001169	23488	23624
A24420-C A24424T	NA S:Q954H	64	39145	0.001635	24412	24471
A24110-T C24119-A	NA NA	64	2864	0.022346	24068	24137
A23513G C23525T T23599G C23604G	S:I651V S:H655Y S:N679K S:P681R	64	54644	0.001171	23487	23633
T24469A T24492-A	S:N969K NA	63	48889	0.001289	24465	24512
G23735+A	NA	63	26115	0.002412	23689	23746
G21941T G21987A T21990-TTA	S:V127F S:G142D S:DEL144	63	6440	0.009783	21905	22004
C23758+A	NA	63	25789	0.002443	23683	23769
C23525T A23539G T23599G C23604G	S:H655Y S:S659S S:N679K S:P681R	63	54745	0.001151	23503	23624
C25207T G25287-T	S:Y1215Y NA	62	40288	0.001539	25194	25320
T24267-G T24377-C A24424T	NA NA S:Q954H	61	1264	0.048259	24259	24424
T21940-G C21978A G21987A T21990-TTA T22032C C22033A A22034G	NA S:P139Q S:G142D S:DEL144 S:F157S S:F157S S:R158G	61	5965	0.010226	21898	22058
C23502T C23525T T23599G C23604G	S:A647V S:H655Y S:N679K S:P681R	61	54455	0.00112	23487	23624
T25382+A	NA	60	10548	0.005688	25375	25394
T23599G C23604G A23704+C	S:N679K S:P681R NA	60	18852	0.003183	23580	23714
G24971+T C24990T C25000T	NA S:P1143I S:D1146S	60	13468	0.004455	24939	25065
G21941T G21987A	S:V127F S:G142D	60	6455	0.009295	21848	21992
C23816-T G23835-T	NA NA	60	23323	0.002573	23767	23848
A24803-T	NA	60	8318	0.007213	24778	24806
A24424T T24438+A	S:Q954H NA	60	37402	0.001604	24413	24460
T25270C	S:C1236C	59	46779	0.001261	25263	25325
C24466+A	NA	59	48775	0.00121	24465	24475
C23525T A23592G T23599G C23604G	S:H655Y S:Q677R S:N679K S:P681R	59	54745	0.001078	23493	23624
A23786+T C23887-A	NA NA	59	21289	0.002771	23767	23895
G23508+T C23525T T23599G C23604G	NA S:H655S S:N679* S:P681C	58	54584	0.001063	23487	23624
G21941T G21987A T21990-TTA C22000-A T22032C C22033A A22034G	S:V127F S:G142D S:DEL144 NA S:F157S S:F157S S:R158G	58	5967	0.00972	21920	22058
A23503G C23525T T23599G C23604G	S:A647A S:H655Y S:N679K S:P681R	58	54471	0.001065	23487	23624
T23507C C23525T T23599G C23604G	S:C649R S:H655Y S:N679K S:P681R	57	54570	0.001045	23501	23624
G25127-T C25207T	NA S:Y1215Y	57	34879	0.001634	25122	25320
C23854A A23880G	S:N764K S:E773G	57	23075	0.00247	23827	23895
C23525T T23584C T23599G C23604G	S:H655Y S:Y674Y S:N679K S:P681R	57	54745	0.001041	23487	23624
C23525T T23540C T23599G C23604G	S:H655Y S:Y660H S:N679K S:P681R	57	54745	0.001041	23505	23624
C23525T T23527C T23599G C23604G	S:H655Y S:H655Y S:N679K S:P681R	57	54745	0.001041	23505	23637
A23786+T C23816-T C23887-A	NA NA NA	57	21289	0.002677	23693	23895
A22193-ATT T22200G C22208T	S:DEL212 S:V213G S:L216F	57	5705	0.009991	22119	22217
T23689+A	NA	56	46877	0.001195	23683	23701
T23143-A G23222A C23271T	NA S:E554K S:A570V	56	4204	0.013321	23094	23290
T21940-G G21987A T21990-TTA T22032C C22033A	NA S:G142D S:DEL144 S:F157S S:F157S	56	5965	0.009388	21918	22054
C25207T T25251C	S:Y1215Y S:V1230A	56	40489	0.001383	25144	25264
C23525T T23542C T23599G C23604G	S:H655Y S:Y660Y S:N679K S:P681R	56	54745	0.001023	23490	23642
A24424T T24469A G24488+T	S:Q954H S:N969K NA	56	36862	0.001519	24412	24564
T23599G C23604G T23680A	S:N679K S:P681R S:A706A	55	19137	0.002874	23581	23719
T23143-A T23164-A G23222A C23230-A C23271T	NA NA S:E554K NA S:A570V	55	4204	0.013083	23120	23285
C25207T T25322C	S:Y1215Y S:C1254R	55	39851	0.00138	25130	25325
A25137-T	NA	55	38476	0.001429	25130	25147
A24424T T24469A G24547T	S:Q954H S:N969K S:R995S	55	36228	0.001518	24417	24564
C23525T T23599G C23604G T23626C	S:H655Y S:N679K S:P681R S:A688A	54	54173	0.000997	23487	23634
C23525T A23586G T23599G C23604G	S:H655Y S:Q675R S:N679K S:P681R	54	54745	0.000986	23505	23624
C23334-T A23403G	NA S:D614G	54	14700	0.003673	23292	23426
A24110-T G24140-T	NA NA	54	2767	0.019516	24075	24180
A23403G C23423T T23482-A C23525T	S:D614G S:P621S NA S:H655Y	54	12494	0.004322	23388	23532
T25159C C25207T	S:D1199D S:Y1215Y	53	38168	0.001389	25135	25273
T23599G C23604G T23641-G	S:N679K S:P681R NA	53	72844	0.000728	23580	23669
T21940-G T21990-TTA T22032C C22033A A22034G	NA S:DEL144 S:F157S S:F157S S:R158G	53	5965	0.008885	21852	22058
C25207T A25253G	S:Y1215Y S:T1231A	53	40480	0.001309	25194	25320
C25151+A C25207T	NA S:Y1215V	53	37686	0.001406	25144	25325
C24503-T	NA	53	54661	0.00097	24497	24515
T25191-A C25207T G25218-T C25262-T	NA S:Y1215Y NA NA	52	39287	0.001324	25130	25324
G22317T	S:G252V	52	10574	0.004918	22261	22319
C25207T T25222C	S:Y1215Y S:F1220F	52	40594	0.001281	25199	25325
C23525T T23599G C23604G A23631G	S:H655Y S:N679K S:P681R S:Q690R	52	54027	0.000962	23487	23637
A24424T A24443G T24469A	S:Q954H S:T961A S:N969K	52	37036	0.001404	24412	24564
A23354+T	NA	52	29589	0.001757	23344	23362
T24492+A	NA	51	54665	0.000933	24476	24511
T23143-A	NA	51	5019	0.010161	23111	23158
G25455T	ORF3a:K21N	51	9859	0.005173	25372	25481
C25418A	ORF3a:T9K	51	10272	0.004965	25372	25431
C23525T T23599G C23604G T23622C	S:H655Y S:N679K S:P681R S:V687A	51	54693	0.000932	23487	23637
C23525T A23554G T23599G C23604G	S:H655Y S:I664M S:N679K S:P681R	51	54745	0.000932	23503	23624
C23525T A23532G T23599G C23604G	S:H655Y S:N657S S:N679K S:P681R	51	54745	0.000932	23492	23624
A23558-T T23599G C23604G	NA S:N679K S:P681R	51	55173	0.000924	23538	23639
T25152C C25207T	S:L1197P S:Y1215Y	50	37938	0.001318	25135	25325
G23768-T C23816-T	NA NA	50	26217	0.001907	23699	23827
C23816-T T23850+A C23887-A	NA NA NA	50	21801	0.002293	23695	23895
C23816-T C23854A C23887-A	NA S:N764K NA	50	21801	0.002293	23785	23895
C23525T T23582C T23599G C23604G	S:H655Y S:Y674H S:N679K S:P681R	50	54745	0.000913	23507	23634
A23497G C23525T T23599G C23604G	S:T645T S:H655Y S:N679K S:P681R	50	54211	0.000922	23492	23637
T21940-G A21979-T G21987A T21990-TTA T22032C C22033A A22034G	NA NA S:G142D S:DEL144 S:F157S S:F157S S:R158G	49	5965	0.008215	21913	22058
C25207T T25209C	S:Y1215Y S:I1216T	49	41110	0.001192	25191	25307
C23525T T23599G C23604G T23637C	S:H655Y S:N679K S:P681R S:I692T	49	53609	0.000914	23503	23642
A23515-G C23525T T23599G C23604G	NA S:H655Y S:N679K S:P681R	49	54669	0.000896	23493	23624
T24469A T24472-G C24536-A	S:N969K NA NA	48	48245	0.000995	24465	24564
T23487G C23525T T23599G C23604G	Unknown S:H655Y S:N679K S:P681R	48	31499	0.001524	23486	23624
T23143-A T23164-A G23222A C23271T	NA NA S:E554K S:A570V	48	4204	0.011418	23101	23290
G25299-C	NA	48	47470	0.001011	25292	25324
G23383A A23403G C23423T C23525T	S:Q607Q S:D614G S:P621S S:H655Y	48	12330	0.003893	23351	23532
C24899-A C24981-T C24990T C25000T	NA NA S:P1143L S:D1146D	48	13178	0.003642	24864	25066
C23525T T23599G C23604G C23609T	S:H655Y S:N679K S:P681R S:R683W	48	54732	0.000877	23505	23634
C23525T T23578C T23599G C23604G	S:H655Y S:A672A S:N679K S:P681R	48	54745	0.000877	23501	23624
C23525T A23598T T23599G C23604G	S:H655Y S:N679M S:N679M S:P681R	48	54745	0.000877	23487	23637
A24922-T C24990T C25000T	NA S:P1143L S:D1146D	48	13269	0.003617	24858	25023
A24424T A24539+T	S:Q954H NA	48	36343	0.001321	24418	24546
A24423+T	NA	48	39194	0.001225	24415	24435
A23378G A23403G C23423T C23525T	S:N606D S:D614G S:P621S S:H655Y	48	12298	0.003903	23335	23532
C23525T A23535G T23599G C23604G	S:H655Y S:N658S S:N679K S:P681R	47	54745	0.000859	23487	23624
A24493T	S:L977F	47	54647	0.00086	24489	24564
T24643-A C24672-A	NA NA	46	22577	0.002037	24612	24679
T24377-C	NA	46	1749	0.026301	24369	24402
T23491C C23525T T23599G C23604G	S:F643F S:H655Y S:N679K S:P681R	46	53867	0.000854	23487	23624
G23835-T C23887-A	NA NA	46	22194	0.002073	23767	23895
C24672-A G24693-A	NA NA	46	6313	0.007287	24612	24704
C23525T T23599G C23604G G23607A	S:H655Y S:N679K S:P681R S:R682Q	46	54735	0.00084	23487	23642
A23786+T C23816-T	NA NA	46	26357	0.001745	23684	23827
A23712+T C23816-T	NA NA	46	23914	0.001924	23699	23827
A23494G C23525T T23599G C23604G	S:Q644Q S:H655Y S:N679K S:P681R	46	54173	0.000849	23488	23637
A23403G A23419G C23423T C23525T	S:D614G S:E619E S:P621S S:H655Y	46	12494	0.003682	23354	23533
T24505C	S:L981L	45	54694	0.000823	24497	24538
T23850+A C23887-A	NA NA	45	22701	0.001982	23767	23894
G25218-T	NA	45	42586	0.001057	25209	25323
G24570-T	NA	45	16098	0.002795	24538	24614
G24488+T	NA	45	54563	0.000825	24476	24499
G21987A	S:G142D	45	7574	0.005941	21956	21992
C25207T T25283C	S:Y1215Y S:C1241R	45	40306	0.001116	25177	25310
C25207T T25272C	S:Y1215Y S:M1237T	45	40332	0.001116	25195	25325
C25207T G25302-T	S:Y1215Y NA	45	40214	0.001119	25202	25324
C24536-A C24672-A	NA NA	45	15335	0.002934	24476	24679
C24150+T	NA	45	6321	0.007119	24148	24191
C23525T T23599G C23604G A23632G	S:H655Y S:N679K S:P681R S:Q690Q	45	54000	0.000833	23487	23637
C23525T T23599G C23604G A23614G	S:H655Y S:N679K S:P681R S:A684A	45	54722	0.000822	23487	23637
C23525T T23573C T23599G C23604G	S:H655Y S:C671R S:N679K S:P681R	45	54745	0.000822	23487	23633
C23525T G23593A T23599G C23604G	S:H655Y S:Q677Q S:N679K S:P681R	45	54745	0.000822	23501	23637
C21781-A	NA	45	7619	0.005906	21774	21801
A24539+T	NA	45	54453	0.000826	24476	24564
A24424T T24471-TG C24536-A	S:Q954H NA NA	45	36372	0.001237	24416	24564
A24424T C24517-A	S:Q954H NA	45	36599	0.00123	24412	24538
A23379G A23403G C23423T C23525T	S:N606S S:D614G S:P621S S:H655Y	45	12302	0.003658	23339	23535
A22193-ATT C22208T C22295A	S:DEL212 S:L216F S:H245N	45	5362	0.008392	22176	22319
T25196-G C25207T C25262-TT	NA S:Y1215Y NA	44	39686	0.001109	25122	25323
T25150C C25207T	S:S1196S S:Y1215Y	44	37660	0.001168	25145	25325
T24469A G24473A	S:N969K S:G971S	44	49049	0.000897	24465	24564
G21987A T22032C C22033A A22034G	S:G142D S:F157S S:F157S S:R158G	44	7081	0.006214	21980	22058
G21941T T21990-TTA T22032C C22033A A22034G	S:V127F S:DEL144 S:F157S S:F157S S:R158G	44	5967	0.007374	21937	22058
C25207T T25310C	S:Y1215Y S:C1250R	44	40146	0.001096	25186	25323
C25207T T25265C	S:Y1215Y S:C1235R	44	40395	0.001089	25203	25325
C24852-A	NA	44	15220	0.002891	24850	24880
C23525T T23569C T23599G C23604G	S:H655Y S:G669G S:N679K S:P681R	44	54745	0.000804	23512	23626
C23525T C23556T T23599G C23604G	S:H655Y S:P665L S:N679K S:P681R	44	54745	0.000804	23487	23624
A24424T T24469A C24536+A	S:Q954H S:N969K NA	44	36372	0.00121	24412	24564
A24424T T24448C	S:Q954H S:L962L	44	37299	0.00118	24416	24492
A23767G C23854A	S:S735S S:N764K	44	20049	0.002195	23729	23873
A23493G C23525T T23599G C23604G	S:Q644R S:H655Y S:N679K S:P681R	44	54044	0.000814	23487	23637
A22193-ATT T22200G C22208T C22227-T C22295A	S:DEL212 S:V213G S:L216F NA S:H245N	44	5362	0.008206	22110	22310
T23521C C23525T T23599G C23604G	S:A653A S:H655Y S:N679K S:P681R	43	54738	0.000786	23487	23624
T23487C C23525T T23599G C23604G	Unknown S:H655Y S:N679K S:P681R	43	31499	0.001365	23486	23642
G23505A C23525T T23599G C23604G	S:G648D S:H655Y S:N679K S:P681R	43	54494	0.000789	23493	23641
G23384-T A23403G C23423T C23525T	NA S:D614G S:P621S S:H655Y	43	12335	0.003486	23335	23539
G21987A T21990-TTA	S:G142D S:DEL144	43	7559	0.005689	21975	22007
C25207T T25304C	S:Y1215Y S:C1248R	43	40204	0.00107	25199	25320
C24503-T C24672-A	NA NA	43	15248	0.00282	24476	24679
C23525T T23599G C23604G C23625T	S:H655Y S:N679K S:P681R S:A688V	43	54652	0.000787	23487	23637
C23525T A23558G T23599G C23604G	S:H655Y S:I666V S:N679K S:P681R	43	54745	0.000785	23490	23629
A25168G C25207T	S:E1202E S:Y1215Y	43	38515	0.001116	25130	25320
A24424T T24436C	S:Q954H S:A958A	43	37423	0.001149	24412	24554
A21875-T T21940-G G21987A T21990-TTA T22032C C22033A A22034G	NA NA S:G142D S:DEL144 S:F157S S:F157S S:R158G	43	5733	0.0075	21867	22050
T24438+A	NA	42	37916	0.001108	24413	24451
T23599G C23604A	S:N679K S:P681H	42	75149	0.000559	23580	23637
C23525T T23560C T23599G C23604G	S:H655Y S:I666I S:N679K S:P681R	42	54745	0.000767	23487	23624
C21711T	S:S50L	42	7451	0.005637	21706	21756
C21618T C21622T G21624C T21632-TACCCCCTG C21711T	S:T19I S:T20T S:R21T S:DEL25/27 S:S50L	42	6242	0.006729	21597	21802
A24424T A24560G	S:Q954H S:R1000G	42	35910	0.00117	24412	24564
A23524G C23525T T23599G C23604G	S:E654E S:H655Y S:N679K S:P681R	42	54745	0.000767	23501	23634
A22556G G22577C G22578A A22629C T22679C	S:I332V S:G339H S:G339H S:K356T S:S373P	42	496	0.084677	22538	22682
T24376-TC A24424T	NA S:Q954H	41	1643	0.024954	24359	24424
C25207T T25307C	S:Y1215Y S:S1249P	41	40193	0.00102	25182	25325
C25207T T25306C	S:Y1215Y S:C1248C	41	40194	0.00102	25130	25324
C25207T T25268C	S:Y1215Y S:C1236R	41	40342	0.001016	25200	25316
C25207T T25260C	S:Y1215Y S:M1233T	41	40447	0.001014	25129	25325
C23525T T23599G C23604G A23639-T	S:H655Y S:N679K S:P681R NA	41	52947	0.000774	23487	23642
C23525T A23541G T23599G C23604G	S:H655Y S:Y660C S:N679K S:P681R	41	54745	0.000749	23487	23624
C23525T A23534G T23599G C23604G	S:H655Y S:N658D S:N679K S:P681R	41	54745	0.000749	23487	23625
A24424T T24469A A24551G	S:Q954H S:N969K S:I997V	41	36181	0.001133	24412	24564
T25196-G	NA	40	40767	0.000981	25176	25206
G23835+T	NA	40	23722	0.001686	23792	23849
C25207T T25263C	S:Y1215Y S:L1234P	40	40414	0.00099	25192	25325
C25207T G25249T C25262-T	S:Y1215Y S:M1229I NA	40	40437	0.000989	25135	25314
C25207T A25208-T	S:Y1215Y NA	40	41110	0.000973	25181	25252
C24034T	S:N824N	40	3715	0.010767	24028	24060
C23887-A G23948T	NA S:D796Y	40	1517	0.026368	23767	23953
C23525T T23599G C23604G A23627G	S:H655Y S:N679K S:P681R S:S689G	40	54136	0.000739	23487	23642
A25146G C25207T	S:E1195G S:Y1215Y	40	37495	0.001067	25130	25225
A25125G C25207T	S:E1188G S:Y1215Y	40	34739	0.001151	25122	25324
A24424T C24466+A	S:Q954H NA	40	37066	0.001079	24416	24479
A23515+G T23599G C23604G	NA S:N679* S:P681C	40	54669	0.000732	23487	23641
A23495G C23525T T23599G C23604G	S:T645A S:H655Y S:N679K S:P681R	40	54179	0.000738	23487	23624
A22110+G A22193-ATT T22200G C22208T C22295A	NA S:DEL212 S:V213S S:L216S S:H245T	40	4907	0.008152	22103	22319
A21875-T T21940-G A21979-T G21987A T21990-TTA C22000-A C22009-A T22032C C22033A A22034G	NA NA NA S:G142D S:DEL144 NA NA S:F157S S:F157S S:R158G	40	5733	0.006977	21847	22058
T24469A T24634C	S:N969K S:L1024L	39	10440	0.003736	24465	24679
T23599G C23604G G23675+T	S:N679K S:P681R NA	39	19169	0.002035	23587	23700
G21941T G21987A T21990-TTA T22032C C22033A	S:V127F S:G142D S:DEL144 S:F157S S:F157S	39	5967	0.006536	21935	22043
C25207T T25232C	S:Y1215Y S:L1224L	39	40561	0.000962	25199	25325
C25207T T25210C	S:Y1215Y S:I1216I	39	41109	0.000949	25194	25264
C25207T G25278-T	S:Y1215Y NA	39	40322	0.000967	25177	25305
C24672-A A24684-T G24693-A	NA NA NA	39	6313	0.006178	24612	24714
C24672-A A24684-T A24803-T	NA NA NA	39	5611	0.006951	24612	24806
C23525T C23557-A T23599G C23604G	S:H655Y NA S:N679K S:P681R	39	54745	0.000712	23487	23637
A25472-T	NA	39	9692	0.004024	25381	25477
A24468-T	NA	39	49119	0.000794	24465	24502
A24424T T24469A A24560G	S:Q954H S:N969K S:R1000G	39	35910	0.001086	24412	24564
A24424T T24438A	S:Q954H S:L959*	39	37402	0.001043	24413	24564
A23806G C23854A	S:E748E S:N764K	39	22494	0.001734	23696	23895
G25298A	S:G1246S	38	47447	0.000801	25276	25325
G23519A C23525T T23599G C23604G	S:A653T S:H655Y S:N679K S:P681R	38	54725	0.000694	23487	23642
C24672-A G24690+T	NA NA	38	6433	0.005907	24625	24701
C24320-A	NA	38	5287	0.007187	24236	24332
C23525T T23599G C23604G A23623G	S:H655Y S:N679K S:P681R S:V687V	38	54684	0.000695	23487	23642
C23525T A23579G T23599G C23604G	S:H655Y S:S673G S:N679K S:P681R	38	54745	0.000694	23487	23624
C22295A C22353A C22383+T	S:H245N S:A264D NA	38	1526	0.024902	22256	22396
C22000A	S:H146Q	38	9304	0.004084	21995	22034
A23696-T	NA	38	46985	0.000809	23683	23705
T24469A G24557A	S:N969K S:G999S	37	47746	0.000775	24465	24564
T23850+A	NA	37	23646	0.001565	23767	23870
T21940-G G21987A T22032C C22033A A22034G	NA S:G142D S:F157S S:F157S S:R158G	37	5965	0.006203	21895	22058
G25540+T	NA	37	6707	0.005517	25372	25566
G22104-A A22193-ATT T22200G C22208T C22295A	NA S:DEL212 S:V213G S:L216F S:H245N	37	4845	0.007637	22100	22319
C25207T T25309C	S:Y1215Y S:S1249S	37	40149	0.000922	25199	25325
C25000T C25207T	S:D1146D S:Y1215Y	37	357	0.103641	24998	25210
C24990T C25000T G25012T	S:P1143L S:D1146D S:E1150D	37	13454	0.00275	24872	25069
C24435-T	NA	37	37915	0.000976	24428	24453
C23525T G23576A T23599G C23604G	S:H655Y S:A672T S:N679K S:P681R	37	54745	0.000676	23487	23624
C23525T A23583G T23599G C23604G	S:H655Y S:Y674C S:N679K S:P681R	37	54745	0.000676	23487	23633
C23423T G23486-T C23525T	S:P621S NA S:H655Y	37	12699	0.002914	23408	23539
C23271T G23339A A23403G C23423T	S:A570V S:G593S S:D614G S:P621S	37	12935	0.00286	23269	23443
C23271T C23334-T A23403G	S:A570V NA S:D614G	37	13106	0.002823	23269	23414
A25274G	S:T1238A	37	46916	0.000789	25264	25323
A24424T T24438A T24469A	S:Q954H S:L959* S:N969K	37	37036	0.000999	24412	24564
T25161C C25207T	S:L1200P S:Y1215Y	36	38255	0.000941	25130	25261
T24492-A C24536-A	NA NA	36	53807	0.000669	24478	24679
G25302T	S:C1247F	36	47544	0.000757	25280	25325
C25207T T25319C	S:Y1215Y S:C1253R	36	40018	0.0009	25200	25325
C24422-A A24425T	NA S:N955Y	36	39091	0.000921	24413	24440
C23525T T23599G C23604G C23606T	S:H655Y S:N679K S:P681R S:R682W	36	54737	0.000658	23487	23634
C23525T A23597G T23599G C23604G	S:H655Y S:N679E S:N679E S:P681R	36	54745	0.000658	23501	23624
C23271T T23289C A23403G C23423T	S:A570V S:V576A S:D614G S:P621S	36	12935	0.002783	23269	23443
C22295A G22299-A	S:H245N NA	36	10580	0.003403	22287	22319
A25206G C25207T	S:Y1215C S:Y1215C	36	41154	0.000875	25178	25325
A25176G C25207T	S:K1205R S:Y1215Y	36	38896	0.000926	25126	25260
A24885+T C24990T C25000T	NA S:P1143I S:D1146S	36	13100	0.002748	24852	25065
A24424T T24469A A24556G	S:Q954H S:N969K S:T998T	36	35978	0.001001	24412	24564
A24424T G24547T	S:Q954H S:R995S	36	36228	0.000994	24412	24564
A24424T G24428A T24469A	S:Q954H S:A956T S:N969K	36	37036	0.000972	24412	24550
A24424T A24430G T24469A	S:Q954H S:A956A S:N969K	36	37036	0.000972	24412	24564
A23523G C23525T T23599G C23604G	S:E654G S:H655Y S:N679K S:P681R	36	54745	0.000658	23487	23642
A23403G C23423T T23434-C C23525T	S:D614G S:P621S NA S:H655Y	36	12494	0.002881	23377	23532
T25288C	S:S1242S	35	47194	0.000742	25280	25324
T24634C C24672-A	S:L1024L NA	35	22551	0.001552	24612	24679
T23599G C23604G G23675-T	S:N679K S:P681R NA	35	19169	0.001826	23580	23695
T21940-G A21979-T G21987A T21990-TTA C22000-A T22032C C22033A A22034G	NA NA S:G142D S:DEL144 NA S:F157S S:F157S S:R158G	35	5965	0.005868	21867	22058
T21609+CATGCCGCTGTT C21618T C21622T G21624C T21632-TACCCCCTG C21711T A21764-TACATG T21784A G21785T	S:INS17HAAV S:T19F S:T20F S:R21T S:DEL25/27 S:S50L S:DEL69/70 S:N74V S:G75S	35	6044	0.005791	21597	21802
C25466-T T25542A	NA ORF3a:V50V	35	6698	0.005225	25372	25566
C25207T A25315G	S:Y1215Y S:G1251G	35	40121	0.000872	25163	25316
C25207T A25295G	S:Y1215Y S:K1245E	35	40245	0.00087	25194	25325
C23525T C23555T T23599G C23604G	S:H655Y S:P665S S:N679K S:P681R	35	54745	0.000639	23492	23642
C22120-A	NA	35	5701	0.006139	22106	22133
C22109G T22200A G22317T	S:Q183E S:V213E S:G252V	35	4779	0.007324	22100	22319
A24424T T24451+A	S:Q954H NA	35	37278	0.000939	24415	24462
A24424T T24450C T24469A	S:Q954H S:V963A S:N969K	35	37036	0.000945	24416	24478
T24643+A	NA	34	22909	0.001484	24620	24667
T23596+A T23599G C23604G	NA S:N679* S:P681C	34	75134	0.000453	23586	23622
G25177+A C25207T	NA S:Y1215V	34	38920	0.000874	25167	25325
G21941T	S:V127F	34	6753	0.005035	21847	21944
C25207T T25221C	S:Y1215Y S:F1220S	34	40595	0.000838	25187	25325
C25207T G25299-C	S:Y1215Y NA	34	40236	0.000845	25201	25324
C25207T A25271G	S:Y1215Y S:M1237V	34	40340	0.000843	25168	25325
C23525T T23599G C23604G T23633C	S:H655Y S:N679K S:P681R S:S691P	34	53975	0.00063	23487	23642
C23525T T23599G C23604G C23615T	S:H655Y S:N679K S:P681R S:R685C	34	54719	0.000621	23492	23642
C23525T T23596C T23599G C23604G	S:H655Y S:T678T S:N679K S:P681R	34	54745	0.000621	23501	23637
C23525T T23553C T23599G C23604G	S:H655Y S:I664T S:N679K S:P681R	34	54745	0.000621	23487	23640
C23525T C23604A	S:H655Y S:P681H	34	54745	0.000621	23498	23637
A24922+T C24981-T C24990T C25000T	NA NA S:P1143I S:D1146S	34	13269	0.002562	24850	25038
A24885-T C24990T C25000T	NA S:P1143L S:D1146D	34	13100	0.002595	24872	25046
A24468-T T24470A	NA S:F970I	34	49052	0.000693	24465	24531
A24424T T24469A A24538G	S:Q954H S:N969K S:Q992Q	34	36349	0.000935	24412	24554
A24424T T24438+A T24469A	S:Q954H NA S:N969Q	34	37036	0.000918	24413	24563
A23400+G C23423T	NA S:P621S	34	28242	0.001204	23351	23427
T24469A G24488-T	S:N969K NA	33	48923	0.000675	24465	24518
T23599G C23604G T23693C	S:N679K S:P681R S:S711P	33	19063	0.001731	23580	23724
T21609+CATGCCGCTGTT C21618T C21622T G21624C T21632-TACCCCCTG G21686-T C21711T A21764-TACATG	S:INS17HAAV S:T19F S:T20F S:R21T S:DEL25/27 NA S:S50L S:DEL69/70	33	6074	0.005433	21597	21802
G23804-A C23854A	NA S:N764K	33	22465	0.001469	23789	23895
G22813T	S:K417N	33	410	0.080488	22794	22816
G22104-A C22120-A A22193-ATT T22200G C22208T G22218-T C22295A	NA NA S:DEL212 S:V213G S:L216F NA S:H245N	33	4845	0.006811	22100	22319
C25207T T25312C	S:Y1215Y S:C1250C	33	40136	0.000822	25191	25325
C25207T G25217A	S:Y1215Y S:G1219S	33	40596	0.000813	25130	25323
C25207T A25256+T C25262-T	S:Y1215Y NA NA	33	40437	0.000816	25130	25324
C23854A T23875C	S:N764K S:A771A	33	23137	0.001426	23794	23895
C23854A T23860C	S:N764K S:A766A	33	23457	0.001407	23835	23890
C23854A A23870G	S:N764K S:I770V	33	23285	0.001417	23806	23895
C23525T T23599G C23604G G23619A	S:H655Y S:N679K S:P681R S:S686N	33	54703	0.000603	23487	23624
C23525T A23570G T23599G C23604G C23635T	S:H655Y S:I670V S:N679K S:P681R S:S691S	33	53849	0.000613	23487	23637
C23271T C23277T C23423T	S:A570V S:T572I S:P621S	33	12935	0.002551	23269	23429
C23099-T T23143-A G23222A C23271T	NA NA S:E554K S:A570V	33	4119	0.008012	23089	23289
A24424T T24469A A24516G	S:Q954H S:N969K S:D985G	33	36609	0.000901	24416	24564
A21875-T G21941T G21987A T21990-TTA T22032C C22033A A22034G	NA S:V127F S:G142D S:DEL144 S:F157S S:F157S S:R158G	33	5733	0.005756	21870	22058
T25428C T25542A	ORF3a:T12T ORF3a:V50V	32	6698	0.004778	25372	25566
T24136-ACTGTT	S:DEL859/860	32	3358	0.009529	24087	24175
T23511+A A23515+G C23525T T23599G C23604G	NA NA S:H655Y S:N679L S:P681R	32	54624	0.000586	23486	23637
T23164-A G23222A C23271T	NA S:E554K S:A570V	32	4251	0.007528	23089	23290
G23222A C23230-A C23271T	S:E554K NA S:A570V	32	4389	0.007291	23213	23290
G21987A T21990-TTA C22000A	S:G142D S:DEL144 S:H146Q	32	7318	0.004373	21975	22043
C23854A A23886G	S:N764K S:D775G	32	22813	0.001403	23792	23895
C23525T T23599G G23610A	S:H655Y S:N679K S:R683Q	32	54727	0.000585	23503	23642
C23525T T23599G C23604G G23624A	S:H655Y S:N679K S:P681R S:A688T	32	54663	0.000585	23487	23642
C23525T C23575T T23599G C23604G	S:H655Y S:C671C S:N679K S:P681R	32	54745	0.000585	23487	23642
C23271T A23321G A23403G C23423T	S:A570V S:I587V S:D614G S:P621S	32	12935	0.002474	23269	23443
C23099-T G23222A C23271T	NA S:E554K S:A570V	32	4119	0.007769	23089	23276
A24424T T24469A C24536T	S:Q954H S:N969K S:Q992*	32	36372	0.00088	24412	24564
A23756G C23854A	S:T732A S:N764K	32	19997	0.0016	23683	23891
A23362+C	NA	32	29498	0.001085	23340	23369
A22193-ATT C22295A	S:DEL212 S:H245N	32	5362	0.005968	22177	22319
T25196-G C25262-T	NA NA	31	39686	0.000781	25126	25314
T25129C C25207T	S:V1189V S:Y1215Y	31	35154	0.000882	25122	25325
T24469A T24472-G C24536-AA	S:N969K NA NA	31	48245	0.000643	24465	24564
T24451+A	NA	31	37887	0.000818	24412	24461
T23599G C23604G A23670+T	S:N679K S:P681R NA	31	19197	0.001615	23580	23724
T23599G C23604G A23648G C23683T	S:N679K S:P681R S:T696A S:Y707Y	31	19124	0.001621	23580	23724
T23510C C23525T T23599G C23604G	S:L650L S:H655Y S:N679K S:P681R	31	54617	0.000568	23487	23637
T21940-G G21987A T21990-TTA	NA S:G142D S:DEL144	31	6438	0.004815	21925	22008
G23835+T C23887-A	NA NA	31	22194	0.001397	23792	23895
C25207T T25288C	S:Y1215Y S:S1242S	31	40286	0.000769	25194	25325
C25207T T25233C	S:Y1215Y S:L1224S	31	40558	0.000764	25122	25316
C24964-A C24981-T C24990T C25000T	NA NA S:P1143L S:D1146D	31	13451	0.002305	24850	25059
C23833-A C23854A	NA S:N764K	31	22969	0.00135	23825	23895
C23525T T23599G C23604G G23608A	S:H655Y S:N679K S:P681R S:R682R	31	54734	0.000566	23505	23642
C23525T T23581C T23599G C23604G	S:H655Y S:S673S S:N679K S:P681R	31	54745	0.000566	23487	23637
C23525T A23572G T23599G C23604G	S:H655Y S:I670M S:N679K S:P681R	31	54745	0.000566	23487	23624
C23525T A23552C T23599G C23604G	S:H655Y S:I664L S:N679K S:P681R	31	54745	0.000566	23487	23624
A25194-AT G25197T C25207T G25218-T C25262-T	NA S:W1212L S:Y1215Y NA NA	31	39504	0.000785	25130	25320
A25175G C25207T	S:K1205E S:Y1215Y	31	38872	0.000797	25160	25325
A24778G	S:E1072E	31	8597	0.003606	24753	24796
A24424T T24469A T24504C	S:Q954H S:N969K S:L981P	31	36734	0.000844	24412	24563
A24424T T24469A A24520G	S:Q954H S:N969K S:K986K	31	36577	0.000848	24412	24564
T25191-A	NA	30	40630	0.000738	25141	25204
T25170C C25207T	S:L1203P S:Y1215Y	30	38602	0.000777	25144	25324
T24470-TTG T24492-A	S:DEL971 NA	30	49718	0.000603	24465	24679
T23820G G23821T	S:L753C S:L753C	30	24445	0.001227	23683	23827
T23689-A	NA	30	46877	0.00064	23683	23703
T23599G C23604G T23654C	S:N679K S:P681R S:S698P	30	19284	0.001556	23580	23684
T23511+A T23599G C23604G	NA S:N679* S:P681C	30	54624	0.000549	23490	23642
T23143-A G23222A C23230-A C23271T	NA S:E554K NA S:A570V	30	4204	0.007136	23089	23290
G25278-T	NA	30	47008	0.000638	25263	25288
G24657A	S:C1032Y	30	22872	0.001312	24629	24676
G23835-T	NA	30	23722	0.001265	23767	23849
G23768-T C23887-A	NA NA	30	21156	0.001418	23767	23895
G23499A C23525T T23599G C23604G	S:R646H S:H655Y S:N679K S:P681R	30	54255	0.000553	23487	23626
C25207T T25228C	S:Y1215Y S:A1222A	30	40572	0.000739	25201	25323
C23525T T23599G C23601T C23604G	S:H655Y S:N679K S:S680F S:P681R	30	54745	0.000548	23516	23642
C23525T T23578C T23599G C23604G G23610A	S:H655Y S:A672A S:N679K S:P681R S:R683Q	30	54727	0.000548	23487	23642
C23525T A23526G T23599G C23604G	S:H655C S:H655C S:N679K S:P681R	30	54745	0.000548	23487	23642
C23099-T	NA	30	4990	0.006012	23096	23113
A25174G C25207T	S:G1204G S:Y1215Y	30	38808	0.000773	25125	25325
A25137+T	NA	30	38476	0.00078	25122	25147
A24898-CA C24990T C25000T	NA S:P1143L S:D1146D	30	13171	0.002278	24853	25059
A24885+T	NA	30	15398	0.001948	24851	24901
A24424T T24471-TG C24536-AA	S:Q954H NA NA	30	36372	0.000825	24412	24556
A24424T T24469A A24498G	S:Q954H S:N969K S:D979G	30	36785	0.000816	24412	24564
A24424T A24432G T24469A	S:Q954H S:Q957R S:N969K	30	37036	0.00081	24412	24564
A24253-T A24323-AAT	NA S:DEL922	30	4780	0.006276	24229	24337
A23845G C23854A	S:T761T S:N764K	30	23391	0.001283	23832	23895
A23400+G C23423T C23525T	NA S:P621S S:H655S	30	12494	0.002401	23351	23529
T25191-A C25207T G25218-T	NA S:Y1215Y NA	29	39446	0.000735	25130	25324
T23750C C23854A	S:S730P S:N764K	29	19973	0.001452	23683	23871
T23599G C23604G A23702G	S:N679K S:P681R S:I714V	29	18880	0.001536	23593	23724
T21940-G G21987A	NA S:G142D	29	6453	0.004494	21867	21992
T21940-G A21979-T G21987A T21990-TTA C22000-A C22009-A T22032C C22033A A22034G	NA NA S:G142D S:DEL144 NA NA S:F157S S:F157S S:R158G	29	5965	0.004862	21847	22058
T21940-G	NA	29	6752	0.004295	21867	21951
T21609+CATGCCGCTGTT C21618T C21622T G21624C T21632-TACCCCCTG C21711T	S:INS17HAAV S:T19F S:T20F S:R21T S:DEL25/27 S:S50L	29	6242	0.004646	21597	21723
G23522-A C23525T	NA S:H655Y	29	70001	0.000414	23502	23538
G23383A A23403G C23423T G23478T C23525T	S:Q607Q S:D614G S:P621S S:G639V S:H655Y	29	12330	0.002352	23335	23539
C25207T T25291C	S:Y1215Y S:C1243C	29	40274	0.00072	25194	25320
C25207T T25237C	S:Y1215Y S:I1225I	29	40548	0.000715	25151	25261
C24852-A C24990T	NA S:P1143L	29	12818	0.002262	24850	25068
C24431+A	NA	29	37896	0.000765	24428	24442
C24026-T A24110-T	NA NA	29	2461	0.011784	24021	24121
C23525T T23599G C23604G C23630-A	S:H655Y S:N679K S:P681R NA	29	54104	0.000536	23487	23637
C23525T T23599G C23604G C23609-G	S:H655Y S:N679K S:P681R NA	29	54732	0.00053	23487	23637
C23525T C23604G G23610A	S:H655Y S:P681R S:R683Q	29	54727	0.00053	23487	23624
C23525T A23558-T T23599G C23604G G23610A	S:H655Y NA S:N679K S:P681R S:R683Q	29	54727	0.00053	23487	23634
C23271T C23277T	S:A570V S:T572I	29	18347	0.001581	23269	23290
A24424T T24514C	S:Q954H S:L984L	29	36628	0.000792	24412	24564
A24424T T24469A T24552C	S:Q954H S:N969K S:I997T	29	36158	0.000802	24412	24564
A23805G C23854A	S:E748G S:N764K	29	22484	0.00129	23787	23881
A23515+G C23525T A23558-T T23599G C23604G	NA S:H655S NA S:N679* S:P681C	29	54669	0.00053	23487	23641
T25140+A	NA	28	38623	0.000725	25130	25156
T24499+A	NA	28	54691	0.000512	24492	24520
T23599G C23604G T23684C	S:N679K S:P681R S:S708P	28	19117	0.001465	23593	23705
T23599G C23604G T23662C	S:N679K S:P681R S:G700G	28	19236	0.001456	23580	23724
T23599G C23604G A23656G	S:N679K S:P681R S:S698S	28	19274	0.001453	23581	23724
T23511+A C23525T	NA S:H655S	28	69844	0.000401	23487	23533
T21940-G G21987A T21990-TTA C22000-A C22009-A T22032C C22033A A22034G	NA S:G142D S:DEL144 NA NA S:F157S S:F157S S:R158G	28	5965	0.004694	21847	22045
G25314T	S:G1251V	28	47744	0.000586	25281	25324
G25135+A C25207T	NA S:Y1215V	28	36617	0.000765	25130	25220
G22225T C22295A	S:S221S S:H245N	28	7619	0.003675	22221	22319
C25207T T25303C	S:Y1215Y S:C1247C	28	40210	0.000696	25195	25324
C25207T T25301C	S:Y1215Y S:C1247R	28	40219	0.000696	25201	25325
C25207T T25279C	S:Y1215Y S:S1239S	28	40320	0.000694	25197	25324
C25132+A	NA	28	38021	0.000736	25123	25153
C23525T T23599G C23604G G23612A	S:H655Y S:N679K S:P681R S:A684T	28	54727	0.000512	23487	23633
C23525T T23599G C23604G A23618G	S:H655Y S:N679K S:P681R S:S686G	28	54704	0.000512	23487	23642
C23525T A23570G T23599G C23604G	S:H655Y S:I670V S:N679K S:P681R	28	54745	0.000511	23501	23629
C23399+T C23423T C23525T	NA S:P621S S:H655S	28	12485	0.002243	23339	23532
C23271T G23384-T A23403G C23423T	S:A570V NA S:D614G S:P621S	28	12935	0.002165	23269	23438
C23271T C23334-TT C23423T	S:A570V NA S:P621S	28	12935	0.002165	23269	23430
C22295A C22353A G22403-A	S:H245N S:A264D NA	28	1430	0.01958	22256	22413
C21618T C21622T T21632-TACCCCCTG C21711T A21764-TACATG	S:T19I S:T20T S:DEL25/27 S:S50L S:DEL69/70	28	6074	0.00461	21597	21802
A25327G	S:K1255K	28	2748	0.010189	25270	25363
A25182G C25207T	S:E1207G S:Y1215Y	28	39433	0.00071	25122	25325
A24539-T	NA	28	54453	0.000514	24486	24551
A24424T T24469A T24511C	S:Q954H S:N969K S:R983R	28	36654	0.000764	24413	24564
A24424T C24503-T	S:Q954H NA	28	36738	0.000762	24412	24531
A23712-T	NA	28	46728	0.000599	23683	23723
A23712+T C23816-T C23887-A	NA NA NA	28	18979	0.001475	23683	23895
A21875-T T21940-G G21987A T21990-TTA C22000-A T22032C C22033A A22034G	NA NA S:G142D S:DEL144 NA S:F157S S:F157S S:R158G	28	5733	0.004884	21847	22058
T25542A T25551C	ORF3a:V50V ORF3a:L53L	27	6679	0.004043	25383	25552
T25251C	S:V1230A	27	43593	0.000619	25219	25325
T25123C C25207T	Unknown S:Y1215Y	27	34350	0.000786	25122	25325
T24481C	S:I973I	27	54325	0.000497	24473	24564
T23599G C23604G T23629C	S:N679K S:P681R S:S689S	27	74384	0.000363	23580	23642
T23599G C23604G C23625T	S:N679K S:P681R S:A688V	27	74973	0.00036	23593	23636
T22926C T22942A	S:L455S S:N460K	27	456	0.059211	22922	22962
C24990T C25000T T25051-GTT	S:P1143L S:D1146D S:DEL1164	27	13250	0.002038	24858	25067
C24981-T C24990T C25000T T25021-A	NA S:P1143L S:D1146D NA	27	13352	0.002022	24850	25053
C24517-A C24536-A C24672-A	NA NA NA	27	15294	0.001765	24470	24679
C23525T T23559C T23599G C23604G	S:H655Y S:I666T S:N679K S:P681R	27	54745	0.000493	23487	23642
C23525T C23530T T23599G C23604G	S:H655Y S:V656V S:N679K S:P681R	27	54745	0.000493	23493	23637
C23498T C23525T T23599G C23604G	S:R646C S:H655Y S:N679K S:P681R	27	54223	0.000498	23487	23634
C23271T C23277T G23282T A23403G C23423T	S:A570V S:T572I S:D574Y S:D614G S:P621S	27	12935	0.002087	23269	23429
A25164G C25207T	S:Q1201R S:Y1215Y	27	38362	0.000704	25132	25256
A24424T T24469A T24499C	S:Q954H S:N969K S:D979D	27	36782	0.000734	24412	24564
A24424T T24469A A24525G	S:Q954H S:N969K S:E988G	27	36488	0.00074	24412	24564
A24253-T A24324-AT	NA NA	27	4732	0.005706	24229	24335
A23810G C23854A	S:S750G S:N764K	27	22541	0.001198	23796	23873
A23720-T	NA	27	46476	0.000581	23683	23724
A23403G C23423T A23495+T C23525T	S:D614G S:P621S NA S:H655S	27	12494	0.002161	23340	23532
T25518C	ORF3a:P42P	26	6888	0.003775	25384	25566
T25476C	ORF3a:F28F	26	9670	0.002689	25372	25495
T24471-TG C24536-A	NA NA	26	51290	0.000507	24465	24564
T24267-G C24378T A24424T	NA S:S939F S:Q954H	26	1264	0.02057	24236	24424
T23798C C23854A	S:S746P S:N764K	26	22359	0.001163	23732	23895
T23698C C23854A	S:I712I S:N764K	26	19531	0.001331	23683	23895
T23599G T23600C C23604G	S:N679K S:S680P S:P681R	26	75149	0.000346	23581	23642
T23599G C23604G T23698C	S:N679K S:P681R S:I712I	26	19040	0.001366	23580	23717
T23599G C23604G T23626C	S:N679K S:P681R S:A688A	26	74474	0.000349	23580	23636
T23599G C23604G T23617C	S:N679K S:P681R S:R685R	26	75070	0.000346	23580	23642
T23599G C23604G A23639-T	S:N679K S:P681R NA	26	73104	0.000356	23580	23642
T23337-TG C23423T	NA S:P621S	26	27019	0.000962	23335	23429
T21934-A T21940-G G21987A T21990-TTA T22032C C22033A A22034G	NA NA S:G142D S:DEL144 S:F157S S:F157S S:R158G	26	5946	0.004373	21847	22043
G25364-T	NA	26	2671	0.009734	25319	25375
C25207T G25266A	S:Y1215Y S:C1235Y	26	40349	0.000644	25181	25325
C25207T G25238A	S:Y1215Y S:A1226T	26	40545	0.000641	25185	25325
C25207T C25267A	S:Y1215Y S:C1235*	26	40347	0.000644	25203	25325
C25207T C25262-T T25293C	S:Y1215Y NA S:L1244P	26	40262	0.000646	25122	25323
C25207T A25259G	S:Y1215Y S:M1233V	26	40466	0.000643	25183	25324
C25207T A25255G	S:Y1215Y S:T1231T	26	40475	0.000642	25154	25325
C25207T A25247G	S:Y1215Y S:M1229V	26	40505	0.000642	25199	25325
C25000T C25100-A	S:D1146D NA	26	395	0.065823	24998	25150
C24483+A	NA	26	54409	0.000478	24473	24509
C24026-T A24110-T C24119-A	NA NA NA	26	2411	0.010784	24021	24130
C23887-A C23929-A	NA NA	26	2031	0.012802	23790	23943
C23816+T	NA	26	26879	0.000967	23683	23827
C23525T G23547A T23599G C23604G	S:H655Y S:C662Y S:N679K S:P681R	26	54745	0.000475	23487	23642
A25143G C25207T	S:N1194S S:Y1215Y	26	37319	0.000697	25130	25324
A25137+T C25207T C25262-T	NA S:Y1215V NA	26	36148	0.000719	25122	25325
A24619G	S:R1019R	26	22897	0.001136	24612	24676
A24424T T24469A A24500G	S:Q954H S:N969K S:I980V	26	36772	0.000707	24412	24563
A24423+T T24469A	NA S:N969Q	26	37029	0.000702	24416	24546
A23720+T	NA	26	46476	0.000559	23683	23729
A23704+C	NA	26	46981	0.000553	23684	23715
A23497-C C23525T T23599G C23604G	NA S:H655Y S:N679K S:P681R	26	54211	0.00048	23487	23642
T25191-A C25262-T	NA NA	25	39287	0.000636	25122	25291
T25171-G C25207T	NA S:Y1215Y	25	38631	0.000647	25157	25324
T23823C C23854A	S:L754S S:N764K	25	22773	0.001098	23796	23880
T23817C C23854A	S:L752P S:N764K	25	22637	0.001104	23742	23873
T23599G C23604G A23636G	S:N679K S:P681R S:I692V	25	73900	0.000338	23580	23642
T23514C C23525T T23599G C23604G	S:I651T S:H655Y S:N679K S:P681R	25	54656	0.000457	23487	23642
T22032C	S:F157S	25	9424	0.002653	22025	22056
T21990-TTA T22032C C22033A	S:DEL144 S:F157S S:F157S	25	7081	0.003531	21975	22058
G24486+T	NA	25	54484	0.000459	24470	24495
G23768-T C23816-T C23887-A	NA NA NA	25	21156	0.001182	23699	23895
G23222A C23271T T23278-A	S:E554K S:A570V NA	25	4353	0.005743	23183	23290
G23222A A23267-T C23271T	S:E554K NA S:A570V	25	4389	0.005696	23205	23290
C25214+G	NA	25	42125	0.000593	25207	25325
C25207T T25215C	S:Y1215Y S:L1218P	25	40606	0.000616	25191	25325
C25207T A25235-T	S:Y1215Y NA	25	40555	0.000616	25201	25325
C25207T A25208-T C25262-T	S:Y1215Y NA NA	25	40437	0.000618	25122	25324
C25163+A	NA	25	39710	0.00063	25140	25173
C24878-A	NA	25	15453	0.001618	24857	24889
C23854A A23881G	S:N764K S:E773E	25	23062	0.001084	23818	23895
C23525T T23599G C23604G T23641C	S:H655Y S:N679K S:P681R S:I693I	25	52710	0.000474	23487	23642
C23525T T23599G C23604G G23616A	S:H655Y S:N679K S:P681R S:R685H	25	54712	0.000457	23487	23624
C23525T T23599G C23604G A23639G	S:H655Y S:N679K S:P681R S:I693V	25	52947	0.000472	23487	23642
C23525T T23571C T23599G C23604G	S:H655Y S:I670T S:N679K S:P681R	25	54745	0.000457	23487	23629
C23271T T23392C A23403G C23423T	S:A570V S:V610V S:D614G S:P621S	25	12935	0.001933	23269	23443
C23271T C23334-T C23367+A C23423T	S:A570V NA NA S:P621S	25	12935	0.001933	23269	23436
C22120-A A22193-ATT T22200G C22208T	NA S:DEL212 S:V213G S:L216F	25	5319	0.0047	22112	22221
C21618T C21622T G21624C T21632-TACCCCCTG C21711T C21781-A	S:T19I S:T20T S:R21T S:DEL25/27 S:S50L NA	25	6049	0.004133	21597	21802
A25195G C25207T	S:K1211K S:Y1215Y	25	40322	0.00062	25148	25317
A24922-T	NA	25	15232	0.001641	24907	24935
A24667G	S:G1035G	25	22775	0.001098	24612	24679
A24525G	S:E988G	25	54605	0.000458	24493	24552
A24520G	S:K986K	25	54670	0.000457	24477	24554
A24424T T24469A T24475C	S:Q954H S:N969K S:G971G	25	36963	0.000676	24417	24519
A24424T A24500G	S:Q954H S:I980V	25	36772	0.00068	24412	24561
A23756-C C23854A	NA S:N764K	25	19997	0.00125	23729	23895
A23594G T23599G C23604G	S:T678A S:N679K S:P681R	25	75115	0.000333	23580	23642
A23592G T23599G C23604G	S:Q677R S:N679K S:P681R	25	75082	0.000333	23580	23637
A23586G T23599G C23604G	S:Q675R S:N679K S:P681R	25	74992	0.000333	23580	23642
A23515G C23525T T23599G C23604G	S:I651M S:H655Y S:N679K S:P681R	25	54669	0.000457	23487	23624
A23403G G23486-T C23525T	S:D614G NA S:H655Y	25	12494	0.002001	23345	23532
A23403G C23423T T23443C C23525T	S:D614G S:P621S S:D627D S:H655Y	25	12494	0.002001	23342	23532
A23403G C23423T T23428C C23525T	S:D614G S:P621S S:V622V S:H655Y	25	12494	0.002001	23387	23532
A23403G C23423T A23474+T C23525T	S:D614G S:P621S NA S:H655S	25	12494	0.002001	23389	23539
A22193-ATT T22200G C22208T A22245-T C22295A	S:DEL212 S:V213G S:L216F NA S:H245N	25	5362	0.004662	22100	22315
T25189C C25207T	S:Y1209Y S:Y1215Y	24	39748	0.000604	25159	25215
T24583C	S:Y1007Y	24	15789	0.00152	24516	24679
T24414C A24424T T24469A	S:V951A S:Q954H S:N969K	24	36694	0.000654	24412	24562
T23803C C23854A	S:T747T S:N764K	24	22456	0.001069	23689	23881
T23742-A	NA	24	26019	0.000922	23693	23750
T23599G C23604G C23709-A	S:N679K S:P681R NA	24	18714	0.001282	23580	23724
T23337-TG	NA	24	29173	0.000823	23335	23356
T23278-A	NA	24	19575	0.001226	23240	23290
G25305-T	NA	24	47645	0.000504	25297	25324
G25181+A C25207T	NA S:Y1215V	24	39194	0.000612	25172	25210
G22927T T22942G	S:L455F S:N460K	24	525	0.045714	22920	22967
G22104-A C22120-A	NA NA	24	5527	0.004342	22100	22136
G21987A T21990-TTA A21999-C	S:G142D S:DEL144 NA	24	7318	0.00328	21967	22058
C25207T T25211C	S:Y1215Y S:W1217R	24	41108	0.000584	25166	25325
C25207T A25277G	S:Y1215Y S:S1239G	24	40322	0.000595	25201	25317
C25207T A25241G	S:Y1215Y S:I1227V	24	40538	0.000592	25199	25324
C24852-A C25000T	NA S:D1146D	24	12772	0.001879	24850	25069
C24455-A	NA	24	37850	0.000634	24426	24465
C23854G	S:N764K	24	23618	0.001016	23841	23895
C23816-TT	NA	24	26879	0.000893	23683	23829
C23525T T23590C C23591T T23599G C23604G	S:H655Y S:T676T S:Q677* S:N679K S:P681R	24	54745	0.000438	23487	23642
C23525T T23542-G T23599G C23604G	S:H655Y NA S:N679K S:P681R	24	54745	0.000438	23487	23641
C23525T C23530-A T23599G C23604G	S:H655Y NA S:N679K S:P681R	24	54745	0.000438	23487	23642
C23271T G23364T A23403G C23423T	S:A570V S:G601V S:D614G S:P621S	24	12935	0.001855	23269	23443
C23188+T	NA	24	4853	0.004945	23089	23197
C21622T G21624C T21632-TACCCCCTG C21711T A21764-TACATG	S:T20T S:R21T S:DEL25/27 S:S50L S:DEL69/70	24	6074	0.003951	21597	21796
C21622T G21624C T21632-TACCCCCTG	S:T20T S:R21T S:DEL25/27	24	6734	0.003564	21597	21659
A25327-T	NA	24	2748	0.008734	25266	25340
A25133G C25207T	S:K1191E S:Y1215Y	24	36460	0.000658	25130	25316
A24545G A24619G	S:R995G S:R1019R	24	15602	0.001538	24482	24671
A24424T T24475C	S:Q954H S:G971G	24	36963	0.000649	24414	24483
A24424T T24469A T24506C	S:Q954H S:N969K S:S982P	24	36723	0.000654	24412	24553
A24424T T24469A G24521+T	S:Q954H S:N969K NA	24	36532	0.000657	24412	24533
A24424T A24556G	S:Q954H S:T998T	24	35978	0.000667	24412	24564
A24424T A24443G	S:Q954H S:T961A	24	37355	0.000642	24412	24471
A23767+T C23854A	NA S:N764K	24	20049	0.001197	23760	23873
A22556G G22577C G22578A A22629C C22674T	S:I332V S:G339H S:G339H S:K356T S:S371F	24	509	0.047151	22495	22676
A22193-ATT T22200G T22207-C C22295A	S:DEL212 S:V213G NA S:H245N	24	5362	0.004476	22178	22303
T25293C	S:L1244P	23	47297	0.000486	25289	25325
T25272C	S:M1237T	23	46840	0.000491	25251	25325
T24658C	S:C1032C	23	22863	0.001006	24612	24679
T24506C	S:S982P	23	54703	0.00042	24477	24550
T23728-A	NA	23	26198	0.000878	23683	23740
T23599G C23604G T23645G	S:N679K S:P681R S:Y695D	23	19328	0.00119	23580	23724
T23599G C23604G A23688G	S:N679K S:P681R S:N709S	23	19097	0.001204	23580	23700
T23599G C23604G A23623G	S:N679K S:P681R S:V687V	23	75018	0.000307	23580	23642
T23599G C23604G A23614G	S:N679K S:P681R S:A684A	23	75098	0.000306	23580	23642
T23590C T23599G C23604G	S:T676T S:N679K S:P681R	23	75060	0.000306	23580	23642
T21940-G T22032C C22033A A22034G	NA S:F157S S:F157S S:R158G	23	5965	0.003856	21848	22058
T21609+CATGCCGCTGTT C21618T C21622T G21624C T21632-TACCCCCTG G21701-T A21764-TACATG	S:INS17HAAV S:T19F S:T20F S:R21T S:DEL25/27 NA S:DEL69/70	23	6074	0.003787	21597	21802
G24933-T	NA	23	15173	0.001516	24897	24943
G24557A C24672-A	S:G999S NA	23	15379	0.001496	24470	24679
G23522A C23525T T23599G C23604G	S:E654K S:H655Y S:N679K S:P681R	23	54745	0.00042	23492	23634
G23517A C23525T T23599G C23604G	S:G652E S:H655Y S:N679K S:P681R	23	54720	0.00042	23513	23637
C25276-A	NA	23	46961	0.00049	25267	25307
C25207T C25239T	S:Y1215Y S:A1226V	23	40542	0.000567	25181	25307
C24899-A	NA	23	15307	0.001503	24852	24914
C24512+T	NA	23	54690	0.000421	24471	24524
C24509T	S:R983C	23	54725	0.00042	24476	24564
C23271T C23334-TT A23403G C23423T	S:A570V NA S:D614G S:P621S	23	12935	0.001778	23269	23428
C23099-T T23143-A T23164-A G23222A C23271T	NA NA NA S:E554K S:A570V	23	4119	0.005584	23089	23290
C23099-T T23143-A T23164-A G23222A C23230-A C23271T	NA NA NA S:E554K NA S:A570V	23	4119	0.005584	23089	23290
A25201G C25207T	S:P1213P S:Y1215Y	23	40918	0.000562	25134	25314
A25147G C25207T	S:E1195E S:Y1215Y	23	37513	0.000613	25122	25325
A24902-T C24981-T C24990T C25000T	NA NA S:P1143L S:D1146D	23	13206	0.001742	24850	25014
A24885-T C24981-T C24990T C25000T	NA NA S:P1143L S:D1146D	23	13100	0.001756	24850	25017
A24677G	S:R1039G	23	22755	0.001011	24612	24679
A24516G	S:D985G	23	54654	0.000421	24480	24564
A24479-T	NA	23	54070	0.000425	24476	24499
A24424T T24472-G C24536-A	S:Q954H NA NA	23	36372	0.000632	24412	24564
A24424T T24469A T24534C	S:Q954H S:N969K S:V991A	23	36403	0.000632	24412	24564
A24424T C24435-T T24469A	S:Q954H NA S:N969K	23	37036	0.000621	24412	24558
A24424T C24435-T G24488-T	S:Q954H NA NA	23	36862	0.000624	24412	24564
A24424T A24425G T24469A	S:Q954H S:N955D S:N969K	23	37036	0.000621	24412	24554
A24420G A24424T T24469A	S:N953S S:Q954H S:N969K	23	37003	0.000622	24412	24564
A22629C C22674T	S:K356T S:S371F	23	714	0.032213	22614	22676
T24514C	S:L984L	22	54663	0.000402	24486	24564
T24469A G24473A G24620A	S:N969K S:G971S S:A1020T	22	10463	0.002103	24465	24679
T24417C A24424T T24469A	S:V952A S:Q954H S:N969K	22	36928	0.000596	24412	24564
T23693C C23854A	S:S711P S:N764K	22	19482	0.001129	23683	23895
T23599G G23611T	S:N679K S:R683R	22	75112	0.000293	23581	23642
T23599G C23683T	S:N679K S:Y707Y	22	19124	0.00115	23580	23724
T23599G C23604G T23637C	S:N679K S:P681R S:I692T	22	73810	0.000298	23580	23642
T23599G C23604G A23668G	S:N679K S:P681R S:E702E	22	19203	0.001146	23581	23724
T23599G C23604G A23648G	S:N679K S:P681R S:T696A	22	19310	0.001139	23580	23700
T23599G C23604G A23631G	S:N679K S:P681R S:Q690R	22	74285	0.000296	23580	23642
T23511+A	NA	22	70285	0.000313	23487	23521
T22942G	S:N460K	22	629	0.034976	22935	22967
T21609+CATGCCGCTGTT C21618T C21622T G21624C T21632-TACCCCCTG C21711T C21736-T A21764-TACATG	S:INS17HAAV S:T19F S:T20F S:R21T S:DEL25/27 S:S50L NA S:DEL69/70	22	6074	0.003622	21597	21802
G25244-T	NA	22	43415	0.000507	25226	25324
G23508+T	NA	22	70255	0.000313	23492	23519
G23222A T23278-A	S:E554K NA	22	4353	0.005054	23191	23290
G22030-T	NA	22	9436	0.002331	22022	22054
C25513T T25542A	ORF3a:L41F ORF3a:V50V	22	6698	0.003285	25372	25559
C25433-T T25542A	NA ORF3a:V50V	22	6698	0.003285	25372	25566
C25207T G25323A	S:Y1215Y S:C1254Y	22	39841	0.000552	25122	25324
C25207T G25230A	S:Y1215Y S:G1223D	22	40564	0.000542	25195	25325
C25131T C25207T	S:A1190V S:Y1215Y	22	36247	0.000607	25124	25210
C24435+T	NA	22	37915	0.00058	24426	24450
C23887-A A23942-T G23948T	NA NA S:D796Y	22	1517	0.014502	23767	23955
C23604G G23611T	S:P681R S:R683R	22	75185	0.000293	23599	23633
C23525T G23564A T23599G C23604G	S:H655Y S:A668T S:N679K S:P681R	22	54745	0.000402	23487	23640
C23492+A C23525T T23599G C23604G	NA S:H655S S:N679* S:P681C	22	53881	0.000408	23486	23637
C23277T C23334-T A23403G C23423T	S:T572I NA S:D614G S:P621S	22	13957	0.001576	23271	23443
A25190G C25207T	S:I1210V S:Y1215Y	22	39816	0.000553	25186	25325
A25137G C25207T	S:N1192S S:Y1215Y	22	36824	0.000597	25122	25320
A24560G	S:R1000G	22	54017	0.000407	24473	24564
A24518G	S:K986E	22	54679	0.000402	24488	24564
A24424T T24469A T24487C	S:Q954H S:N969K S:S975S	22	36867	0.000597	24412	24564
A24424T T24469A A24543G	S:Q954H S:N969K S:D994G	22	36293	0.000606	24412	24564
A24424T A24538G	S:Q954H S:Q992Q	22	36349	0.000605	24412	24564
A24424C	S:Q954H	22	39180	0.000562	24412	24552
A23779G C23854A	S:T739T S:N764K	22	22044	0.000998	23683	23895
A23356G A23403G C23423T C23525T	S:I598M S:D614G S:P621S S:H655Y	22	12115	0.001816	23335	23539
T25265C	S:C1235R	21	46636	0.00045	25252	25325
T25187C C25207T	S:Y1209H S:Y1215Y	21	39653	0.00053	25141	25320
T25171C C25207T	S:L1203L S:Y1215Y	21	38631	0.000544	25142	25325
T25148+A C25207T	NA S:Y1215V	21	37533	0.00056	25141	25324
T24664C	S:L1034L	21	22799	0.000921	24612	24676
T24633C	S:L1024P	21	22960	0.000915	24612	24679
T24549C	S:L996S	21	54352	0.000386	24542	24564
T24523C	S:V987V	21	54625	0.000384	24479	24564
T24504C	S:L981P	21	54682	0.000384	24486	24529
T24469A T24472-G T24492-A	S:N969K NA NA	21	48889	0.00043	24465	24666
T23776C C23854A	S:C738C S:N764K	21	22020	0.000954	23683	23895
T23748C C23854A	S:V729A S:N764K	21	19965	0.001052	23698	23895
T23599G C23604G T23622C	S:N679K S:P681R S:V687A	21	75035	0.00028	23580	23642
T23599G C23604G C23709+A	S:N679K S:P681R NA	21	18714	0.001122	23580	23722
T23511C C23525T T23599G C23604G	S:L650S S:H655Y S:N679K S:P681R	21	54624	0.000384	23487	23633
T23488C C23525T T23599G C23604G	Unknown S:H655Y S:N679K S:P681R	21	53664	0.000391	23487	23642
T21609+CATGCCGCTGTT C21618T C21622T G21624C T21632-TACCCCCTG C21711T C21736-T A21764-TACATG C21781-A	S:INS17HAAV S:T19F S:T20F S:R21T S:DEL25/27 S:S50L NA S:DEL69/70 NA	21	6049	0.003472	21597	21802
G25284-T	NA	21	47112	0.000446	25268	25323
G25127-T	NA	21	36506	0.000575	25122	25190
G24868-T C24990T C25000T	NA S:P1143L S:D1146D	21	13030	0.001612	24850	25069
G23501A C23525T T23599G C23604G	S:A647T S:H655Y S:N679K S:P681R	21	54321	0.000387	23487	23624
G23222A C23244-T C23271T	S:E554K NA S:A570V	21	4389	0.004785	23107	23289
G21941T T21976-C G21987A T21990-TTA T22032C C22033A A22034G	S:V127F NA S:G142D S:DEL144 S:F157S S:F157S S:R158G	21	5967	0.003519	21896	22058
C25207T T25280C	S:Y1215Y S:C1240R	21	40318	0.000521	25197	25325
C25207T T25242C	S:Y1215Y S:I1227T	21	40530	0.000518	25202	25325
C25163T C25207T	S:Q1201* S:Y1215Y	21	38324	0.000548	25147	25323
C24981-T C24990T C25000T A25056+T	NA S:P1143L S:D1146D NA	21	13205	0.00159	24850	25069
C23854A A23888G	S:N764K S:K776E	21	22752	0.000923	23835	23895
C23816-T T23850+A	NA NA	21	22734	0.000924	23683	23889
C23525T T23599G C23604G G23621A	S:H655Y S:N679K S:P681R S:V687I	21	54695	0.000384	23487	23642
C23525T C23604G C23635T	S:H655Y S:P681R S:S691S	21	53849	0.00039	23487	23642
C23525T C23533T T23599G C23604G	S:H655Y S:N657N S:N679K S:P681R	21	54745	0.000384	23487	23642
C23520T C23525T T23599G C23604G	S:A653V S:H655Y S:N679K S:P681R	21	54730	0.000384	23487	23641
C23506T C23525T T23599G C23604G	S:G648G S:H655Y S:N679K S:P681R	21	54557	0.000385	23487	23624
C23277T C23334-T C23423T	S:T572I NA S:P621S	21	13957	0.001505	23273	23443
C23271T A23403G C23423T T23428C	S:A570V S:D614G S:P621S S:V622V	21	12830	0.001637	23269	23443
C23271T A23400+G C23423T	S:A570V NA S:P621S	21	12935	0.001624	23269	23429
C22295A C22353A A22443-C	S:H245N S:A264D NA	21	1323	0.015873	22256	22446
A25472+T	NA	21	9692	0.002167	25372	25484
A25420+T	NA	21	10255	0.002048	25381	25435
A25374-T	NA	21	10263	0.002046	25372	25396
A25315G	S:G1251G	21	47751	0.00044	25288	25323
A25194-AT G25197T	NA S:W1212L	21	40550	0.000518	25123	25210
A25154G C25207T	S:I1198V S:Y1215Y	21	37995	0.000553	25138	25258
A24675G	S:K1038R	21	22781	0.000922	24612	24679
A24551G	S:I997V	21	54332	0.000387	24503	24564
A24424T T24469A A24508G	S:Q954H S:N969K S:S982S	21	36696	0.000572	24412	24564
A24424T G24428A	S:Q954H S:A956T	21	37478	0.00056	24412	24563
A24424T A24554G	S:Q954H S:T998A	21	36098	0.000582	24418	24564
A24424T A24433G T24469A	S:Q954H S:Q957Q S:N969K	21	37036	0.000567	24412	24564
A24420G A24424T	S:N953S S:Q954H	21	39145	0.000536	24412	24424
A23848+T C23887-A	NA NA	21	22656	0.000927	23831	23895
A23786-T	NA	21	27307	0.000769	23762	23798
A23759G C23854A	S:K733E S:N764K	21	20008	0.00105	23699	23895
A23734G C23854A	S:T724T S:N764K	21	19863	0.001057	23683	23895
A23598+G C23604G	NA S:P681C	21	75135	0.000279	23580	23626
A23403G C23423T G23522-A C23525T	S:D614G S:P621S NA S:H655Y	21	12494	0.001681	23392	23532
A22110+G C22120-A A22193-ATT T22200G C22208T C22295A	NA NA S:DEL212 S:V213S S:L216S S:H245T	21	4907	0.00428	22100	22319
A22034+G	NA	21	9405	0.002233	22020	22057
A21875-T	NA	21	6677	0.003145	21847	21887
T25205C C25207T	S:Y1215H S:Y1215H	20	41142	0.000486	25151	25325
T25123+A C25207T	NA S:Y1215V	20	34350	0.000582	25122	25324
T24529C	S:A989A	20	54565	0.000367	24487	24564
T24482C	S:S974P	20	54369	0.000368	24473	24520
T24469A T24505C	S:N969K S:L981L	20	48712	0.000411	24465	24564
T24438+A T24469A	NA S:N969Q	20	37529	0.000533	24428	24498
T23599G C23604G T23652C	S:N679K S:P681R S:M697T	20	19293	0.001037	23580	23705
T23599G C23604G T23637-C	S:N679K S:P681R NA	20	73810	0.000271	23585	23642
T23599G C23604G C23630-A	S:N679K S:P681R NA	20	74377	0.000269	23580	23639
T23599G C23604G A23618G	S:N679K S:P681R S:S686G	20	75065	0.000266	23580	23642
T23511+A C23525T A23558-T T23599G C23604G	NA S:H655S NA S:N679* S:P681C	20	54624	0.000366	23487	23624
T22223A C22295A	S:S221T S:H245N	20	7482	0.002673	22216	22319
T21609+CATGCCGCTGTT C21618T C21622T G21624C T21632-TACCCCCTG G21686-T A21764-TACATG	S:INS17HAAV S:T19F S:T20F S:R21T S:DEL25/27 NA S:DEL69/70	20	6074	0.003293	21597	21802
G25401+T	NA	20	10437	0.001916	25372	25440
G25177+A	NA	20	40047	0.000499	25169	25325
G24510+T	NA	20	54714	0.000366	24470	24523
G21941T G21987A T21990-TTA C22033A A22034G	S:V127F S:G142D S:DEL144 S:F157L S:R158G	20	5967	0.003352	21853	22058
G21941T G21987A T21990-TTA C22000-A C22009-A T22032C C22033A A22034G	S:V127F S:G142D S:DEL144 NA NA S:F157S S:F157S S:R158G	20	5967	0.003352	21847	22058
C25517-T	NA	20	6911	0.002894	25372	25528
C25466-T	NA	20	9748	0.002052	25381	25475
C25207T T25257C	S:Y1215Y S:I1232T	20	40472	0.000494	25166	25320
C25207T T25220C	S:Y1215Y S:F1220L	20	40595	0.000493	25198	25323
C25207T A25246G	S:Y1215Y S:V1228V	20	40507	0.000494	25178	25320
C24421A A24424T T24469A	S:N953K S:Q954H S:N969K	20	37022	0.00054	24412	24544
C23854A A23891G	S:N764K S:N777D	20	22612	0.000884	23816	23895
C23799-A C23854A	NA S:N764K	20	22377	0.000894	23790	23881
C23525T T23599G C23604G T23640C	S:H655Y S:N679K S:P681R S:I693T	20	52860	0.000378	23487	23642
C23525T T23599G C23603T C23604G	S:H655Y S:N679K S:P681C S:P681C	20	54745	0.000365	23487	23642
C23525T G23568A T23599G C23604G	S:H655Y S:G669D S:N679K S:P681R	20	54745	0.000365	23487	23642
C23423T A23495+T C23525T	S:P621S NA S:H655S	20	12699	0.001575	23342	23539
C23271T T23317C A23403G C23423T	S:A570V S:L585L S:D614G S:P621S	20	12935	0.001546	23269	23443
C23271T A23403G C23423T T23434-C	S:A570V S:D614G S:P621S NA	20	12684	0.001577	23269	23443
C23271T A23403G A23416-G C23423T	S:A570V S:D614G NA S:P621S	20	12935	0.001546	23269	23429
C23271T A23359G A23403G C23423T	S:A570V S:T599T S:D614G S:P621S	20	12935	0.001546	23269	23443
C23103-T G23222A C23271T	NA S:E554K S:A570V	20	4130	0.004843	23089	23290
C23103-T	NA	20	5001	0.003999	23091	23118
C22120-A A22161-T A22193-ATT T22200G C22208T C22295A	NA NA S:DEL212 S:V213G S:L216F S:H245N	20	4983	0.004014	22100	22310
C21618T C21622T T21632-TACCCCCTG C21711T A21764-TACATG C21781-A	S:T19I S:T20T S:DEL25/27 S:S50L S:DEL69/70 NA	20	6049	0.003306	21597	21802
C21618T C21622T G21624C T21632-TACCCCCTG C21711T A21764-TACATG T21784A G21785T	S:T19I S:T20T S:R21T S:DEL25/27 S:S50L S:DEL69/70 S:N74K S:G75C	20	6044	0.003309	21597	21802
A25449G	ORF3a:E19E	20	9914	0.002017	25372	25476
A25397-T	NA	20	10467	0.001911	25375	25423
A24554G	S:T998A	20	54226	0.000369	24477	24564
A24538G	S:Q992Q	20	54442	0.000367	24523	24564
A24424T T24511C	S:Q954H S:R983R	20	36654	0.000546	24412	24564
A24424T T24505C	S:Q954H S:L981L	20	36725	0.000545	24412	24564
A24424T T24470-TTG	S:Q954H S:DEL971	20	36978	0.000541	24412	24554
A24424T T24448C T24469A	S:Q954H S:L962L S:N969K	20	37036	0.00054	24415	24564
A24424T C24536T	S:Q954H S:Q992*	20	36372	0.00055	24412	24564
A24424T C24458+T	S:Q954H NA	20	37163	0.000538	24417	24468
A24424T C24431T T24436C T24469A	S:Q954H S:Q957* S:A958A S:N969K	20	37036	0.00054	24416	24500
A24424T A24516G	S:Q954H S:D985G	20	36609	0.000546	24412	24564
A24424T A24454G	S:Q954H S:K964K	20	37235	0.000537	24412	24564
A24424T A24426G T24469A	S:Q954H S:N955S S:N969K	20	37036	0.00054	24412	24474
A23848+T	NA	20	23642	0.000846	23767	23863
A23777G C23854A	S:T739A S:N764K	20	22026	0.000908	23754	23895
A23712+T G23768-T	NA NA	20	25347	0.000789	23683	23776
A23512G C23525T T23599G C23604G	S:L650L S:H655Y S:N679K S:P681R	20	54631	0.000366	23493	23642
A23403G C23423T T23434-C	S:D614G S:P621S NA	20	27881	0.000717	23374	23441
A23403G C23423T A23523G C23525T	S:D614G S:P621S S:E654G S:H655Y	20	12494	0.001601	23366	23539
T25283C	S:C1241R	19	47100	0.000403	25266	25325
T25148C C25207T	S:S1196P S:Y1215Y	19	37533	0.000506	25136	25264
T25123-G	NA	19	35945	0.000529	25122	25143
T24982C C24990T C25000T	S:P1140P S:P1143L S:D1146D	19	13512	0.001406	24850	25069
T24585C	S:V1008A	19	15783	0.001204	24484	24679
T24499+A C24672-A	NA NA	19	15227	0.001248	24486	24679
T23842C C23854A	S:C760C S:N764K	19	23276	0.000816	23683	23894
T23820G G23821T C23887-A	S:L753C S:L753C NA	19	21896	0.000868	23683	23895
T23818C C23854A	S:L752L S:N764K	19	22677	0.000838	23767	23881
T23686+A	NA	19	46780	0.000406	23683	23707
T23599G C23604G T23620C	S:N679K S:P681R S:S686S	19	75051	0.000253	23580	23642
T23599G C23604G G23666-A A23711-AT	S:N679K S:P681R NA NA	19	18679	0.001017	23580	23724
T23599G C23604G C23606-G	S:N679K S:P681R NA	19	75133	0.000253	23580	23634
T23599G C23604G A23691G	S:N679K S:P681R S:N710S	19	19082	0.000996	23580	23711
T23394C A23403G C23423T C23525T	S:L611P S:D614G S:P621S S:H655Y	19	12431	0.001528	23339	23535
T21609+CATGCCGCTGTT C21618T C21622T T21632-TACCCCCTG C21711T A21764-TACATG	S:INS17HAAV S:T19F S:T20F S:DEL25/27 S:S50L S:DEL69/70	19	6074	0.003128	21597	21802
G25177-T	NA	19	40047	0.000474	25122	25185
G23868-A	NA	19	23655	0.000803	23855	23891
C25433-T	NA	19	10122	0.001877	25382	25446
C25339-G	NA	19	2726	0.00697	25318	25477
C25207T T25264C	S:Y1215Y S:L1234L	19	40410	0.00047	25197	25325
C25207T T25258C	S:Y1215Y S:I1232I	19	40467	0.00047	25141	25325
C25207T G25226A	S:Y1215Y S:A1222T	19	40585	0.000468	25199	25325
C25207T C25214+G	S:Y1215Y NA	19	40606	0.000468	25203	25325
C24899-A C24990T C25000T	NA S:P1143L S:D1146D	19	13178	0.001442	24850	25030
C24878-A C24981-T C24990T C25000T	NA NA S:P1143L S:D1146D	19	13082	0.001452	24850	25069
C24672-A T24689G G24690T	NA S:C1043V S:C1043V	19	6433	0.002954	24612	24702
C24632-T	NA	19	22961	0.000827	24621	24679
C23887A A23888C G23948T	S:D775E S:K776Q S:D796Y	19	1517	0.012525	23875	23977
C23854A G23856A	S:N764K S:R765H	19	23485	0.000809	23848	23881
C23683T	S:Y707Y	19	20545	0.000925	23673	23724
C23604T	S:P681L	19	75222	0.000253	23580	23642
C23525T G23562A T23599G C23604G	S:H655Y S:G667D S:N679K S:P681R	19	54745	0.000347	23487	23642
C23525T C23551T T23599G C23604G	S:H655Y S:D663D S:N679K S:P681R	19	54745	0.000347	23487	23642
C23525T A23558-T T23599G	S:H655Y NA S:N679K	19	54757	0.000347	23493	23603
C23271T C23334-T C23367+A A23403G C23423T	S:A570V NA NA S:D614G S:P621S	19	12935	0.001469	23269	23443
C23271T A23403G T23404C C23423T	S:A570V S:D614G S:D614G S:P621S	19	12935	0.001469	23269	23443
C22295A G22302-T	S:H245N NA	19	10571	0.001797	22287	22319
A25185G C25207T	S:Q1208R S:Y1215Y	19	39544	0.00048	25122	25225
A25165G C25207T	S:Q1201Q S:Y1215Y	19	38414	0.000495	25135	25325
A24898-CA C24981-T C24990T C25000T	NA NA S:P1143L S:D1146D	19	13171	0.001443	24868	25069
A24885+T G24971+T C24981-T C24990T C25000T	NA NA NA S:P1143I S:D1146Y	19	13100	0.00145	24850	25019
A24424T T24482C	S:Q954H S:S974P	19	36913	0.000515	24412	24564
A24424T T24464C	S:Q954H S:S968P	19	37077	0.000512	24412	24564
A24424T T24450C	S:Q954H S:V963A	19	37287	0.00051	24412	24478
A24424T T24447C T24469A	S:Q954H S:L962P S:N969K	19	37036	0.000513	24412	24562
A24424T T24437C T24469A	S:Q954H S:L959L S:N969K	19	37036	0.000513	24412	24564
A24424T A24551G	S:Q954H S:I997V	19	36181	0.000525	24412	24564
A24424T A24457G	S:Q954H S:Q965Q	19	37175	0.000511	24412	24564
A24424T A24441G T24469A	S:Q954H S:N960S S:N969K	19	37036	0.000513	24412	24482
A24424T A24425G	S:Q954H S:N955D	19	39101	0.000486	24412	24555
A24323-AAT	S:DEL922	19	5230	0.003633	24148	24337
A24110-T C24119-A G24140-T	NA NA NA	19	2767	0.006867	24063	24158
A23767G	S:S735S	19	25674	0.00074	23683	23784
A23762G C23854A	S:T734A S:N764K	19	20023	0.000949	23750	23892
A23598G T23599G C23604G	S:N679R S:N679R S:P681R	19	75135	0.000253	23580	23642
A22629C C22674T T22679C T22685-C A22688G G22770A G22775A A22786C G22813T	S:K356T S:S371F S:S373P NA S:T376A S:R403K S:D405N S:R408S S:K417N	19	87	0.218391	22623	22834
T25322C	S:C1254R	18	47506	0.000379	25299	25325
T25202C C25207T	S:W1214R S:Y1215Y	18	40994	0.000439	25122	25264
T25128C C25207T	S:V1189A S:Y1215Y	18	34981	0.000515	25122	25316
T24660+A	NA	18	22848	0.000788	24612	24671
T24511C	S:R983R	18	54690	0.000329	24483	24524
T24471-TG T24492-A	NA NA	18	52089	0.000346	24465	24564
T24414C A24424T	S:V951A S:Q954H	18	38829	0.000464	24412	24443
T23822C C23854A	S:L754L S:N764K	18	22762	0.000791	23792	23892
T23599G C23604G T23676C	S:N679K S:P681R S:V705A	18	19161	0.000939	23580	23724
T23599G C23604G C23609T	S:N679K S:P681R S:R683W	18	75124	0.00024	23580	23640
T23599G C23604G A23674G	S:N679K S:P681R S:S704S	18	19175	0.000939	23580	23724
T23584C T23599G C23604G	S:Y674Y S:N679K S:P681R	18	74967	0.00024	23580	23642
G25198A C25207T	S:W1212* S:Y1215Y	18	40527	0.000444	25171	25325
G24883-A C24990T C25000T	NA S:P1143L S:D1146D	18	13093	0.001375	24853	25069
G23948T A23964-T	S:D796Y NA	18	2406	0.007481	23941	23978
G23518A C23525T T23599G C23604G	S:G652G S:H655Y S:N679K S:P681R	18	54725	0.000329	23501	23624
G23384-T A23403G C23423T	NA S:D614G S:P621S	18	27923	0.000645	23372	23443
G22104-A	NA	18	5532	0.003254	22100	22121
G22021T T22032C C22033A A22034G	S:M153I S:F157S S:F157S S:R158G	18	9379	0.001919	22001	22058
C25546+T	NA	18	6687	0.002692	25372	25559
C25207T G25261A	S:Y1215Y S:M1233I	18	40443	0.000445	25130	25325
C25199A C25207T	S:P1213T S:Y1215Y	18	40586	0.000444	25128	25214
C25169-T C25207T	NA S:Y1215Y	18	38553	0.000467	25122	25264
C24981-T C24990T C25000T G25012T	NA S:P1143L S:D1146D S:E1150D	18	13439	0.001339	24852	25066
C24981-T	NA	18	13684	0.001315	24850	24995
C24421T A24424T T24469A	S:N953N S:Q954H S:N969K	18	37022	0.000486	24415	24544
C23709-A	NA	18	46824	0.000384	23684	23719
C23525T T23599G C23604G C23634T	S:H655Y S:N679K S:P681R S:S691F	18	53959	0.000334	23487	23637
C23525T T23599G C23604G A23636-T A23639G	S:H655Y S:N679K S:P681R NA S:I693V	18	52947	0.00034	23487	23642
C23525T C23565T T23599G C23604G	S:H655Y S:A668V S:N679K S:P681R	18	54745	0.000329	23487	23642
C23525T C23557T T23599G C23604G	S:H655Y S:P665P S:N679K S:P681R	18	54745	0.000329	23487	23642
C23525T A23566T T23599G C23604G	S:H655Y S:A668A S:N679K S:P681R	18	54745	0.000329	23504	23639
C23525T A23558-T T23599G C23604G C23635T	S:H655Y NA S:N679K S:P681R S:S691S	18	53849	0.000334	23487	23642
C23492-A C23525T T23599G C23604G	NA S:H655Y S:N679K S:P681R	18	53881	0.000334	23487	23624
A25194-AT G25197T C25207T G25218-T	NA S:W1212L S:Y1215Y NA	18	39663	0.000454	25127	25325
A25193G C25207T	S:K1211E S:Y1215Y	18	40202	0.000448	25171	25324
A25158G C25207T	S:D1199G S:Y1215Y	18	38147	0.000472	25132	25320
A25137-T C25207T C25262-T	NA S:Y1215Y NA	18	36148	0.000498	25123	25325
A24963G C24990T C25000T	S:N1134S S:P1143L S:D1146D	18	13450	0.001338	24850	25069
A24922+T C24990T C25000T	NA S:P1143I S:D1146S	18	13269	0.001357	24850	25069
A24915G C24990T C25000T	S:D1118G S:P1143L S:D1146D	18	13253	0.001358	24850	25065
A24641G	S:T1027A	18	22914	0.000786	24612	24679
A24556G	S:T998T	18	54091	0.000333	24518	24564
A24424T T24504C	S:Q954H S:L981P	18	36734	0.00049	24412	24563
A24424T T24499C	S:Q954H S:D979D	18	36782	0.000489	24412	24564
A24424T T24489C	S:Q954H S:V976A	18	36853	0.000488	24413	24564
A24424T T24469A T24514C	S:Q954H S:N969K S:L984L	18	36628	0.000491	24412	24564
A24424T T24469A T24480C	S:Q954H S:N969K S:I973T	18	36926	0.000487	24412	24564
A24424T T24469A C24517-A	S:Q954H S:N969K NA	18	36599	0.000492	24412	24564
A24424T A24525G	S:Q954H S:E988G	18	36488	0.000493	24412	24552
A23826G C23854A	S:Q755R S:N764K	18	22842	0.000788	23814	23895
A23588G T23599G C23604G	S:T676A S:N679K S:P681R	18	75031	0.00024	23580	23642
A23515+G C23525T	NA S:H655S	18	69906	0.000257	23487	23530
A22161-T A22193-ATT T22200G C22208T C22295A	NA S:DEL212 S:V213G S:L216F S:H245N	18	5149	0.003496	22100	22319
A21875-T C21888-T T21940-G A21979-T G21987A T21990-TTA C22000-A C22009-A T22032C C22033A A22034G	NA NA NA NA S:G142D S:DEL144 NA NA S:F157S S:F157S S:R158G	18	5733	0.00314	21847	22058
T25382+A T25542A	NA ORF3a:V50R	17	6676	0.002546	25375	25566
T25263C	S:L1234P	17	46550	0.000365	25255	25325
T25245-A	NA	17	43435	0.000391	25224	25323
T25178C C25207T	S:Y1206H S:Y1215Y	17	39020	0.000436	25124	25325
T25155C C25207T	S:I1198T S:Y1215Y	17	38056	0.000447	25130	25325
T25138C C25207T	S:N1192N S:Y1215Y	17	36878	0.000461	25130	25325
T24656C	S:C1032R	17	22883	0.000743	24612	24679
T24650C	S:S1030P	17	22907	0.000742	24612	24679
T24637C	S:A1025A	17	22927	0.000741	24612	24676
T24564C	S:L1001P	17	53916	0.000315	24475	24564
T24472-G T24492-A	NA NA	17	52163	0.000326	24465	24679
T24469A G24521+T	S:N969K NA	17	48471	0.000351	24465	24564
T23830-G C23854A	NA S:N764K	17	22907	0.000742	23795	23895
T23599G C23604G G23611T G23666-A	S:N679K S:P681R S:R683R NA	17	19222	0.000884	23580	23724
T23599G C23604G C23655T	S:N679K S:P681R S:S698L	17	19278	0.000882	23580	23724
T23599G C23604G A23682G	S:N679K S:P681R S:Y707C	17	19130	0.000889	23580	23724
T23599G C23604G A23639G	S:N679K S:P681R S:I693V	17	73104	0.000233	23580	23642
T23599G C23604G A23632G	S:N679K S:P681R S:Q690Q	17	74251	0.000229	23580	23642
T23490C C23525T T23599G C23604G	S:F643S S:H655Y S:N679K S:P681R	17	53853	0.000316	23486	23639
T23482-A C23525T	NA S:H655Y	17	13122	0.001296	23474	23539
T21609+CATGCCGCTGTT C21618T C21622T G21624C T21632-TACCCCCTG C21732-T A21764-TACATG	S:INS17HAAV S:T19F S:T20F S:R21T S:DEL25/27 NA S:DEL69/70	17	6074	0.002799	21597	21791
G25135+A C25207T C25262-T	NA S:Y1215V NA	17	35960	0.000473	25122	25325
G25130A C25207T	S:A1190T S:Y1215Y	17	35266	0.000482	25122	25324
G24488-T C24517-A C24672-A	NA NA NA	17	15086	0.001127	24474	24679
G23504A C23525T T23599G C23604G	S:G648S S:H655Y S:N679K S:P681R	17	54480	0.000312	23487	23642
G23501T C23525T C23604G	S:A647S S:H655Y S:P681R	17	54321	0.000313	23487	23637
G23499+T	NA	17	69901	0.000243	23487	23511
C25207T T25245C	S:Y1215Y S:V1228A	17	40512	0.00042	25187	25325
C25207T C25318T	S:Y1215Y S:S1252S	17	40039	0.000425	25191	25320
C25207T C25282T	S:Y1215Y S:C1240C	17	40311	0.000422	25181	25320
C25207T C25276-A	S:Y1215Y NA	17	40323	0.000422	25195	25325
C25207T C25262-T G25314T	S:Y1215Y NA S:G1251V	17	40126	0.000424	25127	25316
C25207T A25296-G	S:Y1215Y NA	17	40241	0.000422	25189	25325
C25199T C25207T	S:P1213S S:Y1215Y	17	40586	0.000419	25123	25324
C25169-T	NA	17	39838	0.000427	25131	25185
C25132+A C25207T C25262-T	NA S:Y1215V NA	17	35721	0.000476	25124	25288
C24672-A C24715+T	NA NA	17	6015	0.002826	24612	24794
C24378T	S:S939F	17	1749	0.00972	24365	24397
C24263-A	NA	17	5304	0.003205	24229	24290
C23854A A23894G	S:N764K Unknown	17	21669	0.000785	23792	23895
C23816+T C23887-A	NA NA	17	21801	0.00078	23683	23895
C23525T T23599G C23604G T23605C	S:H655Y S:N679K S:P681R S:P681R	17	54737	0.000311	23487	23642
C23525T T23599A C23604G	S:H655Y S:N679K S:P681R	17	54745	0.000311	23487	23639
C23525T G23528A T23599G C23604G	S:H655Y S:V656I S:N679K S:P681R	17	54745	0.000311	23487	23633
C23525T C23577T T23599G C23604G	S:H655Y S:A672V S:N679K S:P681R	17	54745	0.000311	23487	23624
C23367+A	NA	17	29101	0.000584	23339	23377
C23271T T23289C C23334-T A23403G C23423T	S:A570V S:V576A NA S:D614G S:P621S	17	12935	0.001314	23269	23443
C21978A G21987A T21990-TTA T22032C C22033A	S:P139Q S:G142D S:DEL144 S:F157S S:F157S	17	7075	0.002403	21960	22057
C21618T C21622T G21624C C21711T A21764-TACATG	S:T19I S:T20T S:R21T S:S50L S:DEL69/70	17	6074	0.002799	21597	21780
C21618T C21622T G21624C	S:T19I S:T20T S:R21T	17	6734	0.002525	21597	21664
A25247G	S:M1229V	17	43477	0.000391	25218	25318
A25194-AT G25197T C25262-T	NA S:W1212L NA	17	39504	0.00043	25122	25288
A25137-T C25207T	NA S:Y1215Y	17	36824	0.000462	25130	25321
A25137+T C25207T	NA S:Y1215V	17	36824	0.000462	25122	25261
A24917G C24990T C25000T	S:N1119D S:P1143L S:D1146D	17	13260	0.001282	24850	25065
A24508G	S:S982S	17	54711	0.000311	24478	24554
A24424T T24549C	S:Q954H S:L996S	17	36204	0.00047	24416	24564
A24424T T24480C	S:Q954H S:I973T	17	36926	0.00046	24412	24558
A24424T T24469A T24549C	S:Q954H S:N969K S:L996S	17	36204	0.00047	24412	24554
A24424T T24469A T24489C	S:Q954H S:N969K S:V976A	17	36853	0.000461	24415	24564
A24424T T24469A G24535A	S:Q954H S:N969K S:V991V	17	36389	0.000467	24412	24564
A24424T T24469A A24554G	S:Q954H S:N969K S:T998A	17	36098	0.000471	24412	24564
A24424T C24435+T	S:Q954H NA	17	37434	0.000454	24412	24445
A24424T A24456G T24469A	S:Q954H S:Q965R S:N969K	17	37036	0.000459	24412	24564
A24424T A24430G	S:Q954H S:A956A	17	37471	0.000454	24415	24564
A24420-C A24424T T24469A T24472-G	NA S:Q954H S:N969K NA	17	36943	0.00046	24412	24564
A24318-C	NA	17	5342	0.003182	24295	24357
A24253-T C24263-A	NA NA	17	5256	0.003234	24233	24279
A24103+T	NA	17	3974	0.004278	24088	24185
A23964-T	NA	17	2885	0.005893	23951	23978
A23834G C23854A	S:S758G S:N764K	17	22996	0.000739	23821	23881
A23800G C23854A	S:S746S S:N764K	17	22403	0.000759	23683	23895
A23732G C23854A	S:T724A S:N764K	17	19846	0.000857	23725	23886
A23712+T C23887-A	NA NA	17	18979	0.000896	23683	23895
A23702G C23854A	S:I714V S:N764K	17	19671	0.000864	23683	23895
A23688+G	NA	17	46842	0.000363	23683	23724
A23403G C23423T T23448C C23525T	S:D614G S:P621S S:L629P S:H655Y	17	12494	0.001361	23335	23539
A23403G C23423T C23525T A23531G	S:D614G S:P621S S:H655Y S:N657D	17	12448	0.001366	23335	23539
A23403G A23414G C23423T C23525T	S:D614G S:T618A S:P621S S:H655Y	17	12494	0.001361	23351	23539
A22629C C22674T T22679C	S:K356T S:S371F S:S373P	17	694	0.024496	22623	22685
T25473C	ORF3a:D27D	16	9679	0.001653	25381	25476
T25312C	S:C1250C	16	47726	0.000335	25294	25325
T25307C	S:S1249P	16	47689	0.000336	25265	25322
T25306C	S:C1248C	16	47663	0.000336	25292	25322
T25303C	S:C1247C	16	47574	0.000336	25251	25324
T25268C	S:C1236R	16	46713	0.000343	25255	25325
T25222C	S:F1220F	16	42901	0.000373	25213	25324
T25159C C25207T C25262-T	S:D1199D S:Y1215Y NA	16	37451	0.000427	25124	25325
T25140+A C25207T	NA S:Y1215V	16	36977	0.000433	25122	25242
T24628-A	NA	16	22963	0.000697	24612	24679
T24625C	S:S1021S	16	22928	0.000698	24612	24679
T24534C	S:V991A	16	54495	0.000294	24488	24556
T24489C	S:V976A	16	54636	0.000293	24480	24563
T24436C	S:A958A	16	37924	0.000422	24412	24564
T23781C C23854A	S:M740T S:N764K	16	22059	0.000725	23683	23895
T23686-A	NA	16	46780	0.000342	23683	23703
T23684C C23854A	S:S708P S:N764K	16	19374	0.000826	23683	23895
T23599G T23602C C23604G	S:N679K S:S680S S:P681R	16	75149	0.000213	23580	23642
T23599G C23604G T23697C	S:N679K S:P681R S:I712T	16	19046	0.00084	23580	23724
T23599G C23604G T23680C	S:N679K S:P681R S:A706A	16	19137	0.000836	23580	23724
T23599G C23604G T23672C	S:N679K S:P681R S:S704P	16	19189	0.000834	23580	23700
T23599G C23604G C23657+T	S:N679K S:P681R NA	16	19271	0.00083	23580	23691
T23599G A23712-T	S:N679K NA	16	18675	0.000857	23580	23724
T23509G C23525T T23599G C23604G	S:C649W S:H655Y S:N679K S:P681R	16	54604	0.000293	23487	23642
T23341C A23403G C23423T C23525T	S:G593G S:D614G S:P621S S:H655Y	16	11838	0.001352	23335	23539
T23337-TG A23403G C23423T	NA S:D614G S:P621S	16	27019	0.000592	23335	23435
T23143-A T23164-A G23222A C23230-A C23244-T C23271T	NA NA S:E554K NA NA S:A570V	16	4204	0.003806	23089	23290
T21976-C G21987A T21990-TTA T22032C C22033A	NA S:G142D S:DEL144 S:F157S S:F157S	16	7072	0.002262	21965	22058
T21609+CATGCCGCTGTT C21618T C21622T T21632-TACCCCCTG C21711T A21764-TACATG C21781-A	S:INS17HAAV S:T19F S:T20F S:DEL25/27 S:S50L S:DEL69/70 NA	16	6049	0.002645	21597	21802
G25447+A	NA	16	9951	0.001608	25381	25476
G25173-A C25207T	NA S:Y1215Y	16	38751	0.000413	25139	25325
G25135+A	NA	16	38275	0.000418	25127	25144
G24944+T C24981-T C24990T C25000T	NA NA S:P1143I S:D1146S	16	13362	0.001197	24852	25005
G24914A C24990T C25000T	S:D1118N S:P1143L S:D1146D	16	13251	0.001207	24872	25069
G24693-A	NA	16	7143	0.00224	24670	24714
G24611+A	NA	16	15725	0.001017	24474	24634
G23873+A G23948T	NA S:D796*	16	1433	0.011165	23861	23978
G23222A C23271T C23277T	S:E554K S:A570V S:T572I	16	4362	0.003668	23156	23290
G21987A T21990-TTA C22000-A T22032C C22033A A22034G	S:G142D S:DEL144 NA S:F157S S:F157S S:R158G	16	7081	0.00226	21965	22058
C25207T T25245-A	S:Y1215Y NA	16	40512	0.000395	25132	25324
C25207T G25320A	S:Y1215Y S:C1253Y	16	40001	0.0004	25130	25324
C25207T G25299A	S:Y1215Y S:G1246D	16	40236	0.000398	25171	25324
C25207T G25218-T C25262-TT	S:Y1215Y NA NA	16	40437	0.000396	25130	25325
C25207T C25276T	S:Y1215Y S:T1238T	16	40323	0.000397	25203	25325
C25207T A25256G	S:Y1215Y S:I1232V	16	40473	0.000395	25195	25325
C25184T C25207T	S:Q1208* S:Y1215Y	16	39511	0.000405	25123	25325
C25132+A C25207T	NA S:Y1215V	16	36366	0.00044	25122	25253
C24990T A24999G C25000T	S:P1143L S:D1146G S:D1146G	16	13526	0.001183	24857	25069
C24981-T C24990T C25000T T25051-GTT	NA S:P1143L S:D1146D S:DEL1164	16	13235	0.001209	24850	25069
C24981-T C24990T C25000T A25056-T	NA S:P1143L S:D1146D NA	16	13205	0.001212	24850	25069
C24536T	S:Q992*	16	54457	0.000294	24513	24564
C24026-T G24140-T	NA NA	16	2324	0.006885	24021	24171
C23854A T23878C	S:N764K S:V772V	16	23095	0.000693	23784	23892
C23854A C23887A A23888C	S:N764K S:D775E S:K776Q	16	22752	0.000703	23844	23895
C23854A A23890G	S:N764K S:K776K	16	22658	0.000706	23683	23895
C23854A A23889G	S:N764K S:K776R	16	22676	0.000706	23834	23895
C23854A A23869G	S:N764K S:G769G	16	23301	0.000687	23835	23895
C23816-TT C23854A	NA S:N764K	16	22616	0.000707	23805	23895
C23525T T23599G C23604G C23609+G	S:H655Y S:N679K S:P681R NA	16	54732	0.000292	23487	23642
C23525T T23553C T23599G C23604G G23610A	S:H655Y S:I664T S:N679K S:P681R S:R683Q	16	54727	0.000292	23487	23624
C23525T T23537C T23599G T23602C C23604G	S:H655Y S:S659P S:N679K S:S680S S:P681R	16	54745	0.000292	23492	23642
C23525T G23580+T T23599G C23604G	S:H655Y NA S:N679* S:P681C	16	54745	0.000292	23499	23633
C23525T G23574A T23599G C23604G	S:H655Y S:C671Y S:N679K S:P681R	16	54745	0.000292	23487	23634
C23525T G23549A T23599G C23604G	S:H655Y S:D663N S:N679K S:P681R	16	54745	0.000292	23487	23637
C23525T A23554-C T23599G C23604G	S:H655Y NA S:N679K S:P681R	16	54745	0.000292	23487	23642
C23277T A23403G	S:T572I S:D614G	16	14142	0.001131	23272	23443
C23271T C23277T C23334-T	S:A570V S:T572I NA	16	13687	0.001169	23269	23354
C23202T G23222A C23271T	S:T547I S:E554K S:A570V	16	4353	0.003676	23089	23290
C23099-T T23143-A	NA NA	16	4925	0.003249	23096	23162
C22120-A A22193-ATT T22200G C22208T C22227-T C22295A	NA S:DEL212 S:V213G S:L216F NA S:H245N	16	4983	0.003211	22100	22301
C22000-A T22032C C22033A A22034G	NA S:F157S S:F157S S:R158G	16	9060	0.001766	21993	22058
A25462G	ORF3a:T24A	16	9785	0.001635	25384	25477
A25253G	S:T1231A	16	46212	0.000346	25241	25320
A25190+G C25207T	NA S:Y1215V	16	39816	0.000402	25181	25242
A25136G C25207T	S:N1192D S:Y1215Y	16	36761	0.000435	25122	25325
A24679G	S:R1039R	16	22350	0.000716	24612	24679
A24673G	S:S1037S	16	22667	0.000706	24612	24679
A24652G	S:S1030S	16	22905	0.000699	24618	24679
A24532G	S:E990E	16	54510	0.000294	24465	24564
A24531G	S:E990G	16	54528	0.000293	24493	24564
A24479+T	NA	16	54070	0.000296	24470	24492
A24424T T24552C	S:Q954H S:I997T	16	36158	0.000443	24412	24564
A24424T T24506C	S:Q954H S:S982P	16	36723	0.000436	24412	24564
A24424T T24469A T24482C	S:Q954H S:N969K S:S974P	16	36913	0.000433	24412	24564
A24424T T24469A G24476A	S:Q954H S:N969K S:A972T	16	36954	0.000433	24412	24552
A24424T C24431+A	S:Q954H NA	16	37470	0.000427	24412	24451
A24424T A24518G	S:Q954H S:K986E	16	36597	0.000437	24412	24551
A24424T A24498G	S:Q954H S:D979G	16	36785	0.000435	24412	24558
A24424T A24454G T24469A	S:Q954H S:K964K S:N969K	16	37036	0.000432	24413	24564
A24424C T24469A	S:Q954H S:N969K	16	37036	0.000432	24412	24564
A23843G C23854A	S:T761A S:N764K	16	23332	0.000686	23788	23895
A23784G C23854A	S:Y741C S:N764K	16	22075	0.000725	23699	23895
A23746G C23854A	S:P728P S:N764K	16	19960	0.000802	23683	23895
A23403G T23482-A C23525T	S:D614G NA S:H655Y	16	12494	0.001281	23386	23539
A23403G C23423T T23507C C23525T	S:D614G S:P621S S:C649R S:H655Y	16	12494	0.001281	23335	23539
A23403G C23423T T23467A C23525T	S:D614G S:P621S S:V635V S:H655Y	16	12494	0.001281	23335	23539
A23403G C23423T C23502T C23525T	S:D614G S:P621S S:A647V S:H655Y	16	12494	0.001281	23335	23539
A21875-T G21941T G21987A T21990-TTA C22000-A T22032C C22033A A22034G	NA S:V127F S:G142D S:DEL144 NA S:F157S S:F157S S:R158G	16	5733	0.002791	21848	22043
T25304C	S:C1248R	15	47628	0.000315	25267	25324
T25180C C25207T	S:Y1206Y S:Y1215Y	15	39153	0.000383	25160	25307
T25144C C25207T	S:N1194N S:Y1215Y	15	37383	0.000401	25130	25324
T24960C C24990T C25000T	S:V1133A S:P1143L S:D1146D	15	13436	0.001116	24898	25066
T24623C	S:S1021P	15	22923	0.000654	24612	24679
T24607C	S:A1015A	15	15728	0.000954	24483	24679
T24472-G C24536-A	NA NA	15	51355	0.000292	24465	24564
T24469A T24504C	S:N969K S:L981P	15	48724	0.000308	24465	24564
T23837C C23854A	S:F759L S:N764K	15	23149	0.000648	23787	23895
T23836C C23854A	S:S758S S:N764K	15	23097	0.000649	23683	23895
T23797C C23854A	S:D745D S:N764K	15	22344	0.000671	23683	23895
T23754C C23854A	S:M731T S:N764K	15	19987	0.00075	23709	23895
T23742C C23854A	S:L727P S:N764K	15	19920	0.000753	23695	23895
T23143-A T23164-A	NA NA	15	4967	0.00302	23096	23177
T22926C	S:L455S	15	473	0.031712	22922	22967
T21609+CATGCCGCTGTT C21618T C21622T G21624C T21632-TACCCCCTG C21654-T C21711T A21764-TACATG	S:INS17HAAV S:T19F S:T20F S:R21T S:DEL25/27 NA S:S50L S:DEL69/70	15	6074	0.00247	21597	21802
G24547T	S:R995S	15	54353	0.000276	24493	24564
G24227A	S:G889S	15	3006	0.00499	24148	24323
G23885+A G23948T	NA S:D796*	15	1507	0.009954	23875	23978
G23795A C23854A	S:D745N S:N764K	15	22284	0.000673	23786	23895
G23726A C23854A	S:V722I S:N764K	15	19811	0.000757	23683	23895
G23516A C23525T T23599G C23604G	S:G652R S:H655Y S:N679K S:P681R	15	54692	0.000274	23487	23642
G23508-T C23525T T23599G C23604G	NA S:H655Y S:N679K S:P681R	15	54584	0.000275	23493	23618
G23508+T T23599G C23604G	NA S:N679* S:P681C	15	54584	0.000275	23486	23642
G23364T C23423T C23525T	S:G601V S:P621S S:H655Y	15	12168	0.001233	23339	23539
G21941T G21987A T22032C C22033A A22034G	S:V127F S:G142D S:F157S S:F157S S:R158G	15	5967	0.002514	21917	22058
G21941T C21978A G21987A T21990-TTA T22032C C22033A A22034G	S:V127F S:P139Q S:G142D S:DEL144 S:F157S S:F157S S:R158G	15	5967	0.002514	21847	22058
C25207T T25316C	S:Y1215Y S:S1252P	15	40103	0.000374	25199	25325
C25207T T25219C C25262-T	S:Y1215Y S:G1219G NA	15	40437	0.000371	25122	25325
C25207T G25281A	S:Y1215Y S:C1240Y	15	40316	0.000372	25191	25325
C25207T G25244-T	S:Y1215Y NA	15	40515	0.00037	25199	25324
C25207T A25225G	S:Y1215Y S:I1221M	15	40585	0.00037	25152	25325
C25151+A	NA	15	39253	0.000382	25143	25161
C24784-T	NA	15	8603	0.001744	24726	24794
C24672-A G24776-A	NA NA	15	5868	0.002556	24612	24806
C24627T C24672-A	S:A1022V NA	15	22532	0.000666	24612	24687
C24422-A A24425T T24469A	NA S:N955Y S:N969K	15	37027	0.000405	24412	24564
C23854A A23892G	S:N764K S:N777S	15	22159	0.000677	23767	23895
C23854A A23884G	S:N764K S:Q774Q	15	22878	0.000656	23805	23895
C23833T C23854A	S:G757G S:N764K	15	22969	0.000653	23824	23881
C23816-T A23853-C	NA NA	15	22637	0.000663	23683	23873
C23700T C23854A	S:A713V S:N764K	15	19659	0.000763	23683	23895
C23525T T23599G C23604G G23628A	S:H655Y S:N679K S:P681R S:S689N	15	54115	0.000277	23487	23631
C23525T G23561A T23599G C23604G	S:H655Y S:G667S S:N679K S:P681R	15	54745	0.000274	23487	23624
C23525T C23595T T23599G C23604G	S:H655Y S:T678I S:N679K S:P681R	15	54745	0.000274	23487	23642
C23492-A	NA	15	69509	0.000216	23487	23502
C23271T T23335C A23403G C23423T	S:A570V S:S591S S:D614G S:P621S	15	12935	0.00116	23269	23443
C23099-T C23103-T	NA NA	15	4987	0.003008	23089	23117
C22033A	S:F157L	15	9405	0.001595	22020	22056
C21618T T21632-TACCCCCTG	S:T19I S:DEL25/27	15	6734	0.002228	21597	21664
A25472-T T25542A	NA ORF3a:V50V	15	6698	0.002239	25372	25552
A25295G	S:K1245E	15	47343	0.000317	25264	25325
A25179G C25207T	S:Y1206C S:Y1215Y	15	39098	0.000384	25130	25324
A24922-T G24971+T C24981-T C24990T C25000T	NA NA NA S:P1143I S:D1146S	15	13269	0.00113	24857	25069
A24913G C24990T C25000T G25012T	S:T1117T S:P1143L S:D1146D S:E1150D	15	13172	0.001139	24850	25069
A24674G	S:K1038E	15	22775	0.000659	24635	24679
A24604G	S:R1014R	15	15737	0.000953	24473	24671
A24498G	S:D979G	15	54678	0.000274	24473	24518
A24424T T24548C	S:Q954H S:L996L	15	36206	0.000414	24412	24564
A24424T T24469A T24529C	S:Q954H S:N969K S:A989A	15	36442	0.000412	24412	24564
A24424T T24469A T24472C	S:Q954H S:N969K S:F970F	15	36976	0.000406	24416	24564
A24424T T24469A T24472-G C24536+A	S:Q954H S:N969K NA NA	15	36372	0.000412	24412	24564
A24424T T24469A A24518G	S:Q954H S:N969K S:K986E	15	36597	0.00041	24417	24564
A24424T T24464C T24469A	S:Q954H S:S968P S:N969K	15	37036	0.000405	24412	24564
A24424T A24520G	S:Q954H S:K986K	15	36577	0.00041	24412	24532
A24423G A24424T T24469A	S:Q954R S:Q954R S:N969K	15	37029	0.000405	24415	24564
A23801G C23854A	S:T747A S:N764K	15	22425	0.000669	23683	23895
A23760G C23854A	S:K733R S:N764K	15	20010	0.00075	23744	23895
A23743G C23854A	S:L727L S:N764K	15	19936	0.000752	23729	23894
A23738+T	NA	15	26076	0.000575	23705	23760
A23403G C23423T T23488C C23525T	S:D614G S:P621S S:V642V S:H655Y	15	12494	0.001201	23335	23532
A23403G C23423T T23482-A	S:D614G S:P621S NA	15	12711	0.00118	23393	23539
A23403G C23423T G23486-T	S:D614G S:P621S NA	15	12648	0.001186	23335	23539
A23267-T C23271T	NA S:A570V	15	4479	0.003349	23247	23290
A22556G A22629C C22674T T22679C	S:I332V S:K356T S:S371F S:S373P	15	496	0.030242	22513	22685
A22193-ATT T22200G C22208T G22218T C22295A	S:DEL212 S:V213G S:L216F S:G219V S:H245N	15	5362	0.002797	22111	22319
T25319C	S:C1253R	14	47675	0.000294	25303	25325
T25260C	S:M1233T	14	46412	0.000302	25254	25325
T25171+G C25207T C25262-T	NA S:Y1215V NA	14	37913	0.000369	25122	25316
T25148+A	NA	14	39127	0.000358	25141	25325
T24763C	S:Y1067Y	14	8534	0.00164	24724	24806
T24671C	S:S1037P	14	22705	0.000617	24612	24679
T24622C	S:A1020A	14	22918	0.000611	24612	24679
T24589C	S:T1009T	14	15764	0.000888	24486	24676
T24499C	S:D979D	14	54691	0.000256	24473	24564
T24491C	S:L977L	14	54668	0.000256	24480	24509
T24480C	S:I973T	14	54185	0.000258	24473	24564
T24475C	S:G971G	14	53609	0.000261	24470	24479
T24469A T24552C	S:N969K S:I997T	14	47964	0.000292	24465	24564
T24469A A24560G	S:N969K S:R1000G	14	47677	0.000294	24465	24564
T24469A A24538G	S:N969K S:Q992Q	14	48214	0.00029	24465	24564
T24469A A24493T	S:N969K S:L977F	14	48873	0.000286	24465	24679
T24438A	S:L959*	14	37916	0.000369	24412	24564
T24436C T24469A	S:A958A S:N969K	14	37517	0.000373	24412	24554
T23787C C23854A	S:I742T S:N764K	14	22106	0.000633	23683	23895
T23750C	S:S730P	14	25922	0.00054	23683	23768
T23716+C C23854A	NA S:N764K	14	19748	0.000709	23683	23881
T23698C	S:I712I	14	47001	0.000298	23683	23724
T23693+A	NA	14	46922	0.000298	23683	23702
T23599G C23604G T23689C	S:N679K S:P681R S:N709N	14	19095	0.000733	23580	23724
T23599G C23604G T23686C	S:N679K S:P681R S:S708S	14	19104	0.000733	23593	23724
T23599G C23604G T23659C	S:N679K S:P681R S:L699L	14	19258	0.000727	23580	23674
T23599G C23604G T23650C	S:N679K S:P681R S:T696T	14	19305	0.000725	23580	23724
T23599G C23604G T23633C	S:N679K S:P681R S:S691P	14	74218	0.000189	23580	23642
T23599G C23604G G23666-A A23712-T	S:N679K S:P681R NA NA	14	18675	0.00075	23580	23724
T23599G C23604G G23621A	S:N679K S:P681R S:V687I	14	75040	0.000187	23580	23642
T23599G C23604G C23609-G G23666-A	S:N679K S:P681R NA NA	14	19222	0.000728	23580	23700
T23599G C23604G A23690G	S:N679K S:P681R S:N710D	14	19089	0.000733	23580	23724
T23599G A23665G	S:N679K S:A701A	14	19224	0.000728	23586	23724
T23537C T23599G C23604G	S:S659P S:N679K S:P681R	14	54921	0.000255	23487	23642
T23350C A23403G C23423T C23525T	S:S596S S:D614G S:P621S S:H655Y	14	12019	0.001165	23335	23531
T21940-G T21976-C G21987A T21990-TTA T22032C C22033A A22034G	NA NA S:G142D S:DEL144 S:F157S S:F157S S:R158G	14	5965	0.002347	21847	22058
T21609+CATGCCGCTGTT C21618T C21622T G21624C T21632-TACCCCCTG C21736-T A21764-TACATG	S:INS17HAAV S:T19F S:T20F S:R21T S:DEL25/27 NA S:DEL69/70	14	6074	0.002305	21597	21802
G25527+C	NA	14	6780	0.002065	25372	25539
G25177-T C25207T	NA S:Y1215Y	14	38920	0.00036	25122	25263
G24816-A	NA	14	1343	0.010424	24724	24840
G24473A C24672-A	S:G971S NA	14	13210	0.00106	24466	24679
G24197T	S:A879S	14	3038	0.004608	24153	24323
G23735+A C23816-T	NA NA	14	24049	0.000582	23683	23828
G23508A C23525T T23599G C23604G	S:C649Y S:H655Y S:N679K S:P681R	14	54584	0.000256	23487	23624
G21987A T22032C C22033A	S:G142D S:F157S S:F157S	14	7081	0.001977	21968	22058
C25207T G25313A	S:Y1215Y S:G1251R	14	40130	0.000349	25156	25325
C25207T G25250A	S:Y1215Y S:V1230M	14	40492	0.000346	25139	25323
C25207T G25213A	S:Y1215Y S:W1217*	14	40608	0.000345	25190	25325
C24990T C25000T A25056+T	S:P1143L S:D1146D NA	14	13220	0.001059	24850	25069
C24672-AA	NA	14	22694	0.000617	24612	24679
C24632+T	NA	14	22961	0.00061	24612	24654
C24627T	S:A1022V	14	22969	0.00061	24612	24666
C23854A T23862C	S:N764K S:L767S	14	23433	0.000597	23717	23873
C23854A T23857C	S:N764K S:R765R	14	23485	0.000596	23809	23895
C23525T T23599G C23635T	S:H655Y S:N679K S:S691S	14	53849	0.00026	23501	23642
C23525T T23596+A T23599G C23604G	S:H655Y NA S:N679* S:P681C	14	54745	0.000256	23487	23635
C23525T T23542A T23599G C23604G	S:H655Y S:Y660* S:N679K S:P681R	14	54745	0.000256	23487	23642
C23525T G23543A T23599G C23604G	S:H655Y S:E661K S:N679K S:P681R	14	54745	0.000256	23487	23642
C23525T A23558-T T23599G C23604T	S:H655Y NA S:N679K S:P681L	14	54745	0.000256	23487	23625
C23525T A23558-T T23599G C23604A	S:H655Y NA S:N679K S:P681H	14	54745	0.000256	23487	23624
C23525T A23558-T C23604G	S:H655Y NA S:P681R	14	54745	0.000256	23500	23624
C23525T A23558-T	S:H655Y NA	14	55422	0.000253	23487	23567
C23496T C23525T T23599G C23604G	S:T645I S:H655Y S:N679K S:P681R	14	54194	0.000258	23487	23638
C23271T C23334-T T23392C A23403G C23423T	S:A570V NA S:V610V S:D614G S:P621S	14	12935	0.001082	23269	23443
C23271T C23334-T G23364T A23403G C23423T	S:A570V NA S:G601V S:D614G S:P621S	14	12935	0.001082	23269	23443
C23271T A23299G A23403G C23423T	S:A570V S:P579P S:D614G S:P621S	14	12935	0.001082	23269	23443
C22208T	S:L216F	14	5985	0.002339	22203	22226
C21618T C21622T G21624C T21632-TACCCCCTG C21711T C21736-T A21764-TACATG	S:T19I S:T20T S:R21T S:DEL25/27 S:S50L NA S:DEL69/70	14	6074	0.002305	21600	21793
A25256+T C25262-T	NA NA	14	46278	0.000303	25251	25325
A25194-AT G25197T C25207T G25249T	NA S:W1212L S:Y1215Y S:M1229I	14	39565	0.000354	25156	25316
A25142G C25207T	S:N1194D S:Y1215Y	14	37282	0.000376	25122	25325
A24978G C24990T C25000T	S:D1139G S:P1143L S:D1146D	14	13500	0.001037	24931	25068
A24956-T C24990T C25000T	NA S:P1143L S:D1146D	14	13418	0.001043	24868	25069
A24902-T C24990T C25000T	NA S:P1143L S:D1146D	14	13206	0.00106	24850	25068
A24885-T	NA	14	15398	0.000909	24872	24904
A24758G	S:T1066A	14	8511	0.001645	24696	24796
A24654G	S:E1031G	14	22896	0.000611	24612	24667
A24478G	S:A972A	14	54023	0.000259	24476	24506
A24424T T24534C	S:Q954H S:V991A	14	36403	0.000385	24412	24564
A24424T T24529C	S:Q954H S:A989A	14	36442	0.000384	24412	24564
A24424T T24469G	S:Q954H S:N969K	14	37036	0.000378	24412	24564
A24424T T24469A T24513C	S:Q954H S:N969K S:L984P	14	36634	0.000382	24412	24564
A24424T T24469A G24524A	S:Q954H S:N969K S:E988K	14	36513	0.000383	24412	24564
A24424T T24469A A24539+T	S:Q954H S:N969K NA	14	36343	0.000385	24412	24552
A24424T T24469A A24537G	S:Q954H S:N969K S:Q992R	14	36355	0.000385	24418	24564
A24424T T24437C	S:Q954H S:L959L	14	37413	0.000374	24412	24543
A24424T G24445A T24469A	S:Q954H S:T961T S:N969K	14	37036	0.000378	24412	24564
A24424T C24431T T24436C	S:Q954H S:Q957* S:A958A	14	37423	0.000374	24414	24564
A24424T A24457G T24469A	S:Q954H S:Q965Q S:N969K	14	37036	0.000378	24412	24564
A24424T A24440G T24469A	S:Q954H S:N960D S:N969K	14	37036	0.000378	24415	24564
A24253-T C24320-A	NA NA	14	4857	0.002882	24229	24332
A23796-T	NA	14	27267	0.000513	23767	23807
A23786-T C23816-T C23854A	NA NA S:N764K	14	22096	0.000634	23683	23895
A23737G C23854A	S:E725E S:N764K	14	19891	0.000704	23683	23881
A23688G	S:N709S	14	46842	0.000299	23683	23724
A23597G T23599G C23604G	S:N679E S:N679E S:P681R	14	75134	0.000186	23580	23642
A23403G C23423T T23434C C23525T	S:D614G S:P621S S:I624I S:H655Y	14	12494	0.001121	23342	23539
A23403G C23423T A23495G C23525T	S:D614G S:P621S S:T645A S:H655Y	14	12494	0.001121	23338	23529
A23403G C23423T A23436G C23525T	S:D614G S:P621S S:H625R S:H655Y	14	12494	0.001121	23335	23535
A22556G G22578A A22629C C22674T	S:I332V S:G339D S:K356T S:S371F	14	509	0.027505	22494	22685
A22193-ATT T22200G	S:DEL212 S:V213G	14	5708	0.002453	22175	22220
A21979-T G21987A T21990-TTA T22032C C22033A A22034G	NA S:G142D S:DEL144 S:F157S S:F157S S:R158G	14	7075	0.001979	21965	22058
T25293-C	NA	13	47297	0.000275	25285	25325
T25265-G C25416T	NA ORF3a:F8F	13	2027	0.006413	25261	25477
T25152-C C25207T	NA S:Y1215Y	13	37938	0.000343	25141	25325
T25150C	S:S1196S	13	39236	0.000331	25136	25167
T24976C C24990T C25000T	S:Y1138Y S:P1143L S:D1146D	13	13496	0.000963	24952	25016
T24871C C24981-T C24990T C25000T	S:F1103F NA S:P1143L S:D1146D	13	13046	0.000996	24850	25069
T24631C	S:N1023N	13	22966	0.000566	24612	24673
T24469A T24492+A	S:N969K NA	13	48889	0.000266	24465	24564
T24417C A24424T	S:V952A S:Q954H	13	39067	0.000333	24412	24552
T23727C C23854A	S:V722A S:N764K	13	19815	0.000656	23683	23895
T23689+A C23887-A	NA NA	13	18714	0.000695	23683	23895
T23599G G23666-A	S:N679K NA	13	19222	0.000676	23587	23724
T23599G C23604G T23641C	S:N679K S:P681R S:I693I	13	72844	0.000178	23580	23642
T23599G C23604G T23640C	S:N679K S:P681R S:I693T	13	73004	0.000178	23580	23642
T23599G C23604G G23699A	S:N679K S:P681R S:A713T	13	19037	0.000683	23580	23700
T23599G C23604G C23630+A	S:N679K S:P681R NA	13	74377	0.000175	23580	23639
T23599G C23604G A23708G	S:N679K S:P681R S:T716A	13	18727	0.000694	23580	23724
T23599G C23604G A23627G	S:N679K S:P681R S:S689G	13	74422	0.000175	23580	23642
T23581C T23599G C23604G	Unknown S:N679K S:P681R	13	74813	0.000174	23580	23642
T23511+A C23525T T23599G C23604G C23635T	NA S:H655S S:N679* S:P681C S:S691I	13	53732	0.000242	23486	23637
T23507A C23525T T23599G C23604G	S:C649S S:H655Y S:N679K S:P681R	13	54570	0.000238	23487	23637
T23164-A G23222A C23230-A C23271T	NA S:E554K NA S:A570V	13	4251	0.003058	23089	23290
T21934-A G21987A T21990-TTA T22032C C22033A A22034G	NA S:G142D S:DEL144 S:F157S S:F157S S:R158G	13	5946	0.002186	21847	22058
T21609+CATGCCGCTGTT C21618T C21622T G21624C T21632-TACCCCCTG C21711T C21781-A	S:INS17HAAV S:T19F S:T20F S:R21T S:DEL25/27 S:S50L NA	13	6049	0.002149	21597	21789
T21609+CATGCCGCTGTT C21618T C21622T G21624C T21632-TACCCCCTG C21711T C21732+T A21764-TACATG	S:INS17HAAV S:T19F S:T20F S:R21T S:DEL25/27 S:S50L NA S:DEL69/70	13	6074	0.00214	21597	21802
G25218-T C25262-T	NA NA	13	42426	0.000306	25174	25320
G24743-T	NA	13	8431	0.001542	24735	24805
G24535A	S:V991V	13	54480	0.000239	24473	24563
G24488-T C24517-A	NA NA	13	54053	0.000241	24476	24534
G24488-T C24503-T	NA NA	13	54294	0.000239	24480	24519
G24449+T	NA	13	37886	0.000343	24412	24488
G24428A	S:A956T	13	37616	0.000346	24412	24538
G23808A C23854A	S:C749Y S:N764K	13	22511	0.000577	23792	23895
G23699A C23854A	S:A713T S:N764K	13	19549	0.000665	23683	23895
G23699+C	NA	13	47015	0.000277	23685	23709
G23508+T A23515+G C23525T T23599G C23604G	NA NA S:H655Y S:N679L S:P681R	13	54584	0.000238	23486	23637
G23364T A23403G C23423T	S:G601V S:D614G S:P621S	13	27596	0.000471	23342	23443
G22218-T C22295A	NA S:H245N	13	6359	0.002044	22210	22319
G22113T A22193-ATT T22200G C22208T C22295A	S:G184V S:DEL212 S:V213G S:L216F S:H245N	13	4964	0.002619	22105	22319
G22104-A C22120-A A22193-ATT T22200G C22208T	NA NA S:DEL212 S:V213G S:L216F	13	5166	0.002516	22100	22217
C25416T G25555-T	ORF3a:F8F NA	13	6622	0.001963	25372	25566
C25276T	S:T1238T	13	46961	0.000277	25264	25325
C25207T T25289C	S:Y1215Y S:C1243R	13	40283	0.000323	25130	25323
C25207T T25236C	S:Y1215Y S:I1225T	13	40552	0.000321	25202	25324
C25207T C25262-T T25306C	S:Y1215Y NA S:C1248C	13	40194	0.000323	25130	25325
C25207T C25262-T A25274G	S:Y1215Y NA S:T1238A	13	40330	0.000322	25122	25325
C24981-T C24990T C25000T A25026+T	NA S:P1143L S:D1146D NA	13	13319	0.000976	24857	25069
C24878-A C24990T C25000T	NA S:P1143L S:D1146D	13	13082	0.000994	24850	25068
C24455+A	NA	13	37850	0.000343	24412	24474
C23887-A C23929-A G23948T	NA NA S:D796Y	13	1517	0.00857	23767	23954
C23854A T23877C	S:N764K S:V772A	13	23119	0.000562	23736	23891
C23816-T G23824+T	NA NA	13	24253	0.000536	23683	23834
C23525T T23599G C23604T C23615T	S:H655Y S:N679K S:P681L S:R685C	13	54719	0.000238	23487	23642
C23525T T23599G C23604G G23616-T	S:H655Y S:N679K S:P681R NA	13	54712	0.000238	23499	23640
C23525T T23599G C23604G G23611A	S:H655Y S:N679K S:P681R S:R683R	13	54727	0.000238	23487	23642
C23525T G23587A T23599G C23604G	S:H655Y S:Q675Q S:N679K S:P681R	13	54745	0.000237	23502	23642
C23525T C23604T	S:H655Y S:P681L	13	54745	0.000237	23492	23624
C23277T	S:T572I	13	19504	0.000667	23271	23290
C23271T G23402A A23403G C23423T	S:A570V S:D614S S:D614S S:P621S	13	12935	0.001005	23269	23443
C23271T C23277T T23337-TG C23423T	S:A570V S:T572I NA S:P621S	13	12935	0.001005	23269	23435
C23271T C23277T T23337-TG	S:A570V S:T572I NA	13	13670	0.000951	23269	23359
C23271T C23277T G23282T C23334-T A23403G C23423T	S:A570V S:T572I S:D574Y NA S:D614G S:P621S	13	12935	0.001005	23269	23441
C23271T A23403G T23411C C23423T	S:A570V S:D614G S:C617R S:P621S	13	12935	0.001005	23269	23443
C23271T A23303G A23403G C23423T	S:A570V S:T581A S:D614G S:P621S	13	12935	0.001005	23269	23443
C22120-A A22193-ATT T22200G C22208T G22218-T A22245-T C22295A	NA S:DEL212 S:V213G S:L216F NA NA S:H245N	13	4983	0.002609	22100	22313
C22120-A A22161-T A22193-ATT T22200G C22208T G22218-T C22295A	NA NA S:DEL212 S:V213G S:L216F NA S:H245N	13	4983	0.002609	22105	22313
C22000A T22032C C22033A A22034G	S:H146Q S:F157S S:F157S S:R158G	13	9060	0.001435	21993	22058
C21618T C21622T G21624C T21632-TACCCCCTG G21686-T C21711T A21764-TACATG	S:T19I S:T20T S:R21T S:DEL25/27 NA S:S50L S:DEL69/70	13	6074	0.00214	21597	21802
A25397+T	NA	13	10467	0.001242	25372	25461
A25235-T	NA	13	43274	0.0003	25218	25325
A24922-T C24990T	NA S:P1143L	13	13318	0.000976	24857	25015
A24669G	S:Q1036R	13	22741	0.000572	24612	24676
A24661G	S:V1033V	13	22837	0.000569	24644	24679
A24545G	S:R995G	13	54392	0.000239	24473	24564
A24495G	S:N978S	13	54671	0.000238	24476	24563
A24424T T24492+A	S:Q954H NA	13	36838	0.000353	24412	24526
A24424T T24487C	S:Q954H S:S975S	13	36867	0.000353	24412	24564
A24424T T24469A A24485G	S:Q954H S:N969K S:S975G	13	36878	0.000353	24412	24564
A24424T T24460C	S:Q954H S:L966L	13	37128	0.00035	24412	24518
A24424T C24455-A	S:Q954H NA	13	37222	0.000349	24412	24517
A24424T C24431T	S:Q954H S:Q957*	13	37470	0.000347	24413	24470
A24300G	S:Q913R	13	5480	0.002372	24229	24317
A23902G G23948T	S:E780E S:D796Y	13	1596	0.008145	23885	23978
A23847G C23854A	S:Q762R S:N764K	13	23470	0.000554	23683	23895
A23780G C23854A	S:M740V S:N764K	13	22048	0.00059	23724	23895
A23764G C23854A	S:T734T S:N764K	13	20037	0.000649	23683	23895
A23729G C23854A	S:T723A S:N764K	13	19826	0.000656	23683	23895
A23403G C23423T A23494G C23525T	S:D614G S:P621S S:Q644Q S:H655Y	13	12494	0.00104	23335	23539
A23403G C23423T A23450G C23525T	S:D614G S:P621S S:T630A S:H655Y	13	12494	0.00104	23378	23539
A23403G C23413T C23423T C23525T	S:D614G S:C617C S:P621S S:H655Y	13	12494	0.00104	23335	23538
A22556G A22629C C22674T	S:I332V S:K356T S:S371F	13	509	0.02554	22494	22678
A22193-ATT T22200G C22208T G22218-T C22227-T C22295A	S:DEL212 S:V213G S:L216F NA NA S:H245N	13	5362	0.002424	22100	22310
A21875-T T21940-G G21987A T21990-TTA C22000-A C22009-A T22032C C22033A A22034G	NA NA S:G142D S:DEL144 NA NA S:F157S S:F157S S:R158G	13	5733	0.002268	21861	22058
A21875-T T21940-G A21979-T G21987A T21990-TTA C22000-A T22032C C22033A A22034G	NA NA NA S:G142D S:DEL144 NA S:F157S S:F157S S:R158G	13	5733	0.002268	21847	22058
A21875-T G21987A T21990-TTA T22032C C22033A A22034G	NA S:G142D S:DEL144 S:F157S S:F157S S:R158G	13	5733	0.002268	21847	22058
T25398C	ORF3a:D2D	12	10460	0.001147	25381	25464
T25316-C	NA	12	47739	0.000251	25286	25324
T25310C	S:C1250R	12	47699	0.000252	25301	25324
T25291C	S:C1243C	12	47249	0.000254	25211	25323
T25285C	S:C1241C	12	47124	0.000255	25259	25320
T25219C	S:G1219G	12	42670	0.000281	25180	25250
T25171+G C25207T	NA S:Y1215V	12	38631	0.000311	25130	25323
T25171+G	NA	12	39871	0.000301	25130	25180
T25159C	S:D1199D	12	39635	0.000303	25132	25181
T25140+A C25207T C25262-T	NA S:Y1215V NA	12	36295	0.000331	25122	25325
T24769C	S:P1069P	12	8560	0.001402	24724	24806
T24749C	S:L1063L	12	8467	0.001417	24675	24806
T24660+A C24672-A	NA NA	12	22638	0.00053	24612	24679
T24491-TA	NA	12	54668	0.00022	24480	24508
T24469A T24499C	S:N969K S:D979D	12	48799	0.000246	24465	24564
T24469A C24517-A	S:N969K NA	12	48548	0.000247	24465	24558
T24469A A24516G	S:N969K S:D985G	12	48558	0.000247	24465	24564
T24438A T24469A	S:L959* S:N969K	12	37529	0.00032	24413	24533
T24417C	S:V952A	12	39131	0.000307	24412	24483
T24115C	S:C851C	12	3037	0.003951	24089	24191
T23944A G23948T	S:I794I S:D796Y	12	2610	0.004598	23941	23951
T23769C C23854A	S:V736A S:N764K	12	21972	0.000546	23683	23895
T23703-A C23816-T	NA NA	12	23844	0.000503	23683	23833
T23599G C23604G T23681C	S:N679K S:P681R S:Y707H	12	19133	0.000627	23580	23717
T23599G C23604G G23612A	S:N679K S:P681R S:A684T	12	75109	0.00016	23582	23623
T23599G C23604G G23610T	S:N679K S:P681R S:R683L	12	75115	0.00016	23580	23724
T23599G C23604G G23608C	S:N679K S:P681R S:R682R	12	75130	0.00016	23582	23642
T23599G C23604G C23679T	S:N679K S:P681R S:A706V	12	19149	0.000627	23580	23724
T23599G C23604G C23664T	S:N679K S:P681R S:A701V	12	19227	0.000624	23580	23724
T23599G C23604G C23638-A	S:N679K S:P681R NA	12	73780	0.000163	23580	23642
T23599G C23604G A23651G	S:N679K S:P681R S:M697V	12	19302	0.000622	23581	23724
T23511-A C23525T T23599G C23604G	NA S:H655Y S:N679K S:P681R	12	54624	0.00022	23499	23637
T23391C A23403G C23423T C23525T	S:V610A S:D614G S:P621S S:H655Y	12	12402	0.000968	23365	23539
T22200G C22208T	S:V213G S:L216F	12	5752	0.002086	22166	22220
T22200A G22317T	S:V213E S:G252V	12	5281	0.002272	22180	22319
T21609+CATGCCGCTGTT C21618T C21622T T21632-TACCCCCTG A21764-TACATG	S:INS17HAAV S:T19F S:T20F S:DEL25/27 S:DEL69/70	12	6074	0.001976	21597	21802
T21609+CATGCCGCTGTT C21618T C21622T G21624C T21632-TACCCCCTG C21711T A21764-TACATG A21779-C	S:INS17HAAV S:T19F S:T20F S:R21T S:DEL25/27 S:S50L S:DEL69/70 NA	12	6050	0.001983	21597	21802
T21609+CATGCCGCTGTT C21618T C21622T G21624C C21711T A21764-TACATG	S:INS17HAAV S:T19F S:T20F S:R21T S:S50L S:DEL69/70	12	6074	0.001976	21597	21802
G25555-T C25566T	NA ORF3a:S58S	12	6542	0.001834	25372	25566
G25323A	S:C1254Y	12	47501	0.000253	25259	25325
G25281A	S:C1240Y	12	47059	0.000255	25219	25325
G25249A	S:M1229I	12	43526	0.000276	25219	25325
G25198-C C25207T G25249T	NA S:Y1215Y S:M1229I	12	39864	0.000301	25172	25325
G24776-A	NA	12	8586	0.001398	24724	24791
G24515-A	NA	12	54661	0.00022	24504	24541
G24473A	S:G971S	12	52352	0.000229	24465	24498
G23835-T C23854A C23887-A	NA S:N764K NA	12	22194	0.000541	23767	23895
G23832C C23854A	S:G757A S:N764K	12	22948	0.000523	23683	23895
G23821+T	NA	12	24452	0.000491	23683	23831
G23811A C23854A	S:S750N S:N764K	12	22548	0.000532	23683	23895
G23782A C23854A	S:M740I S:N764K	12	22060	0.000544	23683	23895
G23761-A	NA	12	25755	0.000466	23683	23772
G23611T	S:R683R	12	75492	0.000159	23604	23642
G23501T T23599G C23604G	S:A647S S:N679K S:P681R	12	54321	0.000221	23486	23642
G23222A C23271T G23282T	S:E554K S:A570V S:D574Y	12	4340	0.002765	23206	23290
G23222A C23230+A C23271T	S:E554K NA S:A570F	12	4389	0.002734	23089	23274
G22992A C22995A T23005A T23019C	S:S477N S:T478K S:N481K S:F486S	12	128	0.09375	22974	23038
G22927T T22930A T22942G	S:L455F S:F456L S:N460K	12	525	0.022857	22922	22967
G21987A T21990-TTA G22021T T22032C C22033A A22034G	S:G142D S:DEL144 S:M153I S:F157S S:F157S S:R158G	12	7081	0.001695	21973	22058
G21941T A21979-T G21987A T21990-TTA C22000-A C22009-A T22032C C22033A A22034G	S:V127F NA S:G142D S:DEL144 NA NA S:F157S S:F157S S:R158G	12	5967	0.002011	21847	22058
C25292+G	NA	12	47274	0.000254	25284	25324
C25207T T25248C	S:Y1215Y S:M1229T	12	40501	0.000296	25133	25325
C25207T G25302A	S:Y1215Y S:C1247Y	12	40214	0.000298	25188	25325
C25207T G25273A	S:Y1215Y S:M1237I	12	40332	0.000298	25138	25325
C25207T G25269A	S:Y1215Y S:C1236Y	12	40342	0.000297	25176	25325
C25207T G25249A	S:Y1215Y S:M1229I	12	40498	0.000296	25190	25325
C25207T C25321T	S:Y1215Y S:C1253C	12	39995	0.0003	25203	25325
C25207T C25262-T T25288C	S:Y1215Y NA S:S1242S	12	40286	0.000298	25122	25325
C25207T C25227T	S:Y1215Y S:A1222V	12	40580	0.000296	25138	25325
C25207T A25247-T	S:Y1215Y NA	12	40505	0.000296	25124	25325
C24990T C25000T T25063C	S:P1143L S:D1146D S:G1167G	12	13151	0.000912	24850	25069
C24990T C25000T T25027C	S:P1143L S:D1146D S:Y1155Y	12	13330	0.0009	24850	25069
C24990T C25000T A25014G	S:P1143L S:D1146D S:E1151G	12	13446	0.000892	24971	25068
C24575T	S:Q1005*	12	16095	0.000746	24480	24676
C24559T	S:G999G	12	54059	0.000222	24539	24564
C24553+G	NA	12	54285	0.000221	24512	24564
C24503-T C24517-A C24672-A	NA NA NA	12	15248	0.000787	24473	24679
C24026-T C24119-A G24140-T	NA NA NA	12	2324	0.005164	24021	24191
C23991-A	NA	12	1106	0.01085	23980	24017
C23854A C23887A A23888C G23948T	S:N764K S:D775E S:K776Q S:D796Y	12	1344	0.008929	23846	23978
C23816-T G23835-T C23854A	NA NA S:N764K	12	22616	0.000531	23699	23890
C23812T C23854A	S:S750S S:N764K	12	22567	0.000532	23683	23895
C23809T C23854A	S:C749C S:N764K	12	22532	0.000533	23799	23895
C23778+A	NA	12	27464	0.000437	23767	23787
C23630-A	NA	12	75436	0.000159	23621	23642
C23604G T23637-C	S:P681R NA	12	73880	0.000162	23590	23642
C23525T T23599G C23604G C23638T	S:H655Y S:N679K S:P681R S:I692I	12	53592	0.000224	23487	23642
C23525T T23590C T23599G C23601T C23604G	S:H655Y S:T676T S:N679K S:S680F S:P681R	12	54745	0.000219	23487	23614
C23525T G23610A	S:H655Y S:R683Q	12	54727	0.000219	23498	23637
C23525T C23533-A A23558-T T23599G C23604G	S:H655Y NA NA S:N679K S:P681R	12	54745	0.000219	23487	23629
C23525T A23554+C T23599G C23604G	S:H655Y NA S:N679* S:P681C	12	54745	0.000219	23493	23642
C23423T A23515+G C23525T	S:P621S NA S:H655S	12	12699	0.000945	23386	23539
C23399+T C23423T G23486-T C23525T	NA S:P621S NA S:H655S	12	12485	0.000961	23336	23539
C23399+T C23423T	NA S:P621S	12	28229	0.000425	23336	23468
C23271T T23346C A23403G C23423T	S:A570V S:V595A S:D614G S:P621S	12	12935	0.000928	23269	23437
C23271T A23321+T C23334-T A23403G C23423T	S:A570V NA NA S:D614G S:P621S	12	12935	0.000928	23269	23443
C23188+T G23222A C23271T	NA S:E554R S:A570F	12	4307	0.002786	23089	23275
C23099-T G23222A C23244-T C23271T	NA S:E554K NA S:A570V	12	4119	0.002913	23093	23290
C22120-A A22193-ATT T22200G C22208T A22245-T C22295A	NA S:DEL212 S:V213G S:L216F NA S:H245N	12	4983	0.002408	22100	22319
C21618T C21622T G21624C T21632-TACCCCCTG C21711T A21764-TACATG A21779-C	S:T19I S:T20T S:R21T S:DEL25/27 S:S50L S:DEL69/70 NA	12	6050	0.001983	21597	21802
A25503+C	NA	12	7070	0.001697	25372	25520
A25410G	ORF3a:R6R	12	10359	0.001158	25372	25477
A25188G C25207T	S:Y1209C S:Y1215Y	12	39701	0.000302	25173	25325
A25176G	S:K1205R	12	40040	0.0003	25133	25194
A25167G C25207T	S:E1202G S:Y1215Y	12	38479	0.000312	25130	25324
A25158-T	NA	12	39628	0.000303	25136	25169
A24780G	S:K1073R	12	8601	0.001395	24724	24791
A24777G	S:E1072G	12	8588	0.001397	24766	24801
A24735-T	NA	12	8406	0.001428	24724	24788
A24647G	S:M1029V	12	22926	0.000523	24612	24676
A24629G	S:N1023D	12	22963	0.000523	24612	24679
A24576G	S:Q1005R	12	16079	0.000746	24484	24679
A24543G	S:D994G	12	54422	0.00022	24517	24564
A24500G	S:I980V	12	54692	0.000219	24477	24564
A24493T C24536-A	S:L977F NA	12	53819	0.000223	24476	24679
A24424T T24523C	S:Q954H S:V987V	12	36516	0.000329	24412	24564
A24424T T24492-A	S:Q954H NA	12	36838	0.000326	24412	24564
A24424T T24469A G24558A	S:Q954H S:N969K S:G999D	12	35953	0.000334	24412	24564
A24424T T24469A G24474A	S:Q954H S:N969K S:G971D	12	36969	0.000325	24412	24564
A24424T T24459C T24469A	S:Q954H S:L966P S:N969K	12	37036	0.000324	24412	24564
A24424T G24558A	S:Q954H S:G999D	12	35953	0.000334	24412	24564
A24424T G24488-T C24517-A	S:Q954H NA NA	12	36599	0.000328	24412	24564
A24424T A24440G	S:Q954H S:N960D	12	37387	0.000321	24412	24456
A24424T A24426G	S:Q954H S:N955S	12	37478	0.00032	24412	24564
A23806G	S:E748E	12	27249	0.00044	23683	23817
A23796G C23854A	S:D745G S:N764K	12	22314	0.000538	23777	23895
A23772+T	NA	12	27588	0.000435	23767	23783
A23753-T C23854A	NA S:N764K	12	19986	0.0006	23683	23893
A23743G	S:L727L	12	26025	0.000461	23683	23776
A23736G C23854A	S:E725G S:N764K	12	19882	0.000604	23683	23895
A23704-C	NA	12	46981	0.000255	23691	23712
A23515+G C23525T T23599G	NA S:H655S S:N679*	12	54681	0.000219	23487	23625
A23515+G	NA	12	70233	0.000171	23486	23533
A23419G C23423T C23525T	S:E619E S:P621S S:H655Y	12	12685	0.000946	23351	23539
A23403G C23423T T23479C C23525T	S:D614G S:P621S S:G639G S:H655Y	12	12494	0.00096	23336	23539
A23403G C23423T A23515-G C23525T	S:D614G S:P621S NA S:H655Y	12	12494	0.00096	23336	23539
A23403G C23423T A23497G C23525T	S:D614G S:P621S S:T645T S:H655Y	12	12494	0.00096	23335	23539
A23370G A23403G C23423T C23525T	S:N603S S:D614G S:P621S S:H655Y	12	12220	0.000982	23335	23532
A23366G A23403G C23423T C23525T	S:T602A S:D614G S:P621S S:H655Y	12	12189	0.000984	23335	23532
A23362G A23403G C23423T C23525T	S:P600P S:D614G S:P621S S:H655Y	12	12157	0.000987	23354	23529
A23357G A23403G C23423T C23525T	S:T599A S:D614G S:P621S S:H655Y	12	12119	0.00099	23342	23532
A21875-T C21888-T	NA NA	12	6651	0.001804	21847	21898
T25415-C	NA	11	10303	0.001068	25381	25477
T25309C	S:S1249S	11	47689	0.000231	25273	25325
T25289C	S:C1243R	11	47214	0.000233	25251	25324
T25265-G	NA	11	46636	0.000236	25251	25300
T25257C	S:I1232T	11	46353	0.000237	25238	25325
T25202+G C25207T	NA S:Y1215V	11	40994	0.000268	25122	25248
T25196-G C25207T G25249T C25262-T	NA S:Y1215Y S:M1229I NA	11	39686	0.000277	25124	25325
T25139C C25207T	S:L1193L S:Y1215Y	11	36938	0.000298	25130	25325
T24799C	S:P1079P	11	8379	0.001313	24724	24806
T24739C	S:G1059G	11	8433	0.001304	24724	24806
T24689G G24690T	S:C1043V S:C1043V	11	7179	0.001532	24612	24701
T24565C	S:L1001L	11	53701	0.000205	24533	24604
T24552C	S:I997T	11	54304	0.000203	24484	24564
T24544C	S:D994D	11	54410	0.000202	24514	24564
T24544+A	NA	11	54410	0.000202	24527	24552
T24496C	S:N978N	11	54687	0.000201	24483	24564
T24471A A24498G	S:F970Y S:D979G	11	51975	0.000212	24467	24564
T24469A T24643-A	S:N969K NA	11	10426	0.001055	24465	24679
T24469A G24547T	S:N969K S:R995S	11	48048	0.000229	24412	24564
T24469A G24488+T	S:N969K NA	11	48923	0.000225	24465	24564
T24469A C24536+A	S:N969K NA	11	48245	0.000228	24428	24564
T24469A A24539+T	S:N969K NA	11	48205	0.000228	24412	24564
T24469A A24500G	S:N969K S:I980V	11	48784	0.000225	24465	24544
T23830C C23854A	S:Y756Y S:N764K	11	22907	0.00048	23808	23895
T23818C	S:L752L	11	26789	0.000411	23683	23840
T23794C	S:G744G	11	27249	0.000404	23767	23807
T23783C C23854A	S:Y741H S:N764K	11	22068	0.000498	23683	23895
T23765C C23854A	S:S735P S:N764K	11	20042	0.000549	23743	23867
T23728C C23854A	S:V722V S:N764K	11	19816	0.000555	23683	23895
T23725C C23854A	S:S721S S:N764K	11	19801	0.000556	23683	23895
T23716C C23854A	S:F718F S:N764K	11	19748	0.000557	23683	23895
T23693C	S:S711P	11	46922	0.000234	23683	23704
T23684C	S:S708P	11	46675	0.000236	23683	23724
T23599G C23604G T23703C	S:N679K S:P681R S:I714T	11	18861	0.000583	23580	23724
T23599G C23604G T23681-A	S:N679K S:P681R NA	11	19133	0.000575	23580	23691
T23599G C23604G T23658C	S:N679K S:P681R S:L699P	11	19263	0.000571	23580	23724
T23599G C23604G G23663A	S:N679K S:P681R S:A701T	11	19233	0.000572	23581	23724
T23599G C23604G G23607A	S:N679K S:P681R S:R682Q	11	75131	0.000146	23580	23642
T23599G C23604G C23647T	S:N679K S:P681R S:Y695Y	11	19317	0.000569	23580	23706
T23599G C23604G C23615T	S:N679K S:P681R S:R685C	11	75092	0.000146	23580	23642
T23599G C23604G C23613T	S:N679K S:P681R S:A684V	11	75104	0.000146	23580	23642
T23599G C23604G A23670G	S:N679K S:P681R S:N703S	11	19197	0.000573	23580	23724
T23521A C23525T T23599G C23604G	S:A653A S:H655Y S:N679K S:P681R	11	54738	0.000201	23487	23639
T23511-A C23525T	NA S:H655Y	11	69844	0.000157	23493	23530
T23487G C23525T	S:V642G S:H655Y	11	46054	0.000239	23486	23531
T23389C A23403G C23423T C23525T	S:A609A S:D614G S:P621S S:H655Y	11	12385	0.000888	23335	23539
T23346C A23403G C23423T C23525T	S:V595A S:D614G S:P621S S:H655Y	11	11986	0.000918	23335	23539
T23164-A G23222A	NA S:E554K	11	4457	0.002468	23089	23234
T23164-A	NA	11	5017	0.002193	23089	23187
T21940-G G21987A T22032C C22033A	NA S:G142D S:F157S S:F157S	11	5965	0.001844	21847	22058
T21940-G G21987A T21990-TTA C22009-A T22032C C22033A A22034G	NA S:G142D S:DEL144 NA S:F157S S:F157S S:R158G	11	5965	0.001844	21848	22058
T21940-G G21987A T21990-TTA C22000-A C22033A A22034G	NA S:G142D S:DEL144 NA S:F157L S:R158G	11	5965	0.001844	21847	22058
T21632-TACCCCCTG	S:DEL25/27	11	6734	0.001634	21597	21659
T21609+CATGCCGCTGTT C21618T C21622T G21624C T21632-TACCCCCTG C21654-T A21764-TACATG	S:INS17HAAV S:T19F S:T20F S:R21T S:DEL25/27 NA S:DEL69/70	11	6074	0.001811	21597	21802
T21609+CATGCCGCTGTT C21618T C21622T G21624C A21764-TACATG	S:INS17HAAV S:T19F S:T20F S:R21T S:DEL69/70	11	6074	0.001811	21597	21802
G25494-A	NA	11	7168	0.001535	25372	25504
G25455T G25555-T	ORF3a:K21N NA	11	6622	0.001661	25372	25566
G25203A C25207T	S:W1214* S:Y1215Y	11	41066	0.000268	25130	25325
G25173+A C25207T	NA S:Y1215V	11	38751	0.000284	25130	25325
G25172A C25207T	S:G1204R S:Y1215Y	11	38671	0.000284	25150	25325
G25166-A C25207T	NA S:Y1215Y	11	38441	0.000286	25156	25325
G25130+T C25207T	NA S:Y1215V	11	35266	0.000312	25123	25325
G24657A C24672-A	S:C1032Y NA	11	22627	0.000486	24612	24685
G24620A	S:A1020T	11	22897	0.00048	24477	24672
G24547A	S:R995R	11	54353	0.000202	24473	24679
G24530+A	NA	11	54543	0.000202	24470	24543
G24510+T C24672-A	NA NA	11	15280	0.00072	24470	24679
G24124-T G24140-T	NA NA	11	3229	0.003407	24072	24191
G23955+T	NA	11	2880	0.003819	23941	23971
G23832A C23854A	S:G757D S:N764K	11	22948	0.000479	23683	23891
G23735-A C23854A	NA S:N764K	11	19871	0.000554	23687	23895
G23568-TA T23599G C23604G	NA S:N679K S:P681R	11	55321	0.000199	23493	23637
G23522-A C23525T T23599G C23604G	NA S:H655Y S:N679K S:P681R	11	54745	0.000201	23487	23642
G23501T C23525T T23540C T23599G C23604G	S:A647S S:H655Y S:Y660H S:N679K S:P681R	11	54321	0.000202	23487	23624
G23364T A23403G C23423T G23486-T C23525T	S:G601V S:D614G S:P621S NA S:H655Y	11	12168	0.000904	23339	23539
G22104-A C22120-A A22161-T A22193-ATT T22200G C22208T C22295A	NA NA NA S:DEL212 S:V213G S:L216F S:H245N	11	4845	0.00227	22100	22319
G21941T T22032C C22033A A22034G	S:V127F S:F157S S:F157S S:R158G	11	5967	0.001843	21889	22058
G21941T G21987A T21990-TTA C22009-A T22032C C22033A A22034G	S:V127F S:G142D S:DEL144 NA S:F157S S:F157S S:R158G	11	5967	0.001843	21889	22043
C25207T T25285C	S:Y1215Y S:C1241C	11	40294	0.000273	25165	25320
C25207T T25224C	S:Y1215Y S:I1221T	11	40588	0.000271	25199	25325
C25207T T25222C C25262-T	S:Y1215Y S:F1220F NA	11	40437	0.000272	25122	25325
C25207T G25305A	S:Y1215Y S:C1248Y	11	40199	0.000274	25186	25325
C25207T C25240-A	S:Y1215Y NA	11	40540	0.000271	25130	25258
C25207T C25214T	S:Y1215Y S:L1218L	11	40606	0.000271	25191	25325
C25207T A25286G	S:Y1215Y S:S1242G	11	40292	0.000273	25199	25325
C25207T A25235G	S:Y1215Y S:I1225V	11	40555	0.000271	25191	25325
C25207T A25216G	S:Y1215Y S:L1218L	11	40600	0.000271	25130	25325
C25169-T C25207T C25262-T	NA S:Y1215Y NA	11	37835	0.000291	25123	25325
C25000T C25100-A T25191-A	S:D1146D NA NA	11	374	0.029412	24990	25210
C24990T C25000T A25065G	S:P1143L S:D1146D S:D1168G	11	13136	0.000837	24924	25069
C24878+A	NA	11	15453	0.000712	24850	24890
C24784+T	NA	11	8603	0.001279	24724	24803
C24435-T G24488-T	NA NA	11	37309	0.000295	24412	24564
C24421A A24424T	S:N953K S:Q954H	11	39165	0.000281	24412	24564
C24223-T	NA	11	3006	0.003659	24153	24310
C24034T G24140-T	S:N824N NA	11	2342	0.004697	24021	24185
C23887-A G23903-T	NA NA	11	2145	0.005128	23767	23932
C23854A T23861C	S:N764K S:L767L	11	23445	0.000469	23834	23895
C23854A G23858A	S:N764K S:A766T	11	23485	0.000468	23683	23895
C23854A A23883G	S:N764K S:Q774R	11	22916	0.00048	23833	23895
C23758+A C23816-T	NA NA	11	24184	0.000455	23684	23828
C23709-A C23854A	NA S:N764K	11	19725	0.000558	23699	23895
C23692+T	NA	11	46908	0.000235	23685	23703
C23525T T23563+C T23599G C23604G	S:H655Y NA S:N679* S:P681C	11	54745	0.000201	23486	23642
C23525T G23580-T T23599G C23604G	S:H655Y NA S:N679K S:P681R	11	54745	0.000201	23487	23642
C23525T G23568-T T23599G C23604G	S:H655Y NA S:N679K S:P681R	11	54745	0.000201	23487	23642
C23525T C23604G T23637-C	S:H655Y S:P681R NA	11	53609	0.000205	23487	23642
C23525T C23591T T23599G C23604G	S:H655Y S:Q677* S:N679K S:P681R	11	54745	0.000201	23487	23637
C23525T C23538+A T23599G C23604G	S:H655Y NA S:N679* S:P681C	11	54745	0.000201	23487	23642
C23525T C23533-A	S:H655Y NA	11	69746	0.000158	23494	23539
C23525T A23598+G C23604G	S:H655Y NA S:P681C	11	54745	0.000201	23516	23634
C23525T A23579T T23599G C23604G	S:H655Y S:S673C S:N679K S:P681R	11	54745	0.000201	23487	23642
C23525T A23566G T23599G C23604G G23610A	S:H655Y S:A668A S:N679K S:P681R S:R683Q	11	54727	0.000201	23487	23642
C23525T A23550T T23599G C23604G	S:H655Y S:D663V S:N679K S:P681R	11	54745	0.000201	23487	23642
C23423T T23482-A C23525T	S:P621S NA S:H655Y	11	12699	0.000866	23416	23539
C23373+A	NA	11	28873	0.000381	23336	23381
C23367+G	NA	11	29101	0.000378	23336	23376
C23271T T23336C A23403G C23423T	S:A570V S:F592L S:D614G S:P621S	11	12935	0.00085	23269	23443
C23271T T23330C A23403G C23423T	S:A570V S:C590R S:D614G S:P621S	11	12935	0.00085	23269	23443
C23271T T23293C A23403G C23423T	S:A570V S:R577R S:D614G S:P621S	11	12935	0.00085	23269	23443
C23271T C23334-T G23339A A23403G C23423T	S:A570V NA S:G593S S:D614G S:P621S	11	12935	0.00085	23269	23435
C23271T C23277T T23337-TG A23403G C23423T	S:A570V S:T572I NA S:D614G S:P621S	11	12935	0.00085	23269	23435
C23271T A23283G A23403G C23423T	S:A570V S:D574G S:D614G S:P621S	11	12935	0.00085	23269	23441
C23103-T G23222A	NA S:E554K	11	4331	0.00254	23089	23224
C23099-T T23164-A G23222A C23271T	NA NA S:E554K S:A570V	11	4119	0.002671	23089	23290
C23099-T C23103-T G23222A C23271T	NA NA S:E554K S:A570V	11	4119	0.002671	23089	23282
C22120-A A22193-ATT T22200G C22208T G22225T C22295A	NA S:DEL212 S:V213G S:L216F S:S221S S:H245N	11	4983	0.002208	22100	22319
C22120-A A22193-ATT T22200G C22208T G22218-T C22227-T C22295A	NA S:DEL212 S:V213G S:L216F NA NA S:H245N	11	4983	0.002208	22112	22313
C21618T C21622T T21632-TACCCCCTG A21764-TACATG	S:T19I S:T20T S:DEL25/27 S:DEL69/70	11	6074	0.001811	21597	21802
C21618T C21622T G21624C T21632-TACCCCCTG C21711T C21736-T A21764-TACATG C21781-A	S:T19I S:T20T S:R21T S:DEL25/27 S:S50L NA S:DEL69/70 NA	11	6049	0.001818	21597	21802
A25438G T25542A	ORF3a:K16E ORF3a:V50V	11	6698	0.001642	25372	25566
A25216-G	NA	11	42394	0.000259	25209	25325
A25182G C25207T C25262-T	S:E1207G S:Y1215Y NA	11	38713	0.000284	25122	25325
A24922+T	NA	11	15232	0.000722	24850	24941
A24913G C24990T C25000T	S:T1117T S:P1143L S:D1146D	11	13244	0.000831	24874	25069
A24772G	S:A1070A	11	8577	0.001282	24724	24797
A24594G	S:Q1011R	11	15754	0.000698	24479	24679
A24587G	S:T1009A	11	15770	0.000698	24473	24679
A24562G	S:R1000R	11	53986	0.000204	24511	24564
A24519G	S:K986R	11	54680	0.000201	24479	24558
A24424T T24541C	S:Q954H S:I993I	11	36317	0.000303	24412	24564
A24424T T24492C	S:Q954H S:L977S	11	36838	0.000299	24412	24564
A24424T T24469A T24472-G T24489C	S:Q954H S:N969K NA S:V976A	11	36853	0.000298	24413	24564
A24424T T24469A T24472-G A24520G	S:Q954H S:N969K NA S:K986K	11	36577	0.000301	24412	24564
A24424T T24469A C24536-A A24538G	S:Q954H S:N969K NA S:Q992Q	11	36349	0.000303	24417	24564
A24424T T24469A A24562G	S:Q954H S:N969K S:R1000R	11	35885	0.000307	24412	24564
A24424T T24469A A24531G	S:Q954H S:N969K S:E990G	11	36426	0.000302	24412	24564
A24424T T24447C	S:Q954H S:L962P	11	37305	0.000295	24412	24562
A24424T G24535A	S:Q954H S:V991V	11	36389	0.000302	24412	24554
A24424T C24559T	S:Q954H S:G999G	11	35947	0.000306	24412	24564
A24424T C24446T T24469A	S:Q954H S:L962F S:N969K	11	37036	0.000297	24412	24564
A24424T C24431T T24469A	S:Q954H S:Q957* S:N969K	11	37036	0.000297	24412	24564
A24424T A24539-T	S:Q954H NA	11	36343	0.000303	24413	24554
A24424T A24532G	S:Q954H S:E990E	11	36414	0.000302	24412	24564
A24424T A24484G	S:Q954H S:S974S	11	36889	0.000298	24412	24564
A24424T A24468G T24469A	S:Q954H S:N969R S:N969R	11	37036	0.000297	24412	24564
A24424T A24432G	S:Q954H S:Q957R	11	37466	0.000294	24412	24564
A24324T	S:K921I	11	5186	0.002121	24229	24327
A23853-C C23855A	NA S:R765S	11	23508	0.000468	23840	23895
A23848G C23854A	S:Q762Q S:N764K	11	23482	0.000468	23834	23895
A23708G C23854A	S:T716A S:N764K	11	19724	0.000558	23683	23895
A23583G T23599G C23604G	S:Y674C S:N679K S:P681R	11	74946	0.000147	23581	23642
A23403G C23423T T23464C C23525T	S:D614G S:P621S S:R634R S:H655Y	11	12494	0.00088	23335	23539
A23403G C23423T C23536+G	S:D614G S:P621S NA	11	12249	0.000898	23335	23539
A23403G C23423T C23525T T23527C	S:D614G S:P621S S:H655Y S:H655Y	11	12482	0.000881	23335	23539
A23403G C23423T C23525T A23526G	S:D614G S:P621S S:H655C S:H655C	11	12483	0.000881	23378	23539
A23403G C23423T A23445G C23525T	S:D614G S:P621S S:Q628R S:H655Y	11	12494	0.00088	23393	23537
A23372G A23403G C23423T C23525T	S:T604A S:D614G S:P621S S:H655Y	11	12237	0.000899	23335	23539
A23359G A23403G C23423T C23525T	S:T599T S:D614G S:P621S S:H655Y	11	12131	0.000907	23335	23539
A23359-C A23403G C23423T C23525T	NA S:D614G S:P621S S:H655Y	11	12131	0.000907	23335	23539
A23348G A23403G C23423T C23525T	S:S596G S:D614G S:P621S S:H655Y	11	11990	0.000917	23335	23539
A22556G G22577C G22578A A22629C	S:I332V S:G339H S:G339H S:K356T	11	527	0.020873	22494	22641
A22194G A22194-TT T22200G C22295A	S:N211S NA S:V213G S:H245N	11	5363	0.002051	22160	22311
A21875-T C21888-T T21940-G G21987A T21990-TTA C22000-A T22032C C22033A A22034G	NA NA NA S:G142D S:DEL144 NA S:F157S S:F157S S:R158G	11	5733	0.001919	21847	22058
A21875-T C21888-T T21940-G G21987A T21990-TTA C22000-A C22009-A T22032C C22033A A22034G	NA NA NA S:G142D S:DEL144 NA NA S:F157S S:F157S S:R158G	11	5733	0.001919	21867	22058
A21675+T C21711T A21764-TACATG	NA S:S50F S:DEL69/70	11	7044	0.001562	21667	21802
T25560C	ORF3a:F56F	10	6610	0.001513	25372	25566
T25458C	ORF3a:D22D	10	9819	0.001018	25375	25477
T25434C	ORF3a:T14T	10	10103	0.00099	25372	25476
T25415C	ORF3a:F8S	10	10303	0.000971	25372	25441
T25285+A	NA	10	47124	0.000212	25272	25325
T25258C	S:I1232I	10	46373	0.000216	25251	25325
T25196-G C25207T G25249T	NA S:Y1215Y S:M1229I	10	39747	0.000252	25122	25325
T25171-G	NA	10	39871	0.000251	25141	25325
T25161-C C25207T	NA S:Y1215Y	10	38255	0.000261	25143	25325
T25148C C25207T C25262-T	S:S1196P S:Y1215Y NA	10	36821	0.000272	25122	25317
T24983C C24990T C25000T	S:L1141L S:P1143L S:D1146D	10	13514	0.00074	24900	25069
T24866+G C24981-T C24990T C25000T	NA NA S:P1143I S:D1146S	10	13017	0.000768	24850	25069
T24754C	S:H1064H	10	8489	0.001178	24724	24794
T24711C	S:M1050T	10	7114	0.001406	24673	24806
T24664C C24672-A	S:L1034L NA	10	22656	0.000441	24612	24679
T24660C	S:V1033A	10	22848	0.000438	24612	24679
T24628C	S:A1022A	10	22963	0.000435	24612	24679
T24487C	S:S975S	10	54552	0.000183	24473	24564
T24469A T24541C	S:N969K S:I993I	10	48170	0.000208	24465	24564
T24469A G24510+T	S:N969K NA	10	48642	0.000206	24465	24525
T24267-G A24424T	NA S:Q954H	10	1264	0.007911	24257	24424
T23840G C23854A	S:C760G S:N764K	10	23219	0.000431	23819	23891
T23820G	S:L753W	10	26156	0.000382	23742	23827
T23815C C23854A	S:N751N S:N764K	10	22606	0.000442	23683	23895
T23794C C23854A	S:G744G S:N764K	10	22262	0.000449	23683	23895
T23773C C23854A	S:D737D S:N764K	10	21998	0.000455	23752	23895
T23752C C23854A	S:S730S S:N764K	10	19982	0.0005	23683	23895
T23719C C23854A	S:T719T S:N764K	10	19765	0.000506	23683	23873
T23719+A	NA	10	46497	0.000215	23687	23724
T23689+A C23816-T C23887-A	NA NA NA	10	18714	0.000534	23683	23895
T23689+A C23816-T	NA NA	10	23587	0.000424	23683	23827
T23599G C23604G T23689-A	S:N679K S:P681R NA	10	19095	0.000524	23580	23724
T23599G C23604G G23675A	S:N679K S:P681R S:V705I	10	19169	0.000522	23580	23724
T23599G C23604G G23660A	S:N679K S:P681R S:G700S	10	19251	0.000519	23580	23705
T23599G C23604G C23706T	S:N679K S:P681R S:P715L	10	18837	0.000531	23580	23724
T23599G C23604G C23685T	S:N679K S:P681R S:S708F	10	19111	0.000523	23580	23724
T23599G C23604G A23720G	S:N679K S:P681R S:I720V	10	18548	0.000539	23580	23724
T23599G C23604G A23717G	S:N679K S:P681R S:T719A	10	18638	0.000537	23580	23724
T23599G C23604G A23704G	S:N679K S:P681R S:I714M	10	18852	0.00053	23580	23708
T23599G C23604G A23696G	S:N679K S:P681R S:I712V	10	19052	0.000525	23581	23724
T23599G C23604G A23696-T	S:N679K S:P681R NA	10	19052	0.000525	23593	23705
T23599G C23604G A23665G G23666-A	S:N679K S:P681R S:A701A NA	10	19222	0.00052	23580	23724
T23599A C23604G	S:N679K S:P681R	10	75149	0.000133	23580	23637
T23596G T23599G C23604G	S:T678T S:N679K S:P681R	10	75134	0.000133	23580	23705
T23582C T23599G C23604G	S:Y674H S:N679K S:P681R	10	74922	0.000133	23580	23639
T23511+A C23525T T23599G C23604A	NA S:H655S S:N679* S:P681Y	10	54624	0.000183	23486	23642
T23386C A23403G C23423T C23525T	S:V608V S:D614G S:P621S S:H655Y	10	12355	0.000809	23335	23539
T23352C A23403G C23423T C23525T	S:V597A S:D614G S:P621S S:H655Y	10	12083	0.000828	23335	23532
T23344C A23403G C23423T C23525T	S:G594G S:D614G S:P621S S:H655Y	10	11938	0.000838	23338	23539
T23101C C23103-T G23222A C23271T C23277T	S:L513L NA S:E554K S:A570V S:T572I	10	4099	0.00244	23089	23290
T22200G	S:V213G	10	5755	0.001738	22196	22310
T21610C C21618T C21622T G21624C T21632-TACCCCCTG C21711T A21764-TACATG	S:V16V S:T19I S:T20T S:R21T S:DEL25/27 S:S50L S:DEL69/70	10	6074	0.001646	21597	21802
T21609+CATGCCGCTGTT C21622T G21624C T21632-TACCCCCTG C21711T A21764-TACATG	S:INS17HAAV S:T20F S:R21T S:DEL25/27 S:S50L S:DEL69/70	10	6074	0.001646	21597	21802
T21609+CATGCCGCTGTT C21618T C21622T G21624C T21632-TACCCCCTG G21701-T C21711T A21764-TACATG	S:INS17HAAV S:T19F S:T20F S:R21T S:DEL25/27 NA S:S50L S:DEL69/70	10	6074	0.001646	21597	21802
T21609+CATGCCGCTGTT C21618T C21622T G21624C T21632-TACCCCCTG C21711T C21732-T A21764-TACATG	S:INS17HAAV S:T19F S:T20F S:R21T S:DEL25/27 S:S50L NA S:DEL69/70	10	6074	0.001646	21597	21802
T21609+CATGCCGCTGTT C21618T C21622T G21624C T21632-TACCCCCTG A21764-TACATG A21779-C	S:INS17HAAV S:T19F S:T20F S:R21T S:DEL25/27 S:DEL69/70 NA	10	6050	0.001653	21597	21802
G25311A	S:C1250Y	10	47716	0.00021	25292	25325
G25266A	S:C1235Y	10	46618	0.000215	25262	25323
G25173-A	NA	10	39954	0.00025	25155	25191
G25173+A C25207T C25262-T	NA S:Y1215V NA	10	38033	0.000263	25122	25324
G25135+A A25194-AT G25197T C25207T C25262-T	NA NA S:W1212M S:Y1215V NA	10	35960	0.000278	25130	25325
G25012T	S:E1150D	10	13994	0.000715	25003	25068
G24971+T C24981-T C24990T	NA NA S:P1143I	10	13518	0.00074	24850	25004
G24914A C24981-T C24990T C25000T	S:D1118N NA S:P1143L S:D1146D	10	13251	0.000755	24850	25069
G24883-A	NA	10	15401	0.000649	24850	24916
G24666-A	NA	10	22783	0.000439	24614	24679
G24665A	S:G1035R	10	22790	0.000439	24612	24667
G24574A	S:L1004L	10	16095	0.000621	24473	24676
G24476A	S:A972T	10	53658	0.000186	24473	24564
G24164-A	NA	10	6361	0.001572	24151	24191
G23948T T23965A	S:D796Y S:N801K	10	2398	0.00417	23941	23971
G23824A C23854A	S:L754L S:N764K	10	22788	0.000439	23683	23895
G23808+A C23854A	NA S:N764K	10	22511	0.000444	23801	23895
G23726-T C23854A	NA S:N764K	10	19811	0.000505	23683	23892
G23726+T	NA	10	26228	0.000381	23699	23738
G23699+A	NA	10	47015	0.000213	23688	23720
G23508+T C23525T	NA S:H655S	10	69784	0.000143	23487	23529
G23501+C	NA	10	69989	0.000143	23486	23512
G22813T G22817C T22882G G22895C T22896C G22898A	S:K417N S:A419P S:N440K S:V445P S:V445P S:G446S	10	151	0.066225	22793	22910
G21941T A21979-T G21987A T21990-TTA T22032C C22033A A22034G	S:V127F NA S:G142D S:DEL144 S:F157S S:F157S S:R158G	10	5967	0.001676	21847	22058
G21941T A21979-T G21987A T21990-TTA C22000-A T22032C C22033A A22034G	S:V127F NA S:G142D S:DEL144 NA S:F157S S:F157S S:R158G	10	5967	0.001676	21847	22058
G21508-A	NA	10	415	0.024096	21451	21564
C25466-T T25542A G25555-T	NA ORF3a:V50V NA	10	6622	0.00151	25372	25566
C25378T G25555-T	S:Y1272Y NA	10	6570	0.001522	25372	25566
C25262-TT A25327-T	NA NA	10	2530	0.003953	25251	25347
C25207T T25301-G	S:Y1215Y NA	10	40219	0.000249	25198	25325
C25207T C25262-TT G25278-T	S:Y1215Y NA NA	10	40322	0.000248	25130	25317
C25207T C25262-T T25310C	S:Y1215Y NA S:C1250R	10	40146	0.000249	25124	25325
C25207T C25262-T T25303C	S:Y1215Y NA S:C1247C	10	40210	0.000249	25130	25325
C25207T C25262-T T25291C	S:Y1215Y NA S:C1243C	10	40274	0.000248	25140	25325
C25207T C25240T	S:Y1215Y S:A1226A	10	40540	0.000247	25122	25246
C25207T A25243G	S:Y1215Y S:I1227M	10	40524	0.000247	25142	25325
C25200T C25207T	S:P1213L S:Y1215Y	10	40821	0.000245	25130	25325
C25199A C25207T C25262-T	S:P1213T S:Y1215Y NA	10	39862	0.000251	25130	25325
C25163+A C25207T C25262-T	NA S:Y1215V NA	10	37607	0.000266	25123	25325
C25156T C25207T	S:I1198I S:Y1215Y	10	38079	0.000263	25141	25324
C24990T C25000T A25067G	S:P1143L S:D1146D S:I1169V	10	13012	0.000769	24955	25069
C24621-T	NA	10	22917	0.000436	24612	24679
C24616+A C24672-A	NA NA	10	22423	0.000446	24612	24684
C24536+A	NA	10	54457	0.000184	24470	24564
C24435-T T24469A	NA S:N969K	10	37497	0.000267	24412	24564
C24431-A	NA	10	37896	0.000264	24412	24453
C24026-T A24110-T C24119-A G24140-T	NA NA NA NA	10	2324	0.004303	24021	24158
C23887A A23888C	S:D775E S:K776Q	10	23247	0.00043	23875	23895
C23887-AA	NA	10	23286	0.000429	23767	23895
C23859+T	NA	10	23622	0.000423	23767	23883
C23854A G23867A	S:N764K S:G769R	10	23339	0.000428	23836	23895
C23854A A23902G G23948T	S:N764K S:E780E S:D796Y	10	1344	0.00744	23850	23978
C23825T C23854A	S:Q755* S:N764K	10	22804	0.000439	23817	23858
C23816-T G23841T C23887-A	NA S:C760F NA	10	21801	0.000459	23683	23895
C23758T C23854A	S:T732T S:N764K	10	20006	0.0005	23683	23881
C23533-A T23599G C23604G	NA S:N679K S:P681R	10	54886	0.000182	23487	23638
C23525T T23599G T23602-C T23605G	S:H655Y S:N679K NA S:P681P	10	54737	0.000183	23499	23637
C23525T T23599G C23604G T23633+C	S:H655Y S:N679K S:P681R NA	10	53975	0.000185	23487	23637
C23525T T23599G C23604G G23642A	S:H655Y S:N679K S:P681R Unknown	10	52577	0.00019	23487	23642
C23525T T23599G C23604G A23614+G	S:H655Y S:N679K S:P681R NA	10	54722	0.000183	23487	23642
C23525T T23546C T23599G C23604A	S:H655Y S:C662R S:N679K S:P681H	10	54745	0.000183	23487	23642
C23525T T23537C C23604G	S:H655Y S:S659P S:P681R	10	54745	0.000183	23487	23642
C23525T G23567A T23599G C23604G	S:H655Y S:G669S S:N679K S:P681R	10	54745	0.000183	23487	23642
C23525T G23545A T23599G C23604G	S:H655Y S:E661E S:N679K S:P681R	10	54745	0.000183	23487	23642
C23525T C23538T T23599G C23604G	S:H655Y S:S659L S:N679K S:P681R	10	54745	0.000183	23501	23637
C23525T A23558-T T23599G C23604G G23608C	S:H655Y NA S:N679K S:P681R S:R682R	10	54734	0.000183	23487	23642
C23525T A23534T T23599G C23604G	S:H655Y S:N658Y S:N679K S:P681R	10	54745	0.000183	23501	23624
C23525T A23531T T23599G C23604G	S:H655Y S:N657Y S:N679K S:P681R	10	54745	0.000183	23505	23642
C23492+A	NA	10	69509	0.000144	23486	23506
C23423T T23434-C C23525T	S:P621S NA S:H655Y	10	12699	0.000787	23412	23539
C23271T T23394C A23403G C23423T	S:A570V S:L611P S:D614G S:P621S	10	12935	0.000773	23269	23443
C23271T T23308C A23403G C23423T	S:A570V S:L582L S:D614G S:P621S	10	12935	0.000773	23269	23443
C23271T T23284C A23403G C23423T	S:A570V S:D574D S:D614G S:P621S	10	12935	0.000773	23269	23434
C23271T A23403G A23408G C23423T	S:A570V S:D614G S:N616D S:P621S	10	12935	0.000773	23269	23443
C23271T A23319G A23403G C23423T	S:A570V S:D586G S:D614G S:P621S	10	12935	0.000773	23269	23443
C23271T A23305G A23403G C23423T	S:A570V S:T581T S:D614G S:P621S	10	12935	0.000773	23269	23435
C23202T G23222A	S:T547I S:E554K	10	4562	0.002192	23096	23290
C23103-T T23143-A T23164-A G23222A C23230-A C23271T	NA NA NA S:E554K NA S:A570V	10	4130	0.002421	23089	23290
C23099-T T23143-A G23222A C23230-A C23271T	NA NA S:E554K NA S:A570V	10	4119	0.002428	23089	23290
C23099-T C23103-T T23143-A T23164-A G23222A C23230-A C23271T	NA NA NA NA S:E554K NA S:A570V	10	4119	0.002428	23089	23280
C22674T T22679C	S:S371F S:S373P	10	723	0.013831	22650	22685
C22674T	S:S371F	10	744	0.013441	22646	22685
C21888-T	NA	10	6699	0.001493	21870	21898
C21618T C21622T G21624C T21632-TACCCCCTG G21701-T A21764-TACATG	S:T19I S:T20T S:R21T S:DEL25/27 NA S:DEL69/70	10	6074	0.001646	21597	21802
C21618T C21622T G21624C A21764-TACATG	S:T19I S:T20T S:R21T S:DEL69/70	10	6074	0.001646	21597	21802
A25438G	ORF3a:K16E	10	10068	0.000993	25372	25477
A25385G	S:T1275A	10	10563	0.000947	25372	25477
A25194-AT G25197T C25207T A25208-T C25262-T	NA S:W1212L S:Y1215Y NA NA	10	39504	0.000253	25138	25325
A25158-T C25207T C25262-T	NA S:Y1215Y NA	10	37431	0.000267	25122	25325
A24942G C24990T C25000T	S:D1127G S:P1143L S:D1146D	10	13347	0.000749	24857	25069
A24758T	S:T1066S	10	8511	0.001175	24724	24806
A24676G	S:K1038K	10	22776	0.000439	24612	24679
A24670G	S:Q1036Q	10	22725	0.00044	24640	24679
A24644G	S:K1028E	10	22923	0.000436	24612	24679
A24617G	S:R1019G	10	22891	0.000437	24610	24679
A24591G	S:Q1010R	10	15757	0.000635	24473	24614
A24539+T C24672-A	NA NA	10	15344	0.000652	24470	24679
A24484G	S:S974S	10	54440	0.000184	24480	24534
A24479-T C24672-A	NA NA	10	14724	0.000679	24470	24679
A24424T T24564C	S:Q954H Unknown	10	35821	0.000279	24412	24564
A24424T T24513C	S:Q954H S:L984P	10	36634	0.000273	24412	24564
A24424T T24469A T24548C	S:Q954H S:N969K S:L996L	10	36206	0.000276	24412	24564
A24424T T24469A T24544C	S:Q954H S:N969K S:D994D	10	36282	0.000276	24412	24564
A24424T T24469A T24513G	S:Q954H S:N969K S:L984R	10	36634	0.000273	24412	24564
A24424T T24469A T24505C	S:Q954H S:N969K S:L981L	10	36725	0.000272	24412	24564
A24424T T24469A T24501C	S:Q954H S:N969K S:I980T	10	36760	0.000272	24412	24564
A24424T T24469A G24473T	S:Q954H S:N969K S:G971C	10	36973	0.00027	24412	24564
A24424T T24469A C24553T	S:Q954H S:N969K S:I997I	10	36147	0.000277	24412	24564
A24424T T24469A C24477T	S:Q954H S:N969K S:A972V	10	36950	0.000271	24412	24564
A24424T T24469A A24478G	S:Q954H S:N969K S:A972A	10	36934	0.000271	24412	24564
A24424T T24451C T24469A	S:Q954H S:V963V S:N969K	10	37036	0.00027	24412	24564
A24424T T24451+A T24469A	S:Q954H NA S:N969Q	10	37036	0.00027	24415	24526
A24424T G24428A T24469A T24472-G	S:Q954H S:A956T S:N969K NA	10	36976	0.00027	24412	24564
A24424T C24465T T24469A	S:Q954H S:S968F S:N969K	10	37036	0.00027	24415	24564
A24424T A24508G	S:Q954H S:S982S	10	36696	0.000273	24412	24564
A24424T A24467C	S:Q954H Unknown	10	37053	0.00027	24412	24468
A24424T A24456G	S:Q954H S:Q965R	10	37188	0.000269	24413	24564
A24424T A24453G	S:Q954H S:K964R	10	37242	0.000269	24412	24564
A24424T A24433G	S:Q954H S:Q957Q	10	37458	0.000267	24412	24443
A23942-T G23948T	NA S:D796Y	10	2585	0.003868	23941	23956
A23888G	S:K776E	10	23254	0.00043	23767	23892
A23852G C23854A	S:N764E S:N764E	10	23618	0.000423	23683	23895
A23851G C23854A	S:L763L S:N764K	10	23618	0.000423	23846	23887
A23796+G C23854A	NA S:N764K	10	22314	0.000448	23782	23893
A23786-T A23853-C	NA NA	10	22117	0.000452	23683	23890
A23759C C23854A	S:K733Q S:N764K	10	20008	0.0005	23748	23895
A23729+T C23854A	NA S:N764K	10	19826	0.000504	23683	23891
A23696-T C23854A	NA S:N764K	10	19514	0.000512	23683	23895
A23515+G C23525T T23599G C23604A	NA S:H655S S:N679* S:P681Y	10	54669	0.000183	23486	23641
A23512G C23525T T23599G C23604G T23620C	S:L650L S:H655Y S:N679K S:P681R S:S686S	10	54584	0.000183	23487	23642
A23503T C23525T T23599G C23604G	S:A647A S:H655Y S:N679K S:P681R	10	54471	0.000184	23487	23624
A23493G C23525T T23599G C23604G G23610A	S:Q644R S:H655Y S:N679K S:P681R S:R683Q	10	54027	0.000185	23487	23624
A23403G T23421C C23423T C23525T	S:D614G S:V620A S:P621S S:H655Y	10	12494	0.0008	23336	23539
A23403G T23404C C23423T C23525T	S:D614G S:D614G S:P621S S:H655Y	10	12494	0.0008	23335	23539
A23403G G23412A C23423T C23525T	S:D614G S:C617Y S:P621S S:H655Y	10	12494	0.0008	23335	23539
A23403G C23423T T23521C C23525T	S:D614G S:P621S S:A653A S:H655Y	10	12494	0.0008	23335	23539
A23403G C23423T T23511-A C23525T	S:D614G S:P621S NA S:H655Y	10	12494	0.0008	23356	23535
A23403G C23423T T23470C C23525T	S:D614G S:P621S S:Y636Y S:H655Y	10	12494	0.0008	23336	23539
A23403G C23423T T23452C C23525T	S:D614G S:P621S S:T630T S:H655Y	10	12494	0.0008	23335	23539
A23403G C23423T C23496T C23525T	S:D614G S:P621S S:T645I S:H655Y	10	12494	0.0008	23335	23539
A23403G C23423T C23496+A C23525T	S:D614G S:P621S NA S:H655S	10	12494	0.0008	23335	23539
A23403G C23423T A23469+T C23525T	S:D614G S:P621S NA S:H655S	10	12494	0.0008	23335	23537
A23403G C23423T A23456G C23525T	S:D614G S:P621S S:T632A S:H655Y	10	12494	0.0008	23335	23539
A23403G A23414G C23423T	S:D614G S:T618A S:P621S	10	28242	0.000354	23371	23443
A23267-T	NA	10	4480	0.002232	23242	23285
A22629C	S:K356T	10	737	0.013569	22623	22636
A22556G G22578A A22629C C22674T T22679C	S:I332V S:G339D S:K356T S:S371F S:S373P	10	496	0.020161	22494	22685
A22193-ATT T22200G C22208T C22295A T22315-G	S:DEL212 S:V213G S:L216F S:H245N NA	10	5246	0.001906	22112	22319
A22193-ATT T22200G C22208T C22290T C22295A	S:DEL212 S:V213G S:L216F S:A243V S:H245N	10	5362	0.001865	22100	22319
A21875-T T21940-G	NA NA	10	6519	0.001534	21847	21948
