nt_mutations	aa_mutations	cluster_depth	total_depth	frequency	coverage_start	coverage_end
C23525T T23599G C23604G	S:H655Y S:N679K S:P681R	18460	34987	0.527625	23521	23608
T23599G C23604G	S:N679K S:P681R	16810	68016	0.247148	23596	23608
C25207T	S:Y1215Y	14359	44614	0.32185	25203	25210
T24469A	S:N969K	8530	56286	0.151547	24466	24476
A24424T T24469A	S:Q954H S:N969K	8253	24867	0.331886	24420	24478
C23854A	S:N764K	7543	26341	0.28636	23850	23855
A23403G C23423T C23525T	S:D614G S:P621S S:H655Y	5167	15725	0.328585	23399	23528
C25207T C25262-T	S:Y1215Y NA	4291	44238	0.096998	25200	25272
A24424T	S:Q954H	3655	27666	0.132112	24422	24424
G21941T G21987A T21990-TTA T22032C C22033A A22034G	S:V127F S:G142D S:DEL144 S:F157S S:F157S S:R158G	3370	15830	0.212887	21935	22043
G23222A C23271T	S:E554K S:A570V	1628	6578	0.247492	23211	23274
C24672-A	NA	1494	39854	0.037487	24664	24679
C24990T C25000T	S:P1143L S:D1146D	1465	5879	0.249192	24975	25009
C22295A	S:H245N	1434	7476	0.191814	22293	22310
A23403G C23423T	S:D614G S:P621S	1420	23644	0.060058	23399	23426
C23271T A23403G C23423T	S:A570V S:D614G S:P621S	1384	5163	0.268061	23269	23426
C23604G	S:P681R	1330	68099	0.01953	23602	23612
C25262-T	NA	1252	51258	0.024425	25255	25272
T23599G	S:N679K	1036	68075	0.015219	23595	23602
C23525T	S:H655Y	1030	52764	0.019521	23521	23528
C23887-A	NA	958	25925	0.036953	23862	23894
A22193-ATT T22200G C22208T C22295A	S:DEL212 S:V213G S:L216F S:H245N	948	4947	0.191631	22184	22297
C23423T C23525T	S:P621S S:H655Y	843	15894	0.053039	23421	23528
T21609+CATGCCGCTGTT C21618T C21622T G21624C T21632-TACCCCCTG C21711T A21764-TACATG	S:INS17HAAV S:T19F S:T20F S:R21T S:DEL25/27 S:S50L S:DEL69/70	840	6571	0.127834	21600	21780
T25196-G C25207T C25262-T	NA S:Y1215Y NA	826	43863	0.018831	25145	25282
C21618T C21622T G21624C T21632-TACCCCCTG C21711T A21764-TACATG	S:T19I S:T20T S:R21T S:DEL25/27 S:S50L S:DEL69/70	811	6572	0.123402	21608	21785
G21987A T21990-TTA T22032C C22033A A22034G	S:G142D S:DEL144 S:F157S S:F157S S:R158G	728	16456	0.044239	21982	22043
C23423T	S:P621S	694	23863	0.029083	23419	23426
T21940-G G21987A T21990-TTA T22032C C22033A A22034G	NA S:G142D S:DEL144 S:F157S S:F157S S:R158G	683	15830	0.043146	21931	22043
T24469A T24472-G	S:N969K NA	638	56242	0.011344	24465	24564
C24981-T C24990T C25000T	NA S:P1143L S:D1146D	632	5869	0.107684	24934	25004
C23525T C23604G	S:H655Y S:P681R	595	34987	0.017006	23521	23622
C23854A G23948T	S:N764K S:D796Y	592	2963	0.199798	23850	23952
A25194-AT G25197T C25207T C25262-T	NA S:W1212L S:Y1215Y NA	537	43785	0.012264	25145	25288
C23271T C23334-T A23403G C23423T	S:A570V NA S:D614G S:P621S	531	5163	0.102847	23269	23430
A24424T T24469A T24472-G	S:Q954H S:N969K NA	521	24828	0.020984	24413	24534
T23599G C23604G C23673T	S:N679K S:P681R S:S704L	482	31942	0.01509	23581	23700
C21711T A21764-TACATG	S:S50L S:DEL69/70	461	7782	0.059239	21707	21780
T22032C C22033A A22034G	S:F157S S:F157S S:R158G	447	17440	0.025631	22025	22051
G23948T	S:D796Y	438	3563	0.12293	23944	23951
A23403G C23525T	S:D614G S:H655Y	428	15725	0.027218	23394	23529
C24378T A24424T	S:S939F S:Q954H	409	2423	0.168799	24372	24424
T24469A C24672-A	S:N969K NA	404	29570	0.013662	24465	24679
G23222A	S:E554K	381	6713	0.056756	23201	23224
C23525T T23599G	S:H655Y S:N679K	372	35005	0.010627	23508	23602
C23271T	S:A570V	368	12164	0.030253	23269	23274
C23525T T23599G C23604A	S:H655Y S:N679K S:P681H	348	34987	0.009947	23501	23622
C23854A C23887-A	S:N764K NA	315	25427	0.012388	23836	23895
T25191-A C25207T C25262-T	NA S:Y1215Y NA	308	43672	0.007053	25130	25281
G21941T G21987A T21990-TTA T22032C C22033A	S:V127F S:G142D S:DEL144 S:F157S S:F157S	302	15830	0.019078	21901	22043
T24377-C A24424T	NA S:Q954H	301	2423	0.124226	24366	24424
C23525T C23575T T23599G C23604G	S:H655Y S:C671C S:N679K S:P681R	300	34987	0.008575	23492	23624
T21609+CATGCCGCTGTT C21618T C21622T G21624C T21632-TACCCCCTG A21764-TACATG	S:INS17HAAV S:T19F S:T20F S:R21T S:DEL25/27 S:DEL69/70	281	6571	0.042764	21597	21780
A23403G	S:D614G	271	23840	0.011367	23397	23409
C23271T C23334-T C23423T	S:A570V NA S:P621S	268	5163	0.051908	23269	23426
T24492-A	NA	267	62285	0.004287	24486	24564
C24536-A	NA	267	62196	0.004293	24527	24564
T23599G C23604G T23659C	S:N679K S:P681R S:L699L	249	32034	0.007773	23581	23669
A23712+T	NA	246	56700	0.004339	23696	23723
G24488-T	NA	240	62032	0.003869	24486	24499
G21941T T21990-TTA T22032C C22033A A22034G	S:V127F S:DEL144 S:F157S S:F157S S:R158G	238	15830	0.015035	21925	22043
A22193-ATT T22200G C22295A	S:DEL212 S:V213G S:H245N	232	4947	0.046897	22178	22310
C23525T A23558-T T23599G C23604G	S:H655Y NA S:N679K S:P681R	221	34987	0.006317	23505	23624
C25000T	S:D1146D	220	6058	0.036316	24991	25012
T23599G C23604G A23712+T	S:N679K S:P681R NA	218	30909	0.007053	23581	23724
A21875-T G21941T G21987A T21990-TTA T22032C C22033A A22034G	NA S:V127F S:G142D S:DEL144 S:F157S S:F157S S:R158G	215	15452	0.013914	21867	22043
C22295A C22353A	S:H245N S:A264D	206	432	0.476852	22281	22375
T23599G T23600C C23604G	S:N679K S:S680P S:P681R	200	68016	0.00294	23587	23611
C25207T C25254T A25286G	S:Y1215Y S:T1231I S:S1242G	195	44105	0.004421	25197	25324
C24990T	S:P1143L	194	5910	0.032826	24983	25005
T22032C C22033A	S:F157S S:F157S	186	17440	0.010665	22022	22049
A23515+G C23525T T23599G C23604G	NA S:H655S S:N679* S:P681C	186	34951	0.005322	23501	23624
C21618T C21622T G21624C T21632-TACCCCCTG C21711T A21764-TACATG C21781-A	S:T19I S:T20T S:R21T S:DEL25/27 S:S50L S:DEL69/70 NA	184	6536	0.028152	21597	21802
A21764-TACATG	S:DEL69/70	183	7952	0.023013	21757	21802
T23511+A C23525T T23599G C23604G	NA S:H655S S:N679* S:P681C	182	34925	0.005211	23487	23636
G21941T G21987A T21990-TTA C22000-A T22032C C22033A A22034G	S:V127F S:G142D S:DEL144 NA S:F157S S:F157S S:R158G	182	15830	0.011497	21881	22054
A24424T G24488-T	S:Q954H NA	180	24768	0.007267	24415	24501
C21618T C21622T G21624C T21632-TACCCCCTG A21764-TACATG	S:T19I S:T20T S:R21T S:DEL25/27 S:DEL69/70	174	6572	0.026476	21598	21802
C25207T G25218-T C25262-T	S:Y1215Y NA NA	173	44238	0.003911	25140	25287
G25198-C C25207T	NA S:Y1215Y	169	44311	0.003814	25190	25315
T23599G C23604G A23668G	S:N679K S:P681R S:E702E	167	31984	0.005221	23584	23700
T23599G C23604G C23679T	S:N679K S:P681R S:A706V	164	31917	0.005138	23581	23700
T21940-G G21987A T21990-TTA C22000-A T22032C C22033A A22034G	NA S:G142D S:DEL144 NA S:F157S S:F157S S:R158G	164	15830	0.01036	21870	22045
A23786-T C23854A	NA S:N764K	161	25081	0.006419	23768	23881
G23835+T	NA	160	26254	0.006094	23832	23847
A24110-T	NA	159	3131	0.050782	24092	24122
T23599G C23604G C23625T	S:N679K S:P681R S:A688V	155	67839	0.002285	23592	23633
A23403G C23423T G23486-T C23525T	S:D614G S:P621S NA S:H655Y	155	15725	0.009857	23372	23531
T23850+A	NA	152	26357	0.005767	23792	23868
T25196-G C25207T	NA S:Y1215Y	146	44238	0.0033	25140	25213
C23271T C23423T	S:A570V S:P621S	141	5163	0.02731	23269	23426
C25207T C25275T	S:Y1215Y S:T1238I	139	44170	0.003147	25193	25320
T23599G C23604G G23610T	S:N679K S:P681R S:R683L	136	67992	0.002	23587	23700
T23599G C23604G A23665G	S:N679K S:P681R S:A701A	136	31999	0.00425	23587	23671
C23525T T23599G T23600C C23604G	S:H655Y S:N679K S:S680P S:P681R	135	34987	0.003859	23487	23624
G23222A C23271T C23277T	S:E554K S:A570V S:T572I	131	6518	0.020098	23194	23282
C23525T T23599G C23604G G23608A	S:H655Y S:N679K S:P681R S:R682R	131	34983	0.003745	23508	23624
C23271T A23403G	S:A570V S:D614G	131	5223	0.025081	23269	23412
A24253-T	NA	131	3704	0.035367	24236	24265
T24469A C24536-A	S:N969K NA	129	55527	0.002323	24465	24564
C23525T C23551-A T23599G C23604G	S:H655Y NA S:N679K S:P681R	127	34987	0.00363	23510	23624
T24489C	S:V976A	124	62220	0.001993	24486	24496
T23599G C23604G G23653-T	S:N679K S:P681R NA	123	32078	0.003834	23581	23700
C22120-A A22193-ATT T22200G C22208T C22295A	NA S:DEL212 S:V213G S:L216F S:H245N	122	4699	0.025963	22112	22312
T24471-TG	NA	121	58649	0.002063	24465	24552
G23593T T23599G C23604G	S:Q677H S:N679K S:P681R	121	67946	0.001781	23581	23634
A24424T T24451C T24469A	S:Q954H S:V963V S:N969K	121	24867	0.004866	24417	24475
T24469A A24493T	S:N969K S:L977F	120	56118	0.002138	24465	24564
T23599G C23604G T23693C	S:N679K S:P681R S:S711P	120	31759	0.003778	23580	23699
A23400+G C23423T	NA S:P621S	120	23644	0.005075	23364	23426
G21987A T21990-TTA T22032C C22033A	S:G142D S:DEL144 S:F157S S:F157S	119	16456	0.007231	21975	22052
A24493T	S:L977F	116	62257	0.001863	24489	24671
T25140-A C25207T	NA S:Y1215Y	115	42279	0.00272	25130	25210
T23599G C23604G A23627G	S:N679K S:P681R S:S689G	115	67457	0.001705	23593	23631
G25555-T	NA	114	2650	0.043019	25384	25566
C25207T G25230A	S:Y1215Y S:G1223D	114	44354	0.00257	25198	25307
A23712+T C23887-A	NA NA	114	20346	0.005603	23683	23894
T24469A T24492-A	S:N969K NA	113	56141	0.002013	24465	24564
C25207T T25219C	S:Y1215Y S:G1219G	111	44389	0.002501	25201	25266
T21940-G A21979-T G21987A T21990-TTA C22000-A T22032C C22033A A22034G	NA NA S:G142D S:DEL144 NA S:F157S S:F157S S:R158G	107	15830	0.006759	21870	22056
C23709+A	NA	107	56844	0.001882	23697	23719
T24472-G	NA	106	58720	0.001805	24465	24498
T23143-A G23222A C23271T	NA S:E554K S:A570V	106	6362	0.016661	23089	23274
T23599G C23604G G23666+A	S:N679K S:P681R NA	105	31998	0.003281	23580	23677
T21990-TTA T22032C C22033A A22034G	S:DEL144 S:F157S S:F157S S:R158G	105	16456	0.006381	21975	22058
C25207T T25210C	S:Y1215Y S:I1216I	105	44572	0.002356	25198	25320
C25207T G25218-T	S:Y1215Y NA	105	44389	0.002365	25167	25238
C23399+T C23423T C23525T	NA S:P621S S:H655S	105	15712	0.006683	23339	23532
C23271T C23277T A23403G C23423T	S:A570V S:T572I S:D614G S:P621S	103	5163	0.01995	23269	23429
C25207T G25229A	S:Y1215Y S:G1223S	100	44356	0.002254	25197	25324
G21941T G21987A T22032C C22033A A22034G	S:V127F S:G142D S:F157S S:F157S S:R158G	99	15830	0.006254	21935	22051
A22193-ATT T22200G C22208T	S:DEL212 S:V213G S:L216F	99	5300	0.018679	22135	22219
C23525T T23599G C23601A C23604G	S:H655Y S:N679K S:S680Y S:P681R	98	34987	0.002801	23499	23629
T23599G C23604G C23609-G	S:N679K S:P681R NA	97	67999	0.001426	23587	23622
T21609+CATGCCGCTGTT C21618T C21622T G21624C T21632-TACCCCCTG C21711T A21764-TACATG C21781-A	S:INS17HAAV S:T19F S:T20F S:R21T S:DEL25/27 S:S50L S:DEL69/70 NA	96	6535	0.01469	21597	21802
C23731T C23854A	S:T723T S:N764K	96	21364	0.004494	23723	23873
C23525T T23599G C23604G C23625T	S:H655Y S:N679K S:P681R S:A688V	94	34918	0.002692	23499	23637
C23525T A23583-T T23599G C23604G	S:H655Y NA S:N679K S:P681R	94	34987	0.002687	23487	23624
A24424T T24438+A	S:Q954H NA	94	25108	0.003744	24412	24449
C23525T T23529-CA T23599G C23601A C23604G	S:H655Y NA S:N679K S:S680Y S:P681R	91	34987	0.002601	23497	23630
C24320-A	NA	90	4079	0.022064	24253	24332
G21941T G21987A T21990-TTA	S:V127F S:G142D S:DEL144	89	16110	0.005525	21937	22008
T23599G C23604G C23635A	S:N679K S:P681R S:S691S	87	67143	0.001296	23580	23700
G23735+A	NA	87	23467	0.003707	23698	23745
C23525T T23599G C23604G C23638T	S:H655Y S:N679K S:P681R S:I692I	87	34186	0.002545	23505	23641
T24643+A	NA	86	40348	0.002131	24612	24669
T23599G C23604G C23709+A	S:N679K S:P681R NA	86	31027	0.002772	23580	23717
T23599G C23604G A23670+T	S:N679K S:P681R NA	86	31972	0.00269	23580	23689
T25140+A C25207T C25262-T	NA S:Y1215V NA	85	41910	0.002028	25130	25280
C25207T T25263C	S:Y1215Y S:L1234P	84	44230	0.001899	25195	25322
C24119-A	NA	84	3223	0.026063	24111	24153
C23525T T23599G C23604G T23620C	S:H655Y S:N679K S:P681R S:S686S	84	34954	0.002403	23508	23622
T23599G C23604G T23654C	S:N679K S:P681R S:S698P	83	32069	0.002588	23580	23696
C24509T	S:R983C	83	62261	0.001333	24493	24588
C24466+A	NA	83	55951	0.001483	24465	24481
T23599G C23604G G23610A	S:N679K S:P681R S:R683Q	82	67992	0.001206	23580	23624
G25302-T	NA	82	52092	0.001574	25295	25323
C25262-T A25327-T	NA NA	82	4453	0.018415	25252	25335
C25207T C25254T C25262-T A25286G	S:Y1215Y S:T1231I NA S:S1242G	82	44105	0.001859	25132	25320
C25207T A25253G	S:Y1215Y S:T1231A	82	44264	0.001853	25197	25323
C24672-A A24684-T	NA NA	82	3942	0.020802	24634	24698
T23850+A C23887-A	NA NA	81	25361	0.003194	23767	23895
G21941T G21987A T21990-TTA C22033A A22034G	S:V127F S:G142D S:DEL144 S:F157L S:R158G	81	15830	0.005117	21847	22054
C23525T A23550G T23599G C23604G	S:H655Y S:D663G S:N679K S:P681R	81	34987	0.002315	23487	23634
T23703-A	NA	80	57158	0.0014	23683	23715
G25455T	ORF3a:K21N	80	7407	0.010801	25381	25472
C21618T C21622T G21624C T21632-TACCCCCTG	S:T19I S:T20T S:R21T S:DEL25/27	80	6893	0.011606	21597	21655
A23403G C23423T T23455C C23525T	S:D614G S:P621S S:P631P S:H655Y	80	15725	0.005087	23351	23529
T23521C C23525T T23599G C23604G	S:A653A S:H655Y S:N679K S:P681R	79	34984	0.002258	23499	23615
G23522-A C23525T T23599G C23604G	NA S:H655Y S:N679K S:P681R	79	34987	0.002258	23508	23624
C23525T T23599G C23604A C23625T	S:H655Y S:N679K S:P681H S:A688V	79	34918	0.002262	23488	23637
T23509C C23525T T23599G C23604G	S:C649C S:H655Y S:N679K S:P681R	78	34911	0.002234	23498	23624
G23222A C23230+A C23271T	S:E554K NA S:A570F	78	6578	0.011858	23115	23279
C24668+A	NA	78	40047	0.001948	24612	24679
C23525T T23529C T23599G C23604G	S:H655Y S:V656A S:N679K S:P681R	78	34987	0.002229	23492	23624
C21711T A21764-TACATG C21781-A	S:S50L S:DEL69/70 NA	78	7731	0.010089	21703	21802
C23525T A23531G T23599G C23604G	S:H655Y S:N657D S:N679K S:P681R	77	34987	0.002201	23508	23624
T24469A C24509T	S:N969K S:R983C	76	55826	0.001361	24465	24564
T24267-G C24378T A24424T	NA S:S939F S:Q954H	76	1823	0.04169	24259	24424
G24618A	S:R1019K	76	40298	0.001886	24612	24667
C25207T A25274G	S:Y1215Y S:T1238A	76	44173	0.001721	25174	25316
T23599G C23604G G23666-A	S:N679K S:P681R NA	75	31998	0.002344	23593	23700
C23525T G23547T T23599G C23604G	S:H655Y S:C662F S:N679K S:P681R	75	34987	0.002144	23499	23624
A25137+T C25207T C25262-T	NA S:Y1215V NA	75	41808	0.001794	25130	25286
T24492+A	NA	74	62285	0.001188	24482	24503
C25207T T25291C	S:Y1215Y S:C1243C	73	44065	0.001657	25190	25325
C25207T G25290T	S:Y1215Y S:C1243F	73	44069	0.001656	25197	25325
T25191-A C25207T	NA S:Y1215Y	71	44047	0.001612	25130	25210
A24424T T24469A G24488-T	S:Q954H S:N969K NA	71	24768	0.002867	24415	24533
T25161C C25207T	S:L1200P S:Y1215Y	70	42890	0.001632	25141	25325
T24469A T24489C	S:N969K S:V976A	70	56165	0.001246	24465	24496
G21941T A21979-T G21987A T21990-TTA T22032C C22033A A22034G	S:V127F NA S:G142D S:DEL144 S:F157S S:F157S S:R158G	69	15830	0.004359	21867	22049
C25207T T25215-AG	S:Y1215Y NA	69	44398	0.001554	25180	25325
C23525T A23588G T23599G C23604G	S:H655Y S:T676A S:N679K S:P681R	69	34987	0.001972	23487	23624
A23786+T	NA	69	26394	0.002614	23767	23802
A21875-T T21940-G G21987A T21990-TTA T22032C C22033A A22034G	NA NA S:G142D S:DEL144 S:F157S S:F157S S:R158G	69	15452	0.004465	21853	22043
C25207T G25302-T	S:Y1215Y NA	68	43932	0.001548	25199	25324
C25207T G25299-C	S:Y1215Y NA	68	43965	0.001547	25188	25324
C25207T C25254T	S:Y1215Y S:T1231I	68	44264	0.001536	25203	25322
C24852-A C24990T C25000T	NA S:P1143L S:D1146D	68	5548	0.012257	24850	25066
C23525T A23544G T23599G C23604G	S:H655Y S:E661G S:N679K S:P681R	68	34987	0.001944	23487	23637
A25206G C25207T	S:Y1215C S:Y1215C	68	44613	0.001524	25172	25264
A22193-ATT T22200G C22208T C22295A T22315-G	S:DEL212 S:V213G S:L216F S:H245N NA	68	4768	0.014262	22113	22319
T24267-G	NA	67	3787	0.017692	24229	24316
C23525T T23548C T23599G C23604G	S:H655Y S:C662C S:N679K S:P681R	67	34987	0.001915	23487	23638
T24469A G24547A	S:N969K S:R995R	66	55405	0.001191	24465	24564
T23599G C23604G G23678T	S:N679K S:P681R S:A706S	66	31925	0.002067	23581	23707
T23596+A T23599G C23604G	NA S:N679* S:P681C	66	68008	0.00097	23585	23623
T23164-A G23222A C23271T	NA S:E554K S:A570V	66	6418	0.010284	23093	23274
G23768-T	NA	66	26610	0.00248	23767	23778
C23525T T23599G C23604G G23611T	S:H655Y S:N679K S:P681R S:R683R	66	34978	0.001887	23520	23624
T23599G C23604G T23641-G	S:N679K S:P681R NA	65	66346	0.00098	23580	23657
G23835+T C23887-A	NA NA	65	24939	0.002606	23769	23895
T25171+G C25207T C25262-T	NA S:Y1215V NA	64	42769	0.001496	25140	25320
T23637-C	NA	64	68231	0.000938	23624	23642
C23525T T23599G C23604G G23624C	S:H655Y S:N679K S:P681R S:A688P	64	34930	0.001832	23493	23635
A24518T C24616T	S:K986* S:I1018I	64	35979	0.001779	24486	24653
A22110+G A22193-ATT T22200G C22208T C22295A	NA S:DEL212 S:V213S S:L216S S:H245T	64	4607	0.013892	22100	22313
T23599G C23604G T23662C	S:N679K S:P681R S:G700G	63	32017	0.001968	23581	23724
T23599G C23604G T23640C	S:N679K S:P681R S:I693T	63	66417	0.000949	23582	23642
G24547A	S:R995R	63	62144	0.001014	24486	24564
C23525T T23546C T23599G C23604G	S:H655Y S:C662R S:N679K S:P681R	63	34987	0.001801	23488	23629
C25207T C25294-A	S:Y1215Y NA	62	44019	0.001408	25200	25325
C24150+T	NA	62	4248	0.014595	24148	24158
C23334-T A23403G C23423T	NA S:D614G S:P621S	62	5725	0.01083	23285	23441
T24469A A24518T C24616T	S:N969K S:K986* S:I1018I	61	30086	0.002028	24465	24661
T24438+A	NA	61	25391	0.002402	24412	24450
T23599G C23604G T23652C	S:N679K S:P681R S:M697T	61	32085	0.001901	23592	23672
G24611+A	NA	61	36397	0.001676	24480	24636
G24488+T	NA	61	62032	0.000983	24486	24501
C24852-A	NA	61	8165	0.007471	24850	24872
C23492+A C23525T T23599G C23604G	NA S:H655S S:N679* S:P681C	61	34506	0.001768	23486	23638
A25146G C25207T	S:E1195G S:Y1215Y	61	42576	0.001433	25135	25322
T23599G C23604G C23615T	S:N679K S:P681R S:R685C	60	67961	0.000883	23580	23624
G21987A T21990-TTA C22000-A T22032C C22033A A22034G	S:G142D S:DEL144 NA S:F157S S:F157S S:R158G	60	16456	0.003646	21967	22058
C25207T T25272C	S:Y1215Y S:M1237T	60	44177	0.001358	25174	25294
A25194-AT G25197T C25207T	NA S:W1212L S:Y1215Y	60	44160	0.001359	25168	25213
A24520G	S:K986K	60	62260	0.000964	24513	24563
A23403G C23423T T23482-A C23525T	S:D614G S:P621S NA S:H655Y	60	15725	0.003816	23382	23529
C24536-AA	NA	59	62196	0.000949	24520	24564
C23525T T23590C T23599G C23604G	S:H655Y S:T676T S:N679K S:P681R	59	34987	0.001686	23487	23624
T23599G C23604G A23702G	S:N679K S:P681R S:I714V	58	31353	0.00185	23589	23705
T21940-G G21987A T21990-TTA T22032C C22033A	NA S:G142D S:DEL144 S:F157S S:F157S	58	15830	0.003664	21920	22043
T21609+CATGCCGTTGTT C21618T C21622T G21624C T21632-TACCCCCTG C21711T A21764-TACATG	S:INS17HAVV S:T19F S:T20F S:R21T S:DEL25/27 S:S50L S:DEL69/70	58	6571	0.008827	21597	21795
G24488-T C24672-A	NA NA	58	34751	0.001669	24486	24679
G23835-T C23854A	NA S:N764K	58	25850	0.002244	23818	23873
C23525T T23599G C23604G T23629C	S:H655Y S:N679K S:P681R S:S689S	58	34560	0.001678	23487	23637
C23525T T23599G C23604G G23610A	S:H655Y S:N679K S:P681R S:R683Q	58	34979	0.001658	23487	23637
C21618T C21622T G21624C T21632-TACCCCCTG C21711T	S:T19I S:T20T S:R21T S:DEL25/27 S:S50L	58	6732	0.008616	21597	21748
A25327G	S:K1255K	58	4959	0.011696	25317	25359
A25195G C25207T	S:K1211K S:Y1215Y	58	44205	0.001312	25149	25222
T24660+A	NA	57	40246	0.001416	24616	24668
T24469A G24618A	S:N969K S:R1019K	57	30082	0.001895	24465	24679
T24377-C	NA	57	2660	0.021429	24370	24406
T23599G C23604A	S:N679K S:P681H	57	68016	0.000838	23583	23624
C25207T T25265C	S:Y1215Y S:C1235R	57	44229	0.001289	25185	25320
A23362+C	NA	57	25667	0.002221	23339	23369
T23599G C23604G T23620C	S:N679K S:P681R S:S686S	56	67924	0.000824	23580	23642
T22200G C22208T C22295A	S:V213G S:L216F S:H245N	56	4968	0.011272	22196	22313
G21941T G21987A T21990-TTA C22000-A C22009-A T22032C C22033A A22034G	S:V127F S:G142D S:DEL144 NA NA S:F157S S:F157S S:R158G	56	15830	0.003538	21848	22058
C23525T T23537C T23599G C23604G	S:H655Y S:S659P S:N679K S:P681R	56	34987	0.001601	23487	23622
A25176G C25207T	S:K1205R S:Y1215Y	56	43310	0.001293	25161	25305
A24803-T	NA	56	5971	0.009379	24798	24806
A24424T T24469A C24536-A	S:Q954H S:N969K NA	56	24522	0.002284	24412	24564
A23493G C23525T T23599G C23604G	S:Q644R S:H655Y S:N679K S:P681R	56	34577	0.00162	23487	23633
A21875-T T21940-G A21979-T G21987A T21990-TTA C22000-A T22032C C22033A A22034G	NA NA NA S:G142D S:DEL144 NA S:F157S S:F157S S:R158G	56	15452	0.003624	21867	22043
T21940-G A21979-T G21987A T21990-TTA C22000-A C22009-A T22032C C22033A A22034G	NA NA S:G142D S:DEL144 NA NA S:F157S S:F157S S:R158G	55	15830	0.003474	21877	22043
G25135+A C25207T C25262-T	NA S:Y1215V NA	55	41689	0.001319	25122	25320
C25207T T25283C	S:Y1215Y S:C1241R	55	44132	0.001246	25193	25316
C25207T G25313A	S:Y1215Y S:G1251R	55	43798	0.001256	25177	25314
C23887-A G23948T	NA S:D796Y	55	3099	0.017748	23837	23951
C23854G	S:N764K	55	26341	0.002088	23825	23891
C23706T C23854A	S:P715L S:N764K	55	21167	0.002598	23699	23891
C23525T A23526G T23599G C23604G	S:H655C S:H655C S:N679K S:P681R	55	34987	0.001572	23489	23637
A23354+T	NA	55	25880	0.002125	23339	23362
T23599G C23604G A23639-T	S:N679K S:P681R NA	54	66537	0.000812	23580	23642
T23143-A T23164-A G23222A C23271T	NA NA S:E554K S:A570V	54	6362	0.008488	23097	23290
T21940-G A21979-T G21987A T21990-TTA T22032C C22033A A22034G	NA NA S:G142D S:DEL144 S:F157S S:F157S S:R158G	54	15830	0.003411	21867	22058
C25207T T25303C	S:Y1215Y S:C1247C	54	43923	0.001229	25191	25325
C25207T A25241G	S:Y1215Y S:I1227V	54	44315	0.001219	25194	25281
C23604G T23637-C	S:P681R NA	54	67049	0.000805	23595	23642
A24684-T	NA	54	4019	0.013436	24632	24698
A24652G	S:S1030S	54	40309	0.00134	24612	24667
A24424T C24466+A	S:Q954H NA	54	24888	0.00217	24416	24527
A23586G T23599G C23604G	S:Q675R S:N679K S:P681R	54	67836	0.000796	23580	23611
T24469A A24604G	S:N969K S:R1014R	53	30130	0.001759	24465	24667
G23508+T C23525T T23599G C23604G	NA S:H655S S:N679* S:P681C	53	34875	0.00152	23487	23629
C24378T	S:S939F	53	2659	0.019932	24371	24389
C23271T C23334-T	S:A570V NA	53	5379	0.009853	23269	23353
C22208T C22295A	S:L216F S:H245N	53	5033	0.01053	22204	22314
T24469A A24520G	S:N969K S:K986K	52	55722	0.000933	24465	24524
C23525T T23599G C23604G T23637-C	S:H655Y S:N679K S:P681R NA	52	34195	0.001521	23492	23642
C23525T T23560C T23599G C23604G	S:H655Y S:I666I S:N679K S:P681R	52	34987	0.001486	23501	23624
A22193-ATT C22208T C22295A	S:DEL212 S:L216F S:H245N	52	4947	0.010511	22174	22319
T25382+A	NA	51	8401	0.006071	25372	25422
T24607C	S:A1015A	51	36389	0.001402	24527	24667
T21940-G T21990-TTA T22032C C22033A A22034G	NA S:DEL144 S:F157S S:F157S S:R158G	51	15830	0.003222	21897	22054
G21987A T21990-TTA	S:G142D S:DEL144	51	16741	0.003046	21974	22007
C25207T T25322C	S:Y1215Y S:C1254R	51	43324	0.001177	25188	25325
C23525T T23599G C23604G A23639G	S:H655Y S:N679K S:P681R S:I693V	51	33798	0.001509	23487	23642
A24604G	S:R1014R	51	36403	0.001401	24586	24679
A24532G	S:E990E	51	62218	0.00082	24493	24545
A23853-C	NA	51	26360	0.001935	23846	23876
T23599G C23604G A23656G	S:N679K S:P681R S:S698S	50	32056	0.00156	23580	23682
T23599G C23604G A23614G	S:N679K S:P681R S:A684A	50	67966	0.000736	23582	23642
G21941T A21979-T G21987A T21990-TTA C22000-A T22032C C22033A A22034G	S:V127F NA S:G142D S:DEL144 NA S:F157S S:F157S S:R158G	50	15830	0.003159	21847	22058
C25207T T25301C	S:Y1215Y S:C1247R	50	43936	0.001138	25130	25316
C25207T G25320A	S:Y1215Y S:C1253Y	50	43578	0.001147	25187	25325
A24673G	S:S1037S	50	39758	0.001258	24666	24679
A24324-AT	NA	50	4035	0.012392	24281	24335
T23599G C23604G A23631G	S:N679K S:P681R S:Q690R	49	67319	0.000728	23590	23642
T22200G C22295A	S:V213G S:H245N	49	4968	0.009863	22196	22310
G25299-C	NA	49	52036	0.000942	25291	25325
G25177+A C25207T	NA S:Y1215V	49	43358	0.00113	25168	25324
G24140-T	NA	49	3275	0.014962	24130	24172
G23835-T C23887-A	NA NA	49	24939	0.001965	23811	23894
C25294-A	NA	49	51952	0.000943	25284	25308
C23525T T23599G C23604G T23637C	S:H655Y S:N679K S:P681R S:I692T	49	34195	0.001433	23507	23641
C23525T T23599G C23604G A23636G	S:H655Y S:N679K S:P681R S:I692V	49	34245	0.001431	23491	23641
C23525T A23535G T23599G C23604G	S:H655Y S:N658S S:N679K S:P681R	49	34987	0.001401	23499	23638
A24424T T24451C	S:Q954H S:V963V	49	25024	0.001958	24412	24564
A23503G C23525T T23599G C23604G	S:A647A S:H655Y S:N679K S:P681R	49	34793	0.001408	23487	23631
A23403G C23423T C23525T C23536+G	S:D614G S:P621S S:H655Y NA	49	15329	0.003197	23398	23539
T24469A C24668+A	S:N969K NA	48	29716	0.001615	24465	24679
T24469A C24536-AA	S:N969K NA	48	55527	0.000864	24465	24564
T23599G C23604G A23704+C	S:N679K S:P681R NA	48	31297	0.001534	23581	23708
G21941T G21987A T21990-TTA C22009-A T22032C C22033A A22034G	S:V127F S:G142D S:DEL144 NA S:F157S S:F157S S:R158G	48	15830	0.003032	21850	22058
C25207T T25319C	S:Y1215Y S:C1253R	48	43613	0.001101	25179	25325
C23525T A23566G T23599G C23604G	S:H655Y S:A668A S:N679K S:P681R	48	34987	0.001372	23488	23637
C23271T C23277T C23334-T A23403G C23423T	S:A570V S:T572I NA S:D614G S:P621S	48	5163	0.009297	23269	23429
A24677G	S:R1039G	48	39615	0.001212	24644	24679
A24424T T24438+A T24469A	S:Q954H NA S:N969Q	48	24867	0.00193	24412	24509
C25207T T25210C C25262-T	S:Y1215Y S:I1216I NA	47	44238	0.001062	25130	25320
C25207T C25262-T C25324+A	S:Y1215Y NA NA	47	43158	0.001089	25140	25325
C23758+A	NA	47	23346	0.002013	23708	23773
C23525T T23599G C23604G A23623G	S:H655Y S:N679K S:P681R S:V687V	47	34942	0.001345	23487	23637
C23525T A23594G T23599G C23604G	S:H655Y S:T678A S:N679K S:P681R	47	34987	0.001343	23487	23642
C23525T A23592G T23599G C23604G	S:H655Y S:Q677R S:N679K S:P681R	47	34987	0.001343	23487	23623
C23525T A23534G T23599G C23604G	S:H655Y S:N658D S:N679K S:P681R	47	34987	0.001343	23487	23637
C23367+A	NA	47	25035	0.001877	23339	23377
C21618T C21622T T21632-TACCCCCTG C21711T A21764-TACATG	S:T19I S:T20T S:DEL25/27 S:S50L S:DEL69/70	47	6572	0.007152	21597	21802
A25194-AT G25197T C25207T G25218-T C25262-T	NA S:W1212L S:Y1215Y NA NA	47	43785	0.001073	25130	25325
A25175G C25207T	S:K1205E S:Y1215Y	47	43291	0.001086	25159	25316
A23708G C23854A	S:T716A S:N764K	47	21176	0.002219	23704	23892
T25170C C25207T	S:L1203P S:Y1215Y	46	43111	0.001067	25131	25248
T25140-A	NA	46	43597	0.001055	25127	25157
T23590C T23599G C23604G	S:T676T S:N679K S:P681R	46	67891	0.000678	23580	23625
T21940-G G21987A T21990-TTA C22033A A22034G	NA S:G142D S:DEL144 S:F157L S:R158G	46	15830	0.002906	21847	22043
T21940-G G21987A T21990-TTA C22000-A C22009-A T22032C C22033A A22034G	NA S:G142D S:DEL144 NA NA S:F157S S:F157S S:R158G	46	15830	0.002906	21847	22058
G22104-A A22193-ATT T22200G C22208T C22295A	NA S:DEL212 S:V213G S:L216F S:H245N	46	4563	0.010081	22100	22310
C25207T T25306C	S:Y1215Y S:C1248C	46	43902	0.001048	25130	25323
C25207T T25268C	S:Y1215Y S:C1236R	46	44198	0.001041	25135	25325
C25207T T25233C	S:Y1215Y S:L1224S	46	44343	0.001037	25130	25325
C25207T G25290A	S:Y1215Y S:C1243Y	46	44069	0.001044	25174	25324
C23525T A23552G T23599G C23604G	S:H655Y S:I664V S:N679K S:P681R	46	34987	0.001315	23487	23641
A23704+C	NA	46	57141	0.000805	23684	23716
A23688+G	NA	46	57137	0.000805	23683	23711
T24469A T24589C	S:N969K S:T1009T	45	30184	0.001491	24465	24635
T21939-TG G21987A T21990-TTA T22032C C22033A A22034G	NA S:G142D S:DEL144 S:F157S S:F157S S:R158G	45	15829	0.002843	21876	22058
G25130-C C25207T	NA S:Y1215Y	45	40850	0.001102	25122	25324
G24521+T	NA	45	62229	0.000723	24486	24536
G21941T T22032C C22033A A22034G	S:V127F S:F157S S:F157S S:R158G	45	15830	0.002843	21850	22054
C25262-T A25327G	NA S:K1255K	45	4453	0.010106	25251	25347
A24885+T C24981-T C24990T C25000T	NA NA S:P1143I S:D1146S	45	5700	0.007895	24850	25064
A24591G	S:Q1010R	45	36435	0.001235	24524	24676
A23597T T23599G C23604G	S:N679* S:N679* S:P681R	45	68009	0.000662	23580	23642
A23403G G23412-C C23423T C23525T	S:D614G NA S:P621S S:H655Y	45	15725	0.002862	23336	23532
T24469A G24488-T	S:N969K NA	44	56169	0.000783	24465	24544
T23742-A	NA	44	23446	0.001877	23683	23750
T23599G C23604G C23657+T	S:N679K S:P681R NA	44	32046	0.001373	23581	23724
T23489C C23525T T23599G C23604G	S:F643L S:H655Y S:N679K S:P681R	44	34464	0.001277	23486	23641
G23835-T	NA	44	26254	0.001676	23830	23851
C25207T T25251C	S:Y1215Y S:V1230A	44	44273	0.000994	25192	25320
C25207T A25295G	S:Y1215Y S:K1245E	44	44007	0.001	25150	25321
C24503-T	NA	44	62255	0.000707	24478	24527
C23525T T23540C T23599G C23604G	S:H655Y S:Y660H S:N679K S:P681R	44	34987	0.001258	23508	23624
C23525T A23554G T23599G C23604G	S:H655Y S:I664M S:N679K S:P681R	44	34987	0.001258	23492	23641
A24424T C24435-T	S:Q954H NA	44	25125	0.001751	24412	24453
A23592G T23599G C23604G	S:Q677R S:N679K S:P681R	44	67925	0.000648	23580	23621
A22193-ATT T22200G C22208T G22218-T C22295A	S:DEL212 S:V213G S:L216F NA S:H245N	44	4947	0.008894	22166	22318
T25191-A C25207T G25218-T C25262-T	NA S:Y1215Y NA NA	43	43672	0.000985	25148	25292
T25152C C25207T	S:L1197P S:Y1215Y	43	42730	0.001006	25130	25325
T25150C C25207T	S:S1196S S:Y1215Y	43	42678	0.001008	25143	25314
G23222A C23244-T C23271T	S:E554K NA S:A570V	43	6578	0.006537	23089	23290
C23525T T23599G C23604G T23626C	S:H655Y S:N679K S:P681R S:A688A	43	34616	0.001242	23499	23642
C23525T T23599G C23604G C23609T	S:H655Y S:N679K S:P681R S:R683W	43	34983	0.001229	23494	23633
C23525T T23599G C23604G A23631G	S:H655Y S:N679K S:P681R S:Q690R	43	34477	0.001247	23489	23641
A24675G	S:K1038R	43	39705	0.001083	24612	24679
T25140+A	NA	42	43597	0.000963	25130	25151
C25207T T25304C	S:Y1215Y S:C1248R	42	43917	0.000956	25181	25316
C25207T G25323A	S:Y1215Y S:C1254Y	42	43300	0.00097	25135	25325
C25207T G25287-T	S:Y1215Y NA	42	44094	0.000953	25187	25324
C23882+A C23887-A	NA NA	42	25904	0.001621	23767	23895
C23525T T23582C T23599G C23604G	S:H655Y S:Y674H S:N679K S:P681R	42	34987	0.0012	23487	23640
C23525T T23563C T23599G C23604G	S:H655Y S:G667G S:N679K S:P681R	42	34987	0.0012	23487	23624
C23525T A23586G T23599G C23604G	S:H655Y S:Q675R S:N679K S:P681R	42	34987	0.0012	23487	23642
C23334-T C23423T	NA S:P621S	42	5725	0.007336	23285	23429
A25182G C25207T	S:E1207G S:Y1215Y	42	43737	0.00096	25178	25325
A25125G C25207T	S:E1188G S:Y1215Y	42	40489	0.001037	25122	25324
A23786+T C23887-A	NA NA	42	24175	0.001737	23767	23895
A23400+G C23423T C23525T	NA S:P621S S:H655S	42	15725	0.002671	23351	23532
A21875-T G21987A T21990-TTA T22032C C22033A A22034G	NA S:G142D S:DEL144 S:F157S S:F157S S:R158G	42	15452	0.002718	21847	22058
T24469A A24652G	S:N969K S:S1030S	41	29926	0.00137	24465	24679
T24469A A24578G	S:N969K S:T1006A	41	30378	0.00135	24465	24679
T24267-G T24377-C A24424T	NA NA S:Q954H	41	1823	0.02249	24259	24424
T23599G C23604G T23637C	S:N679K S:P681R S:I692T	41	66968	0.000612	23580	23640
T23599G C23604G C23606T	S:N679K S:P681R S:R682W	41	68000	0.000603	23580	23642
T21609+CATGCCGCTGTT C21618T C21622T G21624C T21632-TACCCCCTG	S:INS17HAAV S:T19F S:T20F S:R21T S:DEL25/27	41	6892	0.005949	21597	21659
G23222A C23230-A C23271T	S:E554K NA S:A570V	41	6578	0.006233	23129	23290
C23525T A23539G T23599G C23604G	S:H655Y S:S659S S:N679K S:P681R	41	34987	0.001172	23489	23628
A24424T T24469A A24525G	S:Q954H S:N969K S:E988G	41	24569	0.001669	24413	24564
A21875-T T21940-G G21987A T21990-TTA C22000-A T22032C C22033A A22034G	NA NA S:G142D S:DEL144 NA S:F157S S:F157S S:R158G	41	15452	0.002653	21850	22054
T24585C	S:V1008A	40	36470	0.001097	24522	24678
T24469A T24506C	S:N969K S:S982P	40	55898	0.000716	24465	24538
T23599G C23604G A23623G	S:N679K S:P681R S:V687V	40	67894	0.000589	23593	23642
G23222A C23271T T23278-A	S:E554K S:A570V NA	40	6508	0.006146	23173	23290
C25207T T25211C	S:Y1215Y S:W1217R	40	44572	0.000897	25160	25316
A24676G	S:K1038K	40	39673	0.001008	24623	24679
A22193-ATT C22295A	S:DEL212 S:H245N	40	4947	0.008086	22167	22319
A21875-T T21940-G A21979-T G21987A T21990-TTA C22000-A C22009-A T22032C C22033A A22034G	NA NA NA S:G142D S:DEL144 NA NA S:F157S S:F157S S:R158G	40	15452	0.002589	21867	22058
T24469A T24643+A	S:N969K NA	39	29969	0.001301	24465	24660
T24469A T24607C	S:N969K S:A1015A	39	30118	0.001295	24465	24679
T23599G C23604G T23637-C	S:N679K S:P681R NA	39	66968	0.000582	23592	23642
T23599G C23604G T23622C	S:N679K S:P681R S:V687A	39	67913	0.000574	23580	23641
T23599G C23604G T23617C	S:N679K S:P681R S:R685R	39	67943	0.000574	23580	23642
T23599G C23604G C23709-A	S:N679K S:P681R NA	39	31027	0.001257	23582	23718
G23768-T C23887-A	NA NA	39	24001	0.001625	23767	23895
C25207T T25279C	S:Y1215Y S:S1239S	39	44161	0.000883	25190	25323
C25207T T25270C	S:Y1215Y S:C1236C	39	44195	0.000882	25172	25325
C25207T G25278T	S:Y1215Y S:S1239I	39	44164	0.000883	25200	25323
C25207T A25286G	S:Y1215Y S:S1242G	39	44105	0.000884	25178	25325
C23778-A C23854A	NA S:N764K	39	25024	0.001559	23770	23881
C23525T T23599G C23604G C23615T	S:H655Y S:N679K S:P681R S:R685C	39	34966	0.001115	23487	23624
C23525T T23599G C23604G C23606T	S:H655Y S:N679K S:P681R S:R682W	39	34983	0.001115	23487	23637
A24516G	S:D985G	39	62238	0.000627	24501	24564
A23524G C23525T T23599G C23604G	S:E654E S:H655Y S:N679K S:P681R	39	34987	0.001115	23487	23634
A23403G C23423T T23459C C23525T	S:D614G S:P621S S:W633R S:H655Y	39	15725	0.00248	23335	23531
T24469A G24488+T	S:N969K NA	38	56169	0.000677	24465	24504
T23599G T23602C C23604G	S:N679K S:S680S S:P681R	38	68016	0.000559	23580	23642
T23599G C23604G T23684C	S:N679K S:P681R S:S708P	38	31873	0.001192	23580	23686
T23599G C23604G A23712-T	S:N679K S:P681R NA	38	30909	0.001229	23580	23724
T23599G C23604G A23636G	S:N679K S:P681R S:I692V	38	67028	0.000567	23580	23642
T22223A C22295A	S:S221T S:H245N	38	5653	0.006722	22219	22319
G21987A T21990-TTA C22033A A22034G	S:G142D S:DEL144 S:F157L S:R158G	38	16456	0.002309	21933	22058
C25207T T25219C C25262-T	S:Y1215Y S:G1219G NA	38	44238	0.000859	25145	25292
C25207T C25227T	S:Y1215Y S:A1222V	38	44362	0.000857	25192	25294
C24517-A	NA	38	62250	0.00061	24504	24538
C23882+A	NA	38	26204	0.00145	23782	23892
A25147G C25207T	S:E1195E S:Y1215Y	38	42593	0.000892	25122	25325
A24551G	S:I997V	38	62110	0.000612	24532	24560
A24424T T24469A T24505C	S:Q954H S:N969K S:L981L	38	24700	0.001538	24412	24564
A23712-T C23854A	NA S:N764K	38	21191	0.001793	23683	23890
T24643-A	NA	37	40348	0.000917	24636	24654
T23689-A	NA	37	57188	0.000647	23686	23700
T23599G C23604G T23697C	S:N679K S:P681R S:I712T	37	31716	0.001167	23580	23709
T23599G C23604G T23629C	S:N679K S:P681R S:S689S	37	67416	0.000549	23580	23642
T23599G C23604G G23699A	S:N679K S:P681R S:A713T	37	31684	0.001168	23581	23700
T23599G C23604G G23611T	S:N679K S:P681R S:R683R	37	67989	0.000544	23580	23642
T21609+CATGCCGCTGTT C21618T C21622T G21624C T21632-TACCCCCTG C21711T	S:INS17HAAV S:T19F S:T20F S:R21T S:DEL25/27 S:S50L	37	6731	0.005497	21598	21726
G24933-T	NA	37	8126	0.004553	24904	24943
G23384A A23403G C23423T C23525T	S:V608I S:D614G S:P621S S:H655Y	37	15609	0.00237	23373	23535
G21987A T22032C C22033A A22034G	S:G142D S:F157S S:F157S S:R158G	37	16456	0.002248	21971	22058
G21941T T21990-TTA T22032C C22033A	S:V127F S:DEL144 S:F157S S:F157S	37	15830	0.002337	21935	22054
G21941T	S:V127F	37	16422	0.002253	21936	21945
C25207T T25312C	S:Y1215Y S:C1250C	37	43805	0.000845	25200	25325
C23525T T23599G C23604G A23614G	S:H655Y S:N679K S:P681R S:A684A	37	34969	0.001058	23487	23623
C23525T A23532G T23599G C23604G	S:H655Y S:N657S S:N679K S:P681R	37	34987	0.001058	23509	23635
A24922+T C24981-T C24990T C25000T	NA NA S:P1143I S:D1146S	37	5776	0.006406	24885	25068
A24424T T24471-TG	S:Q954H NA	37	24828	0.00149	24412	24564
A24423+T	NA	37	27701	0.001336	24414	24424
A24110-T C24119-A	NA NA	37	3089	0.011978	24043	24191
A23403G C23423T T23464-G C23525T	S:D614G S:P621S NA S:H655Y	37	15725	0.002353	23397	23532
A23403G C23423T T23434-C C23525T	S:D614G S:P621S NA S:H655Y	37	15725	0.002353	23335	23532
T25196-G C25207T G25218-T C25262-T	NA S:Y1215Y NA NA	36	43863	0.000821	25138	25320
T24469A T24583C	S:N969K S:Y1007Y	36	30224	0.001191	24465	24661
T23599G C23604G A23632G	S:N679K S:P681R S:Q690Q	36	67283	0.000535	23590	23642
G25287-T	NA	36	51896	0.000694	25272	25317
C25207T C25262-T T25291C	S:Y1215Y NA S:C1243C	36	44065	0.000817	25122	25325
C25000T C25207T	S:D1146D S:Y1215Y	36	130	0.276923	24990	25210
C23525T T23573C T23599G C23604G	S:H655Y S:C671R S:N679K S:P681R	36	34987	0.001029	23487	23624
C21711T	S:S50L	36	7958	0.004524	21707	21737
A25143G C25207T	S:N1194S S:Y1215Y	36	42459	0.000848	25130	25324
A23729+T C23854A	NA S:N764K	36	21336	0.001687	23719	23887
A21764-TACATG C21781-A	S:DEL69/70 NA	36	7897	0.004559	21747	21802
T25202C C25207T	S:W1214R S:Y1215Y	35	44537	0.000786	25190	25325
T24469A A24562G	S:N969K S:R1000R	35	55076	0.000635	24465	24564
T24469A A24525G	S:N969K S:E988G	35	55645	0.000629	24465	24564
T23599G C23604G T23672C	S:N679K S:P681R S:S704P	35	31949	0.001095	23580	23724
T23599G C23604G G23612A	S:N679K S:P681R S:A684T	35	67988	0.000515	23580	23642
T23599G C23604G G23607A	S:N679K S:P681R S:R682Q	35	68000	0.000515	23580	23641
T23599G C23604G C23664T	S:N679K S:P681R S:A701V	35	32006	0.001094	23580	23700
T23584C T23599G C23604G	S:Y674Y S:N679K S:P681R	35	67794	0.000516	23580	23641
G23835+T T23850+A	NA NA	35	25932	0.00135	23808	23881
G23735+A C23887-A	NA NA	35	20558	0.001703	23683	23895
C25207T T25232C	S:Y1215Y S:L1224L	35	44345	0.000789	25145	25325
C24981-T C24990T	NA S:P1143L	35	5900	0.005932	24857	24995
C23525T T23599G C23604G T23617C	S:H655Y S:N679K S:P681R S:R685R	35	34959	0.001001	23487	23637
A24424T T24469A T24504C	S:Q954H S:N969K S:L981P	35	24704	0.001417	24413	24554
A24424T T24469A C24536-AA	S:Q954H S:N969K NA	35	24522	0.001427	24412	24564
A24424T C24463T T24469A	S:Q954H S:S967S S:N969K	35	24867	0.001407	24412	24537
A23594G T23599G C23604G	S:T678A S:N679K S:P681R	35	67993	0.000515	23580	23642
A23588G T23599G C23604G	S:T676A S:N679K S:P681R	35	67868	0.000516	23580	23642
A23497G C23525T T23599G C23604G	S:T645T S:H655Y S:N679K S:P681R	35	34643	0.00101	23488	23633
A21979-T G21987A T21990-TTA T22032C C22033A A22034G	NA S:G142D S:DEL144 S:F157S S:F157S S:R158G	35	16454	0.002127	21847	22058
T24623C	S:S1021P	34	40329	0.000843	24620	24656
T24469A T24472-G C24536-A	S:N969K NA NA	34	55527	0.000612	24465	24564
T23599G C23604G T23633C	S:N679K S:P681R S:S691P	34	67248	0.000506	23580	23637
T23599G C23604G A23696+C	S:N679K S:P681R NA	34	31726	0.001072	23580	23720
T23407+G C23423T C23525T	NA S:P621S S:H655S	34	15797	0.002152	23336	23539
T23346C A23403G C23423T C23525T	S:V595A S:D614G S:P621S S:H655Y	34	15246	0.00223	23335	23529
T21940-G	NA	34	16423	0.00207	21870	21948
G23384-T A23403G C23423T C23525T	NA S:D614G S:P621S S:H655Y	34	15609	0.002178	23345	23529
C25207T T25288C	S:Y1215Y S:S1242S	34	44090	0.000771	25199	25325
C24672+A	NA	34	39854	0.000853	24626	24679
C23854A G23903-T G23948T	S:N764K NA S:D796Y	34	2963	0.011475	23767	23978
C23525T T23599G C23604G T23622C	S:H655Y S:N679K S:P681R S:V687A	34	34951	0.000973	23487	23642
C23502T C23525T T23599G C23604G	S:A647V S:H655Y S:N679K S:P681R	34	34789	0.000977	23487	23624
A25174G C25207T	S:G1204G S:Y1215Y	34	43240	0.000786	25141	25210
A24518G	S:K986E	34	62249	0.000546	24504	24579
A24424T T24469A T24506C	S:Q954H S:N969K S:S982P	34	24699	0.001377	24412	24564
A24424T T24469A A24562G	S:Q954H S:N969K S:R1000R	34	24227	0.001403	24412	24564
A24424T T24469A A24520G	S:Q954H S:N969K S:K986K	34	24617	0.001381	24415	24564
A24424T G24521+T	S:Q954H NA	34	24596	0.001382	24412	24532
A23597G T23599G C23604G	S:N679E S:N679E S:P681R	34	68009	0.0005	23584	23642
A23403G C23423T G23522-A C23525T	S:D614G S:P621S NA S:H655Y	34	15725	0.002162	23376	23538
T25196-G C25262-T	NA NA	33	43863	0.000752	25123	25283
T24637C	S:A1025A	33	40382	0.000817	24612	24679
T24469A T24552C	S:N969K S:I997T	33	55332	0.000596	24465	24564
T24469A A24677G	S:N969K S:R1039G	33	29375	0.001123	24465	24679
T24469A A24556G	S:N969K S:T998T	33	55166	0.000598	24465	24564
T23728C C23854A	S:V722V S:N764K	33	21330	0.001547	23683	23895
T23599G C23604G A23639G	S:N679K S:P681R S:I693V	33	66537	0.000496	23580	23642
T23599G C23601+G C23604G	S:N679K NA S:P681C	33	68016	0.000485	23581	23621
G25198-C	NA	33	44528	0.000741	25183	25324
G24570T	S:S1003I	33	36672	0.0009	24497	24669
C25207T T25293C	S:Y1215Y S:L1244P	33	44041	0.000749	25130	25325
C25207T T25228C	S:Y1215Y S:A1222A	33	44357	0.000744	25190	25325
C25207T G25217T	S:Y1215Y S:G1219C	33	44392	0.000743	25169	25325
C24026-T	NA	33	2981	0.01107	24021	24046
C23854A G23868-A	S:N764K NA	33	26111	0.001264	23833	23895
C23854A C23887A A23888C	S:N764K S:D775E S:K776Q	33	25386	0.0013	23849	23894
C23525T C23533-A T23599G C23604G	S:H655Y NA S:N679K S:P681R	33	34987	0.000943	23487	23639
C23423T G23486-T C23525T	S:P621S NA S:H655Y	33	15894	0.002076	23351	23539
C22120-A A22193-ATT T22200G C22208T G22218-T C22295A	NA S:DEL212 S:V213G S:L216F NA S:H245N	33	4699	0.007023	22112	22304
A24576G	S:Q1005R	33	36662	0.0009	24497	24668
A24539+T	NA	33	62185	0.000531	24486	24557
A24424T T24469A A24556G	S:Q954H S:N969K S:T998T	33	24293	0.001358	24412	24564
A23712-T	NA	33	56700	0.000582	23699	23724
A23403G C23423T T23507-G C23525T	S:D614G S:P621S NA S:H655Y	33	15725	0.002099	23395	23539
T24643-A C24672-A	NA NA	32	39745	0.000805	24626	24679
T24529C	S:A989A	32	62237	0.000514	24500	24564
T24514C	S:L984L	32	62251	0.000514	24475	24539
T24469A A24591G	S:N969K S:Q1010R	32	30179	0.00106	24465	24667
T23599G C23604G C23649T	S:N679K S:P681R S:T696I	32	32110	0.000997	23595	23717
T23599G C23604G C23609T	S:N679K S:P681R S:R683W	32	67999	0.000471	23580	23624
T23500C C23525T T23599G C23604G	S:R646R S:H655Y S:N679K S:P681R	32	34713	0.000922	23493	23637
G24971+T C24990T C25000T	NA S:P1143I S:D1146S	32	5853	0.005467	24852	25060
G24971+T C24981-T C24990T C25000T	NA NA S:P1143I S:D1146S	32	5853	0.005467	24850	25033
C25207T T25215C	S:Y1215Y S:L1218P	32	44398	0.000721	25130	25325
C24422-A T24469A	NA S:N969K	32	24863	0.001287	24412	24564
C23816-T	NA	32	26322	0.001216	23781	23832
C23709+A C23887-A	NA NA	32	20340	0.001573	23683	23895
C23525T T23599G T23602C C23604G	S:H655Y S:N679K S:S680S S:P681R	32	34987	0.000915	23487	23641
C23525T T23599G C23604G G23612A	S:H655Y S:N679K S:P681R S:A684T	32	34978	0.000915	23487	23629
C23525T A23541G T23599G C23604G	S:H655Y S:Y660C S:N679K S:P681R	32	34987	0.000915	23487	23633
C23502T C23525T T23599G C23604G G23624C	S:A647V S:H655Y S:N679K S:P681R S:A688P	32	34733	0.000921	23487	23642
C21618T C21622T G21624C T21632-TACCCCCTG C21711T T21738C A21764-TACATG	S:T19I S:T20T S:R21T S:DEL25/27 S:S50L S:F59S S:DEL69/70	32	6572	0.004869	21597	21802
A25201G C25207T	S:P1213P S:Y1215Y	32	44502	0.000719	25172	25320
A25195G C25207T C25262-T	S:K1211K S:Y1215Y NA	32	43830	0.00073	25130	25322
A25188G C25207T	S:Y1209C S:Y1215Y	32	43901	0.000729	25130	25325
A25164G C25207T	S:Q1201R S:Y1215Y	32	42950	0.000745	25142	25325
A24554G	S:T998A	32	62042	0.000516	24492	24564
A24525G	S:E988G	32	62245	0.000514	24487	24558
A23756G C23854A	S:T732A S:N764K	32	21581	0.001483	23683	23873
A23495G C23525T T23599G C23604G	S:T645A S:H655Y S:N679K S:P681R	32	34637	0.000924	23487	23638
T25171-G C25207T	NA S:Y1215Y	31	43143	0.000719	25161	25325
T24628-A	NA	31	40379	0.000768	24619	24675
T24492-A C24536-A	NA NA	31	61444	0.000505	24480	24679
T24469A T24472-G T24492-A	S:N969K NA NA	31	56141	0.000552	24465	24564
T24469A A24619G	S:N969K S:R1019R	31	30080	0.001031	24465	24649
T24469A A24610G	S:N969K S:A1016A	31	30108	0.00103	24465	24671
T24469A A24587G	S:N969K S:T1009A	31	30198	0.001027	24465	24679
T23798C C23854A	S:S746P S:N764K	31	25273	0.001227	23767	23893
T23599G C23604G T23698C	S:N679K S:P681R S:I712I	31	31692	0.000978	23580	23700
T23599G C23604G T23658C	S:N679K S:P681R S:L699P	31	32039	0.000968	23580	23700
T23599G C23604G T23605C	S:N679K S:P681R S:P681R	31	68002	0.000456	23580	23625
T23599G C23604G C23700T	S:N679K S:P681R S:A713V	31	31678	0.000979	23580	23703
T23599G C23604G A23674G	S:N679K S:P681R S:S704S	31	31935	0.000971	23580	23700
T23491C C23525T T23599G C23604G	S:F643F S:H655Y S:N679K S:P681R	31	34488	0.000899	23486	23641
T23487C C23525T T23599G C23604G	Unknown S:H655Y S:N679K S:P681R	31	24692	0.001255	23486	23637
G23519A C23525T T23599G C23604G	S:A653T S:H655Y S:N679K S:P681R	31	34980	0.000886	23488	23624
G22249+T C22295A	NA S:H245T	31	6786	0.004568	22240	22319
G21987A T21990-TTA C22000A	S:G142D S:DEL144 S:H146Q	31	16651	0.001862	21972	22012
C25413-T	NA	31	8074	0.003839	25384	25477
C25207T T25316C	S:Y1215Y S:S1252P	31	43750	0.000709	25178	25317
C25207T T25237C	S:Y1215Y S:I1225I	31	44333	0.000699	25186	25320
C25207T G25229A C25262-T	S:Y1215Y S:G1223S NA	31	44238	0.000701	25130	25314
C25207T G25218+T C25262-T	S:Y1215Y NA NA	31	44238	0.000701	25122	25322
C25163+A C25207T C25262-T	NA S:Y1215V NA	31	42543	0.000729	25122	25320
C23854A A23886G	S:N764K S:D775G	31	25449	0.001218	23835	23895
C23525T T23584C T23599G C23604G	S:H655Y S:Y674Y S:N679K S:P681R	31	34987	0.000886	23505	23624
C23525T T23553C T23599G C23604G	S:H655Y S:I664T S:N679K S:P681R	31	34987	0.000886	23487	23640
C23525T G23576A T23599G C23604G	S:H655Y S:A672T S:N679K S:P681R	31	34987	0.000886	23487	23637
C23525T A23597G T23599G C23604G	S:H655Y S:N679E S:N679E S:P681R	31	34987	0.000886	23487	23629
C23099-T G23222A C23271T	NA S:E554K S:A570V	31	6277	0.004939	23089	23285
C21871+T	NA	31	16514	0.001877	21847	21880
A24556G	S:T998T	31	61927	0.000501	24473	24564
A23598G T23599G C23604G	S:N679R S:N679R S:P681R	31	68010	0.000456	23580	23642
A23494G C23525T T23599G C23604G	S:Q644Q S:H655Y S:N679K S:P681R	31	34631	0.000895	23487	23642
A21875-T	NA	31	16495	0.001879	21848	21887
T25155C C25207T	S:I1198T S:Y1215Y	30	42782	0.000701	25122	25320
T24658C	S:C1032C	30	40258	0.000745	24626	24679
T24589C	S:T1009T	30	36441	0.000823	24494	24661
T24469A A24576G	S:N969K S:Q1005R	30	30386	0.000987	24465	24626
T23599G C23604G T23645C	S:N679K S:P681R S:Y695H	30	32166	0.000933	23580	23702
G25445A	ORF3a:G18D	30	7526	0.003986	25381	25462
C25207T T25215-AG C25262-T	S:Y1215Y NA NA	30	44238	0.000678	25130	25325
C25207T A25255G	S:Y1215Y S:T1231T	30	44257	0.000678	25122	25286
C24672-A A24803-T	NA NA	30	3431	0.008744	24626	24806
C23525T T23599G C23604G G23624A	S:H655Y S:N679K S:P681R S:A688T	30	34930	0.000859	23487	23642
C23525T T23527C T23599G C23604G	S:H655Y S:H655Y S:N679K S:P681R	30	34987	0.000857	23509	23619
C23367+A C23423T C23525T	NA S:P621S S:H655S	30	15478	0.001938	23336	23532
C21622T G21624C T21632-TACCCCCTG C21711T A21764-TACATG	S:T20T S:R21T S:DEL25/27 S:S50L S:DEL69/70	30	6572	0.004565	21608	21802
C21618T C21622T G21624C T21632-TACCCCCTG A21764-TACATG C21781-A	S:T19I S:T20T S:R21T S:DEL25/27 S:DEL69/70 NA	30	6536	0.00459	21608	21802
A25190-T C25207T	NA S:Y1215Y	30	43978	0.000682	25122	25325
A24641G	S:T1027A	30	40354	0.000743	24615	24679
A24494G	S:N978D	30	62276	0.000482	24476	24665
A24424T T24469A C24536+A	S:Q954H S:N969K NA	30	24522	0.001223	24415	24563
A23845G C23854A	S:T761T S:N764K	30	26166	0.001147	23828	23895
A23826G C23854A	S:Q755R S:N764K	30	25735	0.001166	23794	23895
T24506C	S:S982P	29	62281	0.000466	24473	24564
T24469A A24560G	S:N969K S:R1000G	29	55103	0.000526	24465	24564
T23599G C23604G T23676C	S:N679K S:P681R S:V705A	29	31929	0.000908	23580	23700
T23599G C23604G C23643T	S:N679K S:P681R S:A694V	29	64899	0.000447	23582	23717
T23581C T23599G C23604G	Unknown S:N679K S:P681R	29	67548	0.000429	23580	23641
T23511+A A23515+G C23525T T23599G C23604G	NA NA S:H655Y S:N679L S:P681R	29	34925	0.00083	23486	23637
C25207T T25310C	S:Y1215Y S:C1250R	29	43825	0.000662	25130	25324
C25207T T25307C	S:Y1215Y S:S1249P	29	43895	0.000661	25203	25325
C25207T C25214+G	S:Y1215Y NA	29	44402	0.000653	25203	25223
C25131T C25207T	S:A1190V S:Y1215Y	29	41871	0.000693	25122	25325
C24981-T C25000T	NA S:D1146D	29	5869	0.004941	24850	25024
C24517-A C24672-A	NA NA	29	35309	0.000821	24474	24679
C23854A C23887A A23888C G23948T	S:N764K S:D775E S:K776Q S:D796Y	29	2963	0.009787	23850	23978
C23816-T C23854A	NA S:N764K	29	25516	0.001137	23808	23895
C23525T A23598G T23599G C23604G	S:H655Y S:N679R S:N679R S:P681R	29	34987	0.000829	23487	23637
C23525T A23572G T23599G C23604G	S:H655Y S:I670M S:N679K S:P681R	29	34987	0.000829	23487	23640
C23525T A23570G T23599G C23604G	S:H655Y S:I670V S:N679K S:P681R	29	34987	0.000829	23488	23637
C23103-T	NA	29	7182	0.004038	23089	23114
A25133G C25207T	S:K1191E S:Y1215Y	29	41988	0.000691	25122	25285
A24619G	S:R1019R	29	40304	0.00072	24612	24654
T25161C C25207T C25262-T	S:L1200P S:Y1215Y NA	28	42516	0.000659	25122	25325
T25159C C25207T	S:D1199D S:Y1215Y	28	42842	0.000654	25130	25325
T24625C	S:S1021S	28	40338	0.000694	24612	24679
T24511C	S:R983R	28	62240	0.00045	24488	24564
T24469A T24492+A	S:N969K NA	28	56141	0.000499	24465	24628
T24469A A24554G	S:N969K S:T998A	28	55278	0.000507	24465	24564
T24438+A T24469A	NA S:N969Q	28	25126	0.001114	24412	24556
T23599G C23604G T23650C	S:N679K S:P681R S:T696T	28	32106	0.000872	23581	23724
T23599G C23604G G23661A	S:N679K S:P681R S:G700D	28	32020	0.000874	23580	23700
T23599G C23604G A23646G	S:N679K S:P681R S:Y695C	28	32152	0.000871	23580	23700
T23487G C23525T T23599G C23604G	Unknown S:H655Y S:N679K S:P681R	28	24692	0.001134	23486	23642
T23385C A23403G C23423T C23525T	S:V608A S:D614G S:P621S S:H655Y	28	15616	0.001793	23342	23532
T21940-G G21987A T21990-TTA	NA S:G142D S:DEL144	28	16110	0.001738	21874	22008
G25429A	ORF3a:V13I	28	7782	0.003598	25372	25477
G22104-A C22120-A A22193-ATT T22200G C22208T C22295A	NA NA S:DEL212 S:V213G S:L216F S:H245N	28	4563	0.006136	22100	22308
G21941T C21978A G21987A T21990-TTA T22032C C22033A A22034G	S:V127F S:P139Q S:G142D S:DEL144 S:F157S S:F157S S:R158G	28	15830	0.001769	21915	22058
C25207T C25300T	S:Y1215Y S:G1246G	28	43961	0.000637	25122	25315
C25207T A25225G	S:Y1215Y S:I1221M	28	44369	0.000631	25202	25325
C25207T A25208-T	S:Y1215Y NA	28	44572	0.000628	25193	25238
C24507+T	NA	28	62266	0.00045	24497	24514
C23575T T23599G C23604G	S:C671C S:N679K S:P681R	28	35457	0.00079	23561	23629
C23525T T23596C T23599G C23604G	S:H655Y S:T678T S:N679K S:P681R	28	34987	0.0008	23487	23642
C23525T T23581C T23599G C23604G	S:H655Y S:S673S S:N679K S:P681R	28	34987	0.0008	23501	23624
C23525T T23569C T23599G C23604G	S:H655Y S:G669G S:N679K S:P681R	28	34987	0.0008	23487	23641
A24424T T24469A T24552C	S:Q954H S:N969K S:I997T	28	24430	0.001146	24412	24564
A24424T T24469A T24482C	S:Q954H S:N969K S:S974P	28	24798	0.001129	24412	24564
A23712+T C23854A	NA S:N764K	28	21191	0.001321	23699	23881
A23403G C23423T C23536+G	S:D614G S:P621S NA	28	15329	0.001827	23351	23539
T25129C C25207T	S:V1189V S:Y1215Y	27	40775	0.000662	25122	25325
T25128C C25207T	S:V1189A S:Y1215Y	27	40719	0.000663	25122	25325
T24631C	S:N1023N	27	40389	0.000668	24612	24679
T24544+A	NA	27	62154	0.000434	24534	24558
T24469A T24658C	S:N969K S:C1032C	27	29891	0.000903	24465	24679
T24469A T24643-A	S:N969K NA	27	29969	0.000901	24465	24679
T24469A T24514C	S:N969K S:L984L	27	55771	0.000484	24465	24528
T24469A T24511C	S:N969K S:R983R	27	55799	0.000484	24465	24564
T24469A T24482C	S:N969K S:S974P	27	56208	0.00048	24465	24564
T24469A A24516G	S:N969K S:D985G	27	55752	0.000484	24465	24564
T24469A A24508G	S:N969K S:S982S	27	55849	0.000483	24465	24564
T24417C A24424T T24469A	S:V952A S:Q954H S:N969K	27	24807	0.001088	24412	24564
T23817C C23854A	S:L752P S:N764K	27	25532	0.001057	23791	23873
T23599G C23604G G23608A	S:N679K S:P681R S:R682R	27	68000	0.000397	23580	23640
T23599G C23604G C23630-A	S:N679K S:P681R NA	27	67406	0.000401	23580	23642
T23599G C23604G A23708G	S:N679K S:P681R S:T716A	27	31043	0.00087	23580	23724
T23599G C23604G A23690G	S:N679K S:P681R S:N710D	27	31811	0.000849	23593	23717
T23599G C23604G A23651G	S:N679K S:P681R S:M697V	27	32098	0.000841	23580	23724
T21940-G G21987A T22032C C22033A A22034G	NA S:G142D S:F157S S:F157S S:R158G	27	15830	0.001706	21882	22049
T21940-G G21987A T21990-TTA C22009-A T22032C C22033A A22034G	NA S:G142D S:DEL144 NA S:F157S S:F157S S:R158G	27	15830	0.001706	21847	22043
G25409-A G25445A	NA ORF3a:G18D	27	7526	0.003588	25383	25461
G25230A	S:G1223D	27	46096	0.000586	25219	25325
G24124-T	NA	27	3254	0.008297	24021	24191
C25262-T G25340-A	NA NA	27	4251	0.006351	25251	25354
C25254T A25286G	S:T1231I S:S1242G	27	50820	0.000531	25245	25325
C25207T T25309C	S:Y1215Y S:S1249S	27	43839	0.000616	25200	25325
C25207T T25260C	S:Y1215Y S:M1233T	27	44242	0.00061	25127	25325
C24632-T	NA	27	40390	0.000668	24617	24679
C23854A T23860C	S:N764K S:A766A	27	26221	0.00103	23825	23881
C23525T T23599G C23604G A23636-T A23639G	S:H655Y S:N679K S:P681R NA S:I693V	27	33798	0.000799	23487	23642
C23525T C23577T T23599G C23604G	S:H655Y S:A672V S:N679K S:P681R	27	34987	0.000772	23487	23624
C22120-A	NA	27	5350	0.005047	22112	22133
A25137-T	NA	27	43500	0.000621	25128	25149
A24885+T	NA	27	8243	0.003276	24850	24902
A24424T T24450C T24469A	S:Q954H S:V963A S:N969K	27	24867	0.001086	24412	24558
A24424T A24556+G	S:Q954H NA	27	24293	0.001111	24412	24564
A24424T A24454G T24469A	S:Q954H S:K964K S:N969K	27	24867	0.001086	24412	24564
A23523G C23525T T23599G C23604G	S:E654G S:H655Y S:N679K S:P681R	27	34987	0.000772	23487	23624
A23515-G C23525T T23599G C23604G	NA S:H655Y S:N679K S:P681R	27	34951	0.000773	23493	23626
A23403G C23423T T23521C C23525T	S:D614G S:P621S S:A653A S:H655Y	27	15725	0.001717	23340	23532
A21917-T G21941T G21987A T21990-TTA T22032C C22033A A22034G	NA S:V127F S:G142D S:DEL144 S:F157S S:F157S S:R158G	27	15711	0.001719	21884	22058
T25150C C25207T C25262-T	S:S1196S S:Y1215Y NA	26	42305	0.000615	25130	25325
T24548C	S:L996L	26	62144	0.000418	24500	24564
T24505C	S:L981L	26	62280	0.000417	24493	24564
T24469A A24498G	S:N969K S:D979G	26	56032	0.000464	24465	24564
T23794C C23854A	S:G744G S:N764K	26	25217	0.001031	23767	23895
T23698+A C23854A	NA S:N764K	26	20960	0.00124	23688	23895
T23599G C23604G T23713C	S:N679K S:P681R S:N717N	26	30894	0.000842	23580	23724
T23599G C23604G T23695C	S:N679K S:P681R S:S711S	26	31740	0.000819	23581	23700
T23599G C23604G T23686C	S:N679K S:P681R S:S708S	26	31839	0.000817	23580	23700
T23599G C23604G T23681C	S:N679K S:P681R S:Y707H	26	31890	0.000815	23580	23705
T23599G C23604G T23680C	S:N679K S:P681R S:A706A	26	31893	0.000815	23580	23724
T23599G C23604G G23663A	S:N679K S:P681R S:A701T	26	32014	0.000812	23580	23724
T23599G C23604G G23607T	S:N679K S:P681R S:R682L	26	68000	0.000382	23580	23642
T23599G C23604G A23670G	S:N679K S:P681R S:N703S	26	31972	0.000813	23580	23687
T23599G C23604G A23648G	S:N679K S:P681R S:T696A	26	32125	0.000809	23580	23651
T23582C T23599G C23604G	S:Y674H S:N679K S:P681R	26	67747	0.000384	23580	23624
C25275T	S:T1238I	26	51741	0.000503	25273	25325
C25262-T A25420+T	NA NA	26	3196	0.008135	25251	25429
C25254T	S:T1231I	26	51016	0.00051	25237	25325
C25207T T25242C	S:Y1215Y S:I1227T	26	44312	0.000587	25203	25320
C25207T T25209C	S:Y1215Y S:I1216T	26	44572	0.000583	25192	25325
C25207T A25271G	S:Y1215Y S:M1237V	26	44191	0.000588	25191	25325
C25207T A25259G	S:Y1215Y S:M1233V	26	44250	0.000588	25122	25325
C25132+A C25207T C25262-T	NA S:Y1215V NA	26	41577	0.000625	25122	25325
C24672T A24673C	S:S1037F S:S1037F	26	39753	0.000654	24612	24679
C24422-A	NA	26	27707	0.000938	24412	24437
C23731T	S:T723T	26	23486	0.001107	23699	23770
C23525T G23568A T23599G C23604G	S:H655Y S:G669D S:N679K S:P681R	26	34987	0.000743	23487	23641
C23525T C23565T T23599G C23604G	S:H655Y S:A668V S:N679K S:P681R	26	34987	0.000743	23487	23641
A25154G C25207T	S:I1198V S:Y1215Y	26	42762	0.000608	25130	25325
A25136G C25207T	S:N1192D S:Y1215Y	26	42145	0.000617	25122	25324
A24667G	S:G1035G	26	40066	0.000649	24661	24679
A24654G	S:E1031G	26	40303	0.000645	24638	24669
A24578G	S:T1006A	26	36660	0.000709	24536	24661
A24508G	S:S982S	26	62261	0.000418	24493	24564
A24424T T24459C T24469A	S:Q954H S:L966P S:N969K	26	24867	0.001046	24412	24564
A24424T A24430G T24469A	S:Q954H S:A956A S:N969K	26	24867	0.001046	24412	24564
A24110-T C24150+T	NA NA	26	2979	0.008728	24021	24169
A23558-T T23599G C23604G	NA S:N679K S:P681R	26	35264	0.000737	23536	23624
T25205C C25207T	S:Y1215H S:Y1215H	25	44612	0.00056	25122	25325
T24480C	S:I973T	25	61339	0.000408	24473	24564
T24469A T24504C	S:N969K S:L981P	25	55923	0.000447	24465	24559
T24469A A24551G	S:N969K S:I997V	25	55353	0.000452	24465	24564
T24469A A24500G	S:N969K S:I980V	25	56007	0.000446	24465	24554
T23823C C23854A	S:L754S S:N764K	25	25666	0.000974	23767	23895
T23599G C23604G T23677C	S:N679K S:P681R S:V705V	25	31927	0.000783	23580	23716
T23599G C23604G T23626G	S:N679K S:P681R S:A688A	25	67523	0.00037	23580	23724
T23599G C23604G C23701T	S:N679K S:P681R S:A713A	25	31640	0.00079	23580	23705
T23599G C23604G C23638-A	S:N679K S:P681R NA	25	66948	0.000373	23580	23642
T23599G C23604G A23618G	S:N679K S:P681R S:S686G	25	67934	0.000368	23582	23637
T23507C C23525T T23599G C23604G	S:C649R S:H655Y S:N679K S:P681R	25	34860	0.000717	23487	23641
T23394C A23403G C23423T C23525T	S:L611P S:D614G S:P621S S:H655Y	25	15670	0.001595	23356	23539
T21609+CATGCCGCTGTT C21618T C21622T G21624C T21632-TACCCCCTG C21711T C21736-T A21764-TACATG	S:INS17HAAV S:T19F S:T20F S:R21T S:DEL25/27 S:S50L NA S:DEL69/70	25	6571	0.003805	21597	21802
G24486+T	NA	25	61829	0.000404	24477	24496
C25214+G	NA	25	45276	0.000552	25207	25318
C25207T A25277G	S:Y1215Y S:S1239G	25	44165	0.000566	25168	25325
C24990T C25000T G25012T	S:P1143L S:D1146D S:E1150D	25	5862	0.004265	24850	25065
C24566T	S:Q1002*	25	36744	0.00068	24546	24667
C23525T T23542C T23599G C23604G	S:H655Y S:Y660Y S:N679K S:P681R	25	34987	0.000715	23487	23641
C23498T C23525T T23599G C23604G	S:R646C S:H655Y S:N679K S:P681R	25	34647	0.000722	23487	23638
A25168G C25207T	S:E1202E S:Y1215Y	25	43045	0.000581	25122	25325
A24424T T24451+A	S:Q954H NA	25	25024	0.000999	24413	24491
A24424T A24443G T24469A	S:Q954H S:T961A S:N969K	25	24867	0.001005	24412	24564
A23810G C23854A	S:S750G S:N764K	25	25441	0.000983	23683	23895
A23497-C C23525T T23599G C23604G	NA S:H655Y S:N679K S:P681R	25	34643	0.000722	23487	23634
T24471-TG T24492-A	NA NA	24	58543	0.00041	24465	24676
T24470-TTG	S:DEL971	24	56751	0.000423	24465	24498
T24469A T24472C	S:N969K S:F970F	24	56242	0.000427	24465	24564
T23599G C23604G A23691G	S:N679K S:P681R S:N710S	24	31798	0.000755	23580	23724
T23599G C23604G A23687G	S:N679K S:P681R S:N709D	24	31838	0.000754	23593	23724
T21609+CATGCCGCTGTT C21618T C21622T G21624C T21632-TACCCCCTG C21736-T A21764-TACATG	S:INS17HAAV S:T19F S:T20F S:R21T S:DEL25/27 NA S:DEL69/70	24	6571	0.003652	21597	21802
G25183A C25207T	S:E1207E S:Y1215Y	24	43758	0.000548	25122	25325
G23508+T T23599G C23604G	NA S:N679* S:P681C	24	34875	0.000688	23487	23629
G23505A C23525T T23599G C23604G	S:G648D S:H655Y S:N679K S:P681R	24	34809	0.000689	23487	23624
G21941T T21976-C G21987A T21990-TTA T22032C C22033A A22034G	S:V127F NA S:G142D S:DEL144 S:F157S S:F157S S:R158G	24	15830	0.001516	21847	22058
C25262-T A25393+T	NA NA	24	3544	0.006772	25251	25405
C25207T T25257C	S:Y1215Y S:I1232T	24	44254	0.000542	25130	25320
C25207T G25230A C25262-T	S:Y1215Y S:G1223D NA	24	44238	0.000543	25122	25325
C25207T C25262-T G25290A	S:Y1215Y NA S:C1243Y	24	44069	0.000545	25130	25318
C25207T A25247G	S:Y1215Y S:M1229V	24	44288	0.000542	25190	25325
C25199T C25207T	S:P1213S S:Y1215Y	24	44358	0.000541	25130	25324
C23854A A23888G	S:N764K S:K776E	24	25386	0.000945	23840	23895
C23709+A C23854A	NA S:N764K	24	21185	0.001133	23683	23884
C23525T T23599G C23604G G23607A	S:H655Y S:N679K S:P681R S:R682Q	24	34983	0.000686	23487	23637
C23525T T23599G C23604G A23639-T	S:H655Y S:N679K S:P681R NA	24	33798	0.00071	23487	23642
C23525T T23599G C23604G A23618G	S:H655Y S:N679K S:P681R S:S686G	24	34956	0.000687	23492	23629
C23399+T C23423T	NA S:P621S	24	23627	0.001016	23336	23427
C23103-T G23222A C23271T	NA S:E554K S:A570V	24	6295	0.003813	23095	23289
C21618T C21622T G21624C C21711T A21764-TACATG	S:T19I S:T20T S:R21T S:S50L S:DEL69/70	24	6572	0.003652	21597	21802
A25190G C25207T	S:I1210V S:Y1215Y	24	43978	0.000546	25136	25325
A25142G C25207T	S:N1194D S:Y1215Y	24	42443	0.000565	25138	25266
A24592G	S:Q1010Q	24	36439	0.000659	24560	24601
A24560G	S:R1000G	24	61865	0.000388	24486	24564
A24531G	S:E990G	24	62221	0.000386	24497	24564
A24424T T24469A T24514C	S:Q954H S:N969K S:L984L	24	24648	0.000974	24412	24564
A24424T T24469A A24516G	S:Q954H S:N969K S:D985G	24	24634	0.000974	24412	24564
A24424T T24464C T24469A	S:Q954H S:S968P S:N969K	24	24867	0.000965	24412	24564
A24424T A24433G T24469A	S:Q954H S:Q957Q S:N969K	24	24867	0.000965	24412	24509
A23760G C23854A	S:K733R S:N764K	24	21592	0.001112	23683	23881
A23513G C23525T T23599G C23604G	S:I651V S:H655Y S:N679K S:P681R	24	34936	0.000687	23487	23641
T25319C	S:C1253R	23	52146	0.000441	25305	25325
T25171C C25207T	S:L1203L S:Y1215Y	23	43143	0.000533	25131	25325
T24549C	S:L996S	23	62139	0.00037	24518	24564
T24534C	S:V991A	23	62214	0.00037	24486	24564
T24506+A	NA	23	62281	0.000369	24470	24534
T24504C	S:L981P	23	62259	0.000369	24473	24564
T24469A G24570T	S:N969K S:S1003I	23	30412	0.000756	24465	24672
T24469A C24507+T	S:N969K NA	23	55872	0.000412	24465	24679
T24469A A24532G	S:N969K S:E990E	23	55580	0.000414	24465	24564
T24469A A24531G	S:N969K S:E990G	23	55588	0.000414	24465	24564
T24451C T24469A	S:V963V S:N969K	23	25181	0.000913	24427	24500
T23822C C23854A	S:L754L S:N764K	23	25653	0.000897	23795	23895
T23599G C23604G T23689-A	S:N679K S:P681R NA	23	31821	0.000723	23580	23711
T23599G C23604G C23635T	S:N679K S:P681R S:S691S	23	67143	0.000343	23593	23642
T23599G C23604G A23720G	S:N679K S:P681R S:I720V	23	30645	0.000751	23582	23724
T23599G C23604G A23682G	S:N679K S:P681R S:Y707C	23	31888	0.000721	23593	23711
T23599G C23604G A23618+T	S:N679K S:P681R NA	23	67934	0.000339	23580	23642
T23510C C23525T T23599G C23604G	S:L650L S:H655Y S:N679K S:P681R	23	34920	0.000659	23487	23642
T21609+CATGCCGCTGTT C21618T C21622T G21624C T21632-TACCCCCTG G21701-T A21764-TACATG	S:INS17HAAV S:T19F S:T20F S:R21T S:DEL25/27 NA S:DEL69/70	23	6571	0.0035	21597	21802
G25244-T	NA	23	46266	0.000497	25229	25320
G24608A	S:A1016T	23	36399	0.000632	24584	24640
G24535A	S:V991V	23	62203	0.00037	24528	24564
G23726-T C23854A	NA S:N764K	23	21307	0.001079	23683	23895
G23518A C23525T T23599G C23604G	S:G652G S:H655Y S:N679K S:P681R	23	34979	0.000658	23487	23641
G23517A C23525T T23599G C23604G	S:G652E S:H655Y S:N679K S:P681R	23	34979	0.000658	23487	23633
G23501A C23525T T23599G C23604G	S:A647T S:H655Y S:N679K S:P681R	23	34723	0.000662	23487	23640
C25300T	S:G1246G	23	52053	0.000442	25282	25314
C25207T T25264C	S:Y1215Y S:L1234L	23	44229	0.00052	25189	25292
C25207T G25266A	S:Y1215Y S:C1235Y	23	44213	0.00052	25141	25325
C25207T G25226A	S:Y1215Y S:A1222T	23	44364	0.000518	25177	25281
C25207T A25241G C25262-T	S:Y1215Y S:I1227V NA	23	44238	0.00052	25130	25275
C24636T	S:A1025V	23	40391	0.000569	24612	24659
C23854A T23878C	S:N764K S:V772V	23	25785	0.000892	23730	23894
C23854A T23875C	S:N764K S:A771A	23	25866	0.000889	23841	23895
C23854A G23885T	S:N764K S:D775Y	23	25508	0.000902	23683	23895
C23854A A23870G	S:N764K S:I770V	23	26077	0.000882	23792	23895
C23816+T	NA	23	26322	0.000874	23776	23832
C23525T T23599G C23604G C23609+G	S:H655Y S:N679K S:P681R NA	23	34983	0.000657	23487	23637
C23525T A23579G T23599G C23604G	S:H655Y S:S673G S:N679K S:P681R	23	34987	0.000657	23508	23642
C23367+A C23423T	NA S:P621S	23	23313	0.000987	23363	23432
C23271T C23334-T C23367+A C23423T	S:A570V NA NA S:P621S	23	5163	0.004455	23269	23438
C23271T C23277T C23334-T C23423T	S:A570V S:T572I NA S:P621S	23	5163	0.004455	23269	23432
A24679G	S:R1039R	23	39218	0.000586	24612	24679
A24556+G	NA	23	61927	0.000371	24495	24563
A24478G	S:A972A	23	61166	0.000376	24473	24564
A24424T T24448C	S:Q954H S:L962L	23	25046	0.000918	24412	24564
A24424T A24556G	S:Q954H S:T998T	23	24293	0.000947	24413	24564
A23796G C23854A	S:D745G S:N764K	23	25249	0.000911	23767	23892
A23702G C23854A	S:I714V S:N764K	23	21111	0.001089	23683	23881
A22161-T A22193-ATT T22200G C22208T C22295A	NA S:DEL212 S:V213G S:L216F S:H245N	23	4825	0.004767	22100	22319
T25178C C25207T	S:Y1206H S:Y1215Y	22	43488	0.000506	25130	25210
T24663C	S:L1034P	22	40102	0.000549	24612	24679
T24660C	S:V1033A	22	40246	0.000547	24653	24679
T24650C	S:S1030P	22	40322	0.000546	24612	24676
T24583C	S:Y1007Y	22	36481	0.000603	24493	24665
T23750C C23854A	S:S730P S:N764K	22	21559	0.00102	23732	23892
T23689+A	NA	22	57188	0.000385	23683	23706
T23599G C23604G T23703C	S:N679K S:P681R S:I714T	22	31319	0.000702	23580	23724
T23599G C23604G A23688G	S:N679K S:P681R S:N709S	22	31827	0.000691	23580	23717
T23374C A23403G C23423T C23525T	S:T604T S:D614G S:P621S S:H655Y	22	15534	0.001416	23341	23527
T21990-TTA T22032C C22033A	S:DEL144 S:F157S S:F157S	22	16456	0.001337	21975	22058
G25278-T	NA	22	51797	0.000425	25272	25308
G24570-T	NA	22	36672	0.0006	24508	24648
G24476+A	NA	22	60472	0.000364	24469	24502
G23222A T23278-A	S:E554K NA	22	6508	0.00338	23089	23290
C25207T A25246G	S:Y1215Y S:V1228V	22	44293	0.000497	25122	25325
C24435-T	NA	22	25388	0.000867	24412	24456
C23854A A23881G	S:N764K S:E773E	22	25738	0.000855	23729	23895
C23709-A	NA	22	56844	0.000387	23692	23722
C23525T T23599G C23604G T23633C	S:H655Y S:N679K S:P681R S:S691P	22	34431	0.000639	23487	23637
C23525T T23599G C23604G C23630-A	S:H655Y S:N679K S:P681R NA	22	34552	0.000637	23487	23639
C23525T T23599G C23604G C23609-G	S:H655Y S:N679K S:P681R NA	22	34983	0.000629	23507	23637
C23525T T23571C T23599G C23604G	S:H655Y S:I670T S:N679K S:P681R	22	34987	0.000629	23487	23642
C23525T G23564A T23599G C23604G	S:H655Y S:A668T S:N679K S:P681R	22	34987	0.000629	23487	23612
C23423T G23465+T C23525T	S:P621S NA S:H655S	22	15894	0.001384	23352	23539
C21781-A	NA	22	8099	0.002716	21773	21802
A25327-T	NA	22	4959	0.004436	25281	25335
A25182G G25198-C C25207T	S:E1207G NA S:Y1215Y	22	43737	0.000503	25122	25325
A25165G C25207T	S:Q1201Q S:Y1215Y	22	42972	0.000512	25130	25325
A25137+T	NA	22	43500	0.000506	25122	25151
A24922-T C24981-T C24990T C25000T	NA NA S:P1143L S:D1146D	22	5776	0.003809	24870	25040
A24674G	S:K1038E	22	39726	0.000554	24612	24679
A24613G	S:E1017E	22	40306	0.000546	24612	24679
A24587G	S:T1009A	22	36459	0.000603	24480	24661
A24543G	S:D994G	22	62159	0.000354	24521	24554
A24424T T24469A T24511C	S:Q954H S:N969K S:R983R	22	24661	0.000892	24412	24564
A24424T T24469A A24518G	S:Q954H S:N969K S:K986E	22	24625	0.000893	24412	24564
A23848G C23854A	S:Q762Q S:N764K	22	26240	0.000838	23699	23895
A23756-C C23854A	NA S:N764K	22	21581	0.001019	23742	23892
A23403G C23423T T23511-A C23525T	S:D614G S:P621S NA S:H655Y	22	15725	0.001399	23364	23538
A23379G A23403G C23423T C23525T	S:N606S S:D614G S:P621S S:H655Y	22	15575	0.001413	23339	23538
A23366G A23403G C23423T C23525T	S:T602A S:D614G S:P621S S:H655Y	22	15466	0.001422	23335	23538
A22193-ATT T22200G C22208T G22225T C22295A	S:DEL212 S:V213G S:L216F S:S221S S:H245N	22	4947	0.004447	22178	22319
T25328A	S:F1256I	21	4949	0.004243	25262	25477
T25322C	S:C1254R	21	51828	0.000405	25302	25325
T25263C	S:L1234P	21	51309	0.000409	25251	25310
T25155C C25207T C25262-T	S:I1198T S:Y1215Y NA	21	42408	0.000495	25129	25320
T25140+A C25207T	NA S:Y1215V	21	42279	0.000497	25130	25235
T24664C	S:L1034L	21	40097	0.000524	24612	24669
T24633C	S:L1024P	21	40380	0.00052	24612	24679
T24628C	S:A1022A	21	40379	0.00052	24622	24663
T24487C	S:S975S	21	62010	0.000339	24480	24504
T24469A G24626A	S:N969K S:A1022T	21	30055	0.000699	24465	24676
T24469A A24661G	S:N969K S:V1033V	21	29857	0.000703	24465	24671
T24469A A24654G	S:N969K S:E1031G	21	29921	0.000702	24465	24679
T23815C C23854A	S:N751N S:N764K	21	25507	0.000823	23802	23895
T23599G C23604G T23689C	S:N679K S:P681R S:N709N	21	31821	0.00066	23580	23708
T23599G C23604G T23641C	S:N679K S:P681R S:I693I	21	66346	0.000317	23580	23642
T23599G C23604G A23704G	S:N679K S:P681R S:I714M	21	31297	0.000671	23587	23705
T23599G C23604G A23682T	S:N679K S:P681R S:Y707F	21	31888	0.000659	23580	23700
T23599G C23604G A23667G	S:N679K S:P681R S:E702G	21	31988	0.000656	23580	23678
T23344C A23403G C23423T C23525T	S:G594G S:D614G S:P621S S:H655Y	21	15196	0.001382	23335	23535
T21609+CATGCCGTTGTT C21618T C21622T G21624C T21632-TACCCCCTG A21764-TACATG	S:INS17HAVV S:T19F S:T20F S:R21T S:DEL25/27 S:DEL69/70	21	6571	0.003196	21597	21788
T21609+CATGCCGCTGTT C21618T C21622T G21624C T21632-TACCCCCTG T21655C C21711T A21764-TACATG	S:INS17HAAV S:T19F S:T20F S:R21T S:DEL25/27 S:S31A S:S50L S:DEL69/70	21	6571	0.003196	21597	21802
G25540+T	NA	21	2698	0.007784	25372	25566
G25130A C25207T	S:A1190T S:Y1215Y	21	40850	0.000514	25122	25325
G24665A	S:G1035R	21	40095	0.000524	24626	24679
G23522-A C23525T	NA S:H655Y	21	52755	0.000398	23511	23532
C25207T T25221C	S:Y1215Y S:F1220S	21	44387	0.000473	25122	25325
C25207T G25284-T	S:Y1215Y NA	21	44128	0.000476	25201	25325
C25207T C25227T C25262A	S:Y1215Y S:A1222V S:L1234I	21	44238	0.000475	25130	25325
C24852-A C25000T	NA S:D1146D	21	5548	0.003785	24850	25066
C24517+A	NA	21	62250	0.000337	24499	24532
C23854A A23884G	S:N764K S:Q774Q	21	25544	0.000822	23699	23895
C23799-A C23854A	NA S:N764K	21	25286	0.00083	23739	23895
C23525T T23578C T23599G C23604G	S:H655Y S:A672A S:N679K S:P681R	21	34987	0.0006	23487	23642
C23525T A23554-C T23599G C23604G	S:H655Y NA S:N679K S:P681R	21	34987	0.0006	23505	23621
C21618T C21622T G21624C T21632-TACCCCCTG T21655C C21711T A21764-TACATG	S:T19I S:T20T S:R21T S:DEL25/27 S:S31S S:S50L S:DEL69/70	21	6572	0.003195	21597	21802
A25274G	S:T1238A	21	51725	0.000406	25251	25325
A25158G C25207T	S:D1199G S:Y1215Y	21	42834	0.00049	25130	25320
A24562G	S:R1000R	21	61852	0.00034	24536	24564
A24539-T	NA	21	62185	0.000338	24488	24558
A24485G	S:S975G	21	61803	0.00034	24473	24506
A24479+T	NA	21	61257	0.000343	24471	24495
A24424T T24469A A24508G	S:Q954H S:N969K S:S982S	21	24689	0.000851	24412	24564
A24424T T24451C T24469A T24472-G	S:Q954H S:V963V S:N969K NA	21	24828	0.000846	24412	24564
A24424T T24448C T24469A	S:Q954H S:L962L S:N969K	21	24867	0.000844	24412	24564
A24424T A24468-T	S:Q954H NA	21	24872	0.000844	24413	24554
A24424T A24441G T24469A	S:Q954H S:N960S S:N969K	21	24867	0.000844	24412	24563
A24103+T	NA	21	3294	0.006375	24095	24191
A23762G C23854A	S:T734A S:N764K	21	21602	0.000972	23699	23895
A23403G C23423T C23525T T23529C	S:D614G S:P621S S:H655Y S:V656A	21	15699	0.001338	23397	23532
A23403G C23423T C23525T A23535G	S:D614G S:P621S S:H655Y S:N658S	21	15340	0.001369	23351	23539
A23365G A23403G C23423T C23525T	S:G601G S:D614G S:P621S S:H655Y	21	15451	0.001359	23346	23539
A23357G A23403G C23423T C23525T	S:T599A S:D614G S:P621S S:H655Y	21	15423	0.001362	23335	23532
A23267-T C23271T	NA S:A570V	21	6703	0.003133	23259	23290
A21979-T G21987A T21990-TTA C22000-A T22032C C22033A A22034G	NA S:G142D S:DEL144 NA S:F157S S:F157S S:R158G	21	16454	0.001276	21949	22052
T25270C	S:C1236C	20	51622	0.000387	25266	25325
T25191-A C25262-T	NA NA	20	43672	0.000458	25128	25320
T25148C C25207T C25262-T	S:S1196P S:Y1215Y NA	20	42235	0.000474	25130	25325
T24889C C24990T C25000T	S:F1109F S:P1143L S:D1146D	20	5710	0.003503	24855	25069
T24544C	S:D994D	20	62154	0.000322	24494	24564
T24469A T24625C	S:N969K S:S1021S	20	30057	0.000665	24465	24646
T24469A T24596C	S:N969K S:L1012L	20	30164	0.000663	24465	24676
T24469A T24585C	S:N969K S:V1008A	20	30212	0.000662	24465	24679
T24469A T24564C	S:N969K S:L1001P	20	55033	0.000363	24465	24564
T24469A G24558A	S:N969K S:G999D	20	55146	0.000363	24465	24564
T24469A C24672+A	S:N969K NA	20	29570	0.000676	24465	24679
T24469A A24679G	S:N969K S:R1039R	20	29093	0.000687	24465	24679
T24469A A24580G	S:N969K S:T1006T	20	30365	0.000659	24465	24665
T24469A A24539+T	S:N969K NA	20	55498	0.00036	24465	24564
T23599G C23604G G23678A	S:N679K S:P681R S:A706T	20	31925	0.000626	23580	23706
T23599G C23604G G23675+T	S:N679K S:P681R NA	20	31931	0.000626	23581	23700
T23599G C23604G C23644T	S:N679K S:P681R S:A694A	20	32169	0.000622	23580	23724
T23599G C23604G C23613T	S:N679K S:P681R S:A684V	20	67984	0.000294	23586	23642
T23511+A C23525T	NA S:H655S	20	52638	0.00038	23487	23529
T23488C C23525T T23599G C23604G	Unknown S:H655Y S:N679K S:P681R	20	34402	0.000581	23486	23624
T21856+A G21941T G21987A T21990-TTA T22032C C22033A A22034G	NA S:V127C S:G142E S:DEL144 S:F157A S:F157A S:R158E	20	15204	0.001315	21847	22058
G25218-T C25262-T	NA NA	20	45486	0.00044	25122	25325
G25218-T	NA	20	45638	0.000438	25209	25278
G25198A C25207T	S:W1212* S:Y1215Y	20	44311	0.000451	25172	25325
G24626A	S:A1022T	20	40340	0.000496	24612	24679
G24510+T	NA	20	62251	0.000321	24470	24528
G24476A	S:A972T	20	60472	0.000331	24473	24554
G21987A T22032C C22033A	S:G142D S:F157S S:F157S	20	16456	0.001215	21974	22055
G21941T G21987A T22032C C22033A	S:V127F S:G142D S:F157S S:F157S	20	15830	0.001263	21847	22058
G21941T G21987A	S:V127F S:G142D	20	16124	0.00124	21932	21993
C25517-T	NA	20	2828	0.007072	25372	25531
C25292+G	NA	20	51938	0.000385	25284	25325
C25207T T25280C	S:Y1215Y S:C1240R	20	44155	0.000453	25177	25325
C25207T T25248C	S:Y1215Y S:M1229T	20	44285	0.000452	25122	25324
C25207T T25245-A	S:Y1215Y NA	20	44297	0.000451	25197	25324
C25207T G25314A	S:Y1215Y S:G1251E	20	43782	0.000457	25191	25325
C25207T G25287-T T25289C	S:Y1215Y NA S:C1243R	20	44083	0.000454	25122	25325
C25207T G25244-T	S:Y1215Y NA	20	44305	0.000451	25177	25325
C25207T C25321T	S:Y1215Y S:C1253C	20	43569	0.000459	25130	25323
C25207T C25282T	S:Y1215Y S:C1240C	20	44145	0.000453	25201	25325
C25207T C25262-T T25293C	S:Y1215Y NA S:L1244P	20	44041	0.000454	25130	25325
C25207T C25262-T G25290T	S:Y1215Y NA S:C1243F	20	44069	0.000454	25130	25322
C25207T A25315G	S:Y1215Y S:G1251G	20	43777	0.000457	25145	25325
C25207T A25243G	S:Y1215Y S:I1227M	20	44308	0.000451	25122	25325
C25184T C25207T	S:Q1208* S:Y1215Y	20	43789	0.000457	25130	25325
C24422-A A24425T	NA S:N955Y	20	27514	0.000727	24412	24435
C23854A G23885+A	S:N764K NA	20	25508	0.000784	23846	23895
C23854A A23880G	S:N764K S:E773G	20	25759	0.000776	23850	23895
C23525T T23599G C23604G C23613T	S:H655Y S:N679K S:P681R S:A684V	20	34978	0.000572	23487	23642
C23525T T23596+A T23599G C23604G	S:H655Y NA S:N679* S:P681C	20	34987	0.000572	23499	23637
C23525T C23557T T23599G C23604G	S:H655Y S:P665P S:N679K S:P681R	20	34987	0.000572	23488	23633
C23525T A23583G T23599G C23604G	S:H655Y S:Y674C S:N679K S:P681R	20	34987	0.000572	23487	23641
C23271T C23334-T C23367+A A23403G C23423T	S:A570V NA NA S:D614G S:P621S	20	5163	0.003874	23269	23443
C22120-A A22193-ATT T22200G C22208T C22295A T22315-G	NA S:DEL212 S:V213G S:L216F S:H245N NA	20	4526	0.004419	22100	22319
C22120-A A22193-ATT T22200G C22208T	NA S:DEL212 S:V213G S:L216F	20	5043	0.003966	22101	22222
C21618T C21622T G21624C A21764-TACATG	S:T19I S:T20T S:R21T S:DEL69/70	20	6572	0.003043	21608	21802
A25420+T	NA	20	7963	0.002512	25383	25433
A25408G	ORF3a:R6G	20	8125	0.002462	25381	25477
A24479-T	NA	20	61257	0.000326	24470	24505
A24424T T24469A T24472C	S:Q954H S:N969K S:F970F	20	24828	0.000806	24412	24564
A24424T T24469A A24551G	S:Q954H S:N969K S:I997V	20	24440	0.000818	24412	24564
A24177G	S:Q872R	20	4170	0.004796	24140	24191
A24105+T	NA	20	3320	0.006024	24092	24182
A23786-T	NA	20	26394	0.000758	23767	23885
A23403G C23423T A23450G C23525T	S:D614G S:P621S S:T630A S:H655Y	20	15725	0.001272	23365	23532
A23403G A23414G C23423T C23525T	S:D614G S:T618A S:P621S S:H655Y	20	15725	0.001272	23335	23539
A23400+G	NA	20	23933	0.000836	23335	23414
T24761C	S:Y1067H	19	5944	0.003197	24749	24772
T24552C	S:I997T	19	62091	0.000306	24485	24564
T24469A T24650C	S:N969K S:S1030P	19	29936	0.000635	24465	24679
T24469A G24570-T	S:N969K NA	19	30412	0.000625	24465	24676
T24469A C24503-T	S:N969K NA	19	55933	0.00034	24465	24564
T24469A A24617G	S:N969K S:R1019G	19	30084	0.000632	24465	24679
T24469A A24592G	S:N969K S:Q1010Q	19	30179	0.00063	24465	24679
T24469A A24478G	S:N969K S:A972A	19	56217	0.000338	24465	24564
T23769C C23854A	S:V736A S:N764K	19	24930	0.000762	23765	23895
T23599G C23604G T23626C	S:N679K S:P681R S:A688A	19	67523	0.000281	23580	23642
T23599G C23604G G23611A	S:N679K S:P681R S:R683R	19	67989	0.000279	23593	23642
T23599G C23604G A23717G	S:N679K S:P681R S:T719A	19	30837	0.000616	23580	23724
T23599G C23604G A23711G	S:N679K S:P681R S:N717D	19	30933	0.000614	23580	23724
T23599G C23604G A23688+G	S:N679K S:P681R NA	19	31827	0.000597	23580	23706
T23143-A	NA	19	7129	0.002665	23089	23165
T21856+A	NA	19	16300	0.001166	21847	21866
G25313A	S:G1251R	19	52275	0.000363	25308	25324
G24415A A24424T T24469A	S:V951V S:Q954H S:N969K	19	24696	0.000769	24412	24525
G23508A C23525T T23599G C23604G	S:C649Y S:H655Y S:N679K S:P681R	19	34875	0.000545	23487	23624
G23499A C23525T T23599G C23604G	S:R646H S:H655Y S:N679K S:P681R	19	34672	0.000548	23487	23624
G23387+T C23423T C23525T	NA S:P621S S:H655S	19	15628	0.001216	23335	23537
G23222A A23267-T C23271T	S:E554K NA S:A570V	19	6578	0.002888	23171	23290
G23211A G23222A C23271T	S:G550D S:E554K S:A570V	19	6565	0.002894	23186	23284
G21987A T21990-TTA A21999-C	S:G142D S:DEL144 NA	19	16651	0.001141	21949	22012
C25207T T25245C	S:Y1215Y S:V1228A	19	44297	0.000429	25185	25325
C25207T G25299A	S:Y1215Y S:G1246D	19	43965	0.000432	25130	25325
C25207T G25281A	S:Y1215Y S:C1240Y	19	44150	0.00043	25203	25325
C25207T G25238A	S:Y1215Y S:A1226T	19	44329	0.000429	25192	25316
C25207T C25276T	S:Y1215Y S:T1238T	19	44170	0.00043	25178	25325
C25207T C25267T	S:Y1215Y S:C1235C	19	44211	0.00043	25122	25325
C25207T C25262-T T25306C	S:Y1215Y NA S:C1248C	19	43902	0.000433	25122	25325
C25207T A25235G	S:Y1215Y S:I1225V	19	44337	0.000429	25202	25325
C24566A A24677G	S:Q1002K S:R1039G	19	35291	0.000538	24488	24679
C24483+A	NA	19	61729	0.000308	24473	24492
C24431+A	NA	19	25396	0.000748	24412	24451
C23854A G23867A	S:N764K S:G769R	19	26122	0.000727	23683	23881
C23854A C23887-A G23948T	S:N764K NA S:D796Y	19	2963	0.006412	23775	23971
C23496T C23525T T23599G C23604G	S:T645I S:H655Y S:N679K S:P681R	19	34639	0.000549	23487	23642
C23334-T A23403G	NA S:D614G	19	5790	0.003282	23285	23434
C23271T C23277T	S:A570V S:T572I	19	12100	0.00157	23269	23290
C23271T A23283G A23403G C23423T	S:A570V S:D574G S:D614G S:P621S	19	5163	0.00368	23269	23429
A25179G C25207T	S:Y1206C S:Y1215Y	19	43552	0.000436	25163	25325
A24669G	S:Q1036R	19	39982	0.000475	24612	24672
A24594G	S:Q1011R	19	36430	0.000522	24521	24679
A24537G	S:Q992R	19	62186	0.000306	24486	24564
A24525T	S:E988V	19	62245	0.000305	24488	24661
A24468-T T24470A	NA S:F970I	19	56238	0.000338	24465	24564
A24424T T24469A T24529C	S:Q954H S:N969K S:A989A	19	24558	0.000774	24412	24564
A24424T T24469A T24513C	S:Q954H S:N969K S:L984P	19	24650	0.000771	24417	24564
A24424T T24469A A24554G	S:Q954H S:N969K S:T998A	19	24393	0.000779	24413	24564
A24424T T24469A A24543G	S:Q954H S:N969K S:D994G	19	24489	0.000776	24412	24564
A24424T G24462A T24469A	S:Q954H S:S967N S:N969K	19	24867	0.000764	24412	24564
A24424T A24453G T24469A	S:Q954H S:K964R S:N969K	19	24867	0.000764	24412	24564
A24424C T24469A	S:Q954H S:N969K	19	24867	0.000764	24417	24564
A24253-T C24320-A	NA NA	19	3431	0.005538	24229	24333
A23853G C23854A	S:N764R S:N764R	19	26341	0.000721	23835	23895
A23847G C23854A	S:Q762R S:N764K	19	26233	0.000724	23683	23894
A23764G C23854A	S:T734T S:N764K	19	21614	0.000879	23699	23895
A23746-G C23854A	NA S:N764K	19	21533	0.000882	23738	23895
A23732G C23854A	S:T724A S:N764K	19	21372	0.000889	23694	23895
A23712+T C23854A C23887-A	NA S:N764K NA	19	20346	0.000934	23683	23895
A23403G C23423T T23500C C23525T	S:D614G S:P621S S:R646R S:H655Y	19	15725	0.001208	23351	23532
T25202+G C25207T C25262-T	NA S:Y1215V NA	18	44162	0.000408	25122	25297
T25144C C25207T	S:N1194N S:Y1215Y	18	42481	0.000424	25130	25325
T25140+A T25196-G C25207T C25262-T	NA NA S:Y1215V NA	18	41910	0.000429	25122	25325
T24648C	S:M1029T	18	40342	0.000446	24612	24673
T24640C	S:A1026A	18	40362	0.000446	24612	24656
T24634C	S:L1024L	18	40382	0.000446	24612	24679
T24565C	S:L1001L	18	61704	0.000292	24488	24676
T24499C	S:D979D	18	62311	0.000289	24494	24564
T24492+A C24672-A	NA NA	18	34989	0.000514	24482	24679
T24489C C24672-A	S:V976A NA	18	34922	0.000515	24470	24679
T24471-TG C24536-A	NA NA	18	57798	0.000311	24465	24560
T24469A T24660+A	S:N969K NA	18	29880	0.000602	24465	24672
T24469A T24534C	S:N969K S:V991A	18	55553	0.000324	24465	24564
T24469A T24529C	S:N969K S:A989A	18	55610	0.000324	24465	24564
T24469A T24480C	S:N969K S:I973T	18	56213	0.00032	24465	24564
T24469A G24535A	S:N969K S:V991V	18	55539	0.000324	24465	24564
T24469A C24566T	S:N969K S:Q1002*	18	30488	0.00059	24465	24679
T24469A C24477T	S:N969K S:A972V	18	56229	0.00032	24465	24564
T24469A A24669G	S:N969K S:Q1036R	18	29665	0.000607	24465	24676
T24469A A24569G	S:N969K S:S1003G	18	30420	0.000592	24465	24679
T24469A A24543G	S:N969K S:D994G	18	55449	0.000325	24465	24561
T24469A A24518G	S:N969K S:K986E	18	55733	0.000323	24465	24564
T24469A A24494G	S:N969K S:N978D	18	56104	0.000321	24465	24564
T24451+A	NA	18	25365	0.00071	24412	24542
T23754C C23854A	S:M731T S:N764K	18	21577	0.000834	23715	23895
T23722C C23854A	S:I720I S:N764K	18	21262	0.000847	23683	23895
T23697C C23854A	S:I712T S:N764K	18	20953	0.000859	23683	23895
T23599G C23604G T23659C G23699A	S:N679K S:P681R S:L699L S:A713T	18	31684	0.000568	23593	23700
T23599G C23604G C23707T	S:N679K S:P681R S:P715P	18	31106	0.000579	23580	23724
T23599G C23604G C23706T	S:N679K S:P681R S:P715L	18	31266	0.000576	23580	23724
T23599G C23604G A23696G	S:N679K S:P681R S:I712V	18	31726	0.000567	23580	23724
T23514C C23525T T23599G C23604G	S:I651T S:H655Y S:N679K S:P681R	18	34942	0.000515	23487	23641
T23511C C23525T T23599G C23604G	S:L650S S:H655Y S:N679K S:P681R	18	34925	0.000515	23487	23641
T23350C A23403G C23423T C23525T	S:S596S S:D614G S:P621S S:H655Y	18	15294	0.001177	23335	23529
T23143-A T23164-A G23222A C23230-A C23271T	NA NA S:E554K NA S:A570V	18	6362	0.002829	23089	23290
T21940-G G21987A T21990-TTA C22000-A C22033A A22034G	NA S:G142D S:DEL144 NA S:F157L S:R158G	18	15830	0.001137	21847	22058
T21609+CATGCCGCTGTT C21618T C21622T T21632-TACCCCCTG C21711T A21764-TACATG	S:INS17HAAV S:T19F S:T20F S:DEL25/27 S:S50L S:DEL69/70	18	6571	0.002739	21597	21802
T21609+CATGCCGCTGTT C21618T C21622T G21624C T21632-TACCCCCTG C21711T T21738C A21764-TACATG	S:INS17HAAV S:T19F S:T20F S:R21T S:DEL25/27 S:S50L S:F59S S:DEL69/70	18	6571	0.002739	21597	21788
G25555+T	NA	18	2650	0.006792	25372	25561
G25290T	S:C1243F	18	51911	0.000347	25273	25325
G25177+A	NA	18	44180	0.000407	25160	25325
G25135+A T25196-G C25207T C25262-T	NA NA S:Y1215V NA	18	41689	0.000432	25130	25311
G25135+A	NA	18	43378	0.000415	25130	25154
G24928-T C24990T C25000T	NA S:P1143L S:D1146D	18	5779	0.003115	24857	25069
G23808A C23854A	S:C749Y S:N764K	18	25400	0.000709	23787	23895
G23804-A C23854A	NA S:N764K	18	25357	0.00071	23701	23895
G21941T G21969-T G21987A T21990-TTA T22032C C22033A A22034G	S:V127F NA S:G142D S:DEL144 S:F157S S:F157S S:R158G	18	15830	0.001137	21931	22058
G21941T A21979-T G21987A T21990-TTA C22000-A C22009-A T22032C C22033A A22034G	S:V127F NA S:G142D S:DEL144 NA NA S:F157S S:F157S S:R158G	18	15830	0.001137	21847	22058
C25207T T25258C	S:Y1215Y S:I1232I	18	44253	0.000407	25172	25325
C25207T T25220C	S:Y1215Y S:F1220L	18	44389	0.000406	25122	25325
C25207T G25305A	S:Y1215Y S:C1248Y	18	43909	0.00041	25177	25325
C25207T C25262-TT	S:Y1215Y NA	18	44238	0.000407	25130	25283
C25207T C25262-T C25321+T	S:Y1215Y NA NA	18	43569	0.000413	25122	25323
C25207T C25231T	S:Y1215Y S:G1223G	18	44354	0.000406	25129	25317
C24961T C24990T C25000T	S:V1133V S:P1143L S:D1146D	18	5834	0.003085	24867	25040
C24536-A C24672-A	NA NA	18	35437	0.000508	24476	24679
C23854A T23866C	S:N764K S:T768T	18	26129	0.000689	23830	23891
C23854A A23892G	S:N764K S:N777S	18	24971	0.000721	23712	23895
C23854A A23883G	S:N764K S:Q774R	18	25579	0.000704	23826	23895
C23525T T23599G C23604G G23628A	S:H655Y S:N679K S:P681R S:S689N	18	34567	0.000521	23487	23634
C23525T T23599G C23604G G23621A	S:H655Y S:N679K S:P681R S:V687I	18	34951	0.000515	23487	23641
C23525T T23599G C23604G C23638-A	S:H655Y S:N679K S:P681R NA	18	34186	0.000527	23487	23642
C23525T T23599G C23604G A23632G	S:H655Y S:N679K S:P681R S:Q690Q	18	34459	0.000522	23487	23641
C23525T T23559C T23599G C23604G	S:H655Y S:I666T S:N679K S:P681R	18	34987	0.000514	23487	23637
C23525T G23549A T23599G C23604G	S:H655Y S:D663N S:N679K S:P681R	18	34987	0.000514	23487	23622
C23373+A	NA	18	24566	0.000733	23339	23382
C23271T T23392-C A23403G C23423T	S:A570V NA S:D614G S:P621S	18	5163	0.003486	23269	23443
C23271T C23393T A23403G C23423T	S:A570V S:L611F S:D614G S:P621S	18	5163	0.003486	23269	23443
C23099-T	NA	18	7165	0.002512	23096	23112
A25472+T	NA	18	7216	0.002494	25381	25485
A25206G C25207T C25262-T	S:Y1215C S:Y1215C NA	18	44237	0.000407	25130	25320
A24617G	S:R1019G	18	40297	0.000447	24612	24679
A24614G	S:I1018V	18	40298	0.000447	24612	24679
A24602G	S:R1014G	18	36410	0.000494	24480	24676
A24580G	S:T1006T	18	36645	0.000491	24489	24636
A24498G	S:D979G	18	62291	0.000289	24480	24564
A24424T T24506C	S:Q954H S:S982P	18	24699	0.000729	24412	24564
A24424T T24469A G24547A	S:Q954H S:N969K S:R995R	18	24466	0.000736	24412	24564
A24424T T24469A G24535A	S:Q954H S:N969K S:V991V	18	24528	0.000734	24412	24564
A24424T T24469A A24485G	S:Q954H S:N969K S:S975G	18	24779	0.000726	24412	24563
A24424T G24488+T	S:Q954H NA	18	24768	0.000727	24412	24509
A24424T C24536+A	S:Q954H NA	18	24522	0.000734	24412	24563
A24424T A24432G T24469A	S:Q954H S:Q957R S:N969K	18	24867	0.000724	24412	24564
A24423G A24424T T24469A	S:Q954R S:Q954R S:N969K	18	24865	0.000724	24412	24564
A24253-T A24324-AT C24378T A24424T	NA NA S:S939F S:Q954H	18	1706	0.010551	24229	24424
A23848+T	NA	18	26360	0.000683	23767	23868
A23801G C23854A	S:T747A S:N764K	18	25326	0.000711	23767	23895
A23720-T	NA	18	56353	0.000319	23683	23724
A23515+G T23599G C23604G	NA S:N679* S:P681C	18	34951	0.000515	23487	23642
A23403G C23423T T23489C C23525T	S:D614G S:P621S S:F643L S:H655Y	18	15725	0.001145	23341	23537
A23403G C23423T A23493G C23525T	S:D614G S:P621S S:Q644R S:H655Y	18	15725	0.001145	23377	23539
A23403G C23423T A23436G C23525T	S:D614G S:P621S S:H625R S:H655Y	18	15725	0.001145	23335	23539
A23354G A23403G C23423T C23525T	S:I598V S:D614G S:P621S S:H655Y	18	15400	0.001169	23342	23532
A22294-C	NA	18	7484	0.002405	22260	22319
T25303C	S:C1247C	17	52110	0.000326	25299	25321
T25196-G C25207T T25219C C25262-T	NA S:Y1215Y S:G1219G NA	17	43863	0.000388	25145	25319
T25171-G A25176G C25207T	NA S:K1205R S:Y1215Y	17	43143	0.000394	25141	25325
T25161A C25207T	S:L1200H S:Y1215Y	17	42890	0.000396	25150	25325
T25159C C25207T C25262-T	S:D1199D S:Y1215Y NA	17	42468	0.0004	25135	25320
T24656C	S:C1032R	17	40277	0.000422	24547	24679
T24643C	S:T1027T	17	40348	0.000421	24615	24679
T24622C	S:A1020A	17	40327	0.000422	24477	24631
T24615C	S:I1018T	17	40297	0.000422	24612	24655
T24499+A	NA	17	62311	0.000273	24488	24507
T24472-G T24492-A	NA NA	17	58614	0.00029	24465	24679
T24469A T24664C	S:N969K S:L1034L	17	29764	0.000571	24465	24679
T24469A T24623C	S:N969K S:S1021P	17	30065	0.000565	24465	24679
T24469A T24523C	S:N969K S:V987V	17	55676	0.000305	24465	24564
T24469A T24487C	S:N969K S:S975S	17	56173	0.000303	24465	24564
T24469A G24608A	S:N969K S:A1016T	17	30116	0.000564	24465	24660
T24469A A24674G	S:N969K S:K1038E	17	29460	0.000577	24465	24679
T24469A A24673G	S:N969K S:S1037S	17	29491	0.000576	24465	24679
T24469A A24594G	S:N969K S:Q1011R	17	30169	0.000563	24465	24679
T24469A A24545G	S:N969K S:R995G	17	55428	0.000307	24465	24564
T24376-TC A24424T	NA S:Q954H	17	2423	0.007016	24366	24424
T23842C C23854A	S:C760C S:N764K	17	26091	0.000652	23802	23881
T23781C C23854A	S:M740T S:N764K	17	25040	0.000679	23755	23892
T23740C C23854A	S:I726I S:N764K	17	21463	0.000792	23683	23895
T23703-A C23887-A	NA NA	17	20279	0.000838	23683	23895
T23599G C23604G T23633+C	S:N679K S:P681R NA	17	67248	0.000253	23581	23642
T23599G C23604G G23624A	S:N679K S:P681R S:A688T	17	67866	0.00025	23580	23642
T23599G C23604G G23616A	S:N679K S:P681R S:R685H	17	67948	0.00025	23580	23642
T23599G C23604G C23634T	S:N679K S:P681R S:S691F	17	67226	0.000253	23580	23642
T23599G C23604G A23696-T	S:N679K S:P681R NA	17	31726	0.000536	23586	23707
T23596C T23599G C23604G	S:T678T S:N679K S:P681R	17	68008	0.00025	23585	23642
T23386C A23403G C23423T C23525T	S:V608V S:D614G S:P621S S:H655Y	17	15619	0.001088	23342	23539
T23341C A23403G C23423T C23525T	S:G593G S:D614G S:P621S S:H655Y	17	15066	0.001128	23335	23532
T21610C C21618T C21622T G21624C T21632-TACCCCCTG C21711T A21764-TACATG	S:V16V S:T19I S:T20T S:R21T S:DEL25/27 S:S50L S:DEL69/70	17	6571	0.002587	21597	21802
G25197A C25207T	S:W1212* S:Y1215Y	17	44272	0.000384	25188	25316
G25177-T C25207T C25262-T	NA S:Y1215Y NA	17	42983	0.000396	25122	25325
G25135+A A25194-AT G25197T C25207T C25262-T	NA NA S:W1212M S:Y1215V NA	17	41689	0.000408	25127	25280
G25126A C25207T	S:E1188E S:Y1215Y	17	40513	0.00042	25122	25325
G24558A	S:G999D	17	61911	0.000275	24508	24678
G23516A C23525T T23599G C23604G	S:G652R S:H655Y S:N679K S:P681R	17	34962	0.000486	23487	23633
G23504A C23525T T23599G C23604G	S:G648S S:H655Y S:N679K S:P681R	17	34803	0.000488	23487	23642
G21987A	S:G142D	17	16755	0.001015	21970	21993
G21941T G21987A T21990-TTA A22034G	S:V127F S:G142D S:DEL144 S:R158G	17	15830	0.001074	21847	22051
G21941T G21987A T21990-TTA A21999G T22032C C22033A A22034G	S:V127F S:G142D S:DEL144 S:H146R S:F157S S:F157S S:R158G	17	15830	0.001074	21847	22043
C25262-T G25364-T	NA NA	17	3902	0.004357	25254	25372
C25207T T25236C	S:Y1215Y S:I1225T	17	44336	0.000383	25135	25324
C25207T T25224C	S:Y1215Y S:I1221T	17	44373	0.000383	25195	25325
C25207T G25311A	S:Y1215Y S:C1250Y	17	43818	0.000388	25169	25325
C25207T G25213A	S:Y1215Y S:W1217*	17	44405	0.000383	25158	25317
C25207T C25239T	S:Y1215Y S:A1226V	17	44327	0.000384	25179	25325
C25207T C25227T C25262-T	S:Y1215Y S:A1222V NA	17	44238	0.000384	25122	25284
C25207T C25214T	S:Y1215Y S:L1218L	17	44402	0.000383	25177	25319
C24990T C25000T G25064T	S:P1143L S:D1146D S:D1168Y	17	5675	0.002996	24874	25069
C24852-A C24990T	NA S:P1143L	17	5567	0.003054	24850	25062
C24566A	S:Q1002K	17	36744	0.000463	24470	24598
C23887A A23888C	S:D775E S:K776Q	17	25883	0.000657	23879	23895
C23854A A23869G	S:N764K S:G769G	17	26094	0.000651	23835	23895
C23525T T23599G C23604G T23605C	S:H655Y S:N679K S:P681R S:P681R	17	34983	0.000486	23487	23641
C23525T T23599G C23604G G23616A	S:H655Y S:N679K S:P681R S:R685H	17	34962	0.000486	23487	23642
C23525T T23599G C23604G G23611A	S:H655Y S:N679K S:P681R S:R683R	17	34978	0.000486	23487	23642
C23525T T23599G C23604G C23630T	S:H655Y S:N679K S:P681R S:Q690*	17	34552	0.000492	23487	23642
C23525T T23542-G T23599G C23604G	S:H655Y NA S:N679K S:P681R	17	34987	0.000486	23488	23639
C23271T T23337-TG C23423T	S:A570V NA S:P621S	17	5163	0.003293	23269	23434
C21888-T G21941T G21987A T21990-TTA T22032C C22033A A22034G	NA S:V127F S:G142D S:DEL144 S:F157S S:F157S S:R158G	17	15551	0.001093	21848	22058
A25168G C25207T C25262-T	S:E1202E S:Y1215Y NA	17	42671	0.000398	25122	25325
A25134G C25207T	S:K1191R S:Y1215Y	17	42020	0.000405	25122	25325
A24567G	S:Q1002R	17	36739	0.000463	24540	24600
A24538G	S:Q992Q	17	62196	0.000273	24480	24564
A24424T T24469A T24501C	S:Q954H S:N969K S:I980T	17	24722	0.000688	24412	24564
A24424T T24469A T24480C	S:Q954H S:N969K S:I973T	17	24802	0.000685	24412	24564
A24424T T24469A A24560G	S:Q954H S:N969K S:R1000G	17	24248	0.000701	24412	24564
A24424T T24469A A24537G	S:Q954H S:N969K S:Q992R	17	24516	0.000693	24412	24564
A24424T T24469A A24498G	S:Q954H S:N969K S:D979G	17	24733	0.000687	24412	24564
A24424T T24447C T24469A	S:Q954H S:L962P S:N969K	17	24867	0.000684	24412	24529
A24424T C24536-A	S:Q954H NA	17	24522	0.000693	24412	24564
A24424T A24516G	S:Q954H S:D985G	17	24634	0.00069	24412	24564
A24420G A24424T T24469A	S:N953S S:Q954H S:N969K	17	24859	0.000684	24412	24564
A24324-AT C24378T A24424T	NA S:S939F S:Q954H	17	2284	0.007443	24233	24424
A23853-C G23948T	NA S:D796Y	17	2963	0.005737	23826	23978
A23800G C23854A	S:S746S S:N764K	17	25310	0.000672	23683	23881
A23777G C23854A	S:T739A S:N764K	17	25021	0.000679	23683	23895
A23767G C23854A	S:S735S S:N764K	17	21631	0.000786	23683	23895
A23736G C23854A	S:E725G S:N764K	17	21421	0.000794	23693	23873
A23712+G	NA	17	56700	0.0003	23702	23719
A23403G C23423T T23480C C23525T	S:D614G S:P621S S:S640P S:H655Y	17	15725	0.001081	23335	23539
A23403G C23423T T23437C C23525T	S:D614G S:P621S S:H625H S:H655Y	17	15725	0.001081	23374	23532
A23403G C23423T G23486-T	S:D614G S:P621S NA	17	16046	0.001059	23349	23516
A23403G C23423T A23524G C23525T	S:D614G S:P621S S:E654E S:H655Y	17	15725	0.001081	23342	23532
A23403G C23423T A23440G C23525T	S:D614G S:P621S S:A626A S:H655Y	17	15725	0.001081	23335	23539
A23362G A23403G C23423T C23525T	S:P600P S:D614G S:P621S S:H655Y	17	15437	0.001101	23335	23532
A22193-ATT T22200G C22208T C22227-T C22295A	S:DEL212 S:V213G S:L216F NA S:H245N	17	4947	0.003436	22100	22319
A21875-T G21941T T21990-TTA T22032C C22033A A22034G	NA S:V127F S:DEL144 S:F157S S:F157S S:R158G	17	15452	0.0011	21847	22058
T25468C	ORF3a:S26P	16	7244	0.002209	25381	25477
T25189C C25207T	S:Y1209Y S:Y1215Y	16	43936	0.000364	25130	25325
T25187C C25207T	S:Y1209H S:Y1215Y	16	43875	0.000365	25181	25325
T25171+G C25207T	NA S:Y1215V	16	43143	0.000371	25135	25323
T25152C C25207T C25262-T	S:L1197P S:Y1215Y NA	16	42356	0.000378	25122	25323
T24596C	S:L1012L	16	36427	0.000439	24486	24679
T24541C	S:I993I	16	62163	0.000257	24494	24547
T24523C	S:V987V	16	62243	0.000257	24493	24564
T24496C	S:N978N	16	62309	0.000257	24475	24679
T24469A T24656C	S:N969K S:C1032R	16	29904	0.000535	24465	24679
T24469A T24631C	S:N969K S:N1023N	16	30041	0.000533	24465	24679
T24469A T24549C	S:N969K S:L996S	16	55387	0.000289	24465	24671
T24469A T24513C	S:N969K S:L984P	16	55779	0.000287	24465	24564
T24469A G24611+A	S:N969K NA	16	30105	0.000531	24465	24670
T24469A G24515A	S:N969K S:D985N	16	55762	0.000287	24465	24679
T24469A G24476A	S:N969K S:A972T	16	56235	0.000285	24465	24564
T24469A C24536T	S:N969K S:Q992*	16	55527	0.000288	24465	24564
T24469A A24602G	S:N969K S:R1014G	16	30140	0.000531	24465	24679
T23693+A	NA	16	57227	0.00028	23686	23724
T23599G C23673T	S:N679K S:S704L	16	31942	0.000501	23580	23724
T23599G C23604G T23681-A	S:N679K S:P681R NA	16	31890	0.000502	23580	23690
T23599G C23604G C23709T	S:N679K S:P681R S:T716I	16	31027	0.000516	23580	23724
T23599G C23604G A23669G	S:N679K S:P681R S:N703D	16	31979	0.0005	23580	23705
T23599G C23603T C23604G	S:N679K S:P681C S:P681C	16	68016	0.000235	23580	23642
T23389C A23403G C23423T C23525T	S:A609A S:D614G S:P621S S:H655Y	16	15641	0.001023	23335	23539
T21976-C G21987A T21990-TTA T22032C C22033A A22034G	NA S:G142D S:DEL144 S:F157S S:F157S S:R158G	16	16452	0.000973	21961	22058
T21895C G21941T G21987A T21990-TTA T22032C C22033A A22034G	S:D111D S:V127F S:G142D S:DEL144 S:F157S S:F157S S:R158G	16	15586	0.001027	21867	22058
G24574A	S:L1004L	16	36668	0.000436	24504	24675
G21941T T21968C G21987A T21990-TTA T22032C C22033A A22034G	S:V127F S:C136R S:G142D S:DEL144 S:F157S S:F157S S:R158G	16	15830	0.001011	21847	22058
G21941T G21987A T21990-TTA T22032C C22033A A22034G T22043C	S:V127F S:G142D S:DEL144 S:F157S S:F157S S:R158G S:S161P	16	15824	0.001011	21847	22058
G21941T G21987A T21990-TTA T22032C	S:V127F S:G142D S:DEL144 S:F157S	16	15877	0.001008	21888	22043
G21941T G21987A T21990-TTA A22010G T22032C C22033A A22034G	S:V127F S:G142D S:DEL144 S:K150E S:F157S S:F157S S:R158G	16	15830	0.001011	21930	22058
G21941C G21987A T21990-TTA T22032C C22033A A22034G	S:V127L S:G142D S:DEL144 S:F157S S:F157S S:R158G	16	15830	0.001011	21847	22058
C25262-TT	NA	16	51258	0.000312	25251	25317
C25207T G25212A	S:Y1215Y S:W1217*	16	44407	0.00036	25166	25325
C25207T C25262-T T25307C	S:Y1215Y NA S:S1249P	16	43895	0.000365	25125	25325
C25207T C25262-T G25313A	S:Y1215Y NA S:G1251R	16	43798	0.000365	25122	25325
C25207T A25208-T C25262-T	S:Y1215Y NA NA	16	44238	0.000362	25122	25322
C24899-A	NA	16	8208	0.001949	24869	24912
C24734-A	NA	16	5787	0.002765	24724	24803
C24632+T	NA	16	40390	0.000396	24612	24656
C24536+A	NA	16	62196	0.000257	24470	24564
C24455-A	NA	16	25325	0.000632	24412	24562
C23854A T23857C	S:N764K S:R765R	16	26248	0.00061	23683	23873
C23854A G23885+A G23948T	S:N764K NA S:D796*	16	2963	0.0054	23842	23969
C23604G A23712+T	S:P681R NA	16	30958	0.000517	23580	23724
C23525T C23555T T23599G C23604G	S:H655Y S:P665S S:N679K S:P681R	16	34987	0.000457	23487	23642
C23399+T C23423T G23486-T C23525T	NA S:P621S NA S:H655S	16	15712	0.001018	23339	23539
C23393+T A23403G C23423T C23525T	NA S:D614G S:P621S S:H655S	16	15663	0.001022	23335	23539
C21618T C21622T G21624C T21632-TACCCCCTG C21711T A21766-CATGTC	S:T19I S:T20T S:R21T S:DEL25/27 S:S50L S:DEL69/70	16	6559	0.002439	21597	21802
A25185G C25207T	S:Q1208R S:Y1215Y	16	43818	0.000365	25138	25325
A25182G C25207T C25262-T	S:E1207G S:Y1215Y NA	16	43362	0.000369	25130	25325
A25137+T T25196-G C25207T C25262-T	NA NA S:Y1215V NA	16	41808	0.000383	25122	25290
A25137+T C25207T	NA S:Y1215V	16	42176	0.000379	25130	25226
A24922+T C24990T C25000T	NA S:P1143I S:D1146S	16	5776	0.00277	24850	25069
A24647G	S:M1029V	16	40351	0.000397	24636	24679
A24629G	S:N1023D	16	40381	0.000396	24612	24675
A24493T C24536-A	S:L977F NA	16	61459	0.00026	24490	24679
A24484G	S:S974S	16	61763	0.000259	24478	24564
A24424T T24469A A24538G	S:Q954H S:N969K S:Q992Q	16	24513	0.000653	24412	24564
A24424T T24437C T24469A	S:Q954H S:L959L S:N969K	16	24867	0.000643	24412	24564
A24423+T T24469A	NA S:N969Q	16	24865	0.000643	24412	24564
A23784G C23854A	S:Y741C S:N764K	16	25073	0.000638	23689	23887
A23598+G C23604G	NA S:P681C	16	68010	0.000235	23580	23625
A23515G C23525T T23599G C23604G	S:I651M S:H655Y S:N679K S:P681R	16	34951	0.000458	23487	23637
A23515+G C23525T	NA S:H655S	16	52683	0.000304	23487	23538
A23403G T23411C C23423T C23525T	S:D614G S:C617R S:P621S S:H655Y	16	15725	0.001017	23345	23537
A23403G T23404C C23423T C23525T	S:D614G S:D614G S:P621S S:H655Y	16	15725	0.001017	23335	23539
A23403G C23423T T23509C C23525T	S:D614G S:P621S S:C649C S:H655Y	16	15725	0.001017	23342	23538
A23403G C23423T T23507C C23525T	S:D614G S:P621S S:C649R S:H655Y	16	15725	0.001017	23376	23539
A23403G C23423T C23525T A23531G	S:D614G S:P621S S:H655Y S:N657D	16	15646	0.001023	23335	23537
A22193-ATT T22200G T22207-C C22295A	S:DEL212 S:V213G NA S:H245N	16	4947	0.003234	22162	22319
A22110+G	NA	16	5249	0.003048	22100	22124
A21875-T G21941T A21979-T G21987A T21990-TTA C22000-A T22032C C22033A A22034G	NA S:V127F NA S:G142D S:DEL144 NA S:F157S S:F157S S:R158G	16	15452	0.001035	21847	22058
T25306C	S:C1248C	15	52237	0.000287	25271	25325
T25288C	S:S1242S	15	51903	0.000289	25266	25325
T25265C	S:C1235R	15	51420	0.000292	25251	25324
T25258C	S:I1232I	15	51100	0.000294	25251	25325
T25152C	S:L1197P	15	43968	0.000341	25122	25155
T25148+A C25207T	NA S:Y1215V	15	42607	0.000352	25130	25325
T24571C	S:S1003S	15	36666	0.000409	24488	24679
T24513C	S:L984P	15	62249	0.000241	24483	24564
T24482C	S:S974P	15	61675	0.000243	24473	24499
T24469A T24648C	S:N969K S:M1029T	15	29955	0.000501	24465	24676
T24469A T24501C	S:N969K S:I980T	15	55980	0.000268	24465	24564
T24469A G24635A	S:N969K S:A1025T	15	30014	0.0005	24465	24679
T24469A A24582G	S:N969K S:Y1007C	15	30238	0.000496	24465	24679
T23819C C23854A	S:L753L S:N764K	15	25570	0.000587	23795	23892
T23776C C23854A	S:C738C S:N764K	15	25013	0.0006	23683	23894
T23599G C23604G T23721C	S:N679K S:P681R S:I720T	15	30630	0.00049	23580	23724
T23599G C23604G T23671C	S:N679K S:P681R S:N703N	15	31965	0.000469	23580	23724
T23599G C23604G G23619A	S:N679K S:P681R S:S686N	15	67926	0.000221	23580	23638
T23599G C23604G C23705T	S:N679K S:P681R S:P715S	15	31287	0.000479	23580	23724
T23599G C23604G A23648T	S:N679K S:P681R S:T696S	15	32125	0.000467	23580	23700
T23511+A	NA	15	52856	0.000284	23487	23520
T23391C A23403G C23423T C23525T	S:V610A S:D614G S:P621S S:H655Y	15	15651	0.000958	23335	23539
T23278-A	NA	15	12511	0.001199	23212	23290
T22165+A A22193-ATT T22200G C22208T C22295A	NA S:DEL212 S:V213S S:L216S S:H245T	15	4849	0.003093	22112	22305
T21609+CATGCCGCTGTT C21618T C21622T G21624C T21632-TACCCCCTG C21711T C21732-T A21764-TACATG	S:INS17HAAV S:T19F S:T20F S:R21T S:DEL25/27 S:S50L NA S:DEL69/70	15	6571	0.002283	21597	21802
G25340-A	NA	15	4834	0.003103	25268	25359
G25278-T A25327G	NA S:K1255K	15	4680	0.003205	25273	25337
G24816-A	NA	15	2174	0.0069	24728	24898
G24638A	S:A1026T	15	40379	0.000371	24612	24679
G24611+A C24672-A	NA NA	15	35693	0.00042	24474	24679
G23885+A	NA	15	25992	0.000577	23868	23895
G23222A G23262A C23271T	S:E554K S:R567K S:A570V	15	6578	0.00228	23156	23277
G22030-T	NA	15	17512	0.000857	22001	22058
G21941T T21990-TTA	S:V127F S:DEL144	15	16110	0.000931	21912	22009
G21941T G21987A T21990-TTA T22032C C22033A A22034G T22038C	S:V127F S:G142D S:DEL144 S:F157S S:F157S S:R158G S:V159A	15	15824	0.000948	21909	22058
G21941T G21987A T21990-TTA A22034+G	S:V127F S:G142D S:DEL144 NA	15	15830	0.000948	21925	22058
G21941T G21987A T21990-TTA A22024G T22032C C22033A A22034G	S:V127F S:G142D S:DEL144 S:E154E S:F157S S:F157S S:R158G	15	15830	0.000948	21914	22058
C25207T T25260C C25262-T	S:Y1215Y S:M1233T NA	15	44238	0.000339	25122	25322
C25207T C25262-T T25289C	S:Y1215Y NA S:C1243R	15	44083	0.00034	25122	25316
C25156T C25207T	S:I1198I S:Y1215Y	15	42797	0.00035	25130	25316
C25151T C25207T	S:L1197F S:Y1215Y	15	42696	0.000351	25123	25325
C24981-T C24990T C25000T G25052+T	NA S:P1143L S:D1146D NA	15	5741	0.002613	24850	25062
C24784+T	NA	15	6053	0.002478	24725	24799
C24512+T	NA	15	62248	0.000241	24495	24524
C24466+A C24672-A	NA NA	15	29248	0.000513	24465	24679
C23854A A23864G	S:N764K S:T768A	15	26168	0.000573	23842	23876
C23700T C23854A	S:A713V S:N764K	15	21089	0.000711	23683	23895
C23591T T23599G C23604G	S:Q677* S:N679K S:P681R	15	67903	0.000221	23581	23640
C23525T T23599G C23604G C23635T	S:H655Y S:N679K S:P681R S:S691S	15	34351	0.000437	23487	23642
C23525T T23599G C23603T C23604G	S:H655Y S:N679K S:P681C S:P681C	15	34987	0.000429	23487	23642
C23525T G23562A T23599G C23604G	S:H655Y S:G667D S:N679K S:P681R	15	34987	0.000429	23487	23641
C23525T G23547A T23599G C23604G	S:H655Y S:C662Y S:N679K S:P681R	15	34987	0.000429	23487	23624
C23525T C23604A	S:H655Y S:P681H	15	34987	0.000429	23487	23625
C23423T T23437C C23525T	S:P621S S:H625H S:H655Y	15	15894	0.000944	23416	23532
C23423T G23486+T C23525T	S:P621S NA S:H655S	15	15894	0.000944	23336	23539
C23334-T	NA	15	6000	0.0025	23282	23359
C22120-A A22161-T A22193-ATT T22200G C22208T C22295A	NA NA S:DEL212 S:V213G S:L216F S:H245N	15	4699	0.003192	22112	22309
A25472-T	NA	15	7216	0.002079	25382	25477
A25325G	Unknown	15	51451	0.000292	25303	25325
A25176G C25207T C25262-T	S:K1205R S:Y1215Y NA	15	42935	0.000349	25122	25325
A25167G C25207T	S:E1202G S:Y1215Y	15	43011	0.000349	25123	25325
A24885+T C24990T C25000T	NA S:P1143I S:D1146S	15	5700	0.002632	24874	25068
A24670G	S:Q1036Q	15	39940	0.000376	24612	24679
A24661G	S:V1033V	15	40218	0.000373	24612	24665
A24610G	S:A1016A	15	36398	0.000412	24490	24676
A24424T T24548C	S:Q954H S:L996L	15	24461	0.000613	24412	24564
A24424T T24511C	S:Q954H S:R983R	15	24661	0.000608	24414	24564
A24424T T24472-G	S:Q954H NA	15	24828	0.000604	24412	24564
A24424T T24469A T24549C	S:Q954H S:N969K S:L996S	15	24456	0.000613	24412	24564
A24424T T24469A T24548C	S:Q954H S:N969K S:L996L	15	24461	0.000613	24412	24564
A24424T T24469A T24534C	S:Q954H S:N969K S:V991A	15	24536	0.000611	24412	24564
A24424T T24469A T24492+A	S:Q954H S:N969K NA	15	24756	0.000606	24414	24564
A24424T T24469A G24476A	S:Q954H S:N969K S:A972T	15	24821	0.000604	24412	24554
A24424T T24469A C24528T	S:Q954H S:N969K S:A989V	15	24564	0.000611	24412	24564
A24424T T24438+A T24451+A	S:Q954H NA NA	15	25024	0.000599	24412	24475
A24424T C24435-T T24469A	S:Q954H NA S:N969K	15	24867	0.000603	24412	24564
A24424T A24539+T	S:Q954H NA	15	24511	0.000612	24412	24563
A24424T A24468-T T24470A	S:Q954H NA S:F970I	15	24828	0.000604	24412	24563
A24424T A24456G T24469A	S:Q954H S:Q965R S:N969K	15	24867	0.000603	24412	24564
A23780G C23854A	S:M740V S:N764K	15	25038	0.000599	23718	23895
A23708G	S:T716A	15	56907	0.000264	23683	23724
A23696-T	NA	15	57323	0.000262	23683	23719
A23627-G	NA	15	68454	0.000219	23618	23642
A23503T C23525T T23599G C23604G	S:A647A S:H655Y S:N679K S:P681R	15	34793	0.000431	23487	23613
A23493T C23525T T23599G C23604G	S:Q644L S:H655Y S:N679K S:P681R	15	34577	0.000434	23491	23641
A23403G T23406C C23423T C23525T	S:D614G S:V615A S:P621S S:H655Y	15	15725	0.000954	23335	23539
A23403G C23423T G23429A C23525T	S:D614G S:P621S S:A623T S:H655Y	15	15725	0.000954	23340	23539
A23403G C23423T C23525T T23527C	S:D614G S:P621S S:H655Y S:H655Y	15	15700	0.000955	23377	23539
A23403G C23423T A23442G C23525T	S:D614G S:P621S S:D627G S:H655Y	15	15725	0.000954	23343	23532
A23370G A23403G C23423T C23525T	S:N603S S:D614G S:P621S S:H655Y	15	15495	0.000968	23335	23539
A23359G A23403G C23423T C23525T	S:T599T S:D614G S:P621S S:H655Y	15	15430	0.000972	23335	23539
A23359-C A23403G C23423T C23525T	NA S:D614G S:P621S S:H655Y	15	15430	0.000972	23337	23539
A21875-T G21941T G21987A T21990-TTA T22032C C22033A	NA S:V127F S:G142D S:DEL144 S:F157S S:F157S	15	15452	0.000971	21847	22054
A21875-T G21941T G21987A T21990-TTA C22000-A T22032C C22033A A22034G	NA S:V127F S:G142D S:DEL144 NA S:F157S S:F157S S:R158G	15	15452	0.000971	21849	22058
T25289C	S:C1243R	14	51908	0.00027	25260	25325
T24581C	S:Y1007H	14	36502	0.000384	24506	24661
T24573C	S:L1004S	14	36673	0.000382	24547	24675
T24572C	S:L1004L	14	36677	0.000382	24479	24591
T24564C	S:L1001P	14	61811	0.000226	24484	24564
T24491C	S:L977L	14	62287	0.000225	24479	24513
T24490C	S:V976V	14	62271	0.000225	24473	24505
T24475C	S:G971G	14	60371	0.000232	24470	24554
T24469A T24628-A	S:N969K NA	14	30050	0.000466	24465	24678
T24469A T24565C	S:N969K S:L1001L	14	54932	0.000255	24465	24679
T24469A T24544C	S:N969K S:D994D	14	55432	0.000253	24465	24564
T24469A T24496C	S:N969K S:N978N	14	56086	0.00025	24465	24564
T24469A G24521+T	S:N969K NA	14	55690	0.000251	24465	24564
T24469A G24474A	S:N969K S:G971D	14	56240	0.000249	24465	24564
T24469A C24566A	S:N969K S:Q1002K	14	30488	0.000459	24465	24666
T24469A C24559T	S:N969K S:G999G	14	55140	0.000254	24465	24678
T24469A A24641G	S:N969K S:T1027A	14	29979	0.000467	24465	24679
T24469A A24537G	S:N969K S:Q992R	14	55514	0.000252	24465	24564
T23765C C23854A	S:S735P S:N764K	14	21619	0.000648	23683	23895
T23748C C23854A	S:V729A S:N764K	14	21547	0.00065	23704	23895
T23716-A	NA	14	56647	0.000247	23702	23724
T23693C C23854A	S:S711P S:N764K	14	20898	0.00067	23683	23895
T23599G T23659C	S:N679K S:L699L	14	32034	0.000437	23580	23691
T23599G C23604G C23685T	S:N679K S:P681R S:S708F	14	31860	0.000439	23580	23724
T21609+CATGCCGCTGTT C21618T C21622T G21624C T21632-TACCCCCTG G21686-T A21764-TACATG	S:INS17HAAV S:T19F S:T20F S:R21T S:DEL25/27 NA S:DEL69/70	14	6571	0.002131	21597	21802
G25323A	S:C1254Y	14	51806	0.00027	25307	25325
G25305-T	NA	14	52203	0.000268	25295	25323
G25284-T	NA	14	51860	0.00027	25275	25325
G25157A C25207T	S:D1199N S:Y1215Y	14	42808	0.000327	25122	25325
G24757T	S:V1065V	14	5922	0.002364	24720	24806
G24547A C24672-A	S:R995R NA	14	35497	0.000394	24471	24679
G23761-A	NA	14	23311	0.000601	23686	23774
G23699+C	NA	14	57331	0.000244	23684	23708
G23222A C23230-AA C23271T C23277T	S:E554K NA S:A570V S:T572I	14	6518	0.002148	23215	23290
G22813T	S:K417N	14	193	0.072539	22795	22821
G21987A T21990-TTA C22009-A T22032C C22033A A22034G	S:G142D S:DEL144 NA S:F157S S:F157S S:R158G	14	16456	0.000851	21847	22058
G21941T G21987A T21990-TTA A22025G T22032C C22033A A22034G	S:V127F S:G142D S:DEL144 S:S155G S:F157S S:F157S S:R158G	14	15830	0.000884	21892	22058
C25546+T	NA	14	2686	0.005212	25372	25560
C25207T T25285C	S:Y1215Y S:C1241C	14	44114	0.000317	25162	25325
C25207T G25298A	S:Y1215Y S:G1246S	14	43970	0.000318	25187	25325
C25207T G25269A	S:Y1215Y S:C1236Y	14	44197	0.000317	25202	25323
C25207T C25324T	S:Y1215Y S:C1254C	14	43158	0.000324	25122	25325
C25207T C25262-T T25312C	S:Y1215Y NA S:C1250C	14	43805	0.00032	25123	25325
C25207T A25253G C25262-T	S:Y1215Y S:T1231A NA	14	44238	0.000316	25122	25281
C25207T A25223G	S:Y1215Y S:I1221V	14	44382	0.000315	25178	25325
C25207T A25216G	S:Y1215Y S:L1218L	14	44393	0.000315	25122	25325
C25169-T C25207T C25262-T	NA S:Y1215Y NA	14	42700	0.000328	25122	25279
C24503-T C24672-A	NA NA	14	35157	0.000398	24471	24679
C24320-A C24378T A24424T	NA S:S939F S:Q954H	14	2276	0.006151	24239	24424
C23707+G	NA	14	56980	0.000246	23700	23718
C23706T G23835+T	S:P715L NA	14	21536	0.00065	23683	23853
C23604G A23665G	S:P681R S:A701A	14	32049	0.000437	23580	23724
C23525T G23593A T23599G C23604G	S:H655Y S:Q677Q S:N679K S:P681R	14	34987	0.0004	23487	23624
C23525T G23574A T23599G C23604G	S:H655Y S:C671Y S:N679K S:P681R	14	34987	0.0004	23487	23641
C23525T G23561A T23599G C23604G	S:H655Y S:G667S S:N679K S:P681R	14	34987	0.0004	23487	23624
C23525T C23557-A T23599G C23604G	S:H655Y NA S:N679K S:P681R	14	34987	0.0004	23487	23638
C23525T C23551T T23599G C23604G	S:H655Y S:D663D S:N679K S:P681R	14	34987	0.0004	23487	23642
C23525T A23558G T23599G C23604G	S:H655Y S:I666V S:N679K S:P681R	14	34987	0.0004	23487	23634
C23520T C23525T T23599G C23604G	S:A653V S:H655Y S:N679K S:P681R	14	34981	0.0004	23487	23634
C23492T C23525T T23599G C23604G	S:Q644* S:H655Y S:N679K S:P681R	14	34506	0.000406	23486	23624
C23271T C23277T C23423T	S:A570V S:T572I S:P621S	14	5163	0.002712	23269	23435
C22295A G22299-A	S:H245N NA	14	7433	0.001883	22281	22319
C21888-T T21940-G G21987A T21990-TTA C22000-A T22032C C22033A A22034G	NA NA S:G142D S:DEL144 NA S:F157S S:F157S S:R158G	14	15551	0.0009	21848	22058
C21618T T21632-TACCCCCTG C21711T A21764-TACATG	S:T19I S:DEL25/27 S:S50L S:DEL69/70	14	6572	0.00213	21597	21802
C21618T C21622T G21624C T21632-TACCCCCTG C21711T C21781-A	S:T19I S:T20T S:R21T S:DEL25/27 S:S50L NA	14	6536	0.002142	21597	21802
C21618T C21622T G21624C	S:T19I S:T20T S:R21T	14	6893	0.002031	21597	21664
A25425G	ORF3a:G11G	14	7835	0.001787	25381	25477
A25315G	S:G1251G	14	52279	0.000268	25284	25325
A25286G	S:S1242G	14	51890	0.00027	25251	25325
A25195G	S:K1211K	14	44577	0.000314	25148	25200
A25194-AT G25197T C25262-T	NA S:W1212L NA	14	43785	0.00032	25122	25322
A25147G C25207T C25262-T	S:E1195E S:Y1215Y NA	14	42221	0.000332	25122	25325
A25146G	S:E1195G	14	43858	0.000319	25130	25325
A25137+T C25262-T	NA NA	14	41808	0.000335	25122	25320
A24922-T C24990T C25000T	NA S:P1143L S:D1146D	14	5776	0.002424	24850	25052
A24782G	S:N1074D	14	6049	0.002314	24737	24806
A24598G	S:L1012L	14	36422	0.000384	24489	24679
A24569G	S:S1003G	14	36682	0.000382	24484	24661
A24545G	S:R995G	14	62153	0.000225	24504	24564
A24495G	S:N978S	14	62278	0.000225	24486	24532
A24424T T24469A T24487C	S:Q954H S:N969K S:S975S	14	24770	0.000565	24412	24564
A24424T T24469A T24472-G C24536-A	S:Q954H S:N969K NA NA	14	24522	0.000571	24412	24564
A24424T T24469A C24536T	S:Q954H S:N969K S:Q992*	14	24522	0.000571	24412	24564
A24424T T24469A C24477T	S:Q954H S:N969K S:A972V	14	24816	0.000564	24413	24564
A24424T T24469A A24545G	S:Q954H S:N969K S:R995G	14	24477	0.000572	24419	24564
A24424T T24469A A24539+T	S:Q954H S:N969K NA	14	24511	0.000571	24412	24554
A24424T T24469A A24500G	S:Q954H S:N969K S:I980V	14	24726	0.000566	24412	24564
A24424T A24467C	S:Q954H Unknown	14	24881	0.000563	24412	24468
A24424T A24457G	S:Q954H S:Q965Q	14	24955	0.000561	24412	24564
A24324-AT C24378T	NA S:S939F	14	2517	0.005562	24229	24405
A24318-C C24378T A24424T	NA S:S939F S:Q954H	14	2267	0.006176	24286	24424
A24253-T C24320-A C24378T A24424T	NA NA S:S939F S:Q954H	14	1706	0.008206	24229	24424
A24253-T A24324-AT	NA NA	14	3376	0.004147	24229	24336
A23827G C23854A	S:Q755Q S:N764K	14	25751	0.000544	23743	23892
A23772G C23854A	S:D737G S:N764K	14	24958	0.000561	23767	23895
A23738+T	NA	14	23473	0.000596	23683	23749
A23712+T G23835+T C23887-A	NA NA NA	14	20346	0.000688	23683	23895
A23403G T23421C C23423T C23525T	S:D614G S:V620A S:P621S S:H655Y	14	15725	0.00089	23335	23532
A23403G C23423T C23525T A23532G	S:D614G S:P621S S:H655Y S:N657S	14	15641	0.000895	23355	23539
A23403G C23423T C23525T A23526G	S:D614G S:P621S S:H655C S:H655C	14	15700	0.000892	23335	23539
A23403G C23423T A23513G C23525T	S:D614G S:P621S S:I651V S:H655Y	14	15725	0.00089	23377	23539
A23403G C23423T A23445G C23525T	S:D614G S:P621S S:Q628R S:H655Y	14	15725	0.00089	23335	23539
A22034+G	NA	14	17440	0.000803	22022	22056
T25309C	S:S1249S	13	52257	0.000249	25251	25325
T25293-C	NA	13	51962	0.00025	25273	25325
T25264C	S:L1234L	13	51378	0.000253	25251	25288
T25155-C C25207T	NA S:Y1215Y	13	42782	0.000304	25139	25325
T24671C	S:S1037P	13	39900	0.000326	24631	24679
T24658C C24672-A	S:C1032C NA	13	39794	0.000327	24612	24679
T24469A T24522C	S:N969K S:V987A	13	55682	0.000233	24465	24558
T24469A T24472-G A24493T	S:N969K NA S:L977F	13	56118	0.000232	24465	24564
T24469A G24515-A	S:N969K NA	13	55762	0.000233	24465	24529
T24469A G24473A	S:N969K S:G971S	13	56242	0.000231	24465	24679
T24469A C24632-T	S:N969K NA	13	30035	0.000433	24465	24679
T24469A C24517-A	S:N969K NA	13	55743	0.000233	24465	24564
T24469A A24676G	S:N969K S:K1038K	13	29416	0.000442	24465	24679
T24469A A24652T	S:N969K S:S1030S	13	29926	0.000434	24465	24679
T24469A A24647G	S:N969K S:M1029V	13	29961	0.000434	24465	24679
T24469A A24599G	S:N969K S:I1013V	13	30154	0.000431	24465	24632
T24469A A24484G	S:N969K S:S974S	13	56194	0.000231	24465	24679
T24417C A24424T	S:V952A S:Q954H	13	27605	0.000471	24412	24564
T23836C C23854A	S:S758S S:N764K	13	25949	0.000501	23699	23881
T23818C C23854A	S:L752L S:N764K	13	25548	0.000509	23683	23895
T23791C C23854A	S:C743C S:N764K	13	25140	0.000517	23683	23895
T23783C C23854A	S:Y741H S:N764K	13	25069	0.000519	23767	23895
T23698C	S:I712I	13	57323	0.000227	23683	23707
T23599G C23604G G23660A	S:N679K S:P681R S:G700S	13	32028	0.000406	23580	23693
T23599G C23604G C23638T	S:N679K S:P681R S:I692I	13	66948	0.000194	23580	23642
T23599G C23604G A23627-G	S:N679K S:P681R NA	13	67457	0.000193	23592	23639
T23143-A G23222A C23230-A C23271T	NA S:E554K NA S:A570V	13	6362	0.002043	23105	23290
T21872C G21941T G21987A T21990-TTA T22032C C22033A A22034G	S:W104R S:V127F S:G142D S:DEL144 S:F157S S:F157S S:R158G	13	15443	0.000842	21848	22058
T21632-TACCCCCTG C21711T A21764-TACATG	S:DEL25/27 S:S50L S:DEL69/70	13	6572	0.001978	21597	21800
T21609+CATGCCGCTGTT C21622T G21624C T21632-TACCCCCTG C21711T A21764-TACATG	S:INS17HAAV S:T20F S:R21T S:DEL25/27 S:S50L S:DEL69/70	13	6571	0.001978	21597	21802
T21609+CATGCCGCTGTT C21618T C21622T G21624C T21632-TACCCCCTG T21705C C21711T A21764-TACATG	S:INS17HAAV S:T19F S:T20F S:R21T S:DEL25/27 S:L48T S:S50L S:DEL69/70	13	6571	0.001978	21597	21802
G25204A C25207T	S:W1214* S:Y1215Y	13	44608	0.000291	25122	25325
G24515A	S:D985N	13	62245	0.000209	24481	24679
G23735+A T23850+A	NA NA	13	21476	0.000605	23683	23866
G23508+T C23525T	NA S:H655S	13	52559	0.000247	23486	23529
G23508+T	NA	13	52799	0.000246	23487	23519
G23384-T A23403G C23423T	NA S:D614G S:P621S	13	23468	0.000554	23351	23443
G23343A A23403G C23423T C23525T	S:G594D S:D614G S:P621S S:H655Y	13	15187	0.000856	23335	23532
G23132+T G23222A C23271T	NA S:E554R S:A570F	13	6348	0.002048	23089	23290
G22317T	S:G252V	13	7382	0.001761	22271	22319
G21987A T21990-TTA C22000-A C22009-A T22032C C22033A A22034G	S:G142D S:DEL144 NA NA S:F157S S:F157S S:R158G	13	16456	0.00079	21847	22058
G21941T T21951C G21987A T21990-TTA T22032C C22033A A22034G	S:V127F S:V130A S:G142D S:DEL144 S:F157S S:F157S S:R158G	13	15830	0.000821	21867	22058
G21941T G21987A T21990-TTA A22029G T22032C C22033A A22034G	S:V127F S:G142D S:DEL144 S:E156G S:F157S S:F157S S:R158G	13	15830	0.000821	21847	22058
C25452-A	NA	13	7441	0.001747	25381	25477
C25207T T25319A	S:Y1215Y S:C1253S	13	43613	0.000298	25178	25325
C25207T G25302A	S:Y1215Y S:C1247Y	13	43932	0.000296	25190	25325
C25207T G25278-T	S:Y1215Y NA	13	44164	0.000294	25177	25317
C25207T C25262-T G25323A	S:Y1215Y NA S:C1254Y	13	43300	0.0003	25122	25325
C25207T C25240T	S:Y1215Y S:A1226A	13	44320	0.000293	25131	25317
C25207T A25325G	S:Y1215Y Unknown	13	42985	0.000302	25199	25325
C25207T A25315+G	S:Y1215Y NA	13	43777	0.000297	25130	25325
C25207T A25256+T C25262-T	S:Y1215Y NA NA	13	44238	0.000294	25135	25322
C25207T A25208G	S:Y1215Y S:I1216V	13	44572	0.000292	25187	25324
C25132T C25207T	S:A1190A S:Y1215Y	13	41943	0.00031	25128	25325
C25132+A	NA	13	43266	0.0003	25125	25158
C24672-AA	NA	13	39854	0.000326	24612	24679
C24559T	S:G999G	13	61908	0.00021	24473	24564
C24477+A	NA	13	61035	0.000213	24470	24496
C24418+A A24424T	NA S:Q954P	13	27637	0.00047	24412	24449
C24130T	S:N856N	13	3264	0.003983	24105	24191
C23854A T23877C	S:N764K S:V772A	13	25829	0.000503	23835	23895
C23854A C23855T	S:N764K S:R765C	13	26263	0.000495	23684	23895
C23854A A23890G	S:N764K S:K776K	13	25304	0.000514	23729	23892
C23833T C23854A	S:G757G S:N764K	13	25833	0.000503	23683	23895
C23816-T C23887-A	NA NA	13	24606	0.000528	23767	23895
C23809T C23854A	S:C749C S:N764K	13	25430	0.000511	23767	23895
C23778-A C23887-A	NA NA	13	24118	0.000539	23683	23895
C23731T C23887-A	S:T723T NA	13	20517	0.000634	23683	23895
C23730T C23854A	S:T723I S:N764K	13	21357	0.000609	23699	23895
C23525T T23599G C23604G T23640C	S:H655Y S:N679K S:P681R S:I693T	13	33691	0.000386	23487	23642
C23525T T23596-A T23599G C23604G	S:H655Y NA S:N679K S:P681R	13	34987	0.000372	23492	23637
C23525T C23533T T23599G C23604G	S:H655Y S:N657N S:N679K S:P681R	13	34987	0.000372	23487	23637
C23525T A23598+G C23604G	S:H655Y NA S:P681C	13	34987	0.000372	23519	23624
C23423T G23522-A C23525T	S:P621S NA S:H655Y	13	15894	0.000818	23407	23535
C23423T G23508+T C23525T	S:P621S NA S:H655S	13	15894	0.000818	23336	23533
C23367-A C23423T	NA S:P621S	13	23313	0.000558	23345	23435
C23367+A A23403G C23423T	NA S:D614G S:P621S	13	23313	0.000558	23342	23435
C23277T A23403G C23423T	S:T572I S:D614G S:P621S	13	5492	0.002367	23271	23443
C23271T T23394C A23403G C23423T	S:A570V S:L611P S:D614G S:P621S	13	5163	0.002518	23269	23443
C22353A	S:A264D	13	452	0.028761	22338	22366
C21711T T21738C A21764-TACATG	S:S50L S:F59S S:DEL69/70	13	7782	0.001671	21641	21802
C21618T C21622T G21624C T21632-TACCCCCTG G21701-T A21764-TACATG	S:T19I S:T20T S:R21T S:DEL25/27 NA S:DEL69/70	13	6572	0.001978	21597	21802
A25295G	S:K1245E	13	51967	0.00025	25272	25325
A25253G	S:T1231A	13	51001	0.000255	25251	25325
A25185-G C25207T	NA S:Y1215Y	13	43818	0.000297	25122	25325
A25137-T C25207T C25262-T	NA S:Y1215Y NA	13	41808	0.000311	25130	25307
A25125G C25207T C25262-T	S:E1188G S:Y1215Y NA	13	40145	0.000324	25122	25325
A24922+T	NA	13	8175	0.00159	24850	24943
A24885-T C24981-T C24990T C25000T	NA NA S:P1143L S:D1146D	13	5700	0.002281	24850	25059
A24780G	S:K1073R	13	6047	0.00215	24738	24805
A24652T	S:S1030S	13	40309	0.000323	24549	24676
A24646G	S:K1028K	13	40351	0.000322	24612	24676
A24599G	S:I1013V	13	36422	0.000357	24473	24676
A24595+T	NA	13	36428	0.000357	24473	24622
A24518T	S:K986*	13	62249	0.000209	24479	24586
A24500+T	NA	13	62305	0.000209	24474	24514
A24424T T24514C	S:Q954H S:L984L	13	24648	0.000527	24413	24564
A24424T T24489C	S:Q954H S:V976A	13	24766	0.000525	24412	24564
A24424T T24469A T24544C	S:Q954H S:N969K S:D994D	13	24479	0.000531	24415	24554
A24424T T24469A T24475C	S:Q954H S:N969K S:G971G	13	24825	0.000524	24412	24552
A24424T T24469A G24546A	S:Q954H S:N969K S:R995K	13	24468	0.000531	24412	24564
A24424T T24469A A24531G	S:Q954H S:N969K S:E990G	13	24552	0.000529	24412	24564
A24424T T24469A A24479G	S:Q954H S:N969K S:I973V	13	24804	0.000524	24412	24564
A24424T C24463T	S:Q954H S:S967S	13	24911	0.000522	24412	24564
A24424T C24455-A	S:Q954H NA	13	24987	0.00052	24412	24491
A24424T C24431+A	S:Q954H NA	13	25156	0.000517	24412	24450
A24424T A24520G	S:Q954H S:K986K	13	24617	0.000528	24412	24564
A24424T A24457G T24469A	S:Q954H S:Q965Q S:N969K	13	24867	0.000523	24412	24495
A23829G C23854A	S:Y756C S:N764K	13	25779	0.000504	23683	23881
A23786G C23854A	S:I742V S:N764K	13	25081	0.000518	23683	23881
A23743G C23854A	S:L727L S:N764K	13	21508	0.000604	23683	23895
A23720G C23854A	S:I720V S:N764K	13	21253	0.000612	23683	23895
A23712+T G23735+A	NA NA	13	23249	0.000559	23683	23754
A23656+T	NA	13	33360	0.00039	23649	23712
A23403G T23434-C C23525T	S:D614G NA S:H655Y	13	15725	0.000827	23335	23529
A23403G C23423T T23487G C23525T	S:D614G S:P621S S:V642G S:H655Y	13	15725	0.000827	23339	23539
A23403G C23423T T23479C C23525T	S:D614G S:P621S S:G639G S:H655Y	13	15725	0.000827	23335	23539
A23403G C23423T T23471C C23525T	S:D614G S:P621S S:S637P S:H655Y	13	15725	0.000827	23342	23532
A23403G C23423T T23466C C23525T	S:D614G S:P621S S:V635A S:H655Y	13	15725	0.000827	23388	23539
A23403G C23423T T23434C C23525T	S:D614G S:P621S S:I624I S:H655Y	13	15725	0.000827	23335	23535
A23403G C23423T T23428C C23525T	S:D614G S:P621S S:V622V S:H655Y	13	15725	0.000827	23335	23539
A23403G C23423T C23496T C23525T	S:D614G S:P621S S:T645I S:H655Y	13	15725	0.000827	23335	23539
A23403G C23423T A23495+T C23525T	S:D614G S:P621S NA S:H655S	13	15725	0.000827	23342	23539
A23403G C23423T A23474+T C23525T	S:D614G S:P621S NA S:H655S	13	15725	0.000827	23335	23538
A23403G C23423T A23446G C23525T	S:D614G S:P621S S:Q628Q S:H655Y	13	15725	0.000827	23388	23539
A23403G A23408G C23423T C23525T	S:D614G S:N616D S:P621S S:H655Y	13	15725	0.000827	23335	23535
A21858G G21941T G21987A T21990-TTA T22032C C22033A A22034G	S:N99S S:V127F S:G142D S:DEL144 S:F157S S:F157S S:R158G	13	15212	0.000855	21847	22058
A21675+T C21711T A21764-TACATG	NA S:S50F S:DEL69/70	13	7614	0.001707	21668	21802
T25558C	ORF3a:F56L	12	2646	0.004535	25372	25566
T25446C	ORF3a:G18G	12	7515	0.001597	25381	25477
T25307C	S:S1249P	12	52261	0.00023	25277	25325
T25285+A	NA	12	51872	0.000231	25271	25304
T25268C	S:C1236R	12	51556	0.000233	25251	25325
T25219C	S:G1219G	12	45725	0.000262	25208	25320
T25196-G C25207T G25229A C25262-T	NA S:Y1215Y S:G1223S NA	12	43863	0.000274	25122	25325
T25171+G T25196-G C25207T C25262-T	NA NA S:Y1215V NA	12	42769	0.000281	25122	25324
T25171+G	NA	12	44053	0.000272	25122	25180
T25161-C C25207T	NA S:Y1215Y	12	42890	0.00028	25144	25325
T25148C C25207T	S:S1196P S:Y1215Y	12	42607	0.000282	25135	25323
T25129C C25207T C25262-T	S:V1189V S:Y1215Y NA	12	40431	0.000297	25122	25292
T25123C C25207T	Unknown S:Y1215Y	12	40235	0.000298	25122	25325
T25123-G C25207T C25262-T	NA S:Y1215Y NA	12	39894	0.000301	25122	25325
T24469A T24671C	S:N969K S:S1037P	12	29612	0.000405	24465	24679
T24469A T24622C	S:N969K S:A1020A	12	30067	0.000399	24465	24679
T24469A T24505C	S:N969K S:L981L	12	55904	0.000215	24465	24564
T24469A T24499C	S:N969K S:D979D	12	56025	0.000214	24465	24564
T24469A T24472-G T24489C	S:N969K NA S:V976A	12	56165	0.000214	24465	24679
T24469A G24488-T C24672-A	S:N969K NA NA	12	29570	0.000406	24465	24679
T24469A A24667G	S:N969K S:G1035G	12	29731	0.000404	24465	24679
T24469A A24629G	S:N969K S:N1023D	12	30047	0.000399	24465	24666
T23742C C23854A	S:L727P S:N764K	12	21489	0.000558	23683	23895
T23725+C C23854A	NA S:N764K	12	21293	0.000564	23712	23895
T23721C C23854A	S:I720T S:N764K	12	21258	0.000564	23683	23895
T23716C C23854A	S:F718F S:N764K	12	21218	0.000566	23694	23895
T23698C C23854A	S:I712I S:N764K	12	20960	0.000573	23683	23895
T23689-A C23854A	NA S:N764K	12	20852	0.000575	23683	23895
T23640C	S:I693T	12	67731	0.000177	23632	23642
T23599G C23604G T23659C C23679T	S:N679K S:P681R S:L699L S:A706V	12	31917	0.000376	23580	23724
T23599G C23604G T23645-A	S:N679K S:P681R NA	12	32166	0.000373	23581	23691
T23599G C23604G G23666+A A23712+T	S:N679K S:P681R NA NA	12	30909	0.000388	23580	23724
T23599G C23604G G23628A	S:N679K S:P681R S:S689N	12	67434	0.000178	23580	23633
T23599G C23604G C23692A	S:N679K S:P681R S:N710K	12	31778	0.000378	23582	23700
T23599G C23604G A23704-C	S:N679K S:P681R NA	12	31297	0.000383	23581	23724
T23511-A C23525T T23599G C23604G	NA S:H655Y S:N679K S:P681R	12	34925	0.000344	23487	23642
T23511+A T23599G C23604G	NA S:N679* S:P681C	12	34925	0.000344	23487	23641
T23374C C23423T C23525T	S:T604T S:P621S S:H655Y	12	15534	0.000772	23335	23539
T23355+A	NA	12	25883	0.000464	23336	23366
T23164-A G23222A C23230-A C23271T	NA S:E554K NA S:A570V	12	6418	0.00187	23089	23274
T22942A	S:N460K	12	198	0.060606	22936	22967
T21940-G T21990-TTA T22032C C22033A	NA S:DEL144 S:F157S S:F157S	12	15830	0.000758	21925	22058
T21609+CATGCCGCTGTT C21618T C21622T G21624C T21632-TACCCCCTG G21701-T C21711T A21764-TACATG	S:INS17HAAV S:T19F S:T20F S:R21T S:DEL25/27 NA S:S50L S:DEL69/70	12	6571	0.001826	21597	21802
T21609+CATGCCGCTGTT C21618T C21622T G21624C T21632-TACCCCCTG G21686-T C21711T A21764-TACATG	S:INS17HAAV S:T19F S:T20F S:R21T S:DEL25/27 NA S:S50L S:DEL69/70	12	6571	0.001826	21597	21800
T21609+CATGCCGCTGTT C21618T C21622T G21624C T21632-TACCCCCTG C21732-T A21764-TACATG	S:INS17HAAV S:T19F S:T20F S:R21T S:DEL25/27 NA S:DEL69/70	12	6571	0.001826	21597	21780
T21609+CATGCCGCTGTT C21618T C21622T G21624C T21632-TACCCCCTG C21711T A21766-CATGTC	S:INS17HAAV S:T19F S:T20F S:R21T S:DEL25/27 S:S50L S:DEL69/70	12	6558	0.00183	21597	21802
T21609+CATGCCGCTGTT C21618T C21622T G21624C T21632-TACCCCCTG C21711T A21764-TACATG G21785C	S:INS17HAAV S:T19F S:T20F S:R21T S:DEL25/27 S:S50L S:DEL69/70 S:G75P	12	6530	0.001838	21597	21802
T21609+CATGCCGCTGTT C21618T C21622T G21624C A21764-TACATG	S:INS17HAAV S:T19F S:T20F S:R21T S:DEL69/70	12	6571	0.001826	21597	21799
G24649-T	NA	12	40332	0.000298	24599	24679
G24635A	S:A1025T	12	40387	0.000297	24477	24679
G24515-A	NA	12	62245	0.000193	24508	24564
G24488-T C24503-T	NA NA	12	61704	0.000194	24480	24520
G23821+T	NA	12	26306	0.000456	23684	23832
G23755A C23854A	S:M731I S:N764K	12	21579	0.000556	23683	23895
G23390-T A23403G C23423T C23525T	NA S:D614G S:P621S S:H655Y	12	15646	0.000767	23345	23539
G23363C	S:G601R	12	25611	0.000469	23339	23367
G23222A C23277T	S:E554K S:T572I	12	6518	0.001841	23143	23279
G21941T G21987A T21990-TTA C22000-A C22033A A22034G	S:V127F S:G142D S:DEL144 NA S:F157L S:R158G	12	15830	0.000758	21847	22043
G21941T G21987A T21990-TTA A22007G T22032C C22033A A22034G	S:V127F S:G142D S:DEL144 S:N149D S:F157S S:F157S S:R158G	12	15830	0.000758	21867	22058
C25276-A	NA	12	51760	0.000232	25246	25325
C25262-T G25278-T	NA NA	12	51166	0.000235	25251	25296
C25207T T25289C	S:Y1215Y S:C1243R	12	44083	0.000272	25137	25325
C25207T T25233C C25262-T	S:Y1215Y S:L1224S NA	12	44238	0.000271	25122	25325
C25207T G25287A	S:Y1215Y S:S1242N	12	44094	0.000272	25163	25325
C25207T G25261A	S:Y1215Y S:M1233I	12	44241	0.000271	25180	25325
C25207T C25262-T T25310C	S:Y1215Y NA S:C1250R	12	43825	0.000274	25122	25313
C25207T A25235-T	S:Y1215Y NA	12	44337	0.000271	25187	25325
C25163+A	NA	12	43969	0.000273	25122	25177
C24789-A	NA	12	6085	0.001972	24724	24806
C24672-A G24693-A	NA NA	12	3794	0.003163	24612	24703
C24555T	S:T998I	12	62026	0.000193	24465	24564
C24320-AA	NA	12	4079	0.002942	24148	24348
C24026-T A24110-T	NA NA	12	2638	0.004549	24021	24121
C23887A A23888C G23948T	S:D775E S:K776Q S:D796Y	12	3099	0.003872	23877	23969
C23887-A G23948T A23964-T	NA S:D796Y NA	12	2916	0.004115	23811	23971
C23854A G23858A	S:N764K S:A766T	12	26248	0.000457	23725	23895
C23854A A23891G	S:N764K S:N777D	12	25262	0.000475	23705	23895
C23825+A	NA	12	26321	0.000456	23683	23840
C23758+A C23887-A	NA NA	12	20739	0.000579	23683	23895
C23706T	S:P715L	12	57142	0.00021	23699	23763
C23525T T23599G C23604G T23633+C	S:H655Y S:N679K S:P681R NA	12	34431	0.000349	23487	23641
C23525T T23599G C23603+T C23604G	S:H655Y S:N679K NA S:P681C	12	34987	0.000343	23487	23630
C23525T G23543A T23599G C23604G	S:H655Y S:E661K S:N679K S:P681R	12	34987	0.000343	23487	23641
C23525T C23585T T23599G C23604G	S:H655Y S:Q675* S:N679K S:P681R	12	34987	0.000343	23487	23641
C23506T C23525T T23599G C23604G	S:G648G S:H655Y S:N679K S:P681R	12	34851	0.000344	23487	23641
C23492+A T23599G C23604G	NA S:N679* S:P681C	12	34506	0.000348	23486	23641
C23393+T C23423T	NA S:P621S	12	23539	0.00051	23345	23431
C23271T C23334-T A23400+G C23423T	S:A570V NA NA S:P621S	12	5163	0.002324	23269	23443
C23271T A23359G A23403G C23423T	S:A570V S:T599T S:D614G S:P621S	12	5163	0.002324	23269	23441
C23271T A23312G A23403G C23423T	S:A570V S:I584V S:D614G S:P621S	12	5163	0.002324	23269	23429
C23208T G23222A C23271T	S:T549I S:E554K S:A570V	12	6558	0.00183	23089	23290
C23188+T G23222A C23271T	NA S:E554R S:A570F	12	6492	0.001848	23101	23290
C21888-T T21940-G G21987A T21990-TTA T22032C C22033A A22034G	NA NA S:G142D S:DEL144 S:F157S S:F157S S:R158G	12	15551	0.000772	21847	22058
C21618T C21622T T21632-TACCCCCTG C21711T A21764-TACATG C21781-A	S:T19I S:T20T S:DEL25/27 S:S50L S:DEL69/70 NA	12	6536	0.001836	21597	21802
C21618T C21622T T21632-TACCCCCTG A21764-TACATG	S:T19I S:T20T S:DEL25/27 S:DEL69/70	12	6572	0.001826	21597	21802
A25194-AT G25197T C25207T C25254T C25262-T A25286G	NA S:W1212L S:Y1215Y S:T1231I NA S:S1242G	12	43652	0.000275	25122	25325
A25190+G C25207T	NA S:Y1215V	12	43978	0.000273	25181	25307
A24885-T C24990T C25000T	NA S:P1143L S:D1146D	12	5700	0.002105	24850	25069
A24875G C24990T C25000T	S:T1105A S:P1143L S:D1146D	12	5692	0.002108	24850	25069
A24791G	S:T1077A	12	6058	0.001981	24758	24794
A24783G	S:N1074S	12	6050	0.001983	24724	24806
A24779G	S:K1073E	12	6047	0.001984	24724	24806
A24479G	S:I973V	12	61257	0.000196	24473	24564
A24468-T	NA	12	56290	0.000213	24465	24490
A24424T T24505C	S:Q954H S:L981L	12	24700	0.000486	24412	24564
A24424T T24482C	S:Q954H S:S974P	12	24798	0.000484	24413	24554
A24424T T24480C	S:Q954H S:I973T	12	24802	0.000484	24412	24558
A24424T T24475C	S:Q954H S:G971G	12	24825	0.000483	24412	24496
A24424T T24469A T24523C	S:Q954H S:N969K S:V987V	12	24591	0.000488	24417	24564
A24424T T24469A T24499C	S:Q954H S:N969K S:D979D	12	24730	0.000485	24412	24564
A24424T T24469A T24491C	S:Q954H S:N969K S:L977L	12	24759	0.000485	24412	24519
A24424T T24469A T24489C	S:Q954H S:N969K S:V976A	12	24766	0.000485	24412	24564
A24424T T24469A G24558A	S:Q954H S:N969K S:G999D	12	24278	0.000494	24412	24564
A24424T T24469A G24488+T	S:Q954H S:N969K NA	12	24768	0.000484	24412	24564
A24424T T24469A A24556+G	S:Q954H S:N969K NA	12	24293	0.000494	24412	24564
A24424T T24464C	S:Q954H S:S968P	12	24898	0.000482	24412	24564
A24424T G24476A	S:Q954H S:A972T	12	24821	0.000483	24412	24564
A24424T C24435-T G24488-T	S:Q954H NA NA	12	24768	0.000484	24412	24552
A24424T A24508G	S:Q954H S:S982S	12	24689	0.000486	24412	24564
A24424T A24426G T24469A	S:Q954H S:N955S S:N969K	12	24867	0.000483	24412	24564
A24123G	S:K854R	12	3282	0.003656	24114	24185
A24110-T G24124-T	NA NA	12	3041	0.003946	24021	24191
A23853-C C23855A	NA S:R765S	12	26263	0.000457	23843	23894
A23852G C23854A	S:N764E S:N764E	12	26340	0.000456	23835	23895
A23779G C23854A	S:T739T S:N764K	12	25034	0.000479	23729	23895
A23770G C23854A	S:V736V S:N764K	12	24940	0.000481	23701	23895
A23734G C23854A	S:T724T S:N764K	12	21398	0.000561	23714	23892
A23729G C23854A	S:T723A S:N764K	12	21336	0.000562	23683	23881
A23712+T G23835+T	NA NA	12	21560	0.000557	23690	23873
A23702G	S:I714V	12	57165	0.00021	23693	23724
A23665G	S:A701A	12	33534	0.000358	23652	23724
A23618+T	NA	12	68613	0.000175	23609	23642
A23592T T23599G C23604G	S:Q677L S:N679K S:P681R	12	67925	0.000177	23580	23717
A23403G C23423T T23511-A	S:D614G S:P621S NA	12	15796	0.00076	23343	23532
A23403G C23423T T23427C C23525T	S:D614G S:P621S S:V622A S:H655Y	12	15725	0.000763	23335	23537
A23403G A23419G C23423T C23525T	S:D614G S:E619E S:P621S S:H655Y	12	15725	0.000763	23351	23539
A23403G A23414G C23423T	S:D614G S:T618A S:P621S	12	23644	0.000508	23335	23443
A23369G A23403G C23423T C23525T	S:N603D S:D614G S:P621S S:H655Y	12	15491	0.000775	23335	23532
A23348G A23403G C23423T C23525T	S:S596G S:D614G S:P621S S:H655Y	12	15258	0.000786	23339	23532
A22193-ATT T22200G C22208T A22255G C22295A	S:DEL212 S:V213G S:L216F S:I231M S:H245N	12	4947	0.002426	22147	22319
A22110+G A22193-ATT T22200G C22208T C22295A T22315-G	NA S:DEL212 S:V213S S:L216S S:H245T NA	12	4438	0.002704	22101	22319
A21979-T G21987A T21990-TTA C22000-A C22009-A T22032C C22033A A22034G	NA S:G142D S:DEL144 NA NA S:F157S S:F157S S:R158G	12	16454	0.000729	21848	22058
T25293C	S:L1244P	11	51962	0.000212	25286	25325
T25291C	S:C1243C	11	51936	0.000212	25272	25325
T25283C	S:C1241R	11	51850	0.000212	25251	25325
T25279C	S:S1239S	11	51813	0.000212	25270	25325
T25202C C25207T C25262-T	S:W1214R S:Y1215Y NA	11	44162	0.000249	25122	25325
T25196-G C25207T C25254T C25262-T A25286G	NA S:Y1215Y S:T1231I NA S:S1242G	11	43730	0.000252	25122	25325
T25123-G	NA	11	41518	0.000265	25122	25144
T24660+A C24672-A	NA NA	11	39805	0.000276	24476	24679
T24506+A C24672-A	NA NA	11	35204	0.000312	24470	24679
T24501C	S:I980T	11	62279	0.000177	24476	24564
T24481C	S:I973I	11	61604	0.000179	24474	24542
T24470-TTG T24492-A	S:DEL971 NA	11	56649	0.000194	24465	24679
T24469A T24637C	S:N969K S:A1025A	11	30004	0.000367	24465	24679
T24469A G24659A	S:N969K S:V1033I	11	29884	0.000368	24465	24679
T24469A G24657A	S:N969K S:C1032Y	11	29896	0.000368	24465	24679
T24469A G24574A	S:N969K S:L1004L	11	30398	0.000362	24465	24679
T24469A G24561A	S:N969K S:R1000K	11	55088	0.0002	24465	24563
T24469A G24546A	S:N969K S:R995K	11	55415	0.000199	24465	24564
T24469A G24510+T	S:N969K NA	11	55815	0.000197	24465	24564
T24469A C24636T	S:N969K S:A1025V	11	30012	0.000367	24465	24679
T24469A C24566A A24677G	S:N969K S:Q1002K S:R1039G	11	29375	0.000374	24465	24679
T24469A C24555T	S:N969K S:T998I	11	55261	0.000199	24465	24564
T24469A C24528T	S:N969K S:A989V	11	55621	0.000198	24465	24564
T24469A A24612G	S:N969K S:E1017G	11	30099	0.000365	24465	24679
T24469A A24479G	S:N969K S:I973V	11	56216	0.000196	24465	24564
T24108-C	NA	11	3131	0.003513	24101	24191
T23850+A C23887-A G23948T	NA NA S:D796*	11	2943	0.003738	23782	23978
T23837C C23854A	S:F759L S:N764K	11	25989	0.000423	23683	23881
T23798C	S:S746P	11	26337	0.000418	23694	23821
T23787C C23854A	S:I742T S:N764K	11	25090	0.000438	23717	23873
T23752C C23854A	S:S730S S:N764K	11	21565	0.00051	23718	23876
T23727C C23854A	S:V722A S:N764K	11	21318	0.000516	23683	23895
T23716+C C23854A	NA S:N764K	11	21218	0.000518	23683	23895
T23703C C23854A	S:I714T S:N764K	11	21122	0.000521	23683	23895
T23695C C23854A	S:S711S S:N764K	11	20926	0.000526	23683	23895
T23693C	S:S711P	11	57227	0.000192	23683	23724
T23686-A	NA	11	57072	0.000193	23683	23697
T23599G T23640C	S:N679K S:I693T	11	66417	0.000166	23584	23724
T23599G C23604G T23686-A	S:N679K S:P681R NA	11	31839	0.000345	23580	23724
T23599G C23604G T23641-G T23650C	S:N679K S:P681R NA S:T696T	11	32106	0.000343	23580	23724
T23599G C23604G G23624+T	S:N679K S:P681R NA	11	67866	0.000162	23580	23642
T23599G C23604G G23621A	S:N679K S:P681R S:V687I	11	67919	0.000162	23580	23706
T23599G C23604G C23647T	S:N679K S:P681R S:Y695Y	11	32137	0.000342	23580	23724
T23599G C23604G C23630T	S:N679K S:P681R S:Q690*	11	67406	0.000163	23580	23724
T23599G C23604G C23615G	S:N679K S:P681R S:R685G	11	67961	0.000162	23580	23638
T23599G C23604G A23712+G	S:N679K S:P681R NA	11	30909	0.000356	23580	23724
T23599G C23604G A23704+C A23712+T	S:N679K S:P681R NA NA	11	30909	0.000356	23581	23724
T23596-A T23599G C23604G	NA S:N679K S:P681R	11	68008	0.000162	23580	23642
T23337-TG C23423T	NA S:P621S	11	22576	0.000487	23335	23435
T23337-TG	NA	11	25134	0.000438	23335	23355
T23164-A	NA	11	7078	0.001554	23100	23176
T22200G C22208T	S:V213G S:L216F	11	5321	0.002067	22196	22289
T21940-G G21987A	NA S:G142D	11	16124	0.000682	21906	21991
T21940-G A21979-T G21987A T21990-TTA C22009-A T22032C C22033A A22034G	NA NA S:G142D S:DEL144 NA S:F157S S:F157S S:R158G	11	15830	0.000695	21848	22058
G25447-A	NA	11	7496	0.001467	25381	25477
G25447+A	NA	11	7496	0.001467	25381	25485
G25401+T	NA	11	8188	0.001343	25381	25462
G25290A	S:C1243Y	11	51911	0.000212	25254	25325
G25130-C	NA	11	42163	0.000261	25122	25325
G25130+C C25207T C25262-T	NA S:Y1215V NA	11	40506	0.000272	25122	25325
G24570+T C24672-A	NA NA	11	35559	0.000309	24474	24679
G24546A	S:R995K	11	62149	0.000177	24488	24679
G24488A	S:V976I	11	62032	0.000177	24469	24585
G23835+T C23854A	NA S:N764K	11	25850	0.000426	23683	23881
G23824A C23854A	S:L754L S:N764K	11	25687	0.000428	23816	23895
G23749A C23854A	S:V729V S:N764K	11	21555	0.00051	23683	23895
G23726+T	NA	11	23505	0.000468	23683	23740
G23699+A	NA	11	57331	0.000192	23687	23724
G23593A T23599G C23604G	S:Q677Q S:N679K S:P681R	11	67946	0.000162	23580	23724
G23587A T23599G C23604G	S:Q675Q S:N679K S:P681R	11	67848	0.000162	23580	23706
G23342A A23403G C23423T C23525T	S:G594S S:D614G S:P621S S:H655Y	11	15081	0.000729	23335	23539
G21987A T21991-TA T22032C C22033A A22034G	S:G142D NA S:F157S S:F157S S:R158G	11	16456	0.000668	21971	22058
G21987A T21990-TTA G22030-T	S:G142D S:DEL144 NA	11	16522	0.000666	21973	22056
G21941T G21987A T21990-TTA G22030-T	S:V127F S:G142D S:DEL144 NA	11	15895	0.000692	21891	22034
G21941T A21958-T G21987A T21990-TTA T22032C C22033A A22034G	S:V127F NA S:G142D S:DEL144 S:F157S S:F157S S:R158G	11	15830	0.000695	21847	22058
G21941T A21957G G21987A T21990-TTA T22032C C22033A A22034G	S:V127F S:E132G S:G142D S:DEL144 S:F157S S:F157S S:R158G	11	15830	0.000695	21848	22058
C25282T	S:C1240C	11	51842	0.000212	25272	25307
C25262-T C25324+A	NA NA	11	49945	0.00022	25251	25325
C25207T T25232C C25262-T	S:Y1215Y S:L1224L NA	11	44238	0.000249	25130	25322
C25207T T25215-A	S:Y1215Y NA	11	44398	0.000248	25130	25325
C25207T G25250A	S:Y1215Y S:V1230M	11	44276	0.000248	25122	25325
C25207T C25318T	S:Y1215Y S:S1252S	11	43639	0.000252	25182	25325
C25207T C25276-A	S:Y1215Y NA	11	44170	0.000249	25195	25325
C25207T C25262-T G25278T	S:Y1215Y NA S:S1239I	11	44164	0.000249	25122	25325
C25207T C25262-T A25277-G	S:Y1215Y NA NA	11	44165	0.000249	25130	25323
C25207T A25208-T G25218-T C25262-T	S:Y1215Y NA NA NA	11	44238	0.000249	25141	25325
C25163T C25207T	S:Q1201* S:Y1215Y	11	42917	0.000256	25122	25325
C25163+A C25207T	NA S:Y1215V	11	42917	0.000256	25123	25325
C24878-A	NA	11	8275	0.001329	24857	24898
C24639T	S:A1026V	11	40376	0.000272	24578	24650
C24320-A T24377-C A24424T	NA NA S:Q954H	11	2276	0.004833	24259	24424
C24320-A C24378T	NA S:S939F	11	2509	0.004384	24229	24406
C24176A	S:Q872K	11	4189	0.002626	24078	24191
C23887+A	NA	11	25925	0.000424	23811	23895
C23825T C23854A	S:Q755* S:N764K	11	25701	0.000428	23821	23891
C23825+A C23887-A	NA NA	11	24790	0.000444	23683	23895
C23812T C23854A	S:S750S S:N764K	11	25467	0.000432	23683	23884
C23745T C23854A	S:P728L S:N764K	11	21526	0.000511	23683	23895
C23536+G	NA	11	52473	0.00021	23529	23539
C23525T T23599G C23604G G23619A	S:H655Y S:N679K S:P681R S:S686N	11	34955	0.000315	23487	23642
C23525T C23585+G T23599G C23604G	S:H655Y NA S:N679* S:P681C	11	34987	0.000314	23487	23637
C23525T A23586T T23599G C23604G	S:H655Y S:Q675L S:N679K S:P681R	11	34987	0.000314	23487	23642
C23492+A	NA	11	52387	0.00021	23486	23511
C23423T A23495+T C23525T	S:P621S NA S:H655S	11	15894	0.000692	23335	23539
C23399T C23423T C23525T	S:Q613* S:P621S S:H655Y	11	15712	0.0007	23335	23539
C23271T T23346C A23403G C23423T	S:A570V S:V595A S:D614G S:P621S	11	5163	0.002131	23269	23443
C23271T A23403G C23423T G23441A	S:A570V S:D614G S:P621S S:D627N	11	4946	0.002224	23269	23443
C23271T A23403G A23419G C23423T	S:A570V S:D614G S:E619E S:P621S	11	5163	0.002131	23269	23443
C23230+A C23271T	NA S:A570F	11	6599	0.001667	23089	23290
C22277+T C22295A	NA S:H245T	11	7335	0.0015	22269	22319
C21978A G21987A T21990-TTA T22032C C22033A A22034G	S:P139Q S:G142D S:DEL144 S:F157S S:F157S S:R158G	11	16454	0.000669	21960	22058
C21888-T	NA	11	16490	0.000667	21847	21902
C21622T T21632-TACCCCCTG C21711T A21764-TACATG	S:T20T S:DEL25/27 S:S50L S:DEL69/70	11	6572	0.001674	21597	21802
A25256+T C25262-T	NA NA	11	51038	0.000216	25251	25318
A25235G	S:I1225V	11	46158	0.000238	25227	25325
A25193G C25207T	S:K1211E S:Y1215Y	11	44143	0.000249	25153	25238
A25133G	S:K1191E	11	43312	0.000254	25122	25168
A24962G C24990T C25000T	S:N1134D S:P1143L S:D1146D	11	5838	0.001884	24850	25069
A24772G	S:A1070A	11	6005	0.001832	24743	24806
A24612G	S:E1017G	11	36391	0.000302	24475	24679
A24495+T	NA	11	62278	0.000177	24483	24509
A24424T T24499C	S:Q954H S:D979D	11	24730	0.000445	24413	24564
A24424T T24469A A24478G	S:Q954H S:N969K S:A972A	11	24805	0.000443	24412	24564
A24424T T24460C T24469A	S:Q954H S:L966L S:N969K	11	24867	0.000442	24412	24564
A24424T T24451+A T24469A	S:Q954H NA S:N969Q	11	24867	0.000442	24413	24532
A24424T G24535A	S:Q954H S:V991V	11	24528	0.000448	24413	24564
A24424T G24533+A	S:Q954H NA	11	24546	0.000448	24412	24561
A24424T C24517+A	S:Q954H NA	11	24630	0.000447	24412	24542
A24424T C24463T T24469A A24545G	S:Q954H S:S967S S:N969K S:R995G	11	24477	0.000449	24412	24563
A24424T A24543G	S:Q954H S:D994G	11	24489	0.000449	24412	24564
A24424T A24453G	S:Q954H S:K964R	11	24998	0.00044	24416	24554
A24424T A24452G T24469A	S:Q954H S:K964E S:N969K	11	24867	0.000442	24412	24564
A24424T A24425G T24469A	S:Q954H S:N955D S:N969K	11	24867	0.000442	24412	24564
A24419G A24424T	S:N953D S:Q954H	11	27652	0.000398	24413	24564
A24253-T C24378T A24424T	NA S:S939F S:Q954H	11	1706	0.006448	24229	24424
A24129G	S:N856S	11	3259	0.003375	24120	24191
A23848+T G23948T	NA S:D796*	11	2934	0.003749	23767	23952
A23848+T C23887-A G23948T	NA NA S:D796*	11	2934	0.003749	23767	23951
A23738G C23854A	S:I726V S:N764K	11	21443	0.000513	23683	23895
A23723+C	NA	11	56300	0.000195	23699	23724
A23712+T T23850+A	NA NA	11	21262	0.000517	23683	23873
A23598-T T23600G C23604G	NA S:S680A S:P681R	11	68010	0.000162	23580	23642
A23583G T23599G C23604G	S:Y674C S:N679K S:P681R	11	67773	0.000162	23580	23642
A23403G C23423T T23491C C23525T	S:D614G S:P621S S:F643F S:H655Y	11	15725	0.0007	23335	23535
A23403G C23423T T23485C C23525T	S:D614G S:P621S S:N641N S:H655Y	11	15725	0.0007	23342	23529
A23403G C23423T T23470C C23525T	S:D614G S:P621S S:Y636Y S:H655Y	11	15725	0.0007	23353	23539
A23403G C23423T T23464C C23525T	S:D614G S:P621S S:R634R S:H655Y	11	15725	0.0007	23335	23539
A23403G C23423T T23443C C23525T	S:D614G S:P621S S:D627D S:H655Y	11	15725	0.0007	23351	23539
A23403G C23423T G23519A C23525T	S:D614G S:P621S S:A653T S:H655Y	11	15725	0.0007	23335	23539
A23403G C23423T C23525T A23534G	S:D614G S:P621S S:H655Y S:N658D	11	15358	0.000716	23335	23539
A23403G C23423T C23475T C23525T	S:D614G S:P621S S:T638I S:H655Y	11	15725	0.0007	23335	23539
A23403G A23409G C23423T C23525T	S:D614G S:N616S S:P621S S:H655Y	11	15725	0.0007	23335	23539
A23400G A23403G C23423T C23525T	S:Q613R S:D614G S:P621S S:H655Y	11	15725	0.0007	23335	23539
A23378G A23403G C23423T C23525T	S:N606D S:D614G S:P621S S:H655Y	11	15569	0.000707	23336	23539
A23362-G	NA	11	25667	0.000429	23339	23371
A23356G A23403G C23423T C23525T	S:I598M S:D614G S:P621S S:H655Y	11	15418	0.000713	23335	23539
A23122G G23222A C23271T	S:A520A S:E554K S:A570V	11	6338	0.001736	23089	23290
A22193-ATT T22200G C22208T G22273-T C22295A	S:DEL212 S:V213G S:L216F NA S:H245N	11	4947	0.002224	22100	22310
A22193-ATT T22200G C22208T C22281+T C22295A	S:DEL212 S:V213G S:L216F NA S:H245T	11	4947	0.002224	22100	22313
A22193-ATT T22200G	S:DEL212 S:V213G	11	5300	0.002075	22172	22243
A21902G G21941T G21987A T21990-TTA T22032C C22033A A22034G	S:T114A S:V127F S:G142D S:DEL144 S:F157S S:F157S S:R158G	11	15627	0.000704	21847	22058
A21884G G21941T G21987A T21990-TTA T22032C C22033A A22034G	S:T108A S:V127F S:G142D S:DEL144 S:F157S S:F157S S:R158G	11	15525	0.000709	21847	22058
A21875+T G21941T G21987A T21990-TTA T22032C C22033A A22034G	NA S:V127C S:G142E S:DEL144 S:F157A S:F157A S:R158E	11	15452	0.000712	21847	22058
T25467C	ORF3a:P25P	10	7248	0.00138	25381	25477
T25434C	ORF3a:T14T	10	7665	0.001305	25381	25477
T25422C	ORF3a:I10I	10	7936	0.00126	25372	25477
T25304C	S:C1248R	10	52177	0.000192	25281	25323
T25245C	S:V1228A	10	46275	0.000216	25225	25323
T25242C	S:I1227T	10	46235	0.000216	25208	25325
T25180C C25207T C25262-T	S:Y1206Y S:Y1215Y NA	10	43226	0.000231	25122	25325
T25171C C25207T C25262-T	S:L1203L S:Y1215Y NA	10	42769	0.000234	25122	25310
T25170C C25207T C25262-T	S:L1203P S:Y1215Y NA	10	42737	0.000234	25130	25325
T25152-C C25207T	NA S:Y1215Y	10	42730	0.000234	25122	25325
T25139C C25207T	S:L1193L S:Y1215Y	10	42250	0.000237	25122	25325
T24960C C24990T C25000T	S:V1133A S:P1143L S:D1146D	10	5831	0.001715	24850	25069
T24600C	S:I1013T	10	36419	0.000275	24486	24679
T24522C	S:V987A	10	62233	0.000161	24484	24679
T24469A T24634C	S:N969K S:L1024L	10	30021	0.000333	24465	24672
T24469A T24633C	S:N969K S:L1024P	10	30027	0.000333	24465	24661
T24469A T24628C	S:N969K S:A1022A	10	30050	0.000333	24465	24679
T24469A T24571C	S:N969K S:S1003S	10	30407	0.000329	24465	24679
T24469A T24492-A C24536-A	S:N969K NA NA	10	55527	0.00018	24465	24679
T24469A G24605A	S:N969K S:A1015T	10	30125	0.000332	24465	24679
T24469A C24642T	S:N969K S:T1027I	10	29975	0.000334	24465	24679
T24469A C24575T	S:N969K S:Q1005*	10	30391	0.000329	24465	24679
T24469A A24670G	S:N969K S:Q1036Q	10	29640	0.000337	24465	24679
T24469A A24614G	S:N969K S:I1018V	10	30095	0.000332	24465	24676
T24469A A24613G	S:N969K S:E1017E	10	30098	0.000332	24465	24679
T24469A A24538G	S:N969K S:Q992Q	10	55508	0.00018	24465	24564
T24469A A24518T	S:N969K S:K986*	10	55733	0.000179	24465	24553
T24469A A24493T C24536-A	S:N969K S:L977F NA	10	55527	0.00018	24465	24564
T24469A A24485G	S:N969K S:S975G	10	56186	0.000178	24465	24564
T24451C	S:V963V	10	25365	0.000394	24412	24539
T24414C A24424T T24469A	S:V951A S:Q954H S:N969K	10	24673	0.000405	24412	24564
T24108C	S:L849P	10	3131	0.003194	24092	24111
T23791C	S:C743C	10	26300	0.00038	23701	23852
T23754C	S:M731T	10	23382	0.000428	23683	23770
T23686+A	NA	10	57072	0.000175	23683	23701
T23681+C	NA	10	33700	0.000297	23674	23724
T23600C C23604G	S:S680P S:P681R	10	68072	0.000147	23580	23650
T23599G C23604G T23716C	S:N679K S:P681R S:F718F	10	30875	0.000324	23580	23724
T23599G C23604G T23715C	S:N679K S:P681R S:F718S	10	30879	0.000324	23580	23724
T23599G C23604G T23629+A	S:N679K S:P681R NA	10	67416	0.000148	23580	23642
T23599G C23604G G23675A	S:N679K S:P681R S:V705I	10	31931	0.000313	23580	23724
T23599G C23604G C23718T	S:N679K S:P681R S:T719I	10	30818	0.000324	23580	23724
T23599G C23604G C23625T A23665G	S:N679K S:P681R S:A688V S:A701A	10	31999	0.000313	23580	23700
T23599G C23604G C23606-G	S:N679K S:P681R NA	10	68000	0.000147	23580	23724
T23599G C23604G C23606+G	S:N679K S:P681R NA	10	68000	0.000147	23580	23647
T23599G C23604G A23723G	S:N679K S:P681R Unknown	10	30612	0.000327	23593	23724
T23599G C23604G A23702T	S:N679K S:P681R S:I714L	10	31353	0.000319	23580	23724
T23521-G C23525T T23599G C23604G	NA S:H655Y S:N679K S:P681R	10	34984	0.000286	23487	23642
T23377C A23403G C23423T C23525T	S:S605S S:D614G S:P621S S:H655Y	10	15558	0.000643	23335	23532
T23352C A23403G C23423T C23525T	S:V597A S:D614G S:P621S S:H655Y	10	15380	0.00065	23335	23539
T23346C A23403G C23423T	S:V595A S:D614G S:P621S	10	23053	0.000434	23335	23443
T23344C C23423T C23525T	S:G594G S:P621S S:H655Y	10	15196	0.000658	23335	23539
T23337C A23403G C23423T C23525T	S:F592S S:D614G S:P621S S:H655Y	10	14870	0.000672	23335	23539
T22032C	S:F157S	10	17494	0.000572	22009	22052
T21940-G A21979-T G21987A T21990-TTA C22000-A C22033A A22034G	NA NA S:G142D S:DEL144 NA S:F157L S:R158G	10	15830	0.000632	21847	22058
T21919C G21941T G21987A T21990-TTA T22032C C22033A A22034G	S:I119I S:V127F S:G142D S:DEL144 S:F157S S:F157S S:R158G	10	15722	0.000636	21848	22058
T21889C G21941T G21987A T21990-TTA T22032C C22033A A22034G	S:T109T S:V127F S:G142D S:DEL144 S:F157S S:F157S S:R158G	10	15556	0.000643	21850	22058
T21609+CATGCCGCTGTT C21618T C21622T G21624C T21632-TACCCCCTG C21654T C21711T A21764-TACATG	S:INS17HAAV S:T19F S:T20F S:R21T S:DEL25/27 S:S31V S:S50L S:DEL69/70	10	6571	0.001522	21597	21802
T21609+CATGCCGCTGTT C21618T C21622T G21624C C21711T A21764-TACATG	S:INS17HAAV S:T19F S:T20F S:R21T S:S50L S:DEL69/70	10	6571	0.001522	21597	21802
T21609+CATGCCGCTGTT C21618T C21622T G21624A T21632-TACCCCCTG C21711T A21764-TACATG	S:INS17HAAV S:T19F S:T20F S:R21N S:DEL25/27 S:S50L S:DEL69/70	10	6571	0.001522	21597	21802
G25364-T	NA	10	4658	0.002147	25343	25379
G25320A	S:C1253Y	10	52107	0.000192	25290	25323
G25299A	S:G1246D	10	52036	0.000192	25282	25325
G25229A	S:G1223S	10	46083	0.000217	25210	25325
G24776-A	NA	10	6024	0.00166	24730	24806
G24605A	S:A1015T	10	36397	0.000275	24482	24679
G24533+A	NA	10	62225	0.000161	24525	24564
G24530+A	NA	10	62225	0.000161	24476	24540
G24527A	S:A989T	10	62230	0.000161	24476	24543
G24521+T C24672-A	NA NA	10	35335	0.000283	24491	24679
G24510A	S:R983H	10	62251	0.000161	24489	24525
G23835+T T23850+A C23887-A	NA NA NA	10	24939	0.000401	23698	23895
G23835+T C23854A C23887-A	NA S:N764K NA	10	24939	0.000401	23683	23895
G23735+A G23835+T	NA NA	10	21774	0.000459	23683	23873
G23726A C23854A	S:V722I S:N764K	10	21307	0.000469	23683	23895
G23508+T A23515+G C23525T T23599G C23604G	NA NA S:H655Y S:N679L S:P681R	10	34875	0.000287	23486	23641
G23340A A23403G C23423T C23525T	S:G593D S:D614G S:P621S S:H655Y	10	15039	0.000665	23335	23539
G23339A A23403G C23423T C23525T	S:G593S S:D614G S:P621S S:H655Y	10	14899	0.000671	23335	23539
G23222A A23254+T C23271T	S:E554K NA S:A570F	10	6578	0.00152	23089	23290
G23222A A23235G C23271T	S:E554K S:K558R S:A570V	10	6578	0.00152	23089	23290
G22104-A C22120-A A22193-ATT T22200G C22208T G22218-T C22295A	NA NA S:DEL212 S:V213G S:L216F NA S:H245N	10	4563	0.002192	22100	22319
G22104-A C22120-A	NA NA	10	5185	0.001929	22100	22144
G22104-A	NA	10	5193	0.001926	22100	22124
G21969-T G21987A T21990-TTA T22032C C22033A A22034G	NA S:G142D S:DEL144 S:F157S S:F157S S:R158G	10	16360	0.000611	21959	22058
G21941T T22032C C22033A	S:V127F S:F157S S:F157S	10	15830	0.000632	21914	22058
G21941T T21953C G21987A T21990-TTA T22032C C22033A A22034G	S:V127F S:C131R S:G142D S:DEL144 S:F157S S:F157S S:R158G	10	15830	0.000632	21847	22058
G21941T G21987A T21990-TTA T22032C C22033A A22034G T22048C	S:V127F S:G142D S:DEL144 S:F157S S:F157S S:R158G S:S162S	10	15725	0.000636	21882	22058
G21941T G21987A T21990-TTA T22032C C22033A A22034G A22056G	S:V127F S:G142D S:DEL144 S:F157S S:F157S S:R158G S:N165S	10	15610	0.000641	21847	22058
G21941T G21987A T21990-TTA A22023G T22032C C22033A A22034G	S:V127F S:G142D S:DEL144 S:E154G S:F157S S:F157S S:R158G	10	15830	0.000632	21854	22058
G21941T G21987A T21990-TTA A22004G T22032C C22033A A22034G	S:V127F S:G142D S:DEL144 S:N148D S:F157S S:F157S S:R158G	10	15830	0.000632	21902	22058
C25441T	ORF3a:Q17*	10	7582	0.001319	25381	25477
C25207T T25251C C25262-T	S:Y1215Y S:V1230A NA	10	44238	0.000226	25122	25325
C25207T T25237C C25262-T	S:Y1215Y S:I1225I NA	10	44238	0.000226	25122	25325
C25207T T25215-AG T25322C	S:Y1215Y NA S:C1254R	10	43324	0.000231	25122	25325
C25207T T25211C C25262-T	S:Y1215Y S:W1217R NA	10	44238	0.000226	25130	25325
C25207T G25297A	S:Y1215Y S:K1245K	10	43974	0.000227	25172	25325
C25207T G25273A	S:Y1215Y S:M1237I	10	44177	0.000226	25122	25325
C25207T G25218A	S:Y1215Y S:G1219D	10	44389	0.000225	25122	25221
C25207T C25262-T T25301C	S:Y1215Y NA S:C1247R	10	43936	0.000228	25122	25325
C25207T C25262-T G25299+T	S:Y1215Y NA NA	10	43965	0.000227	25130	25308
C25207T C25262-T C25300T	S:Y1215Y NA S:G1246G	10	43961	0.000227	25122	25322
C25207T C25262-T A25296-G	S:Y1215Y NA NA	10	43983	0.000227	25122	25308
C25207T A25296-G	S:Y1215Y NA	10	43983	0.000227	25182	25325
C25200T C25207T	S:P1213L S:Y1215Y	10	44432	0.000225	25122	25325
C25151+A C25207T	NA S:Y1215V	10	42696	0.000234	25141	25325
C25132+A T25196-G C25207T C25262-T	NA NA S:Y1215V NA	10	41577	0.000241	25122	25325
C24990T C25000T C25046T	S:P1143L S:D1146D S:P1162S	10	5765	0.001735	24850	25065
C24865-T	NA	10	8289	0.001206	24847	24943
C24668T	S:Q1036*	10	40047	0.00025	24612	24679
C24668-A	NA	10	40047	0.00025	24612	24679
C24662-T	NA	10	40204	0.000249	24612	24679
C24636-T T24643C	NA S:T1027T	10	40316	0.000248	24629	24679
C24621T	S:A1020V	10	40329	0.000248	24612	24679
C24616T	S:I1018I	10	40298	0.000248	24612	24679
C24575T	S:Q1005*	10	36664	0.000273	24502	24679
C24536T	S:Q992*	10	62196	0.000161	24486	24564
C24477T	S:A972V	10	61035	0.000164	24473	24499
C24422T A24424T T24469A	S:Q954Y S:Q954Y S:N969K	10	24863	0.000402	24412	24564
C24245+A	NA	10	3709	0.002696	24229	24255
C24130-G	NA	10	3264	0.003064	24114	24191
C23854A T23857A	S:N764K S:R765R	10	26248	0.000381	23683	23895
C23854A C23882T	S:N764K S:Q774*	10	25723	0.000389	23812	23895
C23854A C23882+A	S:N764K NA	10	25723	0.000389	23683	23891
C23854A A23894G	S:N764K Unknown	10	24558	0.000407	23830	23895
C23825+A C23854A	NA S:N764K	10	25701	0.000389	23683	23895
C23744T C23854A	S:P728S S:N764K	10	21515	0.000465	23684	23895
C23718+A	NA	10	56552	0.000177	23694	23724
C23709+T	NA	10	56844	0.000176	23701	23724
C23709+A G23735+A	NA NA	10	23243	0.00043	23683	23769
C23673T	S:S704L	10	33618	0.000297	23660	23723
C23630-A	NA	10	68510	0.000146	23616	23639
C23604G T23640C	S:P681R S:I693T	10	66496	0.00015	23580	23724
C23604G A23688+G	S:P681R NA	10	31877	0.000314	23580	23724
C23604G A23627-G	S:P681R NA	10	67539	0.000148	23580	23642
C23601+G C23604G	NA S:P681C	10	68084	0.000147	23580	23642
C23525T T23599G C23604G T23641C	S:H655Y S:N679K S:P681R S:I693I	10	33627	0.000297	23501	23642
C23525T G23545A T23599G C23604G	S:H655Y S:E661E S:N679K S:P681R	10	34987	0.000286	23487	23642
C23525T C23591T T23599G C23604G	S:H655Y S:Q677* S:N679K S:P681R	10	34987	0.000286	23487	23624
C23525T C23556T T23599G C23604G	S:H655Y S:P665L S:N679K S:P681R	10	34987	0.000286	23487	23642
C23525T C23538T T23599G C23604G	S:H655Y S:S659L S:N679K S:P681R	10	34987	0.000286	23487	23642
C23525T C23533+A T23599G C23604G	S:H655Y NA S:N679* S:P681C	10	34987	0.000286	23501	23638
C23423T T23459-G	S:P621S NA	10	17069	0.000586	23335	23468
C23423T C23525T C23533-A	S:P621S S:H655Y NA	10	15798	0.000633	23351	23539
C23422+T	NA	10	23871	0.000419	23406	23433
C23373+A C23376+T	NA NA	10	24295	0.000412	23335	23396
C23271T T23389C A23403G C23423T	S:A570V S:A609A S:D614G S:P621S	10	5163	0.001937	23269	23438
C22295A C22353A C22383+T	S:H245N S:A264D NA	10	421	0.023753	22246	22414
C21897T G21941T G21987A T21990-TTA T22032C C22033A A22034G	S:S112L S:V127F S:G142D S:DEL144 S:F157S S:F157S S:R158G	10	15598	0.000641	21874	22058
C21622T G21624C T21632-TACCCCCTG A21764-TACATG	S:T20T S:R21T S:DEL25/27 S:DEL69/70	10	6572	0.001522	21597	21802
A25503+C	NA	10	2901	0.003447	25372	25519
A25450G	ORF3a:I20V	10	7475	0.001338	25382	25477
A25442G	ORF3a:Q17R	10	7572	0.001321	25381	25477
A25439G	ORF3a:K16R	10	7604	0.001315	25381	25477
A25397+T	NA	10	8217	0.001217	25382	25409
A25256G	S:I1232V	10	51057	0.000196	25251	25325
A25241G	S:I1227V	10	46218	0.000216	25218	25325
A25194G C25207T	S:K1211R S:Y1215Y	10	44160	0.000226	25160	25325
A25194-AT G25197T C25207T C25262-T C25324+A	NA S:W1212L S:Y1215Y NA NA	10	42705	0.000234	25122	25325
A25175G C25207T C25262-T	S:K1205E S:Y1215Y NA	10	42916	0.000233	25122	25325
A24758G	S:T1066A	10	5931	0.001686	24724	24791
A24582G	S:Y1007C	10	36497	0.000274	24476	24631
A24539G	S:I993V	10	62185	0.000161	24522	24564
A24500G	S:I980V	10	62305	0.000161	24465	24564
A24498+T	NA	10	62291	0.000161	24480	24506
A24424T T24504C	S:Q954H S:L981P	10	24704	0.000405	24412	24518
A24424T T24469A T24522C	S:Q954H S:N969K S:V987A	10	24592	0.000407	24412	24564
A24424T T24469A T24496C	S:Q954H S:N969K S:N978N	10	24747	0.000404	24412	24564
A24424T T24469A T24490C	S:Q954H S:N969K S:V976V	10	24763	0.000404	24412	24564
A24424T T24469A G24521+T	S:Q954H S:N969K NA	10	24596	0.000407	24412	24564
A24424T T24469A A24532G	S:Q954H S:N969K S:E990E	10	24549	0.000407	24412	24564
A24424T T24447C	S:Q954H S:L962P	10	25052	0.000399	24412	24564
A24424T T24427C T24469A	S:Q954H S:N955N S:N969K	10	24867	0.000402	24412	24554
A24424T C24455+A	S:Q954H NA	10	24987	0.0004	24412	24468
A24424T A24485G	S:Q954H S:S975G	10	24779	0.000404	24412	24564
A24424T A24426G	S:Q954H S:N955S	10	25161	0.000397	24413	24437
A24325-T	NA	10	3988	0.002508	24229	24338
A24324-AT C24378T G24399-A A24424T	NA S:S939F NA S:Q954H	10	2284	0.004378	24229	24424
A24253-T C24320-AA	NA NA	10	3431	0.002915	24229	24336
A24162G	S:D867G	10	4241	0.002358	24125	24191
A24110-T G24140-T	NA NA	10	3003	0.00333	24021	24173
A23888G	S:K776E	10	25889	0.000386	23856	23891
A23886G	S:D775G	10	25945	0.000385	23850	23890
A23843G C23854A	S:T761A S:N764K	10	26122	0.000383	23683	23881
A23806G C23854A	S:E748E S:N764K	10	25380	0.000394	23683	23894
A23786+T G23835+T	NA NA	10	25483	0.000392	23767	23850
A23760G	S:K733R	10	23324	0.000429	23683	23785
A23737G C23854A	S:E725E S:N764K	10	21439	0.000466	23683	23895
A23704G C23854A	S:I714M S:N764K	10	21127	0.000473	23683	23893
A23696+T	NA	10	57323	0.000174	23683	23710
A23690G C23854A	S:N710D S:N764K	10	20865	0.000479	23683	23895
A23403G C23423T T23510C C23525T	S:D614G S:P621S S:L650L S:H655Y	10	15725	0.000636	23335	23532
A23403G C23423T T23482C C23525T	S:D614G S:P621S S:S640S S:H655Y	10	15725	0.000636	23335	23539
A23403G C23423T T23448C C23525T	S:D614G S:P621S S:L629P S:H655Y	10	15725	0.000636	23335	23539
A23403G C23423T T23434-C	S:D614G S:P621S NA	10	23398	0.000427	23342	23443
A23403G C23423T C23502T C23525T	S:D614G S:P621S S:A647V S:H655Y	10	15725	0.000636	23335	23539
A23403G C23423T A23494G C23525T	S:D614G S:P621S S:Q644Q S:H655Y	10	15725	0.000636	23335	23539
A23403G C23423T A23484G C23525T	S:D614G S:P621S S:N641S S:H655Y	10	15725	0.000636	23335	23532
A23403G C23423T A23476G C23525T	S:D614G S:P621S S:T638T S:H655Y	10	15725	0.000636	23335	23532
A23403G C23413T C23423T C23525T	S:D614G S:C617C S:P621S S:H655Y	10	15725	0.000636	23342	23539
A23382G A23403G C23423T C23525T	S:Q607R S:D614G S:P621S S:H655Y	10	15593	0.000641	23335	23539
A23128G G23222A C23271T	S:A522A S:E554K S:A570V	10	6343	0.001577	23089	23274
A22556G G22577C G22578A A22629C C22674T T22679C	S:I332V S:G339H S:G339H S:K356T S:S371F S:S373P	10	66	0.151515	22526	22685
A22265+T C22295A	NA S:H245T	10	7158	0.001397	22256	22319
A22193-ATT T22200G C22208T G22218+T C22295A	S:DEL212 S:V213G S:L216F NA S:H245T	10	4947	0.002021	22100	22319
A22193-ATT T22200G C22208T C22295A T22318C	S:DEL212 S:V213G S:L216F S:H245N S:G252G	10	4739	0.00211	22100	22319
A22193-ATT T22200G C22208T A22279G C22295A	S:DEL212 S:V213G S:L216F S:Q239Q S:H245N	10	4947	0.002021	22178	22310
A22110+G C22120-A A22193-ATT T22200G C22208T C22295A	NA NA S:DEL212 S:V213S S:L216S S:H245T	10	4607	0.002171	22100	22319
A22108C A22193-ATT T22200G C22208T C22295A	S:K182N S:DEL212 S:V213G S:L216F S:H245N	10	4604	0.002172	22100	22319
A21913G G21941T G21987A T21990-TTA T22032C C22033A A22034G	S:L117L S:V127F S:G142D S:DEL144 S:F157S S:F157S S:R158G	10	15694	0.000637	21847	22058
