nt_mutations	aa_mutations	cluster_depth	total_depth	frequency	coverage_start	coverage_end
C23525T T23599G C23604G	S:H655Y S:N679K S:P681R	27065	51633	0.52418	23520	23608
T23599G C23604G	S:N679K S:P681R	20481	87705	0.233521	23594	23607
C25207T	S:Y1215Y	19491	50945	0.382589	25203	25210
A24424T T24469A	S:Q954H S:N969K	12214	35405	0.34498	24421	24473
T24469A	S:N969K	8611	58178	0.148011	24465	24482
C23854A	S:N764K	7592	28111	0.270072	23851	23858
A23403G C23423T C23525T	S:D614G S:P621S S:H655Y	5485	13750	0.398909	23398	23529
A24424T	S:Q954H	5071	40739	0.124475	24422	24424
G21941T G21987A T21990-TTA T22032C C22033A A22034G	S:V127F S:G142D S:DEL144 S:F157S S:F157S S:R158G	2378	10466	0.227212	21937	22043
C23271T A23403G C23423T	S:A570V S:D614G S:P621S	2190	8210	0.266748	23269	23428
G23222A C23271T	S:E554K S:A570V	2043	7069	0.289008	23208	23274
T21609+CATGCCGCTGTT C21618T C21622T G21624C T21632-TACCCCCTG C21711T A21764-TACATG	S:INS17HAAV S:T19F S:T20F S:R21T S:DEL25/27 S:S50L S:DEL69/70	1798	8991	0.199978	21601	21780
C24990T C25000T	S:P1143L S:D1146D	1707	7636	0.223546	24979	25004
C25207T C25262-TT	S:Y1215Y NA	1663	50340	0.033035	25176	25290
A23403G C23423T	S:D614G S:P621S	1549	24821	0.062407	23399	23427
A22193-ATT T22200G C22208T C22295A	S:DEL212 S:V213G S:L216F S:H245N	1479	5823	0.253993	22186	22297
T23599G	S:N679K	1373	87762	0.015645	23595	23603
C23525T	S:H655Y	1336	67781	0.019711	23521	23528
C23604G	S:P681R	1302	87790	0.014831	23600	23607
C22295A	S:H245N	1232	8443	0.14592	22291	22301
C23887-A	NA	1153	27474	0.041967	23862	23894
C24672-A	NA	1090	29664	0.036745	24651	24679
C23525T T23599G C23601A C23604G	S:H655Y S:N679K S:S680Y S:P681R	1079	51633	0.020897	23517	23624
C23525T C23604G	S:H655Y S:P681R	1052	51633	0.020375	23520	23613
C21618T C21622T G21624C T21632-TACCCCCTG C21711T A21764-TACATG	S:T19I S:T20T S:R21T S:DEL25/27 S:S50L S:DEL69/70	994	8992	0.110543	21610	21790
T23599G C23601A C23604G	S:N679K S:S680Y S:P681R	929	87705	0.010592	23592	23612
C24981-T C24990T C25000T	NA S:P1143L S:D1146D	916	7630	0.120052	24922	25006
C23271T C23334-T A23403G C23423T	S:A570V NA S:D614G S:P621S	876	8210	0.106699	23269	23429
C24378T A24424T	S:S939F S:Q954H	776	4857	0.159769	24374	24424
C21711T A21764-TACATG	S:S50L S:DEL69/70	738	10752	0.068638	21705	21785
T24377-C A24424T	NA S:Q954H	709	4857	0.145975	24368	24424
C23854A G23948T	S:N764K S:D796Y	703	3527	0.19932	23850	23954
C23423T	S:P621S	626	25029	0.025011	23419	23426
C25207T G25278-T	S:Y1215Y NA	623	50062	0.012445	25197	25292
G23948T	S:D796Y	608	4468	0.136079	23944	23951
A24424T T24469A T24472-G	S:Q954H S:N969K NA	585	35365	0.016542	24418	24552
C23271T C23334-T C23423T	S:A570V NA S:P621S	556	8210	0.067722	23269	23426
G21987A T21990-TTA T22032C C22033A A22034G	S:G142D S:DEL144 S:F157S S:F157S S:R158G	518	10973	0.047207	21975	22043
C23423T C23525T	S:P621S S:H655Y	484	13886	0.034855	23420	23532
C23525T T23599G	S:H655Y S:N679K	480	51654	0.009293	23519	23600
C25207T C25262-TT G25278-T	S:Y1215Y NA NA	471	50062	0.009408	25140	25290
C25262-T	NA	447	58186	0.007682	25260	25272
C23271T	S:A570V	442	15897	0.027804	23269	23274
A24110-T	NA	436	8076	0.053987	24103	24120
T21609+CATGCCGCTGTT C21618T C21622T G21624C T21632-TACCCCCTG A21764-TACATG	S:INS17HAAV S:T19F S:T20F S:R21T S:DEL25/27 S:DEL69/70	416	8991	0.046268	21598	21787
T25196-G C25207T	NA S:Y1215Y	412	50597	0.008143	25176	25212
A25194-AT G25197T C25207T C25262-TT	NA S:W1212L S:Y1215Y NA	406	49930	0.008131	25150	25282
T21940-G G21987A T21990-TTA T22032C C22033A A22034G	NA S:G142D S:DEL144 S:F157S S:F157S S:R158G	402	10465	0.038414	21931	22043
C23854A C23887-A	S:N764K NA	390	26998	0.014446	23847	23894
T24469A C24672-A	S:N969K NA	389	21280	0.01828	24465	24679
T25191-A C25207T	NA S:Y1215Y	371	50418	0.007358	25181	25210
C22295A C22353A	S:H245N S:A264D	369	787	0.468869	22285	22366
G23222A	S:E554K	356	7174	0.049624	23210	23224
T23599G C23604G T23641-G	S:N679K S:P681R NA	339	85529	0.003964	23596	23657
C23525T A23558-T T23599G C23604G	S:H655Y NA S:N679K S:P681R	326	51633	0.006314	23501	23612
T22032C C22033A A22034G	S:F157S S:F157S S:R158G	325	11734	0.027697	22025	22051
C24990T	S:P1143L	302	7678	0.039333	24979	24994
A25194-AT G25197T C25207T	NA S:W1212L S:Y1215Y	294	50535	0.005818	25148	25211
C25207T C25262-T	S:Y1215Y NA	287	50340	0.005701	25144	25280
A23712+T	NA	286	60776	0.004706	23686	23724
C25262-TT	NA	277	58186	0.004761	25252	25291
C24119-A	NA	274	8396	0.032635	24111	24143
A23403G C23525T	S:D614G S:H655Y	269	13750	0.019564	23393	23530
A24424T T24469A C24536-A	S:Q954H S:N969K NA	258	34867	0.0074	24412	24552
T25191-A C25207T C25262-TT	NA S:Y1215Y NA	257	49813	0.005159	25130	25279
T23599G C23604G G23666+A	S:N679K S:P681R NA	254	34754	0.007309	23581	23700
A23403G C23423T G23486-T C23525T	S:D614G S:P621S NA S:H655Y	250	13750	0.018182	23345	23529
A21764-TACATG	S:DEL69/70	246	10932	0.022503	21757	21791
A22193-ATT T22200G C22295A	S:DEL212 S:V213G S:H245N	245	5823	0.042075	22179	22319
T25196-G C25207T C25262-TT	NA S:Y1215Y NA	239	49992	0.004781	25178	25282
G21941T G21987A T21990-TTA T22032C C22033A	S:V127F S:G142D S:DEL144 S:F157S S:F157S	236	10467	0.022547	21937	22052
C22120-A A22193-ATT T22200G C22208T C22295A	NA S:DEL212 S:V213G S:L216F S:H245N	236	5474	0.043113	22112	22304
A24253-T	NA	231	7284	0.031713	24233	24263
T21609+CATGCCGCTGTT C21618T C21622T G21624C T21632-TACCCCCTG C21711T A21764-TACATG C21781-A	S:INS17HAAV S:T19F S:T20F S:R21T S:DEL25/27 S:S50L S:DEL69/70 NA	227	8964	0.025324	21600	21788
C23271T A23403G	S:A570V S:D614G	224	8332	0.026884	23269	23407
T23511+A C23525T T23599G C23604G	NA S:H655S S:N679* S:P681C	222	51510	0.00431	23487	23624
C25000T	S:D1146D	219	7943	0.027571	24995	25010
T24469A T24492-A	S:N969K NA	217	58018	0.00374	24465	24502
A23403G	S:D614G	217	25040	0.008666	23398	23409
C24150+T	NA	216	10405	0.020759	24148	24163
C21618T C21622T G21624C T21632-TACCCCCTG C21711T A21764-TACATG C21781-A	S:T19I S:T20T S:R21T S:DEL25/27 S:S50L S:DEL69/70 NA	212	8965	0.023648	21597	21802
T23599G C23604G A23712+T	S:N679K S:P681R NA	210	33892	0.006196	23580	23720
C21618T C21622T G21624C T21632-TACCCCCTG A21764-TACATG	S:T19I S:T20T S:R21T S:DEL25/27 S:DEL69/70	209	8992	0.023243	21597	21791
C23271T C23423T	S:A570V S:P621S	205	8210	0.02497	23269	23426
T24469A C24536-A	S:N969K NA	191	57359	0.00333	24465	24559
A21875-T G21941T G21987A T21990-TTA T22032C C22033A A22034G	NA S:V127F S:G142D S:DEL144 S:F157S S:F157S S:R158G	191	10054	0.018997	21865	22054
C23525T T23599G C23604A	S:H655Y S:N679K S:P681H	188	51633	0.003641	23501	23626
G25198-C C25207T	NA S:Y1215Y	184	50667	0.003632	25188	25323
G24140-T	NA	181	8654	0.020915	24125	24164
T25140-A C25207T	NA S:Y1215Y	171	48465	0.003528	25131	25210
G21941T T21990-TTA T22032C C22033A A22034G	S:V127F S:DEL144 S:F157S S:F157S S:R158G	164	10466	0.01567	21933	22054
C24536-A	NA	157	60999	0.002574	24524	24545
A23786-T C23854A	NA S:N764K	157	26764	0.005866	23758	23873
T22200G C22208T C22295A	S:V213G S:L216F S:H245N	156	5869	0.02658	22196	22301
T22032C C22033A	S:F157S S:F157S	156	11735	0.013294	22022	22043
C23525T T23527C T23599G C23604G	S:H655Y S:H655Y S:N679K S:P681R	151	51633	0.002924	23516	23624
G25555-T	NA	148	3380	0.043787	25381	25566
C23525T T23548C T23599G C23604G	S:H655Y S:C662C S:N679K S:P681R	148	51633	0.002866	23493	23624
A23515+G C23525T T23599G C23604G	NA S:H655S S:N679* S:P681C	147	51551	0.002852	23505	23624
T23507C C23525T T23599G C23604G	S:C649R S:H655Y S:N679K S:P681R	144	51443	0.002799	23501	23624
A24324-AT	NA	142	7976	0.017803	24240	24335
C24672-A A24684-T	NA NA	141	5393	0.026145	24623	24702
C23525T A23531G T23599G C23604G	S:H655Y S:N657D S:N679K S:P681R	139	51633	0.002692	23515	23624
A25194-AT G25197T C25207T C25262-TT G25278-T	NA S:W1212L S:Y1215Y NA NA	138	49652	0.002779	25139	25322
C23525T A23552G T23599G C23604G	S:H655Y S:I664V S:N679K S:P681R	137	51633	0.002653	23501	23637
C24320-A	NA	136	8042	0.016911	24229	24332
G23522-A C23525T T23599G C23604G	NA S:H655Y S:N679K S:P681R	134	51632	0.002595	23508	23624
G23835+T	NA	133	28141	0.004726	23798	23848
T24469A T24472-G	S:N969K NA	132	58135	0.002271	24465	24563
T23850+A	NA	132	28145	0.00469	23767	23865
C23525T T23559C T23599G C23604G	S:H655Y S:I666T S:N679K S:P681R	132	51633	0.002557	23500	23631
A23712+T C23887-A	NA NA	131	21173	0.006187	23686	23894
A23594G T23599G C23604G	S:T678A S:N679K S:P681R	128	87682	0.00146	23581	23642
C25207T G25320A	S:Y1215Y S:C1253Y	127	49525	0.002564	25170	25324
C25207T G25218-T	S:Y1215Y NA	124	50580	0.002452	25199	25226
C23525T A23550G T23599G C23604G	S:H655Y S:D663G S:N679K S:P681R	123	51633	0.002382	23499	23622
C23525T T23599G C23604G T23620C	S:H655Y S:N679K S:P681R S:S686S	122	51585	0.002365	23502	23642
C21711T A21764-TACATG C21781-A	S:S50L S:DEL69/70 NA	122	10719	0.011382	21702	21796
G21987A T21990-TTA T22032C C22033A	S:G142D S:DEL144 S:F157S S:F157S	119	10974	0.010844	21975	22054
T23599G C23604G G23666-A	S:N679K S:P681R NA	117	34754	0.003367	23581	23690
T23599G C23604G T23659G	S:N679K S:P681R S:L699L	115	34804	0.003304	23580	23699
G24488-T	NA	115	60894	0.001889	24486	24499
T23143-A G23222A C23271T	NA S:E554K S:A570V	112	6854	0.016341	23129	23281
C25207T T25263C	S:Y1215Y S:L1234P	111	50270	0.002208	25187	25269
C22208T C22295A	S:L216F S:H245N	111	6009	0.018472	22204	22319
C25207T T25270C	S:Y1215Y S:C1236C	110	50099	0.002196	25185	25320
A24424T T24438+A	S:Q954H NA	110	35694	0.003082	24415	24448
C23334-T A23403G C23423T	NA S:D614G S:P621S	109	9239	0.011798	23285	23429
A24424T G24488-T	S:Q954H NA	107	35276	0.003033	24413	24507
C24378T	S:S939F	106	5267	0.020125	24374	24394
C23525T T23529C T23599G C23604G	S:H655Y S:V656A S:N679K S:P681R	106	51633	0.002053	23487	23624
C25207T C25294-A	S:Y1215Y NA	105	49927	0.002103	25199	25323
C23271T C23334-T	S:A570V NA	105	8600	0.012209	23269	23349
A22193-ATT T22200G C22208T	S:DEL212 S:V213G S:L216F	105	6182	0.016985	22159	22216
C25413T	ORF3a:I7I	104	12964	0.008022	25378	25426
A24424T C24536-A	S:Q954H NA	103	34867	0.002954	24415	24563
T24267-G C24378T A24424T	NA S:S939F S:Q954H	102	3754	0.027171	24259	24424
T23703-A	NA	102	61194	0.001667	23691	23711
C24852-A C24990T C25000T	NA S:P1143L S:D1146D	102	7209	0.014149	24850	25068
C23525T T23584C T23599G C23604G	S:H655Y S:Y674Y S:N679K S:P681R	102	51633	0.001975	23493	23624
T24492-A	NA	101	61026	0.001655	24486	24505
T23599G C23604G C23609-G	S:N679K S:P681R NA	101	87686	0.001152	23587	23630
G23768-T	NA	100	28726	0.003481	23767	23777
A24424T T24469A A24520G	S:Q954H S:N969K S:K986K	99	35051	0.002824	24415	24564
T23599G C23604G T23652C	S:N679K S:P681R S:M697T	98	34874	0.00281	23581	23687
A24103+T	NA	98	8337	0.011755	24096	24185
T24267-G T24377-C A24424T	NA NA S:Q954H	97	3754	0.025839	24260	24424
T21940-G G21987A T21990-TTA C22000-A T22032C C22033A A22034G	NA S:G142D S:DEL144 NA S:F157S S:F157S S:R158G	95	10465	0.009078	21868	22058
T23599G C23604G C23709+A	S:N679K S:P681R NA	94	33996	0.002765	23580	23717
G23222A C23230+A C23271T	S:E554K NA S:A570F	93	7069	0.013156	23089	23290
C23525T T23599G C23604G T23617C	S:H655Y S:N679K S:P681R S:R685R	93	51590	0.001803	23493	23642
C23525T T23546C T23599G C23604G	S:H655Y S:C662R S:N679K S:P681R	93	51633	0.001801	23487	23624
A25146G C25207T	S:E1195G S:Y1215Y	93	48886	0.001902	25131	25210
T23164-A G23222A C23271T	NA S:E554K S:A570V	92	6891	0.013351	23093	23290
C23525T T23599G C23604G C23609T	S:H655Y S:N679K S:P681R S:R683W	92	51623	0.001782	23487	23624
C23525T T23599G C23604G A23636G	S:H655Y S:N679K S:P681R S:I692V	92	50611	0.001818	23487	23642
T25196-G C25207T C25262-TT G25278-T	NA S:Y1215Y NA NA	91	49714	0.00183	25131	25309
T23599G C23604G A23648G	S:N679K S:P681R S:T696A	91	34902	0.002607	23587	23712
C25207T G25218-T C25262-TT	S:Y1215Y NA NA	91	50340	0.001808	25140	25320
T24377-C	NA	90	5268	0.017084	24371	24389
T23143-A T23164-A G23222A C23271T	NA NA S:E554K S:A570V	90	6854	0.013131	23091	23290
G23735+A	NA	90	25049	0.003593	23719	23747
G21941T G21987A T21990-TTA C22000-A T22032C C22033A A22034G	S:V127F S:G142D S:DEL144 NA S:F157S S:F157S S:R158G	90	10466	0.008599	21889	22043
C23334-T C23423T	NA S:P621S	90	9239	0.009741	23285	23426
C25294-A	NA	89	58644	0.001518	25287	25324
C23271T C23277T A23403G C23423T	S:A570V S:T572I S:D614G S:P621S	89	8210	0.01084	23269	23443
A24110-T C24119-A	NA NA	89	7977	0.011157	24101	24173
C23525T A23544G T23599G C23604G	S:H655Y S:E661G S:N679K S:P681R	88	51633	0.001704	23509	23626
A24684-T	NA	88	5451	0.016144	24673	24695
T25196-G C25207T G25278-T	NA S:Y1215Y NA	87	49714	0.00175	25130	25325
T24469A A24493T	S:N969K S:L977F	87	57997	0.0015	24465	24679
C23525T T23537C T23599G C23604G	S:H655Y S:S659P S:N679K S:P681R	87	51633	0.001685	23503	23624
C23709+A	NA	86	60923	0.001412	23686	23719
A22556G G22577C G22578A A22629C C22674T T22679C	S:I332V S:G339H S:G339H S:K356T S:S371F S:S373P	86	344	0.25	22517	22683
T25150C C25207T	S:S1196S S:Y1215Y	84	49002	0.001714	25130	25263
T24469A A24520G	S:N969K S:K986K	84	57624	0.001458	24465	24564
G23508+T C23525T T23599G C23604G	NA S:H655S S:N679* S:P681C	84	51464	0.001632	23489	23623
C25207T A25274G	S:Y1215Y S:T1238A	84	50085	0.001677	25197	25317
C25207T A25253G	S:Y1215Y S:T1231A	84	50427	0.001666	25188	25324
C23525T T23599G T23600C C23604G	S:H655Y S:N679K S:S680P S:P681R	84	51633	0.001627	23504	23624
A25194-AT G25197T C25207T G25278-T	NA S:W1212L S:Y1215Y NA	84	49652	0.001692	25122	25296
T24469A T24523C	S:N969K S:V987V	83	57560	0.001442	24465	24564
C23525T T23599G T23602-C	S:H655Y S:N679K NA	82	51636	0.001588	23501	23624
C23525T A23594G T23599G C23604G	S:H655Y S:T678A S:N679K S:P681R	82	51633	0.001588	23509	23634
A23524G C23525T T23599G C23604G	S:E654E S:H655Y S:N679K S:P681R	82	51632	0.001588	23487	23642
G23501T C23525T T23599G C23604G	S:A647S S:H655Y S:N679K S:P681R	81	51242	0.001581	23487	23624
C21618T C21622T G21624C T21632-TACCCCCTG	S:T19I S:T20T S:R21T S:DEL25/27	81	9382	0.008634	21597	21664
T25412-C	NA	80	12977	0.006165	25381	25477
T22200G C22295A	S:V213G S:H245N	80	5869	0.013631	22196	22319
C23525T A23598G T23599G C23604G	S:H655Y S:N679R S:N679R S:P681R	80	51633	0.001549	23487	23640
C23525T A23572G T23599G C23604G	S:H655Y S:I670M S:N679K S:P681R	80	51633	0.001549	23487	23624
A23495G C23525T T23599G C23604G	S:T645A S:H655Y S:N679K S:P681R	80	51125	0.001565	23491	23637
G23835+T C23887-A	NA NA	79	26536	0.002977	23789	23894
T21609+CATGCCGCTGTT C21618T C21622T G21624C T21632-TACCCCCTG	S:INS17HAAV S:T19F S:T20F S:R21T S:DEL25/27	78	9381	0.008315	21597	21657
C25207T T25251C	S:Y1215Y S:V1230A	78	50448	0.001546	25143	25312
A25182G C25207T	S:E1207G S:Y1215Y	78	50055	0.001558	25128	25325
T21990-TTA T22032C C22033A A22034G	S:DEL144 S:F157S S:F157S S:R158G	77	10973	0.007017	21978	22043
C25207T T25268C	S:Y1215Y S:C1236R	77	50100	0.001537	25190	25325
C23525T A23566G T23599G C23604G	S:H655Y S:A668A S:N679K S:P681R	77	51633	0.001491	23516	23642
A24424T C24435-T	S:Q954H NA	77	35717	0.002156	24412	24458
C25207T G25298A	S:Y1215Y S:G1246S	76	49883	0.001524	25202	25320
T23509C C23525T T23599G C23604G	S:C649C S:H655Y S:N679K S:P681R	75	51490	0.001457	23487	23624
C21618T C21622T G21624C T21632-TACCCCCTG C21711T	S:T19I S:T20T S:R21T S:DEL25/27 S:S50L	75	9155	0.008192	21597	21719
A25176G C25207T	S:K1205R S:Y1215Y	75	49613	0.001512	25141	25235
A23513G C23525T T23599G C23604G	S:I651V S:H655Y S:N679K S:P681R	75	51527	0.001456	23507	23624
T23599G C23604G A23639-T	S:N679K S:P681R NA	74	85731	0.000863	23580	23642
T23521C C23525T T23599G C23604G	S:A653A S:H655Y S:N679K S:P681R	74	51630	0.001433	23487	23637
G23222A C23244-T C23271T	S:E554K NA S:A570V	74	7069	0.010468	23145	23275
C25207T T25291C	S:Y1215Y S:C1243C	74	49975	0.001481	25191	25314
C24026-T	NA	74	7436	0.009952	24021	24039
C23525T A23554-C T23599G C23604G	S:H655Y NA S:N679K S:P681R	74	51633	0.001433	23487	23634
C23525T A23532G T23599G C23604G	S:H655Y S:N657S S:N679K S:P681R	74	51633	0.001433	23487	23624
A25165G C25207T	S:Q1201Q S:Y1215Y	74	49294	0.001501	25137	25320
T25152C C25207T	S:L1197P S:Y1215Y	73	49052	0.001488	25131	25261
T24469A T24499C	S:N969K S:D979D	73	57914	0.00126	24465	24508
T23599G C23604G A23670+T	S:N679K S:P681R NA	73	34727	0.002102	23581	23678
A21875-T T21940-G G21987A T21990-TTA T22032C C22033A A22034G	NA NA S:G142D S:DEL144 S:F157S S:F157S S:R158G	73	10054	0.007261	21847	22058
T23599G C23604G T23629C	S:N679K S:P681R S:S689S	72	86877	0.000829	23580	23642
C25207T T25322C	S:Y1215Y S:C1254R	72	49297	0.001461	25126	25324
C23525T A23586G T23599G C23604G	S:H655Y S:Q675R S:N679K S:P681R	72	51633	0.001394	23505	23634
T21609+CATGCCGCTGTT C21618T C21622T G21624C T21632-TACCCCCTG C21711T	S:INS17HAAV S:T19F S:T20F S:R21T S:DEL25/27 S:S50L	71	9154	0.007756	21597	21729
C23525T T23582C T23599G C23604G	S:H655Y S:Y674H S:N679K S:P681R	71	51633	0.001375	23489	23621
C23525T A23588G T23599G C23604G	S:H655Y S:T676A S:N679K S:P681R	71	51633	0.001375	23487	23625
A23503G C23525T T23599G C23604G	S:A647A S:H655Y S:N679K S:P681R	71	51368	0.001382	23487	23629
C23525T T23599G C23604G T23640C	S:H655Y S:N679K S:P681R S:I693T	70	49918	0.001402	23501	23642
A24424T T24469A G24488+T	S:Q954H S:N969K NA	70	35276	0.001984	24412	24526
A24105+T	NA	70	8450	0.008284	24097	24112
T25129C C25207T	S:V1189V S:Y1215Y	69	46662	0.001479	25126	25261
T23850+A C23887-A	NA NA	69	26926	0.002563	23824	23895
T23599G C23604G T23693C	S:N679K S:P681R S:S711P	69	34525	0.001999	23580	23724
T23599G C23604G T23633C	S:N679K S:P681R S:S691P	69	86687	0.000796	23587	23642
T23599G C23604G A23712-T	S:N679K S:P681R NA	69	33892	0.002036	23581	23724
T23489C C23525T T23599G C23604G	S:F643L S:H655Y S:N679K S:P681R	69	50904	0.001355	23487	23624
G25278-T	NA	69	58484	0.00118	25264	25316
G25127-T C25207T	NA S:Y1215Y	69	46473	0.001485	25124	25210
G23222A C23230-A C23271T	S:E554K NA S:A570V	69	7069	0.009761	23089	23289
C25207T T25283C	S:Y1215Y S:C1241R	69	50028	0.001379	25176	25324
C25207T T25310C	S:Y1215Y S:C1250R	68	49747	0.001367	25129	25325
C24466+A	NA	68	57864	0.001175	24465	24482
C23525T A23592G T23599G C23604G	S:H655Y S:Q677R S:N679K S:P681R	68	51633	0.001317	23487	23637
A24110-T C24150+T	NA NA	68	7741	0.008784	24021	24191
T24469A A24619G	S:N969K S:R1019R	67	21589	0.003103	24465	24662
C23887-A G23948T	NA S:D796Y	67	3673	0.018241	23782	23953
C23525T T23599G C23604G T23629C	S:H655Y S:N679K S:P681R S:S689S	67	50993	0.001314	23507	23637
A23786+T	NA	67	28392	0.00236	23767	23801
T23599G C23604G T23662C	S:N679K S:P681R S:G700G	66	34772	0.001898	23580	23700
T23599G C23604G T23654C	S:N679K S:P681R S:S698P	66	34864	0.001893	23580	23705
G25302-T	NA	66	58852	0.001121	25295	25323
C25207T G25287-T	S:Y1215Y NA	66	50004	0.00132	25191	25323
A23400+G C23423T	NA S:P621S	66	24821	0.002659	23363	23429
T23599G C23604G T23620C	S:N679K S:P681R S:S686S	65	87606	0.000742	23580	23642
C25207T A25295G	S:Y1215Y S:K1245E	65	49925	0.001302	25192	25325
C25000T C25207T	S:D1146D S:Y1215Y	65	231	0.281385	24998	25210
C23525T T23590C T23599G C23604G	S:H655Y S:T676T S:N679K S:P681R	65	51633	0.001259	23487	23627
C23525T T23573C T23599G C23604G	S:H655Y S:C671R S:N679K S:P681R	65	51633	0.001259	23501	23633
A24424T T24471-TG	S:Q954H NA	65	35369	0.001838	24413	24559
A23853-C	NA	65	28132	0.002311	23844	23862
A23588G T23599G C23604G	S:T676A S:N679K S:P681R	65	87587	0.000742	23582	23642
A23523G C23525T T23599G C23604G	S:E654G S:H655Y S:N679K S:P681R	65	51632	0.001259	23498	23634
T24643+A	NA	64	30013	0.002132	24624	24655
C23525T T23599G C23604G A23614G	S:H655Y S:N679K S:P681R S:A684A	64	51610	0.00124	23501	23624
A23586G T23599G C23604G	S:Q675R S:N679K S:P681R	64	87534	0.000731	23580	23642
A23494G C23525T T23599G C23604G	S:Q644Q S:H655Y S:N679K S:P681R	64	51117	0.001252	23487	23637
T24267-G	NA	63	7514	0.008384	24243	24324
T23599G C23604G T23680C	S:N679K S:P681R S:A706A	63	34645	0.001818	23580	23693
C25207T T25309C	S:Y1215Y S:S1249S	63	49761	0.001266	25203	25325
C23525T T23599G C23604G A23639-T	S:H655Y S:N679K S:P681R NA	63	49991	0.00126	23519	23642
A24324-AT C24378T A24424T	NA S:S939F S:Q954H	63	4579	0.013758	24314	24424
C25207T T25307C	S:Y1215Y S:S1249P	62	49811	0.001245	25184	25316
C24852-A	NA	62	10361	0.005984	24850	24864
C23525T A23534G T23599G C23604G	S:H655Y S:N658D S:N679K S:P681R	62	51633	0.001201	23501	23637
A25175G C25207T	S:K1205E S:Y1215Y	62	49595	0.00125	25160	25324
A24424T T24469A G24535A	S:Q954H S:N969K S:V991V	62	34877	0.001778	24416	24561
A23515-G C23525T T23599G C23604G	NA S:H655Y S:N679K S:P681R	62	51551	0.001203	23493	23624
T23742-A	NA	61	25004	0.00244	23683	23747
T23599G C23604G A23704+C	S:N679K S:P681R NA	61	34221	0.001783	23580	23716
C25207T T25260C	S:Y1215Y S:M1233T	61	50352	0.001211	25178	25325
C23525T T23599G C23604G G23624A	S:H655Y S:N679K S:P681R S:A688T	61	51545	0.001183	23508	23633
C21618T C21622T T21632-TACCCCCTG C21711T A21764-TACATG	S:T19I S:T20T S:DEL25/27 S:S50L S:DEL69/70	61	8992	0.006784	21597	21802
A24424T T24469A C24536-AA	S:Q954H S:N969K NA	61	34867	0.00175	24412	24564
G23835-T C23854A	NA S:N764K	60	27647	0.00217	23805	23881
G22104-A C22120-A A22193-ATT T22200G C22208T C22295A	NA NA S:DEL212 S:V213G S:L216F S:H245N	60	5362	0.01119	22100	22301
C24981-T C24990T	NA S:P1143L	60	7672	0.007821	24923	24995
C23525T T23599G C23604G C23625T	S:H655Y S:N679K S:P681R S:A688V	60	51533	0.001164	23487	23634
C23525T A23526G T23599G C23604G	S:H655C S:H655C S:N679K S:P681R	60	51633	0.001162	23508	23624
C21711T	S:S50L	60	10928	0.00549	21702	21763
A25125G C25207T	S:E1188G S:Y1215Y	60	46310	0.001296	25122	25316
A24424T T24469A T24513C	S:Q954H S:N969K S:L984P	60	35108	0.001709	24412	24515
A24424T T24436C T24469A	S:Q954H S:A958A S:N969K	60	35405	0.001695	24415	24564
A23497G C23525T T23599G C23604G	S:T645T S:H655Y S:N679K S:P681R	60	51136	0.001173	23487	23635
T25191-A C25207T C25262-TT G25278-T	NA S:Y1215Y NA NA	59	49535	0.001191	25130	25295
T24469A A24525G	S:N969K S:E988G	59	57529	0.001026	24465	24564
T24438+A	NA	59	36059	0.001636	24431	24450
C25207T G25249T	S:Y1215Y S:M1229I	59	50464	0.001169	25195	25325
C23525T T23599G C23604G T23637C	S:H655Y S:N679K S:P681R S:I692T	59	50550	0.001167	23487	23641
C23525T T23553C T23599G C23604G	S:H655Y S:I664T S:N679K S:P681R	59	51633	0.001143	23487	23637
C23502T C23525T T23599G C23604G	S:A647V S:H655Y S:N679K S:P681R	59	51356	0.001149	23487	23634
A24803-T	NA	59	7931	0.007439	24737	24806
A23493G C23525T T23599G C23604G	S:Q644R S:H655Y S:N679K S:P681R	59	51002	0.001157	23487	23627
A22193-ATT T22200G C22208T G22218-T C22295A	S:DEL212 S:V213G S:L216F NA S:H245N	59	5823	0.010132	22169	22319
T23599G C23604G A23636G	S:N679K S:P681R S:I692V	58	86398	0.000671	23580	23642
T23596+A T23599G C23604G	NA S:N679* S:P681C	58	87699	0.000661	23580	23619
T23500C C23525T T23599G C23604G	S:R646R S:H655Y S:N679K S:P681R	58	51231	0.001132	23487	23624
G25287-T	NA	58	58557	0.00099	25277	25318
G23835-T	NA	58	28141	0.002061	23767	23850
C25207T A25241G	S:Y1215Y S:I1227V	58	50509	0.001148	25203	25320
C24503-T	NA	58	61041	0.00095	24473	24514
A24424T T24469A A24532G	S:Q954H S:N969K S:E990E	58	34931	0.00166	24417	24550
A24110-T G24140-T	NA NA	58	7802	0.007434	24038	24161
T25382+A	NA	57	13272	0.004295	25372	25403
G21941T G21987A T22032C C22033A A22034G	S:V127F S:G142D S:F157S S:F157S S:R158G	57	10466	0.005446	21897	22056
C23525T A23554G T23599G C23604G	S:H655Y S:I664M S:N679K S:P681R	57	51633	0.001104	23488	23624
A25174G C25207T	S:G1204G S:Y1215Y	57	49549	0.00115	25148	25308
A24424T T24469A T24499C	S:Q954H S:N969K S:D979D	57	35223	0.001618	24416	24530
T25191-A C25207T G25278-T	NA S:Y1215Y NA	56	49535	0.001131	25130	25323
T23487C C23525T T23599G C23604G	Unknown S:H655Y S:N679K S:P681R	56	32899	0.001702	23486	23624
C25207T T25237C	S:Y1215Y S:I1225I	56	50521	0.001108	25133	25261
C23816-T C23854A	NA S:N764K	56	27256	0.002055	23801	23873
C23525T T23599G C23604G C23615T	S:H655Y S:N679K S:P681R S:R685C	56	51604	0.001085	23487	23624
A25420+T	NA	56	12855	0.004356	25382	25429
A25201G C25207T	S:P1213P S:Y1215Y	56	50840	0.001101	25169	25316
T24376-TC A24424T	NA S:Q954H	55	4857	0.011324	24361	24424
T23599G T23600C C23604G	S:N679K S:S680P S:P681R	55	87705	0.000627	23580	23642
C25207T T25272C	S:Y1215Y S:M1237T	55	50085	0.001098	25200	25292
C25207T T25228C	S:Y1215Y S:A1222A	55	50540	0.001088	25136	25270
C25207T G25299-C	S:Y1215Y NA	55	49881	0.001103	25202	25325
C25207T G25218+T C25262-TT	S:Y1215Y NA NA	55	50340	0.001093	25122	25296
C23525T T23599G C23604G T23633C	S:H655Y S:N679K S:P681R S:S691P	55	50854	0.001082	23501	23637
C23525T T23599G C23604G A23623G	S:H655Y S:N679K S:P681R S:V687V	55	51562	0.001067	23487	23641
A25164G C25207T	S:Q1201R S:Y1215Y	55	49274	0.001116	25155	25316
A24885+T C24981-T C24990T C25000T	NA NA S:P1143I S:D1146S	55	7385	0.007448	24850	25015
T23599G C23604G A23674G	S:N679K S:P681R S:S704S	54	34699	0.001556	23581	23724
C25207T T25301C	S:Y1215Y S:C1247R	54	49853	0.001083	25159	25324
C23525T T23599G C23604G T23622C	S:H655Y S:N679K S:P681R S:V687A	54	51576	0.001047	23499	23637
C23525T T23542C T23599G C23604G	S:H655Y S:Y660Y S:N679K S:P681R	54	51633	0.001046	23487	23624
A25327-T	NA	54	5430	0.009945	25264	25335
A22110+G A22193-ATT T22200G C22208T C22295A	NA S:DEL212 S:V213S S:L216S S:H245T	54	5407	0.009987	22103	22319
T24469A A24654-GT	S:N969K NA	53	21485	0.002467	24465	24679
T23599G C23604G A23631G	S:N679K S:P681R S:Q690R	53	86757	0.000611	23580	23642
T23491C C23525T T23599G C23604G	S:F643F S:H655Y S:N679K S:P681R	53	50931	0.001041	23488	23624
G24488+T	NA	53	60894	0.00087	24473	24531
C23525T T23581C T23599G C23604G	S:H655Y S:S673S S:N679K S:P681R	53	51633	0.001026	23487	23642
A25472-T	NA	53	12049	0.004399	25383	25477
A24520G	S:K986K	53	61093	0.000868	24500	24524
A24424T T24438+A T24469A	S:Q954H NA S:N969Q	53	35405	0.001497	24413	24519
A22193-ATT C22208T C22295A	S:DEL212 S:L216F S:H245N	53	5823	0.009102	22173	22319
G25130-C C25207T	NA S:Y1215Y	52	46774	0.001112	25122	25323
C25207T T25265C	S:Y1215Y S:C1235R	52	50167	0.001037	25194	25270
C23525T T23563C T23599G C23604G	S:H655Y S:G667G S:N679K S:P681R	52	51633	0.001007	23508	23624
C23525T A23541G T23599G C23604G	S:H655Y S:Y660C S:N679K S:P681R	52	51633	0.001007	23506	23642
C23525T A23539G T23599G C23604G	S:H655Y S:S659S S:N679K S:P681R	52	51633	0.001007	23487	23624
A25206G C25207T	S:Y1215C S:Y1215C	52	50943	0.001021	25198	25325
A24424T T24469A A24525G	S:Q954H S:N969K S:E988G	52	34981	0.001487	24412	24562
A24424T G24488+T	S:Q954H NA	52	35276	0.001474	24413	24563
T25171C C25207T	S:L1203L S:Y1215Y	51	49449	0.001031	25130	25316
T25140-A	NA	51	50054	0.001019	25131	25145
T23143-A T23164-A G23222A C23230-A C23271T	NA NA S:E554K NA S:A570V	51	6854	0.007441	23128	23290
G25177+A C25207T	NA S:Y1215V	51	49659	0.001027	25169	25324
C23498T C23525T T23599G C23604G	S:R646C S:H655Y S:N679K S:P681R	51	51148	0.000997	23487	23624
T23599G C23604G T23637C	S:N679K S:P681R S:I692T	50	86329	0.000579	23582	23642
T23599G C23604G A23702G	S:N679K S:P681R S:I714V	50	34246	0.00146	23581	23705
C25207T T25319C	S:Y1215Y S:C1253R	50	49551	0.001009	25187	25325
C25207T T25293C	S:Y1215Y S:L1244P	50	49948	0.001001	25177	25324
C25207T T25232C	S:Y1215Y S:L1224L	50	50531	0.000989	25195	25325
C25207T G25323A	S:Y1215Y S:C1254Y	50	49264	0.001015	25130	25325
C23525T T23569C T23599G C23604G	S:H655Y S:G669G S:N679K S:P681R	50	51633	0.000968	23501	23629
C23525T T23540C T23599G C23604G	S:H655Y S:Y660H S:N679K S:P681R	50	51633	0.000968	23507	23642
C23525T A23526G T23599G C23604G T23620C	S:H655C S:H655C S:N679K S:P681R S:S686S	50	51585	0.000969	23487	23624
C23271T T23337-TG C23423T	S:A570V NA S:P621S	50	8210	0.00609	23269	23430
A24468-T	NA	50	58187	0.000859	24465	24491
T23599G C23604G T23697C	S:N679K S:P681R S:I712T	49	34486	0.001421	23582	23704
T23599G C23604G T23617C	S:N679K S:P681R S:R685R	49	87619	0.000559	23580	23642
T23599G C23604G C23609T	S:N679K S:P681R S:R683W	49	87686	0.000559	23580	23642
C25207T T25304C	S:Y1215Y S:C1248R	49	49833	0.000983	25179	25322
C23525T T23599G T23602C C23604G	S:H655Y S:N679K S:S680S S:P681R	49	51633	0.000949	23487	23624
C23525T T23599G C23604G A23631G	S:H655Y S:N679K S:P681R S:Q690R	49	50901	0.000963	23493	23642
T25161C C25207T	S:L1200P S:Y1215Y	48	49210	0.000975	25141	25275
T23599G C23604G A23656G	S:N679K S:P681R S:S698S	48	34843	0.001378	23580	23700
T23590C T23599G C23604G	S:T676T S:N679K S:P681R	48	87611	0.000548	23581	23637
G25198A C25207T	S:W1212* S:Y1215Y	48	50667	0.000947	25133	25324
G23835-T C23887-A	NA NA	48	26536	0.001809	23767	23895
C24320-A C24378T A24424T	NA S:S939F S:Q954H	48	4551	0.010547	24229	24424
T24492+A	NA	47	61026	0.00077	24482	24503
T23637-C	NA	47	87535	0.000537	23629	23642
T23599G C23604G T23626C	S:N679K S:P681R S:A688A	47	87031	0.00054	23580	23637
G21941T G21987A T21990-TTA	S:V127F S:G142D S:DEL144	47	10580	0.004442	21935	22007
C25207T T25306C	S:Y1215Y S:C1248C	47	49821	0.000943	25126	25324
C25207T T25233C	S:Y1215Y S:L1224S	47	50530	0.00093	25142	25325
C24672-A A24803-T	NA NA	47	4841	0.009709	24612	24806
C23525T T23599G C23604G G23619A	S:H655Y S:N679K S:P681R S:S686N	47	51587	0.000911	23487	23637
C23525T T23599G C23604G G23610A	S:H655Y S:N679K S:P681R S:R683Q	47	51616	0.000911	23498	23624
A24424T T24469A T24475C	S:Q954H S:N969K S:G971G	47	35355	0.001329	24412	24564
A23597G T23599G C23604G	S:N679E S:N679E S:P681R	47	87700	0.000536	23580	23642
A22193-ATT C22295A	S:DEL212 S:H245N	47	5823	0.008071	22180	22319
T25180C C25207T	S:Y1206Y S:Y1215Y	46	49920	0.000921	25144	25250
T23599G C23604G T23676C	S:N679K S:P681R S:V705A	46	34687	0.001326	23580	23695
T23599G C23604G T23640C	S:N679K S:P681R S:I693T	46	85641	0.000537	23580	23642
T23599G C23604G G23675+T	S:N679K S:P681R NA	46	34693	0.001326	23580	23708
T23599G C23604G A23665G	S:N679K S:P681R S:A701A	46	34762	0.001323	23580	23700
T23599G C23604G A23646G	S:N679K S:P681R S:Y695C	46	34932	0.001317	23580	23724
C25207T T25285C	S:Y1215Y S:C1241C	46	50018	0.00092	25131	25325
C23525T T23599G C23604G G23612A	S:H655Y S:N679K S:P681R S:A684T	46	51614	0.000891	23487	23637
A25195G C25207T	S:K1211K S:Y1215Y	46	50566	0.00091	25160	25325
A24424T T24469A A24498G	S:Q954H S:N969K S:D979G	46	35228	0.001306	24412	24564
A24424T A24456G T24469A	S:Q954H S:Q965R S:N969K	46	35405	0.001299	24416	24564
A23786+T C23887-A	NA NA	46	25664	0.001792	23683	23895
T24469A T24581C	S:N969K S:Y1007H	45	21686	0.002075	24465	24667
T23599G C23604G T23637-C	S:N679K S:P681R NA	45	86329	0.000521	23583	23642
T23599G C23604G G23699A	S:N679K S:P681R S:A713T	45	34455	0.001306	23593	23700
T23599G C23604G A23696-T	S:N679K S:P681R NA	45	34494	0.001305	23580	23706
T23599G C23604G A23618G	S:N679K S:P681R S:S686G	45	87617	0.000514	23580	23642
T23584C T23599G C23604G	S:Y674Y S:N679K S:P681R	45	87474	0.000514	23580	23642
T23510C C23525T T23599G C23604G	S:L650L S:H655Y S:N679K S:P681R	45	51503	0.000874	23487	23629
T21940-G G21987A T21990-TTA T22032C C22033A	NA S:G142D S:DEL144 S:F157S S:F157S	45	10466	0.0043	21913	22054
C23525T T23599G C23604G T23605C	S:H655Y S:N679K S:P681R S:P681R	45	51624	0.000872	23498	23629
C23271T T23337-TG A23403G C23423T	S:A570V NA S:D614G S:P621S	45	8210	0.005481	23269	23435
A25190G C25207T	S:I1210V S:Y1215Y	45	50346	0.000894	25186	25284
T23599G C23604G G23624A	S:N679K S:P681R S:A688T	44	87525	0.000503	23580	23642
T23599G C23604G C23709-A	S:N679K S:P681R NA	44	33996	0.001294	23581	23724
T23599G C23604G A23632G	S:N679K S:P681R S:Q690Q	44	86714	0.000507	23580	23642
C25207T T25303C	S:Y1215Y S:C1247C	44	49845	0.000883	25199	25324
C25207T G25302-T	S:Y1215Y NA	44	49851	0.000883	25190	25325
C24517-A	NA	44	61081	0.00072	24507	24529
C23816-T	NA	44	28258	0.001557	23767	23829
C23525T T23599G C23604G G23616A	S:H655Y S:N679K S:P681R S:R685H	44	51596	0.000853	23487	23624
C23525T T23578C T23599G C23604G	S:H655Y S:A672A S:N679K S:P681R	44	51633	0.000852	23488	23634
C23271T C23277T C23334-T A23403G C23423T	S:A570V S:T572I NA S:D614G S:P621S	44	8210	0.005359	23269	23426
A25188G C25207T	S:Y1209C S:Y1215Y	44	50264	0.000875	25130	25320
A24424T T24469A A24516G	S:Q954H S:N969K S:D985G	44	35089	0.001254	24412	24564
A24424T A24520G	S:Q954H S:K986K	44	35051	0.001255	24412	24563
A23729+T C23854A	NA S:N764K	44	22346	0.001969	23718	23881
T23599G C23604A	S:N679K S:P681H	43	87705	0.00049	23584	23641
T23582C T23599G C23604G	S:Y674H S:N679K S:P681R	43	87415	0.000492	23580	23642
G21941T G21987A T21990-TTA A22003T T22032C C22033A A22034G	S:V127F S:G142D S:DEL144 S:K147N S:F157S S:F157S S:R158G	43	10466	0.004109	21933	22058
C25207T T25258C	S:Y1215Y S:I1232I	43	50382	0.000853	25172	25323
C25207T A25255G	S:Y1215Y S:T1231T	43	50402	0.000853	25192	25270
C24668+A	NA	43	29785	0.001444	24486	24679
C24435-T	NA	43	36063	0.001192	24428	24445
C23882+A	NA	43	27838	0.001545	23855	23891
C23525T T23599G C23604G A23618G	S:H655Y S:N679K S:P681R S:S686G	43	51589	0.000834	23487	23637
A25448G	ORF3a:E19G	43	12339	0.003485	25384	25469
A25133G C25207T	S:K1191E S:Y1215Y	43	48090	0.000894	25130	25255
A24885+T	NA	43	10428	0.004124	24850	24901
A24424T T24469A T24529C	S:Q954H S:N969K S:A989A	43	34951	0.00123	24415	24564
A24424T A24443G T24469A	S:Q954H S:T961A S:N969K	43	35405	0.001215	24412	24564
A23592G T23599G C23604G	S:Q677R S:N679K S:P681R	43	87634	0.000491	23580	23621
T25159C C25207T	S:D1199D S:Y1215Y	42	49175	0.000854	25130	25263
T24523C	S:V987V	42	61076	0.000688	24508	24557
T23599G C23604G T23698C	S:N679K S:P681R S:I712I	42	34472	0.001218	23580	23724
G24521+T	NA	42	61060	0.000688	24487	24540
G22104-A A22193-ATT T22200G C22208T C22295A	NA S:DEL212 S:V213G S:L216F S:H245N	42	5362	0.007833	22100	22310
C25262-TT G25278-T	NA NA	42	57893	0.000725	25251	25324
C25207T T25316C	S:Y1215Y S:S1252P	42	49676	0.000845	25141	25325
C25207T T25215C	S:Y1215Y S:L1218P	42	50589	0.00083	25200	25263
C25207T G25238A	S:Y1215Y S:A1226T	42	50517	0.000831	25152	25325
C23525T C23575T T23599G C23604G	S:H655Y S:C671C S:N679K S:P681R	42	51633	0.000813	23491	23624
A25449G	ORF3a:E19E	42	12326	0.003407	25383	25477
A25143G C25207T	S:N1194S S:Y1215Y	42	48761	0.000861	25131	25210
A24424T T24469A T24514C	S:Q954H S:N969K S:L984L	42	35105	0.001196	24412	24564
A24424T T24469A T24480C	S:Q954H S:N969K S:I973T	42	35325	0.001189	24413	24564
A24424T T24469A G24558T	S:Q954H S:N969K S:G999V	42	34545	0.001216	24412	24564
A24424T T24469A G24488-T	S:Q954H S:N969K NA	42	35276	0.001191	24412	24554
A24424T C24466+A	S:Q954H NA	42	35422	0.001186	24415	24499
T24469A A24677G	S:N969K S:R1039G	41	21170	0.001937	24465	24679
T23599G C23604G T23686C	S:N679K S:P681R S:S708S	41	34607	0.001185	23580	23705
T23599G C23604G T23622C	S:N679K S:P681R S:V687A	41	87581	0.000468	23580	23642
T23599G C23601A C23604G C23615T	S:N679K S:S680Y S:P681R S:R685C	41	87646	0.000468	23580	23624
G21941T A21979-T G21987A T21990-TTA T22032C C22033A A22034G	S:V127F NA S:G142D S:DEL144 S:F157S S:F157S S:R158G	41	10466	0.003917	21867	22058
C24422-A T24469A	NA S:N969K	41	35402	0.001158	24412	24554
C23525T T23599G C23604G T23637-C	S:H655Y S:N679K S:P681R NA	41	50550	0.000811	23501	23642
C23525T T23599G C23604G T23626C	S:H655Y S:N679K S:P681R S:A688A	41	51094	0.000802	23515	23634
C23525T A23535G T23599G C23604G	S:H655Y S:N658S S:N679K S:P681R	41	51633	0.000794	23487	23624
A25185G C25207T	S:Q1208R S:Y1215Y	41	50162	0.000817	25165	25325
A24424T T24469A A24562G	S:Q954H S:N969K S:R1000R	41	34483	0.001189	24412	24563
A24424T T24469A A24508G	S:Q954H S:N969K S:S982S	41	35166	0.001166	24412	24564
A24424T A24441G T24469A	S:Q954H S:N960S S:N969K	41	35405	0.001158	24412	24564
A23403G C23423T G23441A C23525T	S:D614G S:P621S S:D627N S:H655Y	41	13750	0.002982	23367	23532
T24469A A24562G	S:N969K S:R1000R	40	56870	0.000703	24465	24564
T23599G C23604G A23704G	S:N679K S:P681R S:I714M	40	34221	0.001169	23580	23724
T23596C T23599G C23604G	S:T678T S:N679K S:P681R	40	87699	0.000456	23580	23642
T23581C T23599G C23604G	Unknown S:N679K S:P681R	40	87241	0.000459	23580	23642
G23768-T C23887-A	NA NA	40	25505	0.001568	23767	23894
G23501A C23525T T23599G C23604G	S:A647T S:H655Y S:N679K S:P681R	40	51242	0.000781	23487	23642
C25207T T25264C	S:Y1215Y S:L1234L	40	50263	0.000796	25200	25320
C25207T A25271G	S:Y1215Y S:M1237V	40	50097	0.000798	25145	25320
C25207T A25225G	S:Y1215Y S:I1221M	40	50562	0.000791	25130	25311
C24422-A	NA	40	40818	0.00098	24412	24424
C23706G C23854A	S:P715R S:N764K	40	22171	0.001804	23699	23881
C23525T T23599G C23604G A23627G	S:H655Y S:N679K S:P681R S:S689G	40	51042	0.000784	23501	23638
C21622T G21624C T21632-TACCCCCTG C21711T A21764-TACATG	S:T20T S:R21T S:DEL25/27 S:S50L S:DEL69/70	40	8992	0.004448	21597	21802
A24424T T24469A T24472-G C24536-A	S:Q954H S:N969K NA NA	40	34867	0.001147	24412	24564
A24424T T24469A A24554G	S:Q954H S:N969K S:T998A	40	34664	0.001154	24412	24561
A24424T T24469A A24519G	S:Q954H S:N969K S:K986R	40	35065	0.001141	24412	24564
A23403G A23414G C23423T C23525T	S:D614G S:T618A S:P621S S:H655Y	40	13750	0.002909	23339	23532
T25428C	ORF3a:T12T	39	12676	0.003077	25381	25477
T24660+A	NA	39	29929	0.001303	24612	24670
T24469A G24488+T	S:N969K NA	39	58034	0.000672	24465	24530
T24469A A24576G	S:N969K S:Q1005R	39	21845	0.001785	24465	24679
T23488C C23525T T23599G C23604G	Unknown S:H655Y S:N679K S:P681R	39	50802	0.000768	23487	23624
C25262-T A25327-T	NA NA	39	5017	0.007774	25251	25335
C25207T T25220C	S:Y1215Y S:F1220L	39	50579	0.000771	25201	25263
C25156T C25207T	S:I1198I S:Y1215Y	39	49135	0.000794	25135	25325
C23854A G23903-T G23948T	S:N764K NA S:D796Y	39	3527	0.011058	23820	23956
C23525T G23576A T23599G C23604G	S:H655Y S:A672T S:N679K S:P681R	39	51633	0.000755	23487	23629
C23525T G23562A T23599G C23604G	S:H655Y S:G667D S:N679K S:P681R	39	51633	0.000755	23491	23624
C23525T C23565T T23599G C23604G	S:H655Y S:A668V S:N679K S:P681R	39	51633	0.000755	23487	23642
C23492-A C23525T T23599G C23604G	NA S:H655Y S:N679K S:P681R	39	50950	0.000765	23488	23624
A24424T T24469A G24530A	S:Q954H S:N969K S:E990K	39	34943	0.001116	24412	24549
A24424T G24521+T	S:Q954H NA	39	35018	0.001114	24412	24563
A24424T C24503-T	S:Q954H NA	39	35193	0.001108	24416	24519
A24424T A24454G T24469A	S:Q954H S:K964K S:N969K	39	35405	0.001102	24412	24564
A24253-T A24324-AT	NA NA	39	6762	0.005768	24229	24335
A23598G T23599G C23604G	S:N679R S:N679R S:P681R	39	87700	0.000445	23581	23614
T23599G C23604G T23684C	S:N679K S:P681R S:S708P	38	34627	0.001097	23580	23705
G23519A C23525T T23599G C23604G	S:A653T S:H655Y S:N679K S:P681R	38	51609	0.000736	23487	23624
G23499A C23525T T23599G C23604G	S:R646H S:H655Y S:N679K S:P681R	38	51177	0.000743	23487	23637
C25207T T25312C	S:Y1215Y S:C1250C	38	49732	0.000764	25145	25321
C25207T A25208-T	S:Y1215Y NA	38	50873	0.000747	25193	25230
C23709-A	NA	38	60923	0.000624	23707	23722
C23525T C23601A C23604G	S:H655Y S:S680Y S:P681R	38	51633	0.000736	23487	23642
C23525T A23570G T23599G C23604G	S:H655Y S:I670V S:N679K S:P681R	38	51633	0.000736	23487	23624
A25438G	ORF3a:K16E	38	12479	0.003045	25383	25477
A25194-AT G25197T C25207T C25262-T	NA S:W1212L S:Y1215Y NA	38	49930	0.000761	25130	25310
A25158G C25207T	S:D1199G S:Y1215Y	38	49164	0.000773	25124	25264
A24677G	S:R1039G	38	29527	0.001287	24612	24679
T25191-A C25207T G25218-T C25262-TT	NA S:Y1215Y NA NA	37	49813	0.000743	25130	25317
T24469A T24658C	S:N969K S:C1032C	37	21470	0.001723	24465	24677
T24469A A24610G	S:N969K S:A1016A	37	21601	0.001713	24465	24618
T23599G C23604G T23677C	S:N679K S:P681R S:V705V	37	34680	0.001067	23580	23724
T23599G C23604G T23672C	S:N679K S:P681R S:S704P	37	34713	0.001066	23580	23700
T23599G C23604G T23659C	S:N679K S:P681R S:L699L	37	34804	0.001063	23580	23705
T23599G C23604G G23612A	S:N679K S:P681R S:A684T	37	87668	0.000422	23592	23624
T23599G C23604G C23679T	S:N679K S:P681R S:A706V	37	34662	0.001067	23580	23687
T23599G C23604G A23708G	S:N679K S:P681R S:T716A	37	34008	0.001088	23580	23717
T23599G C23604G A23614G	S:N679K S:P681R S:A684A	37	87653	0.000422	23580	23642
T23487G C23525T T23599G C23604G	Unknown S:H655Y S:N679K S:P681R	37	32899	0.001125	23486	23642
T22942A	S:N460K	37	245	0.15102	22938	22963
T21940-G A21979-T G21987A T21990-TTA C22000-A T22032C C22033A A22034G	NA NA S:G142D S:DEL144 NA S:F157S S:F157S S:R158G	37	10465	0.003536	21847	22058
T21609+CATGCCGCTGTT C21618T C21622T G21624C T21632-TACCCCCTG C21711T C21736-T A21764-TACATG	S:INS17HAAV S:T19F S:T20F S:R21T S:DEL25/27 S:S50L NA S:DEL69/70	37	8991	0.004115	21598	21780
C25207T T25242C	S:Y1215Y S:I1227T	37	50504	0.000733	25135	25266
C25207T T25221C	S:Y1215Y S:F1220S	37	50577	0.000732	25198	25325
C23525T T23560C T23599G C23604G	S:H655Y S:I666I S:N679K S:P681R	37	51633	0.000717	23505	23624
C23525T A23597G T23599G C23604G	S:H655Y S:N679E S:N679E S:P681R	37	51633	0.000717	23505	23629
C21618T C21622T G21624C C21711T A21764-TACATG	S:T19I S:T20T S:R21T S:S50L S:DEL69/70	37	8992	0.004115	21597	21802
A24424T A24433G T24469A	S:Q954H S:Q957Q S:N969K	37	35405	0.001045	24412	24564
A24253-T C24320-A	NA NA	37	6858	0.005395	24229	24332
A22193-ATT T22200G C22208T A22245-T C22295A	S:DEL212 S:V213G S:L216F NA S:H245N	37	5823	0.006354	22164	22306
T25205C C25207T	S:Y1215H S:Y1215H	36	50943	0.000707	25187	25322
T24469A C24668+A	S:N969K NA	36	21366	0.001685	24465	24679
T23599G C23604G T23689C	S:N679K S:P681R S:N709N	36	34589	0.001041	23580	23724
T23599G C23604G T23658C	S:N679K S:P681R S:L699P	36	34816	0.001034	23581	23699
T23599G C23604G A23688G	S:N679K S:P681R S:N709S	36	34596	0.001041	23580	23709
T23599G C23601A	S:N679K S:S680Y	36	87710	0.00041	23580	23642
C25207T T25280C	S:Y1215Y S:C1240R	36	50054	0.000719	25130	25325
C25207T T25219C	S:Y1215Y S:G1219G	36	50580	0.000712	25132	25325
C25207T T25211C	S:Y1215Y S:W1217R	36	50872	0.000708	25178	25264
C25207T C25275T	S:Y1215Y S:T1238I	36	50082	0.000719	25199	25284
C25131T C25207T	S:A1190V S:Y1215Y	36	47863	0.000752	25126	25325
C24026-T A24110-T	NA NA	36	6628	0.005432	24021	24121
C23854A A23888G	S:N764K S:K776E	36	26953	0.001336	23829	23895
C23854A A23881G	S:N764K S:E773E	36	27409	0.001313	23799	23892
C23525T T23599G C23604G C23613T	S:H655Y S:N679K S:P681R S:A684V	36	51612	0.000698	23487	23634
A25194-AT G25197T C25207T G25218-T C25262-TT	NA S:W1212L S:Y1215Y NA NA	36	49930	0.000721	25130	25305
A25154G C25207T	S:I1198V S:Y1215Y	36	49086	0.000733	25142	25313
A24493T	S:L977F	36	61010	0.00059	24489	24564
A24424T A24426G T24469A	S:Q954H S:N955S S:N969K	36	35405	0.001017	24412	24564
T25196-G C25207T C25262-T	NA S:Y1215Y NA	35	49992	0.0007	25122	25279
T24643-A	NA	35	30013	0.001166	24638	24655
T24469A G24657T	S:N969K S:C1032F	35	21474	0.00163	24465	24679
T23689-A	NA	35	61105	0.000573	23683	23708
T23599G T23637-C	S:N679K NA	35	86329	0.000405	23580	23722
T23599G C23604G T23703C	S:N679K S:P681R S:I714T	35	34227	0.001023	23580	23705
T23599G C23604G G23610A	S:N679K S:P681R S:R683Q	35	87675	0.000399	23582	23642
T23599G C23604G A23682G	S:N679K S:P681R S:Y707C	35	34641	0.00101	23580	23700
G23504A C23525T T23599G C23604G	S:G648S S:H655Y S:N679K S:P681R	35	51379	0.000681	23501	23623
C25207T A25277G	S:Y1215Y S:S1239G	35	50070	0.000699	25189	25325
C24990T C25000T C25046T	S:P1143L S:D1146D S:P1162S	35	7508	0.004662	24981	25065
C24119-A G24140-T	NA NA	35	8219	0.004258	24055	24173
C23854G	S:N764K	35	28111	0.001245	23723	23881
C23854A A23883G	S:N764K S:Q774R	35	27206	0.001286	23767	23895
C23601A C23604G	S:S680Y S:P681R	35	87781	0.000399	23580	23642
C23525T T23599G C23604G G23607A	S:H655Y S:N679K S:P681R S:R682Q	35	51623	0.000678	23487	23642
C23525T T23599G C23604G C23609-G	S:H655Y S:N679K S:P681R NA	35	51623	0.000678	23502	23623
C23525T C23556T T23599G C23604G	S:H655Y S:P665L S:N679K S:P681R	35	51633	0.000678	23487	23624
C23399+T C23423T C23525T	NA S:P621S S:H655S	35	13746	0.002546	23336	23532
C22120-A A22161-T A22193-ATT T22200G C22208T C22295A	NA NA S:DEL212 S:V213G S:L216F S:H245N	35	5474	0.006394	22109	22319
A24619G	S:R1019R	35	29979	0.001167	24612	24647
A24424T T24469A T24552C	S:Q954H S:N969K S:I997T	35	34705	0.001009	24412	24564
A24424T T24469A T24523C	S:Q954H S:N969K S:V987V	35	35002	0.001	24412	24564
A24424T T24469A T24504C	S:Q954H S:N969K S:L981P	35	35188	0.000995	24412	24554
A24424T T24469A C24536+A	S:Q954H S:N969K NA	35	34867	0.001004	24412	24557
A24424T T24469A A24560G	S:Q954H S:N969K S:R1000G	35	34504	0.001014	24416	24564
A24424T T24469A A24551G	S:Q954H S:N969K S:I997V	35	34727	0.001008	24412	24564
A24424T A24430G T24469A	S:Q954H S:A956A S:N969K	35	35405	0.000989	24412	24564
A23558-T T23599G C23604G	NA S:N679K S:P681R	35	52018	0.000673	23499	23638
T25191-A C25207T C25262-T	NA S:Y1215Y NA	34	49813	0.000683	25141	25282
T25171+G C25207T	NA S:Y1215V	34	49449	0.000688	25126	25215
T23698+A C23854A	NA S:N764K	34	21929	0.00155	23691	23873
T23599G C23604G G23663A	S:N679K S:P681R S:A701T	34	34770	0.000978	23580	23724
G25445A	ORF3a:G18D	34	12380	0.002746	25381	25457
G25298A	S:G1246S	34	58736	0.000579	25264	25325
G25183A C25207T	S:E1207E S:Y1215Y	34	50089	0.000679	25174	25325
G24415A A24424T T24469A	S:V951V S:Q954H S:N969K	34	35180	0.000966	24412	24554
G21941T T21976-C G21987A T21990-TTA T22032C C22033A A22034G	S:V127F NA S:G142D S:DEL144 S:F157S S:F157S S:R158G	34	10466	0.003249	21936	22058
C25207T T25224C	S:Y1215Y S:I1221T	34	50564	0.000672	25191	25273
C25207T T25209C	S:Y1215Y S:I1216T	34	50872	0.000668	25172	25294
C25207T G25226A	S:Y1215Y S:A1222T	34	50557	0.000673	25179	25325
C25207T G25213A	S:Y1215Y S:W1217*	34	50598	0.000672	25189	25323
C25199T C25207T	S:P1213S S:Y1215Y	34	50695	0.000671	25178	25325
C23854A C23887-A G23948T	S:N764K NA S:D796Y	34	3527	0.00964	23767	23958
C23525T T23599G C23604G A23632G	S:H655Y S:N679K S:P681R S:Q690Q	34	50875	0.000668	23487	23642
C23525T C23555T T23599G C23604G	S:H655Y S:P665S S:N679K S:P681R	34	51633	0.000658	23487	23637
A24424T T24469A T24511C	S:Q954H S:N969K S:R983R	34	35131	0.000968	24415	24564
T25187C C25207T	S:Y1209H S:Y1215Y	33	50237	0.000657	25131	25281
T24469A T24552C	S:N969K S:I997T	33	57135	0.000578	24465	24564
T24469A C24536-AA	S:N969K NA	33	57359	0.000575	24465	24564
T24469A A24669G	S:N969K S:Q1036R	33	21325	0.001547	24465	24675
T23599G C23604G T23695C	S:N679K S:P681R S:S711S	33	34502	0.000956	23580	23724
T23599G C23604G C23635T	S:N679K S:P681R S:S691S	33	86559	0.000381	23580	23639
T23599G C23604G A23651G	S:N679K S:P681R S:M697V	33	34883	0.000946	23580	23710
T21609+CATGCCGCTGTT C21622T G21624C T21632-TACCCCCTG C21711T A21764-TACATG	S:INS17HAAV S:T20F S:R21T S:DEL25/27 S:S50L S:DEL69/70	33	8991	0.00367	21597	21788
T21609+CATGCCGCTGTT C21618T C21622T T21632-TACCCCCTG C21711T A21764-TACATG	S:INS17HAAV S:T19F S:T20F S:DEL25/27 S:S50L S:DEL69/70	33	8991	0.00367	21597	21802
G25198-C	NA	33	50919	0.000648	25191	25325
G25135+A C25207T	NA S:Y1215V	33	48214	0.000684	25130	25210
G21941T G21987A T21990-TTA C22033A A22034G	S:V127F S:G142D S:DEL144 S:F157L S:R158G	33	10466	0.003153	21847	22058
C25214+G	NA	33	51475	0.000641	25207	25325
C23525T C23577T T23599G C23604G	S:H655Y S:A672V S:N679K S:P681R	33	51633	0.000639	23515	23642
C23525T C23533T T23599G C23604G	S:H655Y S:N657N S:N679K S:P681R	33	51633	0.000639	23516	23642
C23103-T G23222A C23271T	NA S:E554K S:A570V	33	6779	0.004868	23096	23290
C22353A	S:A264D	33	822	0.040146	22346	22372
A25426G	ORF3a:T12A	33	12697	0.002599	25384	25468
A25179G C25207T	S:Y1206C S:Y1215Y	33	49860	0.000662	25149	25325
A24424T T24469A T24487C	S:Q954H S:N969K S:S975S	33	35280	0.000935	24412	24564
A24424T T24437C T24469A	S:Q954H S:L959L S:N969K	33	35405	0.000932	24412	24564
A24423+T	NA	33	40800	0.000809	24412	24424
A23720-T	NA	33	60449	0.000546	23683	23724
A23704+C	NA	33	61182	0.000539	23683	23716
A22161-T A22193-ATT T22200G C22208T C22295A	NA S:DEL212 S:V213G S:L216F S:H245N	33	5648	0.005843	22112	22315
A21764-TACATG C21781-A	S:DEL69/70 NA	33	10898	0.003028	21746	21802
T25270C	S:C1236C	32	58340	0.000549	25254	25325
T25148C C25207T	S:S1196P S:Y1215Y	32	48928	0.000654	25130	25325
T24499C	S:D979D	32	61051	0.000524	24480	24514
T24469A A24661G	S:N969K S:V1033V	32	21437	0.001493	24465	24679
T24469A A24516G	S:N969K S:D985G	32	57673	0.000555	24465	24564
T23807C C23854A	S:C749R S:N764K	32	27128	0.00118	23768	23891
T23599G C23604G A23623G	S:N679K S:P681R S:V687V	32	87549	0.000366	23580	23642
G25130A C25207T	S:A1190T S:Y1215Y	32	46774	0.000684	25122	25246
G24124-T	NA	32	8579	0.00373	24079	24187
G23505A C23525T T23599G C23604G	S:G648D S:H655Y S:N679K S:P681R	32	51391	0.000623	23487	23624
C25517-T	NA	32	3580	0.008939	25372	25530
C25207T T25257C	S:Y1215Y S:I1232T	32	50388	0.000635	25133	25276
C25207T C25214+G	S:Y1215Y NA	32	50594	0.000632	25201	25325
C25207T A25315G	S:Y1215Y S:G1251G	32	49698	0.000644	25177	25325
C21781-A	NA	32	11101	0.002883	21773	21802
A25397+T	NA	32	13161	0.002431	25383	25422
A25137G C25207T	S:N1192S S:Y1215Y	32	48345	0.000662	25130	25323
A24539+T	NA	32	61014	0.000524	24532	24564
A24424T T24450C T24469A	S:Q954H S:V963A S:N969K	32	35405	0.000904	24412	24564
A24424T T24447C T24469A	S:Q954H S:L962P S:N969K	32	35405	0.000904	24412	24517
A24424T A24432G T24469A	S:Q954H S:Q957R S:N969K	32	35405	0.000904	24412	24564
A24423G A24424T T24469A	S:Q954R S:Q954R S:N969K	32	35403	0.000904	24412	24518
T25202C C25207T	S:W1214R S:Y1215Y	31	50883	0.000609	25173	25210
T25191-A C25207T G25218-T	NA S:Y1215Y NA	31	50053	0.000619	25137	25325
T25191-A	NA	31	50959	0.000608	25141	25205
T25170C C25207T	S:L1203P S:Y1215Y	31	49418	0.000627	25137	25316
T24469A A24652G	S:N969K S:S1030S	31	21492	0.001442	24465	24679
T24417C A24424T T24469A	S:V952A S:Q954H S:N969K	31	35352	0.000877	24412	24538
T23599G C23604G C23644T	S:N679K S:P681R S:A694A	31	34949	0.000887	23580	23724
T23599G C23604G C23615T	S:N679K S:P681R S:R685C	31	87646	0.000354	23580	23642
T23599G C23604G A23668G	S:N679K S:P681R S:E702E	31	34737	0.000892	23580	23710
G24611+A	NA	31	24541	0.001263	24471	24652
G23384-T A23403G C23423T C23525T	NA S:D614G S:P621S S:H655Y	31	13648	0.002271	23347	23537
C25207T G25230A	S:Y1215Y S:G1223D	31	50535	0.000613	25178	25325
C23816-T C23887-A	NA NA	31	26150	0.001185	23767	23894
C23525T T23599G C23604G C23630-A	S:H655Y S:N679K S:P681R NA	31	50988	0.000608	23493	23639
C23525T C23533-A T23599G C23604G	S:H655Y NA S:N679K S:P681R	31	51633	0.0006	23487	23624
C23492+A C23525T T23599G C23604G	NA S:H655S S:N679* S:P681C	31	50950	0.000608	23486	23633
C23271T C23334-T C23367+A A23403G C23423T	S:A570V NA NA S:D614G S:P621S	31	8210	0.003776	23269	23443
A25147G C25207T	S:E1195E S:Y1215Y	31	48907	0.000634	25130	25325
A25134G C25207T	S:K1191R S:Y1215Y	31	48160	0.000644	25122	25258
A24661G	S:V1033V	31	29898	0.001037	24586	24679
A24424T T24469A T24482C	S:Q954H S:N969K S:S974P	31	35311	0.000878	24412	24564
A24424T T24469A A24518G	S:Q954H S:N969K S:K986E	31	35071	0.000884	24412	24564
A24424T T24464C T24469A	S:Q954H S:S968P S:N969K	31	35405	0.000876	24412	24564
A24424T C24435-T T24469A	S:Q954H NA S:N969K	31	35405	0.000876	24412	24513
A24424T A24468-T	S:Q954H NA	31	35410	0.000875	24415	24564
A23403G C23423T T23434-C C23525T	S:D614G S:P621S NA S:H655Y	31	13750	0.002255	23335	23535
A23359G A23403G C23423T C23525T	S:T599T S:D614G S:P621S S:H655Y	31	13518	0.002293	23345	23535
T25128C C25207T	S:V1189A S:Y1215Y	30	46547	0.000645	25122	25325
T24469A T24643+A	S:N969K NA	30	21517	0.001394	24465	24671
T23599G C23604G T23605C	S:N679K S:P681R S:P681R	30	87690	0.000342	23580	23634
T21940-G G21987A T22032C C22033A A22034G	NA S:G142D S:F157S S:F157S S:R158G	30	10465	0.002867	21901	22058
G21987A T21990-TTA	S:G142D S:DEL144	30	11090	0.002705	21975	22058
G21941T T21990-TTA T22032C C22033A	S:V127F S:DEL144 S:F157S S:F157S	30	10467	0.002866	21903	22058
C25207T T25289C	S:Y1215Y S:C1243R	30	49987	0.0006	25130	25325
C25207T T25248C	S:Y1215Y S:M1229T	30	50469	0.000594	25181	25325
C25207T T25210C	S:Y1215Y S:I1216I	30	50872	0.00059	25186	25255
C25207T G25261A	S:Y1215Y S:M1233I	30	50346	0.000596	25130	25322
C25207T A25223G	S:Y1215Y S:I1221V	30	50567	0.000593	25187	25325
C23882+A C23887-A	NA NA	30	27453	0.001093	23767	23895
C23854A C23887A A23888C G23948T	S:N764K S:D775E S:K776Q S:D796Y	30	3527	0.008506	23845	23971
C23709+A C23887-A	NA NA	30	21158	0.001418	23683	23895
C23525T T23596C T23599G C23604G	S:H655Y S:T678T S:N679K S:P681R	30	51633	0.000581	23487	23637
C23525T A23583G T23599G C23604G	S:H655Y S:Y674C S:N679K S:P681R	30	51633	0.000581	23489	23622
C23525T A23579G T23599G C23604G	S:H655Y S:S673G S:N679K S:P681R	30	51633	0.000581	23487	23624
A25472+T	NA	30	12049	0.00249	25381	25477
A24922-T C24981-T C24990T C25000T	NA NA S:P1143L S:D1146D	30	7485	0.004008	24853	25065
A24922+T C24981-T C24990T C25000T	NA NA S:P1143I S:D1146S	30	7485	0.004008	24850	25066
A24424T A24479+T	S:Q954H NA	30	35333	0.000849	24412	24509
A24325-T	NA	30	7880	0.003807	24229	24335
A23845G C23854A	S:T761T S:N764K	30	27923	0.001074	23837	23895
A23826G C23854A	S:Q755R S:N764K	30	27498	0.001091	23818	23887
A23403G C23423T G23522-A C23525T	S:D614G S:P621S NA S:H655Y	30	13750	0.002182	23391	23539
A23403G C23423T C23525T A23531G	S:D614G S:P621S S:H655Y S:N657D	30	13695	0.002191	23388	23539
T25140+A C25207T	NA S:Y1215V	29	48465	0.000598	25126	25234
T24469A T24589C	S:N969K S:T1009T	29	21648	0.00134	24465	24679
T24469A T24506C	S:N969K S:S982P	29	57816	0.000502	24465	24564
T24469A A24538G	S:N969K S:Q992Q	29	57325	0.000506	24465	24564
T23599G C23604G T23681C	S:N679K S:P681R S:Y707H	29	34643	0.000837	23580	23724
T23599G C23604G G23642A	S:N679K S:P681R S:A694T	29	85416	0.00034	23580	23703
T23599G C23604G C23630-A	S:N679K S:P681R NA	29	86862	0.000334	23580	23637
T23599G C23604G A23696G	S:N679K S:P681R S:I712V	29	34494	0.000841	23580	23724
T23490C C23525T T23599G C23604G	S:F643S S:H655Y S:N679K S:P681R	29	50926	0.000569	23486	23639
T21940-G T21990-TTA T22032C C22033A A22034G	NA S:DEL144 S:F157S S:F157S S:R158G	29	10465	0.002771	21892	22054
G25299-C	NA	29	58769	0.000493	25292	25325
G25204A C25207T	S:W1214* S:Y1215Y	29	50942	0.000569	25177	25325
G23735+A C23887-A	NA NA	29	21406	0.001355	23683	23895
C25207T T25279C	S:Y1215Y S:S1239S	29	50056	0.000579	25199	25325
C25207T G25305A	S:Y1215Y S:C1248Y	29	49830	0.000582	25130	25325
C25207T C25324T	S:Y1215Y S:C1254C	29	49183	0.00059	25171	25325
C25207T C25282T	S:Y1215Y S:C1240C	29	50038	0.00058	25132	25325
C25207T C25276T	S:Y1215Y S:T1238T	29	50078	0.000579	25130	25316
C25207T C25267T	S:Y1215Y S:C1235C	29	50110	0.000579	25194	25325
C25207T C25262-T G25298A	S:Y1215Y NA S:G1246S	29	49883	0.000581	25122	25325
C23758+A	NA	29	24852	0.001167	23683	23773
C23525T T23599G C23604G C23606T	S:H655Y S:N679K S:P681R S:R682W	29	51623	0.000562	23487	23629
C23525T T23571C T23599G C23604G	S:H655Y S:I670T S:N679K S:P681R	29	51633	0.000562	23487	23637
C23525T G23564A T23599G C23604G	S:H655Y S:A668T S:N679K S:P681R	29	51633	0.000562	23487	23642
C23525T C23530T T23599G C23604G	S:H655Y S:V656V S:N679K S:P681R	29	51633	0.000562	23487	23633
A25408G	ORF3a:R6G	29	13032	0.002225	25381	25477
A25167G C25207T	S:E1202G S:Y1215Y	29	49335	0.000588	25149	25325
A24885-T C24981-T C24990T C25000T	NA NA S:P1143L S:D1146D	29	7385	0.003927	24850	25005
A24424T T24469A A24500G	S:Q954H S:N969K S:I980V	29	35216	0.000823	24412	24564
A24424T T24448C T24469A	S:Q954H S:L962L S:N969K	29	35405	0.000819	24412	24521
A23852G C23854A	S:N764E S:N764E	29	28111	0.001032	23836	23890
A23403G C23423T T23427C C23525T	S:D614G S:P621S S:V622A S:H655Y	29	13750	0.002109	23342	23539
A22556G G22577C G22578A A22629C T22679C	S:I332V S:G339H S:G339H S:K356T S:S373P	29	344	0.084302	22494	22684
T25139C C25207T	S:L1193L S:Y1215Y	28	48446	0.000578	25130	25302
T24469A C24503-T	S:N969K NA	28	57852	0.000484	24465	24564
T23511C C23525T T23599G C23604G	S:L650S S:H655Y S:N679K S:P681R	28	51510	0.000544	23487	23642
T23143-A G23222A C23230-A C23271T	NA S:E554K NA S:A570V	28	6854	0.004085	23089	23290
G25401+T	NA	28	13116	0.002135	25381	25418
G25173-A C25207T	NA S:Y1215Y	28	49529	0.000565	25158	25263
G23222A C23271T C23277T	S:E554K S:A570V S:T572I	28	7028	0.003984	23090	23290
G21987A T22032C C22033A A22034G	S:G142D S:F157S S:F157S S:R158G	28	10973	0.002552	21967	22056
G21987A T21990-TTA C22000-A T22032C C22033A A22034G	S:G142D S:DEL144 NA S:F157S S:F157S S:R158G	28	10973	0.002552	21971	22058
C25207T T25288C	S:Y1215Y S:S1242S	28	49992	0.00056	25192	25325
C25207T T25288-TG	S:Y1215Y NA	28	49992	0.00056	25129	25325
C25207T A25235G	S:Y1215Y S:I1225V	28	50526	0.000554	25191	25321
C23854A T23877C	S:N764K S:V772A	28	27523	0.001017	23740	23895
C23854A C23887A A23888C	S:N764K S:D775E S:K776Q	28	26953	0.001039	23840	23894
C23525T G23567A T23599G C23604G	S:H655Y S:G669S S:N679K S:P681R	28	51633	0.000542	23505	23642
C23525T C23595T T23599G C23604G	S:H655Y S:T678I S:N679K S:P681R	28	51633	0.000542	23487	23633
C23334-T	NA	28	9718	0.002881	23296	23348
C23271T T23337-TG	S:A570V NA	28	8587	0.003261	23269	23362
C23271T C23334-T A23403G	S:A570V NA S:D614G	28	8332	0.003361	23269	23412
A25168G C25207T	S:E1202E S:Y1215Y	28	49365	0.000567	25163	25291
A24551G	S:I997V	28	60967	0.000459	24539	24564
A24424T T24469A T24534A	S:Q954H S:N969K S:V991E	28	34908	0.000802	24412	24559
A24424T T24469A T24506C	S:Q954H S:N969K S:S982P	28	35181	0.000796	24412	24563
A24424T T24469A T24489C	S:Q954H S:N969K S:V976A	28	35274	0.000794	24412	24564
A24424T T24469A A24556G	S:Q954H S:N969K S:T998T	28	34568	0.00081	24412	24564
A24424T T24451+A	S:Q954H NA	28	35575	0.000787	24412	24468
A24110-T G24124-T	NA NA	28	7886	0.003551	24021	24154
A23942-T G23948T	NA S:D796Y	28	4441	0.006305	23941	23967
A23756G C23854A	S:T732A S:N764K	28	22656	0.001236	23704	23895
A23696-T	NA	28	61213	0.000457	23686	23712
T25171-G C25207T	NA S:Y1215Y	27	49449	0.000546	25145	25324
T25155C C25207T	S:I1198T S:Y1215Y	27	49116	0.00055	25129	25298
T25140+A	NA	27	50054	0.000539	25132	25151
T24581C	S:Y1007H	27	24578	0.001099	24513	24586
T24471-TG	NA	27	59606	0.000453	24465	24563
T24469A T24607C	S:N969K S:A1015A	27	21607	0.00125	24465	24679
T23599G C23604G T23689-A	S:N679K S:P681R NA	27	34589	0.000781	23580	23706
T23599G C23604G C23664T	S:N679K S:P681R S:A701V	27	34766	0.000777	23580	23724
T23599G C23604G C23630T	S:N679K S:P681R S:Q690*	27	86862	0.000311	23580	23642
T23599G C23604G C23625T	S:N679K S:P681R S:A688V	27	87500	0.000309	23580	23642
T23599G C23604G A23723G	S:N679K S:P681R Unknown	27	33644	0.000803	23580	23724
T23599G C23604G A23717G	S:N679K S:P681R S:T719A	27	33845	0.000798	23580	23724
T23599G C23604G A23691G	S:N679K S:P681R S:N710S	27	34562	0.000781	23580	23700
G25320A	S:C1253Y	27	58941	0.000458	25304	25323
G24933-T	NA	27	10331	0.002613	24877	24943
G23517A C23525T T23599G C23604G	S:G652E S:H655Y S:N679K S:P681R	27	51596	0.000523	23509	23634
G21941T T22032C C22033A A22034G	S:V127F S:F157S S:F157S S:R158G	27	10466	0.00258	21936	22058
C25207T T25245-A	S:Y1215Y NA	27	50487	0.000535	25200	25260
C25207T G25278-T T25291C	S:Y1215Y NA S:C1243C	27	49975	0.00054	25124	25325
C25207T C25240T	S:Y1215Y S:A1226A	27	50511	0.000535	25130	25325
C25207T A25296-G	S:Y1215Y NA	27	49904	0.000541	25177	25325
C25207T A25286G	S:Y1215Y S:S1242G	27	50011	0.00054	25176	25325
C25207T A25246G	S:Y1215Y S:V1228V	27	50481	0.000535	25197	25320
C24981-T C25000T	NA S:D1146D	27	7630	0.003539	24910	25065
C24904T C24990T C25000T	S:I1114I S:P1143L S:D1146D	27	7441	0.003629	24871	25013
C24672+A	NA	27	29664	0.00091	24612	24679
C23854A G23873T	S:N764K S:A771S	27	27727	0.000974	23833	23895
C23525T A23558G T23599G C23604G	S:H655Y S:I666V S:N679K S:P681R	27	51633	0.000523	23507	23624
C22120-A A22193-ATT T22200G C22208T G22218-T C22295A	NA S:DEL212 S:V213G S:L216F NA S:H245N	27	5474	0.004932	22105	22302
A25194G C25207T	S:K1211R S:Y1215Y	27	50535	0.000534	25122	25325
A25137-T	NA	27	49946	0.000541	25130	25147
A24424T T24469A A24543G	S:Q954H S:N969K S:D994G	27	34807	0.000776	24415	24564
A24424T T24469A A24484G	S:Q954H S:N969K S:S974S	27	35291	0.000765	24412	24564
A23403G T23411C C23423T C23525T	S:D614G S:C617R S:P621S S:H655Y	27	13750	0.001964	23353	23529
A23403G C23423T C23481T G23504T C23525T	S:D614G S:P621S S:S640F S:G648C S:H655Y	27	13750	0.001964	23351	23539
A23382G A23403G C23423T C23525T	S:Q607R S:D614G S:P621S S:H655Y	27	13638	0.00198	23335	23532
T25171+G C25207T C25262-TT	NA S:Y1215V NA	26	48844	0.000532	25122	25315
T24658C	S:C1032C	26	29951	0.000868	24620	24679
T24469A T24643-A	S:N969K NA	26	21517	0.001208	24465	24676
T24469A T24513C	S:N969K S:L984P	26	57704	0.000451	24465	24515
T24469A T24492-A C24536-A	S:N969K NA NA	26	57359	0.000453	24465	24679
T24469A A24580G	S:N969K S:T1006T	26	21834	0.001191	24465	24668
T24469A A24560G	S:N969K S:R1000G	26	56900	0.000457	24465	24564
T24469A A24551G	S:N969K S:I997V	26	57161	0.000455	24465	24564
T24469A A24532G	S:N969K S:E990E	26	57446	0.000453	24465	24564
T24414C A24424T T24469A	S:V951A S:Q954H S:N969K	26	35150	0.00074	24412	24564
T23599G T23602C C23604G	S:N679K S:S680S S:P681R	26	87705	0.000296	23587	23641
T23599G C23604G G23621A	S:N679K S:P681R S:V687I	26	87594	0.000297	23580	23642
T23511+A A23515+G C23525T T23599G C23604G	NA NA S:H655Y S:N679L S:P681R	26	51510	0.000505	23487	23642
T21940-G A21979-T G21987A T21990-TTA T22032C C22033A A22034G	NA NA S:G142D S:DEL144 S:F157S S:F157S S:R158G	26	10465	0.002484	21867	22058
T21609+CATGCCGCTGTT C21618T C21622T G21624C T21632-TACCCCCTG C21736-T A21764-TACATG	S:INS17HAAV S:T19F S:T20F S:R21T S:DEL25/27 NA S:DEL69/70	26	8991	0.002892	21597	21802
G24140-TT	NA	26	8654	0.003004	24120	24175
C25262-T G25278-T	NA NA	26	57893	0.000449	25251	25295
C25207T G25281A	S:Y1215Y S:C1240Y	26	50042	0.00052	25200	25325
C25207T G25269A	S:Y1215Y S:C1236Y	26	50099	0.000519	25187	25325
C25207T G25244-T	S:Y1215Y NA	26	50496	0.000515	25200	25324
C25207T A25247G	S:Y1215Y S:M1229V	26	50475	0.000515	25181	25263
C25184T C25207T	S:Q1208* S:Y1215Y	26	50123	0.000519	25178	25325
C24672-A G24693-A	NA NA	26	5268	0.004935	24612	24786
C24064-A	NA	26	7622	0.003411	24035	24105
C23520T C23525T T23599G C23604G	S:A653V S:H655Y S:N679K S:P681R	26	51618	0.000504	23500	23624
C23271T C23334-T C23367+A C23423T	S:A570V NA NA S:P621S	26	8210	0.003167	23269	23428
A25194-AT G25197T C25207T G25218-T	NA S:W1212L S:Y1215Y NA	26	50170	0.000518	25132	25252
A24525G	S:E988G	26	61066	0.000426	24493	24564
A24424T T24469A T24564C	S:Q954H S:N969K Unknown	26	34417	0.000755	24412	24564
A24424T T24469A T24534C	S:Q954H S:N969K S:V991A	26	34908	0.000745	24412	24542
A24424T T24469A A24478G	S:Q954H S:N969K S:A972A	26	35339	0.000736	24412	24564
A24424T A24539+T	S:Q954H NA	26	34837	0.000746	24412	24564
A24420G A24424T T24469A	S:N953S S:Q954H S:N969K	26	35393	0.000735	24412	24564
A24324-AT C24378T	NA S:S939F	26	4979	0.005222	24234	24396
A24253-T C24320-A C24378T A24424T	NA NA S:S939F S:Q954H	26	3466	0.007501	24229	24424
A24253-T A24324-AT C24378T A24424T	NA NA S:S939F S:Q954H	26	3466	0.007501	24229	24424
A23810G C23854A	S:S750G S:N764K	26	27185	0.000956	23769	23890
A23403G C23423T T23482-A C23525T	S:D614G S:P621S NA S:H655Y	26	13750	0.001891	23399	23539
A23403G C23423T T23473C C23525T	S:D614G S:P621S S:S637S S:H655Y	26	13750	0.001891	23336	23539
T25263C	S:L1234P	25	58181	0.00043	25251	25270
T24469A T24564C	S:N969K S:L1001P	25	56797	0.00044	24465	24564
T24469A T24534C	S:N969K S:V991A	25	57415	0.000435	24465	24564
T24469A T24514C	S:N969K S:L984L	25	57699	0.000433	24465	24564
T24469A T24504C	S:N969K S:L981P	25	57839	0.000432	24465	24564
T24469A T24487C	S:N969K S:S975S	25	58038	0.000431	24465	24564
T24469A A24554G	S:N969K S:T998A	25	57087	0.000438	24465	24564
T23725C C23854A	S:S721S S:N764K	25	22292	0.001121	23687	23895
T23599G C23604G G23608A	S:N679K S:P681R S:R682R	25	87689	0.000285	23580	23642
T23599G C23604G C23700T	S:N679K S:P681R S:A713V	25	34447	0.000726	23580	23708
T23599G C23604G A23690G	S:N679K S:P681R S:N710D	25	34575	0.000723	23581	23724
T23599G C23604G A23687G	S:N679K S:P681R S:N709D	25	34603	0.000722	23580	23724
T23599G C23601A C23604G C23615T T23686C	S:N679K S:S680Y S:P681R S:R685C S:S708S	25	34607	0.000722	23580	23724
T23511+A C23525T	NA S:H655S	25	67612	0.00037	23487	23532
T23489G C23525T T23599G C23604G	S:F643V S:H655Y S:N679K S:P681R	25	50904	0.000491	23486	23642
T21609+CATGCCGCTGTT C21618T C21622T G21624C C21711T A21764-TACATG	S:INS17HAAV S:T19F S:T20F S:R21T S:S50L S:DEL69/70	25	8991	0.002781	21597	21802
G25135+A	NA	25	49819	0.000502	25130	25144
G21941T C21978A G21987A T21990-TTA T22032C C22033A A22034G	S:V127F S:P139Q S:G142D S:DEL144 S:F157S S:F157S S:R158G	25	10466	0.002389	21847	22058
C25207T G25249A	S:Y1215Y S:M1229I	25	50464	0.000495	25191	25325
C25207T C25239T	S:Y1215Y S:A1226V	25	50515	0.000495	25181	25325
C25207T A25325G	S:Y1215Y Unknown	25	49002	0.00051	25186	25325
C25207T A25216G	S:Y1215Y S:L1218L	25	50583	0.000494	25122	25325
C25200T C25207T	S:P1213L S:Y1215Y	25	50770	0.000492	25130	25325
C23525T T23599G C23604G G23608A	S:H655Y S:N679K S:P681R S:R682R	25	51623	0.000484	23487	23637
C23525T T23599G C23603T C23604G	S:H655Y S:N679K S:P681C S:P681C	25	51633	0.000484	23487	23642
C23381T A23403G C23423T C23525T	S:Q607* S:D614G S:P621S S:H655Y	25	13630	0.001834	23342	23539
C22120-A A22193-ATT T22200G C22208T	NA S:DEL212 S:V213G S:L216F	25	5829	0.004289	22105	22221
C21618T C21622T G21624C T21632-TACCCCCTG A21764-TACATG C21781-A	S:T19I S:T20T S:R21T S:DEL25/27 S:DEL69/70 NA	25	8965	0.002789	21597	21802
A25462G	ORF3a:T24A	25	12158	0.002056	25381	25477
A25253G	S:T1231A	25	57947	0.000431	25251	25325
A25137+T C25207T C25262-TT	NA S:Y1215V NA	25	47748	0.000524	25130	25325
A24654-GT	NA	25	29972	0.000834	24498	24679
A24424T T24506C	S:Q954H S:S982P	25	35181	0.000711	24413	24564
A24424T T24480C	S:Q954H S:I973T	25	35325	0.000708	24412	24564
A24424T T24469A T24505C	S:Q954H S:N969K S:L981L	25	35183	0.000711	24412	24558
A24424T T24469A T24491C	S:Q954H S:N969K S:L977L	25	35269	0.000709	24412	24564
A24424T T24448C	S:Q954H S:L962L	25	35601	0.000702	24412	24552
A24424T A24452G T24469A	S:Q954H S:K964E S:N969K	25	35405	0.000706	24412	24564
A23512G C23525T T23599G C23604G	S:L650L S:H655Y S:N679K S:P681R	25	51514	0.000485	23487	23642
A23403G C23423T T23470C C23525T	S:D614G S:P621S S:Y636Y S:H655Y	25	13750	0.001818	23345	23529
A23403G C23423T T23459C C23525T	S:D614G S:P621S S:W633R S:H655Y	25	13750	0.001818	23342	23532
T25140+A C25207T C25262-TT	NA S:Y1215V NA	24	47868	0.000501	25122	25325
T24514C	S:L984L	24	61074	0.000393	24476	24564
T24469A T24565C	S:N969K S:L1001L	24	56616	0.000424	24465	24679
T24469A T24505C	S:N969K S:L981L	24	57820	0.000415	24465	24564
T24469A T24489C	S:N969K S:V976A	24	58031	0.000414	24465	24564
T24469A A24674G	S:N969K S:K1038E	24	21213	0.001131	24465	24679
T24469A A24667G	S:N969K S:G1035G	24	21375	0.001123	24465	24679
T24469A A24587G	S:N969K S:T1009A	24	21658	0.001108	24465	24679
T24469A A24485G	S:N969K S:S975G	24	58047	0.000413	24465	24564
T23776C C23854A	S:C738C S:N764K	24	26691	0.000899	23742	23895
T23742-A C23887-A	NA NA	24	21498	0.001116	23683	23895
T23599G C23604G G23675-T	S:N679K S:P681R NA	24	34693	0.000692	23580	23724
T23599G C23604G C23706T	S:N679K S:P681R S:P715L	24	34188	0.000702	23580	23708
T23599G C23604G C23613T	S:N679K S:P681R S:A684V	24	87664	0.000274	23580	23642
T23599G C23604G A23720G	S:N679K S:P681R S:I720V	24	33673	0.000713	23593	23724
T23599G C23604G A23670G	S:N679K S:P681R S:N703S	24	34727	0.000691	23580	23724
T23599G C23604G A23669G	S:N679K S:P681R S:N703D	24	34729	0.000691	23580	23724
T22223A C22295A	S:S221T S:H245N	24	6610	0.003631	22219	22319
G24971+T C24990T C25000T	NA S:P1143I S:D1146S	24	7601	0.003157	24874	25022
G23587A T23599G C23604G	S:Q675Q S:N679K S:P681R	24	87554	0.000274	23580	23642
G23516A C23525T T23599G C23604G	S:G652R S:H655Y S:N679K S:P681R	24	51571	0.000465	23487	23634
C24852-A C24990T	NA S:P1143L	24	7230	0.00332	24850	25065
C23854A A23884G	S:N764K S:Q774Q	24	27152	0.000884	23827	23895
C23525T T23599G T23600-C T23602A C23604G	S:H655Y S:N679K NA S:S680S S:P681R	24	51633	0.000465	23487	23642
C23525T T23599G C23604G G23611A	S:H655Y S:N679K S:P681R S:R683R	24	51616	0.000465	23492	23629
C23525T T23599G C23604G C23635T	S:H655Y S:N679K S:P681R S:S691S	24	50756	0.000473	23487	23637
C23525T T23599G C23604G C23609+G	S:H655Y S:N679K S:P681R NA	24	51623	0.000465	23492	23621
C23525T T23599G C23604G A23639G	S:H655Y S:N679K S:P681R S:I693V	24	49991	0.00048	23487	23642
C23525T C23557-A T23599G C23604G	S:H655Y NA S:N679K S:P681R	24	51633	0.000465	23487	23642
C23271T C23277T C23334-T C23423T	S:A570V S:T572I NA S:P621S	24	8210	0.002923	23269	23436
A24788G	S:T1076A	24	8086	0.002968	24774	24791
A24424T T24469A A24545G	S:Q954H S:N969K S:R995G	24	34784	0.00069	24412	24564
A24253-T C24378T	NA S:S939F	24	3851	0.006232	24233	24383
A23779G C23854A	S:T739T S:N764K	24	26711	0.000899	23683	23884
A23762G C23854A	S:T734A S:N764K	24	22682	0.001058	23748	23889
A23403G T23404C C23423T C23525T	S:D614G S:D614G S:P621S S:H655Y	24	13750	0.001745	23371	23539
A21894G G21941T G21987A T21990-TTA T22032C C22033A A22034G	S:D111G S:V127F S:G142D S:DEL144 S:F157S S:F157S S:R158G	24	10201	0.002353	21847	22058
A21875-T T21940-G A21979-T G21987A T21990-TTA C22000-A T22032C C22033A A22034G	NA NA NA S:G142D S:DEL144 NA S:F157S S:F157S S:R158G	24	10054	0.002387	21867	22058
T25415C	ORF3a:F8S	23	12910	0.001782	25383	25477
T25258C	S:I1232I	23	58058	0.000396	25242	25323
T25144C C25207T	S:N1194N S:Y1215Y	23	48803	0.000471	25134	25325
T24625C	S:S1021S	23	30017	0.000766	24612	24669
T24469A T24625C	S:N969K S:S1021S	23	21575	0.001066	24465	24671
T24469A C24477T	S:N969K S:A972V	23	58118	0.000396	24465	24564
T24469A A24612G	S:N969K S:E1017G	23	21599	0.001065	24465	24679
T24469A A24604G	S:N969K S:R1014R	23	21614	0.001064	24465	24679
T24469A A24582G	S:N969K S:Y1007C	23	21685	0.001061	24465	24679
T24469A A24518G	S:N969K S:K986E	23	57649	0.000399	24465	24564
T24179C	S:Y873H	23	10255	0.002243	24148	24191
T23750C C23854A	S:S730P S:N764K	23	22627	0.001016	23683	23890
T23599G C23604G G23661A	S:N679K S:P681R S:G700D	23	34782	0.000661	23580	23724
T21990-TTA T22032C C22033A	S:DEL144 S:F157S S:F157S	23	10974	0.002096	21972	22058
G25127-T	NA	23	48059	0.000479	25122	25147
G24488-T C24672-A	NA NA	23	23630	0.000973	24470	24679
G23699A C23854A	S:A713T S:N764K	23	21951	0.001048	23683	23895
G23222A A23267-T C23271T	S:E554K NA S:A570V	23	7069	0.003254	23175	23290
C25207T G25299A	S:Y1215Y S:G1246D	23	49881	0.000461	25174	25323
C25207T G25287A	S:Y1215Y S:S1242N	23	50004	0.00046	25127	25325
C25207T A25259G	S:Y1215Y S:M1233V	23	50377	0.000457	25141	25319
C25207T A25243G	S:Y1215Y S:I1227M	23	50498	0.000455	25153	25324
C25149T C25207T	S:S1196F S:Y1215Y	23	48976	0.00047	25141	25325
C23854A T23878C	S:N764K S:V772V	23	27462	0.000838	23830	23892
C23525T T23599G C23604G T23633+C	S:H655Y S:N679K S:P681R NA	23	50854	0.000452	23487	23642
C23525T T23542-G T23599G C23604G	S:H655Y NA S:N679K S:P681R	23	51633	0.000445	23488	23626
C23271T A23359G A23403G C23423T	S:A570V S:T599T S:D614G S:P621S	23	8210	0.002801	23269	23428
C21618T C21622T G21624C A21764-TACATG	S:T19I S:T20T S:R21T S:DEL69/70	23	8992	0.002558	21597	21802
A25137+T	NA	23	49946	0.00046	25122	25158
A24675G	S:K1038R	23	29585	0.000777	24612	24679
A24669G	S:Q1036R	23	29734	0.000774	24639	24671
A24539-T	NA	23	61014	0.000377	24473	24563
A24424T T24469A T24549C	S:Q954H S:N969K S:L996S	23	34748	0.000662	24415	24554
A24424T T24469A G24476A	S:Q954H S:N969K S:A972T	23	35351	0.000651	24412	24564
A24424T T24469A A24485G	S:Q954H S:N969K S:S975G	23	35285	0.000652	24412	24564
A24424T G24445A T24469A	S:Q954H S:T961T S:N969K	23	35405	0.00065	24412	24564
A24424C T24469A	S:Q954H S:N969K	23	35405	0.00065	24417	24563
A24123G	S:K854R	23	8622	0.002668	24114	24185
A23688+G	NA	23	61072	0.000377	23683	23711
A23403G C23423T C23462T C23525T	S:D614G S:P621S S:R634C S:H655Y	23	13750	0.001673	23335	23532
A22556G G22577C G22578A A22629C C22674T	S:I332V S:G339H S:G339H S:K356T S:S371F	23	347	0.066282	22494	22678
T25268C	S:C1236R	22	58272	0.000378	25256	25320
T24499+A	NA	22	61051	0.00036	24486	24508
T24469A T24650C	S:N969K S:S1030P	22	21499	0.001023	24465	24676
T24469A T24549C	S:N969K S:L996S	22	57188	0.000385	24465	24564
T24469A A24578G	S:N969K S:T1006A	22	21842	0.001007	24465	24679
T24469A A24519G	S:N969K S:K986R	22	57639	0.000382	24465	24564
T24469A A24498G	S:N969K S:D979G	22	57923	0.00038	24465	24564
T23823C C23854A	S:L754S S:N764K	22	27425	0.000802	23767	23895
T23817C C23854A	S:L752P S:N764K	22	27269	0.000807	23767	23891
T23794C C23854A	S:G744G S:N764K	22	26931	0.000817	23775	23881
T23599G C23604G A23696+C	S:N679K S:P681R NA	22	34494	0.000638	23580	23708
T23599G C23604G A23627G	S:N679K S:P681R S:S689G	22	86948	0.000253	23582	23642
T23599G C23603T C23604G	S:N679K S:P681C S:P681C	22	87705	0.000251	23580	23642
T23559C T23599G C23604G	S:I666T S:N679K S:P681R	22	52027	0.000423	23528	23632
T23514C C23525T T23599G C23604G	S:I651T S:H655Y S:N679K S:P681R	22	51542	0.000427	23487	23640
T23511+A T23599G C23604G	NA S:N679* S:P681C	22	51510	0.000427	23487	23624
T23394C A23403G C23423T C23525T	S:L611P S:D614G S:P621S S:H655Y	22	13711	0.001605	23342	23529
T23337-TG C23423T	NA S:P621S	22	23930	0.000919	23335	23428
G23518A C23525T T23599G C23604G	S:G652G S:H655Y S:N679K S:P681R	22	51603	0.000426	23501	23642
G21941T	S:V127F	22	10668	0.002062	21936	21954
C25207T C25214T	S:Y1215Y S:L1218L	22	50594	0.000435	25162	25323
C24422-A A24425T	NA S:N955Y	22	40516	0.000543	24412	24438
C23854A A23870G	S:N764K S:I770V	22	27801	0.000791	23825	23882
C23591T T23599G C23604G	S:Q677* S:N679K S:P681R	22	87630	0.000251	23580	23642
C23525T T23553G T23599G C23604G	S:H655Y S:I664R S:N679K S:P681R	22	51633	0.000426	23487	23642
C23525T G23547A T23599G C23604G	S:H655Y S:C662Y S:N679K S:P681R	22	51633	0.000426	23515	23642
C23525T A23566T T23599G C23604G	S:H655Y S:A668A S:N679K S:P681R	22	51633	0.000426	23501	23642
C23506T C23525T T23599G C23604G	S:G648G S:H655Y S:N679K S:P681R	22	51436	0.000428	23487	23642
A25453G	ORF3a:K21E	22	12262	0.001794	25381	25477
A25425G	ORF3a:G11G	22	12706	0.001731	25381	25477
A25410G	ORF3a:R6R	22	13009	0.001691	25381	25437
A25393+T	NA	22	13301	0.001654	25384	25406
A25274G	S:T1238A	22	58424	0.000377	25261	25324
A25206+G C25207T	NA S:Y1215C	22	50943	0.000432	25195	25325
A25193G C25207T	S:K1211E S:Y1215Y	22	50519	0.000435	25188	25324
A25182G G25198-C C25207T	S:E1207G NA S:Y1215Y	22	50055	0.00044	25178	25325
A25137+T C25207T	NA S:Y1215V	22	48345	0.000455	25130	25224
A24885-T C24990T C25000T	NA S:P1143L S:D1146D	22	7385	0.002979	24857	25065
A24885+T C24990T C25000T	NA S:P1143I S:D1146S	22	7385	0.002979	24850	25013
A24652G	S:S1030S	22	29979	0.000734	24612	24676
A24424T T24513C	S:Q954H S:L984P	22	35108	0.000627	24412	24564
A24424T T24437C	S:Q954H S:L959L	22	35699	0.000616	24412	24451
A24424T G24530A	S:Q954H S:E990K	22	34943	0.00063	24412	24564
A24424T A24554G	S:Q954H S:T998A	22	34664	0.000635	24412	24564
A24424T A24516G	S:Q954H S:D985G	22	35089	0.000627	24412	24564
A24424T A24443G	S:Q954H S:T961A	22	35646	0.000617	24412	24564
A24105G	S:D848G	22	8450	0.002604	24087	24191
A23786-T	NA	22	28392	0.000775	23767	23797
A23403G C23423T T23437C C23525T	S:D614G S:P621S S:H625H S:H655Y	22	13750	0.0016	23362	23539
A23403G C23423T A23513G C23525T	S:D614G S:P621S S:I651V S:H655Y	22	13750	0.0016	23335	23533
A21917-T G21941T G21987A T21990-TTA T22032C C22033A A22034G	NA S:V127F S:G142D S:DEL144 S:F157S S:F157S S:R158G	22	10338	0.002128	21848	22058
A21875-T T21940-G G21987A T21990-TTA C22000-A T22032C C22033A A22034G	NA NA S:G142D S:DEL144 NA S:F157S S:F157S S:R158G	22	10054	0.002188	21870	22058
A21875-T G21987A T21990-TTA T22032C C22033A A22034G	NA S:G142D S:DEL144 S:F157S S:F157S S:R158G	22	10054	0.002188	21867	22050
T25468C	ORF3a:S26P	21	12099	0.001736	25381	25477
T25406C	ORF3a:M5T	21	13069	0.001607	25381	25438
T25312C	S:C1250C	21	59050	0.000356	25306	25325
T25196-G	NA	21	50899	0.000413	25140	25206
T24643-A C24672-A	NA NA	21	29597	0.00071	24620	24679
T24475C	S:G971G	21	60191	0.000349	24470	24496
T24469A T24622C	S:N969K S:A1020A	21	21579	0.000973	24465	24679
T24469A T24583C	S:N969K S:Y1007Y	21	21677	0.000969	24465	24667
T24469A T24482C	S:N969K S:S974P	21	58075	0.000362	24465	24564
T24469A T24472C	S:N969K S:F970F	21	58135	0.000361	24465	24564
T24469A A24617G	S:N969K S:R1019G	21	21593	0.000973	24465	24679
T24469A A24537G	S:N969K S:Q992R	21	57333	0.000366	24465	24564
T24469A A24484G	S:N969K S:S974S	21	58054	0.000362	24465	24564
T24469A A24478G	S:N969K S:A972A	21	58108	0.000361	24465	24564
T24438+A T24469A	NA S:N969Q	21	35743	0.000588	24412	24564
T23689+A	NA	21	61105	0.000344	23683	23707
T23599G C23604G C23647T	S:N679K S:P681R S:Y695Y	21	34913	0.000601	23580	23660
T23599G C23604G C23606T	S:N679K S:P681R S:R682W	21	87689	0.000239	23580	23642
T23599G C23604G A23667G	S:N679K S:P681R S:E702G	21	34747	0.000604	23580	23724
T23599G C23604G A23639G	S:N679K S:P681R S:I693V	21	85731	0.000245	23580	23642
G25540+T	NA	21	3422	0.006137	25372	25566
G25364-T	NA	21	5052	0.004157	25328	25372
G25177+A	NA	21	50624	0.000415	25166	25325
G24971+T C24981-T C24990T C25000T	NA NA S:P1143I S:D1146S	21	7601	0.002763	24850	25040
G23835+T T23850+A	NA NA	21	27754	0.000757	23683	23892
G21941T G21969-T G21987A T21990-TTA T22032C C22033A A22034G	S:V127F NA S:G142D S:DEL144 S:F157S S:F157S S:R158G	21	10466	0.002006	21894	22058
C25207T A25208+T	S:Y1215Y NA	21	50873	0.000413	25130	25219
C25160T C25207T	S:L1200F S:Y1215Y	21	49189	0.000427	25143	25211
C24981-T C24990T C25000T A25056-T	NA S:P1143L S:D1146D NA	21	7451	0.002818	24850	25065
C24378T G24399-A A24424T	S:S939F NA S:Q954H	21	4857	0.004324	24229	24424
C23854A G23948T A23964-T	S:N764K S:D796Y NA	21	3315	0.006335	23767	23971
C23854A A23886G	S:N764K S:D775G	21	27029	0.000777	23836	23892
C23706G	S:P715R	21	61171	0.000343	23683	23711
C23525T C23536T T23599G C23604G	S:H655Y S:N658N S:N679K S:P681R	21	51633	0.000407	23499	23637
C23367+A	NA	21	25360	0.000828	23336	23377
A25142G C25207T	S:N1194D S:Y1215Y	21	48728	0.000431	25139	25325
A25136G C25207T	S:N1192D S:Y1215Y	21	48309	0.000435	25130	25325
A24673G	S:S1037S	21	29597	0.00071	24612	24679
A24424T T24514C	S:Q954H S:L984L	21	35105	0.000598	24412	24563
A24424T T24469A T24522C	S:Q954H S:N969K S:V987A	21	35009	0.0006	24413	24564
A24424T T24469A A24531G	S:Q954H S:N969K S:E990G	21	34938	0.000601	24412	24564
A24424T C24536-AA	S:Q954H NA	21	34867	0.000602	24412	24564
A24424T A24532G	S:Q954H S:E990E	21	34931	0.000601	24412	24564
A24424T A24440G T24469A	S:Q954H S:N960D S:N969K	21	35405	0.000593	24412	24563
A24318-C C24378T A24424T	NA S:S939F S:Q954H	21	4543	0.004622	24303	24424
A24166G	S:E868E	21	10393	0.002021	24148	24191
A23848+T	NA	21	28151	0.000746	23792	23871
A23767G C23854A	S:S735S S:N764K	21	22709	0.000925	23683	23881
A23760G C23854A	S:K733R S:N764K	21	22672	0.000926	23724	23895
A23729-C C23854A	NA S:N764K	21	22346	0.00094	23683	23895
A23712+T C23854A C23887-A	NA S:N764K NA	21	21173	0.000992	23683	23895
A23712+T C23854A	NA S:N764K	21	22204	0.000946	23705	23890
A23515+G C23525T	NA S:H655S	21	67676	0.00031	23487	23537
A23403G C23423T T23434C C23525T	S:D614G S:P621S S:I624I S:H655Y	21	13750	0.001527	23335	23532
A23403G C23423T C23525T T23527C	S:D614G S:P621S S:H655Y S:H655Y	21	13736	0.001529	23335	23535
A23403G C23423T C23525T A23539G	S:D614G S:P621S S:H655Y S:S659S	21	13352	0.001573	23335	23539
A21875-T G21941T G21987A T21990-TTA C22000-A T22032C C22033A A22034G	NA S:V127F S:G142D S:DEL144 NA S:F157S S:F157S S:R158G	21	10054	0.002089	21867	22043
T25458C	ORF3a:D22D	20	12205	0.001639	25382	25477
T25446C	ORF3a:G18G	20	12367	0.001617	25381	25454
T25288C	S:S1242S	20	58559	0.000342	25271	25324
T25283C	S:C1241R	20	58510	0.000342	25268	25325
T25178C C25207T	S:Y1206H S:Y1215Y	20	49797	0.000402	25136	25325
T25123C C25207T	Unknown S:Y1215Y	20	46027	0.000435	25122	25263
T24469A T24660+A	S:N969K NA	20	21452	0.000932	24465	24676
T24469A T24656C	S:N969K S:C1032R	20	21476	0.000931	24465	24679
T24469A T24637C	S:N969K S:A1025A	20	21537	0.000929	24465	24679
T24469A T24633C	S:N969K S:L1024P	20	21555	0.000928	24465	24679
T24469A T24529C	S:N969K S:A989A	20	57484	0.000348	24465	24564
T24469A T24496C	S:N969K S:N978N	20	57960	0.000345	24465	24564
T24469A T24492+A	S:N969K NA	20	58018	0.000345	24465	24564
T24469A G24626A	S:N969K S:A1022T	20	21572	0.000927	24465	24679
T24469A G24488-T	S:N969K NA	20	58034	0.000345	24465	24554
T24469A A24599G	S:N969K S:I1013V	20	21623	0.000925	24465	24676
T24469A A24594G	S:N969K S:Q1011R	20	21639	0.000924	24465	24679
T24469A A24592G	S:N969K S:Q1010Q	20	21644	0.000924	24465	24645
T23748C C23854A	S:V729A S:N764K	20	22612	0.000884	23683	23895
T23698C C23854A	S:I712I S:N764K	20	21929	0.000912	23683	23895
T23599G C23604G T23645C	S:N679K S:P681R S:Y695H	20	34947	0.000572	23580	23724
T23599G C23604G G23678A	S:N679K S:P681R S:A706T	20	34667	0.000577	23580	23724
T23599G C23604G G23607A	S:N679K S:P681R S:R682Q	20	87689	0.000228	23581	23642
T23599G C23604G C23655T	S:N679K S:P681R S:S698L	20	34850	0.000574	23580	23724
T23599G C23604G A23710G	S:N679K S:P681R S:T716T	20	33955	0.000589	23589	23724
T21940-G G21987A T21990-TTA	NA S:G142D S:DEL144	20	10579	0.001891	21847	22025
T21609+CATGCCGCTGTT C21618T C21622T G21624C T21632-TACCCCCTG G21701-T A21764-TACATG	S:INS17HAAV S:T19F S:T20F S:R21T S:DEL25/27 NA S:DEL69/70	20	8991	0.002224	21597	21802
T21609+CATGCCGCTGTT C21618T C21622T G21624C T21632-TACCCCCTG C21732-T A21764-TACATG	S:INS17HAAV S:T19F S:T20F S:R21T S:DEL25/27 NA S:DEL69/70	20	8991	0.002224	21597	21802
G25157A C25207T	S:D1199N S:Y1215Y	20	49146	0.000407	25130	25325
G24535A	S:V991V	20	61005	0.000328	24515	24564
G23508+T	NA	20	67872	0.000295	23486	23519
C25452-A	NA	20	12272	0.00163	25381	25477
C25207T T25245C	S:Y1215Y S:V1228A	20	50487	0.000396	25175	25325
C25207T T25236C	S:Y1215Y S:I1225T	20	50523	0.000396	25187	25324
C25207T G25313A	S:Y1215Y S:G1251R	20	49729	0.000402	25133	25325
C25207T G25266A	S:Y1215Y S:C1235Y	20	50113	0.000399	25177	25325
C25207T G25234A	S:Y1215Y S:L1224L	20	50527	0.000396	25146	25325
C25207T G25218-T G25278-T	S:Y1215Y NA NA	20	50062	0.0004	25130	25321
C25207T C25321T	S:Y1215Y S:C1253C	20	49507	0.000404	25166	25325
C25207T C25262-T G25278-T	S:Y1215Y NA NA	20	50062	0.0004	25130	25325
C25207T A25235-T	S:Y1215Y NA	20	50526	0.000396	25171	25325
C24536-AA	NA	20	60999	0.000328	24522	24564
C24517-A C24672-A	NA NA	20	23860	0.000838	24476	24679
C23854A G23885+A G23948T	S:N764K NA S:D796*	20	3527	0.005671	23843	23978
C23854A G23868-A	S:N764K NA	20	27833	0.000719	23819	23895
C23525T G23568A T23599G C23604G	S:H655Y S:G669D S:N679K S:P681R	20	51633	0.000387	23487	23642
C23525T G23528A T23599G C23604G	S:H655Y S:V656I S:N679K S:P681R	20	51633	0.000387	23487	23642
C23525T C23585T T23599G C23604G	S:H655Y S:Q675* S:N679K S:P681R	20	51633	0.000387	23487	23642
C23525T C23551T T23599G C23604G	S:H655Y S:D663D S:N679K S:P681R	20	51633	0.000387	23487	23624
A24922+T	NA	20	10345	0.001933	24866	24939
A24667G	S:G1035G	20	29797	0.000671	24612	24676
A24424T T24469A C24559T	S:Q954H S:N969K S:G999G	20	34539	0.000579	24415	24564
A24253-T C24378T A24424T	NA S:S939F S:Q954H	20	3466	0.00577	24229	24424
A24182G	S:T874A	20	10230	0.001955	24148	24185
A23753G C23854A	S:M731V S:N764K	20	22639	0.000883	23729	23895
A23704-CC C23854A	NA S:N764K	20	22134	0.000904	23683	23887
A23403G C23423T C23481T C23525T	S:D614G S:P621S S:S640F S:H655Y	20	13750	0.001455	23339	23535
A23365G A23403G C23423T C23525T	S:G601G S:D614G S:P621S S:H655Y	20	13541	0.001477	23335	23539
T25403C	ORF3a:F4S	19	13099	0.00145	25381	25477
T25307C	S:S1249P	19	58988	0.000322	25290	25325
T25260C	S:M1233T	19	58078	0.000327	25252	25316
T24480C	S:I973T	19	60569	0.000314	24476	24564
T24469A T24548C	S:N969K S:L996L	19	57197	0.000332	24465	24564
T24469A A24654G	S:N969K S:E1031G	19	21485	0.000884	24465	24667
T24469A A24531G	S:N969K S:E990G	19	57457	0.000331	24465	24564
T24187C	S:S875S	19	10164	0.001869	24148	24191
T23599G C23604G T23671C	S:N679K S:P681R S:N703N	19	34721	0.000547	23580	23724
T23599G C23604G T23641C	S:N679K S:P681R S:I693I	19	85529	0.000222	23580	23642
T23599G C23604G G23653A	S:N679K S:P681R S:M697I	19	34869	0.000545	23580	23717
T23599G C23604G G23616A	S:N679K S:P681R S:R685H	19	87630	0.000217	23580	23624
T23599G C23604G C23643T	S:N679K S:P681R S:A694V	19	85262	0.000223	23580	23724
T23599G C23604G C23638-A	S:N679K S:P681R NA	19	86290	0.00022	23580	23642
T23599G C23604G C23606+G	S:N679K S:P681R NA	19	87689	0.000217	23580	23622
T23599G C23601A C23604G T23641-G	S:N679K S:S680Y S:P681R NA	19	85529	0.000222	23580	23658
T21609+CATGCCGCTGTT C21618T C21622T G21624C T21632-TACCCCCTG G21686-T C21711T A21764-TACATG	S:INS17HAAV S:T19F S:T20F S:R21T S:DEL25/27 NA S:S50L S:DEL69/70	19	8991	0.002113	21597	21802
T21609+CATGCCGCTGTT C21618T C21622T G21624C T21632-TACCCCCTG C21711T C21732-T A21764-TACATG	S:INS17HAAV S:T19F S:T20F S:R21T S:DEL25/27 S:S50L NA S:DEL69/70	19	8991	0.002113	21597	21802
G24164-A	NA	19	10384	0.00183	24148	24188
G23522A C23525T T23599G C23604G	S:E654K S:H655Y S:N679K S:P681R	19	51632	0.000368	23513	23624
G21941T G21987A T21991-TA T22032C C22033A A22034G	S:V127F S:G142D NA S:F157S S:F157S S:R158G	19	10466	0.001815	21893	22058
C25276-A	NA	19	58457	0.000325	25262	25325
C25207T G25311A	S:Y1215Y S:C1250Y	19	49736	0.000382	25190	25325
C25207T C25227T	S:Y1215Y S:A1222V	19	50550	0.000376	25141	25325
C25132+A	NA	19	49604	0.000383	25124	25143
C23887A A23888C	S:D775E S:K776Q	19	27427	0.000693	23874	23894
C23854A T23871C	S:N764K S:I770T	19	27787	0.000684	23824	23891
C23854A A23894G	S:N764K Unknown	19	25869	0.000734	23767	23895
C23854A A23880G	S:N764K S:E773G	19	27425	0.000693	23821	23895
C23733T C23854A	S:T724I S:N764K	19	22412	0.000848	23683	23887
C23525T T23599G C23604G G23612T	S:H655Y S:N679K S:P681R S:A684S	19	51614	0.000368	23487	23614
C23525T T23599G C23604G C23634T	S:H655Y S:N679K S:P681R S:S691F	19	50844	0.000374	23487	23637
C23525T T23599G C23604G A23636-T A23639G	S:H655Y S:N679K S:P681R NA S:I693V	19	49991	0.00038	23487	23642
C23525T T23596+A T23599G C23604G	S:H655Y NA S:N679* S:P681C	19	51633	0.000368	23508	23637
C23099-T G23222A C23271T	NA S:E554K S:A570V	19	6775	0.002804	23089	23290
A25442G	ORF3a:Q17R	19	12422	0.00153	25382	25477
A25417G	ORF3a:T9A	19	12892	0.001474	25381	25477
A24554G	S:T998A	19	60902	0.000312	24498	24564
A24537G	S:Q992R	19	60987	0.000312	24486	24564
A24479-T	NA	19	60536	0.000314	24470	24498
A24424T T24469A T24548C	S:Q954H S:N969K S:L996L	19	34754	0.000547	24412	24564
A24424T T24469A T24472C	S:Q954H S:N969K S:F970F	19	35365	0.000537	24412	24552
A24424T T24469A G24550A	S:Q954H S:N969K S:L996L	19	34743	0.000547	24413	24564
A24424T T24469A C24503+T	S:Q954H S:N969K NA	19	35193	0.00054	24413	24564
A24424T T24464C	S:Q954H S:S968P	19	35429	0.000536	24412	24564
A24424T C24536+A	S:Q954H NA	19	34867	0.000545	24412	24564
A24424T A24468-T T24470A	S:Q954H NA S:F970I	19	35369	0.000537	24412	24564
A24424T A24454G	S:Q954H S:K964K	19	35551	0.000534	24412	24541
A24424T A24453G T24469A	S:Q954H S:K964R S:N969K	19	35405	0.000537	24412	24564
A24423+T T24469A	NA S:N969Q	19	35403	0.000537	24412	24564
A24324-AT C24378T G24399-A A24424T	NA S:S939F NA S:Q954H	19	4579	0.004149	24229	24424
A23796G C23854A	S:D745G S:N764K	19	26969	0.000705	23780	23895
A23764G C23854A	S:T734T S:N764K	19	22693	0.000837	23737	23895
A23756-C C23854A	NA S:N764K	19	22656	0.000839	23747	23895
A23734G C23854A	S:T724T S:N764K	19	22427	0.000847	23709	23895
A23729G C23854A	S:T723A S:N764K	19	22346	0.00085	23683	23890
A23712+T G23735+A	NA NA	19	24808	0.000766	23683	23767
A23708G C23854A	S:T716A S:N764K	19	22182	0.000857	23683	23889
A23598+G C23604G	NA S:P681C	19	87700	0.000217	23580	23614
A23515G C23525T T23599G C23604G	S:I651M S:H655Y S:N679K S:P681R	19	51551	0.000369	23487	23642
A23493T C23525T T23599G C23604G	S:Q644L S:H655Y S:N679K S:P681R	19	51002	0.000373	23487	23642
A23403G C23423T T23487C C23525T	S:D614G S:P621S S:V642A S:H655Y	19	13750	0.001382	23335	23539
A23403G C23423T G23499A C23525T	S:D614G S:P621S S:R646H S:H655Y	19	13750	0.001382	23342	23535
A23403G C23423T C23525T A23526G	S:D614G S:P621S S:H655C S:H655C	19	13736	0.001383	23335	23533
A22193-ATT T22200G C22208T C22227-T C22295A	S:DEL212 S:V213G S:L216F NA S:H245N	19	5823	0.003263	22105	22304
T25191C C25207T	S:I1210T S:Y1215Y	18	50418	0.000357	25122	25307
T24622C	S:A1020A	18	30005	0.0006	24612	24679
T24505C	S:L981L	18	61063	0.000295	24482	24509
T24469A T24640C	S:N969K S:A1026A	18	21529	0.000836	24465	24679
T24469A T24491C	S:N969K S:L977L	18	58025	0.00031	24465	24535
T24469A G24635A	S:N969K S:A1025T	18	21549	0.000835	24465	24665
T24469A G24535A	S:N969K S:V991V	18	57374	0.000314	24465	24564
T24469A G24527A	S:N969K S:A989T	18	57503	0.000313	24465	24564
T24469A C24517-A	S:N969K NA	18	57657	0.000312	24465	24564
T24469A A24629G	S:N969K S:N1023D	18	21565	0.000835	24465	24666
T23822C C23854A	S:L754L S:N764K	18	27407	0.000657	23708	23892
T23728C C23854A	S:V722V S:N764K	18	22338	0.000806	23724	23895
T23716C C23854A	S:F718F S:N764K	18	22230	0.00081	23683	23881
T23703-A C23887-A	NA NA	18	21103	0.000853	23684	23895
T23686-A	NA	18	60995	0.000295	23683	23703
T23599G C23604G C23701T	S:N679K S:P681R S:A713A	18	34420	0.000523	23580	23724
T23599G C23604G C23649T	S:N679K S:P681R S:T696I	18	34897	0.000516	23580	23724
T21609+CATGCCGCTGTT C21618T C21622T G21624C T21632-TACCCCCTG G21686-T A21764-TACATG	S:INS17HAAV S:T19F S:T20F S:R21T S:DEL25/27 NA S:DEL69/70	18	8991	0.002002	21597	21802
T21609+CATGCCGCTGTT C21618T C21622T G21624C T21632-TACCCCCTG C21711T C21781-A	S:INS17HAAV S:T19F S:T20F S:R21T S:DEL25/27 S:S50L NA	18	8964	0.002008	21597	21792
T21609+CATGCCGCTGTT C21618T C21622T G21624C T21632-TACCCCCTG C21711T A21764-TACATG G21793C	S:INS17HAAV S:T19F S:T20F S:R21T S:DEL25/27 S:S50L S:DEL69/70 S:K77T	18	8938	0.002014	21597	21802
G25218-T	NA	18	51912	0.000347	25209	25324
G25203A C25207T	S:W1214* S:Y1215Y	18	50913	0.000354	25155	25263
G25177A C25207T	S:K1205K S:Y1215Y	18	49659	0.000362	25151	25325
G24413T A24424T T24469A	S:V951L S:Q954H S:N969K	18	34958	0.000515	24412	24564
G24104T A24105G	S:D848C S:D848C	18	8443	0.002132	24090	24191
G23699+C	NA	18	61226	0.000294	23683	23709
G23222A C23271T T23281C	S:E554K S:A570V S:T573T	18	7009	0.002568	23089	23290
G23222A C23271T T23278-A	S:E554K S:A570V NA	18	7017	0.002565	23095	23290
G22104-A C22120-A A22193-ATT T22200G C22208T G22218-T C22295A	NA NA S:DEL212 S:V213G S:L216F NA S:H245N	18	5362	0.003357	22100	22319
C25207T T25222C	S:Y1215Y S:F1220F	18	50577	0.000356	25130	25325
C25207T G25302A	S:Y1215Y S:C1247Y	18	49851	0.000361	25130	25325
C25207T G25284A	S:Y1215Y S:C1241Y	18	50019	0.00036	25190	25325
C25207T G25273A	S:Y1215Y S:M1237I	18	50085	0.000359	25172	25325
C25207T G25229A	S:Y1215Y S:G1223S	18	50537	0.000356	25141	25286
C25207T C25231T	S:Y1215Y S:G1223G	18	50535	0.000356	25122	25320
C24536+A	NA	18	60999	0.000295	24507	24564
C24503+T	NA	18	61041	0.000295	24470	24558
C23854A T23860C	S:N764K S:A766A	18	27972	0.000644	23850	23894
C23854A T23857C	S:N764K S:R765R	18	28003	0.000643	23824	23886
C23854A A23889G	S:N764K S:K776R	18	26852	0.00067	23767	23892
C23825+A	NA	18	28248	0.000637	23697	23839
C23595T T23599G C23604G	S:T678I S:N679K S:P681R	18	87688	0.000205	23580	23637
C23525T G23574A T23599G C23604G	S:H655Y S:C671Y S:N679K S:P681R	18	51633	0.000349	23493	23642
C23525T G23543A T23599G C23604G	S:H655Y S:E661K S:N679K S:P681R	18	51633	0.000349	23499	23625
C21930T G21941T G21987A T21990-TTA T22032C C22033A A22034G	S:A123V S:V127F S:G142D S:DEL144 S:F157S S:F157S S:R158G	18	10405	0.00173	21856	22058
A25439G	ORF3a:K16R	18	12456	0.001445	25382	25477
A25190+G C25207T	NA S:Y1215V	18	50346	0.000358	25183	25325
A24645G	S:K1028R	18	30015	0.0006	24612	24671
A24641G	S:T1027A	18	30024	0.0006	24635	24656
A24479+T	NA	18	60536	0.000297	24469	24505
A24424T T24499C	S:Q954H S:D979D	18	35223	0.000511	24412	24509
A24424T T24469A T24541C	S:Q954H S:N969K S:I993I	18	34815	0.000517	24412	24564
A24424T T24469A T24496C	S:Q954H S:N969K S:N978N	18	35242	0.000511	24412	24554
A24424T T24469A T24471C	S:Q954H S:N969K S:F970S	18	35369	0.000509	24412	24564
A24424T T24469A C24536-A A24538G	S:Q954H S:N969K NA S:Q992Q	18	34842	0.000517	24412	24564
A24424T T24469A C24477T	S:Q954H S:N969K S:A972V	18	35349	0.000509	24412	24527
A24424T T24469A A24495G	S:Q954H S:N969K S:N978S	18	35248	0.000511	24412	24500
A24424T T24469A A24479G	S:Q954H S:N969K S:I973V	18	35333	0.000509	24412	24564
A24424T T24450C	S:Q954H S:V963A	18	35585	0.000506	24412	24461
A24424T T24436C	S:Q954H S:A958A	18	35710	0.000504	24413	24564
A24424T C24503+T	S:Q954H NA	18	35193	0.000511	24414	24526
A24424T A24545G	S:Q954H S:R995G	18	34784	0.000517	24412	24560
A24424T A24525G	S:Q954H S:E988G	18	34981	0.000515	24417	24564
A24424T A24498G	S:Q954H S:D979G	18	35228	0.000511	24412	24564
A23813G C23854A	S:N751D S:N764K	18	27213	0.000661	23752	23881
A23805G C23854A	S:E748G S:N764K	18	27101	0.000664	23791	23895
A23800G C23854A	S:S746S S:N764K	18	27039	0.000666	23683	23895
A23743G C23854A	S:L727L S:N764K	18	22555	0.000798	23732	23890
A23732G C23854A	S:T724A S:N764K	18	22398	0.000804	23683	23881
A23712-T	NA	18	60776	0.000296	23687	23724
A23403G C23423T C23525T A23534G	S:D614G S:P621S S:H655Y S:N658D	18	13478	0.001336	23335	23539
A23403G C23423T A23442G C23525T	S:D614G S:P621S S:D627G S:H655Y	18	13750	0.001309	23335	23532
A23348G A23403G C23423T C23525T	S:S596G S:D614G S:P621S S:H655Y	18	13390	0.001344	23335	23532
T25398C	ORF3a:D2D	17	13151	0.001293	25381	25477
T25161-C C25207T	NA S:Y1215Y	17	49210	0.000345	25151	25254
T24979C C24990T C25000T	S:D1139D S:P1143L S:D1146D	17	7627	0.002229	24931	25069
T24637C	S:A1025A	17	30045	0.000566	24612	24676
T24522C	S:V987A	17	61072	0.000278	24508	24563
T24506C	S:S982P	17	61071	0.000278	24488	24549
T24492-A C24536-A	NA NA	17	60253	0.000282	24484	24559
T24489C	S:V976A	17	60959	0.000279	24480	24564
T24469A T24648C	S:N969K S:M1029T	17	21510	0.00079	24465	24676
T24469A T24585C	S:N969K S:V1008A	17	21667	0.000785	24465	24679
T24469A G24611+A	S:N969K NA	17	21601	0.000787	24465	24646
T24469A C24672+A	S:N969K NA	17	21280	0.000799	24465	24679
T24469A C24555T	S:N969K S:T998I	17	57070	0.000298	24465	24564
T24469A A24675G	S:N969K S:K1038R	17	21207	0.000802	24465	24679
T24469A A24556G	S:N969K S:T998T	17	56980	0.000298	24465	24679
T23830C C23854A	S:Y756Y S:N764K	17	27580	0.000616	23792	23895
T23797C C23854A	S:D745D S:N764K	17	26987	0.00063	23683	23895
T23742C C23854A	S:L727P S:N764K	17	22535	0.000754	23699	23895
T23689-A C23854A	NA S:N764K	17	21808	0.00078	23683	23873
T23599G C23604G T23719C	S:N679K S:P681R S:T719T	17	33690	0.000505	23587	23724
T23599G C23604G G23628A	S:N679K S:P681R S:S689N	17	86909	0.000196	23580	23693
T23599G C23604G A23711G	S:N679K S:P681R S:N717D	17	33938	0.000501	23580	23717
T23599G C23604G A23688+G	S:N679K S:P681R NA	17	34596	0.000491	23580	23700
T23374C A23403G C23423T C23525T	S:T604T S:D614G S:P621S S:H655Y	17	13597	0.00125	23335	23532
T23344C A23403G C23423T C23525T	S:G594G S:D614G S:P621S S:H655Y	17	13338	0.001275	23339	23529
T23337-TG A23403G C23423T	NA S:D614G S:P621S	17	23930	0.00071	23335	23432
T23164-A G23222A C23230-A C23271T	NA S:E554K NA S:A570V	17	6891	0.002467	23089	23282
T23143-A	NA	17	7368	0.002307	23096	23157
T21609+CATGCCGCTGTT C21618T C21622T G21624C T21632-TACCCCCTG A21764-TACATG C21781-A	S:INS17HAAV S:T19F S:T20F S:R21T S:DEL25/27 S:DEL69/70 NA	17	8964	0.001896	21597	21802
G24415A A24424T	S:V951V S:Q954H	17	40512	0.00042	24412	24564
G23821+T	NA	17	28222	0.000602	23683	23832
G23804-A C23854A	NA S:N764K	17	27088	0.000628	23796	23886
G23522-A C23525T	NA S:H655Y	17	67777	0.000251	23497	23539
G23508+T C23525T	NA S:H655S	17	67539	0.000252	23493	23534
C25546+T	NA	17	3411	0.004984	25372	25566
C25207T G25278A	S:Y1215Y S:S1239N	17	50062	0.00034	25131	25325
C25207T G25218-T C25262-TT G25278-T	S:Y1215Y NA NA NA	17	50062	0.00034	25131	25325
C25207T C25324+A	S:Y1215Y NA	17	49183	0.000346	25122	25325
C25207T C25276A	S:Y1215Y S:T1238T	17	50078	0.000339	25124	25325
C25207T C25262T	S:Y1215Y S:L1234F	17	50340	0.000338	25144	25325
C25163+A C25207T	NA S:Y1215V	17	49242	0.000345	25122	25325
C24981-T C24990T C25000T C25046T	NA S:P1143L S:D1146D S:P1162S	17	7502	0.002266	24850	25065
C24921T C24990T C25000T	S:T1120I S:P1143L S:D1146D	17	7484	0.002272	24892	25065
C24878-A	NA	17	10475	0.001623	24857	24888
C24784-T	NA	17	8054	0.002111	24777	24806
C24632+T	NA	17	30069	0.000565	24612	24645
C23825+A C23854A	NA S:N764K	17	27467	0.000619	23683	23895
C23816+T	NA	17	28258	0.000602	23684	23828
C23525T T23599G C23604G T23641C	S:H655Y S:N679K S:P681R S:I693I	17	49817	0.000341	23487	23642
C23525T T23599G C23604G G23621A	S:H655Y S:N679K S:P681R S:V687I	17	51581	0.00033	23487	23634
C23525T T23599G C23604G C23638T	S:H655Y S:N679K S:P681R S:I692I	17	50525	0.000336	23487	23642
C23525T T23599G C23604G C23638-A	S:H655Y S:N679K S:P681R NA	17	50525	0.000336	23487	23642
C23525T T23599G C23604G C23630T	S:H655Y S:N679K S:P681R S:Q690*	17	50988	0.000333	23487	23642
C23525T T23599G C23601A C23604G G23624A	S:H655Y S:N679K S:S680Y S:P681R S:A688T	17	51545	0.00033	23487	23642
C23103-T	NA	17	7367	0.002308	23089	23116
C21618T C21622T T21632-TACCCCCTG A21764-TACATG	S:T19I S:T20T S:DEL25/27 S:DEL69/70	17	8992	0.001891	21597	21790
A25385G	S:T1275A	17	13423	0.001266	25381	25447
A24674G	S:K1038E	17	29594	0.000574	24612	24679
A24560G	S:R1000G	17	60727	0.00028	24552	24564
A24516G	S:D985G	17	61079	0.000278	24514	24560
A24424T T24552C	S:Q954H S:I997T	17	34705	0.00049	24412	24564
A24424T T24529C	S:Q954H S:A989A	17	34951	0.000486	24412	24564
A24424T T24469A T24501C	S:Q954H S:N969K S:I980T	17	35207	0.000483	24412	24564
A24424T T24469A T24481C	S:Q954H S:N969K S:I973I	17	35313	0.000481	24415	24564
A24424T T24469A A24539+T	S:Q954H S:N969K NA	17	34837	0.000488	24412	24558
A24424T T24469A A24537G	S:Q954H S:N969K S:Q992R	17	34847	0.000488	24412	24564
A24424T T24448G G24449T T24469A	S:Q954H S:L962L S:V963F S:N969K	17	35405	0.00048	24412	24551
A24424T T24448A T24469A	S:Q954H S:L962L S:N969K	17	35405	0.00048	24415	24564
A24424T G24558T	S:Q954H S:G999V	17	34545	0.000492	24412	24564
A24424T G24535A	S:Q954H S:V991V	17	34877	0.000487	24412	24564
A24424T A24518G	S:Q954H S:K986E	17	35071	0.000485	24415	24564
A24424T A24452T T24469A	S:Q954H S:K964* S:N969K	17	35405	0.00048	24413	24564
A24424T A24430G	S:Q954H S:A956A	17	35756	0.000475	24412	24564
A24180G	S:Y873C	17	10252	0.001658	24120	24188
A24118G	S:A852A	17	8384	0.002028	24021	24191
A24103G	S:R847R	17	8337	0.002039	24051	24106
A23806G C23854A	S:E748E S:N764K	17	27123	0.000627	23691	23891
A23592C T23599G C23604G	S:Q677P S:N679K S:P681R	17	87634	0.000194	23581	23625
A23531G T23599G C23604G	S:N657D S:N679K S:P681R	17	51772	0.000328	23487	23642
A23403G C23423T T23521C C23525T	S:D614G S:P621S S:A653A S:H655Y	17	13750	0.001236	23335	23539
A23403G C23423T T23509C C23525T	S:D614G S:P621S S:C649C S:H655Y	17	13750	0.001236	23366	23539
A23403G C23423T T23507C C23525T	S:D614G S:P621S S:C649R S:H655Y	17	13750	0.001236	23335	23528
A23403G C23423T T23428C C23525T	S:D614G S:P621S S:V622V S:H655Y	17	13750	0.001236	23335	23532
A23403G C23423T A23445G C23525T	S:D614G S:P621S S:Q628R S:H655Y	17	13750	0.001236	23342	23532
A22294-C	NA	17	8453	0.002011	22274	22319
T25414C	ORF3a:F8L	16	12938	0.001237	25381	25444
T25301C	S:C1247R	16	58820	0.000272	25269	25325
T25189C C25207T	S:Y1209Y S:Y1215Y	16	50310	0.000318	25185	25325
T24549C	S:L996S	16	60979	0.000262	24498	24564
T24511C	S:R983R	16	61079	0.000262	24497	24564
T24504C	S:L981P	16	61052	0.000262	24486	24564
T24469G	S:N969K	16	58178	0.000275	24465	24491
T24469A T24511C	S:N969K S:R983R	16	57737	0.000277	24465	24564
T24469A T24481C	S:N969K S:I973I	16	58078	0.000275	24465	24564
T24469A T24480C	S:N969K S:I973T	16	58091	0.000275	24465	24564
T24469A G24521+T	S:N969K NA	16	57580	0.000278	24465	24564
T24469A A24647G	S:N969K S:M1029V	16	21513	0.000744	24465	24679
T24469A A24567G	S:N969K S:Q1002R	16	21912	0.00073	24465	24679
T24469A A24508G	S:N969K S:S982S	16	57790	0.000277	24465	24564
T24469A A24494G	S:N969K S:N978D	16	57977	0.000276	24465	24679
T24451+A	NA	16	36002	0.000444	24415	24468
T24175C	S:A871A	16	10304	0.001553	24154	24191
T24156C	S:L865P	16	10392	0.00154	24148	24191
T23765C C23854A	S:S735P S:N764K	16	22694	0.000705	23683	23895
T23754C C23854A	S:M731T S:N764K	16	22646	0.000707	23729	23895
T23752C C23854A	S:S730S S:N764K	16	22634	0.000707	23683	23873
T23716+C C23854A	NA S:N764K	16	22230	0.00072	23699	23885
T23599G C23604G G23611A	S:N679K S:P681R S:R683R	16	87672	0.000182	23583	23642
T23599G C23604G A23618+T	S:N679K S:P681R NA	16	87617	0.000183	23580	23635
T23352C A23403G C23423T C23525T	S:V597A S:D614G S:P621S S:H655Y	16	13477	0.001187	23335	23539
T23346C A23403G C23423T C23525T	S:V595A S:D614G S:P621S S:H655Y	16	13384	0.001195	23335	23535
T23335G	S:S591S	16	9710	0.001648	23312	23338
T21872C G21941T G21987A T21990-TTA T22032C C22033A A22034G	S:W104R S:V127F S:G142D S:DEL144 S:F157S S:F157S S:R158G	16	10049	0.001592	21847	22058
G25284-T	NA	16	58515	0.000273	25265	25325
G25249T	S:M1229I	16	52762	0.000303	25245	25323
G24816-A	NA	16	2582	0.006197	24787	24875
G24486+T	NA	16	60757	0.000263	24470	24500
G24131A	S:G857S	16	8664	0.001847	24117	24191
G23835-T C23854A C23887-A	NA S:N764K NA	16	26536	0.000603	23767	23895
G23835+T T23850+A C23887-A	NA NA NA	16	26536	0.000603	23683	23895
G23775A C23854A	S:C738Y S:N764K	16	26668	0.0006	23699	23873
G23735+A C23854A	NA S:N764K	16	22442	0.000713	23699	23872
G23222A C23271T A23274G	S:E554K S:A570V S:D571G	16	7066	0.002264	23186	23290
G22813T	S:K417N	16	222	0.072072	22795	22826
G21941T A21979-T G21987A T21990-TTA C22000-A T22032C C22033A A22034G	S:V127F NA S:G142D S:DEL144 NA S:F157S S:F157S S:R158G	16	10466	0.001529	21867	22058
C25433-T	NA	16	12565	0.001273	25383	25449
C25413-T	NA	16	12964	0.001234	25383	25477
C25207T G25217A	S:Y1215Y S:G1219S	16	50581	0.000316	25122	25325
C25207T C25262+T	S:Y1215Y NA	16	50340	0.000318	25122	25325
C25207T A25315+G	S:Y1215Y NA	16	49698	0.000322	25194	25324
C25163+A	NA	16	50517	0.000317	25122	25176
C24990T T24995C C25000T	S:P1143L S:L1145L S:D1146D	16	7636	0.002095	24850	25069
C24899-A C24981-T C24990T C25000T	NA NA S:P1143L S:D1146D	16	7428	0.002154	24850	25018
C24899-A	NA	16	10387	0.00154	24850	24912
C24852-A C25000T	NA S:D1146D	16	7209	0.002219	24850	25065
C24672T A24673C	S:S1037F S:S1037F	16	29594	0.000541	24612	24679
C24672-A A24684-T G24693-A	NA NA NA	16	5268	0.003037	24612	24703
C24082T	S:C840C	16	8052	0.001987	24021	24153
C24023T	S:L821L	16	7405	0.002161	24021	24067
C23854A T23875C	S:N764K S:A771A	16	27559	0.000581	23815	23895
C23854A C23874T	S:N764K S:A771V	16	27698	0.000578	23683	23895
C23854A A23892G	S:N764K S:N777S	16	26342	0.000607	23683	23895
C23854A A23869G	S:N764K S:G769G	16	27815	0.000575	23683	23895
C23799-A C23854A	NA S:N764K	16	27016	0.000592	23770	23895
C23706-CA C23854A	NA S:N764K	16	22171	0.000722	23686	23895
C23604G G23666+A	S:P681R NA	16	34799	0.00046	23599	23724
C23525T T23529A T23599G C23604G	S:H655Y S:V656D S:N679K S:P681R	16	51633	0.00031	23493	23642
C23525T C23589T T23599G C23604G	S:H655Y S:T676I S:N679K S:P681R	16	51633	0.00031	23487	23642
C23525T A23531T T23599G C23604G	S:H655Y S:N657Y S:N679K S:P681R	16	51633	0.00031	23487	23642
C23423T G23486-T C23525T	S:P621S NA S:H655Y	16	13886	0.001152	23346	23539
C23099-T	NA	16	7371	0.002171	23090	23110
C21618T C21622T G21624C T21632-TACCCCCTG C21711T C21781-A	S:T19I S:T20T S:R21T S:DEL25/27 S:S50L NA	16	8965	0.001785	21597	21802
C21618T C21622T G21624C T21632-TACCCCCTG C21711T C21736-T A21764-TACATG	S:T19I S:T20T S:R21T S:DEL25/27 S:S50L NA S:DEL69/70	16	8992	0.001779	21597	21802
A25325G	S:K1255E	16	58366	0.000274	25300	25325
A25295G	S:K1245E	16	58684	0.000273	25251	25325
A25192G C25207T	S:I1210M S:Y1215Y	16	50472	0.000317	25122	25325
A24922-T	NA	16	10345	0.001547	24909	24941
A24772G	S:A1070A	16	7989	0.002003	24724	24806
A24679G	S:R1039R	16	29107	0.00055	24612	24679
A24629G	S:N1023D	16	30064	0.000532	24616	24668
A24556+G	NA	16	60796	0.000263	24536	24564
A24532G	S:E990E	16	61038	0.000262	24486	24554
A24468-T T24470A	NA S:F970I	16	58134	0.000275	24465	24564
A24424T T24523C	S:Q954H S:V987V	16	35002	0.000457	24415	24541
A24424T T24504C	S:Q954H S:L981P	16	35188	0.000455	24412	24564
A24424T T24487C	S:Q954H S:S975S	16	35280	0.000454	24412	24564
A24424T T24469G	S:Q954H S:N969K	16	35405	0.000452	24412	24476
A24424T T24469A T24472-G T24481C	S:Q954H S:N969K NA S:I973I	16	35313	0.000453	24412	24564
A24424T T24459C T24469A	S:Q954H S:L966P S:N969K	16	35405	0.000452	24415	24564
A24424T C24517+A	S:Q954H NA	16	35077	0.000456	24412	24538
A24424T C24444T T24469A	S:Q954H S:T961M S:N969K	16	35405	0.000452	24412	24564
A24424T C24431+A	S:Q954H NA	16	35754	0.000448	24412	24441
A24424T A24508G	S:Q954H S:S982S	16	35166	0.000455	24412	24564
A24420G A24424T	S:N953S S:Q954H	16	40727	0.000393	24412	24424
A24110-T C24119-A G24140-T	NA NA NA	16	7802	0.002051	24021	24159
A23853G C23854A	S:N764R S:N764R	16	28111	0.000569	23683	23873
A23712+T T23850+A	NA NA	16	22297	0.000718	23683	23876
A23712+T G23768-T	NA NA	16	24225	0.00066	23683	23786
A23515+G T23599G C23604G	NA S:N679* S:P681C	16	51551	0.00031	23501	23608
A23497T C23525T T23599G C23604G	S:T645T S:H655Y S:N679K S:P681R	16	51136	0.000313	23489	23638
A23403G C23423T T23489C C23525T	S:D614G S:P621S S:F643L S:H655Y	16	13750	0.001164	23335	23539
A23403G C23423T T23480C C23525T	S:D614G S:P621S S:S640P S:H655Y	16	13750	0.001164	23342	23539
A23403G C23423T T23459-G C23525T	S:D614G S:P621S NA S:H655Y	16	13750	0.001164	23339	23539
A23403G C23423T G23478A C23525T	S:D614G S:P621S S:G639D S:H655Y	16	13750	0.001164	23335	23539
A23403G C23423T A23474G C23525T	S:D614G S:P621S S:T638A S:H655Y	16	13750	0.001164	23335	23539
A23403G A23419G C23423T C23525T	S:D614G S:E619E S:P621S S:H655Y	16	13750	0.001164	23339	23539
A23403G A23409G C23423T C23525T	S:D614G S:N616S S:P621S S:H655Y	16	13750	0.001164	23385	23532
A23366G A23403G C23423T C23525T	S:T602A S:D614G S:P621S S:H655Y	16	13552	0.001181	23335	23539
A23357G A23403G C23423T C23525T	S:T599A S:D614G S:P621S S:H655Y	16	13508	0.001184	23335	23539
T25464C	ORF3a:T24T	15	12137	0.001236	25381	25477
T25434C	ORF3a:T14T	15	12528	0.001197	25381	25477
T25280C	S:C1240R	15	58497	0.000256	25251	25324
T25272C	S:M1237T	15	58381	0.000257	25266	25288
T24656C	S:C1032R	15	29964	0.000501	24626	24667
T24631C	S:N1023N	15	30070	0.000499	24615	24669
T24607C	S:A1015A	15	24528	0.000612	24578	24678
T24469A G24546A	S:N969K S:R995K	15	57229	0.000262	24465	24564
T24469A C24536T	S:N969K S:Q992*	15	57359	0.000262	24465	24564
T24469A A24602G	S:N969K S:R1014G	15	21619	0.000694	24465	24679
T24469A A24591G	S:N969K S:Q1010R	15	21645	0.000693	24465	24679
T24469A A24569G	S:N969K S:S1003G	15	21869	0.000686	24465	24679
T24469A A24543G	S:N969K S:D994G	15	57274	0.000262	24465	24564
T24151C	S:P863P	15	10405	0.001442	24148	24191
T23740C C23854A	S:I726I S:N764K	15	22513	0.000666	23683	23895
T23693C C23854A	S:S711P S:N764K	15	21858	0.000686	23683	23895
T23599G T23600-C T23602A C23604G	S:N679K NA S:S680S S:P681R	15	87705	0.000171	23580	23642
T23599G C23604G A23704+C C23709+A	S:N679K S:P681R NA NA	15	33996	0.000441	23580	23724
T23353C A23403G C23423T C23525T	S:V597V S:D614G S:P621S S:H655Y	15	13484	0.001112	23335	23539
T23350C A23403G C23423T C23525T	S:S596S S:D614G S:P621S S:H655Y	15	13416	0.001118	23335	23529
T23341C A23403G C23423T C23525T	S:G593G S:D614G S:P621S S:H655Y	15	13247	0.001132	23335	23539
T21609+CATGCCGCTGTT C21618T C21622T T21632-TACCCCCTG C21711T A21764-TACATG C21781-A	S:INS17HAAV S:T19F S:T20F S:DEL25/27 S:S50L S:DEL69/70 NA	15	8964	0.001673	21597	21802
T21609+CATGCCGCTGTT C21618T C21622T G21624C T21632-TACCCCCTG G21701-T C21711T A21764-TACATG	S:INS17HAAV S:T19F S:T20F S:R21T S:DEL25/27 NA S:S50L S:DEL69/70	15	8991	0.001668	21597	21802
G25447+A	NA	15	12353	0.001214	25381	25464
G25244-T	NA	15	52708	0.000285	25223	25325
G25130-C	NA	15	48362	0.00031	25123	25161
G25127A C25207T	S:V1189I S:Y1215Y	15	46473	0.000323	25122	25295
G23811A C23854A	S:S750N S:N764K	15	27191	0.000552	23745	23873
G23699A	S:A713T	15	61226	0.000245	23686	23723
G23699+A	NA	15	61226	0.000245	23683	23708
G21941T G21987A T21990-TTA C22000-A C22009-A T22032C C22033A A22034G	S:V127F S:G142D S:DEL144 NA NA S:F157S S:F157S S:R158G	15	10466	0.001433	21847	22043
G21941T G21987A T21990-TTA A22029G T22032C C22033A A22034G	S:V127F S:G142D S:DEL144 S:E156G S:F157S S:F157S S:R158G	15	10466	0.001433	21847	22058
G21941T G21987A T21990-TTA A22025G T22032C C22033A A22034G	S:V127F S:G142D S:DEL144 S:S155G S:F157S S:F157S S:R158G	15	10466	0.001433	21888	22058
C25357+A	NA	15	5123	0.002928	25251	25372
C25275T	S:T1238I	15	58445	0.000257	25251	25325
C25207T C25292T	S:Y1215Y S:L1244F	15	49958	0.0003	25130	25297
C25207T A25247-T	S:Y1215Y NA	15	50475	0.000297	25133	25325
C25207T A25208G	S:Y1215Y S:I1216V	15	50873	0.000295	25176	25325
C25132+A C25207T	NA S:Y1215V	15	48001	0.000312	25122	25318
C24784+T	NA	15	8054	0.001862	24724	24794
C24672-A A24684-T A24803-T	NA NA NA	15	4841	0.003099	24612	24806
C24421T A24424T T24469A	S:N953N S:Q954H S:N969K	15	35399	0.000424	24412	24563
C24320-A C24378T	NA S:S939F	15	4950	0.00303	24229	24397
C23887-A C23929-A G23948T	NA NA S:D796Y	15	3673	0.004084	23792	23956
C23854A A23890G	S:N764K S:K776K	15	26838	0.000559	23830	23892
C23809T C23854A	S:C749C S:N764K	15	27173	0.000552	23705	23881
C23709+A C23854A	NA S:N764K	15	22188	0.000676	23698	23881
C23707+A	NA	15	61031	0.000246	23696	23719
C23701-A	NA	15	61349	0.000245	23683	23716
C23604G A23712+T	S:P681R NA	15	33935	0.000442	23580	23724
C23589T T23599G C23604G	S:T676I S:N679K S:P681R	15	87600	0.000171	23580	23705
C23525T T23599G C23604G G23642A	S:H655Y S:N679K S:P681R Unknown	15	49716	0.000302	23487	23642
C23525T T23599G C23604G G23628A	S:H655Y S:N679K S:P681R S:S689N	15	51009	0.000294	23487	23642
C23525T T23599G C23601T C23604G	S:H655Y S:N679K S:S680F S:P681R	15	51633	0.000291	23487	23642
C23525T G23549A T23599G C23604G	S:H655Y S:D663N S:N679K S:P681R	15	51633	0.000291	23487	23624
C23525T C23556-CA T23559A T23599G C23604G	S:H655Y NA S:I666N S:N679K S:P681R	15	51633	0.000291	23493	23625
C23525T A23586T T23599G C23604G	S:H655Y S:Q675L S:N679K S:P681R	15	51633	0.000291	23487	23624
C21618T T21632-TACCCCCTG C21711T A21764-TACATG	S:T19I S:DEL25/27 S:S50L S:DEL69/70	15	8992	0.001668	21597	21802
A25419G	ORF3a:T9T	15	12866	0.001166	25383	25477
A25271G	S:M1237V	15	58363	0.000257	25264	25325
A24654G	S:E1031G	15	29972	0.0005	24612	24667
A24617G	S:R1019G	15	29971	0.0005	24612	24660
A24424T T24548C	S:Q954H S:L996L	15	34754	0.000432	24412	24564
A24424T T24469A G24558A	S:Q954H S:N969K S:G999D	15	34545	0.000434	24412	24564
A24424T T24469A C24536T	S:Q954H S:N969K S:Q992*	15	34867	0.00043	24412	24554
A24424T T24469A A24494G	S:Q954H S:N969K S:N978D	15	35249	0.000426	24412	24564
A24424T T24469A A24479+T	S:Q954H S:N969K NA	15	35333	0.000425	24412	24564
A24424T T24460C T24469A	S:Q954H S:L966L S:N969K	15	35405	0.000424	24412	24563
A24424T T24451+A T24469A	S:Q954H NA S:N969Q	15	35405	0.000424	24415	24564
A24424T T24438C T24469A	S:Q954H S:L959S S:N969K	15	35405	0.000424	24412	24564
A24424T C24429T T24469A	S:Q954H S:A956V S:N969K	15	35405	0.000424	24412	24564
A24424T A24439G T24469A	S:Q954H S:L959L S:N969K	15	35405	0.000424	24412	24564
A24424C	S:Q954H	15	40739	0.000368	24412	24564
A24325-T C24378T A24424T	NA S:S939F S:Q954H	15	4585	0.003272	24256	24424
A24253-T T24377-C A24424T	NA NA S:Q954H	15	3466	0.004328	24236	24424
A24253-T C24263-A	NA NA	15	7223	0.002077	24229	24273
A24078-T	NA	15	7939	0.001889	24021	24185
A23848G C23854A	S:Q762Q S:N764K	15	27996	0.000536	23792	23895
A23847G C23854A	S:Q762R S:N764K	15	27986	0.000536	23683	23895
A23829G C23854A	S:Y756C S:N764K	15	27564	0.000544	23683	23892
A23737G C23854A	S:E725E S:N764K	15	22490	0.000667	23683	23891
A23702G C23854A	S:I714V S:N764K	15	22117	0.000678	23683	23895
A23403G C23423T T23448C C23525T	S:D614G S:P621S S:L629P S:H655Y	15	13750	0.001091	23339	23539
A23403G C23423T T23425C C23525T	S:D614G S:P621S S:P621S S:H655Y	15	13750	0.001091	23335	23532
A23403G C23423T C23525T T23529C	S:D614G S:P621S S:H655Y S:V656A	15	13735	0.001092	23339	23537
A23403G C23423T A23495G C23525T	S:D614G S:P621S S:T645A S:H655Y	15	13750	0.001091	23335	23539
A23403G C23423T A23436G C23525T	S:D614G S:P621S S:H625R S:H655Y	15	13750	0.001091	23335	23532
A23403G A23416G C23423T C23525T	S:D614G S:T618T S:P621S S:H655Y	15	13750	0.001091	23335	23532
A23354+T	NA	15	25563	0.000587	23339	23362
A22629C C22674T	S:K356T S:S371F	15	491	0.03055	22623	22676
A22193-ATT T22200G C22208T G22218+T C22295A	S:DEL212 S:V213G S:L216F NA S:H245T	15	5823	0.002576	22100	22319
A21979-T G21987A T21990-TTA T22032C C22033A A22034G	NA S:G142D S:DEL144 S:F157S S:F157S S:R158G	15	10970	0.001367	21949	22058
A21926G G21941T G21987A T21990-TTA T22032C C22033A A22034G	S:N122D S:V127F S:G142D S:DEL144 S:F157S S:F157S S:R158G	15	10384	0.001445	21918	22058
T25399C	ORF3a:L3L	14	13145	0.001065	25381	25477
T25322C	S:C1254R	14	58705	0.000238	25317	25325
T25319C	S:C1253R	14	58970	0.000237	25312	25325
T25316-C	NA	14	59075	0.000237	25301	25324
T25304C	S:C1248R	14	58926	0.000238	25294	25325
T25301-G	NA	14	58820	0.000238	25264	25468
T25264C	S:L1234L	14	58224	0.00024	25251	25325
T25251C	S:V1230A	14	52804	0.000265	25210	25325
T25123-G	NA	14	47582	0.000294	25122	25144
T24982C C24990T C25000T	S:P1140P S:P1143L S:D1146D	14	7631	0.001835	24850	25069
T24623C	S:S1021P	14	30007	0.000467	24612	24635
T24589C	S:T1009T	14	24550	0.00057	24486	24679
T24585C	S:V1008A	14	24566	0.00057	24465	24671
T24548C	S:L996L	14	60984	0.00023	24486	24564
T24534C	S:V991A	14	61042	0.000229	24473	24564
T24513C	S:L984P	14	61062	0.000229	24470	24564
T24496C	S:N978N	14	61040	0.000229	24473	24534
T24469A G24533A	S:N969K S:V991M	14	57431	0.000244	24465	24676
T24469A C24575T	S:N969K S:Q1005*	14	21851	0.000641	24465	24679
T24469A C24507+T	S:N969K NA	14	57801	0.000242	24465	24564
T24469A A24673G	S:N969K S:S1037S	14	21226	0.00066	24465	24679
T24139C	S:T859T	14	8655	0.001618	24120	24191
T23791C C23854A	S:C743C S:N764K	14	26856	0.000521	23699	23895
T23783C C23854A	S:Y741H S:N764K	14	26749	0.000523	23767	23895
T23774G C23854A	S:C738G S:N764K	14	26661	0.000525	23767	23895
T23769C C23854A	S:V736A S:N764K	14	26608	0.000526	23683	23895
T23727C C23854A	S:V722A S:N764K	14	22327	0.000627	23683	23895
T23725+C C23854A	NA S:N764K	14	22292	0.000628	23683	23891
T23716-A	NA	14	60718	0.000231	23697	23727
T23684C C23854A	S:S708P S:N764K	14	21677	0.000646	23683	23895
T23599G C23604G G23619A	S:N679K S:P681R S:S686N	14	87615	0.00016	23581	23642
T23599G C23604G C23692T	S:N679K S:P681R S:N710N	14	34542	0.000405	23580	23717
T22200G C22208T	S:V213G S:L216F	14	6228	0.002248	22105	22229
T21976-C G21987A T21990-TTA T22032C C22033A A22034G	NA S:G142D S:DEL144 S:F157S S:F157S S:R158G	14	10965	0.001277	21949	22058
T21610C C21618T C21622T G21624C T21632-TACCCCCTG C21711T A21764-TACATG	S:V16V S:T19I S:T20T S:R21T S:DEL25/27 S:S50L S:DEL69/70	14	8991	0.001557	21597	21802
T21607C T21609+CATGCCGCTGTT C21618T C21622T G21624C T21632-TACCCCCTG C21711T A21764-TACATG	S:C15C S:INS17HAAV S:T19F S:T20F S:R21T S:DEL25/27 S:S50L S:DEL69/70	14	8985	0.001558	21597	21802
G25455T	ORF3a:K21N	14	12241	0.001144	25353	25477
G25313A	S:G1251R	14	59063	0.000237	25308	25324
G25186A C25207T	S:Q1208Q S:Y1215Y	14	50209	0.000279	25133	25325
G24693-A	NA	14	5432	0.002577	24612	24709
G24638A	S:A1026T	14	30039	0.000466	24612	24679
G24530+A	NA	14	61050	0.000229	24513	24551
G24515-A	NA	14	61074	0.000229	24504	24563
G24173A	S:A871T	14	10365	0.001351	24148	24191
G23948T A23964-T	S:D796Y NA	14	4207	0.003328	23941	23978
G23808A C23854A	S:C749Y S:N764K	14	27141	0.000516	23787	23895
G23761-A	NA	14	24814	0.000564	23683	23769
G23508A C23525T T23599G C23604G	S:C649Y S:H655Y S:N679K S:P681R	14	51464	0.000272	23487	23622
G23508+T A23515+G C23525T T23599G C23604G	NA NA S:H655Y S:N679L S:P681R	14	51464	0.000272	23487	23642
G22249+T C22295A	NA S:H245T	14	7993	0.001752	22239	22319
G21941T T21983C G21987A T21990-TTA T22032C C22033A A22034G	S:V127F S:L141L S:G142D S:DEL144 S:F157S S:F157S S:R158G	14	10466	0.001338	21847	22058
G21941T G21987A T22032C C22033A	S:V127F S:G142D S:F157S S:F157S	14	10467	0.001338	21847	22058
C25207T T25268A	S:Y1215Y S:C1236S	14	50100	0.000279	25190	25325
C25207T G25218+T	S:Y1215Y NA	14	50580	0.000277	25124	25261
C25207T C25318T	S:Y1215Y S:S1252S	14	49587	0.000282	25124	25325
C25207T C25276-A	S:Y1215Y NA	14	50078	0.00028	25191	25325
C25207T A25208-T G25218-T	S:Y1215Y NA NA	14	50580	0.000277	25131	25266
C25163T C25207T	S:Q1201* S:Y1215Y	14	49242	0.000284	25122	25325
C25000T C25083T C25207T	S:D1146D S:A1174V S:Y1215Y	14	231	0.060606	24990	25210
C24632-T	NA	14	30069	0.000466	24613	24679
C24431+A	NA	14	36072	0.000388	24424	24451
C24064-A A24110-T	NA NA	14	6871	0.002038	24021	24165
C23758T C23854A	S:T732T S:N764K	14	22665	0.000618	23684	23895
C23700T C23854A	S:A713V S:N764K	14	22091	0.000634	23683	23890
C23525T G23593A T23599G C23604G	S:H655Y S:Q677Q S:N679K S:P681R	14	51633	0.000271	23487	23625
C23525T G23580-T T23599G C23604G	S:H655Y NA S:N679K S:P681R	14	51633	0.000271	23490	23642
C23525T G23545A T23599G C23604G	S:H655Y S:E661E S:N679K S:P681R	14	51633	0.000271	23487	23624
C23367+A C23423T	NA S:P621S	14	24497	0.000571	23335	23439
C23277T A23403G C23423T	S:T572I S:D614G S:P621S	14	8841	0.001584	23271	23443
C23271T T23335C A23403G C23423T	S:A570V S:S591S S:D614G S:P621S	14	8210	0.001705	23269	23443
C22120-A	NA	14	5996	0.002335	22105	22137
C21978A G21987A T21990-TTA T22032C C22033A A22034G	S:P139Q S:G142D S:DEL144 S:F157S S:F157S S:R158G	14	10968	0.001276	21959	22058
C21914T G21941T G21987A T21990-TTA T22032C C22033A A22034G	S:L118F S:V127F S:G142D S:DEL144 S:F157S S:F157S S:R158G	14	10330	0.001355	21847	22058
A25443G	ORF3a:Q17Q	14	12409	0.001128	25381	25470
A25431G	ORF3a:V13V	14	12595	0.001112	25381	25477
A25397-T	NA	14	13161	0.001064	25381	25416
A25256+T	NA	14	58007	0.000241	25251	25269
A25241G	S:I1227V	14	52653	0.000266	25222	25323
A24774G	S:Q1071R	14	8004	0.001749	24724	24796
A24556G	S:T998T	14	60796	0.00023	24516	24564
A24508G	S:S982S	14	61087	0.000229	24470	24527
A24424T T24511C	S:Q954H S:R983R	14	35131	0.000399	24412	24554
A24424T T24482C	S:Q954H S:S974P	14	35311	0.000396	24412	24564
A24424T T24475C	S:Q954H S:G971G	14	35355	0.000396	24412	24564
A24424T T24469A T24470C	S:Q954H S:N969K S:F970L	14	35369	0.000396	24416	24564
A24424T T24469A C24503-T	S:Q954H S:N969K NA	14	35193	0.000398	24412	24564
A24424T T24427C T24469A	S:Q954H S:N955N S:N969K	14	35405	0.000395	24412	24564
A24424T C24517-A	S:Q954H NA	14	35077	0.000399	24412	24543
A24424T A24467G T24469A	S:Q954H S:N969E S:N969E	14	35405	0.000395	24412	24564
A24253-T A24324-AT C24378T	NA NA S:S939F	14	3851	0.003635	24229	24404
A24170T	S:I870F	14	10373	0.00135	24138	24191
A24121G	S:Q853Q	14	8600	0.001628	24072	24191
A24110-T C24119-A G24124-T	NA NA NA	14	7886	0.001775	24021	24191
A23848+T G23948T	NA S:D796*	14	3494	0.004007	23767	23953
A23780G C23854A	S:M740V S:N764K	14	26711	0.000524	23760	23895
A23770G C23854A	S:V736V S:N764K	14	26615	0.000526	23688	23895
A23704+C C23887-A	NA NA	14	21105	0.000663	23683	23895
A23572G T23599G C23604G	S:I670M S:N679K S:P681R	14	52227	0.000268	23525	23642
A23503G C23525T T23599G C23601A C23604G	S:A647A S:H655Y S:N679K S:S680Y S:P681R	14	51368	0.000273	23487	23624
A23403G C23423T T23479C C23525T	S:D614G S:P621S S:G639G S:H655Y	14	13750	0.001018	23335	23532
A23403G C23423T T23452C C23525T	S:D614G S:P621S S:T630T S:H655Y	14	13750	0.001018	23335	23539
A23403G C23423T T23431C C23525T	S:D614G S:P621S S:A623A S:H655Y	14	13750	0.001018	23335	23539
A23403G C23423T A23497G C23525T	S:D614G S:P621S S:T645T S:H655Y	14	13750	0.001018	23335	23539
A23403G C23423T A23495+T C23525T	S:D614G S:P621S NA S:H655S	14	13750	0.001018	23342	23539
A23362G A23403G C23423T C23525T	S:P600P S:D614G S:P621S S:H655Y	14	13526	0.001035	23335	23532
A21675+T C21711T A21764-TACATG	NA S:S50F S:DEL69/70	14	10522	0.001331	21667	21802
T25473C	ORF3a:D27D	13	12039	0.00108	25383	25477
T25467C	ORF3a:P25P	13	12102	0.001074	25381	25477
T25310C	S:C1250R	13	59022	0.00022	25288	25325
T25293C	S:L1244P	13	58644	0.000222	25269	25324
T25265C	S:C1235R	13	58190	0.000223	25260	25325
T25148+A C25207T	NA S:Y1215V	13	48928	0.000266	25138	25325
T24957C C24990T C25000T	S:I1132T S:P1143L S:D1146D	13	7563	0.001719	24850	25043
T24744C	S:V1061A	13	7767	0.001674	24724	24806
T24565C	S:L1001L	13	60443	0.000215	24476	24679
T24552C	S:I997T	13	60941	0.000213	24495	24564
T24482C	S:S974P	13	60680	0.000214	24474	24515
T24469A T24660C	S:N969K S:V1033A	13	21452	0.000606	24465	24679
T24469A T24628C	S:N969K S:A1022A	13	21566	0.000603	24465	24679
T24469A T24571C	S:N969K S:S1003S	13	21862	0.000595	24465	24679
T24469A T24475C	S:N969K S:G971G	13	58124	0.000224	24465	24555
T24469A C24639T	S:N969K S:A1026V	13	21531	0.000604	24465	24679
T24417C A24424T	S:V952A S:Q954H	13	40685	0.00032	24412	24475
T24111C	S:I850T	13	8095	0.001606	24083	24191
T23781C C23854A	S:M740T S:N764K	13	26719	0.000487	23725	23895
T23721C C23854A	S:I720T S:N764K	13	22252	0.000584	23699	23895
T23698C	S:I712I	13	61228	0.000212	23683	23719
T23599G T23602-C	S:N679K NA	13	87708	0.000148	23582	23624
T23599G C23604G T23650C	S:N679K S:P681R S:T696T	13	34890	0.000373	23584	23724
T23599G C23604G C23679-T	S:N679K S:P681R NA	13	34662	0.000375	23580	23724
T23599G C23604G C23638T	S:N679K S:P681R S:I692I	13	86290	0.000151	23580	23642
T23599G C23601T C23604G	S:N679K S:S680F S:P681R	13	87705	0.000148	23580	23642
T23596-A T23599G C23604G	NA S:N679K S:P681R	13	87699	0.000148	23580	23642
T23590-C T23599G C23604G	NA S:N679K S:P681R	13	87611	0.000148	23581	23619
T23548C T23599G C23604G	S:C662C S:N679K S:P681R	13	51930	0.00025	23487	23624
T23521A C23525T T23599G C23604G	S:A653A S:H655Y S:N679K S:P681R	13	51630	0.000252	23487	23629
T23511-A C23525T T23599G C23604G	NA S:H655Y S:N679K S:P681R	13	51510	0.000252	23501	23642
T23337C A23403G C23423T C23525T	S:F592S S:D614G S:P621S S:H655Y	13	13102	0.000992	23335	23539
T22926C T22942A	S:L455S S:N460K	13	172	0.075581	22922	22967
T21940-G G21987A T21990-TTA C22033A A22034G	NA S:G142D S:DEL144 S:F157L S:R158G	13	10465	0.001242	21847	22043
T21940-G A21979-T G21987A T21990-TTA C22000-A C22009-A T22032C C22033A A22034G	NA NA S:G142D S:DEL144 NA NA S:F157S S:F157S S:R158G	13	10465	0.001242	21847	22058
T21940-G	NA	13	10668	0.001219	21847	21945
T21915C G21941T G21987A T21990-TTA T22032C C22033A A22034G	S:L118P S:V127F S:G142D S:DEL144 S:F157S S:F157S S:R158G	13	10333	0.001258	21847	22058
T21609+CATGCCGCTGTT C21618T C21622T G21624C T21632-TACCCCCTG A21708+T A21764-TACATG	S:INS17HAAV S:T19F S:T20F S:R21T S:DEL25/27 NA S:DEL69/70	13	8991	0.001446	21597	21802
G25401-T	NA	13	13116	0.000991	25384	25435
G25323+A	NA	13	58669	0.000222	25316	25325
G25311+C	NA	13	59031	0.00022	25299	25324
G24776+A	NA	13	8014	0.001622	24740	24796
G24764A	S:V1068I	13	7935	0.001638	24757	24781
G24488-T C24503-T	NA NA	13	60679	0.000214	24480	24516
G23726+T	NA	13	25070	0.000519	23694	23735
G23593-A T23599G C23604G	NA S:N679K S:P681R	13	87652	0.000148	23580	23641
G23508+T T23599G C23604G	NA S:N679* S:P681C	13	51464	0.000253	23487	23621
G23222A C23230-A C23244-T C23271T	S:E554K NA NA S:A570V	13	7069	0.001839	23089	23290
G23222A A23267-T	S:E554K NA	13	7070	0.001839	23204	23290
G22104-A C22120-A A22193-ATT T22200G C22208T	NA NA S:DEL212 S:V213G S:L216F	13	5708	0.002278	22100	22229
G21941T G21987A T21990-TTA A22034G	S:V127F S:G142D S:DEL144 S:R158G	13	10466	0.001242	21847	22058
G21608+CCATGCCGCTGT C21618T C21622T G21624C T21632-TACCCCCTG C21711T A21764-TACATG	S:INS17PCRC S:T19F S:T20V S:R21T S:DEL25/27 S:S50L S:DEL69/70	13	8985	0.001447	21597	21802
C25207T G25290A	S:Y1215Y S:C1243Y	13	49980	0.00026	25129	25325
C25207T C25300T	S:Y1215Y S:G1246G	13	49869	0.000261	25122	25325
C25207T C25262-TT G25320A	S:Y1215Y NA S:C1253Y	13	49525	0.000262	25122	25325
C25207T C25262-TT C25324+A	S:Y1215Y NA NA	13	49183	0.000264	25130	25325
C25207T C25262-TT A25296-G	S:Y1215Y NA NA	13	49904	0.000261	25122	25325
C25207T C25262-T T25312C	S:Y1215Y NA S:C1250C	13	49732	0.000261	25130	25325
C25207T A25277T	S:Y1215Y S:S1239C	13	50070	0.00026	25183	25325
C25207T A25208-T C25262-TT	S:Y1215Y NA NA	13	50340	0.000258	25130	25325
C24990T C25000T A25045G	S:P1143L S:D1146D S:S1161S	13	7508	0.001731	24850	25065
C24512+T	NA	13	61078	0.000213	24465	24538
C24477T	S:A972V	13	60496	0.000215	24473	24543
C23854A T23861C	S:N764K S:L767L	13	27943	0.000465	23821	23895
C23854A A23864G	S:N764K S:T768A	13	27888	0.000466	23819	23895
C23758+A C23887-A	NA NA	13	21625	0.000601	23683	23895
C23525T C23591T T23599G C23604G	S:H655Y S:Q677* S:N679K S:P681R	13	51633	0.000252	23487	23642
C23525T A23558-T T23599G C23601A C23604G	S:H655Y NA S:N679K S:S680Y S:P681R	13	51633	0.000252	23487	23635
C23393T A23403G C23423T C23525T	S:L611F S:D614G S:P621S S:H655Y	13	13700	0.000949	23335	23539
C23271T A23382G A23403G C23423T	S:A570V S:Q607R S:D614G S:P621S	13	8210	0.001583	23269	23443
C22120-A A22193-ATT T22200G C22208T A22245-T C22295A	NA S:DEL212 S:V213G S:L216F NA S:H245N	13	5474	0.002375	22100	22319
C21622T T21632-TACCCCCTG C21711T A21764-TACATG	S:T20T S:DEL25/27 S:S50L S:DEL69/70	13	8992	0.001446	21597	21802
C21622T G21624C T21632-TACCCCCTG A21764-TACATG	S:T20T S:R21T S:DEL25/27 S:DEL69/70	13	8992	0.001446	21597	21802
A25503+C	NA	13	3684	0.003529	25372	25514
A25432G	ORF3a:T14A	13	12571	0.001034	25384	25471
A25379G	S:T1273A	13	8881	0.001464	25372	25477
A25194-AT G25197T C25207T G25218-T C25262-TT G25278-T	NA S:W1212L S:Y1215Y NA NA NA	13	49652	0.000262	25140	25325
A25194-AT G25197T C25207T A25208-T C25262-TT	NA S:W1212L S:Y1215Y NA NA	13	49930	0.00026	25122	25325
A25143+T	NA	13	50333	0.000258	25123	25165
A25125G	S:E1188G	13	47891	0.000271	25122	25154
A24922+T C24990T C25000T	NA S:P1143I S:D1146S	13	7485	0.001737	24850	25069
A24780G	S:K1073R	13	8038	0.001617	24762	24806
A24758G	S:T1066A	13	7899	0.001646	24724	24806
A24735G	S:H1058R	13	7704	0.001687	24724	24806
A24582G	S:Y1007C	13	24580	0.000529	24486	24679
A24580G	S:T1006T	13	24747	0.000525	24488	24679
A24543G	S:D994G	13	61024	0.000213	24515	24555
A24485G	S:S975G	13	60741	0.000214	24476	24528
A24424T T24438+A T24451+A	S:Q954H NA NA	13	35575	0.000365	24412	24564
A24424T T24427C	S:Q954H S:N955N	13	35760	0.000364	24412	24564
A24424T G24428A T24469A	S:Q954H S:A956T S:N969K	13	35405	0.000367	24413	24564
A24424T C24512+T	S:Q954H NA	13	35122	0.00037	24412	24564
A24424T A24560G	S:Q954H S:R1000G	13	34504	0.000377	24413	24564
A24424T A24556+G	S:Q954H NA	13	34568	0.000376	24412	24564
A24424T A24468G T24469A	S:Q954H S:N969R S:N969R	13	35405	0.000367	24412	24514
A24424T A24467C	S:Q954H Unknown	13	35414	0.000367	24412	24468
A24424T A24457G T24469A	S:Q954H S:Q965Q S:N969K	13	35405	0.000367	24412	24563
A24424T A24454C T24469A	S:Q954H S:K964N S:N969K	13	35405	0.000367	24412	24564
A24424T A24432G	S:Q954H S:Q957R	13	35748	0.000364	24412	24564
A24424T A24425G T24469A	S:Q954H S:N955D S:N969K	13	35405	0.000367	24412	24564
A24253-T A24323-AAT	NA S:DEL922	13	6797	0.001913	24229	24337
A24165G	S:E868G	13	10391	0.001251	24148	24191
A24129G	S:N856S	13	8651	0.001503	24124	24153
A24101+C	NA	13	8318	0.001563	24094	24191
A24043G	S:T827T	13	7551	0.001722	24027	24106
A23843G C23854A	S:T761A S:N764K	13	27877	0.000466	23838	23895
A23801G C23854A	S:T747A S:N764K	13	27057	0.00048	23683	23895
A23403G T23407C C23423T C23525T	S:D614G S:V615V S:P621S S:H655Y	13	13750	0.000945	23335	23539
A23403G C23423T T23468C C23525T	S:D614G S:P621S S:Y636H S:H655Y	13	13750	0.000945	23339	23539
A23403G C23423T T23459-G	S:D614G S:P621S NA	13	14707	0.000884	23336	23469
A23403G C23423T T23443C C23525T	S:D614G S:P621S S:D627D S:H655Y	13	13750	0.000945	23335	23539
A23403G C23423T G23486-T	S:D614G S:P621S NA	13	14034	0.000926	23335	23539
A23403G C23423T C23525T T23537C	S:D614G S:P621S S:H655Y S:S659P	13	13380	0.000972	23335	23539
A23359G A23403G C23423T	S:T599T S:D614G S:P621S	13	24438	0.000532	23335	23443
A22629C C22674T T22679C T22685-C A22688G G22770A G22775A A22786C G22813T	S:K356T S:S371F S:S373P NA S:T376A S:R403K S:D405N S:R408S S:K417N	13	71	0.183099	22623	22834
A22193-ATT T22200G T22207-C C22295A	S:DEL212 S:V213G NA S:H245N	13	5823	0.002233	22172	22319
A21875-TT T21940-G G21987A T21990-TTA T22032C C22033A A22034G	NA NA S:G142D S:DEL144 S:F157S S:F157S S:R158G	13	10054	0.001293	21847	22058
A21875-T	NA	13	10369	0.001254	21856	21895
T25451C	ORF3a:I20T	12	12294	0.000976	25381	25477
T25436C	ORF3a:L15S	12	12509	0.000959	25382	25477
T25422C	ORF3a:I10I	12	12826	0.000936	25383	25477
T25402C	ORF3a:F4L	12	13111	0.000915	25381	25477
T25309C	S:S1249S	12	59010	0.000203	25288	25324
T25303C	S:C1247C	12	58880	0.000204	25266	25325
T25285C	S:C1241C	12	58528	0.000205	25261	25321
T25202-G C25207T	NA S:Y1215Y	12	50883	0.000236	25193	25325
T25196C C25207T	S:W1212R S:Y1215Y	12	50597	0.000237	25122	25325
T25196-G C25262-TT	NA NA	12	49992	0.00024	25122	25320
T25189+A C25207T	NA S:Y1215V	12	50310	0.000239	25122	25263
T25171+G	NA	12	50533	0.000237	25122	25182
T24938C	S:C1126R	12	10314	0.001163	24891	24943
T24805C	S:I1081I	12	7904	0.001518	24755	24806
T24663C	S:L1034P	12	29834	0.000402	24612	24679
T24469A T24664C	S:N969K S:L1034L	12	21390	0.000561	24465	24679
T24469A T24600C	S:N969K S:I1013T	12	21623	0.000555	24465	24679
T24469A T24541C	S:N969K S:I993I	12	57288	0.000209	24465	24679
T24469A G24665A	S:N969K S:G1035R	12	21389	0.000561	24465	24675
T24469A G24659A	S:N969K S:V1033I	12	21463	0.000559	24465	24679
T24469A G24570-T	S:N969K NA	12	21867	0.000549	24465	24679
T24469A G24474A	S:N969K S:G971D	12	58128	0.000206	24465	24564
T24469A C24559T	S:N969K S:G999G	12	56941	0.000211	24465	24564
T24469A A24645G	S:N969K S:K1028R	12	21516	0.000558	24465	24676
T24469A A24641G	S:N969K S:T1027A	12	21526	0.000557	24465	24679
T24469A A24613G	S:N969K S:E1017E	12	21599	0.000556	24465	24679
T24469A A24539+T	S:N969K NA	12	57317	0.000209	24465	24564
T24469A A24493T C24536-A	S:N969K S:L977F NA	12	57359	0.000209	24465	24679
T24144C	S:L861S	12	8645	0.001388	24128	24191
T24141C	S:V860A	12	8644	0.001388	24081	24191
T24115C	S:C851C	12	8338	0.001439	24055	24190
T23818C C23854A	S:L752L S:N764K	12	27294	0.00044	23767	23895
T23798C C23854A	S:S746P S:N764K	12	26998	0.000444	23724	23895
T23787C C23854A	S:I742T S:N764K	12	26771	0.000448	23762	23895
T23750C	S:S730P	12	24976	0.00048	23683	23781
T23698+C	NA	12	61228	0.000196	23683	23709
T23693C	S:S711P	12	61150	0.000196	23683	23716
T23599G C23604G T23715C	S:N679K S:P681R S:F718S	12	33858	0.000354	23580	23718
T23599G C23604G T23659-G	S:N679K S:P681R NA	12	34804	0.000345	23580	23724
T23599G C23604G T23605-C	S:N679K S:P681R NA	12	87690	0.000137	23580	23624
T23599G C23604G G23624+T	S:N679K S:P681R NA	12	87525	0.000137	23584	23633
T23599G C23604G C23634T	S:N679K S:P681R S:S691F	12	86670	0.000138	23580	23700
T23599G C23604G C23630+A	S:N679K S:P681R NA	12	86862	0.000138	23580	23642
T23599G C23604G C23604+T	S:N679K S:P681L NA	12	87705	0.000137	23580	23618
T23599G C23604G A23720+T	S:N679K S:P681R NA	12	33673	0.000356	23580	23724
T23599A C23604G	S:N679K S:P681R	12	87705	0.000137	23580	23724
T23537C T23599G C23604G	S:S659P S:N679K S:P681R	12	51834	0.000232	23499	23642
T23521-G C23525T T23599G C23604G	NA S:H655Y S:N679K S:P681R	12	51630	0.000232	23487	23642
T23500A C23525T T23599G C23604G	S:R646R S:H655Y S:N679K S:P681R	12	51231	0.000234	23487	23642
T23389C A23403G C23423T C23525T	S:A609A S:D614G S:P621S S:H655Y	12	13674	0.000878	23335	23539
T23386C A23403G C23423T C23525T	S:V608V S:D614G S:P621S S:H655Y	12	13660	0.000878	23335	23539
T21609+CATGCCGCTGTT C21618T C21622T G21624C T21632-TACCCCCTG C21711T C21762G A21764-TACATG	S:INS17HAAV S:T19F S:T20F S:R21T S:DEL25/27 S:S50L S:A67S S:DEL69/70	12	8991	0.001335	21597	21802
T21609+CATGCCGCTGTT C21618T C21622T G21624C A21764-TACATG	S:INS17HAAV S:T19F S:T20F S:R21T S:DEL69/70	12	8991	0.001335	21597	21802
G25177-T C25207T	NA S:Y1215Y	12	49659	0.000242	25122	25225
G25145A C25207T	S:E1195K S:Y1215Y	12	48838	0.000246	25122	25325
G25127+T	NA	12	48059	0.00025	25122	25151
G24657T	S:C1032F	12	29958	0.000401	24647	24679
G24570-T	NA	12	24756	0.000485	24557	24600
G24570+T	NA	12	24756	0.000485	24473	24679
G24476+A	NA	12	60250	0.000199	24469	24492
G24413A A24424T T24469A	S:V951M S:Q954H S:N969K	12	34958	0.000343	24412	24564
G23747A C23854A	S:V729M S:N764K	12	22601	0.000531	23733	23895
G23726-T C23854A	NA S:N764K	12	22310	0.000538	23686	23895
G23522-A C23525T T23599G	NA S:H655Y S:N679K	12	51653	0.000232	23503	23642
G23516T C23525T T23599G C23604G	S:G652W S:H655Y S:N679K S:P681R	12	51571	0.000233	23487	23624
G23222A A23265G C23271T	S:E554K S:D568G S:A570V	12	7069	0.001698	23179	23290
G23222A A23263G C23271T	S:E554K S:R567R S:A570V	12	7069	0.001698	23207	23290
G23222A A23235G C23271T	S:E554K S:K558R S:A570V	12	7069	0.001698	23093	23274
G22104-A C22120-A A22161-T A22193-ATT T22200G C22208T C22295A	NA NA NA S:DEL212 S:V213G S:L216F S:H245N	12	5362	0.002238	22100	22319
G21987A T21990-TTA C22033A A22034G	S:G142D S:DEL144 S:F157L S:R158G	12	10973	0.001094	21962	22058
G21941T T22032C C22033A	S:V127F S:F157S S:F157S	12	10467	0.001146	21931	22058
G21941T G21987A T21990-TTA C22009-A T22032C C22033A A22034G	S:V127F S:G142D S:DEL144 NA S:F157S S:F157S S:R158G	12	10466	0.001147	21847	22058
C25418+A	NA	12	12885	0.000931	25381	25467
C25276T	S:T1238T	12	58457	0.000205	25262	25325
C25262-TT A25327-T	NA NA	12	5017	0.002392	25251	25335
C25207T T25301A	S:Y1215Y S:C1247S	12	49853	0.000241	25177	25324
C25207T G25250A	S:Y1215Y S:V1230M	12	50455	0.000238	25122	25323
C25207T C25262-T T25272C	S:Y1215Y NA S:M1237T	12	50085	0.00024	25122	25325
C24507+T	NA	12	61063	0.000197	24488	24564
C24455-A	NA	12	35981	0.000334	24412	24509
C24422-A A24425T T24469A	NA S:N955Y S:N969K	12	35402	0.000339	24412	24564
C24418+A A24424T	NA S:Q954P	12	40716	0.000295	24412	24519
C24119-A G24124-T	NA NA	12	8305	0.001445	24075	24178
C24034-A	NA	12	7511	0.001598	24026	24175
C23887-A A23942-T G23948T	NA NA S:D796Y	12	3673	0.003267	23767	23962
C23854T	S:N764N	12	28111	0.000427	23850	23895
C23854A T23866C	S:N764K S:T768T	12	27855	0.000431	23683	23895
C23778T C23854A	S:T739I S:N764K	12	26698	0.000449	23685	23895
C23745T C23854A	S:P728L S:N764K	12	22576	0.000532	23683	23895
C23525T T23599G C23604G T23626-A	S:H655Y S:N679K S:P681R NA	12	51094	0.000235	23487	23634
C23525T T23599G C23604G G23628-T	S:H655Y S:N679K S:P681R NA	12	51009	0.000235	23487	23639
C23525T G23580A T23599G C23604G	S:H655Y S:S673N S:N679K S:P681R	12	51633	0.000232	23487	23642
C23525T G23561A T23599G C23604G	S:H655Y S:G667S S:N679K S:P681R	12	51633	0.000232	23487	23642
C23525T C23557T T23599G C23604G	S:H655Y S:P665P S:N679K S:P681R	12	51633	0.000232	23511	23640
C23525T C23530-A T23599G C23604G	S:H655Y NA S:N679K S:P681R	12	51633	0.000232	23499	23642
C23525T A23532T T23599G C23604G	S:H655Y S:N657I S:N679K S:P681R	12	51633	0.000232	23487	23637
C23496T C23525T T23599G C23604G	S:T645I S:H655Y S:N679K S:P681R	12	51127	0.000235	23487	23642
C23492-A C23525T	NA S:H655Y	12	66859	0.000179	23487	23538
C23393+T A23403G C23423T C23525T	NA S:D614G S:P621S S:H655S	12	13700	0.000876	23335	23539
C23271T A23403G C23423T T23437C	S:A570V S:D614G S:P621S S:H625H	12	7869	0.001525	23269	23443
C23271T A23403G A23408G C23423T	S:A570V S:D614G S:N616D S:P621S	12	8210	0.001462	23269	23443
C21618T C21622T G21624C T21632-TACCCCCTG G21686-T A21764-TACATG	S:T19I S:T20T S:R21T S:DEL25/27 NA S:DEL69/70	12	8992	0.001335	21597	21791
A25450G	ORF3a:I20V	12	12309	0.000975	25381	25477
A25411G	ORF3a:I7V	12	12983	0.000924	25384	25477
A25194-AT G25197T C25207T A25208-T	NA S:W1212L S:Y1215Y NA	12	50463	0.000238	25137	25275
A24790G	S:T1076T	12	8048	0.001491	24728	24805
A24673T	S:S1037S	12	29597	0.000405	24612	24679
A24495G	S:N978S	12	61024	0.000197	24481	24564
A24479G	S:I973V	12	60536	0.000198	24476	24564
A24424T T24496C	S:Q954H S:N978N	12	35242	0.000341	24412	24564
A24424T T24489C	S:Q954H S:V976A	12	35274	0.00034	24412	24564
A24424T T24470-TTG	S:Q954H S:DEL971	12	35369	0.000339	24412	24564
A24424T T24469A T24544C	S:Q954H S:N969K S:D994D	12	34792	0.000345	24412	24564
A24424T T24469A T24490C	S:Q954H S:N969K S:V976V	12	35270	0.00034	24412	24556
A24424T T24469A G24547A	S:Q954H S:N969K S:R995R	12	34765	0.000345	24412	24564
A24424T T24469A G24510A	S:Q954H S:N969K S:R983H	12	35147	0.000341	24412	24564
A24424T T24469A A24538G	S:Q954H S:N969K S:Q992Q	12	34842	0.000344	24412	24564
A24424T T24469A A24525T	S:Q954H S:N969K S:E988V	12	34981	0.000343	24412	24564
A24424T C24455T T24469A	S:Q954H S:Q965* S:N969K	12	35405	0.000339	24412	24555
A24424T C24455-A	S:Q954H NA	12	35545	0.000338	24412	24564
A24424T A24562G	S:Q954H S:R1000R	12	34483	0.000348	24412	24564
A24424T A24539-T	S:Q954H NA	12	34837	0.000344	24412	24564
A24424T A24457G	S:Q954H S:Q965Q	12	35501	0.000338	24412	24552
A24419G A24424T T24469A	S:N953D S:Q954H S:N969K	12	35388	0.000339	24412	24564
A24253-T C24320-A C24378T	NA NA S:S939F	12	3851	0.003116	24229	24393
A24148G	S:P862P	12	8628	0.001391	24113	24191
A24067G	S:K835K	12	7651	0.001568	24021	24131
A23888G	S:K776E	12	27431	0.000437	23846	23895
A23759G C23854A	S:K733E S:N764K	12	22668	0.000529	23683	23881
A23723G C23854A	S:S721G S:N764K	12	22266	0.000539	23683	23881
A23515-G C23525T	NA S:H655Y	12	67676	0.000177	23496	23534
A23515+G C23525T A23558-T T23599G C23604G	NA S:H655S NA S:N679* S:P681C	12	51551	0.000233	23489	23642
A23497-C C23525T T23599G C23604G	NA S:H655Y S:N679K S:P681R	12	51136	0.000235	23487	23634
A23403G C23423T T23488C C23525T	S:D614G S:P621S S:V642V S:H655Y	12	13750	0.000873	23344	23539
A23403G C23423T A23524+G C23525T	S:D614G S:P621S NA S:H655S	12	13750	0.000873	23335	23539
A23403G C23423T A23440G C23525T	S:D614G S:P621S S:A626A S:H655Y	12	13750	0.000873	23342	23539
A23400G A23403G C23423T C23525T	S:Q613R S:D614G S:P621S S:H655Y	12	13750	0.000873	23345	23539
A23400+G C23423T C23525T	NA S:P621S S:H655S	12	13750	0.000873	23351	23535
A23370G A23403G C23423T C23525T	S:N603S S:D614G S:P621S S:H655Y	12	13571	0.000884	23335	23539
A22194G A22194-TT T22200G C22295A	S:N211S NA S:V213G S:H245N	12	5823	0.002061	22100	22319
T25542C	ORF3a:V50V	11	3416	0.00322	25372	25566
T25306C	S:C1248C	11	58963	0.000187	25281	25325
T25191-A C25262-TT	NA NA	11	49813	0.000221	25135	25275
T25171-G A25176G C25207T	NA S:K1205R S:Y1215Y	11	49449	0.000222	25135	25325
T25138C C25207T	S:N1192N S:Y1215Y	11	48381	0.000227	25122	25325
T24754C	S:H1064H	11	7850	0.001401	24724	24794
T24650C	S:S1030P	11	29989	0.000367	24612	24679
T24640C	S:A1026A	11	30026	0.000366	24612	24679
T24633C	S:L1024P	11	30058	0.000366	24612	24677
T24583C	S:Y1007Y	11	24572	0.000448	24479	24594
T24469A T24628-A	S:N969K NA	11	21566	0.00051	24465	24658
T24469A T24597C	S:N969K S:L1012S	11	21630	0.000509	24465	24679
T24469A T24492-A A24525G	S:N969K NA S:E988G	11	57529	0.000191	24465	24679
T24469A T24490C	S:N969K S:V976V	11	58027	0.00019	24465	24564
T24469A G24558A	S:N969K S:G999D	11	56951	0.000193	24465	24564
T24469A C24616T	S:N969K S:I1018I	11	21594	0.000509	24465	24679
T24469A A24679G	S:N969K S:R1039R	11	20856	0.000527	24465	24679
T24469A A24500G	S:N969K S:I980V	11	57900	0.00019	24465	24559
T24414C A24424T	S:V951A S:Q954H	11	40482	0.000272	24412	24564
T24376-TC	NA	11	5269	0.002088	24351	24417
T23850+A G23948T	NA S:D796*	11	3504	0.003139	23767	23955
T23815C C23854A	S:N751N S:N764K	11	27248	0.000404	23683	23895
T23774C C23854A	S:C738R S:N764K	11	26661	0.000413	23683	23895
T23773C C23854A	S:D737D S:N764K	11	26655	0.000413	23739	23895
T23725C	S:S721S	11	60311	0.000182	23683	23766
T23686+A	NA	11	60995	0.00018	23683	23702
T23599G C23604G T23713C	S:N679K S:P681R S:N717N	11	33879	0.000325	23580	23724
T23599G C23604G T23641-G A23712+T	S:N679K S:P681R NA NA	11	33892	0.000325	23580	23724
T23599G C23604G T23633+C	S:N679K S:P681R NA	11	86687	0.000127	23580	23642
T23599G C23604G T23622-A	S:N679K S:P681R NA	11	87581	0.000126	23592	23724
T23599G C23604G G23675A	S:N679K S:P681R S:V705I	11	34693	0.000317	23580	23724
T23599G C23604G G23660A	S:N679K S:P681R S:G700S	11	34796	0.000316	23593	23724
T23599G C23604G G23624+C	S:N679K S:P681R NA	11	87525	0.000126	23586	23633
T23599G C23604G C23692+T	S:N679K S:P681R NA	11	34542	0.000318	23580	23706
T23599G C23604G C23685T	S:N679K S:P681R S:S708F	11	34620	0.000318	23580	23724
T23599G A23648G	S:N679K S:T696A	11	34902	0.000315	23580	23724
T23584+C T23599G C23604G	NA S:N679* S:P681C	11	87474	0.000126	23580	23663
T23511+A	NA	11	67914	0.000162	23487	23521
T23398C A23403G C23423T C23525T	S:Y612Y S:D614G S:P621S S:H655Y	11	13738	0.000801	23339	23539
T23391C A23403G C23423T C23525T	S:V610A S:D614G S:P621S S:H655Y	11	13691	0.000803	23335	23532
T23385C A23403G C23423T C23525T	S:V608A S:D614G S:P621S S:H655Y	11	13650	0.000806	23335	23539
T23375C A23403G C23423T C23525T	S:S605P S:D614G S:P621S S:H655Y	11	13602	0.000809	23335	23539
T23164+A G23222A C23271T	NA S:E554R S:A570F	11	6891	0.001596	23131	23290
T21940-G G21987A T21990-TTA C22000-A C22009-A T22032C C22033A A22034G	NA S:G142D S:DEL144 NA NA S:F157S S:F157S S:R158G	11	10465	0.001051	21847	22058
T21609+CATGCCGTTGTT C21618T C21622T G21624C T21632-TACCCCCTG C21711T A21759T A21764-TACATG	S:INS17HAVV S:T19F S:T20F S:R21T S:DEL25/27 S:S50L S:H66V S:DEL69/70	11	8991	0.001223	21597	21802
T21609+CATGCCGCTGTT C21618T C21622T G21624C T21632-TACCCCCTG C21711T T21723C A21764-TACATG	S:INS17HAAV S:T19F S:T20F S:R21T S:DEL25/27 S:S50L S:L54S S:DEL69/70	11	8991	0.001223	21597	21802
T21609+CATGCCGCTGTT C21618T C21622T G21624C T21628C T21632-TACCCCCTG C21711T A21764-TACATG	S:INS17HAAV S:T19F S:T20F S:R21T S:T22L S:DEL25/27 S:S50L S:DEL69/70	11	8991	0.001223	21597	21802
G25340-A	NA	11	5323	0.002067	25251	25352
G25323A	S:C1254Y	11	58669	0.000187	25270	25325
G25305-T	NA	11	58952	0.000187	25296	25323
G25249A	S:M1229I	11	52762	0.000208	25231	25325
G25218-T C25262-TT	NA NA	11	51666	0.000213	25122	25325
G25145-A C25207T	NA S:Y1215Y	11	48838	0.000225	25122	25325
G25130+C	NA	11	48362	0.000227	25122	25139
G25126A C25207T	S:E1188E S:Y1215Y	11	46342	0.000237	25122	25290
G24858A	S:G1099D	11	10487	0.001049	24850	24880
G24743-T	NA	11	7763	0.001417	24736	24788
G24546A	S:R995K	11	61000	0.00018	24496	24550
G24527A	S:A989T	11	61060	0.00018	24470	24564
G24301+A	NA	11	8167	0.001347	24229	24312
G23885+A G23948T	NA S:D796*	11	3663	0.003003	23875	23968
G23876+A	NA	11	27968	0.000393	23845	23884
G23873T	S:A771S	11	28108	0.000391	23683	23895
G23792A C23854A	S:G744S S:N764K	11	26869	0.000409	23683	23895
G23735-A C23854A	NA S:N764K	11	22442	0.00049	23727	23895
G23499+T C23525T T23599G C23604G	NA S:H655S S:N679* S:P681C	11	51177	0.000215	23486	23637
G23222A A23223G C23271T	S:E554R S:E554R S:A570V	11	7069	0.001556	23089	23285
G22813T T22882G G22895C T22896C G22898A T22917G T22930A T22942G	S:K417N S:N440K S:V445P S:V445P S:G446S S:L452R S:F456L S:N460K	11	44	0.25	22793	22967
G22244+T C22295A	NA S:H245T	11	7086	0.001552	22237	22319
G22030-T	NA	11	11775	0.000934	22014	22058
C25292+G	NA	11	58620	0.000188	25283	25325
C25262-T T25382+A	NA NA	11	4205	0.002616	25251	25394
C25262-T A25420+T	NA NA	11	3638	0.003024	25252	25436
C25207T T25309A	S:Y1215Y S:S1249S	11	49761	0.000221	25141	25325
C25207T T25224-A	S:Y1215Y NA	11	50564	0.000218	25186	25325
C25207T G25314A	S:Y1215Y S:G1251E	11	49720	0.000221	25122	25324
C25207T C25317T	S:Y1215Y S:S1252F	11	49656	0.000222	25130	25325
C25207T A25256+T	S:Y1215Y NA	11	50396	0.000218	25140	25274
C25162T C25207T	S:L1200L S:Y1215Y	11	49225	0.000223	25130	25325
C25132T C25207T	S:A1190A S:Y1215Y	11	48001	0.000229	25122	25325
C24981-T C24990T C25000T A25026-T	NA S:P1143L S:D1146D NA	11	7547	0.001458	24850	25068
C24672-A C24715+T	NA NA	11	5145	0.002138	24612	24733
C24517+A	NA	11	61081	0.00018	24470	24564
C24483+A	NA	11	60703	0.000181	24473	24511
C24119-A C24150+T	NA NA	11	8158	0.001348	24111	24191
C24026-T G24140-T	NA NA	11	6361	0.001729	24021	24173
C23887A A23888C G23948T	S:D775E S:K776Q S:D796Y	11	3673	0.002995	23875	23978
C23887-AA	NA	11	27474	0.0004	23767	23894
C23854A T23862C	S:N764K S:L767S	11	27930	0.000394	23827	23895
C23854A G23856A	S:N764K S:R765H	11	28003	0.000393	23814	23895
C23825T C23854A	S:Q755* S:N764K	11	27467	0.0004	23821	23895
C23785+A	NA	11	28411	0.000387	23683	23802
C23647+G	NA	11	35750	0.000308	23639	23724
C23630-A	NA	11	87942	0.000125	23622	23642
C23604G T23641-G	S:P681R NA	11	85613	0.000128	23580	23657
C23525T T23599G T23602-C T23605G	S:H655Y S:N679K NA S:P681P	11	51624	0.000213	23501	23642
C23525T T23599G C23604G T23637A	S:H655Y S:N679K S:P681R S:I692N	11	50550	0.000218	23487	23641
C23525T T23599G C23604G A23627-G	S:H655Y S:N679K S:P681R NA	11	51042	0.000216	23488	23642
C23525T T23599G C23603+T C23604G	S:H655Y S:N679K NA S:P681C	11	51633	0.000213	23487	23639
C23525T T23599A C23604G	S:H655Y S:N679K S:P681R	11	51633	0.000213	23501	23633
C23525T T23527C C23604G	S:H655Y S:H655Y S:P681R	11	51633	0.000213	23487	23642
C23525T T23527C C23555T T23599G C23604G	S:H655Y S:H655Y S:P665S S:N679K S:P681R	11	51633	0.000213	23487	23624
C23525T T23527C	S:H655Y S:H655Y	11	67676	0.000163	23515	23539
C23525T C23585+G T23599G C23604G	S:H655Y NA S:N679* S:P681C	11	51633	0.000213	23487	23642
C23525T C23538T T23599G C23604G	S:H655Y S:S659L S:N679K S:P681R	11	51633	0.000213	23487	23642
C23525T A23598+G C23604G	S:H655Y NA S:P681C	11	51633	0.000213	23487	23625
C23525T A23550T T23599G C23604G	S:H655Y S:D663V S:N679K S:P681R	11	51633	0.000213	23487	23642
C23423T T23459-G	S:P621S NA	11	14845	0.000741	23335	23468
C23423T T23437C C23525T	S:P621S S:H625H S:H655Y	11	13886	0.000792	23411	23539
C23423T G23508+T C23525T	S:P621S NA S:H655S	11	13886	0.000792	23336	23529
C23399+T C23423T	NA S:P621S	11	24814	0.000443	23336	23431
C23271T T23391C A23403G C23423T	S:A570V S:V610A S:D614G S:P621S	11	8210	0.00134	23269	23443
C23271T T23374C A23403G C23423T	S:A570V S:T604T S:D614G S:P621S	11	8210	0.00134	23269	23443
C23271T C23334-TT A23403G C23423T	S:A570V NA S:D614G S:P621S	11	8210	0.00134	23269	23443
C23271T A23403G A23414G C23423T	S:A570V S:D614G S:T618A S:P621S	11	8210	0.00134	23269	23443
C23271T A23310G A23403G C23423T	S:A570V S:E583G S:D614G S:P621S	11	8210	0.00134	23269	23429
C23271T A23301G A23403G C23423T	S:A570V S:Q580R S:D614G S:P621S	11	8210	0.00134	23269	23435
C21885G G21941T G21987A T21990-TTA T22032C C22033A A22034G	S:T108S S:V127F S:G142D S:DEL144 S:F157S S:F157S S:R158G	11	10143	0.001084	21847	22058
C21618T C21622T G21624C T21632-TACCCCCTG C21736-T A21764-TACATG	S:T19I S:T20T S:R21T S:DEL25/27 NA S:DEL69/70	11	8992	0.001223	21597	21802
C21618T A21620G C21622T G21624C T21632-TACCCCCTG C21711T A21764-TACATG	S:T19I S:T20A S:T20A S:R21T S:DEL25/27 S:S50L S:DEL69/70	11	8992	0.001223	21597	21802
A25457G	ORF3a:D22G	11	12210	0.000901	25381	25477
A25296-G	NA	11	58697	0.000187	25274	25320
A25256+T C25262-T	NA NA	11	57951	0.00019	25251	25324
A25185-G C25207T	NA S:Y1215Y	11	50162	0.000219	25147	25210
A25137-T C25207T C25262-TT	NA S:Y1215Y NA	11	47748	0.00023	25130	25314
A24860G C24990T C25000T	S:T1100A S:P1143L S:D1146D	11	7327	0.001501	24850	25069
A24753G	S:H1064R	11	7825	0.001406	24724	24806
A24646G	S:K1028K	11	30015	0.000366	24612	24676
A24612G	S:E1017G	11	24539	0.000448	24533	24679
A24562G	S:R1000R	11	60703	0.000181	24503	24564
A24518G	S:K986E	11	61090	0.00018	24497	24679
A24500T	S:I980F	11	61060	0.00018	24486	24676
A24424T T24549C	S:Q954H S:L996S	11	34748	0.000317	24412	24564
A24424T T24534C	S:Q954H S:V991A	11	34908	0.000315	24412	24564
A24424T T24505C	S:Q954H S:L981L	11	35183	0.000313	24421	24564
A24424T T24492+A	S:Q954H NA	11	35265	0.000312	24412	24564
A24424T T24481C	S:Q954H S:I973I	11	35313	0.000312	24412	24563
A24424T T24472-G	S:Q954H NA	11	35365	0.000311	24412	24564
A24424T T24469A T24540C	S:Q954H S:N969K S:I993T	11	34823	0.000316	24412	24564
A24424T T24469A T24513A	S:Q954H S:N969K S:L984H	11	35108	0.000313	24412	24564
A24424T T24469A C24555T	S:Q954H S:N969K S:T998I	11	34652	0.000317	24412	24564
A24424T T24469A C24553T	S:Q954H S:N969K S:I997I	11	34686	0.000317	24413	24564
A24424T T24469A C24517T	S:Q954H S:N969K S:D985D	11	35077	0.000314	24412	24564
A24424T T24469A C24517+A	S:Q954H S:N969K NA	11	35077	0.000314	24412	24564
A24424T T24469A A24556+G	S:Q954H S:N969K NA	11	34568	0.000318	24412	24564
A24424T C24463T T24469A	S:Q954H S:S967S S:N969K	11	35405	0.000311	24412	24564
A24424T C24458+T	S:Q954H NA	11	35491	0.00031	24412	24516
A24424T C24455+A	S:Q954H NA	11	35545	0.000309	24412	24523
A24424T C24431T T24469A	S:Q954H S:Q957* S:N969K	11	35405	0.000311	24412	24564
A24424T A24556G	S:Q954H S:T998T	11	34568	0.000318	24412	24564
A24424T A24543G	S:Q954H S:D994G	11	34807	0.000316	24412	24564
A24424T A24485G	S:Q954H S:S975G	11	35285	0.000312	24412	24564
A24424T A24433G	S:Q954H S:Q957Q	11	35745	0.000308	24412	24564
A24190G	S:A876A	11	10103	0.001089	24148	24191
A24167G	S:M869V	11	10389	0.001059	24148	24191
A24051G	S:D830G	11	7572	0.001453	24021	24074
A23853-C G23948T	NA S:D796Y	11	3527	0.003119	23805	23978
A23853-C C23855A	NA S:R765S	11	28025	0.000393	23836	23895
A23834G C23854A	S:S758G S:N764K	11	27641	0.000398	23814	23895
A23814G C23854A	S:N751S S:N764K	11	27219	0.000404	23683	23895
A23786+T T23850+A C23887-A	NA NA NA	11	25664	0.000429	23767	23895
A23777G C23854A	S:T739A S:N764K	11	26696	0.000412	23683	23895
A23712+T T23850+A C23887-A	NA NA NA	11	21173	0.00052	23683	23895
A23712+T G23835+T C23887-A	NA NA NA	11	21173	0.00052	23683	23895
A23710G C23854A	S:T716T S:N764K	11	22197	0.000496	23695	23895
A23704-C	NA	11	61182	0.00018	23683	23724
A23691G C23854A	S:N710S S:N764K	11	21847	0.000504	23683	23891
A23656+T	NA	11	35861	0.000307	23648	23724
A23503T C23525T T23599G C23604G	S:A647A S:H655Y S:N679K S:P681R	11	51368	0.000214	23487	23615
A23403G C23423T T23511-A C23525T	S:D614G S:P621S NA S:H655Y	11	13750	0.0008	23345	23539
A23403G C23423T T23500C C23525T	S:D614G S:P621S S:R646R S:H655Y	11	13750	0.0008	23335	23539
A23403G C23423T T23485C C23525T	S:D614G S:P621S S:N641N S:H655Y	11	13750	0.0008	23335	23535
A23403G C23423T T23482C C23525T	S:D614G S:P621S S:S640S S:H655Y	11	13750	0.0008	23363	23539
A23403G C23423T T23467C C23525T	S:D614G S:P621S S:V635V S:H655Y	11	13750	0.0008	23364	23539
A23403G C23423T T23464C C23525T	S:D614G S:P621S S:R634R S:H655Y	11	13750	0.0008	23335	23539
A23403G C23423T T23458C C23525T	S:D614G S:P621S S:T632T S:H655Y	11	13750	0.0008	23335	23539
A23403G C23423T C23502T C23525T	S:D614G S:P621S S:A647V S:H655Y	11	13750	0.0008	23335	23539
A23403G C23423T C23430T C23525T	S:D614G S:P621S S:A623V S:H655Y	11	13750	0.0008	23335	23530
A23403G C23423T A23515-G C23525T	S:D614G S:P621S NA S:H655Y	11	13750	0.0008	23335	23539
A23403G C23423T A23494G C23525T	S:D614G S:P621S S:Q644Q S:H655Y	11	13750	0.0008	23395	23539
A23403G C23423T A23493G C23525T	S:D614G S:P621S S:Q644R S:H655Y	11	13750	0.0008	23336	23539
A23403G C23423T A23474+T C23525T	S:D614G S:P621S NA S:H655S	11	13750	0.0008	23349	23539
A23403G A23414G C23423T	S:D614G S:T618A S:P621S	11	24821	0.000443	23335	23443
A23403G A23408G C23423T C23525T	S:D614G S:N616D S:P621S S:H655Y	11	13750	0.0008	23342	23539
A23400+G	NA	11	25099	0.000438	23335	23422
A23169G G23222A C23271T	S:N536S S:E554K S:A570V	11	6904	0.001593	23089	23290
A23169C G23222A C23271T	S:N536T S:E554K S:A570V	11	6904	0.001593	23089	23290
A22194G A22194-TT T22200G C22208T C22295A	S:N211S NA S:V213G S:L216F S:H245N	11	5823	0.001889	22166	22319
A22193-ATT T22200G	S:DEL212 S:V213G	11	6182	0.001779	22164	22215
A22110+G C22120-A A22193-ATT T22200G C22208T C22295A	NA NA S:DEL212 S:V213S S:L216S S:H245T	11	5407	0.002034	22100	22319
A21917-T T21940-G G21987A T21990-TTA T22032C C22033A A22034G	NA NA S:G142D S:DEL144 S:F157S S:F157S S:R158G	11	10338	0.001064	21847	22058
A21875-TT G21941T G21987A T21990-TTA T22032C C22033A A22034G	NA S:V127F S:G142D S:DEL144 S:F157S S:F157S S:R158G	11	10054	0.001094	21847	22058
T25461C	ORF3a:A23A	10	12167	0.000822	25381	25469
T25196-G C25207T T25303C	NA S:Y1215Y S:C1247C	10	49497	0.000202	25122	25325
T25191-A G25278-T	NA NA	10	49535	0.000202	25122	25325
T25152C C25207T C25262-TT	S:L1197P S:Y1215Y NA	10	48450	0.000206	25130	25325
T25140C C25207T	S:L1193S S:Y1215Y	10	48465	0.000206	25122	25325
T25129C	S:V1189V	10	48252	0.000207	25122	25162
T24739C	S:G1059G	10	7746	0.001291	24724	24806
T24711C	S:M1050T	10	5434	0.00184	24612	24806
T24664C	S:L1034L	10	29826	0.000335	24612	24679
T24643-A C24672-A A24684-T	NA NA NA	10	5349	0.00187	24626	24712
T24643+A C24672-A	NA NA	10	29597	0.000338	24612	24679
T24634C	S:L1024L	10	30050	0.000333	24612	24679
T24541C	S:I993I	10	61006	0.000164	24473	24564
T24529C	S:A989A	10	61053	0.000164	24477	24564
T24469A T24643C	S:N969K S:T1027T	10	21517	0.000465	24465	24679
T24469A T24615C	S:N969K S:I1018T	10	21597	0.000463	24465	24675
T24469A T24573C	S:N969K S:L1004S	10	21855	0.000458	24465	24679
T24469A T24544C	S:N969K S:D994D	10	57256	0.000175	24465	24564
T24469A G24547A	S:N969K S:R995R	10	57209	0.000175	24465	24564
T24469A G24510A	S:N969K S:R983H	10	57761	0.000173	24465	24564
T24469A C24627T	S:N969K S:A1022V	10	21569	0.000464	24465	24679
T24469A C24609T	S:N969K S:A1016V	10	21602	0.000463	24465	24679
T24469A A24670G	S:N969K S:Q1036Q	10	21315	0.000469	24465	24678
T24469A A24614G	S:N969K S:I1018V	10	21598	0.000463	24465	24679
T24469A A24598G	S:N969K S:L1012L	10	21625	0.000462	24465	24676
T24469A A24568G	S:N969K S:Q1002Q	10	21869	0.000457	24465	24579
T24469A A24545G	S:N969K S:R995G	10	57245	0.000175	24465	24564
T24469A A24479G	S:N969K S:I973V	10	58100	0.000172	24465	24564
T24267-G C24378T	NA S:S939F	10	4145	0.002413	24229	24421
T24168C	S:M869T	10	10384	0.000963	24148	24186
T24108C	S:L849P	10	8051	0.001242	24086	24119
T24024C	S:L821P	10	7417	0.001348	24021	24103
T23862-A	NA	10	28157	0.000355	23854	23872
T23842C C23854A	S:C760C S:N764K	10	27842	0.000359	23683	23895
T23830C	S:Y756Y	10	28208	0.000355	23683	23895
T23823C	S:L754S	10	28259	0.000354	23767	23883
T23697C	S:I712T	10	61219	0.000163	23692	23709
T23599G C23604G T23716C	S:N679K S:P681R S:F718F	10	33856	0.000295	23580	23724
T23599G C23604G T23681-A	S:N679K S:P681R NA	10	34643	0.000289	23580	23697
T23599G C23604G G23666+A C23709+A	S:N679K S:P681R NA NA	10	33996	0.000294	23580	23717
T23599G C23604G C23707T	S:N679K S:P681R S:P715P	10	34058	0.000294	23580	23724
T23599G C23604G C23705T	S:N679K S:P681R S:P715S	10	34207	0.000292	23580	23717
T23599G C23604G C23673T	S:N679K S:P681R S:S704L	10	34709	0.000288	23580	23724
T23599G C23604G A23627-G	S:N679K S:P681R NA	10	86948	0.000115	23580	23642
T23599G C23601T C23604G T23629C	S:N679K S:S680F S:P681R S:S689S	10	86877	0.000115	23580	23724
T23599G A23618+T	S:N679K NA	10	87617	0.000114	23580	23724
T23507A C23525T T23599G C23604G	S:C649S S:H655Y S:N679K S:P681R	10	51443	0.000194	23487	23640
T23392-C A23403G C23423T C23525T	NA S:D614G S:P621S S:H655Y	10	13695	0.00073	23349	23539
T23355C A23403G C23423T C23525T	S:I598T S:D614G S:P621S S:H655Y	10	13496	0.000741	23335	23539
T23337-TG	NA	10	25116	0.000398	23335	23364
T23143+A G23222A C23271T	NA S:E554R S:A570F	10	6854	0.001459	23089	23290
T23119C G23222A C23271T	S:H519H S:E554K S:A570V	10	6818	0.001467	23089	23290
T22191-TAATTT T22200G C22208T C22295A	S:DEL211/212 S:V213G S:L216F S:H245N	10	5822	0.001718	22158	22319
T21940-G G21987A T22032C C22033A	NA S:G142D S:F157S S:F157S	10	10466	0.000955	21847	22058
T21890C G21941T G21987A T21990-TTA T22032C C22033A A22034G	S:L110L S:V127F S:G142D S:DEL144 S:F157S S:F157S S:R158G	10	10182	0.000982	21847	22058
T21889C G21941T G21987A T21990-TTA T22032C C22033A A22034G	S:T109T S:V127F S:G142D S:DEL144 S:F157S S:F157S S:R158G	10	10170	0.000983	21847	22058
T21609+CGTGCCGCTGTT C21618T C21622T G21624C T21632-TACCCCCTG C21711T A21764-TACATG	S:INS17RAAV S:T19F S:T20F S:R21T S:DEL25/27 S:S50L S:DEL69/70	10	8991	0.001112	21597	21802
T21609+CATGCCGTTGTT C21618T C21622T G21624C T21632-TACCCCCTG C21711T A21764-TACATG	S:INS17HAVV S:T19F S:T20F S:R21T S:DEL25/27 S:S50L S:DEL69/70	10	8991	0.001112	21597	21802
T21609+CATGCCGCTGTT C21618T C21622T G21624C T21632-TACCCCCTG T21679C C21711T A21764-TACATG	S:INS17HAAV S:T19F S:T20F S:R21T S:DEL25/27 S:P39G S:S50L S:DEL69/70	10	8991	0.001112	21597	21802
T21609+CATGCCGCTGTT C21618T C21622T G21624C T21632-TACCCCCTG C21711T T21734C A21764-TACATG	S:INS17HAAV S:T19F S:T20F S:R21T S:DEL25/27 S:S50L S:F58L S:DEL69/70	10	8991	0.001112	21597	21802
T21609+CATGCCGCTGTT C21618T C21622T G21624C T21632-TACCCCCTG A21643G C21711T A21764-TACATG	S:INS17HAAV S:T19F S:T20F S:R21T S:DEL25/27 S:A27Q S:S50L S:DEL69/70	10	8991	0.001112	21597	21802
T21609+CATGCCGCTGTT C21618T C21622T G21624C C21711T A21764-TACATG C21781-A	S:INS17HAAV S:T19F S:T20F S:R21T S:S50L S:DEL69/70 NA	10	8964	0.001116	21597	21802
G25555T	ORF3a:V55F	10	3380	0.002959	25372	25566
G25494-A	NA	10	3751	0.002666	25372	25502
G25290+C	NA	10	58582	0.000171	25271	25325
G25238+T	NA	10	52609	0.00019	25225	25325
G25173+A	NA	10	50582	0.000198	25122	25186
G25166-A C25207T	NA S:Y1215Y	10	49317	0.000203	25129	25325
G25135+A C25207T C25262-TT	NA S:Y1215V NA	10	47618	0.00021	25130	25320
G25127+T C25207T	NA S:Y1215V	10	46473	0.000215	25122	25214
G24611+A T24643+A	NA NA	10	24430	0.000409	24476	24661
G23948T G23955+T	S:D796Y NA	10	4320	0.002315	23941	23964
G23903-T G23948T	NA S:D796Y	10	3764	0.002657	23885	23978
G23885+A	NA	10	27578	0.000363	23866	23895
G23832A C23854A	S:G757D S:N764K	10	27609	0.000362	23789	23891
G23824A C23854A	S:L754L S:N764K	10	27438	0.000364	23736	23895
G23808+A C23854A	NA S:N764K	10	27141	0.000368	23796	23895
G23795-A	NA	10	28321	0.000353	23767	23803
G23735-A	NA	10	25049	0.000399	23694	23746
G23726A C23854A	S:V722I S:N764K	10	22310	0.000448	23683	23891
G23522-A C23525T C23604G	NA S:H655Y S:P681R	10	51632	0.000194	23488	23642
G23499+T	NA	10	67574	0.000148	23486	23507
G23402A A23403G C23423T C23525T	S:D614S S:D614S S:P621S S:H655Y	10	13750	0.000727	23336	23539
G23222A T23278-A	S:E554K NA	10	7017	0.001425	23089	23290
G23222A A23254+T C23271T	S:E554K NA S:A570F	10	7069	0.001415	23089	23290
G22104-A A22193-ATT T22200G C22208T	NA S:DEL212 S:V213G S:L216F	10	5708	0.001752	22100	22230
G21987A T22032C C22033A	S:G142D S:F157S S:F157S	10	10974	0.000911	21951	22058
G21987A T21990-TTA A22003T T22032C C22033A A22034G	S:G142D S:DEL144 S:K147N S:F157S S:F157S S:R158G	10	10973	0.000911	21958	22058
G21941T G21987A T21990-TTA T22032C C22033A A22034G A22053G	S:V127F S:G142D S:DEL144 S:F157S S:F157S S:R158G S:N164S	10	10402	0.000961	21847	22058
G21941T G21987A T21990-TTA T22032C	S:V127F S:G142D S:DEL144 S:F157S	10	10494	0.000953	21847	22058
G21941T A21975G G21987A T21990-TTA T22032C C22033A A22034G	S:V127F S:D138G S:G142D S:DEL144 S:F157S S:F157S S:R158G	10	10466	0.000955	21934	22058
G21624C T21632-TACCCCCTG C21711T A21764-TACATG	S:R21T S:DEL25/27 S:S50L S:DEL69/70	10	8993	0.001112	21597	21802
C25413T G25555-T	ORF3a:I7I NA	10	3380	0.002959	25372	25566
C25413T G25471T	ORF3a:I7I ORF3a:D27Y	10	12060	0.000829	25372	25566
C25357-A	NA	10	5123	0.001952	25335	25395
C25324-A	NA	10	58585	0.000171	25269	25385
C25207T T25291A	S:Y1215Y S:C1243*	10	49975	0.0002	25124	25325
C25207T T25283A	S:Y1215Y S:C1241S	10	50028	0.0002	25171	25325
C25207T T25268C G25278-T	S:Y1215Y S:C1236R NA	10	50062	0.0002	25122	25325
C25207T G25297A	S:Y1215Y S:K1245K	10	49890	0.0002	25128	25325
C25207T G25287-T T25289C	S:Y1215Y NA S:C1243R	10	49987	0.0002	25122	25325
C25207T G25284-T	S:Y1215Y NA	10	50019	0.0002	25186	25325
C25207T C25262-TT T25307C	S:Y1215Y NA S:S1249P	10	49811	0.000201	25130	25325
C25207T C25262-TT G25278-T T25291C	S:Y1215Y NA NA S:C1243C	10	49975	0.0002	25122	25325
C25207T C25254T	S:Y1215Y S:T1231I	10	50417	0.000198	25130	25325
C24964-A C24981-T C24990T C25000T	NA NA S:P1143L S:D1146D	10	7584	0.001319	24850	25065
C24899-A C24990T C25000T	NA S:P1143L S:D1146D	10	7428	0.001346	24853	25069
C24833+T	NA	10	2588	0.003864	24792	24942
C24672-A G24776-A	NA NA	10	5046	0.001982	24612	24806
C24639T	S:A1026V	10	30031	0.000333	24612	24679
C24632+T C24672-A	NA NA	10	29560	0.000338	24612	24679
C24555-A	NA	10	60887	0.000164	24501	24564
C24553T	S:I997I	10	60924	0.000164	24476	24564
C24418T A24424T T24469A	S:V952V S:Q954H S:N969K	10	35382	0.000283	24412	24564
C24320-A T24377-C A24424T	NA NA S:Q954H	10	4551	0.002197	24265	24424
C24263-A	NA	10	7401	0.001351	24229	24312
C24119+A	NA	10	8396	0.001191	24021	24191
C24026-T C24119-A	NA NA	10	6531	0.001531	24021	24135
C23865+G	NA	10	28154	0.000355	23858	23894
C23859-T	NA	10	28135	0.000355	23683	23873
C23854A A23891G	S:N764K S:N777D	10	26794	0.000373	23683	23895
C23833T C23854A	S:G757G S:N764K	10	27621	0.000362	23770	23895
C23816-T C23854A G23948T	NA S:N764K S:D796Y	10	3416	0.002927	23802	23978
C23802T C23854A	S:T747I S:N764K	10	27069	0.000369	23683	23895
C23718-T C23854A	NA S:N764K	10	22236	0.00045	23686	23895
C23706T C23854A	S:P715L S:N764K	10	22171	0.000451	23683	23895
C23701T C23854A	S:A713A S:N764K	10	22099	0.000453	23683	23895
C23536+A T23599G C23604G	NA S:N679* S:P681C	10	51814	0.000193	23526	23642
C23525T T23599G C23604G T23617+G	S:H655Y S:N679K S:P681R NA	10	51590	0.000194	23487	23642
C23525T T23599G C23604G G23624+T	S:H655Y S:N679K S:P681R NA	10	51545	0.000194	23487	23639
C23525T T23599G C23604G G23616-T	S:H655Y S:N679K S:P681R NA	10	51596	0.000194	23487	23637
C23525T T23599G C23604G A23618T	S:H655Y S:N679K S:P681R S:S686C	10	51589	0.000194	23487	23642
C23525T T23599G C23601+A C23604G	S:H655Y S:N679K NA S:P681C	10	51633	0.000194	23487	23642
C23525T T23596-A T23599G C23604G	S:H655Y NA S:N679K S:P681R	10	51633	0.000194	23492	23641
C23525T A23586C T23599G C23604G	S:H655Y S:Q675P S:N679K S:P681R	10	51633	0.000194	23487	23642
C23525T A23552T T23599G C23604G	S:H655Y S:I664L S:N679K S:P681R	10	51633	0.000194	23487	23642
C23525T A23526+G T23599G C23604G	S:H655* NA S:N679* S:P681C	10	51633	0.000194	23487	23634
C23520-T C23525T T23599G C23604G	NA S:H655Y S:N679K S:P681R	10	51618	0.000194	23486	23642
C23393+T C23423T	NA S:P621S	10	24741	0.000404	23335	23427
C23271T C23334-T C23393+T C23423T	S:A570V NA NA S:P621S	10	8210	0.001218	23269	23436
C23271T C23334-T A23400+G C23423T	S:A570V NA NA S:P621S	10	8210	0.001218	23269	23429
C23271T A23403G C23423T T23428C	S:A570V S:D614G S:P621S S:V622V	10	8129	0.00123	23269	23434
C23271T A23403G C23423T G23426A	S:A570V S:D614G S:P621S S:V622I	10	8165	0.001225	23269	23443
C23271T A23403G A23419G C23423T	S:A570V S:D614G S:E619E S:P621S	10	8210	0.001218	23269	23443
C23170+A G23222A C23271T	NA S:E554R S:A570F	10	6907	0.001448	23089	23285
C23103-T T23143-A T23164-A G23222A C23230-A C23271T	NA NA NA S:E554K NA S:A570V	10	6779	0.001475	23089	23290
C22295A C22353A C22383+T	S:H245N S:A264D NA	10	757	0.01321	22246	22414
C22109G T22200A G22317T	S:Q183E S:V213E S:G252V	10	5271	0.001897	22100	22319
C21711T C21736-T A21764-TACATG	S:S50L NA S:DEL69/70	10	10752	0.00093	21699	21802
C21618T C21622T T21632-TACCCCCTG C21711T A21764-TACATG C21781-A	S:T19I S:T20T S:DEL25/27 S:S50L S:DEL69/70 NA	10	8965	0.001115	21597	21802
C21618T C21622T G21624C T21632-TACCCCCTG G21701-T C21711T A21764-TACATG	S:T19I S:T20T S:R21T S:DEL25/27 NA S:S50L S:DEL69/70	10	8992	0.001112	21597	21802
C21618T C21622T G21624C T21632-TACCCCCTG C21711T T21737C A21764-TACATG	S:T19I S:T20T S:R21T S:DEL25/27 S:S50L S:F59L S:DEL69/70	10	8992	0.001112	21597	21802
C21618T C21622T G21624C T21632-TACCCCCTG C21711T A21764-TACATG G21793C	S:T19I S:T20T S:R21T S:DEL25/27 S:S50L S:DEL69/70 S:K77N	10	8939	0.001119	21597	21802
A25454G	ORF3a:K21R	10	12248	0.000816	25381	25477
A25420G	ORF3a:I10V	10	12855	0.000778	25381	25477
A25408+T	NA	10	13032	0.000767	25383	25477
A25405G	ORF3a:M5V	10	13079	0.000765	25381	25463
A25315+G	NA	10	59078	0.000169	25303	25325
A25194-AT G25197T	NA S:W1212L	10	50813	0.000197	25122	25296
A25176G C25207T C25262-TT	S:K1205R S:Y1215Y NA	10	49008	0.000204	25122	25325
A25134G	S:K1191R	10	49767	0.000201	25123	25175
A24895G C24990T C25000T	S:E1111E S:P1143L S:D1146D	10	7410	0.00135	24850	25067
A24894G C24990T C25000T	S:E1111G S:P1143L S:D1146D	10	7407	0.00135	24850	25069
A24825G	S:H1088R	10	2581	0.003874	24724	24943
A24742G	S:V1060V	10	7761	0.001288	24724	24791
A24595+T	NA	10	24544	0.000407	24470	24679
A24594G	S:Q1011R	10	24540	0.000407	24513	24674
A24494G	S:N978D	10	61017	0.000164	24476	24513
A24433+C	NA	10	36081	0.000277	24414	24441
A24424T T24472C	S:Q954H S:F970F	10	35365	0.000283	24412	24564
A24424T T24469A T24475A	S:Q954H S:N969K S:G971G	10	35355	0.000283	24412	24564
A24424T T24469A G24521+T	S:Q954H S:N969K NA	10	35018	0.000286	24412	24564
A24424T T24469A C24517-A	S:Q954H S:N969K NA	10	35077	0.000285	24415	24563
A24424T T24469A C24509T	S:Q954H S:N969K S:R983C	10	35155	0.000284	24412	24564
A24424T T24469A C24507+T	S:Q954H S:N969K NA	10	35173	0.000284	24415	24564
A24424T T24469A C24502T	S:Q954H S:N969K S:I980I	10	35198	0.000284	24412	24564
A24424T T24469A A24531T	S:Q954H S:N969K S:E990V	10	34938	0.000286	24412	24564
A24424T T24451C T24469A	S:Q954H S:V963V S:N969K	10	35405	0.000282	24412	24564
A24424T T24448G G24449T	S:Q954H S:L962L S:V963F	10	35593	0.000281	24412	24564
A24424T G24533+A	S:Q954H NA	10	34921	0.000286	24412	24563
A24424T G24445+A T24469A	S:Q954H NA S:N969Q	10	35405	0.000282	24414	24564
A24424T C24431-A	S:Q954H NA	10	35754	0.00028	24414	24457
A24424T A24551G	S:Q954H S:I997V	10	34727	0.000288	24412	24564
A24424T A24538G	S:Q954H S:Q992Q	10	34842	0.000287	24412	24564
A24424T A24531G	S:Q954H S:E990G	10	34938	0.000286	24412	24564
A24424T A24484G	S:Q954H S:S974S	10	35291	0.000283	24412	24564
A24424T A24461G T24469A	S:Q954H S:S967G S:N969K	10	35405	0.000282	24412	24564
A24424T A24456G	S:Q954H S:Q965R	10	35523	0.000282	24412	24564
A24318-C T24377-C A24424T	NA NA S:Q954H	10	4543	0.002201	24281	24424
A24253-T C24320-AA	NA NA	10	6858	0.001458	24148	24347
A24049G	S:A829A	10	7549	0.001325	24021	24062
A23883G	S:Q774R	10	27663	0.000361	23845	23895
A23772G C23854A	S:D737G S:N764K	10	26640	0.000375	23705	23895
A23753-T C23854A	NA S:N764K	10	22639	0.000442	23735	23895
A23738G C23854A	S:I726V S:N764K	10	22495	0.000445	23683	23891
A23711G C23854A	S:N717D S:N764K	10	22201	0.00045	23683	23895
A23704-CC	NA	10	61182	0.000163	23687	23722
A23618+T	NA	10	88251	0.000113	23604	23642
A23594G T23599G C23604G A23711G	S:T678A S:N679K S:P681R S:N717D	10	33924	0.000295	23580	23724
A23403G T23406C C23423T C23525T	S:D614G S:V615A S:P621S S:H655Y	10	13750	0.000727	23335	23539
A23403G C23423T T23511+A C23525T	S:D614G S:P621S NA S:H655S	10	13750	0.000727	23339	23539
A23403G C23423T T23466C C23525T	S:D614G S:P621S S:V635A S:H655Y	10	13750	0.000727	23349	23539
A23403G C23423T T23425C T23468C C23525T	S:D614G S:P621S S:P621S S:Y636H S:H655Y	10	13750	0.000727	23356	23539
A23403G C23423T G23519A C23525T	S:D614G S:P621S S:A653T S:H655Y	10	13750	0.000727	23335	23539
A23403G C23423T G23429A C23525T	S:D614G S:P621S S:A623T S:H655Y	10	13750	0.000727	23342	23539
A23403G C23423T C23525T C23533-A	S:D614G S:P621S S:H655Y NA	10	13684	0.000731	23335	23539
A23403G C23423T C23498T C23525T	S:D614G S:P621S S:R646C S:H655Y	10	13750	0.000727	23335	23539
A23403G C23423T C23496T C23525T	S:D614G S:P621S S:T645I S:H655Y	10	13750	0.000727	23345	23539
A23403G C23423T A23503G C23525T	S:D614G S:P621S S:A647A S:H655Y	10	13750	0.000727	23335	23539
A23397G A23403G C23423T C23525T	S:Y612C S:D614G S:P621S S:H655Y	10	13723	0.000729	23366	23539
A23359-C A23403G C23423T C23525T	NA S:D614G S:P621S S:H655Y	10	13518	0.00074	23335	23532
A23267-T C23271T	NA S:A570V	10	7168	0.001395	23148	23290
A22193-ATT T22200G C22208T C22295A T22315-G	S:DEL212 S:V213G S:L216F S:H245N NA	10	5694	0.001756	22100	22319
A22193-ATT T22200G C22208T C22295A A22296+T	S:DEL212 S:V213G S:L216F S:H245I NA	10	5782	0.00173	22100	22319
A22107G A22193-ATT T22200G C22208T C22295A	S:K182R S:DEL212 S:V213G S:L216F S:H245N	10	5399	0.001852	22100	22319
A21875-T G21941T A21979-T G21987A T21990-TTA T22032C C22033A A22034G	NA S:V127F NA S:G142D S:DEL144 S:F157S S:F157S S:R158G	10	10054	0.000995	21847	22058
