nt_mutations	aa_mutations	cluster_depth	total_depth	frequency	coverage_start	coverage_end
T23599G C23604G	S:N679K S:P681R	17703	71210	0.248603	23595	23608
C23525T T23599G C23604G	S:H655Y S:N679K S:P681R	16855	33194	0.507772	23517	23605
C25207T	S:Y1215Y	10713	30929	0.346374	25203	25210
A24424T T24469A	S:Q954H S:N969K	9940	25279	0.393212	24421	24476
T24469A	S:N969K	9923	55830	0.177736	24465	24476
A23403G C23423T C23525T	S:D614G S:P621S S:H655Y	4962	14559	0.34082	23394	23528
G21941T G21987A T21990-TTA T22032C C22033A A22034G	S:V127F S:G142D S:DEL144 S:F157S S:F157S S:R158G	3385	14850	0.227946	21937	22043
A24424T	S:Q954H	3190	28451	0.112123	24420	24424
C23854A	S:N764K	3020	23236	0.129971	23851	23871
A23853-C	NA	2645	23247	0.113778	23846	23859
T23599G	S:N679K	1931	71265	0.027096	23593	23601
C24990T C25000T	S:P1143L S:D1146D	1928	8618	0.223718	24985	25007
G23222A C23271T	S:E554K S:A570V	1915	8134	0.235432	23216	23274
T23599G C23604A	S:N679K S:P681H	1782	71210	0.025025	23593	23608
C23525T T23599G C23604A	S:H655Y S:N679K S:P681H	1545	33194	0.046545	23515	23605
T21609+CATGCCGCTGTT C21618T C21622T G21624C T21632-TACCCCCTG C21711T A21764-TACATG	S:INS17HAAV S:T19F S:T20F S:R21T S:DEL25/27 S:S50L S:DEL69/70	1310	6917	0.189388	21600	21780
C25207T C25262-T	S:Y1215Y NA	1309	30231	0.0433	25181	25272
A22193-ATT T22200G C22208T C22295A	S:DEL212 S:V213G S:L216F S:H245N	1231	5053	0.243618	22180	22301
A23403G C23423T	S:D614G S:P621S	1215	22999	0.052828	23396	23426
C25262-T	NA	1173	36736	0.031931	25260	25274
C23271T A23403G C23423T	S:A570V S:D614G S:P621S	1125	5475	0.205479	23269	23429
C22295A	S:H245N	1116	7664	0.145616	22291	22300
C23887-A	NA	1095	22845	0.047932	23873	23894
C23604G	S:P681R	1069	71300	0.014993	23602	23608
C24981-T C24990T C25000T	NA S:P1143L S:D1146D	1033	8608	0.120005	24932	25007
C23525T	S:H655Y	893	49307	0.018111	23521	23528
C23854A G23948T	S:N764K S:D796Y	820	3561	0.230272	23846	23949
A23403G C23525T	S:D614G S:H655Y	771	14559	0.052957	23399	23527
C24672-A	NA	746	37209	0.020049	24642	24679
C21618T C21622T G21624C T21632-TACCCCCTG C21711T A21764-TACATG	S:T19I S:T20T S:R21T S:DEL25/27 S:S50L S:DEL69/70	732	6917	0.105826	21608	21780
C25000T	S:D1146D	600	9269	0.064732	24996	25003
C23423T	S:P621S	586	23208	0.02525	23418	23426
C25207T C25308T	S:Y1215Y S:S1249F	567	30036	0.018877	25201	25313
G23948T	S:D796Y	555	4231	0.131175	23944	23951
C24378T A24424T	S:S939F S:Q954H	533	2851	0.186952	24374	24424
C23525T C23604G	S:H655Y S:P681R	503	33194	0.015153	23517	23609
G21987A T21990-TTA T22032C C22033A A22034G	S:G142D S:DEL144 S:F157S S:F157S S:R158G	480	15299	0.031375	21975	22043
C23854A C23887-A	S:N764K NA	458	22412	0.020435	23842	23894
T23599G C23604G G23611T	S:N679K S:P681R S:R683R	441	71164	0.006197	23593	23622
T24469A T24492-A	S:N969K NA	417	55710	0.007485	24465	24679
C21711T A21764-TACATG	S:S50L S:DEL69/70	408	7899	0.051652	21707	21788
C23271T C23277T A23403G C23423T	S:A570V S:T572I S:D614G S:P621S	406	5475	0.074155	23269	23429
A23403G	S:D614G	403	23243	0.017339	23399	23409
C23423T C23525T	S:P621S S:H655Y	394	14718	0.02677	23418	23529
T21940-G G21987A T21990-TTA T22032C C22033A A22034G	NA S:G142D S:DEL144 S:F157S S:F157S S:R158G	390	14849	0.026264	21909	22046
G21941T G21987A T21990-TTA T22032C C22033A	S:V127F S:G142D S:DEL144 S:F157S S:F157S	390	14855	0.026254	21937	22043
C25207T C25262-TT	S:Y1215Y NA	388	30231	0.012835	25157	25307
G21987A T21990-TTA C22000A	S:G142D S:DEL144 S:H146Q	378	15528	0.024343	21974	22011
C23525T T23542C T23599G C23604G	S:H655Y S:Y660Y S:N679K S:P681R	370	33194	0.011147	23505	23624
T21609+CATGCCGCTGTT C21618T C21622T G21624C T21632-TACCCCCTG A21764-TACATG	S:INS17HAAV S:T19F S:T20F S:R21T S:DEL25/27 S:DEL69/70	369	6917	0.053347	21598	21792
C23525T T23599G C23604G C23638T	S:H655Y S:N679K S:P681R S:I692I	364	32537	0.011187	23520	23641
G23222A C23271T C23277T	S:E554K S:A570V S:T572I	361	8030	0.044956	23205	23285
G23222A	S:E554K	357	8317	0.042924	23209	23224
T24469A T24514C	S:N969K S:L984L	344	55383	0.006211	24465	24564
G21987A T21990-TTA A21999-C	S:G142D S:DEL144 NA	338	15528	0.021767	21965	22011
T23599G C23604G T23641-G	S:N679K S:P681R NA	332	69616	0.004769	23593	23645
G23593C T23599G C23604G	S:Q677H S:N679K S:P681R	329	71135	0.004625	23587	23624
C23271T	S:A570V	329	14076	0.023373	23269	23274
T24377-C A24424T	NA S:Q954H	328	2851	0.115047	24370	24424
C23525T T23599G	S:H655Y S:N679K	321	33203	0.009668	23517	23603
C22295A C22353A	S:H245N S:A264D	315	756	0.416667	22293	22356
T23599G C23604G T23633C	S:N679K S:P681R S:S691P	295	70388	0.004191	23581	23642
C23271T C23334-T A23403G C23423T	S:A570V NA S:D614G S:P621S	254	5475	0.046393	23269	23429
G24488-T	NA	251	59697	0.004205	24486	24499
T24469A C24536-A	S:N969K NA	232	55060	0.004214	24465	24554
T24514C	S:L984L	223	59858	0.003725	24504	24528
C24990T	S:P1143L	223	8644	0.025798	24985	24994
C25207T T25307-C	S:Y1215Y NA	221	30044	0.007356	25181	25316
T22032C C22033A A22034G	S:F157S S:F157S S:R158G	219	15939	0.01374	22025	22046
G21941T T21990-TTA T22032C C22033A A22034G	S:V127F S:DEL144 S:F157S S:F157S S:R158G	201	14850	0.013535	21929	22043
T23599G C23604G A23712+T	S:N679K S:P681R NA	200	35441	0.005643	23580	23724
C23525T A23558-T T23599G C23604G	S:H655Y NA S:N679K S:P681R	187	33194	0.005634	23501	23627
T24469A C24672-A	S:N969K NA	182	29018	0.006272	24465	24679
A22193-ATT T22200G C22295A	S:DEL212 S:V213G S:H245N	182	5053	0.036018	22179	22310
A21764-TACATG	S:DEL69/70	182	8114	0.02243	21757	21780
T25191-A C25207T	NA S:Y1215Y	179	30485	0.005872	25164	25256
A24424T T24469A C24536-AA	S:Q954H S:N969K NA	179	24863	0.007199	24412	24554
T24469A T24622C	S:N969K S:A1020A	174	29394	0.00592	24465	24661
G25127-T C25207T	NA S:Y1215Y	173	27350	0.006325	25122	25317
C24466+A	NA	170	55607	0.003057	24465	24482
G23501T C23525T T23599G C23604G	S:A647S S:H655Y S:N679K S:P681R	169	32929	0.005132	23493	23624
C23271T C23423T	S:A570V S:P621S	169	5475	0.030868	23269	23426
A24424T T24469A C24536-A	S:Q954H S:N969K NA	169	24863	0.006797	24412	24552
A23852-AC	NA	169	23257	0.007267	23841	23879
A24110-T	NA	166	4265	0.038921	24060	24122
T23599G C23604G C23655T	S:N679K S:P681R S:S698L	164	36851	0.00445	23581	23700
C23271T C23334-T C23423T	S:A570V NA S:P621S	163	5475	0.029772	23269	23426
A23712+T	NA	162	57693	0.002808	23699	23724
T25191-A C25207T C25262-T	NA S:Y1215Y NA	161	29787	0.005405	25130	25292
C23525T G23528A T23599G C23604G	S:H655Y S:V656I S:N679K S:P681R	161	33194	0.00485	23504	23624
C25452T	ORF3a:I20I	155	9185	0.016875	25378	25477
A24424T T24469A T24472-G	S:Q954H S:N969K NA	155	25258	0.006137	24421	24561
C24119-A	NA	152	4452	0.034142	24111	24163
T24469A A24479-TT	S:N969K NA	148	55771	0.002654	24465	24668
C25308T	S:S1249F	148	37320	0.003966	25302	25325
C25207T C25300T	S:Y1215Y S:G1246G	142	30072	0.004722	25162	25320
T24492-A	NA	141	59919	0.002353	24486	24546
C22109G T22200A G22317T	S:Q183E S:V213E S:G252V	141	4549	0.030996	22103	22319
A21875-T G21941T G21987A T21990-TTA T22032C C22033A A22034G	NA S:V127F S:G142D S:DEL144 S:F157S S:F157S S:R158G	141	14415	0.009781	21870	22043
T24469A C24593T	S:N969K S:Q1011*	139	29470	0.004717	24465	24667
A24253-T	NA	139	4606	0.030178	24236	24265
A23403G C23423T G23486-T C23525T	S:D614G S:P621S NA S:H655Y	138	14559	0.009479	23382	23532
T25196-G C25207T	NA S:Y1215Y	136	30642	0.004438	25130	25213
T24469A T24472-G	S:N969K NA	133	55804	0.002383	24465	24552
C24981-T C25000T	NA S:D1146D	131	8608	0.015218	24850	25054
C21618T C21622T G21624C T21632-TACCCCCTG A21764-TACATG	S:T19I S:T20T S:R21T S:DEL25/27 S:DEL69/70	131	6917	0.018939	21608	21796
A23403G C23423T A23436G C23525T	S:D614G S:P621S S:H625R S:H655Y	131	14559	0.008998	23383	23531
C24672+A	NA	129	37209	0.003467	24612	24679
C23271T C23277T C23334-T A23403G C23423T	S:A570V S:T572I NA S:D614G S:P621S	129	5475	0.023562	23269	23429
A25194-AT G25197T C25207T C25262-T	NA S:W1212L S:Y1215Y NA	128	29893	0.004282	25126	25287
T23599G C23604G T23662C	S:N679K S:P681R S:G700G	125	36783	0.003398	23593	23696
G21987A	S:G142D	123	15785	0.007792	21955	21992
C23604A	S:P681H	122	71300	0.001711	23599	23611
C22120-A A22193-ATT T22200G C22208T C22295A	NA S:DEL212 S:V213G S:L216F S:H245N	122	4794	0.025448	22113	22310
C24536-A	NA	121	59658	0.002028	24521	24549
G25555-T	NA	120	4343	0.027631	25372	25564
G25198-C C25207T	NA S:Y1215Y	119	30693	0.003877	25182	25324
G22317T	S:G252V	118	7590	0.015547	22306	22319
G21941T G21987A T21990-TTA C22000-A T22032C C22033A A22034G	S:V127F S:G142D S:DEL144 NA S:F157S S:F157S S:R158G	116	14850	0.007811	21933	22043
T22032C C22033A	S:F157S S:F157S	112	15945	0.007024	22022	22058
C24320-A	NA	112	5145	0.021769	24229	24332
A25194-AT G25197T C25207T	NA S:W1212L S:Y1215Y	111	30591	0.003629	25122	25254
T24622C	S:A1020A	107	37605	0.002845	24612	24671
A23515+G C23525T T23599G C23604G	NA S:H655S S:N679* S:P681C	105	33157	0.003167	23492	23621
C25416T	ORF3a:F8F	104	9751	0.010666	25383	25427
C24150+T	NA	104	6090	0.017077	24148	24173
G21987A T21990-TTA T22032C C22033A	S:G142D S:DEL144 S:F157S S:F157S	103	15305	0.00673	21971	22057
T21609+CATGCCGCTGTT C21618T C21622T G21624C T21632-TACCCCCTG	S:INS17HAAV S:T19F S:T20F S:R21T S:DEL25/27	102	7453	0.013686	21597	21659
A24424T G24488-T	S:Q954H NA	101	25186	0.00401	24413	24541
C21618T C21622T G21624C T21632-TACCCCCTG	S:T19I S:T20T S:R21T S:DEL25/27	99	7453	0.013283	21608	21664
T23637-C	NA	98	71585	0.001369	23629	23642
G23835+T	NA	98	23251	0.004215	23767	23848
T25196-G C25207T C25262-T	NA S:Y1215Y NA	97	29944	0.003239	25140	25310
C25566T	ORF3a:S58S	96	4301	0.02232	25383	25566
C25207T C25262-T C25300T	S:Y1215Y NA S:G1246G	95	30072	0.003159	25130	25320
G23222A C23230+A C23271T	S:E554K NA S:A570F	94	8134	0.011556	23100	23274
C21618T C21622T G21624C T21632-TACCCCCTG C21711T A21764-TACATG C21781-A	S:T19I S:T20T S:R21T S:DEL25/27 S:S50L S:DEL69/70 NA	93	6852	0.013573	21608	21802
T23599G C23604G G23666+A	S:N679K S:P681R NA	92	36740	0.002504	23580	23677
T22200G C22208T C22295A	S:V213G S:L216F S:H245N	92	5073	0.018135	22196	22301
C25262-T A25327-T	NA NA	92	4744	0.019393	25251	25335
A23403G C23423T T23500-G C23525T	S:D614G S:P621S NA S:H655Y	92	14559	0.006319	23399	23529
T23599G C23604G G23666-A	S:N679K S:P681R NA	89	36740	0.002422	23587	23677
G23768-T	NA	87	23385	0.00372	23699	23780
C23525T A23550G T23599G C23604G	S:H655Y S:D663G S:N679K S:P681R	87	33194	0.002621	23493	23635
A23712+T C23887-A	NA NA	87	17150	0.005073	23683	23895
A23403G C23423T G23429A C23525T	S:D614G S:P621S S:A623T S:H655Y	87	14559	0.005976	23384	23532
C24378T	S:S939F	85	3066	0.027723	24372	24394
T24088C	S:G842G	84	4445	0.018898	24077	24106
G23835+T C23887-A	NA NA	84	22096	0.003802	23767	23895
T24469A A24543G	S:N969K S:D994G	83	54962	0.00151	24465	24564
T23599G C23604G T23658C	S:N679K S:P681R S:L699P	83	36811	0.002255	23580	23678
C23525T T23537C T23599G C23604G	S:H655Y S:S659P S:N679K S:P681R	83	33194	0.0025	23501	23629
G21941T G21987A T22032C C22033A A22034G	S:V127F S:G142D S:F157S S:F157S S:R158G	82	14850	0.005522	21926	22055
C24852-A C24990T C25000T	NA S:P1143L S:D1146D	82	8133	0.010082	24850	25037
T23599G C23604G T23693C	S:N679K S:P681R S:S711P	80	36405	0.002198	23580	23705
T23584C T23599G C23604G	S:Y674Y S:N679K S:P681R	80	70960	0.001127	23581	23632
G21941T T21983C G21987A T21990-TTA T22032C C22033A A22034G	S:V127F S:L141L S:G142D S:DEL144 S:F157S S:F157S S:R158G	80	14850	0.005387	21852	22058
A24479-TT	NA	79	59101	0.001337	24470	24507
A24424T T24469A C24503+T	S:Q954H S:N969K NA	79	25111	0.003146	24413	24532
A22193-ATT T22200G C22208T	S:DEL212 S:V213G S:L216F	79	5383	0.014676	22167	22215
T23143-A G23222A C23271T	NA S:E554K S:A570V	77	7882	0.009769	23089	23276
C23271T C23277T C23334-T C23423T	S:A570V S:T572I NA S:P621S	77	5475	0.014064	23269	23431
T24469A C24672+A	S:N969K NA	76	29018	0.002619	24465	24679
T21609+CATGCCGCTGTT C21618T C21622T G21624C T21632-TACCCCCTG C21711T A21764-TACATG C21781-A	S:INS17HAAV S:T19F S:T20F S:R21T S:DEL25/27 S:S50L S:DEL69/70 NA	76	6852	0.011092	21597	21802
C24990T C25000T G25012T	S:P1143L S:D1146D S:E1150D	76	8590	0.008847	24913	25068
A24324-AT	NA	76	5102	0.014896	24229	24335
A23786+T	NA	75	23310	0.003218	23768	23798
T23599G C23604G T23629C	S:N679K S:P681R S:S689S	74	70548	0.001049	23580	23641
T24469A T24656-G	S:N969K NA	73	29277	0.002493	24465	24667
T21940-G G21987A T21990-TTA C22000-A T22032C C22033A A22034G	NA S:G142D S:DEL144 NA S:F157S S:F157S S:R158G	73	14849	0.004916	21848	22058
C24054A	S:A831D	73	4162	0.01754	24052	24094
C23525T A23579G T23599G C23604G	S:H655Y S:S673G S:N679K S:P681R	73	33194	0.002199	23487	23624
T24660+A	NA	72	37493	0.00192	24542	24670
T24643+A	NA	72	37597	0.001915	24612	24666
T24469A A24676G	S:N969K S:K1038K	72	28906	0.002491	24465	24679
T25140-A C25207T	NA S:Y1215Y	71	29037	0.002445	25133	25291
C23525T A23552G T23599G C23604G	S:H655Y S:I664V S:N679K S:P681R	71	33194	0.002139	23487	23624
C22208T C22295A	S:L216F S:H245N	71	5167	0.013741	22203	22310
C24852-A	NA	70	10820	0.00647	24850	24870
G21941T G21987A T21990-TTA C22033A A22034G	S:V127F S:G142D S:DEL144 S:F157L S:R158G	69	14850	0.004646	21867	22043
C25207T G25299-C	S:Y1215Y NA	69	30077	0.002294	25199	25324
C24593T	S:Q1011*	68	33763	0.002014	24553	24679
C23887-A G23948T	NA S:D796Y	68	3675	0.018503	23771	23960
C23525T A23572G T23599G C23604G	S:H655Y S:I670M S:N679K S:P681R	68	33194	0.002049	23508	23624
C23525T A23531G T23599G C23604G	S:H655Y S:N657D S:N679K S:P681R	68	33194	0.002049	23505	23624
T25307-C	NA	67	37318	0.001795	25300	25325
C23525T C23604A	S:H655Y S:P681H	67	33194	0.002018	23487	23641
C23525T A23544G T23599G C23604G	S:H655Y S:E661G S:N679K S:P681R	67	33194	0.002018	23499	23629
C23399+T C23423T C23525T	NA S:P621S S:H655S	67	14548	0.004605	23340	23539
C23277T A23403G C23423T	S:T572I S:D614G S:P621S	67	5872	0.01141	23273	23443
T23599G C23604G T23654C	S:N679K S:P681R S:S698P	66	36863	0.00179	23580	23699
T23511+A C23525T T23599G C23604G	NA S:H655S S:N679* S:P681C	66	33133	0.001992	23487	23624
C25207T C25262-T C25308T	S:Y1215Y NA S:S1249F	66	30036	0.002197	25130	25324
C23271T A23403G	S:A570V S:D614G	66	5555	0.011881	23269	23409
T23850+A	NA	64	23274	0.00275	23792	23870
T23599G C23604G T23622C	S:N679K S:P681R S:V687A	64	71051	0.000901	23580	23642
T23599G C23604G T23622+G	S:N679K S:P681R NA	64	71051	0.000901	23587	23642
T23164-A G23222A C23271T	NA S:E554K S:A570V	64	7955	0.008045	23158	23274
C25262-TT	NA	64	36736	0.001742	25251	25296
C23525T T23529C T23599G C23604G	S:H655Y S:V656A S:N679K S:P681R	64	33194	0.001928	23487	23634
A24424T T24469A G24488-T	S:Q954H S:N969K NA	64	25186	0.002541	24412	24551
C25207T T25263C	S:Y1215Y S:L1234P	63	30219	0.002085	25200	25311
C23525T T23546C T23599G C23604G	S:H655Y S:C662R S:N679K S:P681R	63	33194	0.001898	23487	23624
C23525T T23599G C23604G T23620C	S:H655Y S:N679K S:P681R S:S686S	62	33164	0.001869	23488	23624
C23271T C23277T	S:A570V S:T572I	62	13968	0.004439	23269	23289
T23599G C23604G T23703C	S:N679K S:P681R S:I714T	61	35850	0.001702	23580	23724
T23599G C23604G T23640C	S:N679K S:P681R S:I693T	61	69698	0.000875	23580	23642
T23500C C23525T T23599G C23604G	S:R646R S:H655Y S:N679K S:P681R	61	32915	0.001853	23487	23624
C25207T T25293C	S:Y1215Y S:L1244P	61	30111	0.002026	25200	25325
C23525T T23548C T23599G C23604G	S:H655Y S:C662C S:N679K S:P681R	61	33194	0.001838	23487	23640
T23599G C23604G A23648G	S:N679K S:P681R S:T696A	60	36918	0.001625	23581	23724
A24424T C24466+A	S:Q954H NA	60	25294	0.002372	24412	24479
A23497G C23525T T23599G C23604G	S:T645T S:H655Y S:N679K S:P681R	60	32858	0.001826	23488	23637
T24469A A24538G	S:N969K S:Q992Q	59	55028	0.001072	24465	24564
T23599G C23604G T23684C	S:N679K S:P681R S:S708P	59	36545	0.001614	23580	23705
G24611+A	NA	59	33727	0.001749	24476	24646
G21941T G21987A T21990-TTA	S:V127F S:G142D S:DEL144	59	15311	0.003853	21912	22007
C23271T C23277T C23423T	S:A570V S:T572I S:P621S	59	5475	0.010776	23269	23429
T23599G C23604G A23639-T	S:N679K S:P681R NA	58	69776	0.000831	23580	23642
A24424T T24469A A24508G	S:Q954H S:N969K S:S982S	58	25082	0.002312	24412	24554
A23588G T23599G C23604G	S:T676A S:N679K S:P681R	58	71057	0.000816	23580	23642
T24469A A24493T	S:N969K S:L977F	57	55691	0.001024	24465	24679
T23599G C23604G C23609-G	S:N679K S:P681R NA	57	71180	0.000801	23580	23638
G21941T A21979-T G21987A T21990-TTA T22032C C22033A A22034G	S:V127F NA S:G142D S:DEL144 S:F157S S:F157S S:R158G	56	14850	0.003771	21847	22043
C23525T T23599G C23604G T23629C	S:H655Y S:N679K S:P681R S:S689S	56	32800	0.001707	23487	23642
C23525T A23588G T23599G C23604G	S:H655Y S:T676A S:N679K S:P681R	56	33194	0.001687	23487	23629
T24469A A24525G	S:N969K S:E988G	55	55231	0.000996	24465	24564
T23599G C23604G A23702G	S:N679K S:P681R S:I714V	55	35874	0.001533	23580	23717
T23590C T23599G C23604G	S:T676T S:N679K S:P681R	55	71089	0.000774	23585	23624
T22200A G22317T	S:V213E S:G252V	55	4922	0.011174	22182	22319
T21990-TTA T22032C C22033A A22034G	S:DEL144 S:F157S S:F157S S:R158G	55	15299	0.003595	21975	22043
G25186T C25207T	S:Q1208H S:Y1215Y	55	30324	0.001814	25169	25325
A23594G T23599G C23604G	S:T678A S:N679K S:P681R	55	71173	0.000773	23580	23642
T25382+A	NA	54	10316	0.005235	25372	25408
T24469A A24532G	S:N969K S:E990E	54	55136	0.000979	24465	24564
T24414C A24424T T24469A	S:V951A S:Q954H S:N969K	54	25119	0.00215	24412	24564
T23850+A C23887-A	NA NA	54	22390	0.002412	23767	23895
G24140-T	NA	54	4514	0.011963	24120	24160
G21941T T22032C C22033A A22034G	S:V127F S:F157S S:F157S S:R158G	54	14850	0.003636	21915	22058
G21881A G21941T G21987A T21990-TTA T22032C C22033A A22034G	S:G107S S:V127F S:G142D S:DEL144 S:F157S S:F157S S:R158G	54	14466	0.003733	21867	22043
A23366G A23403G C23423T C23525T	S:T602A S:D614G S:P621S S:H655Y	54	14301	0.003776	23349	23539
T25152C C25207T	S:L1197P S:Y1215Y	53	29532	0.001795	25144	25210
T23599G T23600C C23604G	S:N679K S:S680P S:P681R	53	71210	0.000744	23580	23627
T23599G C23604G T23652C	S:N679K S:P681R S:M697T	53	36881	0.001437	23580	23660
T23599G C23604G T23637C	S:N679K S:P681R S:I692T	53	70177	0.000755	23580	23642
G22813T T22882G G22895C T22896C G22898A G22927T T22930A T22942G	S:K417N S:N440K S:V445P S:V445P S:G446S S:L455F S:F456L S:N460K	53	244	0.217213	22804	22944
C23525T T23599G C23604G A23631G	S:H655Y S:N679K S:P681R S:Q690R	53	32730	0.001619	23493	23637
C23525T A23586G T23599G C23604G	S:H655Y S:Q675R S:N679K S:P681R	53	33194	0.001597	23500	23608
C21618T C21622T G21624C T21632-TACCCCCTG C21711T	S:T19I S:T20T S:R21T S:DEL25/27 S:S50L	53	7131	0.007432	21597	21723
A24543G	S:D994G	53	59634	0.000889	24480	24564
T24267-G	NA	52	4783	0.010872	24229	24350
G25445A C25517T	ORF3a:G18D ORF3a:P42L	52	4594	0.011319	25372	25560
G24476+A	NA	52	58481	0.000889	24469	24496
A24676G	S:K1038K	52	37073	0.001403	24654	24679
A24424T T24469A T24506C	S:Q954H S:N969K S:S982P	52	25103	0.002071	24412	24561
T25205C C25207T	S:Y1215H S:Y1215H	51	30925	0.001649	25157	25324
T25161C C25207T	S:L1200P S:Y1215Y	51	29633	0.001721	25138	25320
T24469A G24488-T	S:N969K NA	51	55723	0.000915	24465	24505
T23599G C23604G A23696-T	S:N679K S:P681R NA	51	36355	0.001403	23581	23724
T23599G C23604G A23656G	S:N679K S:P681R S:S698S	51	36841	0.001384	23580	23678
G23768-T C23887-A	NA NA	51	21279	0.002397	23767	23895
C23525T T23599G T23600C C23604G	S:H655Y S:N679K S:S680P S:P681R	51	33194	0.001536	23487	23626
T24469A T24650C	S:N969K S:S1030P	50	29302	0.001706	24465	24674
G23222A C23244-T C23271T	S:E554K NA S:A570V	50	8134	0.006147	23090	23290
G21941T T21990-TTA T22032C C22033A	S:V127F S:DEL144 S:F157S S:F157S	50	14855	0.003366	21889	22046
C23525T A23598G T23599G C23604G	S:H655Y S:N679R S:N679R S:P681R	50	33194	0.001506	23487	23641
A24324-AT C24378T A24424T	NA S:S939F S:Q954H	50	2682	0.018643	24257	24424
T25191-A C25207T C25262-TT	NA S:Y1215Y NA	49	29787	0.001645	25145	25299
T24492+A	NA	49	59919	0.000818	24486	24503
T23599G C23604G A23670+T	S:N679K S:P681R NA	49	36723	0.001334	23580	23678
T23509C C23525T T23599G C23604G	S:C649C S:H655Y S:N679K S:P681R	49	33123	0.001479	23487	23641
G25445A	ORF3a:G18D	49	9256	0.005294	25372	25452
G23351+T A23403G C23423T C23525T	NA S:D614G S:P621S S:H655S	49	14176	0.003457	23342	23539
C25517-T	NA	49	4594	0.010666	25372	25531
C23525T T23584C T23599G C23604G	S:H655Y S:Y674Y S:N679K S:P681R	49	33194	0.001476	23501	23637
C23525T A23566G T23599G C23604G	S:H655Y S:A668A S:N679K S:P681R	49	33194	0.001476	23487	23641
A24424T T24469A G24488+T	S:Q954H S:N969K NA	49	25186	0.001946	24416	24564
T23599G C23604G A23631G	S:N679K S:P681R S:Q690R	48	70444	0.000681	23580	23642
C25207T T25322C	S:Y1215Y S:C1254R	48	29778	0.001612	25130	25325
C24672-A A24684-T	NA NA	48	3845	0.012484	24626	24702
A24424T T24469A T24487C	S:Q954H S:N969K S:S975S	48	25191	0.001905	24412	24552
A24424T T24438+A	S:Q954H NA	48	25487	0.001883	24417	24454
A23688+G	NA	48	58183	0.000825	23683	23722
A22193-ATT C22208T C22295A	S:DEL212 S:L216F S:H245N	48	5053	0.009499	22177	22315
T24469A T24656C	S:N969K S:C1032R	47	29277	0.001605	24465	24679
T24267-G C24378T A24424T	NA S:S939F S:Q954H	47	2135	0.022014	24259	24424
T23599G C23604G A23674G	S:N679K S:P681R S:S704S	47	36673	0.001282	23580	23700
G21941T G21969T G21987A T21990-TTA T22032C C22033A A22034G	S:V127F S:C136F S:G142D S:DEL144 S:F157S S:F157S S:R158G	47	14850	0.003165	21904	22051
A23586G T23599G C23604G	S:Q675R S:N679K S:P681R	47	70997	0.000662	23580	23634
T23599G C23604G T23620C	S:N679K S:P681R S:S686S	46	71092	0.000647	23587	23624
T23599G C23604G A23623G	S:N679K S:P681R S:V687V	46	71025	0.000648	23580	23637
G21987A T21990-TTA	S:G142D S:DEL144	46	15764	0.002918	21967	22012
C23709+A	NA	46	57804	0.000796	23683	23719
A24424T T24469A A24520G	S:Q954H S:N969K S:K986K	46	25002	0.00184	24416	24554
T24469A A24652G	S:N969K S:S1030S	45	29294	0.001536	24465	24679
T23599G C23604G T23721C	S:N679K S:P681R S:I720T	45	35145	0.00128	23580	23724
T23599G C23604G A23636G	S:N679K S:P681R S:I692V	45	70217	0.000641	23590	23722
T23521C C23525T T23599G C23604G	S:A653A S:H655Y S:N679K S:P681R	45	33188	0.001356	23487	23629
C24517-A	NA	45	59850	0.000752	24488	24528
C23525T T23590C T23599G C23604G	S:H655Y S:T676T S:N679K S:P681R	45	33194	0.001356	23487	23637
A25146G C25207T	S:E1195G S:Y1215Y	45	29380	0.001532	25136	25325
A24424T T24469A T24514C	S:Q954H S:N969K S:L984L	45	25041	0.001797	24417	24564
A24424T T24469A A24525G	S:Q954H S:N969K S:E988G	45	24949	0.001804	24412	24555
A23493G C23525T T23599G C23604G	S:Q644R S:H655Y S:N679K S:P681R	45	32755	0.001374	23487	23639
T24469A A24551G	S:N969K S:I997V	44	54839	0.000802	24465	24564
T24469A A24516G	S:N969K S:D985G	44	55360	0.000795	24465	24564
T23599G T23602C C23604G	S:N679K S:S680S S:P681R	44	71210	0.000618	23580	23650
T23599G C23604G T23698C	S:N679K S:P681R S:I712I	44	36339	0.001211	23580	23711
T23599G C23604G C23709-A	S:N679K S:P681R NA	44	35548	0.001238	23580	23723
T23599G C23604G C23609T	S:N679K S:P681R S:R683W	44	71180	0.000618	23580	23642
T23599G C23604G A23668G	S:N679K S:P681R S:E702E	44	36728	0.001198	23580	23724
T21609+CATGCCGCTGTT C21618T A21620-C A21623T G21624C T21632-TACCCCCTG C21711T A21764-TACATG	S:INS17HAAV S:T19F NA S:R21S S:R21S S:DEL25/27 S:S50L S:DEL69/70	44	6917	0.006361	21597	21802
C23525T T23599G C23604G T23617C	S:H655Y S:N679K S:P681R S:R685R	44	33167	0.001327	23501	23642
C23525T T23599G C23604G A23614G	S:H655Y S:N679K S:P681R S:A684A	44	33175	0.001326	23487	23624
C23525T C23551T T23599G C23604G	S:H655Y S:D663D S:N679K S:P681R	44	33194	0.001326	23514	23641
C23170-A G23222A C23271T	NA S:E554K S:A570V	44	7964	0.005525	23089	23290
A24424T T24469A A24543G	S:Q954H S:N969K S:D994G	44	24813	0.001773	24413	24564
A24424T A24425G T24469A	S:Q954H S:N955D S:N969K	44	25279	0.001741	24412	24564
A23403G G23405T C23423T C23525T	S:D614G S:V615F S:P621S S:H655Y	44	14559	0.003022	23374	23535
T25150C C25207T	S:S1196S S:Y1215Y	43	29477	0.001459	25127	25294
T23599G C23604G A23712-T	S:N679K S:P681R NA	43	35441	0.001213	23580	23724
T23599G C23604G A23696G	S:N679K S:P681R S:I712V	43	36355	0.001183	23580	23700
T23599G C23604G A23646G	S:N679K S:P681R S:Y695C	43	36950	0.001164	23580	23700
T21609+CATGCCGCTGTT C21618T C21622T G21624C T21632-TACCCCCTG C21711T C21742T A21764-TACATG	S:INS17HAAV S:T19F S:T20F S:R21T S:DEL25/27 S:S50L S:S60F S:DEL69/70	43	6917	0.006217	21597	21802
G22104-A A22193-ATT T22200G C22208T C22295A	NA S:DEL212 S:V213G S:L216F S:H245N	43	4675	0.009198	22100	22319
G21941T G21987A T21990-TTA A22012G T22032C C22033A A22034G	S:V127F S:G142D S:DEL144 S:K150K S:F157S S:F157S S:R158G	43	14850	0.002896	21933	22058
A25194-AT G25197T C25207T C25262-TT	NA S:W1212L S:Y1215Y NA	43	29893	0.001438	25122	25325
A24885+T C24981-T C24990T C25000T	NA NA S:P1143I S:D1146S	43	8353	0.005148	24850	25038
A24424T T24469A T24505C	S:Q954H S:N969K S:L981L	43	25105	0.001713	24412	24564
A24424T C24536-A	S:Q954H NA	43	24863	0.001729	24412	24564
A23592G T23599G C23604G	S:Q677R S:N679K S:P681R	43	71113	0.000605	23580	23622
A23503G C23525T T23599G C23604G	S:A647A S:H655Y S:N679K S:P681R	43	33018	0.001302	23487	23642
A22193-ATT T22200G C22208T G22218-T C22295A	S:DEL212 S:V213G S:L216F NA S:H245N	43	5053	0.00851	22167	22310
T24469A A24560G	S:N969K S:R1000G	42	54587	0.000769	24465	24564
T23599G C23604G T23617C	S:N679K S:P681R S:R685R	42	71114	0.000591	23581	23620
T23599G C23604G A23665G	S:N679K S:P681R S:A701A	42	36749	0.001143	23580	23683
T23599G C23604A A23651G	S:N679K S:P681H S:M697V	42	36896	0.001138	23580	23699
T22200G C22295A	S:V213G S:H245N	42	5073	0.008279	22196	22319
T21609+CATGCCGCTGTT C21618T C21622T G21624C T21632-TACCCCCTG C21711T	S:INS17HAAV S:T19F S:T20F S:R21T S:DEL25/27 S:S50L	42	7131	0.00589	21597	21723
G25127-T	NA	42	27864	0.001507	25122	25324
G21987A T21990-TTA C22000-A T22032C C22033A A22034G	S:G142D S:DEL144 NA S:F157S S:F157S S:R158G	42	15299	0.002745	21974	22058
C25262-T G25340-A	NA NA	42	4576	0.009178	25252	25348
C25207T T25268C	S:Y1215Y S:C1236R	42	30191	0.001391	25169	25325
C24536+A	NA	42	59658	0.000704	24528	24564
C23525T A23539G T23599G C23604G	S:H655Y S:S659S S:N679K S:P681R	42	33194	0.001265	23487	23642
A24532G	S:E990E	42	59727	0.000703	24481	24538
A24424T T24469A T24489C	S:Q954H S:N969K S:V976A	42	25182	0.001668	24412	24564
G21987A A21993-TTACC A21999C	S:G142D NA S:H146P	41	15528	0.00264	21867	22022
C25207T T25304C	S:Y1215Y S:C1248R	41	30056	0.001364	25188	25325
C25156T C25207T	S:I1198I S:Y1215Y	41	29576	0.001386	25141	25325
C23525T T23599G T23602C C23604G	S:H655Y S:N679K S:S680S S:P681R	41	33194	0.001235	23487	23626
C23525T G23576T T23599G C23604G	S:H655Y S:A672S S:N679K S:P681R	41	33194	0.001235	23487	23637
C23525T A23594G T23599G C23604G	S:H655Y S:T678A S:N679K S:P681R	41	33194	0.001235	23505	23637
C21711T A21764-TACATG C21781-A	S:S50L S:DEL69/70 NA	41	7827	0.005238	21702	21795
A24424T T24469A T24511C	S:Q954H S:N969K S:R983R	41	25055	0.001636	24413	24546
T23599G C23604G C23709+A	S:N679K S:P681R NA	40	35548	0.001125	23580	23717
T23599G C23604G C23638T	S:N679K S:P681R S:I692I	40	70151	0.00057	23580	23641
T23507C C23525T T23599G C23604G	S:C649R S:H655Y S:N679K S:P681R	40	33089	0.001209	23487	23637
T23143-A T23164-A G23222A C23271T	NA NA S:E554K S:A570V	40	7882	0.005075	23089	23279
T21939C G21941T G21987A T21990-TTA T22032C C22033A A22034G	S:V126A S:V127F S:G142D S:DEL144 S:F157S S:F157S S:R158G	40	14849	0.002694	21881	22043
C25214+G	NA	40	30891	0.001295	25207	25311
C25207T G25218-T	S:Y1215Y NA	40	30329	0.001319	25131	25246
C25000T C25207T	S:D1146D S:Y1215Y	40	492	0.081301	24992	25210
C24981-T C24990T	NA S:P1143L	40	8634	0.004633	24853	24995
C23525T A23532G T23599G C23604G	S:H655Y S:N657S S:N679K S:P681R	40	33194	0.001205	23487	23642
C23271T A23403G C23422T C23423T	S:A570V S:D614G S:V620V S:P621S	40	5475	0.007306	23269	23434
A25176G C25207T	S:K1205R S:Y1215Y	40	29930	0.001336	25158	25320
A24838T	S:E1092D	40	2154	0.01857	24828	24880
A24538G	S:Q992Q	40	59667	0.00067	24480	24564
A24424T A24454G T24469A	S:Q954H S:K964K S:N969K	40	25279	0.001582	24412	24547
A24424T A24430G T24469A	S:Q954H S:A956A S:N969K	40	25279	0.001582	24412	24563
A23786+T C23887-A	NA NA	40	21439	0.001866	23767	23895
T24469A T24492-A C24536-A	S:N969K NA NA	39	55060	0.000708	24465	24661
T24469A G24665A	S:N969K S:G1035R	39	29143	0.001338	24465	24678
T24469A A24667G	S:N969K S:G1035G	39	29118	0.001339	24465	24679
T23599G C23604G A23632G	S:N679K S:P681R S:Q690Q	39	70405	0.000554	23580	23642
G24488-T C24672-A	NA NA	39	32450	0.001202	24481	24679
G23824A C23854A	S:L754L S:N764K	39	22770	0.001713	23818	23895
C25207T T25272C	S:Y1215Y S:M1237T	39	30184	0.001292	25203	25325
C25207T A25274G	S:Y1215Y S:T1238A	39	30179	0.001292	25192	25325
C24026-T	NA	39	4035	0.009665	24021	24043
C23502T C23525T T23599G C23604G	S:A647V S:H655Y S:N679K S:P681R	39	33003	0.001182	23493	23634
A25182G C25207T	S:E1207G S:Y1215Y	39	30223	0.00129	25130	25325
A24684-T	NA	39	3895	0.010013	24612	24710
A24424T T24447C T24469A	S:Q954H S:L962P S:N969K	39	25279	0.001543	24417	24564
A24110-T C24119-A	NA NA	39	4217	0.009248	24021	24131
A23400+G C23423T	NA S:P621S	39	22999	0.001696	23335	23426
T24469A T24490C	S:N969K S:V976V	38	55717	0.000682	24465	24551
T24469A G24476A	S:N969K S:A972T	38	55791	0.000681	24465	24562
T24469A A24567G	S:N969K S:Q1002R	38	29746	0.001277	24465	24671
C25207T T25265C	S:Y1215Y S:C1235R	38	30211	0.001258	25173	25306
C25207T C25214+G	S:Y1215Y NA	38	30335	0.001253	25203	25325
C25207T A25253G	S:Y1215Y S:T1231A	38	30267	0.001255	25194	25324
C23525T T23599G C23604G T23622C	S:H655Y S:N679K S:P681R S:V687A	38	33152	0.001146	23487	23637
C23525T T23563C T23599G C23604G	S:H655Y S:G667G S:N679K S:P681R	38	33194	0.001145	23487	23634
C23525T A23592G T23599G C23604G	S:H655Y S:Q677R S:N679K S:P681R	38	33194	0.001145	23487	23612
C23525T A23526G T23599G C23604G	S:H655C S:H655C S:N679K S:P681R	38	33194	0.001145	23487	23642
A24424T T24469A T24548C	S:Q954H S:N969K S:L996L	38	24767	0.001534	24412	24564
A24424T T24469A A24554G	S:Q954H S:N969K S:T998A	38	24668	0.00154	24412	24564
A24424T T24469A A24531G	S:Q954H S:N969K S:E990G	38	24911	0.001525	24412	24564
A24424T T24448C T24469A	S:Q954H S:L962L S:N969K	38	25279	0.001503	24412	24564
A24103+T	NA	38	4501	0.008443	24091	24112
A23598G T23599G C23604G	S:N679R S:N679R S:P681R	38	71199	0.000534	23580	23642
A21979-T G21987A A21993-TTACC A21999C	NA S:G142D NA S:H146P	38	15526	0.002448	21869	22024
T24469A T24552C	S:N969K S:I997T	37	54815	0.000675	24465	24564
T23599G C23604G T23697C	S:N679K S:P681R S:I712T	37	36349	0.001018	23580	23700
T23599G C23604G C23664T	S:N679K S:P681R S:A701V	37	36760	0.001007	23587	23706
T23599G C23604G A23614G	S:N679K S:P681R S:A684A	37	71141	0.00052	23580	23642
T23599G C23604A T23641-G	S:N679K S:P681H NA	37	69616	0.000531	23580	23705
T23143-A	NA	37	8386	0.004412	23089	23155
G23222A C23277T	S:E554K S:T572I	37	8030	0.004608	23195	23290
G23222A C23230-A C23271T	S:E554K NA S:A570V	37	8134	0.004549	23089	23274
G21941T	S:V127F	37	15607	0.002371	21936	21944
C25207T T25283C	S:Y1215Y S:C1241R	37	30156	0.001227	25169	25325
C24981-T C24990T C25000T G25012T	NA S:P1143L S:D1146D S:E1150D	37	8580	0.004312	24867	25054
C23525T T23540C T23599G C23604G	S:H655Y S:Y660H S:N679K S:P681R	37	33194	0.001115	23487	23642
C23525T T23527C T23599G C23604G	S:H655Y S:H655Y S:N679K S:P681R	37	33194	0.001115	23493	23627
C23525T A23535G T23599G C23604G	S:H655Y S:N658S S:N679K S:P681R	37	33194	0.001115	23487	23626
A24424T T24469A T24504C	S:Q954H S:N969K S:L981P	37	25108	0.001474	24415	24535
A24424T T24438+A T24469A	S:Q954H NA S:N969Q	37	25279	0.001464	24413	24550
A23786-T A23853-C	NA NA	37	22264	0.001662	23693	23895
T24643-A	NA	36	37597	0.000958	24623	24659
T24469A A24576G	S:N969K S:Q1005R	36	29663	0.001214	24465	24679
T23487C C23525T T23599G C23604G	Unknown S:H655Y S:N679K S:P681R	36	23237	0.001549	23486	23641
G25455T	ORF3a:K21N	36	9164	0.003928	25372	25477
G23735+A	NA	36	19631	0.001834	23706	23745
G23499A C23525T T23599G C23604G	S:R646H S:H655Y S:N679K S:P681R	36	32876	0.001095	23487	23639
C25207T T25310C	S:Y1215Y S:C1250R	36	30003	0.0012	25187	25325
C25207T T25260C	S:Y1215Y S:M1233T	36	30234	0.001191	25130	25311
C23271T C23334-T	S:A570V NA	36	5745	0.006266	23269	23353
A25472+T	NA	36	9015	0.003993	25381	25485
A23853-C C23887-A	NA NA	36	22412	0.001606	23828	23895
A22556G G22577C G22578A A22629C C22674T T22679C	S:I332V S:G339H S:G339H S:K356T S:S371F S:S373P	36	110	0.327273	22502	22683
A22161-T A22193-ATT T22200G C22208T C22295A	NA S:DEL212 S:V213G S:L216F S:H245N	36	4918	0.00732	22112	22319
A21875-T T21940-G G21987A T21990-TTA T22032C C22033A A22034G	NA NA S:G142D S:DEL144 S:F157S S:F157S S:R158G	36	14415	0.002497	21870	22058
T24469A A24619G	S:N969K S:R1019R	35	29408	0.00119	24465	24679
T24469A A24578G	S:N969K S:T1006A	35	29656	0.00118	24465	24676
T24469A A24518G	S:N969K S:K986E	35	55340	0.000632	24465	24535
T23599G C23604G G23642A	S:N679K S:P681R S:A694T	35	69472	0.000504	23580	23642
T23599G C23604G A23696+C	S:N679K S:P681R NA	35	36355	0.000963	23580	23708
T23599G C23604G A23690G	S:N679K S:P681R S:N710D	35	36463	0.00096	23580	23703
T21990-TTA C22000A	S:DEL144 S:H146Q	35	15528	0.002254	21973	22013
C25207T T25291C	S:Y1215Y S:C1243C	35	30124	0.001162	25177	25307
C25207T T25232C	S:Y1215Y S:L1224L	35	30308	0.001155	25168	25324
C23525T T23582C T23599G C23604G	S:H655Y S:Y674H S:N679K S:P681R	35	33194	0.001054	23521	23634
C23367+A	NA	35	24001	0.001458	23339	23377
A24567G	S:Q1002R	35	34041	0.001028	24547	24679
A24424T T24469A T24564C	S:Q954H S:N969K Unknown	35	24480	0.00143	24412	24564
A24424T T24469A A24516G	S:Q954H S:N969K S:D985G	35	25028	0.001398	24412	24564
A23524G C23525T T23599G C23604G	S:E654E S:H655Y S:N679K S:P681R	35	33191	0.001055	23487	23641
A23403G T23411C C23423T C23525T	S:D614G S:C617R S:P621S S:H655Y	35	14559	0.002404	23351	23531
T25129C C25207T	S:V1189V S:Y1215Y	34	27606	0.001232	25122	25323
T24469A T24504C	S:N969K S:L981P	34	55517	0.000612	24465	24679
T24469A A24677G	S:N969K S:R1039G	34	28885	0.001177	24465	24679
T24469A A24587G	S:N969K S:T1009A	34	29494	0.001153	24465	24679
T23599G C23604G C23643T	S:N679K S:P681R S:A694V	34	69077	0.000492	23580	23706
T23599G C23604G C23613T	S:N679K S:P681R S:A684V	34	71154	0.000478	23580	23700
T23599G C23604G A23627G	S:N679K S:P681R S:S689G	34	70605	0.000482	23580	23642
T23489C C23525T T23599G C23604G	S:F643L S:H655Y S:N679K S:P681R	34	32680	0.00104	23486	23637
T21940-G A21979-T G21987A T21990-TTA T22032C C22033A A22034G	NA NA S:G142D S:DEL144 S:F157S S:F157S S:R158G	34	14849	0.00229	21847	22058
C25207T T25309C	S:Y1215Y S:S1249S	34	30008	0.001133	25178	25324
C25207T T25303C	S:Y1215Y S:C1247C	34	30059	0.001131	25191	25320
C25207T T25301C	S:Y1215Y S:C1247R	34	30061	0.001131	25164	25325
C25207T T25251C	S:Y1215Y S:V1230A	34	30270	0.001123	25130	25325
C25207T C25262-TT C25308T	S:Y1215Y NA S:S1249F	34	30036	0.001132	25122	25320
C23525T T23599G C23604G G23610A	S:H655Y S:N679K S:P681R S:R683Q	34	33185	0.001025	23487	23642
C23525T G23576A T23599G C23604G	S:H655Y S:A672T S:N679K S:P681R	34	33194	0.001024	23487	23642
A25327-T	NA	34	5209	0.006527	25280	25339
A24424T T24469A T24534C	S:Q954H S:N969K S:V991A	34	24887	0.001366	24412	24564
A24424T T24469A A24551G	S:Q954H S:N969K S:I997V	34	24741	0.001374	24416	24564
A24424T T24436C T24469A	S:Q954H S:A958A S:N969K	34	25279	0.001345	24412	24564
A23523G C23525T T23599G C23604G	S:E654G S:H655Y S:N679K S:P681R	34	33191	0.001024	23487	23642
A23515-G C23525T T23599G C23604G	NA S:H655Y S:N679K S:P681R	34	33157	0.001025	23493	23624
A23362+C	NA	34	24269	0.001401	23339	23369
A22193-ATT T22200G C22208T C22227T C22295A	S:DEL212 S:V213G S:L216F S:A222V S:H245N	34	5053	0.006729	22100	22312
T24650C	S:S1030P	33	37576	0.000878	24612	24660
T24469A T24658C	S:N969K S:C1032C	33	29256	0.001128	24465	24679
T24469A T24511C	S:N969K S:R983R	33	55415	0.000596	24465	24564
T24469A T24506C	S:N969K S:S982P	33	55498	0.000595	24465	24564
T24469A T24480C	S:N969K S:I973T	33	55769	0.000592	24465	24528
T24469A C24536+A	S:N969K NA	33	55060	0.000599	24465	24564
T24469A A24673G	S:N969K S:S1037S	33	28952	0.00114	24465	24679
T23599G C23604G T23676C	S:N679K S:P681R S:V705A	33	36656	0.0009	23580	23706
T23599G C23604G T23672C	S:N679K S:P681R S:S704P	33	36696	0.000899	23580	23700
T23599G C23604G T23659C	S:N679K S:P681R S:L699L	33	36803	0.000897	23580	23724
T23599G C23604G A23670G	S:N679K S:P681R S:N703S	33	36723	0.000899	23580	23724
T23599G C23604G A23651G	S:N679K S:P681R S:M697V	33	36896	0.000894	23580	23700
C25207T T25228C	S:Y1215Y S:A1222A	33	30315	0.001089	25199	25325
C25207T A25295G	S:Y1215Y S:K1245E	33	30093	0.001097	25203	25325
C25207T A25241G	S:Y1215Y S:I1227V	33	30299	0.001089	25153	25296
C23525T T23599G C23604G A23639-T	S:H655Y S:N679K S:P681R NA	33	32183	0.001025	23500	23642
C23525T T23581C T23599G C23604G	S:H655Y S:S673S S:N679K S:P681R	33	33194	0.000994	23487	23637
A25420-T	NA	33	9701	0.003402	25373	25458
A24936T	S:N1125I	33	10894	0.003029	24911	24943
A24424T T24469A T24552C	S:Q954H S:N969K S:I997T	33	24723	0.001335	24412	24564
A24423+T	NA	33	28468	0.001159	24412	24424
A22110+G A22193-ATT T22200G C22208T C22295A	NA S:DEL212 S:V213S S:L216S S:H245T	33	4709	0.007008	22100	22319
T25171C C25207T	S:L1203L S:Y1215Y	32	29800	0.001074	25130	25316
T24656-G	NA	32	37538	0.000852	24500	24671
T24469A T24505C	S:N969K S:L981L	32	55502	0.000577	24465	24564
T24469A C24553T	S:N969K S:I997I	32	54784	0.000584	24465	24564
T24469A A24610G	S:N969K S:A1016A	32	29430	0.001087	24465	24679
T24469A A24582G	S:N969K S:Y1007C	32	29532	0.001084	24465	24665
T24469A A24554G	S:N969K S:T998A	32	54741	0.000585	24465	24564
T23599G C23604G A23704+C	S:N679K S:P681R NA	32	35818	0.000893	23580	23724
T23599G C23604G A23639G	S:N679K S:P681R S:I693V	32	69776	0.000459	23580	23706
G25177+A C25207T	NA S:Y1215V	32	29957	0.001068	25169	25325
G24971+T C24990T C25000T	NA S:P1143I S:D1146S	32	8567	0.003735	24850	25058
G23824A A23853-C	S:L754L NA	32	22781	0.001405	23701	23895
C25207T T25319C	S:Y1215Y S:C1253R	32	29886	0.001071	25190	25324
C25207T G25278-T	S:Y1215Y NA	32	30168	0.001061	25185	25290
C23854A G23903-T G23948T	S:N764K NA S:D796Y	32	3561	0.008986	23816	23969
C23525T T23573C T23599G C23604G	S:H655Y S:C671R S:N679K S:P681R	32	33194	0.000964	23515	23614
C23103-T G23222A C23271T	NA S:E554K S:A570V	32	7800	0.004103	23089	23274
C21711T	S:S50L	32	8128	0.003937	21699	21746
A25125G C25207T	S:E1188G S:Y1215Y	32	27230	0.001175	25122	25320
A24803-T	NA	32	5914	0.005411	24775	24806
A24619G	S:R1019R	32	37594	0.000851	24612	24673
A24424T T24469A T24480C	S:Q954H S:N969K S:I973T	32	25224	0.001269	24413	24564
A24424T T24469A G24476A	S:Q954H S:N969K S:A972T	32	25245	0.001268	24415	24564
A24424T G24488+T	S:Q954H NA	32	25186	0.001271	24412	24541
A22193-ATT T22200G C22208T T22287C C22295A	S:DEL212 S:V213G S:L216F S:L242P S:H245N	32	5053	0.006333	22181	22310
T25196-G C25207T C25262-TT	NA S:Y1215Y NA	31	29944	0.001035	25127	25298
T24469A T24607C	S:N969K S:A1015A	31	29438	0.001053	24465	24679
T24469A A24498G	S:N969K S:D979G	31	55599	0.000558	24465	24564
T24417C A24424T T24469A	S:V952A S:Q954H S:N969K	31	25241	0.001228	24412	24564
T23599G C23604G T23686C	S:N679K S:P681R S:S708S	31	36496	0.000849	23580	23705
T23599G C23604G G23624A	S:N679K S:P681R S:A688T	31	71001	0.000437	23580	23642
T23599G C23604G G23610A	S:N679K S:P681R S:R683Q	31	71170	0.000436	23580	23626
T23599G C23604G C23679T	S:N679K S:P681R S:A706V	31	36617	0.000847	23580	23705
T23599G C23604G C23630-A	S:N679K S:P681R NA	31	70529	0.00044	23588	23642
T22150C A22193-ATT T22200G C22208T C22295A	S:N196N S:DEL212 S:V213G S:L216F S:H245N	31	4875	0.006359	22100	22319
T21940-G A21979-T G21987A T21990-TTA C22000-A T22032C C22033A A22034G	NA NA S:G142D S:DEL144 NA S:F157S S:F157S S:R158G	31	14849	0.002088	21870	22058
G25299-C	NA	31	37228	0.000833	25290	25324
G25287-T	NA	31	37145	0.000835	25279	25323
G23501A C23525T T23599G C23604G	S:A647T S:H655Y S:N679K S:P681R	31	32929	0.000941	23487	23637
C25207T A25315G	S:Y1215Y S:G1251G	31	29973	0.001034	25132	25325
C23816-T	NA	31	23303	0.00133	23767	23833
C23525T T23599G C23604G A23636G	S:H655Y S:N679K S:P681R S:I692V	31	32570	0.000952	23502	23641
C23525T T23571C T23599G C23604G	S:H655Y S:I670T S:N679K S:P681R	31	33194	0.000934	23487	23642
C23525T A23534G T23599G C23604G	S:H655Y S:N658D S:N679K S:P681R	31	33194	0.000934	23487	23641
C23334-T C23423T	NA S:P621S	31	6140	0.005049	23285	23434
C23271T A23403G C23423T A23436G	S:A570V S:D614G S:P621S S:H625R	31	5335	0.005811	23269	23443
C22120-A	NA	31	5361	0.005783	22112	22134
A25175G C25207T	S:K1205E S:Y1215Y	31	29920	0.001036	25149	25325
A25174G C25207T	S:G1204G S:Y1215Y	31	29890	0.001037	25141	25324
A24673G	S:S1037S	31	37124	0.000835	24612	24679
A24424T T24469A A24537G	S:Q954H S:N969K S:Q992R	31	24850	0.001247	24412	24564
A24253-T C24320-A	NA NA	31	4340	0.007143	24229	24337
A24105+T	NA	31	4533	0.006839	24097	24191
A22193-ATT C22295A	S:DEL212 S:H245N	31	5053	0.006135	22175	22319
T25263C	S:L1234P	30	36770	0.000816	25251	25279
T24469A T24664C	S:N969K S:L1034L	30	29149	0.001029	24465	24679
T24469A T24571C	S:N969K S:S1003S	30	29684	0.001011	24465	24679
T24469A T24564C	S:N969K S:L1001P	30	54509	0.00055	24465	24564
T24469A A24604G	S:N969K S:R1014R	30	29444	0.001019	24465	24679
T24469A A24562G	S:N969K S:R1000R	30	54560	0.00055	24465	24564
T24469A A24508G	S:N969K S:S982S	30	55463	0.000541	24465	24549
T24377-C	NA	30	3066	0.009785	24336	24408
T23703-A	NA	30	58065	0.000517	23683	23720
T23599G C23604G T23680C	S:N679K S:P681R S:A706A	30	36585	0.00082	23580	23699
T23599G C23604G C23606T	S:N679K S:P681R S:R682W	30	71184	0.000421	23580	23642
T23599G C23604G A23704-C	S:N679K S:P681R NA	30	35818	0.000838	23580	23717
T23599G C23604G A23691G	S:N679K S:P681R S:N710S	30	36449	0.000823	23580	23699
T23599G C23604G A23687G	S:N679K S:P681R S:N709D	30	36493	0.000822	23580	23717
T23596+A T23599G C23604G	NA S:N679* S:P681C	30	71197	0.000421	23586	23613
G25302-T	NA	30	37256	0.000805	25288	25324
C25207T T25307C	S:Y1215Y S:S1249P	30	30044	0.000999	25148	25320
C23525T T23599G C23604G C23609T	S:H655Y S:N679K S:P681R S:R683W	30	33187	0.000904	23487	23642
C23525T T23599G C23604G A23623G	S:H655Y S:N679K S:P681R S:V687V	30	33144	0.000905	23501	23634
C23334-T A23403G C23423T	NA S:D614G S:P621S	30	6140	0.004886	23285	23437
A24493T	S:L977F	30	59901	0.000501	24489	24661
A24424T T24469A T24549C	S:Q954H S:N969K S:L996S	30	24759	0.001212	24412	24564
A24424T G24521+T	S:Q954H NA	30	24977	0.001201	24412	24545
A23845G C23854A	S:T761T S:N764K	30	23120	0.001298	23795	23880
A23403G C23423T G23517A C23525T	S:D614G S:P621S S:G652E S:H655Y	30	14559	0.002061	23342	23536
T24469A T24643+A	S:N969K NA	29	29328	0.000989	24465	24661
T24469A A24679G	S:N969K S:R1039R	29	28672	0.001011	24465	24679
T24469A A24594G	S:N969K S:Q1011R	29	29464	0.000984	24465	24679
T23599G C23604G T23626C	S:N679K S:P681R S:A688A	29	70660	0.00041	23580	23699
T23599G C23604G C23625T	S:N679K S:P681R S:A688V	29	70979	0.000409	23580	23634
T23599G C23604G A23618G	S:N679K S:P681R S:S686G	29	71108	0.000408	23580	23641
G24665A	S:G1035R	29	37356	0.000776	24657	24679
G24488+T	NA	29	59697	0.000486	24476	24509
G22104-A C22120-A A22193-ATT T22200G C22208T C22295A	NA NA S:DEL212 S:V213G S:L216F S:H245N	29	4675	0.006203	22100	22299
C25294-A	NA	29	37171	0.00078	25267	25324
C25207T T25220C	S:Y1215Y S:F1220L	29	30328	0.000956	25122	25325
C25207T T25209C	S:Y1215Y S:I1216T	29	30909	0.000938	25187	25325
C24852-A C25000T	NA S:D1146D	29	8133	0.003566	24850	25069
C24320-A C24378T A24424T	NA S:S939F S:Q954H	29	2666	0.010878	24233	24424
C23525T T23599G C23604G T23637-C	S:H655Y S:N679K S:P681R NA	29	32550	0.000891	23487	23642
C23525T G23562A T23599G C23604G	S:H655Y S:G667D S:N679K S:P681R	29	33194	0.000874	23487	23642
C23271T C23298G A23403G C23423T	S:A570V S:P579R S:D614G S:P621S	29	5475	0.005297	23269	23434
C23154T G23222A C23271T	S:T531I S:E554K S:A570V	29	7916	0.003663	23102	23289
C22353A	S:A264D	29	788	0.036802	22349	22390
A24424T T24469A A24498G	S:Q954H S:N969K S:D979G	29	25141	0.001153	24412	24564
A24424T T24464C T24469A	S:Q954H S:S968P S:N969K	29	25279	0.001147	24412	24564
A23597G T23599G C23604G	S:N679E S:N679E S:P681R	29	71199	0.000407	23580	23642
T24490C	S:V976V	28	59905	0.000467	24481	24523
T24469A T24663C	S:N969K S:L1034P	28	29157	0.00096	24465	24668
T24469A T24585C	S:N969K S:V1008A	28	29508	0.000949	24465	24679
T24469A T24534C	S:N969K S:V991A	28	55104	0.000508	24465	24564
T23599G C23604G G23653A	S:N679K S:P681R S:M697I	28	36870	0.000759	23580	23717
G24635T	S:A1025S	28	37631	0.000744	24612	24678
G23522-A C23525T T23599G C23604G	NA S:H655Y S:N679K S:P681R	28	33191	0.000844	23511	23642
G22813T T22882G G22895C T22896C G22898A G22927T T22942G	S:K417N S:N440K S:V445P S:V445P S:G446S S:L455F S:N460K	28	244	0.114754	22801	22949
C25207T G25287-T	S:Y1215Y NA	28	30141	0.000929	25191	25317
C25207T C25239T	S:Y1215Y S:A1226V	28	30302	0.000924	25177	25325
C23525T T23599G C23604G T23637C	S:H655Y S:N679K S:P681R S:I692T	28	32550	0.00086	23487	23641
C23525T T23599G C23604G A23632G	S:H655Y S:N679K S:P681R S:Q690Q	28	32708	0.000856	23487	23640
C23525T C23595T T23599G C23604A	S:H655Y S:T678I S:N679K S:P681H	28	33194	0.000844	23487	23642
A24424T A24426G T24469A	S:Q954H S:N955S S:N969K	28	25279	0.001108	24412	24564
T25155C C25207T	S:I1198T S:Y1215Y	27	29565	0.000913	25148	25271
T24480C	S:I973T	27	59148	0.000456	24476	24672
T24469A T24549C	S:N969K S:L996S	27	54870	0.000492	24465	24564
T24267-G T24377-C A24424T	NA NA S:Q954H	27	2135	0.012646	24259	24424
T23599G C23604G C23615T	S:N679K S:P681R S:R685C	27	71131	0.00038	23583	23642
T23599G C23604G A23704G	S:N679K S:P681R S:I714M	27	35818	0.000754	23580	23724
T23491C C23525T T23599G C23604G	S:F643F S:H655Y S:N679K S:P681R	27	32697	0.000826	23487	23629
T23389C A23403G C23423T C23525T	S:A609A S:D614G S:P621S S:H655Y	27	14480	0.001865	23335	23533
T21609+CATGCCGCTGTT C21618T C21622T G21624C T21632-TACCCCCTG C21711T T21735-C A21764-TACATG	S:INS17HAAV S:T19F S:T20F S:R21T S:DEL25/27 S:S50L NA S:DEL69/70	27	6917	0.003903	21597	21780
T21609+CATGCCGCTGTT C21618T C21622T G21624C T21632-TACCCCCTG C21646T C21711T A21764-TACATG	S:INS17HAAV S:T19F S:T20F S:R21T S:DEL25/27 S:Y28F S:S50L S:DEL69/70	27	6917	0.003903	21597	21802
G25540+T	NA	27	4409	0.006124	25372	25558
G24971+T C24981-T C24990T C25000T	NA NA S:P1143I S:D1146S	27	8567	0.003152	24850	25034
G23519A C23525T T23599G C23604G	S:A653T S:H655Y S:N679K S:P681R	27	33182	0.000814	23487	23641
G23508+T C23525T T23599G C23604G	NA S:H655S S:N679* S:P681C	27	33100	0.000816	23487	23641
G23505A C23525T T23599G C23604G	S:G648D S:H655Y S:N679K S:P681R	27	33039	0.000817	23487	23629
C25207T T25211C	S:Y1215Y S:W1217R	27	30909	0.000874	25194	25247
C25207T G25218-T C25262-T	S:Y1215Y NA NA	27	30231	0.000893	25130	25272
C23525T T23599G C23604G G23612A	S:H655Y S:N679K S:P681R S:A684T	27	33184	0.000814	23487	23637
C23525T T23599G C23604G C23615T	S:H655Y S:N679K S:P681R S:R685C	27	33173	0.000814	23487	23642
C23525T A23597G T23599G C23604G	S:H655Y S:N679E S:N679E S:P681R	27	33194	0.000813	23487	23624
C23103-T	NA	27	8429	0.003203	23089	23114
A25185G C25207T	S:Q1208R S:Y1215Y	27	30291	0.000891	25130	25324
A24885+T C24990T C25000T	NA S:P1143I S:D1146S	27	8353	0.003232	24857	25016
A24652G	S:S1030S	27	37566	0.000719	24612	24656
A24424T T24469A C24536T	S:Q954H S:N969K S:Q992*	27	24863	0.001086	24413	24564
A24424T T24469A A24562G	S:Q954H S:N969K S:R1000R	27	24522	0.001101	24412	24564
A23403G T23421C C23423T C23525T	S:D614G S:V620A S:P621S S:H655Y	27	14559	0.001855	23339	23539
A21866G G21941T G21987A T21990-TTA T22032C C22033A A22034G	S:R102G S:V127F S:G142D S:DEL144 S:F157S S:F157S S:R158G	27	14182	0.001904	21850	22043
T24658C	S:C1032C	26	37515	0.000693	24612	24676
T24469A T24583C	S:N969K S:Y1007Y	26	29518	0.000881	24465	24679
T24469A A24654G	S:N969K S:E1031G	26	29288	0.000888	24465	24679
T24438+A	NA	26	25699	0.001012	24431	24454
T23599G C23604G G23678A	S:N679K S:P681R S:A706T	26	36633	0.00071	23580	23723
T23599G C23604G G23612A	S:N679K S:P681R S:A684T	26	71164	0.000365	23580	23642
T23599G C23604G A23710G	S:N679K S:P681R S:T716T	26	35493	0.000733	23583	23724
T23599G C23604G A23708G	S:N679K S:P681R S:T716A	26	35568	0.000731	23580	23724
T23596C T23599G C23604G	S:T678T S:N679K S:P681R	26	71197	0.000365	23580	23642
T21990-TTA A21999-C	S:DEL144 NA	26	15528	0.001674	21959	22017
G25198A C25207T	S:W1212* S:Y1215Y	26	30693	0.000847	25185	25325
G23824A	S:L754L	26	23304	0.001116	23808	23871
G23593C T23599G	S:Q677H S:N679K	26	71190	0.000365	23580	23700
C25433-TT G25437C	NA ORF3a:L15F	26	9339	0.002784	25364	25477
C25207T G25238A	S:Y1215Y S:A1226T	26	30304	0.000858	25191	25324
C25207T G25218+T C25262-T	S:Y1215Y NA NA	26	30231	0.00086	25122	25290
C25207T A25286G	S:Y1215Y S:S1242G	26	30147	0.000862	25122	25319
C23525T T23599G C23604G G23607A	S:H655Y S:N679K S:P681R S:R682Q	26	33188	0.000783	23487	23642
C23525T T23599G C23604G C23609+G	S:H655Y S:N679K S:P681R NA	26	33187	0.000783	23487	23626
C23525T T23569C T23599G C23604G	S:H655Y S:G669G S:N679K S:P681R	26	33194	0.000783	23487	23642
C23525T T23553C T23599G C23604G	S:H655Y S:I664T S:N679K S:P681R	26	33194	0.000783	23487	23637
C23525T C23565T T23599G C23604G	S:H655Y S:A668V S:N679K S:P681R	26	33194	0.000783	23487	23642
C23525T A23558G T23599G C23604G	S:H655Y S:I666V S:N679K S:P681R	26	33194	0.000783	23487	23626
C23525T A23541G T23599G C23604G	S:H655Y S:Y660C S:N679K S:P681R	26	33194	0.000783	23487	23642
C23367+A A23403G C23423T C23525T	NA S:D614G S:P621S S:H655S	26	14307	0.001817	23339	23539
C23334-T	NA	26	6467	0.00402	23285	23349
C21622T G21624C T21632-TACCCCCTG C21711T A21764-TACATG	S:T20T S:R21T S:DEL25/27 S:S50L S:DEL69/70	26	6917	0.003759	21598	21802
C21618T A21620-C A21623T G21624C T21632-TACCCCCTG C21711T A21764-TACATG	S:T19I NA S:R21S S:R21S S:DEL25/27 S:S50L S:DEL69/70	26	6917	0.003759	21597	21802
A24424T T24489C	S:Q954H S:V976A	26	25182	0.001032	24415	24552
A24424T T24469A A24538G	S:Q954H S:N969K S:Q992Q	26	24846	0.001046	24412	24554
A24424T T24469A A24518G	S:Q954H S:N969K S:K986E	26	25015	0.001039	24412	24540
A24424T T24451+A	S:Q954H NA	26	25413	0.001023	24412	24468
A23801G C23854A	S:T747A S:N764K	26	22488	0.001156	23767	23881
A23598+G C23604G	NA S:P681C	26	71199	0.000365	23589	23621
A23513G C23525T T23599G C23604G	S:I651V S:H655Y S:N679K S:P681R	26	33139	0.000785	23487	23639
A23403G C23423T T23434-C C23525T	S:D614G S:P621S NA S:H655Y	26	14559	0.001786	23335	23529
A21875-T T21940-G G21987A T21990-TTA C22000-A T22032C C22033A A22034G	NA NA S:G142D S:DEL144 NA S:F157S S:F157S S:R158G	26	14415	0.001804	21847	22058
A21875-T	NA	26	15421	0.001686	21848	21887
T25178C C25207T C25308T	S:Y1206H S:Y1215Y S:S1249F	25	29133	0.000858	25130	25324
T24623C	S:S1021P	25	37607	0.000665	24612	24679
T24469A T24625C	S:N969K S:S1021S	25	29385	0.000851	24465	24671
T24469A T24589C	S:N969K S:T1009T	25	29482	0.000848	24465	24679
T24469A T24565C	S:N969K S:L1001L	25	54410	0.000459	24465	24679
T24469A T24548C	S:N969K S:L996L	25	54883	0.000456	24465	24564
T24469A T24482C	S:N969K S:S974P	25	55759	0.000448	24465	24564
T24469A A24614G	S:N969K S:I1018V	25	29418	0.00085	24465	24672
T23599G C23604G T23641C	S:N679K S:P681R S:I693I	25	69616	0.000359	23580	23699
T23599G C23604G A23688G	S:N679K S:P681R S:N709S	25	36481	0.000685	23580	23705
T23599G A23688+G	S:N679K NA	25	36481	0.000685	23580	23724
T21940-G G21987A T21990-TTA T22032C C22033A	NA S:G142D S:DEL144 S:F157S S:F157S	25	14854	0.001683	21911	22054
G23222A T23225C C23271T C23277T	S:E554K S:S555P S:A570V S:T572I	25	8030	0.003113	23096	23290
G23222A C23230+A C23271T C23277T	S:E554K NA S:A570F S:T572L	25	8030	0.003113	23118	23290
G22813T T22882G G22895C T22896C G22898A	S:K417N S:N440K S:V445P S:V445P S:G446S	25	318	0.078616	22793	22906
G21941T G21987A T21990-TTA G22014T T22032C C22033A A22034G	S:V127F S:G142D S:DEL144 S:S151I S:F157S S:F157S S:R158G	25	14850	0.001684	21847	22058
C25207T T25233C	S:Y1215Y S:L1224S	25	30306	0.000825	25127	25325
C25207T G25218+T	S:Y1215Y NA	25	30329	0.000824	25122	25320
C25207T A25208-T	S:Y1215Y NA	25	30909	0.000809	25190	25244
C25184T C25207T	S:Q1208* S:Y1215Y	25	30258	0.000826	25138	25210
C24503-T	NA	25	59902	0.000417	24475	24514
C23604G G23611T	S:P681R S:R683R	25	71254	0.000351	23599	23622
C23525T T23599G C23604G C23625T	S:H655Y S:N679K S:P681R S:A688V	25	33127	0.000755	23493	23642
C23525T T23599G C23604G A23618G	S:H655Y S:N679K S:P681R S:S686G	25	33166	0.000754	23487	23637
C23393+T A23403G C23423T C23525T	NA S:D614G S:P621S S:H655S	25	14509	0.001723	23351	23535
C23367+A C23423T C23525T	NA S:P621S S:H655S	25	14307	0.001747	23338	23539
C22120-A A22161-T A22193-ATT T22200G C22208T C22295A	NA NA S:DEL212 S:V213G S:L216F S:H245N	25	4794	0.005215	22100	22298
C21871+T	NA	25	15435	0.00162	21867	21880
A25195G C25207T	S:K1211K S:Y1215Y	25	30614	0.000817	25141	25320
A24779G	S:K1073E	25	6026	0.004149	24724	24806
A24667G	S:G1035G	25	37326	0.00067	24626	24679
A24560G	S:R1000G	25	59312	0.000421	24486	24564
A24508G	S:S982S	25	59906	0.000417	24493	24562
A24424T T24469A T24482C	S:Q954H S:N969K S:S974P	25	25217	0.000991	24412	24542
A24424T T24469A A24556G	S:Q954H S:N969K S:T998T	25	24587	0.001017	24412	24564
A24424T T24437C T24469A	S:Q954H S:L959L S:N969K	25	25279	0.000989	24412	24564
A24424T C24503+T	S:Q954H NA	25	25111	0.000996	24412	24544
A24424T A24452G T24469A	S:Q954H S:K964E S:N969K	25	25279	0.000989	24412	24561
A24253-T A24324-AT	NA NA	25	4275	0.005848	24229	24335
A23403G T23404C C23423T C23525T	S:D614G S:D614G S:P621S S:H655Y	25	14559	0.001717	23341	23532
T25159C C25207T	S:D1199D S:Y1215Y	24	29609	0.000811	25136	25320
T24656C	S:C1032R	24	37538	0.000639	24612	24679
T24585C	S:V1008A	24	33803	0.00071	24581	24678
T24499+A	NA	24	59941	0.0004	24488	24515
T24469A T24656-G A24676G	S:N969K NA S:K1038K	24	28906	0.00083	24465	24679
T24469A T24514C C24536-A	S:N969K S:L984L NA	24	55060	0.000436	24465	24679
T24469A T24513C	S:N969K S:L984P	24	55395	0.000433	24465	24564
T24469A A24531G	S:N969K S:E990G	24	55153	0.000435	24465	24564
T23599G C23604G T23695C	S:N679K S:P681R S:S711S	24	36369	0.00066	23580	23724
T23599G C23604G T23689-A	S:N679K S:P681R NA	24	36476	0.000658	23581	23706
T23599G C23604G T23681C	S:N679K S:P681R S:Y707H	24	36574	0.000656	23580	23724
T23599G C23604G T23650C	S:N679K S:P681R S:T696T	24	36910	0.00065	23580	23724
T23599G C23604G C23700T	S:N679K S:P681R S:A713V	24	36306	0.000661	23580	23703
T23599G C23604G C23644T	S:N679K S:P681R S:A694A	24	36971	0.000649	23593	23724
T23582C T23599G C23604G	S:Y674H S:N679K S:P681R	24	70911	0.000338	23580	23642
T21609+CATGCCGCTGTT C21618T C21622T G21624C T21632-TACCCCCTG C21711T C21736-T A21764-TACATG	S:INS17HAAV S:T19F S:T20F S:R21T S:DEL25/27 S:S50L NA S:DEL69/70	24	6917	0.00347	21597	21780
T21609+CATGCCGCTGTT C21618T C21622T G21624C T21632-TACCCCCTG C21654T C21711T A21764-TACATG	S:INS17HAAV S:T19F S:T20F S:R21T S:DEL25/27 S:S31V S:S50L S:DEL69/70	24	6917	0.00347	21597	21802
G24933-T	NA	24	10905	0.002201	24897	24943
G23735A C23854A	S:E725K S:N764K	24	18075	0.001328	23704	23895
G23663+T	NA	24	38610	0.000622	23656	23704
G23195T G23222A C23271T C23277T	S:G545C S:E554K S:A570V S:T572I	24	7958	0.003016	23144	23290
G21987A T22032C C22033A A22034G	S:G142D S:F157S S:F157S S:R158G	24	15299	0.001569	21967	22058
G21941T G21987A T22032C C22033A	S:V127F S:G142D S:F157S S:F157S	24	14855	0.001616	21937	22058
C25262-T A25420+T	NA NA	24	3298	0.007277	25251	25429
C25207T T25306C	S:Y1215Y S:C1248C	24	30052	0.000799	25196	25324
C25207T A25259G	S:Y1215Y S:M1233V	24	30247	0.000793	25138	25325
C24852-A C24990T	NA S:P1143L	24	8153	0.002944	24850	25040
C24668+A	NA	24	37310	0.000643	24488	24679
C24536-AA	NA	24	59658	0.000402	24517	24564
C23525T T23559C T23599G C23604G	S:H655Y S:I666T S:N679K S:P681R	24	33194	0.000723	23493	23642
C23525T A23554G T23599G C23604G	S:H655Y S:I664M S:N679K S:P681R	24	33194	0.000723	23487	23634
C23423T A23436G C23525T	S:P621S S:H625R S:H655Y	24	14718	0.001631	23390	23529
C23367+A C23423T	NA S:P621S	24	22691	0.001058	23342	23426
A25332G	S:D1257G	24	5177	0.004636	25320	25354
A25206G C25207T	S:Y1215C S:Y1215C	24	30927	0.000776	25141	25325
A24539+T	NA	24	59664	0.000402	24474	24552
A24479-T	NA	24	59101	0.000406	24476	24499
A24424T T24471-TG	S:Q954H NA	24	25258	0.00095	24412	24564
A24424T T24469A T24501C	S:Q954H S:N969K S:I980T	24	25125	0.000955	24412	24555
A24424T T24469A T24499C	S:Q954H S:N969K S:D979D	24	25140	0.000955	24412	24564
A24424T T24459C T24469A	S:Q954H S:L966P S:N969K	24	25279	0.000949	24412	24564
A23403G C23423T A23436G	S:D614G S:P621S S:H625R	24	22595	0.001062	23375	23441
A21875-T T21940-G A21979-T G21987A T21990-TTA C22000-A T22032C C22033A A22034G	NA NA NA S:G142D S:DEL144 NA S:F157S S:F157S S:R158G	24	14415	0.001665	21848	22058
T25202C C25207T	S:W1214R S:Y1215Y	23	30872	0.000745	25184	25325
T24469A T24489C	S:N969K S:V976A	23	55718	0.000413	24465	24564
T24469A A24569G	S:N969K S:S1003G	23	29692	0.000775	24465	24679
T23599G C23604G T23677C	S:N679K S:P681R S:V705V	23	36646	0.000628	23580	23700
T23599G C23604G T23671C	S:N679K S:P681R S:N703N	23	36711	0.000627	23580	23700
T23599G C23604G T23637-C	S:N679K S:P681R NA	23	70177	0.000328	23580	23642
T23599G C23604G G23699A	S:N679K S:P681R S:A713T	23	36315	0.000633	23580	23724
T23599G C23604G G23675+T	S:N679K S:P681R NA	23	36663	0.000627	23580	23700
T23599G C23604G G23663A	S:N679K S:P681R S:A701T	23	36779	0.000625	23580	23724
T23599G C23604G G23607A	S:N679K S:P681R S:R682Q	23	71182	0.000323	23580	23642
T23599G C23604G A23682G	S:N679K S:P681R S:Y707C	23	36566	0.000629	23580	23724
T23542C T23599G C23604G	S:Y660Y S:N679K S:P681R	23	33384	0.000689	23531	23607
T23337-TG A23403G C23423T	NA S:D614G S:P621S	23	22037	0.001044	23335	23439
T22223A C22295A	S:S221T S:H245N	23	5687	0.004044	22215	22319
G25437T	ORF3a:L15F	23	9339	0.002463	25384	25477
G24124-T	NA	23	4491	0.005121	24021	24167
C25546+T	NA	23	4396	0.005232	25372	25566
C25207T T25224C	S:Y1215Y S:I1221T	23	30324	0.000758	25130	25261
C25207T C25282T	S:Y1215Y S:C1240C	23	30162	0.000763	25182	25307
C23854A C23896G G23948T	S:N764K S:T778T S:D796Y	23	3561	0.006459	23833	23971
C23854A C23887-A G23948T	S:N764K NA S:D796Y	23	3561	0.006459	23767	23971
C23525T T23596+A T23599G C23604G	S:H655Y NA S:N679* S:P681C	23	33194	0.000693	23487	23637
C23373+A	NA	23	23727	0.000969	23339	23381
C23277T	S:T572I	23	14415	0.001596	23273	23279
C21618T C21622T G21624C T21632-TACCCCCTG C21646T C21711T A21764-TACATG	S:T19I S:T20T S:R21T S:DEL25/27 S:Y28Y S:S50L S:DEL69/70	23	6917	0.003325	21597	21802
A25449G	ORF3a:E19E	23	9212	0.002497	25381	25477
A25164G C25207T	S:Q1201R S:Y1215Y	23	29681	0.000775	25149	25325
A25147G C25207T	S:E1195E S:Y1215Y	23	29393	0.000782	25131	25320
A24587G	S:T1009A	23	33788	0.000681	24533	24608
A24424T T24475C	S:Q954H S:G971G	23	25252	0.000911	24412	24564
A24424T T24469A T24513C	S:Q954H S:N969K S:L984P	23	25047	0.000918	24416	24564
A24424T C24435-T	S:Q954H NA	23	25511	0.000902	24412	24453
A24424T A24456G T24469A	S:Q954H S:Q965R S:N969K	23	25279	0.00091	24412	24564
A24423G A24424T T24469A	S:Q954R S:Q954R S:N969K	23	25278	0.00091	24412	24558
A24420G A24424T T24469A	S:N953S S:Q954H S:N969K	23	25270	0.00091	24413	24550
A24123G	S:K854R	23	4516	0.005093	24115	24191
A23712+T C23854A C23887-A	NA S:N764K NA	23	17150	0.001341	23683	23895
A23495G C23525T T23599G C23604G	S:T645A S:H655Y S:N679K S:P681R	23	32837	0.0007	23487	23642
A23403G T23406C C23423T C23525T	S:D614G S:V615A S:P621S S:H655Y	23	14559	0.00158	23335	23532
A23379G A23403G C23423T C23525T	S:N606S S:D614G S:P621S S:H655Y	23	14396	0.001598	23335	23535
A23370G A23403G C23423T C23525T	S:N603S S:D614G S:P621S S:H655Y	23	14320	0.001606	23335	23539
T24660C	S:V1033A	22	37493	0.000587	24631	24679
T24571C	S:S1003S	22	33984	0.000647	24476	24679
T24469A T24487C	S:N969K S:S975S	22	55729	0.000395	24465	24564
T24469A C24536T	S:N969K S:Q992*	22	55060	0.0004	24465	24564
T24469A C24536-AA	S:N969K NA	22	55060	0.0004	24465	24561
T24469A A24602G	S:N969K S:R1014G	22	29450	0.000747	24465	24668
T24469A A24498G C24593T	S:N969K S:D979G S:Q1011*	22	29470	0.000747	24465	24671
T23599G C23604G T23645C	S:N679K S:P681R S:Y695H	22	36965	0.000595	23584	23724
T23488C C23525T T23599G C23604G	Unknown S:H655Y S:N679K S:P681R	22	32644	0.000674	23486	23624
T23391C A23403G C23423T C23525T	S:V610A S:D614G S:P621S S:H655Y	22	14496	0.001518	23335	23532
T21940-G T21983C G21987A T21990-TTA T22032C C22033A A22034G	NA S:L141L S:G142D S:DEL144 S:F157S S:F157S S:R158G	22	14849	0.001482	21917	22058
T21940-G G21987A T21990-TTA C22033A A22034G	NA S:G142D S:DEL144 S:F157L S:R158G	22	14849	0.001482	21847	22058
G25198-C	NA	22	30787	0.000715	25188	25210
G23835-T	NA	22	23251	0.000946	23767	23853
G23593C C23604G	S:Q677H S:P681R	22	71135	0.000309	23580	23635
G21941T G21987A T21990-TTA A22025G T22032C C22033A A22034G	S:V127F S:G142D S:DEL144 S:S155G S:F157S S:F157S S:R158G	22	14850	0.001481	21847	22058
G21941T G21969-T G21987A T21990-TTA T22032C C22033A A22034G	S:V127F NA S:G142D S:DEL144 S:F157S S:F157S S:R158G	22	14850	0.001481	21922	22058
C25207T T25289C	S:Y1215Y S:C1243R	22	30130	0.00073	25174	25325
C25207T T25237C	S:Y1215Y S:I1225I	22	30304	0.000726	25122	25325
C25207T A25255G	S:Y1215Y S:T1231T	22	30262	0.000727	25130	25325
C25207T A25225G	S:Y1215Y S:I1221M	22	30324	0.000725	25135	25325
C23525T T23599G C23604G G23624A	S:H655Y S:N679K S:P681R S:A688T	22	33133	0.000664	23487	23642
C23525T T23599G C23604G C23613T	S:H655Y S:N679K S:P681R S:A684V	22	33180	0.000663	23487	23642
C23525T T23599G C23604G C23606T	S:H655Y S:N679K S:P681R S:R682W	22	33190	0.000663	23487	23626
C23525T T23596C T23599G C23604G	S:H655Y S:T678T S:N679K S:P681R	22	33194	0.000663	23487	23639
C23525T A23570G T23599G C23604G	S:H655Y S:I670V S:N679K S:P681R	22	33194	0.000663	23487	23639
C23099-T	NA	22	8414	0.002615	23093	23118
C22295A C22329T C22353A	S:H245N S:S256L S:A264D	22	756	0.029101	22269	22414
C22109G T22200A	S:Q183E S:V213E	22	5019	0.004383	22101	22213
C21618T C21622T T21632-TACCCCCTG C21711T A21764-TACATG	S:T19I S:T20T S:DEL25/27 S:S50L S:DEL69/70	22	6917	0.003181	21597	21802
C21618T C21622T G21624C T21632-TACCCCCTG C21711T C21742T A21764-TACATG	S:T19I S:T20T S:R21T S:DEL25/27 S:S50L S:S60S S:DEL69/70	22	6917	0.003181	21608	21802
A25377G	S:Y1272C	22	9800	0.002245	25372	25474
A24885-T C24981-T C24990T C25000T	NA NA S:P1143L S:D1146D	22	8353	0.002634	24850	25056
A24677G	S:R1039G	22	37046	0.000594	24612	24679
A24674G	S:K1038E	22	37111	0.000593	24612	24679
A24518G	S:K986E	22	59855	0.000368	24495	24564
A24516G	S:D985G	22	59849	0.000368	24486	24564
A24424T T24469A T24529C	S:Q954H S:N969K S:A989A	22	24916	0.000883	24412	24564
A24424T T24469A A24560G	S:Q954H S:N969K S:R1000G	22	24543	0.000896	24412	24564
A24424T T24469A A24545G	S:Q954H S:N969K S:R995G	22	24793	0.000887	24412	24564
A24424T T24469A A24500G	S:Q954H S:N969K S:I980V	22	25135	0.000875	24412	24564
A24424T T24469A A24484G	S:Q954H S:N969K S:S974S	22	25205	0.000873	24412	24564
A24424T T24450C T24469A	S:Q954H S:V963A S:N969K	22	25279	0.00087	24412	24478
A24424T C24536-AA	S:Q954H NA	22	24863	0.000885	24412	24563
A24424T A24457G T24469A	S:Q954H S:Q965Q S:N969K	22	25279	0.00087	24412	24564
A24424T A24433G T24469A	S:Q954H S:Q957Q S:N969K	22	25279	0.00087	24412	24564
A24110-T C24150+T	NA NA	22	4071	0.005404	24021	24191
A23847G C23854A	S:Q762R S:N764K	22	23184	0.000949	23795	23895
A23704+C	NA	22	58039	0.000379	23692	23724
A23494G C23525T T23599G C23604G	S:Q644Q S:H655Y S:N679K S:P681R	22	32836	0.00067	23487	23641
A23403G C23423T C23525T C23536+G	S:D614G S:P621S S:H655Y NA	22	14199	0.001549	23335	23539
A23403G C23423T A23503T C23525T	S:D614G S:P621S S:A647A S:H655Y	22	14559	0.001511	23339	23532
T25283C	S:C1241R	21	37113	0.000566	25251	25325
T25170C C25207T	S:L1203P S:Y1215Y	21	29774	0.000705	25138	25325
T24664C	S:L1034L	21	37368	0.000562	24612	24679
T24634C	S:L1024L	21	37628	0.000558	24612	24679
T24625C	S:S1021S	21	37608	0.000558	24612	24661
T24549C	S:L996S	21	59576	0.000352	24488	24561
T24492-A C24536-A	NA NA	21	59084	0.000355	24480	24679
T24475C	S:G971G	21	58388	0.00036	24473	24550
T24469A T24660C	S:N969K S:V1033A	21	29240	0.000718	24465	24679
T24469A T24628-A	S:N969K NA	21	29377	0.000715	24465	24679
T24469A T24623C	S:N969K S:S1021P	21	29390	0.000715	24465	24679
T24469A T24581C	S:N969K S:Y1007H	21	29535	0.000711	24465	24679
T24469A T24541C	S:N969K S:I993I	21	54994	0.000382	24465	24564
T24469A G24535A	S:N969K S:V991V	21	55077	0.000381	24465	24564
T24469A C24477T	S:N969K S:A972V	21	55790	0.000376	24465	24564
T24469A A24592G	S:N969K S:Q1010Q	21	29472	0.000713	24465	24648
T24469A A24556G	S:N969K S:T998T	21	54649	0.000384	24465	24564
T23599G C23604G T23689C	S:N679K S:P681R S:N709N	21	36476	0.000576	23580	23699
T23599G C23604G C23638-A	S:N679K S:P681R NA	21	70151	0.000299	23584	23673
T23599G C23604G C23609G	S:N679K S:P681R S:R683G	21	71180	0.000295	23580	23697
T23487G C23525T T23599G C23604G	Unknown S:H655Y S:N679K S:P681R	21	23237	0.000904	23486	23642
T23374C A23403G C23423T C23525T	S:T604T S:D614G S:P621S S:H655Y	21	14355	0.001463	23336	23539
T23344C A23403G C23423T C23525T	S:G594G S:D614G S:P621S S:H655Y	21	14063	0.001493	23335	23539
T23336C A23403G C23423T C23525T	S:F592L S:D614G S:P621S S:H655Y	21	13668	0.001536	23335	23535
G23835-T C23887-A	NA NA	21	22096	0.00095	23767	23895
G23824A C23887-A	S:L754L NA	21	21950	0.000957	23683	23895
C25262-T G25364-T	NA NA	21	4219	0.004977	25251	25372
C25207T T25270C	S:Y1215Y S:C1236C	21	30190	0.000696	25199	25325
C25207T T25257C	S:Y1215Y S:I1232T	21	30255	0.000694	25189	25325
C25207T T25221C	S:Y1215Y S:F1220S	21	30327	0.000692	25173	25325
C25207T C25294-A	S:Y1215Y NA	21	30098	0.000698	25199	25325
C25207T A25271G	S:Y1215Y S:M1237V	21	30190	0.000696	25177	25325
C25207T A25247G	S:Y1215Y S:M1229V	21	30283	0.000693	25178	25325
C24990T C25000T G25015T	S:P1143L S:D1146D S:E1151D	21	8577	0.002448	24850	25069
C24422-A T24469A	NA S:N969K	21	25278	0.000831	24412	24564
C23854A T23860C	S:N764K S:A766A	21	23114	0.000909	23831	23895
C23525T T23599G C23604G T23633C	S:H655Y S:N679K S:P681R S:S691P	21	32700	0.000642	23487	23642
C23525T T23599G C23604G T23626C	S:H655Y S:N679K S:P681R S:A688A	21	32848	0.000639	23487	23642
C23525T T23560C T23599G C23604G	S:H655Y S:I666I S:N679K S:P681R	21	33194	0.000633	23487	23642
A25201G C25207T	S:P1213P S:Y1215Y	21	30836	0.000681	25122	25325
A24922-T C24981-T C24990T C25000T	NA NA S:P1143L S:D1146D	21	8435	0.00249	24850	25065
A24885+T	NA	21	10990	0.001911	24855	24897
A24877G C24990T C25000T	S:T1105T S:P1143L S:D1146D	21	8341	0.002518	24850	25068
A24424T T24514C	S:Q954H S:L984L	21	25041	0.000839	24412	24564
A24424T T24506C	S:Q954H S:S982P	21	25103	0.000837	24412	24564
A24424T T24448C	S:Q954H S:L962L	21	25435	0.000826	24418	24564
A24424T A24453G T24469A	S:Q954H S:K964R S:N969K	21	25279	0.000831	24415	24564
A24424T A24443G T24469A	S:Q954H S:T961A S:N969K	21	25279	0.000831	24415	24564
A24325-T	NA	21	5047	0.004161	24233	24334
A23403G C23423T T23507C C23525T	S:D614G S:P621S S:C649R S:H655Y	21	14559	0.001442	23342	23532
A23403G C23423T T23466C C23525T	S:D614G S:P621S S:V635A S:H655Y	21	14559	0.001442	23335	23539
A23403G C23423T C23525T A23534G	S:D614G S:P621S S:H655Y S:N658D	21	14220	0.001477	23340	23539
A23357G A23403G C23423T C23525T	S:T599A S:D614G S:P621S S:H655Y	21	14260	0.001473	23335	23532
T25189C C25207T	S:Y1209Y S:Y1215Y	20	30400	0.000658	25137	25325
T25140-A	NA	20	29562	0.000677	25132	25199
T24983C C24990T C25000T	S:L1141L S:P1143L S:D1146D	20	8610	0.002323	24915	25033
T24656-G A24676G	NA S:K1038K	20	37037	0.00054	24633	24679
T24583C	S:Y1007Y	20	33814	0.000591	24541	24671
T24544+A	NA	20	59619	0.000335	24470	24569
T24505C	S:L981L	20	59916	0.000334	24497	24564
T24489C	S:V976A	20	59831	0.000334	24482	24564
T24471-TG	NA	20	57362	0.000349	24465	24564
T24469A T24640C	S:N969K S:A1026A	20	29337	0.000682	24465	24672
T24469A T24634C	S:N969K S:L1024L	20	29364	0.000681	24465	24661
T24469A G24635A	S:N969K S:A1025T	20	29360	0.000681	24465	24679
T24469A G24611+A	S:N969K NA	20	29423	0.00068	24465	24679
T24469A G24474A	S:N969K S:G971D	20	55799	0.000358	24465	24564
T24469A A24617G	S:N969K S:R1019G	20	29409	0.00068	24465	24618
T24469A A24612G	S:N969K S:E1017G	20	29418	0.00068	24465	24676
T24469A A24591G	S:N969K S:Q1010R	20	29473	0.000679	24465	24679
T24469A A24580G	S:N969K S:T1006T	20	29642	0.000675	24465	24679
T23689-A	NA	20	58231	0.000343	23683	23707
T23599G C23604G T23605C	S:N679K S:P681R S:P681R	20	71184	0.000281	23580	23724
T23599G C23604G A23720G	S:N679K S:P681R S:I720V	20	35156	0.000569	23580	23724
T23392C A23403G C23423T C23525T	S:V610V S:D614G S:P621S S:H655Y	20	14505	0.001379	23342	23532
T23350C A23403G C23423T C23525T	S:S596S S:D614G S:P621S S:H655Y	20	14170	0.001411	23335	23539
T23346C A23403G C23423T C23525T	S:V595A S:D614G S:P621S S:H655Y	20	14121	0.001416	23335	23539
T21609+CATGCCGCTGTT C21618T C21622T T21632-TACCCCCTG C21711T A21764-TACATG	S:INS17HAAV S:T19F S:T20F S:DEL25/27 S:S50L S:DEL69/70	20	6917	0.002891	21597	21802
T21609+CATGCCGCTGTT C21618T C21622T G21624C T21632-TACCCCCTG T21653C C21711T T21735A A21764-TACATG	S:INS17HAAV S:T19F S:T20F S:R21T S:DEL25/27 S:S31P S:S50L S:F58* S:DEL69/70	20	6917	0.002891	21597	21802
G24690A	S:C1043Y	20	3902	0.005126	24612	24806
G23831A C23854A	S:G757S S:N764K	20	22883	0.000874	23747	23891
G23831A A23853-C	S:G757S NA	20	22894	0.000874	23815	23881
G23735A A23853-C	S:E725K NA	20	18085	0.001106	23683	23881
G21941T G21987A T21990-TTA A22034G	S:V127F S:G142D S:DEL144 S:R158G	20	14850	0.001347	21909	22043
C25207T T25312C	S:Y1215Y S:C1250C	20	29991	0.000667	25122	25325
C25207T T25264C	S:Y1215Y S:L1234L	20	30218	0.000662	25179	25316
C25207T G25323A	S:Y1215Y S:C1254Y	20	29766	0.000672	25139	25325
C25207T G25273A	S:Y1215Y S:M1237I	20	30183	0.000663	25132	25324
C25207T G25269A	S:Y1215Y S:C1236Y	20	30190	0.000662	25166	25325
C23854A C23859T	S:N764K S:A766V	20	23129	0.000865	23772	23873
C23604G T23637-C	S:P681R NA	20	70266	0.000285	23594	23642
C23525T T23599G C23604G G23608A	S:H655Y S:N679K S:P681R S:R682R	20	33188	0.000603	23487	23637
C23525T T23578C T23599G C23604G	S:H655Y S:A672A S:N679K S:P681R	20	33194	0.000603	23487	23624
C21781-A	NA	20	8190	0.002442	21772	21802
C21618T C21622T G21624C C21711T A21764-TACATG	S:T19I S:T20T S:R21T S:S50L S:DEL69/70	20	6917	0.002891	21597	21802
A25562+T	NA	20	4322	0.004627	25372	25566
A25381G	S:T1273T	20	9800	0.002041	25373	25477
A25190G C25207T	S:I1210V S:Y1215Y	20	30425	0.000657	25122	25324
A25154G C25207T	S:I1198V S:Y1215Y	20	29556	0.000677	25130	25314
A25136G C25207T	S:N1192D S:Y1215Y	20	28863	0.000693	25122	25325
A25133G C25207T	S:K1191E S:Y1215Y	20	28635	0.000698	25129	25320
A24675G	S:K1038R	20	37090	0.000539	24650	24679
A24424T T24511C	S:Q954H S:R983R	20	25055	0.000798	24412	24564
A24424T T24469A T24523C	S:Q954H S:N969K S:V987V	20	24964	0.000801	24412	24552
A24424T T24469A G24521+T	S:Q954H S:N969K NA	20	24977	0.000801	24412	24552
A24424T C24503-T	S:Q954H NA	20	25111	0.000796	24412	24519
A24424T C24431T T24469A	S:Q954H S:Q957* S:N969K	20	25279	0.000791	24412	24564
A24424T A24432G T24469A	S:Q954H S:Q957R S:N969K	20	25279	0.000791	24415	24564
A23942-T G23948T	NA S:D796Y	20	4212	0.004748	23941	23963
A23853-C T23860C	NA S:A766A	20	23114	0.000865	23795	23886
A23712-T	NA	20	57693	0.000347	23699	23724
A23403G C23423T T23434C C23525T	S:D614G S:P621S S:I624I S:H655Y	20	14559	0.001374	23339	23529
A23354+T	NA	20	24395	0.00082	23339	23362
T25144C C25207T	S:N1194N S:Y1215Y	19	29296	0.000649	25130	25325
T24487C	S:S975S	19	59682	0.000318	24481	24564
T24469A T24628C	S:N969K S:A1022A	19	29377	0.000647	24465	24679
T24469A T24499C	S:N969K S:D979D	19	55595	0.000342	24465	24564
T24469A G24557A	S:N969K S:G999S	19	54638	0.000348	24465	24679
T24469A C24575T	S:N969K S:Q1005*	19	29672	0.00064	24465	24679
T24469A A24494G	S:N969K S:N978D	19	55668	0.000341	24465	24676
T24469A A24485G	S:N969K S:S975G	19	55734	0.000341	24465	24564
T23842C C23854A	S:C760C S:N764K	19	23041	0.000825	23767	23895
T23823C A23853-C	S:L754S NA	19	22770	0.000834	23702	23893
T23822C C23854A	S:L754L S:N764K	19	22745	0.000835	23683	23873
T23599G C23604G C23635T	S:N679K S:P681R S:S691S	19	70312	0.00027	23580	23642
T23584C T23599G C23604G A23704-C	S:Y674Y S:N679K S:P681R NA	19	35624	0.000533	23580	23717
T23581C T23599G C23604G	Unknown S:N679K S:P681R	19	70724	0.000269	23580	23642
T23510C C23525T T23599G C23604G	S:L650L S:H655Y S:N679K S:P681R	19	33129	0.000574	23487	23642
T23407+G C23423T C23525T	NA S:P621S S:H655S	19	14610	0.0013	23335	23535
T22882G G22895C T22896C G22898A G22927T T22930A T22942G	S:N440K S:V445P S:V445P S:G446S S:L455F S:F456L S:N460K	19	347	0.054755	22877	22967
T22287C C22295A	S:L242P S:H245N	19	7633	0.002489	22277	22319
T21609+CATGCCGCTGTT C21618T C21622T G21624C T21632-TACCCCCTG G21701-T A21764-TACATG	S:INS17HAAV S:T19F S:T20F S:R21T S:DEL25/27 NA S:DEL69/70	19	6917	0.002747	21597	21802
G24816-A	NA	19	2140	0.008879	24751	24851
G23518A C23525T T23599G C23604G	S:G652G S:H655Y S:N679K S:P681R	19	33182	0.000573	23487	23641
G21941T G21987A T21990-TTA T22032C C22033G A22034G	S:V127F S:G142D S:DEL144 S:F157S S:F157S S:R158G	19	14850	0.001279	21867	22058
C25207T T25215C	S:Y1215Y S:L1218P	19	30333	0.000626	25122	25285
C25207T C25214T	S:Y1215Y S:L1218L	19	30335	0.000626	25201	25325
C25207T A25277G	S:Y1215Y S:S1239G	19	30169	0.00063	25198	25325
C23854A A23883G	S:N764K S:Q774R	19	22534	0.000843	23825	23895
C23492+A C23525T T23599G C23604G	NA S:H655S S:N679* S:P681C	19	32705	0.000581	23486	23622
C23271T C23277T A23403G	S:A570V S:T572I S:D614G	19	5555	0.00342	23269	23422
A25448G	ORF3a:E19G	19	9217	0.002061	25381	25477
A25193G C25207T	S:K1211E S:Y1215Y	19	30580	0.000621	25155	25261
A23826G A23853-C	S:Q755R NA	19	22817	0.000833	23821	23891
A23801G	S:T747A	19	23345	0.000814	23765	23837
A23729+T C23854A	NA S:N764K	19	18005	0.001055	23701	23895
A23583G T23599G C23604G	S:Y674C S:N679K S:P681R	19	70932	0.000268	23580	23642
A23403G C23423T A23495+T C23525T	S:D614G S:P621S NA S:H655S	19	14559	0.001305	23342	23532
T25309C	S:S1249S	18	37320	0.000482	25274	25325
T25178C C25207T	S:Y1206H S:Y1215Y	18	30022	0.0006	25122	25325
T24589C	S:T1009T	18	33772	0.000533	24493	24679
T24469A T24637C	S:N969K S:A1025A	18	29351	0.000613	24465	24679
T24469A T24633C	S:N969K S:L1024P	18	29370	0.000613	24465	24679
T24469A T24572C	S:N969K S:L1004L	18	29683	0.000606	24465	24676
T24469A T24472C	S:N969K S:F970F	18	55804	0.000323	24465	24679
T24469A A24669G	S:N969K S:Q1036R	18	29072	0.000619	24465	24672
T24469A A24629G	S:N969K S:N1023D	18	29376	0.000613	24465	24667
T24469A A24613G	S:N969K S:E1017E	18	29418	0.000612	24465	24679
T24469A A24599G	S:N969K S:I1013V	18	29452	0.000611	24465	24679
T24469A A24537G	S:N969K S:Q992R	18	55038	0.000327	24465	24564
T24088C A24110-T	S:G842G NA	18	4032	0.004464	24021	24160
T23689+A	NA	18	58231	0.000309	23683	23698
T23599G C23604G C23707T	S:N679K S:P681R S:P715P	18	35623	0.000505	23580	23724
T23599G C23604G C23701T	S:N679K S:P681R S:A713A	18	36207	0.000497	23580	23724
T23599G C23604G C23634T	S:N679K S:P681R S:S691F	18	70362	0.000256	23580	23642
T23599G C23604G A23717G	S:N679K S:P681R S:T719A	18	35385	0.000509	23580	23724
T23599G C23604G A23688+G	S:N679K S:P681R NA	18	36481	0.000493	23580	23724
T23599G C23604A G23666-A	S:N679K S:P681H NA	18	36740	0.00049	23580	23686
T23490C C23525T T23599G C23604G	S:F643S S:H655Y S:N679K S:P681R	18	32693	0.000551	23486	23642
T23337-TG	NA	18	23781	0.000757	23335	23359
T21940-G G21987A T21990-TTA C22000-A C22009-A T22032C C22033A A22034G	NA S:G142D S:DEL144 NA NA S:F157S S:F157S S:R158G	18	14849	0.001212	21853	22058
T21919C G21941T G21987A T21990-TTA T22032C C22033A A22034G	S:I119I S:V127F S:G142D S:DEL144 S:F157S S:F157S S:R158G	18	14739	0.001221	21847	22058
T21609+CATGCCGCTGTT C21618T C21622T G21624C T21632-TACCCCCTG G21701-T C21711T A21764-TACATG	S:INS17HAAV S:T19F S:T20F S:R21T S:DEL25/27 NA S:S50L S:DEL69/70	18	6917	0.002602	21597	21802
G25340T	S:D1260Y	18	5114	0.00352	25317	25364
G24476A	S:A972T	18	58481	0.000308	24470	24564
G23831A	S:G757S	18	23292	0.000773	23767	23839
G23522-A C23525T	NA S:H655Y	18	49300	0.000365	23513	23531
G23222A A23267-T C23271T	S:E554K NA S:A570V	18	8134	0.002213	23175	23285
G21987A T21990-TTA C22033A A22034G	S:G142D S:DEL144 S:F157L S:R158G	18	15299	0.001177	21847	22043
C25207T T25316C	S:Y1215Y S:S1252P	18	29945	0.000601	25171	25325
C25207T T25280C	S:Y1215Y S:C1240R	18	30166	0.000597	25148	25325
C25207T T25245C	S:Y1215Y S:V1228A	18	30292	0.000594	25192	25325
C25207T G25281A	S:Y1215Y S:C1240Y	18	30163	0.000597	25163	25325
C25207T G25213A	S:Y1215Y S:W1217*	18	30336	0.000593	25147	25325
C25207T C25267T	S:Y1215Y S:C1235C	18	30194	0.000596	25145	25325
C25207T A25235G	S:Y1215Y S:I1225V	18	30304	0.000594	25197	25325
C25207T A25216G	S:Y1215Y S:L1218L	18	30331	0.000593	25122	25258
C25199T C25207T	S:P1213S S:Y1215Y	18	30712	0.000586	25122	25325
C24483+A	NA	18	59475	0.000303	24475	24513
C23854A C23896T G23948T	S:N764K S:T778T S:D796Y	18	3561	0.005055	23795	23962
C23758+A	NA	18	19568	0.00092	23685	23770
C23709-A	NA	18	57804	0.000311	23691	23722
C23525T T23599G C23604G T23605C	S:H655Y S:N679K S:P681R S:P681R	18	33190	0.000542	23487	23624
C23525T T23599G C23604G C23609-G	S:H655Y S:N679K S:P681R NA	18	33187	0.000542	23487	23641
C23525T T23599G C23604G A23627G	S:H655Y S:N679K S:P681R S:S689G	18	32830	0.000548	23487	23641
C23525T G23567A T23599G C23604G	S:H655Y S:G669S S:N679K S:P681R	18	33194	0.000542	23487	23642
C23525T G23564A T23599G C23604G	S:H655Y S:A668T S:N679K S:P681R	18	33194	0.000542	23487	23637
C23525T A23583G T23599G C23604G	S:H655Y S:Y674C S:N679K S:P681R	18	33194	0.000542	23487	23642
C23525T A23558-T T23599G C23604A	S:H655Y NA S:N679K S:P681H	18	33194	0.000542	23487	23635
C23271T C23367-A A23403G C23423T	S:A570V NA S:D614G S:P621S	18	5475	0.003288	23269	23443
C22480T G22577C G22578A	S:F306F S:G339H S:G339H	18	97	0.185567	22461	22581
A25408G	ORF3a:R6G	18	9877	0.001822	25381	25432
A25295G	S:K1245E	18	37172	0.000484	25286	25325
A25188G C25207T	S:Y1209C S:Y1215Y	18	30366	0.000593	25128	25325
A25165G C25207T	S:Q1201Q S:Y1215Y	18	29695	0.000606	25130	25316
A24669G	S:Q1036R	18	37272	0.000483	24612	24671
A24594G	S:Q1011R	18	33753	0.000533	24530	24671
A24525G	S:E988G	18	59792	0.000301	24486	24564
A24424T T24534C	S:Q954H S:V991A	18	24887	0.000723	24412	24564
A24424T T24504C	S:Q954H S:L981P	18	25108	0.000717	24412	24564
A24424T T24469A G24527A	S:Q954H S:N969K S:A989T	18	24933	0.000722	24412	24564
A24424T T24469A A24478G	S:Q954H S:N969K S:A972A	18	25229	0.000713	24412	24564
A24424T T24460C T24469A	S:Q954H S:L966L S:N969K	18	25279	0.000712	24412	24518
A24424T C24431+A	S:Q954H NA	18	25533	0.000705	24412	24454
A24424T A24441G T24469A	S:Q954H S:N960S S:N969K	18	25279	0.000712	24412	24564
A24253-T C24378T A24424T	NA S:S939F S:Q954H	18	1938	0.009288	24236	24424
A23848+T G23948T	NA S:D796*	18	3542	0.005082	23767	23969
A23826G C23854A	S:Q755R S:N764K	18	22806	0.000789	23767	23895
A23800G A23853-C	S:S746S NA	18	22486	0.0008	23732	23895
A23627-G	NA	18	71772	0.000251	23618	23642
A23403G C23423T T23479C C23525T	S:D614G S:P621S S:G639G S:H655Y	18	14559	0.001236	23345	23532
A23403G C23423T T23443C C23525T	S:D614G S:P621S S:D627D S:H655Y	18	14559	0.001236	23335	23537
A23403G C23423T G23429A	S:D614G S:P621S S:A623T	18	22869	0.000787	23351	23435
A23403G A23414G C23423T C23525T	S:D614G S:T618A S:P621S S:H655Y	18	14559	0.001236	23335	23539
A23157G G23222A C23271T	S:N532S S:E554K S:A570V	18	7936	0.002268	23089	23274
A21764-TACATG C21781-A	S:DEL69/70 NA	18	8037	0.00224	21744	21802
T25272C	S:M1237T	17	37018	0.000459	25251	25293
T25138C C25207T	S:N1192N S:Y1215Y	17	28952	0.000587	25122	25325
T24637C	S:A1025A	17	37617	0.000452	24612	24676
T24552C	S:I997T	17	59517	0.000286	24504	24564
T24548C	S:L996L	17	59583	0.000285	24488	24564
T24511C	S:R983R	17	59876	0.000284	24493	24564
T24469A T24631C	S:N969K S:N1023N	17	29376	0.000579	24465	24679
T24469A T24615C	S:N969K S:I1018T	17	29415	0.000578	24465	24622
T24469A T24472-G T24492-A	S:N969K NA NA	17	55710	0.000305	24465	24564
T24469A G24546A	S:N969K S:R995K	17	54914	0.00031	24465	24564
T24469A A24674G	S:N969K S:K1038E	17	28932	0.000588	24465	24679
T24469A A24645G	S:N969K S:K1028R	17	29320	0.00058	24465	24679
T24469A A24610C	S:N969K S:A1016A	17	29430	0.000578	24465	24667
T24469A A24479G	S:N969K S:I973V	17	55771	0.000305	24465	24564
T23599G C23604G G23675-T	S:N679K S:P681R NA	17	36663	0.000464	23580	23693
T23599G C23604G G23660A	S:N679K S:P681R S:G700S	17	36797	0.000462	23580	23700
T23599G C23604G A23667G	S:N679K S:P681R S:E702G	17	36734	0.000463	23580	23717
T23337-TG C23423T	NA S:P621S	17	22037	0.000771	23335	23429
T21883C G21941T G21987A T21990-TTA T22032C C22033A A22034G	S:G107G S:V127F S:G142D S:DEL144 S:F157S S:F157S S:R158G	17	14483	0.001174	21847	22058
T21609+CATGCCGCTGTT C21618T C21622T G21624C C21711T A21764-TACATG	S:INS17HAAV S:T19F S:T20F S:R21T S:S50L S:DEL69/70	17	6917	0.002458	21597	21802
G25278-T	NA	17	37091	0.000458	25273	25288
G24535A	S:V991V	17	59673	0.000285	24513	24564
G23528A T23599G C23604G	S:V656I S:N679K S:P681R	17	33256	0.000511	23487	23642
G23384-T A23403G C23423T C23525T	NA S:D614G S:P621S S:H655Y	17	14440	0.001177	23342	23529
G23161T G23222A C23271T	S:L533F S:E554K S:A570V	17	7952	0.002138	23089	23290
G22813T T22882G	S:K417N S:N440K	17	354	0.048023	22793	22886
G21941T G21987A T21990-TTA C22000-A C22009-A T22032C C22033A A22034G	S:V127F S:G142D S:DEL144 NA NA S:F157S S:F157S S:R158G	17	14850	0.001145	21850	22058
G21941T G21987A T21990-TTA A22024G T22032C C22033A A22034G	S:V127F S:G142D S:DEL144 S:E154E S:F157S S:F157S S:R158G	17	14850	0.001145	21890	22046
C25452-A	NA	17	9185	0.001851	25378	25477
C25433+T	NA	17	9395	0.001809	25372	25455
C25262-T T25371+A	NA NA	17	4110	0.004136	25251	25381
C25207T T25285C	S:Y1215Y S:C1241C	17	30148	0.000564	25201	25325
C25207T T25279C	S:Y1215Y S:S1239S	17	30167	0.000564	25199	25325
C25207T T25242C	S:Y1215Y S:I1227T	17	30297	0.000561	25140	25325
C25207T G25218T	S:Y1215Y S:G1219V	17	30329	0.000561	25190	25325
C25207T C25262-TT G25278-T	S:Y1215Y NA NA	17	30168	0.000564	25130	25316
C24503+T	NA	17	59902	0.000284	24495	24528
C23604G T23641-G	S:P681R NA	17	69705	0.000244	23580	23667
C23525T T23599G C23604G C23638-A	S:H655Y S:N679K S:P681R NA	17	32537	0.000522	23516	23642
C23525T T23599G C23604G C23634T	S:H655Y S:N679K S:P681R S:S691F	17	32693	0.00052	23486	23642
C23525T T23599G C23604G C23630T	S:H655Y S:N679K S:P681R S:Q690*	17	32795	0.000518	23487	23642
C23525T T23599G C23601T C23604G	S:H655Y S:N679K S:S680F S:P681R	17	33194	0.000512	23487	23642
C23525T G23568A T23599G C23604G	S:H655Y S:G669D S:N679K S:P681R	17	33194	0.000512	23487	23642
C23525T G23543A T23599G C23604G	S:H655Y S:E661K S:N679K S:P681R	17	33194	0.000512	23508	23641
C23525T C23575T T23599G C23604G	S:H655Y S:C671C S:N679K S:P681R	17	33194	0.000512	23516	23638
C23525T C23556T T23599G C23604G	S:H655Y S:P665L S:N679K S:P681R	17	33194	0.000512	23487	23642
C23525T C23533-A T23599G C23604G	S:H655Y NA S:N679K S:P681R	17	33194	0.000512	23489	23640
C23525T C23530T T23599G C23604G	S:H655Y S:V656V S:N679K S:P681R	17	33194	0.000512	23508	23637
C23399+T C23525T	NA S:H655S	17	14548	0.001169	23339	23539
C23271T G23285T G23311T A23403G C23423T	S:A570V S:A575S S:E583D S:D614G S:P621S	17	5475	0.003105	23269	23429
C23099-T G23222A C23271T	NA S:E554K S:A570V	17	7777	0.002186	23089	23290
A25472-T	NA	17	9015	0.001886	25374	25477
A25420+T	NA	17	9701	0.001752	25381	25437
A25410G	ORF3a:R6R	17	9854	0.001725	25384	25462
A25142G C25207T	S:N1194D S:Y1215Y	17	29237	0.000581	25130	25325
A24885-T C24990T C25000T	NA S:P1143L S:D1146D	17	8353	0.002035	24856	25065
A24670G	S:Q1036Q	17	37257	0.000456	24620	24679
A24654G	S:E1031G	17	37557	0.000453	24612	24679
A24617G	S:R1019G	17	37591	0.000452	24612	24679
A24610C	S:A1016A	17	33733	0.000504	24546	24679
A24576G	S:Q1005R	17	33969	0.0005	24492	24665
A24545G	S:R995G	17	59612	0.000285	24523	24564
A24537G	S:Q992R	17	59646	0.000285	24529	24564
A24531G	S:E990G	17	59747	0.000285	24513	24564
A24520G	S:K986K	17	59839	0.000284	24495	24564
A24424T T24469A T24471C	S:Q954H S:N969K S:F970S	17	25258	0.000673	24412	24525
A24424T T24469A G24535A	S:Q954H S:N969K S:V991V	17	24872	0.000683	24414	24564
A24424T T24469A A24532G	S:Q954H S:N969K S:E990E	17	24907	0.000683	24413	24564
A24424T T24469A A24479G	S:Q954H S:N969K S:I973V	17	25226	0.000674	24412	24564
A24424T G24428A T24469A	S:Q954H S:A956T S:N969K	17	25279	0.000672	24412	24564
A24424T A24439G T24469A	S:Q954H S:L959L S:N969K	17	25279	0.000672	24412	24564
A24424T A24425G	S:Q954H S:N955D	17	28372	0.000599	24412	24542
A24324-AT C24378T	NA S:S939F	17	2891	0.00588	24239	24397
A23853-C A23883G	NA S:Q774R	17	22534	0.000754	23683	23895
A23848+T	NA	17	23279	0.00073	23767	23861
A23786-T C23854A	NA S:N764K	17	22253	0.000764	23687	23895
A23729+T A23853-C	NA NA	17	18015	0.000944	23702	23895
A23403G G23486-T C23525T	S:D614G NA S:H655Y	17	14559	0.001168	23335	23539
A23403G C23423T T23511-A C23525T	S:D614G S:P621S NA S:H655Y	17	14559	0.001168	23386	23539
A23403G C23423T T23487C C23525T	S:D614G S:P621S S:V642A S:H655Y	17	14559	0.001168	23351	23539
A23403G C23423T T23482-A C23525T	S:D614G S:P621S NA S:H655Y	17	14559	0.001168	23335	23539
A23403G C23423T C23525T A23531G	S:D614G S:P621S S:H655Y S:N657D	17	14489	0.001173	23349	23539
A23403G C23423T A23474+T C23525T	S:D614G S:P621S NA S:H655S	17	14559	0.001168	23335	23539
A23359G A23403G C23423T C23525T	S:T599T S:D614G S:P621S S:H655Y	17	14266	0.001192	23335	23539
A21932G G21941T G21987A T21990-TTA T22032C C22033A A22034G	S:T124A S:V127F S:G142D S:DEL144 S:F157S S:F157S S:R158G	17	14799	0.001149	21867	22058
T25468C	ORF3a:S26P	16	9044	0.001769	25381	25477
T25191-A C25262-T	NA NA	16	29787	0.000537	25122	25325
T24643-A C24672-A	NA NA	16	37160	0.000431	24612	24679
T24523C	S:V987V	16	59802	0.000268	24488	24564
T24469A T24491C	S:N969K S:L977L	16	55714	0.000287	24465	24564
T24469A T24481C	S:N969K S:I973I	16	55763	0.000287	24465	24564
T24469A C24636T	S:N969K S:A1025V	16	29356	0.000545	24465	24679
T24469A C24621T	S:N969K S:A1020V	16	29399	0.000544	24465	24679
T24469A C24503+T	S:N969K NA	16	55525	0.000288	24465	24564
T24469A A24675G	S:N969K S:K1038R	16	28919	0.000553	24465	24679
T24469A A24520G	S:N969K S:K986K	16	55317	0.000289	24465	24564
T24451+A	NA	16	25674	0.000623	24412	24464
T24414C A24424T	S:V951A S:Q954H	16	28286	0.000566	24412	24424
T23599G T23602-C T23605G	S:N679K NA S:P681P	16	71184	0.000225	23580	23642
T23599G C23604G T23719C	S:N679K S:P681R S:T719T	16	35181	0.000455	23580	23724
T23599G C23604G G23611A	S:N679K S:P681R S:R683R	16	71164	0.000225	23580	23642
T23599G C23604G C23705T	S:N679K S:P681R S:P715S	16	35800	0.000447	23580	23724
T23599G C23604G A23712G	S:N679K S:P681R S:N717S	16	35441	0.000451	23580	23724
T23599G C23604G A23669G	S:N679K S:P681R S:N703D	16	36725	0.000436	23580	23717
T23164-A	NA	16	8366	0.001913	23089	23178
T21940-G T21990-TTA T22032C C22033A A22034G	NA S:DEL144 S:F157S S:F157S S:R158G	16	14849	0.001078	21867	22058
T21609+CATGCCGCTGTT C21622T G21624C T21632-TACCCCCTG C21711T A21764-TACATG	S:INS17HAAV S:T20F S:R21T S:DEL25/27 S:S50L S:DEL69/70	16	6917	0.002313	21597	21802
T21609+CATGCCGCTGTT C21618T C21622T G21624C T21632-TACCCCCTG G21686-T A21764-TACATG	S:INS17HAAV S:T19F S:T20F S:R21T S:DEL25/27 NA S:DEL69/70	16	6917	0.002313	21597	21802
G21941T T21968-G G21987A T21990-TTA T22032C C22033A A22034G	S:V127F NA S:G142D S:DEL144 S:F157S S:F157S S:R158G	16	14850	0.001077	21880	22043
G21941T G21987A T21990-TTA C22009-A T22032C C22033A A22034G	S:V127F S:G142D S:DEL144 NA S:F157S S:F157S S:R158G	16	14850	0.001077	21848	22058
G21941T G21987A T21990-TTA C22000+A T22032C C22033A A22034G	S:V127F S:G142D S:DEL144 NA S:F157A S:F157A S:R158E	16	14850	0.001077	21847	22058
G21941T G21987A	S:V127F S:G142D	16	15332	0.001044	21924	21990
C25000T C25100-A	S:D1146D NA	16	554	0.028881	24990	25181
C24536T	S:Q992*	16	59658	0.000268	24521	24564
C24517+A	NA	16	59850	0.000267	24491	24545
C24466+A C24672-A	NA NA	16	28806	0.000555	24465	24679
C24320-A C24378T	NA S:S939F	16	2874	0.005567	24234	24394
C23854A A23880G	S:N764K S:E773G	16	22662	0.000706	23819	23895
C23816-T C23887-A	NA NA	16	21828	0.000733	23776	23895
C23709+T	NA	16	57804	0.000277	23699	23719
C23520T C23525T T23599G C23604G	S:A653V S:H655Y S:N679K S:P681R	16	33186	0.000482	23487	23642
C22295A C22353A G22403-A	S:H245N S:A264D NA	16	707	0.022631	22246	22446
C22000A	S:H146Q	16	15889	0.001007	21996	22058
C21888-T G21941T G21987A T21990-TTA T22032C C22033A A22034G	NA S:V127F S:G142D S:DEL144 S:F157S S:F157S S:R158G	16	14529	0.001101	21848	22058
A25274G	S:T1238A	16	37048	0.000432	25253	25325
A25192G C25207T	S:I1210M S:Y1215Y	16	30532	0.000524	25168	25324
A24562G	S:R1000R	16	59284	0.00027	24473	24564
A24424T T24505C	S:Q954H S:L981L	16	25105	0.000637	24416	24512
A24424T T24469A T24472C	S:Q954H S:N969K S:F970F	16	25258	0.000633	24412	24564
A24424T T24469A G24474A	S:Q954H S:N969K S:G971D	16	25253	0.000634	24412	24564
A24424T T24469A C24536-A A24538G	S:Q954H S:N969K NA S:Q992Q	16	24846	0.000644	24412	24554
A23848G C23854A	S:Q762Q S:N764K	16	23188	0.00069	23699	23881
A23786-T	NA	16	23310	0.000686	23689	23799
A23712+T C23854A	NA S:N764K	16	17892	0.000894	23683	23890
A23515+G C23525T	NA S:H655S	16	49222	0.000325	23487	23538
A23403G C23423T T23470C C23525T	S:D614G S:P621S S:Y636Y S:H655Y	16	14559	0.001099	23335	23539
A23403G C23423T T23467C C23525T	S:D614G S:P621S S:V635V S:H655Y	16	14559	0.001099	23342	23539
A23403G C23423T T23427C C23525T	S:D614G S:P621S S:V622A S:H655Y	16	14559	0.001099	23339	23539
A23403G C23423T A23440G C23525T	S:D614G S:P621S S:A626A S:H655Y	16	14559	0.001099	23335	23535
A22193-ATT T22200G C22208T A22245-T C22295A	S:DEL212 S:V213G S:L216F NA S:H245N	16	5053	0.003166	22100	22317
A21927G G21941T G21987A T21990-TTA T22032C C22033A A22034G	S:N122S S:V127F S:G142D S:DEL144 S:F157S S:F157S S:R158G	16	14770	0.001083	21913	22058
A21875-T G21987A T21990-TTA A21999-C	NA S:G142D S:DEL144 NA	16	14634	0.001093	21847	22017
T25430C	ORF3a:V13A	15	9453	0.001587	25381	25477
T25251C	S:V1230A	15	31672	0.000474	25239	25325
T25191-A C25207T C25308T	NA S:Y1215Y S:S1249F	15	29592	0.000507	25130	25325
T25161C C25207T C25262-T	S:L1200P S:Y1215Y NA	15	28942	0.000518	25130	25320
T25148+A C25207T	NA S:Y1215V	15	29412	0.00051	25141	25325
T25140+A C25207T	NA S:Y1215V	15	29037	0.000517	25130	25263
T25123+A C25207T	NA S:Y1215V	15	26976	0.000556	25122	25325
T24640C	S:A1026A	15	37604	0.000399	24634	24679
T24607C	S:A1015A	15	33735	0.000445	24562	24679
T24565C	S:L1001L	15	59136	0.000254	24469	24679
T24469A T24671C	S:N969K S:S1037P	15	29040	0.000517	24465	24679
T24469A T24492-A A24500G	S:N969K NA S:I980V	15	55583	0.00027	24465	24679
T24469A G24605A	S:N969K S:A1015T	15	29441	0.000509	24465	24679
T24469A C24606T	S:N969K S:A1015V	15	29439	0.00051	24465	24676
T24469A C24555T	S:N969K S:T998I	15	54720	0.000274	24465	24564
T24469A C24536-A A24538G	S:N969K NA S:Q992Q	15	55028	0.000273	24465	24564
T24469A C24517-A	S:N969K NA	15	55348	0.000271	24465	24538
T23739C C23854A	S:I726T S:N764K	15	18112	0.000828	23683	23884
T23599G C23604G T23713C	S:N679K S:P681R S:N717N	15	35420	0.000423	23580	23724
T23599G C23604G T23680A	S:N679K S:P681R S:A706A	15	36585	0.00041	23580	23724
T23599G C23604G G23661A	S:N679K S:P681R S:G700D	15	36789	0.000408	23580	23724
T23599G C23604G C23718T	S:N679K S:P681R S:T719I	15	35364	0.000424	23583	23724
T23511C C23525T T23599G C23604G	S:L650S S:H655Y S:N679K S:P681R	15	33133	0.000453	23487	23641
T23143-A T23164-A G23222A C23230-A C23271T	NA NA S:E554K NA S:A570V	15	7882	0.001903	23089	23290
T23143-A G23222A C23230-A C23271T	NA S:E554K NA S:A570V	15	7882	0.001903	23089	23290
T22200G C22208T	S:V213G S:L216F	15	5403	0.002776	22177	22217
T22200A	S:V213E	15	5404	0.002776	22184	22313
T21990-TTA	S:DEL144	15	15764	0.000952	21975	22026
T21940-G G21987A T22032C C22033A A22034G	NA S:G142D S:F157S S:F157S S:R158G	15	14849	0.00101	21886	22058
T21940-G	NA	15	15606	0.000961	21847	21948
T21609+CATGCCGCTGTT C21618T C21622T G21624C T21632-TACCCCCTG C21646T A21764-TACATG	S:INS17HAAV S:T19F S:T20F S:R21T S:DEL25/27 S:Y28F S:DEL69/70	15	6917	0.002169	21597	21802
G25555+T	NA	15	4343	0.003454	25372	25566
G25340-A	NA	15	5114	0.002933	25321	25358
G25130A C25207T	S:A1190T S:Y1215Y	15	27721	0.000541	25122	25325
G24635A	S:A1025T	15	37631	0.000399	24626	24679
G24521+T	NA	15	59804	0.000251	24470	24564
G24488-T T24514C	NA S:L984L	15	59255	0.000253	24486	24534
G24488-T C24517-A	NA NA	15	59209	0.000253	24486	24530
G24486+T	NA	15	59521	0.000252	24479	24514
G23831A C23887-A	S:G757S NA	15	22061	0.00068	23705	23895
G23517A C23525T T23599G C23604G	S:G652E S:H655Y S:N679K S:P681R	15	33176	0.000452	23487	23642
G23504A C23525T T23599G C23604G	S:G648S S:H655Y S:N679K S:P681R	15	33026	0.000454	23487	23633
G21941T T21990-TTA	S:V127F S:DEL144	15	15311	0.00098	21936	22020
G21941T T21984C G21987A T21990-TTA T22032C C22033A A22034G	S:V127F S:L141S S:G142D S:DEL144 S:F157S S:F157S S:R158G	15	14850	0.00101	21847	22058
G21941T T21959C G21987A T21990-TTA T22032C C22033A A22034G	S:V127F S:F133L S:G142D S:DEL144 S:F157S S:F157S S:R158G	15	14850	0.00101	21867	22058
G21941T G21987A T21990-TTA T22032C	S:V127F S:G142D S:DEL144 S:F157S	15	14897	0.001007	21847	22058
G21941T A21979-T G21987A T21990-TTA C22000-A T22032C C22033A A22034G	S:V127F NA S:G142D S:DEL144 NA S:F157S S:F157S S:R158G	15	14850	0.00101	21850	22043
C25498T	ORF3a:P36S	15	4745	0.003161	25372	25543
C25207T T25288C	S:Y1215Y S:S1242S	15	30140	0.000498	25123	25323
C25207T G25261A	S:Y1215Y S:M1233I	15	30233	0.000496	25122	25320
C25207T G25226A	S:Y1215Y S:A1222T	15	30319	0.000495	25138	25325
C25207T C25227T	S:Y1215Y S:A1222V	15	30317	0.000495	25122	25325
C25207T A25246G	S:Y1215Y S:V1228V	15	30287	0.000495	25122	25325
C25207T A25243G	S:Y1215Y S:I1227M	15	30295	0.000495	25122	25325
C25207T A25216-G	S:Y1215Y NA	15	30331	0.000495	25201	25316
C25000T G25091+A	S:D1146D NA	15	558	0.026882	24990	25198
C24421T A24424T T24469A	S:N953N S:Q954H S:N969K	15	25274	0.000593	24412	24564
C24034T	S:N824N	15	4110	0.00365	24021	24106
C23709+A C23887-A	NA NA	15	17131	0.000876	23683	23895
C23604G A23712+T	S:P681R NA	15	35504	0.000422	23580	23724
C23589T T23599G C23604G	S:T676I S:N679K S:P681R	15	71076	0.000211	23580	23642
C23525T T23599G C23604G T23641C	S:H655Y S:N679K S:P681R S:I693I	15	32050	0.000468	23487	23642
C23525T T23599G C23604G G23619A	S:H655Y S:N679K S:P681R S:S686N	15	33164	0.000452	23487	23642
C23525T T23599G C23604G G23611A	S:H655Y S:N679K S:P681R S:R683R	15	33184	0.000452	23487	23642
C23525T T23599G C23604G A23639G	S:H655Y S:N679K S:P681R S:I693V	15	32183	0.000466	23487	23642
C23525T T23599A C23604G	S:H655Y S:N679K S:P681R	15	33194	0.000452	23508	23642
C23525T G23574A T23599G C23604G	S:H655Y S:C671Y S:N679K S:P681R	15	33194	0.000452	23487	23642
C23525T C23577T T23599G C23604G	S:H655Y S:A672V S:N679K S:P681R	15	33194	0.000452	23487	23642
C23525T C23557-A T23599G C23604G	S:H655Y NA S:N679K S:P681R	15	33194	0.000452	23487	23642
C23492-A C23525T T23599G C23604G	NA S:H655Y S:N679K S:P681R	15	32705	0.000459	23488	23640
C23334-T A23403G	NA S:D614G	15	6233	0.002407	23271	23443
C23271T G23285T A23403G C23423T	S:A570V S:A575S S:D614G S:P621S	15	5475	0.00274	23269	23443
C22120-A A22193-ATT T22200G C22208T G22218-T C22295A	NA S:DEL212 S:V213G S:L216F NA S:H245N	15	4794	0.003129	22100	22319
C21618T T21632-TACCCCCTG	S:T19I S:DEL25/27	15	7453	0.002013	21597	21664
A25338G	S:D1259G	15	5143	0.002917	25325	25477
A25194G C25207T	S:K1211R S:Y1215Y	15	30591	0.00049	25158	25299
A24922+T C24981-T C24990T C25000T	NA NA S:P1143I S:D1146S	15	8435	0.001778	24850	25038
A24679G	S:R1039R	15	36793	0.000408	24612	24679
A24614G	S:I1018V	15	37593	0.000399	24612	24679
A24591G	S:Q1010R	15	33768	0.000444	24489	24678
A24556G	S:T998T	15	59371	0.000253	24494	24564
A24424T T24469A T24522C	S:Q954H S:N969K S:V987A	15	24967	0.000601	24412	24564
A24424T T24469A T24475C	S:Q954H S:N969K S:G971G	15	25252	0.000594	24412	24487
A24424T T24469A A24495G	S:Q954H S:N969K S:N978S	15	25161	0.000596	24412	24564
A24424T C24517+A	S:Q954H NA	15	25021	0.000599	24412	24561
A24424T C24463T T24469A	S:Q954H S:S967S S:N969K	15	25279	0.000593	24412	24564
A24424T C24429T T24469A	S:Q954H S:A956V S:N969K	15	25279	0.000593	24412	24564
A24424T A24537G	S:Q954H S:Q992R	15	24850	0.000604	24412	24538
A24424T A24440G T24469A	S:Q954H S:N960D S:N969K	15	25279	0.000593	24412	24564
A24110-T G24140-T	NA NA	15	4099	0.003659	24021	24156
A23853-C A23870G	NA S:I770V	15	22943	0.000654	23808	23880
A23696-T	NA	15	58324	0.000257	23683	23718
A23586T T23599G C23604G	S:Q675L S:N679K S:P681R	15	70997	0.000211	23580	23645
A23403G C23423T A23497G C23525T	S:D614G S:P621S S:T645T S:H655Y	15	14559	0.00103	23335	23532
A23403G C23423T A23445G C23525T	S:D614G S:P621S S:Q628R S:H655Y	15	14559	0.00103	23342	23539
A23362G A23403G C23423T C23525T	S:P600P S:D614G S:P621S S:H655Y	15	14274	0.001051	23342	23539
A21979-T G21987A T21990-TTA A21999-C	NA S:G142D S:DEL144 NA	15	15526	0.000966	21847	22019
A21917-T G21941T G21987A T21990-TTA T22032C C22033A A22034G	NA S:V127F S:G142D S:DEL144 S:F157S S:F157S S:R158G	15	14727	0.001019	21870	22058
T25402C	ORF3a:F4L	14	9966	0.001405	25381	25477
T25293C	S:L1244P	14	37184	0.000377	25275	25323
T25148C C25207T	S:S1196P S:Y1215Y	14	29412	0.000476	25122	25325
T25139C C25207T	S:L1193L S:Y1215Y	14	29011	0.000483	25130	25325
T24663C	S:L1034P	14	37377	0.000375	24612	24676
T24633C	S:L1024P	14	37636	0.000372	24612	24679
T24631C	S:N1023N	14	37642	0.000372	24612	24662
T24628C	S:A1022A	14	37628	0.000372	24612	24679
T24513C	S:L984P	14	59866	0.000234	24486	24564
T24506C	S:S982P	14	59916	0.000234	24475	24564
T24499C	S:D979D	14	59941	0.000234	24488	24564
T24469G	S:N969K	14	55830	0.000251	24465	24530
T24469A T24648C	S:N969K S:M1029T	14	29315	0.000478	24465	24679
T24469A T24643C	S:N969K S:T1027T	14	29328	0.000477	24465	24679
T24469A T24492-A A24498G	S:N969K NA S:D979G	14	55599	0.000252	24465	24679
T24469A T24475C	S:N969K S:G971G	14	55798	0.000251	24465	24564
T24469A G24608A	S:N969K S:A1016T	14	29434	0.000476	24465	24679
T24469A A24661G	S:N969K S:V1033V	14	29234	0.000479	24465	24679
T24469A A24641G	S:N969K S:T1027A	14	29336	0.000477	24465	24679
T24469A A24630G	S:N969K S:N1023S	14	29376	0.000477	24465	24679
T24187C	S:S875S	14	5948	0.002354	24148	24191
T24185C	S:S875P	14	5985	0.002339	24110	24190
T23599G C23655T	S:N679K S:S698L	14	36851	0.00038	23580	23724
T23599G C23604G T23715C	S:N679K S:P681R S:F718S	14	35411	0.000395	23580	23724
T23599G C23604G G23608A	S:N679K S:P681R S:R682R	14	71182	0.000197	23580	23626
T23599G C23604G C23709T	S:N679K S:P681R S:T716I	14	35548	0.000394	23580	23724
T23599G C23604G C23706T	S:N679K S:P681R S:P715L	14	35788	0.000391	23580	23724
T23599G C23604G C23673+A	S:N679K S:P681R NA	14	36686	0.000382	23580	23724
T23599G C23604G A23723G	S:N679K S:P681R Unknown	14	35132	0.000398	23580	23724
T23599G C23604A A23712+T	S:N679K S:P681H NA	14	35441	0.000395	23580	23724
T23514C C23525T T23599G C23604G	S:I651T S:H655Y S:N679K S:P681R	14	33144	0.000422	23487	23637
T23394C A23403G C23423T C23525T	S:L611P S:D614G S:P621S S:H655Y	14	14518	0.000964	23336	23532
T23352C A23403G C23423T C23525T	S:V597A S:D614G S:P621S S:H655Y	14	14238	0.000983	23335	23529
T23143+A G23222A C23271T	NA S:E554R S:A570F	14	7882	0.001776	23099	23290
T21609+CATGCCGCTGTT C21618T C21622T G21624C A21764-TACATG	S:INS17HAAV S:T19F S:T20F S:R21T S:DEL69/70	14	6917	0.002024	21597	21802
G24649-T	NA	14	37585	0.000372	24613	24667
G24546A	S:R995K	14	59600	0.000235	24499	24564
G24415A A24424T T24469A	S:V951V S:Q954H S:N969K	14	25132	0.000557	24412	24564
G23699+A	NA	14	58335	0.00024	23682	23724
G23593C	S:Q677H	14	71262	0.000196	23580	23598
G23508A C23525T T23599G C23604G	S:C649Y S:H655Y S:N679K S:P681R	14	33100	0.000423	23487	23642
G21941T T21981C G21987A T21990-TTA T22032C C22033A A22034G	S:V127F S:F140S S:G142D S:DEL144 S:F157S S:F157S S:R158G	14	14850	0.000943	21847	22054
G21941T A21975G G21987A T21990-TTA T22032C C22033A A22034G	S:V127F S:D138G S:G142D S:DEL144 S:F157S S:F157S S:R158G	14	14850	0.000943	21847	22043
C25207T T25248C	S:Y1215Y S:M1229T	14	30279	0.000462	25191	25325
C25207T G25302-T	S:Y1215Y NA	14	30061	0.000466	25179	25325
C25207T C25276T C25308T	S:Y1215Y S:T1238T S:S1249F	14	30036	0.000466	25192	25325
C25151+A C25207T	NA S:Y1215V	14	29491	0.000475	25143	25325
C24981-T C24990T C25000T A25026-T	NA S:P1143L S:D1146D NA	14	8545	0.001638	24850	25043
C24878-A	NA	14	11014	0.001271	24850	24889
C24431+A	NA	14	25713	0.000544	24414	24441
C24054A A24110-T	S:A831D NA	14	3699	0.003785	24030	24121
C23673+A	NA	14	38734	0.000361	23662	23699
C23525T T23599G C23604G C23635T	S:H655Y S:N679K S:P681R S:S691S	14	32653	0.000429	23487	23637
C23525T T23599G C23604G A23623T	S:H655Y S:N679K S:P681R S:V687V	14	33144	0.000422	23487	23642
C23525T C23595T T23599G C23604G	S:H655Y S:T678I S:N679K S:P681R	14	33194	0.000422	23487	23641
C23525T C23585+G T23599G C23604G	S:H655Y NA S:N679* S:P681C	14	33194	0.000422	23487	23623
C23525T C23555T T23599G C23604G	S:H655Y S:P665S S:N679K S:P681R	14	33194	0.000422	23487	23637
C23496T C23525T T23599G C23604G	S:T645I S:H655Y S:N679K S:P681R	14	32846	0.000426	23487	23641
C23367+A A23403G C23423T	NA S:D614G S:P621S	14	22691	0.000617	23335	23436
C23271T C23393T A23403G C23423T	S:A570V S:L611F S:D614G S:P621S	14	5475	0.002557	23269	23443
C23271T C23277T C23334-T	S:A570V S:T572I NA	14	5745	0.002437	23269	23359
C23271T A23403G C23423T A23440G	S:A570V S:D614G S:P621S S:A626A	14	5234	0.002675	23269	23443
C21736T A21764-TACATG	S:F58F S:DEL69/70	14	8024	0.001745	21731	21802
C21618T C21622T G21624C T21632-TACCCCCTG T21653C C21711T T21735A A21764-TACATG	S:T19I S:T20T S:R21T S:DEL25/27 S:S31P S:S50L S:F58Y S:DEL69/70	14	6917	0.002024	21608	21802
A25235G	S:I1225V	14	31525	0.000444	25223	25325
A25179G C25207T	S:Y1206C S:Y1215Y	14	30071	0.000466	25130	25325
A25167G C25207T	S:E1202G S:Y1215Y	14	29714	0.000471	25141	25306
A24885-T	NA	14	10990	0.001274	24850	24928
A24777G	S:E1072G	14	6019	0.002326	24724	24794
A24730G	S:A1056A	14	5737	0.00244	24724	24788
A24641G	S:T1027A	14	37603	0.000372	24544	24679
A24539-T	NA	14	59664	0.000235	24470	24564
A24519G	S:K986R	14	59847	0.000234	24493	24564
A24500G	S:I980V	14	59946	0.000234	24497	24564
A24479-T G24488-T	NA NA	14	59053	0.000237	24470	24513
A24468-T	NA	14	55839	0.000251	24465	24491
A24424T T24492+A	S:Q954H NA	14	25180	0.000556	24412	24545
A24424T T24469A T24491C	S:Q954H S:N969K S:L977L	14	25181	0.000556	24412	24564
A24424T T24469A T24481C	S:Q954H S:N969K S:I973I	14	25220	0.000555	24412	24554
A24424T T24469A G24558A	S:Q954H S:N969K S:G999D	14	24568	0.00057	24412	24564
A24424T T24469A G24547A	S:Q954H S:N969K S:R995R	14	24778	0.000565	24412	24564
A24424T T24469A G24546A	S:Q954H S:N969K S:R995K	14	24785	0.000565	24412	24564
A24424T T24469A C24517+A	S:Q954H S:N969K NA	14	25021	0.00056	24412	24563
A24424T A24457G	S:Q954H S:Q965Q	14	25359	0.000552	24412	24564
A24253-T C24320-A C24378T A24424T	NA NA S:S939F S:Q954H	14	1938	0.007224	24233	24424
A23786-T A23852-AC	NA NA	14	22274	0.000629	23767	23895
A23764G C23854A	S:T734T S:N764K	14	18270	0.000766	23720	23895
A23598+C T23599G C23604G	NA S:N679T S:P681C	14	71199	0.000197	23580	23724
A23503G C23525T T23599G C23604A	S:A647A S:H655Y S:N679K S:P681H	14	33018	0.000424	23487	23624
A23403G C23423T G23522-A C23525T	S:D614G S:P621S NA S:H655Y	14	14559	0.000962	23365	23539
A23403G C23423T A23495G C23525T	S:D614G S:P621S S:T645A S:H655Y	14	14559	0.000962	23335	23535
A23403G C23423T A23494G C23525T	S:D614G S:P621S S:Q644Q S:H655Y	14	14559	0.000962	23345	23539
A23110G G23222A C23271T	S:E516E S:E554K S:A570V	14	7820	0.00179	23090	23290
A22193-ATT T22200G C22208T C22281+T C22295A	S:DEL212 S:V213G S:L216F NA S:H245T	14	5053	0.002771	22112	22319
A21868G G21941T G21987A T21990-TTA T22032C C22033A A22034G	S:R102R S:V127F S:G142D S:DEL144 S:F157S S:F157S S:R158G	14	14300	0.000979	21847	22058
A21862G G21941T G21987A T21990-TTA T22032C C22033A A22034G	S:I100M S:V127F S:G142D S:DEL144 S:F157S S:F157S S:R158G	14	14168	0.000988	21850	22058
T25307C	S:S1249P	13	37318	0.000348	25254	25325
T25270C	S:C1236C	13	36975	0.000352	25251	25325
T25268C	S:C1236R	13	36925	0.000352	25257	25325
T25191-A C25207T G25218-T C25262-T	NA S:Y1215Y NA NA	13	29787	0.000436	25130	25314
T25150C	S:S1196S	13	29970	0.000434	25130	25210
T24581C	S:Y1007H	13	33828	0.000384	24487	24659
T24522C	S:V987A	13	59799	0.000217	24481	24564
T24504C	S:L981P	13	59910	0.000217	24485	24564
T24472-G	NA	13	57405	0.000226	24465	24495
T24469A T24660+A	S:N969K NA	13	29240	0.000445	24465	24679
T24469A T24643-A	S:N969K NA	13	29328	0.000443	24465	24679
T24469A T24596C	S:N969K S:L1012L	13	29457	0.000441	24465	24679
T24469A T24544C	S:N969K S:D994D	13	54942	0.000237	24465	24672
T24469A T24523C	S:N969K S:V987V	13	55258	0.000235	24465	24679
T24469A T24496C	S:N969K S:N978N	13	55649	0.000234	24465	24564
T24469A T24492+A	S:N969K NA	13	55710	0.000233	24465	24564
T24469A C24668T	S:N969K S:Q1036*	13	29106	0.000447	24465	24679
T24469A C24668+A	S:N969K NA	13	29106	0.000447	24465	24679
T24469A C24528T	S:N969K S:A989V	13	55190	0.000236	24465	24564
T24469A A24646G	S:N969K S:K1028K	13	29320	0.000443	24465	24679
T24469A A24539+T	S:N969K NA	13	55019	0.000236	24465	24564
T24469A A24478G	S:N969K S:A972A	13	55774	0.000233	24465	24564
T24039C	S:V826A	13	4137	0.003142	24037	24078
T23830C A23853-C	S:Y756Y NA	13	22875	0.000568	23816	23895
T23817C A23853-C	S:L752P NA	13	22684	0.000573	23683	23895
T23739C A23853-C	S:I726T NA	13	18122	0.000717	23684	23895
T23698C	S:I712I	13	58329	0.000223	23690	23712
T23693+A	NA	13	58257	0.000223	23683	23723
T23599G C23604G G23621A	S:N679K S:P681R S:V687I	13	71073	0.000183	23580	23724
T23599G C23604G C23657-T	S:N679K S:P681R NA	13	36829	0.000353	23580	23669
T23599G C23604G C23657+T	S:N679K S:P681R NA	13	36829	0.000353	23580	23666
T23599G C23604G C23634A	S:N679K S:P681R S:S691Y	13	70362	0.000185	23580	23642
T23599G C23601+A C23604G	S:N679K NA S:P681C	13	71210	0.000183	23586	23642
T23355C A23403G C23423T C23525T	S:I598T S:D614G S:P621S S:H655Y	13	14258	0.000912	23335	23539
T21940-G G21987A T21990-TTA C22009-A T22032C C22033A A22034G	NA S:G142D S:DEL144 NA S:F157S S:F157S S:R158G	13	14849	0.000875	21867	22058
T21735-C A21764-TACATG	NA S:DEL69/70	13	8019	0.001621	21726	21802
T21609+CATGCCGCTGTT C21618T T21632-TACCCCCTG C21711T A21764-TACATG	S:INS17HAAV S:T19F S:DEL25/27 S:S50L S:DEL69/70	13	6917	0.001879	21597	21802
T21609+CATGCCGCTGTT C21618T C21622T G21624C T21632-TACCCCCTG T21653C C21711T T21735A A21764-TACATG C21781+A	S:INS17HAAV S:T19F S:T20F S:R21T S:DEL25/27 S:S31P S:S50L S:F58* S:DEL69/70 NA	13	6852	0.001897	21597	21802
T21609+CATGCCGCTGTT C21618T C21622T G21624C T21632-TACCCCCTG T21653-C C21711T A21764-TACATG	S:INS17HAAV S:T19F S:T20F S:R21T S:DEL25/27 NA S:S50L S:DEL69/70	13	6917	0.001879	21597	21802
T21609+CATGCCGCTGTT C21618T C21622T G21624C T21632-TACCCCCTG C21736-T A21764-TACATG	S:INS17HAAV S:T19F S:T20F S:R21T S:DEL25/27 NA S:DEL69/70	13	6917	0.001879	21597	21802
T21609+CATGCCGCTGTT C21618T C21622T G21624C T21632-TACCCCCTG C21711T T21735-CT A21764-TACATG	S:INS17HAAV S:T19F S:T20F S:R21T S:DEL25/27 S:S50L NA S:DEL69/70	13	6917	0.001879	21597	21802
T21609+CATGCCGCTGTT C21618T C21622T G21624C T21632-TACCCCCTG C21711T T21733C A21764-TACATG	S:INS17HAAV S:T19F S:T20F S:R21T S:DEL25/27 S:S50L S:P57D S:DEL69/70	13	6917	0.001879	21597	21802
G25157A C25207T	S:D1199N S:Y1215Y	13	29580	0.000439	25130	25325
G24657A	S:C1032Y	13	37532	0.000346	24612	24679
G24611+A C24672-A	NA NA	13	33218	0.000391	24470	24679
G24348C	S:S929T	13	4419	0.002942	24257	24357
G23768-T C23854A C23887-A	NA S:N764K NA	13	21279	0.000611	23683	23895
G23522A C23525T T23599G C23604G	S:E654K S:H655Y S:N679K S:P681R	13	33191	0.000392	23501	23629
G23516A C23525T T23599G C23604G	S:G652R S:H655Y S:N679K S:P681R	13	33166	0.000392	23487	23642
G23222A A23261G C23271T	S:E554K S:R567G S:A570V	13	8134	0.001598	23187	23290
G22104-A	NA	13	5226	0.002488	22100	22122
G21941T T21983C G21987A T21990-TTA T22032C C22033A	S:V127F S:L141L S:G142D S:DEL144 S:F157S S:F157S	13	14855	0.000875	21933	22058
C25276T	S:T1238T	13	37070	0.000351	25251	25325
C25262-T A25393+T	NA NA	13	3694	0.003519	25251	25402
C25207T T25222C	S:Y1215Y S:F1220F	13	30327	0.000429	25141	25245
C25207T T25219C	S:Y1215Y S:G1219G	13	30328	0.000429	25144	25325
C25207T G25305A	S:Y1215Y S:C1248Y	13	30054	0.000433	25163	25325
C25207T C25262-T T25303C	S:Y1215Y NA S:C1247C	13	30059	0.000432	25122	25325
C25207T C25262-T T25293C	S:Y1215Y NA S:L1244P	13	30111	0.000432	25130	25325
C25131T C25207T	S:A1190V S:Y1215Y	13	28439	0.000457	25122	25325
C24553T	S:I997I	13	59491	0.000219	24533	24564
C24422-A	NA	13	28487	0.000456	24412	24462
C23882+A C23887-A	NA NA	13	22822	0.00057	23767	23895
C23859T	S:A766V	13	23278	0.000558	23683	23895
C23854G	S:N764K	13	23236	0.000559	23712	23895
C23525T T23599G C23604T	S:H655Y S:N679K S:P681L	13	33194	0.000392	23487	23642
C23525T T23599G C23604G G23628A	S:H655Y S:N679K S:P681R S:S689N	13	32809	0.000396	23487	23634
C23525T T23599G C23604G C23630-A	S:H655Y S:N679K S:P681R NA	13	32795	0.000396	23506	23639
C23525T G23561A T23599G C23604G	S:H655Y S:G667S S:N679K S:P681R	13	33194	0.000392	23487	23642
C23525T A23554-C T23599G C23604G	S:H655Y NA S:N679K S:P681R	13	33194	0.000392	23487	23624
C23367-A	NA	13	24001	0.000542	23337	23378
C21618T C21622T G21624C T21632-TACCCCCTG C21711T T21735-CT A21764-TACATG	S:T19I S:T20T S:R21T S:DEL25/27 S:S50L NA S:DEL69/70	13	6917	0.001879	21597	21802
A25439G	ORF3a:K16R	13	9317	0.001395	25381	25477
A25432G	ORF3a:T14A	13	9408	0.001382	25372	25477
A25256+T C25262-T	NA NA	13	36578	0.000355	25251	25314
A25190+G C25207T	NA S:Y1215V	13	30425	0.000427	25181	25325
A25143G C25207T	S:N1194S S:Y1215Y	13	29269	0.000444	25122	25325
A24780G	S:K1073R	13	6027	0.002157	24771	24790
A24569G	S:S1003G	13	33995	0.000382	24538	24676
A24498G	S:D979G	13	59924	0.000217	24479	24560
A24495G	S:N978S	13	59929	0.000217	24488	24564
A24478G	S:A972A	13	59066	0.00022	24474	24495
A24468-T T24470A	NA S:F970I	13	55799	0.000233	24465	24499
A24424T T24549C	S:Q954H S:L996S	13	24759	0.000525	24412	24564
A24424T T24513C	S:Q954H S:L984P	13	25047	0.000519	24412	24564
A24424T T24469A C24559T	S:Q954H S:N969K S:G999G	13	24566	0.000529	24412	24564
A24424T T24469A C24553T	S:Q954H S:N969K S:I997I	13	24701	0.000526	24412	24564
A24424T T24469A C24509T	S:Q954H S:N969K S:R983C	13	25075	0.000518	24412	24564
A24424T T24469A C24477T	S:Q954H S:N969K S:A972V	13	25244	0.000515	24412	24564
A24424T T24469A A24485G	S:Q954H S:N969K S:S975G	13	25196	0.000516	24412	24564
A24424T T24436C	S:Q954H S:A958A	13	25496	0.00051	24412	24449
A24424T A24508G	S:Q954H S:S982S	13	25082	0.000518	24412	24564
A24253-T C24378T	NA S:S939F	13	2139	0.006078	24229	24402
A23853G C23854A	S:N764R S:N764R	13	23236	0.000559	23767	23895
A23827G C23854A	S:Q755Q S:N764K	13	22813	0.00057	23767	23895
A23777G A23853-C	S:T739A NA	13	22195	0.000586	23683	23895
A23772G C23854A	S:D737G S:N764K	13	22137	0.000587	23683	23895
A23767G C23854A	S:S735S S:N764K	13	18293	0.000711	23743	23895
A23767G A23853-C	S:S735S NA	13	18303	0.00071	23705	23895
A23764G A23853-C	S:T734T NA	13	18280	0.000711	23683	23895
A23756G C23854A	S:T732A S:N764K	13	18239	0.000713	23683	23895
A23515+G T23599G C23604G	NA S:N679* S:P681C	13	33157	0.000392	23486	23639
A23497-C C23525T T23599G C23604G	NA S:H655Y S:N679K S:P681R	13	32858	0.000396	23488	23642
A23403G C23423T T23514C C23525T	S:D614G S:P621S S:I651T S:H655Y	13	14559	0.000893	23335	23532
A23403G C23423T T23500C C23525T	S:D614G S:P621S S:R646R S:H655Y	13	14559	0.000893	23349	23539
A23403G C23423T T23485C C23525T	S:D614G S:P621S S:N641N S:H655Y	13	14559	0.000893	23335	23532
A23403G C23423T T23459C C23525T	S:D614G S:P621S S:W633R S:H655Y	13	14559	0.000893	23342	23532
A23403G C23423T C23525T T23527C	S:D614G S:P621S S:H655Y S:H655Y	13	14543	0.000894	23383	23535
A23403G C23423T C23525T A23532G	S:D614G S:P621S S:H655Y S:N657S	13	14487	0.000897	23335	23535
A23403G C23423T A23476G C23525T	S:D614G S:P621S S:T638T S:H655Y	13	14559	0.000893	23336	23539
A23403G A23419G C23423T C23525T	S:D614G S:E619E S:P621S S:H655Y	13	14559	0.000893	23351	23535
A23200G G23222A C23271T	S:L546L S:E554K S:A570V	13	8082	0.001609	23176	23290
A21935T G21941T G21987A T21990-TTA T22032C C22033A A22034G	S:N125Y S:V127F S:G142D S:DEL144 S:F157S S:F157S S:R158G	13	14820	0.000877	21869	22058
A21926G G21941T G21987A T21990-TTA T22032C C22033A A22034G	S:N122D S:V127F S:G142D S:DEL144 S:F157S S:F157S S:R158G	13	14764	0.000881	21847	22058
T25467C	ORF3a:P25P	12	9046	0.001327	25381	25477
T25415C	ORF3a:F8S	12	9760	0.00123	25381	25436
T25280C	S:C1240R	12	37104	0.000323	25255	25325
T25191-A C25207T G25218-T	NA S:Y1215Y NA	12	29885	0.000402	25130	25314
T25178C C25207T T25307-C	S:Y1206H S:Y1215Y NA	12	29141	0.000412	25127	25324
T25171-G C25207T	NA S:Y1215Y	12	29800	0.000403	25160	25324
T24982C C24990T C25000T	S:P1140P S:P1143L S:D1146D	12	8609	0.001394	24850	25069
T24940C C24990T C25000T	S:C1126C S:P1143L S:D1146D	12	8474	0.001416	24850	25069
T24927C C24990T C25000T	S:V1122A S:P1143L S:D1146D	12	8448	0.00142	24850	25069
T24739C	S:G1059G	12	5762	0.002083	24724	24806
T24671C	S:S1037P	12	37238	0.000322	24612	24679
T24628-A	NA	12	37628	0.000319	24604	24679
T24572C	S:L1004L	12	33989	0.000353	24546	24678
T24534C	S:V991A	12	59703	0.000201	24481	24564
T24529C	S:A989A	12	59761	0.000201	24503	24564
T24469A T24600C	S:N969K S:I1013T	12	29451	0.000407	24465	24679
T24469A T24492-A T24514C	S:N969K NA S:L984L	12	55383	0.000217	24465	24679
T24469A G24611A	S:N969K S:E1017K	12	29423	0.000408	24465	24679
T24469A G24515-A	S:N969K NA	12	55376	0.000217	24465	24564
T24469A C24609T	S:N969K S:A1016V	12	29434	0.000408	24465	24679
T24469A C24509T	S:N969K S:R983C	12	55450	0.000216	24465	24564
T24469A C24503-T	S:N969K NA	12	55525	0.000216	24465	24564
T24469A A24484G	S:N969K S:S974S	12	55744	0.000215	24465	24563
T24168-G	NA	12	6105	0.001966	24148	24191
T23850+A G23948T	NA S:D796*	12	3548	0.003382	23775	23958
T23817C C23854A	S:L752P S:N764K	12	22673	0.000529	23767	23895
T23794C	S:G744G	12	23339	0.000514	23683	23817
T23739C	S:I726T	12	19635	0.000611	23683	23752
T23599G C23604G T23677-G	S:N679K S:P681R NA	12	36646	0.000327	23580	23723
T23599G C23604G T23659-G	S:N679K S:P681R NA	12	36803	0.000326	23581	23724
T23599G C23604G T23622-A	S:N679K S:P681R NA	12	71051	0.000169	23581	23700
T23599G C23604G G23616A	S:N679K S:P681R S:R685H	12	71123	0.000169	23580	23724
T23599G C23604G G23608-C	S:N679K S:P681R NA	12	71182	0.000169	23580	23635
T23599G C23604G A23623+C	S:N679K S:P681R NA	12	71025	0.000169	23580	23641
T23599G C23603T C23604G	S:N679K S:P681C S:P681C	12	71210	0.000169	23580	23724
T23375C A23403G C23423T C23525T	S:S605P S:D614G S:P621S S:H655Y	12	14361	0.000836	23358	23539
T23341C A23403G C23423T C23525T	S:G593G S:D614G S:P621S S:H655Y	12	13927	0.000862	23335	23539
T21990-TTA T22032C C22033A	S:DEL144 S:F157S S:F157S	12	15305	0.000784	21975	22058
T21983C G21987A T21990-TTA T22032C C22033A A22034G	S:L141L S:G142D S:DEL144 S:F157S S:F157S S:R158G	12	15299	0.000784	21961	22058
T21940-G G21987A T21990-TTA	NA S:G142D S:DEL144	12	15310	0.000784	21901	22007
T21886-A G21941T G21987A T21990-TTA T22032C C22033A A22034G	NA S:V127F S:G142D S:DEL144 S:F157S S:F157S S:R158G	12	14511	0.000827	21847	22058
T21861C G21941T G21987A T21990-TTA T22032C C22033A A22034G	S:I100T S:V127F S:G142D S:DEL144 S:F157S S:F157S S:R158G	12	14160	0.000847	21847	22058
G25445A T25514-C	ORF3a:G18D NA	12	4623	0.002596	25372	25533
G25126A C25207T	S:E1188E S:Y1215Y	12	27247	0.00044	25122	25325
G24638A	S:A1026T	12	37616	0.000319	24612	24679
G24558A	S:G999D	12	59348	0.000202	24527	24564
G23835-T A23853-C	NA NA	12	22929	0.000523	23766	23895
G23835+T T23850+A	NA NA	12	22978	0.000522	23792	23865
G23351+T C23423T	NA S:P621S	12	22538	0.000532	23335	23437
G23343A A23403G C23423T C23525T	S:G594D S:D614G S:P621S S:H655Y	12	14058	0.000854	23335	23539
G23222A C23271T T23289C	S:E554K S:A570V S:V576A	12	7970	0.001506	23089	23290
G23222A C23271T T23278-A	S:E554K S:A570V NA	12	8019	0.001496	23089	23290
G23222A C23244-T C23271T C23277T	S:E554K NA S:A570V S:T572I	12	8030	0.001494	23089	23290
G22927T T22942G	S:L455F S:N460K	12	422	0.028436	22919	22967
G21987A T22032C C22033A	S:G142D S:F157S S:F157S	12	15305	0.000784	21965	22058
G21987A T21990-TTA A21999-C A22056G	S:G142D S:DEL144 NA S:N165S	12	15099	0.000795	21881	22058
G21941T T22032C C22033A	S:V127F S:F157S S:F157S	12	14855	0.000808	21906	22058
G21941T T21976-C G21987A T21990-TTA T22032C C22033A A22034G	S:V127F NA S:G142D S:DEL144 S:F157S S:F157S S:R158G	12	14850	0.000808	21925	22045
G21941T G21987A T21990-TTA T21994C T22032C C22033A A22034G	S:V127F S:G142D S:DEL144 S:Y144Y S:F157S S:F157S S:R158G	12	14850	0.000808	21847	22058
G21941T G21987A T21990-TTA A22029G T22032C C22033A A22034G	S:V127F S:G142D S:DEL144 S:E156G S:F157S S:F157S S:R158G	12	14850	0.000808	21847	22058
G21941T G21987A T21990-TTA A22007G T22032C C22033A A22034G	S:V127F S:G142D S:DEL144 S:N149D S:F157S S:F157S S:R158G	12	14850	0.000808	21867	22058
G21941T G21987A T21990-TTA A21996G T22032C C22033A A22034G	S:V127F S:G142D S:DEL144 S:Y145C S:F157S S:F157S S:R158G	12	14850	0.000808	21861	22058
G21941T A21957G G21987A T21990-TTA T22032C C22033A A22034G	S:V127F S:E132G S:G142D S:DEL144 S:F157S S:F157S S:R158G	12	14850	0.000808	21935	22058
C25262-T C25357+A	NA NA	12	4308	0.002786	25251	25371
C25207T G25290A	S:Y1215Y S:C1243Y	12	30126	0.000398	25200	25325
C25207T C25324T	S:Y1215Y S:C1254C	12	29748	0.000403	25141	25325
C25207T C25276T	S:Y1215Y S:T1238T	12	30177	0.000398	25130	25320
C24672-A G24693-A	NA NA	12	3774	0.00318	24620	24796
C24632-T	NA	12	37636	0.000319	24612	24671
C24575T	S:Q1005*	12	33978	0.000353	24476	24679
C24509T	S:R983C	12	59901	0.0002	24470	24564
C23854A G23873A	S:N764K S:A771T	12	22895	0.000524	23844	23881
C23854A C23887A A23888C G23948T	S:N764K S:D775E S:K776Q S:D796Y	12	3561	0.00337	23845	23978
C23833T A23853-C	S:G757G NA	12	22905	0.000524	23806	23895
C23525T T23599G C23604G T23640C	S:H655Y S:N679K S:P681R S:I693T	12	32122	0.000374	23487	23642
C23525T T23599G C23604G G23642A	S:H655Y S:N679K S:P681R Unknown	12	31936	0.000376	23488	23642
C23525T T23599G C23604G G23616A	S:H655Y S:N679K S:P681R S:R685H	12	33170	0.000362	23487	23642
C23525T C23538T T23599G C23604G	S:H655Y S:S659L S:N679K S:P681R	12	33194	0.000362	23487	23642
C23525T A23550T T23599G C23604G	S:H655Y S:D663V S:N679K S:P681R	12	33194	0.000362	23487	23624
C23506T C23525T T23599G C23604G	S:G648G S:H655Y S:N679K S:P681R	12	33080	0.000363	23487	23642
C23498T C23525T T23599G C23604G	S:R646C S:H655Y S:N679K S:P681R	12	32860	0.000365	23487	23642
C23393+T C23423T	NA S:P621S	12	22939	0.000523	23342	23429
C23277T C23334-T A23403G C23423T	S:T572I NA S:D614G S:P621S	12	5872	0.002044	23272	23443
C23271T T23346C A23403G C23423T	S:A570V S:V595A S:D614G S:P621S	12	5475	0.002192	23269	23443
C23271T C23298T A23403G C23423T	S:A570V S:P579L S:D614G S:P621S	12	5475	0.002192	23269	23429
A25397-T	NA	12	10022	0.001197	25381	25412
A25385G	S:T1275A	12	10308	0.001164	25372	25477
A25271G	S:M1237V	12	36997	0.000324	25268	25325
A25182G C25207T C25262-T	S:E1207G S:Y1215Y NA	12	29528	0.000406	25130	25325
A25158G C25207T	S:D1199G S:Y1215Y	12	29601	0.000405	25131	25325
A24978G C24990T C25000T	S:D1139G S:P1143L S:D1146D	12	8604	0.001395	24850	25069
A24922+T C24990T C25000T	NA S:P1143I S:D1146S	12	8435	0.001423	24850	25069
A24922+T	NA	12	10926	0.001098	24850	24943
A24758G	S:T1066A	12	5886	0.002039	24724	24806
A24661G	S:V1033V	12	37481	0.00032	24612	24679
A24645G	S:K1028R	12	37600	0.000319	24612	24662
A24612G	S:E1017G	12	33724	0.000356	24599	24679
A24610G	S:A1016A	12	33733	0.000356	24481	24676
A24554G	S:T998A	12	59453	0.000202	24504	24564
A24424T T24469A T24544C	S:Q954H S:N969K S:D994D	12	24800	0.000484	24412	24564
A24424T T24469A T24496C	S:Q954H S:N969K S:N978N	12	25157	0.000477	24412	24564
A24424T T24469A A24560T	S:Q954H S:N969K S:R1000*	12	24543	0.000489	24412	24564
A24424T T24469A A24545T	S:Q954H S:N969K S:R995W	12	24793	0.000484	24412	24564
A24424T T24469A A24494G	S:Q954H S:N969K S:N978D	12	25165	0.000477	24412	24554
A24424T T24447C	S:Q954H S:L962P	12	25441	0.000472	24412	24454
A24424T A24525G	S:Q954H S:E988G	12	24949	0.000481	24412	24564
A24424T A24516G	S:Q954H S:D985G	12	25028	0.000479	24412	24564
A24424T A24454G	S:Q954H S:K964K	12	25395	0.000473	24412	24564
A24253-T A24324-AT C24378T A24424T	NA NA S:S939F S:Q954H	12	1938	0.006192	24229	24424
A23880G	S:E773G	12	23070	0.00052	23859	23890
A23853-C A23881G	NA S:E773E	12	22649	0.00053	23845	23895
A23826G C23887-A	S:Q755R NA	12	21984	0.000546	23683	23895
A23805G C23854A	S:E748G S:N764K	12	22510	0.000533	23683	23895
A23777G C23854A	S:T739A S:N764K	12	22184	0.000541	23683	23895
A23743G A23853-C	S:L727L NA	12	18159	0.000661	23683	23890
A23738+T	NA	12	19649	0.000611	23683	23765
A23720-T	NA	12	57372	0.000209	23693	23724
A23712+T G23835+T	NA NA	12	18193	0.00066	23683	23860
A23712+G	NA	12	57693	0.000208	23704	23724
A23702G	S:I714V	12	58053	0.000207	23688	23724
A23594-C T23599G C23604G	NA S:N679K S:P681R	12	71173	0.000169	23580	23624
A23403G G23429A C23525T	S:D614G S:A623T S:H655Y	12	14559	0.000824	23335	23539
A23403G C23423T C23498T C23525T	S:D614G S:P621S S:R646C S:H655Y	12	14559	0.000824	23342	23532
A23403G C23423T A23513G C23525T	S:D614G S:P621S S:I651V S:H655Y	12	14559	0.000824	23335	23532
A23403G C23423T A23442G C23525T	S:D614G S:P621S S:D627G S:H655Y	12	14559	0.000824	23335	23532
A23403G A23418G C23423T C23525T	S:D614G S:E619G S:P621S S:H655Y	12	14559	0.000824	23335	23535
A22556G G22577C G22578A A22629C T22679C	S:I332V S:G339H S:G339H S:K356T S:S373P	12	110	0.109091	22494	22683
T25548C	ORF3a:L52L	11	4391	0.002505	25372	25566
T25473C	ORF3a:D27D	11	9012	0.001221	25381	25477
T25398C	ORF3a:D2D	11	10015	0.001098	25381	25477
T25316C	S:S1252P	11	37325	0.000295	25251	25325
T25312C	S:C1250C	11	37339	0.000295	25260	25325
T25310C	S:C1250R	11	37323	0.000295	25281	25325
T25304C	S:C1248R	11	37285	0.000295	25267	25325
T25191-A	NA	11	30680	0.000359	25122	25206
T25180C C25207T	S:Y1206Y S:Y1215Y	11	30102	0.000365	25122	25306
T25161-C C25207T	NA S:Y1215Y	11	29633	0.000371	25151	25324
T25152-C C25207T	NA S:Y1215Y	11	29532	0.000372	25136	25325
T24763C	S:Y1067Y	11	5918	0.001859	24724	24800
T24648C	S:M1029T	11	37591	0.000293	24612	24653
T24564C	S:L1001P	11	59234	0.000186	24483	24564
T24541C	S:I993I	11	59643	0.000184	24481	24564
T24501-C	NA	11	59916	0.000184	24480	24526
T24469A T24585A	S:N969K S:V1008E	11	29508	0.000373	24465	24676
T24469A T24573C	S:N969K S:L1004S	11	29678	0.000371	24465	24679
T24469A T24529C	S:N969K S:A989A	11	55178	0.000199	24465	24564
T24469A G24655A	S:N969K S:E1031E	11	29278	0.000376	24465	24679
T24469A G24626A	S:N969K S:A1022T	11	29384	0.000374	24465	24679
T24469A C24642T	S:N969K S:T1027I	11	29336	0.000375	24465	24679
T24469A C24639T	S:N969K S:A1026V	11	29343	0.000375	24465	24679
T24469A C24559T	S:N969K S:G999G	11	54621	0.000201	24465	24564
T24469A A24568G	S:N969K S:Q1002Q	11	29696	0.00037	24465	24679
T24469A A24493G	S:N969K S:L977L	11	55691	0.000198	24465	24564
T24175C	S:A871A	11	6036	0.001822	24148	24191
T24156C	S:L865P	11	6101	0.001803	24148	24191
T23837C C23854A	S:F759L S:N764K	11	22980	0.000479	23767	23895
T23822C	S:L754L	11	23307	0.000472	23767	23886
T23781C C23854A	S:M740T S:N764K	11	22211	0.000495	23729	23895
T23750C	S:S730P	11	19631	0.00056	23683	23781
T23693C	S:S711P	11	58257	0.000189	23683	23716
T23686+A	NA	11	58121	0.000189	23683	23698
T23599G T23641-G	S:N679K NA	11	69616	0.000158	23581	23664
T23599G C23604G T23641-G T23650C	S:N679K S:P681R NA S:T696T	11	36910	0.000298	23580	23724
T23599G C23604G G23699-C	S:N679K S:P681R NA	11	36315	0.000303	23580	23724
T23599G C23604G G23675A	S:N679K S:P681R S:V705I	11	36663	0.0003	23581	23724
T23599G C23604G C23647T	S:N679K S:P681R S:Y695Y	11	36930	0.000298	23580	23724
T23599G C23604G C23630T	S:N679K S:P681R S:Q690*	11	70529	0.000156	23580	23724
T23599G C23604A T23633C	S:N679K S:P681H S:S691P	11	70388	0.000156	23580	23724
T23599G C23604A A23702C	S:N679K S:P681H S:I714L	11	35874	0.000307	23580	23724
T23511+A A23515+G C23525T T23599G C23604G	NA NA S:H655Y S:N679L S:P681R	11	33133	0.000332	23486	23642
T23385C A23403G C23423T C23525T	S:V608A S:D614G S:P621S S:H655Y	11	14446	0.000761	23335	23538
T23335G	S:S591S	11	6467	0.001701	23307	23338
T22942A	S:N460K	11	447	0.024609	22938	22967
T21940-G G21987A	NA S:G142D	11	15331	0.000718	21920	21992
T21937C G21941T G21987A T21990-TTA T22032C C22033A A22034G	S:N125N S:V127F S:G142D S:DEL144 S:F157S S:F157S S:R158G	11	14833	0.000742	21847	22058
T21934-A G21987A T21990-TTA A21999-C	NA S:G142D S:DEL144 NA	11	15040	0.000731	21847	22058
T21610C C21618T C21622T G21624C T21632-TACCCCCTG C21711T A21764-TACATG	S:V16V S:T19I S:T20T S:R21T S:DEL25/27 S:S50L S:DEL69/70	11	6917	0.00159	21597	21802
T21609+CATGCCGCTGTT C21618T C21622T G21624C T21632-TACCCCCTG T21653C T21735A A21764-TACATG C21781+A	S:INS17HAAV S:T19F S:T20F S:R21T S:DEL25/27 S:S31P S:F58* S:DEL69/70 NA	11	6852	0.001605	21597	21802
T21609+CATGCCGCTGTT C21618T A21620-C A21623T G21624C T21632-TACCCCCTG A21764-TACATG	S:INS17HAAV S:T19F NA S:R21S S:R21S S:DEL25/27 S:DEL69/70	11	6917	0.00159	21597	21802
G25198-C C25207T C25308T	NA S:Y1215Y S:S1249F	11	29800	0.000369	25133	25325
G25130-C C25207T	NA S:Y1215Y	11	27721	0.000397	25124	25261
G24971T C24981-T C24990T C25000T	S:V1137F NA S:P1143L S:D1146D	11	8567	0.001284	24850	25069
G24530+A	NA	11	59740	0.000184	24470	24564
G24527A	S:A989T	11	59776	0.000184	24509	24564
G24200A	S:G880S	11	1629	0.006753	24148	24242
G24164-A	NA	11	6093	0.001805	24154	24191
G23835+T G23948T	NA S:D796*	11	3485	0.003156	23792	23971
G23735A G23835+T	S:E725K NA	11	18376	0.000599	23683	23881
G23351+T C23423T C23525T	NA S:P621S S:H655S	11	14176	0.000776	23340	23539
G22249+T C22295A	NA S:H245T	11	7089	0.001552	22237	22310
G21987A T21991-TA T22032C C22033A A22034G	S:G142D NA S:F157S S:F157S S:R158G	11	15299	0.000719	21970	22058
G21941T G21987A T21991-TA T22032C C22033A A22034G	S:V127F S:G142D NA S:F157S S:F157S S:R158G	11	14850	0.000741	21847	22058
G21941T G21987A T21990-TTA G22030-T	S:V127F S:G142D S:DEL144 NA	11	14904	0.000738	21867	22034
G21941T G21987A T21990-TTA A22023G T22032C C22033A A22034G	S:V127F S:G142D S:DEL144 S:E154G S:F157S S:F157S S:R158G	11	14850	0.000741	21857	22058
G21941T G21987A T21990-TTA A22005G T22032C C22033A A22034G	S:V127F S:G142D S:DEL144 S:N148S S:F157S S:F157S S:R158G	11	14850	0.000741	21847	22058
G21941T A21979-T G21987A T21990-TTA C22000-A C22009-A T22032C C22033A A22034G	S:V127F NA S:G142D S:DEL144 NA NA S:F157S S:F157S S:R158G	11	14850	0.000741	21847	22058
G21941C G21987A T21990-TTA T22032C C22033A A22034G	S:V127L S:G142D S:DEL144 S:F157S S:F157S S:R158G	11	14850	0.000741	21847	22058
C25276-A	NA	11	37070	0.000297	25267	25325
C25262-T G25340T	NA S:D1260Y	11	4576	0.002404	25251	25352
C25262-T G25278-T	NA NA	11	36655	0.0003	25251	25301
C25262-T A25327-T G25340-A	NA NA NA	11	4576	0.002404	25251	25364
C25207T G25313A	S:Y1215Y S:G1251R	11	29986	0.000367	25181	25323
C25207T G25250A	S:Y1215Y S:V1230M	11	30271	0.000363	25122	25325
C25207T G25230A	S:Y1215Y S:G1223D	11	30313	0.000363	25130	25325
C25207T G25218-T C25262-TT	S:Y1215Y NA NA	11	30231	0.000364	25130	25325
C25207T C25321T	S:Y1215Y S:C1253C	11	29869	0.000368	25142	25325
C25207T A25325G	S:Y1215Y Unknown	11	29662	0.000371	25196	25325
C25207T A25208-T C25262-T	S:Y1215Y NA NA	11	30231	0.000364	25122	25325
C24990T G25012T	S:P1143L S:E1150D	11	8590	0.001281	24850	25069
C24981-T C24990T C25000T G25015T	NA S:P1143L S:D1146D S:E1151D	11	8567	0.001284	24850	25067
C24981-T C24990T C25000T A25056-T	NA S:P1143L S:D1146D NA	11	8427	0.001305	24850	25069
C24899-A C24981-T C24990T C25000T	NA NA S:P1143L S:D1146D	11	8389	0.001311	24850	25014
C24566+A	NA	11	34045	0.000323	24486	24614
C24512+T	NA	11	59885	0.000184	24476	24561
C24507+T	NA	11	59901	0.000184	24498	24552
C24422T A24424T T24469A	S:Q954Y S:Q954Y S:N969K	11	25278	0.000435	24412	24564
C23854A A23888G	S:N764K S:K776E	11	22380	0.000492	23821	23895
C23700T	S:A713V	11	58449	0.000188	23687	23724
C23595T T23599G C23604G	S:T678I S:N679K S:P681R	11	71182	0.000155	23580	23706
C23536+G	NA	11	49114	0.000224	23527	23539
C23525T T23599G C23604G T23626-A	S:H655Y S:N679K S:P681R NA	11	32848	0.000335	23486	23641
C23525T T23599G C23604G A23636-T A23639G	S:H655Y S:N679K S:P681R NA S:I693V	11	32183	0.000342	23487	23642
C23525T T23599G C23603T C23604G	S:H655Y S:N679K S:P681C S:P681C	11	33194	0.000331	23487	23641
C23525T G23593A T23599G C23604G	S:H655Y S:Q677Q S:N679K S:P681R	11	33194	0.000331	23486	23642
C23525T G23547A T23599G C23604G	S:H655Y S:C662Y S:N679K S:P681R	11	33194	0.000331	23487	23642
C23525T A23534G T23599G C23604A	S:H655Y S:N658D S:N679K S:P681H	11	33194	0.000331	23487	23637
C23423T G23486-T C23525T	S:P621S NA S:H655Y	11	14718	0.000747	23336	23532
C23399+T C23423T	NA S:P621S	11	22987	0.000479	23339	23426
C23358+A	NA	11	24365	0.000451	23339	23366
C23271T A23310G A23403G C23423T	S:A570V S:E583G S:D614G S:P621S	11	5475	0.002009	23269	23429
C23230+A	NA	11	8266	0.001331	23089	23290
C21711T C21742T A21764-TACATG	S:S50L S:S60S S:DEL69/70	11	7899	0.001393	21696	21802
C21618T C21622T G21624C T21632-TACCCCCTG T21653-C C21711T A21764-TACATG	S:T19I S:T20T S:R21T S:DEL25/27 NA S:S50L S:DEL69/70	11	6917	0.00159	21597	21802
C21618T C21622T G21624C T21632-TACCCCCTG C21654T C21711T A21764-TACATG	S:T19I S:T20T S:R21T S:DEL25/27 S:S31F S:S50L S:DEL69/70	11	6917	0.00159	21597	21802
C21618T C21622T G21624C A21625G T21632-TACCCCCTG C21711T A21764-TACATG	S:T19I S:T20T S:R21T S:R21T S:DEL25/27 S:S50L S:DEL69/70	11	6917	0.00159	21597	21802
A25442G	ORF3a:Q17R	11	9292	0.001184	25372	25477
A25206+G C25207T	NA S:Y1215C	11	30927	0.000356	25192	25325
A25190+G	NA	11	30631	0.000359	25182	25325
A25165G	S:Q1201Q	11	30113	0.000365	25134	25179
A24860G C24990T C25000T	S:T1100A S:P1143L S:D1146D	11	8287	0.001327	24850	25069
A24820G	S:K1086K	11	2144	0.005131	24776	24943
A24735G	S:H1058R	11	5743	0.001915	24724	24806
A24630G	S:N1023S	11	37641	0.000292	24612	24679
A24592G	S:Q1010Q	11	33765	0.000326	24466	24679
A24551G	S:I997V	11	59545	0.000185	24469	24564
A24424T T24469A T24472-G C24536-A	S:Q954H S:N969K NA NA	11	24863	0.000442	24412	24564
A24424T T24451C T24469A	S:Q954H S:V963V S:N969K	11	25279	0.000435	24412	24564
A24424T T24427C T24469A	S:Q954H S:N955N S:N969K	11	25279	0.000435	24412	24564
A24424T G24445A T24469A	S:Q954H S:T961T S:N969K	11	25279	0.000435	24412	24564
A24424T C24517-A	S:Q954H NA	11	25021	0.00044	24412	24533
A24424T C24435-T T24469A	S:Q954H NA S:N969K	11	25279	0.000435	24412	24564
A24424T A24543G	S:Q954H S:D994G	11	24813	0.000443	24412	24564
A24424T A24468-T	S:Q954H NA	11	25285	0.000435	24416	24564
A24424C T24469A	S:Q954H S:N969K	11	25279	0.000435	24412	24564
A23924+T G23948T	NA S:D796*	11	3815	0.002883	23794	23964
A23888G	S:K776E	11	22824	0.000482	23861	23895
A23883G	S:Q774R	11	22947	0.000479	23864	23891
A23853-C A23886G	NA S:D775G	11	22438	0.00049	23683	23895
A23786+T C23854A C23887-A	NA S:N764K NA	11	21439	0.000513	23683	23895
A23767G	S:S735S	11	19524	0.000563	23683	23780
A23756-C C23854A	NA S:N764K	11	18239	0.000603	23748	23895
A23734G C23854A	S:T724T S:N764K	11	18067	0.000609	23708	23895
A23708G A23853-C	S:T716A NA	11	17874	0.000615	23683	23895
A23503T C23525T T23599G C23604G	S:A647A S:H655Y S:N679K S:P681R	11	33018	0.000333	23487	23624
A23403G C23423T T23480C C23525T	S:D614G S:P621S S:S640P S:H655Y	11	14559	0.000756	23335	23529
A23403G C23423T T23448C C23525T	S:D614G S:P621S S:L629P S:H655Y	11	14559	0.000756	23335	23539
A23403G C23423T T23428C C23525T	S:D614G S:P621S S:V622V S:H655Y	11	14559	0.000756	23335	23539
A23403G C23423T C23536+G	S:D614G S:P621S NA	11	14199	0.000775	23335	23539
A23403G C23423T A23493G C23525T	S:D614G S:P621S S:Q644R S:H655Y	11	14559	0.000756	23335	23532
A23403G C23422T C23423T	S:D614G S:V620V S:P621S	11	22999	0.000478	23394	23441
A23403G A23408G C23423T C23525T	S:D614G S:N616D S:P621S S:H655Y	11	14559	0.000756	23335	23539
A23378G A23403G C23423T C23525T	S:N606D S:D614G S:P621S S:H655Y	11	14390	0.000764	23335	23539
A23348G A23403G C23423T C23525T	S:S596G S:D614G S:P621S S:H655Y	11	14133	0.000778	23335	23532
A23267-T C23271T	NA S:A570V	11	8258	0.001332	23215	23285
A22294-C	NA	11	7672	0.001434	22283	22319
A22161+T A22193-ATT T22200G C22208T C22295A	NA S:DEL212 S:V213S S:L216S S:H245T	11	4918	0.002237	22112	22319
A22056G	S:N165S	11	15831	0.000695	22023	22058
A21875-T G21987A T21990-TTA T22032C C22033A A22034G	NA S:G142D S:DEL144 S:F157S S:F157S S:R158G	11	14415	0.000763	21847	22058
A21875-T G21941T G21987A T21990-TTA C22000-A T22032C C22033A A22034G	NA S:V127F S:G142D S:DEL144 NA S:F157S S:F157S S:R158G	11	14415	0.000763	21853	22058
T25414C	ORF3a:F8L	10	9788	0.001022	25372	25477
T25403C	ORF3a:F4S	10	9954	0.001005	25372	25477
T25303C	S:C1247C	10	37269	0.000268	25258	25325
T25289C	S:C1243R	10	37153	0.000269	25273	25325
T25264C	S:L1234L	10	36804	0.000272	25251	25325
T25257C	S:I1232T	10	36627	0.000273	25251	25325
T25232C	S:L1224L	10	31502	0.000317	25217	25325
T25128C C25207T	S:V1189A S:Y1215Y	10	27432	0.000365	25122	25307
T24972C C24990T C25000T	S:V1137A S:P1143L S:D1146D	10	8574	0.001166	24858	25036
T24756C	S:V1065A	10	5856	0.001708	24724	24806
T24643+A C24672+A	NA NA	10	37160	0.000269	24612	24679
T24514C C24672-A	S:L984L NA	10	32879	0.000304	24469	24679
T24501C	S:I980T	10	59916	0.000167	24465	24619
T24492-A T24514C	NA S:L984L	10	59494	0.000168	24473	24679
T24482C	S:S974P	10	59453	0.000168	24476	24506
T24481C	S:I973I	10	59277	0.000169	24474	24679
T24469A T24492-A T24622C	S:N969K NA S:A1020A	10	29394	0.00034	24465	24679
T24469A G24620A	S:N969K S:A1020T	10	29404	0.00034	24465	24679
T24469A G24558A	S:N969K S:G999D	10	54624	0.000183	24465	24564
T24469A G24550A	S:N969K S:L996L	10	54859	0.000182	24465	24564
T24469A G24527A	S:N969K S:A989T	10	55207	0.000181	24465	24564
T24469A C24632-T	S:N969K NA	10	29370	0.00034	24465	24679
T24469A A24545G	S:N969K S:R995G	10	54931	0.000182	24465	24564
T24414C A24424T T24437A T24469A	S:V951A S:Q954H S:L959I S:N969K	10	25119	0.000398	24412	24532
T23819C C23854A	S:L753L S:N764K	10	22695	0.000441	23736	23895
T23794C C23854A	S:G744G S:N764K	10	22400	0.000446	23683	23895
T23776C A23853-C	S:C738C NA	10	22191	0.000451	23699	23895
T23765C C23854A	S:S735P S:N764K	10	18275	0.000547	23683	23895
T23725C C23854A	S:S721S S:N764K	10	17969	0.000557	23683	23881
T23684C	S:S708P	10	58055	0.000172	23683	23724
T23681+C	NA	10	38752	0.000258	23668	23724
T23641-G	NA	10	71106	0.000141	23613	23671
T23599G C23604G T23681-A	S:N679K S:P681R NA	10	36574	0.000273	23580	23690
T23599G C23604G T23640-TG	S:N679K S:P681R NA	10	69698	0.000143	23580	23690
T23599G C23604G T23626-A	S:N679K S:P681R NA	10	70660	0.000142	23580	23642
T23599G C23604G G23653-T	S:N679K S:P681R NA	10	36870	0.000271	23580	23724
T23599G C23604G C23685T	S:N679K S:P681R S:S708F	10	36526	0.000274	23580	23705
T23599G C23604A A23656G	S:N679K S:P681H S:S698S	10	36841	0.000271	23580	23724
T23599G C23603+T C23604G	S:N679K NA S:P681C	10	71210	0.00014	23580	23642
T23599G A23712+T	S:N679K NA	10	35441	0.000282	23580	23724
T23590-C T23599G C23604G	NA S:N679K S:P681R	10	71089	0.000141	23580	23632
T23119C G23222A C23271T	S:H519H S:E554K S:A570V	10	7838	0.001276	23089	23290
T21934-A G21987A T21990-TTA C22000A	NA S:G142D S:DEL144 S:H146Q	10	15040	0.000665	21924	22058
T21931C G21941T G21987A T21990-TTA T22032C C22033A A22034G	S:A123A S:V127F S:G142D S:DEL144 S:F157S S:F157S S:R158G	10	14796	0.000676	21909	22058
T21889C G21941T G21987A T21990-TTA T22032C C22033A A22034G	S:T109T S:V127F S:G142D S:DEL144 S:F157S S:F157S S:R158G	10	14535	0.000688	21847	22058
T21609+CATGCCGCTGTT C21618T T21632-TACCCCCTG A21764-TACATG	S:INS17HAAV S:T19F S:DEL25/27 S:DEL69/70	10	6917	0.001446	21597	21802
T21609+CATGCCGCTGTT C21618T C21622T G21624C T21632-TACCCCCTG C21732-T A21764-TACATG	S:INS17HAAV S:T19F S:T20F S:R21T S:DEL25/27 NA S:DEL69/70	10	6917	0.001446	21597	21802
T21609+CATGCCGCTGTT C21618T C21622T G21624C T21632-TACCCCCTG C21711T C21736T A21764-TACATG	S:INS17HAAV S:T19F S:T20F S:R21T S:DEL25/27 S:S50L S:F58F S:DEL69/70	10	6917	0.001446	21597	21780
T21609+CATGCCGCTGTT C21618T C21622T G21624C T21632-TACCCCCTG C21654T A21764-TACATG	S:INS17HAAV S:T19F S:T20F S:R21T S:DEL25/27 S:S31V S:DEL69/70	10	6917	0.001446	21597	21796
T21609+CATGCCGCTGTT C21618T C21622T G21624C A21625G T21632-TACCCCCTG C21711T A21764-TACATG	S:INS17HAAV S:T19F S:T20F S:R21T S:R21T S:DEL25/27 S:S50L S:DEL69/70	10	6917	0.001446	21597	21802
G25527+C	NA	10	4467	0.002239	25372	25566
G25459A	ORF3a:A23T	10	9120	0.001096	25372	25477
G25299A	S:G1246D	10	37228	0.000269	25251	25325
G25218-T C25262-T	NA NA	10	31050	0.000322	25130	25324
G25186T C25207T C25262-T	S:Q1208H S:Y1215Y NA	10	29627	0.000338	25122	25325
G24620A	S:A1020T	10	37592	0.000266	24612	24659
G24570+T	NA	10	33989	0.000294	24564	24659
G24515A	S:D985N	10	59855	0.000167	24495	24564
G24510+T	NA	10	59901	0.000167	24476	24518
G24474+A	NA	10	58235	0.000172	24465	24523
G23903-T G23948T	NA S:D796Y	10	3737	0.002676	23888	23953
G23835+T T23850+A C23887-A	NA NA NA	10	22096	0.000453	23683	23895
G23699+T	NA	10	58335	0.000171	23683	23724
G23351+T	NA	10	24325	0.000411	23335	23362
G23222A C23271T G23285A	S:E554K S:A570V S:A575T	10	7998	0.00125	23089	23290
G23222A A23265G C23271T	S:E554K S:D568G S:A570V	10	8134	0.001229	23089	23290
G22813T T22882G G22895C G22898A	S:K417N S:N440K S:V445L S:G446S	10	318	0.031447	22793	22909
G21987A T21990-TTA C22000A A22056G	S:G142D S:DEL144 S:H146Q S:N165S	10	15099	0.000662	21972	22058
G21987A T21990-TTA A21999-C G22022-A	S:G142D S:DEL144 NA NA	10	15411	0.000649	21933	22058
G21987A A21993-TTACC A21999C A22056G	S:G142D NA S:H146P S:N165S	10	15099	0.000662	21847	22058
G21941T T21968C G21987A T21990-TTA T22032C C22033A A22034G	S:V127F S:C136R S:G142D S:DEL144 S:F157S S:F157S S:R158G	10	14850	0.000673	21847	22058
G21941T G21987A T21990-TTA T22032C C22033A A22034G A22046G	S:V127F S:G142D S:DEL144 S:F157S S:F157S S:R158G S:S162G	10	14752	0.000678	21848	22058
G21941T G21987A T21988C T21990-TTA T22032C C22033A A22034G	S:V127F S:G142D S:G142D S:DEL144 S:F157S S:F157S S:R158G	10	14850	0.000673	21847	22058
G21941T G21954A G21987A T21990-TTA T22032C C22033A A22034G	S:V127F S:C131Y S:G142D S:DEL144 S:F157S S:F157S S:R158G	10	14850	0.000673	21912	22058
G21624C T21632-TACCCCCTG C21711T A21764-TACATG	S:R21T S:DEL25/27 S:S50L S:DEL69/70	10	6918	0.001446	21622	21802
C25452T G25555+T	ORF3a:I20I NA	10	4343	0.002303	25372	25566
C25300T	S:G1246G	10	37238	0.000269	25272	25320
C25262-T T25382+A	NA NA	10	3898	0.002565	25251	25392
C25262-T C25466-T	NA NA	10	2765	0.003617	25251	25477
C25262-T A25374-T	NA NA	10	4013	0.002492	25251	25388
C25207T T25319A	S:Y1215Y S:C1253S	10	29886	0.000335	25122	25325
C25207T T25245-A	S:Y1215Y NA	10	30292	0.00033	25133	25325
C25207T G25320A	S:Y1215Y S:C1253Y	10	29875	0.000335	25122	25325
C25207T G25297A	S:Y1215Y S:K1245K	10	30081	0.000332	25122	25325
C25207T G25218T C25262-T	S:Y1215Y S:G1219V NA	10	30231	0.000331	25122	25325
C25207T C25275T	S:Y1215Y S:T1238I	10	30179	0.000331	25122	25325
C25207T C25262-T T25307-C	S:Y1215Y NA NA	10	30044	0.000333	25122	25325
C25207T C25262-T T25306C	S:Y1215Y NA S:C1248C	10	30052	0.000333	25130	25325
C25207T C25262-T G25278-T	S:Y1215Y NA NA	10	30168	0.000331	25131	25325
C25207T A25296-G	S:Y1215Y NA	10	30085	0.000332	25191	25325
C24899-A	NA	10	10954	0.000913	24853	24934
C24632+T	NA	10	37636	0.000266	24612	24648
C24621T	S:A1020V	10	37614	0.000266	24612	24679
C24435-T	NA	10	25715	0.000389	24412	24459
C24378T G24399-A A24424T	S:S939F NA S:Q954H	10	2851	0.003508	24314	24424
C24320-A A24424T	NA S:Q954H	10	2666	0.003751	24229	24424
C23882+A	NA	10	23042	0.000434	23865	23895
C23859T C23887-A	S:A766V NA	10	22559	0.000443	23767	23895
C23859+T	NA	10	23278	0.00043	23767	23873
C23854A T23861C	S:N764K S:L767L	10	23097	0.000433	23767	23894
C23785+A	NA	10	23317	0.000429	23767	23802
C23718-T	NA	10	57594	0.000174	23704	23724
C23692+T	NA	10	58251	0.000172	23683	23699
C23525T T23599G C23604G C23606G	S:H655Y S:N679K S:P681R S:R682G	10	33190	0.000301	23487	23624
C23525T T23581C T23599G C23604A	S:H655Y S:S673S S:N679K S:P681H	10	33194	0.000301	23487	23642
C23525T G23545A T23599G C23604G	S:H655Y S:E661E S:N679K S:P681R	10	33194	0.000301	23487	23642
C23525T C23585T T23599G C23604G	S:H655Y S:Q675* S:N679K S:P681R	10	33194	0.000301	23487	23642
C23525T A23598T T23599G C23604G	S:H655Y S:N679M S:N679M S:P681R	10	33194	0.000301	23487	23642
C23525T A23592T T23599G C23604G	S:H655Y S:Q677L S:N679K S:P681R	10	33194	0.000301	23493	23642
C23525T A23586T T23599G C23604G	S:H655Y S:Q675L S:N679K S:P681R	10	33194	0.000301	23487	23624
C23423T T23459-G	S:P621S NA	10	15871	0.00063	23335	23468
C23399+T C23423T G23486-T C23525T	NA S:P621S NA S:H655S	10	14548	0.000687	23335	23539
C23393+T A23403G C23423T	NA S:D614G S:P621S	10	22939	0.000436	23342	23443
C23367+A C23399+T C23423T C23525T	NA NA S:P621S S:H655Y	10	14307	0.000699	23336	23539
C23271T C23277T T23396C A23403G C23423T	S:A570V S:T572I S:Y612H S:D614G S:P621S	10	5475	0.001826	23269	23429
C23271T C23277T C23334-T C23393+T A23403G C23423T	S:A570V S:T572I NA NA S:D614G S:P621S	10	5475	0.001826	23269	23438
C22295A C22353A A22443-C	S:H245N S:A264D NA	10	653	0.015314	22246	22446
C22109G C22120-A T22200A G22317T	S:Q183E NA S:V213E S:G252V	10	4549	0.002198	22100	22319
C21618T T21632-TACCCCCTG G21718T	S:T19I S:DEL25/27 S:Q52H	10	7103	0.001408	21608	21788
C21618T T21632-TACCCCCTG C21711T A21764-TACATG	S:T19I S:DEL25/27 S:S50L S:DEL69/70	10	6917	0.001446	21597	21802
C21618T C21622T G21624C	S:T19I S:T20T S:R21T	10	7454	0.001342	21597	21664
A25545G	ORF3a:A51A	10	4398	0.002274	25372	25566
A25417G	ORF3a:T9A	10	9737	0.001027	25372	25477
A25256+T	NA	10	36604	0.000273	25251	25290
A25253G	S:T1231A	10	36566	0.000273	25251	25325
A25168G C25207T	S:E1202E S:Y1215Y	10	29731	0.000336	25135	25325
A25137-T	NA	10	29431	0.00034	25127	25156
A25134G C25207T	S:K1191R S:Y1215Y	10	28716	0.000348	25122	25325
A24968G C24990T C25000T	S:T1136A S:P1143L S:D1146D	10	8564	0.001168	24850	25050
A24962G C24990T C25000T	S:N1134D S:P1143L S:D1146D	10	8548	0.00117	24853	25067
A24942G C24990T C25000T	S:D1127G S:P1143L S:D1146D	10	8477	0.00118	24897	25069
A24920G C24990T C25000T	S:T1120A S:P1143L S:D1146D	10	8435	0.001186	24850	25069
A24915G C24990T C25000T	S:D1118G S:P1143L S:D1146D	10	8427	0.001187	24850	25064
A24877G C24981-T C24990T C25000T	S:T1105T NA S:P1143L S:D1146D	10	8341	0.001199	24850	25069
A24644G	S:K1028E	10	37601	0.000266	24612	24679
A24604G	S:R1014R	10	33744	0.000296	24571	24679
A24602G	S:R1014G	10	33751	0.000296	24484	24679
A24580G	S:T1006T	10	33941	0.000295	24493	24679
A24556+G	NA	10	59371	0.000168	24473	24564
A24424T T24469G	S:Q954H S:N969K	10	25279	0.000396	24412	24564
A24424T T24469A G24550A	S:Q954H S:N969K S:L996L	10	24751	0.000404	24412	24564
A24424T T24469A C24503-T	S:Q954H S:N969K NA	10	25111	0.000398	24412	24564
A24424T T24438+A T24451+A	S:Q954H NA NA	10	25413	0.000393	24412	24483
A24424T G24535A	S:Q954H S:V991V	10	24872	0.000402	24412	24564
A24424T G24476A	S:Q954H S:A972T	10	25245	0.000396	24412	24564
A24424T A24554G	S:Q954H S:T998A	10	24668	0.000405	24412	24564
A24424T A24518G	S:Q954H S:K986E	10	25015	0.0004	24412	24523
A24424T A24468-T T24470A	S:Q954H NA S:F970I	10	25258	0.000396	24412	24514
A24424T A24467G T24469A	S:Q954H S:N969E S:N969E	10	25279	0.000396	24412	24564
A24424T A24430G	S:Q954H S:A956A	10	25534	0.000392	24412	24484
A24424C	S:Q954H	10	28451	0.000351	24412	24564
A24423+T T24469A	NA S:N969Q	10	25278	0.000396	24412	24564
A24253-T A24324-AT C24378T	NA NA S:S939F	10	2139	0.004675	24229	24405
A24137G	S:T859A	10	4517	0.002214	24106	24175
A24043G	S:T827T	10	4141	0.002415	24021	24130
A23853-C T23878C	NA S:V772V	10	22695	0.000441	23683	23895
A23848+T C23887-A	NA NA	10	22364	0.000447	23767	23895
A23826G	S:Q755R	10	23304	0.000429	23815	23895
A23810G A23853-C	S:S750G NA	10	22592	0.000443	23705	23895
A23801G A23853-C	S:T747A NA	10	22499	0.000444	23787	23895
A23800G C23854A	S:S746S S:N764K	10	22475	0.000445	23772	23881
A23796+T	NA	10	23356	0.000428	23767	23806
A23777G	S:T739A	10	23364	0.000428	23767	23890
A23756G A23853-C	S:T732A NA	10	18249	0.000548	23683	23895
A23682+T	NA	10	38762	0.000258	23672	23724
A23656+T	NA	10	38467	0.00026	23649	23724
A23515G C23525T T23599G C23604G	S:I651M S:H655Y S:N679K S:P681R	10	33157	0.000302	23486	23624
A23403G C23423T T23521C C23525T	S:D614G S:P621S S:A653A S:H655Y	10	14559	0.000687	23335	23539
A23403G C23423T T23489C C23525T	S:D614G S:P621S S:F643L S:H655Y	10	14559	0.000687	23342	23539
A23403G C23423T T23459-G C23525T	S:D614G S:P621S NA S:H655Y	10	14559	0.000687	23335	23537
A23403G C23423T T23452C C23525T	S:D614G S:P621S S:T630T S:H655Y	10	14559	0.000687	23351	23539
A23403G C23423T T23428C	S:D614G S:P621S S:V622V	10	22888	0.000437	23335	23443
A23403G C23423T T23425C C23525T	S:D614G S:P621S S:P621S S:H655Y	10	14559	0.000687	23335	23539
A23403G C23423T G23508+T C23525T	S:D614G S:P621S NA S:H655S	10	14559	0.000687	23335	23539
A23403G C23423T G23499A C23525T	S:D614G S:P621S S:R646H S:H655Y	10	14559	0.000687	23335	23539
A23403G C23423T C23525T T23529C	S:D614G S:P621S S:H655Y S:V656A	10	14542	0.000688	23335	23539
A23403G C23423T A23469+T	S:D614G S:P621S NA	10	15356	0.000651	23342	23478
A23403G C23423T A23446G C23525T	S:D614G S:P621S S:Q628Q S:H655Y	10	14559	0.000687	23335	23539
A22556G G22577C G22578A	S:I332V S:G339H S:G339H	10	229	0.043668	22532	22581
A22193-ATT T22200G T22207-C C22295A	S:DEL212 S:V213G NA S:H245N	10	5053	0.001979	22176	22319
A22193-ATT T22200G C22208T C22295A A22296+T	S:DEL212 S:V213G S:L216F S:H245I NA	10	5023	0.001991	22100	22312
A22193-ATT T22200G C22208T A22233G C22295A	S:DEL212 S:V213G S:L216F S:E224G S:H245N	10	5053	0.001979	22164	22319
A21894G G21941T G21987A T21990-TTA T22032C C22033A A22034G	S:D111G S:V127F S:G142D S:DEL144 S:F157S S:F157S S:R158G	10	14569	0.000686	21847	22058
A21875-T T21940-G A21979-T G21987A T21990-TTA T22032C C22033A A22034G	NA NA NA S:G142D S:DEL144 S:F157S S:F157S S:R158G	10	14415	0.000694	21847	22058
A21875-T G21941T G21987A T21990-TTA T22032C C22033A	NA S:V127F S:G142D S:DEL144 S:F157S S:F157S	10	14418	0.000694	21847	22058
