nt_mutations	aa_mutations	cluster_depth	total_depth	frequency	coverage_start	coverage_end
T23599G C23604A	S:N679K S:P681H	13575	49237	0.275707	23596	23605
C23525T T23599G C23604A	S:H655Y S:N679K S:P681H	10489	22316	0.470022	23520	23605
A24424T	S:Q954H	6674	27821	0.239891	24421	24424
C23854A	S:N764K	2874	11037	0.260397	23850	23864
A24424T T24469A	S:Q954H S:N969K	2746	25829	0.106315	24420	24470
A23403G	S:D614G	2702	17373	0.155529	23399	23409
C23525T	S:H655Y	2561	32284	0.079327	23520	23528
G21987A	S:G142D	2502	9244	0.270662	21983	21990
T24469A	S:N969K	2437	42672	0.05711	24466	24481
C24672-A	NA	1610	27307	0.058959	24626	24679
C25000T	S:D1146D	1565	8996	0.173966	24998	25004
T23599G	S:N679K	1322	49283	0.026825	23595	23602
C21618T T21632-TACCCCCTG A21764-TACATG	S:T19I S:DEL25/27 S:DEL69/70	1252	5082	0.24636	21613	21780
C23334-T	NA	1240	9928	0.124899	23286	23345
A23403G C23525T	S:D614G S:H655Y	1061	5873	0.180657	23399	23529
C23604A	S:P681H	1055	49309	0.021396	23600	23611
C25416T	ORF3a:F8F	916	13096	0.069945	25383	25426
G22813T T22882G A22893C T22917G	S:K417N S:N440K S:K444T S:L452R	854	7444	0.114723	22808	22920
C23525T C23604A	S:H655Y S:P681H	742	22316	0.03325	23516	23620
A24253-T	NA	713	5683	0.125462	24236	24265
C24981-T C25000T	NA S:D1146D	676	6554	0.103143	24938	25003
A21764-TACATG	S:DEL69/70	582	9778	0.059521	21757	21780
C22120-A	NA	578	6754	0.085579	22112	22132
C23334-T A23403G	NA S:D614G	567	9465	0.059905	23296	23411
C21618T T21632-TACCCCCTG	S:T19I S:DEL25/27	544	6115	0.088962	21608	21653
T22942A	S:N460K	530	8696	0.060948	22938	22949
T23599G C23604A G23666-A	S:N679K S:P681H NA	464	26183	0.017721	23593	23678
T24492-A	NA	462	52763	0.008756	24486	24517
C23525T A23535G T23599G C23604A	S:H655Y S:N658S S:N679K S:P681H	410	22316	0.018372	23505	23624
C24536-A	NA	387	52974	0.007305	24524	24551
T23599G C23604A G23675-T	S:N679K S:P681H NA	374	26077	0.014342	23586	23687
C23525T T23599G	S:H655Y S:N679K	369	22324	0.016529	23518	23602
T23599G C23604A G23616A	S:N679K S:P681H S:R685H	356	49190	0.007237	23583	23624
G22813T T22882G T22942A	S:K417N S:N440K S:N460K	340	6093	0.055802	22811	22949
C23887-A	NA	340	10312	0.032971	23854	23895
A23786-T C23854A	NA S:N764K	340	9744	0.034893	23776	23881
G25555-T	NA	339	6660	0.050901	25383	25566
A24424T T24469A T24472-G	S:Q954H S:N969K NA	334	25801	0.012945	24417	24553
G22578A	S:G339D	323	2127	0.151857	22573	22580
T23599G C23604A G23608A	S:N679K S:P681H S:R682R	308	49219	0.006258	23581	23622
T24471-TG	NA	303	47247	0.006413	24465	24496
G22813T T22882G	S:K417N S:N440K	296	8454	0.035013	22808	22886
A24424T C24517-A	S:Q954H NA	294	25600	0.011484	24415	24531
T24469A T24472-G	S:N969K NA	292	42619	0.006851	24465	24564
C24517-A	NA	291	53171	0.005473	24504	24530
G22104-A C22120-A	NA NA	290	6395	0.045348	22100	22133
C22000A	S:H146Q	290	11293	0.02568	21996	22033
A24424T C24536-A	S:Q954H NA	288	25499	0.011295	24413	24551
C21618T T21632-TACCCCCTG A21764-TACATG C21781-A	S:T19I S:DEL25/27 S:DEL69/70 NA	287	5062	0.056697	21613	21802
C25262-T	NA	262	15513	0.016889	25260	25272
G24488-T	NA	252	52371	0.004812	24486	24499
A21979-T G21987A	NA S:G142D	250	7167	0.034882	21965	21995
T23599G C23604A C23634T	S:N679K S:P681H S:S691F	247	48731	0.005069	23580	23642
G22813T T22882G T22917G T22942A	S:K417N S:N440K S:L452R S:N460K	243	6093	0.039882	22801	22947
A21764-TACATG A21817-T	S:DEL69/70 NA	242	3899	0.062067	21757	21827
G22317T	S:G252V	239	5326	0.044874	22290	22319
A22941-T	NA	237	8741	0.027114	22934	22961
T24628-A	NA	232	27544	0.008423	24620	24667
C23525T T23599G C23604A G23642A	S:H655Y S:N679K S:P681H Unknown	230	21350	0.010773	23513	23642
T24267-G	NA	227	5684	0.039937	24259	24307
C25262-TT	NA	224	15513	0.01444	25252	25292
G23948T	S:D796Y	215	1337	0.160808	23944	23963
G24140-T	NA	211	3490	0.060458	24131	24173
C23525T T23599G C23604A C23634T	S:H655Y S:N679K S:P681H S:S691F	211	21967	0.009605	23507	23637
A25472-T	NA	205	12447	0.01647	25383	25477
T23599G C23604A A23704G	S:N679K S:P681H S:I714M	204	25619	0.007963	23580	23724
C22295A	S:H245N	203	5358	0.037887	22290	22310
A21875-T	NA	201	12083	0.016635	21870	21888
G21987A C22000-A	S:G142D NA	193	8515	0.022666	21982	22012
G24638T	S:A1026S	191	27508	0.006943	24625	24651
T22200G	S:V213G	190	1802	0.105438	22195	22207
C23525T A23558-T T23599G C23604A	S:H655Y NA S:N679K S:P681H	188	22316	0.008424	23507	23621
G22813T T22882G A22893C	S:K417N S:N440K S:K444T	178	8318	0.021399	22809	22896
A24424T T24471-TG	S:Q954H NA	177	25808	0.006858	24415	24559
T24470-TTG	S:DEL971	176	43122	0.004081	24466	24489
T23599G C23604A A23712-T	S:N679K S:P681H NA	174	25282	0.006882	23581	23724
G22813T T22882G T22917G	S:K417N S:N440K S:L452R	171	7444	0.022972	22800	22921
C23525T T23569C T23599G C23604A	S:H655Y S:G669G S:N679K S:P681H	171	22316	0.007663	23498	23624
C23525T A23558G T23599G C23604A	S:H655Y S:I666V S:N679K S:P681H	170	22316	0.007618	23499	23624
G22813T	S:K417N	161	8806	0.018283	22793	22816
A24424T T24469A C24536-A	S:Q954H S:N969K NA	161	25499	0.006314	24420	24563
G23508T C23525T T23599G C23604A	S:C649F S:H655Y S:N679K S:P681H	158	22253	0.0071	23493	23630
A23403G G23417C C23525T	S:D614G S:E619Q S:H655Y	151	5873	0.025711	23372	23529
A24424T G24488-T	S:Q954H NA	150	25739	0.005828	24414	24500
T24589-CAA	S:DEL1010	148	24855	0.005955	24552	24658
G21987A A22001G T22016C C22033A	S:G142D S:K147E S:W152R S:F157L	145	5863	0.024731	21983	22043
A24424T C24435-T	S:Q954H NA	144	26195	0.005497	24412	24459
T24643-A	NA	142	27522	0.00516	24626	24668
T23143-A	NA	142	7441	0.019083	23105	23155
C24981-T	NA	138	6784	0.020342	24943	24986
A22107T	S:K182I	137	6495	0.021093	22100	22111
G25302-T	NA	134	16108	0.008319	25294	25323
A23403G T23482-A C23525T	S:D614G NA S:H655Y	134	5873	0.022816	23398	23529
C23320T A23403G	S:D586D S:D614G	133	9446	0.01408	23296	23437
T23143-A T23164-A	NA NA	132	7052	0.018718	23129	23176
C24503-T	NA	132	52969	0.002492	24496	24513
T25258C	S:I1232I	130	15449	0.008415	25251	25316
T22882G A22893C T22917G	S:N440K S:K444T S:L452R	130	8114	0.016022	22876	22920
G25278-T	NA	130	15778	0.008239	25266	25302
C24435-T	NA	130	26878	0.004837	24428	24449
G22813T T22882G G22895C T22896C G22898A	S:K417N S:N440K S:V445P S:V445P S:G446S	129	8007	0.016111	22801	22907
T25191-A	NA	128	9744	0.013136	25179	25198
A21979-T G21987A C22000-A	NA S:G142D NA	128	6438	0.019882	21869	22012
C23816-T	NA	127	11094	0.011448	23767	23827
C25294-A	NA	126	15956	0.007897	25283	25319
A23853-C	NA	123	11061	0.01112	23846	23867
G24515A	S:D985N	122	53176	0.002294	24484	24520
G24488-T C24672-A	NA NA	122	22321	0.005466	24486	24679
T24469A C24672-A	S:N969K NA	121	14053	0.00861	24465	24679
T23599G C23604A C23609-G	S:N679K S:P681H NA	119	49217	0.002418	23587	23633
A21817-T	NA	118	4598	0.025663	21785	21830
C23525T A23558G T23599G C23604A T23640C	S:H655Y S:I666V S:N679K S:P681H S:I693T	116	21481	0.0054	23492	23642
T23599G C23604A A23704+C	S:N679K S:P681H NA	115	25619	0.004489	23593	23716
C22120-A A22161-T	NA NA	115	6358	0.018087	22100	22181
C21618T	S:T19I	115	6209	0.018522	21606	21621
A24110-T	NA	115	2407	0.047777	24043	24120
G25401+T	NA	113	13221	0.008547	25381	25413
G25287-T	NA	113	15874	0.007119	25279	25307
A24424T G24488+T	S:Q954H NA	113	25739	0.00439	24413	24513
C24852-A	NA	112	7966	0.01406	24850	24877
A24110-T C24119-A	NA NA	112	2340	0.047863	24038	24135
A23013C T23018G A23055G A23063T T23075C	S:E484A S:F486V S:Q498R S:N501Y S:Y505H	112	1642	0.06821	23008	23085
G22021A	S:M153I	110	9909	0.011101	22015	22043
T24472-G	NA	109	47462	0.002297	24465	24491
A24803-T	NA	107	4010	0.026683	24791	24806
G22133-A	NA	106	7963	0.013312	22126	22182
C22120-A T22200G	NA S:V213G	106	1534	0.0691	22112	22205
T21632-TACCCCCTG A21764-TACATG	S:DEL25/27 S:DEL69/70	105	5084	0.020653	21608	21800
G22813T T22942A	S:K417N S:N460K	105	6093	0.017233	22799	22949
C24852-A C25000T	NA S:D1146D	105	5809	0.018075	24850	25015
T21632-TACCCCCTG	S:DEL25/27	104	6117	0.017002	21620	21664
C21781-A	NA	104	10345	0.010053	21774	21800
T23599G C23604A T23684C	S:N679K S:P681H S:S708P	102	25990	0.003925	23580	23706
T25415-C	NA	101	13099	0.007711	25384	25477
A21979-T	NA	99	8020	0.012344	21847	21995
C24503-T C24672-A	NA NA	96	23162	0.004145	24489	24679
G23835-T	NA	93	10937	0.008503	23772	23847
G22487-A	NA	93	1630	0.057055	22417	22499
T23164-A	NA	90	7210	0.012483	23161	23179
T23075C	S:Y505H	90	2352	0.038265	23071	23188
A24424T C24503-T	S:Q954H NA	90	25669	0.003506	24413	24542
A23767+T C23854A	NA S:N764K	88	8077	0.010895	23755	23873
G25218-T	NA	87	11414	0.007622	25209	25232
C24455-A	NA	87	26893	0.003235	24429	24465
A24493T	S:L977F	87	52716	0.00165	24489	24564
G23401T A23403G	S:Q613H S:D614G	86	17373	0.00495	23335	23443
T22882G	S:N440K	85	9139	0.009301	22878	22887
A24647-TG	NA	85	27543	0.003086	24610	24679
T22297C	S:H245H	84	5356	0.015683	22270	22308
C24672-AA	NA	84	27307	0.003076	24626	24679
C24536-AA	NA	84	52974	0.001586	24519	24554
A21764-TACATG C21781-A	S:DEL69/70 NA	83	9744	0.008518	21757	21802
T23599G C23604A C23609-G G23666-A	S:N679K S:P681H NA NA	82	26183	0.003132	23580	23686
T23590C T23599G C23604A	S:T676T S:N679K S:P681H	82	49128	0.001669	23580	23619
T23482-A C23525T	NA S:H655Y	82	7309	0.011219	23467	23536
G24577T	S:Q1005H	82	25095	0.003268	24542	24628
G23522-A C23525T	NA S:H655Y	82	32274	0.002541	23512	23539
C23367-A	NA	82	18247	0.004494	23344	23378
A23524G C23525T T23599G C23604A	S:E654E S:H655Y S:N679K S:P681H	82	22315	0.003675	23488	23611
T24469A C24536-A	S:N969K NA	81	41668	0.001944	24465	24554
G22158-T	NA	81	8754	0.009253	22151	22182
T24643-A C24672-A	NA NA	80	27141	0.002948	24612	24679
G23768-T	NA	80	11308	0.007075	23683	23778
C21618T A21764-TACATG	S:T19I S:DEL69/70	80	5082	0.015742	21608	21788
G22037-T	NA	79	14543	0.005432	22030	22050
A23515+G C23525T T23599G C23604A	NA S:H655S S:N679* S:P681Y	79	22291	0.003544	23487	23624
C21978A G21987A	S:P139Q S:G142D	78	7122	0.010952	21965	22043
T22942G	S:N460K	77	8696	0.008855	22938	22967
G25269A	S:C1236Y	77	15660	0.004917	25263	25320
C22000-A	NA	77	11293	0.006818	21993	22012
A24468-T T24470A	NA S:F970I	77	42622	0.001807	24465	24484
T23278-A	NA	76	13867	0.005481	23269	23290
G22813T T22882G A22893C T22917G T22942A	S:K417N S:N440K S:K444T S:L452R S:N460K	76	6093	0.012473	22801	22953
G22104-A C22120-A A22161-T	NA NA NA	76	6003	0.01266	22100	22182
A25216-G	NA	76	10051	0.007561	25209	25324
A24922-T C24981-T C25000T	NA NA S:D1146D	76	6344	0.01198	24850	25016
A24253-T C24263-A	NA NA	76	5612	0.013542	24236	24273
G24488+T	NA	75	52371	0.001432	24478	24500
C22674T	S:S371F	75	1417	0.052929	22655	22676
C21618T T21632-TACCCCCTG C21736-T A21764-TACATG	S:T19I S:DEL25/27 NA S:DEL69/70	75	5082	0.014758	21606	21802
A23403G G23417C	S:D614G S:E619Q	75	17060	0.004396	23400	23424
C23320T	S:D586D	74	9958	0.007431	23312	23330
T22054-A	NA	73	14217	0.005135	22038	22058
G22014-T	NA	73	10170	0.007178	22005	22043
C25460T	ORF3a:A23V	73	12617	0.005786	25378	25477
A21764-TACATG A21817-T A21875-T	S:DEL69/70 NA NA	73	3683	0.019821	21757	21908
T25263C	S:L1234P	72	15527	0.004637	25251	25324
C24899-A C24981-T C25000T	NA NA S:D1146D	72	6286	0.011454	24852	25020
C23325T A23403G	S:T588I S:D614G	72	9456	0.007614	23296	23439
C23291T A23403G	S:R577C S:D614G	72	9341	0.007708	23282	23429
C21962-A	NA	72	12288	0.005859	21938	21973
A25201+T	NA	72	10161	0.007086	25193	25210
A24424T C24455-A	S:Q954H NA	72	25975	0.002772	24412	24527
G22403-A	NA	71	4132	0.017183	22371	22436
C23525T C23533-A T23599G C23604A	S:H655Y NA S:N679K S:P681H	71	22316	0.003182	23493	23624
A24424T C24466+A	S:Q954H NA	71	25849	0.002747	24412	24510
T23143-A T23164-A C23230-A	NA NA NA	70	4178	0.016754	23089	23243
G24521+T	NA	70	53179	0.001316	24497	24532
G22813T T22882G G22895C T22896C G22898A T22942G	S:K417N S:N440K S:V445P S:V445P S:G446S S:N460K	70	6093	0.011489	22808	22966
C23099-T T23143-A T23164-A C23230-A	NA NA NA NA	70	4051	0.01728	23089	23242
C23099-T	NA	70	7498	0.009336	23097	23109
T23596+A T23599G C23604A	NA S:N679* S:P681Y	69	49226	0.001402	23585	23631
T21934-A	NA	69	12265	0.005626	21924	21956
C24119-A	NA	69	2547	0.027091	24111	24144
C25416T G25565A	ORF3a:F8F ORF3a:S58N	68	6544	0.010391	25380	25566
C25000T C25100-A	S:D1146D NA	68	2084	0.03263	24992	25131
C23202A	S:T547K	67	6739	0.009942	23196	23224
C23103-T	NA	66	7486	0.008816	23096	23116
A21875-T C21888-T	NA NA	66	11905	0.005544	21867	21902
G22809-A G22813T T22882G A22893C T22917G	NA S:K417N S:N440K S:K444T S:L452R	64	7441	0.008601	22793	22921
C23525T T23563+C T23599G C23604A	S:H655Y NA S:N679* S:P681Y	64	22316	0.002868	23487	23616
T23703-A	NA	63	37920	0.001661	23683	23711
T23599G C23604A T23693C	S:N679K S:P681H S:S711P	63	25902	0.002432	23580	23703
G23517A C23525T T23599G C23604A	S:G652E S:H655Y S:N679K S:P681H	63	22300	0.002825	23513	23624
C23525T A23535G	S:H655Y S:N658S	63	31778	0.001983	23507	23539
C23248T	S:F562F	63	4056	0.015533	23226	23274
C21888-T	NA	63	12009	0.005246	21881	21898
A24922-T	NA	63	8270	0.007618	24914	24932
G22813T A22845-T T22882G A22893C T22917G	S:K417N NA S:N440K S:K444T S:L452R	62	7444	0.008329	22800	22922
A25137-T	NA	62	9209	0.006733	25130	25149
A23474+T C23525T	NA S:H655S	62	7099	0.008734	23462	23539
T23599G C23604A A23712+T	S:N679K S:P681H NA	61	25282	0.002413	23581	23724
C24483+A	NA	61	51678	0.00118	24476	24495
C22033A	S:F157L	61	14548	0.004193	22020	22042
T23521C C23525T T23599G C23604A	S:A653A S:H655Y S:N679K S:P681H	60	22312	0.002689	23501	23634
G22104-A	NA	60	6467	0.009278	22100	22115
C24632-T	NA	60	27541	0.002179	24615	24671
C24026-T	NA	60	4313	0.013911	24024	24049
A23403G T23428-G C23525T	S:D614G NA S:H655Y	60	5873	0.010216	23393	23532
A24532C	S:E990D	59	53056	0.001112	24497	24603
T23480+A C23525T	NA S:H655S	58	7170	0.008089	23473	23539
G21987A T21990-TTA	S:G142D S:DEL144	58	9173	0.006323	21975	22007
A23013C T23018G A23055G T23075C	S:E484A S:F486V S:Q498R S:Y505H	58	1642	0.035323	23008	23079
T23599G T23602C C23604A	S:N679K S:S680S S:P681H	57	49237	0.001158	23580	23642
T23599G C23604A A23623G	S:N679K S:P681H S:V687V	57	49146	0.00116	23580	23669
T25191-A C25262-TT	NA NA	56	7291	0.007681	25130	25303
T23637-C	NA	56	49720	0.001126	23629	23642
C24466+A	NA	56	42536	0.001317	24465	24476
A23712-T	NA	56	37608	0.001489	23705	23723
A21875-T G21987A	NA S:G142D	56	5624	0.009957	21869	21990
C25000T T25072-G	S:D1146D NA	55	2269	0.02424	24992	25085
C23525T T23599G C23604A C23613T	S:H655Y S:N679K S:P681H S:A684V	55	22302	0.002466	23492	23637
C21618T T21632-TACCCCCTG C21736-T A21764-TACATG C21781-A	S:T19I S:DEL25/27 NA S:DEL69/70 NA	55	5062	0.010865	21603	21793
T23599G C23604A T23662C	S:N679K S:P681H S:G700G	54	26224	0.002059	23581	23675
C24422-A	NA	54	27839	0.00194	24413	24424
A24539-T	NA	54	52969	0.001019	24521	24557
A24424T T24469A T24472-G C24536-A	S:Q954H S:N969K NA NA	54	25499	0.002118	24421	24563
A21764-TACATG T21775-G A21817-T	S:DEL69/70 NA NA	54	3899	0.01385	21757	21837
T25187+A	NA	53	9368	0.005658	25174	25320
T23689-A	NA	53	37902	0.001398	23683	23707
G21987A A21993-T	S:G142D NA	53	9132	0.005804	21982	22058
A24318-C	NA	53	5808	0.009125	24307	24333
A22001G T22016C C22033A	S:K147E S:W152R S:F157L	53	9103	0.005822	21995	22044
A21875-T A21979-T G21987A	NA NA S:G142D	53	5624	0.009424	21869	21996
T25458C	ORF3a:D22D	52	12653	0.00411	25382	25477
G22813T T22882G T22942A C22950-T	S:K417N S:N440K S:N460K NA	52	5790	0.008981	22803	22966
C25416T G25555-T	ORF3a:F8F NA	52	6660	0.007808	25381	25566
A24675G	S:K1038R	51	27228	0.001873	24635	24679
A22107T C22120-A	S:K182I NA	51	6428	0.007934	22100	22132
G25157A	S:D1199N	50	9315	0.005368	25130	25175
G23486-T C23525T	NA S:H655Y	50	7419	0.006739	23435	23532
C21618T T21632-TACCCCCTG T21671C A21764-TACATG	S:T19I S:DEL25/27 S:Y37H S:DEL69/70	50	5082	0.009839	21606	21802
A23403G C23525T A23535G	S:D614G S:H655Y S:N658S	50	5619	0.008898	23389	23539
T23599G C23604A T23698C	S:N679K S:P681H S:I712I	49	25862	0.001895	23580	23700
T23599G C23604A A23639-T	S:N679K S:P681H NA	49	48223	0.001016	23580	23642
G22813T T22882G A22910G T22917G	S:K417N S:N440K S:N450D S:L452R	49	7444	0.006582	22793	22949
C23320T C23334-T	S:D586D NA	49	9907	0.004946	23285	23379
A25208-T	NA	49	10727	0.004568	25201	25210
A24424T C24536-AA	S:Q954H NA	49	25499	0.001922	24416	24564
A23063T T23075C	S:N501Y S:Y505H	49	2143	0.022865	23059	23215
A23013C T23018G A23055G	S:E484A S:F486V S:Q498R	49	1741	0.028145	23008	23061
T22392-A	NA	48	4174	0.0115	22373	22403
G23417C	S:E619Q	48	17849	0.002689	23413	23420
C23099-T T23143-A T23164-A	NA NA NA	48	6680	0.007186	23096	23176
A25374-T	NA	48	10727	0.004475	25372	25395
A21979-T G21987A C22000-AA C22009-A	NA S:G142D NA NA	48	5192	0.009245	21847	22027
T24552C	S:I997T	47	52755	0.000891	24512	24564
T24513C	S:L984P	47	53201	0.000883	24508	24528
G24570-T	NA	47	25131	0.00187	24545	24601
G22813T T22846C T22882G G22898A	S:K417N S:D428D S:N440K S:G446S	47	8007	0.00587	22793	22901
C24672-A A24684-T	NA NA	47	2284	0.020578	24623	24699
C24263-A	NA	47	5667	0.008294	24233	24282
C23758A	S:T732T	47	9579	0.004907	23683	23772
A24479-T	NA	47	50708	0.000927	24471	24494
A24424T A24468-T T24470A	S:Q954H NA S:F970I	47	25808	0.001821	24415	24563
A24324T	S:K921I	47	5445	0.008632	24229	24327
T25248-G	NA	46	13627	0.003376	25230	25320
T24469A T24492-A	S:N969K NA	46	42454	0.001084	24467	24564
T23599G C23604A T23640C	S:N679K S:P681H S:I693T	46	48181	0.000955	23588	23642
T22164-TA	NA	46	9016	0.005102	22149	22187
G23501T C23525T T23599G C23604A	S:A647S S:H655Y S:N679K S:P681H	46	22116	0.00208	23492	23624
C24517-A C24672-A	NA NA	46	23529	0.001955	24489	24679
C23099-T T23143-A	NA NA	46	7062	0.006514	23093	23161
A25253G	S:T1231A	46	15372	0.002992	25251	25307
A24424T T24438+A	S:Q954H NA	46	26159	0.001758	24412	24449
T23482-A	NA	45	7468	0.006026	23469	23524
G24883-A	NA	45	8297	0.005424	24861	24929
G23522-A C23525T T23599G C23604A	NA S:H655Y S:N679K S:P681H	45	22315	0.002017	23498	23634
G22813T T22882G A22941-T	S:K417N S:N440K NA	45	6135	0.007335	22793	22949
C25276-A	NA	45	15762	0.002855	25269	25325
A23848+T C23887-A	NA NA	45	10042	0.004481	23782	23907
A23786-T	NA	45	11205	0.004016	23767	23798
A23013C T23018G A23063T T23075C	S:E484A S:F486V S:N501Y S:Y505H	45	1642	0.027406	23008	23093
T23509C C23525T T23599G C23604A	S:C649C S:H655Y S:N679K S:P681H	44	22270	0.001976	23490	23624
G22104-A C22120-A T22164-TA	NA NA NA	44	5982	0.007355	22100	22186
A24885-T C24981-T C25000T	NA NA S:D1146D	44	6200	0.007097	24853	25016
A24520G	S:K986K	44	53211	0.000827	24501	24559
A23013C T23018G	S:E484A S:F486V	44	2314	0.019015	23008	23036
T23599G C23604A T23620C	S:N679K S:P681H S:S686S	43	49171	0.000874	23580	23642
T23599G C23604A A23656G	S:N679K S:P681H S:S698S	43	26280	0.001636	23581	23724
T21872-GG	NA	43	12109	0.003551	21847	21905
C25207G	S:Y1215*	43	10575	0.004066	25203	25307
C24503+T	NA	43	52969	0.000812	24475	24516
C23854A C23887-A	S:N764K NA	43	10104	0.004256	23842	23895
C23525T T23599G T23600C C23604A	S:H655Y S:N679K S:S680P S:P681H	43	22316	0.001927	23487	23634
A25472+T	NA	43	12447	0.003455	25381	25483
A21764-TACATG T21934-A	S:DEL69/70 NA	43	3615	0.011895	21757	21956
T21856+A	NA	42	12125	0.003464	21847	21867
G22022-A	NA	42	9905	0.00424	22015	22043
C23291T C23334-T	S:R577C NA	42	9799	0.004286	23285	23356
A25503+C	NA	42	8004	0.005247	25381	25511
A24508G	S:S982S	42	53126	0.000791	24493	24564
A24424T C24503-T C24517-A	S:Q954H NA NA	42	25600	0.001641	24416	24564
A23354+T	NA	42	18758	0.002239	23336	23362
T23599G C23604A G23666-A G23675-T	S:N679K S:P681H NA NA	41	26077	0.001572	23580	23687
T23434-C C23525T	NA S:H655Y	41	6786	0.006042	23418	23539
T22882G A22893C	S:N440K S:K444T	41	8999	0.004556	22876	22902
G24868-T	NA	41	8358	0.004905	24850	24878
G24488-T C24503-T C24672-A	NA NA NA	41	22321	0.001837	24471	24679
C24899-A	NA	41	8311	0.004933	24850	24909
C23525T T23599G C23604A A23639-T	S:H655Y S:N679K S:P681H NA	41	21514	0.001906	23492	23642
C23525T A23550G T23599G C23604A	S:H655Y S:D663G S:N679K S:P681H	41	22316	0.001837	23492	23624
C21618T T21632-TACCCCCTG C21654-T A21764-TACATG	S:T19I S:DEL25/27 NA S:DEL69/70	41	5082	0.008068	21598	21800
A24684-T	NA	41	2430	0.016872	24612	24702
A24424T T24470-TTG	S:Q954H S:DEL971	41	25808	0.001589	24412	24564
A23515-G C23525T T23599G C23604A	NA S:H655Y S:N679K S:P681H	41	22291	0.001839	23493	23629
A21875-T A21979-T G21987A C22000-A	NA NA S:G142D NA	41	4899	0.008369	21847	22012
T24514C	S:L984L	40	53194	0.000752	24504	24564
T24471-TG C24536-A	NA NA	40	45948	0.000871	24465	24554
T24464-C T24470-TTG	NA S:DEL971	40	26766	0.001494	24435	24564
T23599G C23604A T23654C	S:N679K S:P681H S:S698P	40	26290	0.001521	23580	23700
T23599G C23604A A23668G	S:N679K S:P681H S:E702E	40	26168	0.001529	23580	23724
T23599G C23604A A23646G	S:N679K S:P681H S:Y695C	40	26362	0.001517	23581	23705
G25527+C	NA	40	6964	0.005744	25382	25538
G23384-T A23403G	NA S:D614G	40	16865	0.002372	23372	23443
G22813T T22882G A22914-C T22942A	S:K417N S:N440K NA S:N460K	40	6093	0.006565	22793	22949
G22578A C22674T T22679C	S:G339D S:S371F S:S373P	40	996	0.040161	22570	22684
C23525T T23546C T23599G C23604A	S:H655Y S:C662R S:N679K S:P681H	40	22316	0.001792	23487	23641
C23525T T23529C T23599G C23604A	S:H655Y S:V656A S:N679K S:P681H	40	22316	0.001792	23487	23629
C23525T A23535G C23604A	S:H655Y S:N658S S:P681H	40	22316	0.001792	23499	23624
C23325T C23334-T	S:T588I NA	40	9917	0.004033	23271	23443
C22120-A A22135+G	NA NA	40	6603	0.006058	22100	22169
C21618T T21632-TACCCCCTG G21686-T A21764-TACATG	S:T19I S:DEL25/27 NA S:DEL69/70	40	5082	0.007871	21597	21800
C21618T T21632-TACCCCCTG C21781-A	S:T19I S:DEL25/27 NA	40	5062	0.007902	21608	21800
A22135+G	NA	40	8068	0.004958	22025	22192
A21764-TACATG A21875-T	S:DEL69/70 NA	40	3683	0.010861	21757	21901
T24491-TA	NA	39	52751	0.000739	24480	24502
T23323C A23403G	S:I587I S:D614G	39	9452	0.004126	23296	23434
T23296C C23334-T	S:D578D NA	39	9810	0.003976	23285	23363
G22331A	S:G257S	39	2809	0.013884	22313	22366
C24422-A A24425T	NA S:N955Y	39	27759	0.001405	24412	24445
C24150+T	NA	39	7064	0.005521	24148	24166
A24424T C24503+T	S:Q954H NA	39	25669	0.001519	24417	24562
A24253-T A24324T	NA S:K921I	39	4503	0.008661	24229	24328
T24634C	S:L1024L	38	27530	0.00138	24628	24679
T24267-G A24424T	NA S:Q954H	38	596	0.063758	24253	24424
T23599G C23604G	S:N679K S:P681R	38	49237	0.000772	23580	23642
T23599G C23604A T23641-G	S:N679K S:P681H NA	38	48096	0.00079	23580	23669
T23434-C	NA	38	16650	0.002282	23420	23438
G24992-A	NA	38	9055	0.004197	24955	25069
G22813T T22882G A22893C T22917G C22945-A	S:K417N S:N440K S:K444T S:L452R NA	38	5907	0.006433	22801	22958
C25262-TT G25278-T	NA NA	38	15461	0.002458	25251	25325
C25163-A	NA	38	9306	0.004083	25144	25179
A25397-T	NA	38	13263	0.002865	25383	25410
A24551G	S:I997V	38	52767	0.00072	24547	24564
A23432+C	NA	38	17039	0.00223	23415	23440
A23403G G23486-T C23525T	S:D614G NA S:H655Y	38	5873	0.00647	23381	23532
A21979-T C22000-A	NA NA	38	6438	0.005902	21847	22012
T25245C	S:V1228A	37	13602	0.00272	25238	25307
T25140-A	NA	37	9204	0.00402	25130	25165
T24529C	S:A989A	37	53118	0.000697	24503	24542
T23599G C23604A T23652C	S:N679K S:P681H S:M697T	37	26311	0.001406	23580	23702
T22942A C22950-T	S:N460K NA	37	8377	0.004417	22931	22967
G24883-A C25000T	NA S:D1146D	37	6196	0.005972	24871	25069
G23835+T	NA	37	10937	0.003383	23767	23850
G23311T A23403G	S:E583D S:D614G	37	9434	0.003922	23285	23429
G22344A	S:G261D	37	2849	0.012987	22317	22365
G21987A A22001G T22016C	S:G142D S:K147E S:W152R	37	6266	0.005905	21982	22051
C25433-T	NA	37	12956	0.002856	25382	25452
T25191-A C25262-T	NA NA	36	7291	0.004938	25130	25293
G23417C C23525T	S:E619Q S:H655Y	36	6558	0.005489	23411	23539
G22578A T22679C	S:G339D S:S373P	36	996	0.036145	22498	22683
C24981-T C25000T A25026-T	NA S:D1146D NA	36	6230	0.005778	24850	25044
C23525T T23599G T23602C C23604A	S:H655Y S:N679K S:S680S S:P681H	36	22316	0.001613	23487	23637
C23492-A C23525T T23599G C23604A	NA S:H655Y S:N679K S:P681H	36	21553	0.00167	23488	23637
C21618T T21632-TACCCCCTG G21746A A21764-TACATG	S:T19I S:DEL25/27 S:V62I S:DEL69/70	36	5082	0.007084	21597	21802
A24424T T24471-TG C24536-A	S:Q954H NA NA	36	25499	0.001412	24418	24564
A23708-C C23854A	NA S:N764K	36	7942	0.004533	23705	23895
T23599G C23604A T23672C	S:N679K S:P681H S:S704P	35	26116	0.00134	23580	23700
T23599G C23604A T23637C	S:N679K S:P681H S:I692T	35	48548	0.000721	23580	23642
T23599G C23604A A23639G	S:N679K S:P681H S:I693V	35	48223	0.000726	23580	23724
T22882G T22917G	S:N440K S:L452R	35	8114	0.004314	22877	22921
G25424T	ORF3a:G11V	35	13037	0.002685	25375	25441
G25305-T	NA	35	16154	0.002167	25297	25325
G24521+T C24672-A	NA NA	35	23586	0.001484	24486	24679
G22813T T22882G G22898A C22916A	S:K417N S:N440K S:G446S S:L452M	35	7484	0.004677	22802	22966
C25416T A25472-T	ORF3a:F8F NA	35	12447	0.002812	25381	25477
C24668-A	NA	35	27443	0.001275	24643	24679
C23525T A23554-C T23599G C23604A	S:H655Y NA S:N679K S:P681H	35	22316	0.001568	23487	23633
C22120-A T22164-TA	NA NA	35	6336	0.005524	22028	22192
A24519G	S:K986R	35	53206	0.000658	24515	24564
A22135+GT	NA	35	8068	0.004338	22100	22179
A21764-TACATG T21775-G	S:DEL69/70 NA	35	9746	0.003591	21757	21797
T24438+A	NA	34	26893	0.001264	24412	24525
T23875-G	NA	34	10649	0.003193	23862	23884
T23491C C23525T T23599G C23604A	S:F643F S:H655Y S:N679K S:P681H	34	21543	0.001578	23487	23625
G24488-T C24517-A	NA NA	34	51544	0.00066	24480	24529
G23508+T C23525T T23599G C23604A	NA S:H655S S:N679* S:P681Y	34	22253	0.001528	23493	23642
G22813T T22882G A22893C T22917G G22927-T	S:K417N S:N440K S:K444T S:L452R NA	34	7102	0.004787	22809	22937
G22104-A C22120-A T22200G	NA NA S:V213G	34	1489	0.022834	22100	22203
C23525T T23599G C23604A T23640C	S:H655Y S:N679K S:P681H S:I693T	34	21481	0.001583	23487	23642
C23525T A23552G T23599G C23604A	S:H655Y S:I664V S:N679K S:P681H	34	22316	0.001524	23492	23642
A24673G	S:S1037S	34	27213	0.001249	24612	24677
A24554G	S:T998A	34	52717	0.000645	24521	24564
A24253-T A24323-AAT	NA S:DEL922	34	4679	0.007267	24229	24337
A23513G C23525T T23599G C23604A	S:I651V S:H655Y S:N679K S:P681H	34	22283	0.001526	23487	23637
A23193-T	NA	34	6730	0.005052	23183	23224
T25140C	S:L1193S	33	9204	0.003585	25122	25165
T24492+A	NA	33	52763	0.000625	24483	24503
T23830-G C23854A	NA S:N764K	33	10154	0.00325	23800	23895
T23599G T23600C C23604A	S:N679K S:S680P S:P681H	33	49237	0.00067	23580	23642
T23599G C23604A G23666+A	S:N679K S:P681H NA	33	26183	0.00126	23581	23724
T23599G C23604A C23705T	S:N679K S:P681H S:P715S	33	25603	0.001289	23580	23724
T23599G C23604A A23636G	S:N679K S:P681H S:I692V	33	48589	0.000679	23580	23642
T22942A G22992A C22995A A23013C T23018G	S:N460K S:S477N S:T478K S:E484A S:F486V	33	508	0.064961	22928	23020
T21946-A	NA	33	12265	0.002691	21935	21956
C25214+G	NA	33	9624	0.003429	25207	25325
C24566-A	NA	33	25163	0.001311	24509	24598
C23854A T23875-G	S:N764K NA	33	10492	0.003145	23839	23892
A25235-T	NA	33	13488	0.002447	25221	25323
A24495G	S:N978S	33	52816	0.000625	24483	24564
A23586G T23599G C23604A	S:Q675R S:N679K S:P681H	33	49080	0.000672	23580	23700
A23403G G23420C	S:D614G S:V620L	33	16975	0.001944	23324	23424
A21764-TACATG T21775-G A21817-T A21875-T	S:DEL69/70 NA NA NA	33	3683	0.00896	21757	21961
T25560C	ORF3a:F56F	32	6649	0.004813	25383	25566
T25220C	S:F1220L	32	12887	0.002483	25204	25325
T24511C	S:R983R	32	53188	0.000602	24488	24564
T24469A T24589-CAA	S:N969K S:DEL1010	32	14576	0.002195	24465	24679
T23599G C23604A T23633C	S:N679K S:P681H S:S691P	32	48742	0.000657	23580	23705
T23599G C23604A A23665G	S:N679K S:P681H S:A701A	32	26192	0.001222	23580	23700
T21934-A G21987A	NA S:G142D	32	5804	0.005513	21918	22003
G24992-A C25000T	NA S:D1146D	32	8962	0.003571	24990	25066
G24626A	S:A1022T	32	27511	0.001163	24612	24670
C24223-T	NA	32	3600	0.008889	24181	24241
C24119-A G24140-T	NA NA	32	2332	0.013722	24112	24159
C23887-A C23929-A	NA NA	32	1178	0.027165	23767	23941
C23525T T23599G C23604A T23629C	S:H655Y S:N679K S:P681H S:S689S	32	22036	0.001452	23493	23642
C23525T T23548C T23599G C23604A	S:H655Y S:C662C S:N679K S:P681H	32	22316	0.001434	23492	23642
C23291T	S:R577C	32	14015	0.002283	23278	23294
A24539-T C24672-A	NA NA	32	23710	0.00135	24524	24679
A24424T G24488-T C24517-A	S:Q954H NA NA	32	25600	0.00125	24413	24532
A23848+T	NA	32	11127	0.002876	23767	23861
A23474+T	NA	32	7400	0.004324	23465	23539
A23403G G23426T	S:D614G S:V622F	32	16794	0.001905	23395	23443
A21979-T G21987A C22000-AA	NA S:G142D NA	32	6438	0.00497	21847	22014
T24650C	S:S1030P	31	27527	0.001126	24623	24676
T24589-CAA C24672-A	S:DEL1010 NA	31	24033	0.00129	24470	24679
T24469A T24628-A	S:N969K NA	31	14342	0.002161	24465	24679
T23599G C23604A T23629C	S:N679K S:P681H S:S689S	31	48848	0.000635	23580	23642
T23584C T23599G C23604A	S:Y674Y S:N679K S:P681H	31	49044	0.000632	23580	23642
G24638A	S:A1026T	31	27508	0.001127	24612	24671
G22813T T22882G A22893C T22917G C22950-T	S:K417N S:N440K S:K444T S:L452R NA	31	5790	0.005354	22801	22960
G21987A T21990-TTA A21999-C	S:G142D S:DEL144 NA	31	8566	0.003619	21965	22054
C24981-T C25000T T25021-A	NA S:D1146D NA	31	6294	0.004925	24910	25058
C24536-A A24647-TG	NA NA	31	23981	0.001293	24486	24665
C24431-A	NA	31	26800	0.001157	24417	24456
C23525T T23599G C23604A C23609-G	S:H655Y S:N679K S:P681H NA	31	22306	0.00139	23493	23633
C23191-A	NA	31	6779	0.004573	23181	23224
C23103-T T23143-A	NA NA	31	7119	0.004355	23089	23158
A24922-T C25000T	NA S:D1146D	31	6344	0.004887	24899	25019
A24619G	S:R1019R	31	27507	0.001127	24612	24666
A24560G	S:R1000G	31	52581	0.00059	24487	24564
A24556+G	NA	31	52624	0.000589	24542	24564
A24516G	S:D985G	31	53166	0.000583	24512	24561
A23720-T	NA	31	37277	0.000832	23702	23724
A23592G T23599G C23604A	S:Q677R S:N679K S:P681H	31	49153	0.000631	23581	23637
A23524G C23525T T23599G C23604A C23635T	S:E654E S:H655Y S:N679K S:P681H S:S691S	31	21921	0.001414	23492	23642
A23055G A23063T T23075C	S:Q498R S:N501Y S:Y505H	31	2066	0.015005	23050	23146
A22161-T	NA	31	8854	0.003501	22131	22192
A21764-TACATG A21817-T A21834-T	S:DEL69/70 NA NA	31	3848	0.008056	21757	21846
T25520C	ORF3a:F43S	30	7265	0.004129	25373	25525
T23599G C23604A G23666-A A23712-T	S:N679K S:P681H NA NA	30	25282	0.001187	23580	23724
T23507C C23525T T23599G C23604A	S:C649R S:H655Y S:N679K S:P681H	30	22241	0.001349	23493	23642
T23480+A	NA	30	7373	0.004069	23469	23539
T23337-TG	NA	30	18368	0.001633	23335	23354
G21987A G22014-T	S:G142D NA	30	6461	0.004643	21982	22052
C25517-T	NA	30	7443	0.004031	25381	25528
C25413-T	NA	30	13126	0.002286	25384	25477
C25000T C25046T	S:D1146D S:P1162S	30	8491	0.003533	24990	25069
C24503-T C24517-A	NA NA	30	52638	0.00057	24471	24535
C23816-T G23835-T	NA NA	30	10596	0.002831	23767	23847
C23816-T C23854A	NA S:N764K	30	10025	0.002993	23793	23881
C23709-A	NA	30	37696	0.000796	23705	23722
C23525T T23584C T23599G C23604A	S:H655Y S:Y674Y S:N679K S:P681H	30	22316	0.001344	23501	23637
C23525T A23531G T23599G C23604A	S:H655Y S:N657D S:N679K S:P681H	30	22316	0.001344	23501	23622
C22383+T	NA	30	4176	0.007184	22368	22399
C21618T T21632-TACCCCCTG G21753T A21764-TACATG	S:T19I S:DEL25/27 S:W64L S:DEL69/70	30	5082	0.005903	21597	21802
C21618T T21632-TACCCCCTG C21682-A A21764-TACATG	S:T19I S:DEL25/27 NA S:DEL69/70	30	5082	0.005903	21609	21802
A25420+T	NA	30	13061	0.002297	25381	25441
A24885-T	NA	30	8293	0.003618	24862	24901
A24646G	S:K1028K	30	27542	0.001089	24612	24676
A24424T T24469A C24536-AA	S:Q954H S:N969K NA	30	25499	0.001177	24412	24564
A24423+T	NA	30	27834	0.001078	24412	24424
T24607C	S:A1015A	29	24804	0.001169	24589	24614
T24549C	S:L996S	29	52824	0.000549	24496	24564
T23599G C23604A G23642A	S:N679K S:P681H S:A694T	29	48027	0.000604	23590	23642
T23323C C23334-T	S:I587I NA	29	9913	0.002925	23285	23371
T22882G T22942A	S:N440K S:N460K	29	6741	0.004302	22878	22947
T21861-A	NA	29	12099	0.002397	21847	21871
G24611-A	NA	29	24778	0.00117	24585	24641
G24301-A	NA	29	6114	0.004743	24293	24357
G22813T T22882G G22933-A T22942A	S:K417N S:N440K NA S:N460K	29	6093	0.00476	22793	22966
G22813T T22882G G22898A	S:K417N S:N440K S:G446S	29	8007	0.003622	22793	22906
C25546+T	NA	29	6783	0.004275	25372	25566
C25000T T25072-G C25100-A	S:D1146D NA NA	29	2084	0.013916	24990	25133
C24483+A C24672-A	NA NA	29	21721	0.001335	24473	24679
C23525T T23599G C23604A A23614G	S:H655Y S:N679K S:P681H S:A684A	29	22301	0.0013	23508	23637
C23525T A23594G T23599G C23604A	S:H655Y S:T678A S:N679K S:P681H	29	22316	0.0013	23492	23633
C23320T C23334-T A23403G	S:D586D NA S:D614G	29	9446	0.00307	23282	23429
A25431T	ORF3a:V13V	29	12970	0.002236	25378	25486
A25295G	S:K1245E	29	15972	0.001816	25259	25317
A24677G	S:R1039G	29	27089	0.001071	24612	24679
A24576G	S:Q1005R	29	25095	0.001156	24512	24660
A24532G	S:E990E	29	53056	0.000547	24507	24549
A24525G	S:E988G	29	53160	0.000546	24493	24554
A24318-C A24424T	NA S:Q954H	29	1041	0.027858	24308	24424
A23362+C	NA	29	18605	0.001559	23344	23369
A23013C T23018G T23075C	S:E484A S:F486V S:Y505H	29	1642	0.017661	23008	23087
T24643+A	NA	28	27522	0.001017	24612	24654
T24585C	S:V1008A	28	24864	0.001126	24498	24673
T24534C	S:V991A	28	53023	0.000528	24500	24563
T24489C	S:V976A	28	52559	0.000533	24486	24513
T24487C	S:S975S	28	52311	0.000535	24480	24500
T24163C	S:D867D	28	7096	0.003946	24148	24191
T23599G C23604A A23702G	S:N679K S:P681H S:I714V	28	25652	0.001092	23580	23724
T23490C C23525T T23599G C23604A	S:F643S S:H655Y S:N679K S:P681H	28	21535	0.0013	23486	23629
G25565A	ORF3a:S58N	28	6544	0.004279	25372	25566
G25447+A	NA	28	12820	0.002184	25383	25480
G24164-A	NA	28	7102	0.003943	24153	24191
G22992A C22995A A23013C T23018G	S:S477N S:T478K S:E484A S:F486V	28	533	0.052533	22974	23046
G22813T T22917G T22942A	S:K417N S:L452R S:N460K	28	6093	0.004595	22793	22949
G22813T T22846C T22882G G22898A T22942G	S:K417N S:D428D S:N440K S:G446S S:N460K	28	6093	0.004595	22800	22966
G21508-A	NA	28	554	0.050542	21451	21564
C25000T G25091+A	S:D1146D NA	28	2127	0.013164	24990	25210
C24223-T A24253-T	NA NA	28	3522	0.00795	24148	24308
C23525T T23537C T23599G C23604A	S:H655Y S:S659P S:N679K S:P681H	28	22316	0.001255	23497	23626
C23525T T23527C T23599G C23604A	S:H655Y S:H655Y S:N679K S:P681H	28	22316	0.001255	23492	23642
A24531G	S:E990G	28	53077	0.000528	24516	24564
A24424T A24551G	S:Q954H S:I997V	28	25420	0.001101	24412	24562
A23704+C	NA	28	37925	0.000738	23683	23717
A21764-TACATG A21817-T A21875-T C21888-T	S:DEL69/70 NA NA NA	28	3663	0.007644	21757	21961
T24658C	S:C1032C	27	27549	0.00098	24612	24679
T23599G T23602-C T23605A	S:N679K NA S:P681P	27	49227	0.000548	23580	23642
T23599G C23604A G23612A	S:N679K S:P681H S:A684T	27	49216	0.000549	23580	23634
T23599G C23604A A23691G	S:N679K S:P681H S:N710S	27	25925	0.001041	23580	23722
T23582C T23599G C23604A	S:Y674H S:N679K S:P681H	27	49001	0.000551	23580	23632
T22328G	S:S256A	27	2797	0.009653	22256	22381
T22200G C22295A	S:V213G S:H245N	27	1539	0.017544	22188	22313
T21864+A	NA	27	12083	0.002235	21850	21873
G24277-T	NA	27	5863	0.004605	24269	24314
G22813T T22882G A22893C T22942A	S:K417N S:N440K S:K444T S:N460K	27	6093	0.004431	22793	22949
G22813T A22845-T T22882G	S:K417N NA S:N440K	27	8454	0.003194	22793	22888
G22578A G22599C T22679C	S:G339D S:R346T S:S373P	27	996	0.027108	22516	22683
G21987A A22001G	S:G142D S:K147E	27	8506	0.003174	21983	22003
C24878-A C24981-T C25000T	NA NA S:D1146D	27	6188	0.004363	24850	25005
C23320T T23335C A23403G	S:D586D S:S591S S:D614G	27	9446	0.002858	23285	23438
C22674T T22679C	S:S371F S:S373P	27	1342	0.020119	22649	22684
A24617G	S:R1019G	27	27525	0.000981	24612	24664
A24518G	S:K986E	27	53194	0.000508	24504	24564
A24498G	S:D979G	27	52877	0.000511	24481	24564
A24424T A24556+G	S:Q954H NA	27	25303	0.001067	24412	24564
A24424T A24508G	S:Q954H S:S982S	27	25645	0.001053	24412	24561
A24110-T C24119-A G24140-T	NA NA NA	27	2125	0.012706	24021	24153
A23403G G23417-A	S:D614G NA	27	17060	0.001583	23385	23429
A21884G	S:T108A	27	12029	0.002245	21856	21898
T24469A T24472-G C24536-A	S:N969K NA NA	26	41668	0.000624	24428	24564
T24469A C24536-AA	S:N969K NA	26	41668	0.000624	24465	24563
T23599G G23608A	S:N679K S:R682R	26	49219	0.000528	23581	23700
T23599G C23604A T23671C	S:N679K S:P681H S:N703N	26	26137	0.000995	23580	23724
T23599G C23604A A23670+T	S:N679K S:P681H NA	26	26152	0.000994	23581	23683
T23511+A C23525T T23599G C23604A	NA S:H655S S:N679* S:P681Y	26	22277	0.001167	23487	23629
T23489C C23525T T23599G C23604A	S:F643L S:H655Y S:N679K S:P681H	26	21523	0.001208	23486	23641
T23346C	S:V595A	26	18690	0.001391	23335	23371
T22882G G22895C T22896C G22898A	S:N440K S:V445P S:V445P S:G446S	26	8688	0.002993	22877	22907
T22016C	S:W152R	26	10037	0.00259	22006	22055
G23508+T C23525T	NA S:H655S	26	32081	0.00081	23487	23529
G22599C C22674T	S:R346T S:S371F	26	1226	0.021207	22590	22676
G22578A G22599C C22674T T22679C	S:G339D S:R346T S:S371F S:S373P	26	996	0.026104	22573	22683
C25517-T G25555-T	NA NA	26	6660	0.003904	25381	25566
C25132+A	NA	26	9158	0.002839	25122	25160
C24431+A	NA	26	26800	0.00097	24413	24449
C24026-T A24110-T C24119-A	NA NA NA	26	2196	0.01184	24021	24139
C23525T A23541G T23599G C23604A	S:H655Y S:Y660C S:N679K S:P681H	26	22316	0.001165	23487	23637
C23525T A23526+G	S:H655* NA	26	32108	0.00081	23487	23535
C23393-T A23403G C23525T	NA S:D614G S:H655Y	26	5636	0.004613	23382	23532
C23124G C23202A	S:P521R S:T547K	26	6081	0.004276	23104	23224
C21618T T21632-TACCCCCTG G21701+T A21764-TACATG	S:T19I S:DEL25/27 NA S:DEL69/70	26	5082	0.005116	21598	21802
A24676G	S:K1038K	26	27199	0.000956	24612	24679
A24652G	S:S1030S	26	27535	0.000944	24612	24676
A24424T T24487C	S:Q954H S:S975S	26	25742	0.00101	24412	24564
A24424T A24495G	S:Q954H S:N978S	26	25714	0.001011	24413	24564
A24287+T	NA	26	6054	0.004295	24229	24314
A23704G	S:I714M	26	37925	0.000686	23688	23717
A23598G T23599G C23604A	S:N679R S:N679R S:P681H	26	49228	0.000528	23580	23640
A23535G T23599G C23604A	S:N658S S:N679K S:P681H	26	22363	0.001163	23492	23637
A22001G T22016C	S:K147E S:W152R	26	9507	0.002735	21996	22053
A21979-T G21987A C22000-A C22009-A	NA S:G142D NA NA	26	5192	0.005008	21862	22022
T25304C	S:C1248R	25	16148	0.001548	25219	25324
T24640C	S:A1026A	25	27505	0.000909	24612	24679
T24505C	S:L981L	25	53077	0.000471	24493	24520
T24470-TTG C24536-A	S:DEL971 NA	25	42134	0.000593	24465	24564
T24469A T24471-TG	S:N969K NA	25	42628	0.000586	24445	24564
T24469A G24638T	S:N969K S:A1026S	25	14271	0.001752	24465	24676
T23944C	S:I794I	25	1824	0.013706	23941	23947
T23599G G23666-A	S:N679K NA	25	26183	0.000955	23581	23693
T23599G C23604A T23659C	S:N679K S:P681H S:L699L	25	26251	0.000952	23580	23724
T23599G C23604A T23622C	S:N679K S:P681H S:V687A	25	49160	0.000509	23581	23642
T23599G C23604A T23617C	S:N679K S:P681H S:R685R	25	49185	0.000508	23580	23662
T23599G C23604A A23669G	S:N679K S:P681H S:N703D	25	26158	0.000956	23580	23724
T23599G C23604A A23618G	S:N679K S:P681H S:S686G	25	49183	0.000508	23580	23642
G25198-C	NA	25	10054	0.002487	25191	25210
G24558A	S:G999D	25	52613	0.000475	24507	24564
G24488-T C24503-T	NA NA	25	51875	0.000482	24471	24513
G22813T A22845-T T22882G A22893C	S:K417N NA S:N440K S:K444T	25	8318	0.003006	22793	22901
G22487-A G22578A	NA S:G339D	25	947	0.026399	22460	22580
C25460T G25555-T	ORF3a:A23V NA	25	6660	0.003754	25372	25566
C24435-T C24517-A	NA NA	25	26229	0.000953	24412	24564
C23525T A23544G T23599G C23604A	S:H655Y S:E661G S:N679K S:P681H	25	22316	0.00112	23487	23637
C23492-A	NA	25	31505	0.000794	23488	23507
C23393-T A23403G	NA S:D614G	25	17096	0.001462	23385	23443
C22120-A G22141+T	NA NA	25	6550	0.003817	22100	22187
C21618T T21632-TACCCCCTG A21764-TACATG A21782G	S:T19I S:DEL25/27 S:DEL69/70 S:N74D	25	5058	0.004943	21608	21802
A25194G	S:K1211R	25	9998	0.002501	25181	25325
A24654G	S:E1031G	25	27540	0.000908	24612	24679
A24641G	S:T1027A	25	27509	0.000909	24612	24676
A24610G	S:A1016A	25	24788	0.001009	24493	24679
A24578G	S:T1006A	25	25087	0.000997	24511	24679
A24424T T24448C	S:Q954H S:L962L	25	26047	0.00096	24413	24455
A23696-T	NA	25	37997	0.000658	23683	23724
A21817-T A21834-T	NA NA	25	4525	0.005525	21776	21845
T25316C	S:S1252P	24	16235	0.001478	25251	25325
T25196-G	NA	24	10010	0.002398	25122	25211
T24564C	S:L1001P	24	52498	0.000457	24528	24564
T24506C	S:S982P	24	53102	0.000452	24483	24519
T24504C	S:L981P	24	53016	0.000453	24493	24528
T24499+A	NA	24	52943	0.000453	24474	24509
T23599G C23604A T23686C	S:N679K S:P681H S:S708S	24	25972	0.000924	23581	23724
T23599G C23604A T23681C	S:N679K S:P681H S:Y707H	24	26005	0.000923	23580	23724
T23599G C23604A T23680C	S:N679K S:P681H S:A706A	24	26009	0.000923	23580	23724
T23599G C23604A C23706T	S:N679K S:P681H S:P715L	24	25584	0.000938	23580	23724
T23599G C23604A A23720G	S:N679K S:P681H S:I720V	24	25014	0.000959	23580	23724
T23500C C23525T T23599G C23604A	S:R646R S:H655Y S:N679K S:P681H	24	22102	0.001086	23492	23624
G25226A	S:A1222T	24	13302	0.001804	25222	25325
G23505A C23525T T23599G C23604A	S:G648D S:H655Y S:N679K S:P681H	24	22209	0.001081	23487	23635
G23401T A23403G C23525T	S:Q613H S:D614G S:H655Y	24	5873	0.004086	23345	23532
G22813T T22847C T22882G A22893C T22917G	S:K417N S:F429L S:N440K S:K444T S:L452R	24	7444	0.003224	22793	22932
G22578A C22674T	S:G339D S:S371F	24	1044	0.022989	22573	22676
C25000T C25100-A T25191-A	S:D1146D NA NA	24	1922	0.012487	24990	25210
C24878-A	NA	24	8339	0.002878	24857	24889
C23525T A23592G T23599G C23604A	S:H655Y S:Q677R S:N679K S:P681H	24	22316	0.001075	23488	23642
C23334-T C23367-A	NA NA	24	9759	0.002459	23272	23395
A24902-T C24981-T C25000T	NA NA S:D1146D	24	6301	0.003809	24850	25004
A24468-T	NA	24	42675	0.000562	24465	24485
A24424T T24529C	S:Q954H S:A989A	24	25531	0.00094	24412	24564
A23712+T	NA	24	37608	0.000638	23704	23728
A23403G A23416-GA	S:D614G NA	24	17086	0.001405	23329	23443
T24499C	S:D979D	23	52943	0.000434	24494	24564
T24127-A	NA	23	2978	0.007723	24120	24153
T23916+A G23948T	NA S:D796*	23	850	0.027059	23904	23978
T23599G C23604A A23696-T	S:N679K S:P681H NA	23	25877	0.000889	23581	23724
T23599G C23604A A23687G	S:N679K S:P681H S:N709D	23	25968	0.000886	23580	23708
T23599G C23604A A23651G	S:N679K S:P681H S:M697V	23	26325	0.000874	23580	23717
T23507-G C23525T T23599G C23604A	NA S:H655Y S:N679K S:P681H	23	22241	0.001034	23493	23624
G25455T G25471T	ORF3a:K21N ORF3a:D27Y	23	12457	0.001846	25378	25477
G24611+A	NA	23	24778	0.000928	24476	24664
G24515A C24672-A	S:D985N NA	23	23504	0.000979	24489	24679
G24497+A	NA	23	52841	0.000435	24476	24505
G23499+T	NA	23	32156	0.000715	23487	23511
G22813T T22882G G22895C G22898A	S:K417N S:N440K S:V445L S:G446S	23	8007	0.002872	22793	22906
G21987A T22054-A	S:G142D NA	23	5430	0.004236	21982	22058
C25466-T	NA	23	12528	0.001836	25372	25477
C24899-A A24922-T C24981-T C25000T	NA NA NA S:D1146D	23	6286	0.003659	24850	25069
C24512+T	NA	23	53199	0.000432	24483	24530
C23854A G23876T	S:N764K S:V772F	23	10471	0.002197	23841	23892
C23525T T23599G C23604A A23631G	S:H655Y S:N679K S:P681H S:Q690R	23	21995	0.001046	23493	23642
C23367+A	NA	23	18247	0.00126	23342	23378
C23099-T C23103-T T23143-A T23164-A	NA NA NA NA	23	6680	0.003443	23089	23176
A25448G G25455T G25471T	ORF3a:E19G ORF3a:K21N ORF3a:D27Y	23	12457	0.001846	25372	25475
A25439G	ORF3a:K16R	23	12904	0.001782	25381	25477
A24591G	S:Q1010R	23	24850	0.000926	24539	24661
A24569G	S:S1003G	23	25140	0.000915	24506	24676
A24424T C24435-T C24517-A	S:Q954H NA NA	23	25600	0.000898	24412	24554
A24424T A24498G	S:Q954H S:D979G	23	25700	0.000895	24412	24564
A24110-T C24119-A T24126-TA	NA NA NA	23	2171	0.010594	24021	24158
A24110-T C24119-A G24124-T	NA NA NA	23	2180	0.01055	24021	24158
A23756-C C23854A	NA S:N764K	23	8064	0.002852	23683	23884
A23588G T23599G C23604A	S:T676A S:N679K S:P681H	23	49112	0.000468	23580	23642
A23503G C23525T T23599G C23604A	S:A647A S:H655Y S:N679K S:P681H	23	22191	0.001036	23487	23642
A22146+T	NA	23	8325	0.002763	22139	22192
T25283C	S:C1241R	22	15825	0.00139	25251	25325
T24660+A	NA	22	27541	0.000799	24612	24671
T24496C	S:N978N	22	52837	0.000416	24490	24564
T24492-A C24536-A	NA NA	22	51513	0.000427	24484	24679
T23742-A	NA	22	9663	0.002277	23683	23751
T23599G C23604A T23697C	S:N679K S:P681H S:I712T	22	25873	0.00085	23580	23717
T23599G C23604A T23626C	S:N679K S:P681H S:A688A	22	48893	0.00045	23580	23642
T23599G C23604A G23624A	S:N679K S:P681H S:A688T	22	49131	0.000448	23580	23717
T23599G C23604A G23607A	S:N679K S:P681H S:R682Q	22	49219	0.000447	23580	23724
T23599G C23604A C23709-A	S:N679K S:P681H NA	22	25364	0.000867	23585	23724
T23599G C23604A C23709+A	S:N679K S:P681H NA	22	25364	0.000867	23581	23724
T23599G C23604A C23625T	S:N679K S:P681H S:A688V	22	49120	0.000448	23580	23642
T23599G C23604A A23688G	S:N679K S:P681H S:N709S	22	25962	0.000847	23580	23705
T23581C T23599G C23604A	Unknown S:N679K S:P681H	22	48822	0.000451	23580	23629
G25218-T C25262-TT	NA NA	22	11357	0.001937	25149	25324
G24776-A	NA	22	4220	0.005213	24738	24787
G22813T A22941-T	S:K417N NA	22	6135	0.003586	22793	22957
G22813T A22893C T22917G	S:K417N S:K444T S:L452R	22	7444	0.002955	22801	22921
G21987A T22048C	S:G142D S:S162S	22	5518	0.003987	21981	22058
C24536-A A24647-TG C24672-A	NA NA NA	22	23679	0.000929	24472	24679
C24001-A G24004T	NA S:K814N	22	1792	0.012277	23975	24106
C23604A G23616A	S:P681H S:R685H	22	49262	0.000447	23592	23624
C23525T C23604A C23634T	S:H655Y S:P681H S:S691F	22	21967	0.001002	23492	23641
C23525T A23534G T23599G C23604A	S:H655Y S:N658D S:N679K S:P681H	22	22316	0.000986	23487	23624
C23252-A	NA	22	4031	0.005458	23236	23274
C21888-T G21987A	NA S:G142D	22	5647	0.003896	21867	21993
A25327-T	NA	22	1985	0.011083	25318	25339
A24667G	S:G1035G	22	27460	0.000801	24612	24679
A24604G	S:R1014R	22	24820	0.000886	24512	24645
A24594G	S:Q1011R	22	24831	0.000886	24567	24676
A24478G	S:A972A	22	50279	0.000438	24473	24499
A24424T T24469A G24488+T	S:Q954H S:N969K NA	22	25739	0.000855	24412	24564
A24424T C24517-A C24536-A	S:Q954H NA NA	22	25499	0.000863	24412	24562
A24424T A24525G	S:Q954H S:E988G	22	25551	0.000861	24412	24564
A24110-T C24119-A C24150+T	NA NA NA	22	2091	0.010521	24021	24191
A23786-T A23853-C	NA NA	22	9768	0.002252	23750	23891
A23594G T23599G C23604A	S:T678A S:N679K S:P681H	22	49208	0.000447	23581	23642
A23493G C23525T T23599G C23604A	S:Q644R S:H655Y S:N679K S:P681H	22	21889	0.001005	23488	23641
A23403G T23434-C	S:D614G NA	22	15576	0.001412	23399	23443
A23403G C23502-AG C23525T	S:D614G NA S:H655Y	22	5873	0.003746	23335	23532
A22914-C T22917G T22942A	NA S:L452R S:N460K	22	7458	0.00295	22905	22967
A21875-T A21979-T G21987A C22000-AA C22009-A	NA NA S:G142D NA NA	22	3654	0.006021	21867	22024
A21875+T	NA	22	12083	0.001821	21847	21891
A21764-TACATG T21797C	S:DEL69/70 S:F79L	22	9707	0.002266	21757	21814
T25382+A	NA	21	13183	0.001593	25372	25397
T25310C	S:C1250R	21	16212	0.001295	25219	25325
T24548C	S:L996L	21	52825	0.000398	24507	24564
T24492+A C24672-A	NA NA	21	22695	0.000925	24483	24679
T24469A G24515A	S:N969K S:D985N	21	41983	0.0005	24465	24545
T24417C A24424T	S:V952A S:Q954H	21	27743	0.000757	24412	24424
T23599G C23634T	S:N679K S:S691F	21	48731	0.000431	23581	23724
T23599G C23604A G23675+T	S:N679K S:P681H NA	21	26077	0.000805	23580	23724
T23599G C23604A G23610A	S:N679K S:P681H S:R683Q	21	49216	0.000427	23580	23642
T23599G C23604A C23679T	S:N679K S:P681H S:A706V	21	26024	0.000807	23580	23706
T23599G C23604A A23674G	S:N679K S:P681H S:S704S	21	26092	0.000805	23580	23700
T23599G A23704G	S:N679K S:I714M	21	25619	0.00082	23580	23724
T22156-G	NA	21	8662	0.002424	22147	22192
G25173+A	NA	21	9317	0.002254	25130	25183
G24428+A	NA	21	26368	0.000796	24413	24554
G23835+T C23887-A	NA NA	21	9440	0.002225	23775	23895
G23804-A C23854A	NA S:N764K	21	9965	0.002107	23787	23881
G23311T C23334-T	S:E583D NA	21	9894	0.002122	23269	23402
G22809-A G22813T T22882G	NA S:K417N S:N440K	21	8448	0.002486	22793	22885
G22599C	S:R346T	21	1310	0.016031	22595	22649
G22578A G22599C C22674T	S:G339D S:R346T S:S371F	21	1044	0.020115	22570	22676
G22141+T	NA	21	8306	0.002528	22025	22192
C25452-A	NA	21	12718	0.001651	25383	25477
C25276T	S:T1238T	21	15762	0.001332	25219	25323
C24536-A A24538G	NA S:Q992Q	21	52921	0.000397	24508	24564
C24064-A	NA	21	4363	0.004813	24051	24082
C23758+A	NA	21	9579	0.002192	23683	23768
C23525T T23599G C23604G	S:H655Y S:N679K S:P681R	21	22316	0.000941	23487	23642
C23525T T23563C T23599G C23604A	S:H655Y S:G667G S:N679K S:P681H	21	22316	0.000941	23487	23641
C23525T A23532G T23599G C23604A	S:H655Y S:N657S S:N679K S:P681H	21	22316	0.000941	23492	23624
C23393-T	NA	21	17574	0.001195	23379	23423
C23099-T C23103-T	NA NA	21	7429	0.002827	23089	23116
C22120-A T22200G G22218-T	NA S:V213G NA	21	1476	0.014228	22101	22292
C22120-A T22200G C22295A	NA S:V213G S:H245N	21	1272	0.016509	22100	22319
C22120-A G22133A A22135G	NA S:E191K S:E191K	21	6603	0.00318	22026	22192
C21618T A21764-TACATG C21781-A	S:T19I S:DEL69/70 NA	21	5062	0.004149	21597	21802
A25531-T	NA	21	6881	0.003052	25380	25552
A25256-T	NA	21	15418	0.001362	25251	25325
A24902-T	NA	21	8324	0.002523	24855	24919
A24595-T	NA	21	24828	0.000846	24581	24620
A24562G	S:R1000R	21	52548	0.0004	24507	24564
A24424T T24548C	S:Q954H S:L996L	21	25438	0.000826	24412	24564
A24424T T24506C	S:Q954H S:S982P	21	25657	0.000818	24412	24564
A24424T A24554G	S:Q954H S:T998A	21	25380	0.000827	24412	24561
A24340-T	NA	21	3586	0.005856	24331	24354
A23558-T T23599G C23604A	NA S:N679K S:P681H	21	22458	0.000935	23487	23638
A23495G C23525T T23599G C23604A	S:T645A S:H655Y S:N679K S:P681H	21	21993	0.000955	23487	23624
A23368G A23403G	S:T602T S:D614G	21	16550	0.001269	23358	23432
A23013C T23018G A23055G A23063T	S:E484A S:F486V S:Q498R S:N501Y	21	1720	0.012209	23008	23067
A22320G	S:D253G	21	5325	0.003944	22299	22374
A22001G	S:K147E	21	11747	0.001788	21994	22017
A21817-TT	NA	21	4598	0.004567	21777	21830
A21817-T A21875-T	NA NA	21	4315	0.004867	21776	21904
A21764-TACATG C21962-A	S:DEL69/70 NA	21	3562	0.005896	21757	21973
T25268C	S:C1236R	20	15647	0.001278	25251	25324
T25260C	S:M1233T	20	15469	0.001293	25254	25325
T25191-A C25262-TT G25278-T	NA NA NA	20	7246	0.00276	25122	25325
T24643-A C24672-AA	NA NA	20	27141	0.000737	24612	24679
T24471-TG T24492-A	NA NA	20	47067	0.000425	24465	24564
T24073C	S:Y837Y	20	4345	0.004603	24049	24106
T23684C	S:S708P	20	37748	0.00053	23683	23724
T23599G C23604A T23676C	S:N679K S:P681H S:V705A	20	26069	0.000767	23580	23717
T23599G C23604A C23630T	S:N679K S:P681H S:Q690*	20	48835	0.00041	23580	23724
T23599G C23604A C23609-G G23666-A A23711-AT	S:N679K S:P681H NA NA NA	20	25295	0.000791	23581	23724
T23599G C23604A A23632G	S:N679K S:P681H S:Q690Q	20	48761	0.00041	23581	23642
T23510C C23525T T23599G C23604A	S:L650L S:H655Y S:N679K S:P681H	20	22275	0.000898	23487	23630
T23355-A	NA	20	18763	0.001066	23351	23368
T21976-C G21987A	NA S:G142D	20	6779	0.00295	21969	22058
T21760C A21764-TACATG	S:H66H S:DEL69/70	20	9763	0.002049	21757	21836
G25299-C	NA	20	16050	0.001246	25288	25324
G24933-T	NA	20	8242	0.002427	24904	24943
G24488-T C24517-A C24672-A	NA NA NA	20	22321	0.000896	24480	24679
G22813T T22882G T22896C G22898A T22942G	S:K417N S:N440K S:V445A S:G446S S:N460K	20	6093	0.003282	22793	22967
G22578A G22599C	S:G339D S:R346T	20	1122	0.017825	22561	22620
G22317T G22403-A	S:G252V NA	20	2209	0.009054	22256	22438
G21987A C22000-A A22002G T22016C C22033A	S:G142D NA S:K147R S:W152R S:F157L	20	5863	0.003411	21982	22058
G21901-A	NA	20	12101	0.001653	21847	21912
C24483-A	NA	20	51678	0.000387	24473	24504
C24245-A A24253-T	NA NA	20	5667	0.003529	24229	24306
C23604A G23608A	S:P681H S:R682R	20	49291	0.000406	23580	23724
C23525T T23599G C23604A T23620C	S:H655Y S:N679K S:P681H S:S686S	20	22291	0.000897	23500	23624
C23525T T23599G C23604A A23632G	S:H655Y S:N679K S:P681H S:Q690Q	20	21980	0.00091	23487	23642
C23525T T23553C T23599G C23604A	S:H655Y S:I664T S:N679K S:P681H	20	22316	0.000896	23487	23637
C23525T C23565T T23599G C23604A	S:H655Y S:A668V S:N679K S:P681H	20	22316	0.000896	23488	23637
C23525T A23566G T23599G C23604A	S:H655Y S:A668A S:N679K S:P681H	20	22316	0.000896	23492	23624
C23334-T G23402-A	NA NA	20	9469	0.002112	23273	23419
C23230-A	NA	20	4620	0.004329	23089	23242
C22383-T	NA	20	4176	0.004789	22368	22395
C21618T T21632-TACCCCCTG C21732-T A21764-TACATG	S:T19I S:DEL25/27 NA S:DEL69/70	20	5082	0.003935	21608	21802
A25562+T	NA	20	6587	0.003036	25372	25566
A25453G	ORF3a:K21E	20	12709	0.001574	25382	25477
A25241G	S:I1227V	20	13551	0.001476	25222	25321
A24669G	S:Q1036R	20	27411	0.00073	24612	24676
A24543G	S:D994G	20	52941	0.000378	24508	24564
A24479+T	NA	20	50708	0.000394	24476	24495
A24424T T24492-A	S:Q954H NA	20	25731	0.000777	24413	24564
A23403G T23482-A	S:D614G NA	20	6007	0.003329	23383	23516
A23403G T23434-C C23525T	S:D614G NA S:H655Y	20	5873	0.003405	23389	23535
A23403G T23421-C	S:D614G NA	20	16939	0.001181	23399	23443
A23283T A23403G	S:D574V S:D614G	20	9227	0.002168	23269	23443
A23267G	S:I569V	20	4077	0.004906	23261	23290
A21875-T G21987A C22000-A	NA S:G142D NA	20	4899	0.004082	21867	22012
T25382-A	NA	19	13183	0.001441	25372	25416
T25248C	S:M1229T	19	13627	0.001394	25239	25325
T24656C	S:C1032R	19	27541	0.00069	24649	24676
T24625C	S:S1021S	19	27511	0.000691	24612	24671
T24492-A T24628-A	NA NA	19	23148	0.000821	24476	24679
T24469A G24474A	S:N969K S:G971D	19	42616	0.000446	24465	24564
T23599G C23604A T23677C	S:N679K S:P681H S:V705V	19	26059	0.000729	23580	23724
T23599G C23604A C23701T	S:N679K S:P681H S:A713A	19	25817	0.000736	23580	23717
T23599G C23604A C23700T	S:N679K S:P681H S:A713V	19	25844	0.000735	23580	23724
T23599G C23604A C23635T	S:N679K S:P681H S:S691S	19	48671	0.00039	23580	23642
T23599G C23604A C23613T	S:N679K S:P681H S:A684V	19	49211	0.000386	23580	23637
T23599G C23604A A23627G	S:N679K S:P681H S:S689G	19	48869	0.000389	23580	23642
T22917G T22942A	S:L452R S:N460K	19	7481	0.00254	22908	22967
T22048C	S:S162S	19	14318	0.001327	22025	22058
T21775-G	NA	19	10150	0.001872	21757	21797
G25173-A	NA	19	9317	0.002039	25122	25194
G23402-A	NA	19	17382	0.001093	23385	23414
G23204A	S:G548S	19	6740	0.002819	23193	23224
G22813T T22917G	S:K417N S:L452R	19	7444	0.002552	22793	22922
G22577C G22578A	S:G339H S:G339H	19	2127	0.008933	22528	22580
G22403-A G22487-A	NA NA	19	1374	0.013828	22368	22500
G22132-GA	NA	19	7944	0.002392	22123	22186
G21956-A	NA	19	12274	0.001548	21939	21971
C24784-T	NA	19	4195	0.004529	24765	24806
C24672-AA A24684-T	NA NA	19	2284	0.008319	24620	24698
C24616+A	NA	19	27515	0.000691	24612	24671
C24183-T	NA	19	7024	0.002705	24173	24190
C24119-A G24124-T	NA NA	19	2387	0.00796	24098	24160
C23604A G23675-T	S:P681H NA	19	26128	0.000727	23600	23724
C23525T T23599G C23604A T23617C	S:H655Y S:N679K S:P681H S:R685R	19	22297	0.000852	23487	23642
C23525T G23576A T23599G C23604A	S:H655Y S:A672T S:N679K S:P681H	19	22316	0.000851	23509	23642
C23525T A23539G T23599G C23604A	S:H655Y S:S659S S:N679K S:P681H	19	22316	0.000851	23488	23629
C23492-A C23525T	NA S:H655Y	19	31041	0.000612	23488	23534
C23099-T T23164-A	NA NA	19	6680	0.002844	23089	23181
C22664A C22674T	S:L368I S:S371F	19	1417	0.013409	22644	22676
C22572-T G22578A G22583-T G22599C T22679C	NA S:G339D NA S:R346T S:S373P	19	976	0.019467	22496	22683
A25274G	S:T1238A	19	15744	0.001207	25270	25325
A24679G	S:R1039R	19	26102	0.000728	24514	24679
A24424T T24469A G24474A	S:Q954H S:N969K S:G971D	19	25798	0.000736	24418	24564
A24424T T24450C	S:Q954H S:V963A	19	26031	0.00073	24412	24504
A24424T A24532G	S:Q954H S:E990E	19	25518	0.000745	24412	24563
A24424T A24520G	S:Q954H S:K986K	19	25590	0.000742	24412	24564
A24424T A24457G	S:Q954H S:Q965Q	19	25943	0.000732	24412	24563
A24190G	S:A876A	19	6946	0.002735	24148	24191
A23786+T	NA	19	11205	0.001696	23767	23806
A23403G G23417C T23482-A C23525T	S:D614G S:E619Q NA S:H655Y	19	5873	0.003235	23363	23539
A23357G	S:T599A	19	18733	0.001014	23335	23361
A22845-T T22882G A22893C T22917G	NA S:N440K S:K444T S:L452R	19	7550	0.002517	22793	22929
A21764-TACATG A21834-T	S:DEL69/70 NA	19	3848	0.004938	21757	21853
T25268G	S:C1236G	18	15647	0.00115	25251	25324
T24637C	S:A1025A	18	27519	0.000654	24612	24679
T24623C	S:S1021P	18	27515	0.000654	24511	24673
T24589C	S:T1009T	18	24855	0.000724	24478	24679
T24583C	S:Y1007Y	18	24875	0.000724	24506	24591
T24469A G24488-T	S:N969K NA	18	42492	0.000424	24465	24520
T24267-G A24318-C	NA NA	18	5088	0.003538	24246	24357
T23871+A	NA	18	10787	0.001669	23782	23883
T23599G T23602-C C23604A	S:N679K NA S:P681H	18	49237	0.000366	23580	23717
T23599G G23616A	S:N679K S:R685H	18	49190	0.000366	23589	23662
T23599G C23604A T23703C	S:N679K S:P681H S:I714T	18	25633	0.000702	23580	23706
T23599G C23604A G23678A	S:N679K S:P681H S:A706T	18	26034	0.000691	23580	23724
T23599G C23604A G23608A A23682G	S:N679K S:P681H S:R682R S:Y707C	18	25998	0.000692	23580	23712
T23344+G	NA	18	18642	0.000966	23336	23362
T23296C A23403G	S:D578D S:D614G	18	9350	0.001925	23269	23443
T22917G	S:L452R	18	8856	0.002033	22909	22929
T22882G A22910G T22917G	S:N440K S:N450D S:L452R	18	8114	0.002218	22878	22949
G24510+T	NA	18	53198	0.000338	24478	24521
G22487-A C22502-A	NA NA	18	1472	0.012228	22368	22513
G21987A G22037-T	S:G142D NA	18	5799	0.003104	21981	22058
C25000T A25026-T	S:D1146D NA	18	8641	0.002083	24990	25058
C24899-A C25000T	NA S:D1146D	18	6286	0.002864	24850	25014
C24715-T	NA	18	2838	0.006342	24689	24791
C24575T	S:Q1005*	18	25108	0.000717	24518	24679
C24559T	S:G999G	18	52622	0.000342	24528	24563
C24134A	S:L858I	18	3429	0.005249	24127	24173
C23854A T23860C	S:N764K S:A766A	18	10865	0.001657	23844	23881
C23634T	S:S691F	18	49826	0.000361	23630	23642
C23525T T23599G C23604A G23612A	S:H655Y S:N679K S:P681H S:A684T	18	22305	0.000807	23492	23625
C23525T T23542C T23599G C23604A	S:H655Y S:Y660Y S:N679K S:P681H	18	22316	0.000807	23487	23624
C23525T A23535G T23599G	S:H655Y S:N658S S:N679K	18	22324	0.000806	23487	23642
C23525T A23526G T23599G C23604A	S:H655C S:H655C S:N679K S:P681H	18	22316	0.000807	23487	23642
C23502T C23525T T23599G C23604A	S:A647V S:H655Y S:N679K S:P681H	18	22174	0.000812	23493	23624
C23099-T C23103-T T23143-A T23164-A C23230-A	NA NA NA NA NA	18	4051	0.004443	23089	23243
C22062-T	NA	18	4785	0.003762	22052	22079
C22062+T C22120-A	NA NA	18	4366	0.004123	22025	22133
A25442G	ORF3a:Q17R	18	12880	0.001398	25381	25454
A25405-T	NA	18	13195	0.001364	25384	25477
A24902-T C24981-T	NA NA	18	6502	0.002768	24852	25006
A24500G	S:I980V	18	52940	0.00034	24480	24514
A24484G	S:S974S	18	51870	0.000347	24475	24495
A24424T T24511C	S:Q954H S:R983R	18	25630	0.000702	24412	24564
A24424T T24469A T24471-TG	S:Q954H S:N969K NA	18	25808	0.000697	24412	24563
A24424T T24464-C T24470-TTG	S:Q954H NA S:DEL971	18	25808	0.000697	24412	24564
A24424T G24488-T C24503-T	S:Q954H NA NA	18	25669	0.000701	24412	24564
A24424T A24468-T	S:Q954H NA	18	25835	0.000697	24412	24564
A24424T A24454G	S:Q954H S:K964K	18	25985	0.000693	24412	24561
A24424T A24443G	S:Q954H S:T961A	18	26102	0.00069	24417	24530
A24424T A24430G	S:Q954H S:A956A	18	26220	0.000686	24416	24564
A24110-T G24140-T	NA NA	18	2125	0.008471	24021	24153
A23964-T	NA	18	2180	0.008257	23957	23978
A23762G C23854A	S:T734A S:N764K	18	8071	0.00223	23745	23873
A23497G C23525T T23599G C23604A	S:T645T S:H655Y S:N679K S:P681H	18	22009	0.000818	23493	23638
A23403G T23489C C23525T	S:D614G S:F643L S:H655Y	18	5873	0.003065	23335	23529
A23403G A23432+C	S:D614G NA	18	16008	0.001124	23385	23439
A23013C T23018G C23029-T A23055G T23075C	S:E484A S:F486V NA S:Q498R S:Y505H	18	1642	0.010962	23008	23078
A22190-T	NA	18	9108	0.001976	22169	22192
A22036G	S:R158R	18	14555	0.001237	22025	22058
A21764-TACATG A21817-T C21888-T	S:DEL69/70 NA NA	18	3663	0.004914	21757	21973
T25319C	S:C1253R	17	16234	0.001047	25294	25325
T25312C	S:C1250C	17	16223	0.001048	25293	25325
T25228C	S:A1222A	17	13371	0.001271	25219	25316
T25219C	S:G1219G	17	11528	0.001475	25124	25263
T24571C	S:S1003S	17	25110	0.000677	24495	24676
T24475C	S:G971G	17	49522	0.000343	24473	24520
T23599G C23604A T23641C	S:N679K S:P681H S:I693I	17	48096	0.000353	23581	23724
T23599G C23604A G23666-A A23711-AT	S:N679K S:P681H NA NA	17	25295	0.000672	23580	23724
T23599G C23604A G23663A	S:N679K S:P681H S:A701T	17	26217	0.000648	23590	23713
T23599G C23604A G23608A G23666-A	S:N679K S:P681H S:R682R NA	17	26183	0.000649	23580	23700
T23599G C23604A C23609T	S:N679K S:P681H S:R683W	17	49217	0.000345	23580	23724
T23599G C23604A A23631G	S:N679K S:P681H S:Q690R	17	48787	0.000348	23580	23642
T23488C C23525T T23599G C23604A	Unknown S:H655Y S:N679K S:P681H	17	21271	0.000799	23487	23639
T23018G A23055G A23063T T23075C	S:F486V S:Q498R S:N501Y S:Y505H	17	1746	0.009737	23015	23115
T22882G G22895C T22896C G22898A T22942G	S:N440K S:V445P S:V445P S:G446S S:N460K	17	6741	0.002522	22876	22958
G25555-TT	NA	17	6660	0.002553	25381	25566
G25494-A	NA	17	8295	0.002049	25381	25504
G24794T	S:A1078S	17	4069	0.004178	24696	24806
G24488-T T24643-A C24672-A	NA NA NA	17	22321	0.000762	24486	24679
G23522-A	NA	17	32422	0.000524	23509	23539
G23420C	S:V620L	17	17811	0.000954	23416	23429
G23401T	S:Q613H	17	17399	0.000977	23370	23428
G22813T T22882G T22917G G22933-A T22942A	S:K417N S:N440K S:L452R NA S:N460K	17	6093	0.00279	22793	22967
G22813T T22882G G22895C T22896C G22898A T22942G A22948C	S:K417N S:N440K S:V445P S:V445P S:G446S S:N460K S:K462N	17	5882	0.00289	22801	22966
G22813T T22831+A T22882G A22893C T22917G	S:K417N NA S:N440Q S:K444S S:L452R	17	7444	0.002284	22793	22929
G22809-A G22813T	NA S:K417N	17	8800	0.001932	22801	22825
G21796-T	NA	17	10528	0.001615	21782	21802
C25169-T	NA	17	9325	0.001823	25130	25183
C24668+A	NA	17	27443	0.000619	24470	24679
C24477+A	NA	17	50178	0.000339	24470	24495
C24064-A A24110-T C24119-A	NA NA NA	17	2223	0.007647	24021	24153
C24026-T A24110-T	NA NA	17	2259	0.007525	24021	24121
C23991-A	NA	17	1772	0.009594	23976	24019
C23887-AA	NA	17	10312	0.001649	23767	23894
C23709+A	NA	17	37696	0.000451	23683	23724
C23525T T23599G T23602-C T23605A	S:H655Y S:N679K NA S:P681P	17	22314	0.000762	23501	23642
C23525T T23599G C23604A T23622C	S:H655Y S:N679K S:P681H S:V687A	17	22290	0.000763	23487	23635
C23525T T23569C T23599G C23604A T23629C	S:H655Y S:G669G S:N679K S:P681H S:S689S	17	22036	0.000771	23488	23642
C23525T T23542-G T23599G C23604A	S:H655Y NA S:N679K S:P681H	17	22316	0.000762	23486	23641
C23525T G23580-T T23599G C23604A	S:H655Y NA S:N679K S:P681H	17	22316	0.000762	23487	23635
C23525T C23604A G23642A	S:H655Y S:P681H Unknown	17	21350	0.000796	23487	23642
C23525T A23588G T23599G C23604A	S:H655Y S:T676A S:N679K S:P681H	17	22316	0.000762	23499	23624
C23325T	S:T588I	17	9946	0.001709	23270	23337
C23179-A	NA	17	6835	0.002487	23166	23224
C23099-T T23143-A A23157-T T23164-A C23230-A	NA NA NA NA NA	17	4051	0.004196	23089	23242
C22050T	S:A163V	17	14306	0.001188	22025	22058
C21618T A21620G T21632-TACCCCCTG	S:T19I S:T20A S:DEL25/27	17	6115	0.00278	21597	21659
A25450G	ORF3a:I20V	17	12762	0.001332	25383	25477
A25438G	ORF3a:K16E	17	12912	0.001317	25381	25470
A25425G	ORF3a:G11G	17	13025	0.001305	25381	25477
A25315G	S:G1251G	17	16228	0.001048	25232	25325
A24674G	S:K1038E	17	27237	0.000624	24612	24679
A24646-ATG	S:DEL1029	17	27542	0.000617	24541	24679
A24613G	S:E1017E	17	27568	0.000617	24612	24624
A24539+T	NA	17	52969	0.000321	24479	24564
A24479G	S:I973V	17	50708	0.000335	24473	24564
A24468-TT	NA	17	42675	0.000398	24465	24491
A24424T T24552C	S:Q954H S:I997T	17	25413	0.000669	24412	24564
A24424T T24523C	S:Q954H S:V987V	17	25558	0.000665	24412	24563
A24424T T24475C	S:Q954H S:G971G	17	25797	0.000659	24412	24482
A24110-T C24150+T	NA NA	17	2091	0.00813	24021	24191
A24110-T C24119-A T24126-TA G24140-T	NA NA NA NA	17	2125	0.008	24021	24157
A23474+T T23480+A C23525T	NA NA S:H655Y	17	7099	0.002395	23435	23539
A22056G	S:N165S	17	14098	0.001206	22042	22058
A22025G	S:S155G	17	9932	0.001712	22007	22058
A21875-T A21979-T G21987A C22000-A C22009-A	NA NA S:G142D NA NA	17	3654	0.004652	21847	22024
A21764-TACATG C21855T	S:DEL69/70 S:S98F	17	3762	0.004519	21757	21961
T25542C	ORF3a:V50V	16	6806	0.002351	25375	25566
T25415-C G25565A	NA ORF3a:S58N	16	6544	0.002445	25380	25566
T25414C	ORF3a:F8L	16	13107	0.001221	25381	25477
T25406C	ORF3a:M5T	16	13188	0.001213	25381	25462
T25322C	S:C1254R	16	16181	0.000989	25266	25325
T25309C	S:S1249S	16	16213	0.000987	25221	25325
T25307C	S:S1249P	16	16192	0.000988	25251	25324
T25306C	S:C1248C	16	16167	0.00099	25256	25325
T25291C	S:C1243C	16	15931	0.001004	25235	25324
T25285C	S:C1241C	16	15847	0.00101	25273	25325
T25272C	S:M1237T	16	15720	0.001018	25251	25320
T25245-A	NA	16	13602	0.001176	25227	25324
T24544+A	NA	16	52889	0.000303	24475	24559
T24522C	S:V987A	16	53178	0.000301	24507	24564
T24464-C T24471-TG	NA NA	16	26766	0.000598	24445	24562
T23599G C23604A T23681-A	S:N679K S:P681H NA	16	26005	0.000615	23593	23700
T23599G C23604A C23664T	S:N679K S:P681H S:A701V	16	26204	0.000611	23580	23724
T23599G C23604A C23657-T	S:N679K S:P681H NA	16	26272	0.000609	23580	23676
T23599G C23604A C23630-A	S:N679K S:P681H NA	16	48835	0.000328	23580	23642
T23599G C23604A A23711-AT	S:N679K S:P681H NA	16	25295	0.000633	23580	23724
T23599G C23604A A23690G	S:N679K S:P681H S:N710D	16	25938	0.000617	23580	23717
T23599G C23604A A23670G	S:N679K S:P681H S:N703S	16	26152	0.000612	23580	23705
T23599G C23604A A23648G	S:N679K S:P681H S:T696A	16	26339	0.000607	23580	23724
T22177-A	NA	16	9217	0.001736	22163	22186
T21632-TACCCCCTG C21736-T A21764-TACATG	S:DEL25/27 NA S:DEL69/70	16	5084	0.003147	21597	21802
G25540+T	NA	16	6820	0.002346	25372	25566
G25401+T G25447+A	NA NA	16	12820	0.001248	25382	25484
G24971+T C24981-T C25000T	NA NA S:D1146S	16	6521	0.002454	24850	25018
G24868-T C25000T	NA S:D1146D	16	6163	0.002596	24853	25069
G24535A	S:V991V	16	52983	0.000302	24479	24564
G24486+T	NA	16	52132	0.000307	24476	24495
G23666-A	NA	16	27981	0.000572	23656	23702
G23522-A C23525T C23604A	NA S:H655Y S:P681H	16	22315	0.000717	23492	23641
G23499+T C23525T	NA S:H655S	16	31712	0.000505	23488	23529
G23311T C23334-T A23403G	S:E583D NA S:D614G	16	9434	0.001696	23273	23429
G23236-T	NA	16	4320	0.003704	23089	23246
G22813T T22882G T22917G A22941-T	S:K417N S:N440K S:L452R NA	16	6135	0.002608	22793	22967
G22813T T22882G A22893C T22917G C22938+T	S:K417N S:N440K S:K444T S:L452R NA	16	6557	0.00244	22793	22950
G22813T T22876-A T22882G A22893C T22917G	S:K417N NA S:N440K S:K444T S:L452R	16	7444	0.002149	22793	22938
G22051-A	NA	16	14274	0.001121	22032	22058
C24981-T C25000T A25056-T	NA S:D1146D NA	16	6069	0.002636	24850	25069
C24964-A C24981-T C25000T	NA NA S:D1146D	16	6508	0.002459	24850	25005
C24878-A A24922-T C24981-T C25000T	NA NA NA S:D1146D	16	6188	0.002586	24850	25069
C24672-A T24689G G24690T	NA S:C1043V S:C1043V	16	1903	0.008408	24612	24702
C24621-T C24672-A	NA NA	16	26934	0.000594	24612	24679
C24563-T	NA	16	52517	0.000305	24506	24579
C24477-A	NA	16	50178	0.000319	24470	24564
C23887-AA C23929-A	NA NA	16	1178	0.013582	23767	23940
C23854A A23881G	S:N764K S:E773E	16	10392	0.00154	23835	23895
C23785+A	NA	16	11211	0.001427	23767	23795
C23604A G23666-A	S:P681H NA	16	26235	0.00061	23580	23717
C23525T T23599G C23604A A23627G	S:H655Y S:N679K S:P681H S:S689G	16	22047	0.000726	23487	23642
C23525T C23533-A	S:H655Y NA	16	32009	0.0005	23496	23539
C23367-A A23403G	NA S:D614G	16	16545	0.000967	23345	23429
C23291T C23334-T A23403G	S:R577C NA S:D614G	16	9341	0.001713	23269	23429
C23103-T T23143-A T23164-A	NA NA NA	16	6735	0.002376	23089	23178
C21618T T21632-TACCCCCTG A21764-TACATG G21796+T	S:T19I S:DEL25/27 S:DEL69/70 NA	16	5037	0.003176	21606	21802
A25410G	ORF3a:R6R	16	13159	0.001216	25382	25436
A24885-T C25000T	NA S:D1146D	16	6200	0.002581	24858	25018
A24500+T	NA	16	52940	0.000302	24486	24511
A24424T G24428+A	S:Q954H NA	16	26224	0.00061	24415	24564
A24424T A24556G	S:Q954H S:T998T	16	25303	0.000632	24412	24564
A24424T A24519G	S:Q954H S:K986R	16	25593	0.000625	24412	24564
A24353-T	NA	16	3535	0.004526	24341	24357
A23627-G	NA	16	49710	0.000322	23615	23642
A23583+T T23599G C23604A	NA S:N679* S:P681Y	16	49023	0.000326	23580	23641
A23523G C23525T T23599G C23604A	S:E654G S:H655Y S:N679K S:P681H	16	22315	0.000717	23498	23624
A23515-G C23525T	NA S:H655Y	16	32209	0.000497	23488	23534
A23515+G C23525T	NA S:H655S	16	32209	0.000497	23487	23539
A23497-C C23525T T23599G C23604A	NA S:H655Y S:N679K S:P681H	16	22009	0.000727	23488	23642
A23276G A23403G	S:T572A S:D614G	16	9171	0.001745	23269	23443
A23276G	S:T572A	16	13861	0.001154	23269	23290
A23013C T23018G C23029-T A23055G	S:E484A S:F486V NA S:Q498R	16	1741	0.00919	23008	23068
A22914-C T22917G	NA S:L452R	16	8833	0.001811	22905	22967
A22041-T	NA	16	14503	0.001103	22028	22051
A21875-T C21888-T A21979-T G21987A	NA NA NA S:G142D	16	5624	0.002845	21850	22000
T25464C	ORF3a:T24T	15	12556	0.001195	25381	25477
T25303C	S:C1247C	15	16115	0.000931	25251	25324
T25288C	S:S1242S	15	15898	0.000944	25219	25325
T25264C	S:L1234L	15	15556	0.000964	25219	25325
T25232C	S:L1224L	15	13450	0.001115	25219	25325
T25191-A G25278-T	NA NA	15	7246	0.00207	25130	25324
T24664C	S:L1034L	15	27477	0.000546	24612	24675
T24633C	S:L1024P	15	27543	0.000545	24486	24679
T24601C	S:I1013I	15	24827	0.000604	24501	24661
T24565C	S:L1001L	15	52304	0.000287	24478	24614
T24469A T24643-A	S:N969K NA	15	14243	0.001053	24465	24679
T24469A A24493T	S:N969K S:L977F	15	42410	0.000354	24465	24679
T23599G C23604A T23658C	S:N679K S:P681H S:L699P	15	26261	0.000571	23580	23724
T23599G C23604A G23616A G23666-A	S:N679K S:P681H S:R685H NA	15	26183	0.000573	23580	23690
T23599G C23604A A23667G	S:N679K S:P681H S:E702G	15	26177	0.000573	23580	23724
T23421-C	NA	15	17791	0.000843	23412	23443
T22679C	S:S373P	15	1343	0.011169	22641	22683
T22291C	S:A243A	15	5366	0.002795	22246	22319
T22160A	S:Y200N	15	8827	0.001699	22153	22187
G25401-T	NA	15	13221	0.001135	25383	25459
G24743-T	NA	15	4111	0.003649	24724	24779
G24608T	S:A1016S	15	24800	0.000605	24532	24674
G23876T	S:V772F	15	10662	0.001407	23858	23890
G23616A	S:R685H	15	49641	0.000302	23609	23724
G22813T T22882G T22917G T22942A C22950-T	S:K417N S:N440K S:L452R S:N460K NA	15	5790	0.002591	22793	22967
G22813T T22882G G22898A T22942G	S:K417N S:N440K S:G446S S:N460K	15	6093	0.002462	22793	22955
G22813T A22893C	S:K417N S:K444T	15	8318	0.001803	22793	22897
G22813T A22845-T T22882G T22917G	S:K417N NA S:N440K S:L452R	15	7444	0.002015	22793	22920
G22599C C22674T T22679C	S:R346T S:S371F S:S373P	15	1166	0.012864	22590	22684
G22578A G22583-T G22599C T22679C	S:G339D NA S:R346T S:S373P	15	996	0.01506	22496	22683
G21954+T G21987A	NA S:G142E	15	5970	0.002513	21947	22058
C25516-CT G25555-T	NA NA	15	6660	0.002252	25372	25566
C24517-A C24536-A	NA NA	15	52702	0.000285	24480	24564
C24422-A T24469A	NA S:N969K	15	25826	0.000581	24412	24564
C23854A A23880G	S:N764K S:E773G	15	10400	0.001442	23835	23895
C23778+A	NA	15	11265	0.001332	23771	23796
C23525T T23599G C23604A T23637C	S:H655Y S:N679K S:P681H S:I692T	15	21814	0.000688	23487	23642
C23525T T23596C T23599G C23604A	S:H655Y S:T678T S:N679K S:P681H	15	22316	0.000672	23492	23642
C23525T T23590C T23599G C23604A	S:H655Y S:T676T S:N679K S:P681H	15	22316	0.000672	23509	23630
C23525T T23582C T23599G C23604A	S:H655Y S:Y674H S:N679K S:P681H	15	22316	0.000672	23487	23627
C23525T T23571C T23599G C23604A	S:H655Y S:I670T S:N679K S:P681H	15	22316	0.000672	23515	23642
C23525T T23540C T23599G C23604A	S:H655Y S:Y660H S:N679K S:P681H	15	22316	0.000672	23487	23639
C23525T C23557-A T23599G C23604A	S:H655Y NA S:N679K S:P681H	15	22316	0.000672	23490	23626
C23525T A23598G T23599G C23604A	S:H655Y S:N679R S:N679R S:P681H	15	22316	0.000672	23487	23642
C23325T C23334-T A23403G	S:T588I NA S:D614G	15	9456	0.001586	23269	23443
C22572-T G22578A G22599C T22679C	NA S:G339D S:R346T S:S373P	15	976	0.015369	22514	22683
C22572-T G22578A	NA S:G339D	15	2100	0.007143	22445	22581
C22295A G22364T	S:H245N S:G268C	15	2490	0.006024	22246	22368
C22290T T22291C	S:A243V S:A243V	15	5362	0.002797	22259	22446
C22062+T	NA	15	4785	0.003135	22025	22073
C21618T T21632-TACCCCCTG C21736-T	S:T19I S:DEL25/27 NA	15	5125	0.002927	21606	21758
A25426G	ORF3a:T12A	15	13019	0.001152	25381	25477
A25408G	ORF3a:R6G	15	13173	0.001139	25381	25435
A24670G	S:Q1036Q	15	27377	0.000548	24582	24679
A24587G	S:T1009A	15	24857	0.000603	24478	24671
A24508-C	NA	15	53126	0.000282	24497	24554
A24454G	S:K964K	15	26897	0.000558	24412	24564
A24424T T24549C	S:Q954H S:L996S	15	25437	0.00059	24412	24564
A24424T T24469A A24525G	S:Q954H S:N969K S:E988G	15	25551	0.000587	24412	24564
A24424T T24464C	S:Q954H S:S968P	15	25857	0.00058	24412	24564
A24424T G24521+T	S:Q954H NA	15	25564	0.000587	24412	24564
A24424T A24443G T24469A	S:Q954H S:T961A S:N969K	15	25829	0.000581	24412	24563
A24323-AAT	S:DEL922	15	5614	0.002672	24229	24337
A24162G	S:D867G	15	7096	0.002114	24148	24191
A23756-C	NA	15	9589	0.001564	23693	23798
A23535G	S:N658S	15	31956	0.000469	23526	23539
A23524G C23525T	S:E654E S:H655Y	15	32280	0.000465	23506	23539
A23515+G	NA	15	32499	0.000462	23486	23533
A23494G C23525T T23599G C23604A	S:Q644Q S:H655Y S:N679K S:P681H	15	21988	0.000682	23487	23629
A23013C T23018G T23037-A A23055G T23075C	S:E484A S:F486V NA S:Q498R S:Y505H	15	1642	0.009135	23008	23090
A23013C T23018G A23055G A23063T T23075C T23143-A	S:E484A S:F486V S:Q498R S:N501Y S:Y505H NA	15	1210	0.012397	23008	23162
A22941-T C22950-T	NA NA	15	8377	0.001791	22934	22967
A22135+GAT	S:INS192D	15	8068	0.001859	22100	22150
A22052G	S:N164D	15	14266	0.001051	22023	22058
A21993-T	NA	15	10194	0.001471	21982	22058
T25398C	ORF3a:D2D	14	13256	0.001056	25381	25439
T25293C	S:L1244P	14	15953	0.000878	25252	25325
T25265C	S:C1235R	14	15569	0.000899	25251	25325
T25221C	S:F1220S	14	12971	0.001079	25174	25324
T24660C	S:V1033A	14	27541	0.000508	24612	24676
T24628-A C24632-T	NA NA	14	27505	0.000509	24612	24679
T24492-A C24672-A	NA NA	14	22695	0.000617	24480	24679
T24482C	S:S974P	14	51491	0.000272	24478	24564
T24480C	S:I973T	14	50934	0.000275	24476	24531
T24469G	S:N969K	14	42672	0.000328	24465	24564
T24469A C24503-T	S:N969K NA	14	42154	0.000332	24465	24564
T24451+A	NA	14	26910	0.00052	24415	24476
T24288C	S:I909T	14	6058	0.002311	24278	24293
T24175C	S:A871A	14	7071	0.00198	24164	24191
T23850+A	NA	14	11099	0.001261	23767	23872
T23599G C23604A T23645C	S:N679K S:P681H S:Y695H	14	26374	0.000531	23580	23724
T23599G C23604A C23609-G G23666-A A23712-T	S:N679K S:P681H NA NA NA	14	25282	0.000554	23580	23724
T23599G C23604A A23704-C	S:N679K S:P681H NA	14	25619	0.000546	23580	23715
T23599G C23604A A23614G	S:N679K S:P681H S:A684A	14	49203	0.000285	23580	23642
T23596C T23599G C23604A	S:T678T S:N679K S:P681H	14	49226	0.000284	23580	23642
T23394C A23403G	S:L611P S:D614G	14	17122	0.000818	23345	23432
T23346C A23403G	S:V595A S:D614G	14	16339	0.000857	23335	23432
T23323C	S:I587I	14	9954	0.001406	23285	23391
T22882G G22895C G22898A	S:N440K S:V445L S:G446S	14	8688	0.001611	22877	22907
T22669-A C22674T	NA S:S371F	14	1417	0.00988	22646	22685
T22016C C22033A	S:W152R S:F157L	14	9633	0.001453	22002	22054
G25284-T	NA	14	15833	0.000884	25272	25325
G25218+T	NA	14	11414	0.001227	25122	25264
G25135+A	NA	14	9189	0.001524	25131	25147
G23948T A23949-T	S:D796Y NA	14	1261	0.011102	23941	23978
G23499+T C23525T T23599G C23604A	NA S:H655S S:N679* S:P681Y	14	22066	0.000634	23487	23624
G23420-T	NA	14	17811	0.000786	23335	23429
G22933-A T22942A	NA S:N460K	14	8616	0.001625	22921	22967
G22813T T22882G T22891-A T22917G	S:K417N S:N440K NA S:L452R	14	7444	0.001881	22793	22928
G22813T T22882G T22891-A	S:K417N S:N440K NA	14	8344	0.001678	22793	22904
G22809-A G22813T T22882G T22917G	NA S:K417N S:N440K S:L452R	14	7441	0.001881	22793	22925
G22809-A G22813T T22882G A22893C	NA S:K417N S:N440K S:K444T	14	8312	0.001684	22793	22903
G22436A	S:A292T	14	4276	0.003274	22385	22446
G22104-A C22120-A T22200G G22218-T	NA NA S:V213G NA	14	1434	0.009763	22100	22269
C25416T A25439G	ORF3a:F8F ORF3a:K16R	14	12904	0.001085	25381	25477
C25046T	S:P1162S	14	8689	0.001611	25019	25069
C25000T G25157A	S:D1146D S:D1199N	14	1978	0.007078	24990	25181
C24632+T	NA	14	27541	0.000508	24625	24661
C24455-A C24517-A	NA NA	14	26467	0.000529	24412	24532
C24034T	S:N824N	14	4341	0.003225	23983	24106
C23859-T	NA	14	10947	0.001279	23772	23869
C23854A A23890G	S:N764K S:K776K	14	9882	0.001417	23835	23895
C23825+A	NA	14	10991	0.001274	23777	23835
C23604A C23634T	S:P681H S:S691F	14	48802	0.000287	23580	23642
C23525T T23599G C23604A A23636G	S:H655Y S:N679K S:P681H S:I692V	14	21845	0.000641	23487	23642
C23525T T23581C T23599G C23604A	S:H655Y S:S673S S:N679K S:P681H	14	22316	0.000627	23487	23642
C23525T G23574A T23599G C23604A	S:H655Y S:C671Y S:N679K S:P681H	14	22316	0.000627	23492	23642
C23525T A23579G T23599G C23604A	S:H655Y S:S673G S:N679K S:P681H	14	22316	0.000627	23487	23624
C23525T A23572G T23599G C23604A	S:H655Y S:I670M S:N679K S:P681H	14	22316	0.000627	23492	23642
C23492-A T23599G C23604A	NA S:N679K S:P681H	14	21553	0.00065	23488	23642
C23099-T T23143-A T23164-A C23230-AA	NA NA NA NA	14	4051	0.003456	23089	23250
C23099-T C23103-T T23143-A	NA NA NA	14	7062	0.001982	23089	23155
C22083-T C22120-A T22164-TA	NA NA NA	14	4243	0.0033	22032	22187
C21618T T21632-TACCCCCTG A21764-TACATG C21781-A G21796-T	S:T19I S:DEL25/27 S:DEL69/70 NA NA	14	5037	0.002779	21597	21802
A25385G	S:T1275A	14	13337	0.00105	25381	25477
A25296-G	NA	14	16003	0.000875	25270	25312
A25259G	S:M1233V	14	15457	0.000906	25254	25324
A24614-T	NA	14	27562	0.000508	24612	24676
A24532C C24672-A	S:E990D NA	14	23654	0.000592	24470	24679
A24479-T C24672-A	NA NA	14	20887	0.00067	24470	24679
A24424T T24504C	S:Q954H S:L981P	14	25667	0.000545	24412	24564
A24424T T24499C	S:Q954H S:D979D	14	25699	0.000545	24412	24564
A24424T T24489C	S:Q954H S:V976A	14	25736	0.000544	24412	24564
A24424T T24469A A24520G	S:Q954H S:N969K S:K986K	14	25590	0.000547	24412	24564
A24424T T24451+A	S:Q954H NA	14	26018	0.000538	24412	24462
A24424T A24516G	S:Q954H S:D985G	14	25607	0.000547	24412	24564
A24424T A24440G	S:Q954H S:N960D	14	26137	0.000536	24412	24564
A24424T A24433G	S:Q954H S:Q957Q	14	26211	0.000534	24412	24564
A24424T A24425G	S:Q954H S:N955D	14	27763	0.000504	24412	24564
A24420G A24424T	S:N953S S:Q954H	14	27802	0.000504	24412	24564
A24182G	S:T874A	14	7026	0.001993	24148	24190
A23786-T C23816-T C23854A	NA NA S:N764K	14	9744	0.001437	23683	23895
A23400+G	NA	14	17495	0.0008	23336	23413
A23283T C23334-T	S:D574V NA	14	9652	0.00145	23273	23397
A23254-T	NA	14	4026	0.003477	23242	23290
A23013C T23018G C23029-T A23055G A23063T T23075C	S:E484A S:F486V NA S:Q498R S:N501Y S:Y505H	14	1642	0.008526	23008	23087
A23013C T23018C T23019C T23031C A23055G A23063T T23075C	S:E484A S:F486P S:F486P S:F490S S:Q498R S:N501Y S:Y505H	14	1642	0.008526	23008	23090
A22107T T22200G	S:K182I S:V213G	14	1504	0.009309	22100	22206
A21764-TACATG A21875-TT	S:DEL69/70 NA	14	3683	0.003801	21757	21973
A21764-TACATG A21817-T A21834-T A21875-T	S:DEL69/70 NA NA NA	14	3683	0.003801	21757	21900
T25436C	ORF3a:L15S	13	12930	0.001005	25381	25477
T25415-C A25472-T	NA NA	13	12447	0.001044	25372	25552
T25251C	S:V1230A	13	13677	0.000951	25219	25324
T25242C	S:I1227T	13	13561	0.000959	25219	25325
T25191-A G25218-T C25262-TT	NA NA NA	13	7291	0.001783	25130	25298
T24663C	S:L1034P	13	27476	0.000473	24497	24676
T24523C	S:V987V	13	53188	0.000244	24480	24564
T24469A T24552C	S:N969K S:I997T	13	41335	0.000315	24465	24564
T24469A T24475C	S:N969K S:G971G	13	42615	0.000305	24465	24564
T24469A C24483+A	S:N969K NA	13	42553	0.000306	24465	24493
T24469A A24562G	S:N969K S:R1000R	13	41087	0.000316	24465	24564
T24469A A24554G	S:N969K S:T998A	13	41284	0.000315	24465	24564
T24469A A24516G	S:N969K S:D985G	13	41966	0.00031	24465	24564
T24280+A	NA	13	5955	0.002183	24230	24311
T23916+A	NA	13	1803	0.00721	23905	23978
T23599G C23604A T23715C	S:N679K S:P681H S:F718S	13	25254	0.000515	23580	23724
T23599G C23604A T23695C	S:N679K S:P681H S:S711S	13	25885	0.000502	23580	23705
T23599G C23604A G23699A	S:N679K S:P681H S:A713T	13	25853	0.000503	23580	23724
T23599G C23604A C23643T	S:N679K S:P681H S:A694V	13	47816	0.000272	23580	23724
T23599G C23604A A23717G	S:N679K S:P681H S:T719A	13	25232	0.000515	23580	23724
T23599G C23604A A23682G	S:N679K S:P681H S:Y707C	13	25998	0.0005	23580	23724
T23599G C23604A A23670-T	S:N679K S:P681H NA	13	26152	0.000497	23581	23687
T23511-A C23525T T23599G C23604A	NA S:H655Y S:N679K S:P681H	13	22277	0.000584	23504	23639
T23511+A C23525T	NA S:H655S	13	32148	0.000404	23487	23538
T23487G C23525T T23599G C23604A	Unknown S:H655Y S:N679K S:P681H	13	8767	0.001483	23486	23642
T23143C	S:P527P	13	7441	0.001747	23119	23290
T22882G T22891-A T22942A	S:N440K NA S:N460K	13	6741	0.001928	22878	22948
T21878G	S:F106V	13	12089	0.001075	21847	21885
T21856+A G21987A	NA S:G142E	13	5521	0.002355	21847	21990
T21775-G A21817-T	NA NA	13	4128	0.003149	21757	21836
G25477-T	NA	13	12365	0.001051	25381	25485
G24657A	S:C1032Y	13	27542	0.000472	24497	24668
G24638T C24672-A	S:A1026S NA	13	27081	0.00048	24612	24679
G24574A	S:L1004L	13	25112	0.000518	24487	24676
G24530-A	NA	13	53083	0.000245	24504	24564
G24527A	S:A989T	13	53141	0.000245	24488	24564
G24515-A	NA	13	53176	0.000244	24505	24564
G24154C	S:L864F	13	7090	0.001834	24135	24173
G23508T T23599G C23604A	S:C649F S:N679K S:P681H	13	22253	0.000584	23487	23637
G23508T C23525T	S:C649F S:H655Y	13	32081	0.000405	23487	23542
G23508+T	NA	13	32467	0.0004	23487	23519
G23417-A	NA	13	17849	0.000728	23342	23427
G22813T A22845-T T22882G T22942A	S:K417N NA S:N440K S:N460K	13	6093	0.002134	22793	22949
G22577C G22578A G22599C C22664A T22679C	S:G339H S:G339H S:R346T S:L368I S:S373P	13	996	0.013052	22495	22684
G22332-T	NA	13	2820	0.00461	22246	22446
G22302+T	NA	13	5353	0.002429	22246	22318
G21987A T22016C C22033A	S:G142D S:W152R S:F157L	13	5863	0.002217	21980	22056
G21987A T21990-TTA C22000A	S:G142D S:DEL144 S:H146Q	13	8515	0.001527	21974	22053
C25416T G25538A	ORF3a:F8F ORF3a:G49D	13	6835	0.001902	25378	25552
C25214T	S:L1218L	13	9624	0.001351	25122	25325
C25000T T25021-A	S:D1146D NA	13	8711	0.001492	24990	25039
C25000T C25100-A G25106-A	S:D1146D NA NA	13	2044	0.00636	24990	25140
C24319A A24424T	S:N919K S:Q954H	13	1044	0.012452	24299	24424
C24198+G	NA	13	3606	0.003605	24148	24214
C24130T	S:N856N	13	3250	0.004	24125	24153
C23854G	S:N764K	13	11037	0.001178	23843	23890
C23854A A23888G	S:N764K S:K776E	13	10056	0.001293	23799	23891
C23854A A23886G	S:N764K S:D775G	13	10125	0.001284	23836	23891
C23604A T23637-C	S:P681H NA	13	48618	0.000267	23599	23642
C23525T T23573C T23599G C23604A	S:H655Y S:C671R S:N679K S:P681H	13	22316	0.000583	23487	23634
C23525T A23586G T23599G C23604A	S:H655Y S:Q675R S:N679K S:P681H	13	22316	0.000583	23487	23642
C23525T A23583G T23599G C23604A	S:H655Y S:Y674C S:N679K S:P681H	13	22316	0.000583	23487	23642
C23525T A23554G T23599G C23604A	S:H655Y S:I664M S:N679K S:P681H	13	22316	0.000583	23487	23642
C23185-A	NA	13	6771	0.00192	23174	23224
C23099-T T23143-A T23164-A C23230-A A23254-T	NA NA NA NA NA	13	3405	0.003818	23089	23290
C22572-T G22578A G22583-T G22599C C22674T T22679C	NA S:G339D NA S:R346T S:S371F S:S373P	13	976	0.01332	22495	22683
C22120-A A22135+GT	NA NA	13	6603	0.001969	22025	22192
C21618T T21632-TACCCCCTG G21753T A21764-TACATG C21781-A	S:T19I S:DEL25/27 S:W64L S:DEL69/70 NA	13	5062	0.002568	21597	21802
C21618T T21632-TACCCCCTG G21746A A21764-TACATG C21781-A	S:T19I S:DEL25/27 S:V62I S:DEL69/70 NA	13	5062	0.002568	21608	21802
C21618T T21632-TACCCCCTG A21764-TACATG T21787C	S:T19I S:DEL25/27 S:DEL69/70 S:G75G	13	5058	0.00257	21597	21802
A25472-T G25555-T	NA NA	13	6660	0.001952	25372	25566
A25448G	ORF3a:E19G	13	12787	0.001017	25381	25453
A25379G	S:T1273A	13	10880	0.001195	25372	25432
A25255G	S:T1231T	13	15410	0.000844	25219	25325
A24922-T C24981-T	NA NA	13	6545	0.001986	24850	24999
A24684-TT	NA	13	2430	0.00535	24671	24791
A24629G	S:N1023D	13	27552	0.000472	24481	24671
A24568G	S:Q1002Q	13	25132	0.000517	24552	24676
A24556G	S:T998T	13	52624	0.000247	24496	24564
A24532C C24536-AA	S:E990D NA	13	52937	0.000246	24510	24676
A24424T T24482C	S:Q954H S:S974P	13	25766	0.000505	24412	24552
A24424T T24469A G24488-T	S:Q954H S:N969K NA	13	25739	0.000505	24412	24564
A24424T T24469A C24517-A	S:Q954H S:N969K NA	13	25600	0.000508	24413	24564
A24424T T24469A C24503+T	S:Q954H S:N969K NA	13	25669	0.000506	24412	24564
A24424T T24459C	S:Q954H S:L966P	13	25912	0.000502	24412	24562
A24424T C24431-A	S:Q954H NA	13	26215	0.000496	24412	24544
A24424T A24539-T	S:Q954H NA	13	25487	0.00051	24421	24564
A24424T A24479-T	S:Q954H NA	13	25782	0.000504	24412	24564
A24424T A24441G	S:Q954H S:N960S	13	26134	0.000497	24412	24564
A23922T	S:Q787L	13	1761	0.007382	23916	23978
A23708-C	NA	13	37737	0.000344	23683	23729
A23324G A23403G G23417C	S:T588A S:D614G S:E619Q	13	9351	0.00139	23269	23443
A23283G A23403G	S:D574G S:D614G	13	9227	0.001409	23269	23443
A22914-C T22942A	NA S:N460K	13	7458	0.001743	22905	22966
A22914-C T22917G A22941-T	NA S:L452R NA	13	7503	0.001733	22903	22967
A22798+G G22813T T22882G A22893C T22917G	NA S:K417N S:N440Q S:K444S S:L452R	13	7345	0.00177	22793	22923
A22305-T	NA	13	5351	0.002429	22246	22340
A22148G	S:N196D	13	8425	0.001543	22144	22164
A22135+GT G22141+T	NA NA	13	8015	0.001622	22025	22192
A22107T C22120-A T22200G	S:K182I NA S:V213G	13	1504	0.008644	22100	22224
A21875-T C21888-T G21987A	NA NA S:G142D	13	5624	0.002312	21867	21993
A21875-T A21979-T	NA NA	13	6474	0.002008	21867	21997
A21817-T A21875-T C21888-T	NA NA NA	13	4291	0.00303	21776	21971
A21764-TACATG T21775-G A21875-T	S:DEL69/70 NA NA	13	3683	0.00353	21757	21973
T25468C	ORF3a:S26P	12	12496	0.00096	25381	25477
T25301C	S:C1247R	12	16095	0.000746	25255	25322
T25263C T25264C	S:L1234P S:L1234P	12	15526	0.000773	25223	25325
T25021-A	NA	12	8821	0.00136	24990	25034
T24643C	S:T1027T	12	27522	0.000436	24625	24679
T24631C	S:N1023N	12	27547	0.000436	24612	24671
T24541C	S:I993I	12	52976	0.000227	24505	24564
T24540C	S:I993T	12	52987	0.000226	24481	24564
T24469A T24634C	S:N969K S:L1024L	12	14294	0.00084	24465	24679
T24469A G24577T	S:N969K S:Q1005H	12	14812	0.00081	24465	24679
T24469A A24525G	S:N969K S:E988G	12	41849	0.000287	24465	24564
T24469A A24519G	S:N969K S:K986R	12	41942	0.000286	24465	24564
T24414C A24424T	S:V951A S:Q954H	12	27570	0.000435	24412	24476
T23686-A	NA	12	37806	0.000317	23683	23706
T23599G G23675-T	S:N679K NA	12	26077	0.00046	23580	23705
T23599G C23604A T23686-A	S:N679K S:P681H NA	12	25972	0.000462	23580	23724
T23599G C23604A G23608A C23644T	S:N679K S:P681H S:R682R S:A694A	12	26382	0.000455	23580	23724
T23599G C23604A C23649+T	S:N679K S:P681H NA	12	26333	0.000456	23580	23659
T23599G C23604A C23609-G G23666-A A23704-C A23711-AT	S:N679K S:P681H NA NA NA NA	12	25295	0.000474	23580	23724
T23599G C23604A C23606T	S:N679K S:P681H S:R682W	12	49224	0.000244	23580	23724
T23596-A T23599G C23604A	NA S:N679K S:P681H	12	49226	0.000244	23580	23642
T23511C C23525T T23599G C23604A	S:L650S S:H655Y S:N679K S:P681H	12	22277	0.000539	23487	23637
T23428-G C23525T	NA S:H655Y	12	6697	0.001792	23411	23539
T23355C	S:I598T	12	18763	0.00064	23345	23371
T23350C A23403G	S:S596S S:D614G	12	16376	0.000733	23335	23416
T23143-A T23164-A C23230-A C23244-T	NA NA NA NA	12	3667	0.003272	23089	23290
T22392-A G22403-A	NA NA	12	4005	0.002996	22368	22446
T22200A G22317T	S:V213E S:G252V	12	1457	0.008236	22173	22319
T22138+A	NA	12	8156	0.001471	22130	22192
T21960C	S:F133S	12	12307	0.000975	21878	21973
T21878G C21904T	S:F106V S:T114T	12	11781	0.001019	21847	21925
T21632-TACCCCCTG A21764-TACATG C21781-A	S:DEL25/27 S:DEL69/70 NA	12	5064	0.00237	21597	21802
G25323A	S:C1254Y	12	16173	0.000742	25243	25325
G25287-T G25302-T	NA NA	12	15838	0.000758	25268	25325
G25244-T	NA	12	13597	0.000883	25219	25325
G25238A	S:A1226T	12	13528	0.000887	25219	25325
G25218-T C25262-T	NA NA	12	11357	0.001057	25131	25324
G25177-T	NA	12	9325	0.001287	25122	25188
G25157A A25253G	S:D1199N S:T1231A	12	6561	0.001829	25122	25325
G24868-T C24981-T C25000T	NA NA S:D1146D	12	6163	0.001947	24850	25009
G24666-A	NA	12	27463	0.000437	24658	24679
G24635A	S:A1025T	12	27533	0.000436	24612	24676
G24530+A	NA	12	53083	0.000226	24520	24541
G24434+C	NA	12	26875	0.000447	24412	24451
G24124-T	NA	12	2774	0.004326	24040	24191
G23835-T C23887-A	NA NA	12	9440	0.001271	23767	23895
G23835-T C23854A	NA S:N764K	12	10366	0.001158	23683	23890
G23508A C23525T T23599G C23604A	S:C649Y S:H655Y S:N679K S:P681H	12	22253	0.000539	23487	23642
G22813T T22882G T22917G C22950-T	S:K417N S:N440K S:L452R NA	12	5790	0.002073	22799	22965
G22813T T22882G G22895C T22896C G22898A T22900-G	S:K417N S:N440K S:V445P S:V445P S:G446S NA	12	7958	0.001508	22793	22914
G22813T A22845-T	S:K417N NA	12	8650	0.001387	22793	22863
G22809-A G22813T A22845-T T22882G A22893C T22917G	NA S:K417N NA S:N440K S:K444T S:L452R	12	7441	0.001613	22793	22922
G22030-T	NA	12	14531	0.000826	22025	22054
G22014-T G22037-T	NA NA	12	9501	0.001263	22003	22054
G21850+A	NA	12	12092	0.000992	21847	21872
G21578-T C21618T T21632-TACCCCCTG	NA S:T19I S:DEL25/27	12	652	0.018405	21571	21657
C25184-A	NA	12	9350	0.001283	25131	25323
C25000T T25191-A	S:D1146D NA	12	1922	0.006243	24990	25210
C25000T T25072-G T25191-A	S:D1146D NA NA	12	1922	0.006243	24990	25210
C25000T T25072-G C25100-A T25191-A	S:D1146D NA NA NA	12	1922	0.006243	24990	25210
C25000T A25038G	S:D1146D S:H1159R	12	8540	0.001405	24990	25069
C24912G	S:T1117R	12	8292	0.001447	24891	24943
C24899-A C24981-T C25000T T25021-A	NA NA S:D1146D NA	12	6029	0.00199	24850	25069
C24672T A24673C	S:S1037F S:S1037F	12	27212	0.000441	24470	24679
C24566-A C24672-A	NA NA	12	23901	0.000502	24482	24679
C24555-A	NA	12	52701	0.000228	24505	24671
C24528T	S:A989V	12	53134	0.000226	24473	24564
C24435-T C24455-A	NA NA	12	26654	0.00045	24412	24468
C24119-A T24126-TA	NA NA	12	2378	0.005046	24021	24153
C24026-T C24119-A	NA NA	12	2196	0.005464	24021	24179
C23816-T A23853-C	NA NA	12	10049	0.001194	23767	23887
C23816+T	NA	12	11094	0.001082	23767	23829
C23758A C23854A	S:T732T S:N764K	12	8066	0.001488	23732	23895
C23718+A	NA	12	37504	0.00032	23689	23724
C23525T T23599G C23604A T23626C	S:H655Y S:N679K S:P681H S:A688A	12	22061	0.000544	23487	23642
C23525T T23599G C23604A C23615T	S:H655Y S:N679K S:P681H S:R685C	12	22300	0.000538	23487	23634
C23525T T23599G C23604A A23618G	S:H655Y S:N679K S:P681H S:S686G	12	22296	0.000538	23492	23642
C23525T T23578C T23599G C23604A	S:H655Y S:A672A S:N679K S:P681H	12	22316	0.000538	23487	23640
C23525T T23569C C23604A	S:H655Y S:G669G S:P681H	12	22316	0.000538	23498	23642
C23525T C23556T T23599G C23604A	S:H655Y S:P665L S:N679K S:P681H	12	22316	0.000538	23487	23629
C23525T A23558G C23604A	S:H655Y S:I666V S:P681H	12	22316	0.000538	23487	23639
C23502-AG C23525T	NA S:H655Y	12	31872	0.000377	23483	23539
C23358+A	NA	12	18720	0.000641	23338	23366
C23334-T A23368G	NA S:T602T	12	9751	0.001231	23273	23395
C22109G T22200A G22317T	S:Q183E S:V213E S:G252V	12	1173	0.01023	22100	22319
C22033+G	NA	12	14548	0.000825	22026	22058
C21618T T21633C A21764-TACATG	S:T19I S:L24S S:DEL69/70	12	5082	0.002361	21597	21802
C21618T T21632-TACCCCCTG T21739-TC A21743C A21764-TACATG C21781-A	S:T19I S:DEL25/27 NA S:N61H S:DEL69/70 NA	12	5062	0.002371	21597	21802
A25462G	ORF3a:T24A	12	12587	0.000953	25381	25477
A25256G	S:I1232V	12	15418	0.000778	25226	25325
A25195G	S:K1211K	12	10022	0.001197	25166	25313
A24661G	S:V1033V	12	27535	0.000436	24491	24679
A24424T T24522C	S:Q954H S:V987A	12	25561	0.000469	24412	24564
A24424T T24496C	S:Q954H S:N978N	12	25712	0.000467	24412	24564
A24424T T24469A A24562G	S:Q954H S:N969K S:R1000R	12	25245	0.000475	24412	24564
A24424T T24469A A24532G	S:Q954H S:N969K S:E990E	12	25518	0.00047	24412	24564
A24424T T24436C	S:Q954H S:A958A	12	26180	0.000458	24413	24564
A24424T G24488-T C24503-T C24517-A	S:Q954H NA NA NA	12	25600	0.000469	24412	24564
A24424T A24531G	S:Q954H S:E990G	12	25525	0.00047	24415	24564
A24424T A24500G	S:Q954H S:I980V	12	25695	0.000467	24414	24564
A24424T A24478G	S:Q954H S:A972A	12	25786	0.000465	24412	24564
A24424T A24432G	S:Q954H S:Q957R	12	26212	0.000458	24412	24541
A24167G	S:M869V	12	7143	0.00168	24164	24178
A24014-T	NA	12	1826	0.006572	23972	24095
A23938-C G23948T	NA S:D796Y	12	998	0.012024	23930	23978
A23704-C	NA	12	37925	0.000316	23683	23724
A23597G T23599G C23604A	S:N679E S:N679E S:P681H	12	49228	0.000244	23580	23708
A23592C T23599G C23604A	S:Q677P S:N679K S:P681H	12	49153	0.000244	23580	23724
A23403G G23522-A C23525T	S:D614G NA S:H655Y	12	5873	0.002043	23394	23539
A23063T	S:N501Y	12	2225	0.005393	23056	23096
A22914-C	NA	12	8933	0.001343	22904	22967
A22538-T G22578A	NA S:G339D	12	2016	0.005952	22475	22580
A22184G	S:T208A	12	9156	0.001311	22159	22192
A22178G	S:K206E	12	9222	0.001301	22161	22192
A22023G	S:E154G	12	9900	0.001212	22014	22058
A21958-T	NA	12	12324	0.000974	21935	21968
A21834-T	NA	12	4572	0.002625	21815	21910
T25560C C25561A A25562T	ORF3a:F56F ORF3a:Q57M ORF3a:Q57M	11	6587	0.00167	25372	25566
T25467C	ORF3a:P25P	11	12509	0.000879	25383	25477
T25434C	ORF3a:T14T	11	12940	0.00085	25381	25477
T25415C	ORF3a:F8S	11	13099	0.00084	25381	25445
T25406C C25460T	ORF3a:M5T ORF3a:A23V	11	12617	0.000872	25372	25508
T25237C	S:I1225I	11	13521	0.000814	25219	25325
T25224C	S:I1221T	11	13201	0.000833	25219	25325
T24671C	S:S1037P	11	27353	0.000402	24615	24675
T24658C C24672-A	S:C1032C NA	11	27268	0.000403	24612	24679
T24634C C24672-A	S:L1024L NA	11	27052	0.000407	24612	24679
T24622C	S:A1020A	11	27512	0.0004	24498	24679
T24544C	S:D994D	11	52889	0.000208	24506	24564
T24491C	S:L977L	11	52751	0.000209	24475	24503
T23794C C23854A	S:G744G S:N764K	11	9864	0.001115	23683	23895
T23599G C23604A T23716C	S:N679K S:P681H S:F718F	11	25250	0.000436	23580	23724
T23599G C23604A T23641-G A23646G	S:N679K S:P681H NA S:Y695C	11	26362	0.000417	23580	23717
T23599G C23604A T23605C	S:N679K S:P681H S:P681H	11	49227	0.000223	23580	23642
T23599G C23604A G23675-T A23712-T	S:N679K S:P681H NA NA	11	25282	0.000435	23580	23724
T23599G C23604A G23619A	S:N679K S:P681H S:S686N	11	49175	0.000224	23580	23642
T23599G C23604A C23644T	S:N679K S:P681H S:A694A	11	26382	0.000417	23580	23724
T23599G C23604A A23720+T	S:N679K S:P681H NA	11	25014	0.00044	23580	23724
T23338C A23403G	S:F592F S:D614G	11	16107	0.000683	23269	23434
T23323C C23334-T A23403G	S:I587I NA S:D614G	11	9452	0.001164	23269	23443
T23296C	S:D578D	11	9977	0.001103	23285	23299
T23289C C23334-T	S:V576A NA	11	9798	0.001123	23269	23432
T23284-G A23403G	NA S:D614G	11	9230	0.001192	23269	23417
T23284-G	NA	11	13920	0.00079	23269	23299
T23143-A T23164-A C23230-A G23236-T	NA NA NA NA	11	3865	0.002846	23089	23251
T22882G A22893C C22995A A23013C T23018G	S:N440K S:K444T S:T478K S:E484A S:F486V	11	297	0.037037	22876	23048
T22392-A G22578A	NA S:G339D	11	728	0.01511	22387	22580
T21990-TTA	S:DEL144	11	9745	0.001129	21959	22011
T21934-A G21987A T21990-TTA A21999-C	NA S:G142D S:DEL144 NA	11	5128	0.002145	21903	22058
T21864+A G21987A	NA S:G142E	11	5531	0.001989	21847	21993
T21861-A A21875-T	NA NA	11	11947	0.000921	21850	21890
T21856+A A21979-T G21987A	NA NA S:G142E	11	5521	0.001992	21847	22003
G25284A	S:C1241Y	11	15833	0.000695	25263	25325
G24584A	S:V1008M	11	24869	0.000442	24564	24609
G24577T C24672-A	S:Q1005H NA	11	23968	0.000459	24473	24679
G24510A	S:R983H	11	53198	0.000207	24480	24563
G24488-T C24517-A T24643-A C24672-A	NA NA NA NA	11	22321	0.000493	24473	24679
G24445+A	NA	11	26890	0.000409	24435	24564
G24316A A24317G C24319A A24424T	S:E918E S:N919E S:N919E S:Q954H	11	1033	0.010649	24299	24424
G24004T	S:K814N	11	1800	0.006111	23981	24106
G23804+A	NA	11	11180	0.000984	23767	23814
G23768-T C23887-A	NA NA	11	8747	0.001258	23767	23895
G23761-A	NA	11	9569	0.00115	23683	23782
G23699+A	NA	11	38023	0.000289	23692	23724
G23501A C23525T T23599G C23604A	S:A647T S:H655Y S:N679K S:P681H	11	22116	0.000497	23492	23642
G23426T	S:V622F	11	17749	0.00062	23420	23443
G22813T T22882G T22896C G22898A	S:K417N S:N440K S:V445A S:G446S	11	8007	0.001374	22795	22936
G22813T T22847C T22882G T22942A	S:K417N S:F429L S:N440K S:N460K	11	6093	0.001805	22793	22967
G22317T T22392-A	S:G252V NA	11	2352	0.004677	22246	22446
G22273-T	NA	11	5362	0.002051	22249	22285
G22104-A C22120-A G22141+T	NA NA NA	11	6192	0.001776	22025	22192
G21987A C22000-A C22009-A	S:G142D NA NA	11	7269	0.001513	21847	22020
G21987A A22025G	S:G142D S:S155G	11	6033	0.001823	21981	22058
G21987A A21999G	S:G142D S:H146R	11	8566	0.001284	21980	22004
C25275T	S:T1238I	11	15758	0.000698	25228	25325
C25000T A25056-T	S:D1146D NA	11	8431	0.001305	24990	25066
C24759-T	NA	11	4197	0.002621	24737	24806
C24668T	S:Q1036*	11	27443	0.000401	24637	24679
C24639+G	NA	11	27495	0.0004	24551	24679
C24621-T	NA	11	27512	0.0004	24512	24672
C24536T	S:Q992*	11	52974	0.000208	24476	24552
C24536-AA A24647-TG	NA NA	11	23981	0.000459	24517	24679
C24517T	S:D985D	11	53171	0.000207	24482	24564
C24509T	S:R983C	11	53177	0.000207	24487	24564
C24503-T C24517-A C24672-A	NA NA NA	11	23162	0.000475	24473	24679
C24422-A A24425T T24469A	NA S:N955Y S:N969K	11	25826	0.000426	24412	24564
C24418-A A24424T	NA S:Q954H	11	27779	0.000396	24412	24542
C24320-A	NA	11	5736	0.001918	24233	24348
C24064-A A24110-T	NA NA	11	2287	0.00481	24021	24122
C23854A G23868-A	S:N764K NA	11	10708	0.001027	23848	23891
C23816-T C23887-A	NA NA	11	9104	0.001208	23767	23895
C23604A A23712-T	S:P681H NA	11	25330	0.000434	23580	23724
C23604A A23639-T	S:P681H NA	11	48292	0.000228	23580	23642
C23591+G T23599G C23604A	NA S:N679* S:P681Y	11	49137	0.000224	23580	23651
C23525T T23599G C23604A T23633C	S:H655Y S:N679K S:P681H S:S691P	11	21970	0.000501	23487	23642
C23525T T23599G C23604A G23608A	S:H655Y S:N679K S:P681H S:R682R	11	22307	0.000493	23487	23642
C23525T T23599G C23604A C23630-A	S:H655Y S:N679K S:P681H NA	11	22032	0.000499	23487	23637
C23525T T23542-G	S:H655Y NA	11	23726	0.000464	23487	23550
C23525T C23551T T23599G C23604A	S:H655Y S:D663D S:N679K S:P681H	11	22316	0.000493	23492	23642
C23525T A23597G T23599G C23604A	S:H655Y S:N679E S:N679E S:P681H	11	22316	0.000493	23487	23642
C23525T A23554-C T23563+C T23599G C23604A	S:H655Y NA NA S:N679* S:P681Y	11	22316	0.000493	23487	23637
C23334-T T23355-A	NA NA	11	9849	0.001117	23269	23375
C23334-T G23420C	NA S:V620L	11	9337	0.001178	23269	23443
C21618T T21632-TACCCCCTG G21686-T C21736-T A21764-TACATG	S:T19I S:DEL25/27 NA NA S:DEL69/70	11	5082	0.002165	21597	21800
C21618T T21632-TACCCCCTG G21686-T A21764-TACATG C21781-A	S:T19I S:DEL25/27 NA S:DEL69/70 NA	11	5062	0.002173	21597	21802
C21618T T21632-TACCCCCTG C21742-A A21764-TACATG	S:T19I S:DEL25/27 NA S:DEL69/70	11	5082	0.002165	21608	21802
A25405G	ORF3a:M5V	11	13195	0.000834	25381	25477
A25247-T	NA	11	13620	0.000808	25235	25324
A24905-T C25000T	NA S:D1146D	11	6314	0.001742	24871	25069
A24885-T C24981-T	NA NA	11	6401	0.001718	24850	24999
A24885-T C24899-A C24981-T C25000T	NA NA NA S:D1146D	11	6200	0.001774	24850	25006
A24580G	S:T1006T	11	25076	0.000439	24560	24679
A24556T	S:T998T	11	52624	0.000209	24529	24562
A24495+T	NA	11	52816	0.000208	24476	24509
A24479-T G24488-T	NA NA	11	50607	0.000217	24470	24505
A24424T T24514C	S:Q954H S:L984L	11	25619	0.000429	24413	24563
A24424T T24505C	S:Q954H S:L981L	11	25663	0.000429	24412	24564
A24424T T24472-G	S:Q954H NA	11	25801	0.000426	24412	24564
A24424T T24469A A24551G	S:Q954H S:N969K S:I997V	11	25420	0.000433	24412	24564
A24424T G24476A	S:Q954H S:A972T	11	25797	0.000426	24412	24564
A24424T A24539+T	S:Q954H NA	11	25487	0.000432	24412	24564
A24253-T A24287+T	NA NA	11	5508	0.001997	24229	24303
A23366G A23403G	S:T602A S:D614G	11	16537	0.000665	23335	23424
A23319G A23403G	S:D586G S:D614G	11	9446	0.001165	23296	23443
A23299G A23403G	S:P579P S:D614G	11	9417	0.001168	23269	23443
A23055G T23075C	S:Q498R S:Y505H	11	2066	0.005324	23050	23152
A23013C T23018G T23037-A A23055G A23063T T23075C	S:E484A S:F486V NA S:Q498R S:N501Y S:Y505H	11	1642	0.006699	23008	23083
A23013C T23018G A23063T	S:E484A S:F486V S:N501Y	11	1720	0.006395	23008	23071
A21964-T	NA	11	12293	0.000895	21941	21973
A21917-T	NA	11	12243	0.000898	21906	21934
A21764-TACATG T21775-G A21817-T A21834-T	S:DEL69/70 NA NA NA	11	3848	0.002859	21757	21865
A21764-TACATG C21781A A21817-T	S:DEL69/70 S:T73T NA	11	3899	0.002821	21757	21973
T25541C	ORF3a:V50A	10	6809	0.001469	25381	25552
T25451C	ORF3a:I20T	10	12749	0.000784	25381	25477
T25446C	ORF3a:G18G	10	12837	0.000779	25381	25477
T25415-C G25555-T	NA NA	10	6660	0.001502	25372	25566
T25400C	ORF3a:L3S	10	13236	0.000756	25381	25442
T25280C	S:C1240R	10	15799	0.000633	25251	25325
T25222C	S:F1220F	10	13066	0.000765	25200	25325
T25191-A G25218-T	NA NA	10	7347	0.001361	25130	25315
T24664C C24672-A	S:L1034L NA	10	27296	0.000366	24612	24679
T24572C	S:L1004L	10	25126	0.000398	24473	24604
T24472G	S:F970L	10	47462	0.000211	24466	24487
T24471-TG T24589-CAA	NA S:DEL1010	10	18570	0.000539	24465	24676
T24469A T24513C	S:N969K S:L984P	10	42007	0.000238	24465	24538
T24469A T24487C	S:N969K S:S975S	10	42500	0.000235	24465	24564
T24469A C24632-T	S:N969K NA	10	14310	0.000699	24465	24679
T24469A C24517-A	S:N969K NA	10	41956	0.000238	24465	24564
T24464-C	NA	10	26825	0.000373	24445	24564
T24280-A	NA	10	5955	0.001679	24229	24323
T23916+A A23922T G23948T	NA S:Q787I S:D796*	10	850	0.011765	23904	23978
T23830+G	NA	10	10895	0.000918	23771	23861
T23599G C23604A G23666-A A23704-C A23711-AT	S:N679K S:P681H NA NA NA	10	25295	0.000395	23580	23724
T23599G C23604A G23616A G23675-T	S:N679K S:P681H S:R685H NA	10	26077	0.000383	23580	23706
T23599G C23604A C23647T	S:N679K S:P681H S:Y695Y	10	26352	0.000379	23580	23724
T23599G C23604A A23723G	S:N679K S:P681H Unknown	10	24978	0.0004	23580	23724
T23599G C23604A A23704+C C23709+A	S:N679K S:P681H NA NA	10	25364	0.000394	23580	23724
T23584+C T23599G C23604A	NA S:N679* S:P681Y	10	49044	0.000204	23580	23638
T23569C T23599G C23604A	S:G669G S:N679K S:P681H	10	22518	0.000444	23492	23634
T23537C T23599G C23604A	S:S659P S:N679K S:P681H	10	22369	0.000447	23520	23637
T23487C C23525T T23599G C23604A	Unknown S:H655Y S:N679K S:P681H	10	8767	0.001141	23486	23642
T23482-A G23522-A C23525T	NA NA S:H655Y	10	7309	0.001368	23469	23539
T23335C A23403G	S:S591S S:D614G	10	9468	0.001056	23269	23429
T23296C C23334-T A23403G	S:D578D NA S:D614G	10	9350	0.00107	23269	23443
T23212C	S:G550G	10	6660	0.001502	23194	23224
T23018G A23063T T23075C	S:F486V S:N501Y S:Y505H	10	1746	0.005727	23013	23224
T22882G G22898A	S:N440K S:G446S	10	8688	0.001151	22845	22911
T22882G A22910G	S:N440K S:N450D	10	8321	0.001202	22876	22967
T22882G A22893C T22917G T22942A	S:N440K S:K444T S:L452R S:N460K	10	6741	0.001483	22876	22954
T22200G G22218-T	S:V213G NA	10	1743	0.005737	22162	22282
T21934-A T21946-A	NA NA	10	12118	0.000825	21914	21963
T21864-A	NA	10	12083	0.000828	21847	21876
T21797C	S:F79L	10	10532	0.000949	21773	21802
G25555+T	NA	10	6660	0.001502	25372	25566
G25401+T G25555+T	NA NA	10	6660	0.001502	25372	25566
G25290+C	NA	10	15918	0.000628	25280	25325
G25287-T C25294-A	NA NA	10	15851	0.000631	25256	25325
G24954-A	NA	10	6851	0.00146	24850	24965
G24488-T G24521+T	NA NA	10	51455	0.000194	24470	24538
G24488-T G24515A C24672-A	NA S:D985N NA	10	22321	0.000448	24486	24679
G24488-T C24503-T C24517-A C24672-A	NA NA NA NA	10	22321	0.000448	24470	24679
G24476A	S:A972T	10	49638	0.000201	24465	24564
G24413+T	NA	10	27449	0.000364	24412	24471
G23755+C C23854A	NA S:N764K	10	8058	0.001241	23740	23895
G23735+A	NA	10	9709	0.00103	23683	23753
G23675-T	NA	10	28043	0.000357	23664	23693
G23608A	S:R682R	10	49475	0.000202	23580	23700
G23504A C23525T T23599G C23604A	S:G648S S:H655Y S:N679K S:P681H	10	22202	0.00045	23487	23642
G23486-T A23515-G C23525T	NA NA S:H655Y	10	7419	0.001348	23349	23539
G22992A C22995A A23013C T23018G T23019C	S:S477N S:T478K S:E484A S:F486A S:F486A	10	532	0.018797	22979	23048
G22813T T22882G A22914-C T22917G T22942A	S:K417N S:N440K NA S:L452R S:N460K	10	6093	0.001641	22793	22967
G22813T T22882G A22893T G22898A T22917G T22942G	S:K417N S:N440K S:K444M S:G446S S:L452R S:N460K	10	6093	0.001641	22793	22967
G22813T T22882G A22893G T22917G	S:K417N S:N440K S:K444R S:L452R	10	7444	0.001343	22793	22929
G22813T T22882G A22893C T22917G T22939+A	S:K417N S:N440K S:K444T S:L452R NA	10	6424	0.001557	22793	22960
G22813T T22882G A22893C T22917G A22948C C22949-CT	S:K417N S:N440K S:K444T S:L452R S:K462N NA	10	5803	0.001723	22793	22967
G22813T A22914-C T22942A	S:K417N NA S:N460K	10	6093	0.001641	22793	22967
G22813T A22845-T T22882G A22893C T22917G G22927-T	S:K417N NA S:N440K S:K444T S:L452R NA	10	7102	0.001408	22793	22938
G22813T A22845-T T22882G A22893C T22917G C22950-T	S:K417N NA S:N440K S:K444T S:L452R NA	10	5790	0.001727	22793	22966
G22578A G22583-T G22599C C22674T T22679C	S:G339D NA S:R346T S:S371F S:S373P	10	996	0.01004	22564	22683
G22577C G22578A G22599C C22664A C22674T T22679C	S:G339H S:G339H S:R346T S:L368I S:S371F S:S373P	10	996	0.01004	22495	22684
G22403-A G22578A	NA S:G339D	10	778	0.012853	22381	22581
G22302-T	NA	10	5353	0.001868	22275	22319
G22133-A G22158-T	NA NA	10	7681	0.001302	22126	22192
G21987A T22016C	S:G142D S:W152R	10	6266	0.001596	21983	22058
G21987A G21989-T	S:G142D NA	10	9173	0.00109	21977	22003
G21987A C22009-A	S:G142D NA	10	7269	0.001376	21980	22021
G21987A A22001G C22033A	S:G142D S:K147E S:F157L	10	5863	0.001706	21981	22058
C25482T	ORF3a:R30R	10	9644	0.001037	25372	25517
C25413+T	NA	10	13126	0.000762	25384	25428
C25000T T25140-A	S:D1146D NA	10	1999	0.005003	24990	25206
C24852-A G24868-T C25000T	NA NA S:D1146D	10	5809	0.001721	24850	25069
C24593-A	NA	10	24838	0.000403	24568	24617
C24536+A	NA	10	52974	0.000189	24479	24558
C24245-A A24253-T C24263-A	NA NA NA	10	5596	0.001787	24229	24308
C24223-T A24253-T C24263-A	NA NA NA	10	3495	0.002861	24164	24310
C24119-A T24126-TA G24140-T	NA NA NA	10	2332	0.004288	24021	24153
C24119-A C24150+T	NA NA	10	2297	0.004354	24021	24191
C24064-A C24119-A	NA NA	10	2223	0.004498	24027	24135
C23657-T	NA	10	27813	0.00036	23649	23722
C23525T T23599G C23604A G23610A	S:H655Y S:N679K S:P681H S:R683Q	10	22305	0.000448	23487	23642
C23525T T23599G C23604A G23607A	S:H655Y S:N679K S:P681H S:R682Q	10	22307	0.000448	23487	23642
C23525T T23599G C23604A C23606T	S:H655Y S:N679K S:P681H S:R682W	10	22312	0.000448	23487	23642
C23525T T23599G C23604A A23623G	S:H655Y S:N679K S:P681H S:V687V	10	22286	0.000449	23487	23642
C23525T T23560C T23599G C23604A	S:H655Y S:I666I S:N679K S:P681H	10	22316	0.000448	23487	23642
C23525T G23564A T23599G C23604A	S:H655Y S:A668T S:N679K S:P681H	10	22316	0.000448	23487	23642
C23525T C23575T T23599G C23604A	S:H655Y S:C671C S:N679K S:P681H	10	22316	0.000448	23492	23642
C23525T A23570G T23599G C23604A	S:H655Y S:I670V S:N679K S:P681H	10	22316	0.000448	23487	23637
C23498T C23525T T23599G C23604A	S:R646C S:H655Y S:N679K S:P681H	10	22025	0.000454	23488	23624
C23492+A	NA	10	31505	0.000317	23486	23511
C23393-T C23525T	NA S:H655Y	10	5636	0.001774	23339	23539
C23373-T	NA	10	17915	0.000558	23351	23387
C23334-TT	NA	10	9928	0.001007	23285	23348
C23099-T T23143-A T23164-A C23230-A G23236-T	NA NA NA NA NA	10	3739	0.002675	23089	23290
C23099-T T23143-A C23230-A	NA NA NA	10	4051	0.002469	23089	23242
C22290-T	NA	10	5367	0.001863	22246	22349
C22185+T	NA	10	9150	0.001093	22168	22192
C22120-A T22165-A	NA NA	10	6335	0.001579	22025	22186
C22083-T	NA	10	4684	0.002135	22050	22096
C22062T	S:T167I	10	4785	0.00209	22025	22072
C22062-T C22120-A	NA NA	10	4366	0.00229	22025	22146
C21888-T A21979-T G21987A	NA NA S:G142D	10	5647	0.001771	21847	22001
C21618T T21632-TACCCCCTG T21737C A21764-TACATG	S:T19I S:DEL25/27 S:F59L S:DEL69/70	10	5082	0.001968	21597	21802
C21618T T21632-TACCCCCTG A21743C A21764-TACATG C21781-A	S:T19I S:DEL25/27 S:N61H S:DEL69/70 NA	10	5062	0.001976	21597	21802
C21549-A	NA	10	617	0.016207	21451	21571
A25420-T	NA	10	13061	0.000766	25381	25469
A25246G	S:V1228V	10	13609	0.000735	25214	25318
A25235G	S:I1225V	10	13488	0.000741	25219	25325
A25188+AT T25189G	NA S:Y1209*	10	9392	0.001065	25176	25313
A25176G	S:K1205R	10	9329	0.001072	25122	25258
A25175G	S:K1205E	10	9329	0.001072	25164	25325
A24885-T C24981-T C25000T A25026-T	NA NA S:D1146D NA	10	5882	0.0017	24850	25069
A24885+T C24981-T C25000T	NA NA S:D1146S	10	6200	0.001613	24852	25015
A24818T	S:K1086*	10	1256	0.007962	24770	24943
A24780G	S:K1073R	10	4224	0.002367	24733	24793
A24730T	S:A1056A	10	4029	0.002482	24718	24805
A24673C	S:S1037S	10	27213	0.000367	24643	24679
A24647G	S:M1029V	10	27543	0.000363	24612	24676
A24614G	S:I1018V	10	27562	0.000363	24612	24679
A24595G	S:Q1011Q	10	24828	0.000403	24483	24679
A24592G	S:Q1010Q	10	24848	0.000402	24477	24679
A24498+T	NA	10	52877	0.000189	24471	24506
A24424T T24513C	S:Q954H S:L984P	10	25622	0.00039	24412	24564
A24424T T24469A T24499C	S:Q954H S:N969K S:D979D	10	25699	0.000389	24412	24546
A24424T T24469A C24477T	S:Q954H S:N969K S:A972V	10	25794	0.000388	24412	24564
A24424T T24469A A24554G	S:Q954H S:N969K S:T998A	10	25380	0.000394	24412	24564
A24424T T24469A A24531G	S:Q954H S:N969K S:E990G	10	25525	0.000392	24412	24564
A24424T T24469A A24516G	S:Q954H S:N969K S:D985G	10	25607	0.000391	24412	24564
A24424T T24437C T24469A	S:Q954H S:L959L S:N969K	10	25829	0.000387	24412	24564
A24424T C24536T	S:Q954H S:Q992*	10	25499	0.000392	24412	24564
A24424T C24477T	S:Q954H S:A972V	10	25794	0.000388	24412	24564
A24424T C24446+T	S:Q954H NA	10	26072	0.000384	24412	24458
A24424T A24543G	S:Q954H S:D994G	10	25474	0.000393	24412	24564
A24424T A24518G	S:Q954H S:K986E	10	25594	0.000391	24412	24563
A24424T A24453G	S:Q954H S:K964R	10	25993	0.000385	24412	24564
A24424T A24441G T24469A	S:Q954H S:N960S S:N969K	10	25829	0.000387	24412	24564
A24424T A24426G	S:Q954H S:N955S	10	26225	0.000381	24415	24564
A24424C	S:Q954H	10	27821	0.000359	24412	24564
A24178G	S:Q872Q	10	7055	0.001417	24165	24191
A24170-T	NA	10	7127	0.001403	24164	24191
A23805G C23854A	S:E748G S:N764K	10	9974	0.001003	23699	23891
A23598+G C23604A	NA S:P681Y	10	49228	0.000203	23591	23614
A23583G T23599G C23604A	S:Y674C S:N679K S:P681H	10	49023	0.000204	23580	23642
A23515+G T23599G C23604A	NA S:N679* S:P681Y	10	22291	0.000449	23486	23637
A23403G T23404C	S:D614G S:D614G	10	17301	0.000578	23335	23430
A23403G C23457-T C23525T	S:D614G NA S:H655Y	10	5873	0.001703	23396	23539
A23276G C23334-T	S:T572A NA	10	9591	0.001043	23269	23347
A23013C T23018G T23037-A A23055G A23063T	S:E484A S:F486V NA S:Q498R S:N501Y	10	1720	0.005814	23008	23066
A23013C T23018G T23037-A	S:E484A S:F486V NA	10	2301	0.004346	23008	23048
A23013C T23018C T23019C T23031C A23055G	S:E484A S:F486P S:F486P S:F490S S:Q498R	10	1741	0.005744	23008	23062
A22962G	S:D467G	10	8573	0.001166	22951	22967
A22893C	S:K444T	10	9089	0.0011	22876	22902
A22845-T T22882G	NA S:N440K	10	8566	0.001167	22808	22892
A22134G	S:E191G	10	7974	0.001254	22124	22192
A22130-G	NA	10	7787	0.001284	22123	22192
A21764-TACATG T21886-A	S:DEL69/70 NA	10	3663	0.00273	21757	21963
A21764-TACATG A21875-T C21888-T	S:DEL69/70 NA NA	10	3663	0.00273	21757	21939
A21764-TACATG A21834-T A21875-T	S:DEL69/70 NA NA	10	3683	0.002715	21757	21908
A21764-TACATG A21817-T C21855T	S:DEL69/70 NA S:S98F	10	3762	0.002658	21757	21883
A21764-TACATG A21783+G	S:DEL69/70 NA	10	9739	0.001027	21757	21962
