nt_mutations	aa_mutations	cluster_depth	total_depth	frequency	coverage_start	coverage_end
T23599G C23604A	S:N679K S:P681H	14946	57938	0.257965	23595	23608
C23525T T23599G C23604A	S:H655Y S:N679K S:P681H	11979	28609	0.418714	23521	23612
A24424T	S:Q954H	4659	24323	0.191547	24421	24424
C23854A	S:N764K	3381	13209	0.255962	23850	23859
A23403G	S:D614G	2673	15308	0.174615	23399	23410
G21987A	S:G142D	2324	10647	0.218277	21983	21990
C24672-A	NA	2154	30738	0.070076	24649	24679
C23525T	S:H655Y	2114	37143	0.056915	23520	23528
C23525T C23604A	S:H655Y S:P681H	1761	28609	0.061554	23518	23614
T23599G	S:N679K	1696	57978	0.029252	23595	23602
T24469A	S:N969K	1615	39088	0.041317	24467	24485
A24424T T24469A	S:Q954H S:N969K	1484	23544	0.063031	24420	24482
C23334-T	NA	1298	9283	0.139825	23322	23345
C23604A	S:P681H	1292	58004	0.022274	23602	23608
C25000T	S:D1146D	1283	9545	0.134416	24998	25004
A23403G C23525T	S:D614G S:H655Y	891	5279	0.168782	23398	23529
C24536-A	NA	820	53695	0.015271	24528	24554
C23525T A23558G T23599G C23604A	S:H655Y S:I666V S:N679K S:P681H	599	28609	0.020937	23501	23624
G22021A	S:M153I	580	11255	0.051533	22016	22043
T23599G C23604A G23666-A	S:N679K S:P681H NA	567	28262	0.020062	23593	23678
C23334-T A23403G	NA S:D614G	541	8670	0.062399	23296	23409
C23525T T23599G	S:H655Y S:N679K	528	28617	0.018451	23516	23603
T24492-A	NA	514	53461	0.009614	24484	24525
C25416T	ORF3a:F8F	514	7484	0.06868	25384	25445
C25262-T	NA	485	26119	0.018569	25252	25274
A24424T C24536-A	S:Q954H NA	470	23140	0.020311	24417	24549
A23786-T C23854A	NA S:N764K	470	11370	0.041337	23773	23858
C21618T T21632-TACCCCCTG A21764-TACATG	S:T19I S:DEL25/27 S:DEL69/70	441	1951	0.226038	21608	21787
A22941-T	NA	424	6835	0.062034	22934	22966
T25289-G	NA	417	26744	0.015592	25282	25316
T24628-A	NA	393	31027	0.012666	24612	24658
T24470-TTG	S:DEL971	374	39418	0.009488	24467	24492
C23525T C23557T T23599G C23604A	S:H655Y S:P665P S:N679K S:P681H	365	28609	0.012758	23506	23624
T23599G C23604A A23712-T	S:N679K S:P681H NA	324	27027	0.011988	23592	23720
G21987A A22001G T22016C C22033A	S:G142D S:K147E S:W152R S:F157L	322	7057	0.045628	21983	22043
C24981-T C25000T	NA S:D1146D	319	7264	0.043915	24937	25004
A25472-T	NA	312	6976	0.044725	25383	25477
A24424T C24517-A	S:Q954H NA	308	23232	0.013258	24415	24551
G22813T T22882G	S:K417N S:N440K	302	6857	0.044043	22809	22885
T25191-A	NA	293	15214	0.019259	25177	25202
G25290T	S:C1243F	289	26764	0.010798	25284	25307
C23816-T	NA	279	13089	0.021316	23793	23825
C25294-A	NA	276	26838	0.010284	25287	25316
G25287-T	NA	273	26707	0.010222	25279	25320
A24424T T24469A T24472-G	S:Q954H S:N969K NA	268	23491	0.011409	24418	24534
T22942A	S:N460K	258	6819	0.037835	22937	22946
A24424T C24435-T	S:Q954H NA	250	24017	0.010409	24414	24446
T24471-TG	NA	248	45334	0.005471	24465	24491
T25191-A C25262-T	NA NA	247	12018	0.020553	25138	25283
A24253-T	NA	241	2501	0.096361	24233	24265
A21979-T G21987A	NA S:G142D	241	8455	0.028504	21867	21996
A24803-T	NA	238	3635	0.065475	24776	24806
A23853-C	NA	237	13227	0.017918	23846	23863
C22120-A	NA	236	3753	0.062883	22113	22132
C25262-TT	NA	235	26119	0.008997	25251	25292
T24469A T24472-G	S:N969K NA	232	39017	0.005946	24465	24554
T25191-A C25262-TT	NA NA	223	12018	0.018556	25130	25316
C24517-A	NA	220	53911	0.004081	24510	24530
A24424T T24469A C24536-A	S:Q954H S:N969K NA	220	23140	0.009507	24419	24558
A24424T G24488+T	S:Q954H NA	217	23403	0.009272	24414	24509
G22813T T22882G A22893C T22917G	S:K417N S:N440K S:K444T S:L452R	212	5443	0.038949	22803	22920
T23599G C23604A G23611T	S:N679K S:P681H S:R683R	211	57905	0.003644	23581	23638
T23599G C23604A G23675-T	S:N679K S:P681H NA	207	28157	0.007352	23581	23688
T22882G	S:N440K	207	7471	0.027707	22878	22885
A21764-TACATG	S:DEL69/70	207	3376	0.061315	21757	21780
T24643-A	NA	202	31078	0.0065	24635	24654
A24424T T24471-TG	S:Q954H NA	202	23492	0.008599	24417	24544
C24852-A C25000T	NA S:D1146D	196	6246	0.03138	24850	25060
C23887-A	NA	195	12308	0.015843	23863	23894
T23599G C23604A T23697C	S:N679K S:P681H S:I712T	193	27918	0.006913	23581	23700
C24852-A	NA	190	8079	0.023518	24850	24870
G25302-T	NA	188	27088	0.00694	25295	25320
A23767+T C23854A	NA S:N764K	184	10478	0.017561	23760	23881
C22000A	S:H146Q	180	12719	0.014152	21995	22037
C24503-T	NA	173	53711	0.003221	24494	24513
G25218-T	NA	171	18472	0.009257	25209	25247
G21987A C22000-A	S:G142D NA	171	9776	0.017492	21981	22012
T24469A C24536-A	S:N969K NA	170	38113	0.00446	24465	24548
T23599G C23604A A23704+C	S:N679K S:P681H NA	168	27396	0.006132	23593	23716
A24424T C24503-T	S:Q954H NA	166	23305	0.007123	24412	24535
C21618T T21632-TACCCCCTG	S:T19I S:DEL25/27	165	2312	0.071367	21608	21657
G22813T	S:K417N	163	7171	0.02273	22809	22817
G22813T T22882G T22917G	S:K417N S:N440K S:L452R	162	5443	0.029763	22811	22920
G22578A	S:G339D	158	887	0.178129	22573	22580
T23599G C23604A C23644T	S:N679K S:P681H S:A694A	156	28492	0.005475	23580	23700
G23948T	S:D796Y	153	717	0.213389	23944	23957
C24503-T C24672-A	NA NA	151	25991	0.00581	24474	24679
C24435-T	NA	148	24885	0.005947	24428	24445
A21979-T	NA	148	9242	0.016014	21867	21993
G24488-T	NA	147	52935	0.002777	24486	24499
G22813T T22882G T22942A	S:K417N S:N440K S:N460K	147	4313	0.034083	22808	22949
T22164-TA	NA	144	5646	0.025505	22155	22180
A21979-T G21987A C22000-A	NA S:G142D NA	143	7584	0.018855	21900	22012
A25137-T	NA	142	14095	0.010074	25131	25147
G22813T T22882G T22917G T22942A	S:K417N S:N440K S:L452R S:N460K	141	4313	0.032692	22807	22949
C24672-AA	NA	138	30738	0.00449	24626	24679
G25555-T	NA	137	3454	0.039664	25381	25565
A21875-T	NA	130	9902	0.013129	21869	21889
A24424T T24438+A	S:Q954H NA	128	23987	0.005336	24414	24451
G25401+T	NA	125	7559	0.016537	25381	25415
T23599G C23604A C23606-G	S:N679K S:P681H NA	122	57920	0.002106	23583	23642
C24536-AA	NA	122	53695	0.002272	24527	24554
G22813T T22882G G22898A	S:K417N S:N440K S:G446S	121	6327	0.019124	22809	22901
G22813T T22882G A22893C	S:K417N S:N440K S:K444T	121	6592	0.018356	22793	22899
T23599G C23604A C23679T	S:N679K S:P681H S:A706V	120	28116	0.004268	23580	23700
T24492+A	NA	119	53461	0.002226	24486	24502
A24424T T24492+A	S:Q954H NA	119	23386	0.005089	24413	24561
A23403G T23482-A C23525T	S:D614G NA S:H655Y	118	5279	0.022353	23398	23530
T22200G	S:V213G	117	850	0.137647	22195	22222
T22942G	S:N460K	116	6819	0.017011	22938	22967
C23525T G23576A T23599G C23604A	S:H655Y S:A672T S:N679K S:P681H	116	28609	0.004055	23493	23629
G23835-T	NA	113	12881	0.008773	23771	23847
C23525T A23558-T T23599G C23604A	S:H655Y NA S:N679K S:P681H	112	28609	0.003915	23508	23608
T24643-A C24672-A	NA NA	111	30577	0.00363	24638	24679
T24472-G	NA	111	45776	0.002425	24465	24564
T23703-A	NA	109	43434	0.00251	23683	23711
G22487-A	NA	109	1276	0.085423	22408	22500
A25296-G	NA	109	26910	0.004051	25288	25316
G21987A A21993-T	S:G142D NA	106	10544	0.010053	21982	22058
T23507C C23525T T23599G C23604A	S:C649R S:H655Y S:N679K S:P681H	105	28444	0.003691	23488	23612
G21987A A22001G T22016C	S:G142D S:K147E S:W152R	105	7454	0.014086	21983	22032
C21618T T21632-TACCCCCTG A21764-TACATG C21781-A	S:T19I S:DEL25/27 S:DEL69/70 NA	105	1938	0.05418	21608	21802
A24424T G24488-T	S:Q954H NA	105	23403	0.004487	24412	24519
C23525T A23532T T23599G C23604A	S:H655Y S:N657I S:N679K S:P681H	104	28609	0.003635	23516	23634
A22001G T22016C C22033A	S:K147E S:W152R S:F157L	104	10332	0.010066	21995	22043
C24483+A	NA	101	52118	0.001938	24475	24492
A24670-TCAA	NA	100	30859	0.003241	24605	24679
C23557T T23599G C23604A	S:P665P S:N679K S:P681H	97	28884	0.003358	23538	23631
A24424T T24471-TG C24536-A	S:Q954H NA NA	97	23140	0.004192	24413	24564
C22000-A	NA	96	12719	0.007548	21993	22012
C21978A G21987A	S:P139Q S:G142D	96	8408	0.011418	21970	22032
A23712-T	NA	96	43046	0.00223	23699	23724
A23305C A23403G	S:T581T S:D614G	96	8641	0.01111	23285	23434
T25289A	S:C1243S	95	26744	0.003552	25275	25312
T24267-G	NA	95	2522	0.037669	24251	24350
C24517-A C24672-A	NA NA	94	26296	0.003575	24483	24679
T23599G C23604A T23662C	S:N679K S:P681H S:G700G	93	28301	0.003286	23581	23678
G25278-T	NA	93	26586	0.003498	25275	25298
T24469A C24672-A	S:N969K NA	92	12903	0.00713	24465	24679
G24488-T C24672-A	NA NA	92	24995	0.003681	24486	24679
T23482-A C23525T	NA S:H655Y	91	6305	0.014433	23462	23529
G22104-A C22120-A	NA NA	91	3535	0.025743	22100	22133
G22037-T	NA	91	14001	0.0065	22030	22043
C23525T A23526+G	S:H655* NA	91	36921	0.002465	23499	23532
C23854A C23887-A	S:N764K NA	89	12074	0.007371	23843	23895
C23525T C23533-A T23599G C23604A	S:H655Y NA S:N679K S:P681H	89	28609	0.003111	23501	23624
A25201+T	NA	89	15861	0.005611	25192	25210
C23525T C23585T T23599G C23604A	S:H655Y S:Q675* S:N679K S:P681H	88	28609	0.003076	23499	23624
A24424T T24469A T24472-G C24536-A	S:Q954H S:N969K NA NA	88	23140	0.003803	24412	24563
T23143-A	NA	87	3924	0.022171	23136	23155
A25235-T	NA	87	24199	0.003595	25226	25320
A24493T	S:L977F	87	53433	0.001628	24490	24564
C23525T T23599G C23604A A23639-T	S:H655Y S:N679K S:P681H NA	86	27402	0.003138	23505	23642
A25208-T	NA	86	16628	0.005172	25201	25210
G22014-T	NA	84	11402	0.007367	22007	22047
C23334-T C23393+T	NA NA	84	8824	0.009519	23270	23423
C23816-T G23835-T	NA NA	83	12456	0.006663	23699	23851
A24424T T24470-TTG	S:Q954H S:DEL971	83	23492	0.003533	24416	24563
C24632-T	NA	82	31055	0.00264	24612	24674
T23599G C23604A T23617C	S:N679K S:P681H S:R685R	81	57873	0.0014	23581	23631
C24981-T C25000T A25056-T	NA S:D1146D NA	81	6831	0.011858	24852	25069
C23525T A23554-C T23599G C23604A	S:H655Y NA S:N679K S:P681H	81	28609	0.002831	23516	23624
T23596+A T23599G C23604A	NA S:N679* S:P681Y	80	57924	0.001381	23581	23618
G23522-A C23525T	NA S:H655Y	80	37139	0.002154	23511	23531
C23099-T T23143-A T23164-A C23230-A	NA NA NA NA	80	2613	0.030616	23096	23243
G23402-A	NA	79	15316	0.005158	23398	23414
C25000T C25100-A	S:D1146D NA	79	1919	0.041167	24992	25112
T24471-TG C24536-A	NA NA	78	44043	0.001771	24465	24554
A24424T C24503-T C24517-A	S:Q954H NA NA	78	23232	0.003357	24412	24551
T23599G C23604A A23639-T	S:N679K S:P681H NA	77	56467	0.001364	23581	23642
G25218+T	NA	76	18472	0.004114	25130	25264
C23816-T C23854A	NA S:N764K	74	11814	0.006264	23794	23873
C23525T A23558G C23604A	S:H655Y S:I666V S:P681H	74	28609	0.002587	23487	23624
A23515+G C23525T T23599G C23604A	NA S:H655S S:N679* S:P681Y	74	28539	0.002593	23498	23624
C23099-T	NA	73	3892	0.018756	23097	23110
T23143-A T23164-A	NA NA	72	3780	0.019048	23108	23176
G23768-T	NA	72	13551	0.005313	23767	23778
C25276-A	NA	72	26537	0.002713	25262	25307
T23637-C	NA	71	58433	0.001215	23628	23724
T23599G C23604A T23620C	S:N679K S:P681H S:S686S	70	57861	0.00121	23580	23642
T23278-A	NA	70	12413	0.005639	23269	23290
G24570-T	NA	70	27681	0.002529	24533	24627
G22813T A22845-T T22882G	S:K417N NA S:N440K	70	6857	0.010209	22810	22886
C23492-A C23525T T23599G C23604A	NA S:H655Y S:N679K S:P681H	70	27650	0.002532	23489	23624
A23786-T A23853-C	NA NA	70	11388	0.006147	23736	23880
T23599G C23604A T23681C	S:N679K S:P681H S:Y707H	69	28073	0.002458	23581	23717
G22813T T22882G A22941-T	S:K417N S:N440K NA	69	4331	0.015932	22803	22949
A24468-T T24470A	NA S:F970I	69	39018	0.001768	24465	24481
A21979-T G21987A C22000-AA C22009-A	NA S:G142D NA NA	69	6305	0.010944	21848	22024
T23599G C23604A C23609-G	S:N679K S:P681H NA	68	57915	0.001174	23593	23620
T23596C T23599G C23604A	S:T678T S:N679K S:P681H	68	57924	0.001174	23580	23642
C23367-A	NA	68	15832	0.004295	23345	23377
T21632-TACCCCCTG A21764-TACATG	S:DEL25/27 S:DEL69/70	67	1953	0.034306	21608	21798
T23830-G C23854A	NA S:N764K	66	11994	0.005503	23817	23880
T23599G C23604A C23664T	S:N679K S:P681H S:A701V	66	28286	0.002333	23593	23700
T23143-A T23164-A C23230-A	NA NA NA	65	2745	0.023679	23089	23242
G24977C C25000T	S:D1139H S:D1146D	65	7246	0.00897	24960	25039
C22120-A T22200G	NA S:V213G	65	718	0.090529	22112	22223
A23515-G C23525T T23599G C23604A	NA S:H655Y S:N679K S:P681H	65	28539	0.002278	23513	23633
T24505C	S:L981L	64	53861	0.001188	24490	24514
T22882G T22917G	S:N440K S:L452R	64	6043	0.010591	22878	22922
C24981-T	NA	64	7431	0.008613	24857	24992
A24922-T	NA	64	8604	0.007438	24904	24935
G23522-A C23525T T23599G C23604A	NA S:H655Y S:N679K S:P681H	63	28607	0.002202	23509	23637
C23525T T23599G C23604G	S:H655Y S:N679K S:P681R	63	28609	0.002202	23487	23641
A25137-T T25191-A	NA NA	62	13407	0.004624	25130	25204
A23598G T23599G C23604A	S:N679R S:N679R S:P681H	62	57925	0.00107	23580	23642
T24469A T24472-G C24536-A	S:N969K NA NA	61	38113	0.001601	24465	24554
C23525T A23550G T23599G C23604A	S:H655Y S:D663G S:N679K S:P681H	61	28609	0.002132	23493	23624
A25137-T T25191-A C25262-TT	NA NA NA	61	10758	0.00567	25130	25320
T24489C	S:V976A	60	53226	0.001127	24480	24492
A24670-TCAAA	NA	60	30859	0.001944	24637	24679
A24424T A24439G	S:Q954H S:L959L	60	23959	0.002504	24413	24447
A23720-T	NA	60	42677	0.001406	23702	23724
T24491-TA	NA	59	53449	0.001104	24481	24507
C24668-A	NA	59	30929	0.001908	24649	24679
A24532G	S:E990E	59	53769	0.001097	24512	24550
A23403G G23417C	S:D614G S:E619Q	59	15105	0.003906	23376	23443
T23599G C23604A A23656G	S:N679K S:P681H S:S698S	58	28373	0.002044	23580	23700
T23491C C23525T T23599G C23604A	S:F643F S:H655Y S:N679K S:P681H	58	27635	0.002099	23487	23638
G22813T T22882G G22898A T22942G	S:K417N S:N440K S:G446S S:N460K	58	4313	0.013448	22808	22949
C23525T T23563+C T23599G C23604A	S:H655Y NA S:N679* S:P681Y	58	28609	0.002027	23487	23624
C23099-T T23143-A T23164-A	NA NA NA	58	3555	0.016315	23096	23183
G24977C	S:D1139H	57	7438	0.007663	24957	24982
C23525T T23537C T23599G C23604A	S:H655Y S:S659P S:N679K S:P681H	57	28609	0.001992	23495	23629
C23334-T C23367-A	NA NA	57	9051	0.006298	23285	23379
C21888-T	NA	57	9869	0.005776	21877	21900
A23558G T23599G C23604A	S:I666V S:N679K S:P681H	57	28892	0.001973	23525	23624
T23599G C23604A C23609T	S:N679K S:P681H S:R683W	56	57915	0.000967	23581	23642
G24620T	S:A1020S	56	30954	0.001809	24612	24667
C23525T A23558G G23567T T23599G C23604A	S:H655Y S:I666V S:G669C S:N679K S:P681H	56	28609	0.001957	23487	23637
T25187+A	NA	55	14873	0.003698	25180	25317
T21946-A	NA	55	10190	0.005397	21939	21957
G22813T T22942A	S:K417N S:N460K	55	4313	0.012752	22793	22964
C23525T C23557T C23604A	S:H655Y S:P665P S:P681H	55	28609	0.001922	23494	23634
A24525G	S:E988G	55	53893	0.001021	24488	24530
A24424T C24536-AA	S:Q954H NA	55	23140	0.002377	24412	24563
A23756-C C23854A	NA S:N764K	55	10439	0.005269	23699	23886
T24499+A	NA	54	53709	0.001005	24486	24508
T21856+A	NA	54	9803	0.005509	21847	21866
A24516G	S:D985G	54	53903	0.001002	24503	24542
T23164-A	NA	53	3952	0.013411	23093	23181
T22882G A22893C T22917G	S:N440K S:K444T S:L452R	53	6043	0.00877	22876	22921
A24922-T C25000T	NA S:D1146D	53	7024	0.007546	24870	25032
T23599G T23602C C23604A	S:N679K S:S680S S:P681H	52	57938	0.000898	23580	23642
T22045C	S:S161S	52	13781	0.003773	22027	22058
G25198-C	NA	52	15759	0.0033	25191	25206
T25140-A	NA	51	14287	0.00357	25130	25155
T23599G T23602-C T23605A	S:N679K NA S:P681P	51	57921	0.000881	23580	23642
T23599G C23604A T23654C	S:N679K S:P681H S:S698P	51	28386	0.001797	23580	23717
G24488+T	NA	51	52935	0.000963	24476	24499
G23508+T C23525T T23599G C23604A	NA S:H655S S:N679* S:P681Y	51	28461	0.001792	23493	23637
G23508+T	NA	51	37351	0.001365	23492	23519
G22403-A	NA	51	2663	0.019151	22377	22436
C25416T A25472-T	ORF3a:F8F NA	51	6976	0.007311	25381	25477
C23709-A	NA	51	43148	0.001182	23705	23724
C23525T A23552G T23599G C23604A	S:H655Y S:I664V S:N679K S:P681H	51	28609	0.001783	23505	23634
A24479-T	NA	51	50783	0.001004	24476	24489
A22001G T22016C	S:K147E S:W152R	51	10729	0.004753	21995	22049
G21987A T21990-TTA	S:G142D S:DEL144	50	10578	0.004727	21965	22007
C23525T T23599G T23602C C23604A	S:H655Y S:N679K S:S680S S:P681H	50	28609	0.001748	23498	23633
C23525T T23596-A T23599G C23604A	S:H655Y NA S:N679K S:P681H	50	28609	0.001748	23492	23624
A21875-T G21987A	NA S:G142D	50	6458	0.007742	21870	21991
A21875-T A21979-T G21987A	NA NA S:G142D	50	6458	0.007742	21870	21997
T25263C	S:L1234P	49	26155	0.001873	25225	25325
T23599G C23604A G23666-A A23712-T	S:N679K S:P681H NA NA	49	27027	0.001813	23590	23724
C23525T A23531G T23599G C23604A	S:H655Y S:N657D S:N679K S:P681H	49	28609	0.001713	23498	23637
A25216-G	NA	49	16452	0.002978	25209	25323
T24513C	S:L984P	48	53904	0.00089	24503	24564
C24503-T C24517-A	NA NA	48	53408	0.000899	24492	24528
C21781-A	NA	48	3529	0.013602	21774	21798
C21618T T21632-TACCCCCTG C21736-T A21764-TACATG	S:T19I S:DEL25/27 NA S:DEL69/70	48	1951	0.024603	21597	21802
T25304C	S:C1248R	47	27176	0.001729	25293	25323
T23689-A	NA	47	43659	0.001077	23683	23707
T23599G C23604A G23666+A	S:N679K S:P681H NA	47	28262	0.001663	23580	23684
T22882G A22893C	S:N440K S:K444T	47	7203	0.006525	22876	22903
T22054-A	NA	47	13598	0.003456	22033	22058
G25447+A	NA	47	7250	0.006483	25381	25457
C23525T T23599G C23604A C23609-G	S:H655Y S:N679K S:P681H NA	47	28604	0.001643	23499	23634
C23099-T T23143-A	NA NA	47	3698	0.01271	23089	23159
A24520G	S:K986K	47	53957	0.000871	24501	24564
A24424T C24455-A	S:Q954H NA	47	23753	0.001979	24412	24464
T23599G C23604A T23652C	S:N679K S:P681H S:M697T	46	28399	0.00162	23580	23699
T21632-TACCCCCTG	S:DEL25/27	46	2314	0.019879	21600	21657
G24521+T	NA	46	53907	0.000853	24488	24530
G22809-A G22813T T22882G	NA S:K417N S:N440K	46	6832	0.006733	22793	22889
C24422-A	NA	46	24323	0.001891	24415	24424
C23525T C23557T A23558-T T23599G C23604A	S:H655Y S:P665P NA S:N679K S:P681H	46	28609	0.001608	23501	23624
A25274G	S:T1238A	46	26507	0.001735	25266	25325
A21979-T C22000-A	NA NA	46	7584	0.006065	21867	22012
T23599G C23604A T23622C	S:N679K S:P681H S:V687A	45	57843	0.000778	23580	23642
T22392-A	NA	45	2740	0.016423	22368	22405
C24455-A	NA	45	24900	0.001807	24428	24465
C23525T T23548C T23599G C23604A	S:H655Y S:C662C S:N679K S:P681H	45	28609	0.001573	23487	23633
A24619G	S:R1019R	45	30949	0.001454	24612	24660
A24554G	S:T998A	45	53391	0.000843	24547	24564
A24424T A24468-T T24470A	S:Q954H NA S:F970I	45	23492	0.001916	24419	24564
T23599G C23604A A23702G	S:N679K S:P681H S:I714V	44	27449	0.001603	23584	23715
G23499+T	NA	44	37041	0.001188	23487	23507
A25253G	S:T1231A	44	25823	0.001704	25251	25325
A25137-T C25262-TT	NA NA	44	10758	0.00409	25130	25298
A24424T A24516-CA	S:Q954H NA	44	23235	0.001894	24415	24563
T25191-A G25218-T	NA NA	43	12140	0.003542	25126	25251
T23599G C23604A T23676C	S:N679K S:P681H S:V705A	43	28146	0.001528	23581	23724
T23599G C23604A A23712+T	S:N679K S:P681H NA	43	27027	0.001591	23580	23724
T23599G C23604A A23665G	S:N679K S:P681H S:A701A	43	28270	0.001521	23580	23706
G22813T T22882G T22917G A22941-T	S:K417N S:N440K S:L452R NA	43	4331	0.009928	22793	22966
A23592G T23599G C23604A	S:Q677R S:N679K S:P681H	43	57849	0.000743	23580	23642
T25415-C	NA	42	7488	0.005609	25381	25477
T23599G T23600C C23604A	S:N679K S:S680P S:P681H	42	57938	0.000725	23580	23642
T23599G C23604A T23698C	S:N679K S:P681H S:I712I	42	27909	0.001505	23580	23705
T23599G C23604A T23684C	S:N679K S:P681H S:S708P	42	28066	0.001496	23580	23700
T23599G C23604A T23629C	S:N679K S:P681H S:S689S	42	57412	0.000732	23580	23642
T23599G C23604A G23616A	S:N679K S:P681H S:R685H	42	57879	0.000726	23580	23634
T23599G C23604A C23709+A	S:N679K S:P681H NA	42	27111	0.001549	23581	23717
G25266T	S:C1235F	42	26228	0.001601	25260	25324
G25218-T C25262-T	NA NA	42	18349	0.002289	25162	25321
G23508+T A23515+G C23525T T23599G C23604A	NA NA S:H655Y S:N679L S:P681H	42	28461	0.001476	23493	23624
C25214+G	NA	42	15784	0.002661	25207	25325
C23854A G23856A	S:N764K S:R765H	42	13071	0.003213	23845	23895
C23525T T23529C T23599G C23604A	S:H655Y S:V656A S:N679K S:P681H	42	28609	0.001468	23515	23637
C23525T C23530-A T23599G C23604A	S:H655Y NA S:N679K S:P681H	42	28609	0.001468	23504	23633
C23525T A23539G T23599G C23604A	S:H655Y S:S659S S:N679K S:P681H	42	28609	0.001468	23501	23642
C23520T C23525T T23599G C23604A	S:A653V S:H655Y S:N679K S:P681H	42	28601	0.001468	23488	23642
A25271G	S:M1237V	42	26433	0.001589	25266	25325
A23493G C23525T T23599G C23604A	S:Q644R S:H655Y S:N679K S:P681H	42	27907	0.001505	23487	23642
A21964-T	NA	42	10367	0.004051	21935	21973
A21875+T	NA	42	9902	0.004242	21847	21903
T24492-A C24536-A	NA NA	41	52172	0.000786	24480	24564
T23599G C23604A A23636G	S:N679K S:P681H S:I692V	41	57066	0.000718	23580	23642
G25401+T G25447+A	NA NA	41	7250	0.005655	25372	25478
A24539-T	NA	41	53679	0.000764	24497	24558
A23848+T C23887-A	NA NA	41	11972	0.003425	23767	23909
A23495G C23525T T23599G C23604A	S:T645A S:H655Y S:N679K S:P681H	41	28116	0.001458	23487	23637
T24470-TTG C24536-A	S:DEL971 NA	40	38495	0.001039	24465	24554
T24464-C T24470-TTG	NA S:DEL971	40	24682	0.001621	24449	24563
T23599G C23604A T23680C	S:N679K S:P681H S:A706A	40	28080	0.001425	23580	23717
T23599G C23604A A23691G	S:N679K S:P681H S:N710S	40	27982	0.001429	23580	23705
T23590C T23599G C23604A	S:T676T S:N679K S:P681H	40	57816	0.000692	23580	23642
G23384-T A23403G	NA S:D614G	40	14774	0.002707	23349	23434
C23816-T G23835-T A23853-C	NA NA NA	40	11832	0.003381	23713	23862
C23525T T23599G C23604A C23630-A	S:H655Y S:N679K S:P681H NA	40	28221	0.001417	23493	23634
A24498G	S:D979G	40	53638	0.000746	24494	24564
A23786-T	NA	40	13260	0.003017	23767	23806
A23497G C23525T T23599G C23604A	S:T645T S:H655Y S:N679K S:P681H	40	28140	0.001421	23488	23625
T24650C	S:S1030P	39	31103	0.001254	24612	24670
T24643-A C24672-AA	NA NA	39	30577	0.001275	24612	24679
T24529C	S:A989A	39	53850	0.000724	24497	24543
T23599G C23604A A23704G	S:N679K S:P681H S:I714M	39	27396	0.001424	23580	23724
G25305-T	NA	39	27199	0.001434	25297	25316
G24140-T	NA	39	597	0.065327	24132	24156
G23224+A	NA	39	4213	0.009257	23215	23274
G22813T T22882G G22898A T22942G A22948C	S:K417N S:N440K S:G446S S:N460K S:K462N	39	4164	0.009366	22793	22966
C23525T T23599G C23604A T23620C	S:H655Y S:N679K S:P681H S:S686S	39	28588	0.001364	23493	23642
A25472-T G25555-T	NA NA	39	3454	0.011291	25372	25566
A24518G	S:K986E	39	53937	0.000723	24506	24564
A23494G C23525T T23599G C23604A	S:Q644Q S:H655Y S:N679K S:P681H	39	28109	0.001387	23487	23624
A21875-T C21888-T	NA NA	39	9772	0.003991	21867	21901
T25310C	S:C1250R	38	27259	0.001394	25302	25324
T25303C	S:C1247C	38	27112	0.001402	25297	25320
T23599G C23604G	S:N679K S:P681R	38	57938	0.000656	23580	23635
T23434-C C23525T	NA S:H655Y	38	5925	0.006414	23426	23538
G23735-A	NA	38	12973	0.002929	23683	23745
C24899-A	NA	38	8609	0.004414	24886	24910
C23525T A23586G T23599G C23604A	S:H655Y S:Q675R S:N679K S:P681H	38	28609	0.001328	23516	23624
A24676G	S:K1038K	38	30658	0.001239	24623	24679
A24424T T24491-TA	S:Q954H NA	38	23389	0.001625	24412	24554
T25245-A	NA	37	24467	0.001512	25236	25320
T25228C	S:A1222A	37	23855	0.001551	25224	25291
T24585C	S:V1008A	37	27530	0.001344	24570	24676
T24544+A	NA	37	53594	0.00069	24476	24561
T24514C	S:L984L	37	53912	0.000686	24481	24530
T24504C	S:L981P	37	53760	0.000688	24490	24564
T23599G C23604A C23706T	S:N679K S:P681H S:P715L	37	27367	0.001352	23580	23724
G22317T	S:G252V	37	2661	0.013905	22246	22319
C24503-T C24517-A C24672-A	NA NA NA	37	25991	0.001424	24480	24679
A25255G	S:T1231T	37	25915	0.001428	25251	25264
A24667G	S:G1035G	37	30955	0.001195	24635	24676
A23711-AT	NA	37	43073	0.000859	23699	23724
A23305C C23334-T	S:T581T NA	37	9248	0.004001	23269	23367
T25307C	S:S1249P	36	27246	0.001321	25279	25325
T24438+A	NA	36	24902	0.001446	24424	24453
T23697C	S:I712T	36	43745	0.000823	23687	23715
T23599G C23604A T23659C	S:N679K S:P681H S:L699L	36	28328	0.001271	23580	23689
T22016C C22033A	S:W152R S:F157L	36	10920	0.003297	22006	22058
G25173+A	NA	36	14755	0.00244	25130	25183
G24488-T C24517-A	NA NA	36	52120	0.000691	24480	24527
C23230-A	NA	36	3718	0.009683	23210	23290
C22062-T	NA	36	2940	0.012245	22025	22077
C21618T	S:T19I	36	2343	0.015365	21597	21624
A24674G	S:K1038E	36	30686	0.001173	24640	24679
A24604G	S:R1014R	36	27529	0.001308	24593	24608
A24578G	S:T1006A	36	27627	0.001303	24549	24678
A24253-T C24263-A	NA NA	36	2473	0.014557	24229	24286
A23403G G23486-T C23525T	S:D614G NA S:H655Y	36	5279	0.006819	23385	23529
A23356G A23403G	S:I598M S:D614G	36	14408	0.002499	23335	23443
T25322C	S:C1254R	35	27106	0.001291	25314	25325
T24658C	S:C1032C	35	31088	0.001126	24612	24671
T24548C	S:L996L	35	53523	0.000654	24517	24564
T24469A T24628-A	S:N969K NA	35	13146	0.002662	24465	24679
T23599G C23604A T23640C	S:N679K S:P681H S:I693T	35	56420	0.00062	23581	23642
T23599G C23604A A23670+T	S:N679K S:P681H NA	35	28223	0.00124	23580	23700
T21976-C G21987A	NA S:G142D	35	7967	0.004393	21969	22058
G25173-A	NA	35	14755	0.002372	25141	25186
G22813T T22882G T22942A C22950-T	S:K417N S:N440K S:N460K NA	35	4041	0.008661	22793	22961
C23525T T23527C T23599G C23604A	S:H655Y S:H655Y S:N679K S:P681H	35	28609	0.001223	23505	23624
C22290-T	NA	35	2700	0.012963	22278	22310
A24587G	S:T1009A	35	27527	0.001271	24505	24622
A24424T C24435-T C24517-A	S:Q954H NA NA	35	23232	0.001507	24412	24563
A24424T A24479-T	S:Q954H NA	35	23464	0.001492	24412	24513
A23594G T23599G C23604A	S:T678A S:N679K S:P681H	35	57905	0.000604	23580	23642
A23515+G C23525T	NA S:H655S	35	37041	0.000945	23487	23532
T25283C	S:C1241R	34	26651	0.001276	25258	25316
T25191-A G25218-T C25262-TT	NA NA NA	34	12018	0.002829	25157	25324
T24506C	S:S982P	34	53869	0.000631	24499	24519
T24470-TTG T24492-A	S:DEL971 NA	34	39240	0.000866	24466	24564
T23599G C23604A G23666-A A23711-AT	S:N679K S:P681H NA NA	34	27041	0.001257	23581	23724
T23599G C23604A C23700T	S:N679K S:P681H S:A713V	34	27889	0.001219	23580	23701
T23599G C23604A C23609-G G23666-A	S:N679K S:P681H NA NA	34	28262	0.001203	23580	23699
G24868-T	NA	34	8622	0.003943	24858	24880
G22014-T G22021A	NA S:M153I	34	11112	0.00306	22001	22043
G21987A T22016C C22033A	S:G142D S:W152R S:F157L	34	7057	0.004818	21981	22058
G21987A C22000-A A22002G T22016C C22033A	S:G142D NA S:K147R S:W152R S:F157L	34	7057	0.004818	21982	22058
G21987A A21999T	S:G142D S:H146L	34	9836	0.003457	21983	22004
C23785+A	NA	34	13267	0.002563	23767	23795
C23525T A23534G T23599G C23604A	S:H655Y S:N658D S:N679K S:P681H	34	28609	0.001188	23499	23624
A25397-T	NA	34	7594	0.004477	25383	25409
A24539-T C24672-A	NA NA	34	26479	0.001284	24487	24679
A24424T A24461G	S:Q954H S:S967G	34	23630	0.001439	24412	24564
T25312C	S:C1250C	33	27273	0.00121	25262	25325
T25268C	S:C1236R	33	26350	0.001252	25254	25325
T23599G C23604A T23658C	S:N679K S:P681H S:L699P	33	28335	0.001165	23580	23700
T23599G C23604A A23623G	S:N679K S:P681H S:V687V	33	57824	0.000571	23580	23642
T23075C	S:Y505H	33	627	0.052632	23071	23208
T21864+A	NA	33	9791	0.00337	21847	21873
T21861-A	NA	33	9802	0.003367	21848	21872
G22813T T22882G A22893C T22917G G22927-T	S:K417N S:N440K S:K444T S:L452R NA	33	5039	0.006549	22793	22937
C24672-A A24684-T	NA NA	33	2757	0.01197	24627	24698
C24483+A C24672-A	NA NA	33	24278	0.001359	24471	24679
C23525T T23599G C23604A T23629C	S:H655Y S:N679K S:P681H S:S689S	33	28225	0.001169	23501	23637
C23525T T23546C T23599G C23604A	S:H655Y S:C662R S:N679K S:P681H	33	28609	0.001153	23493	23637
C23525T A23588G T23599G C23604A	S:H655Y S:T676A S:N679K S:P681H	33	28609	0.001153	23488	23637
C23525T A23544G T23599G C23604A	S:H655Y S:E661G S:N679K S:P681H	33	28609	0.001153	23492	23634
C21618T A21764-TACATG	S:T19I S:DEL69/70	33	1951	0.016914	21608	21800
A25295G	S:K1245E	33	26870	0.001228	25278	25325
A25137-T T25191-A C25262-T	NA NA NA	33	10758	0.003067	25130	25324
A24922-T C24981-T C25000T	NA NA S:D1146D	33	7024	0.004698	24858	25030
A24562G	S:R1000R	33	53189	0.00062	24524	24564
A23696-T	NA	33	43736	0.000755	23688	23715
A21979-T G21987A C22000-A C22009-A	NA S:G142D NA NA	33	6305	0.005234	21848	22021
T25270C	S:C1236C	32	26405	0.001212	25266	25312
T24664C	S:L1034L	32	30973	0.001033	24612	24676
T24499C	S:D979D	32	53709	0.000596	24488	24536
T23599G C23604A T23693C	S:N679K S:P681H S:S711P	32	27951	0.001145	23580	23698
T23482-A	NA	32	6420	0.004984	23475	23539
T23398C A23403G C23525T	S:Y612Y S:D614G S:H655Y	32	5224	0.006126	23335	23529
T22882G G22898A	S:N440K S:G446S	32	6935	0.004614	22877	22901
G25273A	S:M1237I	32	26479	0.001209	25256	25324
G22331A	S:G257S	32	1497	0.021376	22320	22361
G22141+T	NA	32	4811	0.006651	22026	22192
G21987A T21990-TTA G22021A	S:G142D S:DEL144 S:M153I	32	7311	0.004377	21965	22043
C23525T T23599G T23600C C23604A	S:H655Y S:N679K S:S680P S:P681H	32	28609	0.001119	23501	23639
C23525T A23598G T23599G C23604A	S:H655Y S:N679R S:N679R S:P681H	32	28609	0.001119	23516	23642
C23492-A	NA	32	36413	0.000879	23488	23508
C22120-A A22161-T	NA NA	32	3577	0.008946	22100	22180
A25137-T C25262-T	NA NA	32	10758	0.002975	25130	25325
A24617G	S:R1019G	32	30955	0.001034	24612	24635
A23515-G C23525T	NA S:H655Y	32	37041	0.000864	23493	23527
T25265C	S:C1235R	31	26221	0.001182	25256	25324
T25251C	S:V1230A	31	24640	0.001258	25231	25325
T24163C	S:D867D	31	2679	0.011571	24151	24191
T23599G G23666-A	S:N679K NA	31	28262	0.001097	23580	23724
T23599G C23604A G23607A	S:N679K S:P681H S:R682Q	31	57920	0.000535	23580	23642
T23599G C23604A A23646G	S:N679K S:P681H S:Y695C	31	28466	0.001089	23587	23700
T23599G C23604A A23631G	S:N679K S:P681H S:Q690R	31	57348	0.000541	23580	23642
G24933-T	NA	31	8570	0.003617	24908	24943
G24510+T	NA	31	53920	0.000575	24476	24519
C23525T T23582C T23599G C23604A	S:H655Y S:Y674H S:N679K S:P681H	31	28609	0.001084	23493	23637
C23525T G23580-T T23599G C23604A	S:H655Y NA S:N679K S:P681H	31	28609	0.001084	23487	23637
C23525T A23594G T23599G C23604A	S:H655Y S:T678A S:N679K S:P681H	31	28609	0.001084	23487	23634
A24885-T C24981-T C25000T	NA NA S:D1146D	31	6792	0.004564	24867	25003
A24679G	S:R1039R	31	29214	0.001061	24498	24679
A24677G	S:R1039G	31	30516	0.001016	24612	24679
A24424T T24506-CA	S:Q954H NA	31	23292	0.001331	24412	24563
A24424T G24428+A	S:Q954H NA	31	24045	0.001289	24416	24563
T25196-G	NA	30	15693	0.001912	25122	25210
T23599G C23604A C23709-A	S:N679K S:P681H NA	30	27111	0.001107	23582	23723
T23599G C23604A A23690G	S:N679K S:P681H S:N710D	30	28005	0.001071	23580	23700
T23599G C23604A A23682G	S:N679K S:P681H S:Y707C	30	28072	0.001069	23580	23724
T22917G	S:L452R	30	6728	0.004459	22909	22930
C25262-T G25290T	NA S:C1243F	30	26019	0.001153	25139	25325
C24672-AA A24684-T	NA NA	30	2757	0.010881	24612	24697
C24536-A C24672-A	NA NA	30	26447	0.001134	24476	24679
C23525T T23599G C23604A A23636G	S:H655Y S:N679K S:P681H S:I692V	30	27952	0.001073	23487	23642
C23525T T23563C T23599G C23604A	S:H655Y S:G667G S:N679K S:P681H	30	28609	0.001049	23492	23637
C23334-TT	NA	30	9283	0.003232	23270	23360
C23334-T G23402-A	NA NA	30	8677	0.003457	23269	23428
A24652G	S:S1030S	30	31115	0.000964	24612	24676
A24424T C24466+A	S:Q954H NA	30	23569	0.001273	24413	24488
A23013C T23018G A23055G A23063T T23075C	S:E484A S:F486V S:Q498R S:N501Y S:Y505H	30	417	0.071942	23008	23084
T24589C	S:T1009T	29	27521	0.001054	24485	24671
T24534C	S:V991A	29	53742	0.00054	24488	24564
T24501C	S:I980T	29	53697	0.00054	24490	24513
T23509C C23525T T23599G C23604A	S:C649C S:H655Y S:N679K S:P681H	29	28491	0.001018	23493	23642
T22016C	S:W152R	29	11318	0.002562	22009	22052
G23499+T C23525T	NA S:H655S	29	36561	0.000793	23487	23529
G21901-A	NA	29	9941	0.002917	21867	21914
C25000T A25056-T	S:D1146D NA	29	9014	0.003217	24990	25064
C23525T T23542C T23599G C23604A	S:H655Y S:Y660Y S:N679K S:P681H	29	28609	0.001014	23493	23634
C23525T A23592G T23599G C23604A	S:H655Y S:Q677R S:N679K S:P681H	29	28609	0.001014	23492	23637
C23393-T A23403G	NA S:D614G	29	15021	0.001931	23385	23421
C23103-T	NA	29	3893	0.007449	23089	23138
C22120-A T22164-TA	NA NA	29	3570	0.008123	22100	22180
A24684-T	NA	29	2951	0.009827	24612	24707
A24498+T	NA	29	53638	0.000541	24476	24506
A23786-T C23854A C23887-A	NA S:N764K NA	29	10276	0.002822	23683	23895
A23362+C	NA	29	16233	0.001786	23339	23370
A21764-TACATG C21781-A	S:DEL69/70 NA	29	3348	0.008662	21757	21802
T25289C	S:C1243R	28	26744	0.001047	25251	25325
T24492-A T24628-A	NA NA	28	25943	0.001079	24480	24679
T23599G C23604A G23610A	S:N679K S:P681H S:R683Q	28	57907	0.000484	23580	23642
T23599G C23604A A23688G	S:N679K S:P681H S:N709S	28	28022	0.000999	23581	23708
T21934-A	NA	28	10159	0.002756	21927	21956
G24883-A	NA	28	8570	0.003267	24876	24910
G24655A	S:E1031E	28	31103	0.0009	24650	24676
G23519A C23525T T23599G C23604A	S:A653T S:H655Y S:N679K S:P681H	28	28597	0.000979	23487	23637
G23486-T C23525T	NA S:H655Y	28	6367	0.004398	23412	23529
G21987A G22014-T	S:G142D NA	28	7601	0.003684	21982	22058
C24878-A	NA	28	8622	0.003248	24853	24889
C24477-A	NA	28	49877	0.000561	24470	24491
C24223-T A24253-T	NA NA	28	2013	0.01391	24148	24313
C23525T T23599G C23604A T23617C	S:H655Y S:N679K S:P681H S:R685R	28	28590	0.000979	23507	23642
C23525T T23599G C23604A G23612A	S:H655Y S:N679K S:P681H S:A684T	28	28599	0.000979	23501	23624
A25194-AT G25197T	NA S:W1212L	28	15622	0.001792	25123	25210
A24508G	S:S982S	28	53863	0.00052	24491	24563
A24424T T24469A T24471-TG	S:Q954H S:N969K NA	28	23492	0.001192	24413	24564
A23403G G23522-A C23525T	S:D614G NA S:H655Y	28	5279	0.005304	23398	23532
T25415-C A25472-T	NA NA	27	6976	0.00387	25381	25485
T24637C	S:A1025A	27	31062	0.000869	24612	24675
T24607C	S:A1015A	27	27503	0.000982	24571	24671
T24505C C24672-A	S:L981L NA	27	26116	0.001034	24491	24679
T24492+A C24672-A	NA NA	27	25498	0.001059	24480	24679
T23599G C23604A T23672C	S:N679K S:P681H S:S704P	27	28188	0.000958	23580	23700
T23599G C23604A T23671C	S:N679K S:P681H S:N703N	27	28203	0.000957	23580	23724
T23599G C23604A T23633C	S:N679K S:P681H S:S691P	27	57290	0.000471	23586	23642
T23599G C23604A A23674G	S:N679K S:P681H S:S704S	27	28167	0.000959	23580	23684
T23599G C23604A A23651G	S:N679K S:P681H S:M697V	27	28416	0.00095	23589	23700
T23599G C23604A A23632G	S:N679K S:P681H S:Q690Q	27	57323	0.000471	23580	23642
T23434-C	NA	27	15134	0.001784	23417	23443
G24488-T C24503-T C24672-A	NA NA NA	27	24995	0.00108	24480	24679
G23364-A A23403G	NA S:D614G	27	14443	0.001869	23349	23443
G22813T T22882G G22898A T22942G A22948C A22948-CCT	S:K417N S:N440K S:G446S S:N460K S:K462N S:DEL463	27	4164	0.006484	22800	22966
G22813T A22845-T T22882G A22893C T22917G	S:K417N NA S:N440K S:K444T S:L452R	27	5443	0.00496	22793	22921
G21987A A22001G A22007G T22016C C22033A	S:G142D S:K147E S:N149D S:W152R S:F157L	27	7057	0.003826	21981	22058
C25000T T25021-A	S:D1146D NA	27	9273	0.002912	24998	25034
C23525T G23576A C23604A	S:H655Y S:A672T S:P681H	27	28609	0.000944	23492	23642
C23525T A23532G T23599G C23604A	S:H655Y S:N657S S:N679K S:P681H	27	28609	0.000944	23487	23637
C23393+T	NA	27	15403	0.001753	23336	23411
C23154+A	NA	27	3901	0.006921	23145	23274
A25315G	S:G1251G	27	27291	0.000989	25267	25325
A25195G	S:K1211K	27	15780	0.001711	25188	25205
A24673G	S:S1037S	27	30654	0.000881	24612	24678
A24654G	S:E1031G	27	31108	0.000868	24612	24679
A24591G	S:Q1010R	27	27526	0.000981	24504	24676
A24531G	S:E990G	27	53783	0.000502	24482	24564
A24495G	S:N978S	27	53557	0.000504	24489	24561
A24424T T24469A C24536-AA	S:Q954H S:N969K NA	27	23140	0.001167	24412	24563
A24424T A24556C	S:Q954H S:T998T	27	22951	0.001176	24412	24563
A23474+T C23525T	NA S:H655S	27	6182	0.004368	23459	23539
A23474+T	NA	27	6337	0.004261	23465	23539
T25382-A	NA	26	7591	0.003425	25375	25399
T25301C	S:C1247R	26	27065	0.000961	25294	25323
T25293C	S:L1244P	26	26824	0.000969	25266	25324
T25260C	S:M1233T	26	26034	0.000999	25245	25325
T24552C	S:I997T	26	53441	0.000487	24486	24564
T24469A T24471-TG	S:N969K NA	26	39021	0.000666	24465	24564
T23599G C23604A T23677C	S:N679K S:P681H S:V705V	26	28136	0.000924	23580	23678
T23599G C23604A T23637C	S:N679K S:P681H S:I692T	26	57029	0.000456	23580	23705
T23599G C23604A A23670G	S:N679K S:P681H S:N703S	26	28223	0.000921	23580	23700
T23487C C23525T T23599G C23604A	Unknown S:H655Y S:N679K S:P681H	26	11877	0.002189	23486	23642
G25218+T C25262-T	NA NA	26	18349	0.001417	25122	25324
G24638A	S:A1026T	26	31062	0.000837	24612	24679
G22022-A	NA	26	11257	0.00231	22015	22033
C23816-T A23853-C	NA NA	26	11832	0.002197	23702	23867
C23525T T23599G C23604A T23637C	S:H655Y S:N679K S:P681H S:I692T	26	27925	0.000931	23487	23642
C23525T T23599G C23604A T23622C	S:H655Y S:N679K S:P681H S:V687A	26	28587	0.00091	23505	23637
C23525T A23558G T23599G	S:H655Y S:I666V S:N679K	26	28617	0.000909	23504	23642
C23525T A23554G T23599G C23604A	S:H655Y S:I664M S:N679K S:P681H	26	28609	0.000909	23492	23624
C23492+A C23525T T23599G C23604A	NA S:H655S S:N679* S:P681Y	26	27650	0.00094	23486	23621
C23492+A	NA	26	36413	0.000714	23486	23505
A24580G	S:T1006T	26	27626	0.000941	24565	24667
A24551G	S:I997V	26	53469	0.000486	24496	24564
A24424T C24517-A C24536-A	S:Q954H NA NA	26	23140	0.001124	24412	24563
A24424T C24446+T	S:Q954H NA	26	23900	0.001088	24417	24464
A23704+C	NA	26	43411	0.000599	23683	23724
A23588G T23599G C23604A	S:T676A S:N679K S:P681H	26	57792	0.00045	23580	23699
A23403G C23525T T23529-CAA	S:D614G S:H655Y S:DEL657	26	5262	0.004941	23343	23539
T24660+A	NA	25	31071	0.000805	24640	24670
T23599G C23604A T23703C	S:N679K S:P681H S:I714T	25	27418	0.000912	23580	23708
T23599G C23604A G23663A	S:N679K S:P681H S:A701T	25	28298	0.000883	23580	23699
T23599G C23604A A23670-T	S:N679K S:P681H NA	25	28223	0.000886	23580	23686
T23521C C23525T T23599G C23604A	S:A653A S:H655Y S:N679K S:P681H	25	28604	0.000874	23487	23637
T23489C C23525T T23599G C23604A	S:F643L S:H655Y S:N679K S:P681H	25	27612	0.000905	23487	23637
T23398C A23403G	S:Y612Y S:D614G	25	15233	0.001641	23335	23443
T21970-A	NA	25	10767	0.002322	21947	21973
G24476T	S:A972S	25	49198	0.000508	24474	24676
G23499+T C23525T T23599G C23604A	NA S:H655S S:N679* S:P681Y	25	28193	0.000887	23487	23626
C24536-A A24538G	NA S:Q992Q	25	53627	0.000466	24517	24564
C23525T T23599G C23604A C23609T	S:H655Y S:N679K S:P681H S:R683W	25	28604	0.000874	23507	23626
C23525T T23599G C23604A A23632G	S:H655Y S:N679K S:P681H S:Q690Q	25	28164	0.000888	23487	23642
C23525T T23584C T23599G C23604A	S:H655Y S:Y674Y S:N679K S:P681H	25	28609	0.000874	23499	23642
C23525T T23578C T23599G C23604A	S:H655Y S:A672A S:N679K S:P681H	25	28609	0.000874	23492	23642
C23202A	S:T547K	25	4074	0.006136	23195	23224
C21618T T21632-TACCCCCTG G21746A A21764-TACATG	S:T19I S:DEL25/27 S:V62I S:DEL69/70	25	1951	0.012814	21597	21788
A25374-T	NA	25	6336	0.003946	25372	25395
A25235G	S:I1225V	25	24199	0.001033	25225	25325
A24576G	S:Q1005R	25	27638	0.000905	24488	24676
A24424T C24477+A	S:Q954H NA	25	23474	0.001065	24412	24563
A24424T A24432C	S:Q954H S:Q957P	25	24038	0.00104	24413	24558
A23786-T C23816-T C23854A	NA NA S:N764K	25	11370	0.002199	23704	23873
A23524G C23525T T23599G C23604A	S:E654E S:H655Y S:N679K S:P681H	25	28608	0.000874	23487	23624
A23432+C	NA	25	15321	0.001632	23342	23440
T25209C	S:I1216T	24	16695	0.001438	25191	25210
T24564C	S:L1001P	24	53128	0.000452	24503	24564
T24549C	S:L996S	24	53515	0.000448	24517	24564
T24499+A C24672-A	NA NA	24	25861	0.000928	24475	24679
T23599G C23604A T23626C	S:N679K S:P681H S:A688A	24	57478	0.000418	23580	23642
T23599G C23604A C23613T	S:N679K S:P681H S:A684V	24	57900	0.000415	23580	23642
T23599G C23604A C23606T	S:N679K S:P681H S:R682W	24	57920	0.000414	23580	23632
T23599G C23604A A23696+T	S:N679K S:P681H NA	24	27924	0.000859	23581	23724
T23599G C23604A A23669G	S:N679K S:P681H S:N703D	24	28235	0.00085	23580	23699
T22156-G	NA	24	5302	0.004527	22146	22192
G24515-A	NA	24	53902	0.000445	24508	24533
G23804-A C23854A	NA S:N764K	24	11739	0.002044	23787	23895
G23501A C23525T T23599G C23604A	S:A647T S:H655Y S:N679K S:P681H	24	28242	0.00085	23487	23622
G23417C	S:E619Q	24	15717	0.001527	23403	23428
G22158-T	NA	24	5402	0.004443	22148	22192
G22104-A	NA	24	3612	0.006645	22100	22117
C24899-A C24981-T C25000T	NA NA S:D1146D	24	6943	0.003457	24867	25009
C24566-A	NA	24	27711	0.000866	24548	24579
C23525T T23599G C23604A A23631G	S:H655Y S:N679K S:P681H S:Q690R	24	28179	0.000852	23487	23637
C23525T T23581C T23599G C23604A	S:H655Y S:S673S S:N679K S:P681H	24	28609	0.000839	23492	23640
C23525T C23533T	S:H655Y S:N657N	24	36855	0.000651	23503	23539
C23525T A23535G T23599G C23604A	S:H655Y S:N658S S:N679K S:P681H	24	28609	0.000839	23499	23633
C22062-T C22120-A	NA NA	24	2527	0.009497	22049	22140
A24646G	S:K1028K	24	31106	0.000772	24612	24670
A24543G	S:D994G	24	53641	0.000447	24503	24564
A24468-T	NA	24	39090	0.000614	24465	24491
A24424T T24472-G	S:Q954H NA	24	23491	0.001022	24412	24564
A24424T G24488-T C24517-A	S:Q954H NA NA	24	23232	0.001033	24412	24543
A24424T C24435-T T24469A	S:Q954H NA S:N969K	24	23544	0.001019	24412	24486
A23597G T23599G C23604A	S:N679E S:N679E S:P681H	24	57925	0.000414	23580	23642
A23403G T23425C G23426C C23520T C23525T	S:D614G S:P621P S:V622L S:A653V S:H655Y	24	5279	0.004546	23335	23531
A23403G G23417C C23525T	S:D614G S:E619Q S:H655Y	24	5279	0.004546	23393	23539
A22161-T	NA	24	5489	0.004372	22131	22192
T25288C	S:S1242S	23	26725	0.000861	25266	25320
T24656C	S:C1032R	23	31099	0.00074	24612	24673
T24481C	S:I973I	23	51594	0.000446	24477	24507
T24469A T24492-A	S:N969K NA	23	38846	0.000592	24465	24564
T23599G T23697C	S:N679K S:I712T	23	27918	0.000824	23580	23724
T23599G C23604A G23678A	S:N679K S:P681H S:A706T	23	28121	0.000818	23580	23700
T23584C T23599G C23604A	S:Y674Y S:N679K S:P681H	23	57730	0.000398	23580	23724
T23582C T23599G C23604A	S:Y674H S:N679K S:P681H	23	57692	0.000399	23580	23639
G25447-A	NA	23	7250	0.003172	25381	25467
G24977C C24981-T C25000T	S:D1139H NA S:D1146D	23	7246	0.003174	24850	25018
G24665A	S:G1035R	23	30967	0.000743	24612	24679
G22813T A22941-T	S:K417N NA	23	4331	0.005311	22793	22949
G22813T A22845-T T22882G A22893C	S:K417N NA S:N440K S:K444T	23	6592	0.003489	22809	22898
G22104-A C22120-A T22200G	NA NA S:V213G	23	705	0.032624	22100	22277
G22104-A C22120-A T22164-TA	NA NA NA	23	3354	0.006857	22100	22176
G22021A A22025G	S:M153I S:S155G	23	11204	0.002053	22001	22046
G21987A C22009-A	S:G142D NA	23	8497	0.002707	21982	22023
C24981-T C25000T A25026-T A25056-T	NA S:D1146D NA NA	23	6831	0.003367	24857	25069
C24899-A C24981-T C25000T A25056-T	NA NA S:D1146D NA	23	6515	0.00353	24850	25069
C23812-A C23854A	NA S:N764K	23	11791	0.001951	23801	23895
C23525T T23569C T23599G C23604A	S:H655Y S:G669G S:N679K S:P681H	23	28609	0.000804	23493	23642
C23099-T C23103-T T23143-A T23164-A C23230-A	NA NA NA NA NA	23	2613	0.008802	23089	23242
C22083-T C22120-A	NA NA	23	2592	0.008873	22052	22143
A25327-T	NA	23	1349	0.01705	25310	25349
A25253G T25289-G	S:T1231A NA	23	25693	0.000895	25230	25324
A24675G	S:K1038R	23	30678	0.00075	24612	24679
A24560G	S:R1000G	23	53207	0.000432	24514	24564
A24500G	S:I980V	23	53728	0.000428	24493	24511
A24478G	S:A972A	23	49998	0.00046	24474	24496
A24424T T24448C	S:Q954H S:L962L	23	23869	0.000964	24412	24451
A23513G C23525T T23599G C23604A	S:I651V S:H655Y S:N679K S:P681H	23	28524	0.000806	23508	23638
A21875-T A21979-T G21987A C22000-A	NA NA S:G142D NA	23	5591	0.004114	21867	22012
T25291C	S:C1243C	22	26785	0.000821	25219	25320
T23599G C23604A T23689-A	S:N679K S:P681H NA	22	28014	0.000785	23594	23709
T23599G C23604A G23699A	S:N679K S:P681H S:A713T	22	27904	0.000788	23580	23705
T23599G C23604A A23639G	S:N679K S:P681H S:I693V	22	56467	0.00039	23580	23668
T23500C C23525T T23599G C23604A	S:R646R S:H655Y S:N679K S:P681H	22	28230	0.000779	23487	23624
T21934-A G21987A	NA S:G142D	22	6692	0.003288	21913	22040
G24488-T C24503-T	NA NA	22	52422	0.00042	24474	24513
G23835+T	NA	22	12881	0.001708	23767	23850
G23666-A	NA	22	30294	0.000726	23655	23702
G22813T T22882G A22893C T22917G T22942A	S:K417N S:N440K S:K444T S:L452R S:N460K	22	4313	0.005101	22803	22947
G21987A T22054-A	S:G142D NA	22	6521	0.003374	21982	22058
C24672-A T24689G G24690T	NA S:C1043V S:C1043V	22	2028	0.010848	24626	24698
C24668+A	NA	22	30929	0.000711	24612	24679
C24483-A	NA	22	52118	0.000422	24476	24564
C23854A G23856C	S:N764K S:R765P	22	13071	0.001683	23848	23881
C23525T T23599G C23604A G23610A	S:H655Y S:N679K S:P681H S:R683Q	22	28599	0.000769	23501	23638
C23525T T23599G C23604A C23625T	S:H655Y S:N679K S:P681H S:A688V	22	28568	0.00077	23501	23636
C23525T T23553C T23599G C23604A	S:H655Y S:I664T S:N679K S:P681H	22	28609	0.000769	23508	23642
C23525T C23604A A23639-T	S:H655Y S:P681H NA	22	27402	0.000803	23492	23642
C22083-T	NA	22	2826	0.007785	22051	22107
A24670G	S:Q1036Q	22	30859	0.000713	24612	24679
A24614G	S:I1018V	22	30979	0.00071	24612	24676
A24610G	S:A1016A	22	27487	0.0008	24594	24667
A24595-T	NA	22	27524	0.000799	24540	24622
A24424T T24492-A	S:Q954H NA	22	23386	0.000941	24412	24507
A24324T	S:K921I	22	2197	0.010014	24229	24327
A23598+G C23604A	NA S:P681Y	22	57925	0.00038	23580	23637
A23523G C23525T T23599G C23604A	S:E654G S:H655Y S:N679K S:P681H	22	28607	0.000769	23487	23624
A23403G T23425C G23426C C23525T	S:D614G S:P621P S:V622L S:H655Y	22	5279	0.004167	23335	23532
A21979-T G21987A C22000-AA	NA S:G142D NA	22	7584	0.002901	21847	22014
T25309C	S:S1249S	21	27257	0.00077	25256	25325
T24583C	S:Y1007Y	21	27550	0.000762	24491	24667
T24487C	S:S975S	21	52883	0.000397	24483	24518
T24469A C24536-AA	S:N969K NA	21	38113	0.000551	24465	24564
T23820C C23854A	S:L753S S:N764K	21	11856	0.001771	23683	23881
T23742-A	NA	21	12903	0.001628	23683	23750
T23599G C23604A T23641C	S:N679K S:P681H S:I693I	21	56307	0.000373	23593	23642
T23599G C23604A G23666-A G23675-T	S:N679K S:P681H NA NA	21	28157	0.000746	23580	23699
T23599G C23604A C23643T	S:N679K S:P681H S:A694V	21	56175	0.000374	23580	23724
T23599G C23604A A23723G	S:N679K S:P681H Unknown	21	26715	0.000786	23580	23724
T23599G C23604A A23618G	S:N679K S:P681H S:S686G	21	57871	0.000363	23580	23642
G25323A	S:C1254Y	21	27096	0.000775	25274	25325
G25299-C	NA	21	27024	0.000777	25267	25325
G24626A	S:A1022T	21	30976	0.000678	24612	24676
G24530-A	NA	21	53790	0.00039	24509	24564
G24486+T	NA	21	52634	0.000399	24477	24495
G23835-T A23853-C	NA NA	21	12256	0.001713	23683	23863
G22813T T22882G G22895C T22896C G22898A	S:K417N S:N440K S:V445P S:V445P S:G446S	21	6327	0.003319	22793	22907
G22809-A G22813T	NA S:K417N	21	7144	0.00294	22793	22823
G21987A A22001G C22033A	S:G142D S:K147E S:F157L	21	7057	0.002976	21981	22058
C25294-A G25302-T	NA NA	21	26799	0.000784	25283	25325
C25000T T25072-G	S:D1146D NA	21	2070	0.010145	24990	25084
C24575T	S:Q1005*	21	27662	0.000759	24502	24679
C24528T	S:A989V	21	53864	0.00039	24497	24537
C23854A G23868-A	S:N764K NA	21	12817	0.001638	23847	23895
C23604A G23666-A	S:P681H NA	21	28302	0.000742	23580	23678
C23604A A23712-T	S:P681H NA	21	27065	0.000776	23580	23724
C23525T T23599G C23604A C23613T	S:H655Y S:N679K S:P681H S:A684V	21	28597	0.000734	23501	23637
C23525T T23573C T23599G C23604A	S:H655Y S:C671R S:N679K S:P681H	21	28609	0.000734	23487	23624
C23525T T23560C T23599G C23604A	S:H655Y S:I666I S:N679K S:P681H	21	28609	0.000734	23487	23637
C23525T C23557T T23599G	S:H655Y S:P665P S:N679K	21	28617	0.000734	23487	23624
C23525T A23572G T23599G C23604A	S:H655Y S:I670M S:N679K S:P681H	21	28609	0.000734	23492	23633
A25296+G	NA	21	26910	0.00078	25251	25310
A25154G	S:I1198V	21	14728	0.001426	25130	25169
A24905-T	NA	21	8626	0.002435	24886	24943
A24538G	S:Q992Q	21	53667	0.000391	24498	24559
A24484G	S:S974S	21	52297	0.000402	24478	24496
A24439G	S:L959L	21	24919	0.000843	24428	24461
A24424T G24530+A	S:Q954H NA	21	23167	0.000906	24412	24563
A24424T C24435-T G24488-T	S:Q954H NA NA	21	23403	0.000897	24412	24526
A24424T A24443G	S:Q954H S:T961A	21	23926	0.000878	24412	24495
A23554-C T23599G C23604A	NA S:N679K S:P681H	21	28862	0.000728	23487	23642
A23403G T23434-C C23525T	S:D614G NA S:H655Y	21	5279	0.003978	23398	23539
A22914-C T22917G A22941-T	NA S:L452R NA	21	5560	0.003777	22905	22967
T24623C	S:S1021P	20	30975	0.000646	24612	24679
T23599G C23604A C23615T	S:N679K S:P681H S:R685C	20	57885	0.000346	23580	23724
T23599G C23604A A23668G	S:N679K S:P681H S:E702E	20	28241	0.000708	23580	23724
T23599G C23604A A23648G	S:N679K S:P681H S:T696A	20	28443	0.000703	23580	23724
T23599G C23604A A23614G	S:N679K S:P681H S:A684A	20	57890	0.000345	23580	23642
T23511-A C23525T T23599G C23604A	NA S:H655Y S:N679K S:P681H	20	28508	0.000702	23492	23642
T23491C C23525T C23604A	S:F643F S:H655Y S:P681H	20	27635	0.000724	23487	23642
T23338C	S:F592F	20	15923	0.001256	23335	23363
T22942G A22948C	S:N460K S:K462N	20	6662	0.003002	22929	22963
T22177-A	NA	20	6047	0.003307	22168	22192
G24620A	S:A1020T	20	30954	0.000646	24579	24679
G24535A	S:V991V	20	53714	0.000372	24500	24564
G24428+A	NA	20	24203	0.000826	24417	24464
G23236-T	NA	20	3492	0.005727	23206	23246
G22809-A G22813T T22882G A22893C	NA S:K417N S:N440K S:K444T	20	6570	0.003044	22801	22907
C25433-T	NA	20	7389	0.002707	25381	25473
C25207G	S:Y1215*	20	16404	0.001219	25201	25325
C25000T T25072-G C25100-A	S:D1146D NA NA	20	1919	0.010422	24992	25198
C25000T C25100-A G25106-A	S:D1146D NA NA	20	1856	0.010776	24990	25134
C24852-A A24922-T	NA NA	20	7669	0.002608	24850	25068
C23525T T23599G C23604A T23640C	S:H655Y S:N679K S:P681H S:I693T	20	27369	0.000731	23487	23642
C23525T T23599G C23604A G23607A	S:H655Y S:N679K S:P681H S:R682Q	20	28604	0.000699	23492	23639
C23525T T23599G C23604A C23615T	S:H655Y S:N679K S:P681H S:R685C	20	28593	0.000699	23492	23637
C23525T T23590C T23599G C23604A	S:H655Y S:T676T S:N679K S:P681H	20	28609	0.000699	23487	23624
C23525T A23566G T23599G C23604A	S:H655Y S:A668A S:N679K S:P681H	20	28609	0.000699	23493	23642
C23360T C23525T	S:P600S S:H655Y	20	4677	0.004276	23335	23539
C22120-A T22165-A	NA NA	20	3568	0.005605	22100	22180
A24669G	S:Q1036R	20	30886	0.000648	24612	24676
A24424T T24464-C T24470-TTG	S:Q954H NA S:DEL971	20	23492	0.000851	24412	24564
A24424T C24517+A	S:Q954H NA	20	23232	0.000861	24412	24564
A24424T A24468-T	S:Q954H NA	20	23549	0.000849	24412	24563
A24424T A24453G	S:Q954H S:K964R	20	23800	0.00084	24412	24564
A23786+T	NA	20	13260	0.001508	23767	23808
A23558-T T23599G C23604A	NA S:N679K S:P681H	20	28892	0.000692	23487	23637
A23403G A23432+C	S:D614G NA	20	14501	0.001379	23345	23439
A23356G	S:I598M	20	16366	0.001222	23335	23417
A22914-C T22917G	NA S:L452R	20	6686	0.002991	22905	22967
A22914-C	NA	20	6835	0.002926	22906	22966
A21999T	S:H146L	20	12736	0.00157	21993	22003
T25306C	S:C1248C	19	27213	0.000698	25220	25325
T25285C	S:C1241C	19	26678	0.000712	25278	25325
T25272C	S:M1237T	19	26465	0.000718	25251	25324
T25237C	S:I1225I	19	24270	0.000783	25232	25325
T24660C	S:V1033A	19	31071	0.000612	24612	24676
T24633C	S:L1024P	19	31056	0.000612	24612	24676
T24622C	S:A1020A	19	30969	0.000614	24612	24655
T24475C	S:G971G	19	49028	0.000388	24471	24496
T23599G C23604A G23675+T	S:N679K S:P681H NA	19	28157	0.000675	23581	23701
T23599G C23604A G23624A	S:N679K S:P681H S:A688T	19	57810	0.000329	23580	23724
T23599G C23604A A23720G	S:N679K S:P681H S:I720V	19	26750	0.00071	23580	23724
T23599G C23604A A23696G	S:N679K S:P681H S:I712V	19	27924	0.00068	23589	23705
T23599G A23712-T	S:N679K NA	19	27027	0.000703	23580	23724
T23581C T23599G C23604A	Unknown S:N679K S:P681H	19	57477	0.000331	23580	23629
T23341C	S:G593G	19	16164	0.001175	23335	23361
T23337-TG	NA	19	15924	0.001193	23335	23362
T22942A C22950-T	S:N460K NA	19	6530	0.00291	22934	22966
G25261A	S:M1233I	19	26065	0.000729	25230	25324
G25238A	S:A1226T	19	24288	0.000782	25226	25320
G25173+A T25191-A C25262-T	NA NA NA	19	11193	0.001697	25130	25325
G25173+A C25262-TT	NA NA	19	11193	0.001697	25122	25285
G24510A	S:R983H	19	53920	0.000352	24493	24524
G23761-A	NA	19	12737	0.001492	23724	23770
G23499A C23525T T23599G C23604A	S:R646H S:H655Y S:N679K S:P681H	19	28193	0.000674	23489	23637
G22813T T22917G T22942A	S:K417N S:L452R S:N460K	19	4313	0.004405	22799	22966
G22813T A22845-T T22882G A22893C T22917G G22927-T	S:K417N NA S:N440K S:K444T S:L452R NA	19	5039	0.003771	22793	22937
G22813T A22845-T	S:K417N NA	19	7039	0.002699	22807	22862
G22104-A C22120-A A22161-T	NA NA NA	19	3361	0.005653	22100	22192
C25517-T	NA	19	3864	0.004917	25372	25552
C25262-TT G25278-T	NA NA	19	26045	0.00073	25251	25325
C25000T C25100-A A25194-AT G25197T	S:D1146D NA NA S:W1212L	19	1662	0.011432	24990	25210
C24512+T	NA	19	53913	0.000352	24476	24523
C23525T A23526+G T23599G C23604A	S:H655* NA S:N679* S:P681Y	19	28609	0.000664	23487	23642
C23360T A23403G C23525T	S:P600S S:D614G S:H655Y	19	4677	0.004062	23342	23529
C23360T A23403G	S:P600S S:D614G	19	14422	0.001317	23336	23427
C23099-T T23143-A T23164-A C23230-A C23244-T	NA NA NA NA NA	19	2182	0.008708	23089	23254
C23099-T C23103-T T23143-A T23164-A	NA NA NA NA	19	3555	0.005345	23089	23176
C22950-T	NA	19	7098	0.002677	22942	22967
C22802-A G22813T T22882G A22893C T22917G	NA S:K417N S:N440K S:K444T S:L452R	19	5375	0.003535	22793	22921
C21618T T21632-TACCCCCTG G21686-T A21764-TACATG	S:T19I S:DEL25/27 NA S:DEL69/70	19	1951	0.009739	21597	21802
A24629G	S:N1023D	19	31027	0.000612	24612	24676
A24613G	S:E1017E	19	30980	0.000613	24499	24679
A24424T A24439G T24469A	S:Q954H S:L959L S:N969K	19	23544	0.000807	24412	24564
A24318-C	NA	19	2475	0.007677	24296	24333
A23586G T23599G C23604A	S:Q675R S:N679K S:P681H	19	57757	0.000329	23580	23642
A23063T T23075C	S:N501Y S:Y505H	19	565	0.033628	23059	23224
A23013C T23018G A23055G	S:E484A S:F486V S:Q498R	19	447	0.042506	23008	23060
A22001G	S:K147E	19	13030	0.001458	21996	22039
T25319C	S:C1253R	18	27237	0.000661	25290	25320
T25316-C	NA	18	27292	0.00066	25300	25324
T25279C	S:S1239S	18	26594	0.000677	25267	25324
T25224C	S:I1221T	18	23368	0.00077	25219	25325
T25161-C	NA	18	14755	0.00122	25149	25210
T24716C	S:F1052L	18	2799	0.006431	24703	24788
T24663C	S:L1034P	18	30979	0.000581	24637	24676
T24628-A C24632-T	NA NA	18	31006	0.000581	24612	24676
T24625C	S:S1021S	18	30970	0.000581	24612	24679
T24544+A C24672-A	NA NA	18	26511	0.000679	24530	24679
T24541C	S:I993I	18	53649	0.000336	24486	24564
T24511C	S:R983R	18	53907	0.000334	24489	24564
T24482C	S:S974P	18	51894	0.000347	24473	24516
T23686-A	NA	18	43576	0.000413	23683	23715
T23599G C23644T	S:N679K S:A694A	18	28492	0.000632	23580	23724
T23599G C23604A T23695C	S:N679K S:P681H S:S711S	18	27932	0.000644	23580	23724
T23599G C23604A T23686C	S:N679K S:P681H S:S708S	18	28039	0.000642	23581	23724
T23599G C23604A A23696-T	S:N679K S:P681H NA	18	27924	0.000645	23580	23724
T23346C	S:V595A	18	16309	0.001104	23335	23366
T22391C	S:L277L	18	2739	0.006572	22347	22406
G25281A	S:C1240Y	18	26637	0.000676	25271	25323
G25173+A T25191-A	NA NA	18	14371	0.001253	25131	25263
G23775-T C23854A	NA S:N764K	18	11320	0.00159	23705	23873
G23508+T T23599G C23604A	NA S:N679* S:P681Y	18	28461	0.000632	23486	23624
G23508+T C23525T	NA S:H655S	18	36919	0.000488	23487	23529
G22813T T22882G T22942G	S:K417N S:N440K S:N460K	18	4313	0.004173	22793	22953
G22037-T C22120-A	NA NA	18	2457	0.007326	22025	22132
G21954+T G21987A	NA S:G142E	18	6889	0.002613	21947	22058
C25000T C25100-A T25191-A	S:D1146D NA NA	18	1688	0.010664	24990	25205
C24899-A C25000T	NA S:D1146D	18	6943	0.002593	24886	25010
C24536-A T24628-A	NA NA	18	26904	0.000669	24495	24679
C24517-A C24536-A	NA NA	18	53378	0.000337	24482	24558
C24119-A	NA	18	462	0.038961	24111	24153
C23657-T	NA	18	30091	0.000598	23648	23724
C23525T T23599G C23604A T23626C	S:H655Y S:N679K S:P681H S:A688A	18	28259	0.000637	23487	23642
C23525T T23599G C23604A A23623G	S:H655Y S:N679K S:P681H S:V687V	18	28579	0.00063	23488	23624
C23525T T23599G C23604A A23614G	S:H655Y S:N679K S:P681H S:A684A	18	28593	0.00063	23491	23624
C23525T C23565T T23599G C23604A	S:H655Y S:A668V S:N679K S:P681H	18	28609	0.000629	23487	23634
C23525T A23570G T23599G C23604A	S:H655Y S:I670V S:N679K S:P681H	18	28609	0.000629	23487	23624
C23525T A23558G	S:H655Y S:I666V	18	29035	0.00062	23493	23596
C23525T A23541G T23599G C23604A	S:H655Y S:Y660C S:N679K S:P681H	18	28609	0.000629	23487	23637
C23502T C23525T T23599G C23604A	S:A647V S:H655Y S:N679K S:P681H	18	28347	0.000635	23487	23642
C22120-A G22141+T	NA NA	18	3651	0.00493	22025	22192
C21888-T G21987A	NA S:G142D	18	6486	0.002775	21852	21992
A25146G	S:E1195G	18	14653	0.001228	25139	25189
A24885-T	NA	18	8569	0.002101	24873	24900
A24684-TT	NA	18	2951	0.0061	24644	24788
A24647G	S:M1029V	18	31105	0.000579	24626	24668
A24641G	S:T1027A	18	31076	0.000579	24626	24676
A24556C	S:T998T	18	53295	0.000338	24551	24564
A24519G	S:K986R	18	53957	0.000334	24500	24555
A24479G	S:I973V	18	50783	0.000354	24473	24564
A24424T G24488-T C24503-T	S:Q954H NA NA	18	23305	0.000772	24412	24532
A24424T C24435-T T24492+A	S:Q954H NA NA	18	23386	0.00077	24412	24564
A24253-T A24324T	NA S:K921I	18	1889	0.009529	24229	24327
A23712-T C23854A	NA S:N764K	18	10267	0.001753	23699	23890
A23712-T C23816-T	NA NA	18	11478	0.001568	23683	23832
A23403G G23417-A	S:D614G NA	18	15105	0.001192	23371	23429
A23403G A23523T C23525T	S:D614G S:E654V S:H655Y	18	5279	0.00341	23335	23532
A23305C C23334-T A23403G	S:T581T NA S:D614G	18	8641	0.002083	23272	23432
A22941-T C22950-T	NA NA	18	6528	0.002757	22928	22967
A21917-T	NA	18	10101	0.001782	21907	21950
T25560C	ORF3a:F56F	17	3444	0.004936	25372	25566
T25402C	ORF3a:F4L	17	7554	0.00225	25381	25477
T25257C	S:I1232T	17	25964	0.000655	25226	25325
T25233C	S:L1224S	17	24122	0.000705	25219	25325
T25191-A G25218-T C25262-T	NA NA NA	17	12018	0.001415	25126	25292
T25140+A	NA	17	14287	0.00119	25122	25151
T24581C	S:Y1007H	17	27577	0.000616	24473	24607
T24489C C24672-A	S:V976A NA	17	25269	0.000673	24476	24679
T24471-TG C24536-AA	NA NA	17	44043	0.000386	24465	24564
T24470-TTG T24628-A	S:DEL971 NA	17	13462	0.001263	24465	24679
T24470-TTG C24477-A	S:DEL971 NA	17	39391	0.000432	24465	24564
T24469A T24475C	S:N969K S:G971G	17	39008	0.000436	24465	24564
T24469A T24472C	S:N969K S:F970F	17	39017	0.000436	24465	24564
T24469A G24476T	S:N969K S:A972S	17	39001	0.000436	24465	24629
T24469A C24483+A	S:N969K NA	17	38943	0.000437	24465	24505
T23713A C23854A	S:N717K S:N764K	17	10272	0.001655	23699	23891
T23599G C23604A C23630-A	S:N679K S:P681H NA	17	57403	0.000296	23580	23638
T23599G C23604A C23625T	S:N679K S:P681H S:A688V	17	57802	0.000294	23580	23642
T23596-A T23599G C23604A	NA S:N679K S:P681H	17	57924	0.000293	23580	23624
T23487G C23525T	S:V642G S:H655Y	17	19527	0.000871	23486	23528
T23480+A C23525T	NA S:H655S	17	6235	0.002727	23459	23539
T23155A	S:T531T	17	3921	0.004336	23140	23290
G25218-T C25262-TT	NA NA	17	18349	0.000926	25122	25325
G25218+T A25296+G	NA NA	17	18236	0.000932	25122	25324
G25127-T	NA	17	13043	0.001303	25122	25168
G24776-A	NA	17	3891	0.004369	24751	24788
G24611+A	NA	17	27479	0.000619	24488	24645
G24488-T C24517-A C24672-A	NA NA NA	17	24995	0.00068	24476	24679
G24476A	S:A972T	17	49198	0.000346	24473	24561
G23384-T	NA	17	15384	0.001105	23375	23395
G22813T T22917G	S:K417N S:L452R	17	5443	0.003123	22805	22932
G22813T T22882G A22893G T22917G	S:K417N S:N440K S:K444R S:L452R	17	5443	0.003123	22801	22922
G22487-A G22578A	NA S:G339D	17	611	0.027823	22475	22581
G21987A G22037-T	S:G142D NA	17	6937	0.002451	21983	22055
C25460T	ORF3a:A23V	17	7099	0.002395	25381	25463
C25416T G25555-T	ORF3a:F8F NA	17	3454	0.004922	25372	25566
C25046T	S:P1162S	17	9381	0.001812	25022	25055
C24621-T C24672-A	NA NA	17	30308	0.000561	24612	24679
C24422-A A24425T	NA S:N955Y	17	24307	0.000699	24412	24455
C23825+A	NA	17	12976	0.00131	23683	23838
C23525T T23599G T23602-C T23605A	S:H655Y S:N679K NA S:P681P	17	28604	0.000594	23487	23642
C23525T G23567T T23599G C23604A	S:H655Y S:G669C S:N679K S:P681H	17	28609	0.000594	23488	23637
C23525T G23564A T23599G C23604A	S:H655Y S:A668T S:N679K S:P681H	17	28609	0.000594	23488	23625
C23525T C23575T T23599G C23604A	S:H655Y S:C671C S:N679K S:P681H	17	28609	0.000594	23493	23642
C23525T C23557T	S:H655Y S:P665P	17	29269	0.000581	23516	23583
C23525T C23530-A C23604A	S:H655Y NA S:P681H	17	28609	0.000594	23488	23624
C23525T A23583G T23599G C23604A	S:H655Y S:Y674C S:N679K S:P681H	17	28609	0.000594	23487	23629
C23525T A23554-C T23563+C T23599G C23604A	S:H655Y NA NA S:N679* S:P681Y	17	28609	0.000594	23487	23633
C23492-A T23599G C23604A	NA S:N679K S:P681H	17	27650	0.000615	23488	23642
C23393-T A23403G C23525T	NA S:D614G S:H655Y	17	5066	0.003356	23376	23539
A25503+C	NA	17	4228	0.004021	25372	25511
A25256-T	NA	17	25940	0.000655	25251	25325
A24479-T C24672-A	NA NA	17	23182	0.000733	24470	24679
A24424T T24529C	S:Q954H S:A989A	17	23170	0.000734	24412	24564
A24424T T24511C	S:Q954H S:R983R	17	23257	0.000731	24412	24556
A24424T T24506C	S:Q954H S:S982P	17	23292	0.00073	24412	24564
A24424T T24470-TTG C24536-A	S:Q954H S:DEL971 NA	17	23140	0.000735	24412	24564
A24424T T24451-A	S:Q954H NA	17	23829	0.000713	24412	24461
A24424T T24451+A	S:Q954H NA	17	23829	0.000713	24412	24468
A24424T C24435-T C24503-T	S:Q954H NA NA	17	23305	0.000729	24412	24564
A24424T A24525G	S:Q954H S:E988G	17	23186	0.000733	24413	24561
A24424T A24441G	S:Q954H S:N960S	17	23951	0.00071	24412	24564
A23712+T	NA	17	43046	0.000395	23683	23764
A23515+G T23599G C23604A	NA S:N679* S:P681Y	17	28539	0.000596	23492	23637
A23354+T	NA	17	16364	0.001039	23339	23362
T25152C	S:L1197P	16	14727	0.001086	25130	25193
T24628C	S:A1022A	16	31027	0.000516	24621	24679
T24523C	S:V987V	16	53916	0.000297	24493	24564
T24492-A C24672-A	NA NA	16	25498	0.000628	24478	24679
T23840G C23854A	S:C760G S:N764K	16	12706	0.001259	23832	23895
T23695+A	NA	16	43721	0.000366	23686	23717
T23599G C23604A G23608A	S:N679K S:P681H S:R682R	16	57920	0.000276	23580	23637
T23599G C23604A C23635T	S:N679K S:P681H S:S691S	16	57184	0.00028	23580	23642
T23599G C23604A A23711-AT	S:N679K S:P681H NA	16	27041	0.000592	23580	23724
T23599G C23604A A23708G	S:N679K S:P681H S:T716A	16	27140	0.00059	23580	23724
T23599G C23604A A23687G	S:N679K S:P681H S:N709D	16	28030	0.000571	23580	23700
T23599G C23604A A23627G	S:N679K S:P681H S:S689G	16	57444	0.000279	23580	23642
T23507C C23525T C23604A	S:C649R S:H655Y S:P681H	16	28444	0.000563	23491	23642
T23480+A	NA	16	6359	0.002516	23432	23539
T23398C C23525T	S:Y612Y S:H655Y	16	5224	0.003063	23392	23539
T22882G G22898A T22942G	S:N440K S:G446S S:N460K	16	4899	0.003266	22876	22947
G25230A	S:G1223D	16	23964	0.000668	25219	25323
G24620T C24672-A	S:A1020S NA	16	30283	0.000528	24612	24679
G24558A	S:G999D	16	53257	0.0003	24515	24564
G24488-T C24503-T C24517-A C24672-A	NA NA NA NA	16	24995	0.00064	24471	24679
G23835-T C23854A	NA S:N764K	16	12238	0.001307	23699	23887
G23517A C23525T T23599G C23604A	S:G652E S:H655Y S:N679K S:P681H	16	28585	0.00056	23487	23624
G23364-A	NA	16	15941	0.001004	23336	23375
G22927-T	NA	16	7043	0.002272	22919	22967
G21987A C22000-A A22002G T22016C	S:G142D NA S:K147R S:W152R	16	7454	0.002146	21982	22032
G21870A	S:G103D	16	9892	0.001617	21867	21900
C25516-CT	NA	16	3894	0.004109	25372	25544
C24852-A A24922-T C25000T	NA NA S:D1146D	16	6246	0.002562	24850	25065
C24662T	S:L1034F	16	31047	0.000515	24480	24671
C24621-T	NA	16	30960	0.000517	24612	24665
C23525T T23596C T23599G C23604A	S:H655Y S:T678T S:N679K S:P681H	16	28609	0.000559	23493	23637
C23525T A23597G T23599G C23604A	S:H655Y S:N679E S:N679E S:P681H	16	28609	0.000559	23487	23642
C23525T A23550G C23604A	S:H655Y S:D663G S:P681H	16	28609	0.000559	23487	23642
C23492-A C23525T	NA S:H655Y	16	35920	0.000445	23487	23534
C23492+A C23525T	NA S:H655S	16	35920	0.000445	23486	23537
C23334-T C23393+T A23403G	NA NA S:D614G	16	8670	0.001845	23282	23443
C22120-A T22200G G22218-T	NA S:V213G NA	16	704	0.022727	22100	22319
C21618T T21632-TACCCCCTG A21764-TACATG G21796-T	S:T19I S:DEL25/27 S:DEL69/70 NA	16	1923	0.00832	21597	21802
A25410G C25416T	ORF3a:R6R ORF3a:F8F	16	7484	0.002138	25381	25477
A25410G	ORF3a:R6R	16	7521	0.002127	25381	25477
A25253G G25290T	S:T1231A S:C1243F	16	25693	0.000623	25225	25325
A24594G	S:Q1011R	16	27525	0.000581	24497	24677
A24560+G	NA	16	53207	0.000301	24539	24564
A24424T T24469A T24506-CA	S:Q954H S:N969K NA	16	23292	0.000687	24412	24564
A24424T A24516G	S:Q954H S:D985G	16	23235	0.000689	24412	24564
A23853-C C23887-A	NA NA	16	12074	0.001325	23841	23895
A23688+G	NA	16	43628	0.000367	23683	23716
A23403G C23525T C23533T	S:D614G S:H655Y S:N657N	16	5231	0.003059	23394	23535
A23366G A23403G	S:T602A S:D614G	16	14460	0.001107	23335	23443
A22845-T T22882G	NA S:N440K	16	7081	0.00226	22838	22889
A22130-G	NA	16	4314	0.003709	22123	22183
T25222C	S:F1220F	15	23015	0.000652	25209	25325
T24640C	S:A1026A	15	31060	0.000483	24612	24676
T24634C	S:L1024L	15	31050	0.000483	24612	24674
T24469A T24501C	S:N969K S:I980T	15	38606	0.000389	24465	24560
T24451+A	NA	15	24941	0.000601	24428	24462
T23599G C23604A T23689C	S:N679K S:P681H S:N709N	15	28014	0.000535	23580	23717
T23599G C23604A T23681-A	S:N679K S:P681H NA	15	28073	0.000534	23580	23700
T23599G C23604A G23621A	S:N679K S:P681H S:V687I	15	57854	0.000259	23580	23724
T23599G C23604A C23694T	S:N679K S:P681H S:S711F	15	27944	0.000537	23580	23724
T23488C C23525T T23599G C23604A	Unknown S:H655Y S:N679K S:P681H	15	27360	0.000548	23487	23642
G25284-T	NA	15	26665	0.000563	25277	25318
G25173+A T25191-A C25262-TT	NA NA NA	15	11193	0.00134	25122	25324
G25173+A C25262-T	NA NA	15	11193	0.00134	25122	25310
G24992-A	NA	15	9570	0.001567	24935	25068
G24883-A C25000T	NA S:D1146D	15	6787	0.00221	24860	25069
G24659A	S:V1033I	15	31082	0.000483	24631	24676
G24521+T C24672-A	NA NA	15	26345	0.000569	24492	24679
G23504A C23525T T23599G C23604A	S:G648S S:H655Y S:N679K S:P681H	15	28371	0.000529	23488	23637
G22813T T22882G G22933-A T22942A	S:K417N S:N440K NA S:N460K	15	4313	0.003478	22793	22966
G22813T T22882G A22893G	S:K417N S:N440K S:K444R	15	6592	0.002275	22793	22899
G22813T T22882G A22893C T22917G C22945-A	S:K417N S:N440K S:K444T S:L452R NA	15	4183	0.003586	22793	22956
G22809-A G22813T T22882G A22893C T22917G	NA S:K417N S:N440K S:K444T S:L452R	15	5426	0.002764	22793	22922
G22273-T	NA	15	2732	0.00549	22264	22288
G22037+T	NA	15	14001	0.001071	22025	22063
C25318T	S:S1252S	15	27251	0.00055	25219	25325
C25276T	S:T1238T	15	26537	0.000565	25265	25325
C25000T A25026-T	Unknown NA	15	9203	0.00163	24998	25045
C24981-T C25000T T25021-A A25056-T	NA S:D1146D NA NA	15	6831	0.002196	24850	25069
C24981-T C25000T T25021-A	NA S:D1146D NA	15	7011	0.002139	24850	25058
C24668T	S:Q1036*	15	30929	0.000485	24612	24679
C24636T	S:A1025V	15	31063	0.000483	24612	24676
C24503+T	NA	15	53711	0.000279	24476	24520
C24466+A	NA	15	39012	0.000384	24465	24475
C24435-T C24517-A	NA NA	15	24029	0.000624	24412	24563
C24263-A	NA	15	2503	0.005993	24235	24283
C24245-A A24253-T	NA NA	15	2494	0.006014	24229	24265
C23887-AA	NA	15	12308	0.001219	23773	23895
C23816-T C23887-A	NA NA	15	10704	0.001401	23767	23895
C23525T G23528A T23599G C23604A	S:H655Y S:V656I S:N679K S:P681H	15	28609	0.000524	23501	23642
C23525T C23556T T23599G C23604A	S:H655Y S:P665L S:N679K S:P681H	15	28609	0.000524	23492	23637
C23393-T	NA	15	15403	0.000974	23385	23440
C23099-T C23103-T T23143-A	NA NA NA	15	3698	0.004056	23089	23159
C22383+T	NA	15	2735	0.005484	22368	22396
C22033+G	NA	15	14082	0.001065	22025	22054
C22000-A A22002G T22016C C22033A	NA S:K147R S:W152R S:F157L	15	10000	0.0015	21990	22047
C21888-T A21979-T G21987A	NA NA S:G142D	15	6486	0.002313	21847	22001
A25277G	S:S1239G	15	26551	0.000565	25234	25325
A25192C	S:I1210I	15	15366	0.000976	25188	25324
A25175G	S:K1205E	15	14802	0.001013	25169	25191
A24612G	S:E1017G	15	27479	0.000546	24532	24671
A24599G	S:I1013V	15	27527	0.000545	24510	24679
A24539+T	NA	15	53679	0.000279	24476	24548
A24424T T24482C	S:Q954H S:S974P	15	23444	0.00064	24412	24543
A24424T T24469A G24488+T	S:Q954H S:N969K NA	15	23403	0.000641	24412	24554
A24424T T24469A C24517-A	S:Q954H S:N969K NA	15	23232	0.000646	24412	24563
A24424T C24446+T G24488+T	S:Q954H NA NA	15	23403	0.000641	24412	24564
A24424T A24551G	S:Q954H S:I997V	15	23049	0.000651	24412	24564
A24424T A24518G	S:Q954H S:K986E	15	23227	0.000646	24412	24564
A23403G T23482-A	S:D614G NA	15	5386	0.002785	23395	23539
A23403G G23405T C23525T	S:D614G S:V615F S:H655Y	15	5279	0.002841	23385	23532
A23305C	S:T581T	15	9384	0.001598	23296	23367
A23274G A23403G	S:D571G S:D614G	15	8343	0.001798	23270	23443
A22914-C A22941-T	NA NA	15	5560	0.002698	22904	22966
A22025G	S:S155G	15	11266	0.001331	22000	22058
A21875-T A21979-T G21987A C22000-A C22009-A	NA NA S:G142D NA NA	15	4319	0.003473	21847	22021
A21875-T A21979-T	NA NA	15	7244	0.002071	21847	21996
A21817-T	NA	15	1405	0.010676	21793	21828
A21764-TACATG T21934-A	S:DEL69/70 NA	15	1005	0.014925	21757	21956
T25461-A	NA	14	7073	0.001979	25372	25477
T25280C	S:C1240R	14	26621	0.000526	25219	25325
T25245C	S:V1228A	14	24467	0.000572	25220	25266
T25242C	S:I1227T	14	24346	0.000575	25220	25325
T25150C	S:S1196S	14	14684	0.000953	25122	25164
T24628-A T24643-A	NA NA	14	30903	0.000453	24608	24679
T24572C	S:L1004L	14	27677	0.000506	24473	24604
T24522C	S:V987A	14	53914	0.00026	24480	24538
T24472-G C24536-A	NA NA	14	44423	0.000315	24465	24564
T24470-TTG T24491-TA	S:DEL971 NA	14	39255	0.000357	24465	24564
T24469A T24643-A	S:N969K NA	14	13086	0.00107	24465	24679
T24414C A24424T	S:V951A S:Q954H	14	24049	0.000582	24412	24564
T23740C C23854A	S:I726I S:N764K	14	10366	0.001351	23683	23891
T23693+A	NA	14	43691	0.00032	23685	23711
T23599G C23604A G23661A	S:N679K S:P681H S:G700D	14	28311	0.000495	23580	23665
T23599G C23604A G23653A	S:N679K S:P681H S:M697I	14	28390	0.000493	23580	23724
T23599G C23604A C23609-G G23666-A A23711-AT	S:N679K S:P681H NA NA NA	14	27041	0.000518	23580	23724
T23599G C23604A A23717G	S:N679K S:P681H S:T719A	14	26979	0.000519	23580	23724
T23510C C23525T T23599G C23604A	S:L650L S:H655Y S:N679K S:P681H	14	28506	0.000491	23487	23642
T23490C C23525T T23599G C23604A	S:F643S S:H655Y S:N679K S:P681H	14	27627	0.000507	23486	23642
T23344+G	NA	14	16267	0.000861	23336	23361
T23143-A T23164-A C23230-A G23236-T	NA NA NA NA	14	2468	0.005673	23089	23290
G25323+A	NA	14	27096	0.000517	25315	25325
G25269A	S:C1236Y	14	26376	0.000531	25263	25324
G25244-T	NA	14	24452	0.000573	25220	25325
G24868+T	NA	14	8622	0.001624	24852	24880
G23675-T	NA	14	30377	0.000461	23652	23690
G22813T T22882G T22917G G22927-T	S:K417N S:N440K S:L452R NA	14	5039	0.002778	22793	22937
G22813T T22882G G22895C T22896C G22898A T22942G	S:K417N S:N440K S:V445P S:V445P S:G446S S:N460K	14	4313	0.003246	22793	22947
G22813T T22882G A22893C T22942A	S:K417N S:N440K S:K444T S:N460K	14	4313	0.003246	22793	22966
G22813T A22845-T T22882G T22917G	S:K417N NA S:N440K S:L452R	14	5443	0.002572	22801	22922
G22809-A G22813T T22882G T22917G	NA S:K417N S:N440K S:L452R	14	5426	0.00258	22793	22921
G22809-A G22813T T22882G G22898A	NA S:K417N S:N440K S:G446S	14	6307	0.00222	22793	22905
G22133-A	NA	14	4509	0.003105	22126	22192
G22131T	S:R190M	14	4367	0.003206	22123	22180
C25413-T	NA	14	7506	0.001865	25381	25477
C25262-T A25296-G	NA NA	14	25994	0.000539	25222	25324
C25254-A	NA	14	25863	0.000541	25226	25325
C24878-A C24981-T C25000T	NA NA S:D1146D	14	6769	0.002068	24850	25018
C24852-A G24977C C25000T	NA S:D1139H S:D1146D	14	6246	0.002241	24850	25069
C23758+A	NA	14	12761	0.001097	23683	23783
C23604A T23697C	S:P681H S:I712T	14	27956	0.000501	23591	23702
C23525T T23599G C23604A G23624A	S:H655Y S:N679K S:P681H S:A688T	14	28572	0.00049	23487	23642
C23525T T23540C T23599G C23604A	S:H655Y S:Y660H S:N679K S:P681H	14	28609	0.000489	23487	23629
C23525T A23579G T23599G C23604A	S:H655Y S:S673G S:N679K S:P681H	14	28609	0.000489	23501	23634
C23525T A23558G T23599G C23604A C23606T	S:H655Y S:I666V S:N679K S:P681H S:R682W	14	28604	0.000489	23487	23642
C23525T A23526G T23599G C23604A	S:H655C S:H655C S:N679K S:P681H	14	28609	0.000489	23487	23642
C23492+A T23599G C23604A	NA S:N679* S:P681Y	14	27650	0.000506	23486	23642
C23099-T T23164-A	NA NA	14	3555	0.003938	23089	23203
C22674T	S:S371F	14	300	0.046667	22650	22676
C22033A	S:F157L	14	14082	0.000994	22029	22058
C21962-A	NA	14	10338	0.001354	21954	21973
A25182G	S:E1207G	14	14890	0.00094	25141	25208
A25137-T T25191-A G25218-T C25262-TT	NA NA NA NA	14	10758	0.001301	25130	25325
A24922-T C24981-T C25000T A25056-T	NA NA S:D1146D NA	14	6593	0.002123	24850	25069
A24614-T	NA	14	30979	0.000452	24612	24640
A24582G	S:Y1007C	14	27584	0.000508	24482	24606
A24532G C24672-A	S:E990E NA	14	26419	0.00053	24470	24679
A24424T T24489C	S:Q954H S:V976A	14	23401	0.000598	24412	24564
A24424T T24469A C24503-T	S:Q954H S:N969K NA	14	23305	0.000601	24412	24564
A24424T T24438+A G24488+T	S:Q954H NA NA	14	23403	0.000598	24412	24563
A24424T G24449-T	S:Q954H NA	14	23849	0.000587	24415	24542
A24424T A24520G	S:Q954H S:K986K	14	23214	0.000603	24412	24564
A24424T A24508G	S:Q954H S:S982S	14	23272	0.000602	24412	24564
A23786-T T23830-G C23854A	NA NA S:N764K	14	11370	0.001231	23769	23895
A23704-C	NA	14	43411	0.000322	23686	23721
A23523T C23525T	S:E654V S:H655Y	14	37139	0.000377	23483	23530
A23515+G	NA	14	37408	0.000374	23487	23537
A22914-C T22942A	NA S:N460K	14	5542	0.002526	22905	22961
A21875-T C21888-T A21979-T G21987A	NA NA NA S:G142D	14	6458	0.002168	21867	21997
A21764-TACATG A21964-T	S:DEL69/70 NA	14	958	0.014614	21757	21973
T25236C	S:I1225T	13	24228	0.000537	25225	25325
T25232C	S:L1224L	13	24081	0.00054	25223	25325
T24600C	S:I1013T	13	27531	0.000472	24493	24679
T24501C C24672-A	S:I980T NA	13	25941	0.000501	24486	24679
T24469A T24472-G T24492-A	S:N969K NA NA	13	38846	0.000335	24465	24564
T23944C	S:I794I	13	982	0.013238	23941	23947
T23698C	S:I712I	13	43752	0.000297	23685	23703
T23681C	S:Y707H	13	30411	0.000427	23658	23724
T23599G C23604A T23715C	S:N679K S:P681H S:F718S	13	26999	0.000481	23580	23724
T23599G C23604A T23686-A	S:N679K S:P681H NA	13	28039	0.000464	23580	23707
T23599G C23604A G23642A	S:N679K S:P681H S:A694T	13	56230	0.000231	23580	23642
T23599G C23604A C23718T	S:N679K S:P681H S:T719I	13	26956	0.000482	23580	23724
T23599G C23604A C23707T	S:N679K S:P681H S:P715P	13	27209	0.000478	23581	23724
T23563+C T23599G C23604A	NA S:N679* S:P681Y	13	28945	0.000449	23487	23642
T23507C C23525T	S:C649R S:H655Y	13	36893	0.000352	23493	23529
T23143-A C23230-A	NA NA	13	2745	0.004736	23113	23243
T22942G A22948-C	S:N460K NA	13	6662	0.001951	22935	22967
T22882G T22942A	S:N440K S:N460K	13	4899	0.002654	22861	22947
T22882G A22893G T22917G	S:N440K S:K444R S:L452R	13	6043	0.002151	22878	22929
T22882G A22893G	S:N440K S:K444R	13	7203	0.001805	22876	22902
G25401-T	NA	13	7559	0.00172	25375	25411
G25320A	S:C1253Y	13	27230	0.000477	25260	25325
G25313A	S:G1251R	13	27278	0.000477	25308	25316
G25287-T G25302-T	NA NA	13	26645	0.000488	25275	25320
G24611+A C24672-A	NA NA	13	26869	0.000484	24476	24679
G24488-T C24503-T C24517-A	NA NA NA	13	52120	0.000249	24471	24528
G23835-T C23887-A	NA NA	13	11120	0.001169	23767	23895
G23699+A	NA	13	43766	0.000297	23683	23724
G23522-A C23525T C23604A	NA S:H655Y S:P681H	13	28607	0.000454	23493	23642
G23518A C23525T T23599G C23604A	S:G652G S:H655Y S:N679K S:P681H	13	28592	0.000455	23487	23637
G23505A C23525T T23599G C23604A	S:G648D S:H655Y S:N679K S:P681H	13	28383	0.000458	23487	23642
G21987A T22016C	S:G142D S:W152R	13	7454	0.001744	21981	22043
G21987A A22001G	S:G142D S:K147E	13	9755	0.001333	21981	22054
G21956T G21987A	S:E132* S:G142D	13	7075	0.001837	21943	22058
C25418A	ORF3a:T9K	13	7472	0.00174	25372	25435
C25292+G	NA	13	26802	0.000485	25280	25325
C25199T	S:P1213S	13	15792	0.000823	25192	25210
C25131T	S:A1190V	13	13719	0.000948	25122	25210
C25000T T25148-C	S:D1146D NA	13	1780	0.007303	24990	25155
C24981-T C25000T A25026-T	NA S:D1146D NA	13	6952	0.00187	24850	25065
C24981-T A25056-T	NA NA	13	6831	0.001903	24850	25069
C24899-A A24922-T C24981-T C25000T A25056-T	NA NA NA S:D1146D NA	13	6515	0.001995	24850	25069
C24852+A	NA	13	8079	0.001609	24850	24865
C24662+T	NA	13	31047	0.000419	24634	24672
C24632+T	NA	13	31055	0.000419	24612	24641
C24536+A	NA	13	53695	0.000242	24481	24560
C24509T	S:R983C	13	53912	0.000241	24489	24550
C24431-A	NA	13	24753	0.000525	24412	24448
C24198+G	NA	13	2102	0.006185	24148	24213
C23887-A C23929-A	NA NA	13	671	0.019374	23782	23940
C23854G	S:N764K	13	13209	0.000984	23845	23873
C23709+A	NA	13	43148	0.000301	23683	23724
C23694+G	NA	13	43704	0.000297	23685	23724
C23557T C23604A	S:P665P S:P681H	13	28884	0.00045	23533	23642
C23533-A T23599G C23604A	NA S:N679K S:P681H	13	28723	0.000453	23487	23631
C23525T T23599G C23604A G23608A	S:H655Y S:N679K S:P681H S:R682R	13	28604	0.000454	23487	23639
C23525T T23599G C23604A A23639G	S:H655Y S:N679K S:P681H S:I693V	13	27402	0.000474	23487	23642
C23525T T23571C T23599G C23604A	S:H655Y S:I670T S:N679K S:P681H	13	28609	0.000454	23492	23642
C23525T C23585T C23604A	S:H655Y S:Q675* S:P681H	13	28609	0.000454	23488	23639
C23191-A	NA	13	3840	0.003385	23182	23224
C21618T T21632-TACCCCCTG C21781-A	S:T19I S:DEL25/27 NA	13	1938	0.006708	21606	21802
C21618T T21632-TACCCCCTG C21732-T A21764-TACATG	S:T19I S:DEL25/27 NA S:DEL69/70	13	1951	0.006663	21608	21802
C21618T T21632-TACCCCCTG C21654-T A21764-TACATG	S:T19I S:DEL25/27 NA S:DEL69/70	13	1951	0.006663	21597	21793
A25176G	S:K1205R	13	14810	0.000878	25138	25185
A24885-T C24981-T	NA NA	13	6946	0.001872	24850	24991
A24645G	S:K1028R	13	31105	0.000418	24517	24678
A24516-CA	NA	13	53903	0.000241	24480	24564
A24508-C	NA	13	53863	0.000241	24497	24564
A24432C	S:Q957P	13	24783	0.000525	24425	24564
A24424T T24552C	S:Q954H S:I997T	13	23040	0.000564	24415	24564
A24424T T24549C	S:Q954H S:L996S	13	23057	0.000564	24415	24564
A24424T T24464C	S:Q954H S:S968P	13	23588	0.000551	24412	24554
A24424T T24438+A T24492+A	S:Q954H NA NA	13	23386	0.000556	24412	24564
A24424T G24488+T C24503+T	S:Q954H NA NA	13	23305	0.000558	24412	24563
A24424T C24503+T	S:Q954H NA	13	23305	0.000558	24412	24564
A24424T A24516-C	S:Q954H NA	13	23235	0.00056	24412	24564
A24424T A24468-T T24470A C24536-A	S:Q954H NA S:F970I NA	13	23140	0.000562	24412	24564
A24424T A24454G	S:Q954H S:K964K	13	23771	0.000547	24412	24564
A24424T A24433G	S:Q954H S:Q957Q	13	24032	0.000541	24412	24564
A24423+T	NA	13	24323	0.000534	24412	24442
A24420G A24424T	S:N953S S:Q954H	13	24298	0.000535	24412	24424
A24419G A24424T	S:N953D S:Q954H	13	24279	0.000535	24412	24564
A23800G C23854A	S:S746S S:N764K	13	11695	0.001112	23683	23890
A23515-G	NA	13	37408	0.000348	23487	23539
A23403G T23428C	S:D614G S:V622V	13	14867	0.000874	23384	23443
A22023G	S:E154G	13	11238	0.001157	22019	22058
A21979-T G21987A C22000-A A22002G C22009-A T22016C C22033A	NA S:G142D NA S:K147R NA S:W152R S:F157L	13	4865	0.002672	21867	22058
A21764-TACATG A21875-TT	S:DEL69/70 NA	13	1028	0.012646	21757	21969
T25464C	ORF3a:T24T	12	7045	0.001703	25381	25477
T25316C	S:S1252P	12	27292	0.00044	25270	25325
T25258C	S:I1232I	12	25976	0.000462	25231	25324
T25191-A G25218+T C25262-T	NA NA NA	12	12018	0.000999	25122	25325
T25191-A C25262-T G25290T	NA NA S:C1243F	12	11934	0.001006	25122	25325
T25155C	S:I1198T	12	14739	0.000814	25138	25170
T24660+A C24672-A	NA NA	12	30713	0.000391	24476	24679
T24596C	S:L1012L	12	27524	0.000436	24571	24671
T24496C	S:N978N	12	53630	0.000224	24484	24532
T24417C A24424T	S:V952A S:Q954H	12	24238	0.000495	24412	24424
T23916+A G23948T	NA S:D796*	12	520	0.023077	23905	23978
T23837C C23854A	S:F759L S:N764K	12	12596	0.000953	23805	23895
T23684C	S:S708P	12	43524	0.000276	23683	23718
T23599G C23604A T23716C	S:N679K S:P681H S:F718F	12	26996	0.000445	23580	23724
T23599G C23604A T23622A	S:N679K S:P681H S:V687E	12	57843	0.000207	23580	23638
T23599G C23604A T23605C	S:N679K S:P681H S:P681H	12	57921	0.000207	23580	23642
T23599G C23604A G23666-A C23709-A	S:N679K S:P681H NA NA	12	27111	0.000443	23580	23724
T23599G C23604A G23619A	S:N679K S:P681H S:S686N	12	57866	0.000207	23580	23637
T23599G C23604A G23616-T	S:N679K S:P681H NA	12	57879	0.000207	23580	23626
T23599G C23604A C23705T	S:N679K S:P681H S:P715S	12	27386	0.000438	23580	23724
T23599G C23604A C23649T	S:N679K S:P681H S:T696I	12	28432	0.000422	23580	23724
T23599G C23604A A23670-T G23675-T	S:N679K S:P681H NA NA	12	28157	0.000426	23580	23705
T23599G C23604A A23665G G23666-A	S:N679K S:P681H S:A701A NA	12	28262	0.000425	23580	23700
T23491C T23599G C23604A	S:F643F S:N679K S:P681H	12	27635	0.000434	23486	23634
T23487G C23525T T23599G C23604A	Unknown S:H655Y S:N679K S:P681H	12	11877	0.00101	23486	23635
T23421-C	NA	12	15691	0.000765	23413	23432
T23398C	S:Y612Y	12	15465	0.000776	23394	23416
T23374C	S:T604T	12	15574	0.000771	23335	23380
T23352C A23403G	S:V597A S:D614G	12	14381	0.000834	23335	23443
T23350C	S:S596S	12	16308	0.000736	23335	23362
T23338C A23403G C23525T	S:F592F S:D614G S:H655Y	12	4424	0.002712	23335	23532
T22917G T22942A	S:L452R S:N460K	12	5584	0.002149	22906	22966
T22882G T22942A G22992A C22995A A23013C T23018G	S:N440K S:N460K S:S477N S:T478K S:E484A S:F486V	12	110	0.109091	22876	23048
T22882G A22914-C	S:N440K NA	12	6192	0.001938	22850	22941
T22392-A G22403-A	NA NA	12	2593	0.004628	22373	22436
T22328G	S:S256A	12	1481	0.008103	22246	22338
T21864+A G21987A	NA S:G142E	12	6291	0.001907	21847	21993
T21856+A G21987A	NA S:G142E	12	6285	0.001909	21847	21993
G25266A	S:C1235Y	12	26228	0.000458	25236	25316
G25226T	S:A1222S	12	23645	0.000508	25219	25324
G25173+A G25218+T	NA NA	12	11315	0.001061	25122	25289
G25135-A	NA	12	13914	0.000862	25128	25195
G24693-A	NA	12	2836	0.004231	24686	24719
G24608A	S:A1016T	12	27503	0.000436	24487	24679
G24605A	S:A1015T	12	27519	0.000436	24486	24679
G24533A	S:V991M	12	53757	0.000223	24481	24564
G24527A	S:A989T	12	53868	0.000223	24508	24539
G23576A T23599G C23604A	S:A672T S:N679K S:P681H	12	29089	0.000413	23553	23633
G23508-T C23525T T23599G C23604A	NA S:H655Y S:N679K S:P681H	12	28461	0.000422	23488	23642
G23405T C23525T	S:V615F S:H655Y	12	5529	0.00217	23386	23539
G22813T T22882G T22917G T22942A C22950-T	S:K417N S:N440K S:L452R S:N460K NA	12	4041	0.00297	22793	22961
G22813T T22882G G22927-T	S:K417N S:N440K NA	12	5039	0.002381	22793	22937
G22813T T22882G A22893C T22917G C22950-T	S:K417N S:N440K S:K444T S:L452R NA	12	4041	0.00297	22809	22961
G22813T A22845-T T22882G G22898A	S:K417N NA S:N440K S:G446S	12	6327	0.001897	22793	22909
G22104-A C22120-A T22200G G22218-T	NA NA S:V213G NA	12	691	0.017366	22100	22283
G22104-A C22120-A T22165-A	NA NA NA	12	3352	0.00358	22025	22192
G22037-T C22062-T	NA NA	12	2864	0.00419	22025	22075
G21987A C22033A	S:G142D S:F157L	12	7057	0.0017	21981	22058
G21987A C22000-AA C22009-A	S:G142D NA NA	12	8497	0.001412	21847	22030
C25516-CT G25555-T	NA NA	12	3454	0.003474	25372	25566
C25466-T	NA	12	7027	0.001708	25381	25477
C25275T	S:T1238I	12	26517	0.000453	25225	25325
C25267T	S:C1235C	12	26303	0.000456	25251	25317
C25239T	S:A1226V	12	24307	0.000494	25227	25325
C25207G C25214+G	S:Y1215* NA	12	13727	0.000874	25203	25325
C25100-A	NA	12	2012	0.005964	25013	25130
C25000T C25066T	S:D1146D S:D1168D	12	8882	0.001351	24998	25090
C24878-A C25000T	NA S:D1146D	12	6769	0.001773	24862	25069
C24789-A	NA	12	3844	0.003122	24724	24806
C24536-A T24643-A	NA NA	12	26813	0.000448	24506	24676
C24517T	S:D985D	12	53911	0.000223	24480	24544
C24422-A T24469A	NA S:N969K	12	23536	0.00051	24412	24563
C24223-T	NA	12	2058	0.005831	24175	24238
C24064-A	NA	12	777	0.015444	24021	24106
C23854A T23860C	S:N764K S:A766A	12	13025	0.000921	23841	23895
C23854A A23886G	S:N764K S:D775G	12	12092	0.000992	23837	23895
C23854A A23881G	S:N764K S:E773E	12	12349	0.000972	23832	23895
C23604G	S:P681R	12	58004	0.000207	23581	23642
C23525T T23599G C23604A A23618G	S:H655Y S:N679K S:P681H S:S686G	12	28589	0.00042	23488	23642
C23525T T23599G A23639-T	S:H655Y S:N679K NA	12	27402	0.000438	23487	23642
C23525T C23577T T23599G C23604A	S:H655Y S:A672V S:N679K S:P681H	12	28609	0.000419	23493	23640
C23492+A G23508+T T23599G C23604A	NA NA S:N679L S:P681H	12	27650	0.000434	23486	23642
C23492+A G23508+T	NA NA	12	36343	0.00033	23486	23519
C23360T	S:P600S	12	16313	0.000736	23335	23382
C23334-T T23355-A	NA NA	12	9188	0.001306	23269	23396
C23099-T T23143-A T23164-A C23230-AA	NA NA NA NA	12	2613	0.004592	23094	23290
C23099-T T23143-A T23164-A C23230-A G23236-T	NA NA NA NA NA	12	2337	0.005135	23089	23290
C22383-T	NA	12	2735	0.004388	22368	22395
C22083-T C22120-A T22164-TA	NA NA NA	12	2481	0.004837	22025	22192
C21888-T A21979-T	NA NA	12	7272	0.00165	21847	21998
A25417G	ORF3a:T9A	12	7474	0.001606	25381	25448
A25247G	S:M1229V	12	24506	0.00049	25232	25324
A25246G	S:V1228V	12	24489	0.00049	25223	25325
A25243+T	NA	12	24367	0.000492	25230	25324
A25194-AT G25197T C25262-T	NA S:W1212L NA	12	12606	0.000952	25122	25325
A25192T	S:I1210I	12	15366	0.000781	25184	25202
A25137-T T25191-A G25218-T	NA NA NA	12	10876	0.001103	25130	25259
A25056-T	NA	12	9317	0.001288	25027	25069
A24885-T C25000T	NA S:D1146D	12	6792	0.001767	24850	25004
A24598G	S:L1012L	12	27527	0.000436	24509	24675
A24424T T24450C T24469A	S:Q954H S:V963A S:N969K	12	23544	0.00051	24412	24564
A24424T T24450C	S:Q954H S:V963A	12	23839	0.000503	24412	24487
A24424T T24437C	S:Q954H S:L959L	12	23995	0.0005	24412	24519
A24424T A24545G	S:Q954H S:R995G	12	23082	0.00052	24412	24564
A24424C	S:Q954H	12	24323	0.000493	24415	24564
A24423G A24424T	S:Q954R S:Q954R	12	24317	0.000493	24412	24424
A23848+T C23887-A C23929-A	NA NA NA	12	611	0.01964	23767	23942
A23845G C23854A	S:T761T S:N764K	12	12981	0.000924	23796	23895
A23764G C23854A	S:T734T S:N764K	12	10471	0.001146	23752	23895
A23627-G	NA	12	58494	0.000205	23613	23724
A23594+C T23599G C23604A	NA S:N679* S:P681Y	12	57905	0.000207	23580	23642
A23558G C23604A	S:I666V S:P681H	12	28892	0.000415	23487	23642
A23512G C23525T T23599G C23604A	S:L650L S:H655Y S:N679K S:P681H	12	28512	0.000421	23487	23634
A23403G T23428C C23525T	S:D614G S:V622V S:H655Y	12	5279	0.002273	23393	23532
A23305G A23403G	S:T581T S:D614G	12	8641	0.001389	23269	23409
A23013C T23018G A23055G T23075C	S:E484A S:F486V S:Q498R S:Y505H	12	417	0.028777	23008	23092
A21979-T G21987A C22009-A	NA S:G142D NA	12	6305	0.001903	21848	22024
A21979-T G21987A C22000-A A22002G T22016C C22033A	NA S:G142D NA S:K147R S:W152R S:F157L	12	4865	0.002467	21847	22058
A21979-T G21987A A22001G T22016C C22033A	NA S:G142D S:K147E S:W152R S:F157L	12	4865	0.002467	21965	22058
A21958-T	NA	12	10353	0.001159	21847	21977
A21900G	S:K113R	12	9937	0.001208	21847	21904
A21875-T A21979-T G21987A C22000-AA C22009-A	NA NA S:G142D NA NA	12	4319	0.002778	21847	22024
A21875+T G21987A	NA S:G142E	12	6458	0.001858	21847	21993
T25303-TG T25306G	NA S:C1248W	11	27103	0.000406	25282	25325
T25264C	S:L1234L	11	26207	0.00042	25224	25325
T25220C	S:F1220L	11	22583	0.000487	25214	25325
T25219C	S:G1219G	11	18758	0.000586	25122	25325
T25191-A G25218+T	NA NA	11	12140	0.000906	25122	25323
T25191-A G25198-C	NA NA	11	15019	0.000732	25168	25226
T25191+C	NA	11	15214	0.000723	25168	25321
T25140A	S:L1193*	11	14287	0.00077	25122	25170
T25140+A T25191-A C25262-T	NA NA NA	11	10777	0.001021	25130	25325
T24643C	S:T1027T	11	31078	0.000354	24637	24678
T24631C	S:N1023N	11	31041	0.000354	24612	24672
T24565C	S:L1001L	11	52668	0.000209	24488	24676
T24544C	S:D994D	11	53594	0.000205	24508	24564
T24506C C24672-A	S:S982P NA	11	26129	0.000421	24470	24679
T24506-CA	NA	11	53869	0.000204	24479	24564
T24492-A A24498G	NA S:D979G	11	53207	0.000207	24478	24679
T24491-TA C24536-A	NA NA	11	52138	0.000211	24479	24564
T24480C	S:I973T	11	51035	0.000216	24473	24533
T24469A A24525G	S:N969K S:E988G	11	38289	0.000287	24465	24530
T24267-G A24424T	NA S:Q954H	11	125	0.088	24229	24424
T23823C C23854A	S:L754S S:N764K	11	11881	0.000926	23683	23888
T23599G T23617C	S:N679K S:R685R	11	57873	0.00019	23580	23700
T23599G G23675-T	S:N679K NA	11	28157	0.000391	23580	23724
T23599G C23679T	S:N679K S:A706V	11	28116	0.000391	23580	23724
T23599G C23604A T23722C	S:N679K S:P681H S:I720I	11	26723	0.000412	23580	23724
T23599G C23604A T23645C	S:N679K S:P681H S:Y695H	11	28487	0.000386	23580	23705
T23599G C23604A G23611T A23668G	S:N679K S:P681H S:R683R S:E702E	11	28241	0.00039	23580	23724
T23599G C23604A C23673T	S:N679K S:P681H S:S704L	11	28176	0.00039	23596	23724
T23599G C23604A C23657-T	S:N679K S:P681H NA	11	28360	0.000388	23580	23669
T23599G C23604A A23704+C A23712+T	S:N679K S:P681H NA NA	11	27027	0.000407	23580	23724
T23599G C23603+A C23604G	S:N679K NA S:P681S	11	57938	0.00019	23580	23642
T23599A C23604A	S:N679K S:P681H	11	57938	0.00019	23580	23642
T23491C C23525T	S:F643F S:H655Y	11	35896	0.000306	23486	23539
T23374C A23403G	S:T604T S:D614G	11	14533	0.000757	23335	23432
T23344C	S:G594G	11	16267	0.000676	23335	23374
T23317C C23334-T	S:L585L NA	11	9255	0.001189	23269	23369
T22156-G T22164-TA	NA NA	11	5275	0.002085	22146	22192
T21864-A	NA	11	9791	0.001123	21847	21878
G25527+C	NA	11	3611	0.003046	25372	25539
G25311A	S:C1250Y	11	27267	0.000403	25219	25325
G25278-T A25327-T	NA NA	11	1227	0.008965	25264	25363
G25249A	S:M1229I	11	24539	0.000448	25232	25325
G24992-A C25000T	NA S:D1146D	11	9486	0.00116	24990	25054
G24868-T C24981-T C25000T A25056-T	NA NA S:D1146D NA	11	6303	0.001745	24850	25069
G24657A	S:C1032Y	11	31094	0.000354	24503	24679
G24497+A	NA	11	53614	0.000205	24476	24510
G23804+A	NA	11	13226	0.000832	23772	23825
G23755+C C23854A	NA S:N764K	11	10424	0.001055	23746	23895
G23587A T23599G C23604A	S:Q675Q S:N679K S:P681H	11	57770	0.00019	23580	23717
G23522-A	NA	11	37310	0.000295	23508	23539
G23363T A23403G	S:G601* S:D614G	11	14436	0.000762	23356	23443
G22813T T22882G T22942G A22948C	S:K417N S:N440K S:N460K S:K462N	11	4164	0.002642	22793	22966
G22813T T22882G G22895C G22898A	S:K417N S:N440K S:V445L S:G446S	11	6327	0.001739	22793	22907
G22813T A22893C	S:K417N S:K444T	11	6592	0.001669	22793	22903
G22487-A C22502-A	NA NA	11	1132	0.009717	22368	22512
G22471-A G22578A	NA S:G339D	11	605	0.018182	22451	22581
G21987A T21995-ACC	S:G142D S:DEL146	11	9987	0.001101	21980	22012
G21987A T21990C	S:G142D S:V143A	11	10578	0.00104	21982	22004
G21987A T21990-TTA A21999-C	S:G142D S:DEL144 NA	11	9836	0.001118	21965	22058
G21987+A	NA	11	10647	0.001033	21979	22058
G21850+A	NA	11	9766	0.001126	21847	21880
C25413+T	NA	11	7506	0.001465	25381	25426
C25254T	S:T1231I	11	25863	0.000425	25231	25325
C25000T T25191-A	S:D1146D NA	11	1688	0.006517	24990	25206
C25000T T25140-A	S:D1146D NA	11	1798	0.006118	24990	25210
C24899-A C24981-T C25000T T25021-A A25056-T	NA NA S:D1146D NA NA	11	6515	0.001688	24850	25069
C24899-A A24922-T C24981-T C25000T	NA NA NA S:D1146D	11	6943	0.001584	24850	25012
C24784-T	NA	11	3872	0.002841	24751	24788
C24639T	S:A1026V	11	31058	0.000354	24612	24676
C24609T	S:A1016V	11	27497	0.0004	24480	24679
C24555-A	NA	11	53381	0.000206	24509	24679
C24536T	S:Q992*	11	53695	0.000205	24476	24564
C24528+A	NA	11	53864	0.000204	24483	24540
C24517-A T24643-A C24672-A	NA NA NA	11	26296	0.000418	24470	24679
C24477+A	NA	11	49877	0.000221	24470	24499
C24435-T G24488-T	NA NA	11	24218	0.000454	24412	24563
C23854A T23861C	S:N764K S:L767L	11	12987	0.000847	23836	23895
C23854A A23869G	S:N764K S:G769G	11	12792	0.00086	23842	23895
C23644T	S:A694A	11	29803	0.000369	23636	23724
C23638-A	NA	11	58429	0.000188	23623	23724
C23525T T23599G C23604A G23616A	S:H655Y S:N679K S:P681H S:R685H	11	28592	0.000385	23488	23642
C23525T T23599G C23603+A	S:H655Y S:N679K NA	11	28610	0.000384	23487	23642
C23525T G23562A T23599G C23604A	S:H655Y S:G667D S:N679K S:P681H	11	28609	0.000384	23487	23642
C23525T C23604A C23630-A	S:H655Y S:P681H NA	11	28221	0.00039	23492	23637
C23525T C23557-A T23599G C23604A	S:H655Y NA S:N679K S:P681H	11	28609	0.000384	23487	23642
C23525T A23558G T23599G C23604A A23631G	S:H655Y S:I666V S:N679K S:P681H S:Q690R	11	28179	0.00039	23487	23642
C23525T A23532T C23604A	S:H655Y S:N657I S:P681H	11	28609	0.000384	23489	23642
C23498T C23525T T23599G C23604A	S:R646C S:H655Y S:N679K S:P681H	11	28152	0.000391	23487	23642
C23457-T C23525T	NA S:H655Y	11	6049	0.001818	23418	23539
C23393-T C23525T	NA S:H655Y	11	5066	0.002171	23338	23531
C23361+A	NA	11	16266	0.000676	23345	23370
C23358+A	NA	11	16335	0.000673	23342	23366
C23334-T C23367-A A23403G	NA NA S:D614G	11	8670	0.001269	23276	23430
C22383+T G22487-A	NA NA	11	1106	0.009946	22368	22500
C22185+T	NA	11	5988	0.001837	22167	22192
C22120-A A22135+G	NA NA	11	3680	0.002989	22025	22192
C21962T A21963C T21965A	S:Q134S S:Q134S S:F135I	11	10278	0.00107	21922	21973
C21618T T21632-TACCCCCTG C21736-T A21764-TACATG C21781-A	S:T19I S:DEL25/27 NA S:DEL69/70 NA	11	1938	0.005676	21597	21788
A25472+T	NA	11	6976	0.001577	25372	25477
A24661G	S:V1033V	11	31057	0.000354	24555	24679
A24525G C24536-A	S:E988G NA	11	53569	0.000205	24484	24564
A24479-T G24488-T	NA NA	11	50698	0.000217	24476	24505
A24479+T	NA	11	50783	0.000217	24475	24493
A24461G	S:S967G	11	24819	0.000443	24412	24563
A24453G	S:K964R	11	24941	0.000441	24412	24564
A24424T T24504C	S:Q954H S:L981P	11	23300	0.000472	24412	24564
A24424T T24480C	S:Q954H S:I973T	11	23461	0.000469	24412	24564
A24424T T24471-TG C24536-AA	S:Q954H NA NA	11	23140	0.000475	24412	24564
A24424T T24469A T24475C	S:Q954H S:N969K S:G971G	11	23485	0.000468	24412	24564
A24424T T24469A A24516-CA	S:Q954H S:N969K NA	11	23235	0.000473	24413	24564
A24424T C24536+A	S:Q954H NA	11	23140	0.000475	24412	24564
A24424T C24431-A	S:Q954H NA	11	24042	0.000458	24413	24564
A24424T A24560G	S:Q954H S:R1000G	11	22895	0.00048	24417	24564
A24424T A24519G	S:Q954H S:K986R	11	23218	0.000474	24412	24564
A24424T A24457G	S:Q954H S:Q965Q	11	23710	0.000464	24412	24564
A24424T A24432G	S:Q954H S:Q957R	11	24038	0.000458	24412	24564
A24287+T	NA	11	2625	0.00419	24229	24312
A24253-T A24323-AAT	NA S:DEL922	11	2018	0.005451	24229	24337
A24110-T C24119-A	NA NA	11	414	0.02657	24021	24173
A23786-T C23816-T	NA NA	11	12644	0.00087	23767	23827
A23767+T	NA	11	12695	0.000866	23755	23873
A23762G C23854A	S:T734A S:N764K	11	10463	0.001051	23742	23895
A23708G	S:T716A	11	43195	0.000255	23683	23724
A23688+C	NA	11	43628	0.000252	23673	23724
A23515-G C23525T C23557T T23599G C23604A	NA S:H655Y S:P665P S:N679K S:P681H	11	28539	0.000385	23487	23642
A23497-C C23525T T23599G C23604A	NA S:H655Y S:N679K S:P681H	11	28140	0.000391	23487	23637
A23403G T23521C C23525T	S:D614G S:A653A S:H655Y	11	5279	0.002084	23335	23539
A23403G T23487G C23525T	S:D614G S:V642G S:H655Y	11	5279	0.002084	23351	23532
A23403G G23426C	S:D614G S:V622L	11	14919	0.000737	23383	23438
A23403G A23440G	S:D614G S:A626A	11	14201	0.000775	23333	23443
A23055G A23063T T23075C	S:Q498R S:N501Y S:Y505H	11	545	0.020183	23051	23091
A23013C T23018G	S:E484A S:F486V	11	630	0.01746	23008	23040
A22798+G G22813T T22882G	NA S:K417N S:N440Q	11	6683	0.001646	22793	22888
A22046G	S:S162G	11	13762	0.000799	22025	22058
A22001G C22033A	S:K147E S:F157L	11	10332	0.001065	21993	22058
A21764-TACATG T21775-G	S:DEL69/70 NA	11	3353	0.003281	21757	21797
A21764-TACATG A21834-T	S:DEL69/70 NA	11	1066	0.010319	21757	21973
T25248C	S:M1229T	10	24516	0.000408	25220	25325
T25196-G C25262-T	NA NA	10	12665	0.00079	25122	25325
T25159C	S:D1199D	10	14752	0.000678	25141	25210
T25129C	S:V1189V	10	13157	0.00076	25122	25150
T24671C	S:S1037P	10	30827	0.000324	24612	24676
T24664C C24672-A	S:L1034L NA	10	30725	0.000325	24470	24679
T24628-A C24672-A	NA NA	10	30405	0.000329	24487	24679
T24506+A	NA	10	53869	0.000186	24499	24543
T24504A	S:L981H	10	53760	0.000186	24480	24564
T24472-G T24628-A	NA NA	10	18996	0.000526	24465	24679
T24471-TG T24492-A	NA NA	10	45150	0.000221	24465	24679
T24469A G24474A	S:N969K S:G971D	10	39012	0.000256	24465	24564
T24469A C24668-A	S:N969K NA	10	12970	0.000771	24465	24679
T24469A C24517-A	S:N969K NA	10	38408	0.00026	24465	24564
T24464-C T24471-TG	NA NA	10	24682	0.000405	24430	24564
T23916+A	NA	10	998	0.01002	23905	23978
T23776C C23854A	S:C738C S:N764K	10	11329	0.000883	23683	23895
T23716C	S:F718F	10	42998	0.000233	23683	23724
T23703-A C23816-T	NA NA	10	11419	0.000876	23683	23827
T23686C	S:S708S	10	43576	0.000229	23683	23724
T23599G T23681C	S:N679K S:Y707H	10	28073	0.000356	23580	23706
T23599G T23602C	S:N679K S:S680S	10	57942	0.000173	23584	23642
T23599G C23606-G	S:N679K NA	10	57920	0.000173	23580	23724
T23599G C23604A T23641-G A23646G	S:N679K S:P681H NA S:Y695C	10	28466	0.000351	23580	23724
T23599G C23604A T23641-G	S:N679K S:P681H NA	10	56307	0.000178	23581	23667
T23599G C23604A A23704+C C23709+A	S:N679K S:P681H NA NA	10	27111	0.000369	23580	23724
T23581A T23599G C23604A	S:S673R S:N679K S:P681H	10	57477	0.000174	23580	23642
T23511C C23525T T23599G C23604A	S:L650S S:H655Y S:N679K S:P681H	10	28508	0.000351	23493	23642
T23487C C23525T	S:V642A S:H655Y	10	19527	0.000512	23486	23539
T23394C A23403G	S:L611P S:D614G	10	15068	0.000664	23383	23434
T23352C	S:V597A	10	16358	0.000611	23335	23373
T22917G A22941-T	S:L452R NA	10	5602	0.001785	22911	22967
T22882G A22941-T	S:N440K NA	10	4917	0.002034	22877	22949
T22058-G	NA	10	13431	0.000745	22026	22072
T21990-TTA	S:DEL144	10	11121	0.000899	21977	22009
T21946-A T21970-A	NA NA	10	9697	0.001031	21937	21973
T21908+C	NA	10	9985	0.001002	21847	21918
T21889C	S:T109T	10	9868	0.001013	21878	21894
T21886-A G21987A	NA S:G142D	10	6485	0.001542	21847	21993
T21854C	S:S98P	10	9801	0.00102	21847	21877
G25278A	S:S1239N	10	26586	0.000376	25254	25325
G25033-A	NA	10	9430	0.00106	25019	25069
G24816-A	NA	10	989	0.010111	24724	24885
G24635A	S:A1025T	10	31062	0.000322	24507	24679
G24635+A	NA	10	31062	0.000322	24628	24677
G24510+T C24672-A	NA NA	10	26219	0.000381	24471	24679
G24488-T T24643-A C24672-A	NA NA NA	10	24995	0.0004	24471	24679
G24445+A	NA	10	24937	0.000401	24434	24564
G24164-A	NA	10	2680	0.003731	24148	24191
G23948T A23949-T	S:D796Y NA	10	678	0.014749	23927	23978
G23868-A	NA	10	13004	0.000769	23856	23895
G23735-A C23854A	NA S:N764K	10	10341	0.000967	23683	23873
G23726+T	NA	10	13073	0.000765	23683	23742
G23699-C	NA	10	43766	0.000228	23683	23708
G23593A T23599G C23604A	S:Q677Q S:N679K S:P681H	10	57877	0.000173	23587	23642
G23508A C23525T T23599G C23604A	S:C649Y S:H655Y S:N679K S:P681H	10	28461	0.000351	23487	23642
G23499+T T23599G C23604A	NA S:N679* S:P681Y	10	28193	0.000355	23487	23642
G23420-T	NA	10	15707	0.000637	23335	23428
G22927-T A22941-T	NA NA	10	6324	0.001581	22919	22967
G22813T T22942A C22950-T	S:K417N S:N460K NA	10	4041	0.002475	22793	22967
G22813T T22882G G22898A G22927-T T22942G	S:K417N S:N440K S:G446S NA S:N460K	10	4313	0.002319	22793	22967
G22813T T22882G A22893C G22927-T	S:K417N S:N440K S:K444T NA	10	5039	0.001985	22793	22937
G22809-A T22882G	NA S:N440K	10	6832	0.001464	22793	22890
G22141+T A22161+T	NA NA	10	4736	0.002111	22025	22181
G21987A A22025G	S:G142D S:S155G	10	7261	0.001377	21983	22058
C25452-A	NA	10	7176	0.001394	25384	25477
C25416T A25472-T G25555-T	ORF3a:F8F NA NA	10	3454	0.002895	25372	25566
C25321T	S:C1253C	10	27228	0.000367	25254	25325
C25262-TT A25327-T	NA NA	10	1130	0.00885	25251	25341
C25184T	S:Q1208*	10	14869	0.000673	25152	25188
C25169-T	NA	10	14774	0.000677	25122	25180
C25132T	S:A1190A	10	13804	0.000724	25122	25174
C25132+A	NA	10	13804	0.000724	25122	25147
C25000T T25148A C25149T	S:D1146D S:S1196I S:S1196I	10	1778	0.005624	24990	25210
C25000T A25194-AT G25197T	S:D1146D NA S:W1212L	10	1662	0.006017	24990	25210
C24878-A C24981-T C25000T A25056-T	NA NA S:D1146D NA	10	6346	0.001576	24850	25069
C24852-A G24977C	NA S:D1139H	10	6418	0.001558	24850	25069
C24745T	S:V1061V	10	3802	0.00263	24727	24791
C24672-AA A24684-T G24693-A	NA NA NA	10	1925	0.005195	24612	24704
C24639+G	NA	10	31058	0.000322	24632	24679
C24566-A G24570-T	NA NA	10	27641	0.000362	24555	24578
C24563-T	NA	10	53145	0.000188	24538	24590
C24555+G	NA	10	53381	0.000187	24537	24563
C24553T	S:I997I	10	53428	0.000187	24495	24564
C24536-AA T24628-A	NA NA	10	26904	0.000372	24501	24679
C24517T T24664C	S:D985D S:L1034L	10	26476	0.000378	24497	24679
C24507+T	NA	10	53853	0.000186	24495	24564
C24446+T	NA	10	24958	0.000401	24412	24479
C24444T	S:T961M	10	24943	0.000401	24428	24491
C24422-A C24536-A	NA NA	10	23133	0.000432	24412	24563
C24026-T	NA	10	741	0.013495	24021	24047
C23854A A23880G	S:N764K S:E773G	10	12365	0.000809	23836	23895
C23854A A23864G	S:N764K S:T768A	10	12898	0.000775	23842	23891
C23833+G C23854A	NA S:N764K	10	12115	0.000825	23771	23895
C23816-TT C23854A	NA S:N764K	10	11814	0.000846	23805	23895
C23816-T G23835-T A23853-C C23859-T	NA NA NA NA	10	11657	0.000858	23683	23877
C23707+A	NA	10	43267	0.000231	23699	23721
C23604A G23611T	S:P681H S:R683R	10	57971	0.000173	23580	23635
C23585T T23599G C23604A	S:Q675* S:N679K S:P681H	10	57741	0.000173	23580	23642
C23525T T23599G C23604A T23633C	S:H655Y S:N679K S:P681H S:S691P	10	28143	0.000355	23487	23637
C23525T T23599G C23604A G23621A	S:H655Y S:N679K S:P681H S:V687I	10	28588	0.00035	23487	23642
C23525T T23599G C23604A G23619A	S:H655Y S:N679K S:P681H S:S686N	10	28588	0.00035	23492	23642
C23525T T23599G C23604A C23606T	S:H655Y S:N679K S:P681H S:R682W	10	28604	0.00035	23487	23637
C23525T T23537-C T23599G C23604A	S:H655Y NA S:N679K S:P681H	10	28609	0.00035	23508	23634
C23525T G23567A T23599G C23604A	S:H655Y S:G669S S:N679K S:P681H	10	28609	0.00035	23487	23634
C23525T C23556-CA T23559A T23599G C23604A	S:H655Y NA S:I666N S:N679K S:P681H	10	28609	0.00035	23508	23630
C23525T C23555T T23599G C23604A	S:H655Y S:P665S S:N679K S:P681H	10	28609	0.00035	23487	23624
C23525T C23551T T23599G C23604A	S:H655Y S:D663D S:N679K S:P681H	10	28609	0.00035	23487	23642
C23525T A23558G G23567T C23604A	S:H655Y S:I666V S:G669C S:P681H	10	28609	0.00035	23487	23631
C23393T	S:L611F	10	15403	0.000649	23335	23414
C23334-TT A23403G	NA S:D614G	10	8670	0.001153	23270	23443
C23334-T G23417C	NA S:E619Q	10	8561	0.001168	23282	23443
C23334-T G23384-T A23403G	NA NA S:D614G	10	8670	0.001153	23284	23441
C23188+T	NA	10	3824	0.002615	23091	23197
C23141T	S:P527S	10	3929	0.002545	23089	23152
C23099-T C23103-T	NA NA	10	3865	0.002587	23089	23118
C22802-A G22813T T22882G	NA S:K417N S:N440K	10	6771	0.001477	22793	22893
C22290+T	NA	10	2700	0.003704	22246	22313
C21618T T21632-TACCCCCTG G21686-T	S:T19I S:DEL25/27 NA	10	2014	0.004965	21597	21704
A25431G	ORF3a:V13V	10	7398	0.001352	25381	25477
A25384G	S:*1274*	10	7654	0.001307	25372	25477
A25325G	Unknown	10	26963	0.000371	25300	25325
A25274-C	NA	10	26507	0.000377	25251	25325
A25256G	S:I1232V	10	25940	0.000386	25251	25325
A25225G	S:I1221M	10	23503	0.000425	25219	25325
A25194-AT G25197T C25262-TT	NA S:W1212L NA	10	12606	0.000793	25122	25325
A25060-G	NA	10	9247	0.001081	25022	25069
A24599-T	NA	10	27527	0.000363	24584	24679
A24592G	S:Q1010Q	10	27523	0.000363	24483	24679
A24569T	S:S1003C	10	27692	0.000361	24488	24601
A24556G	S:T998T	10	53295	0.000188	24528	24564
A24556+G	NA	10	53295	0.000188	24486	24564
A24545G	S:R995G	10	53582	0.000187	24495	24585
A24525-G	NA	10	53893	0.000186	24504	24564
A24468-T T24470A C24536-A	NA S:F970I NA	10	38111	0.000262	24465	24564
A24456G	S:Q965R	10	24896	0.000402	24412	24564
A24424T T24514C	S:Q954H S:L984L	10	23244	0.00043	24412	24564
A24424T T24505C	S:Q954H S:L981L	10	23297	0.000429	24412	24535
A24424T T24475C	S:Q954H S:G971G	10	23485	0.000426	24412	24482
A24424T G24476A	S:Q954H S:A972T	10	23479	0.000426	24412	24564
A24424T C24429T	S:Q954H S:A956V	10	24045	0.000416	24412	24481
A24424T A24554G	S:Q954H S:T998A	10	23014	0.000435	24412	24564
A24424T A24538G	S:Q954H S:Q992Q	10	23119	0.000433	24412	24564
A24424T A24531G	S:Q954H S:E990G	10	23165	0.000432	24419	24564
A24424T A24495G	S:Q954H S:N978S	10	23349	0.000428	24413	24535
A24424T A24430G	S:Q954H S:A956A	10	24042	0.000416	24412	24564
A24424T A24425G	S:Q954H S:N955D	10	24315	0.000411	24412	24563
A24110-T	NA	10	422	0.023697	24085	24122
A23806-T C23854A	NA S:N764K	10	11760	0.00085	23791	23895
A23805G C23854A	S:E748G S:N764K	10	11750	0.000851	23684	23881
A23801G C23854A	S:T747A S:N764K	10	11709	0.000854	23787	23895
A23796+T	NA	10	13271	0.000754	23769	23808
A23702G	S:I714V	10	43439	0.00023	23683	23724
A23696-T C23854A	NA S:N764K	10	10080	0.000992	23683	23895
A23403G T23434-C	S:D614G NA	10	14285	0.0007	23394	23443
A23403G T23421-C	S:D614G NA	10	15038	0.000665	23269	23443
A23403G A23494G C23525T	S:D614G S:Q644Q S:H655Y	10	5279	0.001894	23335	23532
A23379G A23403G	S:N606S S:D614G	10	14623	0.000684	23335	23443
A23329G A23403G	S:P589P S:D614G	10	8659	0.001155	23269	23441
A23283G C23334-T	S:D574G NA	10	8986	0.001113	23272	23409
A22431G	S:D290G	10	2707	0.003694	22417	22446
A22190-T	NA	10	5967	0.001676	22170	22192
A22146+T	NA	10	4891	0.002045	22138	22192
A22041-T	NA	10	13932	0.000718	22027	22054
A22005G	S:N148S	10	12781	0.000782	22001	22012
A21993-T	NA	10	11465	0.000872	21985	22058
A21979-T G21987A T22016C C22033A	NA S:G142D S:W152R S:F157L	10	4865	0.002055	21847	22058
A21868+G	NA	10	9894	0.001011	21850	21891
A21764-TACATG T21775-G A21817-T	S:DEL69/70 NA NA	10	1082	0.009242	21757	21854
