nt_mutations	aa_mutations	cluster_depth	total_depth	frequency	coverage_start	coverage_end
T23599G C23604A	S:N679K S:P681H	20565	78540	0.261841	23597	23608
C23525T T23599G C23604A	S:H655Y S:N679K S:P681H	18247	39359	0.463604	23520	23607
A24424T	S:Q954H	7165	30882	0.232012	24421	24424
A23403G	S:D614G	4994	29305	0.170415	23399	23409
T24469A	S:N969K	4673	50730	0.092115	24466	24476
C23854A	S:N764K	4412	16227	0.271893	23850	23856
C23525T	S:H655Y	4317	56352	0.076608	23521	23528
C25000T	S:D1146D	2770	15592	0.177655	24998	25003
C24672-A	NA	2432	36169	0.06724	24639	24679
T23599G	S:N679K	2329	78599	0.029631	23595	23602
A24424T T24469A	S:Q954H S:N969K	2253	27529	0.081841	24418	24479
G21987A	S:G142D	2090	9406	0.222199	21983	21990
C25262-T	NA	2006	27017	0.07425	25251	25279
A23403G C23525T	S:D614G S:H655Y	1957	10907	0.179426	23399	23529
C21618T T21632-TACCCCCTG A21764-TACATG	S:T19I S:DEL25/27 S:DEL69/70	1919	8205	0.233882	21616	21780
C23334-T	NA	1884	16094	0.117062	23296	23345
C23604A	S:P681H	1662	78656	0.02113	23602	23608
C23525T C23604A	S:H655Y S:P681H	1371	39359	0.034833	23521	23612
C23334-T A23403G	NA S:D614G	1186	15199	0.078031	23322	23411
C24981-T C25000T	NA S:D1146D	956	12420	0.076973	24932	25004
A24253-T	NA	946	8224	0.115029	24239	24263
C21618T T21632-TACCCCCTG	S:T19I S:DEL25/27	863	9883	0.087322	21608	21651
C23525T T23599G	S:H655Y S:N679K	836	39373	0.021233	23523	23603
T22942A	S:N460K	826	13144	0.062842	22938	22948
T23599G C23604A G23666-A	S:N679K S:P681H NA	782	37828	0.020673	23593	23678
G22813T T22882G A22893C T22917G	S:K417N S:N440K S:K444T S:L452R	772	9602	0.0804	22809	22920
G22578A	S:G339D	730	2156	0.33859	22573	22580
C22120-A	NA	659	10006	0.06586	22112	22132
C25416T	ORF3a:F8F	573	9267	0.061832	25384	25449
C23525T A23558-T T23599G C23604A	S:H655Y NA S:N679K S:P681H	565	39359	0.014355	23505	23624
G24488-T	NA	511	62177	0.008218	24486	24499
G22813T T22882G	S:K417N S:N440K	465	11053	0.04207	22809	22885
T22200G	S:V213G	464	3558	0.13041	22195	22203
T23599G C23604A G23675-T	S:N679K S:P681H NA	463	37690	0.012284	23593	23683
T24492-A	NA	454	62573	0.007256	24486	24505
G25302-T	NA	444	28386	0.015642	25295	25307
C24536-A	NA	417	63029	0.006616	24529	24553
A23786-T C23854A	NA S:N764K	413	13582	0.030408	23779	23873
T25191-A C25262-T	NA NA	408	13119	0.0311	25135	25281
G24140-T	NA	406	6411	0.063329	24133	24158
G24488-T C24672-A	NA NA	403	29289	0.013759	24486	24679
G23948T	S:D796Y	390	2145	0.181818	23944	23954
C21618T T21632-TACCCCCTG A21764-TACATG C21781-A	S:T19I S:DEL25/27 S:DEL69/70 NA	385	8172	0.047112	21608	21802
G22104-A C22120-A	NA NA	373	9495	0.039284	22100	22132
T23599G C23604A A23712-T	S:N679K S:P681H NA	367	36580	0.010033	23587	23721
C23887-A	NA	359	15440	0.023251	23836	23895
G22813T T22882G T22917G	S:K417N S:N440K S:L452R	358	9602	0.037284	22808	22920
C23525T T23599G C23604A G23608A	S:H655Y S:N679K S:P681H S:R682R	343	39352	0.008716	23515	23624
A24424T T24469A T24472-G	S:Q954H S:N969K NA	341	27489	0.012405	24413	24561
A21764-TACATG	S:DEL69/70	284	9536	0.029782	21757	21795
T24469A T24472-G	S:N969K NA	281	50660	0.005547	24465	24535
G22158-T	NA	275	12503	0.021995	22151	22175
T22882G	S:N440K	267	13168	0.020276	22878	22885
G22813T	S:K417N	267	11943	0.022356	22809	22816
T24471-TG	NA	244	57433	0.004248	24465	24494
T24643-A	NA	237	36568	0.006481	24633	24654
T21632-TACCCCCTG	S:DEL25/27	234	9885	0.023672	21608	21653
T22942G	S:N460K	231	13144	0.017575	22937	22967
G22813T T22882G T22942A	S:K417N S:N440K S:N460K	231	7775	0.029711	22803	22949
T24628-A	NA	229	36584	0.00626	24612	24653
G25234A	S:L1224L	228	23407	0.009741	25230	25314
T24469A C24672-A	S:N969K NA	225	19727	0.011406	24465	24679
A24424T C24536-A	S:Q954H NA	223	27024	0.008252	24416	24553
G22317T	S:G252V	221	9025	0.024488	22306	22319
T23482-A C23525T	NA S:H655Y	220	13217	0.016645	23475	23532
T24267-G	NA	219	8240	0.026578	24258	24319
C23525T A23558G T23599G C23604A	S:H655Y S:I666V S:N679K S:P681H	219	39359	0.005564	23506	23624
G22813T T22882G A22893C	S:K417N S:N440K S:K444T	218	10871	0.020053	22807	22899
C25294-A	NA	217	28089	0.007725	25285	25324
C22000A	S:H146Q	216	11600	0.018621	21996	22051
A24424T G24488-T	S:Q954H NA	216	27402	0.007883	24415	24500
A23403G T23482-A C23525T	S:D614G NA S:H655Y	212	10907	0.019437	23394	23529
A22941-T	NA	210	13206	0.015902	22934	22966
C24981-T	NA	206	12790	0.016106	24948	24990
T21632-TACCCCCTG A21764-TACATG	S:DEL25/27 S:DEL69/70	204	8207	0.024857	21618	21788
C24455-A	NA	201	29186	0.006887	24436	24465
T22882G A22893C T22917G	S:N440K S:K444T S:L452R	199	11685	0.01703	22877	22921
C21618T	S:T19I	199	10044	0.019813	21608	21620
G25278-T	NA	196	27685	0.00708	25267	25302
A23515+G C23525T T23599G C23604A	NA S:H655S S:N679* S:P681Y	193	39312	0.004909	23505	23624
T24469A T24492-A	S:N969K NA	190	50454	0.003766	24465	24564
G22133-A	NA	190	11256	0.01688	22126	22170
G21987A A22001G T22016C C22033A	S:G142D S:K147E S:W152R S:F157L	183	6536	0.027999	21983	22051
C24503-T	NA	183	63002	0.002905	24486	24514
T23143-A	NA	182	2636	0.069044	23129	23155
G22813T T22882G T22917G T22942A	S:K417N S:N440K S:L452R S:N460K	182	7775	0.023408	22807	22949
A23853-C	NA	180	16257	0.011072	23846	23862
G25218-T C25262-T	NA NA	178	19983	0.008908	25140	25320
C21618T A21764-TACATG	S:T19I S:DEL69/70	176	8205	0.02145	21606	21790
A24110-T	NA	175	4456	0.039273	24103	24120
C24517-A	NA	173	63373	0.00273	24505	24527
G25555-T	NA	172	3246	0.052988	25384	25566
C23367-A	NA	168	31475	0.005338	23344	23377
C24503-T C24672-A	NA NA	167	30392	0.005495	24472	24679
A24424T T24471-TG	S:Q954H NA	165	27492	0.006002	24417	24563
A24110-T C24119-A	NA NA	165	4326	0.038141	24097	24133
T23599G C23604A C23707T	S:N679K S:P681H S:P715P	164	36797	0.004457	23580	23715
C22120-A T22200G	NA S:V213G	161	2978	0.054063	22114	22206
C21781-A	NA	160	9841	0.016259	21774	21802
C24672-AA	NA	159	36169	0.004396	24620	24679
C24536-AA	NA	159	63029	0.002523	24527	24554
T23599G C23604A A23704+C	S:N679K S:P681H NA	154	37005	0.004162	23586	23724
G22813T T22882G G22895C T22896C G22898A	S:K417N S:N440K S:V445P S:V445P S:G446S	153	10509	0.014559	22800	22906
C22120-A A22161-T	NA NA	150	9410	0.01594	22105	22175
C24852-A	NA	147	14823	0.009917	24850	24870
G21987A C22000-A	S:G142D NA	146	8716	0.016751	21982	22012
T23599G C23604A A23708-C	S:N679K S:P681H NA	144	36732	0.00392	23580	23718
C24119-A	NA	144	4789	0.030069	24112	24131
T23599G C23604A G23642-C	S:N679K S:P681H NA	142	76451	0.001857	23581	23717
C23525T T23599G C23604A C23635T	S:H655Y S:N679K S:P681H S:S691S	141	38624	0.003651	23492	23642
C23525T T23599G C23604A C23625T	S:H655Y S:N679K S:P681H S:A688V	141	39300	0.003588	23492	23633
C22000-A	NA	141	11600	0.012155	21993	22012
G25218-T	NA	137	20107	0.006814	25209	25232
C23525T T23599G C23604A C23630-A	S:H655Y S:N679K S:P681H NA	137	38820	0.003529	23492	23638
A24803-T	NA	137	5503	0.024896	24783	24806
T22882G T22917G	S:N440K S:L452R	136	11685	0.011639	22878	22920
G23768-T	NA	130	16011	0.008119	23767	23776
A24424T C24455-A	S:Q954H NA	130	27715	0.004691	24421	24466
A24922-T C24981-T C25000T	NA NA S:D1146D	129	11711	0.011015	24874	25018
C24852-A C25000T	NA S:D1146D	128	10823	0.011827	24850	25056
A25472-T	NA	128	8423	0.015196	25383	25477
T24643-A C24672-A	NA NA	126	35987	0.003501	24626	24679
C21618T T21632-TACCCCCTG C21736-T A21764-TACATG	S:T19I S:DEL25/27 NA S:DEL69/70	126	8205	0.015356	21608	21802
A22798+G G22813T T22882G A22893C T22917G	NA S:K417N S:N440Q S:K444S S:L452R	126	9384	0.013427	22793	22921
A23767+T C23854A	NA S:N764K	125	11281	0.011081	23758	23873
A24424T C24435-T	S:Q954H NA	124	27935	0.004439	24412	24453
A24539-T	NA	122	63029	0.001936	24504	24552
G22104-A C22120-A A22161-T	NA NA NA	121	8905	0.013588	22048	22175
G23522-A C23525T	NA S:H655Y	116	56339	0.002059	23513	23538
C23525T A23550G T23599G C23604A	S:H655Y S:D663G S:N679K S:P681H	116	39359	0.002947	23501	23612
A21875-T	NA	116	7727	0.015012	21870	21887
T22882G A22893C	S:N440K S:K444T	114	12982	0.008781	22877	22896
C25262-TT	NA	114	27017	0.00422	25252	25292
C24632-T	NA	114	36591	0.003116	24612	24679
G25287-T	NA	113	27910	0.004049	25278	25308
C23816-T	NA	112	15717	0.007126	23779	23827
A24253-T C24263-A	NA NA	111	8091	0.013719	24243	24274
T24469A C24536-A	S:N969K NA	110	49474	0.002223	24465	24552
T24470-TTG	S:DEL971	108	51200	0.002109	24467	24552
T23689-A	NA	108	55600	0.001942	23683	23707
T23599G C23604A T23672C	S:N679K S:P681H S:S704P	108	37738	0.002862	23590	23683
G21987A T22020C T22054G	S:G142D S:M153T S:N164K	108	6142	0.017584	21983	22058
A21979-T G21987A	NA S:G142D	108	7309	0.014776	21971	21995
G23508+T C23525T T23599G C23604A	NA S:H655S S:N679* S:P681Y	105	39213	0.002678	23487	23629
T25191-A G25218-T C25262-T	NA NA NA	104	13119	0.007927	25137	25303
A23712-T	NA	104	55002	0.001891	23697	23724
T23703-A	NA	103	55601	0.001852	23684	23711
C24435-T	NA	103	29096	0.00354	24428	24452
T23599G C23604A C23609-G	S:N679K S:P681H NA	102	78506	0.001299	23587	23624
G22104-A	NA	102	9609	0.010615	22100	22115
G22037-T	NA	102	17230	0.00592	22029	22043
C25276-A	NA	102	27611	0.003694	25267	25325
T25191-A	NA	101	16900	0.005976	25150	25202
A21979-T	NA	100	8096	0.012352	21853	21995
C23099-T	NA	99	2550	0.038824	23096	23110
G24488-T C24503-T C24672-A	NA NA NA	98	29289	0.003346	24486	24679
G21987A A21993-T	S:G142D NA	98	9243	0.010603	21982	22058
C23525T C23533-A T23599G C23604A	S:H655Y NA S:N679K S:P681H	98	39359	0.00249	23493	23624
T23599G C23604A A23670G	S:N679K S:P681H S:N703S	97	37786	0.002567	23581	23684
T23599G C23604A C23613-A	S:N679K S:P681H NA	96	78482	0.001223	23580	23700
G22403-A	NA	96	6661	0.014412	22389	22414
C24431-A	NA	95	28989	0.003277	24428	24442
T23599G C23604A C23709+A	S:N679K S:P681H NA	94	36689	0.002562	23592	23717
C23525T A23535G T23599G C23604A	S:H655Y S:N658S S:N679K S:P681H	94	39359	0.002388	23516	23624
T23637-C	NA	93	79519	0.00117	23630	23642
T23482-A	NA	93	13432	0.006924	23474	23528
C24026-T	NA	93	7486	0.012423	24024	24046
A24922-T	NA	93	15212	0.006114	24895	24932
A23558-T T23599G C23604A	NA S:N679K S:P681H	93	39669	0.002344	23550	23608
T23599G T23600C C23604A	S:N679K S:S680P S:P681H	92	78540	0.001171	23580	23642
C24422-A A24425T	NA S:N955Y	92	30754	0.002991	24413	24438
A24318-C	NA	92	8431	0.010912	24308	24332
C24422-A	NA	91	30933	0.002942	24415	24424
C21978A G21987A	S:P139Q S:G142D	91	7260	0.012534	21971	22043
C24517-A C24672-A	NA NA	90	30896	0.002913	24490	24679
G25299-C	NA	89	28279	0.003147	25292	25323
T23599G T23602-C T23605A	S:N679K NA S:P681P	88	78508	0.001121	23583	23625
T23599G C23604A C23609-G G23666-A	S:N679K S:P681H NA NA	88	37828	0.002326	23580	23678
C23525T T23529C T23599G C23604A	S:H655Y S:V656A S:N679K S:P681H	88	39359	0.002236	23504	23624
C23492+A C23525T T23599G C23604A	NA S:H655S S:N679* S:P681Y	88	38450	0.002289	23486	23639
G25455T	ORF3a:K21N	86	8668	0.009922	25383	25461
A23712+T	NA	86	55002	0.001564	23704	23723
C23099-T T23143-A	NA NA	85	2487	0.034178	23096	23156
A25235-T	NA	85	23435	0.003627	25226	25325
T23491C C23525T T23599G C23604A	S:F643F S:H655Y S:N679K S:P681H	83	38430	0.00216	23487	23624
C21888-T	NA	83	7651	0.010848	21848	21901
G23486-T C23525T	NA S:H655Y	82	13344	0.006145	23471	23532
G22014-T	NA	82	10936	0.007498	22002	22043
A25216-G	NA	82	17883	0.004585	25209	25324
A21875+T	NA	82	7727	0.010612	21850	21890
T22020C T22054G	S:M153T S:N164K	81	10137	0.007991	22010	22058
A24539-T C24672-A	NA NA	81	31115	0.002603	24474	24679
T25263C	S:L1234P	80	27085	0.002954	25254	25324
T24469A T24628-A	S:N969K NA	80	20081	0.003984	24465	24679
G23835-T	NA	80	15639	0.005115	23828	23849
G22104-A C22120-A T22164-TA	NA NA NA	80	8888	0.009001	22100	22180
C23525T T23548C T23599G C23604A	S:H655Y S:C662C S:N679K S:P681H	79	39359	0.002007	23505	23637
T23944C	S:I794I	78	2964	0.026316	23941	23947
T23599G C23604A T23654C	S:N679K S:P681H S:S698P	78	37994	0.002053	23586	23663
T23599G C23604A A23639-T	S:N679K S:P681H NA	78	76792	0.001016	23581	23642
G22813T T22882G G22898A	S:K417N S:N440K S:G446S	78	10509	0.007422	22809	22908
G22104-A C22120-A T22200G	NA NA S:V213G	78	2888	0.027008	22100	22208
A24424T C24517-A	S:Q954H NA	78	27186	0.002869	24413	24532
A23362+C	NA	78	32406	0.002407	23340	23369
T23599G C23604A T23629C	S:N679K S:P681H S:S689S	77	77803	0.00099	23581	23641
C25000T C25100-A	S:D1146D NA	77	2540	0.030315	24992	25114
T23742-A	NA	76	13838	0.005492	23683	23751
C21618T T21632-TACCCCCTG C21736-T A21764-TACATG C21781-A	S:T19I S:DEL25/27 NA S:DEL69/70 NA	76	8172	0.0093	21597	21802
T23599G C23604A T23641-G	S:N679K S:P681H NA	75	76595	0.000979	23580	23664
G24992-A	NA	75	15653	0.004791	24990	25021
G24521+T	NA	75	63360	0.001184	24486	24530
C23525T A23566-G T23569C T23599G C23604A	S:H655Y NA S:G669G S:N679K S:P681H	75	39359	0.001906	23492	23637
A24516G	S:D985G	75	63368	0.001184	24511	24529
A24424T T24469A C24536-A	S:Q954H S:N969K NA	75	27024	0.002775	24416	24558
T21856+A	NA	74	7678	0.009638	21849	21866
G22487-A	NA	74	2946	0.025119	22444	22499
A24468-T T24470A	NA S:F970I	74	50660	0.001461	24465	24481
G25234A C25262-T	S:L1224L NA	73	23326	0.00313	25130	25320
C21618T T21632-TACCCCCTG C21654-T A21764-TACATG	S:T19I S:DEL25/27 NA S:DEL69/70	73	8205	0.008897	21597	21802
A25208-T	NA	73	18414	0.003964	25201	25210
A24424T C24536-AA	S:Q954H NA	73	27024	0.002701	24413	24558
T25187+A	NA	72	16401	0.00439	25177	25222
T23434-C C23525T	NA S:H655Y	72	12352	0.005829	23423	23539
G25305-T	NA	72	28517	0.002525	25296	25324
G25135+A C25262-T	NA NA	71	11606	0.006118	25122	25314
G24992-A C25000T	NA S:D1146D	71	15504	0.004579	24990	25049
C24878-A	NA	71	15337	0.004629	24856	24888
C24263-A	NA	71	8196	0.008663	24236	24285
A24520G	S:K986K	71	63411	0.00112	24504	24535
T23599G C23604A A23631G	S:N679K S:P681H S:Q690R	70	77686	0.000901	23580	23642
T23511+A C23525T T23599G C23604A	NA S:H655S S:N679* S:P681Y	70	39279	0.001782	23493	23624
T25446C	ORF3a:G18G	69	8879	0.007771	25383	25464
T23599G C23604A T23652C	S:N679K S:P681H S:M697T	69	38012	0.001815	23581	23700
T23599G C23604A A23712+T	S:N679K S:P681H NA	69	36580	0.001886	23581	23724
T23507C C23525T T23599G C23604A	S:C649R S:H655Y S:N679K S:P681H	69	39201	0.00176	23487	23624
A21764-TACATG C21781-A	S:DEL69/70 NA	69	9498	0.007265	21747	21802
T24472-G	NA	68	57762	0.001177	24465	24490
T24163C	S:D867D	68	10866	0.006258	24158	24174
T23599G C23604A G23666+A	S:N679K S:P681H NA	68	37828	0.001798	23580	23715
C23525T C23533T A23535G T23599G C23604A	S:H655Y S:N657N S:N658S S:N679K S:P681H	68	39359	0.001728	23493	23624
C23525T A23531G T23599G C23604A	S:H655Y S:N657D S:N679K S:P681H	68	39359	0.001728	23499	23629
T23599G T23602C C23604A	S:N679K S:S680S S:P681H	67	78540	0.000853	23582	23617
T23599G C23604A T23620C	S:N679K S:P681H S:S686S	67	78418	0.000854	23580	23637
T23599G C23604A C23630-A	S:N679K S:P681H NA	67	77790	0.000861	23581	23639
C23525T A23594G T23599G C23604A	S:H655Y S:T678A S:N679K S:P681H	67	39359	0.001702	23505	23624
C22120-A T22164-TA	NA NA	67	9392	0.007134	22100	22179
A23786+T	NA	67	15748	0.004255	23767	23806
T23599G C23604A G23624A	S:N679K S:P681H S:A688T	66	78354	0.000842	23580	23642
G23522-A C23525T T23599G C23604A	NA S:H655Y S:N679K S:P681H	66	39356	0.001677	23499	23634
G22331A	S:G257S	66	4186	0.015767	22326	22358
C24150+T	NA	66	10813	0.006104	24148	24161
C21618T T21632-TACCCCCTG C21781-A	S:T19I S:DEL25/27 NA	66	8172	0.008076	21597	21800
A23848+T C23887-A	NA NA	66	14786	0.004464	23767	23895
T25402C	ORF3a:F4L	65	9452	0.006877	25383	25477
T24469A T24643-A	S:N969K NA	65	19984	0.003253	24465	24679
T23599G C23604A T23693C	S:N679K S:P681H S:S711P	65	37483	0.001734	23581	23700
C24668-A	NA	65	36370	0.001787	24641	24679
C23525T T23599G C23604A T23629C	S:H655Y S:N679K S:P681H S:S689S	65	38827	0.001674	23487	23633
C23525T T23599G C23604A T23620C	S:H655Y S:N679K S:P681H S:S686S	65	39322	0.001653	23487	23623
C23525T A23566G T23599G C23604A	S:H655Y S:A668A S:N679K S:P681H	65	39359	0.001651	23505	23626
A24885-T C24981-T C25000T	NA NA S:D1146D	65	11369	0.005717	24850	25012
A24479-T	NA	65	60287	0.001078	24471	24491
A23515-G C23525T T23599G C23604A	NA S:H655Y S:N679K S:P681H	65	39312	0.001653	23499	23629
A22001G T22016C C22033A	S:K147E S:W152R S:F157L	65	9823	0.006617	21995	22058
T23434-C	NA	64	28328	0.002259	23425	23441
G24883-A C25000T	NA S:D1146D	64	11353	0.005637	24859	25025
C25214+G	NA	64	17083	0.003746	25207	25265
C23854A C23887-A	S:N764K NA	64	14957	0.004279	23842	23895
A21875-T C21888-T	NA NA	64	7628	0.00839	21870	21901
T23599G C23604A T23662C	S:N679K S:P681H S:G700G	63	37901	0.001662	23587	23673
A24885-T	NA	63	15260	0.004128	24853	24896
A24324T	S:K921I	63	7847	0.008029	24254	24327
T23480+A C23525T	NA S:H655S	62	13044	0.004753	23470	23539
T22392-A	NA	62	6714	0.009234	22368	22406
G21901-A	NA	62	7578	0.008182	21867	21913
A23704+C	NA	62	55581	0.001115	23683	23716
A23403G G23486-T C23525T	S:D614G NA S:H655Y	62	10907	0.005684	23391	23535
A23276T C23334-T	S:T572S NA	62	15467	0.004009	23269	23361
A22914-C	NA	62	13135	0.00472	22905	22967
T22882G T22917G G22992A C22995A A23013C T23018G	S:N440K S:L452R S:S477N S:T478K S:E484A S:F486V	61	1119	0.054513	22878	23033
G22813T T22942A	S:K417N S:N460K	61	7775	0.007846	22809	22949
C23099-T T23143-A T23164-A	NA NA NA	61	2296	0.026568	23096	23176
C21618T T21632-TACCCCCTG G21686-T A21764-TACATG	S:T19I S:DEL25/27 NA S:DEL69/70	61	8205	0.007434	21608	21802
T23596+A T23599G C23604A	NA S:N679* S:P681Y	60	78512	0.000764	23580	23619
G23384-T A23403G	NA S:D614G	60	28262	0.002123	23372	23429
C24672-A A24684-T	NA NA	60	3269	0.018354	24620	24700
C24509T	S:R983C	60	63302	0.000948	24500	24531
C24483+A	NA	60	61485	0.000976	24476	24495
C23525T T23599G C23604A C23609-G	S:H655Y S:N679K S:P681H NA	60	39351	0.001525	23488	23620
C23525T A23588G T23599G C23604A	S:H655Y S:T676A S:N679K S:P681H	60	39359	0.001524	23487	23624
A23474+T C23525T	NA S:H655S	60	12949	0.004634	23458	23539
T23599G C23604A C23709-A	S:N679K S:P681H NA	59	36689	0.001608	23587	23724
G22992A C22995A A23013C T23018G	S:S477N S:T478K S:E484A S:F486V	59	1511	0.039047	22979	23028
C25000T G25015-T	S:D1146D NA	59	15317	0.003852	24996	25025
C24566-A	NA	59	32718	0.001803	24538	24579
C23525T T23599G T23600C C23604A	S:H655Y S:N679K S:S680P S:P681H	59	39359	0.001499	23487	23624
A25137-T C25262-T	NA NA	59	11651	0.005064	25130	25296
A23786-T	NA	59	15748	0.003747	23775	23798
T25415-C	NA	58	9269	0.006257	25382	25472
T22882G G22992A C22995A A23013C T23018G	S:N440K S:S477N S:T478K S:E484A S:F486V	58	1119	0.051832	22878	23038
T22054-A	NA	58	16922	0.003427	22049	22058
G24649-T	NA	58	36584	0.001585	24612	24671
C23525T A23552G T23599G C23604A	S:H655Y S:I664V S:N679K S:P681H	58	39359	0.001474	23487	23624
A24922-T C25000T	NA S:D1146D	58	11711	0.004953	24884	25025
A23588G T23599G C23604A	S:T676A S:N679K S:P681H	58	78326	0.00074	23580	23637
A23523G C23525T T23599G C23604A	S:E654G S:H655Y S:N679K S:P681H	58	39356	0.001474	23508	23642
T25402C C25416T	ORF3a:F4L ORF3a:F8F	57	9267	0.006151	25381	25477
T25272C	S:M1237T	57	27499	0.002073	25261	25320
T23599G C23604A T23680C	S:N679K S:P681H S:A706A	57	37624	0.001515	23581	23708
G25445-T	NA	57	8895	0.006408	25384	25475
C25262-TT G25278-T	NA NA	57	26959	0.002114	25251	25316
C23525T A23544G T23599G C23604A	S:H655Y S:E661G S:N679K S:P681H	57	39359	0.001448	23492	23637
C23393-T A23403G	NA S:D614G	57	28712	0.001985	23383	23429
A24253-T A24324T	NA S:K921I	57	6140	0.009283	24229	24327
T24267-G A24424T	NA S:Q954H	56	1005	0.055721	24260	24424
G24488-T C24517-A C24672-A	NA NA NA	56	29289	0.001912	24486	24679
G22813T T22882G A22893C T22917G T22942A	S:K417N S:N440K S:K444T S:L452R S:N460K	56	7775	0.007203	22801	22953
C24026-T A24110-T C24119-A	NA NA NA	56	4015	0.013948	24021	24130
C23525T T23599G C23604A A23623G	S:H655Y S:N679K S:P681H S:V687V	56	39312	0.001425	23487	23642
C23492+A	NA	56	55505	0.001009	23486	23504
C22295A	S:H245N	56	9195	0.00609	22281	22312
A24424T T24438+A	S:Q954H NA	56	27907	0.002007	24420	24448
A23720-T	NA	56	54546	0.001027	23699	23724
A23493G C23525T T23599G C23604A	S:Q644R S:H655Y S:N679K S:P681H	56	38703	0.001447	23487	23619
A23403G T23482-A	S:D614G NA	56	11103	0.005044	23398	23522
T24464-C T24470-TTG	NA S:DEL971	55	29014	0.001896	24432	24564
T23599G C23604A G23666-A A23712-T	S:N679K S:P681H NA NA	55	36580	0.001504	23580	23724
T23599G C23604A A23623G	S:N679K S:P681H S:V687V	55	78376	0.000702	23581	23642
G25015-T	NA	55	15518	0.003544	25008	25043
C23525T C23589T T23599G C23604A	S:H655Y S:T676I S:N679K S:P681H	55	39359	0.001397	23488	23624
A21979-T G21987A C22000-A	NA S:G142D NA	55	6619	0.008309	21869	22012
G25244-T	NA	54	23600	0.002288	25230	25318
G21987A A22001G	S:G142D S:K147E	54	8696	0.00621	21983	22008
C24899-A C24981-T C25000T	NA NA S:D1146D	54	11559	0.004672	24857	25025
C23525T T23599G T23602C C23604A	S:H655Y S:N679K S:S680S S:P681H	54	39359	0.001372	23487	23624
A24554G	S:T998A	54	62655	0.000862	24519	24564
A24424T C24431-A	S:Q954H NA	54	27978	0.00193	24414	24444
A23432+C	NA	54	28792	0.001876	23345	23439
T23599G C23604A G23666-A G23675-T	S:N679K S:P681H NA NA	53	37690	0.001406	23580	23700
T23599G C23604A A23717G	S:N679K S:P681H S:T719A	53	36504	0.001452	23580	23722
T22160A	S:Y200N	53	12690	0.004177	22151	22182
C23525T T23584C T23599G C23604A	S:H655Y S:Y674Y S:N679K S:P681H	53	39359	0.001347	23487	23637
A24610G	S:A1016A	53	32377	0.001637	24568	24671
A23403G C23525T C23533T A23535G	S:D614G S:H655Y S:N657N S:N658S	53	10571	0.005014	23394	23539
T23599G C23604A G23608A	S:N679K S:P681H S:R682R	52	78508	0.000662	23580	23626
T23344+G	NA	52	32629	0.001594	23336	23362
G24488-T C24503-T	NA NA	52	61593	0.000844	24486	24516
C23887-A C23929-A	NA NA	52	1733	0.030006	23792	23941
A25327-T	NA	52	3286	0.015825	25318	25335
A25201+T	NA	52	17387	0.002991	25193	25316
A24493T	S:L977F	52	62491	0.000832	24491	24564
A24424T C24503-T	S:Q954H NA	52	27285	0.001906	24412	24542
A23494G C23525T T23599G C23604A	S:Q644Q S:H655Y S:N679K S:P681H	52	38837	0.001339	23488	23633
T24469A C24632-T	S:N969K NA	51	20045	0.002544	24465	24679
T23599G C23604A T23684C	S:N679K S:P681H S:S708P	51	37592	0.001357	23580	23717
T23599G C23604A T23659C	S:N679K S:P681H S:L699L	51	37930	0.001345	23590	23705
G24933-T	NA	51	15180	0.00336	24904	24943
C23525T T23599G C23604A A23636G	S:H655Y S:N679K S:P681H S:I692V	51	38507	0.001324	23502	23642
C23525T T23546C T23599G C23604A	S:H655Y S:C662R S:N679K S:P681H	51	39359	0.001296	23493	23640
C23525T T23542C T23599G C23604A	S:H655Y S:Y660Y S:N679K S:P681H	51	39359	0.001296	23502	23629
A25137-T	NA	51	15836	0.003221	25130	25148
A23592G T23599G C23604A	S:Q677R S:N679K S:P681H	51	78395	0.000651	23580	23642
T23599G C23604A T23637C	S:N679K S:P681H S:I692T	50	77307	0.000647	23581	23642
T23500C C23525T T23599G C23604A	S:R646R S:H655Y S:N679K S:P681H	50	38983	0.001283	23487	23634
T23143-A T23164-A	NA NA	50	2443	0.020467	23089	23176
G24570-T	NA	50	32691	0.001529	24508	24586
C24064-A	NA	50	7609	0.006571	24040	24077
C23525T T23599G C23604A G23612A	S:H655Y S:N679K S:P681H S:A684T	50	39345	0.001271	23487	23624
C23334-T C23367-A	NA NA	50	15728	0.003179	23285	23379
A24253-T A24323-AAT	NA S:DEL922	50	6432	0.007774	24236	24337
A23594G T23599G C23604A	S:T678A S:N679K S:P681H	50	78485	0.000637	23587	23635
T24643-A C24672-AA	NA NA	49	35987	0.001362	24620	24679
T23599G C23604A T23617C	S:N679K S:P681H S:R685R	49	78439	0.000625	23580	23642
T23599G C23604A A23665G	S:N679K S:P681H S:A701A	49	37850	0.001295	23580	23684
T23590C T23599G C23604A	S:T676T S:N679K S:P681H	49	78368	0.000625	23580	23642
T23489C C23525T T23599G C23604A	S:F643L S:H655Y S:N679K S:P681H	49	38400	0.001276	23487	23641
G25401+T	NA	49	9461	0.005179	25382	25411
G22809-A G22813T T22882G A22893C T22917G	NA S:K417N S:N440K S:K444T S:L452R	49	9591	0.005109	22801	22922
C23525T T23599G T23602-C T23605A	S:H655Y S:N679K NA S:P681P	49	39352	0.001245	23508	23642
C23525T T23599G C23604A C23609T	S:H655Y S:N679K S:P681H S:R683W	49	39351	0.001245	23492	23624
C23525T A23592G T23599G C23604A	S:H655Y S:Q677R S:N679K S:P681H	49	39359	0.001245	23487	23624
C23525T A23534G T23599G C23604A	S:H655Y S:N658D S:N679K S:P681H	49	39359	0.001245	23515	23624
C23367+A	NA	49	31475	0.001557	23360	23377
A23848+T	NA	49	16290	0.003008	23767	23861
T24491-TA	NA	48	62558	0.000767	24480	24503
T23599G C23604A T23633C	S:N679K S:P681H S:S691P	48	77609	0.000618	23580	23642
G24488-T C24517-A	NA NA	48	61235	0.000784	24480	24527
C23525T T23599G C23604G	S:H655Y S:N679K S:P681R	48	39359	0.00122	23493	23624
A24287+T	NA	48	8874	0.005409	24229	24297
G25290T	S:C1243F	47	27979	0.00168	25278	25325
G24971+T C24981-T C25000T	NA NA S:D1146S	47	12310	0.003818	24850	25010
G24883-A	NA	47	15255	0.003081	24862	24943
G23804-A C23854A	NA S:N764K	47	14070	0.00334	23792	23881
G23402-A	NA	47	29312	0.001603	23394	23410
G22813T T22882G G22898A T22942G	S:K417N S:N440K S:G446S S:N460K	47	7775	0.006045	22801	22957
G21987A A22001G T22016C	S:G142D S:K147E S:W152R	47	6871	0.00684	21982	22046
C23525T T23581C T23599G C23604A	S:H655Y S:S673S S:N679K S:P681H	47	39359	0.001194	23492	23637
C23525T C23533T A23535G	S:H655Y S:N657N S:N658S	47	55567	0.000846	23500	23539
C23525T A23586G T23599G C23604A	S:H655Y S:Q675R S:N679K S:P681H	47	39359	0.001194	23507	23624
T25310C	S:C1250R	46	28646	0.001606	25303	25324
T24511C	S:R983R	46	63359	0.000726	24489	24527
T23599G G23666-A	S:N679K NA	46	37828	0.001216	23583	23678
T23599G C23604G	S:N679K S:P681R	46	78540	0.000586	23580	23642
T23599G C23604A G23612A	S:N679K S:P681H S:A684T	46	78486	0.000586	23593	23642
T23599G C23604A A23632G	S:N679K S:P681H S:Q690Q	46	77632	0.000593	23580	23642
G22813T T22882G G22895C T22896C G22898A T22942G	S:K417N S:N440K S:V445P S:V445P S:G446S S:N460K	46	7775	0.005916	22793	22949
G22022-A	NA	46	10845	0.004242	22015	22038
C23525T T23599G C23604A A23632G	S:H655Y S:N679K S:P681H S:Q690Q	46	38706	0.001188	23492	23637
C23525T G23567T T23599G C23604A	S:H655Y S:G669C S:N679K S:P681H	46	39359	0.001169	23499	23624
C23525T A23532G T23599G C23604A	S:H655Y S:N657S S:N679K S:P681H	46	39359	0.001169	23515	23640
C23334-T T23355-A	NA NA	46	15910	0.002891	23283	23368
A23515+G T23599G C23604A	NA S:N679* S:P681Y	46	39312	0.00117	23487	23637
A23403G T23434-C C23525T	S:D614G NA S:H655Y	46	10907	0.004217	23398	23539
T25307C	S:S1249P	45	28600	0.001573	25303	25325
T23599G C23604A A23688G	S:N679K S:P681H S:N709S	45	37538	0.001199	23580	23724
T23599G C23604A A23636G	S:N679K S:P681H S:I692V	45	77385	0.000582	23593	23642
G21987A T21990-TTA	S:G142D S:DEL144	45	9288	0.004845	21975	22007
C25000T T25072-G	S:D1146D NA	45	2826	0.015924	24993	25081
C23709-A	NA	45	55146	0.000816	23705	23719
C23525T T23599G C23604A T23637C	S:H655Y S:N679K S:P681H S:I692T	45	38451	0.00117	23496	23640
C23393-T A23403G C23525T	NA S:D614G S:H655Y	45	10389	0.004332	23386	23535
C23103-T	NA	45	2562	0.017564	23089	23125
A24525G	S:E988G	45	63316	0.000711	24513	24554
A24110-T C24119-A T24126-TA	NA NA NA	45	4075	0.011043	24021	24146
A24014-T	NA	45	2924	0.01539	24001	24106
A23586G T23599G C23604A	S:Q675R S:N679K S:P681H	45	78261	0.000575	23582	23639
A23403G G23417C T23427C C23525T	S:D614G S:E619Q S:V622A S:H655Y	45	10907	0.004126	23399	23535
A21979-T G21987A C22000-AA C22009-A	NA S:G142D NA NA	45	5607	0.008026	21849	22024
T23599G C23604A G23699A	S:N679K S:P681H S:A713T	44	37423	0.001176	23580	23700
T23487G C23525T T23599G C23604A	Unknown S:H655Y S:N679K S:P681H	44	19334	0.002276	23486	23624
T22882G T22942A G22992A C22995A A23013C T23018G	S:N440K S:N460K S:S477N S:T478K S:E484A S:F486V	44	1119	0.039321	22876	23033
C23709+A	NA	44	55146	0.000798	23690	23724
C23525T T23590C T23599G C23604A	S:H655Y S:T676T S:N679K S:P681H	44	39359	0.001118	23487	23634
A24424T T24470-TTG	S:Q954H S:DEL971	44	27493	0.0016	24412	24559
T23599G C23604A A23668G	S:N679K S:P681H S:E702E	43	37805	0.001137	23580	23717
T23581C T23599G C23604A	Unknown S:N679K S:P681H	43	77901	0.000552	23580	23642
T23521C C23525T T23599G C23604A	S:A653A S:H655Y S:N679K S:P681H	43	39354	0.001093	23488	23629
G25157A	S:D1199N	43	16492	0.002607	25141	25161
G24428+A	NA	43	28171	0.001526	24417	24564
C23525T T23599G C23604A T23626C	S:H655Y S:N679K S:P681H S:A688A	43	38882	0.001106	23487	23637
C23525T T23599G C23604A A23639-T	S:H655Y S:N679K S:P681H NA	43	37990	0.001132	23493	23642
C23525T A23598G T23599G C23604A	S:H655Y S:N679R S:N679R S:P681H	43	39359	0.001093	23492	23634
C23525T A23558G T23599G C23604A G23612A	S:H655Y S:I666V S:N679K S:P681H S:A684T	43	39345	0.001093	23491	23624
C22120-A T22200G G22218-T	NA S:V213G NA	43	2881	0.014925	22113	22232
A24885-T C25000T	NA S:D1146D	43	11369	0.003782	24852	25015
A24498G	S:D979G	43	62768	0.000685	24483	24564
A23696-T	NA	43	55819	0.00077	23689	23706
T24504C	S:L981P	42	63075	0.000666	24484	24564
T23599G C23604A T23622C	S:N679K S:P681H S:V687A	42	78395	0.000536	23590	23642
T23599G C23604A A23702G	S:N679K S:P681H S:I714V	42	37064	0.001133	23580	23724
T23599G C23604A A23690G	S:N679K S:P681H S:N710D	42	37522	0.001119	23580	23700
T23599G C23604A A23648G	S:N679K S:P681H S:T696A	42	38058	0.001104	23580	23705
T22882G G22895C T22896C G22898A	S:N440K S:V445P S:V445P S:G446S	42	12615	0.003329	22877	22906
G24277+T	NA	42	8552	0.004911	24233	24289
G24164-A	NA	42	10861	0.003867	24161	24178
C23525T T23599G C23604A T23617C	S:H655Y S:N679K S:P681H S:R685R	42	39332	0.001068	23492	23642
C23525T T23599G C23604A C23634T	S:H655Y S:N679K S:P681H S:S691F	42	38682	0.001086	23501	23637
A24652G	S:S1030S	42	36570	0.001148	24633	24676
A24508-C	NA	42	63241	0.000664	24500	24564
A24423+T	NA	42	30922	0.001358	24412	24424
A22914-C T22917G	NA S:L452R	42	12938	0.003246	22905	22948
A22798+G G22813T T22882G T22917G	NA S:K417N S:N440Q S:L452R	42	9384	0.004476	22793	22923
T25303-TG	NA	41	28410	0.001443	25290	25325
T24607C	S:A1015A	41	32391	0.001266	24597	24675
T23599G C23604A G23666-A A23711-AT	S:N679K S:P681H NA NA	41	36595	0.00112	23580	23724
T23337-TG	NA	41	32156	0.001275	23335	23364
T22917G	S:L452R	41	13009	0.003152	22913	22924
T22020C	S:M153T	41	10837	0.003783	22014	22043
C24672-A T24689G G24690T	NA S:C1043V S:C1043V	41	2615	0.015679	24657	24698
C23525T T23599G C23604A C23615T	S:H655Y S:N679K S:P681H S:R685C	41	39338	0.001042	23488	23637
C23525T T23573C T23599G C23604A	S:H655Y S:C671R S:N679K S:P681H	41	39359	0.001042	23487	23633
C23525T C23604A C23630-A	S:H655Y S:P681H NA	41	38820	0.001056	23493	23641
C23525T A23539G T23599G C23604A	S:H655Y S:S659S S:N679K S:P681H	41	39359	0.001042	23499	23631
C23358+A	NA	41	32686	0.001254	23336	23366
A24110-T C24119-A G24124-T	NA NA NA	41	4082	0.010044	24021	24167
A23524G C23525T T23599G C23604A	S:E654E S:H655Y S:N679K S:P681H	41	39357	0.001042	23489	23624
A23354+T	NA	41	32780	0.001251	23340	23362
A22190-T	NA	41	13230	0.003099	22170	22192
T25312C	S:C1250C	40	28673	0.001395	25303	25325
T25301-G	NA	40	28358	0.001411	25291	25325
T23599G C23604A C23625T	S:N679K S:P681H S:A688V	40	78338	0.000511	23595	23633
T23599G C23604A A23656G	S:N679K S:P681H S:S698S	40	37976	0.001053	23580	23706
T23514C C23525T T23599G C23604A	S:I651T S:H655Y S:N679K S:P681H	40	39307	0.001018	23499	23642
T23509C C23525T T23599G C23604A	S:C649C S:H655Y S:N679K S:P681H	40	39263	0.001019	23487	23641
G22813T T22882G T22896C T22917G	S:K417N S:N440K S:V445A S:L452R	40	9602	0.004166	22808	22924
G22104-A C22120-A T22200G G22218-T	NA NA S:V213G NA	40	2792	0.014327	22100	22284
C23525T T23537C T23599G C23604A	S:H655Y S:S659P S:N679K S:P681H	40	39359	0.001016	23487	23629
A24424T T24469A C24536-AA	S:Q954H S:N969K NA	40	27024	0.00148	24412	24564
A23515+G C23525T	NA S:H655S	40	56218	0.000712	23487	23530
A22135+GT	NA	40	11418	0.003503	22030	22169
T24489C	S:V976A	39	62361	0.000625	24483	24496
T23599G C23604A G23675+T	S:N679K S:P681H NA	39	37690	0.001035	23580	23716
T22200G G22218-T	S:V213G NA	39	3460	0.011272	22193	22242
G24488-T C24503-T C24517-A C24672-A	NA NA NA NA	39	29289	0.001332	24474	24679
G22813T T22882G G22895C G22898A	S:K417N S:N440K S:V445L S:G446S	39	10509	0.003711	22799	22906
C24466+A	NA	39	50588	0.000771	24465	24479
C23833-A C23854A	NA S:N764K	39	14686	0.002656	23825	23895
C23525T T23582C T23599G C23604A	S:H655Y S:Y674H S:N679K S:P681H	39	39359	0.000991	23498	23622
C23525T C23575T T23599G C23604A	S:H655Y S:C671C S:N679K S:P681H	39	39359	0.000991	23497	23614
C23334-T C23393+T	NA NA	39	15405	0.002532	23269	23429
A25274G	S:T1238A	39	27559	0.001415	25261	25325
A24578G	S:T1006A	39	32611	0.001196	24504	24679
A24518G	S:K986E	39	63396	0.000615	24492	24564
A24318-C A24424T	NA S:Q954H	39	1860	0.020968	24310	24424
A23403G G23522-A C23525T	S:D614G NA S:H655Y	39	10907	0.003576	23398	23532
A23403G G23417-A	S:D614G NA	39	28752	0.001356	23384	23432
A22001G T22016C	S:K147E S:W152R	39	10161	0.003838	21995	22058
T24514C	S:L984L	38	63385	0.0006	24494	24564
T24505C	S:L981L	38	63185	0.000601	24498	24519
T24487C	S:S975S	38	62128	0.000612	24482	24510
T23599G C23604A T23681C	S:N679K S:P681H S:Y707H	38	37615	0.00101	23580	23724
T23488C C23525T T23599G C23604A	Unknown S:H655Y S:N679K S:P681H	38	38108	0.000997	23487	23624
G25198-C	NA	38	17203	0.002209	25189	25210
G24776-A	NA	38	5984	0.00635	24764	24788
G23508+T	NA	38	56585	0.000672	23487	23519
G22813T T22882G A22893G T22917G	S:K417N S:N440K S:K444R S:L452R	38	9602	0.003958	22800	22920
G22809-A G22813T	NA S:K417N	38	11926	0.003186	22795	22824
G21987A G22037-T	S:G142D NA	38	6459	0.005883	21982	22058
C25231-T	NA	38	23309	0.00163	25220	25307
C25169-T C25262-T	NA NA	38	12149	0.003128	25122	25325
C23525T T23599G C23604A A23631G	S:H655Y S:N679K S:P681H S:Q690R	38	38737	0.000981	23509	23633
C23525T T23563C T23599G C23604A	S:H655Y S:G667G S:N679K S:P681H	38	39359	0.000965	23487	23642
C21618T T21632-TACCCCCTG G21746A A21764-TACATG	S:T19I S:DEL25/27 S:V62I S:DEL69/70	38	8205	0.004631	21606	21802
A25247-T	NA	38	23649	0.001607	25234	25325
A24556+G	NA	38	62519	0.000608	24473	24563
A24551G	S:I997V	38	62777	0.000605	24535	24564
A23834G C23854A	S:S758G S:N764K	38	14789	0.002569	23825	23876
A23403G G23417C C23525T	S:D614G S:E619Q S:H655Y	38	10907	0.003484	23381	23539
T24438+A	NA	37	29142	0.00127	24428	24451
T23599G C23604A T23686C	S:N679K S:P681H S:S708S	37	37558	0.000985	23580	23700
T23599G C23604A T23676C	S:N679K S:P681H S:V705A	37	37681	0.000982	23580	23709
T23599G C23604A C23609T	S:N679K S:P681H S:R683W	37	78506	0.000471	23581	23642
T23599G C23604A A23696-T	S:N679K S:P681H NA	37	37444	0.000988	23587	23700
T23487C C23525T T23599G C23604A	Unknown S:H655Y S:N679K S:P681H	37	19334	0.001914	23486	23642
G24277-T	NA	37	8552	0.004326	24268	24310
G23835+T	NA	37	15639	0.002366	23767	23847
G23666-A	NA	37	40874	0.000905	23652	23724
G23508+T C23525T	NA S:H655S	37	55990	0.000661	23499	23529
G22813T T22882G A22893C T22917G C22945-A	S:K417N S:N440K S:K444T S:L452R NA	37	7527	0.004916	22808	22956
C25207G	S:Y1215*	37	18114	0.002043	25203	25319
C25000T T25072-G C25100-A	S:D1146D NA NA	37	2540	0.014567	24992	25131
C24026-T A24110-T	NA NA	37	4137	0.008944	24021	24120
C23854A G23868-A	S:N764K NA	37	15813	0.00234	23849	23895
C23525T T23599G C23604A C23638T	S:H655Y S:N679K S:P681H S:I692I	37	38422	0.000963	23505	23641
C23525T A23541G T23599G C23604A	S:H655Y S:Y660C S:N679K S:P681H	37	39359	0.00094	23492	23633
C23393-T	NA	37	29621	0.001249	23380	23408
C23334-T G23402-A	NA NA	37	15203	0.002434	23270	23428
A25374-T	NA	37	8091	0.004573	25372	25388
A24902-T	NA	37	15308	0.002417	24852	24924
A24619G	S:R1019R	37	36530	0.001013	24612	24650
A24531G	S:E990G	37	63180	0.000586	24524	24542
A24424T A24461G	S:Q954H S:S967G	37	27602	0.00134	24417	24511
A23598G T23599G C23604A	S:N679R S:N679R S:P681H	37	78517	0.000471	23587	23637
A23403G C23415T C23525T	S:D614G S:T618I S:H655Y	37	10907	0.003392	23385	23532
T23599G C23604A T23640C	S:N679K S:P681H S:I693T	36	76713	0.000469	23580	23642
T23599G C23604A C23615T	S:N679K S:P681H S:R685C	36	78458	0.000459	23581	23642
T23480+A	NA	36	13287	0.002709	23473	23539
T23355-A	NA	36	32788	0.001098	23336	23366
G25261A	S:M1233I	36	26954	0.001336	25219	25325
G25226A	S:A1222T	36	23065	0.001561	25221	25323
G24301-A	NA	36	8979	0.004009	24294	24315
C24119-A T24126-TA	NA NA	36	4538	0.007933	24021	24153
A25295G	S:K1245E	36	28136	0.001279	25253	25325
A25256-T	NA	36	26765	0.001345	25251	25312
A24677G	S:R1039G	36	35801	0.001006	24656	24679
A24667G	S:G1035G	36	36398	0.000989	24612	24676
A24420G A24424T	S:N953S S:Q954H	36	30846	0.001167	24412	24424
A22161-T	NA	36	12755	0.002822	22130	22180
T25283C	S:C1241R	35	27799	0.001259	25252	25325
T23584C T23599G C23604A	S:Y674Y S:N679K S:P681H	35	78223	0.000447	23580	23637
T22882G G22898A	S:N440K S:G446S	35	12615	0.002774	22877	22902
G25311-T	NA	35	28667	0.001221	25280	25325
G23519A C23525T T23599G C23604A	S:A653T S:H655Y S:N679K S:P681H	35	39348	0.000889	23487	23624
G21508-A	NA	35	765	0.045752	21506	21564
C25132+A C25262-T	NA NA	35	11555	0.003029	25125	25283
C25132+A	NA	35	15609	0.002242	25124	25159
C25000T A25026-T	S:D1146D NA	35	15030	0.002329	24995	25050
C24899-A	NA	35	15278	0.002291	24868	24912
C24119-A G24124-T	NA NA	35	4545	0.007701	24021	24154
C23816-T C23854A	NA S:N764K	35	14192	0.002466	23794	23890
C23492-A C23525T T23599G C23604A	NA S:H655Y S:N679K S:P681H	35	38450	0.00091	23488	23639
A25253G	S:T1231A	35	26644	0.001314	25232	25325
A24424T G24521+T	S:Q954H NA	35	27143	0.001289	24420	24532
A22914-C T22942A	NA S:N460K	35	11036	0.003171	22905	22966
T25309C	S:S1249S	34	28635	0.001187	25279	25325
T24656C	S:C1032R	34	36551	0.00093	24612	24670
T24480C	S:I973T	34	60558	0.000561	24473	24500
T24469A G24488-T	S:N969K NA	34	50498	0.000673	24465	24499
T24280C	S:F906F	34	8676	0.003919	24268	24294
T23599G C23604A A23639G	S:N679K S:P681H S:I693V	34	76792	0.000443	23580	23642
T23596C T23599G C23604A	S:T678T S:N679K S:P681H	34	78512	0.000433	23580	23642
T22917G G22992A C22995A A23013C T23018G	S:L452R S:S477N S:T478K S:E484A S:F486V	34	1325	0.02566	22902	23047
G25173+A C25262-T	NA NA	34	12196	0.002788	25140	25325
G23761-A	NA	34	13651	0.002491	23683	23771
G22302+T	NA	34	9142	0.003719	22256	22334
G22299-A	NA	34	9153	0.003715	22291	22319
G22133-A G22158-T	NA NA	34	10877	0.003126	22124	22192
C24064-A A24110-T	NA NA	34	4203	0.008089	24055	24120
C23525T T23599G C23604A T23640C	S:H655Y S:N679K S:P681H S:I693T	34	37927	0.000896	23487	23642
C23525T T23599G C23604A T23637-C	S:H655Y S:N679K S:P681H NA	34	38451	0.000884	23488	23642
C23525T T23599G C23604A A23614G	S:H655Y S:N679K S:P681H S:A684A	34	39339	0.000864	23487	23624
C23525T C23557-A T23599G C23604A	S:H655Y NA S:N679K S:P681H	34	39359	0.000864	23501	23624
C22383+T	NA	34	6674	0.005094	22368	22395
C21618T T21632-TACCCCCTG C21682T A21764-TACATG	S:T19I S:DEL25/27 S:D40D S:DEL69/70	34	8205	0.004144	21597	21802
A24508G	S:S982S	34	63241	0.000538	24503	24513
A24424T A24539-T	S:Q954H NA	34	26990	0.00126	24412	24563
A23515-G C23525T	NA S:H655Y	34	56218	0.000605	23493	23534
A23497G C23525T T23599G C23604A	S:T645T S:H655Y S:N679K S:P681H	34	38875	0.000875	23487	23624
A23495G C23525T T23599G C23604A	S:T645A S:H655Y S:N679K S:P681H	34	38849	0.000875	23487	23624
A22001G	S:K147E	34	11986	0.002837	21995	22043
T25268C	S:C1236R	33	27355	0.001206	25224	25324
T24529C	S:A989A	33	63252	0.000522	24485	24564
T24506C	S:S982P	33	63219	0.000522	24477	24509
T24469A A24516G	S:N969K S:D985G	33	49899	0.000661	24465	24564
T24469A A24493T	S:N969K S:L977F	33	50390	0.000655	24465	24564
T23599G C23604A T23698C	S:N679K S:P681H S:I712I	33	37438	0.000881	23580	23700
T23599G C23604A T23697C	S:N679K S:P681H S:I712T	33	37441	0.000881	23580	23710
T23599G C23604A T23695C	S:N679K S:P681H S:S711S	33	37456	0.000881	23580	23705
T23599G C23604A T23626C	S:N679K S:P681H S:A688A	33	77894	0.000424	23591	23642
T23599G C23604A C23635T	S:N679K S:P681H S:S691S	33	77514	0.000426	23588	23642
T23599G C23604A C23609-G G23666-A A23704-C A23711-AT	S:N679K S:P681H NA NA NA NA	33	36595	0.000902	23580	23724
T23599G C23604A A23691G	S:N679K S:P681H S:N710S	33	37510	0.00088	23580	23708
T23511-A	NA	33	56658	0.000582	23503	23521
T22942G A22948-C	S:N460K NA	33	12805	0.002577	22932	22967
G24611-A	NA	33	32372	0.001019	24598	24671
G23505A C23525T T23599G C23604A	S:G648D S:H655Y S:N679K S:P681H	33	39124	0.000843	23493	23641
G22813T T22882G A22893C T22917G C22950-T	S:K417N S:N440K S:K444T S:L452R NA	33	7338	0.004497	22793	22964
G22021A	S:M153I	33	10841	0.003044	22001	22058
C24119-A G24140-T	NA NA	33	4451	0.007414	24112	24173
C23707T	S:P715P	33	55364	0.000596	23694	23712
C23604A G23666-A	S:P681H NA	33	37910	0.00087	23581	23686
C22120-A A22135+G	NA NA	33	9707	0.0034	22030	22158
A23597G T23599G C23604A	S:N679E S:N679E S:P681H	33	78515	0.00042	23580	23642
A21979-T C22000-A	NA NA	33	6619	0.004986	21849	22012
T25316C	S:S1252P	32	28718	0.001114	25279	25325
T24640C	S:A1026A	32	36556	0.000875	24633	24676
T24564C	S:L1001P	32	62321	0.000513	24527	24564
T24492+A	NA	32	62573	0.000511	24483	24508
T23599G C23604A A23670-T	S:N679K S:P681H NA	32	37786	0.000847	23581	23678
T23599G C23604A A23651G	S:N679K S:P681H S:M697V	32	38026	0.000842	23580	23724
T23335C A23403G	S:S591S S:D614G	32	15203	0.002105	23269	23434
T23143-A T23164-A C23230-A	NA NA NA	32	1184	0.027027	23104	23242
G24868-T	NA	32	15339	0.002086	24853	24878
G24743-T	NA	32	5765	0.005551	24729	24788
G22332-T	NA	32	4203	0.007614	22323	22343
C24483+A C24672-A	NA NA	32	28700	0.001115	24470	24679
C24064-A A24110-T C24119-A	NA NA NA	32	4076	0.007851	24034	24138
C23525T T23599G C23604A T23622C	S:H655Y S:N679K S:P681H S:V687A	32	39316	0.000814	23487	23642
C23525T T23578C T23599G C23604A	S:H655Y S:A672A S:N679K S:P681H	32	39359	0.000813	23508	23642
C23525T A23570G T23599G C23604A	S:H655Y S:I670V S:N679K S:P681H	32	39359	0.000813	23488	23637
C21618T T21632-TACCCCCTG T21728C A21764-TACATG	S:T19I S:DEL25/27 S:L56L S:DEL69/70	32	8205	0.0039	21597	21802
A24468-T	NA	32	50735	0.000631	24465	24487
A24424T T24504C	S:Q954H S:L981P	32	27279	0.001173	24412	24564
A23513G C23525T T23599G C23604A	S:I651V S:H655Y S:N679K S:P681H	32	39295	0.000814	23487	23641
A23403G C23520T C23525T	S:D614G S:A653V S:H655Y	32	10907	0.002934	23342	23539
A22798+G G22813T T22882G A22893C	NA S:K417N S:N440Q S:K444S	32	10623	0.003012	22793	22896
A22135+G	NA	32	11418	0.002803	22127	22192
A22019G	S:M153V	32	10878	0.002942	22010	22058
T25382+A	NA	31	9563	0.003242	25372	25406
T25303C	S:C1247C	31	28410	0.001091	25285	25322
T24976C C25000T	S:Y1138Y S:D1146D	31	12370	0.002506	24960	25065
T24552C	S:I997T	31	62736	0.000494	24537	24564
T24469A A24652G	S:N969K S:S1030S	31	19950	0.001554	24465	24679
T24464-C T24471-TG	NA NA	31	29013	0.001068	24450	24563
T24451+A	NA	31	29201	0.001062	24416	24461
T23602-C T23605A	NA S:P681P	31	78614	0.000394	23580	23630
T23599G C23604A G23675-T A23712-T	S:N679K S:P681H NA NA	31	36580	0.000847	23580	23724
T23599G C23604A C23643T	S:N679K S:P681H S:A694V	31	75968	0.000408	23580	23724
T22882G A22893C T22942A G22992A C22995A A23013C T23018G	S:N440K S:K444T S:N460K S:S477N S:T478K S:E484A S:F486V	31	1119	0.027703	22876	23048
T22016C	S:W152R	31	10872	0.002851	22011	22052
G25157A C25262-T	S:D1199N NA	31	12002	0.002583	25130	25325
G22813T T22831+A T22882G A22893C T22917G	S:K417N NA S:N440Q S:K444S S:L452R	31	9602	0.003228	22801	22927
G22813T A22893C T22917G	S:K417N S:K444T S:L452R	31	9602	0.003228	22802	22921
G22037+T	NA	31	17230	0.001799	22030	22047
C25318T	S:S1252S	31	28685	0.001081	25280	25324
C24878-A C24981-T C25000T	NA NA S:D1146D	31	11335	0.002735	24857	25019
C24621-T C24672-A	NA NA	31	35701	0.000868	24474	24679
C24483-A	NA	31	61485	0.000504	24476	24564
C23525T A23572G T23599G C23604A	S:H655Y S:I670M S:N679K S:P681H	31	39359	0.000788	23494	23642
C23525T A23526G T23599G C23604A	S:H655C S:H655C S:N679K S:P681H	31	39359	0.000788	23487	23634
C23492+A C23525T	NA S:H655S	31	54692	0.000567	23486	23528
C22572-T G22578A	NA S:G339D	31	2148	0.014432	22544	22581
C22120-A A22130-G	NA NA	31	9862	0.003143	22025	22192
A24537G	S:Q992R	31	63003	0.000492	24481	24564
A24424T G24488-T C24517-A	S:Q954H NA NA	31	27186	0.00114	24412	24564
A23503G C23525T T23599G C23604A	S:A647A S:H655Y S:N679K S:P681H	31	39106	0.000793	23487	23629
T24589C	S:T1009T	30	32405	0.000926	24511	24676
T23916+A G23948T	NA S:D796*	30	1135	0.026432	23908	23972
T23599G C23604A T23677C	S:N679K S:P681H S:V705V	30	37671	0.000796	23580	23724
T23346C	S:V595A	30	32712	0.000917	23335	23373
T22882G G22898A T22942G	S:N440K S:G446S S:N460K	30	9786	0.003066	22877	22953
T22164-TA	NA	30	13028	0.002303	22141	22182
G24535A	S:V991V	30	63048	0.000476	24503	24564
G24488-T T24643-A C24672-A	NA NA NA	30	29289	0.001024	24474	24679
G23499A C23525T T23599G C23604A	S:R646H S:H655Y S:N679K S:P681H	30	38925	0.000771	23493	23624
G23364-A A23403G	NA S:D614G	30	27630	0.001086	23339	23443
G22813T T22882G G22933-A T22942A	S:K417N S:N440K NA S:N460K	30	7775	0.003859	22806	22966
G22813T T22882G A22893C T22917G C22938+T	S:K417N S:N440K S:K444T S:L452R NA	30	8329	0.003602	22793	22952
G22813T T22876-A T22882G A22893C T22917G	S:K417N NA S:N440K S:K444T S:L452R	30	9602	0.003124	22793	22922
G22273-T	NA	30	9208	0.003258	22265	22287
G21796-T	NA	30	9908	0.003028	21787	21802
C25413-T	NA	30	9308	0.003223	25384	25465
C23525T T23527C T23599G C23604A	S:H655Y S:H655Y S:N679K S:P681H	30	39359	0.000762	23487	23637
C23498T C23525T T23599G C23604A	S:R646C S:H655Y S:N679K S:P681H	30	38881	0.000772	23487	23642
C23415T C23525T	S:T618I S:H655Y	30	11917	0.002517	23409	23539
C21618T T21632-TACCCCCTG C21732-T A21764-TACATG	S:T19I S:DEL25/27 NA S:DEL69/70	30	8205	0.003656	21597	21802
A25247G	S:M1229V	30	23649	0.001269	25226	25316
A24424T T24514C	S:Q954H S:L984L	30	27205	0.001103	24412	24552
A24424T A24525G	S:Q954H S:E988G	30	27115	0.001106	24412	24564
A23756-C C23854A	NA S:N764K	30	11247	0.002667	23690	23895
A23403G C23415T	S:D614G S:T618I	30	28839	0.00104	23385	23419
A22798+G G22813T T22882G	NA S:K417N S:N440Q	30	10801	0.002778	22793	22892
A22110+G T22200G	NA S:V213S	30	2916	0.010288	22100	22223
A21875-T G21987A	NA S:G142D	30	5416	0.005539	21847	21992
T25251C	S:V1230A	29	23775	0.00122	25231	25320
T24633C	S:L1024P	29	36591	0.000793	24618	24676
T24548C	S:L996L	29	62849	0.000461	24517	24564
T24127-A	NA	29	5713	0.005076	24120	24191
T23830-G C23854A	NA S:N764K	29	14504	0.001999	23817	23874
T23599G C23604A T23658C	S:N679K S:P681H S:L699P	29	37951	0.000764	23580	23707
T23599G C23604A A23720G	S:N679K S:P681H S:I720V	29	36293	0.000799	23580	23724
T23599G C23604A A23708G	S:N679K S:P681H S:T716A	29	36732	0.00079	23580	23724
T23582C T23599G C23604A	S:Y674H S:N679K S:P681H	29	78170	0.000371	23580	23616
T23510C C23525T T23599G C23604A	S:L650L S:H655Y S:N679K S:P681H	29	39277	0.000738	23487	23624
T22392-A G22578A	NA S:G339D	29	1521	0.019066	22384	22580
T22328G	S:S256A	29	4142	0.007001	22272	22358
T21632-TACCCCCTG A21764-TACATG C21781-A	S:DEL25/27 S:DEL69/70 NA	29	8174	0.003548	21597	21802
G24515-A	NA	29	63377	0.000458	24504	24564
C23525T T23599G C23604A T23633C	S:H655Y S:N679K S:P681H S:S691P	29	38689	0.00075	23487	23642
C23525T C23604A G23608A	S:H655Y S:P681H S:R682R	29	39352	0.000737	23506	23624
C21618T A21764-TACATG C21781-A	S:T19I S:DEL69/70 NA	29	8172	0.003549	21606	21790
A24675G	S:K1038R	29	36057	0.000804	24612	24679
A24617G	S:R1019G	29	36540	0.000794	24612	24661
A24424T A24454G	S:Q954H S:K964K	29	27727	0.001046	24412	24564
A24424T A24426G	S:Q954H S:N955S	29	27980	0.001036	24413	24465
A23786-T A23853-C	NA NA	29	13612	0.00213	23767	23887
A23515-G C23525T T23599G C23604A C23609-G	NA S:H655Y S:N679K S:P681H NA	29	39304	0.000738	23493	23624
A23403G T23434-C	S:D614G NA	29	26527	0.001093	23396	23441
A22914-C T22917G T22942A	NA S:L452R S:N460K	29	11036	0.002628	22905	22967
T25319C	S:C1253R	28	28680	0.000976	25304	25325
T25270C	S:C1236C	28	27442	0.00102	25262	25325
T25265C	S:C1235R	28	27185	0.00103	25251	25325
T24658C	S:C1032C	28	36553	0.000766	24612	24671
T24650C	S:S1030P	28	36570	0.000766	24612	24674
T24585C	S:V1008A	28	32434	0.000863	24512	24673
T24549C	S:L996S	28	62832	0.000446	24507	24564
T24499C	S:D979D	28	62856	0.000445	24475	24540
T24412C A24424T	S:D950D S:Q954H	28	2879	0.009726	24380	24424
T23599G C23604A G23661A	S:N679K S:P681H S:G700D	28	37907	0.000739	23581	23724
T23599G C23604A G23610A	S:N679K S:P681H S:R683Q	28	78492	0.000357	23580	23642
T23599G C23604A C23685T	S:N679K S:P681H S:S708F	28	37580	0.000745	23580	23724
T23599G C23604A C23613T	S:N679K S:P681H S:A684V	28	78482	0.000357	23580	23642
T23599G C23604A A23646G	S:N679K S:P681H S:Y695C	28	38075	0.000735	23580	23666
T23599G C23604A A23614G	S:N679K S:P681H S:A684A	28	78465	0.000357	23580	23642
T23394C A23403G	S:L611P S:D614G	28	28762	0.000974	23335	23423
T23377-A	NA	28	30036	0.000932	23341	23387
T23164-A	NA	28	2564	0.01092	23144	23176
T22917G T22942A	S:L452R S:N460K	28	11107	0.002521	22912	22949
T21934-A G21987A	NA S:G142D	28	5617	0.004985	21923	22043
G25218+T C25262-T	NA NA	28	19983	0.001401	25145	25325
G22813T T22882G A22914-C T22942A	S:K417N S:N440K NA S:N460K	28	7775	0.003601	22793	22966
C24981-T C25000T A25026-T	NA S:D1146D NA	28	11900	0.002353	24850	25069
C24672-AA A24684-T	NA NA	28	3269	0.008565	24612	24700
C24575T	S:Q1005*	28	32650	0.000858	24502	24676
C24245-A A24253-T	NA NA	28	8202	0.003414	24233	24265
C23887-AA	NA	28	15440	0.001813	23767	23895
C23525T T23599G C23604A G23624A	S:H655Y S:N679K S:P681H S:A688T	28	39303	0.000712	23498	23639
C23525T T23599G C23604A G23610A	S:H655Y S:N679K S:P681H S:R683Q	28	39347	0.000712	23505	23624
C23525T T23553C T23599G C23604A	S:H655Y S:I664T S:N679K S:P681H	28	39359	0.000711	23488	23642
C23525T C23565T T23599G C23604A	S:H655Y S:A668V S:N679K S:P681H	28	39359	0.000711	23504	23642
C23525T A23597G T23599G C23604A	S:H655Y S:N679E S:N679E S:P681H	28	39359	0.000711	23492	23642
C23334-T G23417+A	NA NA	28	14998	0.001867	23282	23428
C22062-T	NA	28	6435	0.004351	22025	22074
C21618T T21632-TACCCCCTG A21764-TACATG A21788G	S:T19I S:DEL25/27 S:DEL69/70 S:T76A	28	8161	0.003431	21597	21802
A25472+T	NA	28	8423	0.003324	25381	25477
A24532G	S:E990E	28	63161	0.000443	24506	24564
A24425T	S:N955Y	28	30831	0.000908	24413	24441
A24424T G24488+T	S:Q954H NA	28	27402	0.001022	24412	24528
A24424T A24556+G	S:Q954H NA	28	26712	0.001048	24412	24564
A24424T A24468-T T24470A	S:Q954H NA S:F970I	28	27493	0.001018	24415	24564
A24078-T	NA	28	7598	0.003685	24021	24095
A23474+T T23480+A C23525T	NA NA S:H655Y	28	12949	0.002162	23465	23539
A23474+T	NA	28	13253	0.002113	23464	23511
A22538-T G22578A	NA S:G339D	28	2117	0.013226	22521	22580
A21875-T A21979-T G21987A	NA NA S:G142D	28	5416	0.00517	21867	21998
T25293C	S:L1244P	27	28077	0.000962	25274	25306
T25291C	S:C1243C	27	28013	0.000964	25272	25325
T25288C	S:S1242S	27	27941	0.000966	25253	25324
T24637C	S:A1025A	27	36580	0.000738	24612	24668
T24534C	S:V991A	27	63120	0.000428	24498	24564
T24522C	S:V987A	27	63365	0.000426	24504	24564
T24482C	S:S974P	27	61317	0.00044	24473	24492
T24471-TG C24536-A	NA NA	27	55822	0.000484	24465	24564
T24469A T24472-G C24536-A	S:N969K NA NA	27	49474	0.000546	24465	24563
T23599G C23604A T23650C	S:N679K S:P681H S:T696T	27	38034	0.00071	23593	23717
T23599G C23604A C23701T	S:N679K S:P681H S:A713A	27	37337	0.000723	23580	23724
T23599G A23712-T	S:N679K NA	27	36580	0.000738	23580	23724
T22942A G22992A C22995A A23013C T23018G	S:N460K S:S477N S:T478K S:E484A S:F486V	27	1431	0.018868	22938	23028
T22882G T22917G T22942A G22992A C22995A A23013C T23018G	S:N440K S:L452R S:N460K S:S477N S:T478K S:E484A S:F486V	27	1119	0.024129	22876	23033
G22813T A22845-T T22882G A22893C T22917G	S:K417N NA S:N440K S:K444T S:L452R	27	9602	0.002812	22793	22922
G22487-A G22578A	NA S:G339D	27	1988	0.013581	22444	22580
G22051-A	NA	27	17038	0.001585	22033	22058
G21987A T22020C	S:G142D S:M153T	27	6772	0.003987	21983	22043
G21987A A22003T	S:G142D S:K147N	27	8635	0.003127	21980	22032
C24759-T	NA	27	5897	0.004579	24744	24786
C24223-T A24253-T	NA NA	27	4178	0.006462	24150	24313
C23758+A	NA	27	13684	0.001973	23683	23771
C23630-A	NA	27	79680	0.000339	23622	23642
C23525T T23599G C23604A T23633+C	S:H655Y S:N679K S:P681H NA	27	38689	0.000698	23487	23642
C23525T T23599G C23604A A23618G	S:H655Y S:N679K S:P681H S:S686G	27	39328	0.000687	23487	23634
C21618T T21632-TACCCCCTG A21764-TACATG C21781-A G21796-T	S:T19I S:DEL25/27 S:DEL69/70 NA NA	27	8133	0.00332	21597	21802
A24591G	S:Q1010R	27	32403	0.000833	24565	24677
A24519G	S:K986R	27	63408	0.000426	24501	24523
A24479-T G24488-T	NA NA	27	60167	0.000449	24471	24514
A24424T G24428+A	S:Q954H NA	27	27980	0.000965	24417	24564
A24424T C24431T	S:Q954H S:Q957*	27	27978	0.000965	24412	24564
A24424T A24516G	S:Q954H S:D985G	27	27193	0.000993	24412	24564
A24424T A24432G	S:Q954H S:Q957R	27	27973	0.000965	24412	24468
A24323-AAT	S:DEL922	27	8126	0.003323	24236	24337
A24110-T C24150+T	NA NA	27	3917	0.006893	24021	24191
A23711-AT	NA	27	55030	0.000491	23692	23724
A23403G C23525T C23530T	S:D614G S:H655Y S:V656V	27	10872	0.002483	23388	23532
T25322C	S:C1254R	26	28608	0.000909	25251	25325
T25140-A	NA	26	16016	0.001623	25124	25151
T24625C	S:S1021S	26	36538	0.000712	24615	24676
T24623C	S:S1021P	26	36537	0.000712	24612	24674
T24544C	S:D994D	26	62918	0.000413	24514	24563
T24469A C24536-AA	S:N969K NA	26	49474	0.000526	24465	24547
T23599G C23604A C23647T	S:N679K S:P681H S:Y695Y	26	38067	0.000683	23580	23708
T23599G C23604A A23667G	S:N679K S:P681H S:E702G	26	37819	0.000687	23580	23724
T23338-G	NA	26	32164	0.000808	23335	23361
T22882G T22942A	S:N440K S:N460K	26	9786	0.002657	22873	22946
T22058-G	NA	26	16703	0.001557	22027	22066
G25320A	S:C1253Y	26	28674	0.000907	25305	25323
G25284-T	NA	26	27820	0.000935	25261	25324
G24415T A24424T	S:V951V S:Q954H	26	30548	0.000851	24412	24563
G23508+T T23599G C23604A	NA S:N679* S:P681Y	26	39213	0.000663	23492	23624
G22813T T22882G T22942A C22950-T	S:K417N S:N440K S:N460K NA	26	7338	0.003543	22801	22959
G22813T T22882G T22917G G22933-A T22942A	S:K417N S:N440K S:L452R NA S:N460K	26	7775	0.003344	22793	22966
G22813T T22882G T22896C	S:K417N S:N440K S:V445A	26	10538	0.002467	22793	22907
G22809-A G22813T T22882G T22917G	NA S:K417N S:N440K S:L452R	26	9591	0.002711	22793	22921
G22302-T	NA	26	9142	0.002844	22291	22318
G21987A C22000-A A22002G T22016C C22033A	S:G142D NA S:K147R S:W152R S:F157L	26	6536	0.003978	21981	22043
C25000T T25021-A	S:D1146D NA	26	15128	0.001719	24996	25049
C24632+T	NA	26	36591	0.000711	24612	24642
C24566-A C24672-A	NA NA	26	31307	0.00083	24489	24679
C24536-A A24538G	NA S:Q992Q	26	62968	0.000413	24523	24564
C23525T G23580-T T23599G C23604A	S:H655Y NA S:N679K S:P681H	26	39359	0.000661	23487	23639
C23492+A T23599G C23604A	NA S:N679* S:P681Y	26	38450	0.000676	23486	23641
C21618T T21633C A21764-TACATG	S:T19I S:L24S S:DEL69/70	26	8205	0.003169	21597	21802
C21618T C21621T T21632-TACCCCCTG A21764-TACATG	S:T19I S:T20I S:DEL25/27 S:DEL69/70	26	8205	0.003169	21597	21802
C21549-A	NA	26	866	0.030023	21459	21564
A25503+C	NA	26	3995	0.006508	25372	25511
A25397-T	NA	26	9532	0.002728	25372	25407
A24500G	S:I980V	26	62912	0.000413	24489	24564
A24424T T24506C	S:Q954H S:S982P	26	27272	0.000953	24414	24564
A24424T C24466+A	S:Q954H NA	26	27551	0.000944	24412	24483
A24110-T C24119-A G24140-T	NA NA NA	26	3988	0.00652	24065	24173
A23312G A23403G	S:I584V S:D614G	26	15165	0.001714	23302	23443
A22135+GAT	S:INS192D	26	11418	0.002277	22100	22155
A21993-T	NA	26	10328	0.002517	21986	22014
T25289-G	NA	25	27966	0.000894	25277	25325
T24464-C	NA	25	29105	0.000859	24448	24555
T23599G C23604A G23666-A C23709-A	S:N679K S:P681H NA NA	25	36689	0.000681	23580	23724
T23599G C23604A C23679T	S:N679K S:P681H S:A706V	25	37652	0.000664	23580	23691
T23344C	S:G594G	25	32629	0.000766	23342	23348
T21995C	S:Y145H	25	11245	0.002223	21990	22004
T21864+A	NA	25	7681	0.003255	21847	21874
G25444T	ORF3a:G18C	25	8909	0.002806	25380	25477
G25323A	S:C1254Y	25	28597	0.000874	25251	25325
G22813T A22845-T T22882G	S:K417N NA S:N440K	25	11053	0.002262	22793	22889
C25466-T	NA	25	8502	0.00294	25381	25476
C25294-A G25302-T	NA NA	25	28057	0.000891	25286	25324
C24964-A C24981-T C25000T	NA NA S:D1146D	25	12264	0.002038	24948	25020
C23604A C23630-A	S:P681H NA	25	77906	0.000321	23599	23641
C23525T G23576A T23599G C23604A	S:H655Y S:A672T S:N679K S:P681H	25	39359	0.000635	23499	23641
C23525T A23554G T23599G C23604A	S:H655Y S:I664M S:N679K S:P681H	25	39359	0.000635	23488	23637
C23525T A23531G	S:H655Y S:N657D	25	55992	0.000446	23498	23539
A24661G	S:V1033V	25	36513	0.000685	24612	24667
A24641G	S:T1027A	25	36556	0.000684	24612	24675
A24576G	S:Q1005R	25	32625	0.000766	24530	24582
A24543G	S:D994G	25	62968	0.000397	24516	24564
A24478G	S:A972A	25	59942	0.000417	24473	24498
A24424T T24489C	S:Q954H S:V976A	25	27399	0.000912	24413	24557
A24424T T24469A T24472-G C24536-A	S:Q954H S:N969K NA NA	25	27024	0.000925	24417	24564
A23796+T	NA	25	15812	0.001581	23767	23813
A23403G A23432+C	S:D614G NA	25	27048	0.000924	23342	23440
A23276T	S:T572S	25	17991	0.00139	23270	23298
A22893C	S:K444T	25	13315	0.001878	22887	22899
T25196-G C25262-T	NA NA	24	13570	0.001769	25140	25323
T24660+A	NA	24	36532	0.000657	24612	24670
T24622C	S:A1020A	24	36537	0.000657	24612	24676
T24583C	S:Y1007Y	24	32458	0.000739	24520	24589
T24544+A	NA	24	62918	0.000381	24496	24552
T24513C	S:L984P	24	63388	0.000379	24497	24564
T24499+A	NA	24	62856	0.000382	24485	24511
T24469A A24551G	S:N969K S:I997V	24	49137	0.000488	24465	24564
T24469A A24520G	S:N969K S:K986K	24	49849	0.000481	24465	24564
T23599G C23604A T23714C	S:N679K S:P681H S:F718L	24	36545	0.000657	23581	23717
T23599G C23604A T23641C	S:N679K S:P681H S:I693I	24	76595	0.000313	23580	23724
T23599G C23604A C23700T	S:N679K S:P681H S:A713V	24	37397	0.000642	23580	23708
T23344C A23403G	S:G594G S:D614G	24	27305	0.000879	23335	23441
T21976-C G21987A	NA S:G142D	24	6822	0.003518	21969	22058
G24971+T C25000T	NA S:D1146S	24	12310	0.00195	24860	25015
G24497+A	NA	24	62736	0.000383	24476	24506
G24488+T	NA	24	62177	0.000386	24477	24547
G23735+A	NA	24	13971	0.001718	23727	23768
G23699+A	NA	24	55872	0.00043	23688	23724
G23508A C23525T T23599G C23604A	S:C649Y S:H655Y S:N679K S:P681H	24	39213	0.000612	23498	23626
G22813T T22882G G22933-A	S:K417N S:N440K NA	24	8756	0.002741	22801	22966
C24899-A A24922-T C24981-T C25000T	NA NA NA S:D1146D	24	11559	0.002076	24850	25048
C24512+T	NA	24	63388	0.000379	24488	24522
C24026-T C24119-A	NA NA	24	4015	0.005978	24021	24175
C23854G	S:N764K	24	16227	0.001479	23850	23890
C23525T T23596-A T23599G C23604A	S:H655Y NA S:N679K S:P681H	24	39359	0.00061	23487	23640
C23525T T23560C T23599G C23604A	S:H655Y S:I666I S:N679K S:P681H	24	39359	0.00061	23488	23641
C23525T G23562A T23599G C23604A	S:H655Y S:G667D S:N679K S:P681H	24	39359	0.00061	23500	23629
C23525T A23558G C23604A	S:H655Y S:I666V S:P681H	24	39359	0.00061	23487	23639
C22251-A	NA	24	8863	0.002708	22246	22282
A25208+T C25262-T	NA NA	24	15134	0.001586	25130	25325
A24674G	S:K1038E	24	36073	0.000665	24612	24679
A24669G	S:Q1036R	24	36309	0.000661	24612	24676
A24587G	S:T1009A	24	32423	0.00074	24539	24679
A24560G	S:R1000G	24	62447	0.000384	24508	24564
A24424T A24508G	S:Q954H S:S982S	24	27245	0.000881	24412	24564
A24253-T A24287+T	NA NA	24	7926	0.003028	24229	24308
A23598+G C23604A	NA S:P681Y	24	78517	0.000306	23584	23621
A23497-C C23525T T23599G C23604A	NA S:H655Y S:N679K S:P681H	24	38875	0.000617	23488	23642
A23357G A23403G	S:T599A S:D614G	24	27567	0.000871	23335	23427
A21979-T G21987A C22000-A C22009-A	NA S:G142D NA NA	24	5607	0.00428	21847	22024
T25301C	S:C1247R	23	28358	0.000811	25279	25324
T25219C	S:G1219G	23	20411	0.001127	25196	25258
T24643+A	NA	23	36568	0.000629	24612	24658
T24634C	S:L1024L	23	36578	0.000629	24612	24671
T24501C	S:I980T	23	62973	0.000365	24474	24509
T24417C A24424T	S:V952A S:Q954H	23	30728	0.000749	24412	24424
T23686-A	NA	23	55474	0.000415	23683	23707
T23599G C23604A G23607A	S:N679K S:P681H S:R682Q	23	78508	0.000293	23580	23642
T23599G C23604A A23704G	S:N679K S:P681H S:I714M	23	37005	0.000622	23580	23724
T23599G C23604A A23627G	S:N679K S:P681H S:S689G	23	77841	0.000295	23580	23642
T23511+A	NA	23	56658	0.000406	23487	23520
T23317C A23403G	S:L585L S:D614G	23	15169	0.001516	23296	23443
T22942A C22950-T	S:N460K NA	23	12655	0.001817	22934	22966
T22016C C22033A	S:W152R S:F157L	23	10533	0.002184	22007	22055
G25364-T	NA	23	3407	0.006751	25251	25372
G25266A	S:C1235Y	23	27206	0.000845	25262	25325
G24558A	S:G999D	23	62498	0.000368	24542	24564
G24124-T	NA	23	5315	0.004327	24101	24135
G23309C A23403G	S:E583Q S:D614G	23	15163	0.001517	23285	23443
G22813T G22859+T T22882G A22893C T22917G	S:K417N NA S:N440Q S:K444S S:L452R	23	9602	0.002395	22802	22922
G21987A G22014-T	S:G142D NA	23	6998	0.003287	21981	22058
C25000T C25100-A T25191-A	S:D1146D NA NA	23	2252	0.010213	24990	25198
C24789-A	NA	23	5803	0.003963	24724	24816
C24672-A G24690+T	NA NA	23	2615	0.008795	24649	24699
C24503+T	NA	23	63002	0.000365	24483	24516
C24198+G	NA	23	4357	0.005279	24156	24253
C23833+G C23854A	NA S:N764K	23	14686	0.001566	23824	23895
C23816-TT C23854A	NA S:N764K	23	14192	0.001621	23798	23895
C23604A G23675-T	S:P681H NA	23	37772	0.000609	23589	23709
C23604A A23712-T	S:P681H NA	23	36658	0.000627	23600	23724
C23525T T23542-G T23599G C23604A	S:H655Y NA S:N679K S:P681H	23	39359	0.000584	23493	23637
C23415T	S:T618I	23	30058	0.000765	23339	23425
C23399+T C23525T	NA S:H655S	23	10865	0.002117	23351	23528
C23393+T	NA	23	29621	0.000776	23336	23411
C23334-T C23367+A	NA NA	23	15728	0.001462	23269	23389
C22290-T	NA	23	9203	0.002499	22261	22307
C22210G	S:L216L	23	3881	0.005926	22206	22319
C22120-A G22141+T	NA NA	23	9610	0.002393	22025	22192
C21618T T21632-TACCCCCTG T21737C A21764-TACATG	S:T19I S:DEL25/27 S:F59L S:DEL69/70	23	8205	0.002803	21608	21802
A25137-T T25191-A C25262-T	NA NA NA	23	11651	0.001974	25122	25324
A25056-T	NA	23	15124	0.001521	25032	25065
A24684-T	NA	23	3459	0.006649	24612	24702
A24424T T24448C	S:Q954H S:L962L	23	27799	0.000827	24412	24563
A24424T A24531G	S:Q954H S:E990G	23	27076	0.000849	24412	24564
A24424T A24441G	S:Q954H S:N960S	23	27894	0.000825	24412	24564
A23515+G	NA	23	56601	0.000406	23501	23532
A23403G C23423T	S:D614G S:P621S	23	28411	0.00081	23382	23429
A23357G	S:T599A	23	32725	0.000703	23342	23373
A23319G A23403G	S:D586G S:D614G	23	15170	0.001516	23291	23441
A22003T	S:K147N	23	12267	0.001875	21995	22058
T25304C	S:C1248R	22	28493	0.000772	25283	25316
T25224C	S:I1221T	22	22870	0.000962	25219	25324
T24492-A T24628-A	NA NA	22	30187	0.000729	24480	24679
T24492-A C24536-A	NA NA	22	61012	0.000361	24480	24564
T24469A G24649-T	S:N969K NA	22	19965	0.001102	24465	24668
T23599G C23604A T23681-A	S:N679K S:P681H NA	22	37615	0.000585	23586	23700
T23599G C23604A T23605C	S:N679K S:P681H S:P681H	22	78508	0.00028	23580	23637
T23599G C23604A A23711-AT	S:N679K S:P681H NA	22	36595	0.000601	23580	23722
T23599G C23604A A23618G	S:N679K S:P681H S:S686G	22	78431	0.000281	23580	23641
T23511-A C23525T	NA S:H655Y	22	56119	0.000392	23493	23532
T23350C	S:S596S	22	32719	0.000672	23335	23368
T23341C	S:G593G	22	32433	0.000678	23335	23362
T23278-A	NA	22	17999	0.001222	23269	23289
T22939-A	NA	22	13551	0.001623	22928	22967
T22882G A22893C C22995A A23013C T23018G	S:N440K S:K444T S:T478K S:E484A S:F486V	22	1119	0.01966	22877	23039
T22054G	S:N164K	22	16922	0.0013	22033	22058
G25230A	S:G1223D	22	23279	0.000945	25219	25324
G24445+A	NA	22	29190	0.000754	24435	24558
G23508+T A23515+G C23525T T23599G C23604A	NA NA S:H655Y S:N679L S:P681H	22	39213	0.000561	23486	23641
G23501A C23525T T23599G C23604A	S:A647T S:H655Y S:N679K S:P681H	22	39003	0.000564	23493	23642
G22813T T22882G T22917G G22933-A	S:K417N S:N440K S:L452R NA	22	8756	0.002513	22801	22966
G22813T T22882G A22941-T	S:K417N S:N440K NA	22	7840	0.002806	22800	22959
C25433-T	NA	22	9059	0.002429	25381	25443
C25262-TT G25278-T A25327-T	NA NA NA	22	2776	0.007925	25251	25347
C24559T	S:G999G	22	62499	0.000352	24515	24564
C24198T	S:A879V	22	4357	0.005049	24164	24214
C23816-T C23887-A	NA NA	22	12950	0.001699	23792	23895
C23525T T23599G G23608A	S:H655Y S:N679K S:R682R	22	39352	0.000559	23492	23642
C23525T T23599G C23604A G23616A	S:H655Y S:N679K S:P681H S:R685H	22	39334	0.000559	23487	23640
C23525T T23599G C23604A C23613T	S:H655Y S:N679K S:P681H S:A684V	22	39345	0.000559	23487	23624
C23525T T23596C T23599G C23604A	S:H655Y S:T678T S:N679K S:P681H	22	39359	0.000559	23487	23624
C23525T T23540C T23599G C23604A	S:H655Y S:Y660H S:N679K S:P681H	22	39359	0.000559	23487	23624
C23525T G23593A T23599G C23604A	S:H655Y S:Q677Q S:N679K S:P681H	22	39359	0.000559	23487	23624
C23525T A23583G T23599G C23604A	S:H655Y S:Y674C S:N679K S:P681H	22	39359	0.000559	23487	23637
C23502T C23525T T23599G C23604A	S:A647V S:H655Y S:N679K S:P681H	22	39091	0.000563	23487	23624
C23367-A A23403G	NA S:D614G	22	27680	0.000795	23339	23419
C23334-T C23393+T A23403G	NA NA S:D614G	22	15199	0.001447	23270	23443
C23154+A	NA	22	2596	0.008475	23144	23290
C22120-A G22133A A22135G	NA S:E191K S:E191K	22	9707	0.002266	22100	22158
C21618T T21632-TACCCCCTG A21764-TACATG T21775+G	S:T19I S:DEL25/27 S:DEL69/70 NA	22	8174	0.002691	21597	21802
C21618T T21632-TACCCCCTG A21764-TACATG T21773C	S:T19I S:DEL25/27 S:DEL69/70 S:S71P	22	8175	0.002691	21597	21802
C21618T T21632-TACCCCCTG A21764-TACATG G21796-T	S:T19I S:DEL25/27 S:DEL69/70 NA	22	8133	0.002705	21597	21802
A25315G	S:G1251G	22	28717	0.000766	25292	25325
A24956-T C25000T	NA S:D1146D	22	12156	0.00181	24945	25068
A24673G	S:S1037S	22	36067	0.00061	24640	24679
A24538G	S:Q992Q	22	63020	0.000349	24506	24564
A24479-T C24672-A	NA NA	22	27699	0.000794	24471	24679
A24424T T24511C	S:Q954H S:R983R	22	27224	0.000808	24413	24564
A24424T T24471-TG C24536-A	S:Q954H NA NA	22	27024	0.000814	24412	24564
A24424T T24451+A	S:Q954H NA	22	27765	0.000792	24413	24466
A24424T A24518G	S:Q954H S:K986E	22	27179	0.000809	24412	24564
A23845G C23854A	S:T761T S:N764K	22	15953	0.001379	23836	23881
A23688+G	NA	22	55559	0.000396	23683	23724
A23403G T23421-C	S:D614G NA	22	28498	0.000772	23379	23429
A23403G A23436G	S:D614G S:H625R	22	26441	0.000832	23335	23441
A23379G A23403G	S:N606S S:D614G	22	27927	0.000788	23361	23443
A22924-T	NA	22	13644	0.001612	22917	22967
A22184G	S:T208A	22	13278	0.001657	22166	22192
A21875-T A21979-T G21987A C22000-AA C22009-A	NA NA S:G142D NA NA	22	3724	0.005908	21847	22023
T24565C	S:L1001L	21	62059	0.000338	24504	24676
T24469A A24587G	S:N969K S:T1009A	21	20345	0.001032	24465	24679
T23599G C23604A G23678A	S:N679K S:P681H S:A706T	21	37661	0.000558	23580	23724
T23599G C23604A C23664T	S:N679K S:P681H S:A701V	21	37872	0.000554	23580	23715
T23599G C23604A C23638-A	S:N679K S:P681H NA	21	77260	0.000272	23580	23669
T23599G C23604A C23609-G G23666-A A23712-T	S:N679K S:P681H NA NA NA	21	36580	0.000574	23580	23724
T23599G C23604A A23674G	S:N679K S:P681H S:S704S	21	37706	0.000557	23580	23724
T22882G A22893C T22917G T22942A G22992A C22995A A23013C T23018G	S:N440K S:K444T S:L452R S:N460K S:S477N S:T478K S:E484A S:F486V	21	1119	0.018767	22876	23038
T22882G A22893C T22917G G22992A C22995A A23013C T23018G	S:N440K S:K444T S:L452R S:S477N S:T478K S:E484A S:F486V	21	1119	0.018767	22876	23042
T22392-A G22403-A	NA NA	21	6433	0.003264	22368	22446
T22291C	S:A243A	21	9197	0.002283	22264	22314
T22043C	S:S161P	21	17195	0.001221	22025	22058
G22813T T22917G	S:K417N S:L452R	21	9602	0.002187	22793	22921
G22813T T22882G T22896C G22898A T22942G	S:K417N S:N440K S:V445A S:G446S S:N460K	21	7775	0.002701	22793	22966
G22577C G22578A	S:G339H S:G339H	21	2156	0.00974	22487	22580
G22104-A T22200G	NA S:V213G	21	2888	0.007271	22100	22227
G21987A T21995C	S:G142D S:Y145H	21	8878	0.002365	21981	22058
C25276T	S:T1238T	21	27611	0.000761	25264	25325
C24784-T	NA	21	5896	0.003562	24766	24806
C24223-T	NA	21	4291	0.004894	24148	24243
C23887-A G23903-T C23929-A	NA NA NA	21	1733	0.012118	23767	23940
C23825+A	NA	21	15605	0.001346	23767	23842
C23706T C23854A	S:P715L S:N764K	21	11064	0.001898	23699	23890
C23525T T23599G C23604A G23616-T	S:H655Y S:N679K S:P681H NA	21	39334	0.000534	23486	23637
C23525T T23599G C23604A G23607A	S:H655Y S:N679K S:P681H S:R682Q	21	39352	0.000534	23488	23642
C23525T C23556T T23599G C23604A	S:H655Y S:P665L S:N679K S:P681H	21	39359	0.000534	23487	23629
C23492-A	NA	21	55505	0.000378	23488	23512
C23099-T C23103-T T23143-A	NA NA NA	21	2487	0.008444	23089	23155
C22950-T	NA	21	13429	0.001564	22943	22967
C22281+T	NA	21	9234	0.002274	22246	22298
C22083+T	NA	21	6174	0.003401	22030	22117
C22062+T	NA	21	6435	0.003263	22025	22074
C21618T T21632-TACCCCCTG C21682-A A21764-TACATG	S:T19I S:DEL25/27 NA S:DEL69/70	21	8205	0.002559	21606	21802
A25255G	S:T1231T	21	26730	0.000786	25233	25325
A24905-T	NA	21	15284	0.001374	24886	24943
A24676G	S:K1038K	21	35997	0.000583	24625	24679
A24604G	S:R1014R	21	32412	0.000648	24505	24661
A24595-T	NA	21	32410	0.000648	24542	24643
A24479-T G24488-T C24672-A	NA NA NA	21	27699	0.000758	24470	24679
A24424T G24434T	S:Q954H S:A958S	21	27943	0.000752	24417	24564
A24110-T G24140-T	NA NA	21	3988	0.005266	24085	24158
A24110-T C24119-A C24150+T	NA NA NA	21	3917	0.005361	24021	24191
A24078-T A24110-T	NA NA	21	4238	0.004955	24021	24121
A23964-T	NA	21	3495	0.006009	23955	23978
A23852G C23854A	S:N764E S:N764E	21	16227	0.001294	23841	23892
A23848+T C23887-A C23929-A	NA NA NA	21	1557	0.013487	23772	23943
T25560C	ORF3a:F56F	20	3237	0.006179	25372	25566
T25285C	S:C1241C	20	27843	0.000718	25252	25325
T25237C	S:I1225I	20	23475	0.000852	25219	25324
T25150C	S:S1196S	20	16427	0.001218	25122	25155
T24469A T24658C	S:N969K S:C1032C	20	19921	0.001004	24465	24679
T24469A G24570-T	S:N969K NA	20	20577	0.000972	24465	24586
T24469A G24488-T C24672-A	S:N969K NA NA	20	19727	0.001014	24465	24679
T24469A A24562G	S:N969K S:R1000R	20	48750	0.00041	24465	24564
T24280-A	NA	20	8676	0.002305	24229	24314
T23842C C23854A	S:C760C S:N764K	20	15741	0.001271	23836	23894
T23599G C23604A T23716C	S:N679K S:P681H S:F718F	20	36533	0.000547	23580	23719
T23599G C23604A T23689C	S:N679K S:P681H S:N709N	20	37531	0.000533	23580	23724
T23599G C23604A T23686-A	S:N679K S:P681H NA	20	37558	0.000533	23580	23710
T23599G C23604A G23642A	S:N679K S:P681H S:A694T	20	76451	0.000262	23580	23642
T23599G C23604A G23616-T	S:N679K S:P681H NA	20	78451	0.000255	23581	23636
T23599G C23604A C23706T	S:N679K S:P681H S:P715L	20	36953	0.000541	23580	23717
T23599G C23604A A23711G	S:N679K S:P681H S:N717D	20	36595	0.000547	23580	23724
T23599G C23604A A23669G	S:N679K S:P681H S:N703D	20	37797	0.000529	23580	23724
T23352C	S:V597A	20	32785	0.00061	23335	23367
G25540+T	NA	20	3332	0.006002	25372	25552
G25173-A	NA	20	16430	0.001217	25149	25195
G24971+T	NA	20	12821	0.00156	24850	24982
G24858A C25000T	S:G1099D S:D1146D	20	11195	0.001787	24850	25069
G24666A	S:G1035E	20	36410	0.000549	24629	24676
G24635A	S:A1025T	20	36590	0.000547	24612	24676
G24488-T C24503-T C24517-A	NA NA NA	20	61235	0.000327	24476	24531
G24476A	S:A972T	20	59340	0.000337	24473	24501
G22813T T22882G T22942G	S:K417N S:N440K S:N460K	20	7775	0.002572	22793	22947
G22813T T22876-A T22882G	S:K417N NA S:N440K	20	11053	0.001809	22793	22889
G22403-A G22487-A	NA NA	20	2419	0.008268	22371	22499
C25546+T	NA	20	3305	0.006051	25372	25560
C25460T	ORF3a:A23V	20	8597	0.002326	25380	25477
C25100-A	NA	20	2624	0.007622	25081	25113
C24981-T C25000T T25021-A	NA S:D1146D NA	20	11987	0.001668	24867	25043
C24555-A	NA	20	62619	0.000319	24509	24564
C24503-T C24517-A C24672-A	NA NA NA	20	30392	0.000658	24493	24679
C24378-T A24424T	NA S:Q954H	20	2787	0.007176	24358	24424
C23694+G	NA	20	55788	0.000359	23686	23724
C23638-A	NA	20	79511	0.000252	23628	23724
C23525T C23533-A	S:H655Y NA	20	55917	0.000358	23493	23539
C23525T C23530-A T23599G C23604A	S:H655Y NA S:N679K S:P681H	20	39359	0.000508	23499	23633
C23520T C23525T	S:A653V S:H655Y	20	56320	0.000355	23503	23535
C23381+A	NA	20	29792	0.000671	23340	23391
C23099-T C23103-T	NA NA	20	2549	0.007846	23089	23128
C22033+G	NA	20	17238	0.00116	22026	22051
C21618T T21632-TACCCCCTG G21668+T A21764-TACATG	S:T19I S:DEL25/27 NA S:DEL69/70	20	8205	0.002438	21597	21802
A24614-T	NA	20	36575	0.000547	24612	24637
A24078-T A24110-T C24119-A	NA NA NA	20	4109	0.004867	24021	24150
A23513G C23525T	S:I651V S:H655Y	20	56162	0.000356	23487	23532
A23512G C23525T T23599G C23604A	S:L650L S:H655Y S:N679K S:P681H	20	39283	0.000509	23487	23637
A23403G T23425-G C23525T	S:D614G NA S:H655Y	20	10907	0.001834	23335	23532
A23359G	S:T599T	20	32678	0.000612	23335	23366
A23299G A23403G	S:P579P S:D614G	20	15150	0.00132	23269	23443
A22110+G	NA	20	9685	0.002065	22103	22131
T25260C	S:M1233T	19	26894	0.000706	25251	25305
T25257C	S:I1232T	19	26808	0.000709	25223	25325
T25219G	S:G1219G	19	20411	0.000931	25206	25324
T24940C C25000T	S:C1126C S:D1146D	19	11904	0.001596	24934	25069
T24523C	S:V987V	19	63363	0.0003	24495	24551
T24496C	S:N978N	19	62699	0.000303	24486	24512
T24492+A C24672-A	NA NA	19	29649	0.000641	24476	24679
T24489G	S:V976G	19	62361	0.000305	24477	24500
T24475C	S:G971G	19	59184	0.000321	24470	24499
T24469A T24504C	S:N969K S:L981P	19	50072	0.000379	24465	24564
T24469A T24471-TG	S:N969K NA	19	50665	0.000375	24465	24564
T24469A A24604G	S:N969K S:R1014R	19	20280	0.000937	24465	24679
T24469A A24554G	S:N969K S:T998A	19	49011	0.000388	24465	24564
T23850+A	NA	19	16311	0.001165	23767	23864
T23599G C23707T	S:N679K S:P715P	19	36797	0.000516	23581	23724
T23599G C23604A A23670+T	S:N679K S:P681H NA	19	37786	0.000503	23580	23681
T23490C C23525T T23599G C23604A	S:F643S S:H655Y S:N679K S:P681H	19	38417	0.000495	23486	23624
G25527+C	NA	19	3424	0.005549	25372	25543
G25238A	S:A1226T	19	23490	0.000809	25223	25325
G24488-T A24539-T C24672-A	NA NA NA	19	29289	0.000649	24473	24679
G24486+T	NA	19	61925	0.000307	24476	24500
G23417-A	NA	19	30049	0.000632	23408	23426
G23384-T	NA	19	29686	0.00064	23366	23394
G23364-A A23403G C23525T	NA S:D614G S:H655Y	19	9557	0.001988	23335	23532
G23282T A23403G	S:D574Y S:D614G	19	14673	0.001295	23269	23429
G22813T T22831+A T22882G	S:K417N NA S:N440Q	19	11053	0.001719	22809	22890
G22141+T	NA	19	11726	0.00162	22100	22186
C25000T C25100-A G25106-A	S:D1146D NA NA	19	2480	0.007661	24990	25122
C25000T A25056-T	S:D1146D NA	19	14659	0.001296	24990	25065
C24435-T G24488-T	NA NA	19	28516	0.000666	24412	24564
C24431+A	NA	19	28989	0.000655	24413	24455
C24150-T	NA	19	10813	0.001757	24148	24172
C23991-A	NA	19	2846	0.006676	23969	24073
C23887-A G23903-T	NA NA	19	2068	0.009188	23782	23920
C23525T T23602-C T23605A	S:H655Y NA S:P681P	19	39352	0.000483	23487	23630
C23525T T23599G C23604A A23627G	S:H655Y S:N679K S:P681H S:S689G	19	38851	0.000489	23487	23642
C23525T T23571C T23599G C23604A	S:H655Y S:I670T S:N679K S:P681H	19	39359	0.000483	23487	23624
C23525T C23577T T23599G C23604A	S:H655Y S:A672V S:N679K S:P681H	19	39359	0.000483	23508	23642
C23525T C23551T T23599G C23604A	S:H655Y S:D663D S:N679K S:P681H	19	39359	0.000483	23487	23629
C23525T A23558-T T23599G	S:H655Y NA S:N679K	19	39373	0.000483	23500	23624
C23496T C23525T T23599G C23604A	S:T645I S:H655Y S:N679K S:P681H	19	38862	0.000489	23487	23634
C23381-A A23403G	NA S:D614G	19	28052	0.000677	23296	23442
C22383-T G22578A	NA S:G339D	19	1450	0.013103	22368	22580
C22373-A	NA	19	6665	0.002851	22368	22382
C22109G	S:Q183E	19	9653	0.001968	22105	22119
C21618T T21632-TACCCCCTG C21654-T	S:T19I S:DEL25/27 NA	19	9682	0.001962	21597	21687
A24654G	S:E1031G	19	36571	0.00052	24612	24678
A24594G	S:Q1011R	19	32406	0.000586	24528	24672
A24569G	S:S1003G	19	32711	0.000581	24499	24661
A24562G	S:R1000R	19	62411	0.000304	24482	24564
A24494G	S:N978D	19	62572	0.000304	24484	24564
A24479+T	NA	19	60287	0.000315	24476	24496
A24424T T24464-C T24470-TTG	S:Q954H NA S:DEL971	19	27493	0.000691	24412	24564
A24424T G24546T	S:Q954H S:R995M	19	26931	0.000706	24412	24562
A24424T A24545G	S:Q954H S:R995G	19	26937	0.000705	24413	24564
A24424T A24468-T	S:Q954H NA	19	27537	0.00069	24412	24555
A23627-G	NA	19	79479	0.000239	23619	23642
A23474+T T23480+A	NA NA	19	13189	0.001441	23459	23539
A23403G A23409G	S:D614G S:N616S	19	29120	0.000652	23385	23422
A23310G A23403G	S:E583G S:D614G	19	15163	0.001253	23273	23434
A22305-T	NA	19	9119	0.002084	22259	22316
A22029G	S:E156G	19	17160	0.001107	22025	22041
T25245-A	NA	18	23609	0.000762	25234	25325
T25232C	S:L1224L	18	23372	0.00077	25219	25325
T24671C	S:S1037P	18	36236	0.000497	24490	24674
T24664C	S:L1034L	18	36425	0.000494	24612	24675
T24541C	S:I993I	18	63007	0.000286	24479	24564
T24481C	S:I973I	18	61052	0.000295	24473	24523
T24469A T24589C	S:N969K S:T1009T	18	20332	0.000885	24465	24614
T24469A G24476A	S:N969K S:A972T	18	50639	0.000355	24465	24564
T24469A C24503-T	S:N969K NA	18	50084	0.000359	24465	24515
T24469A A24610G	S:N969K S:A1016A	18	20235	0.00089	24465	24667
T24469A A24525G	S:N969K S:E988G	18	49737	0.000362	24465	24564
T24280+A	NA	18	8676	0.002075	24229	24289
T24267-G A24318-C	NA NA	18	7199	0.0025	24229	24357
T23828C C23854A	S:Y756H S:N764K	18	14447	0.001246	23798	23891
T23698C	S:I712I	18	55870	0.000322	23690	23701
T23599G C23604A G23663A	S:N679K S:P681H S:A701T	18	37889	0.000475	23580	23701
T23596-A T23599G C23604A	NA S:N679K S:P681H	18	78512	0.000229	23580	23623
T23338G	S:F592L	18	32164	0.00056	23335	23350
T23293C A23403G	S:R577R S:D614G	18	14967	0.001203	23269	23441
T22882G T22942G	S:N440K S:N460K	18	9786	0.001839	22876	22949
G25281A	S:C1240Y	18	27755	0.000649	25219	25325
G25278-T A25327-T	NA NA	18	2957	0.006087	25251	25353
G24521+T C24672-A	NA NA	18	30964	0.000581	24481	24679
G24316A A24317G C24319A A24424T	S:E918E S:N919E S:N919E S:Q954H	18	1837	0.009799	24300	24424
G23835-T C23887-A	NA NA	18	13630	0.001321	23767	23895
G23518A C23525T T23599G C23604A	S:G652G S:H655Y S:N679K S:P681H	18	39347	0.000457	23487	23642
G23420-T	NA	18	29989	0.0006	23342	23428
G23224+A	NA	18	2053	0.008768	23209	23290
G22813T T22882G T22896C G22898A	S:K417N S:N440K S:V445A S:G446S	18	10509	0.001713	22793	22906
G22813T T22831+A T22882G T22917G	S:K417N NA S:N440Q S:L452R	18	9602	0.001875	22793	22926
G22133A A22135G	S:E191K S:E191K	18	11139	0.001616	22025	22181
G21604T C21618T T21632-TACCCCCTG A21764-TACATG	S:Q14H S:T19I S:DEL25/27 S:DEL69/70	18	8113	0.002219	21597	21793
C25416T A25472-T	ORF3a:F8F NA	18	8423	0.002137	25381	25477
C25262-T A25296-G	NA NA	18	26888	0.000669	25140	25323
C25239T	S:A1226V	18	23509	0.000766	25225	25325
C24899-A C25000T	NA S:D1146D	18	11559	0.001557	24850	25049
C24621-T	NA	18	36537	0.000493	24612	24659
C24245-A	NA	18	8280	0.002174	24229	24255
C24119-A C24150+T	NA NA	18	4380	0.00411	24021	24163
C24064-A C24119-A	NA NA	18	4076	0.004416	24021	24133
C24026-T C24064-A A24110-T C24119-A	NA NA NA NA	18	4015	0.004483	24021	24191
C23887-AA C23929-A	NA NA	18	1733	0.010387	23767	23941
C23657-T	NA	18	40677	0.000443	23649	23724
C23525T T23563+C T23599G C23604A	S:H655Y NA S:N679* S:P681Y	18	39359	0.000457	23487	23642
C23525T A23579G T23599G C23604A	S:H655Y S:S673G S:N679K S:P681H	18	39359	0.000457	23493	23642
C23525+T	NA	18	56352	0.000319	23513	23539
C21888-T A21979-T G21987A	NA NA S:G142D	18	5432	0.003314	21847	22000
C21618T T21632-TACCCCCTG T21695C A21764-TACATG	S:T19I S:DEL25/27 S:S45P S:DEL69/70	18	8205	0.002194	21597	21802
C21618T T21632-TACCCCCTG G21686-T	S:T19I S:DEL25/27 NA	18	8408	0.002141	21597	21714
A25442G	ORF3a:Q17R	18	8941	0.002013	25383	25477
A25405-T	NA	18	9428	0.001909	25384	25417
A25277G	S:S1239G	18	27640	0.000651	25228	25316
A25271G	S:M1237V	18	27469	0.000655	25265	25325
A24684-TT	NA	18	3459	0.005204	24612	24788
A24647G	S:M1029V	18	36604	0.000492	24639	24668
A24612G	S:E1017G	18	32368	0.000556	24488	24679
A24560+G	NA	18	62447	0.000288	24478	24564
A24539+T	NA	18	63029	0.000286	24504	24561
A24500+T	NA	18	62912	0.000286	24483	24509
A24424T T24487C	S:Q954H S:S975S	18	27407	0.000657	24412	24563
A24424T C24536+A	S:Q954H NA	18	27024	0.000666	24412	24564
A24424T A24551G	S:Q954H S:I997V	18	26892	0.000669	24412	24564
A24340-T	NA	18	4988	0.003609	24328	24351
A23786-T C23816-T C23854A	NA NA S:N764K	18	13582	0.001325	23683	23881
A23558G T23599G C23604A	S:I666V S:N679K S:P681H	18	39669	0.000454	23487	23624
A23515T C23525T T23599G C23604A	S:I651I S:H655Y S:N679K S:P681H	18	39312	0.000458	23487	23642
A23403G T23437C	S:D614G S:H625H	18	26408	0.000682	23335	23443
A23403G G23429A	S:D614G S:A623T	18	27987	0.000643	23285	23443
A23403G A23418G C23525T	S:D614G S:E619G S:H655Y	18	10907	0.00165	23335	23532
A23403G A23414G	S:D614G S:T618A	18	28876	0.000623	23335	23425
A23400+G	NA	18	29561	0.000609	23390	23415
A23366G A23403G	S:T602A S:D614G	18	27667	0.000651	23335	23429
A23359G A23403G	S:T599T S:D614G	18	27584	0.000653	23335	23422
A22190G	S:I210V	18	13230	0.001361	22168	22192
T25306C	S:C1248C	17	28527	0.000596	25289	25325
T25280C	S:C1240R	17	27735	0.000613	25251	25324
T25140+A	NA	17	16016	0.001061	25122	25153
T24976C	S:Y1138Y	17	12795	0.001329	24948	25065
T24934-A	NA	17	15174	0.00112	24850	24954
T24663C	S:L1034P	17	36435	0.000467	24659	24679
T24469A T24640C	S:N969K S:A1026A	17	19994	0.00085	24465	24679
T24414-G A24424T	NA S:Q954H	17	30514	0.000557	24412	24424
T23817C C23854A	S:L752P S:N764K	17	14204	0.001197	23788	23876
T23599G G23675-T	S:N679K NA	17	37690	0.000451	23580	23707
T23599G C23604A T23703C	S:N679K S:P681H S:I714T	17	37019	0.000459	23580	23724
T23599G C23604A G23660A	S:N679K S:P681H S:G700S	17	37918	0.000448	23580	23700
T23599G C23604A C23655T	S:N679K S:P681H S:S698L	17	37982	0.000448	23580	23691
T23599G C23604A C23644T	S:N679K S:P681H S:A694A	17	38092	0.000446	23580	23655
T23599G C23604A C23609-G G23666-A A23711-AT	S:N679K S:P681H NA NA NA	17	36595	0.000465	23580	23724
T23599G C23604A A23696G	S:N679K S:P681H S:I712V	17	37444	0.000454	23580	23724
T23287C A23403G	S:A575A S:D614G	17	14939	0.001138	23269	23443
T22882G A22914-C	S:N440K NA	17	11882	0.001431	22878	22966
T21632-TACCCCCTG C21654-T A21764-TACATG	S:DEL25/27 NA S:DEL69/70	17	8207	0.002071	21597	21802
G25287-T T25289C	NA S:C1243R	17	27906	0.000609	25246	25325
G25287-T G25302-T	NA NA	17	27842	0.000611	25269	25324
G25135+A	NA	17	15715	0.001082	25125	25148
G24858A	S:G1099D	17	15271	0.001113	24850	24877
G24530-A	NA	17	63207	0.000269	24504	24547
G23522-A C23525T C23604A	NA S:H655Y S:P681H	17	39356	0.000432	23487	23624
G23282T	S:D574Y	17	18022	0.000943	23269	23290
G22813T T22882G G22894T T22917G T22942G	S:K417N S:N440K S:K444N S:L452R S:N460K	17	7775	0.002186	22793	22967
G22813T T22882G A22893G A22910G C22916A T22942G	S:K417N S:N440K S:K444R S:N450D S:L452M S:N460K	17	7775	0.002186	22793	22966
G22567+C G22578A	NA S:G339*	17	2145	0.007925	22553	22580
G22471-A G22578A	NA S:G339D	17	1946	0.008736	22451	22581
G21987A T21990-TTA A21999-C	S:G142D S:DEL144 NA	17	8762	0.00194	21965	22058
G21987A A22053C	S:G142D S:N164T	17	6158	0.002761	21982	22058
C24668+A	NA	17	36370	0.000467	24658	24678
C24636T	S:A1025V	17	36584	0.000465	24473	24679
C24563-T	NA	17	62347	0.000273	24483	24579
C24503-T T24643-A C24672-A	NA NA NA	17	30392	0.000559	24470	24679
C24477-A	NA	17	59854	0.000284	24465	24503
C24319A A24424T	S:N919K S:Q954H	17	1868	0.009101	24302	24424
C23854A T23875C	S:N764K S:A771A	17	15493	0.001097	23837	23895
C23854A A23881G	S:N764K S:E773E	17	15343	0.001108	23842	23890
C23525T T23599G C23604A G23611T	S:H655Y S:N679K S:P681H S:R683R	17	39345	0.000432	23492	23642
C23525T T23599G C23604A C23606T	S:H655Y S:N679K S:P681H S:R682W	17	39352	0.000432	23492	23642
C23525T T23599G C23604A A23639G	S:H655Y S:N679K S:P681H S:I693V	17	37990	0.000447	23492	23642
C23525T C23604A A23639-T	S:H655Y S:P681H NA	17	37990	0.000447	23492	23642
C23525T C23585T T23599G C23604A	S:H655Y S:Q675* S:N679K S:P681H	17	39359	0.000432	23492	23642
C23525T C23536A T23599G C23604A	S:H655Y S:N658K S:N679K S:P681H	17	39359	0.000432	23487	23642
C23334-TT	NA	17	16094	0.001056	23269	23352
C22383-T	NA	17	6674	0.002547	22368	22394
C22295A G22332A	S:H245N S:G257D	17	3871	0.004392	22267	22387
C22033A	S:F157L	17	17238	0.000986	22025	22058
C21618T C21736-T A21764-TACATG	S:T19I NA S:DEL69/70	17	8205	0.002072	21597	21802
A25194-AT G25197T C25262-T	NA S:W1212L NA	17	13466	0.001262	25122	25323
A24645G	S:K1028R	17	36598	0.000465	24641	24676
A24629G	S:N1023D	17	36586	0.000465	24612	24635
A24614G	S:I1018V	17	36575	0.000465	24612	24679
A24520G C24672-A	S:K986K NA	17	30957	0.000549	24470	24679
A24424T T24482-C	S:Q954H NA	17	27443	0.000619	24412	24564
A24424T C24435-T G24488-T	S:Q954H NA NA	17	27402	0.00062	24420	24500
A24424T A24520G	S:Q954H S:K986K	17	27167	0.000626	24412	24564
A24424T A24443G	S:Q954H S:T961A	17	27867	0.00061	24412	24522
A24165G	S:E868G	17	10904	0.001559	24159	24191
A23598+G	NA	17	78578	0.000216	23580	23617
A23403G T23433C	S:D614G S:I624T	17	26986	0.00063	23394	23443
A23403G T23425C	S:D614G S:P621P	17	28315	0.0006	23379	23429
A23403G T23411C	S:D614G S:C617R	17	29032	0.000586	23335	23438
A23357-C A23403G C23525T	NA S:D614G S:H655Y	17	9519	0.001786	23351	23539
A22110+G C22120-A T22200G	NA NA S:V213S	17	2916	0.00583	22100	22232
A22036G	S:R158R	17	17235	0.000986	22027	22058
A21875-T C21888-T A21979-T G21987A	NA NA NA S:G142D	17	5416	0.003139	21867	22002
A21875-T A21979-T G21987A C22000-A C22009-A	NA NA S:G142D NA NA	17	3724	0.004565	21867	22024
A21875-T A21979-T G21987A C22000-A	NA NA S:G142D NA	17	4730	0.003594	21850	22012
T25382-A	NA	16	9563	0.001673	25375	25431
T25228C	S:A1222A	16	23206	0.000689	25217	25325
T25222C	S:F1220F	16	22654	0.000706	25159	25324
T25215C	S:L1218P	16	17708	0.000904	25204	25320
T24648C	S:M1029T	16	36588	0.000437	24612	24675
T24469A T24583C	S:N969K S:Y1007Y	16	20377	0.000785	24465	24614
T24469A G24474T	S:N969K S:G971V	16	50649	0.000316	24465	24564
T24469A C24668-A	S:N969K NA	16	19816	0.000807	24465	24679
T24469A C24477T	S:N969K S:A972V	16	50634	0.000316	24465	24561
T24469A A24617G	S:N969K S:R1019G	16	20176	0.000793	24465	24679
T24142C	S:V860V	16	6613	0.002419	24124	24191
T23956-G	NA	16	3159	0.005065	23954	24106
T23916+A	NA	16	2503	0.006392	23905	23978
T23599G C23604A T23645C	S:N679K S:P681H S:Y695H	16	38087	0.00042	23580	23724
T23599G C23604A C23657-T	S:N679K S:P681H NA	16	37966	0.000421	23580	23724
T23599G C23604A A23682G	S:N679K S:P681H S:Y707C	16	37611	0.000425	23580	23724
T23491C C23525T C23604A	S:F643F S:H655Y S:P681H	16	38430	0.000416	23486	23642
T23389C A23403G	S:A609A S:D614G	16	28537	0.000561	23335	23432
T23284C A23403G	S:D574D S:D614G	16	14734	0.001086	23273	23443
T22882G T22896C	S:N440K S:V445A	16	12644	0.001265	22876	22903
T22882G G22895C G22898A	S:N440K S:V445L S:G446S	16	12615	0.001268	22877	22915
T22882G A22893C G22992A C22995A A23013C T23018G	S:N440K S:K444T S:S477N S:T478K S:E484A S:F486V	16	1119	0.014298	22876	23028
G25447+A	NA	16	8849	0.001808	25381	25470
G25033-A	NA	16	15290	0.001046	25025	25058
G24680-T	NA	16	34415	0.000465	24673	24690
G24665A	S:G1035R	16	36421	0.000439	24620	24675
G24626A	S:A1022T	16	36537	0.000438	24612	24676
G24546T	S:R995M	16	62880	0.000254	24486	24564
G24527A	S:A989T	16	63282	0.000253	24489	24564
G24488-T C24672-AA	NA NA	16	29289	0.000546	24481	24679
G24434+C	NA	16	29077	0.00055	24412	24461
G23735-A	NA	16	13971	0.001145	23683	23758
G23678+T	NA	16	41030	0.00039	23671	23707
G22809-A G22813T T22882G A22893C	NA S:K417N S:N440K S:K444T	16	10857	0.001474	22793	22904
G22104-A C22120-A T22165-A	NA NA NA	16	8881	0.001802	22025	22192
C25262-TT A25327-T	NA NA	16	2776	0.005764	25252	25364
C25262-T T25310C	NA S:C1250R	16	26797	0.000597	25122	25325
C25262-T A25296+G	NA NA	16	26888	0.000595	25251	25325
C25163+A C25262-T	NA NA	16	12066	0.001326	25130	25325
C25000T G25033-A	S:D1146D NA	16	14906	0.001073	24990	25069
C23812-A C23854A	NA S:N764K	16	14166	0.001129	23798	23895
C23525T T23599G T23602-C T23605A G23608A	S:H655Y S:N679K NA S:P681P S:R682R	16	39352	0.000407	23488	23642
C23525T T23599G C23604A G23628A	S:H655Y S:N679K S:P681H S:S689N	16	38833	0.000412	23487	23642
C23525T T23599G C23604A G23621A	S:H655Y S:N679K S:P681H S:V687I	16	39318	0.000407	23487	23624
C23525T T23569C T23599G C23604A	S:H655Y S:G669G S:N679K S:P681H	16	39359	0.000407	23492	23635
C23525T G23547A T23599G C23604A	S:H655Y S:C662Y S:N679K S:P681H	16	39359	0.000407	23505	23641
C23525T C23533-A A23558-T T23599G C23604A	S:H655Y NA NA S:N679K S:P681H	16	39359	0.000407	23487	23624
C23525T A23558G T23599G	S:H655Y S:I666V S:N679K	16	39373	0.000406	23492	23630
C23525T A23558-T C23604A	S:H655Y NA S:P681H	16	39359	0.000407	23487	23633
C23492-A C23525T	NA S:H655Y	16	54692	0.000293	23487	23531
C23457-T C23525T	NA S:H655Y	16	12691	0.001261	23447	23539
C22444T	S:D294D	16	6887	0.002323	22336	22446
C22120-A A22161-T T22200G	NA NA S:V213G	16	2978	0.005373	22112	22222
C21618T T21632-TACCCCCTG T21728C A21764-TACATG C21781-A	S:T19I S:DEL25/27 S:L56L S:DEL69/70 NA	16	8172	0.001958	21597	21802
A25450G	ORF3a:I20V	16	8774	0.001824	25381	25460
A25420+T	NA	16	9217	0.001736	25381	25448
A25175G	S:K1205E	16	16449	0.000973	25158	25179
A24922-T C24981-T	NA NA	16	12056	0.001327	24858	24998
A24905-T C25000T	NA S:D1146D	16	11625	0.001376	24853	25069
A24885+T	NA	16	15260	0.001048	24850	24900
A24646G	S:K1028K	16	36604	0.000437	24612	24676
A24613G	S:E1017E	16	36583	0.000437	24612	24679
A24580G	S:T1006T	16	32598	0.000491	24496	24679
A24495G	S:N978S	16	62624	0.000255	24486	24534
A24485G	S:S975G	16	61842	0.000259	24469	24564
A24484G	S:S974S	16	61643	0.00026	24480	24545
A24454G	S:K964K	16	29197	0.000548	24437	24468
A24424T T24548C	S:Q954H S:L996L	16	26917	0.000594	24415	24564
A24424T T24482C	S:Q954H S:S974P	16	27443	0.000583	24412	24564
A24424T T24469A T24504C	S:Q954H S:N969K S:L981P	16	27279	0.000587	24412	24564
A24424T T24438+A T24469A	S:Q954H NA S:N969Q	16	27529	0.000581	24412	24564
A24424T A24498G	S:Q954H S:D979G	16	27334	0.000585	24412	24564
A24353-T	NA	16	4965	0.003223	24341	24357
A24170-T	NA	16	10888	0.00147	24148	24190
A23702G C23854A	S:I714V S:N764K	16	11047	0.001448	23683	23895
A23670G	S:N703S	16	40944	0.000391	23656	23698
A23583G T23599G C23604A	S:Y674C S:N679K S:P681H	16	78196	0.000205	23580	23631
A23312-T A23403G	NA S:D614G	16	15165	0.001055	23296	23441
A23283G A23403G	S:D574G S:D614G	16	14727	0.001086	23269	23443
A22798+G G22813T	NA S:K417N	16	11673	0.001371	22793	22829
A22538-T	NA	16	2544	0.006289	22502	22566
A22285-C	NA	16	9234	0.001733	22278	22319
A22259+T	NA	16	9031	0.001772	22246	22270
A22146+T	NA	16	11846	0.001351	22138	22192
A22130-G	NA	16	11052	0.001448	22121	22192
A22024G	S:E154E	16	10885	0.00147	22003	22058
T25248C	S:M1229T	15	23660	0.000634	25220	25325
T25245A C25262-T	S:V1228E NA	15	23555	0.000637	25135	25325
T25191-A G25234A C25262-T	NA S:L1224L NA	15	13119	0.001143	25128	25325
T25191+A C25262-T	NA NA	15	13119	0.001143	25138	25325
T24643C	S:T1027T	15	36568	0.00041	24638	24679
T24469A T24472C	S:N969K S:F970F	15	50660	0.000296	24465	24564
T24469A A24518G	S:N969K S:K986E	15	49872	0.000301	24465	24564
T24469A A24498G	S:N969K S:D979G	15	50235	0.000299	24465	24564
T24187C	S:S875S	15	10612	0.001413	24154	24191
T23916+A A23922T	NA S:Q787I	15	2422	0.006193	23904	23978
T23698+C	NA	15	55870	0.000268	23683	23707
T23599G C23604A T23637-C	S:N679K S:P681H NA	15	77307	0.000194	23580	23642
T23599G C23604A G23619A	S:N679K S:P681H S:S686N	15	78423	0.000191	23580	23700
T23599G C23604A G23616A	S:N679K S:P681H S:R685H	15	78451	0.000191	23580	23642
T23599G C23604A C23634T	S:N679K S:P681H S:S691F	15	77590	0.000193	23580	23642
T23599G C23603+A C23604G	S:N679K NA S:P681S	15	78540	0.000191	23580	23642
T23511C C23525T T23599G C23604A	S:L650S S:H655Y S:N679K S:P681H	15	39279	0.000382	23501	23642
T23511-A C23525T T23599G C23604A	NA S:H655Y S:N679K S:P681H	15	39279	0.000382	23487	23642
T23511+A T23599G C23604A	NA S:N679* S:P681Y	15	39279	0.000382	23487	23629
T23392-CTT A23403G C23525T	S:DEL611 S:D614G S:H655Y	15	10356	0.001448	23365	23535
T23374C A23403G	S:T604T S:D614G	15	27800	0.00054	23335	23432
T23308C A23403G	S:L582L S:D614G	15	15162	0.000989	23269	23416
T23293C	S:R577R	15	16350	0.000917	23269	23294
T22408-G	NA	15	6743	0.002225	22368	22420
T22200G T22204+C T22209+G	S:V213G NA NA	15	3498	0.004288	22189	22319
T22200G T22204+C	S:V213G NA	15	3537	0.004241	22193	22317
T22200A	S:V213E	15	3558	0.004216	22191	22316
T22085C	S:F175L	15	6179	0.002428	22049	22092
T21632-TACCCCCTG C21736-T A21764-TACATG	S:DEL25/27 NA S:DEL69/70	15	8207	0.001828	21597	21802
G25177-T C25262-T	NA NA	15	12278	0.001222	25122	25325
G24971+T C24981-T	NA NA	15	12666	0.001184	24850	25007
G24510A	S:R983H	15	63364	0.000237	24493	24564
G24488-T A24539-T	NA NA	15	60490	0.000248	24471	24564
G23593+A T23599G C23604A	NA S:N679* S:P681Y	15	78446	0.000191	23580	23614
G23504A C23525T T23599G C23604A	S:G648S S:H655Y S:N679K S:P681H	15	39113	0.000384	23487	23636
G22813T T22882G G22895C T22896C G22898A T22900-G	S:K417N S:N440K S:V445P S:V445P S:G446S NA	15	10447	0.001436	22793	22915
G22813T T22882G A22914-C T22917G T22942A	S:K417N S:N440K NA S:L452R S:N460K	15	7775	0.001929	22793	22949
G22813T A22893C	S:K417N S:K444T	15	10871	0.00138	22793	22896
G22809-A G22813T T22882G	NA S:K417N S:N440K	15	11038	0.001359	22793	22894
G21987A T22016C C22033A	S:G142D S:W152R S:F157L	15	6536	0.002295	21981	22058
C25452-A	NA	15	8701	0.001724	25384	25472
C25240-A C25262-T	NA NA	15	23443	0.00064	25130	25325
C25000T C25006T	S:D1146D S:F1148F	15	15477	0.000969	24990	25069
C25000T A25014G	S:D1146D S:E1151G	15	15353	0.000977	24990	25069
C24964-A C25000T	NA S:D1146D	15	12264	0.001223	24926	25069
C24899-A C24981-T	NA NA	15	11903	0.00126	24850	24999
C24865T C25000T	S:H1101H S:D1146D	15	11244	0.001334	24857	25069
C24503-T C24517-A	NA NA	15	62644	0.000239	24476	24533
C24435-T C24455-A	NA NA	15	28873	0.00052	24412	24535
C24422-A A24425T T24469A	NA S:N955Y S:N969K	15	27521	0.000545	24412	24564
C24026-T C24064-A A24110-T	NA NA NA	15	4137	0.003626	24021	24122
C24026-T C24064-A	NA NA	15	7357	0.002039	24021	24075
C24026-T A24110-T C24119-A C24150+T	NA NA NA NA	15	3618	0.004146	24021	24161
C23929-A	NA	15	2337	0.006418	23916	23940
C23854A A23886G	S:N764K S:D775G	15	14989	0.001001	23836	23895
C23816+T	NA	15	15717	0.000954	23767	23827
C23685T	S:S708F	15	55462	0.00027	23656	23724
C23525T T23599G C23630-A	S:H655Y S:N679K NA	15	38820	0.000386	23492	23642
C23525T T23599G C23604A C23609+G	S:H655Y S:N679K S:P681H NA	15	39351	0.000381	23492	23637
C23525T T23559C T23599G C23604A	S:H655Y S:I666T S:N679K S:P681H	15	39359	0.000381	23487	23642
C23525T T23529C	S:H655Y S:V656A	15	56095	0.000267	23513	23538
C23525T C23555T T23599G C23604A	S:H655Y S:P665S S:N679K S:P681H	15	39359	0.000381	23487	23624
C23525T C23530T T23599G C23604A	S:H655Y S:V656V S:N679K S:P681H	15	39359	0.000381	23487	23624
C23399+T G23486-T C23525T	NA NA S:H655S	15	10865	0.001381	23336	23539
C23393-T C23525T	NA S:H655Y	15	10389	0.001444	23382	23539
C23361+A	NA	15	32497	0.000462	23336	23371
C23099-T T23143-A T23164-A C23230-A	NA NA NA NA	15	1049	0.014299	23089	23244
C23099-T C23103-T T23143-A T23164-A	NA NA NA NA	15	2296	0.006533	23089	23176
C22120-A T22165-A	NA NA	15	9385	0.001598	22100	22177
A25241G	S:I1227V	15	23530	0.000637	25231	25324
A24956-T	NA	15	12861	0.001166	24934	25065
A24922+T C24981-T C25000T	NA NA S:D1146S	15	11711	0.001281	24850	25069
A24885-T C24899-A C24981-T C25000T	NA NA NA S:D1146D	15	11369	0.001319	24850	25062
A24775G	S:Q1071Q	15	5994	0.002503	24738	24782
A24602G	S:R1014G	15	32408	0.000463	24496	24679
A24537G C24672-A	S:Q992R NA	15	31091	0.000482	24470	24679
A24479G	S:I973V	15	60287	0.000249	24476	24564
A24430G	S:A956A	15	28949	0.000518	24416	24564
A24424T T24549C	S:Q954H S:L996S	15	26909	0.000557	24418	24564
A24424T T24469A T24471-TG	S:Q954H S:N969K NA	15	27492	0.000546	24412	24546
A24424T T24464-C T24471-TG	S:Q954H NA NA	15	27492	0.000546	24421	24564
A24424T A24453G	S:Q954H S:K964R	15	27737	0.000541	24412	24550
A24253-T T24280C	NA S:F906F	15	7985	0.001879	24230	24304
A24110-T G24124-T	NA NA	15	4082	0.003675	24038	24140
A24078-T C24119-A	NA NA	15	4109	0.003651	24021	24168
A23702G	S:I714V	15	55636	0.00027	23684	23715
A23403G T23511-A C23525T	S:D614G NA S:H655Y	15	10907	0.001375	23393	23539
A23403G C23457-T C23525T	S:D614G NA S:H655Y	15	10907	0.001375	23394	23538
A23013C T23018G	S:E484A S:F486V	15	1554	0.009653	23011	23042
A22134G	S:E191G	15	11249	0.001333	22126	22191
T25479C	ORF3a:V29V	14	5165	0.002711	25375	25566
T25316-C	NA	14	28718	0.000487	25306	25325
T25303-TG T25306G	NA S:C1248W	14	28391	0.000493	25279	25325
T25264C	S:L1234L	14	27133	0.000516	25225	25325
T25123-G	NA	14	14768	0.000948	25122	25144
T24995C C25000T	S:L1145L S:D1146D	14	15559	0.0009	24990	25069
T24940C	S:C1126C	14	15162	0.000923	24929	24943
T24866+G	NA	14	15322	0.000914	24851	24877
T24856+G	NA	14	15120	0.000926	24850	24877
T24643-A C24672-AA A24684-T	NA NA NA	14	3216	0.004353	24612	24700
T24571C	S:S1003S	14	32673	0.000428	24539	24679
T24491C	S:L977L	14	62558	0.000224	24480	24529
T24469G	S:N969K	14	50730	0.000276	24465	24564
T24469A A24578G	S:N969K S:T1006A	14	20497	0.000683	24465	24679
T24469A A24539-T	S:N969K NA	14	49417	0.000283	24465	24564
T23740C	S:I726I	14	13846	0.001011	23683	23772
T23716-A	NA	14	54903	0.000255	23683	23725
T23599G T23602C	S:N679K S:S680S	14	78550	0.000178	23580	23642
T23599G C23604A T23719C	S:N679K S:P681H S:T719T	14	36309	0.000386	23580	23724
T23599G C23604A G23666-A A23704-C A23711-AT	S:N679K S:P681H NA NA NA	14	36595	0.000383	23580	23724
T23599G C23604A G23621A	S:N679K S:P681H S:V687I	14	78408	0.000179	23581	23642
T23599G C23604A C23705T	S:N679K S:P681H S:P715S	14	36982	0.000379	23580	23724
T23599G C23604A C23679-T	S:N679K S:P681H NA	14	37652	0.000372	23580	23708
T23599G C23604A A23720-T	S:N679K S:P681H NA	14	36293	0.000386	23580	23724
T23599G C23604A A23720+T	S:N679K S:P681H NA	14	36293	0.000386	23580	23724
T23599G C23604A A23687G	S:N679K S:P681H S:N709D	14	37550	0.000373	23580	23724
T23599G C23603+A	S:N679K NA	14	78550	0.000178	23581	23622
T23346C A23403G	S:V595A S:D614G	14	27392	0.000511	23335	23443
T23337C A23403G	S:F592S S:D614G	14	26930	0.00052	23273	23443
T23332C A23403G	S:C590C S:D614G	14	15192	0.000922	23296	23421
T23316C A23403G	S:L585P S:D614G	14	15169	0.000923	23269	23431
T22882G C22995A A23013C T23018G	S:N440K S:T478K S:E484A S:F486V	14	1119	0.012511	22876	23022
T22882G A22893C T22917G T22942A	S:N440K S:K444T S:L452R S:N460K	14	9786	0.001431	22877	22949
T22293-A	NA	14	9211	0.00152	22246	22308
G25302T	S:C1247F	14	28386	0.000493	25262	25325
G25299A	S:G1246D	14	28279	0.000495	25287	25325
G25173-A C25262-T	NA NA	14	12196	0.001148	25130	25325
G24954-A	NA	14	12863	0.001088	24934	24974
G24690+T	NA	14	3534	0.003962	24620	24700
G24570-T C24672-A	NA NA	14	31354	0.000447	24484	24679
G24530+A	NA	14	63207	0.000221	24503	24559
G23755+C C23854A	NA S:N764K	14	11233	0.001246	23741	23895
G23675-T	NA	14	40990	0.000342	23611	23685
G23642-C	NA	14	78914	0.000177	23632	23699
G23593A T23599G C23604A	S:Q677Q S:N679K S:P681H	14	78446	0.000178	23580	23642
G23517A C23525T T23599G C23604A	S:G652E S:H655Y S:N679K S:P681H	14	39347	0.000356	23487	23642
G23516A C23525T T23599G C23604A	S:G652R S:H655Y S:N679K S:P681H	14	39328	0.000356	23487	23642
G23417C	S:E619Q	14	30049	0.000466	23408	23423
G23345-T	NA	14	32644	0.000429	23275	23402
G22813T T22917G T22942A	S:K417N S:L452R S:N460K	14	7775	0.001801	22793	22949
G22813T T22882G A22910G T22917G	S:K417N S:N440K S:N450D S:L452R	14	9602	0.001458	22793	22963
G22813T T22882G A22893T G22898A T22917G T22942G	S:K417N S:N440K S:K444M S:G446S S:L452R S:N460K	14	7775	0.001801	22793	22949
G22051-A C22120-A	NA NA	14	5529	0.002532	22047	22192
G21850+A	NA	14	7631	0.001835	21847	21888
C25416T G25555-T	ORF3a:F8F NA	14	3246	0.004313	25372	25566
C25006T	S:F1148F	14	15577	0.000899	24938	25069
C25000T T25140-A	S:D1146D NA	14	2405	0.005821	24990	25210
C24981-T C25000T A25056-T	NA S:D1146D NA	14	11622	0.001205	24925	25069
C24878-A A24885-T C24981-T C25000T	NA NA NA S:D1146D	14	11335	0.001235	24850	25023
C24863T	S:H1101Y	14	15323	0.000914	24850	24879
C24773-A	NA	14	5997	0.002335	24735	24784
C24672+A	NA	14	36169	0.000387	24522	24679
C24418+A A24424T	NA S:Q954P	14	30803	0.000455	24412	24457
C24365-A A24424T	NA S:Q954H	14	2695	0.005195	24341	24424
C24320-A	NA	14	8304	0.001686	24229	24332
C24026-T C24034-A	NA NA	14	7484	0.001871	24021	24058
C23816-T G23835-T	NA NA	14	14951	0.000936	23767	23849
C23785+A	NA	14	15756	0.000889	23691	23793
C23707+G	NA	14	55364	0.000253	23698	23714
C23706T	S:P715L	14	55520	0.000252	23688	23724
C23683+A	NA	14	41136	0.00034	23676	23718
C23604A A23639-T	S:P681H NA	14	76907	0.000182	23593	23642
C23525T T23599G C23604A C23630T	S:H655Y S:N679K S:P681H S:Q690*	14	38820	0.000361	23487	23637
C23525T T23596+A T23599G C23604A	S:H655Y NA S:N679* S:P681Y	14	39359	0.000356	23501	23624
C23525T G23574A T23599G C23604A	S:H655Y S:C671Y S:N679K S:P681H	14	39359	0.000356	23487	23642
C23525T G23549A T23599G C23604A	S:H655Y S:D663N S:N679K S:P681H	14	39359	0.000356	23492	23642
C23525T A23558-T	S:H655Y NA	14	40032	0.00035	23504	23567
C23525T A23535G	S:H655Y S:N658S	14	55567	0.000252	23487	23539
C23373-T	NA	14	30647	0.000457	23336	23382
C23334-T T23421+C	NA NA	14	14926	0.000938	23269	23438
C23334-T T23394C A23403G	NA S:L611P S:D614G	14	15199	0.000921	23269	23443
C23334-T C23393-T	NA NA	14	15405	0.000909	23269	23406
C23280T A23403G	S:T573I S:D614G	14	14664	0.000955	23270	23443
C21888-T G21987A	NA S:G142D	14	5432	0.002577	21847	21993
C21618T T21632-TACCCCCTG T21775G	S:T19I S:DEL25/27 S:S71S	14	8174	0.001713	21608	21802
C21618T T21632-TACCCCCTG T21710C A21764-TACATG	S:T19I S:DEL25/27 S:S50P S:DEL69/70	14	8205	0.001706	21597	21802
C21618T T21632-TACCCCCTG T21653-CTT A21764-TACATG	S:T19I S:DEL25/27 S:DEL32 S:DEL69/70	14	8205	0.001706	21597	21802
C21618T T21632-TACCCCCTG G21746A A21764-TACATG C21781-A	S:T19I S:DEL25/27 S:V62I S:DEL69/70 NA	14	8172	0.001713	21608	21802
C21618T C21618-A T21632-TACCCCCTG A21764-TACATG	S:T19I NA S:DEL25/27 S:DEL69/70	14	8205	0.001706	21597	21802
A25562+T	NA	14	3204	0.00437	25372	25566
A25438G	ORF3a:K16E	14	8992	0.001557	25383	25465
A25274-C	NA	14	27559	0.000508	25264	25325
A25185C	S:Q1208P	14	16403	0.000854	25129	25194
A24902-T C24981-T C25000T	NA NA S:D1146D	14	11602	0.001207	24867	25021
A24902-T C24981-T	NA NA	14	11946	0.001172	24850	24993
A24885-T C24981-T	NA NA	14	11713	0.001195	24850	24992
A24673C	S:S1037S	14	36067	0.000388	24651	24679
A24599G	S:I1013V	14	32408	0.000432	24500	24679
A24582G	S:Y1007C	14	32495	0.000431	24499	24677
A24545G	S:R995G	14	62898	0.000223	24511	24564
A24424T T24534C	S:Q954H S:V991A	14	27048	0.000518	24412	24563
A24424T T24505C	S:Q954H S:L981L	14	27275	0.000513	24412	24564
A24424T T24480C	S:Q954H S:I973T	14	27453	0.00051	24412	24564
A24424T T24450C	S:Q954H S:V963A	14	27784	0.000504	24412	24465
A24424T T24437C	S:Q954H S:L959L	14	27913	0.000502	24412	24564
A24424T T24436C	S:Q954H S:A958A	14	27925	0.000501	24412	24564
A24424T A24478G	S:Q954H S:A972A	14	27459	0.00051	24412	24564
A24424T A24456G	S:Q954H S:Q965R	14	27694	0.000506	24415	24461
A24424T A24452G	S:Q954H S:K964E	14	27756	0.000504	24412	24564
A24424T A24433G	S:Q954H S:Q957Q	14	27967	0.000501	24412	24455
A24253-T G24277+T	NA NA	14	8000	0.00175	24229	24288
A24182G	S:T874A	14	10674	0.001312	24148	24191
A24110-T T24126-TA	NA NA	14	4075	0.003436	24027	24153
A23853-C C23887-A	NA NA	14	14957	0.000936	23771	23895
A23853-C C23855A	NA S:R765S	14	16111	0.000869	23841	23892
A23847G C23854A	S:Q762R S:N764K	14	16041	0.000873	23835	23882
A23796G C23854A	S:D745G S:N764K	14	13916	0.001006	23764	23895
A23594+C T23599G C23604A	NA S:N679* S:P681Y	14	78485	0.000178	23580	23670
A23515+G C23525T A23558-T T23599G C23604A	NA S:H655S NA S:N679* S:P681Y	14	39312	0.000356	23487	23624
A23403G G23429T	S:D614G S:A623S	14	27987	0.0005	23285	23443
A23403G A23432G C23525T	S:D614G S:I624V S:H655Y	14	10907	0.001284	23389	23533
A23397+T	NA	14	29715	0.000471	23335	23409
A23379-C	NA	14	29859	0.000469	23335	23397
A23356G A23403G	S:I598M S:D614G	14	27563	0.000508	23270	23442
A23274G A23403G	S:D571G S:D614G	14	14628	0.000957	23269	23441
T25279C	S:S1239S	13	27708	0.000469	25268	25325
T25245A	S:V1228E	13	23609	0.000551	25219	25325
T25209C	S:I1216T	13	18528	0.000702	25198	25210
T25171C	S:L1203L	13	16451	0.00079	25152	25190
T25021-A	NA	13	15378	0.000845	25000	25035
T24991C C25000T	S:P1143P S:D1146D	13	15492	0.000839	24990	25066
T24763C	S:Y1067Y	13	5932	0.002192	24757	24791
T24660C	S:V1033A	13	36532	0.000356	24612	24676
T24544+A C24672-A	NA NA	13	31158	0.000417	24471	24679
T24492-A T24643-A	NA NA	13	30051	0.000433	24480	24671
T24490C	S:V976V	13	62531	0.000208	24473	24564
T24469A T24585C	S:N969K S:V1008A	13	20354	0.000639	24465	24679
T24469A C24509T	S:N969K S:R983C	13	49991	0.00026	24465	24564
T24469A A24619G	S:N969K S:R1019R	13	20156	0.000645	24465	24679
T24469A A24582G	S:N969K S:Y1007C	13	20397	0.000637	24465	24679
T24469A A24531G	S:N969K S:E990G	13	49619	0.000262	24465	24564
T24436C	S:A958A	13	29127	0.000446	24416	24456
T24156C	S:L865P	13	10855	0.001198	24151	24191
T24126C	S:F855S	13	5674	0.002291	24111	24137
T23916+A A23922T G23948T	NA S:Q787I S:D796*	13	1135	0.011454	23905	23978
T23698C C23854A	S:I712I S:N764K	13	10939	0.001188	23683	23895
T23697C	S:I712T	13	55852	0.000233	23683	23724
T23693+A	NA	13	55756	0.000233	23683	23724
T23689+A	NA	13	55600	0.000234	23683	23706
T23680C	S:A706A	13	41085	0.000316	23676	23724
T23672C	S:S704P	13	40931	0.000318	23667	23724
T23599G C23604A T23722C	S:N679K S:P681H S:I720I	13	36243	0.000359	23580	23724
T23599G C23604A T23641-G A23646G	S:N679K S:P681H NA S:Y695C	13	38075	0.000341	23580	23662
T23599G C23604A C23649T	S:N679K S:P681H S:T696I	13	38045	0.000342	23580	23724
T23599G C23604A C23606T	S:N679K S:P681H S:R682W	13	78508	0.000166	23584	23642
T23511+A C23525T	NA S:H655S	13	56119	0.000232	23493	23537
T23491C C23525T	S:F643F S:H655Y	13	54647	0.000238	23486	23529
T23434-C T23482-A C23525T	NA NA S:H655Y	13	12352	0.001052	23422	23538
T23425-G C23525T	NA S:H655Y	13	12161	0.001069	23404	23539
T23336C A23403G	S:F592L S:D614G	13	26651	0.000488	23335	23443
T23314C A23403G	S:I584I S:D614G	13	15167	0.000857	23296	23443
T23307C A23403G	S:L582P S:D614G	13	15162	0.000857	23269	23443
T23272-G A23403G	NA S:D614G	13	14544	0.000894	23269	23443
T22942C	S:N460N	13	13144	0.000989	22932	22967
T22162C	S:Y200Y	13	12837	0.001013	22140	22192
G25299-C G25302-T	NA NA	13	28264	0.00046	25286	25325
G25298A	S:G1246S	13	28247	0.00046	25278	25325
G25269A	S:C1236Y	13	27399	0.000474	25264	25325
G25173+A	NA	13	16430	0.000791	25140	25183
G24868-T C25000T	NA S:D1146D	13	11269	0.001154	24857	25030
G24868+T	NA	13	15339	0.000848	24859	24881
G24816-A	NA	13	2163	0.00601	24724	24929
G24659A	S:V1033I	13	36541	0.000356	24612	24676
G24649-T C24672-A	NA NA	13	36053	0.000361	24473	24679
G24611+A	NA	13	32372	0.000402	24474	24621
G24449-T	NA	13	29212	0.000445	24433	24551
G23948T A23964-T	S:D796Y NA	13	1853	0.007016	23941	23978
G23868-A	NA	13	16167	0.000804	23860	23895
G23465-T C23525T	NA S:H655Y	13	12818	0.001014	23437	23539
G23351-T	NA	13	32718	0.000397	23336	23363
G22992A C22995A A23013C	S:S477N S:T478K S:E484A	13	1521	0.008547	22950	23017
G22813T T22882G T22917G G22927-T	S:K417N S:N440K S:L452R NA	13	9070	0.001433	22793	22939
G22813T T22876-A T22882G T22917G	S:K417N NA S:N440K S:L452R	13	9602	0.001354	22801	22921
G22813T A22845-T T22882G T22917G	S:K417N NA S:N440K S:L452R	13	9602	0.001354	22793	22929
G22317T G22403-A	S:G252V NA	13	3119	0.004168	22306	22446
G22104-A C22120-A A22161-T T22200G	NA NA NA S:V213G	13	2888	0.004501	22100	22297
G22104-A C22120-A A22130-G	NA NA NA	13	9351	0.00139	22025	22192
G21987A T22054-A	S:G142D NA	13	6142	0.002117	21982	22058
G21987A A22001G T22016C T22020-G C22033A	S:G142D S:K147E S:W152R NA S:F157L	13	6536	0.001989	21982	22058
G21578-T C21618T T21632-TACCCCCTG	NA S:T19I S:DEL25/27	13	935	0.013904	21571	21664
C25308+T	NA	13	28617	0.000454	25294	25325
C25267T	S:C1235C	13	27285	0.000476	25251	25325
C25262-T T25289C	NA S:C1243R	13	26927	0.000483	25251	25325
C25207+G	NA	13	18114	0.000718	25199	25307
C25169-T	NA	13	16468	0.000789	25162	25178
C25132+A T25191-A C25262-T	NA NA NA	13	11555	0.001125	25122	25325
C25000T T25063C	S:D1146D S:G1167G	13	14541	0.000894	24990	25069
C24715-T	NA	13	3491	0.003724	24694	24791
C24639T	S:A1026V	13	36557	0.000356	24612	24679
C24606T	S:A1015V	13	32399	0.000401	24496	24675
C24536+A	NA	13	63029	0.000206	24518	24564
C24517T	S:D985D	13	63373	0.000205	24484	24545
C24431-A T24469A	NA S:N969K	13	28522	0.000456	24412	24564
C24422-A T24469A	NA S:N969K	13	27521	0.000472	24413	24564
C24358-A A24424T	NA S:Q954H	13	2662	0.004884	24335	24424
C24176-A	NA	13	10773	0.001207	24168	24190
C24026-T A24110-T C24119-A G24140-T	NA NA NA NA	13	3685	0.003528	24021	24182
C23854A T23877C	S:N764K S:V772A	13	15451	0.000841	23838	23895
C23854A A23884G	S:N764K S:Q774Q	13	15142	0.000859	23838	23890
C23854A A23869G	S:N764K S:G769G	13	15783	0.000824	23842	23895
C23700T	S:A713V	13	55959	0.000232	23695	23724
C23533-A T23599G C23604A	NA S:N679K S:P681H	13	39461	0.000329	23525	23642
C23525T G23564A T23599G C23604A	S:H655Y S:A668T S:N679K S:P681H	13	39359	0.00033	23487	23642
C23525T G23547+T T23599G C23604A	S:H655Y NA S:N679* S:P681Y	13	39359	0.00033	23487	23637
C23525T C23530T	S:H655Y S:V656V	13	56067	0.000232	23499	23539
C23525T A23566T T23599G C23604A	S:H655Y S:A668A S:N679K S:P681H	13	39359	0.00033	23487	23636
C23525T A23550T T23599G C23604A	S:H655Y S:D663V S:N679K S:P681H	13	39359	0.00033	23487	23642
C23334-TT A23403G	NA S:D614G	13	15199	0.000855	23269	23443
C23334-T T23394C	NA S:L611P	13	15386	0.000845	23270	23432
C23334-T C23367-A A23403G	NA NA S:D614G	13	15199	0.000855	23269	23412
C23334-T A23400+G	NA NA	13	15254	0.000852	23269	23419
C23306+T	NA	13	16358	0.000795	23269	23317
C22290T T22291C	S:A243V S:A243V	13	9187	0.001415	22246	22446
C22120-A T22200G C22227-T	NA S:V213G NA	13	2819	0.004612	22112	22283
C22120-A A22161-T T22200G G22218-T	NA NA S:V213G NA	13	2881	0.004512	22106	22290
C22062-T G22104-A C22120-A	NA NA NA	13	5611	0.002317	22025	22192
C21618T T21632-TACCCCCTG G21701-T A21764-TACATG	S:T19I S:DEL25/27 NA S:DEL69/70	13	8205	0.001584	21606	21802
C21618T T21632-TACCCCCTG C21736-T C21781-A	S:T19I S:DEL25/27 NA NA	13	8172	0.001591	21608	21802
C21618T T21632-TACCCCCTG C21736-T	S:T19I S:DEL25/27 NA	13	8266	0.001573	21604	21764
C21618T T21632-TACCCCCTG C21732-T	S:T19I S:DEL25/27 NA	13	8280	0.00157	21597	21789
C21618T T21632-TACCCCCTG C21682-A G21686-T A21764-TACATG	S:T19I S:DEL25/27 NA NA S:DEL69/70	13	8205	0.001584	21597	21802
C21618T T21632-TACCCCCTG C21654-T C21736-T A21764-TACATG	S:T19I S:DEL25/27 NA NA S:DEL69/70	13	8205	0.001584	21597	21802
A25439G	ORF3a:K16R	13	8980	0.001448	25383	25467
A25369-T	NA	13	3420	0.003801	25362	25382
A25247G C25262-T	S:M1229V NA	13	23601	0.000551	25122	25278
A25182G	S:E1207G	13	16451	0.00079	25151	25210
A25125+G C25262-T	NA NA	13	11018	0.00118	25122	25325
A24780G	S:K1073R	13	5971	0.002177	24724	24792
A24735-T	NA	13	5645	0.002303	24726	24772
A24630G	S:N1023S	13	36599	0.000355	24626	24640
A24568G	S:Q1002Q	13	32694	0.000398	24499	24679
A24468G T24469A	S:N969R S:N969R	13	50723	0.000256	24465	24564
A24461G	S:S967G	13	29101	0.000447	24412	24474
A24424T T24513C	S:Q954H S:L984P	13	27213	0.000478	24412	24564
A24424T G24488-T C24503-T	S:Q954H NA NA	13	27285	0.000476	24412	24564
A24424T A24556G	S:Q954H S:T998T	13	26712	0.000487	24412	24564
A24424T A24543G	S:Q954H S:D994G	13	26962	0.000482	24412	24564
A24424T A24539+T	S:Q954H NA	13	26990	0.000482	24412	24564
A24424T A24440G	S:Q954H S:N960D	13	27896	0.000466	24417	24564
A24424T A24432G T24469A	S:Q954H S:Q957R S:N969K	13	27529	0.000472	24412	24564
A24424T A24426G T24469A	S:Q954H S:N955S S:N969K	13	27529	0.000472	24412	24564
A23772-T C23854A	NA S:N764K	13	13475	0.000965	23684	23895
A23772+T	NA	13	15973	0.000814	23767	23786
A23708G	S:T716A	13	55283	0.000235	23683	23724
A23403G T23489C C23525T	S:D614G S:F643L S:H655Y	13	10907	0.001192	23339	23539
A23403G T23437C C23525T	S:D614G S:H625H S:H655Y	13	10907	0.001192	23351	23532
A23403G T23428C C23525T	S:D614G S:V622V S:H655Y	13	10907	0.001192	23335	23532
A23403G T23407-A	S:D614G NA	13	29171	0.000446	23270	23443
A23403G G23405A	S:D614G S:V615I	13	29171	0.000446	23377	23429
A23357-C C23525T	NA S:H655Y	13	9519	0.001366	23335	23539
A23274G	S:D571G	13	17982	0.000723	23269	23290
A22924-T T22942A	NA S:N460K	13	12161	0.001069	22917	22967
A22443-C	NA	13	6897	0.001885	22404	22446
A22041-T	NA	13	17200	0.000756	22025	22054
A22025G	S:S155G	13	10893	0.001193	22000	22058
T25399C	ORF3a:L3L	12	9502	0.001263	25382	25475
T25258C	S:I1232I	12	26842	0.000447	25251	25325
T25242C	S:I1227T	12	23542	0.00051	25234	25325
T25161C	S:L1200P	12	16486	0.000728	25135	25177
T25152C	S:L1197P	12	16485	0.000728	25122	25210
T25150C C25262-T	S:S1196S NA	12	11896	0.001009	25122	25323
T25148C C25262-T	S:S1196P NA	12	11871	0.001011	25138	25325
T25140+A C25262-T	NA NA	12	11704	0.001025	25130	25325
T25129C	S:V1189V	12	15061	0.000797	25125	25177
T25072-G	NA	12	2869	0.004183	24990	25088
T24689G G24690T	S:C1043V S:C1043V	12	3484	0.003444	24681	24699
T24544-A	NA	12	62918	0.000191	24521	24553
T24499+A C24672-A	NA NA	12	30131	0.000398	24470	24679
T24469A T24650C	S:N969K S:S1030P	12	19954	0.000601	24465	24679
T24469A T24625C	S:N969K S:S1021S	12	20103	0.000597	24465	24679
T24469A T24552C	S:N969K S:I997T	12	49101	0.000244	24465	24564
T24469A A24677G	S:N969K S:R1039G	12	19555	0.000614	24465	24679
T24414C A24424T	S:V951A S:Q954H	12	30514	0.000393	24412	24424
T24179C	S:Y873H	12	10716	0.00112	24164	24191
T23916+A A23922T T23927A	NA S:Q787I S:Y789I	12	2342	0.005124	23904	23978
T23840G C23854A	S:C760G S:N764K	12	15632	0.000768	23833	23895
T23822C C23854A	S:L754L S:N764K	12	14281	0.00084	23683	23895
T23728C C23854A	S:V722V S:N764K	12	11112	0.00108	23698	23895
T23684C	S:S708P	12	55413	0.000217	23683	23724
T23599G C23604A T23721C	S:N679K S:P681H S:I720T	12	36266	0.000331	23580	23724
T23599G C23604A T23689-A	S:N679K S:P681H NA	12	37531	0.00032	23581	23724
T23599G C23604A G23653A	S:N679K S:P681H S:M697I	12	38002	0.000316	23580	23724
T23599G C23604A A23665G G23666-A	S:N679K S:P681H S:A701A NA	12	37828	0.000317	23580	23705
T23599G C23604A A23631T	S:N679K S:P681H S:Q690L	12	77686	0.000154	23581	23724
T23599G C23604+A	S:N679K NA	12	78540	0.000153	23580	23613
T23599G A23670G	S:N679K S:N703S	12	37786	0.000318	23588	23724
T23487G C23525T	S:V642G S:H655Y	12	34820	0.000345	23486	23528
T23482-A G23522-A C23525T	NA NA S:H655Y	12	13217	0.000908	23468	23539
T23421-C	NA	12	29904	0.000401	23412	23442
T23355-A A23403G	NA S:D614G	12	27550	0.000436	23335	23415
T23355+A	NA	12	32788	0.000366	23336	23368
T23350C A23403G	S:S596S S:D614G	12	27434	0.000437	23335	23443
T23350-G C23393+T	NA NA	12	28339	0.000423	23269	23443
T23338C	S:F592F	12	32164	0.000373	23335	23358
T23336C	S:F592L	12	31480	0.000381	23335	23361
T23317C	S:L585L	12	16228	0.000739	23273	23321
T22896C	S:V445A	12	13137	0.000913	22890	22937
T22882G G22895C T22896C G22898A T22942G	S:N440K S:V445P S:V445P S:G446S S:N460K	12	9786	0.001226	22877	22956
T22882G A22893G T22917G	S:N440K S:K444R S:L452R	12	11685	0.001027	22833	22923
T22882G A22893C T22917G C22995A A23013C T23018G	S:N440K S:K444T S:L452R S:T478K S:E484A S:F486V	12	1119	0.010724	22876	23042
T22679C	S:S373P	12	325	0.036923	22641	22682
T22288-GCT	S:DEL243	12	9218	0.001302	22246	22309
T22200A G22317T	S:V213E S:G252V	12	2802	0.004283	22194	22319
T22177-A	NA	12	13433	0.000893	22170	22192
T22144-A	NA	12	11821	0.001015	22133	22191
T21632-TACCCCCTG T21649-A	S:DEL25/27 NA	12	9685	0.001239	21593	21664
T21632-TACCCCCTG G21668+T A21764-TACATG	S:DEL25/27 NA S:DEL69/70	12	8207	0.001462	21597	21802
G25494-A	NA	12	4144	0.002896	25381	25504
G25409-A	NA	12	9365	0.001281	25381	25445
G25401-T	NA	12	9461	0.001268	25375	25459
G25314A	S:G1251E	12	28699	0.000418	25243	25325
G25305A	S:C1248Y	12	28517	0.000421	25220	25325
G25269-T	NA	12	27399	0.000438	25261	25325
G25183A	S:E1207E	12	16449	0.00073	25173	25210
G24933T C24981-T C25000T	S:G1124V NA S:D1146D	12	11811	0.001016	24850	25022
G24858A C24981-T C25000T	S:G1099D NA S:D1146D	12	11195	0.001072	24850	25022
G24770A	S:A1070T	12	5976	0.002008	24755	24791
G24605A	S:A1015T	12	32407	0.00037	24488	24679
G24546A	S:R995K	12	62880	0.000191	24465	24564
G24510+T	NA	12	63364	0.000189	24476	24525
G23835-T C23854A	NA S:N764K	12	14880	0.000806	23816	23870
G23417+A	NA	12	30049	0.000399	23411	23429
G23364+A	NA	12	31705	0.000378	23339	23377
G23345A	S:V595I	12	32644	0.000368	23335	23356
G23132+T	NA	12	2585	0.004642	23096	23148
G22933-A T22942A	NA S:N460K	12	12913	0.000929	22922	22966
G22813T T22882G A22893G G22898A A22910G C22916A T22942G	S:K417N S:N440K S:K444R S:G446S S:N450D S:L452M S:N460K	12	7775	0.001543	22793	22949
G22813T T22882G A22893C T22917G G22927-T	S:K417N S:N440K S:K444T S:L452R NA	12	9070	0.001323	22793	22937
G22813T T22882G A22893C G22898A T22917G T22942G	S:K417N S:N440K S:K444T S:G446S S:L452R S:N460K	12	7775	0.001543	22793	22967
G22813T T22882G A22893C C22938+T	S:K417N S:N440K S:K444T NA	12	8329	0.001441	22801	22946
G22813T T22831+A	S:K417N NA	12	11826	0.001015	22797	22855
G22427-T	NA	12	6908	0.001737	22413	22446
G22336-A	NA	12	4280	0.002804	22329	22355
G22104-A C22120-A A22135+G	NA NA NA	12	9198	0.001305	22030	22192
G22104-A A22161-T	NA NA	12	8905	0.001348	22100	22192
G21987A T21990-TTA C22000A	S:G142D S:DEL144 S:H146Q	12	8716	0.001377	21971	22048
G21987A C22009-A	S:G142D NA	12	7704	0.001558	21981	22020
G21987A A22001G C22033A	S:G142D S:K147E S:F157L	12	6536	0.001836	21980	22058
G21987A A21993-TT	S:G142D NA	12	9243	0.001298	21980	22058
C25413+T	NA	12	9308	0.001289	25372	25431
C25262-T G25290T	NA S:C1243F	12	26921	0.000446	25122	25325
C25132+A G25135+A C25262-T	NA NA NA	12	11555	0.001039	25122	25324
C25000T T25191-A	S:D1146D NA	12	2252	0.005329	24990	25210
C25000T T25063-G	S:D1146D NA	12	14541	0.000825	24850	25069
C24878-A C25000T	NA S:D1146D	12	11335	0.001059	24872	25015
C24865T	S:H1101H	12	15321	0.000783	24853	24889
C24863T C24981-T C25000T	S:H1101Y NA S:D1146D	12	11240	0.001068	24850	25010
C24672T A24673C	S:S1037F S:S1037F	12	36066	0.000333	24612	24679
C24672T	S:S1037L	12	36169	0.000332	24612	24679
C24555T	S:T998I	12	62619	0.000192	24506	24564
C24536T	S:Q992*	12	63029	0.00019	24495	24564
C24517+A	NA	12	63373	0.000189	24499	24533
C24503-T A24539-T C24672-A	NA NA NA	12	30392	0.000395	24473	24679
C24319A	S:N919K	12	8294	0.001447	24293	24357
C24026-T A24110-T C24119-A G24124-T	NA NA NA NA	12	3777	0.003177	24021	24191
C23854A T23860C	S:N764K S:A766A	12	16016	0.000749	23836	23895
C23854A A23870G	S:N764K S:I770V	12	15754	0.000762	23842	23895
C23604A G23642-C	S:P681H NA	12	76566	0.000157	23580	23724
C23604A G23624A	S:P681H S:A688T	12	78470	0.000153	23580	23642
C23604A G23608A	S:P681H S:R682R	12	78624	0.000153	23580	23642
C23591+G T23599G C23604A	NA S:N679* S:P681Y	12	78387	0.000153	23580	23642
C23533-A	NA	12	56191	0.000214	23509	23539
C23525T T23560G T23599G C23604A	S:H655Y S:I666M S:N679K S:P681H	12	39359	0.000305	23487	23641
C23525T G23568A T23599G C23604A	S:H655Y S:G669D S:N679K S:P681H	12	39359	0.000305	23492	23642
C23525T C23630-A	S:H655Y NA	12	38820	0.000309	23492	23642
C23525T A23554-C T23599G C23604A	S:H655Y NA S:N679K S:P681H	12	39359	0.000305	23487	23629
C23399+T	NA	12	29703	0.000404	23339	23411
C23393+T A23403G	NA S:D614G	12	28712	0.000418	23335	23419
C23334-T T23355-A A23403G	NA NA S:D614G	12	15199	0.00079	23269	23443
C23334-T C23393-T A23403G	NA NA S:D614G	12	15199	0.00079	23269	23443
C23334-T A23403G G23417+A	NA S:D614G NA	12	14998	0.0008	23269	23428
C22802-A G22813T T22882G A22893C T22917G	NA S:K417N S:N440K S:K444T S:L452R	12	9519	0.001261	22793	22922
C22802-A G22813T	NA S:K417N	12	11829	0.001014	22793	22816
C22383-T T22392-A	NA NA	12	6532	0.001837	22368	22408
C22120-A T22200G A22245-T	NA S:V213G NA	12	2690	0.004461	22100	22319
C21888-T A21979-T G21987A C22000-A	NA NA S:G142D NA	12	4746	0.002528	21850	22012
C21618T T21632-TACCCCCTG C21654-T G21686-T A21764-TACATG	S:T19I S:DEL25/27 NA NA S:DEL69/70	12	8205	0.001463	21597	21800
C21618T T21632-TACCCCCTG A21717G A21764-TACATG	S:T19I S:DEL25/27 S:Q52R S:DEL69/70	12	8205	0.001463	21597	21802
A25531-T	NA	12	3361	0.00357	25384	25552
A25296-G	NA	12	28193	0.000426	25251	25311
A25182G G25198-C	S:E1207G NA	12	15933	0.000753	25130	25325
A25137+T C25262-T	NA NA	12	11651	0.00103	25122	25325
A24999-C	NA	12	15614	0.000769	24990	25032
A24922+T C25000T	NA S:D1146S	12	11711	0.001025	24850	25009
A24915G C25000T	S:D1118G S:D1146D	12	11685	0.001027	24850	25069
A24902-T C25000T	NA S:D1146D	12	11602	0.001034	24852	25009
A24758G	S:T1066A	12	5889	0.002038	24724	24780
A24679G	S:R1039R	12	34467	0.000348	24612	24679
A24556G	S:T998T	12	62519	0.000192	24480	24564
A24424T T24564C	S:Q954H Unknown	12	26564	0.000452	24412	24564
A24424T T24552C	S:Q954H S:I997T	12	26875	0.000447	24418	24564
A24424T T24541C	S:Q954H S:I993I	12	26979	0.000445	24412	24558
A24424T T24496C	S:Q954H S:N978N	12	27355	0.000439	24412	24564
A24424T T24469A G24488+T	S:Q954H S:N969K NA	12	27402	0.000438	24413	24563
A24424T T24469A A24525G	S:Q954H S:N969K S:E988G	12	27115	0.000443	24412	24550
A24424T T24464C	S:Q954H S:S968P	12	27568	0.000435	24412	24564
A24424T G24535A	S:Q954H S:V991V	12	27032	0.000444	24412	24554
A24424T G24488-T C24503-T C24517-A	S:Q954H NA NA NA	12	27186	0.000441	24412	24564
A24424T C24517-A C24536-A	S:Q954H NA NA	12	27024	0.000444	24412	24564
A24424T C24503+T	S:Q954H NA	12	27285	0.00044	24412	24564
A24424T C24458T	S:Q954H S:L966F	12	27646	0.000434	24412	24468
A24424T C24435-T T24469A	S:Q954H NA S:N969K	12	27529	0.000436	24412	24564
A24424T A24560G	S:Q954H S:R1000G	12	26636	0.000451	24412	24564
A24424T A24532G	S:Q954H S:E990E	12	27071	0.000443	24413	24564
A24424T A24468-TT	S:Q954H NA	12	27537	0.000436	24412	24564
A24424T A24457G	S:Q954H S:Q965Q	12	27672	0.000434	24412	24564
A24424T A24430G	S:Q954H S:A956A	12	27978	0.000429	24412	24564
A24423G A24424T	S:Q954R S:Q954R	12	30877	0.000389	24412	24424
A24411-T A24424T	NA S:Q954H	12	2879	0.004168	24386	24424
A24167G	S:M869V	12	10910	0.0011	24148	24173
A23848G C23854A	S:Q762Q S:N764K	12	16055	0.000747	23835	23894
A23848+T C23887-A G23903-T C23929-A	NA NA NA NA	12	1557	0.007707	23767	23943
A23800G C23854A	S:S746S S:N764K	12	14007	0.000857	23772	23895
A23800G	S:S746S	12	15843	0.000757	23791	23807
A23796C C23854A	S:D745A S:N764K	12	13916	0.000862	23787	23895
A23786-T C23854A C23887-A	NA S:N764K NA	12	12350	0.000972	23683	23895
A23690G C23854A	S:N710D S:N764K	12	10830	0.001108	23684	23895
A23524G C23525T	S:E654E S:H655Y	12	56343	0.000213	23501	23539
A23442+C C23525T	NA S:H655S	12	12487	0.000961	23427	23539
A23418G	S:E619G	12	30032	0.0004	23403	23427
A23416T C23525T	S:T618T S:H655Y	12	11950	0.001004	23403	23539
A23414G	S:T618A	12	30041	0.000399	23335	23426
A23403G T23452C C23525T	S:D614G S:T630T S:H655Y	12	10907	0.0011	23394	23539
A23403G T23434C	S:D614G S:I624I	12	26527	0.000452	23394	23443
A23403G T23428C	S:D614G S:V622V	12	28093	0.000427	23372	23443
A23403G T23404C	S:D614G S:D614G	12	29172	0.000411	23389	23443
A23403G G23417C T23427C	S:D614G S:E619Q S:V622A	12	28220	0.000425	23335	23446
A23403G C23525T A23531G	S:D614G S:H655Y S:N657D	12	10837	0.001107	23335	23539
A23362G	S:P600P	12	32406	0.00037	23335	23380
A23354G	S:I598V	12	32780	0.000366	23335	23364
A23312-T C23334-T	NA NA	12	16048	0.000748	23285	23366
A23312-T	NA	12	16274	0.000737	23269	23326
A23310G C23334-T	S:E583G NA	12	16046	0.000748	23269	23410
A23276T C23334-T A23403G	S:T572S NA S:D614G	12	14644	0.000819	23269	23443
A23276G A23403G	S:T572A S:D614G	12	14644	0.000819	23269	23443
A23157+T	NA	12	2635	0.004554	23096	23167
A22948-C	NA	12	13428	0.000894	22937	22967
A22845-T T22882G A22893C T22917G	NA S:N440K S:K444T S:L452R	12	9859	0.001217	22817	22937
A22798+G T22882G A22893C T22917G	NA S:N440Q S:K444S S:L452R	12	9384	0.001279	22793	22937
A22135+GT G22141+T	NA NA	12	11321	0.00106	22030	22192
A21692+C	NA	12	8945	0.001342	21684	21802
T25434C	ORF3a:T14T	11	9041	0.001217	25372	25475
T25196C	S:W1212R	11	17169	0.000641	25130	25325
T25159C	S:D1199D	11	16492	0.000667	25140	25168
T24628-A C24632-T	NA NA	11	36528	0.000301	24612	24679
T24572C	S:L1004L	11	32690	0.000336	24475	24590
T24541+G	NA	11	63007	0.000175	24532	24549
T24492-A C24672-A	NA NA	11	29649	0.000371	24486	24679
T24472C	S:F970F	11	57762	0.00019	24465	24564
T24471-TG C24536-AA	NA NA	11	55822	0.000197	24433	24564
T24469A T24511C	S:N969K S:R983R	11	49969	0.00022	24465	24564
T24469A T24506C	S:N969K S:S982P	11	50049	0.00022	24465	24564
T24469A T24489C	S:N969K S:V976A	11	50487	0.000218	24465	24564
T24469A G24535A	S:N969K S:V991V	11	49496	0.000222	24465	24564
T24469A A24500G	S:N969K S:I980V	11	50190	0.000219	24465	24564
T24448C	S:L962L	11	29215	0.000377	24413	24526
T23944A	S:I794I	11	2964	0.003711	23941	23947
T23754C C23854A	S:M731T S:N764K	11	11232	0.000979	23683	23891
T23748C C23854A	S:V729A S:N764K	11	11205	0.000982	23683	23895
T23684C C23854A	S:S708P S:N764K	11	10782	0.00102	23683	23895
T23681+C	NA	11	41090	0.000268	23666	23724
T23622-A	NA	11	79743	0.000138	23615	23724
T23599G G23642-C	S:N679K NA	11	76451	0.000144	23580	23724
T23599G C23604A T23715C	S:N679K S:P681H S:F718S	11	36540	0.000301	23580	23724
T23599G C23604A T23713C	S:N679K S:P681H S:N717N	11	36560	0.000301	23580	23724
T23599G C23604A G23666-A C23707T	S:N679K S:P681H NA S:P715P	11	36797	0.000299	23580	23724
T23599G C23604A G23611A	S:N679K S:P681H S:R683R	11	78486	0.00014	23580	23642
T23599G C23604A C23638T	S:N679K S:P681H S:I692I	11	77260	0.000142	23580	23642
T23599G C23604A A23704+C C23709+A	S:N679K S:P681H NA NA	11	36689	0.0003	23580	23724
T23599G C23604A A23639C	S:N679K S:P681H S:I693L	11	76792	0.000143	23580	23724
T23599G A23696-T	S:N679K NA	11	37444	0.000294	23581	23722
T23599G A23631G	S:N679K S:Q690R	11	77686	0.000142	23580	23642
T23521C C23525T	S:A653A S:H655Y	11	56328	0.000195	23487	23539
T23500+G	NA	11	56219	0.000196	23486	23508
T23437C	S:H625H	11	28291	0.000389	23405	23443
T23375C	S:S605P	11	30262	0.000363	23335	23399
T23350+G	NA	11	32719	0.000336	23336	23362
T23341C A23403G	S:G593G S:D614G	11	27123	0.000406	23335	23443
T23341+G	NA	11	32433	0.000339	23335	23362
T23322C A23403G	S:I587T S:D614G	11	15174	0.000725	23269	23438
T23289C A23403G	S:V576A S:D614G	11	14961	0.000735	23269	23433
T23289+C	NA	11	18312	0.000601	23269	23299
T22882G T22917G T22942A	S:N440K S:L452R S:N460K	11	9786	0.001124	22877	22949
T22882G A22893G	S:N440K S:K444R	11	12982	0.000847	22877	22898
T22882G A22893C T22917G C22995A A23013C T23018G C23029-T	S:N440K S:K444T S:L452R S:T478K S:E484A S:F486V NA	11	1103	0.009973	22877	23048
T22882G A22893C T22917G C22945-A	S:N440K S:K444T S:L452R NA	11	9521	0.001155	22876	22960
T22399+A	NA	11	6695	0.001643	22368	22409
T22392-A G22487-A	NA NA	11	2322	0.004737	22368	22499
T22384C	S:T274T	11	6675	0.001648	22368	22438
T22287C	S:L242P	11	9223	0.001193	22268	22313
T22156-G	NA	11	12408	0.000887	22141	22191
T22076C	S:S172P	11	6286	0.00175	22061	22082
T22042C	S:Y160Y	11	17203	0.000639	22025	22058
G25447-A	NA	11	8849	0.001243	25381	25460
G25340-A	NA	11	3298	0.003335	25300	25351
G25284A	S:C1241Y	11	27820	0.000395	25255	25324
G25177-T	NA	11	16441	0.000669	25140	25188
G24848+T	NA	11	2221	0.004953	24724	24898
G24666-A	NA	11	36410	0.000302	24612	24679
G24638A	S:A1026T	11	36569	0.000301	24612	24646
G24488-T C24517-A T24643-A C24672-A	NA NA NA NA	11	29289	0.000376	24470	24679
G24462-C	NA	11	29106	0.000378	24412	24564
G24434T	S:A958S	11	29077	0.000378	24428	24564
G23768-T C23887-A	NA NA	11	12224	0.0009	23767	23895
G23699A	S:A713T	11	55872	0.000197	23684	23724
G23402-A C23525T	NA S:H655Y	11	10907	0.001009	23395	23529
G23387A A23403G	S:A609T S:D614G	11	28448	0.000387	23335	23443
G22813T T22882G T22917G G22918A	S:K417N S:N440K S:L452R S:L452R	11	9433	0.001166	22793	22926
G22813T T22882G T22917G C22950-T	S:K417N S:N440K S:L452R NA	11	7338	0.001499	22793	22967
G22813T T22882G G22894T T22917G	S:K417N S:N440K S:K444N S:L452R	11	9602	0.001146	22793	22939
G22813T T22882G A22893G	S:K417N S:N440K S:K444R	11	10871	0.001012	22795	22904
G22813T T22882G A22893C T22942A	S:K417N S:N440K S:K444T S:N460K	11	7775	0.001415	22793	22958
G22813T T22882G A22893C T22917G A22948C C22949-CT	S:K417N S:N440K S:K444T S:L452R S:K462N NA	11	7366	0.001493	22793	22967
G22813T T22876-A T22882G A22893C	S:K417N NA S:N440K S:K444T	11	10871	0.001012	22793	22903
G22813T A22845-T T22882G T22942A	S:K417N NA S:N440K S:N460K	11	7775	0.001415	22793	22949
G22487-A C22502-A	NA NA	11	2790	0.003943	22368	22512
G22403-A G22578A	NA S:G339D	11	1592	0.00691	22384	22581
G22051-A G22104-A C22120-A	NA NA NA	11	5529	0.00199	22037	22192
G21987A C22000-A A22002G C22009-A T22016C C22033A	S:G142D NA S:K147R NA S:W152R S:F157L	11	6536	0.001683	21980	22034
G21569-T	NA	11	998	0.011022	21451	21581
C25517-T	NA	11	3691	0.00298	25372	25527
C25262-T T25293C	NA S:L1244P	11	26910	0.000409	25251	25325
C25000T A25038G	S:D1146D S:H1159R	11	14849	0.000741	24990	25065
C24899-A A24922-T C25000T	NA NA S:D1146D	11	11559	0.000952	24850	25037
C24878-A A24885-T	NA NA	11	15210	0.000723	24850	24908
C24787T	S:F1075F	11	5854	0.001879	24748	24796
C24672-AA T24689G G24690T	NA S:C1043V S:C1043V	11	2615	0.004207	24612	24700
C24672-A T24713-C	NA NA	11	2213	0.004971	24612	24722
C24662+T	NA	11	36502	0.000301	24626	24674
C24593-A	NA	11	32398	0.00034	24520	24674
C24528T	S:A989V	11	63282	0.000174	24489	24679
C24517-A C24536-A	NA NA	11	62704	0.000175	24473	24564
C24507+T	NA	11	63219	0.000174	24486	24523
C24477T	S:A972V	11	59854	0.000184	24470	24564
C24455-A G24488-T	NA NA	11	28825	0.000382	24412	24564
C24338-A A24424T	NA S:Q954H	11	2454	0.004482	24331	24424
C24251T	S:P897S	11	8237	0.001335	24229	24310
C24198+G A24253-T	NA NA	11	4143	0.002655	24148	24312
C24119-A T24127-A	NA NA	11	4534	0.002426	24021	24191
C23854A A23880G	S:N764K S:E773G	11	15366	0.000716	23841	23895
C23854A A23864G	S:N764K S:T768A	11	15889	0.000692	23841	23889
C23799-A C23854A	NA S:N764K	11	13965	0.000788	23770	23873
C23778+A	NA	11	15894	0.000692	23767	23807
C23701-AT A23704T	NA S:I714I	11	55494	0.000198	23683	23716
C23595T T23599G C23604A	S:T678I S:N679K S:P681H	11	78493	0.00014	23580	23705
C23591T T23599G C23604A	S:Q677* S:N679K S:P681H	11	78387	0.00014	23580	23624
C23525T T23548A T23599G C23604A	S:H655Y S:C662* S:N679K S:P681H	11	39359	0.000279	23488	23642
C23525T G23528+T	S:H655Y NA	11	56095	0.000196	23506	23538
C23525T C23533-A C23604A	S:H655Y NA S:P681H	11	39359	0.000279	23487	23641
C23525T A23598+G C23604A	S:H655Y NA S:P681Y	11	39359	0.000279	23501	23624
C23525T A23558G T23599A C23604A	S:H655Y S:I666V S:N679K S:P681H	11	39359	0.000279	23487	23624
C23525T A23558-T T23599G C23604A G23608A	S:H655Y NA S:N679K S:P681H S:R682R	11	39352	0.00028	23488	23642
C23520-T C23525T	NA S:H655Y	11	56320	0.000195	23487	23540
C23492+A A23515+G T23599G C23604A	NA NA S:N679L S:P681H	11	38450	0.000286	23486	23642
C23492+A A23515+G C23525T T23599G C23604A	NA NA S:H655Y S:N679L S:P681H	11	38450	0.000286	23486	23624
C23481A T23482C A23483T C23525T	S:S640Y S:S640Y S:N641Y S:H655Y	11	13195	0.000834	23424	23539
C23424-T C23525T	NA S:H655Y	11	12143	0.000906	23409	23533
C23286T A23403G	S:A575V S:D614G	11	14939	0.000736	23270	23443
C23280T	S:T573I	11	18014	0.000611	23269	23290
C23103-T T23143-A T23164-A	NA NA NA	11	2309	0.004764	23093	23176
C23103-T T23143-A	NA NA	11	2500	0.0044	23089	23162
C22109G T22200A	S:Q183E S:V213E	11	2910	0.00378	22100	22218
C22083-T G22104-A C22120-A T22164-TA	NA NA NA NA	11	5519	0.001993	22047	22192
C21742-A	NA	11	9366	0.001174	21727	21802
C21618T T21633C A21764-TACATG C21781-A	S:T19I S:L24S S:DEL69/70 NA	11	8172	0.001346	21597	21802
C21618T T21632-TACCCCCTG T21698C A21764-TACATG	S:T19I S:DEL25/27 S:S46P S:DEL69/70	11	8205	0.001341	21597	21802
C21618T T21632-TACCCCCTG T21649-A	S:T19I S:DEL25/27 NA	11	9683	0.001136	21597	21664
A25426G	ORF3a:T12A	11	9147	0.001203	25381	25477
A25410G	ORF3a:R6R	11	9351	0.001176	25382	25477
A25408G	ORF3a:R6G	11	9376	0.001173	25372	25474
A25325G	Unknown	11	28514	0.000386	25304	25325
A25256G	S:I1232V	11	26765	0.000411	25251	25322
A25235G	S:I1225V	11	23435	0.000469	25219	25324
A25194G	S:K1211R	11	17171	0.000641	25141	25210
A25185-G C25262-T	NA NA	11	12446	0.000884	25122	25325
A25182G C25262-T	S:E1207G NA	11	12409	0.000886	25130	25325
A25143G	S:N1194S	11	16346	0.000673	25136	25152
A25026-T	NA	11	15338	0.000717	24990	25050
A24874G	S:V1104V	11	15363	0.000716	24850	24877
A24860G C25000T	S:T1100A S:D1146D	11	11222	0.00098	24850	25023
A24860G	S:T1100A	11	15307	0.000719	24850	24877
A24670G	S:Q1036Q	11	36264	0.000303	24612	24676
A24652T	S:S1030S	11	36570	0.000301	24626	24676
A24598G	S:L1012L	11	32404	0.000339	24492	24676
A24539G	S:I993V	11	63029	0.000175	24494	24564
A24498+T	NA	11	62768	0.000175	24470	24509
A24495T	S:N978I	11	62624	0.000176	24483	24501
A24468-TT	NA	11	50735	0.000217	24465	24494
A24426G	S:N955S	11	28092	0.000392	24412	24456
A24424T T24529C	S:Q954H S:A989A	11	27091	0.000406	24412	24564
A24424T T24475C	S:Q954H S:G971G	11	27481	0.0004	24416	24485
A24424T T24471-TG C24536-AA	S:Q954H NA NA	11	27024	0.000407	24412	24564
A24424T T24469A G24488-T	S:Q954H S:N969K NA	11	27402	0.000401	24412	24564
A24424T T24469A G24474A	S:Q954H S:N969K S:G971D	11	27481	0.0004	24412	24564
A24424T T24469A A24551G	S:Q954H S:N969K S:I997V	11	26892	0.000409	24412	24563
A24424T G24527A	S:Q954H S:A989T	11	27100	0.000406	24412	24564
A24424T G24445A	S:Q954H S:T961T	11	27840	0.000395	24412	24500
A24424T G24434+C	S:Q954H NA	11	27943	0.000394	24412	24445
A24424T C24536T	S:Q954H S:Q992*	11	27024	0.000407	24412	24564
A24424T C24536-A A24538G	S:Q954H NA S:Q992Q	11	26995	0.000407	24412	24564
A24424T C24512+T	S:Q954H NA	11	27219	0.000404	24412	24531
A24424T C24444T	S:Q954H S:T961M	11	27851	0.000395	24412	24562
A24424T A24562G	S:Q954H S:R1000R	11	26609	0.000413	24412	24564
A24424T A24537G	S:Q954H S:Q992R	11	27004	0.000407	24412	24564
A24424T A24440G T24469A	S:Q954H S:N960D S:N969K	11	27529	0.0004	24412	24564
A24162G	S:D867G	11	10871	0.001012	24148	24191
A24110-T C24119-A T24126-TA G24140-T	NA NA NA NA	11	3988	0.002758	24021	24161
A23848-T C23854A	NA S:N764K	11	16055	0.000685	23837	23895
A23786+T C23887-A	NA NA	11	12350	0.000891	23767	23895
A23762G C23854A	S:T734A S:N764K	11	11266	0.000976	23746	23895
A23738+T	NA	11	13908	0.000791	23699	23749
A23717G	S:T719A	11	54843	0.000201	23683	23724
A23688G	S:N709S	11	55559	0.000198	23683	23693
A23594+C T23599G	NA S:N679*	11	78544	0.00014	23580	23724
A23523G C23525T	S:E654G S:H655Y	11	56339	0.000195	23487	23539
A23515+G C23525T C23604A	NA S:H655S S:P681Y	11	39312	0.00028	23487	23629
A23403G G23417C T23427C T23482-A C23525T	S:D614G S:E619Q S:V622A NA S:H655Y	11	10907	0.001009	23335	23539
A23403G A23495G C23525T	S:D614G S:T645A S:H655Y	11	10907	0.001009	23345	23535
A23403G A23494G C23525T	S:D614G S:Q644Q S:H655Y	11	10907	0.001009	23382	23539
A23403G A23474+T C23525T	S:D614G NA S:H655S	11	10907	0.001009	23398	23539
A23379G A23403G C23525T	S:N606S S:D614G S:H655Y	11	9761	0.001127	23357	23532
A23379-C A23403G C23525T	NA S:D614G S:H655Y	11	9761	0.001127	23339	23529
A23362-G	NA	11	32406	0.000339	23339	23373
A23359G C23525T	S:T599T S:H655Y	11	9532	0.001154	23335	23538
A23326G A23403G	S:T588T S:D614G	11	15180	0.000725	23269	23429
A23321+T C23334-T	NA NA	11	16054	0.000685	23269	23356
A22798+G C22802+A G22813T	NA NA S:K417D	11	11673	0.000942	22793	22834
A22296G	S:H245R	11	9183	0.001198	22277	22319
A22280G	S:T240A	11	9240	0.00119	22249	22319
A22115T	S:N185Y	11	9859	0.001116	22100	22133
A22052G	S:N164D	11	17018	0.000646	22035	22058
A22036+T	NA	11	17235	0.000638	22025	22054
A21979-T G21987A C22000-AA	NA S:G142D NA	11	6619	0.001662	21847	22024
A21875-T G21987A C22000-A	NA S:G142D NA	11	4730	0.002326	21847	22012
A21875+T G21987A	NA S:G142E	11	5416	0.002031	21847	21993
T25310A	S:C1250S	10	28646	0.000349	25235	25325
T25289C	S:C1243R	10	27966	0.000358	25235	25325
T25233C	S:L1224S	10	23386	0.000428	25217	25325
T25228C C25262-T	S:A1222A NA	10	23110	0.000433	25122	25325
T25171-G	NA	10	16451	0.000608	25143	25210
T25171+G C25262-T	NA NA	10	12174	0.000821	25137	25325
T24979C C25000T	S:D1139D S:D1146D	10	12396	0.000807	24940	25069
T24643+A C24672-A	NA NA	10	35987	0.000278	24612	24679
T24631C	S:N1023N	10	36596	0.000273	24612	24679
T24628-A T24643-A	NA NA	10	36383	0.000275	24527	24679
T24623C C24672-A	S:S1021P NA	10	35712	0.00028	24612	24679
T24615C C24672-A	S:I1018T NA	10	35634	0.000281	24612	24679
T24540C	S:I993T	10	63021	0.000159	24533	24564
T24469A T24607C	S:N969K S:A1015A	10	20259	0.000494	24465	24679
T24469A T24529C	S:N969K S:A989A	10	49673	0.000201	24465	24564
T24469A T24487C	S:N969K S:S975S	10	50512	0.000198	24465	24564
T24469A T24480C	S:N969K S:I973T	10	50612	0.000198	24465	24564
T24469A T24475C	S:N969K S:G971G	10	50648	0.000197	24465	24564
T24469A G24474A	S:N969K S:G971D	10	50649	0.000197	24465	24564
T24469A G24473A	S:N969K S:G971S	10	50655	0.000197	24465	24564
T24469A C24503-T C24672-A	S:N969K NA NA	10	19727	0.000507	24465	24679
T24469A C24477-A	S:N969K NA	10	50634	0.000197	24465	24679
T24469A A24667G	S:N969K S:G1035G	10	19827	0.000504	24465	24679
T24469A A24629G	S:N969K S:N1023D	10	20074	0.000498	24465	24679
T24469A A24508-C	S:N969K NA	10	50000	0.0002	24465	24564
T24459C	S:L966P	10	29118	0.000343	24434	24564
T24414+G A24424T	NA S:Q954P	10	30514	0.000328	24412	24460
T23962A	S:F800L	10	3466	0.002885	23950	23978
T23916+A A23922T T23927A G23948T	NA S:Q787I S:Y789I S:D796*	10	1135	0.008811	23905	23978
T23830C C23854A	S:Y756Y S:N764K	10	14504	0.000689	23818	23895
T23788C C23854A	S:I742I S:N764K	10	13646	0.000733	23683	23895
T23773C C23854A	S:D737D S:N764K	10	13482	0.000742	23717	23895
T23754C	S:M731T	10	13717	0.000729	23683	23824
T23599G T23637-C	S:N679K NA	10	77307	0.000129	23584	23642
T23599G T23602-C	S:N679K NA	10	78550	0.000127	23585	23642
T23599G C23604A T23680A	S:N679K S:P681H S:A706A	10	37624	0.000266	23580	23724
T23599G C23604A G23666-A T23672C	S:N679K S:P681H NA S:S704P	10	37738	0.000265	23580	23700
T23599G C23604A C23709T	S:N679K S:P681H S:T716I	10	36689	0.000273	23580	23724
T23599G C23604A C23630T	S:N679K S:P681H S:Q690*	10	77790	0.000129	23580	23642
T23599G C23604A A23723G	S:N679K S:P681H Unknown	10	36235	0.000276	23580	23724
T23599G C23604A A23710G	S:N679K S:P681H S:T716T	10	36614	0.000273	23580	23724
T23599G C23604A A23670-T G23675-T	S:N679K S:P681H NA NA	10	37690	0.000265	23580	23724
T23599G C23604A A23648T	S:N679K S:P681H S:T696S	10	38058	0.000263	23580	23705
T23599G C23604A A23636-T	S:N679K S:P681H NA	10	77385	0.000129	23580	23642
T23599G A23639-T	S:N679K NA	10	76792	0.00013	23585	23642
T23548C T23599G C23604A	S:C662C S:N679K S:P681H	10	39576	0.000253	23498	23637
T23542C T23599G C23604A	S:Y660Y S:N679K S:P681H	10	39528	0.000253	23487	23642
T23537C T23599G C23604A	S:S659P S:N679K S:P681H	10	39497	0.000253	23488	23642
T23500C C23525T	S:R646R S:H655Y	10	55491	0.00018	23487	23538
T23487G	Unknown	10	35561	0.000281	23486	23508
T23487C C23525T	S:V642A S:H655Y	10	34820	0.000287	23486	23539
T23425C C23525T	S:P621P S:H655Y	10	12161	0.000822	23404	23539
T23421-C C23525T	NA S:H655Y	10	12047	0.00083	23408	23539
T23394C	S:L611P	10	29612	0.000338	23335	23418
T23377+A	NA	10	30036	0.000333	23336	23386
T23371+A	NA	10	30907	0.000324	23336	23385
T23350-G A23403G	NA S:D614G	10	27434	0.000365	23285	23429
T23337C	S:F592S	10	32156	0.000311	23335	23378
T23337-TG C23367-A	NA NA	10	30586	0.000327	23335	23378
T23335G	S:S591S	10	16088	0.000622	23312	23338
T23293C C23334-T	S:R577R NA	10	15838	0.000631	23269	23371
T23143-A T23164-A C23188+T	NA NA NA	10	1564	0.006394	23089	23203
T23018G	S:F486V	10	1565	0.00639	23013	23047
T22882G A22893C T22942A C22995A A23013C T23018G	S:N440K S:K444T S:N460K S:T478K S:E484A S:F486V	10	1119	0.008937	22876	23048
T22876-A T22882G A22893C T22917G	NA S:N440K S:K444T S:L452R	10	10136	0.000987	22817	22921
T22261-A	NA	10	9052	0.001105	22246	22276
T22172-A	NA	10	13351	0.000749	22103	22192
T22164C	S:F201S	10	13028	0.000768	22150	22180
T22027C	Unknown	10	17119	0.000584	22025	22058
T21632-TACCCCCTG T21728C A21764-TACATG	S:DEL25/27 S:L56L S:DEL69/70	10	8207	0.001218	21597	21802
G25477-T	NA	10	8346	0.001198	25380	25490
G25455T A25472-T	ORF3a:K21N NA	10	8423	0.001187	25372	25477
G25287A	S:S1242N	10	27910	0.000358	25257	25325
G25135+A T25191-A C25262-T	NA NA NA	10	11606	0.000862	25122	25325
G25130+C	NA	10	15116	0.000662	25122	25159
G25127-T	NA	10	14979	0.000668	25122	25183
G25049-A	NA	10	15200	0.000658	25026	25065
G24914A C24981-T C25000T	S:D1118N NA S:D1146D	10	11678	0.000856	24850	25065
G24693-A	NA	10	3570	0.002801	24685	24711
G24657A	S:C1032Y	10	36553	0.000274	24612	24676
G24620A	S:A1020T	10	36533	0.000274	24612	24667
G24574A	S:L1004L	10	32666	0.000306	24488	24679
G24550A	S:L996L	10	62825	0.000159	24476	24564
G24533+A	NA	10	63138	0.000158	24476	24542
G24488-T C24503-T A24539-T C24672-A	NA NA NA NA	10	29289	0.000341	24470	24679
G24164-A A24253-T	NA NA	10	4055	0.002466	24148	24316
G23948T A23949-T	S:D796Y NA	10	1928	0.005187	23931	23976
G23832A C23854A	S:G757D S:N764K	10	14647	0.000683	23798	23891
G23726+T	NA	10	14120	0.000708	23697	23735
G23699+T	NA	10	55872	0.000179	23692	23712
G23522-A	NA	10	56506	0.000177	23508	23539
G23429A	S:A623T	10	29657	0.000337	23420	23443
G23417C C23525T	S:E619Q S:H655Y	10	11976	0.000835	23404	23539
G23384+T	NA	10	29686	0.000337	23335	23402
G23364-A	NA	10	31705	0.000315	23347	23392
G22992A C22995A T23018G	S:S477N S:T478K S:F486V	10	1511	0.006618	22946	23026
G22898A T22942G	S:G446S S:N460K	10	10340	0.000967	22894	22957
G22813T T22882G T22917G T22942A C22950-T	S:K417N S:N440K S:L452R S:N460K NA	10	7338	0.001363	22793	22967
G22813T T22882G T22891-A	S:K417N S:N440K NA	10	10917	0.000916	22794	22904
G22813T T22882G A22893C G22899A T22917G	S:K417N S:N440K S:K444T S:G446D S:L452R	10	9602	0.001041	22802	22937
G22813T T22836-A T22882G A22893C T22917G	S:K417N NA S:N440K S:K444T S:L452R	10	9602	0.001041	22793	22945
G22813T A22845-T T22882G A22893C	S:K417N NA S:N440K S:K444T	10	10871	0.00092	22793	22906
G21987A C22000-A C22009-A	S:G142D NA NA	10	7704	0.001298	21847	22020
G21987A A21999-CA	S:G142D NA	10	8762	0.001141	21983	22058
G21586+T	NA	10	1494	0.006693	21451	21593
C25324-A	NA	10	28590	0.00035	25269	25362
C25300G	S:G1246G	10	28306	0.000353	25268	25325
C25262-T A25295G	NA S:K1245E	10	26892	0.000372	25251	25325
C25262-T A25274G	NA S:T1238A	10	26961	0.000371	25251	25325
C25231-T C25262-T	NA NA	10	23219	0.000431	25130	25325
C25207G C25214+G	S:Y1215* NA	10	14946	0.000669	25201	25325
C25184T	S:Q1208*	10	16429	0.000609	25140	25189
C25163-A	NA	10	16478	0.000607	25144	25324
C25000T T25072-G C25100-A A25194-AT G25197T	S:D1146D NA NA NA S:W1212L	10	2226	0.004492	24990	25210
C25000T T25054C	S:D1146D S:V1164V	10	14690	0.000681	24990	25069
C25000T T25016C	S:D1146D S:L1152L	10	15294	0.000654	24990	25069
C25000T A25065G	S:D1146D S:D1168G	10	14501	0.00069	24990	25069
C25000T A25050G	S:D1146D S:D1163G	10	14739	0.000678	24990	25069
C25000T A25045G	S:D1146D S:S1161S	10	14776	0.000677	24990	25069
C24896T	S:P1112S	10	15254	0.000656	24869	24914
C24878-A C24899-A	NA NA	10	14915	0.00067	24850	24919
C24878-A A24922-T C24981-T C25000T	NA NA NA S:D1146D	10	11335	0.000882	24857	25069
C24826-T	NA	10	2164	0.004621	24758	24858
C24672-A A24684-T G24692T	NA NA S:G1044*	10	2574	0.003885	24612	24713
C24627T	S:A1022V	10	36592	0.000273	24612	24676
C24566-A A24568G	NA S:Q1002Q	10	32668	0.000306	24556	24679
C24536-A C24672-A	NA NA	10	31083	0.000322	24470	24679
C24503+T C24672-A	NA NA	10	30392	0.000329	24476	24679
C24477+A	NA	10	59854	0.000167	24470	24495
C24435-T A24539-T	NA NA	10	28062	0.000356	24412	24564
C24422-A A24425T C24431-A	NA S:N955Y NA	10	27970	0.000358	24412	24454
C24263+A	NA	10	8196	0.00122	24229	24289
C24134A	S:L858I	10	6354	0.001574	24125	24191
C24064-A A24078-T A24110-T	NA NA NA	10	4203	0.002379	24021	24126
C24034T	S:N824N	10	7558	0.001323	23970	24106
C23929A A23930C G23948T	S:Y789* S:K790Q S:D796Y	10	1192	0.008389	23921	23978
C23809T C23854A	S:C749C S:N764K	10	14134	0.000708	23795	23892
C23718+A	NA	10	54768	0.000183	23699	23724
C23709+T	NA	10	55146	0.000181	23683	23724
C23692+T	NA	10	55743	0.000179	23683	23707
C23604A C23707T	S:P681H S:P715P	10	36875	0.000271	23580	23720
C23533T A23535G	S:N657N S:N658S	10	55841	0.000179	23488	23539
C23525T T23599G C23604A T23617+G	S:H655Y S:N679K S:P681H NA	10	39332	0.000254	23505	23642
C23525T T23529A T23599G C23604A	S:H655Y S:V656D S:N679K S:P681H	10	39359	0.000254	23501	23642
C23525T C23533T T23599G C23604A	S:H655Y S:N657N S:N679K S:P681H	10	39359	0.000254	23492	23642
C23525T A23554+C T23599G C23604A	S:H655Y NA S:N679* S:P681Y	10	39359	0.000254	23486	23642
C23525T A23526+G	S:H655* NA	10	56098	0.000178	23487	23535
C23520T C23525T T23599G C23604A	S:A653V S:H655Y S:N679K S:P681H	10	39351	0.000254	23487	23642
C23410+A	NA	10	30004	0.000333	23335	23417
C23376+T	NA	10	30145	0.000332	23335	23384
C23367T	S:T602I	10	31475	0.000318	23335	23372
C23367+A A23403G	NA S:D614G	10	27680	0.000361	23335	23413
C23334-T T23377-A	NA NA	10	15577	0.000642	23273	23396
C23334-T A23403G C23423T	NA S:D614G S:P621S	10	14899	0.000671	23269	23443
C23334-T A23400G	NA S:Q613R	10	15254	0.000656	23269	23443
C22277-A	NA	10	9233	0.001083	22246	22293
C22277+A	NA	10	9233	0.001083	22246	22301
C22120-A A22135+GT	NA NA	10	9707	0.00103	22030	22192
C22083-T	NA	10	6174	0.00162	22064	22104
C22050T	S:A163V	10	17061	0.000586	22025	22058
C22000A A22005C	S:H146Q S:N148T	10	11071	0.000903	21995	22058
C21618T T21632A T21633-ACCCCCTG A21764-TACATG	S:T19I S:L24I NA S:DEL69/70	10	8205	0.001219	21597	21802
C21618T T21632-TACCCCCTG T21723C A21764-TACATG	S:T19I S:DEL25/27 S:L54S S:DEL69/70	10	8205	0.001219	21597	21802
C21618T T21632-TACCCCCTG G21686-T C21736-T A21764-TACATG	S:T19I S:DEL25/27 NA NA S:DEL69/70	10	8205	0.001219	21597	21802
C21618T T21632-TACCCCCTG A21685C A21764-TACATG	S:T19I S:DEL25/27 S:K41N S:DEL69/70	10	8205	0.001219	21597	21802
A25462G	ORF3a:T24A	10	8567	0.001167	25372	25477
A25271-T	NA	10	27469	0.000364	25229	25325
A25259G	S:M1233V	10	26878	0.000372	25233	25325
A25188G	S:Y1209C	10	16457	0.000608	25136	25206
A25182-G C25262-T	NA NA	10	12409	0.000806	25122	25292
A25146G	S:E1195G	10	16392	0.00061	25137	25155
A24978G C25000T	S:D1139G S:D1146D	10	12390	0.000807	24964	25069
A24922-T G24971+T C24981-T C25000T	NA NA NA S:D1146S	10	11711	0.000854	24850	25014
A24895G	S:E1111E	10	15224	0.000657	24853	24943
A24885+T C24981-T C25000T	NA NA S:D1146S	10	11369	0.00088	24856	25069
A24778G	S:E1072E	10	5989	0.00167	24729	24806
A24619G C24672-A	S:R1019R NA	10	35662	0.00028	24612	24679
A24617G C24672-A	S:R1019G NA	10	35649	0.000281	24612	24679
A24592G	S:Q1010Q	10	32400	0.000309	24575	24679
A24424T T24501C	S:Q954H S:I980T	10	27320	0.000366	24412	24528
A24424T T24472-G	S:Q954H NA	10	27489	0.000364	24412	24564
A24424T T24469A T24511C	S:Q954H S:N969K S:R983R	10	27224	0.000367	24412	24552
A24424T T24469A T24475C	S:Q954H S:N969K S:G971G	10	27481	0.000364	24412	24564
A24424T T24469A C24477T	S:Q954H S:N969K S:A972V	10	27470	0.000364	24412	24558
A24424T T24469A A24543G	S:Q954H S:N969K S:D994G	10	26962	0.000371	24412	24564
A24424T T24469A A24516G	S:Q954H S:N969K S:D985G	10	27193	0.000368	24412	24564
A24424T T24438C	S:Q954H S:L959S	10	27907	0.000358	24412	24564
A24424T G24558A	S:Q954H S:G999D	10	26684	0.000375	24412	24564
A24424T C24517+A	S:Q954H NA	10	27186	0.000368	24412	24563
A24424T C24509T	S:Q954H S:R983C	10	27237	0.000367	24412	24564
A24424T C24431T T24469A	S:Q954H S:Q957* S:N969K	10	27529	0.000363	24412	24564
A24424T C24431-A C24435-T	S:Q954H NA NA	10	27935	0.000358	24412	24564
A24424T C24431+A	S:Q954H NA	10	27978	0.000357	24412	24441
A24424T A24539G	S:Q954H S:I993V	10	26990	0.000371	24412	24552
A24424T A24443G T24469A	S:Q954H S:T961A S:N969K	10	27529	0.000363	24413	24564
A24298G	S:T912T	10	8981	0.001113	24229	24309
A24253-T T24280+A	NA NA	10	7985	0.001252	24236	24313
A24253-T G24277-T	NA NA	10	8000	0.00125	24229	24297
A24158G	S:T866A	10	10849	0.000922	24148	24191
A24123G	S:K854R	10	5401	0.001852	24115	24191
A24110-T C24119-A T24127-A	NA NA NA	10	4071	0.002456	24021	24191
A24105G	S:D848G	10	7626	0.001311	23975	24106
A24072G	S:Y837C	10	7594	0.001317	23986	24106
A23806+T	NA	10	15848	0.000631	23683	23821
A23779G	S:T739T	10	15880	0.00063	23767	23840
A23772-T	NA	10	15973	0.000626	23767	23811
A23760G	S:K733R	10	13667	0.000732	23683	23776
A23729G C23854A	S:T723A S:N764K	10	11115	0.0009	23683	23883
A23708-C	NA	10	55283	0.000181	23695	23724
A23704+C C23709+A	NA NA	10	55078	0.000182	23683	23724
A23639-T	NA	10	79102	0.000126	23623	23642
A23594-C T23599G C23604A	NA S:N679K S:P681H	10	78485	0.000127	23580	23670
A23592T T23599G C23604A	S:Q677L S:N679K S:P681H	10	78395	0.000128	23580	23724
A23566-G T23569C T23599G C23604A	NA S:G669G S:N679K S:P681H	10	39786	0.000251	23487	23641
A23436G	S:H625R	10	28306	0.000353	23408	23443
A23432G C23525T	S:I624V S:H655Y	10	12305	0.000813	23403	23539
A23403G T23521C C23525T	S:D614G S:A653A S:H655Y	10	10907	0.000917	23335	23539
A23403G T23488C C23525T	S:D614G S:V642V S:H655Y	10	10907	0.000917	23335	23539
A23403G T23480+A C23525T	S:D614G NA S:H655S	10	10907	0.000917	23394	23539
A23403G T23431C	S:D614G S:A623A	10	27166	0.000368	23377	23443
A23403G T23427C C23525T	S:D614G S:V622A S:H655Y	10	10907	0.000917	23394	23539
A23403G T23427C	S:D614G S:V622A	10	28220	0.000354	23335	23443
A23403G T23421-C C23525T	S:D614G NA S:H655Y	10	10907	0.000917	23339	23539
A23403G T23404C C23525T	S:D614G S:D614G S:H655Y	10	10907	0.000917	23387	23532
A23403G G23417C	S:D614G S:E619Q	10	28752	0.000348	23357	23429
A23403G C23525T T23529C	S:D614G S:H655Y S:V656A	10	10873	0.00092	23335	23532
A23403G C23525T A23534G	S:D614G S:H655Y S:N658D	10	10580	0.000945	23345	23539
A23403G A23515-G C23525T	S:D614G NA S:H655Y	10	10907	0.000917	23398	23535
A23403G A23442G	S:D614G S:D627G	10	26280	0.000381	23335	23443
A23403G A23418G	S:D614G S:E619G	10	28702	0.000348	23345	23432
A23403G A23416G	S:D614G S:T618T	10	28812	0.000347	23269	23429
A23370G A23403G	S:N603S S:D614G	10	27707	0.000361	23296	23443
A23329G A23403G	S:P589P S:D614G	10	15183	0.000659	23269	23443
A23324G A23403G	S:T588A S:D614G	10	15179	0.000659	23270	23443
A23319G C23334-T A23403G	S:D586G NA S:D614G	10	15170	0.000659	23269	23443
A23305G	S:T581T	10	16370	0.000611	23285	23319
A23303G A23403G	S:T581A S:D614G	10	15157	0.00066	23269	23443
A23295G A23403G	S:D578G S:D614G	10	14972	0.000668	23269	23443
A23276G	S:T572A	10	17991	0.000556	23269	23290
A22798+G G22813T T22831+A T22882G A22893C T22917G	NA S:K417N NA S:N440T S:K444P S:L452S	10	9384	0.001066	22793	22938
A22798+G C22802+A G22813T T22882G	NA NA S:K417D S:N440T	10	10801	0.000926	22793	22894
A22438G	S:A292A	10	6905	0.001448	22385	22446
A22412G	S:T284A	10	6777	0.001476	22380	22446
A22390+T	NA	10	6692	0.001494	22368	22400
A22310G	S:T250A	10	9102	0.001099	22266	22319
A22148G	S:N196D	10	12035	0.000831	22140	22180
A22135+GAT T22200G	S:INS192D S:V213*	10	3022	0.003309	22100	22214
A22102-G	NA	10	9584	0.001043	22100	22112
A22001G C22033A	S:K147E S:F157L	10	9823	0.001018	21994	22058
A21979-T G21987A A22003C	NA S:G142D S:K147N	10	6538	0.00153	21847	22008
A21875-T C21888-T A21979-T G21987A C22000-A	NA NA NA S:G142D NA	10	4730	0.002114	21847	22012
A21875-T A21979-T G21987A C22000-AA	NA NA S:G142D NA	10	4730	0.002114	21847	22016
