nt_mutations	aa_mutations	cluster_depth	total_depth	frequency	coverage_start	coverage_end
C23525T T23599G C23604G	S:H655Y S:N679K S:P681R	35538	65466	0.542847	23519	23605
T23599G C23604G	S:N679K S:P681R	22203	109537	0.202699	23594	23607
C25207T	S:Y1215Y	16088	43911	0.366377	25203	25209
A24424T T24469A	S:Q954H S:N969K	12065	38273	0.315235	24422	24476
C23854A	S:N764K	8339	29289	0.284714	23850	23858
T24469A	S:N969K	7909	60352	0.131048	24465	24476
A23403G C23423T C23525T	S:D614G S:P621S S:H655Y	6923	23237	0.29793	23399	23529
A24424T	S:Q954H	5091	42534	0.119692	24420	24424
C23271T A23403G C23423T	S:A570V S:D614G S:P621S	4145	14862	0.278899	23269	23425
C24990T C25000T	S:P1143L S:D1146D	3014	12730	0.236764	24985	25002
C22295A	S:H245N	2717	14257	0.190573	22291	22298
T23599G	S:N679K	2154	109612	0.019651	23595	23602
C25207T C25262-T	S:Y1215Y NA	2142	43103	0.049695	25197	25274
G23222A C23271T	S:E554K S:A570V	2136	7694	0.277619	23213	23274
A23403G C23423T	S:D614G S:P621S	2128	42433	0.05015	23399	23426
G21941T G21987A T21990-TTA T22032C C22033A A22034G	S:V127F S:G142D S:DEL144 S:F157S S:F157S S:R158G	2029	13514	0.150141	21937	22043
C23525T T23599G C23604A	S:H655Y S:N679K S:P681H	1986	65466	0.030336	23501	23616
C23525T	S:H655Y	1709	91909	0.018594	23521	23528
T21609+CATGCCGCTGTT C21618T C21622T G21624C T21632-TACCCCCTG C21711T A21764-TACATG	S:INS17HAAV S:T19F S:T20F S:R21T S:DEL25/27 S:S50L S:DEL69/70	1698	8394	0.202287	21598	21780
C23271T C23334-T A23403G C23423T	S:A570V NA S:D614G S:P621S	1610	14862	0.10833	23269	23426
A24424T G24488-T	S:Q954H NA	1579	38120	0.041422	24418	24507
C23423T C23525T	S:P621S S:H655Y	1528	23541	0.064908	23420	23529
A22193-ATT T22200G C22208T C22295A	S:DEL212 S:V213G S:L216F S:H245N	1487	8021	0.185388	22186	22300
C24672-A	NA	1447	30305	0.047748	24637	24679
T23599G C23604A	S:N679K S:P681H	1439	109537	0.013137	23593	23615
C25262-T	NA	1409	51887	0.027155	25260	25272
C23604G	S:P681R	1389	109712	0.01266	23602	23608
C24981-T C24990T C25000T	NA S:P1143L S:D1146D	1160	12712	0.091252	24910	25004
A24424T T24469A G24488-T	S:Q954H S:N969K NA	1057	38120	0.027728	24416	24501
C23887-A	NA	1021	28891	0.03534	23819	23895
C21618T C21622T G21624C T21632-TACCCCCTG C21711T A21764-TACATG	S:T19I S:T20T S:R21T S:DEL25/27 S:S50L S:DEL69/70	1015	8395	0.120905	21609	21791
C22295A C22353A	S:H245N S:A264D	983	2291	0.42907	22291	22356
G21987A T21990-TTA T22032C C22033A A22034G	S:G142D S:DEL144 S:F157S S:F157S S:R158G	903	14578	0.061943	21975	22045
C23423T	S:P621S	899	42852	0.020979	23419	23426
G23948T	S:D796Y	893	4930	0.181136	23944	23951
A23403G C23423T G23486-T C23525T	S:D614G S:P621S NA S:H655Y	824	23237	0.035461	23397	23532
C23525T C23604G	S:H655Y S:P681R	772	65466	0.011792	23516	23611
A23403G	S:D614G	756	42825	0.017653	23399	23409
A23403G C23525T	S:D614G S:H655Y	752	23237	0.032362	23395	23529
C25000T	S:D1146D	748	13317	0.056169	24994	25009
C23271T C23334-T C23423T	S:A570V NA S:P621S	735	14862	0.049455	23269	23426
C23271T C23423T	S:A570V S:P621S	711	14862	0.04784	23269	23426
C23271T	S:A570V	700	23843	0.029359	23269	23274
C23525T T23599G	S:H655Y S:N679K	695	65495	0.010611	23515	23600
C21711T A21764-TACATG	S:S50L S:DEL69/70	689	10092	0.068272	21703	21780
T22032C C22033A A22034G	S:F157S S:F157S S:R158G	649	16119	0.040263	22022	22051
T21940-G G21987A T21990-TTA T22032C C22033A A22034G	NA S:G142D S:DEL144 S:F157S S:F157S S:R158G	629	13513	0.046548	21927	22043
C25207T C25262-TT	S:Y1215Y NA	616	43103	0.014291	25135	25306
T24377-C A24424T	NA S:Q954H	581	3721	0.156141	24368	24424
G25555-T	NA	572	7625	0.075016	25383	25564
A24424T T24469A T24472-G	S:Q954H S:N969K NA	564	38224	0.014755	24415	24561
G24488-T	NA	559	64040	0.008729	24486	24499
C24990T	S:P1143L	525	12822	0.040945	24982	24993
C24378T A24424T	S:S939F S:Q954H	505	3722	0.13568	24373	24424
C23525T C23575T T23599G C23604G	S:H655Y S:C671C S:N679K S:P681R	498	65466	0.007607	23501	23621
C23854A G23948T	S:N764K S:D796Y	482	3003	0.160506	23850	23954
C23525T A23558-T T23599G C23604G	S:H655Y NA S:N679K S:P681R	467	65466	0.007133	23504	23623
T23599G C23604A C23673T	S:N679K S:P681H S:S704L	447	42438	0.010533	23580	23699
C23271T A23403G	S:A570V S:D614G	434	15046	0.028845	23269	23409
T23599G C23604G A23712+T	S:N679K S:P681R NA	431	41328	0.010429	23593	23724
T21609+CATGCCGCTGTT C21618T C21622T G21624C T21632-TACCCCCTG A21764-TACATG	S:INS17HAAV S:T19F S:T20F S:R21T S:DEL25/27 S:DEL69/70	399	8394	0.047534	21597	21780
A22193-ATT T22200G C22295A	S:DEL212 S:V213G S:H245N	388	8021	0.048373	22182	22301
G23222A	S:E554K	348	7945	0.043801	23208	23224
C23399+T C23423T C23525T	NA S:P621S S:H655S	326	23218	0.014041	23345	23532
T25191-A C25207T	NA S:Y1215Y	321	43306	0.007412	25174	25229
T24469A C24672-A	S:N969K NA	311	20474	0.01519	24465	24679
T23599G C23604G G23666-A	S:N679K S:P681R NA	307	42491	0.007225	23583	23684
A24110-T	NA	303	7528	0.04025	24098	24121
C23525T T23599G C23604G C23625T	S:H655Y S:N679K S:P681R S:A688V	302	65363	0.00462	23488	23629
C23854A C23887-A	S:N764K NA	297	28342	0.010479	23767	23895
C24119-A	NA	296	8029	0.036866	24112	24140
G24140-T	NA	294	8305	0.0354	24135	24161
T25191-A C25207T C25262-T	NA S:Y1215Y NA	291	42500	0.006847	25130	25290
C22120-A A22193-ATT T22200G C22208T C22295A	NA S:DEL212 S:V213G S:L216F S:H245N	283	7453	0.037971	22112	22299
C25416T	ORF3a:F8F	267	15335	0.017411	25378	25477
T23511+A C23525T T23599G C23604G	NA S:H655S S:N679* S:P681C	260	65381	0.003977	23505	23629
T24469A G24488-T	S:N969K NA	251	60188	0.00417	24465	24536
A23712+T	NA	243	72007	0.003375	23697	23724
T23599G C23604A C23673T T23716C	S:N679K S:P681H S:S704L S:F718F	239	41287	0.005789	23580	23717
G23835-T C23854A	NA S:N764K	236	28730	0.008214	23779	23873
T24469A T24472-G	S:N969K NA	232	60301	0.003847	24465	24563
A21764-TACATG	S:DEL69/70	230	10308	0.022313	21757	21780
A22556G G22577C G22578A A22629C C22674T T22679C	S:I332V S:G339H S:G339H S:K356T S:S371F S:S373P	228	857	0.266044	22513	22680
T22032C C22033A	S:F157S S:F157S	224	16121	0.013895	22022	22045
A24253-T	NA	218	7555	0.028855	24233	24263
T23850+A	NA	206	29295	0.007032	23789	23868
G21941T G21987A T21990-TTA T22032C C22033A	S:V127F S:G142D S:DEL144 S:F157S S:F157S	206	13516	0.015241	21932	22054
T22200G C22295A	S:V213G S:H245N	205	8078	0.025378	22196	22319
G22317T	S:G252V	202	14160	0.014266	22299	22319
C25207T G25218-T	S:Y1215Y NA	202	43309	0.004664	25194	25247
T21609+CATGCCGCTGTT C21618T C21622T G21624C T21632-TACCCCCTG C21711T A21764-TACATG C21781-A	S:INS17HAAV S:T19F S:T20F S:R21T S:DEL25/27 S:S50L S:DEL69/70 NA	197	8370	0.023536	21601	21800
G21941T T21990-TTA T22032C C22033A A22034G	S:V127F S:DEL144 S:F157S S:F157S S:R158G	192	13514	0.014207	21929	22054
A24424T T24469A C24536-AA	S:Q954H S:N969K NA	192	37606	0.005106	24414	24559
C24150+T	NA	189	11351	0.016651	24148	24174
A24424T T24469A C24536-A	S:Q954H S:N969K NA	189	37606	0.005026	24413	24546
C21618T C21622T G21624C T21632-TACCCCCTG C21711T A21764-TACATG C21781-A	S:T19I S:T20T S:R21T S:DEL25/27 S:S50L S:DEL69/70 NA	182	8371	0.021742	21600	21802
C23399+T C23423T	NA S:P621S	180	42404	0.004245	23336	23430
C23334-T A23403G C23423T	NA S:D614G S:P621S	179	16504	0.010846	23301	23441
C21618T C21622T G21624C T21632-TACCCCCTG A21764-TACATG	S:T19I S:T20T S:R21T S:DEL25/27 S:DEL69/70	178	8395	0.021203	21600	21796
T25196-G C25207T	NA S:Y1215Y	172	43491	0.003955	25185	25214
C21618T C21622T G21624C T21632-TACCCCCTG	S:T19I S:T20T S:R21T S:DEL25/27	170	9341	0.018199	21597	21653
A23515+G C23525T T23599G C23604G	NA S:H655S S:N679* S:P681C	166	65412	0.002538	23488	23611
G23508T C23525T T23599G C23604G	S:C649F S:H655Y S:N679K S:P681R	164	65323	0.002511	23505	23624
A21875-T G21941T G21987A T21990-TTA T22032C C22033A A22034G	NA S:V127F S:G142D S:DEL144 S:F157S S:F157S S:R158G	164	13105	0.012514	21867	22043
C24672-A A24684-T	NA NA	161	6040	0.026656	24664	24698
C24320-A	NA	159	7922	0.020071	24290	24332
G21941T G21987A T21990-TTA C22033A A22034G	S:V127F S:G142D S:DEL144 S:F157L S:R158G	158	13514	0.011692	21848	22058
T23599G C23604G A23656G	S:N679K S:P681R S:S698S	156	42586	0.003663	23593	23699
C23271T C23334-T	S:A570V NA	156	15741	0.00991	23269	23345
C23525T A23550G T23599G C23604G	S:H655Y S:D663G S:N679K S:P681R	155	65466	0.002368	23490	23624
T24469A T24492-A	S:N969K NA	152	60153	0.002527	24465	24564
T21609+CATGCCGCTGTT C21618T C21622T G21624C T21632-TACCCCCTG	S:INS17HAAV S:T19F S:T20F S:R21T S:DEL25/27	152	9340	0.016274	21597	21664
T21990-TTA T22032C C22033A A22034G	S:DEL144 S:F157S S:F157S S:R158G	151	14578	0.010358	21975	22054
C24517-A	NA	151	64033	0.002358	24493	24532
C23525T T23537C T23599G C23604G	S:H655Y S:S659P S:N679K S:P681R	151	65466	0.002307	23513	23635
G21987A	S:G142D	150	15325	0.009788	21973	21991
C23423T G23486-T C23525T	S:P621S NA S:H655Y	148	23541	0.006287	23406	23538
C21711T A21764-TACATG C21781-A	S:S50L S:DEL69/70 NA	147	10062	0.014609	21703	21788
T23143-A G23222A C23271T	NA S:E554K S:A570V	145	7439	0.019492	23129	23276
G23508+T C23525T T23599G C23604G	NA S:H655S S:N679* S:P681C	145	65323	0.00222	23492	23624
G21987A T21990-TTA C22000A	S:G142D S:DEL144 S:H146Q	142	14952	0.009497	21974	22012
G21987A T21990-TTA T22032C C22033A	S:G142D S:DEL144 S:F157S S:F157S	141	14580	0.009671	21975	22058
T23599G C23604A G23612T	S:N679K S:P681H S:A684S	140	109488	0.001279	23580	23621
C23525T T23599G C23604G C23625G	S:H655Y S:N679K S:P681R S:A688G	140	65363	0.002142	23517	23626
C24026-T	NA	138	8285	0.016657	24021	24047
C22109G T22200A G22317T	S:Q183E S:V213E S:G252V	138	7090	0.019464	22104	22319
A23688+G	NA	137	72440	0.001891	23681	23712
C25207T G25218-T C25262-T	S:Y1215Y NA NA	135	43103	0.003132	25140	25280
T25196-G C25207T C25262-T	NA S:Y1215Y NA	131	42684	0.003069	25130	25290
T23599G C23604G G23660T	S:N679K S:P681R S:G700C	130	42537	0.003056	23580	23700
T23599G C23604G C23625T	S:N679K S:P681R S:A688V	130	109273	0.00119	23586	23642
G23222A C23230-A C23271T	S:E554K NA S:A570V	130	7694	0.016896	23219	23290
A24324-AT	NA	129	7830	0.016475	24236	24335
C23525T A23544G T23599G C23604G	S:H655Y S:E661G S:N679K S:P681R	127	65466	0.00194	23499	23624
A25194-AT G25197T C25207T C25262-T	NA S:W1212L S:Y1215Y NA	127	42612	0.00298	25122	25286
A22193-ATT T22200G C22208T	S:DEL212 S:V213G S:L216F	127	8610	0.01475	22140	22218
T21940-G G21987A T21990-TTA C22000-A T22032C C22033A A22034G	NA S:G142D S:DEL144 NA S:F157S S:F157S S:R158G	126	13513	0.009324	21869	22058
G21987A T21990-TTA A21999-C	S:G142D S:DEL144 NA	126	14952	0.008427	21965	22007
C23709+A	NA	123	72254	0.001702	23705	23719
C23525T T23548C T23599G C23604G	S:H655Y S:C662C S:N679K S:P681R	123	65466	0.001879	23487	23624
G23768-T	NA	120	29702	0.00404	23767	23777
G21941T G21987A T21990-TTA C22000-A T22032C C22033A A22034G	S:V127F S:G142D S:DEL144 NA S:F157S S:F157S S:R158G	120	13514	0.00888	21869	22058
T22200G C22208T C22295A	S:V213G S:L216F S:H245N	119	8078	0.014731	22196	22312
C25262-TT	NA	119	51887	0.002293	25252	25287
G22104-A C22120-A A22193-ATT T22200G C22208T C22295A	NA NA S:DEL212 S:V213G S:L216F S:H245N	117	7232	0.016178	22100	22309
C23525T T23599G C23604G A23631G	S:H655Y S:N679K S:P681R S:Q690R	117	64659	0.001809	23499	23633
C23525T T23599G C23604G T23637C	S:H655Y S:N679K S:P681R S:I692T	116	64268	0.001805	23488	23642
C23525T T23546C T23599G C23604G	S:H655Y S:C662R S:N679K S:P681R	116	65466	0.001772	23487	23634
C22208T C22295A	S:L216F S:H245N	116	8286	0.014	22204	22319
A25194-AT G25197T C25207T	NA S:W1212L S:Y1215Y	116	43419	0.002672	25135	25242
G23835+T	NA	115	29190	0.00394	23789	23848
C23525T A23531G T23599G C23604G	S:H655Y S:N657D S:N679K S:P681R	115	65466	0.001757	23487	23624
C24517-A C24672-A	NA NA	113	23857	0.004737	24493	24679
C23525T T23599G C23604G C23615T	S:H655Y S:N679K S:P681R S:R685C	113	65437	0.001727	23487	23626
C23525T T23599G C23604G A23623G	S:H655Y S:N679K S:P681R S:V687V	112	65390	0.001713	23488	23637
A23493G C23525T T23599G C23604G	S:Q644R S:H655Y S:N679K S:P681R	112	64801	0.001728	23487	23624
T23599G C23604G T23662C	S:N679K S:P681R S:G700G	110	42521	0.002587	23581	23700
T23599G C23604G C23635T	S:N679K S:P681R S:S691S	110	108250	0.001016	23580	23642
C23525T T23599G C23604G C23635T	S:H655Y S:N679K S:P681R S:S691S	110	64507	0.001705	23487	23640
T23143-A T23164-A G23222A C23230-A C23271T	NA NA S:E554K NA S:A570V	108	7439	0.014518	23089	23288
C23525T T23529C T23599G C23604G	S:H655Y S:V656A S:N679K S:P681R	106	65466	0.001619	23505	23634
G25302-T	NA	105	52671	0.001994	25295	25323
C23525T T23599G C23604G T23629C	S:H655Y S:N679K S:P681R S:S689S	105	64769	0.001621	23487	23638
C23525T A23552G T23599G C23604G	S:H655Y S:I664V S:N679K S:P681R	105	65466	0.001604	23514	23634
G21987A T21990-TTA	S:G142D S:DEL144	104	15270	0.006811	21975	22008
C24981-T C25000T	NA S:D1146D	104	12712	0.008181	24850	25013
C25294-A	NA	103	52518	0.001961	25278	25324
C24536-A	NA	103	63809	0.001614	24527	24551
C23525T A23588G T23599G C23604G	S:H655Y S:T676A S:N679K S:P681R	103	65466	0.001573	23505	23624
A23598G T23599G C23604G	S:N679R S:N679R S:P681R	103	109523	0.00094	23580	23642
T22942A	S:N460K	102	1207	0.084507	22938	22959
C23525T A23554G T23599G C23604G	S:H655Y S:I664M S:N679K S:P681R	101	65466	0.001543	23508	23624
T24492-A	NA	100	64174	0.001558	24486	24515
G21987A T21990-TTA C22033A A22034G	S:G142D S:DEL144 S:F157L S:R158G	99	14578	0.006791	21951	22058
C23525T A23566G T23599G C23604G	S:H655Y S:A668A S:N679K S:P681R	99	65466	0.001512	23501	23624
G22813T T22882G G22895C T22896C G22898A T22917G T22930A T22942G	S:K417N S:N440K S:V445P S:V445P S:G446S S:L452R S:F456L S:N460K	97	554	0.17509	22801	22946
C23525T A23592G T23599G C23604G	S:H655Y S:Q677R S:N679K S:P681R	97	65466	0.001482	23487	23621
T23489C C23525T T23599G C23604G	S:F643L S:H655Y S:N679K S:P681R	96	64636	0.001485	23486	23624
G21941T G21987A T21990-TTA	S:V127F S:G142D S:DEL144	96	14202	0.00676	21936	22008
C23525T T23599G T23600C C23604G	S:H655Y S:N679K S:S680P S:P681R	96	65466	0.001466	23501	23624
T25382+A	NA	95	15824	0.006004	25372	25392
C23525T T23590-C T23599G C23604G	S:H655Y NA S:N679K S:P681R	95	65466	0.001451	23499	23626
C23334-T	NA	95	17571	0.005407	23285	23345
A23786+T	NA	95	29395	0.003232	23783	23796
G23222A C23230+A C23271T	S:E554K NA S:A570F	94	7694	0.012217	23090	23285
C23525T A23586G T23599G C23604G	S:H655Y S:Q675R S:N679K S:P681R	94	65466	0.001436	23499	23624
G21941T G21987A T22032C C22033A A22034G	S:V127F S:G142D S:F157S S:F157S S:R158G	93	13514	0.006882	21928	22043
C23525T A23534T T23599G C23604G	S:H655Y S:N658Y S:N679K S:P681R	93	65466	0.001421	23492	23637
A24684-T	NA	93	6245	0.014892	24676	24698
T23599G C23604G G23666+A	S:N679K S:P681R NA	92	42491	0.002165	23596	23678
T23599G C23604G A23670+T	S:N679K S:P681R NA	92	42471	0.002166	23581	23688
G23516A C23525T T23599G C23604G	S:G652R S:H655Y S:N679K S:P681R	92	65427	0.001406	23487	23629
C23604A	S:P681H	92	109712	0.000839	23599	23624
C23525T T23599G C23604G T23620C	S:H655Y S:N679K S:P681R S:S686S	92	65414	0.001406	23487	23624
C23334-T C23423T	NA S:P621S	91	16504	0.005514	23285	23426
C23525T T23584C T23599G C23604G	S:H655Y S:Y674Y S:N679K S:P681R	90	65466	0.001375	23514	23624
C23525T A23594G T23599G C23604G	S:H655Y S:T678A S:N679K S:P681R	90	65466	0.001375	23501	23624
A23712+T C23887-A	NA NA	90	23040	0.003906	23696	23895
C22353A	S:A264D	89	2413	0.036884	22348	22367
A23503G C23525T T23599G C23604G	S:A647A S:H655Y S:N679K S:P681R	89	65212	0.001365	23492	23624
T23599G C23604G A23712-T	S:N679K S:P681R NA	88	41328	0.002129	23581	23722
C23525T T23599G C23604G A23614G	S:H655Y S:N679K S:P681R S:A684A	88	65442	0.001345	23501	23626
C23525T T23590C T23599G C23604G	S:H655Y S:T676T S:N679K S:P681R	88	65466	0.001344	23487	23624
A23497G C23525T T23599G C23604G	S:T645T S:H655Y S:N679K S:P681R	88	64944	0.001355	23487	23624
T25191-A C25207T C25262-TT	NA S:Y1215Y NA	87	42500	0.002047	25129	25290
T23507C C23525T T23599G C23604G	S:C649R S:H655Y S:N679K S:P681R	87	65302	0.001332	23487	23624
C24981-T C24990T	NA S:P1143L	87	12804	0.006795	24856	24996
C23525T T23563C T23599G C23604G	S:H655Y S:G667G S:N679K S:P681R	87	65466	0.001329	23505	23634
A22193-ATT T22200G C22208T G22218-T C22295A	S:DEL212 S:V213G S:L216F NA S:H245N	87	8021	0.010847	22167	22318
G23735+A	NA	86	26662	0.003226	23703	23745
C25207T G25249T	S:Y1215Y S:M1229I	86	43193	0.001991	25197	25307
C23525T T23527C T23599G C23604G	S:H655Y S:H655Y S:N679K S:P681R	86	65466	0.001314	23499	23629
A25176G C25207T	S:K1205R S:Y1215Y	86	42666	0.002016	25160	25244
T23599G C23604G C23634-CAT	S:N679K S:P681R S:DEL692	85	108351	0.000784	23580	23669
C23525T C23533-A T23599G C23604G	S:H655Y NA S:N679K S:P681R	85	65466	0.001298	23487	23629
C23492+A C23525T T23599G C23604G	NA S:H655S S:N679* S:P681C	85	64689	0.001314	23486	23624
T23500C C23525T T23599G C23604G	S:R646R S:H655Y S:N679K S:P681R	84	65057	0.001291	23487	23637
C23525T T23599G C23604G C23634T	S:H655Y S:N679K S:P681R S:S691F	84	64593	0.0013	23505	23637
T23599G C23604G T23698C	S:N679K S:P681R S:I712I	83	42148	0.001969	23581	23699
T21940-G T21990-TTA T22032C C22033A A22034G	NA S:DEL144 S:F157S S:F157S S:R158G	83	13513	0.006142	21895	22043
C23525T T23599G C23604G T23626C	S:H655Y S:N679K S:P681R S:A688A	83	64880	0.001279	23505	23635
C23525T T23599G C23604G T23622C	S:H655Y S:N679K S:P681R S:V687A	82	65408	0.001254	23487	23624
C23525T T23599G C23604G T23617C	S:H655Y S:N679K S:P681R S:R685R	82	65425	0.001253	23487	23634
T23599G T23600C C23604G	S:N679K S:S680P S:P681R	81	109537	0.000739	23580	23624
T23599G C23604G A23696+C	S:N679K S:P681R NA	81	42182	0.00192	23581	23711
T23521C C23525T T23599G C23604G	S:A653A S:H655Y S:N679K S:P681R	81	65462	0.001237	23487	23624
T23509C C23525T T23599G C23604G	S:C649C S:H655Y S:N679K S:P681R	81	65367	0.001239	23487	23642
T21940-G G21987A T21990-TTA C22033A A22034G	NA S:G142D S:DEL144 S:F157L S:R158G	81	13513	0.005994	21847	22054
T23637-C	NA	80	110344	0.000725	23628	23642
T23599G C23604G T23654C	S:N679K S:P681R S:S698P	80	42601	0.001878	23580	23724
C23525T T23599G C23604A C23625T	S:H655Y S:N679K S:P681H S:A688V	80	65363	0.001224	23487	23637
T25140-A C25207T	NA S:Y1215Y	79	41620	0.001898	25132	25214
T23599G C23604G T23620C	S:N679K S:P681R S:S686S	79	109395	0.000722	23580	23630
C23882+A	NA	79	29137	0.002711	23767	23891
C23525T T23540C T23599G C23604G	S:H655Y S:Y660H S:N679K S:P681R	79	65466	0.001207	23487	23642
C23525T G23576A T23599G C23604G	S:H655Y S:A672T S:N679K S:P681R	79	65466	0.001207	23487	23626
C23367+A	NA	79	44026	0.001794	23339	23378
A23494G C23525T T23599G C23604G	S:Q644Q S:H655Y S:N679K S:P681R	79	64903	0.001217	23487	23642
A22556G G22577C G22578A A22629C T22679C	S:I332V S:G339H S:G339H S:K356T S:S373P	79	857	0.092182	22495	22682
C25207T C25294-A	S:Y1215Y NA	78	42885	0.001819	25201	25325
C22120-A A22193-ATT T22200G C22208T G22218-T C22295A	NA S:DEL212 S:V213G S:L216F NA S:H245N	78	7453	0.010466	22105	22319
T23599G C23604G T23652C	S:N679K S:P681R S:M697T	77	42618	0.001807	23580	23669
T23599G C23604G G23619A	S:N679K S:P681R S:S686N	77	109405	0.000704	23580	23624
C23525T T23599G C23604G C23609T	S:H655Y S:N679K S:P681R S:R683W	77	65457	0.001176	23487	23637
T23143-A G23222A C23230-A C23271T	NA S:E554K NA S:A570V	76	7439	0.010216	23130	23285
G21987A T21990-TTA C22000A C22033A	S:G142D S:DEL144 S:H146Q S:F157L	76	14580	0.005213	21970	22058
C25207T A25253G	S:Y1215Y S:T1231A	76	43166	0.001761	25184	25325
C23887-A G23948T	NA S:D796Y	76	3166	0.024005	23771	23952
C23525T T23581C T23599G C23604G	S:H655Y S:S673S S:N679K S:P681R	76	65466	0.001161	23505	23627
C23525T A23534G T23599G C23604G	S:H655Y S:N658D S:N679K S:P681R	76	65466	0.001161	23501	23624
A23786-T C23854A	NA S:N764K	76	27832	0.002731	23745	23873
A23513G C23525T T23599G C23604G	S:I651V S:H655Y S:N679K S:P681R	76	65390	0.001162	23500	23624
T23487C C23525T T23599G C23604G	Unknown S:H655Y S:N679K S:P681R	75	41431	0.00181	23486	23624
C25207T T25263C	S:Y1215Y S:L1234P	75	43091	0.001741	25199	25325
T23599G C23604G G23675+T	S:N679K S:P681R NA	74	42411	0.001745	23580	23684
C23525T T23599G C23604G A23636G	S:H655Y S:N679K S:P681R S:I692V	74	64337	0.00115	23487	23642
T24469A C24536-A	S:N969K NA	73	59410	0.001229	24465	24564
T24267-G	NA	73	7720	0.009456	24257	24301
T23599G C23604G C23664-A	S:N679K S:P681R NA	73	42511	0.001717	23580	23724
T23599G C23604G A23704+C	S:N679K S:P681R NA	73	41720	0.00175	23581	23724
G23222A C23244-T C23271T	S:E554K NA S:A570V	72	7694	0.009358	23111	23290
G21987A T22032C C22033A A22034G	S:G142D S:F157S S:F157S S:R158G	72	14578	0.004939	21972	22054
C23854A G23903-T G23948T	S:N764K NA S:D796Y	72	3003	0.023976	23845	23978
C23525T C23565T T23599G C23604G	S:H655Y S:A668V S:N679K S:P681R	72	65466	0.0011	23501	23624
C23525T A23598G T23599G C23604G	S:H655Y S:N679R S:N679R S:P681R	72	65466	0.0011	23499	23626
A23853-C	NA	72	29306	0.002457	23842	23868
C23525T A23572G T23599G C23604G	S:H655Y S:I670M S:N679K S:P681R	71	65466	0.001085	23505	23625
T23850+A C23887-A	NA NA	70	28249	0.002478	23699	23895
C23525T T23599G T23602-C	S:H655Y S:N679K NA	70	65472	0.001069	23487	23637
C23525T T23599G C23604G G23612A	S:H655Y S:N679K S:P681R S:A684T	70	65450	0.00107	23488	23625
C23525T T23542C T23599G C23604G	S:H655Y S:Y660Y S:N679K S:P681R	70	65466	0.001069	23504	23633
C23399+T G23417+A C23423T C23525T	NA NA S:P621S S:H655Y	70	23218	0.003015	23335	23539
T23599G C23604G C23634T	S:N679K S:P681R S:S691F	69	108351	0.000637	23580	23635
G24971+T C24990T C25000T	NA S:P1143I S:D1146S	69	12647	0.005456	24914	25030
C25207T T25310C	S:Y1215Y S:C1250R	69	42750	0.001614	25130	25316
T23599G C23604G T23629C	S:N679K S:P681R S:S689S	68	108598	0.000626	23580	23639
C23525T T23599G T23602C C23604G	S:H655Y S:N679K S:S680S S:P681R	68	65466	0.001039	23508	23624
C23525T T23599G C23604G G23610A	S:H655Y S:N679K S:P681R S:R683Q	68	65453	0.001039	23487	23634
A23523G C23525T T23599G C23604G	S:E654G S:H655Y S:N679K S:P681R	68	65465	0.001039	23501	23641
T23599G C23604G A23708G	S:N679K S:P681R S:T716A	67	41521	0.001614	23581	23724
T23599G C23604G A23668G	S:N679K S:P681R S:E702E	67	42477	0.001577	23587	23705
T23599G C23604G A23665G	S:N679K S:P681R S:A701A	67	42503	0.001576	23580	23701
G25287-T	NA	67	52451	0.001277	25270	25307
C23525T T23560C T23599G C23604G	S:H655Y S:I666I S:N679K S:P681R	67	65466	0.001023	23487	23624
C23525T A23541G T23599G C23604G	S:H655Y S:Y660C S:N679K S:P681R	67	65466	0.001023	23487	23624
A24105+T	NA	67	8937	0.007497	24098	24106
T23599G T23602C C23604G	S:N679K S:S680S S:P681R	66	109537	0.000603	23581	23629
T23596+A T23599G C23604G	NA S:N679* S:P681C	66	109520	0.000603	23580	23615
T23584C T23599G C23604G	S:Y674Y S:N679K S:P681R	66	109251	0.000604	23580	23620
T21940-G A21979-T G21987A T21990-TTA C22000-A T22032C C22033A A22034G	NA NA S:G142D S:DEL144 NA S:F157S S:F157S S:R158G	66	13513	0.004884	21870	22058
G24488-T C24672-A	NA NA	66	23639	0.002792	24486	24679
A24424T C24536-A	S:Q954H NA	66	37606	0.001755	24416	24544
T23143-A T23164-A G23222A C23271T	NA NA S:E554K S:A570V	65	7439	0.008738	23090	23290
G23835-T	NA	65	29190	0.002227	23767	23849
C23525T T23599G C23604G T23633+C	S:H655Y S:N679K S:P681R NA	65	64599	0.001006	23493	23637
C23525T T23582C T23599G C23604G	S:H655Y S:Y674H S:N679K S:P681R	65	65466	0.000993	23495	23624
C23525T A23539G T23599G C23604G	S:H655Y S:S659S S:N679K S:P681R	65	65466	0.000993	23505	23642
A24885-T C24990T C25000T	NA S:P1143L S:D1146D	65	12265	0.0053	24874	25063
A23403G C23423T A23495+T C23525T	S:D614G S:P621S NA S:H655S	65	23237	0.002797	23342	23539
T23599G C23604G T23684C	S:N679K S:P681R S:S708P	64	42337	0.001512	23581	23700
T23510C C23525T T23599G C23604G	S:L650L S:H655Y S:N679K S:P681R	64	65377	0.000979	23487	23624
T21940-G	NA	64	14819	0.004319	21847	21948
G23505-C C23525T T23599G C23604G	NA S:H655Y S:N679K S:P681R	64	65238	0.000981	23498	23637
G21941T A21979-T G21987A T21990-TTA T22032C C22033A A22034G	S:V127F NA S:G142D S:DEL144 S:F157S S:F157S S:R158G	64	13514	0.004736	21876	22058
C24466+A	NA	64	60239	0.001062	24465	24485
C23854A G23868-A	S:N764K NA	64	29000	0.002207	23843	23895
C23525T A23526G T23599G C23604G	S:H655C S:H655C S:N679K S:P681R	64	65466	0.000978	23487	23615
A23786+T C23887-A	NA NA	64	26903	0.002379	23767	23895
T23487G C23525T T23599G C23604G	Unknown S:H655Y S:N679K S:P681R	63	41431	0.001521	23486	23642
T23164-A G23222A C23271T	NA S:E554K S:A570V	63	7507	0.008392	23102	23278
T21940-G G21987A T21990-TTA	NA S:G142D S:DEL144	63	14201	0.004436	21850	22008
G23835+T C23887-A	NA NA	63	27789	0.002267	23767	23895
C23525T C23604A	S:H655Y S:P681H	63	65466	0.000962	23497	23637
A23403G C23423T T23482-A C23525T	S:D614G S:P621S NA S:H655Y	63	23237	0.002711	23373	23529
A22110+G A22193-ATT T22200G C22208T C22295A	NA S:DEL212 S:V213S S:L216S S:H245T	63	7344	0.008578	22100	22310
C24378T	S:S939F	62	3967	0.015629	24374	24388
C23525T G23543A T23599G C23604G	S:H655Y S:E661K S:N679K S:P681R	62	65466	0.000947	23487	23637
A23495G C23525T T23599G C23604G	S:T645A S:H655Y S:N679K S:P681R	62	64917	0.000955	23487	23624
T23599G C23604G T23672C	S:N679K S:P681R S:S704P	61	42442	0.001437	23580	23686
T23599G C23604G C23609-G	S:N679K S:P681R NA	61	109505	0.000557	23581	23623
G22577C G22578A	S:G339H S:G339H	61	1159	0.052632	22519	22581
C23525T C23557T T23599G C23604G	S:H655Y S:P665P S:N679K S:P681R	61	65466	0.000932	23487	23637
A23524G C23525T T23599G C23604G	S:E654E S:H655Y S:N679K S:P681R	61	65465	0.000932	23501	23624
T23599G C23604G A23710G	S:N679K S:P681R S:T716T	60	41425	0.001448	23580	23724
T23590C T23599G C23604G	S:T676T S:N679K S:P681R	60	109409	0.000548	23580	23625
T23394C A23403G C23423T C23525T	S:L611P S:D614G S:P621S S:H655Y	60	23149	0.002592	23368	23529
G23499A C23525T T23599G C23604G	S:R646H S:H655Y S:N679K S:P681R	60	64987	0.000923	23487	23637
C25207T A25274G	S:Y1215Y S:T1238A	60	43017	0.001395	25188	25325
C23525T T23569C T23599G C23604G	S:H655Y S:G669G S:N679K S:P681R	60	65466	0.000917	23487	23642
A24424T T24472-G	S:Q954H NA	60	38224	0.00157	24412	24554
A23403G G23486-T C23525T	S:D614G NA S:H655Y	60	23237	0.002582	23394	23532
T25191-A C25207T G25218-T C25262-T	NA S:Y1215Y NA NA	59	42500	0.001388	25130	25299
T25152C C25207T	S:L1197P S:Y1215Y	59	42090	0.001402	25130	25281
T24643+A	NA	59	30555	0.001931	24626	24668
G23519A C23525T T23599G C23604G	S:A653T S:H655Y S:N679K S:P681R	59	65449	0.000901	23487	23642
C25262-T A25420+T	NA NA	59	4800	0.012292	25251	25429
C23525T T23599G C23604G T23637-C	S:H655Y S:N679K S:P681R NA	59	64268	0.000918	23487	23642
C23525T T23599G C23604G G23621A	S:H655Y S:N679K S:P681R S:V687I	59	65412	0.000902	23487	23624
C23525T T23573C T23599G C23604G	S:H655Y S:C671R S:N679K S:P681R	59	65466	0.000901	23488	23624
C23525T T23553C T23599G C23604G	S:H655Y S:I664T S:N679K S:P681R	59	65466	0.000901	23501	23637
A25182G C25207T	S:E1207G S:Y1215Y	59	43013	0.001372	25148	25325
A24424T C24466+A	S:Q954H NA	59	38296	0.001541	24412	24477
A23592G T23599G C23604G	S:Q677R S:N679K S:P681R	59	109443	0.000539	23580	23627
T24267-G C24378T A24424T	NA S:S939F S:Q954H	58	3017	0.019224	24259	24424
T23491C C23525T T23599G C23604G	S:F643F S:H655Y S:N679K S:P681R	58	64665	0.000897	23487	23629
T21609+CATGCCGCTGTT C21618T C21622T G21624C T21632-TACCCCCTG G21686-T C21711T A21764-TACATG	S:INS17HAAV S:T19F S:T20F S:R21T S:DEL25/27 NA S:S50L S:DEL69/70	58	8394	0.00691	21597	21802
C25207T T25268C	S:Y1215Y S:C1236R	58	43031	0.001348	25178	25325
C21711T	S:S50L	58	10310	0.005626	21703	21719
A24479-T	NA	58	63676	0.000911	24476	24496
T24472-G	NA	57	62558	0.000911	24465	24564
T23599G C23604G T23641-G	S:N679K S:P681R NA	57	107159	0.000532	23580	23663
T21609+CATGCCGCTGTT C21618T C21622T G21624C T21632-TACCCCCTG C21711T	S:INS17HAAV S:T19F S:T20F S:R21T S:DEL25/27 S:S50L	57	8596	0.006631	21597	21726
G25177+A C25207T	NA S:Y1215V	57	42711	0.001335	25170	25325
C25207T A25271G	S:Y1215Y S:M1237V	57	43029	0.001325	25177	25292
C24119-A G24140-T	NA NA	57	7753	0.007352	24111	24173
C23758+A	NA	57	26333	0.002165	23683	23768
A23594G T23599G C23604G	S:T678A S:N679K S:P681R	57	109491	0.000521	23580	23642
A23403G C23423T G23522-A C23525T	S:D614G S:P621S NA S:H655Y	57	23237	0.002453	23388	23532
A21875-T T21940-G G21987A T21990-TTA T22032C C22033A A22034G	NA NA S:G142D S:DEL144 S:F157S S:F157S S:R158G	57	13105	0.004349	21848	22058
T24377-C	NA	56	3966	0.01412	24366	24396
T23599G C23604G A23639-T	S:N679K S:P681R NA	56	107353	0.000522	23594	23642
T23599G C23604G A23631G	S:N679K S:P681R S:Q690R	56	108458	0.000516	23580	23633
G22813T	S:K417N	56	1158	0.048359	22801	22818
G21987A T21990-TTA A21999-C C22033A	S:G142D S:DEL144 NA S:F157L	56	14580	0.003841	21972	22042
C23525T T23599G C23604G A23618G	S:H655Y S:N679K S:P681R S:S686G	56	65422	0.000856	23487	23624
C23525T A23583G T23599G C23604G	S:H655Y S:Y674C S:N679K S:P681R	56	65466	0.000855	23504	23637
A25472+T	NA	56	14225	0.003937	25381	25477
A24423+T	NA	56	42569	0.001316	24413	24424
A24110-T C24119-A	NA NA	56	7416	0.007551	24089	24150
T25191-A C25207T G25218-T	NA S:Y1215Y NA	55	42706	0.001288	25130	25230
T23371C A23403G C23525T	S:N603N S:D614G S:H655Y	55	22845	0.002408	23342	23532
G25198-C C25207T	NA S:Y1215Y	55	43559	0.001263	25176	25316
C23525T A23558G T23599G C23604G	S:H655Y S:I666V S:N679K S:P681R	55	65466	0.00084	23515	23624
C21618T C21622T T21632-TACCCCCTG C21711T A21764-TACATG	S:T19I S:T20T S:DEL25/27 S:S50L S:DEL69/70	55	8395	0.006552	21597	21802
T21610C C21618T C21622T G21624C T21632-TACCCCCTG C21711T A21764-TACATG	S:V16V S:T19I S:T20T S:R21T S:DEL25/27 S:S50L S:DEL69/70	54	8395	0.006432	21597	21802
G23505A C23525T T23599G C23604G	S:G648D S:H655Y S:N679K S:P681R	54	65238	0.000828	23500	23633
C23525T G23568A T23599G C23604G C23635T	S:H655Y S:G669D S:N679K S:P681R S:S691S	54	64507	0.000837	23507	23637
C23525T A23532G T23599G C23604G	S:H655Y S:N657S S:N679K S:P681R	54	65466	0.000825	23488	23637
C23498T C23525T T23599G C23604G	S:R646C S:H655Y S:N679K S:P681R	54	64955	0.000831	23488	23624
A25133G C25207T	S:K1191E S:Y1215Y	54	41376	0.001305	25124	25240
A24424T T24438+A	S:Q954H NA	54	38620	0.001398	24413	24448
A24110-T C24150+T	NA NA	54	7069	0.007639	24021	24171
A22193-ATT C22295A	S:DEL212 S:H245N	54	8021	0.006732	22175	22310
G24521+T	NA	53	63978	0.000828	24496	24530
C25207T T25260C	S:Y1215Y S:M1233T	53	43116	0.001229	25185	25325
C24852-A C24990T C25000T	NA S:P1143L S:D1146D	53	11969	0.004428	24850	25030
C24668+A	NA	53	30370	0.001745	24612	24679
C24422-A T24469A	NA S:N969K	53	38257	0.001385	24412	24538
A25174G C25207T	S:G1204G S:Y1215Y	53	42619	0.001244	25130	25324
A23588G T23599G C23604G	S:T676A S:N679K S:P681R	53	109364	0.000485	23580	23642
T25228C	S:A1222A	52	45040	0.001155	25218	25323
G24971+T C24981-T C24990T C25000T	NA NA S:P1143I S:D1146S	52	12647	0.004112	24932	25014
C25207T T25283C	S:Y1215Y S:C1241R	52	42981	0.00121	25200	25324
C23525T T23578C T23599G C23604G	S:H655Y S:A672A S:N679K S:P681R	52	65466	0.000794	23487	23624
C23525T A23535G T23599G C23604G	S:H655Y S:N658S S:N679K S:P681R	52	65466	0.000794	23487	23642
A24922+T C24990T C25000T	NA S:P1143I S:D1146S	52	12446	0.004178	24850	25025
A24803-T	NA	52	9187	0.00566	24788	24806
A24424T A24433G T24469A	S:Q954H S:Q957Q S:N969K	52	38273	0.001359	24412	24564
A24424T A24430G T24469A	S:Q954H S:A956A S:N969K	52	38273	0.001359	24417	24476
A23720-T	NA	52	71622	0.000726	23691	23724
A23403G C23423T T23448C C23525T	S:D614G S:P621S S:L629P S:H655Y	52	23237	0.002238	23380	23539
T23599G C23604G T23686C	S:N679K S:P681R S:S708S	51	42305	0.001206	23580	23705
T23599G C23604G A23614G	S:N679K S:P681R S:A684A	51	109468	0.000466	23580	23642
T23507-GTT C23525T T23599G C23604G	S:DEL650 S:H655Y S:N679K S:P681R	51	65302	0.000781	23499	23635
C25207T T25291C	S:Y1215Y S:C1243C	51	42930	0.001188	25178	25325
C23492A C23525T T23599G C23604G	S:Q644K S:H655Y S:N679K S:P681R	51	64689	0.000788	23487	23633
T23599G C23604G T23680C	S:N679K S:P681R S:A706A	50	42363	0.00118	23583	23724
T23599G C23604G A23623G	S:N679K S:P681R S:V687V	50	109333	0.000457	23584	23642
T21940-G A21979-T G21987A T21990-TTA T22032C C22033A A22034G	NA NA S:G142D S:DEL144 S:F157S S:F157S S:R158G	50	13513	0.0037	21897	22058
G22104-A A22193-ATT T22200G C22208T C22295A	NA S:DEL212 S:V213G S:L216F S:H245N	50	7232	0.006914	22100	22310
C25207T T25219C	S:Y1215Y S:G1219G	50	43308	0.001155	25199	25325
C23854A A23886G	S:N764K S:D775G	50	28371	0.001762	23836	23895
C23525T T23599G C23604G T23633C	S:H655Y S:N679K S:P681R S:S691P	50	64599	0.000774	23488	23637
C23525T T23571C T23599G C23604G	S:H655Y S:I670T S:N679K S:P681R	50	65466	0.000764	23505	23642
A25137+T	NA	50	43162	0.001158	25122	25149
A24424T T24471-TG	S:Q954H NA	50	38225	0.001308	24412	24553
T23703-A	NA	49	72504	0.000676	23688	23712
T23599G C23604G T23676C	S:N679K S:P681R S:V705A	49	42403	0.001156	23580	23700
T23599G C23604G T23626C	S:N679K S:P681R S:A688A	49	108759	0.000451	23581	23642
T23599G C23604G C23609T	S:N679K S:P681R S:R683W	49	109505	0.000447	23580	23642
T22200A G22317T	S:V213E S:G252V	49	7834	0.006255	22195	22319
T21609+CATGCCGCTGTT C21618T C21622T T21632-TACCCCCTG C21711T A21764-TACATG	S:INS17HAAV S:T19F S:T20F S:DEL25/27 S:S50L S:DEL69/70	49	8394	0.005838	21597	21802
G24933-T	NA	49	16300	0.003006	24898	24943
G22813T T22882G G22895C T22896C G22898A	S:K417N S:N440K S:V445P S:V445P S:G446S	49	714	0.068627	22809	22909
G21941T	S:V127F	49	14820	0.003306	21897	21944
C25207T G25218-T C25262-TT	S:Y1215Y NA NA	49	43103	0.001137	25130	25320
C25207T A25295G	S:Y1215Y S:K1245E	49	42875	0.001143	25143	25325
C25207T A25247G	S:Y1215Y S:M1229V	49	43207	0.001134	25158	25323
C23525T T23599G C23604G A23627G	S:H655Y S:N679K S:P681R S:S689G	49	64829	0.000756	23508	23642
C23334-T A23403G	NA S:D614G	49	16725	0.00293	23282	23429
A24424T T24469A T24552C	S:Q954H S:N969K S:I997T	49	37410	0.00131	24413	24564
T23689-A	NA	48	72511	0.000662	23683	23705
T23599G C23604G T23697C	S:N679K S:P681R S:I712T	48	42175	0.001138	23580	23724
G23522-A C23525T T23599G C23604G	NA S:H655Y S:N679K S:P681R	48	65465	0.000733	23492	23642
C24026-T A24110-T	NA NA	48	6283	0.00764	24021	24122
C23271T T23337-TG A23403G C23423T	S:A570V NA S:D614G S:P621S	48	14862	0.00323	23269	23435
C22120-A A22193-ATT T22200G C22208T	NA S:DEL212 S:V213G S:L216F	48	8032	0.005976	22116	22214
C21618T T21632-TACCCCCTG	S:T19I S:DEL25/27	48	9341	0.005139	21597	21653
A24885+T C24981-T C24990T C25000T	NA NA S:P1143I S:D1146S	48	12265	0.003914	24857	25016
A24424T G24521+T	S:Q954H NA	48	37777	0.001271	24412	24530
A24424T A24454G T24469A	S:Q954H S:K964K S:N969K	48	38273	0.001254	24412	24564
A23515-G C23525T T23599G C23604G	NA S:H655Y S:N679K S:P681R	48	65412	0.000734	23493	23630
A22193-ATT C22208T C22295A	S:DEL212 S:L216F S:H245N	48	8021	0.005984	22172	22310
T25161C C25207T	S:L1200P S:Y1215Y	47	42279	0.001112	25130	25324
T23599G C23604G A23648G	S:N679K S:P681R S:T696A	47	42665	0.001102	23580	23724
C25207T T25265C	S:Y1215Y S:C1235R	47	43074	0.001091	25163	25323
C23882+A C23887-A	NA NA	47	28861	0.001628	23767	23895
C23525T T23599G C23604G G23624A	S:H655Y S:N679K S:P681R S:A688T	47	65374	0.000719	23487	23634
A25146G C25207T	S:E1195G S:Y1215Y	47	41900	0.001122	25144	25322
A24424T T24469A A24498G	S:Q954H S:N969K S:D979G	47	38030	0.001236	24412	24564
A23845G C23854A	S:T761T S:N764K	47	29075	0.001617	23794	23881
A23712-T	NA	47	72007	0.000653	23705	23724
A23403G C23423T G23486-T	S:D614G S:P621S NA	47	23637	0.001988	23361	23501
T24643-A C24672-A	NA NA	46	30199	0.001523	24612	24679
T23599G C23604G T23659C	S:N679K S:P681R S:L699L	46	42544	0.001081	23580	23699
C25207T T25233C	S:Y1215Y S:L1224S	46	43262	0.001063	25180	25248
C24130T	S:N856N	46	8326	0.005525	24120	24175
C23525T T23599G C23604G G23607A	S:H655Y S:N679K S:P681R S:R682Q	46	65457	0.000703	23500	23642
C23525T T23599G C23604G A23632G	S:H655Y S:N679K S:P681R S:Q690Q	46	64625	0.000712	23487	23642
C23525T T23596C T23599G C23604G	S:H655Y S:T678T S:N679K S:P681R	46	65466	0.000703	23487	23624
C23271T T23337-TG C23423T	S:A570V NA S:P621S	46	14862	0.003095	23269	23431
C21618T C21622T G21624C C21711T A21764-TACATG	S:T19I S:T20T S:R21T S:S50L S:DEL69/70	46	8395	0.005479	21597	21802
A25182C C25207T	S:E1207A S:Y1215Y	46	43013	0.001069	25166	25320
A25175G C25207T	S:K1205E S:Y1215Y	46	42651	0.001079	25148	25325
A24424T T24469A T24504C	S:Q954H S:N969K S:L981P	46	37964	0.001212	24412	24554
A24424T T24469A T24482C	S:Q954H S:N969K S:S974P	46	38168	0.001205	24413	24500
A24424T T24469A A24516G	S:Q954H S:N969K S:D985G	46	37851	0.001215	24412	24564
A22556G G22577C G22578A A22629C C22674T	S:I332V S:G339H S:G339H S:K356T S:S371F	46	873	0.052692	22505	22676
T25307C	S:S1249P	45	52768	0.000853	25264	25325
T24469A A24576G	S:N969K S:Q1005R	45	20950	0.002148	24465	24596
T23599G C23604G T23693C	S:N679K S:P681R S:S711P	45	42222	0.001066	23580	23701
T23599G C23604G A23691G	S:N679K S:P681R S:N710S	45	42249	0.001065	23580	23724
T21990-TTA	S:DEL144	45	15270	0.002947	21975	22013
G25540+T	NA	45	7788	0.005778	25372	25561
G23517A C23525T T23599G C23604G	S:G652E S:H655Y S:N679K S:P681R	45	65443	0.000688	23498	23623
C25207T T25301C	S:Y1215Y S:C1247R	45	42832	0.001051	25167	25307
C25207T T25272C	S:Y1215Y S:M1237T	45	43019	0.001046	25194	25316
C25207T T25251C	S:Y1215Y S:V1230A	45	43184	0.001042	25192	25324
C23525T G23580A T23599G C23604G	S:H655Y S:S673N S:N679K S:P681R	45	65466	0.000687	23487	23642
C21622T G21624C T21632-TACCCCCTG C21711T A21764-TACATG	S:T20T S:R21T S:DEL25/27 S:S50L S:DEL69/70	45	8395	0.00536	21597	21780
A24324-AT C24378T A24424T	NA S:S939F S:Q954H	45	3515	0.012802	24257	24424
A23704+C	NA	45	72493	0.000621	23686	23716
T25196-G C25207T C25262-TT	NA S:Y1215Y NA	44	42684	0.001031	25140	25325
T24552C	S:I997T	44	63644	0.000691	24518	24563
T23599G C23604G A23632G	S:N679K S:P681R S:Q690Q	44	108407	0.000406	23580	23642
T23599G C23604A T23716C	S:N679K S:P681H S:F718F	44	41287	0.001066	23581	23724
T23490C C23525T T23599G C23604G	S:F643S S:H655Y S:N679K S:P681R	44	64657	0.000681	23487	23624
G23835-T C23887-A	NA NA	44	27789	0.001583	23767	23895
G23222A A23267-T C23271T	S:E554K NA S:A570V	44	7694	0.005719	23200	23290
G22813T T22882G G22895C T22896C G22898A G22927T T22928C T22942G	S:K417N S:N440K S:V445P S:V445P S:G446S S:L455F S:F456L S:N460K	44	554	0.079422	22793	22949
C25207T T25312C	S:Y1215Y S:C1250C	44	42730	0.00103	25195	25324
C25207T T25304C	S:Y1215Y S:C1248R	44	42819	0.001028	25154	25325
C25131T C25207T	S:A1190V S:Y1215Y	44	41258	0.001066	25127	25263
C25000T C25207T	S:D1146D S:Y1215Y	44	450	0.097778	24990	25210
C23854A A23880G	S:N764K S:E773G	44	28655	0.001536	23699	23895
C23525T T23599G C23604A C23630+A	S:H655Y S:N679K S:P681H NA	44	64765	0.000679	23487	23637
C23525T C23555T T23599G C23604G	S:H655Y S:P665S S:N679K S:P681R	44	65466	0.000672	23501	23638
A25201G C25207T	S:P1213P S:Y1215Y	44	43758	0.001006	25186	25325
A24424T C24536-AA	S:Q954H NA	44	37606	0.00117	24418	24563
A24424T A24468-T T24470A	S:Q954H NA S:F970I	44	38225	0.001151	24412	24564
A23366G A23403G C23423T C23525T	S:T602A S:D614G S:P621S S:H655Y	44	22791	0.001931	23335	23535
A21979-T G21987A A21993-TTACC A21999C	NA S:G142D NA S:H146P	44	14944	0.002944	21867	22019
T24469A C24536-AA	S:N969K NA	43	59410	0.000724	24465	24554
T24469A A24562G	S:N969K S:R1000R	43	58786	0.000731	24465	24564
T23599G C23604G T23637C	S:N679K S:P681R S:I692T	43	107965	0.000398	23581	23642
T23599G C23604G A23646G	S:N679K S:P681R S:Y695C	43	42708	0.001007	23580	23718
T23599G C23604G A23636G	S:N679K S:P681R S:I692V	43	108061	0.000398	23580	23642
T23599G C23604A C23664T	S:N679K S:P681H S:A701V	43	42511	0.001012	23583	23704
T22926C T22942A	S:L455S S:N460K	43	1011	0.042532	22922	22959
G24657A	S:C1032Y	43	30490	0.00141	24612	24661
G23222A C23271T T23278-A	S:E554K S:A570V NA	43	7651	0.00562	23096	23290
C25207T G25287-T	S:Y1215Y NA	43	42953	0.001001	25196	25320
C23525T T23599G C23604G C23613T	S:H655Y S:N679K S:P681R S:A684V	43	65448	0.000657	23493	23642
C23525T C23551T T23599G C23604G	S:H655Y S:D663D S:N679K S:P681R	43	65466	0.000657	23492	23624
C23525T A23570G T23599G C23604G	S:H655Y S:I670V S:N679K S:P681R	43	65466	0.000657	23487	23642
C21618T C21622T G21624C T21632-TACCCCCTG C21711T	S:T19I S:T20T S:R21T S:DEL25/27 S:S50L	43	8597	0.005002	21597	21713
A24103+T	NA	43	8872	0.004847	24095	24191
T24469A T24548C	S:N969K S:L996L	42	59202	0.000709	24465	24564
T23599G C23604G G23610A	S:N679K S:P681R S:R683Q	42	109496	0.000384	23580	23642
T23599G C23604G C23709-A	S:N679K S:P681R NA	42	41495	0.001012	23580	23724
T23599G C23604G C23638T	S:N679K S:P681R S:I692I	42	107941	0.000389	23580	23642
T22223A C22295A	S:S221T S:H245N	42	9569	0.004389	22216	22319
G23768-T C23887-A	NA NA	42	26743	0.001571	23767	23895
C25207T T25237C	S:Y1215Y S:I1225I	42	43254	0.000971	25130	25325
C23887A A23888C	S:D775E S:K776Q	42	28842	0.001456	23878	23894
A24677G	S:R1039G	42	30271	0.001387	24612	24679
A24424T T24469A A24520G	S:Q954H S:N969K S:K986K	42	37818	0.001111	24413	24558
A23762G C23854A	S:T734A S:N764K	42	24245	0.001732	23715	23895
A23586G T23599G C23604G	S:Q675R S:N679K S:P681R	42	109309	0.000384	23580	23626
T25148C C25207T	S:S1196P S:Y1215Y	41	41943	0.000978	25130	25210
T23742-A	NA	41	26578	0.001543	23683	23757
G25135A C25207T	S:K1191K S:Y1215Y	41	41434	0.00099	25130	25210
G24488-T C24517-A	NA NA	41	63496	0.000646	24470	24528
G23501A C23525T T23599G C23604G	S:A647T S:H655Y S:N679K S:P681R	41	65073	0.00063	23487	23634
C25546+T	NA	41	7748	0.005292	25372	25560
C25207T T25228C	S:Y1215Y S:A1222A	41	43276	0.000947	25179	25323
C23525T T23599G C23604G A23639-T	S:H655Y S:N679K S:P681R NA	41	63699	0.000644	23493	23642
C23399+T C23525T	NA S:H655S	41	23218	0.001766	23335	23539
A24922+T C24981-T C24990T C25000T	NA NA S:P1143I S:D1146S	41	12446	0.003294	24850	25054
A24424T T24469A T24506C	S:Q954H S:N969K S:S982P	41	37950	0.00108	24413	24519
A24424T T24464C T24469A	S:Q954H S:S968P S:N969K	41	38273	0.001071	24412	24564
A24424T T24438+A T24469A	S:Q954H NA S:N969Q	41	38273	0.001071	24412	24487
A24325-T	NA	41	7754	0.005288	24229	24334
T24267-G T24377-C A24424T	NA NA S:Q954H	40	3017	0.013258	24259	24424
T23776C C23854A	S:C738C S:N764K	40	27747	0.001442	23684	23887
T23599G C23604G G23699A	S:N679K S:P681R S:A713T	40	42139	0.000949	23581	23700
T23599G C23604G A23674G	S:N679K S:P681R S:S704S	40	42426	0.000943	23580	23724
T23599G C23604G A23639G	S:N679K S:P681R S:I693V	40	107353	0.000373	23580	23642
G24570+T	NA	40	24685	0.00162	24529	24579
G24124-T	NA	40	8290	0.004825	24021	24154
C25262-T A25327-T	NA NA	40	6122	0.006534	25251	25338
C25207T T25293C	S:Y1215Y S:L1244P	40	42908	0.000932	25182	25323
C25207T T25257C	S:Y1215Y S:I1232T	40	43141	0.000927	25201	25266
C25207T G25302-T	S:Y1215Y NA	40	42829	0.000934	25202	25325
C25207T G25218+T	S:Y1215Y NA	40	43309	0.000924	25122	25247
C24421T A24424T T24469A	S:N953N S:Q954H S:N969K	40	38255	0.001046	24412	24552
C23525T T23599G C23604G A23639G	S:H655Y S:N679K S:P681R S:I693V	40	63699	0.000628	23487	23642
C23502T C23525T T23599G C23604G	S:A647V S:H655Y S:N679K S:P681R	40	65195	0.000614	23487	23639
A24424T T24469A G24474-T	S:Q954H S:N969K NA	40	38212	0.001047	24412	24509
A24253-T C24320-A	NA NA	40	7087	0.005644	24233	24332
A24253-T A24324-AT	NA NA	40	6970	0.005739	24233	24335
A23558-T T23599G C23604G	NA S:N679K S:P681R	40	65943	0.000607	23501	23633
T25560C	ORF3a:F56F	39	7609	0.005126	25372	25566
T24643-A	NA	39	30555	0.001276	24612	24656
T24469A T24552C	S:N969K S:I997T	39	59127	0.00066	24465	24564
T24376-TC A24424T	NA S:Q954H	39	3721	0.010481	24367	24424
T23599G C23604G A23720G	S:N679K S:P681R S:I720V	39	41082	0.000949	23580	23724
T23511C C23525T T23599G C23604G	S:L650S S:H655Y S:N679K S:P681R	39	65381	0.000597	23487	23633
T21609+CATGCCGCTGTT C21618T C21622T G21624C T21632-TACCCCCTG G21686-T A21764-TACATG	S:INS17HAAV S:T19F S:T20F S:R21T S:DEL25/27 NA S:DEL69/70	39	8394	0.004646	21597	21802
G25218-T	NA	39	44578	0.000875	25209	25275
G21941T G21987A T21991-TA T22032C C22033A A22034G	S:V127F S:G142D NA S:F157S S:F157S S:R158G	39	13514	0.002886	21848	22058
C25207T T25309-TG	S:Y1215Y NA	39	42760	0.000912	25201	25323
C25207T C25308-T	S:Y1215Y NA	39	42799	0.000911	25130	25325
C23525T T23599G C23604G T23637G	S:H655Y S:N679K S:P681R S:I692S	39	64268	0.000607	23487	23642
C23525T A23597G T23599G C23604G	S:H655Y S:N679E S:N679E S:P681R	39	65466	0.000596	23487	23629
C23399+T G23417+A C23423T	NA NA S:P621S	39	42404	0.00092	23335	23434
C22109G T22200A	S:Q183E S:V213E	39	7899	0.004937	22101	22207
A24424T T24469A T24471C	S:Q954H S:N969K S:F970S	39	38225	0.00102	24413	24564
A24424T T24469A A24551G	S:Q954H S:N969K S:I997V	39	37435	0.001042	24416	24561
A24424T A24440G T24469A	S:Q954H S:N960D S:N969K	39	38273	0.001019	24412	24564
T25205C C25207T	S:Y1215H S:Y1215H	38	43895	0.000866	25194	25325
T25150C C25207T	S:S1196S S:Y1215Y	38	42021	0.000904	25122	25307
T24469A C24579T	S:N969K S:T1006I	38	20940	0.001815	24465	24582
T23599G C23604G T23677C	S:N679K S:P681R S:V705V	38	42395	0.000896	23580	23724
T23582C T23599G C23604G	S:Y674H S:N679K S:P681R	38	109192	0.000348	23580	23700
T23143-A	NA	38	8203	0.004632	23100	23156
T21609+CATGCCGCTGTT C21618T C21622T G21624C T21632-TACCCCCTG C21711T C21736-T A21764-TACATG	S:INS17HAAV S:T19F S:T20F S:R21T S:DEL25/27 S:S50L NA S:DEL69/70	38	8394	0.004527	21597	21802
G23522-A C23525T	NA S:H655Y	38	91906	0.000413	23505	23535
C25207T T25307C	S:Y1215Y S:S1249P	38	42805	0.000888	25180	25325
C25207T T25232C	S:Y1215Y S:L1224L	38	43265	0.000878	25122	25317
C25207T G25281-C	S:Y1215Y NA	38	42996	0.000884	25201	25325
C25207T A25255G	S:Y1215Y S:T1231T	38	43153	0.000881	25135	25325
C24672-A G24693-A	NA NA	38	5808	0.006543	24612	24716
C24483+A	NA	38	63914	0.000595	24475	24496
C23816-T C23854A	NA S:N764K	38	28347	0.001341	23808	23863
C23525T G23567A T23599G C23604G	S:H655Y S:G669S S:N679K S:P681R	38	65466	0.00058	23501	23624
C23367+A C23423T C23525T	NA S:P621S S:H655S	38	22798	0.001667	23335	23533
A25195G C25207T	S:K1211K S:Y1215Y	38	43449	0.000875	25180	25210
A25164G C25207T	S:Q1201R S:Y1215Y	38	42360	0.000897	25130	25324
A24424T T24469A T24511C	S:Q954H S:N969K S:R983R	38	37887	0.001003	24413	24564
A24424T T24450C T24469A	S:Q954H S:V963A S:N969K	38	38273	0.000993	24412	24564
A23403G A23408G C23423T C23525T	S:D614G S:N616D S:P621S S:H655Y	38	23237	0.001635	23362	23535
T24469A T24504C	S:N969K S:L981P	37	59939	0.000617	24465	24535
T24469A A24479-T	S:N969K NA	37	60257	0.000614	24465	24498
T23599G T23602-C T23605G	S:N679K NA S:P681P	37	109511	0.000338	23580	23625
T23599G C23604G T23640C	S:N679K S:P681R S:I693T	37	107263	0.000345	23580	23642
T23599G C23604G G23612A	S:N679K S:P681R S:A684T	37	109488	0.000338	23587	23623
T23599G C23604G A23670G	S:N679K S:P681R S:N703S	37	42471	0.000871	23580	23697
T23599G C23604G A23627G	S:N679K S:P681R S:S689G	37	108685	0.00034	23580	23642
C25517-T	NA	37	8159	0.004535	25372	25531
C25262-T C25324-A	NA NA	37	50995	0.000726	25251	25335
C25207T T25322C	S:Y1215Y S:C1254R	37	42421	0.000872	25130	25323
C25207T T25319C	S:Y1215Y S:C1253R	37	42597	0.000869	25177	25325
C25207T T25309C	S:Y1215Y S:S1249S	37	42760	0.000865	25130	25324
C25207T T25211C	S:Y1215Y S:W1217R	37	43845	0.000844	25189	25325
C25207T G25320A	S:Y1215Y S:C1253Y	37	42582	0.000869	25141	25325
C23854A C23887A A23888C G23948T	S:N764K S:D775E S:K776Q S:D796Y	37	3003	0.012321	23846	23968
C23854A C23887-A G23948T	S:N764K NA S:D796Y	37	3003	0.012321	23838	23953
A25295G	S:K1245E	37	52539	0.000704	25286	25324
A25194-AT G25197T C25207T C25262-TT	NA S:W1212L S:Y1215Y NA	37	42612	0.000868	25122	25325
A25185G C25207T	S:Q1208R S:Y1215Y	37	43085	0.000859	25171	25325
A25154G C25207T	S:I1198V S:Y1215Y	37	42133	0.000878	25130	25324
A24424T T24469A A24508G	S:Q954H S:N969K S:S982S	37	37936	0.000975	24412	24564
A24420G A24424T T24469A	S:N953S S:Q954H S:N969K	37	38246	0.000967	24415	24564
T25263C	S:L1234P	36	51940	0.000693	25254	25315
T23599G C23604G T23719C	S:N679K S:P681R S:T719T	36	41091	0.000876	23580	23723
T23599G C23604G T23658C	S:N679K S:P681R S:L699P	36	42556	0.000846	23580	23699
T23599G C23604G C23664T	S:N679K S:P681R S:A701V	36	42511	0.000847	23580	23724
G25145A C25207T	S:E1195K S:Y1215Y	36	41867	0.00086	25122	25325
G24611+A	NA	36	24405	0.001475	24479	24679
G23885+A	NA	36	28963	0.001243	23874	23895
C25207T T25285C	S:Y1215Y S:C1241C	36	42971	0.000838	25169	25323
C24771T	S:A1070V	36	9234	0.003899	24751	24791
C23525T T23599G C23604G G23611A	S:H655Y S:N679K S:P681R S:R683R	36	65453	0.00055	23501	23637
C23525T T23599G C23604G C23606T	S:H655Y S:N679K S:P681R S:R682W	36	65459	0.00055	23487	23642
C23525T G23564A T23599G C23604G	S:H655Y S:A668T S:N679K S:P681R	36	65466	0.00055	23513	23642
C22295A C22353A G22403-A	S:H245N S:A264D NA	36	2082	0.017291	22246	22414
A25255-ATT	S:DEL1232	36	51691	0.000696	25209	25324
A25137+T C25207T C25262-T	NA S:Y1215V NA	36	40752	0.000883	25122	25291
A24885+T C24990T C25000T	NA S:P1143I S:D1146S	36	12265	0.002935	24850	25004
A24424T T24469A T24549C	S:Q954H S:N969K S:L996S	36	37460	0.000961	24412	24550
A23702G C23854A	S:I714V S:N764K	36	23826	0.001511	23683	23895
A23400+G C23423T	NA S:P621S	36	42433	0.000848	23345	23435
T24650C	S:S1030P	35	30528	0.001146	24612	24661
T24469A T24656-G	S:N969K NA	35	20605	0.001699	24465	24679
T24469A T24487G	S:N969K S:S975R	35	60195	0.000581	24465	24638
T21940-G G21987A T22032C C22033A A22034G	NA S:G142D S:F157S S:F157S S:R158G	35	13513	0.00259	21867	22058
G25445A	ORF3a:G18D	35	14713	0.002379	25377	25454
G25173A C25207T	S:G1204E S:Y1215Y	35	42601	0.000822	25130	25325
G25130A	S:A1190T	35	42095	0.000831	25122	25205
G24868-T C24990T C25000T	NA S:P1143L S:D1146D	35	12191	0.002871	24853	25069
G23804-A C23854A	NA S:N764K	35	28187	0.001242	23762	23891
G23518A C23525T T23599G C23604G	S:G652G S:H655Y S:N679K S:P681R	35	65447	0.000535	23487	23639
C25207T A25241G	S:Y1215Y S:I1227V	35	43242	0.000809	25194	25325
C24852-A	NA	35	16381	0.002137	24850	24865
C24672-A A24803-T	NA NA	35	5239	0.006681	24612	24806
C23816+T	NA	35	29317	0.001194	23767	23827
C23492+A	NA	35	91398	0.000383	23486	23504
C23399+T C23423T G23486-T C23525T	NA S:P621S NA S:H655S	35	23218	0.001507	23335	23539
A25472-T	NA	35	14225	0.00246	25384	25477
A25420+T	NA	35	15254	0.002294	25382	25429
A25185-G	NA	35	43847	0.000798	25149	25325
A24424T T24469A T24529C	S:Q954H S:N969K S:A989A	35	37696	0.000928	24415	24564
A24424T C24517-A	S:Q954H NA	35	37845	0.000925	24412	24534
A24424T A24453G T24469A	S:Q954H S:K964R S:N969K	35	38273	0.000914	24413	24500
A24424T A24432G T24469A	S:Q954H S:Q957R S:N969K	35	38273	0.000914	24415	24558
T24469A A24498G	S:N969K S:D979G	34	60049	0.000566	24465	24564
T23599G C23604G G23663A	S:N679K S:P681R S:A701T	34	42518	0.0008	23580	23700
T23599G C23604G A23702G	S:N679K S:P681R S:I714V	34	41771	0.000814	23593	23724
C23525T T23599G C23604G T23640C	S:H655Y S:N679K S:P681R S:I693T	34	63626	0.000534	23487	23642
C23525T T23599G C23604G C23609-G	S:H655Y S:N679K S:P681R NA	34	65457	0.000519	23487	23642
C23525T G23547A T23599G C23604G	S:H655Y S:C662Y S:N679K S:P681R	34	65466	0.000519	23495	23624
C23525T C23595T T23599G C23604G	S:H655Y S:T678I S:N679K S:P681R	34	65466	0.000519	23487	23642
C23525T A23579G T23599G C23604G	S:H655Y S:S673G S:N679K S:P681R	34	65466	0.000519	23487	23642
C22000A	S:H146Q	34	16054	0.002118	21996	22019
A24424T T24469A T24487C	S:Q954H S:N969K S:S975S	34	38127	0.000892	24412	24564
A24424T T24469A A24525G	S:Q954H S:N969K S:E988G	34	37733	0.000901	24413	24558
A24424T C24431+A	S:Q954H NA	34	38685	0.000879	24412	24441
A23696-T	NA	34	72705	0.000468	23686	23708
A23403G C23423T G23441A C23525T	S:D614G S:P621S S:D627N S:H655Y	34	23237	0.001463	23335	23532
A23403G C23423T G23426T C23525T	S:D614G S:P621S S:V622F S:H655Y	34	23237	0.001463	23335	23539
A22193-ATT T22200G C22208T C22227-T C22295A	S:DEL212 S:V213G S:L216F NA S:H245N	34	8021	0.004239	22100	22298
A21875-T G21987A T21990-TTA T22032C C22033A A22034G	NA S:G142D S:DEL144 S:F157S S:F157S S:R158G	34	13105	0.002594	21847	22058
T25140-A	NA	33	43243	0.000763	25130	25155
T24660+A	NA	33	30452	0.001084	24612	24677
T24471-TG	NA	33	62493	0.000528	24465	24564
T24469A T24581-A	S:N969K NA	33	20780	0.001588	24465	24679
T23599G C23604G T23622C	S:N679K S:P681R S:V687A	33	109373	0.000302	23581	23642
T23599G A23688+G	S:N679K NA	33	42288	0.00078	23594	23724
T21990-TTA T22032C C22033A	S:DEL144 S:F157S S:F157S	33	14580	0.002263	21975	22056
G23342A A23403G C23423T C23525T	S:G594S S:D614G S:P621S S:H655Y	33	22356	0.001476	23335	23532
G23222A C23230-AA C23271T	S:E554K NA S:A570V	33	7694	0.004289	23115	23274
G22104-A C22120-A A22193-ATT T22200G C22208T G22218-T C22295A	NA NA S:DEL212 S:V213G S:L216F NA S:H245N	33	7232	0.004563	22100	22319
C25207T T25264C	S:Y1215Y S:L1234L	33	43086	0.000766	25177	25324
C25207T T25236C	S:Y1215Y S:I1225T	33	43257	0.000763	25200	25325
C25207T G25299-C	S:Y1215Y NA	33	42855	0.00077	25177	25324
C25207T G25218+T C25262-T	S:Y1215Y NA NA	33	43103	0.000766	25192	25290
C23854G	S:N764K	33	29289	0.001127	23772	23895
C23525T T23599G C23604G G23616A	S:H655Y S:N679K S:P681R S:R685H	33	65429	0.000504	23487	23626
A25206G C25207T	S:Y1215C S:Y1215C	33	43905	0.000752	25148	25249
A24424T T24469A G24521+T	S:Q954H S:N969K NA	33	37777	0.000874	24412	24549
A24424T T24469A G24476A	S:Q954H S:N969K S:A972T	33	38205	0.000864	24412	24564
A24424T T24469A C24509T	S:Q954H S:N969K S:R983C	33	37920	0.00087	24412	24564
A24424T T24469A A24562G	S:Q954H S:N969K S:R1000R	33	37125	0.000889	24412	24564
A23403G C23423T T23489C C23525T	S:D614G S:P621S S:F643L S:H655Y	33	23237	0.00142	23375	23532
T25148+A C25207T	NA S:Y1215V	32	41943	0.000763	25141	25324
T24940C	S:C1126C	32	16238	0.001971	24906	24943
T24492+A	NA	32	64174	0.000499	24482	24508
T24469A G24497-AT	S:N969K NA	32	60068	0.000533	24465	24523
T24469A A24617G	S:N969K S:R1019G	32	20690	0.001547	24465	24679
T24469A A24602G	S:N969K S:R1014G	32	20724	0.001544	24465	24678
T24417C A24424T T24469A	S:V952A S:Q954H S:N969K	32	38194	0.000838	24412	24564
T23599G C23604G C23615T	S:N679K S:P681R S:R685C	32	109461	0.000292	23580	23631
T23599G C23604G A23704G	S:N679K S:P681R S:I714M	32	41720	0.000767	23580	23724
T23599G C23604G A23651G	S:N679K S:P681R S:M697V	32	42632	0.000751	23580	23700
G25249T	S:M1229I	32	45368	0.000705	25232	25318
G24145A	S:L861L	32	8293	0.003859	24120	24148
G21987A A21993-TTACC A21999C	S:G142D NA S:H146P	32	14952	0.00214	21967	22017
G21941T T21990-TTA	S:V127F S:DEL144	32	14202	0.002253	21913	22013
C25207T T25220C	S:Y1215Y S:F1220L	32	43306	0.000739	25191	25325
C25207T C25294G	S:Y1215Y S:L1244L	32	42885	0.000746	25172	25325
C25207T A25208-T	S:Y1215Y NA	32	43847	0.00073	25130	25320
C25160T C25207T	S:L1200F S:Y1215Y	32	42250	0.000757	25152	25325
C23525T T23599G C23604G T23605C	S:H655Y S:N679K S:P681R S:P681R	32	65460	0.000489	23487	23624
C23525T T23599G C23604G G23608A	S:H655Y S:N679K S:P681R S:R682R	32	65457	0.000489	23487	23642
C23525T G23528A T23599G C23604G	S:H655Y S:V656I S:N679K S:P681R	32	65466	0.000489	23487	23642
C23525T C23577T T23599G C23604G	S:H655Y S:A672V S:N679K S:P681R	32	65466	0.000489	23487	23624
C23525T C23533T T23599G C23604G	S:H655Y S:N657N S:N679K S:P681R	32	65466	0.000489	23487	23635
C23525T A23554+C T23599G C23604G	S:H655Y NA S:N679* S:P681C	32	65466	0.000489	23493	23633
C21622T G21624C T21632-TACCCCCTG	S:T20T S:R21T S:DEL25/27	32	9341	0.003426	21597	21659
C21618T C21622T G21624C T21632-TACCCCCTG G21686-T C21711T A21764-TACATG	S:T19I S:T20T S:R21T S:DEL25/27 NA S:S50L S:DEL69/70	32	8395	0.003812	21597	21802
A25246G	S:V1228V	32	45317	0.000706	25227	25285
A25147G C25207T	S:E1195E S:Y1215Y	32	41918	0.000763	25122	25307
A25125G C25207T	S:E1188G S:Y1215Y	32	40164	0.000797	25122	25325
A24424T T24469A A24554G	S:Q954H S:N969K S:T998A	32	37352	0.000857	24412	24564
A24424T T24436C T24469A	S:Q954H S:A958A S:N969K	32	38273	0.000836	24412	24564
A23403G T23421C C23423T C23525T	S:D614G S:V620A S:P621S S:H655Y	32	23237	0.001377	23393	23529
A23403G C23423T C23525T T23529C	S:D614G S:P621S S:H655Y S:V656A	32	23203	0.001379	23335	23535
T25268C	S:C1236R	31	52103	0.000595	25261	25325
T24548C	S:L996L	31	63713	0.000487	24536	24564
T24469A C24616-AG	S:N969K NA	31	20693	0.001498	24465	24673
T24469A C24517-A	S:N969K NA	31	59756	0.000519	24465	24532
T24115+A	NA	31	7922	0.003913	24108	24175
T23599G C23604G T23689C	S:N679K S:P681R S:N709N	31	42284	0.000733	23580	23700
T23599G C23604G C23709+A	S:N679K S:P681R NA	31	41495	0.000747	23583	23717
T23488C C23525T T23599G C23604G	Unknown S:H655Y S:N679K S:P681R	31	64523	0.00048	23487	23642
T21990-TTA C22033A A22034G	S:DEL144 S:F157L S:R158G	31	14578	0.002126	21974	22058
G25299-C	NA	31	52595	0.000589	25280	25324
G22813T T22882G	S:K417N S:N440K	31	810	0.038272	22796	22887
G22030-T	NA	31	16182	0.001916	22023	22058
C25207T G25212A	S:Y1215Y S:W1217*	31	43329	0.000715	25177	25308
C25207T C25282T	S:Y1215Y S:C1240C	31	42992	0.000721	25175	25325
C25207T A25235G	S:Y1215Y S:I1225V	31	43258	0.000717	25197	25325
C25132+A	NA	31	42954	0.000722	25123	25143
C24536-AA	NA	31	63809	0.000486	24523	24564
C23525T C23577G T23599G C23604G	S:H655Y S:A672G S:N679K S:P681R	31	65466	0.000474	23505	23624
C23525T C23557-A T23599G C23604G	S:H655Y NA S:N679K S:P681R	31	65466	0.000474	23487	23624
C23423T A23495+T C23525T	S:P621S NA S:H655S	31	23541	0.001317	23351	23532
C23271T C23334-T A23400+G C23423T	S:A570V NA NA S:P621S	31	14862	0.002086	23269	23431
C22295A C22353A C22383+T	S:H245N S:A264D NA	31	2179	0.014227	22257	22396
C21781-A	NA	31	10526	0.002945	21774	21802
A25374-T	NA	31	15215	0.002037	25372	25389
A24424T T24469A T24548C	S:Q954H S:N969K S:L996L	31	37464	0.000827	24413	24564
A24424T T24469A C24517-A	S:Q954H S:N969K NA	31	37845	0.000819	24412	24538
A24424T T24469A A24532G	S:Q954H S:N969K S:E990E	31	37667	0.000823	24415	24552
A24424T T24469A A24518G	S:Q954H S:N969K S:K986E	31	37835	0.000819	24412	24564
A24424T C24435-T	S:Q954H NA	31	38643	0.000802	24418	24455
A23403G C23423T T23443C C23525T	S:D614G S:P621S S:D627D S:H655Y	31	23237	0.001334	23342	23539
A21764-TACATG C21781-A	S:DEL69/70 NA	31	10277	0.003016	21746	21802
T25288C	S:S1242S	30	52456	0.000572	25272	25325
T23599G C23604G T23633C	S:N679K S:P681R S:S691P	30	108369	0.000277	23580	23637
T23599G C23604G G23678A	S:N679K S:P681R S:A706T	30	42389	0.000708	23580	23706
T23581C T23599G C23604G	Unknown S:N679K S:P681R	30	108915	0.000275	23580	23642
T22032C	S:F157S	30	16167	0.001856	22012	22058
C25207T T25303C	S:Y1215Y S:C1247C	30	42823	0.000701	25176	25307
C25207T T25248C	S:Y1215Y S:M1229T	30	43203	0.000694	25184	25299
C25207T T25221C	S:Y1215Y S:F1220S	30	43306	0.000693	25188	25252
C25207T A25208G	S:Y1215Y S:I1216V	30	43847	0.000684	25135	25325
C25156T C25207T	S:I1198I S:Y1215Y	30	42185	0.000711	25132	25323
C24517-A C24536-A C24672-A	NA NA NA	30	23857	0.001257	24476	24679
C24422-A	NA	30	42579	0.000705	24412	24424
C23525T G23568A T23599G C23604G	S:H655Y S:G669D S:N679K S:P681R	30	65466	0.000458	23487	23624
C23381+A	NA	30	43683	0.000687	23336	23390
C23367+A C23399+T C23423T C23525T	NA NA S:P621S S:H655Y	30	22798	0.001316	23335	23529
C23103-T G23222A C23271T	NA S:E554K S:A570V	30	7330	0.004093	23089	23290
A25438G	ORF3a:K16E	30	14808	0.002026	25382	25477
A25188G C25207T	S:Y1209C S:Y1215Y	30	43180	0.000695	25160	25223
A25137+T C25207T	NA S:Y1215V	30	41534	0.000722	25130	25263
A24885-T C24981-T C24990T C25000T	NA NA S:P1143L S:D1146D	30	12265	0.002446	24850	25025
A24562G	S:R1000R	30	63337	0.000474	24541	24564
A24424T T24469A T24501C	S:Q954H S:N969K S:I980T	30	37998	0.00079	24412	24564
A24424T T24469A C24536T	S:Q954H S:N969K S:Q992*	30	37606	0.000798	24412	24564
A23756G C23854A	S:T732A S:N764K	30	24224	0.001238	23683	23895
A22294-C	NA	30	14271	0.002102	22287	22319
T24658C	S:C1032C	29	30471	0.000952	24612	24668
T24656-G	NA	29	30493	0.000951	24490	24679
T23818C C23854A	S:L752L S:N764K	29	28412	0.001021	23683	23895
T23716+C C23854A	NA S:N764K	29	23916	0.001213	23699	23892
T23689+A	NA	29	72511	0.0004	23683	23703
T23599G C23604G T23681C	S:N679K S:P681R S:Y707H	29	42356	0.000685	23580	23711
T23599G C23604G T23617C	S:N679K S:P681R S:R685R	29	109425	0.000265	23581	23642
T23599G C23604G A23687G	S:N679K S:P681R S:N709D	29	42301	0.000686	23580	23724
T23599G C23604G A23667G	S:N679K S:P681R S:E702G	29	42486	0.000683	23580	23711
T21940-G T21990-TTA C22033A A22034G	NA S:DEL144 S:F157L S:R158G	29	13513	0.002146	21848	22045
T21940-G G21987A T21990-TTA T22032C C22033A	NA S:G142D S:DEL144 S:F157S S:F157S	29	13515	0.002146	21928	22043
T21609+CATGCCGCTGTT C21618T C21622T G21624C C21711T A21764-TACATG	S:INS17HAAV S:T19F S:T20F S:R21T S:S50L S:DEL69/70	29	8394	0.003455	21597	21802
G25278-T	NA	29	52351	0.000554	25266	25303
C25207T G25278-T	S:Y1215Y NA	29	43005	0.000674	25176	25304
C25200T C25207T	S:P1213L S:Y1215Y	29	43688	0.000664	25165	25325
C23399+T A23403G C23423T C23525T	NA S:D614G S:P621S S:H655S	29	23218	0.001249	23335	23539
A24885+T	NA	29	16555	0.001752	24850	24898
A24424T T24469A T24513C	S:Q954H S:N969K S:L984P	29	37869	0.000766	24412	24564
A24424T A24516G	S:Q954H S:D985G	29	37851	0.000766	24412	24564
A24424T A24456G T24469A	S:Q954H S:Q965R S:N969K	29	38273	0.000758	24414	24564
A23827G C23854A	S:Q755Q S:N764K	29	28608	0.001014	23817	23883
A23627-G	NA	29	110630	0.000262	23619	23642
A23597G T23599G C23604G	S:N679E S:N679E S:P681R	29	109521	0.000265	23580	23642
T25189C C25207T	S:Y1209Y S:Y1215Y	28	43206	0.000648	25171	25325
T25159C C25207T	S:D1199D S:Y1215Y	28	42221	0.000663	25144	25325
T24514C	S:L984L	28	64042	0.000437	24480	24678
T24469A T24650C	S:N969K S:S1030P	28	20617	0.001358	24465	24679
T24469A G24657A	S:N969K S:C1032Y	28	20603	0.001359	24465	24679
T24469A C24668+A	S:N969K NA	28	20520	0.001365	24465	24679
T24469A A24525G	S:N969K S:E988G	28	59609	0.00047	24465	24564
T23698C	S:I712I	28	72711	0.000385	23683	23720
T23599G C23604G C23644T	S:N679K S:P681R S:A694A	28	42742	0.000655	23580	23724
G25198-C	NA	28	43813	0.000639	25177	25210
G25135+A C25207T	NA S:Y1215V	28	41434	0.000676	25125	25251
G23835+T T23850+A	NA NA	28	28831	0.000971	23683	23878
G21941T T21990-TTA T22032C C22033A	S:V127F S:DEL144 S:F157S S:F157S	28	13516	0.002072	21925	22058
C25207T T25316C	S:Y1215Y S:S1252P	28	42685	0.000656	25130	25324
C25207T T25289C	S:Y1215Y S:C1243R	28	42940	0.000652	25130	25325
C24672+A	NA	28	30305	0.000924	24626	24679
C24579T	S:T1006I	28	24643	0.001136	24526	24660
C23854A A23891G	S:N764K S:N777D	28	28194	0.000993	23683	23895
C23854A A23883G	S:N764K S:Q774R	28	28501	0.000982	23823	23895
C23812-A C23854A	NA S:N764K	28	28311	0.000989	23797	23895
C23525T C23556T T23599G C23604G	S:H655Y S:P665L S:N679K S:P681R	28	65466	0.000428	23492	23629
C22120-A	NA	28	8458	0.00331	22100	22134
A25274G	S:T1238A	28	52275	0.000536	25270	25323
A25235T	S:I1225F	28	45165	0.00062	25158	25325
A24619G	S:R1019R	28	30520	0.000917	24612	24674
A24424T T24469A A24543G	S:Q954H S:N969K S:D994G	28	37537	0.000746	24412	24564
A24424T A24452G T24469A	S:Q954H S:K964E S:N969K	28	38273	0.000732	24412	24564
A24110-T G24140-T	NA NA	28	7140	0.003922	24021	24171
A23729+T C23854A	NA S:N764K	28	24015	0.001166	23694	23891
A23403G T23404C C23423T C23525T	S:D614G S:D614G S:P621S S:H655Y	28	23237	0.001205	23385	23539
A23403G C23423T T23428C C23525T	S:D614G S:P621S S:V622V S:H655Y	28	23237	0.001205	23335	23539
A23400+G C23423T C23525T	NA S:P621S S:H655S	28	23237	0.001205	23351	23539
A22629C C22674T T22679C T22685-C A22688G G22770A G22775A A22786C G22813T	S:K356T S:S371F S:S373P NA S:T376A S:R403K S:D405N S:R408S S:K417N	28	153	0.183007	22627	22834
A22193-ATT T22200G T22207-C C22295A	S:DEL212 S:V213G NA S:H245N	28	8021	0.003491	22181	22319
T25303C	S:C1247C	27	52682	0.000513	25266	25315
T24623C	S:S1021P	27	30547	0.000884	24612	24679
T24499+A	NA	27	64169	0.000421	24486	24509
T24469A A24498T	S:N969K S:D979V	27	60049	0.00045	24465	24564
T23727C C23854A	S:V722A S:N764K	27	24000	0.001125	23683	23895
T23599G C23604G G23666-A C23709-A	S:N679K S:P681R NA NA	27	41495	0.000651	23580	23724
T23599G C23604G C23683T	S:N679K S:P681R S:Y707Y	27	42345	0.000638	23580	23724
T23599G C23604G A23688G	S:N679K S:P681R S:N709S	27	42288	0.000638	23580	23708
T23599G C23604G A23618G	S:N679K S:P681R S:S686G	27	109418	0.000247	23580	23642
T23514C C23525T T23599G C23604G	S:I651T S:H655Y S:N679K S:P681R	27	65405	0.000413	23487	23642
T21609+CATGCCGCTGTT C21618T C21622T T21632-TACCCCCTG A21764-TACATG	S:INS17HAAV S:T19F S:T20F S:DEL25/27 S:DEL69/70	27	8394	0.003217	21597	21800
G25126A C25207T	S:E1188E S:Y1215Y	27	40196	0.000672	25122	25261
C25262-T T25371+A	NA NA	27	5528	0.004884	25251	25380
C25207T T25280C	S:Y1215Y S:C1240R	27	42999	0.000628	25200	25325
C25207T T25242C	S:Y1215Y S:I1227T	27	43237	0.000624	25163	25260
C25207T G25314A	S:Y1215Y S:G1251E	27	42716	0.000632	25122	25325
C25207T G25299A	S:Y1215Y S:G1246D	27	42855	0.00063	25194	25312
C25207T C25276T	S:Y1215Y S:T1238T	27	43013	0.000628	25186	25325
C25207T A25315G	S:Y1215Y S:G1251G	27	42707	0.000632	25130	25320
C24899-A C24981-T C24990T C25000T	NA NA S:P1143L S:D1146D	27	12360	0.002184	24850	25049
C23575T T23599G C23604G	S:C671C S:N679K S:P681R	27	66189	0.000408	23570	23624
C23525T T23599G C23604G C23638T	S:H655Y S:N679K S:P681R S:I692I	27	64259	0.00042	23505	23642
C23525T T23559C T23599G C23604G	S:H655Y S:I666T S:N679K S:P681R	27	65466	0.000412	23487	23629
C23525T G23561A T23599G C23604G	S:H655Y S:G667S S:N679K S:P681R	27	65466	0.000412	23493	23630
C23525T C23530T T23599G C23604G	S:H655Y S:V656V S:N679K S:P681R	27	65466	0.000412	23487	23625
C23367+A C23423T	NA S:P621S	27	41675	0.000648	23335	23428
C23103-T	NA	27	8194	0.003295	23089	23120
A25136G C25207T	S:N1192D S:Y1215Y	27	41505	0.000651	25130	25325
A24669G	S:Q1036R	27	30345	0.00089	24473	24679
A24652G	S:S1030S	27	30521	0.000885	24612	24663
A24424T T24469A T24489C	S:Q954H S:N969K S:V976A	27	38114	0.000708	24412	24564
A24424T T24469A T24480C	S:Q954H S:N969K S:I973T	27	38178	0.000707	24412	24564
A24424T T24451+A	S:Q954H NA	27	38495	0.000701	24416	24463
A24424T G24434T T24469A	S:Q954H S:A958S S:N969K	27	38273	0.000705	24413	24564
A24424T A24468-T	S:Q954H NA	27	38279	0.000705	24412	24558
A23810G C23854A	S:S750G S:N764K	27	28294	0.000954	23799	23881
A23403G C23423T G23508+T C23525T	S:D614G S:P621S NA S:H655S	27	23237	0.001162	23335	23539
A22034+G	NA	27	16120	0.001675	22023	22052
T25202C C25207T	S:W1214R S:Y1215Y	26	43803	0.000594	25152	25320
T24469A T24623C	S:N969K S:S1021P	26	20680	0.001257	24465	24679
T24469A A24508G	S:N969K S:S982S	26	59891	0.000434	24465	24551
T23823C C23854A	S:L754S S:N764K	26	28508	0.000912	23782	23895
T23817C C23854A	S:L752P S:N764K	26	28378	0.000916	23787	23895
T23693+A	NA	26	72608	0.000358	23679	23724
T23599G C23604G G23624A	S:N679K S:P681R S:A688T	26	109298	0.000238	23591	23638
T23599G C23604G C23706T	S:N679K S:P681R S:P715L	26	41691	0.000624	23580	23724
T23599G C23603T C23604G	S:N679K S:P681C S:P681C	26	109537	0.000237	23582	23700
T23344C A23403G C23423T C23525T	S:G594G S:D614G S:P621S S:H655Y	26	22482	0.001156	23340	23539
T21990-TTA C22000A	S:DEL144 S:H146Q	26	14952	0.001739	21975	22015
G25523T	ORF3a:G44V	26	7987	0.003255	25372	25566
G25135+A	NA	26	43063	0.000604	25130	25145
G22813T T22882G G22895C T22896C G22898A T22917G T22942G	S:K417N S:N440K S:V445P S:V445P S:G446S S:L452R S:N460K	26	554	0.046931	22793	22966
G22813T T22882G G22895C T22896C G22898A G22927T T22942G	S:K417N S:N440K S:V445P S:V445P S:G446S S:L455F S:N460K	26	554	0.046931	22793	22967
C25528+T	NA	26	7937	0.003276	25372	25540
C25262-T T25382+A	NA NA	26	5322	0.004885	25251	25392
C25207T T25210C	S:Y1215Y S:I1216I	26	43846	0.000593	25149	25258
C25207T T25209C	S:Y1215Y S:I1216T	26	43847	0.000593	25190	25315
C25207T C25292T	S:Y1215Y S:L1244F	26	42916	0.000606	25130	25325
C25207T C25239T	S:Y1215Y S:A1226V	26	43248	0.000601	25199	25324
C25207T C25214A	S:Y1215Y S:L1218I	26	43321	0.0006	25186	25320
C23854A C23855T	S:N764K S:R765C	26	29189	0.000891	23683	23895
C23271T C23334-T C23367+A A23403G C23423T	S:A570V NA NA S:D614G S:P621S	26	14862	0.001749	23269	23443
C23271T C23277T A23403G C23423T	S:A570V S:T572I S:D614G S:P621S	26	14862	0.001749	23269	23443
C23099-T G23222A C23271T	NA S:E554K S:A570V	26	7310	0.003557	23089	23274
A25194-AT G25197T C25207T G25218-T C25262-T	NA S:W1212L S:Y1215Y NA NA	26	42612	0.00061	25122	25320
A24424T T24469A T24475C	S:Q954H S:N969K S:G971G	26	38210	0.00068	24412	24564
A24424T T24469A A24531G	S:Q954H S:N969K S:E990G	26	37683	0.00069	24416	24564
A24424T C24435-T G24488-T	S:Q954H NA NA	26	38120	0.000682	24412	24527
A24424T A24539+T	S:Q954H NA	26	37574	0.000692	24412	24549
A24424T A24441G T24469A	S:Q954H S:N960S S:N969K	26	38273	0.000679	24412	24564
A23403G C23423T C23451T C23525T	S:D614G S:P621S S:T630I S:H655Y	26	23237	0.001119	23339	23539
A23403G C23423T A23476G C23525T	S:D614G S:P621S S:T638T S:H655Y	26	23237	0.001119	23335	23539
T25322C	S:C1254R	25	52511	0.000476	25257	25325
T25171C C25207T	S:L1203L S:Y1215Y	25	42539	0.000588	25130	25325
T25140+A	NA	25	43243	0.000578	25130	25150
T24664C	S:L1034L	25	30384	0.000823	24612	24679
T24607C	S:A1015A	25	24395	0.001025	24533	24673
T24469A T24482C	S:N969K S:S974P	25	60242	0.000415	24465	24564
T24469A G24476A	S:N969K S:A972T	25	60280	0.000415	24465	24564
T24469A A24652G	S:N969K S:S1030S	25	20616	0.001213	24465	24679
T24469A A24532G	S:N969K S:E990E	25	59501	0.00042	24465	24564
T24172C	S:I870I	25	11341	0.002204	24148	24191
T23774C C23854A	S:C738R S:N764K	25	27719	0.000902	23734	23892
T23750C C23854A	S:S730P S:N764K	25	24191	0.001033	23725	23893
T23722C C23854A	S:I720I S:N764K	25	23948	0.001044	23683	23881
T23715C C23854A	S:F718S S:N764K	25	23915	0.001045	23683	23895
T23686+A	NA	25	72353	0.000346	23683	23696
T23599G C23604G T23605C	S:N679K S:P681R S:P681R	25	109511	0.000228	23580	23642
T23599G C23604G C23700T	S:N679K S:P681R S:A713V	25	42122	0.000594	23580	23724
T23599G C23604G C23643T	S:N679K S:P681R S:A694V	25	106816	0.000234	23580	23724
T23511+A C23525T A23558-T T23599G C23604G	NA S:H655S NA S:N679* S:P681C	25	65381	0.000382	23487	23624
T23346C A23403G C23423T C23525T	S:V595A S:D614G S:P621S S:H655Y	25	22530	0.00111	23335	23532
T21940-G T21990-TTA	NA S:DEL144	25	14201	0.00176	21847	22014
G25198A C25207T	S:W1212* S:Y1215Y	25	43559	0.000574	25130	25294
G23808A C23854A	S:C749Y S:N764K	25	28242	0.000885	23767	23891
G22249+T C22295A	NA S:H245T	25	13117	0.001906	22242	22319
G21941T T22032C C22033A A22034G	S:V127F S:F157S S:F157S S:R158G	25	13514	0.00185	21867	22058
C25207T T25257C T25258A	S:Y1215Y S:I1232T S:I1232T	25	43137	0.00058	25130	25325
C23854A T23860C	S:N764K S:A766A	25	29133	0.000858	23822	23881
C23854A G23948T A23964-T	S:N764K S:D796Y NA	25	2760	0.009058	23792	23971
C23854A A23894G	S:N764K Unknown	25	27622	0.000905	23746	23895
C23846T C23854A	S:Q762* S:N764K	25	29121	0.000858	23833	23892
C23525T T23599G C23604G T23641C	S:H655Y S:N679K S:P681R S:I693I	25	63534	0.000393	23487	23642
C23525T T23599G C23604G G23619A	S:H655Y S:N679K S:P681R S:S686N	25	65415	0.000382	23487	23642
C23525T T23599G C23604G C23630T	S:H655Y S:N679K S:P681R S:Q690*	25	64765	0.000386	23489	23642
C23525T G23562A T23599G C23604G	S:H655Y S:G667D S:N679K S:P681R	25	65466	0.000382	23487	23634
C23525T C23585T T23599G C23604G	S:H655Y S:Q675* S:N679K S:P681R	25	65466	0.000382	23487	23642
C23525T C23538T T23599G C23604G	S:H655Y S:S659L S:N679K S:P681R	25	65466	0.000382	23487	23642
C23423T T23482-A C23525T	S:P621S NA S:H655Y	25	23541	0.001062	23410	23539
C23271T C23334-T A23403G	S:A570V NA S:D614G	25	15046	0.001662	23269	23416
C22033A	S:F157L	25	16121	0.001551	22027	22058
C21871+T	NA	25	14869	0.001681	21848	21880
A25419G	ORF3a:T9T	25	15271	0.001637	25372	25477
A25142G C25207T	S:N1194D S:Y1215Y	25	41783	0.000598	25138	25325
A24424T T24469A A24560G	S:Q954H S:N969K S:R1000G	25	37169	0.000673	24416	24564
A24424T T24448C T24469A	S:Q954H S:L962L S:N969K	25	38273	0.000653	24413	24509
A24424T A24426G T24469A	S:Q954H S:N955S S:N969K	25	38273	0.000653	24412	24564
A23847G C23854A	S:Q762R S:N764K	25	29151	0.000858	23683	23895
A23779G C23854A	S:T739T S:N764K	25	27771	0.0009	23683	23895
A23512G C23525T T23599G C23604G	S:L650L S:H655Y S:N679K S:P681R	25	65383	0.000382	23487	23633
A23403G T23411C C23423T C23525T	S:D614G S:C617R S:P621S S:H655Y	25	23237	0.001076	23335	23538
A23403G C23423T T23480C C23525T	S:D614G S:P621S S:S640P S:H655Y	25	23237	0.001076	23335	23532
A23403G C23423T T23434-C C23525T	S:D614G S:P621S NA S:H655Y	25	23237	0.001076	23370	23532
A23403G C23423T A23476T C23525T	S:D614G S:P621S S:T638T S:H655Y	25	23237	0.001076	23335	23539
A22193-ATT T22200G C22208T C22295A A22296+T	S:DEL212 S:V213G S:L216F S:H245I NA	25	7957	0.003142	22107	22319
A21875-T	NA	25	14845	0.001684	21847	21887
T25140+A C25207T	NA S:Y1215V	24	41620	0.000577	25135	25212
T24505C	S:L981L	24	64110	0.000374	24491	24564
T24469A T24607C	S:N969K S:A1015A	24	20716	0.001159	24465	24679
T24469A T24583C	S:N969K S:Y1007Y	24	20767	0.001156	24465	24679
T24469A T24513C	S:N969K S:L984P	24	59802	0.000401	24465	24564
T24469A T24506C	S:N969K S:S982P	24	59921	0.000401	24465	24564
T24469A C24517-A C24672-A	S:N969K NA NA	24	20474	0.001172	24465	24679
T24469A A24516G	S:N969K S:D985G	24	59765	0.000402	24465	24564
T23797C C23854A	S:D745D S:N764K	24	28053	0.000856	23683	23895
T23599G C23604G A23704+C A23712+T	S:N679K S:P681R NA NA	24	41328	0.000581	23580	23724
T23599G C23604G A23688+G	S:N679K S:P681R NA	24	42288	0.000568	23580	23724
T23599G C23604A A23712+T	S:N679K S:P681H NA	24	41328	0.000581	23580	23724
T23407+G C23423T C23525T	NA S:P621S S:H655S	24	23367	0.001027	23335	23529
G24858A C24990T C25000T	S:G1099D S:P1143L S:D1146D	24	12135	0.001978	24850	25027
G23835-T C23854A C23887-A	NA S:N764K NA	24	27789	0.000864	23683	23895
G23504A C23525T T23599G C23604G	S:G648S S:H655Y S:N679K S:P681R	24	65220	0.000368	23487	23634
G23486-T C23525T	NA S:H655Y	24	24302	0.000988	23471	23532
G23222A T23278-A	S:E554K NA	24	7651	0.003137	23203	23290
C25214+G	NA	24	44255	0.000542	25207	25325
C25207T G25269A	S:Y1215Y S:C1236Y	24	43030	0.000558	25199	25325
C25207T C25300-T	S:Y1215Y NA	24	42849	0.00056	25130	25325
C25207T A25259G	S:Y1215Y S:M1233V	24	43133	0.000556	25134	25323
C25184T C25207T	S:Q1208* S:Y1215Y	24	43065	0.000557	25178	25325
C24134+T	NA	24	8315	0.002886	24021	24148
C23854A A23888G	S:N764K S:K776E	24	28294	0.000848	23808	23895
C23854A A23881G	S:N764K S:E773E	24	28639	0.000838	23683	23895
C23854A A23870G	S:N764K S:I770V	24	28965	0.000829	23844	23895
C23816-T	NA	24	29317	0.000819	23806	23830
C23525T G23576A T23584C T23599G C23604G	S:H655Y S:A672T S:Y674Y S:N679K S:P681R	24	65466	0.000367	23487	23629
C23520T C23525T T23599G C23604G	S:A653V S:H655Y S:N679K S:P681R	24	65454	0.000367	23488	23642
C22480T G22577C G22578A	S:F306F S:G339H S:G339H	24	225	0.106667	22458	22581
C22000A C22033A	S:H146Q S:F157L	24	15677	0.001531	21995	22058
C21618T C21622T G21624C	S:T19I S:T20T S:R21T	24	9341	0.002569	21597	21664
A25417G	ORF3a:T9A	24	15321	0.001566	25381	25424
A25137-T	NA	24	43162	0.000556	25130	25147
A24885-T	NA	24	16555	0.00145	24850	24897
A24675G	S:K1038R	24	30300	0.000792	24612	24679
A24673G	S:S1037S	24	30255	0.000793	24612	24679
A24424T T24469A T24496C	S:Q954H S:N969K S:N978N	24	38052	0.000631	24412	24564
A24424T A24498G	S:Q954H S:D979G	24	38030	0.000631	24412	24564
A24424T A24443G T24469A	S:Q954H S:T961A S:N969K	24	38273	0.000627	24412	24564
A24423G A24424T T24469A	S:Q954R S:Q954R S:N969K	24	38259	0.000627	24412	24564
A23834G C23854A	S:S758G S:N764K	24	28718	0.000836	23827	23895
A23403G C23423T G23519A C23525T	S:D614G S:P621S S:A653T S:H655Y	24	23237	0.001033	23335	23539
A23403G C23423T C23525T T23527C	S:D614G S:P621S S:H655Y S:H655Y	24	23203	0.001034	23380	23537
A23359G A23403G C23423T C23525T	S:T599T S:D614G S:P621S S:H655Y	24	22741	0.001055	23335	23539
A22629C C22674T T22679C	S:K356T S:S371F S:S373P	24	1138	0.02109	22623	22685
A21875-T T21940-G G21987A T21990-TTA C22000-A T22032C C22033A A22034G	NA NA S:G142D S:DEL144 NA S:F157S S:F157S S:R158G	24	13105	0.001831	21869	22058
A21875-T T21940-G A21979-T G21987A T21990-TTA C22000-A T22032C C22033A A22034G	NA NA NA S:G142D S:DEL144 NA S:F157S S:F157S S:R158G	24	13105	0.001831	21867	22058
A21675+T C21711T A21764-TACATG	NA S:S50F S:DEL69/70	24	9878	0.00243	21668	21802
T25415C	ORF3a:F8S	23	15346	0.001499	25381	25477
T25310C	S:C1250R	23	52786	0.000436	25286	25324
T25280C	S:C1240R	23	52375	0.000439	25267	25307
T25155C C25207T	S:I1198T S:Y1215Y	23	42168	0.000545	25136	25325
T24721C	S:P1053P	23	6245	0.003683	24712	24775
T24656C	S:C1032R	23	30493	0.000754	24612	24668
T24469A A24677G	S:N969K S:R1039G	23	20399	0.001128	24465	24679
T24469A A24587G	S:N969K S:T1009A	23	20757	0.001108	24465	24679
T24469A A24554G	S:N969K S:T998A	23	59054	0.000389	24465	24564
T24469A A24531G	S:N969K S:E990G	23	59526	0.000386	24465	24564
T23599G C23604G T23713C	S:N679K S:P681R S:N717N	23	41302	0.000557	23581	23724
T23599G C23604G T23650C	S:N679K S:P681R S:T696T	23	42634	0.000539	23580	23724
T23599G C23604G A23682G	S:N679K S:P681R S:Y707C	23	42351	0.000543	23581	23724
T23599G C23601T C23604G	S:N679K S:S680F S:P681R	23	109537	0.00021	23580	23642
T23599G A23712-T	S:N679K NA	23	41328	0.000557	23582	23724
T22942G	S:N460K	23	1207	0.019056	22937	22960
G25130A C25207T	S:A1190T S:Y1215Y	23	40484	0.000568	25122	25324
G24098A	S:A846T	23	8825	0.002606	24067	24106
G23735+A C23887-A	NA NA	23	23215	0.000991	23683	23895
G23417+A C23423T	NA S:P621S	23	42800	0.000537	23335	23450
G21987A T21990-TTA C22000-A T22032C C22033A A22034G	S:G142D S:DEL144 NA S:F157S S:F157S S:R158G	23	14578	0.001578	21962	22058
G21941T T21990-TTA C22033A A22034G	S:V127F S:DEL144 S:F157L S:R158G	23	13514	0.001702	21847	22058
C25463-T	NA	23	14354	0.001602	25372	25566
C25262-T G25364-T	NA NA	23	5607	0.004102	25251	25372
C25207T T25306C	S:Y1215Y S:C1248C	23	42810	0.000537	25130	25325
C25207T T25270C	S:Y1215Y S:C1236C	23	43029	0.000535	25202	25324
C25207T T25258C	S:Y1215Y S:I1232I	23	43137	0.000533	25187	25325
C25207T C25282-T	S:Y1215Y NA	23	42992	0.000535	25122	25325
C25207T C25267T	S:Y1215Y S:C1235C	23	43038	0.000534	25167	25325
C24878-A C24981-T C24990T C25000T	NA NA S:P1143L S:D1146D	23	12251	0.001877	24853	25047
C24503-T	NA	23	64098	0.000359	24471	24542
C23887A A23888C G23948T	S:D775E S:K776Q S:D796Y	23	3166	0.007265	23875	23978
C23525T T23599G C23604G C23630-A	S:H655Y S:N679K S:P681R NA	23	64765	0.000355	23508	23640
C23525T T23599G C23601T C23604G	S:H655Y S:N679K S:S680F S:P681R	23	65466	0.000351	23487	23624
C23525T G23593A T23599G C23604G	S:H655Y S:Q677Q S:N679K S:P681R	23	65466	0.000351	23487	23642
C23496T C23525T T23599G C23604G	S:T645I S:H655Y S:N679K S:P681R	23	64924	0.000354	23487	23637
C23399+T T23407+G C23423T C23525T	NA NA S:P621S S:H655Y	23	23218	0.000991	23336	23539
A25448G	ORF3a:E19G	23	14642	0.001571	25381	25477
A25442G	ORF3a:Q17R	23	14756	0.001559	25381	25476
A25397-T	NA	23	15609	0.001474	25381	25435
A25379G	S:T1273A	23	15252	0.001508	25372	25401
A25185T A25190-T C25207T	S:Q1208L NA S:Y1215Y	23	43085	0.000534	25122	25325
A24922-T C24981-T C24990T C25000T	NA NA S:P1143L S:D1146D	23	12446	0.001848	24850	25018
A24520G	S:K986K	23	64034	0.000359	24477	24564
A24424T T24469A T24534C	S:Q954H S:N969K S:V991A	23	37647	0.000611	24412	24564
A24424T T24469A G24558T	S:Q954H S:N969K S:G999V	23	37234	0.000618	24412	24564
A24424T T24469A C24536-A A24538G	S:Q954H S:N969K NA S:Q992Q	23	37580	0.000612	24412	24564
A24424T T24469A A24545G	S:Q954H S:N969K S:R995G	23	37505	0.000613	24412	24564
A24424T A24525G	S:Q954H S:E988G	23	37733	0.00061	24412	24564
A24424T A24454G	S:Q954H S:K964K	23	38461	0.000598	24413	24465
A24424T A24430-CA T24469A	S:Q954H NA S:N969K	23	38273	0.000601	24412	24564
A23796G C23854A	S:D745G S:N764K	23	28033	0.00082	23767	23895
A23656+T	NA	23	45053	0.000511	23648	23715
A23515G C23525T T23599G C23604G	S:I651M S:H655Y S:N679K S:P681R	23	65412	0.000352	23487	23637
A23403G C23423T T23521C C23525T	S:D614G S:P621S S:A653A S:H655Y	23	23237	0.00099	23342	23539
A23403G C23423T T23455C C23525T	S:D614G S:P621S S:P631P S:H655Y	23	23237	0.00099	23335	23539
A23403G C23423T A23474+T C23525T	S:D614G S:P621S NA S:H655S	23	23237	0.00099	23335	23539
A23403G C23423T A23440G C23525T	S:D614G S:P621S S:A626A S:H655Y	23	23237	0.00099	23342	23532
T25187C C25207T	S:Y1209H S:Y1215Y	22	43152	0.00051	25168	25325
T25129C C25207T	S:V1189V S:Y1215Y	22	40396	0.000545	25122	25325
T24506C	S:S982P	22	64109	0.000343	24486	24564
T24487C	S:S975S	22	64032	0.000344	24476	24564
T24469A T24643-A	S:N969K NA	22	20634	0.001066	24465	24660
T24469A T24565C	S:N969K S:L1001L	22	58578	0.000376	24465	24679
T24469A G24570-T	S:N969K NA	22	20977	0.001049	24465	24670
T24469A A24669G	S:N969K S:Q1036R	22	20502	0.001073	24465	24676
T24469A A24578G	S:N969K S:T1006A	22	20944	0.00105	24465	24679
T24414C A24424T T24469A	S:V951A S:Q954H S:N969K	22	38028	0.000579	24412	24529
T23781C C23854A	S:M740T S:N764K	22	27787	0.000792	23767	23895
T23725C C23854A	S:S721S S:N764K	22	23974	0.000918	23683	23895
T23721C C23854A	S:I720T S:N764K	22	23943	0.000919	23699	23895
T23693C C23854A	S:S711P S:N764K	22	23621	0.000931	23683	23892
T23599G C23604G T23641C	S:N679K S:P681R S:I693I	22	107159	0.000205	23580	23642
T23599G C23604G G23661A	S:N679K S:P681R S:G700D	22	42525	0.000517	23580	23724
T23599G C23604G G23642A	S:N679K S:P681R S:A694T	22	107017	0.000206	23580	23724
T23599G C23604G G23616A	S:N679K S:P681R S:R685H	22	109441	0.000201	23580	23642
T23599G C23604G G23611A	S:N679K S:P681R S:R683R	22	109491	0.000201	23580	23642
T23599G C23604G C23707T	S:N679K S:P681R S:P715P	22	41571	0.000529	23580	23724
T23599G C23604G C23613T	S:N679K S:P681R S:A684V	22	109484	0.000201	23580	23625
T23599G C23604G A23717G	S:N679K S:P681R S:T719A	22	41267	0.000533	23580	23724
T23599G C23604A G23666-A	S:N679K S:P681H NA	22	42491	0.000518	23580	23724
T23371C A23403G	S:N603N S:D614G	22	42129	0.000522	23335	23443
T21990-TTA A21999-C	S:DEL144 NA	22	14952	0.001471	21956	22017
G25177-T C25207T	NA S:Y1215Y	22	42711	0.000515	25122	25292
G23948T A23964-T	S:D796Y NA	22	4541	0.004845	23941	23971
G23699+A	NA	22	72726	0.000303	23689	23718
G23522A C23525T T23599G C23604G	S:E654K S:H655Y S:N679K S:P681R	22	65465	0.000336	23487	23642
G22104-A C22120-A	NA NA	22	8197	0.002684	22100	22134
C25207T T25288C	S:Y1215Y S:S1242S	22	42949	0.000512	25195	25307
C25207T G25323A	S:Y1215Y S:C1254Y	22	42401	0.000519	25122	25325
C25207T C25262-T A25295G	S:Y1215Y NA S:K1245E	22	42875	0.000513	25130	25325
C25207T A25246G	S:Y1215Y S:V1228V	22	43214	0.000509	25122	25325
C25199T C25207T	S:P1213S S:Y1215Y	22	43600	0.000505	25122	25323
C25151+A C25207T	NA S:Y1215V	22	42034	0.000523	25143	25320
C25000T C25100-A	S:D1146D NA	22	491	0.044807	24990	25175
C24981-T	NA	22	12976	0.001695	24971	24989
C24937T C24990T C25000T	S:N1125N S:P1143L S:D1146D	22	12479	0.001763	24850	25036
C24320-A C24378T A24424T	NA S:S939F S:Q954H	22	3495	0.006295	24229	24424
C23854A T23877C	S:N764K S:V772A	22	28726	0.000766	23849	23895
C23854A C23887A A23888C	S:N764K S:D775E S:K776Q	22	28294	0.000778	23841	23894
C23854A A23890G	S:N764K S:K776K	22	28223	0.00078	23683	23895
C23812T C23854A	S:S750S S:N764K	22	28311	0.000777	23793	23881
C23778+A	NA	22	29545	0.000745	23767	23799
C23399+T A23403G C23423T	NA S:D614G S:P621S	22	42404	0.000519	23335	23434
C23271T C23393T A23403G C23423T	S:A570V S:L611F S:D614G S:P621S	22	14862	0.00148	23269	23443
C22109G T22200A G22218-T G22317T	S:Q183E S:V213E NA S:G252V	22	7090	0.003103	22100	22319
C21618T T21632-TACCCCCTG C21711T A21764-TACATG	S:T19I S:DEL25/27 S:S50L S:DEL69/70	22	8395	0.002621	21597	21802
A25410G	ORF3a:R6R	22	15450	0.001424	25376	25419
A25408G	ORF3a:R6G	22	15474	0.001422	25381	25477
A25253G	S:T1231A	22	51655	0.000426	25251	25324
A25241G	S:I1227V	22	45252	0.000486	25226	25325
A25190+G C25207T	NA S:Y1215V	22	43241	0.000509	25183	25325
A25165G C25207T	S:Q1201Q S:Y1215Y	22	42378	0.000519	25130	25324
A24780G	S:K1073R	22	9318	0.002361	24724	24806
A24424T T24482C	S:Q954H S:S974P	22	38168	0.000576	24412	24552
A24424T T24469A T24523C	S:Q954H S:N969K S:V987V	22	37763	0.000583	24412	24564
A24424T T24448C	S:Q954H S:L962L	22	38519	0.000571	24413	24564
A24424C T24469A	S:Q954H S:N969K	22	38273	0.000575	24412	24564
A24123G	S:K854R	22	8352	0.002634	24115	24191
A23826G C23854A	S:Q755R S:N764K	22	28589	0.00077	23811	23894
A23800G C23854A	S:S746S S:N764K	22	28117	0.000782	23767	23895
A23764G C23854A	S:T734T S:N764K	22	24254	0.000907	23712	23889
A23503T C23525T T23599G C23604G	S:A647A S:H655Y S:N679K S:P681R	22	65212	0.000337	23487	23642
A23403G C23423T T23509C C23525T	S:D614G S:P621S S:C649C S:H655Y	22	23237	0.000947	23339	23532
A23403G C23423T C23472-TA C23525T	S:D614G S:P621S NA S:H655Y	22	23237	0.000947	23335	23539
A23403G C23423T A23445G C23525T	S:D614G S:P621S S:Q628R S:H655Y	22	23237	0.000947	23336	23539
A23403G A23414G C23423T C23525T	S:D614G S:T618A S:P621S S:H655Y	22	23237	0.000947	23345	23532
T25446C	ORF3a:G18G	21	14698	0.001429	25381	25477
T25283C	S:C1241R	21	52398	0.000401	25251	25321
T25272C	S:M1237T	21	52223	0.000402	25251	25325
T25191-A	NA	21	43783	0.00048	25130	25202
T24469A T24487C	S:N969K S:S975S	21	60195	0.000349	24465	24560
T24469A G24521+T	S:N969K NA	21	59666	0.000352	24465	24543
T24469A A24661G	S:N969K S:V1033V	21	20571	0.001021	24465	24679
T24187C	S:S875S	21	11098	0.001892	24148	24188
T23842C C23854A	S:C760C S:N764K	21	28981	0.000725	23762	23895
T23599G C23604G T23703C	S:N679K S:P681R S:I714T	21	41746	0.000503	23590	23710
T23599G C23604G G23660A	S:N679K S:P681R S:G700S	21	42537	0.000494	23580	23702
T23599G C23604G C23649T	S:N679K S:P681R S:T696I	21	42648	0.000492	23580	23700
T23511+A C23525T	NA S:H655S	21	91766	0.000229	23486	23534
T23164+A G23222A C23271T	NA S:E554R S:A570F	21	7507	0.002797	23089	23290
G23417+A C23423T C23525T	NA S:P621S S:H655S	21	23503	0.000894	23335	23539
G22813T T22882G G22895C T22896C G22898A G22927T T22930A T22942G	S:K417N S:N440K S:V445P S:V445P S:G446S S:L455F S:F456L S:N460K	21	554	0.037906	22793	22959
G21941T G21987A T21990-TTA A22034G	S:V127F S:G142D S:DEL144 S:R158G	21	13514	0.001554	21847	22058
C25207T T25222C	S:Y1215Y S:F1220F	21	43303	0.000485	25130	25280
C25207T G25287A	S:Y1215Y S:S1242N	21	42953	0.000489	25128	25320
C25207T C25262-T C25308-T	S:Y1215Y NA NA	21	42799	0.000491	25130	25325
C25207T A25256+T C25262-T	S:Y1215Y NA NA	21	43103	0.000487	25122	25325
C24899-A	NA	21	16507	0.001272	24886	24915
C24878-A	NA	21	16616	0.001264	24850	24889
C24616-AG	NA	21	30501	0.000689	24476	24679
C24378T G24399-A A24424T	S:S939F NA S:Q954H	21	3722	0.005642	24295	24424
C24026-T G24140-T	NA NA	21	5915	0.00355	24021	24161
C23854A C23895T	S:N764K Unknown	21	27566	0.000762	23844	23895
C23525T T23599G C23604G G23628A	S:H655Y S:N679K S:P681R S:S689N	21	64781	0.000324	23487	23642
C23525T T23599G C23603T C23604G	S:H655Y S:N679K S:P681C S:P681C	21	65466	0.000321	23487	23642
C23525T G23545A T23599G C23604G	S:H655Y S:E661E S:N679K S:P681R	21	65466	0.000321	23487	23624
C23525T A23558-T T23599G C23604A	S:H655Y NA S:N679K S:P681H	21	65466	0.000321	23487	23641
C23525T A23554-C T23599G C23604G	S:H655Y NA S:N679K S:P681R	21	65466	0.000321	23493	23642
C23525T A23550T T23599G C23604G	S:H655Y S:D663V S:N679K S:P681R	21	65466	0.000321	23487	23642
C23492-A C23525T T23599G C23604G	NA S:H655Y S:N679K S:P681R	21	64689	0.000325	23488	23642
C23423T A23515-G C23525T	S:P621S NA S:H655Y	21	23541	0.000892	23335	23539
C23381+A C23423T C23525T	NA S:P621S S:H655S	21	22961	0.000915	23335	23539
C23271T T23337-TG	S:A570V NA	21	15717	0.001336	23269	23354
C21618T C21622T G21624C T21632-TACCCCCTG C21711T C21736-T A21764-TACATG	S:T19I S:T20T S:R21T S:DEL25/27 S:S50L NA S:DEL69/70	21	8395	0.002501	21597	21802
A25182G C25207T C25262-T	S:E1207G S:Y1215Y NA	21	42213	0.000497	25130	25325
A24860G C24990T C25000T	S:T1100A S:P1143L S:D1146D	21	12161	0.001727	24850	25069
A24772G	S:A1070A	21	9247	0.002271	24732	24806
A24679G	S:R1039R	21	30024	0.000699	24614	24679
A24654G	S:E1031G	21	30515	0.000688	24612	24679
A24518G	S:K986E	21	64030	0.000328	24493	24564
A24516G	S:D985G	21	64029	0.000328	24477	24564
A24424T T24469A T24514C	S:Q954H S:N969K S:L984L	21	37866	0.000555	24412	24555
A24424T T24469A T24499C	S:Q954H S:N969K S:D979D	21	38025	0.000552	24412	24564
A24424T T24469A G24535A	S:Q954H S:N969K S:V991V	21	37623	0.000558	24412	24564
A24424T T24469A A24556G	S:Q954H S:N969K S:T998T	21	37264	0.000564	24415	24564
A24424T A24453G	S:Q954H S:K964R	21	38466	0.000546	24412	24559
A23734G C23854A	S:T724T S:N764K	21	24064	0.000873	23714	23895
A23702G	S:I714V	21	72511	0.00029	23683	23724
A23598+G C23604G	NA S:P681C	21	109523	0.000192	23580	23633
A23515+G C23525T	NA S:H655S	21	91814	0.000229	23487	23535
A23403G C23423T C23475T C23525T	S:D614G S:P621S S:T638I S:H655Y	21	23237	0.000904	23355	23532
A23403G C23423T A23513G C23525T	S:D614G S:P621S S:I651V S:H655Y	21	23237	0.000904	23335	23533
A23403G C23423T A23503G C23525T	S:D614G S:P621S S:A647A S:H655Y	21	23237	0.000904	23335	23537
A21979-T G21987A T21990-TTA T22032C C22033A A22034G	NA S:G142D S:DEL144 S:F157S S:F157S S:R158G	21	14570	0.001441	21965	22058
T25514C	ORF3a:L41P	20	8217	0.002434	25372	25522
T25178C C25207T	S:Y1206H S:Y1215Y	20	42811	0.000467	25141	25325
T25171+G C25207T C25262-T	NA S:Y1215V NA	20	41740	0.000479	25122	25313
T25140+A C25207T C25262-T	NA S:Y1215V NA	20	40834	0.00049	25125	25325
T24631C	S:N1023N	20	30590	0.000654	24612	24679
T24499C	S:D979D	20	64169	0.000312	24488	24505
T24469A T24564C	S:N969K S:L1001P	20	58685	0.000341	24465	24564
T24469A T24514C	S:N969K S:L984L	20	59790	0.000335	24465	24564
T24469A T24511C	S:N969K S:R983R	20	59830	0.000334	24465	24564
T24469A T24472-G T24492-A	S:N969K NA NA	20	60153	0.000332	24465	24679
T24469A A24551G	S:N969K S:I997V	20	59161	0.000338	24465	24564
T24469A A24518G	S:N969K S:K986E	20	59741	0.000335	24465	24564
T24267-G A24424T	NA S:Q954H	20	3017	0.006629	24257	24424
T23748C C23854A	S:V729A S:N764K	20	24177	0.000827	23683	23887
T23739C C23854A	S:I726T S:N764K	20	24112	0.000829	23732	23895
T23599G C23604G T23633+C	S:N679K S:P681R NA	20	108369	0.000185	23580	23642
T23599G C23604G G23608A	S:N679K S:P681R S:R682R	20	109506	0.000183	23580	23642
T23599G C23604G C23701T	S:N679K S:P681R S:A713A	20	42073	0.000475	23580	23724
T23599G C23604G A23696G	S:N679K S:P681R S:I712V	20	42182	0.000474	23580	23724
T23341C A23403G C23423T C23525T	S:G593G S:D614G S:P621S S:H655Y	20	22348	0.000895	23335	23539
T22152C A22193-ATT T22200G C22208T C22295A	S:I197T S:DEL212 S:V213G S:L216F S:H245N	20	7568	0.002643	22100	22319
T21940-G G21987A	NA S:G142D	20	14256	0.001403	21848	21991
G25555+T	NA	20	7625	0.002623	25372	25566
G25204A C25207T	S:W1214* S:Y1215Y	20	43891	0.000456	25178	25325
G25177-T	NA	20	43764	0.000457	25122	25186
G24868-T	NA	20	16641	0.001202	24853	24883
G24510+T	NA	20	64083	0.000312	24489	24526
G24497-AT	NA	20	64170	0.000312	24473	24679
G24164-A	NA	20	11358	0.001761	24151	24191
G23824A C23854A	S:L754L S:N764K	20	28526	0.000701	23819	23895
G22813T T22882G G22895C T22896C G22898A T22930A T22942G	S:K417N S:N440K S:V445P S:V445P S:G446S S:F456L S:N460K	20	554	0.036101	22793	22966
C25416T G25555-T	ORF3a:F8F NA	20	7625	0.002623	25372	25566
C25276-A	NA	20	52313	0.000382	25234	25325
C25207T T25224C	S:Y1215Y S:I1221T	20	43290	0.000462	25144	25325
C25207T G25302A	S:Y1215Y S:C1247Y	20	42829	0.000467	25122	25325
C25207T G25281A	S:Y1215Y S:C1240Y	20	42996	0.000465	25131	25325
C25207T C25262-T T25312C	S:Y1215Y NA S:C1250C	20	42730	0.000468	25122	25325
C25207T A25277G	S:Y1215Y S:S1239G	20	43010	0.000465	25130	25325
C25207T A25243G	S:Y1215Y S:I1227M	20	43229	0.000463	25174	25325
C25207T A25216G	S:Y1215Y S:L1218L	20	43312	0.000462	25122	25325
C23854A G23885+A G23948T	S:N764K NA S:D796*	20	3003	0.00666	23833	23978
C23854A C23882+A	S:N764K NA	20	28616	0.000699	23767	23895
C23833-A C23854A	NA S:N764K	20	28683	0.000697	23817	23895
C23525T G23580-T T23599G C23604G	S:H655Y NA S:N679K S:P681R	20	65466	0.000306	23487	23640
C23525T G23574A T23599G C23604G	S:H655Y S:C671Y S:N679K S:P681R	20	65466	0.000306	23487	23637
C23367+A C23399+T C23423T	NA NA S:P621S	20	41675	0.00048	23335	23431
C23271T A23301G A23403G C23423T	S:A570V S:Q580R S:D614G S:P621S	20	14862	0.001346	23269	23443
C23271T A23295G A23403G C23423T	S:A570V S:D578G S:D614G S:P621S	20	14862	0.001346	23269	23443
C22120-A A22161-T A22193-ATT T22200G C22208T C22295A	NA NA S:DEL212 S:V213G S:L216F S:H245N	20	7453	0.002683	22100	22319
C22109G C22120-A T22200A G22317T	S:Q183E NA S:V213E S:G252V	20	7090	0.002821	22105	22319
C22109G	S:Q183E	20	8324	0.002403	22105	22123
C21618T C21622T G21624C A21764-TACATG	S:T19I S:T20T S:R21T S:DEL69/70	20	8395	0.002382	21597	21802
A25255G	S:T1231T	20	51691	0.000387	25251	25325
A24918G C24990T C25000T	S:N1119S S:P1143L S:D1146D	20	12433	0.001609	24853	25069
A24902-T	NA	20	16505	0.001212	24852	24927
A24674G	S:K1038E	20	30313	0.00066	24542	24679
A24667G	S:G1035G	20	30377	0.000658	24626	24679
A24602G	S:R1014G	20	24406	0.000819	24473	24635
A24545G	S:R995G	20	63739	0.000314	24483	24564
A24479-T G24488-T	NA NA	20	63607	0.000314	24476	24516
A24424T T24506C	S:Q954H S:S982P	20	37950	0.000527	24412	24564
A24424T T24469A T24505C	S:Q954H S:N969K S:L981L	20	37953	0.000527	24414	24554
A24424T G24488-T C24517-A	S:Q954H NA NA	20	37845	0.000528	24417	24564
A24419G A24424T	S:N953D S:Q954H	20	42500	0.000471	24412	24453
A24253-T C24378T A24424T	NA S:S939F S:Q954H	20	2823	0.007085	24229	24424
A23942-T G23948T	NA S:D796Y	20	4872	0.004105	23941	23960
A23403G T23406C C23423T C23525T	S:D614G S:V615A S:P621S S:H655Y	20	23237	0.000861	23381	23539
A23403G C23423T T23482-A	S:D614G S:P621S NA	20	23756	0.000842	23342	23502
A23403G C23423T T23473C C23525T	S:D614G S:P621S S:S637S S:H655Y	20	23237	0.000861	23335	23539
A23403G C23423T C23525T A23535G	S:D614G S:P621S S:H655Y S:N658S	20	22861	0.000875	23358	23538
A23403G C23423T C23525T A23532G	S:D614G S:P621S S:H655Y S:N657S	20	23136	0.000864	23335	23539
A23403G C23423T C23525T A23531G	S:D614G S:P621S S:H655Y S:N657D	20	23151	0.000864	23335	23539
A23403G C23423T C23496T C23525T	S:D614G S:P621S S:T645I S:H655Y	20	23237	0.000861	23342	23539
A22629C C22674T	S:K356T S:S371F	20	1158	0.017271	22625	22678
A22193-ATT T22200G C22208T A22245-T C22295A	S:DEL212 S:V213G S:L216F NA S:H245N	20	8021	0.002493	22105	22319
T25171-G C25207T	NA S:Y1215Y	19	42539	0.000447	25141	25289
T24769C	S:P1069P	19	9209	0.002063	24736	24791
T24522C	S:V987A	19	63981	0.000297	24507	24564
T24475C	S:G971G	19	63219	0.000301	24473	24481
T24469A A24591G	S:N969K S:Q1010R	19	20745	0.000916	24465	24679
T24469A A24582G	S:N969K S:Y1007C	19	20775	0.000915	24465	24679
T24438+A	NA	19	39056	0.000486	24428	24449
T23599G C23604G T23645C	S:N679K S:P681R S:Y695H	19	42731	0.000445	23580	23707
T23599G C23604G T23629+A	S:N679K S:P681R NA	19	108598	0.000175	23582	23642
T23599G C23604G G23675-T	S:N679K S:P681R NA	19	42411	0.000448	23585	23700
T23394C C23423T C23525T	S:L611P S:P621S S:H655Y	19	23149	0.000821	23342	23539
T23389C A23403G C23423T C23525T	S:A609A S:D614G S:P621S S:H655Y	19	23053	0.000824	23339	23539
T21940-G G21987A T21991-TA T22032C C22033A A22034G	NA S:G142D NA S:F157S S:F157S S:R158G	19	13513	0.001406	21850	22047
T21856+A	NA	19	14697	0.001293	21847	21868
G25440T	ORF3a:K16N	19	14786	0.001285	25372	25477
G25135+A C25207T C25262-T	NA S:Y1215V NA	19	40655	0.000467	25130	25325
G24776+A	NA	19	9289	0.002045	24724	24806
G24666T	S:G1035V	19	30383	0.000625	24612	24679
G24570-T	NA	19	24685	0.00077	24539	24587
G21987A T21991-TA T22032C C22033A A22034G	S:G142D NA S:F157S S:F157S S:R158G	19	14578	0.001303	21973	22058
C25517T	ORF3a:P42L	19	8159	0.002329	25372	25537
C25517-T G25555-T	NA NA	19	7625	0.002492	25372	25565
C25418+A	NA	19	15305	0.001241	25381	25451
C25262-T G25340-A	NA NA	19	5945	0.003196	25251	25371
C25207T C25227T	S:Y1215Y S:A1222V	19	43280	0.000439	25130	25323
C25163+A C25207T	NA S:Y1215V	19	42325	0.000449	25143	25222
C24852-A C24990T	NA S:P1143L	19	12017	0.001581	24850	25045
C24784+T	NA	19	9324	0.002038	24724	24795
C24431+A	NA	19	39031	0.000487	24428	24441
C24117T	S:A852V	19	8025	0.002368	24021	24191
C23816-TT C23854A	NA S:N764K	19	28347	0.00067	23796	23895
C23799-A C23854A	NA S:N764K	19	28081	0.000677	23790	23881
C23525T T23596+A T23599G C23604G	S:H655Y NA S:N679* S:P681C	19	65466	0.00029	23487	23642
C23525T G23549A T23599G C23604G	S:H655Y S:D663N S:N679K S:P681R	19	65466	0.00029	23487	23642
C23525T A23550G A23558G T23599G C23604G	S:H655Y S:D663G S:I666V S:N679K S:P681R	19	65466	0.00029	23487	23622
C23506T C23525T T23599G C23604G	S:G648G S:H655Y S:N679K S:P681R	19	65293	0.000291	23487	23642
C23399+T	NA	19	43383	0.000438	23335	23429
C23271T T23394C A23403G C23423T	S:A570V S:L611P S:D614G S:P621S	19	14862	0.001278	23269	23443
C23271T A23403G T23404C C23423T	S:A570V S:D614G S:D614G S:P621S	19	14862	0.001278	23269	23443
C22295A G22299-A	S:H245N NA	19	14179	0.00134	22287	22319
C22120-A A22161-T A22193-ATT T22200G C22208T G22218-T C22295A	NA NA S:DEL212 S:V213G S:L216F NA S:H245N	19	7453	0.002549	22100	22306
A25194-AT G25197T C25207T G25218-T	NA S:W1212L S:Y1215Y NA	19	42818	0.000444	25122	25325
A24576G	S:Q1005R	19	24656	0.000771	24473	24676
A24498+T	NA	19	64166	0.000296	24470	24506
A24495G	S:N978S	19	64160	0.000296	24488	24564
A24424T T24469A T24564C	S:Q954H S:N969K Unknown	19	37034	0.000513	24412	24564
A24424T T24469A T24472C	S:Q954H S:N969K S:F970F	19	38224	0.000497	24412	24499
A24424T T24469A A24485G	S:Q954H S:N969K S:S975G	19	38141	0.000498	24412	24564
A24424T C24431T T24469A	S:Q954H S:Q957* S:N969K	19	38273	0.000496	24412	24564
A24420G A24424T	S:N953S S:Q954H	19	42507	0.000447	24412	24482
A24324-AT C24378T G24399-A A24424T	NA S:S939F NA S:Q954H	19	3515	0.005405	24229	24424
A23848+T	NA	19	29298	0.000649	23767	23892
A23843G C23854A	S:T761A S:N764K	19	29024	0.000655	23836	23876
A23780G C23854A	S:M740V S:N764K	19	27774	0.000684	23767	23873
A23777G C23854A	S:T739A S:N764K	19	27752	0.000685	23699	23874
A23712-T C23854A	NA S:N764K	19	23893	0.000795	23683	23895
A23403G C23423T T23479C C23525T	S:D614G S:P621S S:G639G S:H655Y	19	23237	0.000818	23397	23539
A23403G C23423T A23524G C23525T	S:D614G S:P621S S:E654E S:H655Y	19	23237	0.000818	23335	23539
A23013C T23018C T23019C T23031C A23055G A23063T T23075C	S:E484A S:F486P S:F486P S:F490S S:Q498R S:N501Y S:Y505H	19	73	0.260274	23008	23104
T25319C	S:C1253R	18	52701	0.000342	25280	25325
T25191-A C25262-T	NA NA	18	42500	0.000424	25122	25325
T25191-A C25207T G25218-T C25262-TT	NA S:Y1215Y NA NA	18	42500	0.000424	25122	25320
T25148C C25207T C25262-T	S:S1196P S:Y1215Y NA	18	41150	0.000437	25130	25325
T24946C C24990T C25000T	S:V1128V S:P1143L S:D1146D	18	12525	0.001437	24850	25059
T24581-A	NA	18	24467	0.000736	24479	24679
T24487G	S:S975R	18	64032	0.000281	24476	24679
T24469A T24663C	S:N969K S:L1034P	18	20533	0.000877	24465	24679
T24469A T24658C	S:N969K S:C1032C	18	20591	0.000874	24465	24679
T24469A T24585C	S:N969K S:V1008A	18	20762	0.000867	24465	24679
T24469A T24501C	S:N969K S:I980T	18	59994	0.0003	24465	24564
T24469A T24499C	S:N969K S:D979D	18	60042	0.0003	24465	24564
T24469A C24672+A	S:N969K NA	18	20474	0.000879	24465	24679
T24469A A24667G	S:N969K S:G1035G	18	20524	0.000877	24465	24679
T24469A A24654G	S:N969K S:E1031G	18	20614	0.000873	24465	24679
T24469A A24500G	S:N969K S:I980V	18	60020	0.0003	24465	24564
T23798C C23854A	S:S746P S:N764K	18	28068	0.000641	23704	23895
T23752C C23854A	S:S730S S:N764K	18	24202	0.000744	23688	23881
T23599G G23666-A	S:N679K NA	18	42491	0.000424	23580	23722
T23599G C23604G T23715C	S:N679K S:P681R S:F718S	18	41293	0.000436	23580	23717
T23599G C23604G G23607A	S:N679K S:P681R S:R682Q	18	109506	0.000164	23581	23642
T23599G C23604G C23657+T	S:N679K S:P681R NA	18	42574	0.000423	23580	23671
T23599G C23604G C23647T	S:N679K S:P681R S:Y695Y	18	42681	0.000422	23580	23705
T23599G C23604G C23606+G	S:N679K S:P681R NA	18	109508	0.000164	23580	23625
T23371C C23525T	S:N603N S:H655Y	18	22845	0.000788	23351	23539
T23335G	S:S591S	18	17558	0.001025	23311	23338
T21940-G T21990-TTA C22000-A T22032C C22033A A22034G	NA S:DEL144 NA S:F157S S:F157S S:R158G	18	13513	0.001332	21847	22058
T21609+CATGCCGCTGTT C21622T G21624C T21632-TACCCCCTG C21711T A21764-TACATG	S:INS17HAAV S:T20F S:R21T S:DEL25/27 S:S50L S:DEL69/70	18	8394	0.002144	21597	21802
G25445A C25517T	ORF3a:G18D ORF3a:P42L	18	8159	0.002206	25372	25523
G25313A	S:G1251R	18	52793	0.000341	25308	25325
G23384-T A23403G C23423T C23525T	NA S:D614G S:P621S S:H655Y	18	22998	0.000783	23351	23532
G22992A C22995A T23005A T23008-GTT G23012A T23018C T23019C	S:S477N S:T478K S:N481K S:DEL483 S:E484K S:F486P S:F486P	18	235	0.076596	22979	23048
C25207T G25238A	S:Y1215Y S:A1226T	18	43249	0.000416	25122	25325
C25207T A25286G	S:Y1215Y S:S1242G	18	42965	0.000419	25144	25325
C24784-T	NA	18	9324	0.001931	24776	24806
C24672-A C24715+T	NA NA	18	5605	0.003211	24623	24731
C24536-A C24672-A	NA NA	18	23936	0.000752	24470	24679
C23887-A G23948T A23964-T	NA S:D796Y NA	18	2923	0.006158	23767	23978
C23854A A23892G	S:N764K S:N777S	18	28081	0.000641	23767	23895
C23825+A	NA	18	29297	0.000614	23683	23835
C23718+A	NA	18	71823	0.000251	23698	23724
C23709+T	NA	18	72254	0.000249	23700	23722
C23673+A	NA	18	45493	0.000396	23666	23696
C23525T G23587A T23599G C23604G	S:H655Y S:Q675Q S:N679K S:P681R	18	65466	0.000275	23487	23642
C23525T C23556T T23581C T23599G C23604G	S:H655Y S:P665L S:S673S S:N679K S:P681R	18	65466	0.000275	23486	23642
C23525T C23530-A T23599G C23604G	S:H655Y NA S:N679K S:P681R	18	65466	0.000275	23492	23642
C23271T C23334-T C23367+A C23423T	S:A570V NA NA S:P621S	18	14862	0.001211	23269	23435
C23271T A23403G T23421C C23423T	S:A570V S:D614G S:V620A S:P621S	18	14862	0.001211	23269	23443
C23271T A23400+G C23423T	S:A570V NA S:P621S	18	14862	0.001211	23269	23429
C23271T A23379-C A23403G C23423T	S:A570V NA S:D614G S:P621S	18	14862	0.001211	23269	23434
C22674T	S:S371F	18	1198	0.015025	22652	22678
C21618T C21622T G21624C T21632-TACCCCCTG A21764-TACATG C21781-A	S:T19I S:T20T S:R21T S:DEL25/27 S:DEL69/70 NA	18	8371	0.00215	21597	21802
A25425G	ORF3a:G11G	18	15079	0.001194	25372	25477
A25315G	S:G1251G	18	52791	0.000341	25292	25320
A25190G C25207T	S:I1210V S:Y1215Y	18	43241	0.000416	25122	25325
A25168G C25207T	S:E1202E S:Y1215Y	18	42454	0.000424	25122	25325
A25143G C25207T	S:N1194S S:Y1215Y	18	41806	0.000431	25127	25325
A24727G	S:S1055S	18	8876	0.002028	24724	24791
A24676G	S:K1038K	18	30293	0.000594	24612	24679
A24578G	S:T1006A	18	24645	0.00073	24480	24679
A24532G	S:E990E	18	63882	0.000282	24470	24564
A24531G	S:E990G	18	63907	0.000282	24502	24544
A24525G	S:E988G	18	63955	0.000281	24488	24564
A24424T T24548C	S:Q954H S:L996L	18	37464	0.00048	24412	24564
A24424T T24469A T24472-G C24536-A	S:Q954H S:N969K NA NA	18	37606	0.000479	24412	24558
A24424T T24469A G24547A	S:Q954H S:N969K S:R995R	18	37478	0.00048	24412	24564
A24424T T24469A A24537G	S:Q954H S:N969K S:Q992R	18	37587	0.000479	24412	24554
A24424T T24469A A24478G	S:Q954H S:N969K S:A972A	18	38187	0.000471	24412	24564
A24424T T24459C T24469A	S:Q954H S:L966P S:N969K	18	38273	0.00047	24412	24530
A24424T T24438+A G24488-T	S:Q954H NA NA	18	38120	0.000472	24412	24564
A24424T A24433G	S:Q954H S:Q957Q	18	38671	0.000465	24412	24437
A24110-T G24124-T	NA NA	18	7283	0.002472	24021	24154
A23848+T C23887-A	NA NA	18	28216	0.000638	23767	23895
A23737G C23854A	S:E725E S:N764K	18	24097	0.000747	23694	23891
A23403G C23423T T23482C C23525T	S:D614G S:P621S S:S640S S:H655Y	18	23237	0.000775	23335	23539
A23403G C23423T T23467C C23525T	S:D614G S:P621S S:V635V S:H655Y	18	23237	0.000775	23372	23538
A23403G C23423T T23464C C23525T	S:D614G S:P621S S:R634R S:H655Y	18	23237	0.000775	23335	23529
A23403G C23423T T23452C C23525T	S:D614G S:P621S S:T630T S:H655Y	18	23237	0.000775	23335	23539
A23403G C23423T T23427C C23525T	S:D614G S:P621S S:V622A S:H655Y	18	23237	0.000775	23355	23539
A23403G C23423T A23515-G C23525T	S:D614G S:P621S NA S:H655Y	18	23237	0.000775	23339	23539
A23403G C23423T A23497G C23525T	S:D614G S:P621S S:T645T S:H655Y	18	23237	0.000775	23335	23539
A23267-T C23271T	NA S:A570V	18	7788	0.002311	23247	23290
A22161-T A22193-ATT T22200G C22208T C22295A	NA S:DEL212 S:V213G S:L216F S:H245N	18	7697	0.002339	22100	22319
T25473C	ORF3a:D27D	17	14217	0.001196	25374	25477
T25312C	S:C1250C	17	52793	0.000322	25257	25324
T25257C	S:I1232T	17	51725	0.000329	25251	25325
T25170C C25207T	S:L1203P S:Y1215Y	17	42518	0.0004	25130	25325
T25148+A	NA	17	43500	0.000391	25138	25210
T25123C C25207T	Unknown S:Y1215Y	17	39928	0.000426	25122	25325
T24469A T24622C	S:N969K S:A1020A	17	20681	0.000822	24465	24679
T24469A T24589C	S:N969K S:T1009T	17	20750	0.000819	24465	24676
T24469A T24571C	S:N969K S:S1003S	17	20975	0.00081	24465	24679
T24469A T24505C	S:N969K S:L981L	17	59926	0.000284	24465	24564
T24469A T24491C	S:N969K S:L977L	17	60174	0.000283	24465	24561
T24469A T24480C	S:N969K S:I973T	17	60253	0.000282	24465	24554
T24469A C24507+T	S:N969K NA	17	59908	0.000284	24465	24564
T24469A A24675G	S:N969K S:K1038R	17	20418	0.000833	24465	24679
T24469A A24647G	S:N969K S:M1029V	17	20629	0.000824	24465	24679
T24469A A24619G	S:N969K S:R1019R	17	20688	0.000822	24465	24679
T24469A A24604G	S:N969K S:R1014R	17	20720	0.00082	24465	24679
T23837C C23854A	S:F759L S:N764K	17	28863	0.000589	23818	23895
T23754C C23854A	S:M731T S:N764K	17	24213	0.000702	23683	23884
T23599G C23604G T23721C	S:N679K S:P681R S:I720T	17	41062	0.000414	23580	23724
T23599G C23604G C23705T	S:N679K S:P681R S:P715S	17	41705	0.000408	23580	23724
T23599G C23604G C23679T	S:N679K S:P681R S:A706V	17	42384	0.000401	23580	23724
T23599G C23604G C23630+A	S:N679K S:P681R NA	17	108589	0.000157	23581	23642
T23599G C23604G A23723G	S:N679K S:P681R Unknown	17	41037	0.000414	23580	23724
T23599G C23604G A23696-T	S:N679K S:P681R NA	17	42182	0.000403	23580	23700
T23599G C23604G A23669G	S:N679K S:P681R S:N703D	17	42474	0.0004	23580	23699
T23599G C23604G A23627+C	S:N679K S:P681R NA	17	108685	0.000156	23590	23642
T23596C T23599G C23604G	S:T678T S:N679K S:P681R	17	109520	0.000155	23580	23642
T23164-A G23222A C23230-A C23271T	NA S:E554K NA S:A570V	17	7507	0.002265	23089	23290
T22165-A A22193-ATT T22200G C22208T C22295A	NA S:DEL212 S:V213G S:L216F S:H245N	17	7753	0.002193	22100	22319
T21939C G21941T G21987A T21990-TTA T22032C C22033A A22034G	S:V126A S:V127F S:G142D S:DEL144 S:F157S S:F157S S:R158G	17	13511	0.001258	21847	22043
G25218-T C25262-T	NA NA	17	44371	0.000383	25122	25316
G25177+A	NA	17	43764	0.000388	25168	25325
G24776-A	NA	17	9289	0.00183	24737	24801
G24530+A	NA	17	63912	0.000266	24476	24543
G24488-T C24517-A C24672-A	NA NA NA	17	23639	0.000719	24474	24679
G24140-TT	NA	17	8305	0.002047	24110	24191
G23835-T C23854A G23948T	NA S:N764K S:D796Y	17	2891	0.00588	23792	23978
G23522+A C23525T T23599G C23604G	NA S:H655S S:N679* S:P681C	17	65465	0.00026	23487	23641
G21987A T21990-TTA A22034G	S:G142D S:DEL144 S:R158G	17	14578	0.001166	21975	22058
C25308-T	NA	17	52777	0.000322	25300	25323
C25207T T25279C	S:Y1215Y S:S1239S	17	43001	0.000395	25179	25314
C25207T T25245C	S:Y1215Y S:V1228A	17	43221	0.000393	25131	25320
C25207T T25215C	S:Y1215Y S:L1218P	17	43319	0.000392	25195	25325
C25207T G25273A	S:Y1215Y S:M1237I	17	43019	0.000395	25178	25325
C25207T G25261A	S:Y1215Y S:M1233I	17	43110	0.000394	25126	25325
C25207T G25250A	S:Y1215Y S:V1230M	17	43187	0.000394	25136	25325
C25207T C25324T	S:Y1215Y S:C1254C	17	42369	0.000401	25122	25325
C25207T A25325G	S:Y1215Y Unknown	17	42241	0.000402	25157	25325
C25207T A25225G	S:Y1215Y S:I1221M	17	43287	0.000393	25131	25261
C25163+A	NA	17	43679	0.000389	25122	25177
C24878-A C24990T C25000T	NA S:P1143L S:D1146D	17	12251	0.001388	24867	25065
C24421T A24424T	S:N953N S:Q954H	17	42516	0.0004	24412	24564
C24026-T C24119-A	NA NA	17	6177	0.002752	24021	24136
C23854A T23878C	S:N764K S:V772V	17	28686	0.000593	23683	23892
C23854A T23875C	S:N764K S:A771A	17	28766	0.000591	23827	23895
C23854A G23885T	S:N764K S:D775Y	17	28439	0.000598	23823	23894
C23854A A23869G	S:N764K S:G769G	17	28987	0.000586	23826	23895
C23709-A	NA	17	72254	0.000235	23702	23724
C23709+A T23850+A	NA NA	17	23965	0.000709	23683	23895
C23709+A C23887-A	NA NA	17	23032	0.000738	23683	23895
C23604G T23637-C	S:P681R NA	17	108139	0.000157	23594	23642
C23589T T23599G C23604G	S:T676I S:N679K S:P681R	17	109386	0.000155	23580	23642
C23585T T23599G C23604G	S:Q675* S:N679K S:P681R	17	109280	0.000156	23580	23642
C23525T T23599G C23604G T23617+G	S:H655Y S:N679K S:P681R NA	17	65425	0.00026	23487	23642
C23525T T23599G C23604G C23609+G	S:H655Y S:N679K S:P681R NA	17	65457	0.00026	23492	23642
C23525T T23599G C23604G A23614+G	S:H655Y S:N679K S:P681R NA	17	65442	0.00026	23487	23625
C23525T T23559A T23599G C23604G	S:H655Y S:I666N S:N679K S:P681R	17	65466	0.00026	23487	23642
C23525T A23598+G C23604G	S:H655Y NA S:P681C	17	65466	0.00026	23502	23642
C23525T A23566T T23599G C23604G	S:H655Y S:A668A S:N679K S:P681R	17	65466	0.00026	23487	23633
C23423T G23522-A C23525T	S:P621S NA S:H655Y	17	23541	0.000722	23406	23539
C23423T G23486-T A23515-G C23525T	S:P621S NA NA S:H655Y	17	23541	0.000722	23335	23539
C23271T T23346C A23403G C23423T	S:A570V S:V595A S:D614G S:P621S	17	14862	0.001144	23269	23443
C23271T T23330C A23403G C23423T	S:A570V S:C590R S:D614G S:P621S	17	14862	0.001144	23269	23441
C23271T A23366G A23403G C23423T	S:A570V S:T602A S:D614G S:P621S	17	14862	0.001144	23269	23429
C23188+T G23222A C23271T	NA S:E554R S:A570F	17	7579	0.002243	23089	23289
C21618T C21622T G21624C T21632-TACCCCCTG G21686-T A21764-TACATG	S:T19I S:T20T S:R21T S:DEL25/27 NA S:DEL69/70	17	8395	0.002025	21597	21802
A25449G	ORF3a:E19E	17	14627	0.001162	25372	25477
A25381G	S:T1273T	17	15247	0.001115	25372	25433
A25327-T	NA	17	6532	0.002603	25279	25338
A25195T C25207T	S:K1211N S:Y1215Y	17	43449	0.000391	25122	25325
A25137-T C25207T	NA S:Y1215Y	17	41534	0.000409	25122	25225
A24922-T C24990T C25000T	NA S:P1143L S:D1146D	17	12446	0.001366	24850	25054
A24922-T	NA	17	16390	0.001037	24861	24934
A24922+T	NA	17	16390	0.001037	24850	24943
A24617G	S:R1019G	17	30509	0.000557	24470	24679
A24424T T24514C	S:Q954H S:L984L	17	37866	0.000449	24412	24564
A24424T T24513C	S:Q954H S:L984P	17	37869	0.000449	24412	24564
A24424T T24487C	S:Q954H S:S975S	17	38127	0.000446	24412	24564
A24424T T24469A T24491C	S:Q954H S:N969K S:L977L	17	38108	0.000446	24412	24553
A24424T T24469A G24527A	S:Q954H S:N969K S:A989T	17	37719	0.000451	24412	24564
A24424T T24469A C24553T	S:Q954H S:N969K S:I997I	17	37387	0.000455	24412	24554
A24424T T24469A C24503+T	S:Q954H S:N969K NA	17	37968	0.000448	24412	24563
A24424T T24469A C24477T	S:Q954H S:N969K S:A972V	17	38199	0.000445	24412	24564
A24424T T24469A A24519G	S:Q954H S:N969K S:K986R	17	37830	0.000449	24412	24564
A24424T T24460C T24469A	S:Q954H S:L966L S:N969K	17	38273	0.000444	24412	24546
A24424T T24451C T24469A	S:Q954H S:V963V S:N969K	17	38273	0.000444	24412	24564
A24424T T24447C T24469A	S:Q954H S:L962P S:N969K	17	38273	0.000444	24412	24564
A24424T C24435-T T24469A	S:Q954H NA S:N969K	17	38273	0.000444	24412	24564
A24190G	S:A876A	17	11038	0.00154	24148	24191
A24121G	S:Q853Q	17	8349	0.002036	24105	24191
A23786+T C23854A	NA S:N764K	17	27832	0.000611	23767	23879
A23760G C23854A	S:K733R S:N764K	17	24237	0.000701	23729	23895
A23704G C23854A	S:I714M S:N764K	17	23837	0.000713	23683	23889
A23403G C23423T C23424-T C23525T	S:D614G S:P621S NA S:H655Y	17	23237	0.000732	23335	23529
A23403G C23423T A23446G C23525T	S:D614G S:P621S S:Q628Q S:H655Y	17	23237	0.000732	23369	23539
A23403G C23423T A23442G C23525T	S:D614G S:P621S S:D627G S:H655Y	17	23237	0.000732	23335	23539
A23403G A23416G C23423T C23525T	S:D614G S:T618T S:P621S S:H655Y	17	23237	0.000732	23358	23539
A23403G A23409G C23423T C23525T	S:D614G S:N616S S:P621S S:H655Y	17	23237	0.000732	23374	23531
A21875+T	NA	17	14845	0.001145	21847	21892
T25510C	ORF3a:S40P	16	8257	0.001938	25372	25516
T25488C	ORF3a:T32T	16	8666	0.001846	25383	25566
T25382+A G25555-T	NA NA	16	7591	0.002108	25372	25566
T25270C	S:C1236C	16	52177	0.000307	25251	25325
T25128C C25207T	S:V1189A S:Y1215Y	16	40354	0.000396	25122	25323
T24640C	S:A1026A	16	30558	0.000524	24612	24679
T24628+A	NA	16	30583	0.000523	24612	24676
T24625C	S:S1021S	16	30555	0.000524	24612	24631
T24469A T24656C	S:N969K S:C1032R	16	20605	0.000777	24465	24679
T24469A G24474A	S:N969K S:G971D	16	60287	0.000265	24465	24564
T24469A A24556G	S:N969K S:T998T	16	58952	0.000271	24465	24564
T24469A A24543G	S:N969K S:D994G	16	59305	0.00027	24465	24564
T24469A A24484G	S:N969K S:S974S	16	60218	0.000266	24465	24564
T24179C	S:Y873H	16	11191	0.00143	24148	24191
T24156C	S:L865P	16	11354	0.001409	24148	24190
T23822C C23854A	S:L754L S:N764K	16	28492	0.000562	23801	23892
T23794C C23854A	S:G744G S:N764K	16	27988	0.000572	23782	23895
T23765C C23854A	S:S735P S:N764K	16	24259	0.00066	23683	23895
T23684C C23854A	S:S708P S:N764K	16	23428	0.000683	23683	23881
T23599G C23673T	S:N679K S:S704L	16	42438	0.000377	23580	23715
T23599G C23604G C23630T	S:N679K S:P681R S:Q690*	16	108589	0.000147	23580	23642
T23599G C23604G C23630-A	S:N679K S:P681R NA	16	108589	0.000147	23584	23642
T23599G C23604G C23606T	S:N679K S:P681R S:R682W	16	109508	0.000146	23580	23642
T23599G C23604G A23690G	S:N679K S:P681R S:N710D	16	42263	0.000379	23580	23724
T23599G C23604G A23656+T	S:N679K S:P681R NA	16	42586	0.000376	23585	23675
T23599G C23604G A23651C	S:N679K S:P681R S:M697L	16	42632	0.000375	23580	23724
T21609+CATGCCGCTGTT C21618T C21622T G21624C T21632-TACCCCCTG C21711T T21737C A21764-TACATG	S:INS17HAAV S:T19F S:T20F S:R21T S:DEL25/27 S:S50L S:F59L S:DEL69/70	16	8394	0.001906	21597	21802
T21609+CATGCCGCTGTT C21618T C21622T G21624C T21632-TACCCCCTG C21654-T C21711T A21764-TACATG	S:INS17HAAV S:T19F S:T20F S:R21T S:DEL25/27 NA S:S50L S:DEL69/70	16	8394	0.001906	21597	21802
G25183A C25207T	S:E1207E S:Y1215Y	16	43040	0.000372	25122	25325
G25173-A C25207T	NA S:Y1215Y	16	42601	0.000376	25151	25325
G24638A	S:A1026T	16	30568	0.000523	24631	24654
G23948T A23949-T	S:D796Y NA	16	4802	0.003332	23941	23960
G23885+A G23948T	NA S:D796*	16	3146	0.005086	23875	23977
G23868-A	NA	16	29382	0.000545	23860	23895
G23508A C23525T T23599G C23604G	S:C649Y S:H655Y S:N679K S:P681R	16	65323	0.000245	23487	23637
G23508+T C23525T	NA S:H655S	16	91675	0.000175	23487	23529
G23349A A23403G	S:S596N S:D614G	16	41771	0.000383	23270	23441
G22273-T C22295A C22353A	NA S:H245N S:A264D	16	2214	0.007227	22253	22442
G21987A T22032C C22033A	S:G142D S:F157S S:F157S	16	14580	0.001097	21971	22056
G21941T C21978A G21987A T21990-TTA T22032C C22033A A22034G	S:V127F S:P139Q S:G142D S:DEL144 S:F157S S:F157S S:R158G	16	13514	0.001184	21847	22058
G21941T A21979-T G21987A T21990-TTA C22000-A T22032C C22033A A22034G	S:V127F NA S:G142D S:DEL144 NA S:F157S S:F157S S:R158G	16	13514	0.001184	21867	22058
C25413-T	NA	16	15396	0.001039	25382	25477
C25324-A	NA	16	52468	0.000305	25309	25335
C25207T G25226A	S:Y1215Y S:A1222T	16	43283	0.00037	25122	25325
C25207T C25318T	S:Y1215Y S:S1252S	16	42607	0.000376	25122	25325
C24990T A24994G C25000T	S:P1143L S:E1144E S:D1146D	16	12730	0.001257	24891	25069
C24899-A C24990T C25000T	NA S:P1143L S:D1146D	16	12360	0.001294	24850	25023
C24672-A A24684-T G24693-A	NA NA NA	16	5808	0.002755	24612	24720
C24632-T	NA	16	30593	0.000523	24612	24647
C23854A A23884G	S:N764K S:Q774Q	16	28464	0.000562	23724	23895
C23709+A C23854A	NA S:N764K	16	23885	0.00067	23683	23895
C23525T T23599G C23604G G23642A	S:H655Y S:N679K S:P681R Unknown	16	63416	0.000252	23487	23642
C23525T C23591T T23599G C23604G	S:H655Y S:Q677* S:N679K S:P681R	16	65466	0.000244	23498	23624
C23525T C23575T C23604G	S:H655Y S:C671C S:P681R	16	65466	0.000244	23492	23638
C23423T T23511+A C23525T	S:P621S NA S:H655S	16	23541	0.00068	23335	23539
C23423T G23508+T C23525T	S:P621S NA S:H655S	16	23541	0.00068	23335	23539
C23423T C23496T C23525T	S:P621S S:T645I S:H655Y	16	23541	0.00068	23339	23539
C23271T A23403G C23423T A23440G	S:A570V S:D614G S:P621S S:A626A	16	14352	0.001115	23269	23443
C23271T A23359G A23403G C23423T	S:A570V S:T599T S:D614G S:P621S	16	14862	0.001077	23269	23429
C21711T C21736-T A21764-TACATG	S:S50L NA S:DEL69/70	16	10092	0.001585	21687	21798
A25562+T	NA	16	7556	0.002118	25372	25566
A25545G	ORF3a:A51A	16	7751	0.002064	25381	25566
A25503G	ORF3a:I37M	16	8390	0.001907	25372	25548
A25432G	ORF3a:T14A	16	14925	0.001072	25373	25477
A25193G C25207T	S:K1211E S:Y1215Y	16	43408	0.000369	25168	25325
A25176G C25207T C25262-T	S:K1205R S:Y1215Y NA	16	41866	0.000382	25122	25320
A25167G C25207T	S:E1202G S:Y1215Y	16	42428	0.000377	25123	25325
A24508G	S:S982S	16	64102	0.00025	24486	24564
A24424T T24552C	S:Q954H S:I997T	16	37410	0.000428	24412	24564
A24424T T24475C	S:Q954H S:G971G	16	38210	0.000419	24412	24481
A24424T T24469A T24522C	S:Q954H S:N969K S:V987A	16	37769	0.000424	24412	24564
A24424T T24469A T24472-G C24536-AA	S:Q954H S:N969K NA NA	16	37606	0.000425	24414	24564
A24424T T24469A T24470C	S:Q954H S:N969K S:F970L	16	38225	0.000419	24412	24564
A24424T T24469A A24500G	S:Q954H S:N969K S:I980V	16	38014	0.000421	24412	24564
A24424T T24469A A24484G	S:Q954H S:N969K S:S974S	16	38147	0.000419	24412	24564
A24424T C24455T T24469A	S:Q954H S:Q965* S:N969K	16	38273	0.000418	24412	24564
A24424T A24452G	S:Q954H S:K964E	16	38486	0.000416	24412	24459
A24167G	S:M869V	16	11371	0.001407	24148	24191
A23853G C23854A	S:N764R S:N764R	16	29289	0.000546	23683	23895
A23772G C23854A	S:D737G S:N764K	16	27702	0.000578	23683	23895
A23756-C C23854A	NA S:N764K	16	24224	0.000661	23749	23895
A23738G C23854A	S:I726V S:N764K	16	24100	0.000664	23683	23895
A23732G C23854A	S:T724A S:N764K	16	24042	0.000666	23683	23895
A23723+C	NA	16	71526	0.000224	23691	23724
A23688G	S:N709S	16	72440	0.000221	23683	23724
A23583G T23599G C23604G	S:Y674C S:N679K S:P681R	16	109218	0.000146	23580	23642
A23403G C23423T T23466C C23525T	S:D614G S:P621S S:V635A S:H655Y	16	23237	0.000689	23335	23539
A23403G C23423T T23434C C23525T	S:D614G S:P621S S:I624I S:H655Y	16	23237	0.000689	23335	23539
A23403G C23423T G23501A C23525T	S:D614G S:P621S S:A647T S:H655Y	16	23237	0.000689	23335	23539
A23403G C23423T C23447T C23525T	S:D614G S:P621S S:L629F S:H655Y	16	23237	0.000689	23335	23539
A23403G C23423T A23523G C23525T	S:D614G S:P621S S:E654G S:H655Y	16	23237	0.000689	23351	23539
A23362G A23403G C23423T C23525T	S:P600P S:D614G S:P621S S:H655Y	16	22761	0.000703	23335	23532
A22556G A22629C C22674T T22679C	S:I332V S:K356T S:S371F S:S373P	16	857	0.01867	22513	22685
T25520C	ORF3a:F43S	15	8093	0.001853	25372	25565
T25461C	ORF3a:A23A	15	14392	0.001042	25372	25477
T25436C	ORF3a:L15S	15	14842	0.001011	25372	25477
T25304C	S:C1248R	15	52713	0.000285	25276	25323
T25251C	S:V1230A	15	45415	0.00033	25223	25325
T25180C C25207T	S:Y1206Y S:Y1215Y	15	42912	0.00035	25122	25320
T25171+G C25207T	NA S:Y1215V	15	42539	0.000353	25122	25212
T25159A C25207T	S:D1199E S:Y1215Y	15	42221	0.000355	25133	25325
T24564C	S:L1001P	15	63236	0.000237	24558	24564
T24534C	S:V991A	15	63860	0.000235	24473	24564
T24529C	S:A989A	15	63923	0.000235	24476	24564
T24523+C	NA	15	63985	0.000234	24476	24535
T24513C	S:L984P	15	64052	0.000234	24473	24520
T24489C	S:V976A	15	64115	0.000234	24480	24523
T24469A T24660C	S:N969K S:V1033A	15	20580	0.000729	24465	24673
T24469A T24634C	S:N969K S:L1024L	15	20661	0.000726	24465	24671
T24469A T24633C	S:N969K S:L1024P	15	20665	0.000726	24465	24661
T24469A T24475C	S:N969K S:G971G	15	60285	0.000249	24465	24564
T24469A C24517-A C24536-A C24672-A	S:N969K NA NA NA	15	20474	0.000733	24465	24679
T24469A C24503-T	S:N969K NA	15	59946	0.00025	24465	24679
T24469A A24679G	S:N969K S:R1039R	15	20242	0.000741	24465	24679
T24469A A24520G	S:N969K S:K986K	15	59722	0.000251	24465	24559
T23783C C23854A	S:Y741H S:N764K	15	27805	0.000539	23767	23895
T23769C C23854A	S:V736A S:N764K	15	27681	0.000542	23765	23895
T23698+A C23854A	NA S:N764K	15	23685	0.000633	23684	23895
T23695+A	NA	15	72672	0.000206	23688	23715
T23602-C T23605G	NA S:P681P	15	109663	0.000137	23580	23724
T23599G C23604G G23666-A A23712-T	S:N679K S:P681R NA NA	15	41328	0.000363	23580	23724
T23599G C23604G A23720+T	S:N679K S:P681R NA	15	41082	0.000365	23581	23724
T23599G C23604A T23620C C23673T C23705T	S:N679K S:P681H S:S686S S:S704L S:P715S	15	41705	0.00036	23580	23717
T23599G C23604+G	S:N679K NA	15	109537	0.000137	23580	23615
T23511+A A23515+G C23525T T23599G C23604G	NA NA S:H655Y S:N679L S:P681R	15	65381	0.000229	23486	23642
T23511+A	NA	15	92143	0.000163	23487	23521
T23391C A23403G C23423T C23525T	S:V610A S:D614G S:P621S S:H655Y	15	23087	0.00065	23342	23539
T23374C A23403G C23423T C23525T	S:T604T S:D614G S:P621S S:H655Y	15	22880	0.000656	23339	23539
T23350C A23403G C23423T C23525T	S:S596S S:D614G S:P621S S:H655Y	15	22581	0.000664	23335	23539
T23104C G23222A C23271T	S:S514S S:E554K S:A570V	15	7335	0.002045	23089	23290
T22200A	S:V213E	15	8672	0.00173	22190	22217
G25447A	ORF3a:E19K	15	14677	0.001022	25381	25477
G25401-T	NA	15	15555	0.000964	25372	25414
G25305-T	NA	15	52730	0.000284	25297	25320
G24816-A	NA	15	3005	0.004992	24769	24855
G24527A	S:A989T	15	63940	0.000235	24521	24564
G24415A A24424T T24469A	S:V951V S:Q954H S:N969K	15	38052	0.000394	24412	24564
G22813T T22882G G22895C G22898A	S:K417N S:N440K S:V445L S:G446S	15	714	0.021008	22799	22906
G22487-A G22577C G22578A	NA S:G339H S:G339H	15	230	0.065217	22368	22581
G22111T A22193-ATT T22200G C22208T C22295A	S:Q183H S:DEL212 S:V213G S:L216F S:H245N	15	7351	0.002041	22100	22319
G21987A A21993-TTAC C22000A	S:G142D NA S:H146Q	15	14952	0.001003	21967	22014
G21987A A21993-TTAC A21999-C	S:G142D NA NA	15	14952	0.001003	21902	22024
G21941T G21987A T21990-TTA T22032C	S:V127F S:G142D S:DEL144 S:F157S	15	13557	0.001106	21914	22058
C25433-T	NA	15	14908	0.001006	25381	25455
C25262-T G25447-A	NA NA	15	4369	0.003433	25251	25477
C25207T T25319A	S:Y1215Y S:C1253S	15	42597	0.000352	25122	25325
C25207T T25310A	S:Y1215Y S:C1250S	15	42750	0.000351	25122	25325
C25207T G25234A	S:Y1215Y S:L1224L	15	43260	0.000347	25130	25324
C25207T G25230A	S:Y1215Y S:G1223D	15	43272	0.000347	25130	25325
C25207T G25229A	S:Y1215Y S:G1223S	15	43273	0.000347	25178	25325
C25207T G25213A	S:Y1215Y S:W1217*	15	43324	0.000346	25174	25325
C25207T C25321T	S:Y1215Y S:C1253C	15	42576	0.000352	25161	25325
C25207T C25317T	S:Y1215Y S:S1252F	15	42677	0.000351	25152	25325
C25207T C25214+G	S:Y1215Y NA	15	43321	0.000346	25202	25238
C24990T C25000T A25042G	S:P1143L S:D1146D S:T1160T	15	12428	0.001207	24850	25068
C24876T C24990T C25000T	S:T1105I S:P1143L S:D1146D	15	12249	0.001225	24858	25069
C24320-A C24378T G24399-A A24424T	NA S:S939F NA S:Q954H	15	3495	0.004292	24229	24424
C23854T	S:N764N	15	29289	0.000512	23850	23885
C23854A C23882T	S:N764K S:Q774*	15	28616	0.000524	23811	23895
C23854A C23859T	S:N764K S:A766V	15	29155	0.000514	23683	23873
C23854A C23855A	S:N764K S:R765S	15	29189	0.000514	23842	23895
C23816-T C23887-A	NA NA	15	27408	0.000547	23767	23895
C23525T C23589T T23599G C23604G	S:H655Y S:T676I S:N679K S:P681R	15	65466	0.000229	23487	23642
C23393T A23403G C23423T C23525T	S:L611F S:D614G S:P621S S:H655Y	15	23113	0.000649	23384	23539
C23381+A C23399+T C23423T C23525T	NA NA S:P621S S:H655Y	15	22961	0.000653	23335	23539
C23271T T23385C A23403G C23423T	S:A570V S:V608A S:D614G S:P621S	15	14862	0.001009	23269	23443
C23271T T23374C A23403G C23423T	S:A570V S:T604T S:D614G S:P621S	15	14862	0.001009	23269	23443
C23271T T23293C A23403G C23423T	S:A570V S:R577R S:D614G S:P621S	15	14862	0.001009	23269	23429
C23271T A23403G C23423T T23437C	S:A570V S:D614G S:P621S S:H625H	15	14438	0.001039	23269	23443
C23271T A23312G A23403G C23423T	S:A570V S:I584V S:D614G S:P621S	15	14862	0.001009	23269	23443
C23271T A23310G A23403G C23423T	S:A570V S:E583G S:D614G S:P621S	15	14862	0.001009	23269	23443
C23271T A23303G A23403G C23423T	S:A570V S:T581A S:D614G S:P621S	15	14862	0.001009	23269	23434
C23202T G23222A C23271T	S:T547I S:E554K S:A570V	15	7641	0.001963	23089	23290
C22295A G22317T	S:H245N S:G252V	15	13962	0.001074	22264	22319
C21888-T T21940-G G21987A T21990-TTA T22032C C22033A A22034G	NA NA S:G142D S:DEL144 S:F157S S:F157S S:R158G	15	13205	0.001136	21854	22058
C21618T C21622T T21632-TACCCCCTG C21711T A21764-TACATG C21781-A	S:T19I S:T20T S:DEL25/27 S:S50L S:DEL69/70 NA	15	8371	0.001792	21597	21802
C21618T C21622T T21632-TACCCCCTG	S:T19I S:T20T S:DEL25/27	15	9341	0.001606	21597	21664
A25450G	ORF3a:I20V	15	14614	0.001026	25381	25477
A25374G	S:H1271R	15	15215	0.000986	25372	25474
A25192G C25207T	S:I1210M S:Y1215Y	15	43370	0.000346	25174	25325
A25179G C25207T	S:Y1206C S:Y1215Y	15	42859	0.00035	25152	25325
A25158G C25207T	S:D1199G S:Y1215Y	15	42211	0.000355	25128	25320
A25134G C25207T	S:K1191R S:Y1215Y	15	41411	0.000362	25122	25325
A24965G C24990T C25000T	S:N1135D S:P1143L S:D1146D	15	12626	0.001188	24850	25050
A24661G	S:V1033V	15	30438	0.000493	24631	24679
A24641G	S:T1027A	15	30559	0.000491	24612	24679
A24610G	S:A1016A	15	24406	0.000615	24488	24679
A24556G	S:T998T	15	63487	0.000236	24499	24564
A24478G	S:A972A	15	63649	0.000236	24473	24564
A24424T T24534C	S:Q954H S:V991A	15	37647	0.000398	24412	24564
A24424T T24469G	S:Q954H S:N969K	15	38273	0.000392	24412	24564
A24424T T24469A C24536-A A24538C	S:Q954H S:N969K NA S:Q992H	15	37580	0.000399	24412	24564
A24424T T24469A C24507+T	S:Q954H S:N969K NA	15	37945	0.000395	24412	24564
A24424T T24427C T24469A	S:Q954H S:N955N S:N969K	15	38273	0.000392	24412	24561
A24424T G24476A	S:Q954H S:A972T	15	38205	0.000393	24412	24564
A24424T G24434A T24469A	S:Q954H S:A958T S:N969K	15	38273	0.000392	24412	24564
A24424T C24503-T	S:Q954H NA	15	37968	0.000395	24414	24526
A24424T C24431+A G24488-T	S:Q954H NA NA	15	38120	0.000393	24412	24564
A24424T A24543G	S:Q954H S:D994G	15	37537	0.0004	24412	24564
A24424T A24531G	S:Q954H S:E990G	15	37683	0.000398	24412	24563
A24424T A24518G	S:Q954H S:K986E	15	37835	0.000396	24412	24564
A24424T A24508G	S:Q954H S:S982S	15	37936	0.000395	24413	24554
A24424T A24467C	S:Q954H Unknown	15	38288	0.000392	24412	24468
A24424T A24430G	S:Q954H S:A956A	15	38687	0.000388	24412	24554
A24424T A24425G T24469A	S:Q954H S:N955D S:N969K	15	38273	0.000392	24412	24564
A24253-T C24320-A C24378T A24424T	NA NA S:S939F S:Q954H	15	2823	0.005313	24229	24424
A24160G	S:T866T	15	11350	0.001322	24148	24191
A24110-T C24119-A G24124-T	NA NA NA	15	7283	0.00206	24021	24138
A24037G	S:K825K	15	8359	0.001794	24021	24063
A23801G C23854A	S:T747A S:N764K	15	28136	0.000533	23741	23895
A23704-C	NA	15	72493	0.000207	23683	23715
A23691G C23854A	S:N710S S:N764K	15	23612	0.000635	23683	23895
A23670+G	NA	15	45483	0.00033	23662	23710
A23497-C C23525T T23599G C23604G	NA S:H655Y S:N679K S:P681R	15	64944	0.000231	23487	23635
A23403G C23423T T23500C C23525T	S:D614G S:P621S S:R646R S:H655Y	15	23237	0.000646	23387	23539
A23403G C23423T T23470C C23525T	S:D614G S:P621S S:Y636Y S:H655Y	15	23237	0.000646	23377	23539
A23403G C23423T G23429A C23525T	S:D614G S:P621S S:A623T S:H655Y	15	23237	0.000646	23339	23539
A23403G A23484G C23525T	S:D614G S:N641S S:H655Y	15	23237	0.000646	23386	23533
A23372G A23403G C23423T C23525T	S:T604A S:D614G S:P621S S:H655Y	15	22858	0.000656	23335	23535
A23365G A23403G C23423T C23525T	S:G601G S:D614G S:P621S S:H655Y	15	22781	0.000658	23335	23532
A23267-T	NA	15	7794	0.001925	23257	23289
A22629C	S:K356T	15	1187	0.012637	22623	22652
A22556G G22578A A22629C C22674T T22679C	S:I332V S:G339D S:K356T S:S371F S:S373P	15	857	0.017503	22528	22685
A22556G G22577C G22578A A22629C	S:I332V S:G339H S:G339H S:K356T	15	895	0.01676	22552	22649
A22110+G C22120-A A22193-ATT T22200G C22208T C22295A	NA NA S:DEL212 S:V213S S:L216S S:H245T	15	7344	0.002042	22104	22319
T25464C	ORF3a:T24T	14	14339	0.000976	25372	25477
T25414C	ORF3a:F8L	14	15366	0.000911	25381	25465
T25309C	S:S1249S	14	52786	0.000265	25302	25325
T25293C	S:L1244P	14	52533	0.000266	25269	25320
T25279C	S:S1239S	14	52364	0.000267	25251	25292
T25260C	S:M1233T	14	51756	0.000271	25251	25325
T25202+G C25207T	NA S:Y1215V	14	43803	0.00032	25122	25245
T25123-G	NA	14	41497	0.000337	25122	25148
T25123+A C25207T	NA S:Y1215V	14	39928	0.000351	25122	25325
T24585C	S:V1008A	14	24446	0.000573	24579	24679
T24469A T24671C	S:N969K S:S1037P	14	20486	0.000683	24465	24679
T24469A T24660+A	S:N969K NA	14	20580	0.00068	24465	24669
T24469A T24637C	S:N969K S:A1025A	14	20653	0.000678	24465	24679
T24469A T24489C	S:N969K S:V976A	14	60180	0.000233	24465	24550
T24469A C24575T	S:N969K S:Q1005*	14	20962	0.000668	24465	24679
T24469A A24599G	S:N969K S:I1013V	14	20728	0.000675	24465	24679
T24469A A24493T	S:N969K S:L977F	14	60119	0.000233	24465	24679
T24414C A24424T	S:V951A S:Q954H	14	42281	0.000331	24412	24424
T24152C	S:L864L	14	11364	0.001232	24148	24180
T24151C	S:P863P	14	11356	0.001233	24148	24173
T23840C C23854A	S:C760R S:N764K	14	28910	0.000484	23790	23895
T23830+G	NA	14	29234	0.000479	23683	23873
T23815C C23854A	S:N751N S:N764K	14	28343	0.000494	23795	23895
T23686C C23854A	S:S708S S:N764K	14	23514	0.000595	23683	23895
T23599G C23604G T23714C	S:N679K S:P681R S:F718L	14	41293	0.000339	23580	23724
T23599G C23604G T23671C	S:N679K S:P681R S:N703N	14	42458	0.00033	23581	23693
T23599G C23604G T23659+A	S:N679K S:P681R NA	14	42544	0.000329	23580	23694
T23599G C23604G T23637-C	S:N679K S:P681R NA	14	107965	0.00013	23580	23642
T23371C	S:N603N	14	43927	0.000319	23335	23378
T23143-A T23164-A	NA NA	14	8108	0.001727	23089	23178
T23143+A	NA	14	8203	0.001707	23093	23155
T22926C	S:L455S	14	1098	0.01275	22920	22966
T22165+A A22193-ATT T22200G C22208T C22295A	NA S:DEL212 S:V213S S:L216S S:H245T	14	7753	0.001806	22100	22319
T21940-G G21987A T21990-TTA C22000-A C22009-A T22032C C22033A A22034G	NA S:G142D S:DEL144 NA NA S:F157S S:F157S S:R158G	14	13513	0.001036	21847	22058
T21632-TACCCCCTG C21711T A21764-TACATG	S:DEL25/27 S:S50L S:DEL69/70	14	8396	0.001667	21624	21802
T21609+CATGCCGCTGTT C21618T C21622T G21624C T21632-TACCCCCTG G21701-T A21764-TACATG	S:INS17HAAV S:T19F S:T20F S:R21T S:DEL25/27 NA S:DEL69/70	14	8394	0.001668	21597	21800
T21609+CATGCCGCTGTT C21618T C21622T G21624C T21632-TACCCCCTG C21682-A A21764-TACATG	S:INS17HAAV S:T19F S:T20F S:R21T S:DEL25/27 NA S:DEL69/70	14	8394	0.001668	21597	21787
T21609+CATGCCGCTGTT C21618T C21622T G21624C T21628C T21632-TACCCCCTG C21711T A21764-TACATG	S:INS17HAAV S:T19F S:T20F S:R21T S:T22L S:DEL25/27 S:S50L S:DEL69/70	14	8394	0.001668	21597	21802
T21609+CATGCCGCTGTT C21618T C21622T G21624C A21764-TACATG	S:INS17HAAV S:T19F S:T20F S:R21T S:DEL69/70	14	8394	0.001668	21597	21802
G24486+T	NA	14	63960	0.000219	24477	24499
G23768-T T23850+A	NA NA	14	27765	0.000504	23683	23891
G23593A T23599G C23604G	S:Q677Q S:N679K S:P681R	14	109459	0.000128	23580	23642
G23508+T T23599G C23604G	NA S:N679* S:P681C	14	65323	0.000214	23487	23631
G23384A A23403G C23423T C23525T	S:V608I S:D614G S:P621S S:H655Y	14	22998	0.000609	23335	23539
G23363A A23403G C23423T C23525T	S:G601R S:D614G S:P621S S:H655Y	14	22769	0.000615	23335	23539
G23222A C23271T T23287C	S:E554K S:A570V S:A575A	14	7621	0.001837	23188	23290
G22813T T22882G G22895C T22896C G22898A T22942G	S:K417N S:N440K S:V445P S:V445P S:G446S S:N460K	14	554	0.025271	22793	22967
G22104-A C22120-A A22193-ATT T22200G C22208T	NA NA S:DEL212 S:V213G S:L216F	14	7784	0.001799	22100	22222
G21987A A21993-TT T22032C C22033A A22034G	S:G142D NA S:F157S S:F157S S:R158G	14	14578	0.00096	21980	22058
G21941T G21987A T22032C C22033A	S:V127F S:G142D S:F157S S:F157S	14	13516	0.001036	21937	22058
G21941T G21987A	S:V127F S:G142D	14	14257	0.000982	21853	21993
G21941T A21957G G21987A T21990-TTA T22032C C22033A A22034G	S:V127F S:E132G S:G142D S:DEL144 S:F157S S:F157S S:R158G	14	13514	0.001036	21896	22058
C25207T G25249T C25262-T	S:Y1215Y S:M1229I NA	14	43103	0.000325	25122	25325
C25207T G25249A	S:Y1215Y S:M1229I	14	43193	0.000324	25166	25325
C25207T C25262-T T25306C	S:Y1215Y NA S:C1248C	14	42810	0.000327	25122	25325
C25207T C25262-T T25291C	S:Y1215Y NA S:C1243C	14	42930	0.000326	25122	25307
C25207T C25262-T T25288C	S:Y1215Y NA S:S1242S	14	42949	0.000326	25130	25291
C25207T C25262-T T25280C	S:Y1215Y NA S:C1240R	14	42999	0.000326	25130	25325
C25207T A25223G	S:Y1215Y S:I1221V	14	43294	0.000323	25122	25325
C24981-T C24990T C25000T A25056-T	NA S:P1143L S:D1146D NA	14	12331	0.001135	24850	25069
C24517-A C24536-A	NA NA	14	63605	0.00022	24502	24561
C24422-A A24425T T24469A	NA S:N955Y S:N969K	14	38257	0.000366	24412	24564
C24418+A A24424T	NA S:Q954P	14	42476	0.00033	24412	24441
C24320-A T24377-C A24424T	NA NA S:Q954H	14	3495	0.004006	24281	24424
C24119-A G24124-T	NA NA	14	7896	0.001773	24100	24185
C24034+A	NA	14	8346	0.001677	24026	24045
C23887+A	NA	14	28891	0.000485	23767	23895
C23859-T	NA	14	29319	0.000478	23767	23871
C23854A T23866C	S:N764K S:T768T	14	29021	0.000482	23683	23895
C23854A A23889G	S:N764K S:K776R	14	28240	0.000496	23816	23895
C23854A A23883C	S:N764K S:Q774P	14	28501	0.000491	23683	23895
C23758A C23854A	S:T732T S:N764K	14	24231	0.000578	23683	23895
C23591T T23599G C23604G	S:Q677* S:N679K S:P681R	14	109429	0.000128	23580	23658
C23525T T23596-A T23599G C23604G	S:H655Y NA S:N679K S:P681R	14	65466	0.000214	23487	23642
C23525T C23556A T23599G C23604G	S:H655Y S:P665H S:N679K S:P681R	14	65466	0.000214	23487	23642
C23520-T C23525T T23599G C23604G	NA S:H655Y S:N679K S:P681R	14	65454	0.000214	23486	23642
C23423T G23465+T C23525T	S:P621S NA S:H655S	14	23541	0.000595	23335	23539
C23373+A	NA	14	43812	0.00032	23335	23388
C23271T T23392-C A23403G C23423T	S:A570V NA S:D614G S:P621S	14	14862	0.000942	23269	23443
C23271T T23389C A23403G C23423T	S:A570V S:A609A S:D614G S:P621S	14	14862	0.000942	23269	23441
C23271T T23341C A23403G C23423T	S:A570V S:G593G S:D614G S:P621S	14	14862	0.000942	23269	23443
C23271T T23284C A23403G C23423T	S:A570V S:D574D S:D614G S:P621S	14	14862	0.000942	23269	23434
C23271T G23402A A23403G C23423T	S:A570V S:D614S S:D614S S:P621S	14	14862	0.000942	23269	23443
C23271T C23298T A23403G C23423T	S:A570V S:P579L S:D614G S:P621S	14	14862	0.000942	23269	23443
C23271T A23403G G23417-A C23423T	S:A570V S:D614G NA S:P621S	14	14862	0.000942	23269	23443
C23271T A23403G C23424T	S:A570V S:D614G S:P621L	14	14813	0.000945	23269	23443
C23271T A23403G C23423T T23428C	S:A570V S:D614G S:P621S S:V622V	14	14768	0.000948	23269	23443
C23271T A23403G A23419G C23423T	S:A570V S:D614G S:E619E S:P621S	14	14862	0.000942	23269	23443
C23271T A23403G A23414G C23423T	S:A570V S:D614G S:T618A S:P621S	14	14862	0.000942	23269	23443
C23271T A23357G A23403G C23423T	S:A570V S:T599A S:D614G S:P621S	14	14862	0.000942	23269	23443
C23271T A23348G A23403G C23423T	S:A570V S:S596G S:D614G S:P621S	14	14862	0.000942	23269	23443
C22295A G22302-T	S:H245N NA	14	14165	0.000988	22284	22319
C21618T C21622T T21632-TACCCCCTG A21764-TACATG	S:T19I S:T20T S:DEL25/27 S:DEL69/70	14	8395	0.001668	21608	21802
A25503+C	NA	14	8390	0.001669	25372	25520
A25426G	ORF3a:T12A	14	15069	0.000929	25381	25465
A25325G	Unknown	14	52307	0.000268	25299	25325
A25235G	S:I1225V	14	45165	0.00031	25211	25325
A25176G	S:K1205R	14	43739	0.00032	25143	25192
A24987G C24990T C25000T	S:Q1142R S:P1143L S:D1146D	14	12730	0.0011	24850	25065
A24978G C24990T C25000T	S:D1139G S:P1143L S:D1146D	14	12698	0.001103	24927	25069
A24966G C24990T C25000T	S:N1135S S:P1143L S:D1146D	14	12631	0.001108	24850	25036
A24962G C24990T C25000T	S:N1134D S:P1143L S:D1146D	14	12609	0.00111	24947	25068
A24920G C24990T C25000T	S:T1120A S:P1143L S:D1146D	14	12439	0.001125	24850	25069
A24604G	S:R1014R	14	24403	0.000574	24476	24679
A24551G	S:I997V	14	63681	0.00022	24497	24564
A24543G	S:D994G	14	63773	0.00022	24538	24564
A24539+T	NA	14	63798	0.000219	24470	24559
A24538G	S:Q992Q	14	63805	0.000219	24481	24564
A24424T T24501C	S:Q954H S:I980T	14	37998	0.000368	24412	24564
A24424T T24491-TA	S:Q954H NA	14	38108	0.000367	24412	24513
A24424T T24489C	S:Q954H S:V976A	14	38114	0.000367	24412	24564
A24424T T24469A A24556+G	S:Q954H S:N969K NA	14	37264	0.000376	24412	24564
A24424T T24469A A24479G	S:Q954H S:N969K S:I973V	14	38182	0.000367	24412	24564
A24424T T24464C	S:Q954H S:S968P	14	38315	0.000365	24412	24564
A24424T T24437C T24469A	S:Q954H S:L959L S:N969K	14	38273	0.000366	24412	24564
A24424T G24462A T24469A	S:Q954H S:S967N S:N969K	14	38273	0.000366	24415	24564
A24424T C24512+T	S:Q954H NA	14	37879	0.00037	24412	24532
A24424T C24503+T	S:Q954H NA	14	37968	0.000369	24412	24520
A24424T C24435+T	S:Q954H NA	14	38643	0.000362	24413	24451
A24424T C24431+A T24469A	S:Q954H NA S:N969Q	14	38273	0.000366	24412	24522
A24424T C24429T T24469A	S:Q954H S:A956V S:N969K	14	38273	0.000366	24412	24564
A24424T A24556G	S:Q954H S:T998T	14	37264	0.000376	24412	24564
A24424T A24556+G	S:Q954H NA	14	37264	0.000376	24416	24564
A24424T A24554G	S:Q954H S:T998A	14	37352	0.000375	24412	24564
A24424T A24520G	S:Q954H S:K986K	14	37818	0.00037	24412	24559
A24424T A24457G T24469A	S:Q954H S:Q965Q S:N969K	14	38273	0.000366	24412	24564
A24424T A24443G	S:Q954H S:T961A	14	38573	0.000363	24412	24564
A24424T A24432G	S:Q954H S:Q957R	14	38679	0.000362	24412	24445
A24420+C A24424T	NA S:Q954P	14	42507	0.000329	24412	24433
A23881G	S:E773E	14	29160	0.00048	23872	23884
A23852G C23854A	S:N764E S:N764E	14	29288	0.000478	23767	23891
A23848G C23854A	S:Q762Q S:N764K	14	29161	0.00048	23683	23895
A23813G C23854A	S:N751D S:N764K	14	28322	0.000494	23778	23895
A23805G C23854A	S:E748G S:N764K	14	28200	0.000496	23683	23895
A23712+T T23850+A	NA NA	14	23973	0.000584	23683	23891
A23515+G T23599G C23604G	NA S:N679* S:P681C	14	65412	0.000214	23487	23642
A23495C C23525T T23599G C23604G	S:T645P S:H655Y S:N679K S:P681R	14	64917	0.000216	23491	23637
A23403G T23482-A C23525T	S:D614G NA S:H655Y	14	23237	0.000602	23398	23535
A23403G G23522-A C23525T	S:D614G NA S:H655Y	14	23237	0.000602	23380	23539
A23403G C23423T T23487C C23525T	S:D614G S:P621S S:V642A S:H655Y	14	23237	0.000602	23335	23539
A23403G C23423T C23525T A23534G	S:D614G S:P621S S:H655Y S:N658D	14	22883	0.000612	23335	23539
A23403G C23423T A23494G C23525T	S:D614G S:P621S S:Q644Q S:H655Y	14	23237	0.000602	23335	23533
A23403G A23474+T C23525T	S:D614G NA S:H655S	14	23237	0.000602	23387	23539
A23403G A23419G C23423T C23525T	S:D614G S:E619E S:P621S S:H655Y	14	23237	0.000602	23335	23539
A23370G A23403G C23423T C23525T	S:N603S S:D614G S:P621S S:H655Y	14	22828	0.000613	23335	23529
A23362+C	NA	14	44126	0.000317	23335	23369
A23359G A23403G C23525T	S:T599T S:D614G S:H655Y	14	22741	0.000616	23342	23539
A23359G A23403G C23423T	S:T599T S:D614G S:P621S	14	41603	0.000337	23335	23438
A23357G A23403G C23423T C23525T	S:T599A S:D614G S:P621S S:H655Y	14	22723	0.000616	23335	23539
A23356G A23403G C23423T C23525T	S:I598M S:D614G S:P621S S:H655Y	14	22718	0.000616	23342	23539
A22034G	S:R158G	14	16120	0.000868	22001	22058
A21979-T G21987A T21990-TTA A21999-C	NA S:G142D S:DEL144 NA	14	14944	0.000937	21847	22017
A21917-T G21941T G21987A T21990-TTA T22032C C22033A A22034G	NA S:V127F S:G142D S:DEL144 S:F157S S:F157S S:R158G	14	13385	0.001046	21847	22058
T25557C	ORF3a:V55V	13	7616	0.001707	25372	25566
T25536C	ORF3a:V48V	13	7818	0.001663	25377	25566
T25468C	ORF3a:S26P	13	14278	0.00091	25381	25477
T25458C	ORF3a:D22D	13	14446	0.0009	25381	25466
T25398C	ORF3a:D2D	13	15595	0.000834	25372	25477
T25301C	S:C1247R	13	52651	0.000247	25289	25324
T25289C	S:C1243R	13	52463	0.000248	25270	25324
T25228C C25262-T	S:A1222A NA	13	44866	0.00029	25140	25325
T25161C C25207T C25262-T	S:L1200P S:Y1215Y NA	13	41483	0.000313	25122	25325
T25152C C25207T C25262-T	S:L1197P S:Y1215Y NA	13	41294	0.000315	25122	25325
T25144C C25207T	S:N1194N S:Y1215Y	13	41829	0.000311	25122	25306
T25139C C25207T	S:L1193L S:Y1215Y	13	41595	0.000313	25122	25325
T24660C	S:V1033A	13	30452	0.000427	24612	24679
T24565C	S:L1001L	13	63117	0.000206	24517	24676
T24541C	S:I993I	13	63784	0.000204	24473	24564
T24511C	S:R983R	13	64059	0.000203	24476	24564
T24504C	S:L981P	13	64107	0.000203	24473	24564
T24482C	S:S974P	13	63892	0.000203	24474	24507
T24469A T24643+A	S:N969K NA	13	20634	0.00063	24465	24676
T24469A T24472C	S:N969K S:F970F	13	60301	0.000216	24465	24564
T24469A G24626A	S:N969K S:A1022T	13	20674	0.000629	24465	24679
T24469A G24535A	S:N969K S:V991V	13	59433	0.000219	24465	24564
T24469A C24668-A	S:N969K NA	13	20520	0.000634	24465	24679
T24469A A24610G	S:N969K S:A1016A	13	20712	0.000628	24465	24679
T24469A A24580G	S:N969K S:T1006T	13	20938	0.000621	24465	24679
T24469A A24560G	S:N969K S:R1000G	13	58846	0.000221	24465	24679
T24469A A24538G	S:N969K S:Q992Q	13	59375	0.000219	24465	24564
T24184C	S:T874T	13	11145	0.001166	24154	24191
T24175C	S:A871A	13	11252	0.001155	24148	24191
T24113C	S:C851R	13	7902	0.001645	24042	24191
T23862-A C23887-A	NA NA	13	28597	0.000455	23683	23895
T23850+A C23882+A	NA NA	13	28521	0.000456	23767	23892
T23698+C	NA	13	72711	0.000179	23691	23723
T23697C	S:I712T	13	72724	0.000179	23683	23715
T23686+G	NA	13	72353	0.00018	23679	23724
T23599G C23604G T23722C	S:N679K S:P681R S:I720I	13	41042	0.000317	23580	23724
T23599G C23604G T23695C	S:N679K S:P681R S:S711S	13	42194	0.000308	23580	23712
T23599G C23604G G23675A	S:N679K S:P681R S:V705I	13	42411	0.000307	23581	23724
T23599G C23604G G23653A	S:N679K S:P681R S:M697I	13	42607	0.000305	23580	23698
T23599G C23604G G23628A	S:N679K S:P681R S:S689N	13	108626	0.00012	23580	23642
T23599G C23604G C23709T	S:N679K S:P681R S:T716I	13	41495	0.000313	23580	23724
T23599G C23604G C23685T	S:N679K S:P681R S:S708F	13	42323	0.000307	23581	23717
T23599G C23604G A23704-C	S:N679K S:P681R NA	13	41720	0.000312	23580	23710
T23599G C23604G A23632G C23664-A	S:N679K S:P681R S:Q690Q NA	13	42511	0.000306	23580	23724
T23599G A23712+T	S:N679K NA	13	41328	0.000315	23580	23724
T23511+A T23599G C23604G	NA S:N679* S:P681C	13	65381	0.000199	23486	23642
T23509G C23525T T23599G C23604G	S:C649W S:H655Y S:N679K S:P681R	13	65367	0.000199	23492	23637
T23407+G C23423T G23486-T C23525T	NA S:P621S NA S:H655S	13	23367	0.000556	23335	23539
T23396C A23403G C23423T C23525T	S:Y612H S:D614G S:P621S S:H655Y	13	23166	0.000561	23392	23539
T23386C A23403G C23423T C23525T	S:V608V S:D614G S:P621S S:H655Y	13	23023	0.000565	23335	23539
T23385C A23403G C23423T C23525T	S:V608A S:D614G S:P621S S:H655Y	13	23003	0.000565	23340	23539
T23131-G	NA	13	8201	0.001585	23089	23290
T21940-G G21987A T21990-TTA C22000-A C22033A A22034G	NA S:G142D S:DEL144 NA S:F157L S:R158G	13	13513	0.000962	21847	22058
T21609+CATGCCGCTGTT C21622T G21624C T21632-TACCCCCTG A21764-TACATG	S:INS17HAAV S:T20F S:R21T S:DEL25/27 S:DEL69/70	13	8394	0.001549	21597	21802
T21609+CATGCCGCTGTT C21618T C21622T G21624C T21632-TACCCCCTG G21701-T C21711T A21764-TACATG	S:INS17HAAV S:T19F S:T20F S:R21T S:DEL25/27 NA S:S50L S:DEL69/70	13	8394	0.001549	21597	21802
G25456A	ORF3a:D22N	13	14458	0.000899	25372	25467
G25364-T	NA	13	6153	0.002113	25264	25375
G25203A C25207T	S:W1214* S:Y1215Y	13	43854	0.000296	25122	25325
G25186A C25207T	S:Q1208Q S:Y1215Y	13	43122	0.000301	25176	25325
G25173A C25207T C25262-T	S:G1204E S:Y1215Y NA	13	41802	0.000311	25122	25325
G25166+A	NA	13	43713	0.000297	25122	25177
G25145A C25207T C25262-T	S:E1195K S:Y1215Y NA	13	41076	0.000316	25132	25325
G24521T	S:V987F	13	63978	0.000203	24470	24582
G23402A A23403G C23423T C23525T	S:D614S S:D614S S:P621S S:H655Y	13	23237	0.000559	23335	23539
G23401A A23403G C23423T C23525T	S:Q613Q S:D614G S:P621S S:H655Y	13	23237	0.000559	23341	23539
G23343A A23403G C23423T C23525T	S:G594D S:D614G S:P621S S:H655Y	13	22468	0.000579	23335	23532
G23222A A23267-T	S:E554K NA	13	7699	0.001689	23141	23290
G23222A A23250G C23271T	S:E554K S:Q563R S:A570V	13	7694	0.00169	23172	23290
G23136-T	NA	13	8205	0.001584	23104	23290
G22927T T22942G	S:L455F S:N460K	13	1073	0.012116	22918	22967
G21941T T21976-C G21987A T21990-TTA T22032C C22033A A22034G	S:V127F NA S:G142D S:DEL144 S:F157S S:F157S S:R158G	13	13514	0.000962	21937	22058
C25262-T C25357+A	NA NA	13	5698	0.002282	25251	25380
C25207T G25284A	S:Y1215Y S:C1241Y	13	42976	0.000302	25122	25325
C25207T C25276-A	S:Y1215Y NA	13	43013	0.000302	25161	25325
C25207T C25275T	S:Y1215Y S:T1238I	13	43017	0.000302	25157	25325
C25207T C25262-T T25293C	S:Y1215Y NA S:L1244P	13	42908	0.000303	25122	25325
C25207T C25254T	S:Y1215Y S:T1231I	13	43161	0.000301	25122	25325
C25207T C25240T	S:Y1215Y S:A1226A	13	43245	0.000301	25151	25323
C25207T A25256G	S:Y1215Y S:I1232V	13	43150	0.000301	25135	25325
C25207T A25256+T	S:Y1215Y NA	13	43150	0.000301	25122	25325
C25207T A25208+T	S:Y1215Y NA	13	43847	0.000296	25122	25293
C25132+A C25207T	NA S:Y1215V	13	41326	0.000315	25122	25325
C24509T	S:R983C	13	64101	0.000203	24504	24526
C24422T A24424T T24469A	S:Q954Y S:Q954Y S:N969K	13	38257	0.00034	24415	24564
C24422-A A24425T	NA S:N955Y	13	42322	0.000307	24412	24441
C23887-A C23929-A G23948T	NA NA S:D796Y	13	3166	0.004106	23767	23954
C23854A T23857C	S:N764K S:R765R	13	29168	0.000446	23683	23892
C23854A G23876+T	S:N764K NA	13	28739	0.000452	23841	23895
C23833T C23854A	S:G757G S:N764K	13	28683	0.000453	23829	23891
C23809T C23854A	S:C749C S:N764K	13	28287	0.00046	23683	23895
C23705T C23854A	S:P715S S:N764K	13	23852	0.000545	23684	23895
C23700T C23854A	S:A713V S:N764K	13	23812	0.000546	23683	23895
C23673T	S:S704L	13	45493	0.000286	23663	23723
C23604A C23673T	S:P681H S:S704L	13	42565	0.000305	23580	23700
C23525T T23599A C23604G	S:H655Y S:N679K S:P681R	13	65466	0.000199	23487	23624
C23525T T23573+G T23599G C23604G	S:H655Y NA S:N679* S:P681C	13	65466	0.000199	23487	23640
C23525T C23536T T23599G C23604G	S:H655Y S:N658N S:N679K S:P681R	13	65466	0.000199	23487	23642
C23525T A23592T T23599G C23604G	S:H655Y S:Q677L S:N679K S:P681R	13	65466	0.000199	23501	23642
C23525T A23531T T23599G C23604G	S:H655Y S:N657Y S:N679K S:P681R	13	65466	0.000199	23487	23642
C23492+T C23525T T23599G C23604G	NA S:H655S S:N679* S:P681C	13	64689	0.000201	23486	23642
C23271T T23355C A23403G C23423T	S:A570V S:I598T S:D614G S:P621S	13	14862	0.000875	23269	23443
C23271T T23308C A23403G C23423T	S:A570V S:L582L S:D614G S:P621S	13	14862	0.000875	23269	23443
C23271T G23384A A23403G C23423T	S:A570V S:V608I S:D614G S:P621S	13	14862	0.000875	23269	23443
C23271T C23367+A C23423T	S:A570V NA S:P621S	13	14862	0.000875	23269	23426
C23271T A23403G C23423T T23427C	S:A570V S:D614G S:P621S S:V622A	13	14804	0.000878	23269	23443
C23271T A23321-T A23403G C23423T	S:A570V NA S:D614G S:P621S	13	14862	0.000875	23269	23429
C23271T A23305G A23403G C23423T	S:A570V S:T581T S:D614G S:P621S	13	14862	0.000875	23269	23429
C23099-T C23103-T	NA NA	13	8172	0.001591	23089	23116
C23099-T	NA	13	8177	0.00159	23089	23110
C22674T T22679C	S:S371F S:S373P	13	1178	0.011036	22650	22685
C22295A A22301G	S:H245N S:S247G	13	14169	0.000917	22261	22319
C21888-T	NA	13	14847	0.000876	21847	21898
A25462G	ORF3a:T24A	13	14381	0.000904	25372	25477
A25256+T C25262-T	NA NA	13	51652	0.000252	25251	25325
A25137G C25207T	S:N1192S S:Y1215Y	13	41534	0.000313	25122	25325
A25137+T C25207T C25262-TT	NA S:Y1215V NA	13	40752	0.000319	25122	25325
A24922G C24990T C25000T	S:T1120T S:P1143L S:D1146D	13	12446	0.001045	24894	25069
A24894G	S:E1111G	13	16517	0.000787	24888	24943
A24782G	S:N1074D	13	9319	0.001395	24739	24806
A24779G	S:K1073E	13	9312	0.001396	24767	24806
A24591G	S:Q1010R	13	24424	0.000532	24554	24677
A24479G	S:I973V	13	63676	0.000204	24469	24564
A24424T T24491C	S:Q954H S:L977L	13	38108	0.000341	24413	24564
A24424T T24469A T24472-G A24495G	S:Q954H S:N969K NA S:N978S	13	38058	0.000342	24412	24564
A24424T T24469A G24546A	S:Q954H S:N969K S:R995K	13	37491	0.000347	24412	24564
A24424T T24469A G24515-A	S:Q954H S:N969K NA	13	37860	0.000343	24412	24564
A24424T T24469A G24474A	S:Q954H S:N969K S:G971D	13	38212	0.00034	24412	24564
A24424T G24558T	S:Q954H S:G999V	13	37234	0.000349	24412	24564
A24424T G24428+A T24469A	S:Q954H NA S:N969Q	13	38273	0.00034	24412	24564
A24424T A24461G T24469A	S:Q954H S:S967G S:N969K	13	38273	0.00034	24412	24524
A24424T A24454T T24469A	S:Q954H S:K964N S:N969K	13	38273	0.00034	24415	24564
A24424T A24440G	S:Q954H S:N960D	13	38601	0.000337	24412	24564
A24423G A24424T	S:Q954R S:Q954R	13	42520	0.000306	24412	24424
A24165G	S:E868G	13	11373	0.001143	24148	24191
A24158G	S:T866A	13	11346	0.001146	24148	24191
A24118G	S:A852A	13	8029	0.001619	24063	24191
A24105G	S:D848G	13	8937	0.001455	24076	24106
A23964-T	NA	13	4942	0.002631	23948	23971
A23786+T T23850+A	NA NA	13	27932	0.000465	23683	23872
A23746G C23854A	S:P728P S:N764K	13	24166	0.000538	23683	23895
A23729G C23854A	S:T723A S:N764K	13	24015	0.000541	23683	23895
A23720G C23854A	S:I720V S:N764K	13	23937	0.000543	23690	23895
A23708G	S:T716A	13	72313	0.00018	23697	23724
A23696+T	NA	13	72705	0.000179	23683	23707
A23588G T23599G C23604A	S:T676A S:N679K S:P681H	13	109364	0.000119	23580	23642
A23403G C23423T T23507C C23525T	S:D614G S:P621S S:C649R S:H655Y	13	23237	0.000559	23335	23539
A23403G C23423T T23488C C23525T	S:D614G S:P621S S:V642V S:H655Y	13	23237	0.000559	23345	23538
A23403G C23423T T23485A G23486T T23487G C23525T	S:D614G S:P621S S:N641K S:V642C S:V642C S:H655Y	13	23237	0.000559	23335	23539
A23403G C23423T T23431C C23525T	S:D614G S:P621S S:A623A S:H655Y	13	23237	0.000559	23335	23539
A23403G C23423T T23425C C23525T	S:D614G S:P621S S:P621S S:H655Y	13	23237	0.000559	23342	23539
A23403G C23423T C23525T T23537C	S:D614G S:P621S S:H655Y S:S659P	13	22739	0.000572	23335	23539
A23403G C23423T A23495G C23525T	S:D614G S:P621S S:T645A S:H655Y	13	23237	0.000559	23335	23538
A23354G A23403G C23423T C23525T	S:I598V S:D614G S:P621S S:H655Y	13	22673	0.000573	23335	23539
A23348G A23403G C23423T C23525T	S:S596G S:D614G S:P621S S:H655Y	13	22538	0.000577	23335	23539
A22280G C22295A	S:T240A S:H245N	13	14091	0.000923	22243	22319
A22101T C22109G T22200A G22317T	Unknown S:Q183E S:V213E S:G252V	13	6949	0.001871	22100	22319
A21875-T T21940-G A21979-T G21987A T21990-TTA C22000-A C22009-A T22032C C22033A A22034G	NA NA NA S:G142D S:DEL144 NA NA S:F157S S:F157S S:R158G	13	13105	0.000992	21848	22058
A21875-T G21941T G21987A T21990-TTA C22000-A T22032C C22033A A22034G	NA S:V127F S:G142D S:DEL144 NA S:F157S S:F157S S:R158G	13	13105	0.000992	21847	22043
A21875-T G21941T A21979-T G21987A T21990-TTA T22032C C22033A A22034G	NA S:V127F NA S:G142D S:DEL144 S:F157S S:F157S S:R158G	13	13105	0.000992	21847	22058
T25542C	ORF3a:V50V	12	7765	0.001545	25383	25566
T25434C	ORF3a:T14T	12	14869	0.000807	25381	25477
T25402C	ORF3a:F4L	12	15549	0.000772	25372	25477
T25285C	S:C1241C	12	52420	0.000229	25251	25323
T25202+G C25207T C25262-T	NA S:Y1215V NA	12	42996	0.000279	25124	25316
T24927C	S:V1122A	12	16353	0.000734	24869	24943
T24871C C24990T C25000T	S:F1103F S:P1143L S:D1146D	12	12207	0.000983	24850	25005
T24871C	S:F1103F	12	16645	0.000721	24850	24901
T24760C	S:T1066T	12	9142	0.001313	24743	24806
T24634C	S:L1024L	12	30583	0.000392	24612	24679
T24633C	S:L1024P	12	30593	0.000392	24626	24679
T24589C	S:T1009T	12	24429	0.000491	24473	24679
T24549C	S:L996S	12	63704	0.000188	24511	24564
T24491-TA	NA	12	64181	0.000187	24474	24503
T24480C	S:I973T	12	63741	0.000188	24470	24551
T24469A T24640C	S:N969K S:A1026A	12	20641	0.000581	24465	24679
T24469A T24631C	S:N969K S:N1023N	12	20668	0.000581	24465	24671
T24469A T24581C	S:N969K S:Y1007H	12	20780	0.000577	24465	24667
T24469A T24541C	S:N969K S:I993I	12	59329	0.000202	24465	24564
T24469A T24492+A	S:N969K NA	12	60153	0.000199	24465	24554
T24469A G24608A	S:N969K S:A1016T	12	20715	0.000579	24465	24659
T24469A G24558A	S:N969K S:G999D	12	58918	0.000204	24465	24564
T24469A A24604T	S:N969K S:R1014S	12	20720	0.000579	24465	24679
T24469A A24485G	S:N969K S:S975G	12	60211	0.000199	24465	24564
T24451+A	NA	12	39019	0.000308	24413	24479
T24280-A	NA	12	7998	0.0015	24268	24324
T24255C	S:F898S	12	7554	0.001589	24229	24319
T23862-A	NA	12	29365	0.000409	23849	23895
T23842C	S:C760C	12	29217	0.000411	23767	23891
T23830C C23854A	S:Y756Y S:N764K	12	28650	0.000419	23819	23895
T23820C C23854A	S:L753S S:N764K	12	28442	0.000422	23683	23895
T23807C C23854A	S:C749R S:N764K	12	28230	0.000425	23729	23895
T23750C C23887-A	S:S730P NA	12	23332	0.000514	23683	23895
T23742C C23854A	S:L727P S:N764K	12	24129	0.000497	23709	23895
T23722C	S:I720I	12	71542	0.000168	23683	23724
T23716C C23854A	S:F718F S:N764K	12	23916	0.000502	23684	23895
T23684C	S:S708P	12	72232	0.000166	23683	23724
T23599G C23604G C23649+T	S:N679K S:P681R NA	12	42648	0.000281	23580	23700
T23599G C23604G A23696+T	S:N679K S:P681R NA	12	42182	0.000284	23580	23724
T23599G C23604G A23614+G	S:N679K S:P681R NA	12	109468	0.00011	23580	23625
T23599G C23604A A23614G C23664T	S:N679K S:P681H S:A684A S:A701V	12	42511	0.000282	23580	23700
T23599G C23603+T C23604G	S:N679K NA S:P681C	12	109537	0.00011	23580	23642
T23500A C23525T T23599G C23604G	S:R646R S:H655Y S:N679K S:P681R	12	65057	0.000184	23487	23634
T23398C A23403G C23423T C23525T	S:Y612Y S:D614G S:P621S S:H655Y	12	23205	0.000517	23335	23539
T23377C A23403G C23423T C23525T	S:S605S S:D614G S:P621S S:H655Y	12	22909	0.000524	23335	23535
T23278-A	NA	12	25057	0.000479	23241	23290
T23178C G23222A C23271T	S:V539A S:E554K S:A570V	12	7546	0.00159	23089	23290
T22260C C22295A	S:I233T S:H245N	12	13656	0.000879	22246	22319
T21940-G A21979-T G21987A T21990-TTA C22000-A C22009-A T22032C C22033A A22034G	NA NA S:G142D S:DEL144 NA NA S:F157S S:F157S S:R158G	12	13513	0.000888	21847	22058
T21934-A G21987A T21990-TTA C22000A	NA S:G142D S:DEL144 S:H146Q	12	13836	0.000867	21847	22058
T21609+CATGCCGCTGTT C21618T C21622T G21624C T21632-TACCCCCTG C21682-A C21711T A21764-TACATG	S:INS17HAAV S:T19F S:T20F S:R21T S:DEL25/27 NA S:S50L S:DEL69/70	12	8394	0.00143	21597	21802
T21609+CATGCCGCTGTT C21618T C21622T G21624C	S:INS17HAAV S:T19F S:T20F S:R21T	12	9340	0.001285	21597	21689
T21609+CATGCCACTGTT C21618T C21622T G21624C T21632-TACCCCCTG C21711T A21764-TACATG	S:INS17HATV S:T19F S:T20F S:R21T S:DEL25/27 S:S50L S:DEL69/70	12	8394	0.00143	21597	21802
G25527+C	NA	12	7943	0.001511	25372	25561
G25494T	ORF3a:T34T	12	8551	0.001403	25378	25566
G25323A	S:C1254Y	12	52493	0.000229	25300	25325
G25238+T	NA	12	45206	0.000265	25227	25325
G25166-A C25207T	NA S:Y1215Y	12	42399	0.000283	25124	25325
G23955+T	NA	12	4968	0.002415	23941	23971
G23885T	S:D775Y	12	28963	0.000414	23850	23886
G23832A C23854A	S:G757D S:N764K	12	28672	0.000419	23829	23895
G23792A C23854A	S:G744S S:N764K	12	27932	0.00043	23755	23895
G23699+T	NA	12	72726	0.000165	23688	23716
G23619+A	NA	12	110819	0.000108	23612	23642
G23593-A T23599G C23604G	NA S:N679K S:P681R	12	109459	0.00011	23580	23628
G23505-C C23525T	NA S:H655Y	12	91555	0.000131	23493	23539
G23501+T	NA	12	91791	0.000131	23493	23539
G23342A C23423T C23525T	S:G594S S:P621S S:H655Y	12	22356	0.000537	23335	23539
G22813T T22882G G22895C T22896C G22898A T22926-G T22930A T22942G	S:K417N S:N440K S:V445P S:V445P S:G446S NA S:F456L S:N460K	12	554	0.021661	22793	22967
G22141+T A22193-ATT T22200G C22208T C22295A	NA S:DEL212 S:V213S S:L216S S:H245T	12	7522	0.001595	22100	22319
G22104-A C22120-A A22161-T A22193-ATT T22200G C22208T G22218-T C22295A	NA NA NA S:DEL212 S:V213G S:L216F NA S:H245N	12	7232	0.001659	22100	22319
G21987A A21993-TTACC A21999C C22033A	S:G142D NA S:H146P S:F157L	12	14580	0.000823	21847	22058
G21941T G21987A T21990-TTA A22025G T22032C C22033A A22034G	S:V127F S:G142D S:DEL144 S:S155G S:F157S S:F157S S:R158G	12	13514	0.000888	21895	22058
G21941T A21964+T G21987A T21990-TTA T22032C C22033A A22034G	S:V127F NA S:G142E S:DEL144 S:F157A S:F157A S:R158E	12	13514	0.000888	21847	22058
C25294+G	NA	12	52518	0.000228	25277	25322
C25282T	S:C1240C	12	52397	0.000229	25264	25325
C25262-T A25369+T	NA NA	12	5555	0.00216	25251	25381
C25207T C25324+A	S:Y1215Y NA	12	42369	0.000283	25145	25325
C25207T C25262-T T25310C	S:Y1215Y NA S:C1250R	12	42750	0.000281	25122	25320
C25207T A25208-T C25262-T	S:Y1215Y NA NA	12	43103	0.000278	25122	25292
C25163T C25207T	S:Q1201* S:Y1215Y	12	42325	0.000284	25122	25325
C24990T C25000T T25027C	S:P1143L S:D1146D S:Y1155Y	12	12507	0.000959	24850	25069
C24990T C25000T A25056-T	S:P1143L S:D1146D NA	12	12349	0.000972	24850	25065
C24672-A A24684-T A24803-T	NA NA NA	12	5239	0.002291	24615	24806
C24064+A	NA	12	8443	0.001421	24021	24085
C24026-T A24110-T C24119-A	NA NA NA	12	6177	0.001943	24021	24181
C23991-A	NA	12	1689	0.007105	23972	24106
C23887-A G23903-T	NA NA	12	3682	0.003259	23767	23915
C23854A T23861C	S:N764K S:L767L	12	29119	0.000412	23817	23895
C23854A A23863G	S:N764K S:L767L	12	29089	0.000413	23839	23895
C23706T C23854A	S:P715L S:N764K	12	23870	0.000503	23683	23895
C23525T T23599G C23604G G23610C	S:H655Y S:N679K S:P681R S:R683P	12	65453	0.000183	23487	23642
C23525T T23599G C23604G C23613+G	S:H655Y S:N679K S:P681R NA	12	65448	0.000183	23487	23642
C23525T T23599G C23604G C23606+G	S:H655Y S:N679K S:P681R NA	12	65459	0.000183	23486	23642
C23525T T23599G C23604G A23618T	S:H655Y S:N679K S:P681R S:S686C	12	65422	0.000183	23487	23624
C23525T T23563C T23599G C23604G T23626C	S:H655Y S:G667G S:N679K S:P681R S:A688A	12	64880	0.000185	23487	23642
C23525T A23598G T23599G C23604G C23625T	S:H655Y S:N679R S:N679R S:P681R S:A688V	12	65363	0.000184	23507	23642
C23525T A23539C T23599G C23604G	S:H655Y S:S659S S:N679K S:P681R	12	65466	0.000183	23487	23633
C23492+A C23525T	NA S:H655S	12	90745	0.000132	23486	23541
C23399+T A23403G G23417+A C23423T C23525T	NA S:D614G NA S:P621S S:H655Y	12	23218	0.000517	23335	23539
C23367+A C23525T	NA S:H655S	12	22798	0.000526	23335	23532
C23347+G	NA	12	44103	0.000272	23336	23365
C23271T C23334-T A23403G A23409G C23423T	S:A570V NA S:D614G S:N616S S:P621S	12	14862	0.000807	23269	23443
C23271T A23403G C23423T T23431C	S:A570V S:D614G S:P621S S:A623A	12	14663	0.000818	23269	23443
C23271T A23403G C23423T T23425C	S:A570V S:D614G S:P621S S:P621S	12	14811	0.00081	23269	23443
C23271T A23326G A23403G C23423T	S:A570V S:T588T S:D614G S:P621S	12	14862	0.000807	23269	23443
C22227+G C22295A	NA S:H245T	12	9826	0.001221	22220	22319
A25506G	ORF3a:Q38Q	12	8317	0.001443	25375	25521
A25439G	ORF3a:K16R	12	14793	0.000811	25372	25477
A25255-ATT C25262-T	S:DEL1232 NA	12	51638	0.000232	25140	25325
A24885-T C25000T	NA S:D1146D	12	12265	0.000978	24850	25065
A24855G C24990T C25000T	S:N1098S S:P1143L S:D1146D	12	12042	0.000997	24850	25065
A24673T	S:S1037S	12	30255	0.000397	24616	24679
A24646G	S:K1028K	12	30553	0.000393	24612	24679
A24645G	S:K1028R	12	30554	0.000393	24612	24679
A24613G	S:E1017E	12	30503	0.000393	24612	24679
A24595+T	NA	12	24411	0.000492	24476	24658
A24569G	S:S1003G	12	24686	0.000486	24528	24679
A24539G	S:I993V	12	63798	0.000188	24465	24564
A24498T	S:D979V	12	64166	0.000187	24476	24679
A24424T T24469A T24544C	S:Q954H S:N969K S:D994D	12	37524	0.00032	24412	24564
A24424T T24469A T24490C	S:Q954H S:N969K S:V976V	12	38112	0.000315	24412	24564
A24424T T24469A G24558A	S:Q954H S:N969K S:G999D	12	37234	0.000322	24412	24564
A24424T T24469A G24488-T G24521+T	S:Q954H S:N969K NA NA	12	37777	0.000318	24412	24564
A24424T T24469A G24488-T C24517-A	S:Q954H S:N969K NA NA	12	37845	0.000317	24412	24564
A24424T T24469A C24559T	S:Q954H S:N969K S:G999G	12	37227	0.000322	24412	24564
A24424T T24469A A24538G	S:Q954H S:N969K S:Q992Q	12	37580	0.000319	24415	24564
A24424T T24469A A24525T	S:Q954H S:N969K S:E988V	12	37733	0.000318	24412	24564
A24424T G24497+A	S:Q954H NA	12	38044	0.000315	24412	24506
A24424T C24536T	S:Q954H S:Q992*	12	37606	0.000319	24412	24563
A24424T C24509T	S:Q954H S:R983C	12	37920	0.000316	24412	24564
A24424T C24446T T24469A	S:Q954H S:L962F S:N969K	12	38273	0.000314	24412	24564
A24424T A24468G T24469A	S:Q954H S:N969R S:N969R	12	38273	0.000314	24412	24564
A24419G A24424T T24469A	S:N953D S:Q954H S:N969K	12	38240	0.000314	24412	24564
A24180G	S:Y873C	12	11182	0.001073	24148	24190
A24043G	S:T827T	12	8399	0.001429	24021	24106
A24033G	S:N824S	12	8345	0.001438	24021	24106
A23829G C23854A	S:Y756C S:N764K	12	28641	0.000419	23683	23892
A23786G C23854A	S:I742V S:N764K	12	27832	0.000431	23683	23895
A23767+T C23854A	NA S:N764K	12	24273	0.000494	23699	23895
A23746G	S:P728P	12	26554	0.000452	23699	23811
A23717G C23854A	S:T719A S:N764K	12	23918	0.000502	23683	23895
A23712+T A23720-T	NA NA	12	71569	0.000168	23683	23738
A23704G	S:I714M	12	72493	0.000166	23683	23723
A23696G C23854A	S:I712V S:N764K	12	23670	0.000507	23683	23895
A23598T T23599G C23604G	S:N679M S:N679M S:P681R	12	109523	0.00011	23580	23724
A23403G T23407C C23423T C23525T	S:D614G S:V615V S:P621S S:H655Y	12	23237	0.000516	23335	23535
A23403G C23423T T23511+A C23525T	S:D614G S:P621S NA S:H655S	12	23237	0.000516	23335	23539
A23403G C23423T T23459C C23525T	S:D614G S:P621S S:W633R S:H655Y	12	23237	0.000516	23342	23539
A23403G C23423T G23463A C23525T	S:D614G S:P621S S:R634H S:H655Y	12	23237	0.000516	23335	23539
A23403G C23423T G23438A C23525T	S:D614G S:P621S S:A626T S:H655Y	12	23237	0.000516	23383	23538
A23403G C23423T C23520T C23525T	S:D614G S:P621S S:A653V S:H655Y	12	23237	0.000516	23338	23539
A23403G C23423T A23493G C23525T	S:D614G S:P621S S:Q644R S:H655Y	12	23237	0.000516	23335	23532
A23403G C23415T C23423T C23525T	S:D614G S:T618I S:P621S S:H655Y	12	23237	0.000516	23376	23539
A23379G A23403G C23423T C23525T	S:N606S S:D614G S:P621S S:H655Y	12	22927	0.000523	23335	23539
A23359G C23423T C23525T	S:T599T S:P621S S:H655Y	12	22741	0.000528	23335	23535
A22629C T22679C T22685-C A22688G G22770A G22775A A22786C G22813T	S:K356T S:S373P NA S:T376A S:R403K S:D405N S:R408S S:K417N	12	153	0.078431	22623	22834
A22556G G22577C G22578A C22674T T22679C	S:I332V S:G339H S:G339H S:S371F S:S373P	12	857	0.014002	22494	22685
A21979-T G21987A A21993-TTACC A21999C C22033A	NA S:G142D NA S:H146P S:F157L	12	14572	0.000823	21847	22057
A21875-T T21940-G A21979-T G21987A T21990-TTA T22032C C22033A A22034G	NA NA NA S:G142D S:DEL144 S:F157S S:F157S S:R158G	12	13105	0.000916	21847	22058
A21875-T T21940-G	NA NA	12	14404	0.000833	21847	21948
A21875-T G21941T T21990-TTA T22032C C22033A A22034G	NA S:V127F S:DEL144 S:F157S S:F157S S:R158G	12	13105	0.000916	21847	22058
T25556C	ORF3a:V55A	11	7621	0.001443	25372	25566
T25406C	ORF3a:M5T	11	15505	0.000709	25381	25477
T25404C	ORF3a:F4F	11	15527	0.000708	25372	25469
T25375C	S:H1271H	11	15226	0.000722	25372	25392
T25316C	S:S1252P	11	52776	0.000208	25251	25324
T25265C	S:C1235R	11	52014	0.000211	25251	25325
T25237C	S:I1225I	11	45203	0.000243	25224	25255
T25196-G	NA	11	43798	0.000251	25149	25206
T25171-G A25176G C25207T	NA S:K1205R S:Y1215Y	11	42539	0.000259	25125	25324
T25170C C25207T C25262-T	S:L1203P S:Y1215Y NA	11	41719	0.000264	25122	25325
T25161C	S:L1200P	11	43671	0.000252	25122	25187
T25129C	S:V1189V	11	42007	0.000262	25122	25153
T24979C C24990T C25000T	S:D1139D S:P1143L S:D1146D	11	12702	0.000866	24850	25069
T24960C C24990T C25000T	S:V1133A S:P1143L S:D1146D	11	12594	0.000873	24851	25069
T24958C C24990T C25000T	S:I1132I S:P1143L S:D1146D	11	12587	0.000874	24850	25063
T24931C C24990T C25000T	S:S1123S S:P1143L S:D1146D	11	12464	0.000883	24850	25069
T24870C C24990T C25000T	S:F1103S S:P1143L S:D1146D	11	12203	0.000901	24859	25069
T24851C	S:S1097P	11	16372	0.000672	24850	24868
T24756C	S:V1065A	11	9104	0.001208	24730	24806
T24739C	S:G1059G	11	8971	0.001226	24724	24806
T24663C	S:L1034P	11	30382	0.000362	24612	24679
T24583C	S:Y1007Y	11	24450	0.00045	24480	24679
T24481C	S:I973I	11	63855	0.000172	24473	24564
T24469A T24625C	S:N969K S:S1021S	11	20674	0.000532	24465	24679
T24469A T24549C	S:N969K S:L996S	11	59191	0.000186	24465	24564
T24469A T24523C	S:N969K S:V987V	11	59647	0.000184	24465	24564
T24469A G24665A	S:N969K S:G1035R	11	20530	0.000536	24465	24679
T24469A G24570+T	S:N969K NA	11	20977	0.000524	24465	24679
T24469A G24527A	S:N969K S:A989T	11	59587	0.000185	24465	24564
T24469A A24614G	S:N969K S:I1018V	11	20705	0.000531	24465	24679
T24469A A24569G	S:N969K S:S1003G	11	20977	0.000524	24465	24679
T24417C A24424T	S:V952A S:Q954H	11	42453	0.000259	24412	24564
T24414-G A24424T T24469A	NA S:Q954H S:N969K	11	38028	0.000289	24412	24558
T24377-C G24399-A A24424T	NA NA S:Q954H	11	3721	0.002956	24267	24424
T24108-C	NA	11	7475	0.001472	24098	24191
T24055C	S:A831A	11	8403	0.001309	24021	24106
T23878C	S:V772V	11	29192	0.000377	23856	23895
T23703C C23854A	S:I714T S:N764K	11	23829	0.000462	23683	23873
T23599G C23625T	S:N679K S:A688V	11	109273	0.000101	23580	23642
T23599G C23604G T23640G	S:N679K S:P681R S:I693S	11	107263	0.000103	23580	23724
T23599G C23604G C23692T	S:N679K S:P681R S:N710N	11	42239	0.00026	23580	23700
T23599G C23604G C23625+A	S:N679K S:P681R NA	11	109273	0.000101	23580	23635
T23599G C23604G C23604+T	S:N679K S:P681L NA	11	109537	0.0001	23580	23622
T23599G C23604G A23711G	S:N679K S:P681R S:N717D	11	41413	0.000266	23580	23724
T23599G C23604A C23673T C23705T	S:N679K S:P681H S:S704L S:P715S	11	41705	0.000264	23580	23724
T23599G A23656G	S:N679K S:S698S	11	42586	0.000258	23580	23724
T23596-A T23599G C23604G	NA S:N679K S:P681R	11	109520	0.0001	23587	23642
T23511-A C23525T T23599G C23604G	NA S:H655Y S:N679K S:P681R	11	65381	0.000168	23487	23630
T23509C C23525T T23573C T23599G C23604G	S:C649C S:H655Y S:C671R S:N679K S:P681R	11	65367	0.000168	23487	23642
T23482-A C23525T	NA S:H655Y	11	24247	0.000454	23467	23539
T23337C A23403G C23423T C23525T	S:F592S S:D614G S:P621S S:H655Y	11	22179	0.000496	23335	23539
T23143-A T23164-A G23222A C23230-A C23244-T C23271T	NA NA S:E554K NA NA S:A570V	11	7439	0.001479	23108	23290
T23143-A C23271T	NA S:A570V	11	7439	0.001479	23089	23290
T22926C T22942A G22992A C22995A T23005A T23018C T23019C	S:L455S S:N460K S:S477N S:T478K S:N481K S:F486P S:F486P	11	82	0.134146	22922	23048
T21990-TTA C22000A C22033A	S:DEL144 S:H146Q S:F157L	11	14580	0.000754	21969	22058
T21940-G G21987A T21990-TTA C22009-A T22032C C22033A A22034G	NA S:G142D S:DEL144 NA S:F157S S:F157S S:R158G	11	13513	0.000814	21867	22058
T21609+CATGCCGCTGTT C21618T G21624C T21632-TACCCCCTG C21711T A21764-TACATG	S:INS17HAAV S:T19F S:R21T S:DEL25/27 S:S50L S:DEL69/70	11	8394	0.00131	21597	21802
T21609+CATGCCGCTGTT C21618T C21622T G21624C T21632-TACCCCCTG G21686-T C21711T C21736-T A21764-TACATG	S:INS17HAAV S:T19F S:T20F S:R21T S:DEL25/27 NA S:S50L NA S:DEL69/70	11	8394	0.00131	21597	21802
T21609+CATGCCGCTGTT C21618T C21622T G21624C T21632-TACCCCCTG A21764-TACATG C21781-A	S:INS17HAAV S:T19F S:T20F S:R21T S:DEL25/27 S:DEL69/70 NA	11	8370	0.001314	21597	21802
T21609+CATGCCGCTGTT C21618T C21622T G21624C A21626G T21632-TACCCCCTG C21711T A21764-TACATG	S:INS17HAAV S:T19F S:T20F S:R21T S:T22V S:DEL25/27 S:S50L S:DEL69/70	11	8394	0.00131	21597	21802
G25477-T	NA	11	14170	0.000776	25372	25487
G25409-A	NA	11	15463	0.000711	25372	25423
G25269A	S:C1236Y	11	52128	0.000211	25261	25323
G25177A C25207T	S:K1205K S:Y1215Y	11	42711	0.000258	25140	25325
G25126A	S:E1188E	11	41800	0.000263	25122	25325
G25049-A	NA	11	13251	0.00083	25041	25069
G24954-A C24990T C25000T	NA S:P1143L S:D1146D	11	12565	0.000875	24857	25019
G24858A	S:G1099D	11	16597	0.000663	24850	24872
G24794A	S:A1078T	11	9265	0.001187	24748	24806
G24497+A	NA	11	64170	0.000171	24488	24525
G24413A A24424T T24469A	S:V951M S:Q954H S:N969K	11	37802	0.000291	24412	24564
G23811A C23854A	S:S750N S:N764K	11	28299	0.000389	23800	23890
G23808A	S:C749Y	11	29381	0.000374	23768	23895
G23726+T	NA	11	26755	0.000411	23683	23736
G23699A	S:A713T	11	72726	0.000151	23683	23724
G23587A T23599G C23604G	S:Q675Q S:N679K S:P681R	11	109336	0.000101	23580	23724
G23508-T C23525T T23599G C23604G	NA S:H655Y S:N679K S:P681R	11	65323	0.000168	23505	23642
G23501+T C23525T	NA S:H655S	11	91322	0.00012	23487	23538
G23222A C23271T C23277T	S:E554K S:A570V S:T572I	11	7658	0.001436	23093	23290
G23222A C23252+A C23271T	S:E554K NA S:A570F	11	7694	0.00143	23089	23290
G23132+T G23222A C23271T	NA S:E554R S:A570F	11	7414	0.001484	23090	23282
G22992A C22995A T23005A T23018C T23019C	S:S477N S:T478K S:N481K S:F486P S:F486P	11	235	0.046809	22974	23048
G22218-T C22295A	NA S:H245N	11	9008	0.001221	22210	22319
G22104-A C22120-A A22161-T A22193-ATT T22200G C22208T C22295A	NA NA NA S:DEL212 S:V213G S:L216F S:H245N	11	7232	0.001521	22100	22314
G22104-A	NA	11	8205	0.001341	22100	22128
G21987A T21990-TTA A22034+G	S:G142D S:DEL144 NA	11	14578	0.000755	21974	22058
G21969-T G21987A T21990-TTA T22032C C22033A A22034G	NA S:G142D S:DEL144 S:F157S S:F157S S:R158G	11	14393	0.000764	21959	22058
G21941T G21987A T21990-TTA T22032C C22033T A22034G	S:V127F S:G142D S:DEL144 S:F157S S:F157S S:R158G	11	13514	0.000814	21847	22058
G21941T G21987A T21990-TTA C22009-A T22032C C22033A A22034G	S:V127F S:G142D S:DEL144 NA S:F157S S:F157S S:R158G	11	13514	0.000814	21847	22058
G21941T G21987A T21990-TTA C22000-A C22009-A T22032C C22033A A22034G	S:V127F S:G142D S:DEL144 NA NA S:F157S S:F157S S:R158G	11	13514	0.000814	21850	22058
G21941T G21987A T21990-TTA A22023G T22032C C22033A A22034G	S:V127F S:G142D S:DEL144 S:E154G S:F157S S:F157S S:R158G	11	13514	0.000814	21859	22058
G21941T G21987A T21990-TTA A22011G T22032C C22033A A22034G	S:V127F S:G142D S:DEL144 S:K150R S:F157S S:F157S S:R158G	11	13514	0.000814	21847	22058
G21941T G21969-T G21987A T21990-TTA T22032C C22033A A22034G	S:V127F NA S:G142D S:DEL144 S:F157S S:F157S S:R158G	11	13514	0.000814	21876	22058
C25553-T	NA	11	7722	0.001425	25372	25566
C25262-T T25303C	NA S:C1247C	11	51544	0.000213	25251	25321
C25262-T T25283C	NA S:C1241R	11	51747	0.000213	25251	25325
C25262-T C25416T	NA ORF3a:F8F	11	4852	0.002267	25251	25477
C25207T T25265A	S:Y1215Y S:C1235S	11	43074	0.000255	25122	25270
C25207T T25257C T25258A C25262-T	S:Y1215Y S:I1232T S:I1232T NA	11	43103	0.000255	25122	25323
C25207T C25262-T T25303C	S:Y1215Y NA S:C1247C	11	42823	0.000257	25122	25325
C25207T A25296-G	S:Y1215Y NA	11	42869	0.000257	25122	25324
C25207T A25241T	S:Y1215Y S:I1227L	11	43242	0.000254	25122	25325
C24990T C25000T C25047T	S:P1143L S:D1146D S:P1162L	11	12404	0.000887	24850	25065
C24967T C24990T C25000T	S:N1135N S:P1143L S:D1146D	11	12631	0.000871	24850	25069
C24852-A C25000T	NA S:D1146D	11	11969	0.000919	24850	25069
C24852-A C24981-T C24990T C25000T	NA NA S:P1143L S:D1146D	11	11969	0.000919	24850	25020
C24734T	S:H1058Y	11	8914	0.001234	24724	24785
C24575T	S:Q1005*	11	24672	0.000446	24559	24679
C24503+T	NA	11	64098	0.000172	24476	24523
C24435-T G24488-T	NA NA	11	38488	0.000286	24412	24564
C24435-T	NA	11	39041	0.000282	24428	24447
C23887-A C23929-A	NA NA	11	3511	0.003133	23792	23943
C23859T	S:A766V	11	29319	0.000375	23767	23891
C23854A G23858A	S:N764K S:A766T	11	29168	0.000377	23725	23895
C23825T C23854A	S:Q755* S:N764K	11	28550	0.000385	23769	23895
C23816+T C23887-A	NA NA	11	27408	0.000401	23683	23895
C23673+T	NA	11	45493	0.000242	23666	23724
C23647+G	NA	11	44790	0.000246	23638	23724
C23604G A23712+T	S:P681R NA	11	41452	0.000265	23580	23724
C23525T T23599G C23604G T23637A	S:H655Y S:N679K S:P681R S:I692N	11	64268	0.000171	23487	23642
C23525T T23599G C23604G C23609A	S:H655Y S:N679K S:P681R S:R683R	11	65457	0.000168	23487	23642
C23525T T23529A T23599G C23604G	S:H655Y S:V656D S:N679K S:P681R	11	65466	0.000168	23487	23637
C23525T G23580+T T23599G C23604G	S:H655Y NA S:N679* S:P681C	11	65466	0.000168	23486	23642
C23525T C23533-A	S:H655Y NA	11	91627	0.00012	23487	23539
C23423T G23486+T C23525T	S:P621S NA S:H655S	11	23541	0.000467	23342	23532
C23399+T T23407+GA C23423T C23525T	NA NA S:P621F S:H655*	11	23218	0.000474	23335	23529
C23367+A C23399+T G23417+A C23423T C23525T	NA NA NA S:P621F S:H655*	11	22798	0.000482	23335	23539
C23280T A23403G	S:T573I S:D614G	11	16170	0.00068	23270	23443
C23271T T23386C A23403G C23423T	S:A570V S:V608V S:D614G S:P621S	11	14862	0.00074	23269	23443
C23271T T23352C A23403G C23423T	S:A570V S:V597A S:D614G S:P621S	11	14862	0.00074	23269	23438
C23271T T23344C A23403G C23423T	S:A570V S:G594G S:D614G S:P621S	11	14862	0.00074	23269	23438
C23271T T23335C A23403G C23423T	S:A570V S:S591S S:D614G S:P621S	11	14862	0.00074	23269	23443
C23271T C23334-T C23393T C23423T	S:A570V NA S:L611F S:P621S	11	14862	0.00074	23269	23443
C23271T C23334-T C23393T A23403G C23423T	S:A570V NA S:L611F S:D614G S:P621S	11	14862	0.00074	23269	23443
C23271T A23365G A23403G C23423T	S:A570V S:G601G S:D614G S:P621S	11	14862	0.00074	23269	23443
C23271T A23283G A23403G C23423T	S:A570V S:D574G S:D614G S:P621S	11	14862	0.00074	23269	23443
C22295A C22353A G22410-A	S:H245N S:A264D NA	11	2067	0.005322	22246	22442
C22120-A A22193-ATT T22200G C22208T G22218-T	NA S:DEL212 S:V213G S:L216F NA	11	8017	0.001372	22112	22235
C22120-A A22193-ATT T22200G C22208T A22245-T C22295A	NA S:DEL212 S:V213G S:L216F NA S:H245N	11	7453	0.001476	22100	22319
C22109G T22200A T22304C G22317T	S:Q183E S:V213E S:Y248H S:G252V	11	7090	0.001551	22100	22319
C22033A A22034G	S:F157L S:R158G	11	16119	0.000682	22000	22054
C21978A G21987A T21990-TTA T22032C C22033A A22034G	S:P139Q S:G142D S:DEL144 S:F157S S:F157S S:R158G	11	14568	0.000755	21959	22058
C21618T C21622T G21624C C21711T A21764-TACATG C21781-A	S:T19I S:T20T S:R21T S:S50L S:DEL69/70 NA	11	8371	0.001314	21597	21802
A25505G	ORF3a:Q38R	11	8353	0.001317	25372	25566
A25497G	ORF3a:I35M	11	8496	0.001295	25372	25519
A25472-T G25555-T	NA NA	11	7625	0.001443	25372	25566
A25454G	ORF3a:K21R	11	14522	0.000757	25372	25477
A25256G	S:I1232V	11	51702	0.000213	25251	25325
A25247G	S:M1229V	11	45320	0.000243	25227	25325
A25182G G25198-C C25207T	S:E1207G NA S:Y1215Y	11	43013	0.000256	25130	25325
A25125G	S:E1188G	11	41768	0.000263	25122	25177
A24942G C24990T C25000T	S:D1127G S:P1143L S:D1146D	11	12494	0.00088	24850	25015
A24913G C24990T C25000T	S:T1117T S:P1143L S:D1146D	11	12425	0.000885	24872	25055
A24875G C24990T C25000T	S:T1105A S:P1143L S:D1146D	11	12248	0.000898	24871	25065
A24862G C24990T C25000T	S:T1100T S:P1143L S:D1146D	11	12168	0.000904	24850	25069
A24823G	S:A1087A	11	3010	0.003654	24741	24943
A24820G	S:K1086K	11	3010	0.003654	24778	24832
A24788G	S:T1076A	11	9354	0.001176	24768	24806
A24758G	S:T1066A	11	9122	0.001206	24731	24805
A24735G	S:H1058R	11	8921	0.001233	24724	24806
A24560G	S:R1000G	11	63394	0.000174	24480	24564
A24554G	S:T998A	11	63574	0.000173	24483	24564
A24498G	S:D979G	11	64166	0.000171	24465	24564
A24484G	S:S974S	11	63925	0.000172	24474	24530
A24468-T	NA	11	60364	0.000182	24465	24487
A24424T T24504C	S:Q954H S:L981P	11	37964	0.00029	24412	24564
A24424T T24469A T24489G	S:Q954H S:N969K S:V976G	11	38114	0.000289	24412	24564
A24424T T24469A T24481C	S:Q954H S:N969K S:I973I	11	38169	0.000288	24412	24564
A24424T T24469A G24497+A	S:Q954H S:N969K NA	11	38044	0.000289	24412	24519
A24424T T24469A C24483-A	S:Q954H S:N969K NA	11	38160	0.000288	24412	24564
A24424T T24469A A24539+T	S:Q954H S:N969K NA	11	37574	0.000293	24412	24564
A24424T T24447C	S:Q954H S:L962P	11	38530	0.000285	24412	24457
A24424T G24488-T G24521+T	S:Q954H NA NA	11	37777	0.000291	24412	24543
A24424T G24445A T24469A	S:Q954H S:T961T S:N969K	11	38273	0.000287	24412	24564
A24424T C24442T T24469A	S:Q954H S:N960N S:N969K	11	38273	0.000287	24412	24564
A24424T A24537G	S:Q954H S:Q992R	11	37587	0.000293	24412	24564
A24424T A24532G	S:Q954H S:E990E	11	37667	0.000292	24412	24564
A24424T A24479+T	S:Q954H NA	11	38182	0.000288	24412	24491
A24424T A24454C T24469A	S:Q954H S:K964N S:N969K	11	38273	0.000287	24412	24499
A24424T A24433G T24469A T24471C	S:Q954H S:Q957Q S:N969K S:F970S	11	38225	0.000288	24413	24564
A24423+T T24469A	NA S:N969Q	11	38259	0.000288	24415	24564
A24423+T G24488-T	NA NA	11	38107	0.000289	24412	24564
A24325-T C24378T A24424T	NA S:S939F S:Q954H	11	3518	0.003127	24239	24424
A24182G	S:T874A	11	11158	0.000986	24148	24191
A24041G	S:T827A	11	8395	0.00131	24021	24079
A24014-T	NA	11	1682	0.00654	23973	24106
A23892+C	NA	11	28659	0.000384	23865	23895
A23890G	S:K776K	11	28791	0.000382	23683	23895
A23851G C23854A	S:L763L S:N764K	11	29287	0.000376	23799	23895
A23814G C23854A	S:N751S S:N764K	11	28326	0.000388	23707	23881
A23800G	S:S746S	11	29400	0.000374	23767	23807
A23796-T	NA	11	29368	0.000375	23767	23806
A23784G C23854A	S:Y741C S:N764K	11	27821	0.000395	23776	23895
A23759G C23854A	S:K733E S:N764K	11	24233	0.000454	23683	23895
A23717+T	NA	11	71898	0.000153	23696	23724
A23702+G	NA	11	72511	0.000152	23684	23712
A23696G	S:I712V	11	72705	0.000151	23683	23724
A23639-T	NA	11	109811	0.0001	23632	23642
A23598+G	NA	11	109602	0.0001	23580	23642
A23523T C23525T T23599G C23604G	S:E654V S:H655Y S:N679K S:P681R	11	65465	0.000168	23487	23642
A23497T C23525T T23599G C23604G	S:T645T S:H655Y S:N679K S:P681R	11	64944	0.000169	23487	23642
A23494T C23525T T23599G C23604G	S:Q644H S:H655Y S:N679K S:P681R	11	64903	0.000169	23487	23641
A23493T C23525T T23599G C23604G	S:Q644L S:H655Y S:N679K S:P681R	11	64801	0.00017	23487	23642
A23408G C23423T C23525T	S:N616D S:P621S S:H655Y	11	23382	0.00047	23335	23539
A23403G C23423T T23468C C23525T	S:D614G S:P621S S:Y636H S:H655Y	11	23237	0.000473	23335	23539
A23403G C23423T C23525T C23533-A	S:D614G S:P621S S:H655Y NA	11	23123	0.000476	23335	23539
A23403G C23423T C23453T C23525T	S:D614G S:P621S S:P631S S:H655Y	11	23237	0.000473	23339	23539
A23403G C23423T A23484G C23525T	S:D614G S:P621S S:N641S S:H655Y	11	23237	0.000473	23335	23539
A23403G C23423T A23436G	S:D614G S:P621S S:H625R	11	41845	0.000263	23335	23441
A23403G A23414G	S:D614G S:T618A	11	42626	0.000258	23372	23443
A23354+T	NA	11	44196	0.000249	23335	23366
A23157+T G23222A C23271T	NA S:E554R S:A570F	11	7484	0.00147	23094	23274
A23118-T G23222A C23271T	NA S:E554K S:A570V	11	7380	0.001491	23089	23290
A22556G G22577C G22578A G22583-T A22629C C22674T T22679C	S:I332V S:G339H S:G339H NA S:K356T S:S371F S:S373P	11	857	0.012835	22494	22685
A22268+T C22295A	NA S:H245T	11	13851	0.000794	22259	22319
A22194G A22194-TT T22200G C22295A	S:N211S NA S:V213G S:H245N	11	8023	0.001371	22100	22319
A22194G A22194-TT T22200G C22208T C22295A	S:N211S NA S:V213G S:L216F S:H245N	11	8023	0.001371	22167	22319
A22193-ATT T22200G G22218-T C22295A	S:DEL212 S:V213G NA S:H245N	11	8021	0.001371	22100	22319
A22110+G	NA	11	8337	0.001319	22100	22133
A22023G T22032C C22033A A22034G	S:E154G S:F157S S:F157S S:R158G	11	16106	0.000683	22009	22057
A21917-T T21940-G G21987A T21990-TTA T22032C C22033A A22034G	NA NA S:G142D S:DEL144 S:F157S S:F157S S:R158G	11	13385	0.000822	21889	22058
A21868G G21941T G21987A T21990-TTA T22032C C22033A A22034G	S:R102R S:V127F S:G142D S:DEL144 S:F157S S:F157S S:R158G	11	13053	0.000843	21847	22058
T25560C C25561A A25562T	ORF3a:F56F ORF3a:Q57M ORF3a:Q57M	10	7556	0.001323	25372	25566
T25502C	ORF3a:I37T	10	8404	0.00119	25372	25552
T25473A	ORF3a:D27E	10	14217	0.000703	25372	25477
T25422C	ORF3a:I10I	10	15233	0.000656	25372	25459
T25403C	ORF3a:F4S	10	15538	0.000644	25381	25477
T25316-C	NA	10	52776	0.000189	25301	25325
T25306C	S:C1248C	10	52751	0.00019	25251	25325
T25291C	S:C1243C	10	52493	0.000191	25251	25325
T25264C	S:L1234L	10	51977	0.000192	25253	25325
T25258C	S:I1232I	10	51734	0.000193	25251	25324
T25171+G	NA	10	43725	0.000229	25122	25180
T25150C C25207T C25262-T	S:S1196S S:Y1215Y NA	10	41225	0.000243	25122	25325
T25138C C25207T	S:N1192N S:Y1215Y	10	41567	0.000241	25122	25325
T25129A C25207T	S:V1189V S:Y1215Y	10	40396	0.000248	25122	25325
T24873+A	NA	10	16644	0.000601	24850	24891
T24866+G	NA	10	16628	0.000601	24850	24883
T24793C	S:T1077T	10	9264	0.001079	24724	24806
T24785C	S:F1075L	10	9327	0.001072	24724	24806
T24725C	S:S1055P	10	8867	0.001128	24724	24788
T24628-A	NA	10	30583	0.000327	24612	24679
T24572C	S:L1004L	10	24689	0.000405	24518	24679
T24544+A	NA	10	63761	0.000157	24470	24564
T24469A T24534C	S:N969K S:V991A	10	59467	0.000168	24465	24564
T24469A T24529C	S:N969K S:A989A	10	59552	0.000168	24465	24564
T24469A T24489G	S:N969K S:V976G	10	60180	0.000166	24465	24564
T24469A G24638A	S:N969K S:A1026T	10	20651	0.000484	24465	24679
T24469A G24510A	S:N969K S:R983H	10	59853	0.000167	24465	24564
T24469A G24488-T C24672-A	S:N969K NA NA	10	20474	0.000488	24465	24679
T24469A C24566A	S:N969K S:Q1002K	10	21045	0.000475	24465	24679
T24469A C24536T	S:N969K S:Q992*	10	59410	0.000168	24465	24564
T24469A A24613G	S:N969K S:E1017E	10	20707	0.000483	24465	24679
T24469A A24612G	S:N969K S:E1017G	10	20707	0.000483	24465	24679
T24469A A24519G	S:N969K S:K986R	10	59735	0.000167	24465	24564
T24438+A T24469A	NA S:N969Q	10	38689	0.000258	24412	24487
T24417C A24424T G24488-T	S:V952A S:Q954H NA	10	38043	0.000263	24412	24564
T24280+A	NA	10	7998	0.00125	24229	24302
T24242C	S:L894L	10	7539	0.001326	24229	24298
T24185C	S:S875P	10	11136	0.000898	24120	24191
T24127-A	NA	10	8318	0.001202	24111	24191
T24108C	S:L849P	10	7475	0.001338	24103	24112
T24100C	S:A846A	10	8842	0.001131	24090	24106
T24088C	S:G842G	10	8724	0.001146	24064	24191
T24029C	S:F823L	10	8329	0.001201	24021	24106
T24027C	S:L822P	10	8294	0.001206	24021	24063
T23850+A T23862-A	NA NA	10	29013	0.000345	23683	23881
T23803C C23854A	S:T747T S:N764K	10	28172	0.000355	23683	23895
T23773C C23854A	S:D737D S:N764K	10	27711	0.000361	23767	23895
T23727C C23887-A	S:V722A NA	10	23144	0.000432	23683	23895
T23716C	S:F718F	10	71942	0.000139	23695	23724
T23715C	S:F718S	10	71955	0.000139	23686	23724
T23599G T23602C C23604G C23609-G	S:N679K S:S680S S:P681R NA	10	109505	0.000091	23580	23642
T23599G C23604G T23716C	S:N679K S:P681R S:F718F	10	41287	0.000242	23580	23724
T23599G C23604G T23689-A	S:N679K S:P681R NA	10	42284	0.000236	23580	23709
T23599G C23604G T23689+A	S:N679K S:P681R NA	10	42284	0.000236	23580	23724
T23599G C23604G T23659A	S:N679K S:P681R S:L699L	10	42544	0.000235	23580	23699
T23599G C23604G G23621A	S:N679K S:P681R S:V687I	10	109390	0.000091	23580	23642
T23599G C23604G C23718T	S:N679K S:P681R S:T719I	10	41243	0.000242	23580	23724
T23599G C23604G C23638+A	S:N679K S:P681R NA	10	107941	0.000093	23580	23642
T23599G C23604G C23609A	S:N679K S:P681R S:R683R	10	109505	0.000091	23580	23642
T23599G C23604A C23625T	S:N679K S:P681H S:A688V	10	109273	0.000092	23580	23642
T23599A C23604G	S:N679K S:P681R	10	109537	0.000091	23580	23724
T23434-C C23525T	NA S:H655Y	10	23724	0.000422	23423	23539
T23398C A23403G C23423T	S:Y612Y S:D614G S:P621S	10	42362	0.000236	23394	23443
T23394C A23403G C23423T	S:L611P S:D614G S:P621S	10	42277	0.000237	23335	23443
T23392C A23403G C23423T C23525T	S:V610V S:D614G S:P621S S:H655Y	10	23100	0.000433	23335	23532
T23385C A23403G C23423T	S:V608A S:D614G S:P621S	10	42026	0.000238	23378	23443
T23352C A23403G C23423T C23525T	S:V597A S:D614G S:P621S S:H655Y	10	22653	0.000441	23335	23532
T23338G	S:F592L	10	43799	0.000228	23335	23346
T23143-A G23222A C23230-A C23244-T C23271T	NA S:E554K NA NA S:A570V	10	7439	0.001344	23089	23290
T22882G G22895C T22896C G22898A G22927T T22930A T22942G	S:N440K S:V445P S:V445P S:G446S S:L455F S:F456L S:N460K	10	685	0.014599	22877	22967
T22882G	S:N440K	10	946	0.010571	22876	22890
T22282C C22295A	S:T240T S:H245N	10	14158	0.000706	22263	22319
T21940-G T22032C C22033A A22034G	NA S:F157S S:F157S S:R158G	10	13513	0.00074	21847	22058
T21934-A T21940-G G21987A T21990-TTA T22032C C22033A A22034G	NA NA S:G142D S:DEL144 S:F157S S:F157S S:R158G	10	13466	0.000743	21847	22058
T21883C G21941T G21987A T21990-TTA T22032C C22033A A22034G	S:G107G S:V127F S:G142D S:DEL144 S:F157S S:F157S S:R158G	10	13181	0.000759	21847	22043
T21632-TACCCCCTG	S:DEL25/27	10	9342	0.00107	21597	21664
T21609+CATGCCGCTGTT C21618T T21632-TACCCCCTG C21711T A21764-TACATG	S:INS17HAAV S:T19F S:DEL25/27 S:S50L S:DEL69/70	10	8394	0.001191	21597	21802
T21609+CATGCCGCTGTT C21618T C21622T G21624C T21632-TACCCCCTG G21701+T C21711T A21764-TACATG	S:INS17HAAV S:T19F S:T20F S:R21T S:DEL25/27 NA S:S50L S:DEL69/70	10	8394	0.001191	21597	21802
T21609+CATGCCGCTGTT C21618T C21622T G21624C T21632-TACCCCCTG C21711T T21755C A21764-TACATG	S:INS17HAAV S:T19F S:T20F S:R21T S:DEL25/27 S:S50L S:F65H S:DEL69/70	10	8394	0.001191	21597	21802
T21609+CATGCCGCTGTT C21618T C21622T G21624C T21632-TACCCCCTG C21711T C21732-T A21764-TACATG	S:INS17HAAV S:T19F S:T20F S:R21T S:DEL25/27 S:S50L NA S:DEL69/70	10	8394	0.001191	21597	21802
T21609+CATGCCGCTGTT C21618T C21622T G21624C T21632-TACCCCCTG C21658-A C21711T A21764-TACATG	S:INS17HAAV S:T19F S:T20F S:R21T S:DEL25/27 NA S:S50L S:DEL69/70	10	8394	0.001191	21597	21802
T21609+CATGCCGCTGTT C21618T C21622T G21624C T21632-TACCCCCTG A21708+T A21764-TACATG	S:INS17HAAV S:T19F S:T20F S:R21T S:DEL25/27 NA S:DEL69/70	10	8394	0.001191	21597	21802
G25494-A	NA	10	8551	0.001169	25372	25509
G25459A	ORF3a:A23T	10	14424	0.000693	25372	25477
G25401+T	NA	10	15555	0.000643	25372	25415
G25340-A	NA	10	6392	0.001564	25251	25353
G25244-T	NA	10	45290	0.000221	25234	25325
G25172A C25207T	S:G1204R S:Y1215Y	10	42570	0.000235	25131	25325
G25135+A C25207T C25262-TT	NA S:Y1215V NA	10	40655	0.000246	25123	25325
G24971+T C25000T	NA S:D1146S	10	12647	0.000791	24850	25063
G24944+T C24990T C25000T	NA S:P1143I S:D1146S	10	12519	0.000799	24850	25020
G24858A C24981-T C24990T C25000T	S:G1099D NA S:P1143L S:D1146D	10	12135	0.000824	24850	25017
G24743-T	NA	10	8994	0.001112	24736	24806
G24693-A	NA	10	6254	0.001599	24612	24806
G24655A	S:E1031E	10	30506	0.000328	24648	24679
G24535A	S:V991V	10	63822	0.000157	24508	24679
G24521T C24672-A	S:V987F NA	10	23878	0.000419	24470	24679
G24515-A	NA	10	64037	0.000156	24501	24564
G24277-TT	NA	10	7955	0.001257	24148	24309
G23821+T	NA	10	29305	0.000341	23778	23857
G23663+T	NA	10	45289	0.000221	23656	23719
G23519A C23525T T23599G C23604A	S:A653T S:H655Y S:N679K S:P681H	10	65449	0.000153	23487	23624
G23402-A C23423T C23525T	NA S:P621S S:H655Y	10	23237	0.00043	23338	23532
G23387A A23403G C23423T C23525T	S:A609T S:D614G S:P621S S:H655Y	10	23031	0.000434	23370	23539
G23342A A23403G C23423T	S:G594S S:D614G S:P621S	10	41135	0.000243	23335	23453
G23340A A23403G C23423T C23525T	S:G593D S:D614G S:P621S S:H655Y	10	22319	0.000448	23335	23535
G22577C G22578A A22629C C22674T T22679C	S:G339H S:G339H S:K356T S:S371F S:S373P	10	864	0.011574	22564	22684
G22244+T C22295A	NA S:H245T	10	10499	0.000952	22237	22319
G22104C C22109G T22200A G22317T	S:G181A S:Q183E S:V213E S:G252V	10	6995	0.00143	22100	22319
G21987A T21990-TTA T22032C	S:G142D S:DEL144 S:F157S	10	14622	0.000684	21967	22058
G21987A T21990-TTA G22030-T	S:G142D S:DEL144 NA	10	14636	0.000683	21965	22058
G21941T G21987A T21990-TTA A22019G T22032C C22033A A22034G	S:V127F S:G142D S:DEL144 S:M153V S:F157S S:F157S S:R158G	10	13514	0.00074	21929	22058
G21569-T T21609+CATGCCGCTGTT C21618T C21622T G21624C T21632-TACCCCCTG	NA S:INS17HAAV S:T19F S:T20F S:R21T S:DEL25/27	10	643	0.015552	21545	21664
C25452-A	NA	10	14570	0.000686	25381	25477
C25433-T G25555-T	NA NA	10	7625	0.001311	25372	25566
C25357-A	NA	10	6208	0.001611	25251	25372
C25262-T A25327G	NA S:K1255K	10	6122	0.001633	25251	25336
C25207T T25309G	S:Y1215Y S:S1249S	10	42760	0.000234	25122	25325
C25207T T25245-A	S:Y1215Y NA	10	43221	0.000231	25122	25325
C25207T T25237A	S:Y1215Y S:I1225I	10	43254	0.000231	25130	25325
C25207T G25305A	S:Y1215Y S:C1248Y	10	42815	0.000234	25192	25325
C25207T G25287-T T25289C	S:Y1215Y NA S:C1243R	10	42940	0.000233	25122	25325
C25207T G25266A	S:Y1215Y S:C1235Y	10	43038	0.000232	25122	25299
C25207T C25262-T T25309C	S:Y1215Y NA S:S1249S	10	42760	0.000234	25122	25325
C25207T C25262-T T25307C	S:Y1215Y NA S:S1249P	10	42805	0.000234	25122	25325
C25207T C25262-T T25283C	S:Y1215Y NA S:C1241R	10	42981	0.000233	25125	25325
C25207T C25262-T G25266A	S:Y1215Y NA S:C1235Y	10	43038	0.000232	25125	25304
C25207T C25262-T C25324+A	S:Y1215Y NA NA	10	42369	0.000236	25122	25325
C25207T C25262-T A25274G	S:Y1215Y NA S:T1238A	10	43017	0.000232	25122	25325
C25207T A25253G C25262-T	S:Y1215Y S:T1231A NA	10	43103	0.000232	25130	25325
C25207T A25243-G	S:Y1215Y NA	10	43229	0.000231	25190	25325
C25160T C25207T C25262-T	S:L1200F S:Y1215Y NA	10	41454	0.000241	25122	25325
C25160T	S:L1200F	10	43663	0.000229	25122	25188
C25151T C25207T	S:L1197F S:Y1215Y	10	42034	0.000238	25122	25325
C25151+A	NA	10	43557	0.00023	25143	25325
C25132T C25207T	S:A1190A S:Y1215Y	10	41326	0.000242	25122	25325
C24990T C25000T A25008G	S:P1143L S:D1146D S:K1149R	10	12688	0.000788	24850	25069
C24990T A24999G C25000T	S:P1143L S:D1146G S:D1146G	10	12730	0.000786	24899	25035
C24981-T C24990T C25000T T25021-A	NA S:P1143L S:D1146D NA	10	12537	0.000798	24850	25033
C24981-T C24990T C25000T A25026-T	NA S:P1143L S:D1146D NA	10	12498	0.0008	24857	25059
C24899+A C24981-T C24990T C25000T	NA NA S:P1143I S:D1146S	10	12360	0.000809	24850	25036
C24852+A	NA	10	16381	0.00061	24850	24870
C24789-A	NA	10	9354	0.001069	24724	24806
C24672T	S:S1037L	10	30305	0.00033	24612	24679
C24672-AA	NA	10	30305	0.00033	24620	24679
C24668-A	NA	10	30370	0.000329	24623	24679
C24632+T	NA	10	30593	0.000327	24612	24677
C24566A	S:Q1002K	10	24762	0.000404	24476	24661
C24536T	S:Q992*	10	63809	0.000157	24465	24564
C24517-A C24536-A T24643-A C24672-A	NA NA NA NA	10	23857	0.000419	24493	24679
C24466+A C24672-A	NA NA	10	20353	0.000491	24465	24679
C23887-A A23924+T G23948T	NA NA S:D796*	10	3166	0.003159	23837	23953
C23855T	S:R765C	10	29234	0.000342	23795	23887
C23854A G23873+A G23948T	S:N764K NA S:D796*	10	3003	0.00333	23842	23978
C23854A A23864G	S:N764K S:T768A	10	29059	0.000344	23802	23895
C23799+A	NA	10	29377	0.00034	23767	23811
C23778T C23854A	S:T739I S:N764K	10	27755	0.00036	23683	23895
C23758A	S:T732T	10	26333	0.00038	23683	23873
C23751T C23854A	S:S730F S:N764K	10	24196	0.000413	23683	23895
C23751-T C23854A	NA S:N764K	10	24196	0.000413	23722	23895
C23731+A	NA	10	26703	0.000374	23683	23750
C23709+A G23735+A	NA NA	10	26467	0.000378	23683	23750
C23707+A	NA	10	72370	0.000138	23686	23716
C23706T	S:P715L	10	72497	0.000138	23683	23724
C23700T	S:A713V	10	72845	0.000137	23688	23703
C23657+A	NA	10	45129	0.000222	23645	23724
C23635T	S:S691S	10	110543	0.00009	23630	23642
C23604G A23712-T	S:P681R NA	10	41452	0.000241	23580	23724
C23595T T23599G C23604G	S:T678I S:N679K S:P681R	10	109501	0.000091	23584	23705
C23595+T T23599G C23604G	NA S:N679* S:P681C	10	109501	0.000091	23580	23624
C23585+G T23599G C23604G	NA S:N679* S:P681C	10	109280	0.000092	23580	23642
C23525T T23599G C23604G T23622+G	S:H655Y S:N679K S:P681R NA	10	65408	0.000153	23487	23642
C23525T T23599G C23604G C23638-A	S:H655Y S:N679K S:P681R NA	10	64259	0.000156	23487	23642
C23525T T23599G C23604G A23636-T A23639G	S:H655Y S:N679K S:P681R NA S:I693V	10	63699	0.000157	23487	23642
C23525T T23599G C23604G A23636-T	S:H655Y S:N679K S:P681R NA	10	64337	0.000155	23487	23642
C23525T T23599G C23603+T C23604G	S:H655Y S:N679K NA S:P681C	10	65466	0.000153	23487	23642
C23525T T23599G C23603+G	S:H655Y S:N679K NA	10	65470	0.000153	23487	23625
C23525T T23548G T23599G C23604G	S:H655Y S:C662W S:N679K S:P681R	10	65466	0.000153	23487	23622
C23525T T23548C T23599G C23604A	S:H655Y S:C662C S:N679K S:P681H	10	65466	0.000153	23487	23642
C23525T T23548A T23599G C23604G	S:H655Y S:C662* S:N679K S:P681R	10	65466	0.000153	23488	23626
C23525T G23576C T23599G C23604G	S:H655Y S:A672P S:N679K S:P681R	10	65466	0.000153	23487	23638
C23525T G23528C T23599G C23604G	S:H655Y S:V656L S:N679K S:P681R	10	65466	0.000153	23487	23634
C23525T C23577+T T23599G C23604G	S:H655Y NA S:N679* S:P681C	10	65466	0.000153	23487	23627
C23525T C23575T T23599G	S:H655Y S:C671C S:N679K	10	65495	0.000153	23487	23601
C23525T C23575G T23599G C23604G	S:H655Y S:C671W S:N679K S:P681R	10	65466	0.000153	23487	23642
C23525T C23557T A23558-T T23599G C23604G	S:H655Y S:P665P NA S:N679K S:P681R	10	65466	0.000153	23486	23642
C23525T C23536+A T23599G C23604G	S:H655Y NA S:N679* S:P681C	10	65466	0.000153	23492	23642
C23525T A23588+T T23599G C23604G	S:H655Y NA S:N679* S:P681C	10	65466	0.000153	23487	23642
C23525T A23550G T23599G C23604A	S:H655Y S:D663G S:N679K S:P681H	10	65466	0.000153	23487	23637
C23492T C23525T T23599G C23604G	S:Q644* S:H655Y S:N679K S:P681R	10	64689	0.000155	23486	23642
C23423T T23448C C23525T	S:P621S S:L629P S:H655Y	10	23541	0.000425	23335	23539
C23423T G23441A C23525T	S:P621S S:D627N S:H655Y	10	23541	0.000425	23412	23539
C23423T C23424-T C23525T	S:P621S NA S:H655Y	10	23541	0.000425	23339	23539
C23399+T G23417+A C23525T	NA NA S:H655Y	10	23218	0.000431	23335	23539
C23393T A23403G C23423T	S:L611F S:D614G S:P621S	10	42230	0.000237	23382	23441
C23393+T C23423T C23525T	NA S:P621S S:H655S	10	23113	0.000433	23351	23539
C23393+T	NA	10	43544	0.00023	23335	23411
C23271T T23392C A23403G C23423T	S:A570V S:V610V S:D614G S:P621S	10	14862	0.000673	23269	23443
C23271T T23289-C A23403G C23423T	S:A570V NA S:D614G S:P621S	10	14862	0.000673	23269	23443
C23271T T23287C A23403G C23423T	S:A570V S:A575A S:D614G S:P621S	10	14862	0.000673	23269	23441
C23271T T23281C A23403G C23423T	S:A570V S:T573T S:D614G S:P621S	10	14862	0.000673	23269	23443
C23271T G23339A A23403G C23423T	S:A570V S:G593S S:D614G S:P621S	10	14862	0.000673	23269	23441
C23271T G23292A A23403G C23423T	S:A570V S:R577H S:D614G S:P621S	10	14862	0.000673	23269	23434
C23271T C23367+A A23403G C23423T	S:A570V NA S:D614G S:P621S	10	14862	0.000673	23269	23434
C23271T C23334-T G23417+A C23423T	S:A570V NA NA S:P621S	10	14862	0.000673	23269	23443
C23271T C23325A A23403G C23423T	S:A570V S:T588K S:D614G S:P621S	10	14862	0.000673	23269	23443
C23271T C23277T C23334-T A23403G C23423T	S:A570V S:T572I NA S:D614G S:P621S	10	14862	0.000673	23269	23443
C23271T A23403G C23423T T23434C	S:A570V S:D614G S:P621S S:I624I	10	14618	0.000684	23269	23443
C23271T A23354G A23403G C23423T	S:A570V S:I598V S:D614G S:P621S	10	14862	0.000673	23269	23443
C23271T A23321G A23403G C23423T	S:A570V S:I587V S:D614G S:P621S	10	14862	0.000673	23269	23443
C23271T A23319G A23403G C23423T	S:A570V S:D586G S:D614G S:P621S	10	14862	0.000673	23269	23443
C23230+A C23271T	NA S:A570F	10	7721	0.001295	23089	23290
C23099-T T23143-A T23164-A G23222A C23230-A C23271T	NA NA NA S:E554K NA S:A570V	10	7310	0.001368	23089	23290
C22480T	S:F306F	10	301	0.033223	22368	22569
C22295A G22302+T C22353A	S:H245N NA S:A264N	10	2291	0.004365	22246	22378
C22281+T C22295A C22353A	NA S:H245T S:A264N	10	2243	0.004458	22246	22362
C22120-A A22193-ATT T22200G C22208T C22227-T C22295A	NA S:DEL212 S:V213G S:L216F NA S:H245N	10	7453	0.001342	22112	22319
C22120+A A22193-ATT T22200G C22208T C22295A	NA S:DEL212 S:V213S S:L216S S:H245T	10	7453	0.001342	22100	22307
C22109G T22200A T22293-ACA G22317T	S:Q183E S:V213E S:DEL245 S:G252V	10	7090	0.00141	22100	22319
C22109G T22200A G22244-A G22317T	S:Q183E S:V213E NA S:G252V	10	7090	0.00141	22100	22319
C22109G G22317T	S:Q183E S:G252V	10	7090	0.00141	22100	22319
C22109G C22185T T22200A G22317T	S:Q183E S:T208M S:V213E S:G252V	10	7090	0.00141	22100	22319
C21888-T G21941T G21987A T21990-TTA T22032C C22033A A22034G	NA S:V127F S:G142D S:DEL144 S:F157S S:F157S S:R158G	10	13205	0.000757	21853	22058
C21711T T21737C A21764-TACATG	S:S50L S:F59L S:DEL69/70	10	10092	0.000991	21675	21802
C21711T C21781-A	S:S50L NA	10	10062	0.000994	21698	21802
C21622T G21624C T21632-TACCCCCTG A21764-TACATG	S:T20T S:R21T S:DEL25/27 S:DEL69/70	10	8395	0.001191	21597	21802
C21618T C21622T G21624C C21629T T21632-TACCCCCTG C21711T A21764-TACATG	S:T19I S:T20T S:R21T S:Q23* S:DEL25/27 S:S50L S:DEL69/70	10	8395	0.001191	21597	21802
A25531-T	NA	10	7869	0.001271	25372	25552
A25457G	ORF3a:D22G	10	14452	0.000692	25373	25477
A25431G	ORF3a:V13V	10	14948	0.000669	25372	25477
A25405-T	NA	10	15518	0.000644	25372	25457
A25341G	S:D1260G	10	6365	0.001571	25260	25354
A25336G	S:E1258E	10	6466	0.001547	25251	25453
A25179G	S:Y1206C	10	43849	0.000228	25154	25325
A25175G	S:K1205E	10	43736	0.000229	25159	25196
A25154G	S:I1198V	10	43620	0.000229	25131	25204
A25146G	S:E1195G	10	43479	0.00023	25131	25186
A25137+T T25191-A C25207T C25262-T	NA NA S:Y1215V NA	10	40752	0.000245	25122	25325
A24955G C24990T C25000T	S:G1131G S:P1143L S:D1146D	10	12570	0.000796	24850	25046
A24917G C24990T C25000T	S:N1119D S:P1143L S:D1146D	10	12433	0.000804	24890	25069
A24915G C24990T C25000T	S:D1118G S:P1143L S:D1146D	10	12429	0.000805	24853	25069
A24901G C24990T C25000T	S:Q1113Q S:P1143L S:D1146D	10	12375	0.000808	24850	25069
A24895G C24990T C25000T	S:E1111E S:P1143L S:D1146D	10	12336	0.000811	24850	25069
A24894G C24990T C25000T	S:E1111G S:P1143L S:D1146D	10	12330	0.000811	24858	25069
A24862G	S:T1100T	10	16629	0.000601	24850	24943
A24723-G	NA	10	6251	0.0016	24694	24791
A24695G	S:K1045E	10	6283	0.001592	24612	24806
A24670G	S:Q1036Q	10	30323	0.00033	24612	24679
A24587G	S:T1009A	10	24440	0.000409	24495	24614
A24537G	S:Q992R	10	63784	0.000157	24474	24564
A24519G	S:K986R	10	64041	0.000156	24486	24564
A24500+T	NA	10	64162	0.000156	24470	24512
A24479-T C24672-A	NA NA	10	23344	0.000428	24476	24679
A24424T T24541C	S:Q954H S:I993I	10	37550	0.000266	24412	24564
A24424T T24480C	S:Q954H S:I973T	10	38178	0.000262	24412	24564
A24424T T24471C	S:Q954H S:F970S	10	38225	0.000262	24412	24564
A24424T T24471-TG C24536-A	S:Q954H NA NA	10	37606	0.000266	24412	24564
A24424T T24469A G24488+T	S:Q954H S:N969K NA	10	38120	0.000262	24412	24518
A24424T T24469A C24503-T	S:Q954H S:N969K NA	10	37968	0.000263	24412	24564
A24424T T24469A A24479+T	S:Q954H S:N969K NA	10	38182	0.000262	24412	24501
A24424T T24451+A T24469A	S:Q954H NA S:N969Q	10	38273	0.000261	24412	24486
A24424T T24436C	S:Q954H S:A958A	10	38630	0.000259	24412	24455
A24424T G24530+A	S:Q954H NA	10	37689	0.000265	24412	24561
A24424T G24510+T	S:Q954H NA	10	37903	0.000264	24412	24564
A24424T G24488-T C24503+T	S:Q954H NA NA	10	37968	0.000263	24412	24526
A24424T G24488-T A24516G	S:Q954H NA S:D985G	10	37851	0.000264	24412	24564
A24424T G24434T	S:Q954H S:A958S	10	38662	0.000259	24412	24531
A24424T C24507+T	S:Q954H NA	10	37945	0.000264	24414	24519
A24424T C24465T T24469A	S:Q954H S:S968F S:N969K	10	38273	0.000261	24412	24564
A24424T A24560G	S:Q954H S:R1000G	10	37169	0.000269	24412	24564
A24424T A24545G	S:Q954H S:R995G	10	37505	0.000267	24412	24564
A24424T A24495G	S:Q954H S:N978S	10	38058	0.000263	24412	24564
A24424T A24456G	S:Q954H S:Q965R	10	38422	0.00026	24412	24564
A24424T A24443+C	S:Q954H NA	10	38573	0.000259	24412	24451
A24424T A24439G T24469A	S:Q954H S:L959L S:N969K	10	38273	0.000261	24412	24564
A24424C	S:Q954H	10	42534	0.000235	24412	24424
A24324-AT T24377-C A24424T	NA NA S:Q954H	10	3515	0.002845	24229	24424
A24324-AT C24338+T	NA NA	10	6479	0.001543	24229	24345
A24323-AAT	S:DEL922	10	7853	0.001273	24229	24337
A24162G	S:D867G	10	11368	0.00088	24148	24191
A24129+T	NA	10	8316	0.001203	24120	24191
A24092+T	NA	10	8739	0.001144	24021	24112
A23843G	S:T761A	10	29228	0.000342	23838	23870
A23827G	S:Q755Q	10	29297	0.000341	23811	23873
A23810G	S:S750G	10	29391	0.00034	23767	23827
A23806G C23854A	S:E748E S:N764K	10	28217	0.000354	23767	23895
A23786-T	NA	10	29395	0.00034	23767	23819
A23767G C23854A	S:S735S S:N764K	10	24273	0.000412	23683	23895
A23743G C23854A	S:L727L S:N764K	10	24145	0.000414	23683	23895
A23738+T	NA	10	26636	0.000375	23689	23750
A23712+T G23735+A	NA NA	10	26477	0.000378	23683	23751
A23712+T A23786+T	NA NA	10	25324	0.000395	23683	23809
A23594-C T23599G C23604G	NA S:N679K S:P681R	10	109491	0.000091	23581	23634
A23552G T23599G C23604G	S:I664V S:N679K S:P681R	10	65872	0.000152	23487	23642
A23403G G23417-A C23423T	S:D614G NA S:P621S	10	42433	0.000236	23389	23443
A23403G C23423T T23510C C23525T	S:D614G S:P621S S:L650L S:H655Y	10	23237	0.00043	23353	23539
A23403G C23423T T23491C C23525T	S:D614G S:P621S S:F643F S:H655Y	10	23237	0.00043	23382	23539
A23403G C23423T T23471C C23525T	S:D614G S:P621S S:S637P S:H655Y	10	23237	0.00043	23397	23539
A23403G C23423T T23459-G C23525T	S:D614G S:P621S NA S:H655Y	10	23237	0.00043	23344	23539
A23403G C23423T T23448C	S:D614G S:P621S S:L629P	10	25000	0.0004	23335	23497
A23403G C23423T T23437C C23525T	S:D614G S:P621S S:H625H S:H655Y	10	23237	0.00043	23335	23539
A23403G C23423T C23496+A C23525T	S:D614G S:P621S NA S:H655S	10	23237	0.00043	23335	23539
A23403G C23423T C23472-TA	S:D614G S:P621S NA	10	24090	0.000415	23335	23536
A23403G C23423T A23450G C23525T	S:D614G S:P621S S:T630A S:H655Y	10	23237	0.00043	23335	23539
A23403G A23418G C23423T C23525T	S:D614G S:E619G S:P621S S:H655Y	10	23237	0.00043	23335	23539
A23400+G	NA	10	43331	0.000231	23342	23414
A23180G G23222A C23271T	S:N540D S:E554K S:A570V	10	7556	0.001323	23162	23290
A22910G C22916T T22917G T22926C T22942A	S:N450D S:L452W S:L452W S:L455S S:N460K	10	807	0.012392	22905	22967
A22629C C22674T A22688G G22770A G22775A A22786C G22813T	S:K356T S:S371F S:T376A S:R403K S:D405N S:R408S S:K417N	10	153	0.065359	22623	22834
A21979-T G21987A T21990-TTA C22000-A T22032C C22033A A22034G	NA S:G142D S:DEL144 NA S:F157S S:F157S S:R158G	10	14570	0.000686	21953	22058
A21902G G21941T G21987A T21990-TTA T22032C C22033A A22034G	S:T114A S:V127F S:G142D S:DEL144 S:F157S S:F157S S:R158G	10	13310	0.000751	21876	22058
A21875-T G21941T A21979-T G21987A T21990-TTA C22000-A T22032C C22033A A22034G	NA S:V127F NA S:G142D S:DEL144 NA S:F157S S:F157S S:R158G	10	13105	0.000763	21847	22057
A21875-T C21888-T T21940-G G21987A T21990-TTA C22000-A T22032C C22033A A22034G	NA NA NA S:G142D S:DEL144 NA S:F157S S:F157S S:R158G	10	13105	0.000763	21854	22058
A21875-T C21888-T T21940-G A21979-T G21987A T21990-TTA C22000-A C22009-A T22032C C22033A A22034G	NA NA NA NA S:G142D S:DEL144 NA NA S:F157S S:F157S S:R158G	10	13105	0.000763	21847	22058
