nt_mutations	aa_mutations	cluster_depth	total_depth	frequency	coverage_start	coverage_end
C23525T T23599G C23604A	S:H655Y S:N679K S:P681H	16127	37085	0.434866	23519	23610
T23599G C23604A	S:N679K S:P681H	13381	63627	0.210304	23595	23608
A24424T	S:Q954H	7729	31695	0.243855	24422	24424
C23854A	S:N764K	4044	13559	0.298252	23850	23867
A23403G	S:D614G	3989	22268	0.179136	23399	23410
C23525T	S:H655Y	3463	50095	0.069129	23521	23528
C25000T	S:D1146D	2783	16149	0.172333	24998	25004
T24469A	S:N969K	1849	42423	0.043585	24466	24477
C25262-T	NA	1767	27397	0.064496	25252	25279
C23334-T	NA	1605	14275	0.112434	23296	23346
A24424T T24469A	S:Q954H S:N969K	1373	29251	0.046939	24418	24481
C23334-T A23403G	NA S:D614G	1340	13511	0.099178	23302	23412
C24672-A	NA	1274	24676	0.051629	24654	24679
G22317T	S:G252V	1208	10489	0.115168	22309	22319
C25416T	ORF3a:F8F	1160	10620	0.109228	25384	25421
T23599G	S:N679K	1151	63667	0.018078	23594	23600
A23403G C23525T	S:D614G S:H655Y	1127	6925	0.162744	23398	23529
T23599G C23604A G23666-A	S:N679K S:P681H NA	1071	25739	0.04161	23596	23678
C23525T C23604A	S:H655Y S:P681H	1065	37085	0.028718	23515	23617
C23604A	S:P681H	1025	63731	0.016083	23600	23610
C21618T T21632-TACCCCCTG A21764-TACATG	S:T19I S:DEL25/27 S:DEL69/70	992	4662	0.212784	21608	21788
C21618T T21632-TACCCCCTG	S:T19I S:DEL25/27	935	6780	0.137906	21608	21653
A24253-T	NA	930	7545	0.12326	24247	24263
C23525T T23599G	S:H655Y S:N679K	902	37097	0.024315	23515	23601
C24981-T C25000T	NA S:D1146D	813	14142	0.057488	24938	25004
G21987A	S:G142D	599	3101	0.193163	21983	21990
G25302-T	NA	589	29194	0.020175	25295	25307
C23525T T23599G C23604A C23625T	S:H655Y S:N679K S:P681H S:A688V	543	37018	0.014669	23501	23633
T23599G C23604A A23712-T	S:N679K S:P681H NA	537	24839	0.021619	23593	23722
G22813T T22882G	S:K417N S:N440K	512	10613	0.048243	22809	22885
A24424T T24469A T24472-G	S:Q954H S:N969K NA	481	29204	0.01647	24417	24476
T25191-A C25262-T	NA NA	453	10578	0.042825	25181	25272
T22882G	S:N440K	450	13169	0.034171	22878	22885
C22120-A	NA	436	7131	0.061141	22113	22132
T24643-A	NA	414	24888	0.016635	24629	24654
C24536-A	NA	402	55517	0.007241	24529	24552
T24471-TG	NA	397	48474	0.00819	24465	24491
C23525T A23558-T T23599G C23604A	S:H655Y NA S:N679K S:P681H	395	37085	0.010651	23512	23622
G24488-T	NA	385	54494	0.007065	24486	24499
G22813T T22882G A22893C T22917G	S:K417N S:N440K S:K444T S:L452R	377	8188	0.046043	22802	22921
C23525T A23558G T23599G C23604A	S:H655Y S:I666V S:N679K S:P681H	362	37085	0.009761	23514	23624
A24424T G24488-T	S:Q954H NA	355	29115	0.012193	24414	24514
T22942A	S:N460K	352	10631	0.033111	22938	22944
C24517-A	NA	345	55790	0.006184	24504	24527
C22000A	S:H146Q	335	4908	0.068256	21996	22032
A24424T T24471-TG	S:Q954H NA	334	29208	0.011435	24418	24551
T23599G C23604A G23675-T	S:N679K S:P681H NA	331	25657	0.012901	23593	23692
G22813T T22882G G22895C T22896C G22898A	S:K417N S:N440K S:V445P S:V445P S:G446S	329	9207	0.035734	22802	22906
T24464-C T24470-TTG	NA S:DEL971	320	32055	0.009983	24447	24558
T24492-A	NA	318	55047	0.005777	24487	24502
C25294-A	NA	317	28787	0.011012	25287	25319
T24469A T24472-G	S:N969K NA	313	42318	0.007396	24465	24561
C25317T	S:S1252F	308	29697	0.010371	25310	25320
T22942G	S:N460K	306	10631	0.028784	22938	22944
G24140-T	NA	305	5311	0.057428	24133	24170
A23786-T C23854A	NA S:N764K	305	9362	0.032579	23767	23881
T21632-TACCCCCTG	S:DEL25/27	291	6781	0.042914	21609	21657
G22813T	S:K417N	288	11633	0.024757	22809	22816
C24536-AA	NA	288	55517	0.005188	24527	24550
T23944C	S:I794I	282	1824	0.154605	23941	23947
A24424T C24517-A	S:Q954H NA	281	28912	0.009719	24417	24553
A23712-T	NA	279	38240	0.007296	23699	23724
T22882G G22895C T22896C G22898A	S:N440K S:V445P S:V445P S:G446S	261	11754	0.022205	22877	22906
T24470-TTG	S:DEL971	251	42703	0.005878	24465	24564
C24455-A	NA	251	32258	0.007781	24428	24467
A25472-T	NA	248	9818	0.02526	25381	25477
C24517-A C24672-A	NA NA	230	19858	0.011582	24493	24679
A21875-T	NA	228	4605	0.049511	21870	21889
A23403G T23482-A C23525T	S:D614G NA S:H655Y	225	6925	0.032491	23397	23529
A25216-G	NA	221	14908	0.014824	25209	25261
G25278-T	NA	220	28212	0.007798	25271	25288
C23525T T23599G C23604A G23608T	S:H655Y S:N679K S:P681H S:R682R	220	37078	0.005933	23505	23621
C23525T A23539T T23548C T23599G C23604A	S:H655Y S:S659S S:C662C S:N679K S:P681H	217	37085	0.005851	23501	23613
C23525T T23599G T23602-C	S:H655Y S:N679K NA	213	37088	0.005743	23515	23624
A23853-C	NA	213	13611	0.015649	23845	23862
G25218-T C25262-T	NA NA	212	18111	0.011706	25148	25306
A24424T C24455-A	S:Q954H NA	207	29477	0.007022	24416	24468
T25191-A G25218-T C25262-T	NA NA NA	205	10578	0.01938	25140	25320
T22882G A22893C T22917G	S:N440K S:K444T S:L452R	205	10689	0.019179	22877	22920
G22578A	S:G339D	205	1174	0.174617	22573	22580
G25555-T	NA	204	4701	0.043395	25381	25566
G22104-A C22120-A	NA NA	199	6882	0.028916	22100	22132
G22813T T22882G T22917G	S:K417N S:N440K S:L452R	196	8188	0.023937	22802	22920
C23367-A	NA	196	23210	0.008445	23351	23377
C21618T	S:T19I	196	6894	0.028431	21613	21621
A24803-T	NA	195	4623	0.04218	24782	24806
C21618T T21632-TACCCCCTG A21764-TACATG C21781-A	S:T19I S:DEL25/27 S:DEL69/70 NA	194	4649	0.041729	21615	21788
T24628-A	NA	193	24821	0.007776	24612	24654
T23482-A C23525T	NA S:H655Y	192	8551	0.022454	23475	23539
C24852-A C25000T	NA S:D1146D	190	12392	0.015332	24850	25013
C23887-A	NA	184	12682	0.014509	23858	23895
T23599G C23604A T23703C	S:N679K S:P681H S:I714T	183	25166	0.007272	23581	23705
A23515+G C23525T T23599G C23604A	NA S:H655S S:N679* S:P681Y	181	37039	0.004887	23488	23629
C23525T T23540C T23599G C23604A	S:H655Y S:Y660H S:N679K S:P681H	180	37085	0.004854	23515	23624
T24267-G	NA	179	7532	0.023765	24259	24303
T23599G C23604A C23625T	S:N679K S:P681H S:A688V	171	63484	0.002694	23581	23628
T25415-C	NA	168	10631	0.015803	25384	25477
C24852-A	NA	166	16648	0.009971	24850	24874
A21764-TACATG	S:DEL69/70	166	5208	0.031874	21757	21780
G22021A	S:M153I	165	6140	0.026873	22015	22032
C23525T G23593T T23599G C23604A	S:H655Y S:Q677H S:N679K S:P681H	165	37085	0.004449	23487	23622
A24922-T C24981-T C25000T	NA NA S:D1146D	165	13486	0.012235	24870	25008
A23767+T C23854A	NA S:N764K	164	7741	0.021186	23760	23876
T22882G G22895C G22898A	S:N440K S:V445L S:G446S	163	11754	0.013868	22877	22906
A24922-T	NA	162	16955	0.009555	24900	24933
T23599G C23604A G23666-A A23712-T	S:N679K S:P681H NA NA	158	24839	0.006361	23581	23724
T22882G A22893C	S:N440K S:K444T	158	12897	0.012251	22877	22901
C23525T T23548C T23599G C23604A	S:H655Y S:C662C S:N679K S:P681H	158	37085	0.00426	23517	23635
C24981-T	NA	157	14688	0.010689	24951	24986
G24488-T C24672-A	NA NA	156	18630	0.008374	24486	24679
A22941-T	NA	154	10697	0.014397	22934	22947
G22158-T	NA	153	8235	0.018579	22151	22191
G23948T	S:D796Y	151	1265	0.119368	23944	23964
A24424T C24536-A	S:Q954H NA	151	28740	0.005254	24419	24546
T24643-A C24672-A	NA NA	149	24469	0.006089	24612	24679
G24883-A C25000T	NA S:D1146D	148	13030	0.011358	24860	25068
C21888-T	NA	146	4494	0.032488	21867	21900
A24253-T C24263-A	NA NA	145	7407	0.019576	24239	24278
T23599G C23604A C23679T	S:N679K S:P681H S:A706V	143	25627	0.00558	23580	23685
C23525T A23558G T23599G C23604A C23634T	S:H655Y S:I666V S:N679K S:P681H S:S691F	139	36625	0.003795	23492	23638
C22185T	S:T208M	139	9494	0.014641	22181	22187
T22392-A	NA	138	7816	0.017656	22376	22405
C23525T T23599G C23604A C23630-A	S:H655Y S:N679K S:P681H NA	138	36742	0.003756	23496	23637
G25299-C	NA	137	29056	0.004715	25292	25316
G24095A	S:A845T	137	7679	0.017841	24073	24104
C21618T T21632-TACCCCCTG C21736-T A21764-TACATG	S:T19I S:DEL25/27 NA S:DEL69/70	137	4662	0.029387	21604	21793
T23143-A	NA	136	1646	0.082625	23106	23156
C23525T T23599G T23602-C T23605A G23608T	S:H655Y S:N679K NA S:P681P S:R682R	135	37078	0.003641	23504	23639
T23637-C	NA	133	64497	0.002062	23630	23642
C22120-A T22200G	NA S:V213G	133	2436	0.054598	22113	22211
A24922-T C25000T	NA S:D1146D	133	13486	0.009862	24907	25010
G22813T T22882G G22895C G22898A	S:K417N S:N440K S:V445L S:G446S	130	9207	0.01412	22794	22906
T25283C	S:C1241R	129	28360	0.004549	25267	25324
T23599G C23604A C23609-G	S:N679K S:P681H NA	129	63606	0.002028	23581	23622
C24119-A	NA	127	3694	0.03438	24112	24139
T24534C	S:V991A	126	55598	0.002266	24523	24564
C23816-T	NA	126	11866	0.010619	23792	23827
G22403-A	NA	125	7566	0.016521	22370	22414
G22037-T	NA	125	11275	0.011086	22029	22049
C24878-A	NA	125	17250	0.007246	24856	24888
G25287-T	NA	123	28509	0.004314	25278	25295
G22813T T22882G A22893C	S:K417N S:N440K S:K444T	123	10343	0.011892	22802	22897
C24672-AA	NA	123	24676	0.004985	24620	24679
C24503-T	NA	122	55479	0.002199	24486	24514
T22200G	S:V213G	119	2824	0.042139	22196	22205
A24424T C24466+A	S:Q954H NA	116	29285	0.003961	24414	24476
T21632-TACCCCCTG A21764-TACATG	S:DEL25/27 S:DEL69/70	115	4663	0.024662	21621	21802
T22882G T22917G	S:N440K S:L452R	113	10689	0.010572	22876	22920
C22120-A A22161-T	NA NA	113	6337	0.017832	22109	22174
T25289-G	NA	111	28570	0.003885	25278	25299
C24431-A	NA	110	31624	0.003478	24428	24445
A24424T T24470-TTG	S:Q954H S:DEL971	110	29209	0.003766	24412	24558
G24428+A	NA	109	29975	0.003636	24417	24551
A25208-T	NA	109	14322	0.007611	25201	25210
C24422-A A24425T	NA S:N955Y	108	31574	0.003421	24412	24437
T25191-A	NA	105	13420	0.007824	25141	25197
A25137-T	NA	105	12974	0.008093	25130	25147
A24318-C	NA	105	7312	0.01436	24311	24333
A22798+G G22813T T22882G	NA S:K417N S:N440Q	105	10386	0.01011	22793	22885
T24464-C T24471-TG	NA NA	104	32054	0.003245	24452	24564
C23525T T23563+C T23599G C23604A	S:H655Y NA S:N679* S:P681Y	103	37085	0.002777	23487	23607
G24488-T C24517-A C24672-A	NA NA NA	102	18630	0.005475	24486	24679
G22104-A C22120-A A22161-T	NA NA NA	102	6105	0.016708	22100	22176
C23525T T23599G C23604A A23631G	S:H655Y S:N679K S:P681H S:Q690R	100	36690	0.002726	23488	23637
A24594-ATT	S:DEL1012	98	20784	0.004715	24578	24668
A24424T T24438+A	S:Q954H NA	98	29698	0.0033	24413	24448
A24110-T C24119-A	NA NA	97	3483	0.02785	24078	24130
T23599G C23604A A23665-G	S:N679K S:P681H NA	96	25754	0.003728	23580	23724
G24488-T C24517-A	NA NA	96	53727	0.001787	24486	24528
C23525T C23533-A T23599G C23604A	S:H655Y NA S:N679K S:P681H	96	37085	0.002589	23493	23637
A24110-T	NA	96	3578	0.026831	24096	24120
C21618T T21632-TACCCCCTG C21736-T A21764-TACATG C21781-A	S:T19I S:DEL25/27 NA S:DEL69/70 NA	95	4649	0.020435	21597	21802
G22813T T22882G G22895C T22896C G22898A T22942G	S:K417N S:N440K S:V445P S:V445P S:G446S S:N460K	94	5679	0.016552	22806	22944
A24424T C24431-A	S:Q954H NA	93	29779	0.003123	24416	24457
T23599G C23604A A23667G	S:N679K S:P681H S:E702G	92	25730	0.003576	23584	23675
G25218-T	NA	91	18226	0.004993	25210	25244
C21618T A21764-TACATG	S:T19I S:DEL69/70	91	4662	0.01952	21608	21802
A22798+G G22813T T22882G A22893C T22917G	NA S:K417N S:N440Q S:K444S S:L452R	91	8011	0.011359	22793	22924
T23703-A	NA	90	38712	0.002325	23683	23711
T23599G C23604A G23666-A A23711-AT	S:N679K S:P681H NA NA	90	24853	0.003621	23580	23724
G22992A C22995A A23013C T23018G	S:S477N S:T478K S:E484A S:F486V	90	1947	0.046225	22986	23020
C24899-A C24981-T C25000T	NA NA S:D1146D	90	13317	0.006758	24850	25018
C23393-T A23403G	NA S:D614G	90	21874	0.004114	23385	23421
C23334-T C23367-A	NA NA	90	13896	0.006477	23285	23386
A24287+T	NA	90	8032	0.011205	24229	24297
C21618T T21632-TACCCCCTG G21686-T A21764-TACATG	S:T19I S:DEL25/27 NA S:DEL69/70	89	4662	0.019091	21606	21787
A21875-T C21888-T	NA NA	89	4477	0.019879	21853	21899
G23522-A C23525T	NA S:H655Y	88	50086	0.001757	23513	23532
C23525T T23599G C23604A C23609-G	S:H655Y S:N679K S:P681H NA	88	37077	0.002373	23491	23630
A23558-T T23599G C23604A	NA S:N679K S:P681H	88	37298	0.002359	23498	23637
T23599G C23604A C23609-G G23666-A	S:N679K S:P681H NA NA	87	25739	0.00338	23580	23692
C25276-A	NA	87	28129	0.003093	25268	25319
A24424T G24488-T C24517-A	S:Q954H NA NA	87	28912	0.003009	24412	24564
T23482-A	NA	86	8667	0.009923	23475	23505
C23099-T T23143-A	NA NA	86	1558	0.055199	23094	23156
C23099-T	NA	86	1621	0.053054	23096	23110
A23515-G C23525T T23599G C23604A	NA S:H655Y S:N679K S:P681H	86	37039	0.002322	23507	23624
C25416T A25472-T	ORF3a:F8F NA	85	9818	0.008658	25381	25477
A24591-AC	NA	85	20777	0.004091	24570	24614
C22033A	S:F157L	84	11269	0.007454	22025	22043
A23515+G T23599G C23604A	NA S:N679* S:P681Y	84	37039	0.002268	23508	23639
T23599G C23604A G23666-A G23675-T	S:N679K S:P681H NA NA	83	25657	0.003235	23581	23697
C24878-A C24981-T C25000T	NA NA S:D1146D	83	12999	0.006385	24850	25013
C24263-A	NA	83	7489	0.011083	24234	24279
C23525T A23550G T23599G C23604A	S:H655Y S:D663G S:N679K S:P681H	83	37085	0.002238	23505	23637
A24014-T	NA	83	3526	0.023539	23993	24106
G25305-T	NA	82	29402	0.002789	25298	25323
C24632-T	NA	82	24842	0.003301	24612	24679
A24885-T C24981-T C25000T	NA NA S:D1146D	82	13062	0.006278	24852	25004
C24422-A	NA	81	31726	0.002553	24416	24424
C23525T T23599G G23608T	S:H655Y S:N679K S:R682R	81	37078	0.002185	23492	23637
C23525T G23580T T23599G C23604A	S:H655Y S:S673I S:N679K S:P681H	81	37085	0.002184	23492	23635
T24643-A C24672-AA	NA NA	80	24469	0.003269	24612	24679
C25000T G25015-T	S:D1146D NA	80	15749	0.00508	24990	25035
C24026-T	NA	80	7331	0.010913	24021	24046
T24464-C	NA	79	32179	0.002455	24449	24564
G24570-T	NA	77	20904	0.003684	24547	24581
G23835-T	NA	77	12074	0.006377	23767	23848
G22813T T22882G T22942A	S:K417N S:N440K S:N460K	77	5679	0.013559	22807	22947
C21618T T21632-TACCCCCTG C21654-T A21764-TACATG	S:T19I S:DEL25/27 NA S:DEL69/70	77	4662	0.016517	21604	21792
G25290T	S:C1243F	75	28586	0.002624	25282	25317
G24104+C	NA	75	7654	0.009799	24080	24106
A25374-T	NA	75	9591	0.00782	25372	25390
A25137-T C25262-T	NA NA	75	9509	0.007887	25130	25325
C23709+A	NA	74	38391	0.001928	23683	23719
C23525T A23554+C T23599G C23604A	S:H655Y NA S:N679* S:P681Y	74	37085	0.001995	23501	23641
A24424T T24469A C24536-A	S:Q954H S:N969K NA	74	28740	0.002575	24412	24557
G22022-A	NA	73	6145	0.01188	22015	22032
C24517-A T24643-A C24672-A	NA NA NA	72	19858	0.003626	24489	24679
C24483+A	NA	72	53497	0.001346	24476	24497
C23525T A23544G T23599G C23604A	S:H655Y S:E661G S:N679K S:P681H	72	37085	0.001941	23505	23631
A24424T C24503-T	S:Q954H NA	72	29024	0.002481	24415	24526
T23689-A	NA	71	38838	0.001828	23683	23701
C21781-A	NA	71	5427	0.013083	21774	21790
C23812-A C23854A	NA S:N764K	70	10288	0.006804	23805	23892
C23525T T23599G C23604A G23619A	S:H655Y S:N679K S:P681H S:S686N	70	37052	0.001889	23487	23639
A24424T C24435-T	S:Q954H NA	70	29735	0.002354	24412	24453
C23492-A C23525T T23599G C23604A	NA S:H655Y S:N679K S:P681H	68	36164	0.00188	23488	23629
C22109G	S:Q183E	68	7034	0.009667	22104	22113
A24324T	S:K921I	68	6651	0.010224	24229	24327
G24992-A C25000T	NA S:D1146D	67	16072	0.004169	24990	25069
C23525T T23599G T23602-C T23605A	S:H655Y S:N679K NA S:P681P	67	37078	0.001807	23492	23629
A24493T	S:L977F	67	54981	0.001219	24490	24564
C25262-TT	NA	66	27397	0.002409	25252	25315
C23525T T23599G T23600C C23604A	S:H655Y S:N679K S:S680P S:P681H	66	37085	0.00178	23504	23624
T24472-G	NA	65	49138	0.001323	24465	24481
C23334-TT A23403G	NA S:D614G	65	13511	0.004811	23296	23434
A24885-T	NA	64	17098	0.003743	24850	24901
A24424T G24428+A	S:Q954H NA	64	29789	0.002148	24417	24552
A24424T A24432T	S:Q954H S:Q957L	64	29776	0.002149	24412	24436
G23768-T	NA	63	11675	0.005396	23767	23780
C24899-A	NA	63	17079	0.003689	24887	24913
C24223-T	NA	63	4781	0.013177	24164	24233
C23525T A23531G T23599G C23604A	S:H655Y S:N657D S:N679K S:P681H	63	37085	0.001699	23505	23637
A25327-T	NA	63	2423	0.026001	25307	25335
A24498G	S:D979G	63	55298	0.001139	24494	24525
T21856+A	NA	62	4594	0.013496	21847	21866
C24503-T C24672-A	NA NA	62	19539	0.003173	24486	24679
C23525T T23599G T23602C C23604A	S:H655Y S:N679K S:S680S S:P681H	62	37085	0.001672	23499	23624
A23474+T C23525T	NA S:H655S	62	8243	0.007522	23462	23539
G22104-A	NA	61	7043	0.008661	22100	22115
C24223-T A24253-T	NA NA	61	4650	0.013118	24148	24292
A24424T T24552-C	S:Q954H NA	61	28609	0.002132	24415	24564
A24110-T C24119-A T24126-TA	NA NA NA	61	3221	0.018938	24021	24151
T25272C	S:M1237T	60	27970	0.002145	25251	25316
T23599G C23604A G23621A	S:N679K S:P681H S:V687I	60	63538	0.000944	23580	23724
A23403G T23482-A	S:D614G NA	60	7013	0.008556	23388	23519
T23599G C23604A A23665-GA	S:N679K S:P681H NA	59	25754	0.002291	23581	23717
C24904T C25000T	S:I1114I S:D1146D	59	13389	0.004407	24893	25069
T24491-TA	NA	58	55025	0.001054	24480	24502
C24435-T	NA	58	31902	0.001818	24428	24445
A25235-T	NA	58	24328	0.002384	25223	25321
T24055A	S:A831A	57	7599	0.007501	24026	24106
C24483-A	NA	57	53497	0.001065	24476	24511
C23854A C23887-A	S:N764K NA	57	12256	0.004651	23846	23895
T25382+A	NA	56	10933	0.005122	25375	25395
T24544-A	NA	56	55456	0.00101	24499	24556
T23599G C23604A C23709-A	S:N679K S:P681H NA	56	24933	0.002246	23580	23718
T23599G C23604A A23639-T	S:N679K S:P681H NA	56	62373	0.000898	23580	23642
C23492-A	NA	56	49685	0.001127	23488	23505
C23334-TT	NA	56	14275	0.003923	23282	23350
T24552-C	NA	55	55296	0.000995	24524	24564
T23599G C23604A G23675-T A23712-T	S:N679K S:P681H NA NA	55	24839	0.002214	23582	23724
T23511+A C23525T T23599G C23604A	NA S:H655S S:N679* S:P681Y	55	37015	0.001486	23487	23624
A24424T C24536-AA	S:Q954H NA	55	28740	0.001914	24412	24560
A24253-T A24324T	NA S:K921I	55	5143	0.010694	24229	24327
T24469A T24643-A	S:N969K NA	54	9452	0.005713	24465	24672
C25000T A25026-T	S:D1146D NA	54	15346	0.003519	24992	25046
A24676G	S:K1038K	54	24530	0.002201	24620	24679
A23354+T	NA	54	24160	0.002235	23344	23362
T24564C	Unknown	53	54937	0.000965	24542	24564
T24469A C24672-A	S:N969K NA	53	9367	0.005658	24465	24679
T23599G T23602C C23604A	S:N679K S:S680S S:P681H	53	63627	0.000833	23580	23641
T22882G T22942A G22992A C22995A A23013C T23018G	S:N440K S:N460K S:S477N S:T478K S:E484A S:F486V	53	1249	0.042434	22876	23037
G25015-T	NA	53	15964	0.00332	25003	25069
G23835+T	NA	53	12074	0.00439	23793	23848
G23273-A A23403G	NA S:D614G	53	13044	0.004063	23269	23429
G22317T G22403-A	S:G252V NA	53	4331	0.012237	22256	22414
G22104-A C22120-A T22164-TA	NA NA NA	53	6085	0.00871	22030	22182
C23525T T23584C T23599G C23604A	S:H655Y S:Y674Y S:N679K S:P681H	53	37085	0.001429	23492	23613
T23599G C23604A T23659C	S:N679K S:P681H S:L699L	52	25789	0.002016	23580	23705
C23525T T23546C T23599G C23604A	S:H655Y S:C662R S:N679K S:P681H	52	37085	0.001402	23487	23624
C22120-A T22164-TA	NA NA	52	6316	0.008233	22100	22180
A25274G	S:T1238A	52	28050	0.001854	25264	25320
A23494G C23525T T23599G C23604A	S:Q644Q S:H655Y S:N679K S:P681H	52	36634	0.001419	23488	23637
T24469A T24492-A	S:N969K NA	51	42113	0.001211	24465	24564
T23599G C23604A T23654C	S:N679K S:P681H S:S698P	51	25829	0.001975	23581	23700
T23599G C23604A A23704+C	S:N679K S:P681H NA	51	25155	0.002027	23580	23724
T23599G C23604A A23696-T	S:N679K S:P681H NA	51	25505	0.002	23592	23724
T22882G A22893C T22942A G22992A C22995A A23013C T23018G	S:N440K S:K444T S:N460K S:S477N S:T478K S:E484A S:F486V	51	1249	0.040833	22876	23033
G22133-A	NA	51	7409	0.006884	22126	22180
C23525T T23542-G T23599G C23604A	S:H655Y NA S:N679K S:P681H	51	37085	0.001375	23501	23624
C23525T C23533T	S:H655Y S:N657N	51	49575	0.001029	23520	23539
T23434-C	NA	50	21968	0.002276	23421	23443
T22882G G22992A C22995A A23013C T23018G	S:N440K S:S477N S:T478K S:E484A S:F486V	50	1249	0.040032	22878	23038
G24301-A	NA	50	8060	0.006203	24294	24332
C24981-T C25000T A25026-T	NA S:D1146D NA	50	13369	0.00374	24850	25043
C23525T T23537C T23599G C23604A	S:H655Y S:S659P S:N679K S:P681H	50	37085	0.001348	23498	23634
A24518G	S:K986E	50	55809	0.000896	24502	24554
A23493G C23525T T23599G C23604A	S:Q644R S:H655Y S:N679K S:P681H	50	36491	0.00137	23488	23624
T23599G C23604A A23631G	S:N679K S:P681H S:Q690R	49	63120	0.000776	23580	23641
G25287-T G25290C	NA S:C1243S	49	28504	0.001719	25267	25324
G24488-T C24517-A T24643-A C24672-A	NA NA NA NA	49	18630	0.00263	24476	24679
G23384-T A23403G	NA S:D614G	49	21575	0.002271	23372	23442
G21508-A	NA	49	915	0.053552	21468	21564
A24539-T	NA	49	55515	0.000883	24498	24551
A24253-T A24287+T	NA NA	49	7247	0.006761	24230	24303
A23403G G23417C	S:D614G S:E619Q	49	21872	0.00224	23397	23429
T24469A C24536-A	S:N969K NA	48	41406	0.001159	24465	24564
T23491C C23525T T23599G C23604A	S:F643F S:H655Y S:N679K S:P681H	48	36150	0.001328	23487	23618
T23480+A C23525T	NA S:H655S	48	8363	0.00574	23472	23539
G24992-A	NA	48	16320	0.002941	24975	25066
G22577C G22578A	S:G339H S:G339H	48	1174	0.040886	22519	22580
C23525T A23566T T23599G C23604A	S:H655Y S:A668A S:N679K S:P681H	48	37085	0.001294	23488	23624
C23525T A23552G T23599G C23604A	S:H655Y S:I664V S:N679K S:P681H	48	37085	0.001294	23505	23625
C22109G C22120-A	S:Q183E NA	48	6926	0.00693	22103	22141
A24468-T T24470A	NA S:F970I	48	42321	0.001134	24465	24481
T25232C	S:L1224L	47	24226	0.00194	25226	25324
T24438+A	NA	47	32042	0.001467	24428	24454
T23742-A	NA	47	10039	0.004682	23690	23751
G22273-T	NA	47	10660	0.004409	22264	22283
C23525T T23599G C23604A A23639-T	S:H655Y S:N679K S:P681H NA	47	36031	0.001304	23502	23642
A23786-T	NA	47	11475	0.004096	23777	23808
A23786+T	NA	47	11475	0.004096	23767	23806
A21764-TACATG C21781-A	S:DEL69/70 NA	47	5195	0.009047	21747	21802
T23599G C23604A T23641-G	S:N679K S:P681H NA	46	62183	0.00074	23580	23650
T23599G C23604A T23629C	S:N679K S:P681H S:S689S	46	63186	0.000728	23580	23642
G24164-A	NA	46	10656	0.004317	24157	24173
C23525T T23529C T23599G C23604A	S:H655Y S:V656A S:N679K S:P681H	46	37085	0.00124	23487	23635
A24520G	S:K986K	46	55826	0.000824	24505	24528
T23599G C23604A T23662C	S:N679K S:P681H S:G700G	45	25774	0.001746	23580	23712
T23599G A23712-T	S:N679K NA	45	24839	0.001812	23580	23724
G22813T T22882G T22896C	S:K417N S:N440K S:V445A	45	9229	0.004876	22799	22904
G22051-A	NA	45	11166	0.00403	22037	22058
C24064-A	NA	45	7627	0.0059	24034	24074
C23525T T23542C T23599G C23604A	S:H655Y S:Y660Y S:N679K S:P681H	45	37085	0.001213	23508	23629
C22210G	S:L216L	45	3185	0.014129	22206	22310
T25263C	S:L1234P	44	27479	0.001601	25251	25324
T22942A G22992A C22995A A23013C T23018G	S:N460K S:S477N S:T478K S:E484A S:F486V	44	1742	0.025258	22936	23047
T22882G G22895C T22896C G22898A T22942G	S:N440K S:V445P S:V445P S:G446S S:N460K	44	7868	0.005592	22877	22946
T22054-A	NA	44	11015	0.003995	22038	22058
G24933-T	NA	44	16889	0.002605	24918	24943
G24445+A	NA	44	32126	0.00137	24438	24564
G22331A	S:G257S	44	5947	0.007399	22313	22344
C23525T A23594G T23599G C23604A	S:H655Y S:T678A S:N679K S:P681H	44	37085	0.001186	23487	23624
C23525T A23539G T23599G C23604A	S:H655Y S:S659S S:N679K S:P681H	44	37085	0.001186	23488	23629
C22383-T	NA	44	7803	0.005639	22370	22395
C22188T	S:P209L	44	9477	0.004643	22172	22191
A24525G	S:E988G	44	55755	0.000789	24515	24562
A24424T T24464-C T24470-TTG	S:Q954H NA S:DEL971	44	29209	0.001506	24416	24561
A23720-T	NA	44	37767	0.001165	23700	23724
A23588G T23599G C23604A	S:T676A S:N679K S:P681H	44	63478	0.000693	23581	23642
A23362+C	NA	44	23854	0.001845	23339	23369
T25187+A	NA	43	13113	0.003279	25179	25210
T23599G T23600C C23604A	S:N679K S:S680P S:P681H	43	63627	0.000676	23587	23629
T23599G C23604A T23620C	S:N679K S:P681H S:S686S	43	63544	0.000677	23581	23641
G24883-A	NA	43	17092	0.002516	24876	24931
G23508+T C23525T T23599G C23604A	NA S:H655S S:N679* S:P681Y	43	36979	0.001163	23490	23634
G22813T T22882G T22917G T22942A	S:K417N S:N440K S:L452R S:N460K	43	5679	0.007572	22793	22949
G21901-A	NA	43	4434	0.009698	21847	21911
C25294-A G25302-T	NA NA	43	28759	0.001495	25285	25324
C24119-A T24126-TA	NA NA	43	3432	0.012529	24021	24159
C22295T	S:H245Y	43	10721	0.004011	22268	22319
A24554G	S:T998A	43	55236	0.000778	24535	24564
A24424T C24458-T	S:Q954H NA	43	29410	0.001462	24412	24564
A23848+T C23887-A	NA NA	43	12072	0.003562	23767	23895
A22798+G G22813T T22882G G22895C T22896C G22898A	NA S:K417N S:N440Q S:V445P S:V445P S:G446R	43	9010	0.004772	22793	22906
A21979-T	NA	43	3585	0.011994	21847	21995
T25560C	ORF3a:F56F	42	4689	0.008957	25372	25566
T25415-C A25472-T	NA NA	42	9818	0.004278	25381	25477
T25291C	S:C1243C	42	28639	0.001467	25281	25324
T23599G C23604A A23702G	S:N679K S:P681H S:I714V	42	25193	0.001667	23580	23705
T22882G T22917G G22992A C22995A A23013C T23018G	S:N440K S:L452R S:S477N S:T478K S:E484A S:F486V	42	1249	0.033627	22878	23028
G25244-T	NA	42	24516	0.001713	25228	25324
G22809-A G22813T T22882G A22893C T22917G	NA S:K417N S:N440K S:K444T S:L452R	42	8182	0.005133	22793	22920
C24503-T C24517-A C24672-A	NA NA NA	42	19539	0.00215	24480	24679
C24466+A	NA	42	42367	0.000991	24465	24482
C24319A	S:N919K	42	7132	0.005889	24314	24357
C24150+T	NA	42	10503	0.003999	24148	24167
C23525T T23599G C23604A T23620C	S:H655Y S:N679K S:P681H S:S686S	42	37049	0.001134	23508	23639
C23525T T23590C T23599G C23604A	S:H655Y S:T676T S:N679K S:P681H	42	37085	0.001133	23505	23641
C23525T T23573C T23599G C23604A	S:H655Y S:C671R S:N679K S:P681H	42	37085	0.001133	23492	23642
A24885-T C24899-A C24981-T C25000T	NA NA NA S:D1146D	42	13062	0.003215	24850	25009
A24424T A24498G	S:Q954H S:D979G	42	29064	0.001445	24412	24564
T25140-A	NA	41	13202	0.003106	25132	25151
T23434-C C23525T	NA S:H655Y	41	7825	0.00524	23425	23537
G22104-A C22120-A T22200G	NA NA S:V213G	41	2334	0.017566	22100	22222
C24878-A A24885-T C24981-T C25000T	NA NA NA S:D1146D	41	12999	0.003154	24850	25007
C23525T T23582C T23599G C23604A	S:H655Y S:Y674H S:N679K S:P681H	41	37085	0.001106	23488	23622
C23502T C23525T T23599G C23604A	S:A647V S:H655Y S:N679K S:P681H	41	36862	0.001112	23493	23624
C22120-A T22200G G22218-T	NA S:V213G NA	41	2361	0.017366	22112	22236
A23848+T	NA	41	13752	0.002981	23792	23861
A23712+T	NA	41	38240	0.001072	23683	23727
A23497G C23525T T23599G C23604A	S:T645T S:H655Y S:N679K S:P681H	41	36659	0.001118	23487	23624
A23474+T T23480+A C23525T	NA NA S:H655Y	41	8243	0.004974	23466	23539
A21875+T	NA	41	4605	0.008903	21856	21888
T24469A A24591-AC	S:N969K NA	40	9532	0.004196	24465	24679
T23599G C23604A G23666A	S:N679K S:P681H S:E702K	40	25739	0.001554	23580	23700
T23599G C23604A A23711-AT	S:N679K S:P681H NA	40	24853	0.001609	23589	23724
T23509C C23525T T23599G C23604A	S:C649C S:H655Y S:N679K S:P681H	40	37004	0.001081	23487	23640
C24245-A A24253-T	NA NA	40	7513	0.005324	24236	24273
C24119-A G24140-T	NA NA	40	3363	0.011894	24111	24173
C23525T T23599G C23604A T23626C	S:H655Y S:N679K S:P681H S:A688A	40	36779	0.001088	23487	23637
C23525T T23527C T23599G C23604A	S:H655Y S:H655Y S:N679K S:P681H	40	37085	0.001079	23488	23642
C23525T A23588G T23599G C23604A	S:H655Y S:T676A S:N679K S:P681H	40	37085	0.001079	23488	23622
A25397-T	NA	40	10911	0.003666	25376	25409
A25201+T	NA	40	13732	0.002913	25194	25314
A24619G	S:R1019R	40	24736	0.001617	24612	24662
A24424T T24469A T24472-G C24536-A	S:Q954H S:N969K NA NA	40	28740	0.001392	24413	24560
T25264C	S:L1234L	39	27536	0.001416	25248	25320
T24469A T24628-A	S:N969K NA	39	9479	0.004114	24465	24658
T23500C C23525T T23599G C23604A	S:R646R S:H655Y S:N679K S:P681H	39	36761	0.001061	23487	23641
G24868-T	NA	39	17327	0.002251	24853	24878
G24521+T	NA	39	55758	0.000699	24483	24531
C25416T G25555-T	ORF3a:F8F NA	39	4701	0.008296	25383	25566
C24899-A C25000T	NA S:D1146D	39	13317	0.002929	24887	25014
C24119-A G24124-T	NA NA	39	3443	0.011327	24032	24153
C23099-T C23103-T T23143-A	NA NA NA	39	1558	0.025032	23089	23155
C22062-T	NA	39	4721	0.008261	22049	22075
A24956-T C25000T	NA S:D1146D	39	13867	0.002812	24944	25046
A24885-T C25000T	NA S:D1146D	39	13062	0.002986	24853	25007
A24516G	S:D985G	39	55784	0.000699	24502	24564
A23403G T23404C C23525T	S:D614G S:D614G S:H655Y	39	6925	0.005632	23394	23532
A22001G	S:K147E	39	6077	0.006418	21995	22012
T25307C	S:S1249P	38	29541	0.001286	25285	25312
T25303-TG T25306G	NA S:C1248W	38	29217	0.001301	25286	25324
T23599G G23666-A	S:N679K NA	38	25739	0.001476	23580	23686
T23488C C23525T T23599G C23604A	Unknown S:H655Y S:N679K S:P681H	38	35592	0.001068	23487	23622
G25278-T A25327-T	NA NA	38	2259	0.016822	25266	25342
G24488-T C24503-T C24672-A	NA NA NA	38	18630	0.00204	24486	24679
G22014-T	NA	38	5997	0.006337	22007	22032
C24503-T C24517-A	NA NA	38	55167	0.000689	24470	24527
C23103-T	NA	38	1627	0.023356	23101	23119
C22109G C22120-A T22200A	S:Q183E NA S:V213E	38	2355	0.016136	22105	22210
C22000-A	NA	38	4908	0.007742	21993	22012
C21618T T21632-TACCCCCTG T21649-A	S:T19I S:DEL25/27 NA	38	6614	0.005745	21602	21664
C21618T T21632-TACCCCCTG C21781-A	S:T19I S:DEL25/27 NA	38	4649	0.008174	21597	21802
A25137-T T25191-A C25262-T	NA NA NA	38	9509	0.003996	25130	25321
A24902-T	NA	38	17119	0.00222	24852	24912
A23474+T	NA	38	8456	0.004494	23466	23523
A23403G T23434-C	S:D614G NA	38	20653	0.00184	23399	23441
A23403G G23486-T C23525T	S:D614G NA S:H655Y	38	6925	0.005487	23342	23535
A22798+G G22813T	NA S:K417N	38	11385	0.003338	22793	22819
A21979-T G21987A	NA S:G142D	38	2327	0.01633	21965	21996
T25312C	S:C1250C	37	29658	0.001248	25298	25324
T23599G C23604A G23666-A C23709-A	S:N679K S:P681H NA NA	37	24933	0.001484	23582	23724
T23599G C23604A G23608T	S:N679K S:P681H S:R682R	37	63608	0.000582	23580	23628
T23521C C23525T T23599G C23604A	S:A653A S:H655Y S:N679K S:P681H	37	37084	0.000998	23487	23637
T23487G C23525T T23599G C23604A	Unknown S:H655Y S:N679K S:P681H	37	15232	0.002429	23486	23637
C24878-A C24899-A C24981-T C25000T	NA NA NA S:D1146D	37	12999	0.002846	24850	25013
C24150-T	NA	37	10503	0.003523	24148	24173
C24064-A A24110-T	NA NA	37	3488	0.010608	24021	24120
C23604A A23712-T	S:P681H NA	37	24903	0.001486	23599	23724
C23525T T23599G C23604A T23637-C	S:H655Y S:N679K S:P681H NA	37	36431	0.001016	23515	23642
C23525T G23608T	S:H655Y S:R682R	37	37078	0.000998	23487	23642
A24539-T C24672-A	NA NA	37	20035	0.001847	24476	24679
A24424T T24487-G	S:Q954H NA	37	29121	0.001271	24420	24563
A23515+G C23525T	NA S:H655S	37	49975	0.00074	23493	23533
A22538-T	NA	37	1766	0.020951	22513	22564
T24469A A24594-ATT	S:N969K S:DEL1012	36	9529	0.003778	24465	24679
G24776-A	NA	36	5129	0.007019	24737	24787
G23522-A C23525T T23599G C23604A	NA S:H655Y S:N679K S:P681H	36	37085	0.000971	23493	23637
C25262-TT G25278-T	NA NA	36	27341	0.001317	25252	25331
C24878-A A24885-T	NA NA	36	16996	0.002118	24851	24898
C23854A G23868-A	S:N764K NA	36	13073	0.002754	23843	23895
C23525T T23599G C23604A A23623G	S:H655Y S:N679K S:P681H S:V687V	36	37038	0.000972	23499	23637
A24508G	S:S982S	36	55682	0.000647	24493	24514
A23586G T23599G C23604A	S:Q675R S:N679K S:P681H	36	63448	0.000567	23580	23642
A23558G T23599G C23604A	S:I666V S:N679K S:P681H	36	37298	0.000965	23530	23635
A23513G C23525T T23599G C23604A	S:I651V S:H655Y S:N679K S:P681H	36	37026	0.000972	23489	23633
A23503G C23525T T23599G C23604A	S:A647A S:H655Y S:N679K S:P681H	36	36882	0.000976	23487	23641
T25322C	S:C1254R	35	29553	0.001184	25308	25324
T25303C	S:C1247C	35	29223	0.001198	25270	25324
T23599G C23604A T23637C	S:N679K S:P681H S:I692T	35	62807	0.000557	23580	23642
T23599G C23604A A23665G	S:N679K S:P681H S:A701A	35	25754	0.001359	23580	23682
T23599G C23604A A23623G	S:N679K S:P681H S:V687V	35	63520	0.000551	23580	23637
T23590C T23599G C23604A	S:T676T S:N679K S:P681H	35	63503	0.000551	23580	23624
T23489C C23525T T23599G C23604A	S:F643L S:H655Y S:N679K S:P681H	35	36122	0.000969	23486	23624
T22058-G	NA	35	10849	0.003226	22026	22066
G24488-T T24643-A C24672-A	NA NA NA	35	18630	0.001879	24473	24679
G23402-A	NA	35	22279	0.001571	23395	23410
G22302+T	NA	35	10682	0.003277	22257	22315
C25262-T G25290T	NA S:C1243F	35	27314	0.001281	25210	25325
C24566-A	NA	35	20920	0.001673	24532	24661
C24458-T	NA	35	32214	0.001086	24432	24564
C23991-A	NA	35	3413	0.010255	23978	24077
C23525T T23599G C23604G	S:H655Y S:N679K S:P681R	35	37085	0.000944	23505	23624
C23525T T23563C T23599G C23604A	S:H655Y S:G667G S:N679K S:P681H	35	37085	0.000944	23487	23624
C23525T A23566G T23599G C23604A	S:H655Y S:A668A S:N679K S:P681H	35	37085	0.000944	23505	23641
A25295G	S:K1245E	35	28854	0.001213	25291	25321
A25256-T	NA	35	27094	0.001292	25251	25303
A25253G	S:T1231A	35	26961	0.001298	25247	25314
A24479-T	NA	35	51923	0.000674	24476	24489
T24658C	S:C1032C	34	24942	0.001363	24612	24663
T24529C	S:A989A	34	55711	0.00061	24523	24540
T24496C	S:N978N	34	55222	0.000616	24489	24564
T23599G C23604A A23632G	S:N679K S:P681H S:Q690Q	34	63081	0.000539	23580	23642
T22304C	S:Y248H	34	10638	0.003196	22246	22319
T22200A G22317T	S:V213E S:G252V	34	2066	0.016457	22192	22319
G24611-A	NA	34	20808	0.001634	24571	24679
G24488-T C24503-T	NA NA	34	54039	0.000629	24477	24513
G22813T T22882G G22895C T22896C G22898A T22900-G	S:K417N S:N440K S:V445P S:V445P S:G446S NA	34	9145	0.003718	22793	22914
C23525T T23581C T23599G C23604A	S:H655Y S:S673S S:N679K S:P681H	34	37085	0.000917	23492	23625
C23525T A23534G T23599G C23604A	S:H655Y S:N658D S:N679K S:P681H	34	37085	0.000917	23501	23642
C21618T T21632-TACCCCCTG C21682-A A21764-TACATG	S:T19I S:DEL25/27 NA S:DEL69/70	34	4662	0.007293	21598	21802
A24560G	S:R1000G	34	55066	0.000617	24496	24564
A24424T T24448C	S:Q954H S:L962L	34	29562	0.00115	24412	24533
A24340-T	NA	34	4333	0.007847	24326	24357
T25382-A	NA	33	10933	0.003018	25375	25403
T24549C	S:L996S	33	55358	0.000596	24543	24564
T23599G C23604A T23693C	S:N679K S:P681H S:S711P	33	25528	0.001293	23580	23700
T23599G C23604A C23630-A	S:N679K S:P681H NA	33	63178	0.000522	23591	23642
G24488-T C24503-T C24517-A C24672-A	NA NA NA NA	33	18630	0.001771	24471	24679
G23486-T C23525T	NA S:H655Y	33	8816	0.003743	23471	23539
G22813T T22882G A22893G T22896C T22917G	S:K417N S:N440K S:K444R S:V445A S:L452R	33	8188	0.00403	22799	22920
G22104-A C22120-A T22200G G22218-T	NA NA S:V213G NA	33	2263	0.014582	22100	22233
C24878-A A24885-T C24899-A C24981-T C25000T	NA NA NA NA S:D1146D	33	12999	0.002539	24857	25030
C23709-A	NA	33	38391	0.00086	23705	23719
C23525T T23599G C23604A A23636G	S:H655Y S:N679K S:P681H S:I692V	33	36485	0.000904	23487	23642
C23525T T23599G C23604A A23614G	S:H655Y S:N679K S:P681H S:A684A	33	37069	0.00089	23492	23629
C23367-A A23403G	NA S:D614G	33	21197	0.001557	23339	23417
C23099-T T23143-A T23164-A	NA NA NA	33	1275	0.025882	23096	23176
C22383+T	NA	33	7803	0.004229	22368	22397
C22290-T	NA	33	10728	0.003076	22271	22307
A25246G	S:V1228V	33	24551	0.001344	25232	25324
A25056-T	NA	33	15531	0.002125	25042	25065
A24424T A24425G	S:Q954H S:N955D	33	31591	0.001045	24412	24439
T24511C	S:R983R	32	55756	0.000574	24503	24517
T23337-TG	NA	32	23759	0.001347	23335	23356
G25401+T	NA	32	10845	0.002951	25381	25412
G24428A	S:A956T	32	29975	0.001068	24412	24564
G22813T T22882G T22896C T22917G	S:K417N S:N440K S:V445A S:L452R	32	8188	0.003908	22795	22932
G22813T T22882G T22896C G22898A T22942G	S:K417N S:N440K S:V445A S:G446S S:N460K	32	5679	0.005635	22793	22947
G22813T T22882G G22898A	S:K417N S:N440K S:G446S	32	9207	0.003476	22802	22906
G21987A C22000-A	S:G142D NA	32	2588	0.012365	21981	22012
C25460T	ORF3a:A23V	32	9967	0.003211	25381	25469
C25132+A C25262-T	NA NA	32	9422	0.003396	25122	25320
C24981-T C25000T T25021-A	NA S:D1146D NA	32	13524	0.002366	24852	25037
C24668-A	NA	32	24828	0.001289	24631	24679
C23604A G23666-A	S:P681H NA	32	25803	0.00124	23581	23679
C23525T T23599G C23604A T23633C	S:H655Y S:N679K S:P681H S:S691P	32	36637	0.000873	23487	23642
C23525T T23599G C23604A T23629C	S:H655Y S:N679K S:P681H S:S689S	32	36745	0.000871	23493	23642
C23525T A23541G T23599G C23604A	S:H655Y S:Y660C S:N679K S:P681H	32	37085	0.000863	23505	23624
C23525T A23535G T23599G C23604A	S:H655Y S:N658S S:N679K S:P681H	32	37085	0.000863	23501	23624
C22295A	S:H245N	32	10721	0.002985	22255	22312
A24562G	S:R1000R	32	55025	0.000582	24518	24564
A24495G	S:N978S	32	55160	0.00058	24489	24561
A23403G G23417C C23525T	S:D614G S:E619Q S:H655Y	32	6925	0.004621	23374	23532
A22914-C	NA	32	11834	0.002704	22905	22930
A22798+G T22882G A22893C T22917G	NA S:N440Q S:K444S S:L452R	32	8011	0.003995	22793	22924
A22798+G G22813T T22882G T22917G	NA S:K417N S:N440Q S:L452R	32	8011	0.003995	22793	22931
T24482C	S:S974P	31	53202	0.000583	24473	24537
T23599G C23604A T23698C	S:N679K S:P681H S:I712I	31	25492	0.001216	23580	23699
T23599G C23604A C23609-G G23666-A A23711-AT	S:N679K S:P681H NA NA NA	31	24853	0.001247	23580	23724
T23599G C23604A A23708G	S:N679K S:P681H S:T716A	31	24961	0.001242	23580	23712
T23599G C23604A A23691G	S:N679K S:P681H S:N710S	31	25542	0.001214	23580	23705
T23336C C23525T	S:F592L S:H655Y	31	5796	0.005349	23335	23539
T22160A	S:Y200N	31	8594	0.003607	22147	22191
G24488-T C24503-T C24517-A	NA NA NA	31	53727	0.000577	24480	24528
G23735+A	NA	31	10141	0.003057	23693	23772
G23224+A	NA	31	965	0.032124	23217	23262
G22317T T22392-A	S:G252V NA	31	4798	0.006461	22246	22438
C23525T A23592G T23599G C23604A	S:H655Y S:Q677R S:N679K S:P681H	31	37085	0.000836	23487	23642
C23525T A23586G T23599G C23604A	S:H655Y S:Q675R S:N679K S:P681H	31	37085	0.000836	23487	23624
C23525T A23554G T23599G C23604A	S:H655Y S:I664M S:N679K S:P681H	31	37085	0.000836	23487	23637
C22295A G22332A	S:H245N S:G257D	31	5572	0.005564	22256	22400
A24110-T C24119-A G24124-T	NA NA NA	31	3232	0.009592	24021	24154
A23704+C	NA	31	38702	0.000801	23683	23715
A23523G C23525T T23599G C23604A	S:E654G S:H655Y S:N679K S:P681H	31	37085	0.000836	23498	23637
T25322A	S:C1254S	30	29553	0.001015	25295	25325
T25319C	S:C1253R	30	29656	0.001012	25303	25324
T25270C	S:C1236C	30	27875	0.001076	25256	25321
T25268C	S:C1236R	30	27775	0.00108	25226	25324
T24163C	S:D867D	30	10654	0.002816	24154	24191
T23599G C23604A C23609-G G23666-A A23712-T	S:N679K S:P681H NA NA NA	30	24839	0.001208	23580	23724
T23584C T23599G C23604A	S:Y674Y S:N679K S:P681H	30	63423	0.000473	23580	23642
T23487C C23525T T23599G C23604A	Unknown S:H655Y S:N679K S:P681H	30	15232	0.00197	23486	23624
T22882G A22893C T22917G T22942A G22992A C22995A A23013C T23018G	S:N440K S:K444T S:L452R S:N460K S:S477N S:T478K S:E484A S:F486V	30	1249	0.024019	22876	23038
G25320A	S:C1253Y	30	29650	0.001012	25300	25324
G24316A A24317G C24319A	S:E918E S:N919E S:N919E	30	7085	0.004234	24300	24357
G23516T C23525T	S:G652W S:H655Y	30	50006	0.0006	23512	23539
G23390-T A23403G	NA S:D614G	30	21794	0.001377	23378	23429
G22813T T22882G G22895C	S:K417N S:N440K S:V445L	30	10183	0.002946	22793	22906
G22813T A22845-T T22882G G22895C T22896C G22898A	S:K417N NA S:N440K S:V445P S:V445P S:G446S	30	9207	0.003258	22793	22914
C25132+A	NA	30	12785	0.002346	25125	25143
C23525T T23599G C23625T	S:H655Y S:N679K S:A688V	30	37018	0.00081	23492	23637
C23525T T23599G C23604A C23634T	S:H655Y S:N679K S:P681H S:S691F	30	36625	0.000819	23487	23638
C23525T A23532G T23599G C23604A	S:H655Y S:N657S S:N679K S:P681H	30	37085	0.000809	23487	23635
C21618T T21632-TACCCCCTG G21686-T C21736-T A21764-TACATG	S:T19I S:DEL25/27 NA NA S:DEL69/70	30	4662	0.006435	21597	21788
A24551G	S:I997V	30	55314	0.000542	24498	24564
A24424T T24469A T24472-G C24536-AA	S:Q954H S:N969K NA NA	30	28740	0.001044	24412	24563
A24424T G24521+T	S:Q954H NA	30	28850	0.00104	24413	24533
A24424T A24525G	S:Q954H S:E988G	30	28830	0.001041	24412	24564
A24424T A24508G	S:Q954H S:S982S	30	28988	0.001035	24412	24564
A24110-T C24119-A G24140-T	NA NA NA	30	3152	0.009518	24021	24185
A23696-T	NA	30	38967	0.00077	23683	23710
A23627-G	NA	30	64501	0.000465	23617	23642
T24504C	S:L981P	29	55551	0.000522	24488	24564
T24469A T24471-TG	S:N969K NA	29	42323	0.000685	24465	24484
T23693C	S:S711P	29	38924	0.000745	23683	23721
T23599G C23604A T23713C	S:N679K S:P681H S:N717N	29	24814	0.001169	23581	23724
T23599G C23604A T23617C	S:N679K S:P681H S:R685R	29	63560	0.000456	23581	23642
T23599G C23604A C23709+A	S:N679K S:P681H NA	29	24933	0.001163	23580	23721
T23599G C23604A A23636G	S:N679K S:P681H S:I692V	29	62873	0.000461	23580	23642
T23563+C T23599G C23604A	NA S:N679* S:P681Y	29	37343	0.000777	23525	23637
T23143-A T23164-A	NA NA	29	1356	0.021386	23105	23176
G25323A	S:C1254Y	29	29378	0.000987	25312	25325
G23508+T	NA	29	50730	0.000572	23487	23518
G22410-A	NA	29	7633	0.003799	22401	22446
G22302-T	NA	29	10682	0.002715	22284	22319
G21987A A22001G	S:G142D S:K147E	29	2582	0.011232	21983	22012
C25433-T	NA	29	10444	0.002777	25372	25447
C24878-A A24922-T C24981-T C25000T	NA NA NA S:D1146D	29	12999	0.002231	24857	25069
C24064-A A24110-T C24119-A	NA NA NA	29	3394	0.008544	24021	24153
C24026-T A24110-T C24119-A	NA NA NA	29	3317	0.008743	24021	24153
C23816-T G23835-T	NA NA	29	11207	0.002588	23767	23848
C23525T T23569C T23599G C23604A	S:H655Y S:G669G S:N679K S:P681H	29	37085	0.000782	23487	23631
C23492+A	NA	29	49685	0.000584	23486	23502
C23334-T C23393+T	NA NA	29	13659	0.002123	23269	23443
C22281+T	NA	29	10735	0.002701	22246	22295
A24424T T24464-C T24471-TG	S:Q954H NA NA	29	29208	0.000993	24414	24564
A24424T G24476A	S:Q954H S:A972T	29	29189	0.000994	24412	24564
A24424T C24455T	S:Q954H S:Q965*	29	29477	0.000984	24413	24564
A23474+T T23480+A	NA NA	29	8384	0.003459	23459	23539
A23403G C23525T C23533T	S:D614G S:H655Y S:N657N	29	6863	0.004226	23344	23539
A22798+G T22882G	NA S:N440Q	29	10386	0.002792	22793	22886
T25310C	S:C1250R	28	29628	0.000945	25246	25324
T25279C	S:S1239S	28	28251	0.000991	25268	25325
T25191-A G25218-T	NA NA	28	10691	0.002619	25138	25245
T24514C	S:L984L	28	55790	0.000502	24503	24563
T24471-TG C24536-AA	NA NA	28	47141	0.000594	24455	24563
T23599G C23604A G23699A	S:N679K S:P681H S:A713T	28	25486	0.001099	23580	23700
T23344+G	NA	28	24107	0.001161	23336	23362
T23336C A23403G C23525T	S:F592L S:D614G S:H655Y	28	5796	0.004831	23335	23532
T22882G T22917G T22942A G22992A C22995A A23013C T23018G	S:N440K S:L452R S:N460K S:S477N S:T478K S:E484A S:F486V	28	1249	0.022418	22876	23047
T22357G	S:Y265*	28	6026	0.004647	22344	22395
G25157A C25262-T	S:D1199N NA	28	9806	0.002855	25122	25323
G25157A	S:D1199N	28	13511	0.002072	25141	25170
G22813T T22882G A22893C T22917G C22945-A	S:K417N S:N440K S:K444T S:L452R NA	28	5428	0.005158	22800	22960
G22487-A	NA	28	2009	0.013937	22430	22500
G22299-A	NA	28	10690	0.002619	22291	22319
C23525T T23599G C23604A T23637C	S:H655Y S:N679K S:P681H S:I692T	28	36431	0.000769	23487	23642
C23525T T23599G C23604A T23617C	S:H655Y S:N679K S:P681H S:R685R	28	37059	0.000756	23501	23637
C23525T A23570G T23599G C23604A	S:H655Y S:I670V S:N679K S:P681H	28	37085	0.000755	23492	23629
A24519G	S:K986R	28	55830	0.000502	24496	24564
A24424T T24549C	S:Q954H S:L996S	28	28637	0.000978	24412	24564
A24424T T24469A T24471-TG	S:Q954H S:N969K NA	28	29208	0.000959	24412	24564
A24424T A24468-T T24470A	S:Q954H NA S:F970I	28	29209	0.000959	24412	24509
A23495G C23525T T23599G C23604A	S:T645A S:H655Y S:N679K S:P681H	28	36641	0.000764	23487	23642
A23493T C23525T T23599G C23604A	S:Q644L S:H655Y S:N679K S:P681H	28	36491	0.000767	23487	23635
A23403G T23428-G	S:D614G NA	28	21516	0.001301	23372	23443
T24958-G C25000T	NA S:D1146D	27	13893	0.001943	24937	25069
T24505C	S:L981L	27	55614	0.000485	24485	24527
T24471-TG C24536-A	NA NA	27	47141	0.000573	24445	24564
T24469A C24536-AA	S:N969K NA	27	41406	0.000652	24465	24564
T24012-TA T24015A	NA S:I818N	27	3516	0.007679	23984	24105
T23830-G C23854A	NA S:N764K	27	10537	0.002562	23813	23894
T23703C	S:I714T	27	38712	0.000697	23699	23724
T23599G C23604A T23697C	S:N679K S:P681H S:I712T	27	25499	0.001059	23580	23724
T23599G C23604A T23684C	S:N679K S:P681H S:S708P	27	25592	0.001055	23580	23724
T23599G C23604A C23701T	S:N679K S:P681H S:A713A	27	25428	0.001062	23580	23705
T23599G C23604A A23656G	S:N679K S:P681H S:S698S	27	25822	0.001046	23580	23700
T23599G C23604A A23614G	S:N679K S:P681H S:A684A	27	63586	0.000425	23580	23633
T23480+A	NA	27	8505	0.003175	23462	23539
G23804-A C23854A	NA S:N764K	27	10167	0.002656	23793	23895
G22813T T22831+A T22882G	S:K417N NA S:N440Q	27	10613	0.002544	22802	22886
G22809-A G22813T	NA S:K417N	27	11618	0.002324	22793	22824
G22381-A	NA	27	7793	0.003465	22373	22445
C25000T C25100-A	S:D1146D NA	27	1525	0.017705	24991	25114
C24483+A C24672-A	NA NA	27	17957	0.001504	24473	24679
C23525T T23599G C23604A T23622C	S:H655Y S:N679K S:P681H S:V687A	27	37045	0.000729	23487	23642
C23525T T23599G C23604A T23620G	S:H655Y S:N679K S:P681H S:S686R	27	37049	0.000729	23487	23637
C23525T C23604A C23630-A	S:H655Y S:P681H NA	27	36742	0.000735	23509	23642
C23525T A23558G C23604A	S:H655Y S:I666V S:P681H	27	37085	0.000728	23501	23642
C23520A C23525T T23599G C23604A	S:A653D S:H655Y S:N679K S:P681H	27	37080	0.000728	23487	23642
C23393+T	NA	27	22350	0.001208	23342	23417
A24576G	S:Q1005R	27	20884	0.001293	24566	24679
A24508-C	NA	27	55682	0.000485	24493	24564
A24423+T	NA	27	31720	0.000851	24412	24424
A23301G A23403G	S:Q580R S:D614G	27	13468	0.002005	23296	23443
A23013C T23018G	S:E484A S:F486V	27	2001	0.013493	23011	23046
T25265C	S:C1235R	26	27597	0.000942	25229	25314
T25140-A C25262-T	NA NA	26	9590	0.002711	25122	25324
T24548C	S:L996L	26	55370	0.00047	24507	24561
T23599G T23602-C	S:N679K NA	26	63638	0.000409	23591	23632
T23599G C23604A T23672C	S:N679K S:P681H S:S704P	26	25684	0.001012	23580	23700
T23599G C23604A G23610A	S:N679K S:P681H S:R683Q	26	63603	0.000409	23580	23642
T23599G C23604A A23688G	S:N679K S:P681H S:N709S	26	25565	0.001017	23580	23717
T22882G G22895C	S:N440K S:V445L	26	12734	0.002042	22876	22907
T22882G A22893C T22917G G22992A C22995A A23013C T23018G	S:N440K S:K444T S:L452R S:S477N S:T478K S:E484A S:F486V	26	1249	0.020817	22877	23047
G24521+T C24672-A	NA NA	26	19906	0.001306	24475	24679
G23666-A	NA	26	27775	0.000936	23656	23682
G23501A C23525T T23599G C23604A	S:A647T S:H655Y S:N679K S:P681H	26	36781	0.000707	23487	23624
C25517-T G25555-T	NA NA	26	4701	0.005531	25376	25564
C25214+G	NA	26	14385	0.001807	25207	25320
C24899-A A24922-T C24981-T C25000T	NA NA NA S:D1146D	26	13317	0.001952	24850	25005
C24878-A C25000T	NA S:D1146D	26	12999	0.002	24850	25023
C24455-A C24517-A	NA NA	26	31602	0.000823	24412	24564
C23525T G23576A T23599G C23604A	S:H655Y S:A672T S:N679K S:P681H	26	37085	0.000701	23487	23639
C23103-T T23143-A	NA NA	26	1569	0.016571	23089	23159
A24604G	S:R1014R	26	20813	0.001249	24485	24677
A24587G	S:T1009A	26	20779	0.001251	24542	24667
A24424T T24504C	S:Q954H S:L981P	26	29017	0.000896	24412	24564
A24424T A24560G	S:Q954H S:R1000G	26	28425	0.000915	24412	24564
A24424T A24518G	S:Q954H S:K986E	26	28903	0.0009	24412	24561
A23712-TT	NA	26	38240	0.00068	23693	23726
A23524G C23525T T23599G C23604A	S:E654E S:H655Y S:N679K S:P681H	26	37085	0.000701	23497	23641
A23515-G C23525T T23599G C23604A C23609-G	NA S:H655Y S:N679K S:P681H NA	26	37031	0.000702	23494	23637
A23403G T23434-C C23525T	S:D614G NA S:H655Y	26	6925	0.003755	23395	23539
A22538-T G22578A	NA S:G339D	26	1158	0.022453	22481	22580
T25237C	S:I1225I	25	24359	0.001026	25233	25325
T25220C	S:F1220L	25	22445	0.001114	25190	25324
T23599G C23604A T23622C	S:N679K S:P681H S:V687A	25	63534	0.000393	23580	23642
T23599G C23604A G23661A	S:N679K S:P681H S:G700D	25	25778	0.00097	23580	23669
T23599G C23604A G23619A	S:N679K S:P681H S:S686N	25	63548	0.000393	23580	23642
T23599G C23604A A23639G	S:N679K S:P681H S:I693V	25	62373	0.000401	23580	23642
T22917G G22992A C22995A A23013C T23018G	S:L452R S:S477N S:T478K S:E484A S:F486V	25	1553	0.016098	22912	23047
G25287-T T25289C	NA S:C1243R	25	28507	0.000877	25227	25324
C24064-A C24119-A	NA NA	25	3394	0.007366	24027	24159
C23525T T23599G C23604A G23624A	S:H655Y S:N679K S:P681H S:A688T	25	37022	0.000675	23487	23642
C23525T T23578C T23599G C23604A	S:H655Y S:A672A S:N679K S:P681H	25	37085	0.000674	23492	23642
C23525T A23598G T23599G C23604A	S:H655Y S:N679R S:N679R S:P681H	25	37085	0.000674	23487	23624
C23393-T	NA	25	22350	0.001119	23380	23407
C23334-T C23415-A	NA NA	25	13364	0.001871	23269	23428
C22120-A G22133A A22135G	NA S:E191K S:E191K	25	6653	0.003758	22030	22192
C22109G C22120-A T22200A G22317T	S:Q183E NA S:V213E S:G252V	25	1646	0.015188	22100	22319
C21618T T21632-TACCCCCTG C21682-A G21686-T A21764-TACATG	S:T19I S:DEL25/27 NA NA S:DEL69/70	25	4662	0.005363	21597	21792
A25315G	S:G1251G	25	29692	0.000842	25270	25324
A24424T A24443G	S:Q954H S:T961A	25	29633	0.000844	24413	24564
A24123T	S:K854M	25	4009	0.006236	24119	24175
A23592G T23599G C23604A	S:Q677R S:N679K S:P681H	25	63524	0.000394	23580	23642
A22798+G G22813T T22882G A22893C	NA S:K417N S:N440Q S:K444S	25	10121	0.00247	22793	22896
T25309C	S:S1249S	24	29609	0.000811	25300	25325
T25306C	S:C1248C	24	29444	0.000815	25236	25324
T25293C	S:L1244P	24	28759	0.000835	25288	25324
T25123-G	NA	24	12176	0.001971	25122	25144
T24534C C24672-A	S:V991A NA	24	19989	0.001201	24474	24679
T24513C	S:L984P	24	55782	0.00043	24489	24523
T23599G C23604G	S:N679K S:P681R	24	63627	0.000377	23580	23642
T23599G C23604A C23609T	S:N679K S:P681H S:R683W	24	63606	0.000377	23580	23642
T23507C C23525T T23599G C23604A	S:C649R S:H655Y S:N679K S:P681H	24	36963	0.000649	23489	23624
T23350C	S:S596S	24	24139	0.000994	23341	23354
T22882G G22898A	S:N440K S:G446S	24	11754	0.002042	22877	22901
T22200A	S:V213E	24	2824	0.008499	22196	22227
G25284-T	NA	24	28399	0.000845	25277	25325
G24124-T	NA	24	3922	0.006119	24116	24170
G23755+C C23854A	NA S:N764K	24	7689	0.003121	23748	23881
G23508A C23525T T23599G C23604A	S:C649Y S:H655Y S:N679K S:P681H	24	36979	0.000649	23505	23639
G22813T T22882G A22893G T22896C	S:K417N S:N440K S:K444R S:V445A	24	9229	0.0026	22793	22903
G22813T A22845-T T22882G A22893C T22917G	S:K417N NA S:N440K S:K444T S:L452R	24	8188	0.002931	22801	22926
C25466-T	NA	24	9904	0.002423	25381	25471
C24455-A G24488-T	NA NA	24	31835	0.000754	24428	24499
C24431-A C24455-A	NA NA	24	31317	0.000766	24428	24487
C24026-T C24064-A A24110-T C24119-A	NA NA NA NA	24	3317	0.007235	24021	24191
C24026-T A24110-T	NA NA	24	3407	0.007044	24021	24121
C23816-T C23854A	NA S:N764K	24	10308	0.002328	23796	23881
C23525T T23599G C23604A A23632G	S:H655Y S:N679K S:P681H S:Q690Q	24	36665	0.000655	23487	23642
C23525T T23596C T23599G C23604A	S:H655Y S:T678T S:N679K S:P681H	24	37085	0.000647	23492	23642
C23525T T23560C T23599G C23604A	S:H655Y S:I666I S:N679K S:P681H	24	37085	0.000647	23487	23641
C23334-T C23393+T A23403G	NA NA S:D614G	24	13511	0.001776	23269	23413
C22109G T22200A G22317T	S:Q183E S:V213E S:G252V	24	1646	0.014581	22100	22319
A25031-AG	NA	24	15668	0.001532	25014	25069
A24905-T	NA	24	17049	0.001408	24887	24924
A24652G	S:S1030S	24	24929	0.000963	24631	24676
A24424T T24506C	S:Q954H S:S982P	24	29007	0.000827	24412	24558
A24424T T24469A C24536-AA	S:Q954H S:N969K NA	24	28740	0.000835	24412	24564
A24424T C24503-T C24517-A	S:Q954H NA NA	24	28912	0.00083	24412	24531
A23848-T C23854A	NA S:N764K	24	13374	0.001795	23841	23895
A23786-T A23853-C	NA NA	24	9415	0.002549	23687	23878
A23711-AT	NA	24	38284	0.000627	23699	23724
A23597G T23599G C23604A	S:N679E S:N679E S:P681H	24	63608	0.000377	23580	23642
A23515-G C23525T	NA S:H655Y	24	49975	0.00048	23503	23537
A23403G C23415-A	S:D614G NA	24	21924	0.001095	23270	23443
T24589C	S:T1009T	23	20775	0.001107	24509	24676
T23599G C23604A T23652C	S:N679K S:P681H S:M697T	23	25845	0.00089	23580	23705
T23599G C23604A T23626C	S:N679K S:P681H S:A688A	23	63232	0.000364	23580	23642
T23599G C23604A A23670G	S:N679K S:P681H S:N703S	23	25707	0.000895	23580	23683
T22882G A22893C T22917G C22945-A	S:N440K S:K444T S:L452R NA	23	7582	0.003034	22877	22959
T21632-TACCCCCTG T21649-A	S:DEL25/27 NA	23	6615	0.003477	21597	21657
G25447-A	NA	23	10224	0.00225	25383	25471
G24666-A	NA	23	24859	0.000925	24655	24679
G24277-T	NA	23	7769	0.00296	24270	24308
G24277+T	NA	23	7769	0.00296	24229	24287
G23735-A	NA	23	10141	0.002268	23713	23746
G22813T T22882G T22896C G22898A	S:K417N S:N440K S:V445A S:G446S	23	9207	0.002498	22801	22911
G21987A T22015C	S:G142D S:S151S	23	1905	0.012073	21983	22058
G21987A A22001G T22016C C22033A	S:G142D S:K147E S:W152R S:F157L	23	1817	0.012658	21982	22058
G21987A A21993-T	S:G142D NA	23	2923	0.007869	21982	22058
G21569-T	NA	23	1039	0.022137	21459	21581
C25000T T25072-G	S:D1146D NA	23	1700	0.013529	24990	25081
C24904T	S:I1114I	23	17057	0.001348	24862	24943
C23816-TT C23854A	NA S:N764K	23	10308	0.002231	23792	23895
C23785+A	NA	23	11479	0.002004	23767	23793
C23525T A23579G T23599G C23604A	S:H655Y S:S673G S:N679K S:P681H	23	37085	0.00062	23487	23642
C23525T A23572G T23599G C23604A	S:H655Y S:I670M S:N679K S:P681H	23	37085	0.00062	23499	23634
C23525T A23558G T23599G	S:H655Y S:I666V S:N679K	23	37097	0.00062	23488	23630
C22281-T	NA	23	10735	0.002143	22249	22298
C22109G T22200A	S:Q183E S:V213E	23	2355	0.009766	22100	22214
C21549-A	NA	23	994	0.023139	21459	21564
A25194-AT G25197T C25262-T	NA S:W1212L NA	23	11084	0.002075	25122	25282
A25137-T G25218-T C25262-T	NA NA NA	23	9509	0.002419	25130	25324
A24922-T C24981-T	NA NA	23	13982	0.001645	24850	24991
A24645G	S:K1028R	23	24923	0.000923	24631	24676
A24424T T24472-G	S:Q954H NA	23	29204	0.000788	24412	24564
A24424T T24469A C24517-A	S:Q954H S:N969K NA	23	28912	0.000796	24412	24564
A24424T G24488-T C24503-T C24517-A	S:Q954H NA NA NA	23	28912	0.000796	24412	24564
A24424T G24434+C	S:Q954H NA	23	29748	0.000773	24412	24451
A24424T A24457G	S:Q954H S:Q965Q	23	29435	0.000781	24413	24564
A24353-T	NA	23	4388	0.005242	24332	24357
A23712-T C23854A	NA S:N764K	23	7567	0.00304	23701	23895
A23403G T23428-GCTA	S:D614G NA	23	21516	0.001069	23394	23443
A23403G T23421-C	S:D614G NA	23	21731	0.001058	23383	23443
T25196-G C25262-T	NA NA	22	11151	0.001973	25185	25291
T25150C C25262-T	S:S1196S NA	22	9761	0.002254	25130	25325
T24940C C25000T	S:C1126C S:D1146D	22	13628	0.001614	24935	25069
T24663C	S:L1034P	22	24886	0.000884	24612	24672
T24469A G24476A	S:N969K S:A972T	22	42301	0.00052	24465	24564
T24451+A	NA	22	32272	0.000682	24427	24470
T23689+A	NA	22	38838	0.000566	23685	23720
T23599G C23604A T23676C	S:N679K S:P681H S:V705A	22	25651	0.000858	23580	23705
T23599G C23604A T23658C	S:N679K S:P681H S:L699P	22	25798	0.000853	23592	23700
T23599G C23604A A23674G	S:N679K S:P681H S:S704S	22	25661	0.000857	23580	23724
T23599G C23604A A23665-GAA	S:N679K S:P681H S:DEL702	22	25754	0.000854	23580	23717
T23510C C23525T T23599G C23604A	S:L650L S:H655Y S:N679K S:P681H	22	37012	0.000594	23505	23642
T22392-A G22403-A	NA NA	22	7288	0.003019	22368	22446
T22164-TA	NA	22	9158	0.002402	22155	22176
G25173-A	NA	22	13325	0.001651	25141	25189
G25135+A C25262-T	NA NA	22	9462	0.002325	25125	25320
G24971+T C24981-T C25000T	NA NA S:D1146S	22	14066	0.001564	24850	25018
G24488-T C24503-T C24517-A T24643-A C24672-A	NA NA NA NA NA	22	18630	0.001181	24471	24679
G24476A	S:A972T	22	50765	0.000433	24469	24564
G23417C	S:E619Q	22	22753	0.000967	23403	23430
G23364-A A23403G	NA S:D614G	22	21171	0.001039	23355	23443
G22992A C22995A A23013C	S:S477N S:T478K S:E484A	22	1956	0.011247	22978	23017
G22813T A22845-T T22882G T22917G	S:K417N NA S:N440K S:L452R	22	8188	0.002687	22793	22932
G22289A	S:A243T	22	10736	0.002049	22246	22305
C24517-A C24536-A	NA NA	22	55202	0.000399	24482	24546
C24026-T C24119-A	NA NA	22	3317	0.006632	24021	24140
C24026-T C24064-A	NA NA	22	7254	0.003033	24021	24074
C23525T T23599G C23630-A	S:H655Y S:N679K NA	22	36742	0.000599	23488	23642
C23525T T23599G C23604A T23640C	S:H655Y S:N679K S:P681H S:I693T	22	35976	0.000612	23515	23642
C23525T T23599G C23604A G23610A	S:H655Y S:N679K S:P681H S:R683Q	22	37076	0.000593	23489	23642
C23525T T23599G C23604A C23613T	S:H655Y S:N679K S:P681H S:A684V	22	37072	0.000593	23488	23624
C23334-T T23355-A	NA NA	22	14068	0.001564	23269	23369
C22251-A	NA	22	10285	0.002139	22246	22274
A24424T T24487-GT	S:Q954H NA	22	29121	0.000755	24412	24514
A24424T T24451+A	S:Q954H NA	22	29531	0.000745	24415	24462
A24424T C24455-A G24488-T	S:Q954H NA NA	22	29115	0.000756	24412	24564
A24424T A24545G	S:Q954H S:R995G	22	28677	0.000767	24413	24564
A24424T A24452G	S:Q954H S:K964E	22	29521	0.000745	24413	24564
A24420G A24424T	S:N953S S:Q954H	22	31656	0.000695	24412	24442
A23594G T23599G C23604A	S:T678A S:N679K S:P681H	22	63588	0.000346	23580	23640
A23515+G	NA	22	50597	0.000435	23487	23530
A23403G C23435T C23525T	S:D614G S:H625Y S:H655Y	22	6925	0.003177	23345	23539
A23276G A23403G	S:T572A S:D614G	22	13103	0.001679	23269	23443
A22305-T	NA	22	10637	0.002068	22262	22319
A22285-C	NA	22	10743	0.002048	22277	22319
T25304C	S:C1248R	21	29376	0.000715	25291	25324
T25288C	S:S1242S	21	28533	0.000736	25267	25324
T24523C	S:V987V	21	55783	0.000376	24496	24532
T24499C	S:D979D	21	55375	0.000379	24481	24533
T24487-G	NA	21	54420	0.000386	24412	24511
T24475C	S:G971G	21	50600	0.000415	24471	24498
T24469A T24472-G C24536-A	S:N969K NA NA	21	41406	0.000507	24465	24564
T23599G C23604A C23707T	S:N679K S:P681H S:P715P	21	24998	0.00084	23580	23724
T23599G C23604A C23664T	S:N679K S:P681H S:A701V	21	25761	0.000815	23586	23724
T23599G C23604A A23668G	S:N679K S:P681H S:E702E	21	25722	0.000816	23580	23724
T23344C A23403G	S:G594G S:D614G	21	20980	0.001001	23310	23441
T22942A C22950-T	S:N460K NA	21	10166	0.002066	22933	22967
G25278A	S:S1239N	21	28212	0.000744	25251	25323
G25230A	S:G1223D	21	24125	0.00087	25221	25324
G24743-T	NA	21	5030	0.004175	24729	24801
G24140-TT	NA	21	5311	0.003954	24129	24191
G23518A C23525T T23599G C23604A	S:G652G S:H655Y S:N679K S:P681H	21	37074	0.000566	23487	23637
G23505A C23525T T23599G C23604A	S:G648D S:H655Y S:N679K S:P681H	21	36902	0.000569	23493	23642
G22809-A G22813T T22882G	NA S:K417N S:N440K	21	10603	0.001981	22793	22891
G22487-A G22578A	NA S:G339D	21	1066	0.0197	22453	22580
C25517-T	NA	21	5328	0.003941	25382	25535
C25292+G	NA	21	28689	0.000732	25285	25323
C25207G	S:Y1215*	21	14163	0.001483	25201	25324
C24899-A C24981-T	NA NA	21	13811	0.001521	24850	24991
C24517-A T24643-A	NA NA	21	20085	0.001046	24504	24667
C24431-A C24517-A	NA NA	21	30668	0.000685	24412	24538
C24337T	S:N925N	21	4354	0.004823	24329	24353
C23525T C23604A C23625T	S:H655Y S:P681H S:A688V	21	37018	0.000567	23492	23642
C23525T C23575T T23599G C23604A	S:H655Y S:C671C S:N679K S:P681H	21	37085	0.000566	23492	23642
C23525T C23530T T23599G C23604A	S:H655Y S:V656V S:N679K S:P681H	21	37085	0.000566	23489	23642
C23525T A23597G T23599G C23604A	S:H655Y S:N679E S:N679E S:P681H	21	37085	0.000566	23487	23624
C23525T A23583G T23599G C23604A	S:H655Y S:Y674C S:N679K S:P681H	21	37085	0.000566	23487	23642
C23492-A C23525T	NA S:H655Y	21	48461	0.000433	23488	23529
C23334-T G23402-A	NA NA	21	13515	0.001554	23272	23416
C21978A G21987A	S:P139Q S:G142D	21	2313	0.009079	21965	22058
A24677G	S:R1039G	21	24102	0.000871	24612	24679
A24531G	S:E990G	21	55658	0.000377	24493	24564
A24424T A24433G	S:Q954H S:Q957Q	21	29768	0.000705	24412	24480
A23403G G23417-A	S:D614G NA	21	21872	0.00096	23387	23443
A22948C	S:K462N	21	11074	0.001896	22928	22966
A22914-C T22917G	NA S:L452R	21	11557	0.001817	22905	22966
A22798+G	NA	21	11512	0.001824	22793	22829
A21979-T G21987A C22000-A	NA S:G142D NA	21	1814	0.011577	21868	22012
T25233C	S:L1224S	20	24255	0.000825	25219	25262
T24414C A24424T	S:V951A S:Q954H	20	31378	0.000637	24412	24424
T23599G C23604A C23718+T	S:N679K S:P681H NA	20	24688	0.00081	23580	23724
T23582C T23599G C23604A	S:Y674H S:N679K S:P681H	20	63384	0.000316	23580	23642
T23581C T23599G C23604A	S:S673S S:N679K S:P681H	20	63229	0.000316	23580	23642
T22882G T22942G	S:N440K S:N460K	20	7868	0.002542	22877	22953
T22433C	S:C291R	20	7770	0.002574	22335	22446
G24515-A	NA	20	55785	0.000359	24503	24564
G22813T T22882G A22893C T22917G C22950-T	S:K417N S:N440K S:K444T S:L452R NA	20	5297	0.003776	22801	22966
G22813T A22845-T T22882G	S:K417N NA S:N440K	20	10613	0.001884	22793	22891
G22809-A G22813T T22882G G22895C T22896C G22898A	NA S:K417N S:N440K S:V445P S:V445P S:G446S	20	9201	0.002174	22796	22909
G22569-C	NA	20	1744	0.011468	22546	22577
G22332-T	NA	20	5962	0.003355	22322	22354
C25262-T A25296-G	NA NA	20	27296	0.000733	25251	25325
C25000T A25056-T	S:D1146D NA	20	15009	0.001333	24990	25065
C24422-A A24425T C24455-A	NA S:N955Y NA	20	29460	0.000679	24412	24480
C23854G	S:N764K	20	13559	0.001475	23836	23873
C23525T T23599G C23604A C23609T	S:H655Y S:N679K S:P681H S:R683W	20	37077	0.000539	23504	23642
C23525T T23559C T23599G C23604A	S:H655Y S:I666T S:N679K S:P681H	20	37085	0.000539	23487	23635
C23393-T A23403G C23525T	NA S:D614G S:H655Y	20	6648	0.003008	23385	23532
C23334-T G23417+A	NA NA	20	13344	0.001499	23269	23443
C23334-T G23384-T A23403G	NA NA S:D614G	20	13511	0.00148	23284	23409
C23334-T C23393-T A23403G	NA NA S:D614G	20	13511	0.00148	23269	23443
C22802-A	NA	20	11671	0.001714	22793	22812
C22267T	S:I235I	20	10583	0.00189	22256	22319
C21618T T21632-TACCCCCTG C21682-A G21686-T C21736-T A21764-TACATG	S:T19I S:DEL25/27 NA NA NA S:DEL69/70	20	4662	0.00429	21597	21788
A25472+T	NA	20	9818	0.002037	25372	25485
A25448G	ORF3a:E19G	20	10180	0.001965	25383	25472
A24885-T C24981-T	NA NA	20	13556	0.001475	24850	24991
A24669G	S:Q1036R	20	24789	0.000807	24612	24675
A24667G	S:G1035G	20	24847	0.000805	24629	24679
A24661G	S:V1033V	20	24932	0.000802	24634	24668
A24610G	S:A1016A	20	20811	0.000961	24506	24679
A24568G	S:Q1002Q	20	20905	0.000957	24497	24676
A24543G	S:D994G	20	55478	0.000361	24538	24564
A24468-TTT	S:DEL970	20	42444	0.000471	24465	24491
A24425T	S:N955Y	20	31663	0.000632	24423	24441
A24424T T24450C	S:Q954H S:V963A	20	29542	0.000677	24415	24468
A24424T G24488-T C24503-T	S:Q954H NA NA	20	29024	0.000689	24412	24517
A24424T C24435-T G24488-T	S:Q954H NA NA	20	29115	0.000687	24412	24517
A24424T A24539-T	S:Q954H NA	20	28715	0.000697	24412	24564
A24424T A24520G	S:Q954H S:K986K	20	28888	0.000692	24412	24564
A24424T A24516G	S:Q954H S:D985G	20	28925	0.000691	24412	24564
A24318-C A24424T	NA S:Q954H	20	973	0.020555	24300	24424
A23852-AC	NA	20	13638	0.001466	23843	23866
A23772+T	NA	20	11639	0.001718	23767	23783
A23515+G C23525T A23558-T T23599G C23604A	NA S:H655S NA S:N679* S:P681Y	20	37039	0.00054	23487	23633
A23403G G23516T C23525T	S:D614G S:G652W S:H655Y	20	6925	0.002888	23351	23539
A23403G A23523-AC	S:D614G NA	20	6936	0.002884	23398	23539
A23403G A23474+T C23525T	S:D614G NA S:H655S	20	6925	0.002888	23398	23539
A22914-C T22917G T22942A	NA S:L452R S:N460K	20	8725	0.002292	22905	22967
A22019-T	NA	20	6109	0.003274	22007	22058
T25219C	S:G1219G	19	18698	0.001016	25130	25324
T24585C	S:V1008A	19	20773	0.000915	24488	24679
T24489C	S:V976A	19	54777	0.000347	24480	24528
T24487C	S:S975S	19	54420	0.000349	24476	24500
T24480C	S:I973T	19	52266	0.000364	24473	24564
T24417C A24424T	S:V952A S:Q954H	19	31564	0.000602	24412	24424
T23716-A	NA	19	38036	0.0005	23683	23728
T23599G T23602-C T23605A	S:N679K NA S:P681P	19	63610	0.000299	23580	23642
T23599G C23604A T23681C	S:N679K S:P681H S:Y707H	19	25605	0.000742	23580	23724
T23599G C23604A G23666-A G23675-T A23712-T	S:N679K S:P681H NA NA NA	19	24839	0.000765	23580	23724
T23599G C23604A G23612A	S:N679K S:P681H S:A684T	19	63598	0.000299	23580	23642
T23599G C23604A A23627G	S:N679K S:P681H S:S689G	19	63207	0.000301	23580	23642
T23548C T23599G C23604A	S:C662C S:N679K S:P681H	19	37244	0.00051	23543	23642
T23355-A	NA	19	24156	0.000787	23340	23369
T23346C	S:V595A	19	24145	0.000787	23339	23367
T22942G A22948-C	S:N460K NA	19	10294	0.001846	22937	22967
T22917G	S:L452R	19	11649	0.001631	22912	22937
T22882G T22891-A	S:N440K NA	19	12972	0.001465	22877	22905
G25494-A	NA	19	6042	0.003145	25381	25505
G25269-T	NA	19	27822	0.000683	25257	25325
G24971+T	NA	19	14789	0.001285	24850	24981
G24558A	S:G999D	19	55131	0.000345	24537	24564
G24074T	S:G838C	19	7656	0.002482	24069	24106
G23868-A	NA	19	13434	0.001414	23859	23895
G23508+T C23525T	NA S:H655S	19	49803	0.000382	23487	23536
G23499A C23525T T23599G C23604A	S:R646H S:H655Y S:N679K S:P681H	19	36717	0.000517	23487	23642
G22895C T22896C G22898A	S:V445P S:V445P S:G446S	19	11975	0.001587	22877	22917
G22813T T22882G G22895C T22896C G22898A T22942G A22948C	S:K417N S:N440K S:V445P S:V445P S:G446S S:N460K S:K462N	19	5397	0.00352	22793	22966
G22813T T22882G G22895C T22896C	S:K417N S:N440K S:V445P S:V445P	19	9229	0.002059	22793	22906
G22813T G22895C T22896C G22898A	S:K417N S:V445P S:V445P S:G446S	19	9207	0.002064	22793	22910
G22317T T22324C	S:G252V S:S254S	19	5748	0.003305	22246	22355
G22302+T G22317T	NA S:G252L	19	10372	0.001832	22246	22364
C25324A	S:C1254*	19	29377	0.000647	25261	25325
C25169-T C25262-T	NA NA	19	9892	0.001921	25133	25277
C24878-A A24885-T C24899-A A24922-T C24981-T C25000T	NA NA NA NA NA S:D1146D	19	12999	0.001462	24850	25004
C24621-T	NA	19	24757	0.000767	24612	24675
C24418+A A24424T	NA S:Q954P	19	31611	0.000601	24412	24441
C24223-T A24253-T C24263-A	NA NA NA	19	4580	0.004148	24165	24280
C23854A A23886G	S:N764K S:D775G	19	12286	0.001546	23843	23895
C23758+A	NA	19	9923	0.001915	23712	23780
C23525T T23599G C23604A G23612A	S:H655Y S:N679K S:P681H S:A684T	19	37073	0.000513	23492	23641
C23525T T23553C T23599G C23604A	S:H655Y S:I664T S:N679K S:P681H	19	37085	0.000512	23487	23642
C23525T G23562A T23599G C23604A	S:H655Y S:G667D S:N679K S:P681H	19	37085	0.000512	23487	23642
C23498T C23525T T23599G C23604A	S:R646C S:H655Y S:N679K S:P681H	19	36677	0.000518	23487	23624
C23435T C23525T	S:H625Y S:H655Y	19	7837	0.002424	23424	23539
C23367+A	NA	19	23210	0.000819	23335	23377
C23334-T C23367-A A23403G	NA NA S:D614G	19	13511	0.001406	23269	23443
C22290T T22291C	S:A243V S:A243V	19	10714	0.001773	22253	22358
C21618T T21632-TACCCCCTG A21764-TACATG G21796-T	S:T19I S:DEL25/27 S:DEL69/70 NA	19	4618	0.004114	21597	21802
A25472-T G25555-T	NA NA	19	4701	0.004042	25372	25566
A25325G	Unknown	19	29282	0.000649	25306	25325
A25271G	S:M1237V	19	27927	0.00068	25258	25314
A25247-T	NA	19	24566	0.000773	25235	25320
A24684-TT	NA	19	2275	0.008352	24612	24806
A24673G	S:S1037S	19	24619	0.000772	24612	24679
A24646G	S:K1028K	19	24926	0.000762	24612	24669
A24641G	S:T1027A	19	24858	0.000764	24612	24676
A24591G	S:Q1010R	19	20777	0.000914	24489	24676
A24479-T G24488-T	NA NA	19	51797	0.000367	24476	24511
A24454G	S:K964K	19	32263	0.000589	24412	24507
A24424T T24552C	S:Q954H S:I997T	19	28609	0.000664	24413	24564
A24424T T24514C	S:Q954H S:L984L	19	28939	0.000657	24412	24564
A24424T T24511C	S:Q954H S:R983R	19	28958	0.000656	24412	24564
A24424T T24482C	S:Q954H S:S974P	19	29154	0.000652	24412	24564
A24424T T24471-TG C24536-A	S:Q954H NA NA	19	28740	0.000661	24413	24564
A24424T T24451C	S:Q954H S:V963V	19	29531	0.000643	24412	24468
A24424T A24556+G	S:Q954H NA	19	28495	0.000667	24412	24564
A24424T A24468-T	S:Q954H NA	19	29266	0.000649	24415	24564
A24010-T	NA	19	3504	0.005422	23992	24105
A23964-T	NA	19	2688	0.007068	23960	23978
A23704+C C23709+A	NA NA	19	38345	0.000496	23683	23724
A23598G T23599G C23604A	S:N679R S:N679R S:P681H	19	63609	0.000299	23580	23631
A23403G G23426T C23525T	S:D614G S:V622F S:H655Y	19	6925	0.002744	23339	23532
A23359G A23403G	S:T599T S:D614G	19	21144	0.000899	23335	23443
A22190-T	NA	19	9480	0.002004	22171	22192
T25228C	S:A1222A	18	24011	0.00075	25223	25324
T25152C	S:L1197P	18	13584	0.001325	25126	25160
T24656C	S:C1032R	18	24935	0.000722	24612	24676
T24650C	S:S1030P	18	24917	0.000722	24612	24676
T24607C	S:A1015A	18	20803	0.000865	24486	24676
T23599G G23675-T	S:N679K NA	18	25657	0.000702	23584	23692
T23599G C23604A T23677C	S:N679K S:P681H S:V705V	18	25641	0.000702	23580	23699
T23599G C23604A C23705T	S:N679K S:P681H S:P715S	18	25149	0.000716	23580	23724
T23599G C23604A C23613T	S:N679K S:P681H S:A684V	18	63596	0.000283	23580	23642
T23599G C23604A C23609-G G23666-A A23704-C A23711-AT	S:N679K S:P681H NA NA NA NA	18	24853	0.000724	23580	23724
T23599G C23604A A23704G	S:N679K S:P681H S:I714M	18	25155	0.000716	23580	23724
T23542-G T23599G C23604A	NA S:N679K S:P681H	18	37201	0.000484	23487	23642
T23511+A C23525T	NA S:H655S	18	49900	0.000361	23497	23528
T23487G	Unknown	18	27388	0.000657	23486	23504
T23031C	S:F490S	18	2023	0.008898	23026	23047
T22882G T22896C	S:N440K S:V445A	18	11776	0.001529	22867	22903
T22882G G22895C T22896C G22898A T22900-G	S:N440K S:V445P S:V445P S:G446S NA	18	11690	0.00154	22876	22915
T22882G A22893C G22992A C22995A A23013C T23018G	S:N440K S:K444T S:S477N S:T478K S:E484A S:F486V	18	1249	0.014412	22877	23037
T22291C	S:A243A	18	10720	0.001679	22286	22316
T22015C	S:S151S	18	6016	0.002992	22003	22058
G25401-T	NA	18	10845	0.00166	25380	25429
G25173-A C25262-T	NA NA	18	9940	0.001811	25137	25324
G25130+C	NA	18	12441	0.001447	25122	25147
G24618A	S:R1019K	18	24740	0.000728	24612	24676
G24486+T	NA	18	54263	0.000332	24477	24495
G23593A T23599G C23604A	S:Q677Q S:N679K S:P681H	18	63555	0.000283	23580	23642
G23508+T A23515+G C23525T T23599G C23604A	NA NA S:H655Y S:N679L S:P681H	18	36979	0.000487	23486	23634
G22992A C22995A A23013C T23019C T23031C	S:S477N S:T478K S:E484A S:F486S S:F490S	18	1907	0.009439	22978	23032
G22813T T22882G A22893C T22917G T22942A	S:K417N S:N440K S:K444T S:L452R S:N460K	18	5679	0.00317	22793	22949
G22104-A C22109G C22120-A	NA S:Q183E NA	18	6882	0.002616	22100	22133
C25317-CTG	S:DEL1253	18	29697	0.000606	25265	25325
C25300G	S:G1246G	18	29083	0.000619	25292	25324
C25262-TT A25327-T	NA NA	18	2128	0.008459	25251	25338
C25239T	S:A1226V	18	24398	0.000738	25226	25325
C24632+T	NA	18	24842	0.000725	24620	24669
C23887-AA C23929-A	NA NA	18	928	0.019397	23778	23942
C23887-A C23929-A	NA NA	18	928	0.019397	23767	23940
C23854A A23880G	S:N764K S:E773G	18	12587	0.00143	23844	23895
C23525T T23599G C23604A G23621A	S:H655Y S:N679K S:P681H S:V687I	18	37045	0.000486	23488	23629
C23525T T23599G C23604A G23608A	S:H655Y S:N679K S:P681H S:R682R	18	37078	0.000485	23487	23637
C23525T T23599G C23604A A23618G	S:H655Y S:N679K S:P681H S:S686G	18	37058	0.000486	23488	23642
C23525T T23571C T23599G C23604A	S:H655Y S:I670T S:N679K S:P681H	18	37085	0.000485	23492	23624
C23334-T A23403G G23417+A	NA S:D614G NA	18	13344	0.001349	23269	23443
C22062+T	NA	18	4721	0.003813	22025	22073
A24654G	S:E1031G	18	24934	0.000722	24641	24676
A24556+G	NA	18	55158	0.000326	24465	24564
A24432T	S:Q957L	18	31688	0.000568	24412	24450
A24424T T24513C	S:Q954H S:L984P	18	28940	0.000622	24415	24564
A24424T T24505C	S:Q954H S:L981L	18	29012	0.00062	24412	24564
A24424T T24489C	S:Q954H S:V976A	18	29111	0.000618	24412	24564
A24424T A24556G	S:Q954H S:T998T	18	28495	0.000632	24412	24564
A24424T A24453G	S:Q954H S:K964R	18	29493	0.00061	24412	24473
A24078-T A24110-T C24119-A	NA NA NA	18	3405	0.005286	24021	24150
A23786-T C23854A C23887-A	NA S:N764K NA	18	8112	0.002219	23683	23895
A23712-T G23835-T	NA NA	18	8223	0.002189	23683	23849
A23598+G C23604A	NA S:P681Y	18	63609	0.000283	23581	23625
A23403G T23480C C23525T	S:D614G S:S640P S:H655Y	18	6925	0.002599	23377	23539
A23403G T23428C C23525T	S:D614G S:V622V S:H655Y	18	6925	0.002599	23391	23532
A22161-T	NA	18	8665	0.002077	22123	22174
T25285C	S:C1241C	17	28429	0.000598	25269	25325
T25251C	S:V1230A	17	24749	0.000687	25224	25324
T25140-A T25191-A G25218-T C25262-T	NA NA NA NA	17	9590	0.001773	25122	25324
T24623C	S:S1021P	17	24763	0.000687	24620	24667
T24544+A	NA	17	55456	0.000307	24479	24571
T24027C	S:L822P	17	7348	0.002314	24021	24058
T23797C	S:D745D	17	11740	0.001448	23767	23832
T23698+C	NA	17	38979	0.000436	23691	23713
T23599G C23604A T23713A	S:N679K S:P681H S:N717K	17	24814	0.000685	23580	23723
T23599G C23604A G23608A	S:N679K S:P681H S:R682R	17	63608	0.000267	23580	23642
T23599G C23604A C23635T	S:N679K S:P681H S:S691S	17	62952	0.00027	23580	23642
T23599G C23604A C23634T	S:N679K S:P681H S:S691F	17	63027	0.00027	23580	23642
T23599G C23604A C23606T	S:N679K S:P681H S:R682W	17	63609	0.000267	23593	23642
T23599G C23604A A23712+T	S:N679K S:P681H NA	17	24839	0.000684	23580	23724
T23596+A T23599G C23604A	NA S:N679* S:P681Y	17	63606	0.000267	23580	23642
T23490C C23525T T23599G C23604A	S:F643S S:H655Y S:N679K S:P681H	17	36141	0.00047	23486	23637
T23421-C	NA	17	22698	0.000749	23412	23443
T23394C A23403G	S:L611P S:D614G	17	21911	0.000776	23384	23432
T23344C	S:G594G	17	24107	0.000705	23335	23359
T22942G A22948C	S:N460K S:K462N	17	10294	0.001651	22928	22966
T22882G G22895C G22898A T22942G	S:N440K S:V445L S:G446S S:N460K	17	7868	0.002161	22877	22946
G24434+C	NA	17	31871	0.000533	24412	24445
G24428+A T24464-C T24470-TTG	NA NA S:DEL971	17	29383	0.000579	24413	24564
G22813T T22882G A22893C T22917G C22938+T	S:K417N S:N440K S:K444T S:L452R NA	17	6288	0.002704	22793	22951
G22813T T22831+A T22882G A22893C T22917G	S:K417N NA S:N440Q S:K444S S:L452R	17	8188	0.002076	22802	22934
G22104-A C22109G C22120-A T22200A	NA S:Q183E NA S:V213E	17	2334	0.007284	22100	22213
G21508-A G21569-T	NA NA	17	878	0.019362	21454	21581
C25549-T	NA	17	4771	0.003563	25384	25566
C25000T T25021-A	S:D1146D NA	17	15514	0.001096	24990	25060
C24964-A C24981-T C25000T	NA NA S:D1146D	17	14009	0.001214	24853	25005
C24878-A C24899-A A24922-T C24981-T C25000T	NA NA NA NA S:D1146D	17	12999	0.001308	24850	25069
C24878-A C24899-A	NA NA	17	16457	0.001033	24852	24912
C24672-A T24689G G24690T	NA S:C1043V S:C1043V	17	1585	0.010726	24612	24701
C24512+T	NA	17	55772	0.000305	24485	24524
C24210-T	NA	17	4800	0.003542	24148	24232
C24064-A A24110-T C24119-A G24124-T	NA NA NA NA	17	3146	0.005404	24021	24191
C23854A T23878C	S:N764K S:V772V	17	12610	0.001348	23849	23892
C23525T A23539T T23548C C23604A	S:H655Y S:S659S S:C662C S:P681H	17	37085	0.000458	23500	23639
C23099-T C23103-T	NA NA	17	1615	0.010526	23089	23132
C22950-T	NA	17	11314	0.001503	22943	22967
C22210G G22317T	S:L216L S:G252V	17	2465	0.006897	22206	22319
C22120-A G22133A A22134+G	NA S:E191R NA	17	6713	0.002532	22025	22192
C21736-T A21764-TACATG	NA S:DEL69/70	17	5073	0.003351	21720	21802
C21618T T21632-TACCCCCTG G21668+T A21764-TACATG	S:T19I S:DEL25/27 NA S:DEL69/70	17	4662	0.003647	21597	21802
C21618T T21632-TACCCCCTG A21764-TACATG C21781-A G21796-T	S:T19I S:DEL25/27 S:DEL69/70 NA NA	17	4618	0.003681	21597	21802
A25247G	S:M1229V	17	24566	0.000692	25219	25324
A25026-T	NA	17	15667	0.001085	24990	25039
A24956-T	NA	17	14815	0.001147	24941	25069
A24860G C25000T	S:T1100A S:D1146D	17	12890	0.001319	24853	25069
A24675G	S:K1038R	17	24587	0.000691	24581	24679
A24594G	S:Q1011R	17	20784	0.000818	24518	24679
A24578G	S:T1006A	17	20876	0.000814	24504	24679
A24539+T	NA	17	55515	0.000306	24412	24564
A24500G	S:I980V	17	55421	0.000307	24493	24564
A24424T T24469A T24552-C	S:Q954H S:N969K NA	17	28609	0.000594	24412	24564
A24424T A24554G	S:Q954H S:T998A	17	28563	0.000595	24412	24564
A24424T A24532G	S:Q954H S:E990E	17	28785	0.000591	24412	24558
A24424T A24519G	S:Q954H S:K986R	17	28896	0.000588	24412	24564
A24424T A24454G	S:Q954H S:K964K	17	29485	0.000577	24412	24564
A24424T A24426G	S:Q954H S:N955S	17	29789	0.000571	24412	24564
A23796+T	NA	17	11718	0.001451	23792	23806
A23639-T	NA	17	64126	0.000265	23619	23642
A23539T T23548C T23599G C23604A	S:S659S S:C662C S:N679K S:P681H	17	37186	0.000457	23529	23624
A23403G T23437C	S:D614G S:H625H	17	20574	0.000826	23335	23443
A23403G T23428C	S:D614G S:V622V	17	21516	0.00079	23335	23443
A23403G G23438A C23525T	S:D614G S:A626T S:H655Y	17	6925	0.002455	23385	23539
A22948-C	NA	17	11074	0.001535	22937	22967
T25301C	S:C1247R	16	29155	0.000549	25292	25324
T25289C	S:C1243R	16	28570	0.00056	25263	25325
T25224C	S:I1221T	16	23503	0.000681	25219	25324
T25221C	S:F1220S	16	22846	0.0007	25147	25321
T25191-A G25218-T C25262-T A25296-G	NA NA NA NA	16	10502	0.001524	25137	25325
T25189G C25262-T	S:Y1209* NA	16	10224	0.001565	25130	25325
T24934-A	NA	16	16872	0.000948	24852	24946
T24664C	S:L1034L	16	24882	0.000643	24612	24669
T24492-A T24628-A	NA NA	16	19302	0.000829	24480	24679
T24492-A C24536-A	NA NA	16	53741	0.000298	24484	24564
T24469A T24472-G C24536-AA	S:N969K NA NA	16	41406	0.000386	24455	24564
T23686-A	NA	16	38751	0.000413	23683	23711
T23599G C23604A T23695C	S:N679K S:P681H S:S711S	16	25511	0.000627	23580	23705
T23599G C23604A T23680C	S:N679K S:P681H S:A706A	16	25611	0.000625	23580	23700
T23599G C23604A T23641C	S:N679K S:P681H S:I693I	16	62183	0.000257	23580	23642
T23599G C23604A T23633C	S:N679K S:P681H S:S691P	16	63043	0.000254	23580	23642
T23599G C23604A G23663A	S:N679K S:P681H S:A701T	16	25771	0.000621	23580	23724
T23599G C23604A C23615T	S:N679K S:P681H S:R685C	16	63579	0.000252	23580	23642
T23599G C23604A A23670-T	S:N679K S:P681H NA	16	25707	0.000622	23580	23705
T23599G C23604A A23648G	S:N679K S:P681H S:T696A	16	25865	0.000619	23595	23724
T23540C T23599G C23604A	S:Y660H S:N679K S:P681H	16	37188	0.00043	23487	23624
T23514C C23525T T23599G C23604A	S:I651T S:H655Y S:N679K S:P681H	16	37032	0.000432	23487	23642
T23374C A23403G	S:T604T S:D614G	16	21280	0.000752	23335	23429
T23341C	S:G593G	16	24003	0.000667	23335	23362
T23336C A23403G	S:F592L S:D614G	16	20562	0.000778	23335	23443
T23336C	S:F592L	16	23250	0.000688	23335	23357
T22882G A22893C C22995A A23013C T23018G	S:N440K S:K444T S:T478K S:E484A S:F486V	16	1249	0.01281	22876	23027
T22293-A	NA	16	10739	0.00149	22246	22312
T22032C	S:F157S	16	11262	0.001421	22025	22043
G25299A	S:G1246D	16	29056	0.000551	25285	25325
G25299-C G25302-T	NA NA	16	29044	0.000551	25273	25324
G25198-C	NA	16	13723	0.001166	25187	25210
G25173+A T25191-A C25262-T	NA NA NA	16	9940	0.00161	25122	25325
G24858A	S:G1099D	16	17235	0.000928	24850	24865
G24626A	S:A1022T	16	24784	0.000646	24612	24676
G24535A	S:V991V	16	55534	0.000288	24500	24564
G23508-T C23525T T23599G C23604A	NA S:H655Y S:N679K S:P681H	16	36979	0.000433	23493	23624
G23273-A C23334-T	NA NA	16	13762	0.001163	23269	23391
G22992A C22995A T23018G	S:S477N S:T478K S:F486V	16	1947	0.008218	22981	23047
G22813T G22859+T T22882G A22893C T22917G	S:K417N NA S:N440Q S:K444S S:L452R	16	8188	0.001954	22793	22922
G22317T G22410-A	S:G252V NA	16	4273	0.003744	22246	22444
G22317T C22383+T	S:G252V NA	16	4993	0.003204	22246	22395
G21578-T C21618T T21632-TACCCCCTG	NA S:T19I S:DEL25/27	16	1039	0.015399	21571	21664
C25156-G	NA	16	13527	0.001183	25122	25169
C25000T T25051-GT	S:D1146D NA	16	15043	0.001064	24962	25069
C24878-A A24885-T A24922-T C24981-T C25000T	NA NA NA NA S:D1146D	16	12999	0.001231	24853	25016
C24852+A C24981-T C25000T	NA NA S:D1146S	16	12392	0.001291	24850	25069
C24559T	S:G999G	16	55133	0.00029	24517	24563
C24536-A A24538G	NA S:Q992Q	16	55456	0.000289	24509	24558
C24517-A A24539-T C24672-A	NA NA NA	16	19858	0.000806	24471	24679
C24431-A G24488-T	NA NA	16	30898	0.000518	24412	24524
C24245-A	NA	16	7586	0.002109	24239	24255
C24034-A	NA	16	7440	0.002151	24031	24061
C23887-AA	NA	16	12682	0.001262	23767	23895
C23854A T23860C	S:N764K S:A766A	16	13302	0.001203	23841	23895
C23630-A	NA	16	64676	0.000247	23623	23639
C23604A T23703C	S:P681H S:I714T	16	25230	0.000634	23580	23724
C23525T T23602-C T23605A	S:H655Y NA S:P681P	16	37078	0.000432	23499	23642
C23525T T23599G C23604A T23617+G	S:H655Y S:N679K S:P681H NA	16	37059	0.000432	23492	23642
C23525T T23599G C23604A G23607A	S:H655Y S:N679K S:P681H S:R682Q	16	37078	0.000432	23501	23637
C23525T T23599G C23604A C23615T	S:H655Y S:N679K S:P681H S:R685C	16	37065	0.000432	23505	23642
C23525T T23599G C23604A A23639G	S:H655Y S:N679K S:P681H S:I693V	16	36031	0.000444	23516	23642
C23525T T23596-A T23599G C23604A	S:H655Y NA S:N679K S:P681H	16	37085	0.000431	23519	23637
C23525T C23533-A	S:H655Y NA	16	49575	0.000323	23493	23539
C23525T A23554-C T23599G C23604A	S:H655Y NA S:N679K S:P681H	16	37085	0.000431	23487	23622
C23525T A23539T T23548C T23599G	S:H655Y S:S659S S:C662C S:N679K	16	37097	0.000431	23487	23642
C23525T A23526G T23599G C23604A	S:H655C S:H655C S:N679K S:P681H	16	37085	0.000431	23487	23629
C23492-A T23599G C23604A	NA S:N679K S:P681H	16	36164	0.000442	23488	23642
C23154+A	NA	16	1572	0.010178	23147	23290
C22450T	S:L296L	16	2043	0.007832	22438	22465
C22383-T T22392-A	NA NA	16	7590	0.002108	22368	22406
C22120-A G22133A	NA S:E191K	16	6855	0.002334	22025	22150
C22120-A A22135+GT	NA NA	16	6653	0.002405	22100	22155
C21888-T G21987A	NA S:G142D	16	2011	0.007956	21872	21992
C21618T G21686-T A21764-TACATG	S:T19I NA S:DEL69/70	16	4662	0.003432	21603	21802
C21618T C21627A T21632-TACCCCCTG A21764-TACATG	S:T19I S:T22N S:DEL25/27 S:DEL69/70	16	4662	0.003432	21597	21802
A25255G	S:T1231T	16	27046	0.000592	25251	25325
A24679G	S:R1039R	16	22315	0.000717	24670	24679
A24613G	S:E1017E	16	24741	0.000647	24542	24676
A24591-AC C24672-A	NA NA	16	20350	0.000786	24550	24679
A24532G	S:E990E	16	55633	0.000288	24503	24545
A24424T C24455-A C24517-A	S:Q954H NA NA	16	28912	0.000553	24420	24564
A24424T A24531G	S:Q954H S:E990G	16	28798	0.000556	24412	24564
A23756-C C23854A	NA S:N764K	16	7724	0.002071	23683	23895
A23696+T	NA	16	38967	0.000411	23685	23707
A23592T T23599G C23604A	S:Q677L S:N679K S:P681H	16	63524	0.000252	23580	23642
A23326G A23403G	S:T588T S:D614G	16	13494	0.001186	23269	23443
A23276T C23334-T	S:T572S NA	16	13830	0.001157	23269	23388
A22798+G G22813T T22882G G22895C G22898A	NA S:K417N S:N440Q S:V445R S:G446R	16	9010	0.001776	22793	22907
A21964-T	NA	16	3680	0.004348	21867	21975
T25257C	S:I1232T	15	27162	0.000552	25219	25324
T25245C	S:V1228A	15	24530	0.000611	25226	25316
T25202+G C25262-T	NA NA	15	11713	0.001281	25122	25325
T24924C	S:F1121S	15	16959	0.000884	24886	24936
T24664+G	NA	15	24882	0.000603	24612	24675
T24648C	S:M1029T	15	24908	0.000602	24612	24676
T24637C	S:A1025A	15	24846	0.000604	24612	24667
T24634C	S:L1024L	15	24837	0.000604	24612	24676
T24625C	S:S1021S	15	24778	0.000605	24612	24676
T24622C	S:A1020A	15	24761	0.000606	24612	24676
T24506C	S:S982P	15	55625	0.00027	24495	24564
T24501C	S:I980T	15	55449	0.000271	24478	24505
T24487-GT	NA	15	54420	0.000276	24412	24564
T24469A A24604G	S:N969K S:R1014R	15	9516	0.001576	24465	24679
T24469A A24568G	S:N969K S:Q1002Q	15	9656	0.001553	24465	24664
T24469A A24493T	S:N969K S:L977F	15	42062	0.000357	24465	24564
T23850+A	NA	15	13770	0.001089	23771	23865
T23703+C	NA	15	38712	0.000387	23686	23712
T23599G C23604A G23666-A A23704-C A23711-AT	S:N679K S:P681H NA NA NA	15	24853	0.000604	23580	23724
T23599G C23604A G23616A	S:N679K S:P681H S:R685H	15	63568	0.000236	23580	23642
T23599G C23604A C23694T	S:N679K S:P681H S:S711F	15	25521	0.000588	23580	23700
T23599G C23604A C23657-T	S:N679K S:P681H NA	15	25815	0.000581	23581	23669
T23599G C23604A C23625T G23666-A	S:N679K S:P681H S:A688V NA	15	25739	0.000583	23580	23694
T23599G C23604A A23696G	S:N679K S:P681H S:I712V	15	25505	0.000588	23580	23724
T23599G C23604A A23669G	S:N679K S:P681H S:N703D	15	25718	0.000583	23580	23724
T23346C A23403G	S:V595A S:D614G	15	21021	0.000714	23269	23442
T23308C A23403G	S:L582L S:D614G	15	13475	0.001113	23269	23443
T22882G A22893C T22917G C22950-T	S:N440K S:K444T S:L452R NA	15	7423	0.002021	22876	22967
G25218+T C25262-T	NA NA	15	18111	0.000828	25122	25325
G24868+T C24981-T C25000T	NA NA S:D1146S	15	12939	0.001159	24852	25015
G24697T	S:K1045N	15	2972	0.005047	24690	24806
G24488+T	NA	15	54494	0.000275	24476	24503
G24332+A A24424T	NA S:Q954P	15	1323	0.011338	24323	24424
G23984-A	NA	15	3380	0.004438	23977	24106
G22813T T22882G T22917G G22933-A	S:K417N S:N440K S:L452R NA	15	7074	0.00212	22793	22966
G22403-A G22487-A	NA NA	15	1742	0.008611	22368	22504
G22104-A C22120-AA	NA NA	15	6882	0.00218	22100	22134
G22104-A C22109G C22120-A T22200A G22317T	NA S:Q183E NA S:V213E S:G252V	15	1632	0.009191	22100	22319
C25553T	ORF3a:A54V	15	4757	0.003153	25377	25559
C25000T A25003-T	S:D1146D NA	15	16010	0.000937	24990	25015
C24899-A A24922-T	NA NA	15	16708	0.000898	24851	24939
C24852-A A24922-T	NA NA	15	15324	0.000979	24850	24943
C24517-A A24539-T	NA NA	15	55129	0.000272	24476	24559
C24421T A24424T	S:N953N S:Q954H	15	31678	0.000474	24412	24424
C24245-A A24253-T C24263-A	NA NA NA	15	7375	0.002034	24229	24291
C23859-T	NA	15	13498	0.001111	23844	23871
C23854A G23858A	S:N764K S:A766T	15	13354	0.001123	23842	23895
C23525T C23533-A A23558-T T23599G C23604A	S:H655Y NA NA S:N679K S:P681H	15	37085	0.000404	23489	23624
C23525T A23558-T T23599G C23604A C23625T	S:H655Y NA S:N679K S:P681H S:A688V	15	37018	0.000405	23487	23642
C23525T A23558-T	S:H655Y NA	15	37846	0.000396	23487	23571
C23481A T23482C A23483T C23525T	S:S640Y S:S640Y S:N641Y S:H655Y	15	8533	0.001758	23471	23539
C22120-A A22161-T T22200G	NA NA S:V213G	15	2436	0.006158	22110	22215
C22120-A A22135+GAT	NA S:INS192D	15	6653	0.002255	22100	22155
C22120-A A22135+G	NA NA	15	6653	0.002255	22025	22192
C22062-T C22120-A	NA NA	15	3712	0.004041	22037	22132
C21618T T21632-TACCCCCTG T21655C A21764-TACATG	S:T19I S:DEL25/27 S:S31S S:DEL69/70	15	4662	0.003218	21597	21802
C21618T T21632-TACCCCCTG C21736-T	S:T19I S:DEL25/27 NA	15	4707	0.003187	21597	21802
A24922-T G24933-T	NA NA	15	16812	0.000892	24899	24943
A24902-T C24981-T	NA NA	15	13862	0.001082	24850	24992
A24885-T A24922-T C24981-T C25000T	NA NA NA S:D1146D	15	13062	0.001148	24850	25067
A24617G	S:R1019G	15	24739	0.000606	24612	24676
A24538G	S:Q992Q	15	55499	0.00027	24489	24558
A24424T T24534C	S:Q954H S:V991A	15	28768	0.000521	24412	24564
A24424T T24471-TG C24536-AA	S:Q954H NA NA	15	28740	0.000522	24412	24564
A24424T G24535A	S:Q954H S:V991V	15	28747	0.000522	24412	24558
A24424T C24512+T	S:Q954H NA	15	28949	0.000518	24412	24564
A24424T A24551G	S:Q954H S:I997V	15	28619	0.000524	24412	24564
A24253-T T24280+A	NA NA	15	7304	0.002054	24229	24310
A24170-T	NA	15	10687	0.001404	24165	24191
A24078-T	NA	15	7667	0.001956	24047	24091
A23834G C23854A	S:S758G S:N764K	15	10981	0.001366	23825	23895
A23767+T A23786-T C23854A	NA NA S:N764K	15	7741	0.001938	23727	23895
A23497-C C23525T T23599G C23604A	NA S:H655Y S:N679K S:P681H	15	36659	0.000409	23487	23642
A23432+C	NA	15	22191	0.000676	23345	23440
A22443-C	NA	15	7728	0.001941	22426	22446
A22245-T	NA	15	4329	0.003465	22232	22287
A22110+G C22120-A T22200G	NA NA S:V213S	15	2369	0.006332	22100	22257
A22052G	S:N164D	15	11146	0.001346	22030	22058
T25260C	S:M1233T	14	27263	0.000514	25256	25324
T25152C C25262-T	S:L1197P NA	14	9797	0.001429	25135	25325
T24640C	S:A1026A	14	24851	0.000563	24612	24675
T24628-A T24643-A	NA NA	14	24719	0.000566	24516	24679
T24583C	S:Y1007Y	14	20772	0.000674	24504	24679
T24492-A T24643-A	NA NA	14	19252	0.000727	24482	24679
T24491-TA C24517-A	NA NA	14	54289	0.000258	24481	24528
T24489G	S:V976G	14	54777	0.000256	24478	24498
T24470-TTG C24536-A	S:DEL971 NA	14	41768	0.000335	24465	24564
T24469A T24564C	S:N969K S:L1001P	14	40810	0.000343	24465	24564
T24144G	S:L861W	14	5756	0.002432	24137	24179
T24126-TA	NA	14	4270	0.003279	24021	24186
T23599G C23604A T23686C	S:N679K S:P681H S:S708S	14	25575	0.000547	23580	23700
T23599G C23604A G23666-A T23703C	S:N679K S:P681H NA S:I714T	14	25166	0.000556	23580	23705
T23599G C23604A G23666+A	S:N679K S:P681H NA	14	25739	0.000544	23580	23724
T23599G C23604A G23616-T	S:N679K S:P681H NA	14	63568	0.00022	23580	23628
T23599G C23604A C23638T	S:N679K S:P681H S:I692I	14	62775	0.000223	23582	23642
T23599G C23604A A23682G	S:N679K S:P681H S:Y707C	14	25603	0.000547	23580	23724
T23599G C23604A A23651G	S:N679K S:P681H S:M697V	14	25854	0.000542	23580	23724
T23521C C23525T	S:A653A S:H655Y	14	50081	0.00028	23498	23538
T23511-A	NA	14	50743	0.000276	23494	23522
T23491C C23525T	S:F643F S:H655Y	14	48418	0.000289	23486	23539
T23352C A23403G	S:V597A S:D614G	14	21096	0.000664	23335	23443
T22939-A	NA	14	11147	0.001256	22932	22967
T22882G T22896C G22898A T22942G	S:N440K S:V445A S:G446S S:N460K	14	7868	0.001779	22869	22967
T22882G A22893C T22917G A23013C T23018G C23029-T	S:N440K S:K444T S:L452R S:E484A S:F486V NA	14	1232	0.011364	22877	23042
T22882G A22893C A23013C T23018G C23029-T	S:N440K S:K444T S:E484A S:F486V NA	14	1232	0.011364	22877	23048
T22831+A T22882G	NA S:N440Q	14	10705	0.001308	22809	22892
T22392-A G22578A	NA S:G339D	14	889	0.015748	22368	22580
T21632-TACCCCCTG G21686-T A21764-TACATG	S:DEL25/27 NA S:DEL69/70	14	4663	0.003002	21597	21802
G25527+C	NA	14	4959	0.002823	25372	25566
G25281A	S:C1240Y	14	28300	0.000495	25231	25325
G24497A	S:D979N	14	55255	0.000253	24479	24538
G24497+A	NA	14	55255	0.000253	24479	24522
G24428A T24464-C T24470-TTG	S:A956T NA S:DEL971	14	29383	0.000476	24412	24564
G24390A A24424T	S:S943N S:Q954H	14	1841	0.007605	24369	24424
G23519A C23525T T23599G C23604A	S:A653T S:H655Y S:N679K S:P681H	14	37076	0.000378	23487	23624
G23345-T	NA	14	24121	0.00058	23269	23365
G22813T T22882G A22914-C T22917G T22942A	S:K417N S:N440K NA S:L452R S:N460K	14	5679	0.002465	22801	22967
G22813T T22882G A22893C T22917G G22927-T	S:K417N S:N440K S:K444T S:L452R NA	14	7520	0.001862	22793	22937
G22813T T22882G A22893C T22917G A22948C C22949-CT	S:K417N S:N440K S:K444T S:L452R S:K462N NA	14	5318	0.002633	22793	22964
G22813T T22876-A T22882G	S:K417N NA S:N440K	14	10613	0.001319	22793	22894
G22813T A22893C T22917G	S:K417N S:K444T S:L452R	14	8188	0.00171	22793	22927
G22813T A22845-T T22882G G22895C T22896C G22898A T22942G	S:K417N NA S:N440K S:V445P S:V445P S:G446S S:N460K	14	5679	0.002465	22793	22949
G22809-A G22813T T22882G G22895C G22898A	NA S:K417N S:N440K S:V445L S:G446S	14	9201	0.001522	22801	22906
G21987A C22033A	S:G142D S:F157L	14	1817	0.007705	21983	22058
C25546+T	NA	14	4779	0.002929	25372	25557
C25521T	ORF3a:F43F	14	5172	0.002707	25372	25553
C25200A	S:P1213Q	14	13721	0.00102	25193	25324
C25169-T	NA	14	13372	0.001047	25133	25180
C25132+A T25191-A C25262-T	NA NA NA	14	9422	0.001486	25123	25324
C24852-A G24883-A C25000T	NA NA S:D1146D	14	12392	0.00113	24850	25069
C24672-AA A24684-T	NA NA	14	2179	0.006425	24612	24697
C24503-T C24517-A T24643-A C24672-A	NA NA NA NA	14	19539	0.000717	24471	24679
C24358-AAA A24424T	S:DEL933 S:Q954H	14	1682	0.008323	24338	24424
C24337T A24424T	S:N925N S:Q954H	14	1499	0.00934	24332	24424
C24026-T A24110-T C24119-A G24140-T	NA NA NA NA	14	3017	0.00464	24021	24173
C23972-A	NA	14	4377	0.003199	23965	23978
C23854A A23881G	S:N764K S:E773E	14	12565	0.001114	23842	23895
C23604A C23625T	S:P681H S:A688V	14	63588	0.00022	23580	23642
C23525T T23599G C23604A C23635T	S:H655Y S:N679K S:P681H S:S691S	14	36558	0.000383	23500	23642
C23525T T23599G C23601T C23604A	S:H655Y S:N679K S:S680F S:P681H	14	37085	0.000378	23487	23642
C23525T G23580-T T23599G C23604A	S:H655Y NA S:N679K S:P681H	14	37085	0.000378	23498	23625
C23525T C23556T T23599G C23604A	S:H655Y S:P665L S:N679K S:P681H	14	37085	0.000378	23488	23642
C23492+A C23525T T23599G C23604A	NA S:H655S S:N679* S:P681Y	14	36164	0.000387	23486	23624
C22445T	Unknown	14	7707	0.001817	22402	22446
C22062-T G22104-A C22120-A	NA NA NA	14	3712	0.003772	22025	22132
C21618T T21632-TACCCCCTG C21736-T A21764-TACATG C21781-A G21796-T	S:T19I S:DEL25/27 NA S:DEL69/70 NA NA	14	4618	0.003032	21597	21802
C21618T T21632-TACCCCCTG C21732-T A21764-TACATG	S:T19I S:DEL25/27 NA S:DEL69/70	14	4662	0.003003	21597	21802
A25503+C	NA	14	5781	0.002422	25372	25512
A25020G	S:D1153G	14	15805	0.000886	25016	25069
A24885-T C24899-A A24922-T C24981-T C25000T	NA NA NA NA S:D1146D	14	13062	0.001072	24850	25008
A24885-T C24899-A	NA NA	14	16559	0.000845	24853	24912
A24862G	S:T1100T	14	17300	0.000809	24852	24890
A24684-T	NA	14	2275	0.006154	24612	24714
A24676T	S:K1038N	14	24530	0.000571	24612	24679
A24674G	S:K1038E	14	24599	0.000569	24516	24679
A24598G	S:L1012L	14	20801	0.000673	24495	24676
A24479G	S:I973V	14	51923	0.00027	24470	24528
A24424T T24548C	S:Q954H S:L996L	14	28642	0.000489	24412	24564
A24424T T24487C	S:Q954H S:S975S	14	29121	0.000481	24412	24564
A24424T C24431+A	S:Q954H NA	14	29779	0.00047	24412	24441
A24424C	S:Q954H	14	31695	0.000442	24412	24460
A24167G	S:M869V	14	10715	0.001307	24154	24191
A23848-TTA C23854A	S:DEL763 S:N764K	14	13374	0.001047	23836	23895
A23702+G	NA	14	38733	0.000361	23687	23715
A23515-G C23525T C23604A	NA S:H655Y S:P681H	14	37039	0.000378	23488	23642
A23474+G C23525T	NA S:H655S	14	8243	0.001698	23465	23539
A23403G T23404C	S:D614G S:D614G	14	22169	0.000632	23387	23427
A23403G G23522-A C23525T	S:D614G NA S:H655Y	14	6925	0.002022	23388	23539
A23403G A23418G	S:D614G S:E619G	14	21850	0.000641	23335	23443
A23382G	S:Q607R	14	22380	0.000626	23336	23385
A23299G A23403G	S:P579P S:D614G	14	13468	0.00104	23285	23443
A22924-T	NA	14	11763	0.00119	22917	22967
A22845-T	NA	14	11231	0.001247	22793	22857
A22786C G22813T	S:R408S S:K417N	14	244	0.057377	22778	22834
A22005G	S:N148S	14	6144	0.002279	22000	22058
A21875-T A21964-T	NA NA	14	3508	0.003991	21850	21978
T25280C	S:C1240R	13	28288	0.00046	25271	25325
T25150C	S:S1196S	13	13579	0.000957	25122	25153
T25123-G C25262-T	NA NA	13	8967	0.00145	25122	25324
T24982C C25000T	S:P1140P S:D1146D	13	14156	0.000918	24853	25068
T24940C	S:C1126C	13	16817	0.000773	24925	24943
T24934-A C24981-T C25000T	NA NA S:D1146D	13	13559	0.000959	24852	25010
T24754C	S:H1064H	13	5122	0.002538	24707	24806
T24660C	S:V1033A	13	24939	0.000521	24612	24672
T24643-A C24672-AA A24684-T	NA NA NA	13	2150	0.006047	24612	24702
T24633C	S:L1024P	13	24847	0.000523	24612	24676
T24552C	S:I997T	13	55296	0.000235	24504	24564
T24544C	S:D994D	13	55456	0.000234	24530	24564
T24541C	S:I993I	13	55509	0.000234	24496	24564
T24469A T24589C	S:N969K S:T1009T	13	9534	0.001364	24465	24679
T24469A G24570-T	S:N969K NA	13	9646	0.001348	24465	24679
T24280+A	NA	13	7894	0.001647	24229	24290
T24267-G A24424T	NA S:Q954H	13	605	0.021488	24233	24424
T24084C	S:L841P	13	7669	0.001695	24065	24106
T23599G C23604A T23689C	S:N679K S:P681H S:N709N	13	25557	0.000509	23580	23718
T23599G C23604A G23666-A C23679T	S:N679K S:P681H NA S:A706V	13	25627	0.000507	23580	23724
T23599G C23604A G23607A	S:N679K S:P681H S:R682Q	13	63608	0.000204	23580	23642
T23599G C23604A C23630T	S:N679K S:P681H S:Q690*	13	63178	0.000206	23580	23642
T23599G C23604A A23723G	S:N679K S:P681H Unknown	13	24529	0.00053	23580	23724
T23511C C23525T T23599G C23604A	S:L650S S:H655Y S:N679K S:P681H	13	37015	0.000351	23493	23642
T23385C A23403G	S:V608A S:D614G	13	21600	0.000602	23335	23410
T23355C	S:I598T	13	24156	0.000538	23335	23367
T23352C	S:V597A	13	24170	0.000538	23335	23366
T23338-G	NA	13	23772	0.000547	23335	23357
T23317C A23403G	S:L585L S:D614G	13	13483	0.000964	23296	23443
T22882G T22942A G22992A C22995A A23013C	S:N440K S:N460K S:S477N S:T478K S:E484A	13	1257	0.010342	22876	23048
T22679C	S:S373P	13	320	0.040625	22652	22683
G25555-TT	NA	13	4701	0.002765	25372	25566
G25313A	S:G1251R	13	29672	0.000438	25268	25321
G25287-T G25302-T	NA NA	13	28459	0.000457	25251	25325
G25278-T C25416T	NA ORF3a:F8F	13	1659	0.007836	25273	25449
G25269A	S:C1236Y	13	27822	0.000467	25254	25324
G25173-A T25191-A C25262-T	NA NA NA	13	9940	0.001308	25130	25323
G25130+C C25262-T	NA NA	13	9142	0.001422	25122	25325
G25049-A	NA	13	15562	0.000835	25013	25069
G25033-A	NA	13	15634	0.000832	25017	25069
G24971+T C25000T	NA S:D1146S	13	14066	0.000924	24853	25012
G24959T C25000T	S:V1133F S:D1146D	13	13909	0.000935	24853	25003
G24527A	S:A989T	13	55739	0.000233	24486	24564
G24510+T	NA	13	55769	0.000233	24476	24519
G24488-T C24517-A C24536-A	NA NA NA	13	53147	0.000245	24470	24558
G23678+T	NA	13	27894	0.000466	23657	23724
G23517A C23525T T23599G C23604A	S:G652E S:H655Y S:N679K S:P681H	13	37070	0.000351	23487	23642
G23505+C	NA	13	50696	0.000256	23487	23513
G23364-A A23403G C23525T	NA S:D614G S:H655Y	13	6201	0.002096	23335	23539
G23273-A C23334-T A23403G	NA NA S:D614G	13	13044	0.000997	23269	23443
G22813T T22942A	S:K417N S:N460K	13	5679	0.002289	22793	22949
G22813T T22917G	S:K417N S:L452R	13	8188	0.001588	22793	22929
G22813T T22882G A22914-C	S:K417N S:N440K NA	13	8444	0.00154	22801	22966
G22813T T22831+A	S:K417N NA	13	11438	0.001137	22809	22841
G22317T C22445T	S:G252V Unknown	13	4144	0.003137	22246	22446
G21796-T	NA	13	5456	0.002383	21787	21802
C25452-A	NA	13	10079	0.00129	25383	25469
C25416T A25472+T	ORF3a:F8F NA	13	9818	0.001324	25381	25485
C25324-A	NA	13	29377	0.000443	25275	25340
C25276T	S:T1238T	13	28129	0.000462	25221	25325
C25262-TT G25278-T A25327-T	NA NA NA	13	2128	0.006109	25251	25347
C25262-T T25283C	NA S:C1241R	13	27332	0.000476	25125	25325
C25169-T T25191-A C25262-T	NA NA NA	13	9892	0.001314	25122	25325
C25000T T25063C	S:D1146D S:G1167G	13	14888	0.000873	24990	25069
C24899-A A24922-T C25000T	NA NA S:D1146D	13	13317	0.000976	24887	25008
C24878-A C24981-T	NA NA	13	13493	0.000963	24850	24994
C24878-A A24885-T C24899-A	NA NA NA	13	16457	0.00079	24850	24917
C24863-A C25000T	NA S:D1146D	13	12912	0.001007	24853	25061
C24852-A A24922-T C25000T	NA NA S:D1146D	13	12392	0.001049	24850	25065
C24672-AA T24689G G24690T	NA S:C1043V S:C1043V	13	1585	0.008202	24612	24698
C24555+G	NA	13	55234	0.000235	24506	24564
C24553T	S:I997I	13	55272	0.000235	24534	24564
C24528T	S:A989V	13	55732	0.000233	24486	24533
C24517-A C24672-AA	NA NA	13	19858	0.000655	24493	24679
C24509T	S:R983C	13	55726	0.000233	24473	24528
C24477-A	NA	13	51436	0.000253	24470	24564
C24431-A C24435-T	NA NA	13	31580	0.000412	24412	24455
C24358-A A24424T	NA S:Q954H	13	1682	0.007729	24334	24424
C24198+G A24253-T	NA NA	13	4617	0.002816	24148	24306
C24150+T A24253-T	NA NA	13	4375	0.002971	24148	24306
C24119-A T24126-TA G24140-T	NA NA NA	13	3363	0.003866	24021	24173
C23854A A23883G	S:N764K S:Q774R	13	12450	0.001044	23849	23895
C23816-T C23887-A	NA NA	13	9037	0.001439	23767	23895
C23816+T	NA	13	11866	0.001096	23767	23827
C23525T G23561A T23599G C23604A	S:H655Y S:G667S S:N679K S:P681H	13	37085	0.000351	23487	23642
C23525T C23577T T23599G C23604A	S:H655Y S:A672V S:N679K S:P681H	13	37085	0.000351	23488	23642
C23525T C23557-A T23599G C23604A	S:H655Y NA S:N679K S:P681H	13	37085	0.000351	23492	23633
C23525T A23558-T C23604A	S:H655Y NA S:P681H	13	37085	0.000351	23493	23622
C23520T C23525T T23599G C23604A	S:A653V S:H655Y S:N679K S:P681H	13	37080	0.000351	23487	23642
C23393-T A23403G T23482-A C23525T	NA S:D614G NA S:H655Y	13	6648	0.001955	23345	23532
C23360A C23525T	S:P600T S:H655Y	13	6187	0.002101	23335	23539
C23358+A	NA	13	24059	0.00054	23337	23366
C23334T	S:S591F	13	14275	0.000911	23269	23337
C23334-T T23428-G	NA NA	13	13230	0.000983	23269	23443
C23099-T C23103-T T23143-A T23164-A	NA NA NA NA	13	1275	0.010196	23089	23176
C22450T G22578A	S:L296L S:G339D	13	1018	0.01277	22410	22580
C22277+A	NA	13	10716	0.001213	22246	22304
C22120-A T22144+A	NA NA	13	6516	0.001995	22100	22156
C22062-T G22104-A C22120-A A22161-T	NA NA NA NA	13	3248	0.004002	22025	22192
C21618T T21632-TACCCCCTG T21755C A21764-TACATG	S:T19I S:DEL25/27 S:F65L S:DEL69/70	13	4662	0.002789	21597	21802
C21618T T21632-TACCCCCTG C21682-A C21736-T A21764-TACATG	S:T19I S:DEL25/27 NA NA S:DEL69/70	13	4662	0.002789	21597	21802
C21618T T21632-TACCCCCTG C21654-T G21686-T A21764-TACATG	S:T19I S:DEL25/27 NA NA S:DEL69/70	13	4662	0.002789	21608	21802
C21618T T21632-TACCCCCTG C21654-T C21736-T A21764-TACATG	S:T19I S:DEL25/27 NA NA S:DEL69/70	13	4662	0.002789	21602	21802
A25420-T	NA	13	10575	0.001229	25372	25433
A25241G	S:I1227V	13	24427	0.000532	25221	25324
A25208+T C25262-T	NA NA	13	12113	0.001073	25122	25321
A24999G C25000T	S:D1146G S:D1146G	13	16149	0.000805	24990	25061
A24902-T C25000T	NA S:D1146D	13	13367	0.000973	24886	25025
A24902-T C24981-T C25000T	NA NA S:D1146D	13	13367	0.000973	24850	25011
A24647G	S:M1029V	13	24919	0.000522	24643	24675
A24594-ATT C24672-A	S:DEL1012 NA	13	20366	0.000638	24470	24679
A24582G	S:Y1007C	13	20799	0.000625	24486	24615
A24580G	S:T1006T	13	20868	0.000623	24527	24677
A24545G	S:R995G	13	55448	0.000234	24470	24564
A24494G	S:N978D	13	55095	0.000236	24489	24564
A24424T T24529C	S:Q954H S:A989A	13	28805	0.000451	24413	24564
A24424T T24492-A	S:Q954H NA	13	29102	0.000447	24416	24554
A24424T T24491-TA	S:Q954H NA	13	29105	0.000447	24412	24564
A24424T T24464C	S:Q954H S:S968P	13	29312	0.000444	24412	24491
A24424T T24438+A T24469A	S:Q954H NA S:N969Q	13	29251	0.000444	24412	24540
A24424T G24428+A T24469A	S:Q954H NA S:N969Q	13	29251	0.000444	24412	24564
A24424T C24483-A	S:Q954H NA	13	29147	0.000446	24412	24561
A24424T C24431-A G24488-T	S:Q954H NA NA	13	29115	0.000447	24412	24564
A24424T A24538G	S:Q954H S:Q992Q	13	28719	0.000453	24412	24564
A24424T A24432G	S:Q954H S:Q957R	13	29776	0.000437	24412	24495
A24253-T G24277+T	NA NA	13	7321	0.001776	24229	24287
A23870+T	NA	13	13370	0.000972	23767	23879
A23853-C C23887-A	NA NA	13	12255	0.001061	23844	23895
A23558G T23599G C23604A C23634T	S:I666V S:N679K S:P681H S:S691F	13	36831	0.000353	23487	23641
A23403G C23525T A23532G	S:D614G S:H655Y S:N657S	13	6874	0.001891	23379	23539
A23400+G	NA	13	22419	0.00058	23336	23413
A23359G	S:T599T	13	24054	0.00054	23335	23380
A23357G	S:T599A	13	24078	0.00054	23335	23367
A23147-AG T23150G	NA S:S530A	13	1587	0.008192	23090	23162
A22893C	S:K444T	13	13073	0.000994	22877	22903
A22845-T T22882G	NA S:N440K	13	10790	0.001205	22793	22889
A22155G	S:D198G	13	8003	0.001624	22146	22180
A22110+G	NA	13	7057	0.001842	22100	22121
A22025G	S:S155G	13	6210	0.002093	22009	22053
A22023G	S:E154G	13	6150	0.002114	22009	22058
T25375C	S:H1271H	12	9602	0.00125	25372	25409
T25316C	S:S1252P	12	29692	0.000404	25312	25324
T25248C	S:M1229T	12	24573	0.000488	25219	25324
T25245-A	NA	12	24530	0.000489	25220	25261
T25242C	S:I1227T	12	24437	0.000491	25220	25325
T25021-A	NA	12	15787	0.00076	25010	25036
T24871C	S:F1103F	12	17327	0.000693	24850	24880
T24866+G	NA	12	17314	0.000693	24850	24876
T24643+A	NA	12	24888	0.000482	24612	24657
T24492-A C24672-A	NA NA	12	19040	0.00063	24480	24679
T24491C	S:L977L	12	55025	0.000218	24481	24531
T24469A T24544-A	S:N969K NA	12	41288	0.000291	24465	24679
T24469A T24534C	S:N969K S:V991A	12	41470	0.000289	24465	24679
T24127-A	NA	12	4325	0.002775	24120	24153
T24024C	S:L821P	12	7307	0.001642	24021	24106
T23962A	S:F800L	12	2629	0.004564	23950	23978
T23599G T23703C	S:N679K S:I714T	12	25166	0.000477	23580	23706
T23599G T23602-C T23605A G23608T	S:N679K NA S:P681P S:R682R	12	63608	0.000189	23580	23642
T23599G C23604A T23715C	S:N679K S:P681H S:F718S	12	24746	0.000485	23580	23724
T23599G C23604A T23689-A	S:N679K S:P681H NA	12	25557	0.00047	23580	23707
T23599G C23604A G23666-A G23675-T A23711-AT	S:N679K S:P681H NA NA NA	12	24853	0.000483	23580	23724
T23599G C23604A G23642A	S:N679K S:P681H S:A694T	12	62086	0.000193	23580	23642
T23599G C23604A C23700T	S:N679K S:P681H S:A713V	12	25479	0.000471	23593	23724
T23599G C23604A A23690G	S:N679K S:P681H S:N710D	12	25550	0.00047	23580	23700
T23599G C23604A A23687G	S:N679K S:P681H S:N709D	12	25570	0.000469	23580	23724
T23482-A G23522-A C23525T	NA NA S:H655Y	12	8551	0.001403	23474	23539
T23428-G	NA	12	22696	0.000529	23407	23443
T23350C A23403G	S:S596S S:D614G	12	21055	0.00057	23335	23443
T22917G T22942A G22992A C22995A A23013C T23018G	S:L452R S:N460K S:S477N S:T478K S:E484A S:F486V	12	1553	0.007727	22898	23047
T22917G T22942A	S:L452R S:N460K	12	8816	0.001361	22907	22967
T22882G A22914-C	S:N440K NA	12	10964	0.001094	22878	22933
T22882G A22893C C22950-T	S:N440K S:K444T NA	12	7423	0.001617	22877	22964
T22282C	S:T240T	12	10743	0.001117	22273	22319
T22156-G	NA	12	8021	0.001496	22148	22192
T21919+C	NA	12	4284	0.002801	21847	21933
G25540+T	NA	12	4810	0.002495	25372	25566
G25266A	S:C1235Y	12	27636	0.000434	25237	25325
G25226A	S:A1222T	12	23838	0.000503	25217	25324
G25173+A C25262-T	NA NA	12	9940	0.001207	25140	25325
G25173+A	NA	12	13325	0.000901	25140	25183
G24944+T	NA	12	16835	0.000713	24852	24963
G24882A	S:R1107K	12	17111	0.000701	24850	24943
G24868+T	NA	12	17327	0.000693	24852	24878
G24816-A	NA	12	1546	0.007762	24747	24943
G24665A	S:G1035R	12	24873	0.000482	24612	24676
G24164-A A24253-T	NA NA	12	4541	0.002643	24148	24308
G23957T	S:G799C	12	2268	0.005291	23951	23969
G23804A	S:E748K	12	11926	0.001006	23683	23827
G23364+A	NA	12	23365	0.000514	23336	23375
G22813T T22882G T22891-A T22917G	S:K417N S:N440K NA S:L452R	12	8188	0.001466	22798	22934
G22813T T22882G G22933-A T22942A	S:K417N S:N440K NA S:N460K	12	5679	0.002113	22793	22966
G22813T T22882G G22895C G22898A T22900-G	S:K417N S:N440K S:V445L S:G446S NA	12	9145	0.001312	22793	22915
G22813T T22882G A22941-T	S:K417N S:N440K NA	12	5740	0.002091	22793	22949
G22809-A T22882G A22893C T22917G	NA S:N440K S:K444T S:L452R	12	8182	0.001467	22793	22922
G22809-A G22813T T22882G T22917G	NA S:K417N S:N440K S:L452R	12	8182	0.001467	22793	22934
G22365-T	NA	12	5980	0.002007	22344	22384
G22317T G22381A	S:G252V S:R273R	12	5016	0.002392	22249	22446
G22037-TT T22054G	NA S:N164K	12	10912	0.0011	22025	22075
C25460T G25555-T	ORF3a:A23V NA	12	4701	0.002553	25379	25566
C25413-T	NA	12	10672	0.001124	25383	25471
C25324T	S:C1254C	12	29377	0.000408	25294	25325
C25321T	S:C1253C	12	29635	0.000405	25300	25324
C25318T	S:S1252S	12	29666	0.000405	25228	25322
C25262-T T25289C	NA S:C1243R	12	27317	0.000439	25122	25324
C25262-T C25317T	NA S:S1252F	12	27188	0.000441	25209	25325
C25066-A	NA	12	15340	0.000782	25044	25069
C25000T T25016C	Unknown S:L1152L	12	15718	0.000763	24998	25065
C25000T G25091+A	S:D1146D NA	12	1562	0.007682	24990	25210
C24981-T C25000T A25056-T	NA S:D1146D NA	12	13106	0.000916	24850	25069
C24878-A C24899-A C25000T	NA NA S:D1146D	12	12999	0.000923	24857	25069
C24852+A	NA	12	16648	0.000721	24850	24867
C24784-T	NA	12	4970	0.002414	24746	24799
C24759-T	NA	12	5169	0.002322	24738	24772
C24715-T	NA	12	3038	0.00395	24690	24806
C24668T	S:Q1036*	12	24828	0.000483	24612	24676
C24639+G	NA	12	24840	0.000483	24503	24679
C24632-T T24643-A	NA NA	12	24760	0.000485	24612	24679
C24555-A	NA	12	55234	0.000217	24506	24564
C24483-A C24536-A	NA NA	12	52073	0.00023	24476	24564
C24435-T G24488-T	NA NA	12	31218	0.000384	24412	24532
C23854A T23866C	S:N764K S:T768T	12	13115	0.000915	23837	23873
C23825+A	NA	12	11789	0.001018	23767	23835
C23816-T A23853-C	NA NA	12	10361	0.001158	23773	23864
C23604A C23630-A	S:P681H NA	12	63279	0.00019	23591	23641
C23533-A T23599G C23604A	NA S:N679K S:P681H	12	37144	0.000323	23488	23641
C23525T T23599G C23604A G23616A	S:H655Y S:N679K S:P681H S:R685H	12	37063	0.000324	23487	23642
C23525T T23599G C23604A C23638A	S:H655Y S:N679K S:P681H S:I692I	12	36412	0.00033	23487	23641
C23525T T23599G C23604A A23636-T A23639G	S:H655Y S:N679K S:P681H NA S:I693V	12	36031	0.000333	23487	23642
C23525T G23528A T23599G C23604A	S:H655Y S:V656I S:N679K S:P681H	12	37085	0.000324	23487	23637
C23525T C23555T T23599G C23604A	S:H655Y S:P665S S:N679K S:P681H	12	37085	0.000324	23488	23637
C23415-A	NA	12	22753	0.000527	23335	23423
C23393-T C23525T	NA S:H655Y	12	6648	0.001805	23378	23539
C23360A A23403G C23525T	S:P600T S:D614G S:H655Y	12	6187	0.00194	23335	23535
C23334-T C23367+A	NA NA	12	13896	0.000864	23269	23395
C23334-T A23403G T23428-G	NA S:D614G NA	12	13230	0.000907	23269	23443
C23306+T C23334-T	NA NA	12	14233	0.000843	23269	23382
C22290T	S:A243V	12	10728	0.001119	22268	22390
C22109G C22120-A T22200A G22218-T	S:Q183E NA S:V213E NA	12	2283	0.005256	22105	22237
C22062-T G22104-A C22120-A T22164-TA	NA NA NA NA	12	3247	0.003696	22025	22192
C21618T T21632-TACCCCCTG T21737C A21764-TACATG	S:T19I S:DEL25/27 S:F59L S:DEL69/70	12	4662	0.002574	21597	21802
C21618T T21632-TACCCCCTG C21682-A G21686-T G21701-T C21736-T A21764-TACATG	S:T19I S:DEL25/27 NA NA NA NA S:DEL69/70	12	4662	0.002574	21608	21802
C21618T A21764-TACATG C21781-A	S:T19I S:DEL69/70 NA	12	4649	0.002581	21597	21802
C21454+A	NA	12	849	0.014134	21451	21566
A25454G	ORF3a:K21R	12	10061	0.001193	25381	25470
A25438G	ORF3a:K16E	12	10361	0.001158	25381	25477
A25420+T	NA	12	10575	0.001135	25381	25441
A25410G	ORF3a:R6R	12	10730	0.001118	25382	25471
A25235G	S:I1225V	12	24328	0.000493	25220	25324
A25194-AT G25197T G25218-T C25262-T	NA S:W1212L NA NA	12	11084	0.001083	25122	25325
A24962G C25000T	S:N1134D S:D1146D	12	14001	0.000857	24911	25065
A24915G C25000T	S:D1118G S:D1146D	12	13462	0.000891	24850	25069
A24895G	S:E1111E	12	17045	0.000704	24853	24908
A24894G C25000T	S:E1111G S:D1146D	12	13236	0.000907	24857	25069
A24875G	S:T1105A	12	17325	0.000693	24850	24879
A24673C	S:S1037S	12	24619	0.000487	24636	24679
A24670G	S:Q1036Q	12	24756	0.000485	24612	24676
A24629G	S:N1023D	12	24822	0.000483	24612	24675
A24614G	S:I1018V	12	24742	0.000485	24612	24676
A24484G	S:S974S	12	53719	0.000223	24480	24519
A24479-T G24488-T C24672-A	NA NA NA	12	16800	0.000714	24471	24679
A24479-T C24672-A	NA NA	12	16800	0.000714	24470	24679
A24478G	S:A972A	12	51542	0.000233	24473	24498
A24468-T	NA	12	42444	0.000283	24465	24555
A24424T T24541C	S:Q954H S:I993I	12	28699	0.000418	24415	24564
A24424T T24523C	S:Q954H S:V987V	12	28844	0.000416	24412	24564
A24424T T24464-C	S:Q954H NA	12	29312	0.000409	24413	24564
A24424T T24459C	S:Q954H S:L966P	12	29386	0.000408	24412	24564
A24424T T24447C	S:Q954H S:L962P	12	29572	0.000406	24412	24564
A24424T T24436C	S:Q954H S:A958A	12	29724	0.000404	24412	24451
A24424T G24488-T C24517-A C24536-A	S:Q954H NA NA NA	12	28740	0.000418	24412	24558
A24424T G24488+T	S:Q954H NA	12	29115	0.000412	24413	24564
A24424T G24445A	S:Q954H S:T961T	12	29608	0.000405	24412	24564
A24424T C24431-A C24455-A	S:Q954H NA NA	12	29477	0.000407	24412	24564
A24424T A24543G	S:Q954H S:D994G	12	28689	0.000418	24412	24564
A24424T A24484G	S:Q954H S:S974S	12	29137	0.000412	24413	24564
A24424T A24441G	S:Q954H S:N960S	12	29675	0.000404	24412	24448
A24424T A24440G	S:Q954H S:N960D	12	29678	0.000404	24412	24456
A24420G	S:N953S	12	31731	0.000378	24412	24564
A24182G	S:T874A	12	10501	0.001143	24148	24188
A24110-T C24119-A T24126-TA G24140-T	NA NA NA NA	12	3152	0.003807	24021	24180
A24078-T C24119-A	NA NA	12	3405	0.003524	24021	24157
A23886G	S:D775G	12	12712	0.000944	23864	23895
A23852G C23854A	S:N764E S:N764E	12	13557	0.000885	23846	23895
A23512G C23525T T23599G C23604A	S:L650L S:H655Y S:N679K S:P681H	12	37017	0.000324	23487	23624
A23403G T23482-A G23486-T C23525T	S:D614G NA NA S:H655Y	12	6925	0.001733	23335	23532
A23403G T23480+A C23525T	S:D614G NA S:H655S	12	6925	0.001733	23397	23539
A23403G T23411A	S:D614G S:C617S	12	22055	0.000544	23368	23443
A23362G	S:P600P	12	23854	0.000503	23335	23381
A23321+T C23334-T	NA NA	12	14248	0.000842	23274	23362
A23303G A23403G	S:T581A S:D614G	12	13470	0.000891	23270	23443
A23276G C23334-T	S:T572A NA	12	13830	0.000868	23269	23399
A22798+G T22882G G22895C T22896C G22898A	NA S:N440Q S:V445P S:V445P S:G446R	12	9010	0.001332	22793	22909
A22431G	S:D290G	12	7772	0.001544	22414	22442
A22412G	S:T284A	12	7634	0.001572	22397	22414
A22259+T	NA	12	10457	0.001148	22246	22276
A21875-T C21888-T A21979-T G21987A	NA NA NA S:G142D	12	1998	0.006006	21870	21998
A21875-T A21979-T G21987A C22000-AA C22009-A	NA NA S:G142D NA NA	12	1042	0.011516	21847	22024
A21764-TACATG G21796-T	S:DEL69/70 NA	12	5156	0.002327	21745	21802
T25461C	ORF3a:A23A	11	9956	0.001105	25381	25485
T25414C C25416T	ORF3a:F8L ORF3a:F8L	11	10620	0.001036	25381	25477
T25399C	ORF3a:L3L	11	10886	0.00101	25383	25403
T25398C	ORF3a:D2D	11	10894	0.00101	25381	25450
T25316-C	NA	11	29692	0.00037	25297	25324
T25215C	S:L1218P	11	14776	0.000744	25209	25324
T25209C	S:I1216T	11	14375	0.000765	25195	25210
T25171-G	NA	11	13358	0.000823	25146	25186
T25140-A T25191-A C25262-T	NA NA NA	11	9590	0.001147	25122	25325
T24940C C24981-T C25000T	S:C1126C NA S:D1146D	11	13628	0.000807	24850	25008
T24871C C25000T	S:F1103F S:D1146D	11	12954	0.000849	24850	25003
T24866+G C24981-T C25000T	NA NA S:D1146S	11	12919	0.000851	24852	25029
T24785C	S:F1075L	11	4960	0.002218	24724	24806
T24628-A C24632-T	NA NA	11	24801	0.000444	24483	24679
T24544+A C24672-A	NA NA	11	20062	0.000548	24489	24679
T24522C	S:V987A	11	55771	0.000197	24498	24564
T24499+A	NA	11	55375	0.000199	24471	24517
T24490C	S:V976V	11	54979	0.0002	24470	24504
T24472-G C24536-A	NA NA	11	47728	0.00023	24465	24564
T24469A G24611-A	S:N969K NA	11	9509	0.001157	24465	24667
T24243-A	NA	11	7606	0.001446	24229	24255
T23956-G	NA	11	2243	0.004904	23949	23978
T23820G C23854A	S:L753W S:N764K	11	10394	0.001058	23799	23895
T23693C C23854A	S:S711P S:N764K	11	7451	0.001476	23683	23891
T23645-A	NA	11	27349	0.000402	23638	23724
T23599G T23602C	S:N679K S:S680S	11	63638	0.000173	23580	23642
T23599G T23602-C C23604A	S:N679K NA S:P681H	11	63627	0.000173	23580	23642
T23599G C23604A T23686-A	S:N679K S:P681H NA	11	25575	0.00043	23580	23715
T23599G C23604A T23645C	S:N679K S:P681H S:Y695H	11	25890	0.000425	23580	23724
T23599G C23604A T23640C	S:N679K S:P681H S:I693T	11	62310	0.000177	23580	23642
T23599G C23604A C23706T	S:N679K S:P681H S:P715L	11	25136	0.000438	23580	23724
T23599G C23604A C23679T A23712-T	S:N679K S:P681H S:A706V NA	11	24839	0.000443	23580	23724
T23599G C23604A A23670+T	S:N679K S:P681H NA	11	25707	0.000428	23580	23720
T23599G C23603+A C23604G	S:N679K NA S:P681S	11	63627	0.000173	23581	23642
T23599G C23603+A	S:N679K NA	11	63637	0.000173	23584	23612
T23596C T23599G C23604A	S:T678T S:N679K S:P681H	11	63606	0.000173	23580	23642
T23596-A T23599G C23604A	NA S:N679K S:P681H	11	63606	0.000173	23580	23712
T23511+A	NA	11	50743	0.000217	23493	23523
T23389C A23403G	S:A609A S:D614G	11	21771	0.000505	23296	23443
T23336C G23486-T C23525T	S:F592L NA S:H655Y	11	5796	0.001898	23335	23539
T23332C A23403G	S:C590C S:D614G	11	13504	0.000815	23269	23443
T23289+C	NA	11	15566	0.000707	23269	23298
T23287C A23403G	S:A575A S:D614G	11	13314	0.000826	23269	23443
T22882G T22942A	S:N440K S:N460K	11	7868	0.001398	22876	22949
T22882G T22896C G22898A	S:N440K S:V445A S:G446S	11	11754	0.000936	22855	22924
T22882G G22895C T22896C	S:N440K S:V445P S:V445P	11	11776	0.000934	22877	22909
T22882G A22941-T G22992A C22995A A23013C T23018G	S:N440K NA S:S477N S:T478K S:E484A S:F486V	11	1249	0.008807	22876	23042
T22200G T22204+C	S:V213G NA	11	2807	0.003919	22189	22319
T21649-A	NA	11	6745	0.001631	21641	21662
T21632-TACCCCCTG C21654-T A21764-TACATG	S:DEL25/27 NA S:DEL69/70	11	4663	0.002359	21597	21802
G25447+A	NA	11	10224	0.001076	25381	25485
G25314A	S:G1251E	11	29678	0.000371	25260	25325
G25302-T C25317T	NA S:S1252F	11	29104	0.000378	25228	25325
G25287A	S:S1242N	11	28509	0.000386	25283	25325
G25173-A T25191-A G25218-T C25262-T	NA NA NA NA	11	9940	0.001107	25122	25325
G24959T C24981-T	S:V1133F NA	11	14433	0.000762	24850	24998
G24947-T C25000T	NA S:D1146D	11	13723	0.000802	24874	25069
G24882A C25000T	S:R1107K S:D1146D	11	13027	0.000844	24859	25069
G24561-A	NA	11	55043	0.0002	24539	24564
G24530-A	NA	11	55673	0.000198	24498	24540
G24449+T	NA	11	32262	0.000341	24416	24500
G24428+A T24464-C T24471-TG	NA NA NA	11	29382	0.000374	24417	24564
G24285-T	NA	11	7996	0.001376	24278	24352
G23948T A23949-T	S:D796Y NA	11	859	0.012806	23941	23978
G23516T	S:G652W	11	50589	0.000217	23507	23539
G23508+T T23599G C23604A	NA S:N679* S:P681Y	11	36979	0.000297	23486	23641
G23384-T	NA	11	22371	0.000492	23335	23443
G23273-A	NA	11	15294	0.000719	23269	23290
G22813T T22882G G22898A T22942G	S:K417N S:N440K S:G446S S:N460K	11	5679	0.001937	22793	22949
G22813T T22882G G22895C T22896C G22898A T22942G C22950-T	S:K417N S:N440K S:V445P S:V445P S:G446S S:N460K NA	11	5297	0.002077	22793	22967
G22813T T22882G G22895C T22896C G22898A G22933+T	S:K417N S:N440K S:V445P S:V445P S:G446S NA	11	7074	0.001555	22793	22941
G22813T T22882G A22893C G22927-T	S:K417N S:N440K S:K444T NA	11	7520	0.001463	22793	22938
G22813T T22836-A T22882G	S:K417N NA S:N440K	11	10613	0.001036	22798	22894
G22813T G22859+T T22882G	S:K417N NA S:N440Q	11	10613	0.001036	22793	22892
G22569-C G22578A	NA S:G339D	11	1173	0.009378	22505	22580
G22421A	S:D287N	11	7698	0.001429	22403	22444
G22317T G22421A	S:G252V S:D287N	11	4234	0.002598	22246	22446
G22299-A G22317T	NA S:G252V	11	10350	0.001063	22274	22319
G22157-GT	NA	11	8044	0.001367	22147	22191
G22037+T	NA	11	11275	0.000976	22035	22052
G21569-T C21618T T21632-TACCCCCTG	NA S:T19I S:DEL25/27	11	533	0.020638	21552	21664
C25000T T25072-G C25100-A	S:D1146D NA NA	11	1525	0.007213	24992	25151
C25000T G25157A	S:D1146D S:D1199N	11	1370	0.008029	24990	25199
C24899-A C24981-T C25000T A25026-T	NA NA S:D1146D NA	11	12548	0.000877	24850	25069
C24852-A G24992-A C25000T	NA NA S:D1146D	11	12392	0.000888	24850	25069
C24852-A G24883-A	NA NA	11	16246	0.000677	24850	24943
C24621-T T24643-A	NA NA	11	24637	0.000446	24612	24669
C24575T	S:Q1005*	11	20904	0.000526	24486	24676
C24563-T	NA	11	54957	0.0002	24542	24592
C24483-A C24536-AA	NA NA	11	52073	0.000211	24473	24564
C24455-A C24503-T	NA NA	11	31719	0.000347	24412	24553
C24435-T C24517-A	NA NA	11	30988	0.000355	24412	24564
C24435-T C24455-A	NA NA	11	31638	0.000348	24428	24491
C24422-A T24469A	NA S:N969K	11	29235	0.000376	24412	24564
C24422-A A24424T	NA S:Q954H	11	31678	0.000347	24415	24538
C24210-T T24212A	NA S:S884T	11	4793	0.002295	24164	24252
C24064-A A24110-T C24119-A T24126-TA	NA NA NA NA	11	3135	0.003509	24045	24171
C24026-T C24119-A G24124-T	NA NA NA	11	3088	0.003562	24021	24166
C24026-T C24064-A C24119-A	NA NA NA	11	3317	0.003316	24021	24139
C23991-A C24026-T	NA NA	11	3386	0.003249	23969	24106
C23854A T23875C	S:N764K S:A771A	11	12721	0.000865	23842	23895
C23854A A23864G	S:N764K S:T768A	11	13168	0.000835	23849	23895
C23745+A	NA	11	10018	0.001098	23683	23763
C23657-T	NA	11	27617	0.000398	23643	23724
C23533T	S:N657N	11	49759	0.000221	23514	23538
C23525T T23602-C T23605A G23608T	S:H655Y NA S:P681P S:R682R	11	37078	0.000297	23488	23642
C23525T T23599G C23604A G23642A	S:H655Y S:N679K S:P681H Unknown	11	35773	0.000307	23498	23642
C23525T T23599G C23604A C23606T	S:H655Y S:N679K S:P681H S:R682W	11	37078	0.000297	23487	23642
C23525T T23599G C23603+A C23604G	S:H655Y S:N679K NA S:P681S	11	37085	0.000297	23502	23642
C23525T T23548C T23599G	S:H655Y S:C662C S:N679K	11	37097	0.000297	23492	23639
C23525T T23548C C23604A	S:H655Y S:C662C S:P681H	11	37085	0.000297	23501	23642
C23525T T23540C C23604A	S:H655Y S:Y660H S:P681H	11	37085	0.000297	23492	23637
C23525T G23574A T23599G C23604A	S:H655Y S:C671Y S:N679K S:P681H	11	37085	0.000297	23487	23642
C23525T G23567A T23599G C23604A	S:H655Y S:G669S S:N679K S:P681H	11	37085	0.000297	23487	23642
C23525T C23591T T23599G C23604A	S:H655Y S:Q677* S:N679K S:P681H	11	37085	0.000297	23487	23637
C23525T C23565T T23599G C23604A	S:H655Y S:A668V S:N679K S:P681H	11	37085	0.000297	23487	23642
C23525T A23558-T T23599G C23604A G23608T	S:H655Y NA S:N679K S:P681H S:R682R	11	37078	0.000297	23487	23642
C23525T A23550G C23604A	S:H655Y S:D663G S:P681H	11	37085	0.000297	23487	23642
C23367+G	NA	11	23210	0.000474	23341	23374
C23360A	S:P600T	11	24026	0.000458	23335	23371
C23347+G	NA	11	24137	0.000456	23339	23367
C23334-T A23403G C23415-A	NA S:D614G NA	11	13364	0.000823	23269	23443
C23334-T A23400+G	NA NA	11	13552	0.000812	23269	23417
C22802-A T22882G	NA S:N440K	11	10544	0.001043	22793	22889
C22120-A A22135T	NA S:E191D	11	6653	0.001653	22025	22189
C22083-T	NA	11	4117	0.002672	22025	22098
C21618T T21632-TACCCCCTG C21654-T	S:T19I S:DEL25/27 NA	11	6614	0.001663	21597	21664
C21618T T21632-TACCCCCTG A21717G A21764-TACATG	S:T19I S:DEL25/27 S:Q52R S:DEL69/70	11	4662	0.00236	21597	21802
A25377G	S:Y1272C	11	9703	0.001134	25372	25566
A25259G	S:M1233V	11	27244	0.000404	25249	25324
A25176G	S:K1205R	11	13333	0.000825	25151	25182
A25175G	S:K1205E	11	13334	0.000825	25171	25190
A25137-T T25191-A G25218-T C25262-T	NA NA NA NA	11	9509	0.001157	25127	25325
A25137+T	NA	11	12974	0.000848	25122	25159
A25125+G C25262-T	NA NA	11	9042	0.001217	25122	25325
A24901-AT	NA	11	17120	0.000643	24853	24921
A24885-T C24981-T C25000T A25026-T	NA NA S:D1146D NA	11	12295	0.000895	24862	25069
A24758G	S:T1066A	11	5163	0.002131	24724	24788
A24614-T	NA	11	24742	0.000445	24612	24646
A24595G	S:Q1011Q	11	20778	0.000529	24528	24679
A24537G	S:Q992R	11	55485	0.000198	24495	24564
A24433G	S:Q957Q	11	31820	0.000346	24428	24564
A24424T T24501C	S:Q954H S:I980T	11	29042	0.000379	24412	24564
A24424T T24499C	S:Q954H S:D979D	11	29059	0.000379	24412	24563
A24424T T24481C	S:Q954H S:I973I	11	29157	0.000377	24420	24564
A24424T T24469A T24487-G	S:Q954H S:N969K NA	11	29121	0.000378	24412	24564
A24424T G24428+A T24471-TG	S:Q954H NA NA	11	29208	0.000377	24412	24564
A24424T C24536T	S:Q954H S:Q992*	11	28740	0.000383	24412	24564
A24424T C24517-A C24536-A	S:Q954H NA NA	11	28740	0.000383	24412	24564
A24424T A24456G	S:Q954H S:Q965R	11	29452	0.000373	24412	24549
A24423G A24424T	S:Q954R S:Q954R	11	31683	0.000347	24413	24564
A24165G	S:E868G	11	10705	0.001028	24148	24185
A24162G	S:D867G	11	10655	0.001032	24148	24191
A24103G	S:R847R	11	7649	0.001438	24097	24106
A24078-T A24110-T C24119-A T24126-TA	NA NA NA NA	11	3144	0.003499	24021	24148
A23853-C C23855A	NA S:R765S	11	13408	0.00082	23842	23895
A23848+T C23887-A C23929-A	NA NA NA	11	893	0.012318	23767	23943
A23845G C23854A	S:T761T S:N764K	11	13164	0.000836	23837	23889
A23738+T	NA	11	10094	0.00109	23683	23771
A23720+C	NA	11	37767	0.000291	23690	23724
A23704-C	NA	11	38702	0.000284	23688	23724
A23515-G T23599G C23604A	NA S:N679K S:P681H	11	37039	0.000297	23488	23642
A23515+G C23525T T23599G	NA S:H655S S:N679*	11	37051	0.000297	23486	23624
A23493G C23525T	S:Q644R S:H655Y	11	48837	0.000225	23487	23529
A23474+T T23482-A C23525T	NA NA S:H655S	11	8243	0.001334	23427	23539
A23414G	S:T618A	11	22767	0.000483	23410	23432
A23403G G23417C T23482-A C23525T	S:D614G S:E619Q NA S:H655Y	11	6925	0.001588	23335	23532
A23276G	S:T572A	11	15360	0.000716	23269	23290
A23254-T	NA	11	1032	0.010659	23236	23290
A22924-T T22942A	NA S:N460K	11	9441	0.001165	22917	22967
A22798+G G22813T T22882G T22896C	NA S:K417N S:N440Q S:V445A	11	9032	0.001218	22793	22907
A22024G	S:E154E	11	6200	0.001774	22015	22058
A22012-AG T22015G	NA S:S151R	11	5974	0.001841	22000	22043
A22007G	S:N149D	11	6039	0.001821	22001	22058
A22001G T22016C C22033A	S:K147E S:W152R S:F157L	11	5310	0.002072	21994	22058
A21979-T C22000-A	NA NA	11	1814	0.006064	21847	22012
A21875-T G21987A	NA S:G142D	11	1998	0.005506	21847	21990
A21875-T A21979-T G21987A	NA NA S:G142D	11	1998	0.005506	21867	22001
A21868+G	NA	11	4637	0.002372	21847	21897
T25468-C	NA	10	9876	0.001013	25371	25477
T25467C	ORF3a:P25P	10	9887	0.001011	25381	25477
T25258C	S:I1232I	10	27195	0.000368	25233	25324
T25236C	S:I1225T	10	24345	0.000411	25221	25324
T25210C	S:I1216I	10	15985	0.000626	25189	25324
T25191-A C25262-T A25296-G	NA NA NA	10	10502	0.000952	25140	25321
T25171+G C25262-T	NA NA	10	9920	0.001008	25130	25325
T24929C C25000T	S:S1123P S:D1146D	10	13523	0.000739	24853	25069
T24869C	S:F1103L	10	17330	0.000577	24850	24891
T24671C	S:S1037P	10	24716	0.000405	24612	24676
T24660+A	NA	10	24939	0.000401	24612	24671
T24565C	S:L1001L	10	54792	0.000183	24501	24676
T24492-A A24498G	NA S:D979G	10	54811	0.000182	24484	24564
T24481C	S:I973I	10	52793	0.000189	24471	24504
T24470-TTG C24483-A	S:DEL971 NA	10	42612	0.000235	24449	24564
T24451C	S:V963V	10	32272	0.00031	24416	24564
T24278C	S:F906L	10	7780	0.001285	24256	24312
T24267-G A24318-C	NA NA	10	6246	0.001601	24229	24357
T24152G	S:L864V	10	10597	0.000944	24148	24253
T24059C	S:F833L	10	7607	0.001315	23969	24106
T23837C C23854A	S:F759L S:N764K	10	12094	0.000827	23817	23895
T23817C C23854A	S:L752P S:N764K	10	10313	0.00097	23744	23895
T23713A	S:N717K	10	38178	0.000262	23694	23724
T23703-A A23712-T	NA NA	10	38147	0.000262	23683	23725
T23689-A A23712-T	NA NA	10	37788	0.000265	23683	23725
T23599G C23625T	S:N679K S:A688V	10	63484	0.000158	23580	23642
T23599G C23604A T23721C	S:N679K S:P681H S:I720T	10	24549	0.000407	23580	23724
T23599G C23604A T23719C	S:N679K S:P681H S:T719T	10	24595	0.000407	23580	23724
T23599G C23604A T23637-C	S:N679K S:P681H NA	10	62807	0.000159	23592	23642
T23599G C23604A T23605C	S:N679K S:P681H S:P681H	10	63610	0.000157	23580	23642
T23599G C23604A G23653A	S:N679K S:P681H S:M697I	10	25832	0.000387	23580	23722
T23599G C23604A C23655T	S:N679K S:P681H S:S698L	10	25826	0.000387	23580	23724
T23599G C23604A C23647T	S:N679K S:P681H S:Y695Y	10	25874	0.000386	23580	23724
T23529C T23599G C23604A	S:V656A S:N679K S:P681H	10	37124	0.000269	23487	23642
T23434-C T23482-A C23525T	NA NA S:H655Y	10	7825	0.001278	23413	23539
T23433C	S:I624T	10	22221	0.00045	23421	23443
T23407-A	NA	10	22626	0.000442	23386	23428
T23386C A23403G	S:V608V S:D614G	10	21655	0.000462	23269	23443
T23377-A	NA	10	22482	0.000445	23336	23399
T23355C A23403G	S:I598T S:D614G	10	21113	0.000474	23335	23429
T23330C A23403G	S:C590R S:D614G	10	13502	0.000741	23270	23443
T23293C A23403G	S:R577R S:D614G	10	13319	0.000751	23269	23443
T22967C	Unknown	10	12163	0.000822	22948	22967
T22942G G22992A C22995A A23013C T23019C T23031C	S:N460K S:S477N S:T478K S:E484A S:F486S S:F490S	10	1710	0.005848	22937	23038
T22917G G22992A C22995A A23013C	S:L452R S:S477N S:T478K S:E484A	10	1561	0.006406	22905	23047
T22882G T22917G T22942A G22992A C22995A A23013C	S:N440K S:L452R S:N460K S:S477N S:T478K S:E484A	10	1257	0.007955	22876	23038
T22882G G22992A C22995A T23018G	S:N440K S:S477N S:T478K S:F486V	10	1249	0.008006	22876	23047
T22882G G22992A C22995A A23013C	S:N440K S:S477N S:T478K S:E484A	10	1257	0.007955	22876	23042
T22882G C22950-T	S:N440K NA	10	7423	0.001347	22877	22966
T22882G A22893G T22896C T22917G	S:N440K S:K444R S:V445A S:L452R	10	10689	0.000936	22793	22925
T22882G A22893G T22896C	S:N440K S:K444R S:V445A	10	11776	0.000849	22838	22903
T22882G A22893C T22917G T22942A	S:N440K S:K444T S:L452R S:N460K	10	7868	0.001271	22876	22956
T22882G A22893C T22917G A23013C T23018G	S:N440K S:K444T S:L452R S:E484A S:F486V	10	1249	0.008006	22877	23022
T22831+A T22882G A22893C T22917G	NA S:N440Q S:K444S S:L452R	10	8269	0.001209	22814	22929
T22441C	S:L293L	10	7732	0.001293	22417	22446
T22435C	S:C291C	10	7775	0.001286	22417	22446
T22287C	S:L242P	10	10749	0.00093	22274	22319
T22261+A	NA	10	10474	0.000955	22246	22280
T22200G G22218-T	S:V213G NA	10	2747	0.00364	22141	22259
T22177-A	NA	10	9665	0.001035	22164	22192
T22054+A	NA	10	11015	0.000908	22037	22064
T22048C	S:S162S	10	11204	0.000893	22025	22058
T22039C	S:V159V	10	11290	0.000886	22027	22058
T21880G	S:F106L	10	4572	0.002187	21847	21884
G25364-T	NA	10	2571	0.00389	25356	25372
G25302A	S:C1247Y	10	29194	0.000343	25262	25325
G25278-T G25364-T	NA NA	10	2084	0.004798	25251	25380
G25249T	S:M1229I	10	24617	0.000406	25219	25316
G25238A	S:A1226T	10	24384	0.00041	25227	25325
G25177-T C25262-T	NA NA	10	10004	0.001	25140	25325
G25135+A	NA	10	12868	0.000777	25122	25149
G24959T	S:V1133F	10	14814	0.000675	24850	24983
G24867T	S:W1102L	10	17316	0.000578	24850	24882
G24638A	S:A1026T	10	24839	0.000403	24631	24675
G24570-T T24643-A	NA NA	10	20458	0.000489	24484	24679
G24558+T	NA	10	55131	0.000181	24539	24563
G24488-T C24536-A	NA NA	10	53147	0.000188	24470	24558
G24488-T C24503-T C24517-A C24536-A	NA NA NA NA	10	53147	0.000188	24473	24549
G24140T T24141G	S:V860C S:V860C	10	5301	0.001886	24133	24173
G23835+T C23887-A	NA NA	10	9895	0.001011	23767	23895
G23821+T	NA	10	11841	0.000845	23767	23830
G23699+C	NA	10	38968	0.000257	23683	23711
G23699+A	NA	10	38968	0.000257	23692	23718
G23522-A C23525T C23604A	NA S:H655Y S:P681H	10	37085	0.00027	23493	23642
G23501+C	NA	10	50464	0.000198	23487	23512
G23331A A23403G	S:C590Y S:D614G	10	13502	0.000741	23326	23443
G23236-T	NA	10	995	0.01005	23192	23290
G22992A C22995A A23013C T23018C T23019C T23031C	S:S477N S:T478K S:E484A S:F486P S:F486P S:F490S	10	1907	0.005244	22973	23042
G22813T T22882G T22942A C22950-T	S:K417N S:N440K S:N460K NA	10	5297	0.001888	22793	22967
G22813T T22882G T22896C G22898A T22942G A22948C	S:K417N S:N440K S:V445A S:G446S S:N460K S:K462N	10	5397	0.001853	22793	22966
G22813T T22882G G22933-A	S:K417N S:N440K NA	10	7074	0.001414	22793	22966
G22813T T22882G G22895C T22896C G22898A A22948C	S:K417N S:N440K S:V445P S:V445P S:G446S S:K462N	10	5397	0.001853	22793	22967
G22813T T22876-A T22882G A22893C T22917G	S:K417N NA S:N440K S:K444T S:L452R	10	8188	0.001221	22793	22926
G22813T T22831+A T22882G A22893C	S:K417N NA S:N440Q S:K444S	10	10343	0.000967	22793	22909
G22813T G22895C G22898A	S:K417N S:V445L S:G446S	10	9207	0.001086	22793	22910
G22813T G22859+T T22882G G22895C T22896C G22898A	S:K417N NA S:N440Q S:V445P S:V445P S:G446R	10	9207	0.001086	22798	22907
G22813T A22845-T T22882G T22942A	S:K417N NA S:N440K S:N460K	10	5679	0.001761	22793	22966
G22813T A22845-T	S:K417N NA	10	11037	0.000906	22809	22863
G22471-A G22578A	NA S:G339D	10	1050	0.009524	22451	22581
G22427C	S:V289L	10	7756	0.001289	22405	22519
G22037-TT	NA	10	11275	0.000887	22025	22052
G21987A T22054-A	S:G142D NA	10	1707	0.005858	21982	22058
G21987A T21990-TTA	S:G142D S:DEL144	10	2956	0.003383	21966	22012
G21987A G22037-T	S:G142D NA	10	1795	0.005571	21982	22043
G21578-TT C21618T T21632-TACCCCCTG	NA S:T19I S:DEL25/27	10	1039	0.009625	21566	21664
C25276-A G25302-T	NA NA	10	28056	0.000356	25268	25325
C25254-A	NA	10	26993	0.00037	25251	25324
C25000T C25100-A G25106-A	S:D1146D NA NA	10	1454	0.006878	24990	25128
C25000T A25014G	S:D1146D S:E1151G	10	15797	0.000633	24995	25069
C24863-A	NA	10	17310	0.000578	24850	24876
C24789-A	NA	10	4856	0.002059	24724	24798
C24621-T C24672-A	NA NA	10	24232	0.000413	24612	24679
C24606T	S:A1015V	10	20808	0.000481	24493	24676
C24566-A G24570-T	NA NA	10	20863	0.000479	24509	24617
C24553+G	NA	10	55272	0.000181	24513	24564
C24517T	S:D985D	10	55790	0.000179	24480	24546
C24431+A	NA	10	31624	0.000316	24413	24443
C24183-T	NA	10	10493	0.000953	24148	24191
C24119-A G24124-T G24140-T	NA NA NA	10	3363	0.002974	24021	24188
C24026-T C24064-A C24119-A G24140-T	NA NA NA NA	10	3017	0.003315	24021	24191
C23887-AAA	S:DEL776	10	12682	0.000789	23683	23895
C23887-AA G23903-T C23929-A	NA NA NA	10	928	0.010776	23767	23942
C23887-AA G23903-T	NA NA	10	1213	0.008244	23767	23923
C23882-A	NA	10	12965	0.000771	23862	23890
C23854A A23888G	S:N764K S:K776E	10	12211	0.000819	23850	23895
C23833-A C23854A	NA S:N764K	10	10707	0.000934	23825	23895
C23816-T G23835-T A23853-C	NA NA NA	10	10361	0.000965	23767	23858
C23673+T	NA	10	27844	0.000359	23666	23720
C23604A G23675-T	S:P681H NA	10	25721	0.000389	23580	23708
C23604A A23665-G	S:P681H NA	10	25818	0.000387	23580	23701
C23525T T23599G C23604A T23605C	S:H655Y S:N679K S:P681H S:P681H	10	37078	0.00027	23487	23642
C23525T T23599G C23604A C23638T	S:H655Y S:N679K S:P681H S:I692I	10	36412	0.000275	23487	23641
C23525T T23599G C23604A C23630T	S:H655Y S:N679K S:P681H S:Q690*	10	36742	0.000272	23487	23642
C23525T T23548A T23599G C23604A	S:H655Y S:C662* S:N679K S:P681H	10	37085	0.00027	23487	23639
C23525T T23542-G	S:H655Y NA	10	39061	0.000256	23487	23553
C23525T G23593T C23604A	S:H655Y S:Q677H S:P681H	10	37085	0.00027	23516	23624
C23525T G23564A T23599G C23604A	S:H655Y S:A668T S:N679K S:P681H	10	37085	0.00027	23487	23642
C23525T G23547A T23599G C23604A	S:H655Y S:C662Y S:N679K S:P681H	10	37085	0.00027	23487	23639
C23525T C23604A A23639-T	S:H655Y S:P681H NA	10	36031	0.000278	23509	23642
C23525T C23595T T23599G C23604A	S:H655Y S:T678I S:N679K S:P681H	10	37085	0.00027	23487	23642
C23525T C23551T T23599G C23604A	S:H655Y S:D663D S:N679K S:P681H	10	37085	0.00027	23487	23642
C23525T C23533T T23599G C23604A	S:H655Y S:N657N S:N679K S:P681H	10	37085	0.00027	23487	23642
C23525T A23544T T23599G C23604A	S:H655Y S:E661V S:N679K S:P681H	10	37085	0.00027	23487	23634
C23525T A23539T T23599G C23604A	S:H655Y S:S659S S:N679K S:P681H	10	37085	0.00027	23487	23642
C23492+A T23599G C23604A	NA S:N679* S:P681Y	10	36164	0.000277	23486	23642
C23492+A C23525T	NA S:H655S	10	48461	0.000206	23486	23540
C23481A T23482C A23483T	S:S640Y S:S640Y S:N641Y	10	8636	0.001158	23442	23539
C23334-T T23421+C	NA NA	10	13300	0.000752	23282	23443
C23334-T C23367-A G23402-A	NA NA NA	10	13515	0.00074	23269	23443
C23252-A	NA	10	1030	0.009709	23237	23290
C22326T	S:S255F	10	5852	0.001709	22322	22361
C22277-A	NA	10	10716	0.000933	22259	22288
C22120-A T22200G C22227-T	NA S:V213G NA	10	2254	0.004437	22100	22288
C22120-A T22200A	NA S:V213E	10	2436	0.004105	22113	22221
C22083-T C22120-A T22164-TA	NA NA NA	10	3318	0.003014	22047	22182
C22000A A22005G	S:H146Q S:N148S	10	4646	0.002152	21993	22058
C21781-A G21796-T	NA NA	10	5386	0.001857	21772	21802
C21618T T21632-TACCCCCTG G21686-T A21764-TACATG C21781-A	S:T19I S:DEL25/27 NA S:DEL69/70 NA	10	4649	0.002151	21597	21802
C21618T T21632-TACCCCCTG C21736-T C21781-A	S:T19I S:DEL25/27 NA NA	10	4649	0.002151	21597	21802
C21618T C21736-T A21764-TACATG	S:T19I NA S:DEL69/70	10	4662	0.002145	21597	21802
C21618T C21618-A T21632-TACCCCCTG A21764-TACATG	S:T19I NA S:DEL25/27 S:DEL69/70	10	4662	0.002145	21597	21802
C21459+A	NA	10	855	0.011696	21451	21573
A25470G	ORF3a:S26S	10	9846	0.001016	25381	25477
A25426G	ORF3a:T12A	10	10509	0.000952	25381	25477
A25374-T C25416T	NA ORF3a:F8F	10	9114	0.001097	25372	25477
A25326-AT	NA	10	27273	0.000367	25269	25360
A25241C	S:I1227L	10	24427	0.000409	25219	25324
A25182G	S:E1207G	10	13267	0.000754	25174	25210
A25137-T T25191-A	NA NA	10	11859	0.000843	25122	25220
A24879G	S:Q1106R	10	17246	0.00058	24865	24904
A24860G	S:T1100A	10	17280	0.000579	24850	24904
A24788G	S:T1076A	10	4885	0.002047	24724	24805
A24753G	S:H1064R	10	5113	0.001956	24724	24763
A24730G	S:A1056A	10	4915	0.002035	24724	24763
A24602G	S:R1014G	10	20811	0.000481	24480	24676
A24599G	S:I1013V	10	20804	0.000481	24484	24679
A24554+G	NA	10	55236	0.000181	24542	24564
A24498+T	NA	10	55298	0.000181	24480	24509
A24479-T G24488-T C24517-A	NA NA NA	10	51036	0.000196	24476	24532
A24453G	S:K964R	10	32267	0.00031	24412	24564
A24424T T24564C	S:Q954H Unknown	10	28339	0.000353	24417	24564
A24424T T24522C	S:Q954H S:V987A	10	28846	0.000347	24412	24564
A24424T T24496C	S:Q954H S:N978N	10	29078	0.000344	24412	24564
A24424T T24470-TTG C24536-A	S:Q954H S:DEL971 NA	10	28740	0.000348	24412	24564
A24424T T24437C	S:Q954H S:L959L	10	29706	0.000337	24412	24564
A24424T G24449+T	S:Q954H NA	10	29557	0.000338	24413	24460
A24424T G24428A	S:Q954H S:A956T	10	29789	0.000336	24412	24517
A24424T A24562G	S:Q954H S:R1000R	10	28393	0.000352	24412	24564
A24424T A24539+T	S:Q954H NA	10	28715	0.000348	24417	24549
A24424T A24500G	S:Q954H S:I980V	10	29051	0.000344	24412	24564
A24424T A24439G	S:Q954H S:L959L	10	29683	0.000337	24413	24564
A24424T A24430G	S:Q954H S:A956A	10	29782	0.000336	24412	24564
A24420+C A24424T	NA S:Q954P	10	31656	0.000316	24412	24435
A24232G	S:A890A	10	7583	0.001319	24229	24255
A24170G	S:I870V	10	10687	0.000936	24157	24191
A24110-T C24119-A T24126-TA C24150+T	NA NA NA NA	10	3117	0.003208	24021	24191
A24110-T C24119-A C24150+T	NA NA NA	10	3117	0.003208	24021	24191
A23786-T C23816-TT C23854A	NA NA S:N764K	10	9362	0.001068	23683	23895
A23756C C23757A A23767+T C23854A	S:T732H S:T732H NA S:N764K	10	7724	0.001295	23683	23895
A23712-T C23816-T	NA NA	10	8819	0.001134	23683	23830
A23702G	S:I714V	10	38733	0.000258	23683	23724
A23523-AC	NA	10	50243	0.000199	23502	23539
A23414G C23525T	S:T618A S:H655Y	10	7519	0.00133	23403	23539
A23403G T23482-A A23523-AC	S:D614G NA NA	10	6936	0.001442	23335	23539
A23403G T23434C	S:D614G S:I624I	10	20653	0.000484	23269	23443
A23403G C23525T T23529C	S:D614G S:H655Y S:V656A	10	6910	0.001447	23342	23538
A23403G C23525T A23531G	S:D614G S:H655Y S:N657D	10	6877	0.001454	23385	23539
A23403G A23436G	S:D614G S:H625R	10	20596	0.000486	23269	23443
A23305G A23403G	S:T581T S:D614G	10	13473	0.000742	23296	23443
A23295G A23403G	S:D578G S:D614G	10	13323	0.000751	23269	23443
A23283G	S:D574G	10	15444	0.000648	23269	23290
A23276T	S:T572S	10	15360	0.000651	23270	23312
A22914-C T22942A	NA S:N460K	10	8725	0.001146	22902	22948
A22845-T T22882G A22893C T22917G	NA S:N440K S:K444T S:L452R	10	8354	0.001197	22793	22931
A22798+G T22882G T22917G	NA S:N440Q S:L452R	10	8011	0.001248	22793	22922
A22798+G G22813T T22882G G22895C	NA S:K417N S:N440Q S:V445R	10	9966	0.001003	22793	22907
A22310G	S:T250A	10	10605	0.000943	22253	22319
A22305-T G22317T	NA S:G252V	10	10389	0.000963	22256	22319
A22255-G	NA	10	10352	0.000966	22246	22283
A22155G T22156A G22157T	S:D198G S:D198G S:G199C	10	7983	0.001253	22145	22192
A22135T	S:E191D	10	7368	0.001357	22025	22158
A22110+G C22120-A	NA NA	10	6953	0.001438	22102	22138
A22056G	S:N165S	10	10935	0.000914	22029	22058
A22029G	S:E156G	10	11190	0.000894	22025	22058
A21875-T G21901-A	NA NA	10	4410	0.002268	21848	21916
A21875-T A21958-T	NA NA	10	3582	0.002792	21869	21982
A21764-TACATG C21781-A G21796-T	S:DEL69/70 NA NA	10	5156	0.001939	21747	21802
