nt_mutations	aa_mutations	cluster_depth	total_depth	frequency	coverage_start	coverage_end
T23599G C23604A	S:N679K S:P681H	19001	76169	0.249458	23595	23607
C23525T T23599G C23604A	S:H655Y S:N679K S:P681H	17690	39707	0.445513	23519	23608
A24424T	S:Q954H	4684	23993	0.195224	24422	24424
C23854A	S:N764K	4483	14205	0.315593	23850	23861
A23403G	S:D614G	3703	21083	0.175639	23399	23409
C23525T	S:H655Y	3636	53877	0.067487	23521	23527
C25000T	S:D1146D	2530	14692	0.172203	24998	25003
C23604A	S:P681H	1577	76303	0.020668	23602	23608
T23599G	S:N679K	1427	76209	0.018725	23595	23602
C23334-T A23403G	NA S:D614G	1294	12187	0.106179	23296	23409
C23334-T	NA	1240	12895	0.096161	23285	23345
A23403G C23525T	S:D614G S:H655Y	1103	6883	0.16025	23399	23529
C24672-A	NA	1101	25614	0.042984	24642	24679
C23525T T23599G	S:H655Y S:N679K	1059	39719	0.026662	23519	23600
T23599G C23604A G23666-A	S:N679K S:P681H NA	1046	35357	0.029584	23587	23678
C23525T A23558G T23599G C23604A	S:H655Y S:I666V S:N679K S:P681H	976	39707	0.02458	23514	23622
C25262-T	NA	861	29478	0.029208	25252	25281
C24536-AA	NA	849	48790	0.017401	24525	24548
G25302-T	NA	830	31294	0.026523	25295	25317
T23599G C23604A A23712-T	S:N679K S:P681H NA	745	33990	0.021918	23593	23722
C23525T C23604A	S:H655Y S:P681H	723	39707	0.018208	23519	23619
A24424T T24469A	S:Q954H S:N969K	660	22602	0.029201	24417	24498
G22317T	S:G252V	654	4829	0.135432	22305	22319
C25416T	ORF3a:F8F	652	4600	0.141739	25384	25417
T24470-TTG	S:DEL971	644	33046	0.019488	24466	24531
C24981-T C25000T	NA S:D1146D	574	12286	0.04672	24886	25003
G21987A	S:G142D	570	3414	0.16696	21983	21990
C21618T T21632-TACCCCCTG A21764-TACATG	S:T19I S:DEL25/27 S:DEL69/70	552	2758	0.200145	21608	21780
C24536-A	NA	547	48790	0.011211	24528	24564
A24253-T	NA	547	4343	0.12595	24239	24263
C22000A	S:H146Q	523	5589	0.093577	21996	22017
G22021A	S:M153I	503	7414	0.067845	22017	22045
C24455-A	NA	469	24783	0.018924	24428	24468
T24469A	S:N969K	455	32903	0.013829	24467	24478
G22813T T22882G G22895C T22896C G22898A	S:K417N S:N440K S:V445P S:V445P S:G446S	453	7620	0.059449	22800	22906
T24471-TG	NA	389	38659	0.010062	24465	24485
A23403G T23482-A C23525T	S:D614G NA S:H655Y	389	6883	0.056516	23398	23529
A24424T C24536-AA	S:Q954H NA	367	22234	0.016506	24420	24558
A23515+G C23525T T23599G C23604A	NA S:H655S S:N679* S:P681Y	363	39644	0.009156	23508	23608
C23525T A23558-T T23599G C23604A	S:H655Y NA S:N679K S:P681H	341	39707	0.008588	23510	23624
T23482-A C23525T	NA S:H655Y	339	9032	0.037533	23474	23529
A21875-T	NA	335	6148	0.054489	21870	21890
C24517-A	NA	331	49168	0.006732	24508	24527
A24424T C24455-A	S:Q954H NA	331	22773	0.014535	24420	24478
T24628-A	NA	330	25766	0.012808	24626	24645
A24424T T24471-TG	S:Q954H NA	330	22556	0.01463	24420	24564
C21618T T21632-TACCCCCTG	S:T19I S:DEL25/27	319	3463	0.092117	21606	21653
T24643-A	NA	312	25861	0.012064	24638	24653
A23712-T	NA	310	49520	0.00626	23700	23723
C24517-A C24672-A	NA NA	308	21110	0.01459	24489	24679
T22942A	S:N460K	304	8237	0.036907	22938	22949
T22942G	S:N460K	303	8237	0.036785	22938	22949
G22813T T22882G	S:K417N S:N440K	294	8529	0.034471	22809	22885
T24492-A	NA	293	48515	0.006039	24486	24502
T23599G C23604A G23675-T	S:N679K S:P681H NA	289	35247	0.008199	23583	23684
A23853-C	NA	288	14283	0.020164	23846	23862
C25262-TT	NA	285	29478	0.009668	25251	25316
C23525T T23599G C23604A C23635T	S:H655Y S:N679K S:P681H S:S691S	283	39109	0.007236	23507	23637
A24424T T24469A T24472-G	S:Q954H S:N969K NA	283	22554	0.012548	24416	24559
A25216-G	NA	263	16665	0.015782	25209	25316
T24464-C T24470-TTG	NA S:DEL971	260	24594	0.010572	24449	24563
C23525T A23544-G T23599G C23604A	S:H655Y NA S:N679K S:P681H	260	39707	0.006548	23502	23624
T25191-A	NA	259	16052	0.016135	25173	25202
C25294-A	NA	258	30867	0.008358	25285	25320
C23525T T23559C T23599G C23604A	S:H655Y S:I666T S:N679K S:P681H	244	39707	0.006145	23514	23624
A25137-T	NA	241	15532	0.015516	25130	25147
G24883-A C25000T	NA S:D1146D	240	11440	0.020979	24872	25055
C24852-A C25000T	NA S:D1146D	238	10937	0.021761	24850	25061
A23786-T C23854A	NA S:N764K	227	9765	0.023246	23724	23889
C23525T G23547T T23599G C23604A	S:H655Y S:C662F S:N679K S:P681H	221	39707	0.005566	23492	23624
T23599G C23604A A23710G	S:N679K S:P681H S:T716T	220	34021	0.006467	23581	23724
G22813T T22882G G22895C T22896C G22898A T22942G	S:K417N S:N440K S:V445P S:V445P S:G446S S:N460K	218	5527	0.039443	22809	22944
C24422-A A24425T	NA S:N955Y	207	23928	0.008651	24413	24435
C23525T T23599G C23604A T23640A	S:H655Y S:N679K S:P681H S:I693N	198	38407	0.005155	23492	23642
A24922-T C24981-T C25000T	NA NA S:D1146D	197	11791	0.016708	24872	25006
G25278-T	NA	196	30307	0.006467	25270	25298
A24803-T	NA	196	3845	0.050975	24792	24806
G22813T	S:K417N	195	9163	0.021281	22809	22816
G22813T T22882G A22893C T22917G	S:K417N S:N440K S:K444T S:L452R	191	7072	0.027008	22807	22922
T24469A T24472-G	S:N969K NA	190	32792	0.005794	24465	24505
G24488-T	NA	189	47717	0.003961	24480	24499
C23367-A	NA	186	21967	0.008467	23351	23377
A25235-T	NA	181	26988	0.006707	25223	25252
T23599G C23604A G23666-A A23712-T	S:N679K S:P681H NA NA	180	33990	0.005296	23588	23724
T22882G	S:N440K	179	9418	0.019006	22877	22885
T23599G C23604A G23608T	S:N679K S:P681H S:R682R	178	76148	0.002338	23581	23621
G24570-T	NA	178	22357	0.007962	24562	24617
T23599G C23604A A23704+C	S:N679K S:P681H NA	176	34424	0.005113	23593	23710
A25208-T	NA	170	16679	0.010192	25201	25210
T23637-C	NA	169	77481	0.002181	23629	23642
A23592G T23599G C23604A	S:Q677R S:N679K S:P681H	163	76018	0.002144	23581	23639
A24424T G24488-T	S:Q954H NA	160	22496	0.007112	24414	24516
A23515+G T23599G C23604A	NA S:N679* S:P681Y	158	39644	0.003985	23487	23629
T22882G G22895C T22896C G22898A	S:N440K S:V445P S:V445P S:G446S	156	8505	0.018342	22877	22906
C23525T T23584C T23599G C23604A	S:H655Y S:Y674Y S:N679K S:P681H	155	39707	0.003904	23501	23629
T23599G C23604A C23609-G	S:N679K S:P681H NA	151	76146	0.001983	23587	23642
G25287-T	NA	146	30607	0.00477	25280	25293
G25218-T	NA	146	20303	0.007191	25211	25255
G22022-A	NA	144	7425	0.019394	22015	22035
A24922-T	NA	144	14676	0.009812	24903	24932
A23767+T C23854A	NA S:N764K	142	8273	0.017164	23758	23873
T24471-TG C24536-AA	NA NA	141	37263	0.003784	24465	24563
T24267-G	NA	137	4337	0.031589	24257	24329
C24852-A	NA	137	14720	0.009307	24850	24870
C22120-A	NA	137	3138	0.043658	22112	22132
G24140-T	NA	136	2342	0.05807	24133	24173
A24424T T24438+A	S:Q954H NA	136	22958	0.005924	24420	24448
C23887-A	NA	135	13099	0.010306	23866	23895
T25191-A C25262-TT	NA NA	131	12266	0.01068	25140	25320
C24422-A	NA	130	24008	0.005415	24413	24424
C24672-AA	NA	129	25614	0.005036	24613	24679
A24424T T24471-TG C24536-AA	S:Q954H NA NA	129	22234	0.005802	24413	24558
T25191-A C25262-T	NA NA	125	12266	0.010191	25146	25272
G25299-C	NA	123	31144	0.003949	25292	25307
A24424T C24536-A	S:Q954H NA	123	22234	0.005532	24414	24563
C24483+A	NA	120	46408	0.002586	24476	24493
G24992-A C25000T	NA S:D1146D	119	14606	0.008147	24974	25031
A24424T T24469A C24536-AA	S:Q954H S:N969K NA	119	22234	0.005352	24417	24564
T23511+A C23525T T23599G C23604A	NA S:H655S S:N679* S:P681Y	118	39602	0.00298	23489	23624
C23816-T	NA	118	12520	0.009425	23792	23827
G22037-T	NA	117	9382	0.012471	22030	22051
T22054-A	NA	115	9135	0.012589	22037	22058
G25305-T	NA	114	31557	0.003613	25298	25322
C23358T	S:T599I	114	22791	0.005002	23342	23362
C21618T	S:T19I	114	3524	0.03235	21608	21621
C23525T T23563+C T23599G C23604A	S:H655Y NA S:N679* S:P681Y	113	39707	0.002846	23505	23624
A24424T T24469A T24472-G C24536-AA	S:Q954H S:N969K NA NA	113	22234	0.005082	24419	24564
T21856+A	NA	112	6166	0.018164	21848	21865
C21618T T21632-TACCCCCTG A21764-TACATG C21781-A	S:T19I S:DEL25/27 S:DEL69/70 NA	110	2734	0.040234	21600	21788
T23599G C23604A C23609-G G23666-A	S:N679K S:P681H NA NA	106	35357	0.002998	23580	23678
G22813T T22882G G22895C G22898A	S:K417N S:N440K S:V445L S:G446S	106	7620	0.013911	22802	22906
C24503-T	NA	106	48952	0.002165	24495	24515
C24878-A	NA	105	15157	0.006927	24858	24889
T24643-A C24672-A	NA NA	102	25411	0.004014	24612	24679
A24424T C24517-A	S:Q954H NA	102	22366	0.00456	24413	24554
C23525T C23533-A T23599G C23604A	S:H655Y NA S:N679K S:P681H	101	39707	0.002544	23492	23624
A21875-T C21888-T	NA NA	101	5959	0.016949	21872	21899
T23703-A	NA	100	50206	0.001992	23687	23711
T24438+A	NA	98	24710	0.003966	24428	24449
C24904T C25000T	S:I1114I S:D1146D	98	11708	0.00837	24896	25069
C23525T A23550G T23599G C23604A	S:H655Y S:D663G S:N679K S:P681H	98	39707	0.002468	23492	23624
A23558-T T23599G C23604A	NA S:N679K S:P681H	97	40034	0.002423	23546	23624
T23689-A	NA	96	50520	0.0019	23683	23701
C23334-T C23367-A	NA NA	96	12535	0.007659	23285	23377
A22941-T	NA	95	8273	0.011483	22934	22967
A24922-T C25000T	NA S:D1146D	94	11791	0.007972	24886	25004
G22813T T22882G T22942A	S:K417N S:N440K S:N460K	92	5527	0.016646	22809	22966
C24981-T	NA	92	12622	0.007289	24964	24991
C23525T T23599G C23604A T23637-C	S:H655Y S:N679K S:P681H NA	91	38960	0.002336	23492	23642
G23501A C23525T T23599G C23604A	S:A647T S:H655Y S:N679K S:P681H	90	39320	0.002289	23492	23637
C21888-T	NA	90	5974	0.015065	21872	21902
G23948T	S:D796Y	89	600	0.148333	23942	23963
C25132+A	NA	89	15221	0.005847	25122	25149
C23099-T T23143-A	NA NA	88	1073	0.082013	23096	23157
T24470-TTG C24536-AA	S:DEL971 NA	87	32150	0.002706	24465	24564
T23599G C23604A T23662C	S:N679K S:P681H S:G700G	87	35405	0.002457	23580	23700
T23599G C23604A A23656G	S:N679K S:P681H S:S698S	87	35459	0.002454	23581	23703
A23704+C	NA	87	50195	0.001733	23697	23715
T23143-A	NA	86	1143	0.075241	23129	23157
G23835-T	NA	86	12762	0.006739	23832	23847
A24424T T24470-TTG	S:Q954H S:DEL971	86	22557	0.003813	24413	24564
T24464-C T24471-TG	NA NA	85	24592	0.003456	24447	24555
T23482-A	NA	85	9235	0.009204	23474	23510
G22813T T22882G G22898A	S:K417N S:N440K S:G446S	85	7620	0.011155	22808	22901
C23812-A C23854A	NA S:N764K	85	10782	0.007884	23804	23895
C23525T T23599G T23602-C T23605A	S:H655Y S:N679K NA S:P681P	85	39697	0.002141	23516	23642
C23525T T23546C T23599G C23604A	S:H655Y S:C662R S:N679K S:P681H	84	39707	0.002115	23499	23637
A23558G T23599G C23604A	S:I666V S:N679K S:P681H	84	40034	0.002098	23543	23635
A23515-G C23525T T23599G C23604A	NA S:H655Y S:N679K S:P681H	84	39644	0.002119	23501	23637
T21632-TACCCCCTG	S:DEL25/27	83	3463	0.023968	21597	21659
A23474+T C23525T	NA S:H655S	83	8641	0.009605	23467	23539
C24119-A	NA	82	1676	0.048926	24106	24151
C23525T T23599G C23604A C23609-G	S:H655Y S:N679K S:P681H NA	82	39696	0.002066	23493	23633
C21618T T21632-TACCCCCTG C21736-T A21764-TACATG	S:T19I S:DEL25/27 NA S:DEL69/70	82	2758	0.029732	21608	21788
G23384-T A23403G	NA S:D614G	81	20411	0.003968	23335	23429
C23854A C23887-A	S:N764K NA	81	12610	0.006423	23852	23895
G22813T T22882G T22896C G22898A T22942G	S:K417N S:N440K S:V445A S:G446S S:N460K	80	5527	0.014474	22800	22966
G22578A	S:G339D	80	468	0.17094	22573	22580
C25169-T	NA	80	16139	0.004957	25152	25180
T23599G C23604A T23640A	S:N679K S:P681H S:I693N	79	74633	0.001059	23580	23642
C24878-A C24981-T C25000T	NA NA S:D1146D	79	11431	0.006911	24852	25012
C23816-TT C23854A	NA S:N764K	79	10809	0.007309	23802	23881
A21764-TACATG	S:DEL69/70	79	3146	0.025111	21757	21793
C23525T T23599G T23602C C23604A	S:H655Y S:N679K S:S680S S:P681H	78	39707	0.001964	23508	23637
A25472-T	NA	78	4167	0.018719	25381	25477
G23522-A C23525T	NA S:H655Y	77	53856	0.00143	23511	23538
T22882G G22895C G22898A	S:N440K S:V445L S:G446S	76	8505	0.008936	22877	22906
T22882G A22893C T22917G	S:N440K S:K444T S:L452R	75	7946	0.009439	22877	22920
T21632-TACCCCCTG A21764-TACATG	S:DEL25/27 S:DEL69/70	75	2758	0.027194	21604	21800
A24424T C24503-T	S:Q954H NA	73	22429	0.003255	24413	24562
A23354+T	NA	73	22889	0.003189	23340	23362
C21781-A	NA	72	3264	0.022059	21772	21800
C24899-A C24981-T C25000T	NA NA S:D1146D	71	11679	0.006079	24856	25013
C23099-T	NA	71	1110	0.063964	23096	23110
A24493T	S:L977F	71	48520	0.001463	24491	24529
C25276-A	NA	70	30229	0.002316	25267	25325
C22062-T	NA	70	1642	0.042631	22040	22073
T24470-TTG C24536-A	S:DEL971 NA	69	32150	0.002146	24465	24564
T23596+A T23599G C23604A	NA S:N679* S:P681Y	69	76138	0.000906	23583	23625
T23480+A C23525T	NA S:H655S	69	8762	0.007875	23466	23538
G22813T T22882G G22898A T22942G	S:K417N S:N440K S:G446S S:N460K	69	5527	0.012484	22801	22949
T24469A C24536-AA	S:N969K NA	68	31911	0.002131	24465	24562
T24464-C	NA	68	24685	0.002755	24445	24527
T23599G C23604A T23693C	S:N679K S:P681H S:S711P	68	35091	0.001938	23580	23699
T23599G C23604A C23709+A	S:N679K S:P681H NA	68	34092	0.001995	23581	23717
C23393-T A23403G	NA S:D614G	68	20683	0.003288	23383	23438
G25311T	S:C1250F	67	31887	0.002101	25300	25324
T25301-G	NA	66	31249	0.002112	25294	25320
T23599G C23604A G23666-A A23711-AT	S:N679K S:P681H NA NA	66	34004	0.001941	23580	23724
T23491C C23525T T23599G C23604A	S:F643F S:H655Y S:N679K S:P681H	66	38737	0.001704	23487	23630
T23434-C C23525T	NA S:H655Y	66	8123	0.008125	23426	23539
T22882G G22895C T22896C G22898A T22942G	S:N440K S:V445P S:V445P S:G446S S:N460K	66	6300	0.010476	22877	22945
G24521+T	NA	66	49096	0.001344	24497	24532
G22813T T22882G T22917G T22942A	S:K417N S:N440K S:L452R S:N460K	66	5527	0.011941	22793	22949
G22813T T22882G T22896C G22898A	S:K417N S:N440K S:V445A S:G446S	66	7620	0.008661	22793	22915
A23848+T C23887-A	NA NA	66	12399	0.005323	23808	23897
A23474+T	NA	66	8904	0.007412	23465	23539
A21979-T G21987A	NA S:G142D	66	2780	0.023741	21853	21993
C24904T	S:I1114I	65	14791	0.004395	24898	24943
C23525T A23552G T23599G C23604A	S:H655Y S:I664V S:N679K S:P681H	65	39707	0.001637	23509	23637
A23786+T	NA	65	12193	0.005331	23775	23796
A23720-T	NA	65	48927	0.001329	23690	23724
T25263C	S:L1234P	64	29578	0.002164	25256	25324
T23599G T23602C C23604A	S:N679K S:S680S S:P681H	64	76169	0.00084	23580	23641
T23599G C23604A T23652C	S:N679K S:P681H S:M697T	64	35475	0.001804	23580	23690
T23599G C23604A G23624A	S:N679K S:P681H S:A688T	64	76030	0.000842	23595	23642
T23599G C23604A A23646G	S:N679K S:P681H S:Y695C	64	35527	0.001801	23580	23700
G24992-A	NA	64	14739	0.004342	24976	25021
G22014-T	NA	64	7281	0.00879	22003	22045
C24483-A	NA	64	46408	0.001379	24476	24550
C23854A G23868-A	S:N764K NA	64	13583	0.004712	23850	23895
C23525T A23594G T23599G C23604A	S:H655Y S:T678A S:N679K S:P681H	64	39707	0.001612	23516	23637
C23525T A23586G T23599G C23604A	S:H655Y S:Q675R S:N679K S:P681H	64	39707	0.001612	23487	23642
C23492-A	NA	64	53567	0.001195	23488	23503
C25000T A25026-T	S:D1146D NA	63	14078	0.004475	24990	25043
A24253-T C24263-A	NA NA	63	4257	0.014799	24229	24279
T23599G C23604A A23696-T	S:N679K S:P681H NA	61	35070	0.001739	23581	23708
T25303-TG T25306G	NA S:C1248W	60	31315	0.001916	25287	25322
T23599G T23602-C T23605A G23608T	S:N679K NA S:P681P S:R682R	60	76148	0.000788	23580	23642
T23584C T23599G C23604A	S:Y674Y S:N679K S:P681H	60	75872	0.000791	23580	23628
T21880C	S:F106F	60	6091	0.009851	21870	21890
C23525T A23531G T23599G C23604A	S:H655Y S:N657D S:N679K S:P681H	60	39707	0.001511	23492	23642
A24885-T C24981-T C25000T	NA NA S:D1146D	60	11462	0.005235	24867	25013
A24318-C	NA	60	4211	0.014248	24311	24333
A23515+G	NA	60	54514	0.001101	23487	23531
A23474+T T23480+A C23525T	NA NA S:H655Y	60	8641	0.006944	23466	23539
T24472-G	NA	59	39612	0.001489	24465	24564
T24469A T24472-G C24536-AA	S:N969K NA NA	59	31911	0.001849	24438	24561
T23599G C23604A T23622C	S:N679K S:P681H S:V687A	59	76065	0.000776	23590	23639
T23599G C23604A T23620C	S:N679K S:P681H S:S686S	59	76087	0.000775	23593	23642
T23599G C23604A A23631G	S:N679K S:P681H S:Q690R	59	75540	0.000781	23580	23642
G24488A	S:V976I	59	47717	0.001236	24481	24511
C23525T T23599G C23604A A23639-T	S:H655Y S:N679K S:P681H NA	59	38480	0.001533	23505	23642
T23599G C23604A A23665G	S:N679K S:P681H S:A701A	58	35371	0.00164	23580	23700
T23344C A23403G	S:G594G S:D614G	58	19835	0.002924	23335	23443
T22200G	S:V213G	58	1751	0.033124	22195	22209
C24632-T	NA	58	25792	0.002249	24620	24660
C24517-A T24643-A C24672-A	NA NA NA	58	21110	0.002748	24474	24679
C23709-A	NA	58	49708	0.001167	23704	23719
C23358T A23403G	S:T599I S:D614G	58	20036	0.002895	23342	23426
A23712-TT	NA	58	49520	0.001171	23683	23725
T23599G C23604A C23701T	S:N679K S:P681H S:A713A	57	34893	0.001634	23590	23705
C24431-A	NA	57	24358	0.00234	24412	24450
A24525G	S:E988G	57	49073	0.001162	24518	24530
T25258C	S:I1232I	56	29269	0.001913	25250	25324
G25135+A	NA	56	15307	0.003658	25125	25149
G23768-T	NA	56	12409	0.004513	23767	23780
C25294-A G25302-T	NA NA	56	30833	0.001816	25286	25324
C24899-A	NA	56	14899	0.003759	24850	24909
C23525T T23548C T23599G C23604A	S:H655Y S:C662C S:N679K S:P681H	56	39707	0.00141	23492	23627
C23525T T23529C T23599G C23604A	S:H655Y S:V656A S:N679K S:P681H	56	39707	0.00141	23505	23624
T23599G C23604A G23699A	S:N679K S:P681H S:A713T	55	35053	0.001569	23580	23700
T23346C A23403G	S:V595A S:D614G	55	19903	0.002763	23296	23424
G24933-T	NA	55	14631	0.003759	24899	24943
G22158-T	NA	55	3438	0.015998	22151	22165
C22062-T C22120-A	NA NA	55	1076	0.051115	22030	22132
A24287+T	NA	55	4596	0.011967	24229	24301
G23508+T C23525T T23599G C23604A	NA S:H655S S:N679* S:P681Y	54	39549	0.001365	23487	23624
C25262-TT G25278-T	NA NA	54	29373	0.001838	25251	25310
C24517-A A24520T	NA S:K986N	54	49098	0.0011	24492	24554
C23525T A23558G C23604A	S:H655Y S:I666V S:P681H	54	39707	0.00136	23510	23637
C23525T A23544G T23599G C23604A	S:H655Y S:E661G S:N679K S:P681H	54	39707	0.00136	23487	23637
C23492-A C23525T T23599G C23604A	NA S:H655Y S:N679K S:P681H	54	38746	0.001394	23488	23624
C22120-A T22200G	NA S:V213G	54	1528	0.03534	22112	22215
A25137-T C25262-T	NA NA	54	11087	0.004871	25130	25285
A24885-T	NA	54	15013	0.003597	24856	24897
T25307C	S:S1249P	53	31734	0.00167	25291	25324
T25191-A G25218-T	NA NA	53	12441	0.00426	25137	25254
T23599G C23604A T23637C	S:N679K S:P681H S:I692T	53	75228	0.000705	23580	23642
G22813T T22882G T22917G	S:K417N S:N440K S:L452R	53	7072	0.007494	22801	22927
C24503-T C24517-A	NA NA	53	48582	0.001091	24489	24528
C23525T A23558G T23599G	S:H655Y S:I666V S:N679K	53	39719	0.001334	23499	23637
C21618T A21764-TACATG	S:T19I S:DEL69/70	53	2758	0.019217	21597	21788
T25322C	S:C1254R	52	31787	0.001636	25300	25324
T23599G C23604A C23709-A	S:N679K S:P681H NA	52	34092	0.001525	23581	23722
T23599G C23604A A23668G	S:N679K S:P681H S:E702E	52	35335	0.001472	23593	23700
G23735-A	NA	52	11122	0.004675	23683	23745
G22813T T22882G A22893C G22898A T22917G T22942G	S:K417N S:N440K S:K444T S:G446S S:L452R S:N460K	52	5527	0.009408	22793	22944
C24566-A	NA	52	22382	0.002323	24547	24579
C23525T A23588G T23599G C23604A	S:H655Y S:T676A S:N679K S:P681H	52	39707	0.00131	23487	23635
A23711-AT	NA	52	49558	0.001049	23697	23723
A23586G T23599G C23604A	S:Q675R S:N679K S:P681H	52	75899	0.000685	23580	23642
A23495G C23525T T23599G C23604A	S:T645A S:H655Y S:N679K S:P681H	52	39172	0.001327	23487	23638
T23599G T23600C C23604A	S:N679K S:S680P S:P681H	51	76169	0.00067	23588	23642
T23434-C	NA	51	21100	0.002417	23422	23441
C23709+A	NA	51	49708	0.001026	23683	23719
C23525T T23599G C23604G	S:H655Y S:N679K S:P681R	51	39707	0.001284	23488	23624
A24560G	S:R1000G	51	48487	0.001052	24537	24564
A24424T C24517-A A24520T	S:Q954H NA S:K986N	51	22349	0.002282	24412	24564
A23588G T23599G C23604A	S:T676A S:N679K S:P681H	51	75956	0.000671	23580	23625
T25312C	S:C1250C	50	31902	0.001567	25293	25324
T23599G C23604A T23629C	S:N679K S:P681H S:S689S	50	75622	0.000661	23580	23642
T23480+A	NA	50	8983	0.005566	23471	23539
T22882G A22893C	S:N440K S:K444T	50	9259	0.0054	22877	22897
G25244-T	NA	50	27181	0.00184	25222	25325
G24883-A	NA	50	14995	0.003334	24871	24915
C22109G	S:Q183E	50	3068	0.016297	22104	22112
A25256-T	NA	50	29170	0.001714	25252	25309
A23515+G C23525T	NA S:H655S	50	53729	0.000931	23487	23532
A23474+T T23480+A	NA NA	50	8861	0.005643	23462	23539
A23403G T23482-A	S:D614G NA	50	7065	0.007077	23387	23514
A23403G T23434-C C23525T	S:D614G NA S:H655Y	50	6883	0.007264	23399	23529
T24658C	S:C1032C	49	25938	0.001889	24626	24676
T23599G C23604A T23626C	S:N679K S:P681H S:A688A	49	75709	0.000647	23580	23637
T23599G C23604A A23670-T	S:N679K S:P681H NA	49	35318	0.001387	23581	23689
G25555-T	NA	49	1425	0.034386	25372	25566
G25218-T C25262-T	NA NA	49	20128	0.002434	25140	25325
G23505A C23525T T23599G C23604A	S:G648D S:H655Y S:N679K S:P681H	49	39459	0.001242	23501	23637
C24422-A A24425T C24455-A	NA S:N955Y NA	49	22762	0.002153	24412	24490
C23525T T23599G C23604A A23623G	S:H655Y S:N679K S:P681H S:V687V	49	39648	0.001236	23501	23642
C23525T A23534G T23599G C23604A	S:H655Y S:N658D S:N679K S:P681H	49	39707	0.001234	23487	23635
T23599G G23666-A	S:N679K NA	48	35357	0.001358	23581	23691
T23599G C23604A T23684C	S:N679K S:P681H S:S708P	48	35158	0.001365	23592	23700
T23599G C23604A T23654C	S:N679K S:P681H S:S698P	48	35468	0.001353	23580	23700
T23599G C23604A G23675-T A23712-T	S:N679K S:P681H NA NA	48	33990	0.001412	23580	23724
C23525T T23599G C23604A T23629C	S:H655Y S:N679K S:P681H S:S689S	48	39282	0.001222	23487	23633
C23525T T23542-G T23599G C23604A	S:H655Y NA S:N679K S:P681H	48	39707	0.001209	23501	23624
C23525T T23537C T23599G C23604A	S:H655Y S:S659P S:N679K S:P681H	48	39707	0.001209	23487	23637
T25310-G	NA	47	31869	0.001475	25300	25324
T23599G C23604A T23689C	S:N679K S:P681H S:N709N	47	35119	0.001338	23580	23705
T23599G C23604A A23711-AT	S:N679K S:P681H NA	47	34004	0.001382	23580	23724
G24488-T C24672-A	NA NA	47	19421	0.00242	24478	24679
G23735+A	NA	47	11122	0.004226	23689	23771
C23525T T23599G T23600C C23604A	S:H655Y S:N679K S:S680P S:P681H	47	39707	0.001184	23487	23624
C23525T T23599G C23604A G23612A	S:H655Y S:N679K S:P681H S:A684T	47	39688	0.001184	23487	23640
A25315G	S:G1251G	47	31931	0.001472	25298	25324
A24532G	S:E990E	47	48898	0.000961	24498	24541
A24498G	S:D979G	47	48825	0.000963	24487	24564
A24424T T24470-TTG C24536-AA	S:Q954H S:DEL971 NA	47	22234	0.002114	24412	24564
A24110-T C24119-A	NA NA	47	1570	0.029936	24021	24153
A24110-T	NA	47	1612	0.029156	24103	24121
A23786-T	NA	47	12193	0.003855	23769	23798
A23362+C	NA	47	22593	0.00208	23354	23369
A21979-T	NA	47	4929	0.009535	21847	21995
T25191-A G25218-T C25262-TT	NA NA NA	46	12266	0.00375	25137	25325
T25140-A	NA	46	15910	0.002891	25133	25154
T24471-TG C24536-A	NA NA	46	37263	0.001234	24465	24564
T23944C	S:I794I	46	1080	0.042593	23941	23947
T23599G C23604A T23677C	S:N679K S:P681H S:V705V	46	35233	0.001306	23580	23708
G23868-A	NA	46	13998	0.003286	23861	23891
G22813T T22882G A22893C	S:K417N S:N440K S:K444T	46	8371	0.005495	22807	22902
G22487-A	NA	46	1148	0.04007	22368	22499
C23525T T23599G C23604A T23617C	S:H655Y S:N679K S:P681H S:R685R	46	39669	0.00116	23505	23633
A23696-T	NA	46	50738	0.000907	23689	23707
T23599G C23604G	S:N679K S:P681R	45	76169	0.000591	23580	23642
T23599G C23604A T23695C	S:N679K S:P681H S:S711S	45	35075	0.001283	23580	23699
T23590C T23599G C23604A	S:T676T S:N679K S:P681H	45	75981	0.000592	23580	23642
T23346C	S:V595A	45	22853	0.001969	23336	23367
G24971+T C24981-T C25000T	NA NA S:D1146S	45	12199	0.003689	24852	25013
G21987A A22001G T22016C C22033A	S:G142D S:K147E S:W152R S:F157L	45	1747	0.025758	21983	22058
C24878-A A24922-T C24981-T C25000T	NA NA NA S:D1146D	45	11431	0.003937	24850	25023
C24119-A T24126-TA	NA NA	45	1565	0.028754	24060	24153
C23367-A A23403G	NA S:D614G	45	20086	0.00224	23345	23424
A25253G	S:T1231A	45	29069	0.001548	25242	25324
A24479-T	NA	45	44870	0.001003	24476	24491
T25415-C	NA	44	4607	0.009551	25383	25449
T25265C	S:C1235R	44	29650	0.001484	25251	25324
T25196-G	NA	44	16349	0.002691	25140	25210
T23599G C23604A G23666-A G23675-T	S:N679K S:P681H NA NA	44	35247	0.001248	23580	23705
T23323-A A23403G	NA S:D614G	44	12159	0.003619	23296	23441
G23835+T	NA	44	12762	0.003448	23824	23848
C24455-A G24488-T	NA NA	44	24460	0.001799	24412	24564
C23525T T23599G C23604A A23632G	S:H655Y S:N679K S:P681H S:Q690Q	44	39186	0.001123	23487	23642
C23525T C23536T T23599G C23604A	S:H655Y S:N658N S:N679K S:P681H	44	39707	0.001108	23505	23637
C23525T A23566G T23599G C23604A	S:H655Y S:A668A S:N679K S:P681H	44	39707	0.001108	23488	23639
C23525T A23558G A23558-T T23599G C23604A	S:H655Y S:I666V NA S:N679K S:P681H	44	39707	0.001108	23493	23625
C23525T A23554-C T23599G C23604A	S:H655Y NA S:N679K S:P681H	44	39707	0.001108	23508	23624
C23525T A23539G T23599G C23604A	S:H655Y S:S659S S:N679K S:P681H	44	39707	0.001108	23487	23635
A24424T A24520T	S:Q954H S:K986N	44	22349	0.001969	24420	24564
T25251C	S:V1230A	43	27377	0.001571	25219	25324
T23599G C23604A C23694T	S:N679K S:P681H S:S711F	43	35088	0.001225	23580	23705
T23488C C23525T T23599G C23604A	Unknown S:H655Y S:N679K S:P681H	43	38262	0.001124	23487	23637
G24488-T C24517-A	NA NA	43	46798	0.000919	24473	24528
C25000T C25100-A	S:D1146D NA	43	1820	0.023626	24990	25117
C24981-T C25000T A25026-T	NA S:D1146D NA	43	11710	0.003672	24850	25065
C23525T T23599G C23604A C23615T	S:H655Y S:N679K S:P681H S:R685C	43	39676	0.001084	23487	23624
C23525T A23572G T23599G C23604A	S:H655Y S:I670M S:N679K S:P681H	43	39707	0.001083	23487	23639
C23525T A23554G T23599G C23604A	S:H655Y S:I664M S:N679K S:P681H	43	39707	0.001083	23505	23642
A24468-T T24470A	NA S:F970I	43	32797	0.001311	24465	24484
A24324T	S:K921I	43	3802	0.01131	24229	24328
A23494G C23525T T23599G C23604A	S:Q644Q S:H655Y S:N679K S:P681H	43	39158	0.001098	23490	23624
T25268C	S:C1236R	42	29874	0.001406	25226	25324
T25187+A	NA	42	15662	0.002682	25180	25313
T23599G C23604A T23659C	S:N679K S:P681H S:L699L	42	35428	0.001186	23580	23678
T23599G A23712-T	S:N679K NA	42	33990	0.001236	23580	23724
T23521C C23525T T23599G C23604A	S:A653A S:H655Y S:N679K S:P681H	42	39698	0.001058	23487	23622
T23323-A	NA	42	12971	0.003238	23285	23335
G22403-A	NA	42	3094	0.013575	22384	22414
C23525T T23599G C23604A G23610A	S:H655Y S:N679K S:P681H S:R683Q	42	39692	0.001058	23494	23642
C23525T T23590C T23599G C23604A	S:H655Y S:T676T S:N679K S:P681H	42	39707	0.001058	23488	23637
A23712+T	NA	42	49520	0.000848	23705	23723
A23598G T23599G C23604A	S:N679R S:N679R S:P681H	42	76140	0.000552	23580	23642
T24544+A	NA	41	48771	0.000841	24476	24552
T21861-A	NA	41	6164	0.006652	21847	21870
G24971+T C25000T	NA S:D1146S	41	12199	0.003361	24948	25017
C23525T A23598G T23599G C23604A	S:H655Y S:N679R S:N679R S:P681H	41	39707	0.001033	23492	23637
A24424T C24431-A	S:Q954H NA	41	23010	0.001782	24412	24445
A23594G T23599G C23604A	S:T678A S:N679K S:P681H	41	76109	0.000539	23580	23642
A23493G C23525T T23599G C23604A	S:Q644R S:H655Y S:N679K S:P681H	41	39015	0.001051	23487	23634
T25310C	S:C1250R	40	31869	0.001255	25294	25324
T25191-A C25262-TT G25278-T	NA NA NA	40	12166	0.003288	25124	25314
T25187C	S:Y1209H	40	15662	0.002554	25141	25195
T23507C C23525T T23599G C23604A	S:C649R S:H655Y S:N679K S:P681H	40	39523	0.001012	23487	23625
G25323A	S:C1254Y	40	31774	0.001259	25303	25324
G25218-T C25262-TT	NA NA	40	20128	0.001987	25174	25323
C24435-T	NA	40	24564	0.001628	24424	24445
C23525T T23599G C23604A G23607A	S:H655Y S:N679K S:P681H S:R682Q	40	39696	0.001008	23516	23629
A24518G	S:K986E	40	49188	0.000813	24489	24536
A24253-T A24287+T	NA NA	40	4161	0.009613	24229	24298
A23852-AC	NA	40	14319	0.002793	23843	23873
A23848+T	NA	40	14449	0.002768	23767	23861
A23756-C C23854A	NA S:N764K	40	8246	0.004851	23734	23895
T25191-A G25218-T C25262-T	NA NA NA	39	12266	0.00318	25140	25325
T23487C C23525T T23599G C23604A	Unknown S:H655Y S:N679K S:P681H	39	16480	0.002367	23486	23624
G24521+T C24672-A	NA NA	39	21170	0.001842	24497	24679
G22104-A C22120-A	NA NA	39	3011	0.012953	22100	22135
C24455-A C24517-A	NA NA	39	24301	0.001605	24425	24564
C23525T T23599G C23604A T23637C	S:H655Y S:N679K S:P681H S:I692T	39	38960	0.001001	23495	23642
C23525T A23541G T23599G C23604A	S:H655Y S:Y660C S:N679K S:P681H	39	39707	0.000982	23492	23624
C23334-T C23367-A A23403G	NA NA S:D614G	39	12187	0.0032	23269	23429
C21618T T21632-TACCCCCTG C21736-T A21764-TACATG C21781-A	S:T19I S:DEL25/27 NA S:DEL69/70 NA	39	2734	0.014265	21606	21802
A23403G C23525T T23537C	S:D614G S:H655Y S:S659P	39	6444	0.006052	23388	23539
T23599G C23604A T23641-G	S:N679K S:P681H NA	38	74403	0.000511	23588	23669
T23599G C23604A C23635T	S:N679K S:P681H S:S691S	38	75391	0.000504	23580	23637
C25000T A25056-T	S:D1146D NA	38	13759	0.002762	24990	25065
C24899-A C25000T	NA S:D1146D	38	11679	0.003254	24868	25010
C24503-T C24672-A	NA NA	38	20744	0.001832	24486	24679
C23604A G23666-A	S:P681H NA	38	35435	0.001072	23599	23681
A24520T	S:K986N	38	49186	0.000773	24493	24555
A24110-T C24119-A T24126-TA	NA NA NA	38	1459	0.026045	24021	24153
A21875+T	NA	38	6148	0.006181	21847	21894
T25228C	S:A1222A	37	26697	0.001386	25224	25324
T23599G C23604A T23617C	S:N679K S:P681H S:R685R	37	76100	0.000486	23580	23642
T23599G C23604A G23610A	S:N679K S:P681H S:R683Q	37	76136	0.000486	23580	23642
T23599G C23604A C23664T	S:N679K S:P681H S:A701V	37	35383	0.001046	23580	23706
T23599G C23604A A23702G	S:N679K S:P681H S:I714V	37	34466	0.001074	23580	23724
T23500C C23525T T23599G C23604A	S:R646R S:H655Y S:N679K S:P681H	37	39305	0.000941	23487	23613
T23489C C23525T T23599G C23604A	S:F643L S:H655Y S:N679K S:P681H	37	38708	0.000956	23487	23629
T22942G A22948-C	S:N460K NA	37	8016	0.004616	22937	22966
G25130+C	NA	37	14888	0.002485	25122	25139
G24776-A	NA	37	4259	0.008687	24763	24787
G24428+A	NA	37	23205	0.001594	24413	24564
G23666-A	NA	37	38104	0.000971	23657	23679
C24026-T	NA	37	2821	0.013116	24021	24057
C23525T T23599G C23604A T23626C	S:H655Y S:N679K S:P681H S:A688A	37	39334	0.000941	23487	23637
C23525T T23599G C23604A T23622C	S:H655Y S:N679K S:P681H S:V687A	37	39654	0.000933	23505	23637
C23525T T23540C T23599G C23604A	S:H655Y S:Y660H S:N679K S:P681H	37	39707	0.000932	23508	23637
A24641G	S:T1027A	37	25835	0.001432	24623	24665
A24424T T24471-TG C24536-A	S:Q954H NA NA	37	22234	0.001664	24412	24554
A24253-T A24324T	NA S:K921I	37	2906	0.012732	24229	24327
A22029G	S:E156G	37	9348	0.003958	22025	22052
T24549C	S:L996S	36	48713	0.000739	24539	24564
T24492-A C24536-A	NA NA	36	46995	0.000766	24484	24679
T24489C	S:V976A	36	48170	0.000747	24480	24532
T23599G C23604A C23609T	S:N679K S:P681H S:R683W	36	76146	0.000473	23580	23640
T23599G C23604A C23609-G G23666-A A23712-T	S:N679K S:P681H NA NA NA	36	33990	0.001059	23580	23724
T23599G C23604A A23670+T	S:N679K S:P681H NA	36	35318	0.001019	23580	23700
T23599G C23604A A23639G	S:N679K S:P681H S:I693V	36	74715	0.000482	23581	23642
T23599G C23604A A23639-T	S:N679K S:P681H NA	36	74715	0.000482	23590	23642
G24488-T C24517-A C24672-A	NA NA NA	36	19421	0.001854	24471	24679
G23508+T	NA	36	54634	0.000659	23487	23518
G21901-A	NA	36	5882	0.00612	21849	21910
C25416T A25472-T	ORF3a:F8F NA	36	4167	0.008639	25382	25477
C25000T T25021-A	S:D1146D NA	36	14196	0.002536	24996	25033
C24878-A C25000T	NA S:D1146D	36	11431	0.003149	24853	25009
C24465-CA T24470-TTG	NA S:DEL971	36	24598	0.001464	24445	24564
A25274G	S:T1238A	36	30154	0.001194	25268	25324
A24617G	S:R1019G	36	25667	0.001403	24612	24671
A23786-T A23853-C	NA NA	36	9842	0.003658	23767	23873
T25191-A G25278-T	NA NA	35	12166	0.002877	25140	25296
T25123-G	NA	35	14654	0.002388	25122	25146
T23599G C23604A A23691G	S:N679K S:P681H S:N710S	35	35113	0.000997	23580	23700
T23344C	S:G594G	35	22782	0.001536	23335	23355
T23337-TG	NA	35	22343	0.001566	23335	23350
G24635A	S:A1025T	35	25812	0.001356	24629	24671
G24488+T	NA	35	47717	0.000733	24476	24499
C25000T T25072-G	S:D1146D NA	35	2071	0.0169	24998	25081
C23604A A23712-T	S:P681H NA	35	34064	0.001027	23580	23724
C23525T A23532G T23599G C23604A	S:H655Y S:N657S S:N679K S:P681H	35	39707	0.000881	23487	23642
A23432+C	NA	35	21330	0.001641	23345	23439
A23403G G23417C	S:D614G S:E619Q	35	20749	0.001687	23385	23443
T25293C	S:L1244P	34	30845	0.001102	25222	25303
T25233C	S:L1224S	34	26930	0.001263	25226	25323
T24637C	S:A1025A	34	25816	0.001317	24612	24669
T23599G C23604A T23681C	S:N679K S:P681H S:Y707H	34	35176	0.000967	23580	23700
T23599G C23604A T23680C	S:N679K S:P681H S:A706A	34	35182	0.000966	23592	23700
G23508+T T23599G C23604A	NA S:N679* S:P681Y	34	39549	0.00086	23486	23641
G23345-T	NA	34	22806	0.001491	23269	23360
C25276T	S:T1238T	34	30229	0.001125	25254	25323
C24503-T C24517-A C24672-A	NA NA NA	34	20744	0.001639	24471	24679
C24150+T	NA	34	5469	0.006217	24148	24163
C23525T T23599G C23604A T23620C	S:H655Y S:N679K S:P681H S:S686S	34	39661	0.000857	23487	23624
C23525T T23527C T23599G C23604A	S:H655Y S:H655Y S:N679K S:P681H	34	39707	0.000856	23488	23642
A24675G	S:K1038R	34	25479	0.001334	24644	24679
A24669G	S:Q1036R	34	25761	0.00132	24612	24675
A24610G	S:A1016A	34	22180	0.001533	24571	24676
A24424T T24469A T24472-G C24536-A	S:Q954H S:N969K NA NA	34	22234	0.001529	24412	24564
A24340-T	NA	34	2511	0.01354	24330	24353
A23497G C23525T T23599G C23604A	S:T645T S:H655Y S:N679K S:P681H	34	39202	0.000867	23487	23642
T24470-TTG T24492-A	S:DEL971 NA	33	32869	0.001004	24465	24675
T24451+A	NA	33	24812	0.00133	24425	24468
T23742-A	NA	33	10976	0.003007	23683	23751
T23599G G23608T	S:N679K S:R682R	33	76148	0.000433	23580	23647
T23599G C23604A A23636G	S:N679K S:P681H S:I692V	33	75289	0.000438	23580	23642
T23341C	S:G593G	33	22666	0.001456	23336	23362
G23517A C23525T T23599G C23604A	S:G652E S:H655Y S:N679K S:P681H	33	39681	0.000832	23505	23637
G23486-T C23525T	NA S:H655Y	33	9414	0.003505	23404	23535
G22813T T22882G G22895C T22896C G22898A T22900-G	S:K417N S:N440K S:V445P S:V445P S:G446S NA	33	7593	0.004346	22801	22915
C24899-A A24922-T C24981-T C25000T	NA NA NA S:D1146D	33	11679	0.002826	24852	25012
C24483-A C24536-AA	NA NA	33	44782	0.000737	24473	24564
C23525T T23582C T23599G C23604A	S:H655Y S:Y674H S:N679K S:P681H	33	39707	0.000831	23493	23641
C23525T T23553C T23599G C23604A	S:H655Y S:I664T S:N679K S:P681H	33	39707	0.000831	23504	23624
C23525T A23592G T23599G C23604A	S:H655Y S:Q677R S:N679K S:P681H	33	39707	0.000831	23488	23642
C23525T A23570G T23599G C23604A	S:H655Y S:I670V S:N679K S:P681H	33	39707	0.000831	23492	23641
A24424T T24451+A	S:Q954H NA	33	22834	0.001445	24415	24462
A21764-TACATG C21781-A	S:DEL69/70 NA	33	3120	0.010577	21742	21800
T25270C	S:C1236C	32	29983	0.001067	25251	25280
T25248C	S:M1229T	32	27258	0.001174	25227	25324
T24499+A	NA	32	48927	0.000654	24489	24507
T23599G C23604A T23698C	S:N679K S:P681H S:I712I	32	35058	0.000913	23580	23724
T23599G C23604A G23612A	S:N679K S:P681H S:A684T	32	76132	0.00042	23580	23642
T23599G C23604A A23720G	S:N679K S:P681H S:I720V	32	33681	0.00095	23580	23724
T23599G C23604A A23704G	S:N679K S:P681H S:I714M	32	34424	0.00093	23580	23724
T23599G C23604A A23651G	S:N679K S:P681H S:M697V	32	35488	0.000902	23580	23704
C25214+G	NA	32	16174	0.001978	25207	25325
C24878-A C24899-A A24922-T C24981-T C25000T	NA NA NA NA S:D1146D	32	11431	0.002799	24850	25016
C24431-A C24455-A	NA NA	32	24116	0.001327	24412	24485
C23525T T23599G C23604A A23636G	S:H655Y S:N679K S:P681H S:I692V	32	39012	0.00082	23487	23642
C23525T T23599G C23604A A23614G	S:H655Y S:N679K S:P681H S:A684A	32	39684	0.000806	23487	23642
C23525T G23576A T23599G C23604A	S:H655Y S:A672T S:N679K S:P681H	32	39707	0.000806	23487	23637
C23525T C23575T T23599G C23604A	S:H655Y S:C671C S:N679K S:P681H	32	39707	0.000806	23492	23637
C23334-TT A23403G	NA S:D614G	32	12187	0.002626	23269	23443
C22109G C22120-A	S:Q183E NA	32	3030	0.010561	22105	22138
C21618T T21632-TACCCCCTG C21781-A	S:T19I S:DEL25/27 NA	32	2734	0.011704	21597	21789
A25295G	S:K1245E	32	30919	0.001035	25267	25324
A25208+T	NA	32	16679	0.001919	25130	25234
A24885-T C25000T	NA S:D1146D	32	11462	0.002792	24867	25013
A24531G	S:E990G	32	48914	0.000654	24517	24564
A24516G	S:D985G	32	49155	0.000651	24504	24564
A24424T G24521+T	S:Q954H NA	32	22324	0.001433	24412	24564
A23403G G23486-T C23525T	S:D614G NA S:H655Y	32	6883	0.004649	23337	23529
A22798+G G22813T T22882G	NA S:K417N S:N440Q	32	8380	0.003819	22793	22890
A21875-T G21987A	NA S:G142D	32	2511	0.012744	21870	21990
T23599G C23604A T23703C	S:N679K S:P681H S:I714T	31	34442	0.0009	23580	23706
T23599G C23604A G23663A	S:N679K S:P681H S:A701T	31	35395	0.000876	23591	23724
T23599G C23604A C23709-A A23711G	S:N679K S:P681H NA S:N717D	31	34004	0.000912	23580	23724
T23599G C23604A C23706T	S:N679K S:P681H S:P715L	31	34384	0.000902	23580	23715
T23599G C23604A A23632G	S:N679K S:P681H S:Q690Q	31	75500	0.000411	23580	23642
T23599G C23604A A23627G	S:N679K S:P681H S:S689G	31	75665	0.00041	23580	23642
T23599G C23604A A23614G	S:N679K S:P681H S:A684A	31	76123	0.000407	23580	23642
T23434-C T23482-A C23525T	NA NA S:H655Y	31	8123	0.003816	23425	23539
G24558A	S:G999D	31	48540	0.000639	24551	24564
G23522-A C23525T T23599G C23604A	NA S:H655Y S:N679K S:P681H	31	39704	0.000781	23487	23635
G22302-T	NA	31	4971	0.006236	22290	22319
G22104-A C22120-A T22200G	NA NA S:V213G	31	1464	0.021175	22100	22215
C25262-T A25327-T	NA NA	31	1607	0.019291	25251	25359
C24223-T A24253-T	NA NA	31	2843	0.010904	24165	24297
C24223-T	NA	31	2944	0.01053	24161	24239
C23525T T23560C T23599G C23604A	S:H655Y S:I666I S:N679K S:P681H	31	39707	0.000781	23487	23609
C21618T T21632-TACCCCCTG G21686-T A21764-TACATG	S:T19I S:DEL25/27 NA S:DEL69/70	31	2758	0.01124	21597	21787
A25137-T T25191-A	NA NA	31	14037	0.002208	25130	25261
A24676G	S:K1038K	31	25375	0.001222	24649	24679
A24562G	S:R1000R	31	48472	0.00064	24553	24564
A24539-T	NA	31	48800	0.000635	24525	24550
A24424T A24468-T	S:Q954H NA	31	22608	0.001371	24413	24485
A23598+G C23604A	NA S:P681Y	31	76140	0.000407	23580	23617
A23513G C23525T T23599G C23604A	S:I651V S:H655Y S:N679K S:P681H	31	39621	0.000782	23498	23642
A22001G T22016C C22033A	S:K147E S:W152R S:F157L	31	6405	0.00484	21995	22058
T23599G C23604A T23686C	S:N679K S:P681H S:S708S	30	35141	0.000854	23580	23700
T23599G C23604A T23672C	S:N679K S:P681H S:S704P	30	35282	0.00085	23580	23705
T23599G C23604A G23666-A C23709-A	S:N679K S:P681H NA NA	30	34092	0.00088	23580	23724
T23599G C23604A C23615T	S:N679K S:P681H S:R685C	30	76112	0.000394	23580	23642
T23599G C23604A C23613T	S:N679K S:P681H S:A684V	30	76130	0.000394	23581	23642
T23563+C T23599G C23604A	NA S:N679* S:P681Y	30	40120	0.000748	23487	23637
T23278-A	NA	30	13720	0.002187	23269	23290
G24515-A	NA	30	49160	0.00061	24505	24532
G24301-A	NA	30	4631	0.006478	24289	24310
G23726+T	NA	30	11371	0.002638	23683	23737
G23402-A	NA	30	21094	0.001422	23395	23410
G22813T T22942A	S:K417N S:N460K	30	5527	0.005428	22801	22967
C24672-AA A24684-T	NA NA	30	1713	0.017513	24616	24699
C23825+A	NA	30	12432	0.002413	23767	23835
C23525T T23599G C23604A A23631G	S:H655Y S:N679K S:P681H S:Q690R	30	39211	0.000765	23498	23642
C23525T T23581C T23599G C23604A	S:H655Y S:S673S S:N679K S:P681H	30	39707	0.000756	23487	23618
C23525T T23573C T23599G C23604A	S:H655Y S:C671R S:N679K S:P681H	30	39707	0.000756	23492	23642
C23525T T23563C T23599G C23604A	S:H655Y S:G667G S:N679K S:P681H	30	39707	0.000756	23488	23637
C23334-T G23384-T A23403G	NA NA S:D614G	30	12187	0.002462	23285	23441
C23103-T	NA	30	1119	0.02681	23089	23126
C22109G T22200A	S:Q183E S:V213E	30	1474	0.020353	22100	22213
C22109G C22120-A T22200A	S:Q183E NA S:V213E	30	1474	0.020353	22100	22207
C21618T T21632-TACCCCCTG C21654-T A21764-TACATG	S:T19I S:DEL25/27 NA S:DEL69/70	30	2758	0.010877	21606	21802
A25271G	S:M1237V	30	30052	0.000998	25251	25324
A25137+T	NA	30	15532	0.001931	25122	25149
A24520G	S:K986K	30	49186	0.00061	24511	24564
A24424T C24455-A G24488-T	S:Q954H NA NA	30	22496	0.001334	24412	24564
A23524G C23525T T23599G C23604A	S:E654E S:H655Y S:N679K S:P681H	30	39705	0.000756	23502	23637
A22320G	S:D253G	30	4814	0.006232	22315	22354
T25272C	S:M1237T	29	30096	0.000964	25251	25324
T25257C	S:I1232T	29	29221	0.000992	25237	25324
T24656C	S:C1032R	29	25931	0.001118	24612	24675
T24583C	S:Y1007Y	29	22207	0.001306	24486	24587
T24506C	S:S982P	29	49123	0.00059	24473	24522
T23599G C23604A A23688G	S:N679K S:P681H S:N709S	29	35128	0.000826	23580	23700
T23599G C23604A A23623G	S:N679K S:P681H S:V687V	29	76048	0.000381	23580	23642
T22392-A	NA	29	3203	0.009054	22376	22405
G25284-T	NA	29	30491	0.000951	25277	25325
G24486+T	NA	29	47422	0.000612	24476	24495
G23547T T23599G C23604A	S:C662F S:N679K S:P681H	29	39946	0.000726	23538	23613
G22035A	S:R158K	29	9385	0.00309	22023	22058
C24964-A C24981-T C25000T	NA NA S:D1146D	29	12156	0.002386	24850	25015
C24878-A C24899-A C24981-T C25000T	NA NA NA S:D1146D	29	11431	0.002537	24850	25017
C24319A	S:N919K	29	4121	0.007037	24314	24357
C23525T A23526G T23599G C23604A	S:H655C S:H655C S:N679K S:P681H	29	39707	0.00073	23487	23642
C23492-A C23525T	NA S:H655Y	29	52011	0.000558	23487	23529
C23492+A	NA	29	53567	0.000541	23486	23504
C21618T T21632-TACCCCCTG A21764-TACATG C21780T	S:T19I S:DEL25/27 S:DEL69/70 S:T73I	29	2735	0.010603	21597	21802
A24674G	S:K1038E	29	25512	0.001137	24621	24679
A24652G	S:S1030S	29	25923	0.001119	24612	24675
A24587G	S:T1009A	29	22197	0.001306	24499	24654
A24554G	S:T998A	29	48629	0.000596	24490	24564
A24508G	S:S982S	29	49140	0.00059	24491	24564
A24424T C24435-T	S:Q954H NA	29	22978	0.001262	24417	24451
T24514C	S:L984L	28	49175	0.000569	24489	24564
T23599G C23604A T23640C	S:N679K S:P681H S:I693T	28	74633	0.000375	23580	23642
T23599G C23604A G23608T T23714C	S:N679K S:P681H S:R682R S:F718L	28	33953	0.000825	23580	23724
T23599G C23604A C23700T	S:N679K S:P681H S:A713V	28	35031	0.000799	23580	23703
T23599G C23604A C23609-G G23666-A A23711-AT	S:N679K S:P681H NA NA NA	28	34004	0.000823	23580	23724
T23599G C23604A A23670G	S:N679K S:P681H S:N703S	28	35318	0.000793	23580	23724
T23599G C23604A A23618G	S:N679K S:P681H S:S686G	28	76094	0.000368	23580	23642
T23596C T23599G C23604A	S:T678T S:N679K S:P681H	28	76138	0.000368	23580	23642
T23509C C23525T T23599G C23604A	S:C649C S:H655Y S:N679K S:P681H	28	39582	0.000707	23487	23624
T22882G G22898A	S:N440K S:G446S	28	8505	0.003292	22876	22902
T22200A	S:V213E	28	1751	0.015991	22193	22210
G23383A A23403G	S:Q607Q S:D614G	28	20402	0.001372	23296	23443
G22022-A G22037-T	NA NA	28	7323	0.003824	22006	22047
C24852-A G24883-A C25000T	NA NA S:D1146D	28	10937	0.00256	24850	25069
C24150-T	NA	28	5469	0.00512	24148	24173
C23657-T	NA	28	37854	0.00074	23649	23724
C23525T T23599G C23604A C23625T	S:H655Y S:N679K S:P681H S:A688V	28	39632	0.000706	23508	23642
C23502T C23525T T23599G C23604A	S:A647V S:H655Y S:N679K S:P681H	28	39411	0.00071	23492	23642
C23358T C23525T	S:T599I S:H655Y	28	6102	0.004589	23351	23538
C21871-T	NA	28	6212	0.004507	21847	21890
A25397-T	NA	28	4741	0.005906	25383	25417
A25247G	S:M1229V	28	27239	0.001028	25231	25324
A24594G	S:Q1011R	28	22190	0.001262	24571	24661
A24551G	S:I997V	28	48677	0.000575	24537	24564
A23796+T	NA	28	12394	0.002259	23767	23808
T25309C	S:S1249S	27	31795	0.000849	25300	25325
T25303C	S:C1247C	27	31334	0.000862	25222	25317
T25260C	S:M1233T	27	29346	0.00092	25253	25324
T25237C	S:I1225I	27	27026	0.000999	25222	25323
T24650C	S:S1030P	27	25918	0.001042	24633	24671
T24643-A C24672-AA	NA NA	27	25411	0.001063	24612	24679
T24625C	S:S1021S	27	25722	0.00105	24612	24679
T24622C	S:A1020A	27	25698	0.001051	24612	24674
T24564C	S:L1001P	27	48417	0.000558	24498	24564
T24492+A	NA	27	48515	0.000557	24476	24504
T24491-TA	NA	27	48483	0.000557	24480	24503
T23599G C23604A G23666+A	S:N679K S:P681H NA	27	35357	0.000764	23580	23724
T23599G C23604A G23608A	S:N679K S:P681H S:R682R	27	76148	0.000355	23580	23724
T23599G C23604A C23657+T	S:N679K S:P681H NA	27	35448	0.000762	23580	23698
T23599G C23604A A23708G	S:N679K S:P681H S:T716A	27	34116	0.000791	23580	23715
T23599G C23604A A23682G	S:N679K S:P681H S:Y707C	27	35170	0.000768	23580	23705
G24868-T	NA	27	15265	0.001769	24854	24879
G24858A	S:G1099D	27	15217	0.001774	24852	24875
G24535A	S:V991V	27	48809	0.000553	24488	24564
G22813T T22882G G22895C T22896C G22898A T22942G A22948C	S:K417N S:N440K S:V445P S:V445P S:G446S S:N460K S:K462N	27	5334	0.005062	22794	22966
C24512+T	NA	27	49192	0.000549	24477	24528
C23816-T C23854A	NA S:N764K	27	10809	0.002498	23800	23873
C23785+A	NA	27	12181	0.002217	23683	23793
C23525T T23599G C23604A T23633C	S:H655Y S:N679K S:P681H S:S691P	27	39171	0.000689	23487	23642
C23525T T23542C T23599G C23604A	S:H655Y S:Y660Y S:N679K S:P681H	27	39707	0.00068	23488	23624
C23393-T A23403G C23525T	NA S:D614G S:H655Y	27	6565	0.004113	23385	23539
C22210G	S:L216L	27	1966	0.013733	22204	22319
C22000-A	NA	27	5589	0.004831	21993	22012
A25374-T	NA	27	3962	0.006815	25372	25391
A25255G	S:T1231T	27	29145	0.000926	25238	25325
A25176G	S:K1205R	27	16011	0.001686	25140	25181
A25026-T	NA	27	14371	0.001879	25006	25043
A24424T T24464-C T24471-TG	S:Q954H NA NA	27	22556	0.001197	24415	24564
A23848-T C23854A	NA S:N764K	27	13989	0.00193	23841	23895
A23627-G	NA	27	77414	0.000349	23620	23639
A23503G C23525T T23599G C23604A	S:A647A S:H655Y S:N679K S:P681H	27	39434	0.000685	23487	23639
T25319C	S:C1253R	26	31878	0.000816	25296	25324
T25283C	S:C1241R	26	30465	0.000853	25279	25324
T24513C	S:L984P	26	49180	0.000529	24506	24542
T24470-TTG T24628-A	S:DEL971 NA	26	7404	0.003512	24465	24679
T23599G T23602-C T23605A	S:N679K NA S:P681P	26	76150	0.000341	23581	23642
T23599G C23604A T23641-G A23646G	S:N679K S:P681H NA S:Y695C	26	35527	0.000732	23580	23661
T23599G C23604A T23633C	S:N679K S:P681H S:S691P	26	75476	0.000344	23580	23642
T23599G C23604A A23648G	S:N679K S:P681H S:T696A	26	35506	0.000732	23580	23724
T23511+A C23525T	NA S:H655S	26	53616	0.000485	23487	23529
T22882G A22893C G22898A T22917G T22942G	S:N440K S:K444T S:G446S S:L452R S:N460K	26	6300	0.004127	22876	22950
T22020A T22020-GG	S:M153K NA	26	7407	0.00351	22006	22058
G25287-T T25289C	NA S:C1243R	26	30604	0.00085	25275	25320
G24586A	S:V1008V	26	22207	0.001171	24561	24670
G24473T	S:G971C	26	39665	0.000655	24471	24564
C25292+G	NA	26	30795	0.000844	25278	25316
C24878-A A24922-T C25000T	NA NA S:D1146D	26	11431	0.002275	24853	25008
C24536-A T24643-A	NA NA	26	21506	0.001209	24521	24679
C23887-AA	NA	26	13099	0.001985	23769	23895
C23816-TT A23853-C	NA NA	26	10887	0.002388	23799	23873
C23525T T23599G C23604A C23609T	S:H655Y S:N679K S:P681H S:R683W	26	39696	0.000655	23493	23642
C23525T T23599G C23604A A23627G	S:H655Y S:N679K S:P681H S:S689G	26	39306	0.000661	23487	23642
C23525T A23579G T23599G C23604A	S:H655Y S:S673G S:N679K S:P681H	26	39707	0.000655	23492	23637
C23525T A23558G T23584C T23599G C23604A	S:H655Y S:I666V S:Y674Y S:N679K S:P681H	26	39707	0.000655	23487	23624
C23334-T G23417+A	NA NA	26	12031	0.002161	23269	23443
C22445T	S:P295S	26	3135	0.008293	22434	22446
A25327-T	NA	26	1868	0.013919	25302	25340
A25241G	S:I1227V	26	27099	0.000959	25228	25323
A24539-T C24672-A	NA NA	26	21318	0.00122	24492	24679
A22472C	S:K304Q	26	1172	0.022184	22421	22491
T25288C	S:S1242S	25	30640	0.000816	25283	25306
T24505C	S:L981L	25	49097	0.000509	24496	24529
T24470-TTG C24483-A	S:DEL971 NA	25	32981	0.000758	24465	24564
T24438+A C24455-A	NA NA	25	24520	0.00102	24428	24467
T23599G C23604A A23704+C C23709+A	S:N679K S:P681H NA NA	25	34092	0.000733	23580	23724
T23581C T23599G C23604A	Unknown S:N679K S:P681H	25	75624	0.000331	23580	23608
T23511-A C23525T T23599G C23604A	NA S:H655Y S:N679K S:P681H	25	39602	0.000631	23504	23641
T23344+G	NA	25	22782	0.001097	23336	23362
T22200A G22317T	S:V213E S:G252V	25	1208	0.020695	22194	22319
G25287-T G25302-T	NA NA	25	30540	0.000819	25279	25320
G24858A C25000T	S:G1099D S:D1146D	25	11301	0.002212	24850	25069
G24527A	S:A989T	25	49026	0.00051	24489	24553
C25149-T	NA	25	16425	0.001522	25122	25173
C24512T	S:L984F	25	49192	0.000508	24491	24519
C24263-A	NA	25	4314	0.005795	24229	24273
C23498T C23525T T23599G C23604A	S:R646C S:H655Y S:N679K S:P681H	25	39217	0.000637	23487	23642
C23099-T C23103-T T23143-A	NA NA NA	25	1073	0.023299	23089	23159
A25247-T	NA	25	27239	0.000918	25220	25316
A25137-T C25262-TT	NA NA	25	11087	0.002255	25130	25324
A24684-TT	NA	25	1779	0.014053	24612	24788
A24591G	S:Q1010R	25	22194	0.001126	24568	24676
A24578G	S:T1006A	25	22328	0.00112	24558	24679
A24424T G24488-T C24503-T	S:Q954H NA NA	25	22429	0.001115	24412	24563
A24424T C24503-T C24517-A	S:Q954H NA NA	25	22366	0.001118	24413	24564
A23583+T T23599G C23604A	NA S:N679* S:P681Y	25	75851	0.00033	23580	23650
A22947-AC	NA	25	8492	0.002944	22934	22967
A22023G	S:E154G	25	7452	0.003355	22013	22052
A21944G	S:I128V	25	5306	0.004712	21847	21951
T25306C	S:C1248C	24	31601	0.000759	25273	25325
T24552C	S:I997T	24	48656	0.000493	24501	24564
T23599G C23604A T23713C	S:N679K S:P681H S:N717N	24	33960	0.000707	23580	23724
T23599G C23604A T23676C	S:N679K S:P681H S:V705A	24	35241	0.000681	23580	23724
T23599G C23604A T23658C	S:N679K S:P681H S:L699P	24	35442	0.000677	23580	23700
T23599G C23604A T23637-C	S:N679K S:P681H NA	24	75228	0.000319	23592	23642
T23599G C23604A G23678A	S:N679K S:P681H S:A706T	24	35229	0.000681	23580	23700
T23599G C23604A C23625T	S:N679K S:P681H S:A688V	24	76023	0.000316	23580	23642
T23510C C23525T T23599G C23604A	S:L650L S:H655Y S:N679K S:P681H	24	39591	0.000606	23487	23624
T22942A C22950-T	S:N460K NA	24	7955	0.003017	22934	22957
G24605T	S:A1015S	24	22195	0.001081	24493	24679
G22133-A	NA	24	3248	0.007389	22126	22175
C24899-A A24922-T	NA NA	24	14508	0.001654	24852	24941
C24852-A G24992-A C25000T	NA NA S:D1146D	24	10937	0.002194	24850	25066
C24536-A T24628-A	NA NA	24	21565	0.001113	24524	24675
C24483+A C24672-A	NA NA	24	18440	0.001302	24474	24679
C24477-A	NA	24	43805	0.000548	24470	24505
C23816-T G23835-T	NA NA	24	11863	0.002023	23792	23849
C23604A G23675-T	S:P681H NA	24	35325	0.000679	23580	23690
C23525T T23599G C23604A G23624A	S:H655Y S:N679K S:P681H S:A688T	24	39636	0.000606	23488	23637
C23525T T23537C	S:H655Y S:S659P	24	52716	0.000455	23521	23539
C23525T C23556T T23599G C23604A	S:H655Y S:P665L S:N679K S:P681H	24	39707	0.000604	23497	23642
C23525T A23558-T T23599G	S:H655Y NA S:N679K	24	39719	0.000604	23508	23624
C23358T A23403G C23525T	S:T599I S:D614G S:H655Y	24	6102	0.003933	23351	23532
A25154G	S:I1198V	24	16409	0.001463	25149	25176
A25137-T T25191-A C25262-TT	NA NA NA	24	11087	0.002165	25130	25325
A24902-T	NA	24	14886	0.001612	24850	24934
A24424T G24488-T C24517-A	S:Q954H NA NA	24	22366	0.001073	24412	24564
A23544-G T23599G C23604A	NA S:N679K S:P681H	24	39912	0.000601	23487	23642
A23523G C23525T T23599G C23604A	S:E654G S:H655Y S:N679K S:P681H	24	39704	0.000604	23488	23642
A23403G A23436G C23525T	S:D614G S:H625R S:H655Y	24	6883	0.003487	23385	23538
T25291C	S:C1243C	23	30751	0.000748	25222	25320
T25152C	S:L1197P	23	16429	0.0014	25148	25164
T24664+G	NA	23	25854	0.00089	24620	24674
T24585C	S:V1008A	23	22203	0.001036	24502	24676
T24548C	S:L996L	23	48720	0.000472	24534	24554
T24499C	S:D979D	23	48927	0.00047	24483	24564
T24469A C24536-A	S:N969K NA	23	31911	0.000721	24465	24564
T23830-G C23854A	NA S:N764K	23	11051	0.002081	23800	23892
T23716-A	NA	23	49317	0.000466	23683	23724
T22882G T22942A G22992A C22995A A23013C T23018G	S:N440K S:N460K S:S477N S:T478K S:E484A S:F486V	23	360	0.063889	22876	23033
T22882G G22898A T22942G	S:N440K S:G446S S:N460K	23	6300	0.003651	22850	22966
G24883-A G24992-A C25000T	NA NA S:D1146D	23	11440	0.00201	24855	25069
G24510+T	NA	23	49187	0.000468	24474	24519
G24316A A24317G C24319A	S:E918E S:N919E S:N919E	23	4095	0.005617	24307	24357
G23384-T	NA	23	21177	0.001086	23342	23443
G22813T T22882G G22895C G22898A T22942G	S:K417N S:N440K S:V445L S:G446S S:N460K	23	5527	0.004161	22793	22967
G22813T T22882G A22893C T22917G T22942A	S:K417N S:N440K S:K444T S:L452R S:N460K	23	5527	0.004161	22793	22949
G22299-A	NA	23	4982	0.004617	22281	22309
C23525T T23599G C23604A G23616A	S:H655Y S:N679K S:P681H S:R685H	23	39673	0.00058	23492	23642
C23525T T23599G C23604A C23630T	S:H655Y S:N679K S:P681H S:Q690*	23	39273	0.000586	23487	23642
C23525T T23599G C23604A C23613T	S:H655Y S:N679K S:P681H S:A684V	23	39688	0.00058	23501	23635
C23525T T23596C T23599G C23604A	S:H655Y S:T678T S:N679K S:P681H	23	39707	0.000579	23487	23629
C23525T G23568A T23599G C23604A	S:H655Y S:G669D S:N679K S:P681H	23	39707	0.000579	23488	23642
C23525T C23533-A	S:H655Y NA	23	53326	0.000431	23493	23539
C22120-A A22161-T	NA NA	23	2816	0.008168	22112	22176
A25194-AT G25197T	NA S:W1212L	23	16209	0.001419	25140	25210
A24956-T C25000T	NA S:D1146D	23	12053	0.001908	24948	25056
A24667G	S:G1035G	23	25816	0.000891	24612	24676
A24619G	S:R1019R	23	25668	0.000896	24612	24676
A24468-TTT	S:DEL970	23	32910	0.000699	24465	24491
A24424T T24464-C T24470-TTG	S:Q954H NA S:DEL971	23	22557	0.00102	24412	24564
A23786-T C23816-TT C23854A	NA NA S:N764K	23	9765	0.002355	23699	23894
A22798+G G22813T T22882G G22895C T22896C G22898A	NA S:K417N S:N440Q S:V445P S:V445P S:G446R	23	7483	0.003074	22793	22914
T25303G	S:C1247W	22	31334	0.000702	25298	25324
T25280C	S:C1240R	22	30388	0.000724	25265	25324
T25150+C	NA	22	16432	0.001339	25140	25158
T24623C	S:S1021P	22	25704	0.000856	24612	24669
T24534C	S:V991A	22	48854	0.00045	24494	24564
T23599G C23604A T23689-A	S:N679K S:P681H NA	22	35119	0.000626	23580	23698
T23599G C23604A C23707T	S:N679K S:P681H S:P715P	22	34190	0.000643	23580	23724
T23599G C23604A C23705T	S:N679K S:P681H S:P715S	22	34405	0.000639	23580	23712
T23599G C23604A A23690G	S:N679K S:P681H S:N710D	22	35117	0.000626	23580	23724
T23582C T23599G C23604A	S:Y674H S:N679K S:P681H	22	75823	0.00029	23580	23642
G25238A	S:A1226T	22	27050	0.000813	25222	25324
G24574+A	NA	22	22344	0.000985	24470	24670
G22813T T22882G A22893C T22917G C22950-T	S:K417N S:N440K S:K444T S:L452R NA	22	5288	0.00416	22793	22966
G22813T T22831+A T22882G G22895C T22896C G22898A	S:K417N NA S:N440Q S:V445P S:V445P S:G446R	22	7620	0.002887	22802	22910
G21987A C22000-A	S:G142D NA	22	2559	0.008597	21983	22012
C25416T G25555-T	ORF3a:F8F NA	22	1425	0.015439	25376	25566
C25239T	S:A1226V	22	27074	0.000813	25227	25324
C24878-A A24885-T C24981-T C25000T	NA NA NA S:D1146D	22	11431	0.001925	24857	25013
C24668-A	NA	22	25781	0.000853	24651	24676
C23525T T23578C T23599G C23604A	S:H655Y S:A672A S:N679K S:P681H	22	39707	0.000554	23487	23642
C23525T A23535G T23599G C23604A	S:H655Y S:N658S S:N679K S:P681H	22	39707	0.000554	23488	23642
C23099-T T23143-A T23164-A	NA NA NA	22	884	0.024887	23089	23176
C22109G T22200A G22317T	S:Q183E S:V213E S:G252V	22	964	0.022822	22100	22319
C22109G C22120-A T22200A G22317T	S:Q183E NA S:V213E S:G252V	22	964	0.022822	22100	22319
A25259G	S:M1233V	22	29315	0.00075	25246	25324
A25125+G	NA	22	14745	0.001492	25122	25151
A25056-T	NA	22	14212	0.001548	25045	25064
A24673G	S:S1037S	22	25548	0.000861	24612	24679
A24614-T	NA	22	25657	0.000857	24612	24634
A24424T T24489C	S:Q954H S:V976A	22	22493	0.000978	24412	24564
A24424T C24483-A C24536-AA	S:Q954H NA NA	22	22234	0.000989	24413	24564
A24424T A24454G	S:Q954H S:K964K	22	22786	0.000966	24412	24467
A24353-T	NA	22	2558	0.0086	24334	24357
A23403G T23482-A G23486-T C23525T	S:D614G NA NA S:H655Y	22	6883	0.003196	23335	23529
A23403G T23421-C	S:D614G NA	22	20602	0.001068	23399	23438
A23403G G23417-A	S:D614G NA	22	20749	0.00106	23341	23429
A22798+G G22813T T22882G A22893C T22917G	NA S:K417N S:N440Q S:K444S S:L452R	22	6950	0.003165	22793	22939
T25232C	S:L1224L	21	26898	0.000781	25223	25324
T25211C	S:W1217R	21	18445	0.001139	25206	25324
T24529C	S:A989A	21	48994	0.000429	24520	24564
T24487C	S:S975S	21	47625	0.000441	24480	24519
T24482C	S:S974P	21	46121	0.000455	24473	24500
T24480C	S:I973T	21	45206	0.000465	24473	24535
T24464-C T24470-TTG C24536-AA	NA S:DEL971 NA	21	24225	0.000867	24445	24564
T23698+C	NA	21	50753	0.000414	23686	23709
T23599G C23604A T23650C	S:N679K S:P681H S:T696T	21	35495	0.000592	23592	23700
T23599G C23604A G23675+T	S:N679K S:P681H NA	21	35247	0.000596	23581	23693
T23323-A C23334-T	NA NA	21	12864	0.001632	23269	23345
T21864-A	NA	21	6163	0.003407	21847	21873
G25299-C G25302-T	NA NA	21	31127	0.000675	25282	25324
G24434+C	NA	21	24553	0.000855	24427	24448
G23508A C23525T T23599G C23604A	S:C649Y S:H655Y S:N679K S:P681H	21	39549	0.000531	23487	23642
G23499A C23525T T23599G C23604A	S:R646H S:H655Y S:N679K S:P681H	21	39262	0.000535	23487	23641
C24536-A G24570-T	NA NA	21	22039	0.000953	24511	24670
C23525T T23569C T23599G C23604A	S:H655Y S:G669G S:N679K S:P681H	21	39707	0.000529	23488	23641
C23525T G23564A T23599G C23604A	S:H655Y S:A668T S:N679K S:P681H	21	39707	0.000529	23487	23639
C23525T A23544-G T23599G	S:H655Y NA S:N679K	21	39719	0.000529	23487	23637
C23393-T	NA	21	21202	0.00099	23377	23408
C23393+T	NA	21	21202	0.00099	23335	23417
C23334-TT	NA	21	12895	0.001629	23322	23369
C23334-T G23384-T	NA NA	21	12390	0.001695	23269	23443
A24922-T C24981-T C25000T A25026-T	NA NA S:D1146D NA	21	11220	0.001872	24850	25068
A24684-T	NA	21	1779	0.011804	24626	24700
A24677G	S:R1039G	21	24928	0.000842	24612	24679
A24654G	S:E1031G	21	25927	0.00081	24612	24674
A24604G	S:R1014R	21	22197	0.000946	24508	24676
A24576G	S:Q1005R	21	22335	0.00094	24571	24676
A24424T T24469A C24536-A	S:Q954H S:N969K NA	21	22234	0.000944	24412	24564
A24424T T24450C	S:Q954H S:V963A	21	22848	0.000919	24412	24564
A24424T G24488-T C24503-T C24517-A	S:Q954H NA NA NA	21	22366	0.000939	24412	24554
A24424T A24516G	S:Q954H S:D985G	21	22371	0.000939	24412	24564
A23403G T23434-C T23482-A C23525T	S:D614G NA NA S:H655Y	21	6883	0.003051	23398	23532
A23403G A23408G	S:D614G S:N616D	21	20971	0.001001	23376	23429
A23359G A23403G	S:T599T S:D614G	21	20039	0.001048	23335	23430
A23310G A23403G	S:E583G S:D614G	21	12150	0.001728	23269	23443
A22948C	S:K462N	21	8499	0.002471	22929	22966
A22948-C	NA	21	8499	0.002471	22936	22967
T25242C	S:I1227T	20	27112	0.000738	25232	25324
T24541C	S:I993I	20	48819	0.00041	24529	24564
T24475C	S:G971G	20	42883	0.000466	24471	24496
T24126-TA	NA	20	1937	0.010325	24021	24157
T23599G C23604A T23697C	S:N679K S:P681H S:I712T	20	35064	0.00057	23580	23724
T23599G C23604A T23641C	S:N679K S:P681H S:I693I	20	74403	0.000269	23580	23642
T23599G C23604A A23712+T	S:N679K S:P681H NA	20	33990	0.000588	23580	23724
T23599G C23604A A23674G	S:N679K S:P681H S:S704S	20	35254	0.000567	23580	23705
T23542-G T23599G C23604A	NA S:N679K S:P681H	20	39893	0.000501	23487	23641
T23511+A	NA	20	54658	0.000366	23487	23520
T23482-A G23522-A C23525T	NA NA S:H655Y	20	9032	0.002214	23475	23535
T23355-A	NA	20	22895	0.000874	23351	23369
T23272C A23403G	S:A570A S:D614G	20	11767	0.0017	23269	23443
T22942G A22948C	S:N460K S:K462N	20	8016	0.002495	22929	22966
G24638A	S:A1026T	20	25810	0.000775	24612	24676
G24488-T C24503-T	NA NA	20	47168	0.000424	24486	24517
G23804-A C23854A	NA S:N764K	20	10650	0.001878	23790	23895
G23608T	S:R682R	20	76673	0.000261	23599	23724
G22813T T22882G G22895C	S:K417N S:N440K S:V445L	20	8233	0.002429	22793	22907
G22430T	S:D290Y	20	3172	0.006305	22402	22436
C25262-T G25364-T	NA NA	20	1523	0.013132	25251	25372
C25262-T C25416T	NA ORF3a:F8F	20	1212	0.016502	25251	25435
C24899-A C24981-T	NA NA	20	12002	0.001666	24852	24996
C24575T	S:Q1005*	20	22346	0.000895	24556	24676
C24337T A24424T	S:N925N S:Q954H	20	767	0.026076	24333	24424
C23525T T23599G C23604A G23616-T	S:H655Y S:N679K S:P681H NA	20	39673	0.000504	23487	23625
C23525T G23574A T23599G C23604A	S:H655Y S:C671Y S:N679K S:P681H	20	39707	0.000504	23487	23642
C23525T G23561A T23599G C23604A	S:H655Y S:G667S S:N679K S:P681H	20	39707	0.000504	23496	23624
C23525T A23554+C T23599G C23604A	S:H655Y NA S:N679* S:P681Y	20	39707	0.000504	23499	23637
A25325G	Unknown	20	31678	0.000631	25306	25325
A24885-T C24899-A C24981-T C25000T	NA NA NA S:D1146D	20	11462	0.001745	24882	25018
A24885-T A24922-T C24981-T C25000T	NA NA NA S:D1146D	20	11462	0.001745	24850	25069
A24613G	S:E1017E	20	25658	0.000779	24503	24679
A24478G	S:A972A	20	43923	0.000455	24473	24498
A24468-T	NA	20	32910	0.000608	24465	24492
A24424T T24552C	S:Q954H S:I997T	20	22129	0.000904	24415	24554
A24424T T24529C	S:Q954H S:A989A	20	22272	0.000898	24415	24564
A24424T T24472-G	S:Q954H NA	20	22554	0.000887	24412	24564
A23639-T	NA	20	77044	0.00026	23618	23642
A23403G A23436G	S:D614G S:H625R	20	19419	0.00103	23377	23441
A22001G T22016C	S:K147E S:W152R	20	6474	0.003089	21995	22047
T25382+A	NA	19	4772	0.003982	25375	25408
T25301C	S:C1247R	19	31249	0.000608	25257	25324
T25220C	S:F1220L	19	25063	0.000758	25205	25298
T25150C	S:S1196S	19	16432	0.001156	25123	25164
T24633C	S:L1024P	19	25798	0.000736	24612	24676
T24607C	S:A1015A	19	22187	0.000856	24598	24676
T24522C	S:V987A	19	49105	0.000387	24504	24551
T24492-A T24628-A	NA NA	19	20393	0.000932	24480	24673
T24492-A C24536-AA	NA NA	19	46995	0.000404	24484	24564
T24469A T24471-TG	S:N969K NA	19	32795	0.000579	24444	24563
T23599G C23604A G23621A	S:N679K S:P681H S:V687I	19	76077	0.00025	23580	23623
T23599G C23604A G23608T G23666-A	S:N679K S:P681H S:R682R NA	19	35357	0.000537	23580	23705
T23599G C23604A C23647T	S:N679K S:P681H S:Y695Y	19	35518	0.000535	23580	23700
T23599G C23604A A23720-T	S:N679K S:P681H NA	19	33681	0.000564	23593	23724
T23599G C23604A A23669G	S:N679K S:P681H S:N703D	19	35328	0.000538	23580	23724
T23487G C23525T T23599G C23604A	Unknown S:H655Y S:N679K S:P681H	19	16480	0.001153	23486	23642
T23350C A23403G	S:S596S S:D614G	19	19938	0.000953	23335	23443
T23289+C	NA	19	13935	0.001363	23281	23298
T22882G G22895C G22898A T22942G	S:N440K S:V445L S:G446S S:N460K	19	6300	0.003016	22877	22946
G25230A	S:G1223D	19	26797	0.000709	25219	25324
G24971+T	NA	19	12717	0.001494	24850	24982
G24488-T C24503-T C24517-A	NA NA NA	19	46798	0.000406	24471	24529
G24277-T	NA	19	4462	0.004258	24268	24336
G23522-A	NA	19	54100	0.000351	23511	23539
G23508+T A23515+G C23525T T23599G C23604A	NA NA S:H655Y S:N679L S:P681H	19	39549	0.00048	23486	23624
G22813T T22882G G22895C T22896C G22898A A22947-AC	S:K417N S:N440K S:V445P S:V445P S:G446S NA	19	5344	0.003555	22793	22967
G22813T T22882G G22894T T22917G T22942A	S:K417N S:N440K S:K444N S:L452R S:N460K	19	5527	0.003438	22793	22967
G22813T T22882G A22910G T22917G	S:K417N S:N440K S:N450D S:L452R	19	7072	0.002687	22793	22967
G22813T A22845-T T22882G G22895C T22896C G22898A	S:K417N NA S:N440K S:V445P S:V445P S:G446S	19	7620	0.002493	22793	22909
G22104-A C22109G C22120-A	NA S:Q183E NA	19	3011	0.00631	22100	22137
C25199T	S:P1213S	19	16216	0.001172	25187	25210
C24632+T	NA	19	25792	0.000737	24612	24641
C24559T	S:G999G	19	48542	0.000391	24489	24564
C24026-T C24119-A	NA NA	19	1481	0.012829	24021	24191
C23758+A	NA	19	10812	0.001757	23683	23778
C23525T T23599G C23604A T23640C	S:H655Y S:N679K S:P681H S:I693T	19	38407	0.000495	23487	23642
C23525T T23599G C23604A A23618G	S:H655Y S:N679K S:P681H S:S686G	19	39665	0.000479	23487	23625
C23525T T23596-A T23599G C23604A	S:H655Y NA S:N679K S:P681H	19	39707	0.000479	23488	23642
C23525T G23547T T23599G	S:H655Y S:C662F S:N679K	19	39719	0.000478	23492	23637
C23525T A23534G	S:H655Y S:N658D	19	52989	0.000359	23499	23539
C23481A T23482C A23483T C23525T	S:S640Y S:S640Y S:N641Y S:H655Y	19	9005	0.00211	23442	23539
C23099-T C23103-T	NA NA	19	1109	0.017133	23089	23146
C22383+T	NA	19	3197	0.005943	22368	22397
A25201G	S:P1213P	19	16274	0.001168	25141	25204
A24978G C25000T	S:D1139G S:D1146D	19	12269	0.001549	24951	25069
A24922-T C24981-T	NA NA	19	12114	0.001568	24850	24998
A24424T G24428+A	S:Q954H NA	19	23019	0.000825	24416	24564
A24424T C24503+T	S:Q954H NA	19	22429	0.000847	24412	24564
A24424T C24483-A	S:Q954H NA	19	22521	0.000844	24412	24564
A24423+T	NA	19	24004	0.000792	24412	24424
A23711-ATT	S:DEL718	19	49558	0.000383	23703	23728
A23515-G C23525T T23599G C23604A C23609-G	NA S:H655Y S:N679K S:P681H NA	19	39633	0.000479	23488	23624
A23403G T23434-C	S:D614G NA	19	19462	0.000976	23395	23443
A23403G T23406C	S:D614G S:V615A	19	20993	0.000905	23388	23412
A23403G A23440G	S:D614G S:A626A	19	19350	0.000982	23335	23443
A21958-T	NA	19	5111	0.003717	21847	21970
T25285C	S:C1241C	18	30530	0.00059	25256	25325
T24663C	S:L1034P	18	25859	0.000696	24624	24676
T24471-TG C24483-A	NA NA	18	38597	0.000466	24435	24543
T24470-TTG C24672-A	S:DEL971 NA	18	7282	0.002472	24466	24679
T23686-A	NA	18	50414	0.000357	23683	23707
T23599G C23604A T23714C	S:N679K S:P681H S:F718L	18	33953	0.00053	23580	23724
T23599G C23604A G23666-A A23710G	S:N679K S:P681H NA S:T716T	18	34021	0.000529	23580	23717
T23599G C23604A G23607A	S:N679K S:P681H S:R682Q	18	76148	0.000236	23580	23642
T23599G C23604A C23673T	S:N679K S:P681H S:S704L	18	35267	0.00051	23580	23700
T23599G C23604A C23643T	S:N679K S:P681H S:A694V	18	73949	0.000243	23580	23724
T23599G C23604A A23670-T G23675-T	S:N679K S:P681H NA NA	18	35247	0.000511	23580	23720
T23559C T23599G C23604A	S:I666T S:N679K S:P681H	18	40048	0.000449	23487	23642
T23511C C23525T T23599G C23604A	S:L650S S:H655Y S:N679K S:P681H	18	39602	0.000455	23487	23642
T23511-A C23525T	NA S:H655Y	18	53616	0.000336	23503	23532
T22942A G22992A C22995A A23013C T23018G	S:N460K S:S477N S:T478K S:E484A S:F486V	18	514	0.035019	22928	23028
T22882G G22895C T22896C G22898A T22900-G	S:N440K S:V445P S:V445P S:G446S NA	18	8478	0.002123	22793	22915
T22020C	S:M153T	18	7407	0.00243	22001	22043
T21864+A	NA	18	6163	0.002921	21855	21880
G25278-T G25302-T	NA NA	18	30215	0.000596	25267	25324
G25198-C	NA	18	16341	0.001102	25191	25210
G25015-T	NA	18	14578	0.001235	25004	25069
G23699+A	NA	18	50765	0.000355	23688	23724
G23519A C23525T T23599G C23604A	S:A653T S:H655Y S:N679K S:P681H	18	39690	0.000454	23492	23637
G23517A C23525T T23559C T23599G C23604A	S:G652E S:H655Y S:I666T S:N679K S:P681H	18	39681	0.000454	23487	23634
G22813T T22882G T22942G	S:K417N S:N440K S:N460K	18	5527	0.003257	22802	22966
G22014-T G22021A	NA S:M153I	18	7257	0.00248	22007	22058
G21850+A	NA	18	6120	0.002941	21847	21870
C25300G	S:G1246G	18	31177	0.000577	25283	25324
C25160T	S:L1200F	18	16322	0.001103	25141	25210
C25000T C25100-AA	S:D1146D NA	18	1820	0.00989	24990	25132
C24878-A A24885-T	NA NA	18	14955	0.001204	24850	24898
C24672-A T24689G G24690T	NA S:C1043V S:C1043V	18	1354	0.013294	24626	24701
C24517-A C24672-AA	NA NA	18	21110	0.000853	24471	24679
C23525T T23599G C23604A G23608A	S:H655Y S:N679K S:P681H S:R682R	18	39696	0.000453	23496	23638
C23525T T23542-G	S:H655Y NA	18	41765	0.000431	23501	23550
C23525T T23529C A23558G T23599G C23604A	S:H655Y S:V656A S:I666V S:N679K S:P681H	18	39707	0.000453	23487	23642
C23525T C23595A T23599G C23604A	S:H655Y S:T678N S:N679K S:P681H	18	39707	0.000453	23487	23642
C23525T C23565T T23599G C23604A	S:H655Y S:A668V S:N679K S:P681H	18	39707	0.000453	23487	23639
C23525T C23551T T23599G C23604A	S:H655Y S:D663D S:N679K S:P681H	18	39707	0.000453	23488	23637
C23525T A23558G	S:H655Y S:I666V	18	40592	0.000443	23499	23564
C23525T A23558-T C23604A	S:H655Y NA S:P681H	18	39707	0.000453	23493	23624
C23496T C23525T T23599G C23604A	S:T645I S:H655Y S:N679K S:P681H	18	39185	0.000459	23488	23637
C23492-A T23599G C23604A	NA S:N679K S:P681H	18	38746	0.000465	23488	23642
C23492+A C23525T T23599G C23604A	NA S:H655S S:N679* S:P681Y	18	38746	0.000465	23486	23641
C23334-T C23393-T A23403G	NA NA S:D614G	18	12187	0.001477	23272	23443
C23334-T A23403G G23417+A	NA S:D614G NA	18	12031	0.001496	23269	23443
C23154+A	NA	18	1096	0.016423	23145	23275
A25315+G	NA	18	31931	0.000564	25300	25324
A25277G	S:S1239G	18	30260	0.000595	25267	25325
A24647G	S:M1029V	18	25919	0.000694	24631	24669
A24424T T24438+A T24469A	S:Q954H NA S:N969Q	18	22602	0.000796	24412	24484
A24424T C24466+A	S:Q954H NA	18	22624	0.000796	24412	24554
A24014-T	NA	18	1179	0.015267	23986	24106
A23974G	S:Q804Q	18	2318	0.007765	23967	23978
A23853-C C23887-A	NA NA	18	12610	0.001427	23845	23895
A23704+C C23709+A	NA NA	18	49658	0.000362	23683	23732
A23503+G	NA	18	54383	0.000331	23493	23512
A23497-C C23525T T23599G C23604A	NA S:H655Y S:N679K S:P681H	18	39202	0.000459	23487	23637
A22025G	S:S155G	18	7511	0.002396	22009	22058
T25171+G	NA	17	16097	0.001056	25153	25183
T25155C	S:I1198T	17	16400	0.001037	25141	25170
T25139-TA	NA	17	15862	0.001072	25130	25153
T24671C	S:S1037P	17	25687	0.000662	24612	24674
T24643-AA	NA	17	25861	0.000657	24623	24663
T24628-A T24643-A	NA NA	17	25661	0.000662	24499	24679
T24523C	S:V987V	17	49101	0.000346	24496	24564
T24511C	S:R983R	17	49178	0.000346	24482	24544
T24504C	S:L981P	17	49031	0.000347	24498	24508
T24496C	S:N978N	17	48782	0.000348	24482	24499
T23599G C23604A A23723G	S:N679K S:P681H Unknown	17	33651	0.000505	23580	23724
T23599G C23604A A23711G	S:N679K S:P681H S:N717D	17	34004	0.0005	23580	23724
T23487G	Unknown	17	29516	0.000576	23486	23503
T23143-A T23164-A	NA NA	17	952	0.017857	23093	23176
T22882G T22917G	S:N440K S:L452R	17	7946	0.002139	22876	22928
T22882G G22895C	S:N440K S:V445L	17	9121	0.001864	22876	22906
T22882G A22893C T22942A G22992A C22995A A23013C T23018G	S:N440K S:K444T S:N460K S:S477N S:T478K S:E484A S:F486V	17	360	0.047222	22876	23038
T21939C	S:V126A	17	5335	0.003187	21870	21976
G25177-T	NA	17	15997	0.001063	25122	25186
G24954-A C25000T	NA S:D1146D	17	12034	0.001413	24901	25069
G24666-A	NA	17	25829	0.000658	24629	24679
G24620A	S:A1020T	17	25676	0.000662	24612	24679
G24164-A	NA	17	5550	0.003063	24151	24182
G23755+C C23854A	NA S:N764K	17	8223	0.002067	23738	23894
G22813T T22831+A T22882G	S:K417N NA S:N440Q	17	8529	0.001993	22793	22889
G22317T G22403-A	S:G252V NA	17	1522	0.01117	22256	22414
C25276-A G25302-T	NA NA	17	30134	0.000564	25260	25325
C25262-T G25311T	NA S:C1250F	17	29236	0.000581	25122	25325
C25207G	S:Y1215*	17	16545	0.001028	25197	25305
C25169-T C25262-TT	NA NA	17	11444	0.001485	25138	25325
C25132+A C25262-T	NA NA	17	10958	0.001551	25122	25323
C25000T G25015-T	S:D1146D NA	17	14400	0.001181	24990	25023
C24964-A C25000T	NA S:D1146D	17	12156	0.001398	24857	25009
C24878-A A24922-T	NA NA	17	14048	0.00121	24852	24941
C24609T	S:A1016V	17	22180	0.000766	24508	24659
C24536-AA T24628-A	NA NA	17	21565	0.000788	24507	24679
C24455-A C24503-T	NA NA	17	24367	0.000698	24412	24524
C23854A A23880G	S:N764K S:E773G	17	12996	0.001308	23841	23895
C23533-A T23599G C23604A	NA S:N679K S:P681H	17	39814	0.000427	23487	23636
C23525T T23529C	S:H655Y S:V656A	17	53506	0.000318	23487	23539
C23525T A23583G T23599G C23604A	S:H655Y S:Y674C S:N679K S:P681H	17	39707	0.000428	23492	23642
C23334-T A23400+G	NA NA	17	12227	0.00139	23269	23414
C22383-T	NA	17	3197	0.005317	22368	22395
C21618T T21632-TACCCCCTG C21682-A A21764-TACATG	S:T19I S:DEL25/27 NA S:DEL69/70	17	2758	0.006164	21597	21802
A25472+T	NA	17	4167	0.00408	25381	25485
A25201+T	NA	17	16274	0.001045	25192	25325
A25165G	S:Q1201Q	17	16237	0.001047	25135	25180
A24673C	S:S1037S	17	25548	0.000665	24636	24679
A24661G	S:V1033V	17	25906	0.000656	24634	24676
A24543G	S:D994G	17	48804	0.000348	24537	24564
A23964-T	NA	17	1564	0.01087	23955	23978
A23712-T G23835-T	NA NA	17	8901	0.00191	23683	23850
A23598+G	NA	17	76185	0.000223	23582	23612
A23597G T23599G C23604A	S:N679E S:N679E S:P681H	17	76138	0.000223	23580	23642
A23583G T23599G C23604A	S:Y674C S:N679K S:P681H	17	75851	0.000224	23580	23642
A23403G T23482-A C23525T T23537C	S:D614G NA S:H655Y S:S659P	17	6444	0.002638	23335	23538
A23403G T23434C	S:D614G S:I624I	17	19462	0.000873	23377	23443
A23403G A23414G	S:D614G S:T618A	17	20811	0.000817	23398	23443
A23378T A23403G C23525T	S:N606Y S:D614G S:H655Y	17	6241	0.002724	23351	23538
A21875-T A21979-T G21987A	NA NA S:G142D	17	2511	0.00677	21847	21999
T25264C	S:L1234L	16	29641	0.00054	25245	25324
T25236C	S:I1225T	16	27012	0.000592	25224	25324
T25219C	S:G1219G	16	20770	0.00077	25130	25320
T24940C	S:C1126C	16	14555	0.001099	24929	24943
T24866+G	NA	16	15253	0.001049	24850	24875
T24713-C	NA	16	2513	0.006367	24706	24806
T24664C	S:L1034L	16	25854	0.000619	24612	24669
T24589C	S:T1009T	16	22196	0.000721	24478	24661
T24544+A C24672-A	NA NA	16	21355	0.000749	24471	24679
T24492+A C24672-A	NA NA	16	20110	0.000796	24474	24679
T24469A T24472-G C24536-A	S:N969K NA NA	16	31911	0.000501	24465	24564
T23820G C23854A	S:L753W S:N764K	16	10880	0.001471	23802	23881
T23599G C23604A T23645C	S:N679K S:P681H S:Y695H	16	35538	0.00045	23580	23700
T23599G C23604A C23649T	S:N679K S:P681H S:T696I	16	35498	0.000451	23580	23724
T23599G C23604A C23630-A	S:N679K S:P681H NA	16	75609	0.000212	23581	23642
T23599G C23604A C23609-G G23666-A A23704-C A23711-AT	S:N679K S:P681H NA NA NA NA	16	34004	0.000471	23580	23724
T23599G C23604A A23712-TT	S:N679K S:P681H NA	16	33990	0.000471	23581	23724
T23599G C23604A A23696G	S:N679K S:P681H S:I712V	16	35070	0.000456	23580	23705
T23599G C23604A A23667G	S:N679K S:P681H S:E702G	16	35346	0.000453	23581	23724
T23377-A	NA	16	21305	0.000751	23351	23394
T23346C T23350C A23403G	S:V595A S:S596S S:D614G	16	19903	0.000804	23285	23443
T22942G A22947-AC	S:N460K NA	16	8029	0.001993	22934	22967
G25261A	S:M1233I	16	29416	0.000544	25223	25325
G25173-A	NA	16	16036	0.000998	25152	25188
G24743-T	NA	16	4146	0.003859	24724	24802
G24488-T C24517-A T24643-A C24672-A	NA NA NA NA	16	19421	0.000824	24471	24679
G24445+A	NA	16	24792	0.000645	24435	24564
G23518A C23525T T23599G C23604A	S:G652G S:H655Y S:N679K S:P681H	16	39689	0.000403	23487	23637
G23505+C	NA	16	54606	0.000293	23487	23513
G22813T T22882G T22942A C22950-T	S:K417N S:N440K S:N460K NA	16	5288	0.003026	22799	22967
G22813T T22882G A22893G G22898A A22910G C22916A T22942G	S:K417N S:N440K S:K444R S:G446S S:N450D S:L452M S:N460K	16	5527	0.002895	22801	22957
G22813T A22845-T T22882G	S:K417N NA S:N440K	16	8529	0.001876	22793	22889
G22809-A G22813T T22882G G22895C T22896C G22898A	NA S:K417N S:N440K S:V445P S:V445P S:G446S	16	7612	0.002102	22793	22910
G22273-T	NA	16	4915	0.003255	22259	22319
G22104-A	NA	16	3066	0.005219	22100	22118
G22021A G22037-T	S:M153I NA	16	7310	0.002189	22015	22058
C24651T	S:S1030L	16	25922	0.000617	24634	24675
C24536-A C24672-A	NA NA	16	21272	0.000752	24498	24679
C24536-A A24538G	NA S:Q992Q	16	48713	0.000328	24511	24564
C24435-T C24455-A	NA NA	16	24354	0.000657	24428	24495
C24064-A	NA	16	2915	0.005489	24022	24077
C23854A T23875C	S:N764K S:A771A	16	13209	0.001211	23848	23895
C23854A A23888G	S:N764K S:K776E	16	12562	0.001274	23845	23895
C23816-TT	NA	16	12520	0.001278	23805	23873
C23525T T23599G T23637-C	S:H655Y S:N679K NA	16	38960	0.000411	23488	23642
C23525T G23562A T23599G C23604A	S:H655Y S:G667D S:N679K S:P681H	16	39707	0.000403	23501	23625
C23525T C23604A C23635T	S:H655Y S:P681H S:S691S	16	39109	0.000409	23488	23637
C23525T C23557-A T23599G C23604A	S:H655Y NA S:N679K S:P681H	16	39707	0.000403	23507	23642
C23367+A	NA	16	21967	0.000728	23336	23377
C23334-T T23355-A	NA NA	16	12696	0.00126	23269	23369
C23334-T G23402-A	NA NA	16	12192	0.001312	23269	23443
C22000A G22022-A	S:H146Q NA	16	4831	0.003312	21995	22051
A25182G G25198-C	S:E1207G NA	16	14947	0.00107	25141	25210
A25137-T C25262-TT G25278-T	NA NA NA	16	10990	0.001456	25122	25325
A25137-T C25169-T	NA NA	16	14961	0.001069	25122	25183
A24942G C25000T	S:D1127G S:D1146D	16	11908	0.001344	24927	25069
A24922-T G24971+T C24981-T C25000T	NA NA NA S:D1146S	16	11791	0.001357	24850	25032
A24885-T C24899-A	NA NA	16	14496	0.001104	24852	24915
A24629G	S:N1023D	16	25769	0.000621	24612	24676
A24539+T	NA	16	48800	0.000328	24518	24549
A24538G	S:Q992Q	16	48765	0.000328	24484	24560
A24495G	S:N978S	16	48731	0.000328	24488	24564
A24424T T24448C	S:Q954H S:L962L	16	22867	0.0007	24412	24491
A23403G C23525T A23534G	S:D614G S:H655Y S:N658D	16	6562	0.002438	23342	23539
A23403G A23432+C	S:D614G NA	16	19774	0.000809	23335	23440
A23299G A23403G	S:P579P S:D614G	16	12134	0.001319	23269	23443
A21964-T	NA	16	5061	0.003161	21847	21977
A21884-C	NA	16	6018	0.002659	21847	21910
A21868+G	NA	16	6209	0.002577	21847	21881
T25289C	S:C1243R	15	30675	0.000489	25271	25325
T25245-A	NA	15	27196	0.000552	25223	25324
T25140+A	NA	15	15910	0.000943	25135	25158
T24856-G	NA	15	15120	0.000992	24850	24866
T24648C	S:M1029T	15	25906	0.000579	24612	24653
T24544C	S:D994D	15	48771	0.000308	24470	24564
T24267-G A24424T	NA S:Q954H	15	291	0.051546	24229	24424
T23599G C23604A G23666-A G23675-T A23712-T	S:N679K S:P681H NA NA NA	15	33990	0.000441	23580	23724
T23599G C23604A A23720+T	S:N679K S:P681H NA	15	33681	0.000445	23580	23724
T23599G C23604A A23665G G23666-A	S:N679K S:P681H S:A701A NA	15	35357	0.000424	23580	23724
T23596-A T23599G C23604A	NA S:N679K S:P681H	15	76138	0.000197	23580	23621
T23511-A	NA	15	54658	0.000274	23503	23521
T23511+A T23599G C23604A	NA S:N679* S:P681Y	15	39602	0.000379	23487	23615
T23316C A23403G	S:L585P S:D614G	15	12154	0.001234	23269	23443
T22058-G	NA	15	8987	0.001669	22025	22066
T21908+C	NA	15	5814	0.00258	21870	21919
G25401-T	NA	15	4706	0.003187	25382	25477
G25320A	S:C1253Y	15	31878	0.000471	25303	25325
G25135+A C25262-T	NA NA	15	11011	0.001362	25122	25325
G24868+T	NA	15	15265	0.000983	24852	24879
G24611-A	NA	15	22178	0.000676	24604	24679
G24570-T T24628-A	NA NA	15	21875	0.000686	24488	24679
G24530-A	NA	15	48931	0.000307	24506	24564
G24428A T24464-C T24470-TTG	S:A956T NA S:DEL971	15	22731	0.00066	24412	24564
G24124-T	NA	15	1813	0.008274	24111	24153
G24104+C	NA	15	2962	0.005064	24042	24106
G23508+T A23515+G T23599G C23604A	NA NA S:N679L S:P681H	15	39549	0.000379	23486	23634
G23417C	S:E619Q	15	21858	0.000686	23413	23435
G22992A C22995A A23013C T23018G	S:S477N S:T478K S:E484A S:F486V	15	579	0.025907	22962	23047
G22813T T22882G G22933-A T22942A	S:K417N S:N440K NA S:N460K	15	5527	0.002714	22793	22967
G22813T T22882G G22895C T22896C G22898A A22924-T T22942G	S:K417N S:N440K S:V445P S:V445P S:G446S NA S:N460K	15	5527	0.002714	22793	22967
G22813T T22882G G22895C T22896C	S:K417N S:N440K S:V445P S:V445P	15	7627	0.001967	22793	22910
G21987A T21990-TTA A21999-C	S:G142D S:DEL144 NA	15	2609	0.005749	21965	22058
C25262-T G25278-T	NA NA	15	29373	0.000511	25251	25325
C25169-T C25262-T	NA NA	15	11444	0.001311	25140	25325
C25163+A	NA	15	16253	0.000923	25140	25173
C25000T G25091+A	S:D1146D NA	15	1895	0.007916	24991	25210
C24852-A C24904T C25000T	NA S:I1114I S:D1146D	15	10937	0.001371	24850	25065
C24563-T	NA	15	48434	0.00031	24498	24576
C24455-A G24521+T	NA NA	15	24258	0.000618	24412	24564
C24210T	S:T883I	15	2963	0.005062	24148	24309
C24119-A G24140-T	NA NA	15	1533	0.009785	24112	24155
C23854G	S:N764K	15	14205	0.001056	23846	23881
C23854A T23877C	S:N764K S:V772A	15	13128	0.001143	23841	23895
C23854A T23861C	S:N764K S:L767L	15	13837	0.001084	23840	23895
C23854A A23869G	S:N764K S:G769G	15	13537	0.001108	23844	23895
C23525T T23599G C23604A C23630-A	S:H655Y S:N679K S:P681H NA	15	39273	0.000382	23516	23640
C23525T T23599G C23604A C23609+G	S:H655Y S:N679K S:P681H NA	15	39696	0.000378	23493	23624
C23525T T23599G C23603+A C23604G	S:H655Y S:N679K NA S:P681S	15	39707	0.000378	23487	23642
C23525T T23571C T23599G C23604A	S:H655Y S:I670T S:N679K S:P681H	15	39707	0.000378	23487	23642
C23525T C23595T T23599G C23604A	S:H655Y S:T678I S:N679K S:P681H	15	39707	0.000378	23487	23642
C23525T C23577T T23599G C23604A	S:H655Y S:A672V S:N679K S:P681H	15	39707	0.000378	23487	23637
C23525T C23555T T23599G C23604A	S:H655Y S:P665S S:N679K S:P681H	15	39707	0.000378	23487	23642
C23498-G	NA	15	54203	0.000277	23487	23506
C22109G C22120-A T22200A G22218-T G22317T	S:Q183E NA S:V213E NA S:G252V	15	964	0.01556	22100	22319
C22000A T22054-A	S:H146Q NA	15	4591	0.003267	21995	22058
C21978A G21987A	S:P139Q S:G142D	15	2775	0.005405	21965	22039
C21618T T21632-TACCCCCTG T21649-A	S:T19I S:DEL25/27 NA	15	3387	0.004429	21600	21657
C21618T T21632-TACCCCCTG C21648T	S:T19I S:DEL25/27 S:T29I	15	3387	0.004429	21597	21677
A25503+C	NA	15	1721	0.008716	25375	25516
A25296-G	NA	15	31006	0.000484	25266	25320
A25246G	S:V1228V	15	27216	0.000551	25219	25324
A25208-T G25302-T	NA NA	15	13669	0.001097	25201	25324
A25146G	S:E1195G	15	16425	0.000913	25141	25210
A24860G	S:T1100A	15	15252	0.000983	24857	24875
A24679G	S:R1039R	15	22460	0.000668	24612	24679
A24560+G	NA	15	48487	0.000309	24470	24579
A24454G	S:K964K	15	24790	0.000605	24412	24527
A24424T T24549C	S:Q954H S:L996S	15	22148	0.000677	24412	24563
A24424T T24504C	S:Q954H S:L981P	15	22428	0.000669	24412	24564
A24424T G24535A	S:Q954H S:V991V	15	22238	0.000675	24412	24564
A24424T G24434+C	S:Q954H NA	15	22990	0.000652	24412	24460
A24424T A24525G	S:Q954H S:E988G	15	22301	0.000673	24412	24564
A24424T A24457G	S:Q954H S:Q965Q	15	22730	0.00066	24412	24564
A24424T A24426G	S:Q954H S:N955S	15	23022	0.000652	24412	24433
A23834G C23854A	S:S758G S:N764K	15	11519	0.001302	23821	23895
A23710G	S:T716T	15	49599	0.000302	23698	23724
A23515-G C23525T	NA S:H655Y	15	53729	0.000279	23494	23537
A23515+G C23525T A23558-T T23599G C23604A	NA S:H655S NA S:N679* S:P681Y	15	39644	0.000378	23486	23639
A23512G C23525T T23599G C23604A	S:L650L S:H655Y S:N679K S:P681H	15	39610	0.000379	23490	23624
A23436G C23525T	S:H625R S:H655Y	15	8186	0.001832	23408	23539
A23326G A23403G	S:T588T S:D614G	15	12160	0.001234	23269	23443
A21979-T G21987A C22000-A	NA S:G142D NA	15	1925	0.007792	21847	22012
T25430-AACTTT	ORF3a:DEL14/15	14	4482	0.003124	25382	25477
T25414-TCACAATTGGAACTGTAACTTTGAAGCAAGGTGAAA	ORF3a:DEL9/20	14	4612	0.003036	25266	25477
T25304C	S:C1248R	14	31512	0.000444	25264	25325
T25301-GT	NA	14	31249	0.000448	25291	25324
T25279C	S:S1239S	14	30351	0.000461	25263	25325
T25245C	S:V1228A	14	27196	0.000515	25224	25324
T25221C	S:F1220S	14	25585	0.000547	25144	25261
T25196-G C25262-T	NA NA	14	12933	0.001083	25135	25291
T25161C	S:L1200P	14	16315	0.000858	25141	25171
T25159C	S:D1199D	14	16341	0.000857	25130	25170
T24643+A	NA	14	25861	0.000541	24612	24658
T24634C	S:L1024L	14	25799	0.000543	24627	24661
T24631C	S:N1023N	14	25787	0.000543	24619	24646
T24600C	S:I1013T	14	22195	0.000631	24494	24676
T24571C	S:S1003S	14	22346	0.000627	24537	24679
T24280+A	NA	14	4523	0.003095	24233	24311
T23750C	S:S730P	14	10895	0.001285	23683	23772
T23703-A A23712-T	NA NA	14	49397	0.000283	23683	23724
T23703+C	NA	14	50206	0.000279	23693	23724
T23693C	S:S711P	14	50662	0.000276	23685	23712
T23689+A	NA	14	50520	0.000277	23683	23707
T23599G C23604A T23671C	S:N679K S:P681H S:N703N	14	35289	0.000397	23580	23700
T23599G C23604A G23661A	S:N679K S:P681H S:G700D	14	35410	0.000395	23580	23699
T23599G C23604A G23660A	S:N679K S:P681H S:G700S	14	35420	0.000395	23580	23724
T23599G C23604A C23657-T	S:N679K S:P681H NA	14	35448	0.000395	23581	23693
T23599G C23604A C23643A	S:N679K S:P681H S:A694D	14	73949	0.000189	23580	23724
T23599G C23604A C23609-G G23666-A C23709-A	S:N679K S:P681H NA NA NA	14	34092	0.000411	23580	23724
T23599G C23604A C23609-G A23712-T	S:N679K S:P681H NA NA	14	33990	0.000412	23580	23724
T23599G C23604A C23609+G	S:N679K S:P681H NA	14	76146	0.000184	23580	23640
T23599G C23604A A23712G	S:N679K S:P681H S:N717S	14	33990	0.000412	23580	23724
T23599G C23604A A23696+T	S:N679K S:P681H NA	14	35070	0.000399	23580	23724
T23491C C23525T	S:F643F S:H655Y	14	51973	0.000269	23486	23537
T23394C A23403G	S:L611P S:D614G	14	20711	0.000676	23385	23440
T22020C T22054G	S:M153T S:N164K	14	7109	0.001969	22009	22058
G25313A	S:G1251R	14	31918	0.000439	25267	25325
G25284A	S:C1241Y	14	30491	0.000459	25260	25324
G24882A C25000T	S:R1107K S:D1146D	14	11438	0.001224	24850	25069
G24608A	S:A1016T	14	22184	0.000631	24564	24612
G24428A	S:A956T	14	23205	0.000603	24412	24564
G24277+T	NA	14	4462	0.003138	24229	24292
G23821+T	NA	14	12468	0.001123	23767	23835
G23501+C	NA	14	54289	0.000258	23487	23513
G23342A	S:G594S	14	22667	0.000618	23335	23370
G22813T T22882G G22898A T22942G A22948C	S:K417N S:N440K S:G446S S:N460K S:K462N	14	5334	0.002625	22793	22966
G22813T T22882G G22895C T22896C G22898A T22942G A22947-AC	S:K417N S:N440K S:V445P S:V445P S:G446S S:N460K NA	14	5344	0.00262	22803	22967
G22813T T22882G A22914-C T22942A	S:K417N S:N440K NA S:N460K	14	5527	0.002533	22793	22967
G22577C G22578A	S:G339H S:G339H	14	468	0.029915	22539	22580
G22403-A G22487-A	NA NA	14	1047	0.013372	22368	22500
G22104-A C22109G C22120-A T22200A G22317T	NA S:Q183E NA S:V213E S:G252V	14	957	0.014629	22100	22319
G22037+T	NA	14	9382	0.001492	22025	22052
C25318T	S:S1252S	14	31897	0.000439	25273	25324
C25282T	S:C1240C	14	30431	0.00046	25273	25324
C25000T C25160T	S:D1146D S:L1200F	14	1622	0.008631	24990	25210
C24878-A C24899-A	NA NA	14	14438	0.00097	24853	24911
C24878-A A24885-T C24899-A A24922-T C24981-T C25000T	NA NA NA NA NA S:D1146D	14	11431	0.001225	24850	25018
C24672-AA T24689G G24690T	NA S:C1043V S:C1043V	14	1354	0.01034	24620	24702
C24627T	S:A1022V	14	25766	0.000543	24612	24674
C24566-A G24570-T	NA NA	14	22312	0.000627	24493	24625
C24466+A	NA	14	32849	0.000426	24465	24489
C24431+A	NA	14	24358	0.000575	24417	24443
C24422-A C24455-A	NA NA	14	22762	0.000615	24412	24523
C24119-A G24124-T	NA NA	14	1567	0.008934	24021	24158
C23887-A C23929-A	NA NA	14	903	0.015504	23767	23936
C23694+G	NA	14	50695	0.000276	23686	23711
C23591T T23599G C23604A	S:Q677* S:N679K S:P681H	14	76004	0.000184	23581	23642
C23525T T23599G C23604A C23606T	S:H655Y S:N679K S:P681H S:R682W	14	39697	0.000353	23487	23642
C23525T T23596A T23599G C23604A	S:H655Y S:T678T S:N679K S:P681H	14	39707	0.000353	23492	23637
C23506-T	NA	14	54662	0.000256	23487	23520
C23393-T A23403G T23482-A C23525T	NA S:D614G NA S:H655Y	14	6565	0.002133	23335	23535
C23381-A A23403G	NA S:D614G	14	20318	0.000689	23285	23443
C23334-T T23344C	NA S:G594G	14	12782	0.001095	23269	23382
C23334-T C23393+T	NA NA	14	12327	0.001136	23269	23443
C22062-T C22120-A A22161-T	NA NA NA	14	984	0.014228	22025	22192
C22000A G22037-T	S:H146Q NA	14	4737	0.002955	21993	22058
C22000A G22014-T	S:H146Q NA	14	4856	0.002883	21995	22058
A25182G	S:E1207G	14	15888	0.000881	25152	25197
A25137-T T25191-A C25262-T	NA NA NA	14	11087	0.001263	25122	25292
A24922-T C24964-A C24981-T C25000T	NA NA NA S:D1146D	14	11791	0.001187	24852	25030
A24884G C25000T	S:N1108D S:D1146D	14	11441	0.001224	24850	25069
A24580G	S:T1006T	14	22322	0.000627	24543	24679
A24500G	S:I980V	14	48954	0.000286	24493	24564
A24498+T	NA	14	48825	0.000287	24488	24508
A24484G	S:S974S	14	46705	0.0003	24476	24531
A24479-T C24517-A	NA NA	14	43857	0.000319	24476	24528
A24424T T24469A T24471-TG	S:Q954H S:N969K NA	14	22556	0.000621	24416	24563
A24424T T24438+A C24455-A	S:Q954H NA NA	14	22773	0.000615	24412	24564
A24424T A24539+T	S:Q954H NA	14	22213	0.00063	24412	24564
A24424T A24443G	S:Q954H S:T961A	14	22917	0.000611	24412	24447
A23594+C T23599G C23604A	NA S:N679* S:P681Y	14	76109	0.000184	23580	23641
A23515T C23525T T23599G C23604A	S:I651I S:H655Y S:N679K S:P681H	14	39644	0.000353	23487	23624
A23403G T23421-C C23525T	S:D614G NA S:H655Y	14	6883	0.002034	23391	23539
A23403G G23522-A C23525T	S:D614G NA S:H655Y	14	6883	0.002034	23385	23539
A23403G A23474+T C23525T	S:D614G NA S:H655S	14	6883	0.002034	23339	23539
A23357G	S:T599A	14	22828	0.000613	23335	23361
A23274G C23334-T A23403G	S:D571G NA S:D614G	14	11819	0.001185	23269	23443
A23274G A23403G	S:D571G S:D614G	14	11819	0.001185	23269	23443
A22798+G G22813T	NA S:K417N	14	9003	0.001555	22793	22827
A22443-C	NA	14	3149	0.004446	22419	22446
A21875-T A21964-T	NA NA	14	4877	0.002871	21867	21982
T25382-A	NA	13	4772	0.002724	25372	25408
T25316C	S:S1252P	13	31929	0.000407	25289	25323
T25224C	S:I1221T	13	26229	0.000496	25220	25324
T25209C	S:I1216T	13	16736	0.000777	25197	25210
T25021-A	NA	13	14438	0.0009	25017	25040
T24799+C	NA	13	3884	0.003347	24763	24806
T24640C	S:A1026A	13	25824	0.000503	24635	24679
T24499+A C24672-A	NA NA	13	20586	0.000631	24486	24679
T24470-TTG G24570-T	S:DEL971 NA	13	7653	0.001699	24465	24667
T23697C	S:I712T	13	50742	0.000256	23683	23712
T23599G C23604A G23675-T A23704+C	S:N679K S:P681H NA NA	13	34424	0.000378	23580	23724
T23599G C23604A G23642A	S:N679K S:P681H S:A694T	13	74307	0.000175	23580	23642
T23599G C23604A C23655T	S:N679K S:P681H S:S698L	13	35464	0.000367	23580	23724
T23599G C23604A C23606T	S:N679K S:P681H S:R682W	13	76149	0.000171	23580	23642
T23421-C	NA	13	21796	0.000596	23409	23435
T22020C A22025G T22054G	S:M153T S:S155G S:N164K	13	7109	0.001829	22001	22058
T21632-TACCCCCTG C21736-T A21764-TACATG	S:DEL25/27 NA S:DEL69/70	13	2758	0.004714	21597	21802
G25298A	S:G1246S	13	31101	0.000418	25248	25324
G25269A	S:C1236Y	13	29932	0.000434	25252	25324
G25250A	S:V1230M	13	27306	0.000476	25219	25324
G25218-T G25278-T	NA NA	13	20027	0.000649	25149	25324
G24868-T C24878-A	NA NA	13	15086	0.000862	24852	24889
G24574A	S:L1004L	13	22344	0.000582	24500	24675
G24570-T T24643-A	NA NA	13	21816	0.000596	24543	24662
G23465-T C23525T	NA S:H655Y	13	8525	0.001525	23444	23538
G22813T T22882G G22895C T22896C G22898A G22933+T	S:K417N S:N440K S:V445P S:V445P S:G446S NA	13	6406	0.002029	22799	22941
G22813T T22882G G22894T T22917G	S:K417N S:N440K S:K444N S:L452R	13	7072	0.001838	22793	22967
G22813T T22882G A22893C T22917G T22942G	S:K417N S:N440K S:K444T S:L452R S:N460K	13	5527	0.002352	22793	22954
G22813T C22855T T22882G A22893C T22917G	S:K417N S:G431G S:N440K S:K444T S:L452R	13	7072	0.001838	22793	22931
G22813T A22845-T T22882G G22895C G22898A	S:K417N NA S:N440K S:V445L S:G446S	13	7620	0.001706	22793	22906
G22813T A22845-T T22882G A22893C T22917G	S:K417N NA S:N440K S:K444T S:L452R	13	7072	0.001838	22808	22929
G22809-A G22813T	NA S:K417N	13	9151	0.001421	22799	22823
G22133-A G22158-T	NA NA	13	3025	0.004298	22126	22180
G22104-A C22109G C22120-A T22200A	NA S:Q183E NA S:V213E	13	1464	0.00888	22100	22214
G22051-A	NA	13	9252	0.001405	22031	22058
G21987A A21993-T	S:G142D NA	13	3190	0.004075	21982	22058
C25517-T	NA	13	1608	0.008085	25375	25527
C25184T	S:Q1208*	13	15809	0.000822	25141	25193
C25000T C25100-A G25106-A	S:D1146D NA NA	13	1720	0.007558	24990	25128
C24536T	S:Q992*	13	48790	0.000266	24485	24564
C24509T	S:R983C	13	49177	0.000264	24494	24564
C23887-AAA	S:DEL776	13	13099	0.000992	23849	23895
C23887-AA C23929-A	NA NA	13	903	0.014396	23767	23943
C23887-A G23903-T	NA NA	13	1165	0.011159	23767	23917
C23854A T23878C	S:N764K S:V772V	13	13032	0.000998	23837	23895
C23854A A23884G	S:N764K S:Q774Q	13	12763	0.001019	23843	23895
C23854A A23883G	S:N764K S:Q774R	13	12827	0.001013	23841	23894
C23854A A23881G	S:N764K S:E773E	13	12976	0.001002	23846	23895
C23833-A C23854A	NA S:N764K	13	11238	0.001157	23825	23881
C23615+G	NA	13	77034	0.000169	23608	23642
C23525T T23599G T23617+G	S:H655Y S:N679K NA	13	39669	0.000328	23492	23642
C23525T T23599G C23604A T23617+G	S:H655Y S:N679K S:P681H NA	13	39669	0.000328	23492	23642
C23525T T23599G C23604A G23619A	S:H655Y S:N679K S:P681H S:S686N	13	39663	0.000328	23487	23635
C23525T T23599G A23639-T	S:H655Y S:N679K NA	13	38480	0.000338	23487	23642
C23525T G23580-T T23599G C23604A	S:H655Y NA S:N679K S:P681H	13	39707	0.000327	23487	23637
C23525T C23604A T23640A	S:H655Y S:P681H S:I693N	13	38407	0.000338	23487	23642
C23525T C23557T T23599G C23604A	S:H655Y S:P665P S:N679K S:P681H	13	39707	0.000327	23487	23642
C23525T A23597G T23599G C23604A	S:H655Y S:N679E S:N679E S:P681H	13	39707	0.000327	23487	23642
C23506T C23525T T23599G C23604A	S:G648G S:H655Y S:N679K S:P681H	13	39516	0.000329	23487	23642
C23358+A	NA	13	22791	0.00057	23339	23367
C23334-T T23355-A A23403G	NA NA S:D614G	13	12187	0.001067	23269	23443
C22251-A	NA	13	4726	0.002751	22246	22270
C22062-T G22104-A C22120-A A22161-T	NA NA NA NA	13	984	0.013211	22025	22192
C21618T T21632-TACCCCCTG A21764-TACATG G21796+T	S:T19I S:DEL25/27 S:DEL69/70 NA	13	2704	0.004808	21597	21802
A25256+T	NA	13	29170	0.000446	25251	25325
A25235G	S:I1225V	13	26988	0.000482	25226	25325
A25208+T C25262-T	NA NA	13	13836	0.00094	25122	25325
A25195G	S:K1211K	13	16530	0.000786	25132	25200
A25137-T G25218-T C25262-T	NA NA NA	13	11087	0.001173	25122	25325
A25137-T G25218-T	NA NA	13	11253	0.001155	25122	25263
A24917G C25000T	S:N1119D S:D1146D	13	11774	0.001104	24857	25069
A24902-T C24981-T C25000T	NA NA S:D1146D	13	11702	0.001111	24850	25004
A24646G	S:K1028K	13	25916	0.000502	24612	24670
A24545G	S:R995G	13	48771	0.000267	24476	24564
A24537G	S:Q992R	13	48754	0.000267	24499	24564
A24494G	S:N978D	13	48650	0.000267	24486	24545
A24424T T24514C	S:Q954H S:L984L	13	22380	0.000581	24412	24564
A24424T T24511C	S:Q954H S:R983R	13	22393	0.000581	24412	24564
A24424T T24470-TTG C24536-A	S:Q954H S:DEL971 NA	13	22234	0.000585	24412	24564
A23881G	S:E773E	13	13466	0.000965	23850	23887
A23786-T C23854A C23887-A	NA S:N764K NA	13	8238	0.001578	23683	23895
A23688+G	NA	13	50481	0.000258	23680	23699
A23592G T23599G C23604A G23666-A	S:Q677R S:N679K S:P681H NA	13	35227	0.000369	23580	23678
A23515+C	NA	13	54514	0.000238	23487	23524
A23403G T23427C	S:D614G S:V622A	13	20438	0.000636	23333	23430
A23400+G	NA	13	21235	0.000612	23335	23416
A23359G	S:T599T	13	22774	0.000571	23336	23399
A23321+T C23334-T	NA NA	13	12861	0.001011	23269	23356
A23305G A23403G	S:T581T S:D614G	13	12141	0.001071	23296	23409
A22798+G T22882G	NA S:N440Q	13	8380	0.001551	22793	22890
A22798+G G22813T T22882G T22917G	NA S:K417N S:N440Q S:L452R	13	6950	0.001871	22793	22921
A22056G	S:N165S	13	9066	0.001434	22010	22058
A21979-T C22000-A	NA NA	13	1925	0.006753	21847	22012
T25205C	S:Y1215H	12	16490	0.000728	25146	25208
T24660+A	NA	12	25927	0.000463	24488	24671
T24572C	S:L1004L	12	22361	0.000537	24496	24604
T24565C	S:L1001L	12	48311	0.000248	24509	24676
T24514A	S:L984L	12	49175	0.000244	24493	24564
T24472-G C24536-AA	NA NA	12	38055	0.000315	24465	24564
T24470-TTG T24643-A	S:DEL971 NA	12	7364	0.00163	24465	24679
T24470-TTG G24605T	S:DEL971 S:A1015S	12	7471	0.001606	24465	24671
T24469A C24672-A	S:N969K NA	12	7078	0.001695	24465	24679
T24464-C T24471-TG C24536-AA	NA NA NA	12	24225	0.000495	24432	24564
T24417C	S:V952A	12	23951	0.000501	24412	24424
T23965A	S:N801K	12	1575	0.007619	23958	23978
T23698C	S:I712I	12	50753	0.000236	23683	23707
T23686C	S:S708S	12	50414	0.000238	23683	23712
T23681+C	NA	12	38374	0.000313	23673	23724
T23599G C23604A T23686-A	S:N679K S:P681H NA	12	35141	0.000341	23580	23724
T23599G C23604A C23679T	S:N679K S:P681H S:A706V	12	35226	0.000341	23580	23707
T23511+A A23515+G C23525T T23599G C23604A	NA NA S:H655Y S:N679L S:P681H	12	39602	0.000303	23486	23642
T23500+C	NA	12	54291	0.000221	23487	23511
T23398C A23403G	S:Y612Y S:D614G	12	20957	0.000573	23394	23443
T23385C A23403G	S:V608A S:D614G	12	20427	0.000587	23335	23427
T22882G T22896C G22898A T22942G	S:N440K S:V445A S:G446S S:N460K	12	6300	0.001905	22850	22966
T22882G A22893C C22995A A23013C T23018G	S:N440K S:K444T S:T478K S:E484A S:F486V	12	360	0.033333	22877	23048
T22831+A T22882G	NA S:N440Q	12	8603	0.001395	22807	22891
T22160A	S:Y200N	12	3575	0.003357	22143	22191
T22048C	S:S162S	12	9289	0.001292	22007	22058
T22039C	S:V159V	12	9386	0.001278	22025	22058
T22027C	Unknown	12	9332	0.001286	22025	22057
T22016C	S:W152R	12	7356	0.001631	22002	22032
T21916C	S:L118L	12	5717	0.002099	21867	21949
G25311A	S:C1250Y	12	31887	0.000376	25224	25324
G25290+C	NA	12	30711	0.000391	25282	25324
G25229A	S:G1223S	12	26752	0.000449	25217	25324
G25226A	S:A1222T	12	26510	0.000453	25219	25324
G25218-TT	NA	12	20303	0.000591	25209	25324
G24971+T C24981-T	NA NA	12	12535	0.000957	24852	24992
G24883-A C24904T C25000T	NA S:I1114I S:D1146D	12	11440	0.001049	24853	25069
G24882A	S:R1107K	12	15017	0.000799	24867	24943
G24626A	S:A1022T	12	25728	0.000466	24612	24676
G24510A	S:R983H	12	49187	0.000244	24493	24564
G23522-A C23525T C23604A	NA S:H655Y S:P681H	12	39704	0.000302	23512	23622
G23508+T C23525T	NA S:H655S	12	53490	0.000224	23492	23531
G22895C T22896C G22898A	S:V445P S:V445P S:G446S	12	8595	0.001396	22877	22915
G22813T T22831+A T22882G A22893C T22917G	S:K417N NA S:N440Q S:K444S S:L452R	12	7072	0.001697	22799	22936
G22813T A22845-T T22882G G22895C T22896C G22898A T22942G	S:K417N NA S:N440K S:V445P S:V445P S:G446S S:N460K	12	5527	0.002171	22803	22967
G21987A T21990-TTA G22021A	S:G142D S:DEL144 S:M153I	12	1804	0.006652	21973	22058
G21987A G22022-A	S:G142D NA	12	1802	0.006659	21982	22043
G21987A A22001G T22016C	S:G142D S:K147E S:W152R	12	1814	0.006615	21983	22058
C25262-T T25293C	NA S:L1244P	12	29329	0.000409	25251	25325
C25200A	S:P1213Q	12	16268	0.000738	25192	25324
C25169-T T25191-A C25262-TT	NA NA NA	12	11444	0.001049	25122	25323
C25156-G	NA	12	16388	0.000732	25123	25170
C25000T T25021-A C25100-AA	S:D1146D NA NA	12	1820	0.006593	24990	25141
C25000T A25065G	S:D1146D S:D1168G	12	13615	0.000881	24990	25068
C24899-A A24922-T C25000T	NA NA S:D1146D	12	11679	0.001027	24850	25009
C24789-A	NA	12	4059	0.002956	24724	24805
C24672-A G24690+T	NA NA	12	1354	0.008863	24612	24701
C24668+A	NA	12	25781	0.000465	24612	24679
C24422-A A24425T C24517-A	NA S:N955Y NA	12	22358	0.000537	24412	24559
C24418+A A24424T	NA S:Q954P	12	23923	0.000502	24412	24441
C24176+A	NA	12	5517	0.002175	24148	24190
C24026-T A24110-T C24119-A	NA NA NA	12	1481	0.008103	24021	24191
C23854A T23860C	S:N764K S:A766A	12	13882	0.000864	23843	23894
C23700T	S:A713V	12	50833	0.000236	23694	23716
C23525T T23599G C23604A A23639G	S:H655Y S:N679K S:P681H S:I693V	12	38480	0.000312	23487	23642
C23525T T23559C T23599G	S:H655Y S:I666T S:N679K	12	39719	0.000302	23487	23642
C23525T G23587A T23599G C23604A	S:H655Y S:Q675Q S:N679K S:P681H	12	39707	0.000302	23487	23642
C23525T G23547T	S:H655Y S:C662F	12	41322	0.00029	23493	23552
C23525T C23530-A T23599G C23604A	S:H655Y NA S:N679K S:P681H	12	39707	0.000302	23487	23642
C23525T A23598T T23599G C23604A	S:H655Y S:N679M S:N679M S:P681H	12	39707	0.000302	23487	23642
C23506G	S:G648G	12	54662	0.00022	23502	23539
C23481A T23482C A23483T	S:S640Y S:S640Y S:N641Y	12	9196	0.001305	23447	23539
C23103-T T23143-A	NA NA	12	1083	0.01108	23089	23155
C22281+T	NA	12	4974	0.002413	22246	22296
C22120-A T22200G G22218-T	NA S:V213G NA	12	1469	0.008169	22100	22276
C22062-T G22104-A C22120-A	NA NA NA	12	1076	0.011152	22025	22192
C21888-T G21987A	NA S:G142D	12	2520	0.004762	21881	21992
A25136-AT	NA	12	15391	0.00078	25122	25154
A25134-G	NA	12	15278	0.000785	25130	25165
A25133-AG	NA	12	15277	0.000785	25122	25152
A25125G	S:E1188G	12	14745	0.000814	25122	25183
A24988G C25000T	S:Q1142Q S:D1146D	12	12330	0.000973	24971	25069
A24917G	S:N1119D	12	14710	0.000816	24853	24960
A24885-T C24981-T	NA NA	12	11785	0.001018	24852	24999
A24775G	S:Q1071Q	12	4284	0.002801	24724	24806
A24670G	S:Q1036Q	12	25722	0.000467	24612	24676
A24612G	S:E1017G	12	22179	0.000541	24498	24679
A24595-T	NA	12	22187	0.000541	24555	24679
A24519G	S:K986R	12	49192	0.000244	24498	24564
A24485G	S:S975G	12	47277	0.000254	24478	24558
A24479-T C24672-A	NA NA	12	17188	0.000698	24471	24679
A24457G	S:Q965Q	12	24754	0.000485	24425	24479
A24424T T24513C	S:Q954H S:L984P	12	22383	0.000536	24412	24564
A24424T T24447C	S:Q954H S:L962P	12	22879	0.000524	24412	24564
A24424T C24455-A T24469A	S:Q954H NA S:N969K	12	22602	0.000531	24412	24552
A24424T A24520G	S:Q954H S:K986K	12	22349	0.000537	24412	24554
A24424T A24495G	S:Q954H S:N978S	12	22466	0.000534	24412	24558
A24253-T G24277+T	NA NA	12	4209	0.002851	24233	24287
A23720+C	NA	12	48927	0.000245	23694	23724
A23702+G	NA	12	50241	0.000239	23693	23724
A23515+G C23525T A23558G T23599G C23604A	NA S:H655S S:I666D S:N679* S:P681Y	12	39644	0.000303	23486	23639
A23483T C23525T	S:N641Y S:H655Y	12	9056	0.001325	23462	23539
A23403G T23425C	S:D614G S:P621P	12	20491	0.000586	23392	23443
A23357G A23403G	S:T599A S:D614G	12	20034	0.000599	23335	23420
A23319G A23403G	S:D586G S:D614G	12	12157	0.000987	23285	23443
A23303G A23403G	S:T581A S:D614G	12	12138	0.000989	23269	23443
A22924-T	NA	12	8641	0.001389	22917	22966
T25210C	S:I1216I	11	18314	0.000601	25200	25324
T25202+G	NA	11	16461	0.000668	25144	25325
T24871C C25000T	S:F1103F S:D1146D	11	11388	0.000966	24850	25069
T24870C	S:F1103S	11	15263	0.000721	24850	24912
T24744C	S:V1061A	11	4151	0.00265	24724	24764
T24597-A	NA	11	22186	0.000496	24547	24679
T24549-G	NA	11	48713	0.000226	24538	24562
T24469G	S:N969K	11	32903	0.000334	24465	24564
T23716A	S:F718L	11	49317	0.000223	23683	23724
T23693+A	NA	11	50662	0.000217	23686	23724
T23602-C T23605A G23608T	NA S:P681P S:R682R	11	76252	0.000144	23580	23724
T23599G T23640A	S:N679K S:I693N	11	74633	0.000147	23583	23642
T23599G C23604A T23722C	S:N679K S:P681H S:I720I	11	33663	0.000327	23580	23724
T23599G C23604A T23716C	S:N679K S:P681H S:F718F	11	33943	0.000324	23580	23723
T23599G C23604A T23605C	S:N679K S:P681H S:P681H	11	76150	0.000144	23580	23642
T23599G C23604A G23611A	S:N679K S:P681H S:R683R	11	76133	0.000144	23580	23642
T23599G C23604A A23717G	S:N679K S:P681H S:T719A	11	33888	0.000325	23580	23724
T23599G C23604A A23670T	S:N679K S:P681H S:N703I	11	35318	0.000311	23580	23696
T23599G C23603+A C23604G	S:N679K NA S:P681S	11	76169	0.000144	23580	23642
T23599G A23704+C	S:N679K NA	11	34424	0.00032	23580	23724
T23537C	S:S659P	11	53032	0.000207	23525	23539
T23529C T23599G C23604A	S:V656A S:N679K S:P681H	11	39780	0.000277	23487	23642
T23490C C23525T T23599G C23604A	S:F643S S:H655Y S:N679K S:P681H	11	38720	0.000284	23486	23624
T23421-C C23525T	NA S:H655Y	11	7824	0.001406	23397	23539
T23338-G	NA	11	22363	0.000492	23335	23360
T23337C A23403G	S:F592S S:D614G	11	19579	0.000562	23335	23443
T23323-A C23334-T A23403G	NA NA S:D614G	11	12159	0.000905	23285	23443
T23322C A23403G	S:I587T S:D614G	11	12158	0.000905	23269	23441
T23293C A23403G	S:R577R S:D614G	11	12042	0.000913	23270	23443
T23272C	S:A570A	11	13656	0.000806	23269	23290
T22882G T22917G T22942A	S:N440K S:L452R S:N460K	11	6300	0.001746	22876	22967
T22291C	S:A243A	11	4991	0.002204	22249	22319
T22045C	S:S161S	11	9324	0.00118	22009	22058
T22020C T22031C T22054G	S:M153T S:F157L S:N164K	11	7109	0.001547	22001	22058
G25401+T	NA	11	4706	0.002337	25381	25412
G25281A	S:C1240Y	11	30410	0.000362	25257	25324
G25166-A	NA	11	16219	0.000678	25137	25177
G25049-A	NA	11	14278	0.00077	25026	25069
G24635+C	NA	11	25812	0.000426	24612	24643
G24570-T C24672-A	NA NA	11	21576	0.00051	24518	24679
G24561-A	NA	11	48466	0.000227	24551	24564
G23755+C A23767+T C23854A	NA NA S:N764*	11	8223	0.001338	23738	23895
G23726+T C23854A	NA S:N764K	11	8109	0.001357	23699	23892
G23522-A C23525T T23599G	NA S:H655Y S:N679K	11	39716	0.000277	23508	23642
G23501+T	NA	11	54289	0.000203	23487	23528
G23364-A A23403G	NA S:D614G	11	20065	0.000548	23335	23443
G23363C	S:G601R	11	22531	0.000488	23339	23366
G22813T T22882G G22895C T22896C G22898A T22942G A22948-C	S:K417N S:N440K S:V445P S:V445P S:G446S S:N460K NA	11	5334	0.002062	22793	22967
G22813T G22895C T22896C G22898A	S:K417N S:V445P S:V445P S:G446S	11	7620	0.001444	22793	22912
G22813T G22820A T22882G G22895C T22896C G22898A	S:K417N S:D420N S:N440K S:V445P S:V445P S:G446S	11	7620	0.001444	22793	22906
G22813T A22814-T G22817A C22818T T22882G T22917G T22942A	S:K417N NA S:A419I S:A419I S:N440K S:L452R S:N460K	11	5527	0.00199	22793	22966
G22302-T G22317T	NA S:G252V	11	4787	0.002298	22246	22319
G22030-T	NA	11	9376	0.001173	22025	22053
C25466-T	NA	11	4196	0.002622	25379	25477
C25321T	S:C1253C	11	31875	0.000345	25219	25325
C25275T	S:T1238I	11	30192	0.000364	25251	25325
C25262-T C25366-A	NA NA	11	1503	0.007319	25251	25380
C25000T T25072-G C25100-A	S:D1146D NA NA	11	1820	0.006044	24990	25114
C25000T A25003-T	S:D1146D NA	11	14607	0.000753	24990	25016
C24899-A C24981-T C25000T A25026-T	NA NA S:D1146D NA	11	11108	0.00099	24850	25040
C24899-A A24922-T C24981-T	NA NA NA	11	12002	0.000917	24852	24999
C24878-A A24885-T C24899-A C24981-T C25000T	NA NA NA NA S:D1146D	11	11431	0.000962	24850	25015
C24878-A A24885-T C24899-A	NA NA NA	11	14438	0.000762	24850	24914
C24859T	S:G1099G	11	15245	0.000722	24853	24875
C24852-A G24883-A	NA NA	11	14316	0.000768	24850	24943
C24672-AAA	S:DEL1038	11	25614	0.000429	24642	24679
C24672-A A24684-T	NA NA	11	1713	0.006421	24612	24720
C24668T	S:Q1036*	11	25781	0.000427	24612	24676
C24639+G	NA	11	25816	0.000426	24571	24676
C24636T	S:A1025V	11	25822	0.000426	24550	24676
C24606T	S:A1015V	11	22192	0.000496	24488	24679
C24536+A	NA	11	48790	0.000225	24484	24564
C24517-A C24536-A T24643-A C24672-A	NA NA NA NA	11	21110	0.000521	24476	24679
C24503-T C24517-A T24643-A C24672-A	NA NA NA NA	11	20744	0.00053	24471	24679
C24455-A T24469A	NA S:N969K	11	24586	0.000447	24412	24514
C24422-A A24425T G24488-T	NA S:N955Y NA	11	22486	0.000489	24412	24564
C24245-A	NA	11	4361	0.002522	24229	24255
C24119-A C24150+T	NA NA	11	1511	0.00728	24021	24191
C24082T	S:C840C	11	2932	0.003752	24064	24106
C24034-A	NA	11	2841	0.003872	24021	24066
C24026-T A24110-T	NA NA	11	1520	0.007237	24021	24121
C23887-AA G23903-T C23929-A	NA NA NA	11	903	0.012182	23767	23940
C23854A A23886G	S:N764K S:D775G	11	12640	0.00087	23841	23895
C23854A A23870G	S:N764K S:I770V	11	13498	0.000815	23840	23881
C23816+T	NA	11	12520	0.000879	23773	23827
C23707+G	NA	11	49926	0.00022	23695	23722
C23604A C23609-G	S:P681H NA	11	76280	0.000144	23581	23638
C23525T T23599G C23604A T23622+G	S:H655Y S:N679K S:P681H NA	11	39654	0.000277	23507	23642
C23525T T23599G C23604A G23621A	S:H655Y S:N679K S:P681H S:V687I	11	39657	0.000277	23487	23642
C23525T T23548G T23599G C23604A	S:H655Y S:C662W S:N679K S:P681H	11	39707	0.000277	23487	23642
C23525T T23527C	S:H655Y S:H655Y	11	53507	0.000206	23487	23539
C23525T G23547A T23599G C23604A	S:H655Y S:C662Y S:N679K S:P681H	11	39707	0.000277	23488	23642
C23525T C23533-A A23558G T23599G C23604A	S:H655Y NA S:I666V S:N679K S:P681H	11	39707	0.000277	23487	23639
C23367+G	NA	11	21967	0.000501	23336	23374
C23334-T T23394C A23403G	NA S:L611P S:D614G	11	12187	0.000903	23269	23443
C22445T G22578A	S:P295S S:G339D	11	433	0.025404	22411	22580
C22290-T	NA	11	4995	0.002202	22262	22314
C22062-TT C22120-A	NA NA	11	1076	0.010223	22025	22133
C22062-TT	NA	11	1642	0.006699	22025	22078
C22033+G	NA	11	9404	0.00117	22025	22053
C22000A A22029G	S:H146Q S:E156G	11	4795	0.002294	21995	22058
C21618T T21632-TACCCCCTG G21668+T A21764-TACATG	S:T19I S:DEL25/27 NA S:DEL69/70	11	2758	0.003988	21608	21802
C21618T T21632-TACCCCCTG C21682-A G21686-T A21764-TACATG	S:T19I S:DEL25/27 NA NA S:DEL69/70	11	2758	0.003988	21597	21802
C21618T T21632-TACCCCCTG A21645G A21764-TACATG	S:T19I S:DEL25/27 S:Y28C S:DEL69/70	11	2758	0.003988	21597	21802
A25164G	S:Q1201R	11	16248	0.000677	25157	25198
A25137-T G25278-T	NA NA	11	10990	0.001001	25125	25320
A24999-C	NA	11	14714	0.000748	24990	25025
A24956T C25000T	S:I1132F S:D1146D	11	12053	0.000913	24850	25025
A24956-T	NA	11	12825	0.000858	24905	24998
A24920G	S:T1120A	11	14693	0.000749	24911	24938
A24645G	S:K1028R	11	25902	0.000425	24612	24668
A24592G	S:Q1010Q	11	22192	0.000496	24476	24673
A24468-TT	NA	11	32910	0.000334	24465	24564
A24424T T24492-A	S:Q954H NA	11	22486	0.000489	24412	24564
A24424T G24558A	S:Q954H S:G999D	11	22026	0.000499	24412	24564
A24424T C24455-A C24503-T	S:Q954H NA NA	11	22429	0.00049	24412	24517
A24424T C24431T	S:Q954H S:Q957*	11	23010	0.000478	24412	24564
A24424T A24562G	S:Q954H S:R1000R	11	21964	0.000501	24412	24564
A24424T A24556G	S:Q954H S:T998T	11	22044	0.000499	24412	24564
A24424T A24545G	S:Q954H S:R995G	11	22176	0.000496	24412	24563
A24424T A24531G	S:Q954H S:E990G	11	22260	0.000494	24412	24564
A24010-T	NA	11	1167	0.009426	23985	24106
A23973G	S:Q804R	11	2290	0.004803	23969	23978
A23853-C G23868-A	NA NA	11	13583	0.00081	23844	23895
A23853-C C23855A	NA S:R765S	11	14030	0.000784	23841	23880
A23848G C23854A	S:Q762Q S:N764K	11	13989	0.000786	23841	23895
A23848+T C23887-A G23903-T	NA NA NA	11	1132	0.009717	23767	23926
A23845G C23854A	S:T761T S:N764K	11	13772	0.000799	23841	23895
A23786-T C23816-T C23854A	NA NA S:N764K	11	9765	0.001126	23683	23874
A23786-T C23816-T	NA NA	11	11469	0.000959	23767	23833
A23729G C23854A	S:T723A S:N764K	11	8116	0.001355	23712	23895
A23729G	S:T723A	11	11305	0.000973	23690	23734
A23712-T C23816-T	NA NA	11	9500	0.001158	23683	23830
A23592T T23599G C23604A	S:Q677L S:N679K S:P681H	11	76018	0.000145	23580	23642
A23515+G C23525T T23599G	NA S:H655S S:N679*	11	39656	0.000277	23486	23624
A23414G C23525T	S:T618A S:H655Y	11	7708	0.001427	23398	23539
A23403G T23427C C23525T	S:D614G S:V622A S:H655Y	11	6883	0.001598	23335	23539
A23379G A23403G	S:N606S S:D614G	11	20256	0.000543	23285	23441
A23354G A23403G	S:I598V S:D614G	11	20010	0.00055	23337	23441
A23354G	S:I598V	11	22889	0.000481	23335	23362
A23301G A23403G	S:Q580R S:D614G	11	12137	0.000906	23274	23443
A22845-T T22882G	NA S:N440K	11	8653	0.001271	22793	22892
A22798+G G22813T T22882G G22898A	NA S:K417N S:N440Q S:G446R	11	7483	0.00147	22793	22913
A22798+G G22813T T22882G G22895C G22898A	NA S:K417N S:N440Q S:V445R S:G446R	11	7483	0.00147	22793	22908
A22538-T	NA	11	718	0.01532	22466	22564
A22472C G22577C G22578A	S:K304Q S:G339H S:G339H	11	445	0.024719	22381	22580
A22056-T	NA	11	9066	0.001213	22030	22058
A22041-T	NA	11	9379	0.001173	22025	22052
A21944G A21979-T G21987A	S:I128V NA S:G142D	11	2582	0.00426	21847	21998
A21902+C	NA	11	5860	0.001877	21847	21912
T25187C C25262-T	S:Y1209H NA	10	11701	0.000855	25122	25325
T24628C	S:A1022A	10	25766	0.000388	24612	24675
T24628-A C24632-T	NA NA	10	25740	0.000389	24543	24679
T24496-G	NA	10	48782	0.000205	24477	24519
T24491C	S:L977L	10	48483	0.000206	24473	24564
T24471-TG C24483-A C24536-AA	NA NA NA	10	37263	0.000268	24456	24564
T24470-TTG C24477-A	S:DEL971 NA	10	33033	0.000303	24465	24496
T24447C	S:L962P	10	24821	0.000403	24428	24564
T24417C A24424T	S:V952A S:Q954H	10	23893	0.000419	24412	24424
T23871+A	NA	10	13925	0.000718	23864	23883
T23689C	S:N709N	10	50520	0.000198	23683	23704
T23684C	S:S708P	10	50336	0.000199	23683	23724
T23599G T23602C	S:N679K S:S680S	10	76174	0.000131	23580	23722
T23599G T23602-C C23604A	S:N679K NA S:P681H	10	76169	0.000131	23580	23724
T23599G C23604A T23721C	S:N679K S:P681H S:I720T	10	33676	0.000297	23580	23724
T23599G C23604A T23719C	S:N679K S:P681H S:T719T	10	33689	0.000297	23580	23724
T23599G C23604A G23619A	S:N679K S:P681H S:S686N	10	76090	0.000131	23580	23642
T23599G C23604A G23616A	S:N679K S:P681H S:R685H	10	76104	0.000131	23580	23642
T23599G C23604A G23608T A23712-T	S:N679K S:P681H S:R682R NA	10	33990	0.000294	23580	23724
T23599G C23604A C23685T	S:N679K S:P681H S:S708F	10	35149	0.000285	23580	23717
T23599G C23604A C23638T	S:N679K S:P681H S:I692I	10	75198	0.000133	23580	23642
T23599G C23604A C23630T	S:N679K S:P681H S:Q690*	10	75609	0.000132	23580	23642
T23599G C23604+A	S:N679K NA	10	76169	0.000131	23582	23642
T23599G C23603+A	S:N679K NA	10	76174	0.000131	23588	23637
T23584C C23604A	S:Y674Y S:P681H	10	75872	0.000132	23580	23642
T23584+C T23599G C23604A	NA S:N679* S:P681Y	10	75872	0.000132	23580	23700
T23542-G	NA	10	41951	0.000238	23492	23552
T23514C C23525T T23599G C23604A	S:I651T S:H655Y S:N679K S:P681H	10	39633	0.000252	23487	23642
T23511+C	NA	10	54658	0.000183	23487	23518
T23491C	S:F643F	10	53572	0.000187	23487	23511
T23487G C23525T	Unknown S:H655Y	10	28232	0.000354	23486	23530
T23482-A G23486-T C23525T	NA NA S:H655Y	10	9032	0.001107	23345	23539
T23352C	S:V597A	10	22896	0.000437	23336	23368
T23350C	S:S596S	10	22841	0.000438	23336	23367
T23341C A23403G	S:G593G S:D614G	10	19712	0.000507	23335	23428
T23335C A23403G	S:S591S S:D614G	10	12197	0.00082	23332	23407
T23308C A23403G	S:L582L S:D614G	10	12145	0.000823	23296	23443
T23296+C	NA	10	13168	0.000759	23270	23312
T23281C A23403G	S:T573T S:D614G	10	11844	0.000844	23272	23443
T22917G	S:L452R	10	8457	0.001182	22913	22946
T22293-A	NA	10	5002	0.001999	22246	22310
T22016C C22033A	S:W152R S:F157L	10	7287	0.001372	22002	22043
T21872+G	NA	10	6183	0.001617	21855	21885
G25314A	S:G1251E	10	31922	0.000313	25220	25325
G25278+C	NA	10	30307	0.00033	25266	25310
G25269-T	NA	10	29932	0.000334	25261	25325
G25198C	S:W1212C	10	16341	0.000612	25122	25263
G25127+T	NA	10	14807	0.000675	25122	25149
G24488+T C24672-A	NA NA	10	19421	0.000515	24473	24679
G24476A	S:A972T	10	43076	0.000232	24470	24499
G24428+A T24464-C T24470-TTG	NA NA S:DEL971	10	22731	0.00044	24415	24564
G23835-T C23854A	NA S:N764K	10	11708	0.000854	23748	23867
G23522+A C23525T T23599G C23604A	NA S:H655S S:N679* S:P681Y	10	39704	0.000252	23487	23625
G23516A C23525T T23599G C23604A	S:G652R S:H655Y S:N679K S:P681H	10	39664	0.000252	23487	23642
G23508-T C23525T T23599G C23604A	NA S:H655Y S:N679K S:P681H	10	39549	0.000253	23488	23642
G23505-C C23525T	NA S:H655Y	10	53344	0.000187	23488	23538
G23501A C23525T	S:A647T S:H655Y	10	52895	0.000189	23487	23539
G23351-T A23403G	NA S:D614G	10	19941	0.000501	23326	23443
G22933-A T22942A	NA S:N460K	10	8037	0.001244	22917	22958
G22895C G22898A	S:V445L S:G446S	10	8595	0.001163	22886	22915
G22813T T22882G T22896C	S:K417N S:N440K S:V445A	10	7627	0.001311	22793	22941
G22813T T22882G G22895C G22898A T22900-G	S:K417N S:N440K S:V445L S:G446S NA	10	7593	0.001317	22801	22915
G22813T T22882G A22893C T22942A	S:K417N S:N440K S:K444T S:N460K	10	5527	0.001809	22793	22967
G22813T T22868-G T22882G G22895C T22896C G22898A	S:K417N NA S:N440K S:V445P S:V445P S:G446S	10	7620	0.001312	22793	22907
G22813T G22895C G22898A	S:K417N S:V445L S:G446S	10	7620	0.001312	22793	22907
G22813T A22814-T G22817A C22818T T22882G A22893C T22917G	S:K417N NA S:A419I S:A419I S:N440K S:K444T S:L452R	10	7072	0.001414	22793	22920
G22809-A G22813T T22882G	NA S:K417N S:N440K	10	8518	0.001174	22793	22887
G22487-A G22578A	NA S:G339D	10	449	0.022272	22398	22581
G22381-A	NA	10	3197	0.003128	22374	22392
G22022-A T22054-A	NA NA	10	7129	0.001403	22011	22058
C25276-A C25294-A	NA NA	10	30168	0.000331	25264	25325
C25267T	S:C1235C	10	29773	0.000336	25251	25324
C25262-T G25340-A	NA NA	10	1579	0.006333	25251	25350
C25262-T A25274G	NA S:T1238A	10	29377	0.00034	25211	25325
C25240T	S:A1226A	10	27077	0.000369	25227	25324
C25169-T T25191-A C25262-T	NA NA NA	10	11444	0.000874	25140	25281
C25163-A	NA	10	16253	0.000615	25124	25320
C25000T A25018G	S:D1146D S:L1152L	10	14325	0.000698	24993	25069
C24878-A C24899-A A24922-T C25000T	NA NA NA S:D1146D	10	11431	0.000875	24853	25030
C24852-A G24992-A	NA NA	10	11064	0.000904	24850	25069
C24662-T	NA	10	25891	0.000386	24643	24675
C24455-A C24517-A A24520T	NA NA S:K986N	10	24284	0.000412	24412	24563
C24435+T	NA	10	24564	0.000407	24412	24450
C24378-T A24424T	NA S:Q954H	10	904	0.011062	24354	24424
C24319A A24424T	S:N919K S:Q954H	10	477	0.020964	24304	24424
C24245-A A24253-T C24263-A	NA NA NA	10	4236	0.002361	24229	24278
C24245-A A24253-T	NA NA	10	4322	0.002314	24233	24280
C24150-T A24253-T	NA NA	10	2692	0.003715	24148	24278
C23854A T23866C	S:N764K S:T768T	10	13636	0.000733	23842	23895
C23854A C23859+G	S:N764K NA	10	13922	0.000718	23848	23891
C23778+A	NA	10	12282	0.000814	23767	23789
C23635T	S:S691S	10	77584	0.000129	23623	23642
C23604A T23637-C	S:P681H NA	10	75357	0.000133	23599	23642
C23604A A23710G	S:P681H S:T716T	10	34095	0.000293	23580	23724
C23595T T23599G C23604A	S:T678I S:N679K S:P681H	10	76117	0.000131	23580	23642
C23525T T23602-C T23605A	S:H655Y NA S:P681P	10	39697	0.000252	23487	23642
C23525T T23599G T23640A	S:H655Y S:N679K S:I693N	10	38407	0.00026	23487	23642
C23525T T23599G C23615+G	S:H655Y S:N679K NA	10	39676	0.000252	23487	23635
C23525T T23599G C23604A T23605C	S:H655Y S:N679K S:P681H S:P681H	10	39697	0.000252	23487	23642
C23525T T23599G C23604A C23634T	S:H655Y S:N679K S:P681H S:S691F	10	39163	0.000255	23487	23637
C23525T T23599G C23604A A23627-G	S:H655Y S:N679K S:P681H NA	10	39306	0.000254	23505	23637
C23525T T23559C C23604A	S:H655Y S:I666T S:P681H	10	39707	0.000252	23487	23639
C23525T C23615+G	S:H655Y NA	10	39676	0.000252	23492	23642
C23525T C23591T T23599G C23604A	S:H655Y S:Q677* S:N679K S:P681H	10	39707	0.000252	23487	23642
C23525T C23533-A C23604A	S:H655Y NA S:P681H	10	39707	0.000252	23493	23642
C23525T C23530T T23599G C23604A	S:H655Y S:V656V S:N679K S:P681H	10	39707	0.000252	23487	23642
C23525T A23598+G C23604A	S:H655Y NA S:P681Y	10	39707	0.000252	23516	23624
C23492+A A23515+G C23525T T23599G C23604A	NA NA S:H655Y S:N679L S:P681H	10	38746	0.000258	23486	23642
C23481A T23482C	S:S640Y S:S640Y	10	9208	0.001086	23474	23539
C23334-T G23383A A23403G	NA S:Q607Q S:D614G	10	12187	0.000821	23273	23443
C23099-T T23143-AA	NA NA	10	1073	0.00932	23089	23157
C22120-A T22200A	NA S:V213E	10	1528	0.006545	22109	22218
C21618T T21632-TACCCCCTG C21648T A21764-TACATG	S:T19I S:DEL25/27 S:T29I S:DEL69/70	10	2758	0.003626	21597	21802
C21618T A21764-TACATG C21781-A	S:T19I S:DEL69/70 NA	10	2734	0.003658	21597	21802
A25397-T C25416T	NA ORF3a:F8F	10	4600	0.002174	25381	25477
A24922+T	NA	10	14676	0.000681	24852	24943
A24905-T C25000T	NA S:D1146D	10	11718	0.000853	24850	25069
A24901-AT	NA	10	14897	0.000671	24850	24931
A24895G C25000T	S:E1111E S:D1146D	10	11635	0.000859	24850	25036
A24875G	S:T1105A	10	15236	0.000656	24852	24889
A24599G	S:I1013V	10	22187	0.000451	24547	24676
A24569G	S:S1003G	10	22369	0.000447	24522	24676
A24556G	S:T998T	10	48557	0.000206	24539	24564
A24479-T G24488-T	NA NA	10	44764	0.000223	24472	24507
A24468-TT T24471A	NA S:F970Y	10	32794	0.000305	24465	24491
A24424T T24460C	S:Q954H S:L966L	10	22676	0.000441	24412	24564
A24424T G24476A	S:Q954H S:A972T	10	22549	0.000443	24412	24564
A24424T C24455-A C24517-A	S:Q954H NA NA	10	22366	0.000447	24412	24528
A24424T C24435-T C24455-A	S:Q954H NA NA	10	22773	0.000439	24412	24510
A24424T C24435+T	S:Q954H NA	10	22978	0.000435	24412	24457
A24424T C24431+A	S:Q954H NA	10	23010	0.000435	24412	24460
A24424T A24539-T	S:Q954H NA	10	22213	0.00045	24412	24552
A24424T A24518G	S:Q954H S:K986E	10	22362	0.000447	24412	24544
A24424T A24508G	S:Q954H S:S982S	10	22411	0.000446	24412	24564
A24424T A24432G	S:Q954H S:Q957R	10	23008	0.000435	24412	24564
A24424T A24425G	S:Q954H S:N955D	10	23939	0.000418	24412	24457
A23870+T	NA	10	13930	0.000718	23771	23881
A23848+T C23887-A C23929-A	NA NA NA	10	870	0.011494	23767	23941
A23779G	S:T739T	10	12265	0.000815	23767	23835
A23712-T C23854A	NA S:N764K	10	8089	0.001236	23699	23895
A23696+T	NA	10	50738	0.000197	23683	23707
A23646G	S:Y695C	10	37500	0.000267	23640	23724
A23592G T23599G	S:Q677R S:N679K	10	76058	0.000131	23581	23642
A23524+T	NA	10	53905	0.000186	23493	23532
A23515-G T23599G C23604A	NA S:N679K S:P681H	10	39644	0.000252	23493	23637
A23515-G C23525T T23599G	NA S:H655Y S:N679K	10	39656	0.000252	23501	23637
A23515+G C23525T C23604A	NA S:H655S S:P681Y	10	39644	0.000252	23487	23624
A23493T C23525T T23599G C23604A	S:Q644L S:H655Y S:N679K S:P681H	10	39015	0.000256	23487	23642
A23474+T T23482-A C23525T	NA NA S:H655S	10	8641	0.001157	23459	23532
A23403G T23537C	S:D614G S:S659P	10	6444	0.001552	23345	23539
A23403G T23482-A G23522-A C23525T	S:D614G NA NA S:H655Y	10	6883	0.001453	23336	23532
A23403G T23480+A C23525T	S:D614G NA S:H655S	10	6883	0.001453	23384	23539
A23403G T23437C	S:D614G S:H625H	10	19387	0.000516	23392	23443
A23403G T23404C	S:D614G S:D614G	10	20993	0.000476	23335	23443
A23403G A23494G C23525T	S:D614G S:Q644Q S:H655Y	10	6883	0.001453	23335	23529
A23366G A23403G	S:T602A S:D614G	10	20082	0.000498	23269	23443
A23299+C	NA	10	13226	0.000756	23270	23307
A22924-T T22942A	NA S:N460K	10	7277	0.001374	22917	22961
A22924-T A22941-T	NA NA	10	7314	0.001367	22917	22967
A22914-C T22917G T22942A	NA S:L452R S:N460K	10	6717	0.001489	22905	22967
A22190-T	NA	10	3914	0.002555	22166	22192
A22013G	S:S151G	10	7427	0.001346	22000	22058
A22007G	S:N149D	10	7205	0.001388	22000	22058
A21944G G21987A	S:I128V S:G142D	10	2582	0.003873	21847	22003
A21875-T A21958-T	NA NA	10	4952	0.002019	21847	21976
