nt_mutations	aa_mutations	cluster_depth	total_depth	frequency	coverage_start	coverage_end
T23599G C23604A	S:N679K S:P681H	17993	67932	0.264868	23596	23608
C23525T T23599G C23604A	S:H655Y S:N679K S:P681H	14385	30991	0.464167	23520	23608
A24424T	S:Q954H	4192	17418	0.240671	24417	24424
C23854A	S:N764K	3670	14011	0.261937	23850	23858
A23403G C23525T	S:D614G S:H655Y	3609	13955	0.258617	23399	23527
C25000T	S:D1146D	3454	16053	0.215162	24998	25005
A23403G	S:D614G	3426	23396	0.146435	23399	23409
C23525T	S:H655Y	3121	49076	0.063595	23521	23528
A24424T T24469A	S:Q954H S:N969K	2572	15643	0.164419	24417	24493
T24469A	S:N969K	2489	40785	0.061027	24466	24479
G21987A	S:G142D	2228	9900	0.225051	21983	21990
T23599G C23604A G23666-A	S:N679K S:P681H NA	1662	36126	0.046006	23589	23677
C24672-A	NA	1559	35847	0.04349	24653	24679
C23604A	S:P681H	1506	68026	0.022139	23602	23614
C24981-T C25000T	NA S:D1146D	1307	12299	0.106269	24931	25003
C25416T	ORF3a:F8F	1287	7207	0.178576	25384	25417
C21618T T21632-TACCCCCTG	S:T19I S:DEL25/27	1184	4196	0.282173	21609	21653
T23599G	S:N679K	989	67982	0.014548	23595	23602
C23887-A	NA	967	13721	0.070476	23848	23894
C23334-T	NA	941	7855	0.119796	23285	23346
C23525T C23604A	S:H655Y S:P681H	854	30991	0.027556	23513	23624
C21618T T21632-TACCCCCTG A21764-TACATG	S:T19I S:DEL25/27 S:DEL69/70	660	1933	0.341438	21613	21788
T23599G C23604A C23635T	S:N679K S:P681H S:S691S	618	67054	0.009216	23581	23642
C25262-T	NA	592	29107	0.020339	25260	25281
G22317T	S:G252V	523	5199	0.100596	22304	22319
T24660+A	NA	521	36580	0.014243	24612	24667
T24660+A C24672-A	NA NA	466	35804	0.013015	24492	24679
G22813T T22882G A22893C T22917G	S:K417N S:N440K S:K444T S:L452R	454	7044	0.064452	22809	22920
A24619G	S:R1019R	438	37030	0.011828	24612	24632
G22813T T22882G G22895C T22896C G22898A	S:K417N S:N440K S:V445P S:V445P S:G446S	431	7638	0.056428	22808	22906
A21875-T	NA	426	8907	0.047828	21870	21888
C23525T T23599G	S:H655Y S:N679K	414	31008	0.013351	23509	23600
C23334-T A23403G	NA S:D614G	407	7452	0.054616	23296	23410
T22942A	S:N460K	404	9005	0.044864	22938	22948
T23599G C23604A G23610T	S:N679K S:P681H S:R683L	395	67904	0.005817	23581	23624
A23403G G23486-T C23525T	S:D614G NA S:H655Y	395	13955	0.028305	23397	23529
G23948T	S:D796Y	379	1664	0.227764	23944	23951
T22942G	S:N460K	366	9005	0.040644	22938	22948
C24536-A	NA	365	51042	0.007151	24521	24564
G22813T T22882G	S:K417N S:N440K	352	8267	0.042579	22807	22885
A24424T G24488-T	S:Q954H NA	349	15585	0.022393	24414	24528
A24253-T	NA	317	4688	0.067619	24234	24265
C23525T G23587T T23599G C23604A	S:H655Y S:Q675H S:N679K S:P681H	306	30991	0.009874	23501	23622
C23525T G23580-T T23599G C23604A	S:H655Y NA S:N679K S:P681H	285	30991	0.009196	23488	23623
C23525T T23599G C23604A C23625T	S:H655Y S:N679K S:P681H S:A688V	277	30929	0.008956	23508	23626
C23525T T23599G C23604A G23608T	S:H655Y S:N679K S:P681H S:R682R	276	30986	0.008907	23505	23624
T23599G C23604A A23712-T	S:N679K S:P681H NA	275	34778	0.007907	23582	23724
C23525T T23599G C23604A C23635T	S:H655Y S:N679K S:P681H S:S691S	275	30304	0.009075	23502	23637
T22200G	S:V213G	273	3200	0.085313	22195	22204
C25294-A	NA	273	30069	0.009079	25286	25316
C25000T C25100-A	S:D1146D NA	272	3408	0.079812	24998	25112
C23525T T23599G C23604A C23613T	S:H655Y S:N679K S:P681H S:A684V	270	30980	0.008715	23501	23634
G22578A	S:G339D	269	1108	0.24278	22570	22580
C25262-TT	NA	258	29107	0.008864	25252	25296
A24518G	S:K986E	256	51276	0.004993	24502	24541
G22813T T22882G G22895C T22896C G22898A T22942G	S:K417N S:N440K S:V445P S:V445P S:G446S S:N460K	255	5784	0.044087	22808	22955
G23486-T C23525T	NA S:H655Y	249	15997	0.015565	23471	23532
C23525T T23599G C23604A C23609-G	S:H655Y S:N679K S:P681H NA	245	30985	0.007907	23508	23624
G24570-T	NA	240	34340	0.006989	24558	24617
C23525T T23599G C23604A A23639G	S:H655Y S:N679K S:P681H S:I693V	239	29692	0.008049	23516	23642
C22000A	S:H146Q	234	9816	0.023839	21996	22032
C22120-A	NA	223	4859	0.045894	22112	22133
T24469A C24672-A	S:N969K NA	221	21250	0.0104	24465	24679
A24424T C24517-A	S:Q954H NA	220	15489	0.014204	24415	24532
G22021A	S:M153I	217	10360	0.020946	22012	22043
C24517-A	NA	210	51268	0.004096	24504	24528
C23525T G23574T T23599G C23604A	S:H655Y S:C671F S:N679K S:P681H	209	30991	0.006744	23505	23624
T25191-A	NA	208	20243	0.010275	25145	25198
T23599G C23604A A23710G	S:N679K S:P681H S:T716T	192	34812	0.005515	23580	23717
C23589T T23599G C23604A	S:T676I S:N679K S:P681H	189	67786	0.002788	23585	23642
A23503-G C23525T T23599G C23604A	NA S:H655Y S:N679K S:P681H	188	30799	0.006104	23492	23624
G22813T T22882G T22917G T22942A	S:K417N S:N440K S:L452R S:N460K	187	5784	0.032331	22809	22955
G21987A C22000-A	S:G142D NA	186	8395	0.022156	21980	22012
A23474+T C23525T	NA S:H655S	186	15781	0.011786	23466	23536
C25321T	S:C1253C	176	30472	0.005776	25300	25323
C24672-A A24684-T	NA NA	175	3699	0.04731	24638	24696
G25218-T	NA	173	22565	0.007667	25209	25233
G21987A T21990-TTA A21999-C	S:G142D S:DEL144 NA	173	8403	0.020588	21974	22032
C25214+G	NA	171	19554	0.008745	25207	25251
T25171C	S:L1203L	170	19637	0.008657	25162	25181
G24488-T	NA	170	51030	0.003331	24486	24499
T24469A T24660+A	S:N969K NA	169	21694	0.00779	24465	24669
T24492-A	NA	164	51458	0.003187	24486	24511
G21987A A22001G T22016C C22033A	S:G142D S:K147E S:W152R S:F157L	164	7053	0.023253	21982	22058
C23854A C23887-A	S:N764K NA	163	13323	0.012234	23845	23894
T23599G C23604A A23636G A23710G	S:N679K S:P681H S:I692V S:T716T	162	34812	0.004654	23581	23717
A23474+T	NA	158	16319	0.009682	23467	23538
T25228-G	NA	155	24316	0.006374	25219	25320
G24557T	S:G999C	155	50641	0.003061	24538	24564
G21987A T21990-TTA	S:G142D S:DEL144	154	9784	0.01574	21975	22007
C24981-T	NA	154	12480	0.01234	24929	24991
G24659T	S:V1033L	153	36641	0.004176	24628	24661
G24883-A C25000T	NA S:D1146D	146	11719	0.012458	24872	25069
C22109G T22200A G22317T	S:Q183E S:V213E S:G252V	145	2068	0.070116	22104	22319
G22813T T22882G T22942A	S:K417N S:N440K S:N460K	144	5784	0.024896	22808	22959
G22813T	S:K417N	143	8595	0.016638	22809	22818
C23498T C23525T T23599G C23604A	S:R646C S:H655Y S:N679K S:P681H	143	30573	0.004677	23492	23624
G22813T T22882G T22917G	S:K417N S:N440K S:L452R	141	7044	0.020017	22809	22921
G22813T T22882G G22895C G22898A	S:K417N S:N440K S:V445L S:G446S	140	7638	0.018329	22801	22906
A21764-TACATG	S:DEL69/70	140	2314	0.060501	21757	21800
A21979-T G21987A	NA S:G142D	139	9193	0.01512	21969	21993
T22200A G22317T	S:V213E S:G252V	136	2734	0.049744	22196	22319
G25278-T	NA	134	29752	0.004504	25269	25287
A24578G	S:T1006A	134	34217	0.003916	24549	24590
A24424T T24469A C24517-A	S:Q954H S:N969K NA	129	15489	0.008328	24417	24554
A23362+C	NA	129	26240	0.004916	23344	23369
A24551G	S:I997V	128	50850	0.002517	24521	24564
G24140-T	NA	127	2788	0.045552	24129	24173
A23403G C23525T A23532-C	S:D614G S:H655Y NA	127	13771	0.009222	23386	23539
C21618T	S:T19I	126	4236	0.029745	21608	21623
A24610-G G24620C	NA S:A1020P	125	33167	0.003769	24508	24661
C23525T T23548C T23599G C23604A	S:H655Y S:C662C S:N679K S:P681H	123	30991	0.003969	23497	23624
G24611A	S:E1017K	122	33401	0.003653	24607	24632
G24510T	S:R983L	121	51310	0.002358	24495	24528
C24852-A C25000T	NA S:D1146D	121	11207	0.010797	24850	25066
C24119-A	NA	121	2431	0.049774	24111	24150
C21618T T21632-TACCCCCTG A21764-TACATG C21781-A	S:T19I S:DEL25/27 S:DEL69/70 NA	121	1932	0.062629	21608	21793
C23525T T23599G C23604A A23636-T A23639G	S:H655Y S:N679K S:P681H NA S:I693V	120	29692	0.004041	23508	23642
A21875-T G21987A	NA S:G142D	120	6599	0.018185	21869	21991
T23599G C23604A T23633C	S:N679K S:P681H S:S691P	118	67148	0.001757	23588	23642
C23525T T23537C T23599G C23604A	S:H655Y S:S659P S:N679K S:P681H	116	30991	0.003743	23515	23637
C23525T A23558-T T23599G C23604A	S:H655Y NA S:N679K S:P681H	116	30991	0.003743	23488	23624
T22882G	S:N440K	114	9706	0.011745	22878	22889
G22813T T22882G A22893C	S:K417N S:N440K S:K444T	109	8117	0.013429	22809	22896
C25000T C25100-A T25191-A	S:D1146D NA NA	108	3159	0.034188	24992	25198
C24517-A C24672-A	NA NA	108	30682	0.00352	24488	24679
A23786-T C23854A	NA S:N764K	108	12922	0.008358	23729	23882
T24643-A C24672-A	NA NA	107	35597	0.003006	24612	24679
T24469A T24660+A C24672-A	S:N969K NA NA	107	21250	0.005035	24465	24679
T24469A C24536-A	S:N969K NA	106	39864	0.002659	24465	24564
G22813T T22882G A22893C T22917G T22942A	S:K417N S:N440K S:K444T S:L452R S:N460K	106	5784	0.018326	22801	22966
T21632-TACCCCCTG	S:DEL25/27	104	4198	0.024774	21621	21661
T25263C	S:L1234P	103	29189	0.003529	25255	25320
T25191-A C25262-T	NA NA	103	15419	0.00668	25155	25277
C24672-AA	NA	102	35847	0.002845	24612	24679
A23594G T23599G C23604A	S:T678A S:N679K S:P681H	101	67893	0.001488	23580	23642
C21978A G21987A	S:P139Q S:G142D	100	9160	0.010917	21965	22032
C23589T A23594G T23599G C23604A	S:T676I S:T678A S:N679K S:P681H	99	67786	0.00146	23580	23678
T23599G C23604A T23620C	S:N679K S:P681H S:S686S	98	67845	0.001444	23581	23642
T23599G C23604A A23651G	S:N679K S:P681H S:M697V	98	36238	0.002704	23584	23705
T23599G C23604A G23666-A A23712-T	S:N679K S:P681H NA NA	97	34778	0.002789	23581	23724
G25302-T	NA	97	30303	0.003201	25295	25323
T23509C C23525T T23599G C23604A	S:C649C S:H655Y S:N679K S:P681H	96	30925	0.003104	23505	23624
T22882G A22893C T22917G T22942A G22992A C22995A A23013C T23018G	S:N440K S:K444T S:L452R S:N460K S:S477N S:T478K S:E484A S:F486V	96	692	0.138728	22877	23028
G25314A	S:G1251E	96	30517	0.003146	25308	25316
A25193G	S:K1211E	96	20435	0.004698	25164	25210
T22882G G22895C T22896C G22898A	S:N440K S:V445P S:V445P S:G446S	95	9073	0.010471	22876	22907
T24643-A	NA	93	36831	0.002525	24631	24657
C24899-A C24981-T C25000T	NA NA S:D1146D	93	11904	0.007813	24856	25013
A23853-C	NA	93	14022	0.006632	23844	23869
T23599G C23604A A23704+C	S:N679K S:P681H NA	92	35263	0.002609	23581	23724
G22813T T22882G T22896C G22898A T22942G	S:K417N S:N440K S:V445A S:G446S S:N460K	92	5784	0.015906	22807	22966
T25144C	S:N1194N	91	19136	0.004755	25136	25164
G25287-T	NA	91	29921	0.003041	25271	25299
A23597G T23599G C23604A	S:N679E S:N679E S:P681H	91	67918	0.00134	23580	23615
T22882G A22893C T22917G	S:N440K S:K444T S:L452R	90	8472	0.010623	22877	22921
A23515+G C23525T T23599G C23604A	NA S:H655S S:N679* S:P681Y	90	30948	0.002908	23499	23629
C25000T G25091+A	S:D1146D NA	89	3442	0.025857	24992	25210
T24472-G	NA	88	45797	0.001922	24465	24498
A23354+T	NA	87	26513	0.003281	23339	23362
T24470-TTG	S:DEL971	86	41477	0.002073	24465	24564
A24619G C24672-A	S:R1019R NA	86	35183	0.002444	24612	24679
A24479G	S:I973V	86	49665	0.001732	24476	24518
A23403G T23431-AT C23525T	S:D614G NA S:H655Y	86	13955	0.006163	23382	23532
T23599G C23604A T23693C	S:N679K S:P681H S:S711P	85	35917	0.002367	23580	23699
A24803-T	NA	85	6631	0.012819	24770	24806
A24424T C24466+A	S:Q954H NA	85	15651	0.005431	24421	24492
T23599G C23604A T23654C	S:N679K S:P681H S:S698P	84	36214	0.00232	23582	23699
T23599G C23604A T23617C	S:N679K S:P681H S:R685R	84	67863	0.001238	23580	23642
G21987A T21990-TTA G22021A	S:G142D S:DEL144 S:M153I	84	7278	0.011542	21972	22032
C24852-A	NA	83	15157	0.005476	24850	24880
A21979-T G21987A C22000-A	NA S:G142D NA	83	7688	0.010796	21965	22012
T23599G T23602C C23604A	S:N679K S:S680S S:P681H	82	67932	0.001207	23580	23642
T23599G C23604A A23631G	S:N679K S:P681H S:Q690R	81	67188	0.001206	23581	23642
C24904T C25000T	S:I1114I S:D1146D	81	11949	0.006779	24879	25069
C23525T C23589T T23599G C23604A	S:H655Y S:T676I S:N679K S:P681H	81	30991	0.002614	23505	23624
A25274G	S:T1238A	81	29670	0.00273	25268	25325
C23154+A	NA	80	1708	0.046838	23145	23224
A25253G	S:T1231A	80	28737	0.002784	25251	25324
T23599G C23604A T23680C	S:N679K S:P681H S:A706A	79	36016	0.002193	23581	23705
T23507C C23525T T23599G C23604A	S:C649R S:H655Y S:N679K S:P681H	79	30862	0.00256	23487	23637
A24110-T	NA	78	2192	0.035584	24087	24122
T23599G C23604A T23698C	S:N679K S:P681H S:I712I	77	35882	0.002146	23593	23700
T23599G C23604A T23652C	S:N679K S:P681H S:M697T	77	36229	0.002125	23590	23700
A24684-T	NA	77	4057	0.01898	24626	24706
A24424T T24469A A24560+T	S:Q954H S:N969K NA	77	15118	0.005093	24416	24564
C24536-AA	NA	76	51042	0.001489	24522	24554
C23525T T23590C T23599G C23604A	S:H655Y S:T676T S:N679K S:P681H	76	30991	0.002452	23501	23624
C23525T C23577T T23599G C23604A	S:H655Y S:A672V S:N679K S:P681H	76	30991	0.002452	23487	23624
C23399+T C23525T	NA S:H655S	76	13907	0.005465	23336	23530
G25299-C	NA	75	30206	0.002483	25292	25324
C23525T C23533-A T23599G C23604A	S:H655Y NA S:N679K S:P681H	75	30991	0.00242	23487	23625
T25415-C	NA	73	7212	0.010122	25382	25475
A25192T	S:I1210I	73	20295	0.003597	25179	25320
T24625C	S:S1021S	72	37006	0.001946	24620	24660
T23599G C23604G	S:N679K S:P681R	72	67932	0.00106	23591	23641
G23768-T	NA	72	14271	0.005045	23767	23776
G23505A C23525T T23599G C23604A	S:G648D S:H655Y S:N679K S:P681H	72	30809	0.002337	23489	23635
G22104-A C22120-A	NA NA	72	4458	0.016151	22100	22137
G21987A T21990-TTA C22000A	S:G142D S:DEL144 S:H146Q	72	8395	0.008577	21975	22032
A24424T G24434T T24469A	S:Q954H S:A958S S:N969K	71	15643	0.004539	24420	24546
G21987A A21993-TTACC A21999C	S:G142D NA S:H146P	70	8403	0.00833	21963	22022
A25216-G	NA	70	20867	0.003355	25209	25324
T24469A T24472-G	S:N969K NA	69	40755	0.001693	24465	24564
G25555-T	NA	69	1223	0.056419	25372	25566
G21987A C22033A	S:G142D S:F157L	69	7053	0.009783	21982	22036
A25472-T	NA	69	6664	0.010354	25381	25477
A23403G A23474+T C23525T	S:D614G NA S:H655S	69	13955	0.004944	23398	23539
T24548C	S:L996L	68	50905	0.001336	24531	24564
T23143-A	NA	68	1692	0.040189	23108	23157
G24883-A	NA	68	15627	0.004351	24861	24943
C23525T T23529C T23599G C23604A	S:H655Y S:V656A S:N679K S:P681H	68	30991	0.002194	23487	23624
T23599G C23604A G23666-A C23709-A	S:N679K S:P681H NA NA	67	34906	0.001919	23580	23717
G24868-T C25000T	NA S:D1146D	67	11637	0.005757	24853	25065
G22403-A	NA	67	2776	0.024135	22368	22436
A25208-T	NA	67	22471	0.002982	25201	25210
T22882G G22895C T22896C G22898A T22942G	S:N440K S:V445P S:V445P S:G446S S:N460K	66	7154	0.009226	22877	22948
G25230A	S:G1223D	66	24383	0.002707	25219	25317
C23525T A23588G T23599G C23604A	S:H655Y S:T676A S:N679K S:P681H	66	30991	0.00213	23505	23624
C22120-A T22164-TA	NA NA	66	4737	0.013933	22100	22180
C23525T T23599G G23608T	S:H655Y S:N679K S:R682R	65	30986	0.002098	23508	23624
A24516G	S:D985G	65	51262	0.001268	24508	24546
A24424T G24488+T	S:Q954H NA	65	15585	0.004171	24413	24519
T25187+A	NA	64	19859	0.003223	25180	25210
T23599G C23604A G23666-A A23711-AT	S:N679K S:P681H NA NA	64	34794	0.001839	23580	23724
G25218-T C25262-T	NA NA	64	22490	0.002846	25135	25318
C24575T	S:Q1005*	64	34279	0.001867	24568	24585
T25228C	S:A1222A	63	24316	0.002591	25223	25317
T23599G C23604A G23699A	S:N679K S:P681H S:A713T	63	35876	0.001756	23580	23700
A22941-T	NA	63	9045	0.006965	22934	22967
T25319C	S:C1253R	62	30482	0.002034	25278	25325
T24469A A24619G	S:N969K S:R1019R	62	22378	0.002771	24465	24667
T23599G C23604A C23625T	S:N679K S:P681H S:A688V	62	67762	0.000915	23587	23642
T22200A	S:V213E	62	3200	0.019375	22190	22253
C24899-A	NA	62	15700	0.003949	24883	24919
T25309C	S:S1249S	61	30465	0.002002	25272	25325
T24480C	S:I973T	61	49893	0.001223	24476	24524
T23599G C23604A A23665G	S:N679K S:P681H S:A701A	61	36136	0.001688	23580	23700
G24570+T	NA	61	34340	0.001776	24546	24581
T23599G C23604A T23697C	S:N679K S:P681H S:I712T	60	35884	0.001672	23580	23700
T23599G C23604A A23639G	S:N679K S:P681H S:I693V	60	66410	0.000903	23594	23642
C23525T A23531G T23599G C23604A	S:H655Y S:N657D S:N679K S:P681H	60	30991	0.001936	23487	23624
A24610-G	NA	60	33409	0.001796	24495	24646
T21976-C G21987A	NA S:G142D	59	8882	0.006643	21969	22045
C25276-A	NA	59	29706	0.001986	25260	25322
C24899-A C25000T	NA S:D1146D	59	11904	0.004956	24872	25022
C23525T T23599G C23604G	S:H655Y S:N679K S:P681R	59	30991	0.001904	23487	23642
C23492-A C23525T T23599G C23604A	NA S:H655Y S:N679K S:P681H	59	30390	0.001941	23488	23624
A23403G T23428C C23525T	S:D614G S:V622V S:H655Y	59	13955	0.004228	23351	23531
T23599G C23604A T23703C	S:N679K S:P681H S:I714T	58	35284	0.001644	23581	23706
T23599G C23604A A23712+T	S:N679K S:P681H NA	58	34778	0.001668	23581	23724
T23584C T23599G C23604A	S:Y674Y S:N679K S:P681H	58	67700	0.000857	23580	23642
A24424T T24469A G24488-T	S:Q954H S:N969K NA	58	15585	0.003722	24412	24515
A24424T G24434T	S:Q954H S:A958S	58	15808	0.003669	24413	24449
T23599G C23604A T23659C	S:N679K S:P681H S:L699L	57	36170	0.001576	23580	23700
T23480+A C23525T	NA S:H655S	57	15868	0.003592	23469	23539
G24611+A	NA	57	33401	0.001707	24483	24625
C23525T T23546C T23599G C23604A	S:H655Y S:C662R S:N679K S:P681H	57	30991	0.001839	23505	23634
A23712+T	NA	57	50170	0.001136	23683	23729
T24267-G	NA	56	4730	0.011839	24255	24332
A24424T C24502A	S:Q954H S:I980I	56	15535	0.003605	24413	24558
G23522-A C23525T	NA S:H655Y	55	49068	0.001121	23507	23539
G23519A C23525T T23599G C23604A	S:A653T S:H655Y S:N679K S:P681H	55	30972	0.001776	23487	23617
G22813T T22882G G22894T T22917G T22942G	S:K417N S:N440K S:K444N S:L452R S:N460K	55	5784	0.009509	22793	22967
T25170C	S:L1203P	54	19629	0.002751	25161	25210
T23599G C23604A T23684C	S:N679K S:P681H S:S708P	54	35999	0.0015	23581	23724
T23599G C23604A T23676C	S:N679K S:P681H S:V705A	54	36060	0.001498	23580	23692
T23511+A C23525T T23599G C23604A	NA S:H655S S:N679* S:P681Y	54	30936	0.001746	23487	23624
C23758T C23854A	S:T732T S:N764K	54	11196	0.004823	23685	23895
T24991A C25000T	Unknown S:D1146D	53	15929	0.003327	24990	25066
T23599G T23600C C23604A	S:N679K S:S680P S:P681H	53	67932	0.00078	23588	23633
T23599G C23604A T23629C	S:N679K S:P681H S:S689S	53	67280	0.000788	23584	23642
T23599G C23604A A23656G	S:N679K S:P681H S:S698S	53	36200	0.001464	23580	23699
G24933-T	NA	53	15694	0.003377	24917	24943
C24517-A T24660+A C24672-A	NA NA NA	53	30682	0.001727	24470	24679
C23525T T23599G C23604A T23620C	S:H655Y S:N679K S:P681H S:S686S	53	30964	0.001712	23487	23624
C21618T T21632-TACCCCCTG C21736-T A21764-TACATG	S:T19I S:DEL25/27 NA S:DEL69/70	53	1933	0.027419	21606	21802
A21979-T G21987A C22000-A C22009-A	NA S:G142D NA NA	53	7372	0.007189	21870	22020
T25307C	S:S1249P	52	30445	0.001708	25263	25325
T24589C	S:T1009T	52	33830	0.001537	24486	24661
C24503-T	NA	52	51342	0.001013	24495	24516
C22109G T22200A	S:Q183E S:V213E	52	2510	0.020717	22100	22226
A24424T G24488-T C24517-A	S:Q954H NA NA	52	15489	0.003357	24412	24554
A24424T G24449C	S:Q954H S:V963L	52	15743	0.003303	24412	24519
A21875-T A21979-T G21987A C22000-A	NA NA S:G142D NA	52	5099	0.010198	21848	22012
C23525T A23550G T23599G C23604A	S:H655Y S:D663G S:N679K S:P681H	51	30991	0.001646	23487	23624
T23480+A	NA	50	16327	0.003062	23473	23539
G24868-T	NA	50	15628	0.003199	24857	24887
C24632-T	NA	50	36985	0.001352	24626	24675
C22120-A A22161-T	NA NA	50	4741	0.010546	22100	22192
A24885-T	NA	50	15640	0.003197	24868	24901
A24110-T C24119-A	NA NA	50	2159	0.023159	24047	24144
T25291C	S:C1243C	49	29986	0.001634	25269	25324
T23703-A	NA	49	50692	0.000967	23688	23715
T23599G C23604A T23689C	S:N679K S:P681H S:N709N	49	35960	0.001363	23580	23705
T23599G C23604A T23662C	S:N679K S:P681H S:G700G	49	36157	0.001355	23580	23699
T23599G C23604A A23702G	S:N679K S:P681H S:I714V	49	35311	0.001388	23580	23717
T23590C T23599G C23604A	S:T676T S:N679K S:P681H	49	67804	0.000723	23582	23642
T22882G A22893C T22942A G22992A C22995A A23013C T23018G	S:N440K S:K444T S:N460K S:S477N S:T478K S:E484A S:F486V	49	692	0.070809	22876	23033
G24570+T C24672-A	NA NA	49	31155	0.001573	24488	24679
C24904T	S:I1114I	49	15732	0.003115	24869	24927
C23525T A23566G T23599G C23604A	S:H655Y S:A668A S:N679K S:P681H	49	30991	0.001581	23505	23633
C22109G C22120-A T22200A G22317T	S:Q183E NA S:V213E S:G252V	49	2068	0.023694	22100	22319
A23588G T23599G C23604A	S:T676A S:N679K S:P681H	49	67775	0.000723	23580	23642
T25268C	S:C1236R	48	29459	0.001629	25253	25325
T24471-TG	NA	48	45684	0.001051	24465	24564
T24267-G A24424T	NA S:Q954H	48	1153	0.041631	24259	24424
T23599G C23604A A23708G	S:N679K S:P681H S:T716A	48	34926	0.001374	23580	23717
G21987A T21992-A	S:G142D NA	48	9761	0.004918	21981	22004
G21987A A21993-TTAC C22000A	S:G142D NA S:H146Q	48	8395	0.005718	21974	22035
C23887-A C23929-A	NA NA	48	1739	0.027602	23860	23941
A23592G T23599G C23604A	S:Q677R S:N679K S:P681H	48	67831	0.000708	23580	23636
T25191-A C25262-TT	NA NA	47	15419	0.003048	25139	25315
T24514C	S:L984L	47	51272	0.000917	24499	24532
T23596+A T23599G C23604A	NA S:N679* S:P681Y	47	67915	0.000692	23582	23622
C23604A C23635T	S:P681H S:S691S	47	67146	0.0007	23599	23642
A24424T T24469A T24472-G	S:Q954H S:N969K NA	47	15627	0.003008	24417	24561
T23599G C23604A T23637C	S:N679K S:P681H S:I692T	46	66879	0.000688	23580	23642
T23599G C23604A C23609-G	S:N679K S:P681H NA	46	67911	0.000677	23589	23633
T23521C C23525T T23599G C23604A	S:A653A S:H655Y S:N679K S:P681H	46	30987	0.001484	23487	23634
T22882G T22942G	S:N440K S:N460K	46	7154	0.00643	22876	22962
G22487-A	NA	46	1522	0.030223	22396	22499
C24672-A T24689G G24690T	NA S:C1043V S:C1043V	46	3269	0.014072	24623	24697
C22802-A G22813T T22882G G22895C T22896C G22898A	NA S:K417N S:N440K S:V445P S:V445P S:G446S	46	7566	0.00608	22793	22907
C22120-A T22200G	NA S:V213G	46	2613	0.017604	22112	22207
A23598G T23599G C23604A	S:N679R S:N679R S:P681H	46	67921	0.000677	23580	23642
A21875-T A21979-T G21987A C22000-A C22009-A	NA NA S:G142D NA NA	46	4786	0.009611	21867	22024
T23599G C23604A A23670+T	S:N679K S:P681H NA	45	36109	0.001246	23580	23683
C25207G	S:Y1215*	45	21770	0.002067	25203	25320
C24466+A	NA	45	40653	0.001107	24465	24480
C23525T T23599G T23602C C23604A	S:H655Y S:N679K S:S680S S:P681H	45	30991	0.001452	23487	23642
C23525T A23526+G T23599G C23604A	S:H655* NA S:N679* S:P681Y	45	30991	0.001452	23487	23624
C23399+T G23486-T C23525T	NA NA S:H655S	45	13907	0.003236	23336	23532
G23835+T C23887-A	NA NA	44	12587	0.003496	23767	23895
C23709+A	NA	44	50319	0.000874	23683	23725
A24525G	S:E988G	44	51186	0.00086	24484	24538
A24424T T24469A C24502A	S:Q954H S:N969K S:I980I	44	15535	0.002832	24412	24564
T24513C	S:L984P	43	51281	0.000839	24487	24564
T24499+A	NA	43	51446	0.000836	24477	24507
T23599G C23604A T23686C	S:N679K S:P681H S:S708S	43	35976	0.001195	23580	23699
T23344+G	NA	43	26284	0.001636	23335	23362
C23525T A23592G T23599G C23604A	S:H655Y S:Q677R S:N679K S:P681H	43	30991	0.001387	23508	23624
A23403G G23412A	S:D614G S:C617Y	43	23281	0.001847	23388	23443
T25191-A G25218-T	NA NA	42	15491	0.002711	25130	25239
T24469A A24518G	S:N969K S:K986E	42	40122	0.001047	24465	24560
T23599G C23604A T23658C	S:N679K S:P681H S:L699P	42	36178	0.001161	23580	23700
T23599G C23604A C23609T	S:N679K S:P681H S:R683W	42	67911	0.000618	23580	23642
T23599G C23604A A23674G	S:N679K S:P681H S:S704S	42	36070	0.001164	23580	23700
T23599G C23604A A23636G	S:N679K S:P681H S:I692V	42	66934	0.000627	23580	23642
T23434-C C23525T	NA S:H655Y	42	15381	0.002731	23425	23539
T22882G G22895C G22898A	S:N440K S:V445L S:G446S	42	9073	0.004629	22877	22907
G25173-A	NA	42	19654	0.002137	25132	25194
G22813T T22942A	S:K417N S:N460K	42	5784	0.007261	22793	22955
G22813T T22882G T22896C G22898A	S:K417N S:N440K S:V445A S:G446S	42	7638	0.005499	22793	22912
C24878-A C24981-T C25000T	NA NA S:D1146D	42	11698	0.00359	24857	25016
C23718T	S:T719I	42	50037	0.000839	23683	23732
C23525T A23594G T23599G C23604A	S:H655Y S:T678A S:N679K S:P681H	42	30991	0.001355	23487	23624
C23525T A23586G T23599G C23604A	S:H655Y S:Q675R S:N679K S:P681H	42	30991	0.001355	23493	23639
C23525T A23544G T23599G C23604A	S:H655Y S:E661G S:N679K S:P681H	42	30991	0.001355	23487	23637
T25322C	S:C1254R	41	30359	0.001351	25314	25324
T23599G C23604A A23668G	S:N679K S:P681H S:E702E	41	36114	0.001135	23580	23724
T23581C T23599G C23604A	Unknown S:N679K S:P681H	41	67445	0.000608	23580	23641
G24690+T	NA	41	4019	0.010202	24626	24699
G22813T T22882G A22893C T22942A	S:K417N S:N440K S:K444T S:N460K	41	5784	0.007089	22808	22966
G22813T T22882G A22893C C22915T T22917G	S:K417N S:N440K S:K444T S:Y451Y S:L452R	41	7044	0.005821	22801	22922
G21987A A21993-TTAC A21999-C	S:G142D NA NA	41	8403	0.004879	21965	22043
C24672-A A24684-T G24693-A	NA NA NA	41	3214	0.012757	24612	24704
C23816-T	NA	41	13889	0.002952	23767	23828
C23525T T23599G T23600C C23604A	S:H655Y S:N679K S:S680P S:P681H	41	30991	0.001323	23487	23624
C21618T T21632-TACCCCCTG C21682-A G21686-T	S:T19I S:DEL25/27 NA NA	41	3658	0.011208	21598	21700
A24885-T C25000T	NA S:D1146D	41	11741	0.003492	24857	25019
A24587G	S:T1009A	41	33889	0.00121	24545	24619
A24424T C24435-T	S:Q954H NA	41	15805	0.002594	24416	24446
A23403G G23486-T	S:D614G NA	41	14287	0.00287	23379	23504
T25283C	S:C1241R	40	29829	0.001341	25271	25323
T24951-AG C25000T	NA S:D1146D	40	12136	0.003296	24901	25068
T24628-A	NA	40	37053	0.00108	24612	24679
T24585C	S:V1008A	40	33929	0.001179	24490	24617
T24534C	S:V991A	40	51079	0.000783	24514	24564
T23599G C23604A C23609-G G23666-A	S:N679K S:P681H NA NA	40	36126	0.001107	23580	23682
T23599G C23604A A23648G	S:N679K S:P681H S:T696A	40	36254	0.001103	23580	23690
T23489C C23525T T23599G C23604A	S:F643L S:H655Y S:N679K S:P681H	40	30364	0.001317	23487	23624
T23143-A T23164-A	NA NA	40	1655	0.024169	23120	23176
T22882G T22896C G22898A T22942G	S:N440K S:V445A S:G446S S:N460K	40	7154	0.005591	22865	22944
G25471C	ORF3a:D27H	40	6676	0.005992	25372	25477
C25416T G25555-T	ORF3a:F8F NA	40	1223	0.032706	25372	25565
C24320-A	NA	40	4674	0.008558	24230	24333
C23525T A23526+G	S:H655* NA	40	48721	0.000821	23487	23535
T25304C	S:C1248R	39	30387	0.001283	25297	25324
T25272C	S:M1237T	39	29615	0.001317	25266	25324
T25265C	S:C1235R	39	29292	0.001331	25260	25310
T23830-G C23854A	NA S:N764K	39	13181	0.002959	23742	23882
T23599G C23604A C23709-A	S:N679K S:P681H NA	39	34906	0.001117	23580	23724
T23599G C23604A A23646G	S:N679K S:P681H S:Y695C	39	36269	0.001075	23580	23705
T23599G C23604A A23639-T	S:N679K S:P681H NA	39	66410	0.000587	23583	23642
T23582C T23599G C23604A	S:Y674H S:N679K S:P681H	39	67646	0.000577	23580	23642
T23487C C23525T T23599G C23604A	Unknown S:H655Y S:N679K S:P681H	39	14547	0.002681	23486	23624
T22882G G22895C G22898A T22942G	S:N440K S:V445L S:G446S S:N460K	39	7154	0.005451	22877	22947
G22813T T22882G A22893C G22898A T22917G T22942G	S:K417N S:N440K S:K444T S:G446S S:L452R S:N460K	39	5784	0.006743	22793	22949
C24483+A	NA	39	50467	0.000773	24476	24495
C23718T C23854A	S:T719I S:N764K	39	11093	0.003516	23695	23894
C23525T T23599G C23604A T23626C	S:H655Y S:N679K S:P681H S:A688A	39	30543	0.001277	23501	23638
C22033A	S:F157L	39	11955	0.003262	22025	22056
A24424T T24469A G24510T	S:Q954H S:N969K S:R983L	39	15509	0.002515	24412	24564
A23848+T C23887-A	NA NA	39	13158	0.002964	23767	23895
A23586G T23599G C23604A	S:Q675R S:N679K S:P681H	39	67735	0.000576	23580	23642
A23403G A23515-G C23525T	S:D614G NA S:H655Y	39	13955	0.002795	23394	23532
T24469A G24557T	S:N969K S:G999C	38	39355	0.000966	24465	24564
T23599G C23604A A23704G	S:N679K S:P681H S:I714M	38	35263	0.001078	23580	23705
T23599G C23604A A23690G	S:N679K S:P681H S:N710D	38	35945	0.001057	23580	23699
T23599G C23604A A23670G	S:N679K S:P681H S:N703S	38	36109	0.001052	23580	23700
T23482-A C23525T	NA S:H655Y	38	15938	0.002384	23468	23535
T22882G A22893C	S:N440K S:K444T	38	9556	0.003977	22876	22899
C24119-A G24140-T	NA NA	38	2346	0.016198	24093	24173
C23604A G23666-A	S:P681H NA	38	36193	0.00105	23580	23700
A24922+T C25000T	NA S:D1146S	38	12016	0.003162	24850	25008
A24885+T C24981-T C25000T	NA NA S:D1146S	38	11741	0.003237	24850	25069
T25312C	S:C1250C	37	30494	0.001213	25261	25325
T24656C	S:C1032R	37	36684	0.001009	24627	24679
T24469A G24570-T	S:N969K NA	37	23408	0.001581	24465	24641
T23599G C23604A C23700T	S:N679K S:P681H S:A713V	37	35870	0.001032	23580	23703
T23599G C23604A C23635T G23666-A	S:N679K S:P681H S:S691S NA	37	36126	0.001024	23580	23708
T23599G C23604A C23613T	S:N679K S:P681H S:A684V	37	67898	0.000545	23591	23634
T23599G C23604A A23720G	S:N679K S:P681H S:I720V	37	34445	0.001074	23580	23724
T22882G T22917G	S:N440K S:L452R	37	8472	0.004367	22877	22922
T21990-TTA A21999-C	S:DEL144 NA	37	8600	0.004302	21970	22058
T21632-TACCCCCTG A21764-TACATG	S:DEL25/27 S:DEL69/70	37	1934	0.019131	21597	21802
G23835+T	NA	37	13719	0.002697	23767	23847
G21956T G21987A	S:E132* S:G142D	37	7634	0.004847	21943	22058
C25000T A25056-T	S:D1146D NA	37	15396	0.002403	24998	25065
C24026-T	NA	37	2235	0.016555	24021	24048
C23525T T23584C T23599G C23604A	S:H655Y S:Y674Y S:N679K S:P681H	37	30991	0.001194	23487	23642
C23525T C23577T G23587T T23599G C23604A	S:H655Y S:A672V S:Q675H S:N679K S:P681H	37	30991	0.001194	23492	23629
C23525T A23552G T23599G C23604A	S:H655Y S:I664V S:N679K S:P681H	37	30991	0.001194	23501	23637
C23525T A23539G T23599G C23604A	S:H655Y S:S659S S:N679K S:P681H	37	30991	0.001194	23501	23642
C22109G	S:Q183E	37	4526	0.008175	22105	22113
C21952-TG G21956A	NA S:E132K	37	8839	0.004186	21847	21968
A24667G	S:G1035G	37	36170	0.001023	24652	24679
A23712-T	NA	37	50170	0.000737	23697	23724
A23712+T C23887-A	NA NA	37	10464	0.003536	23683	23895
A23513G C23525T T23599G C23604A	S:I651V S:H655Y S:N679K S:P681H	37	30940	0.001196	23487	23635
A23474+T T23480+A C23525T	NA NA S:H655Y	37	15781	0.002345	23457	23539
T25140-A	NA	36	18984	0.001896	25132	25157
T24492+A	NA	36	51458	0.0007	24479	24503
T23599G C23604A T23672C	S:N679K S:P681H S:S704P	36	36087	0.000998	23580	23700
T23599G C23604A G23610A	S:N679K S:P681H S:R683Q	36	67904	0.00053	23581	23642
G25204T	S:W1214C	36	21214	0.001697	25188	25255
G24521+T	NA	36	51202	0.000703	24489	24530
G22809-A G22813T T22882G G22895C T22896C G22898A	NA S:K417N S:N440K S:V445P S:V445P S:G446S	36	7625	0.004721	22799	22907
G22317T G22403-A	S:G252V NA	36	989	0.0364	22315	22435
G21987A C22000-A A22002G T22016C C22033A	S:G142D NA S:K147R S:W152R S:F157L	36	7053	0.005104	21980	22058
C23525T T23569C T23599G C23604A	S:H655Y S:G669G S:N679K S:P681H	36	30991	0.001162	23492	23633
C21618T T21632-TACCCCCTG G21686-T	S:T19I S:DEL25/27 NA	36	3658	0.009841	21597	21698
A25453G	ORF3a:K21E	36	6852	0.005254	25381	25477
A25295G	S:K1245E	36	30096	0.001196	25251	25323
A24675G	S:K1038R	36	35749	0.001007	24612	24679
A24562G	S:R1000R	36	50590	0.000712	24486	24581
A24518G C24672-A	S:K986E NA	36	30699	0.001173	24502	24679
A24468-T T24470A	NA S:F970I	36	40754	0.000883	24465	24482
A24424T C24536-A	S:Q954H NA	36	15402	0.002337	24412	24552
A21875-T C21888-T	NA NA	36	8799	0.004091	21848	21904
T25251C	S:V1230A	35	24882	0.001407	25223	25324
T24650C	S:S1030P	35	36771	0.000952	24612	24672
T24622C	S:A1020A	35	37002	0.000946	24558	24661
T24469A C24536-AA	S:N969K NA	35	39864	0.000878	24465	24564
T23599G C23604A T23677C	S:N679K S:P681H S:V705V	35	36057	0.000971	23581	23724
T23599G C23604A T23622C	S:N679K S:P681H S:V687A	35	67826	0.000516	23581	23642
G24971+T C25000T	NA S:D1146S	35	12233	0.002861	24867	25025
G22813T T22882G T22942G	S:K417N S:N440K S:N460K	35	5784	0.006051	22808	22955
G22577C G22578A	S:G339H S:G339H	35	1108	0.031588	22533	22580
C23525T T23599G T23602-C T23605A G23608T	S:H655Y S:N679K NA S:P681P S:R682R	35	30986	0.00113	23487	23629
C23525T T23599G C23604A A23632G	S:H655Y S:N679K S:P681H S:Q690Q	35	30389	0.001152	23487	23637
C22000-A	NA	35	9816	0.003566	21993	22012
A24922+T C24981-T C25000T	NA NA S:D1146S	35	12016	0.002913	24850	25013
A24669G	S:Q1036R	35	36058	0.000971	24583	24676
A24654G	S:E1031G	35	36762	0.000952	24646	24676
A24591G	S:Q1010R	35	33809	0.001035	24489	24619
A23515-G C23525T T23599G C23604A	NA S:H655Y S:N679K S:P681H	35	30948	0.001131	23505	23629
A23515+G T23599G C23604A	NA S:N679* S:P681Y	35	30948	0.001131	23487	23625
A23403G A23494G C23525T	S:D614G S:Q644Q S:H655Y	35	13955	0.002508	23371	23529
T25306C	S:C1248C	34	30435	0.001117	25276	25325
T25303C	S:C1247C	34	30336	0.001121	25291	25320
T25288C	S:S1242S	34	29934	0.001136	25251	25324
T23599G C23604A G23663A	S:N679K S:P681H S:A701T	34	36154	0.00094	23582	23716
T23599G C23604A G23610T G23666-A	S:N679K S:P681H S:R683L NA	34	36126	0.000941	23580	23700
T23599G C23604A A23691G	S:N679K S:P681H S:N710S	34	35936	0.000946	23580	23724
G25218-T C25262-TT	NA NA	34	22490	0.001512	25138	25279
C23887-A G23903-T C23929-A	NA NA NA	34	1739	0.019551	23838	23941
C23525T T23599G C23604A T23637C	S:H655Y S:N679K S:P681H S:I692T	34	30146	0.001128	23487	23642
C23525T T23527C T23599G C23604A	S:H655Y S:H655Y S:N679K S:P681H	34	30991	0.001097	23487	23637
A25417G	ORF3a:T9A	34	7193	0.004727	25383	25428
A24885-T C24981-T C25000T	NA NA S:D1146D	34	11741	0.002896	24852	25004
A24652G	S:S1030S	34	36766	0.000925	24635	24661
A24613G	S:E1017E	34	37157	0.000915	24612	24648
A24424T T24469A A24560+AT	S:Q954H S:N969K NA	34	15118	0.002249	24412	24564
A23786+T	NA	34	14111	0.002409	23767	23809
A23494G C23525T T23599G C23604A	S:Q644Q S:H655Y S:N679K S:P681H	34	30536	0.001113	23488	23641
A23403G T23434-C C23525T	S:D614G NA S:H655Y	34	13955	0.002436	23395	23529
A23403G G23426A	S:D614G S:V622I	34	23039	0.001476	23377	23429
A22001G T22016C C22033A	S:K147E S:W152R S:F157L	34	9701	0.003505	21993	22043
T25293C	S:L1244P	33	30060	0.001098	25281	25324
T25209C	S:I1216T	33	22610	0.00146	25196	25316
T24643-A C24672-A A24684-T	NA NA NA	33	3633	0.009083	24626	24701
T24523C	S:V987V	33	51209	0.000644	24484	24571
T23599G C23604A T23641C	S:N679K S:P681H S:I693I	33	66264	0.000498	23580	23642
T23599G C23604A G23678A	S:N679K S:P681H S:A706T	33	36051	0.000915	23580	23705
T23599G C23604A G23675+T	S:N679K S:P681H NA	33	36064	0.000915	23581	23699
T23599G C23604A C23606T	S:N679K S:P681H S:R682W	33	67913	0.000486	23580	23700
T22200G G22218-T	S:V213G NA	33	3157	0.010453	22196	22233
G24954T C25000T	S:G1131V S:D1146D	33	12149	0.002716	24905	25069
G24816-A	NA	33	3002	0.010993	24740	24875
G23835-T C23887-A	NA NA	33	12587	0.002622	23792	23895
C24512+T	NA	33	51277	0.000644	24476	24530
C23525T T23599G C23604A A23631G	S:H655Y S:N679K S:P681H S:Q690R	33	30404	0.001085	23488	23642
C23525T T23563C T23599G C23604A	S:H655Y S:G667G S:N679K S:P681H	33	30991	0.001065	23508	23642
C22109G C22120-A T22200A G22218-T G22317T	S:Q183E NA S:V213E NA S:G252V	33	2068	0.015957	22100	22319
A25195G	S:K1211K	33	20500	0.00161	25160	25210
A24673G	S:S1037S	33	35697	0.000924	24612	24679
A24560G	S:R1000G	33	50596	0.000652	24486	24579
A24424T T24469A C24536-A	S:Q954H S:N969K NA	33	15402	0.002143	24412	24564
A23495G C23525T T23599G C23604A	S:T645A S:H655Y S:N679K S:P681H	33	30540	0.001081	23487	23629
T24506C	S:S982P	32	51355	0.000623	24497	24541
T23599G C23604A T23640C	S:N679K S:P681H S:I693T	32	66340	0.000482	23580	23642
G22487-A G22578A	NA S:G339D	32	1069	0.029935	22402	22581
C23525T T23540C T23599G C23604A	S:H655Y S:Y660H S:N679K S:P681H	32	30991	0.001033	23507	23624
C21618T T21632-TACCCCCTG G21701-T	S:T19I S:DEL25/27 NA	32	3331	0.009607	21605	21711
A25271G	S:M1237V	32	29585	0.001082	25251	25325
A24677G	S:R1039G	32	35631	0.000898	24612	24679
A24604C	S:R1014S	32	33564	0.000953	24489	24646
A24576G	S:Q1005R	32	34246	0.000934	24480	24592
A24424T C24503-T	S:Q954H NA	32	15532	0.00206	24412	24527
A24424T A24556-G	S:Q954H NA	32	15165	0.00211	24415	24564
A24324-AT	NA	32	4527	0.007069	24274	24335
A23493G C23525T T23599G C23604A	S:Q644R S:H655Y S:N679K S:P681H	32	30486	0.00105	23488	23642
A23432+C	NA	32	24015	0.001333	23342	23440
T25219C	S:G1219G	31	22749	0.001363	25206	25320
T25191-A G25218-T C25262-T	NA NA NA	31	15419	0.002011	25130	25310
T23599G C23604A A23682G	S:N679K S:P681H S:Y707C	31	36006	0.000861	23580	23700
T22882G T22942A	S:N440K S:N460K	31	7154	0.004333	22876	22945
G24488-T C24672-A	NA NA	31	29839	0.001039	24473	24679
G23364-A A23403G C23525T	NA S:D614G S:H655Y	31	12813	0.002419	23339	23539
G22813T T22882G A22910G T22917G	S:K417N S:N440K S:N450D S:L452R	31	7044	0.004401	22801	22944
G22813T T22882G A22893G T22917G	S:K417N S:N440K S:K444R S:L452R	31	7044	0.004401	22801	22929
C24797T	S:P1079S	31	6710	0.00462	24733	24806
C24150+T	NA	31	4962	0.006247	24148	24173
C23525T T23599G C23604A G23624A	S:H655Y S:N679K S:P681H S:A688T	31	30934	0.001002	23487	23642
C23358+A	NA	31	26465	0.001171	23340	23366
C23188+T	NA	31	1600	0.019375	23096	23197
C21618T T21632-TACCCCCTG C21654-T	S:T19I S:DEL25/27 NA	31	4136	0.007495	21608	21690
A24520G	S:K986K	31	51257	0.000605	24488	24533
A24508G	S:S982S	31	51329	0.000604	24482	24536
A23403G T23482-A C23525T	S:D614G NA S:H655Y	31	13955	0.002221	23395	23530
T24469A A24578G	S:N969K S:T1006A	30	23290	0.001288	24465	24656
T23599G C23604A A23632G	S:N679K S:P681H S:Q690Q	30	67166	0.000447	23580	23642
T22882G T22917G T22942A G22992A C22995A A23013C T23018G	S:N440K S:L452R S:N460K S:S477N S:T478K S:E484A S:F486V	30	692	0.043353	22876	23032
C24026-T C24119-A	NA NA	30	1828	0.016411	24021	24132
C23854A G23868-A	S:N764K NA	30	13796	0.002175	23845	23895
C23525T T23599G C23604A T23629C	S:H655Y S:N679K S:P681H S:S689S	30	30488	0.000984	23501	23637
C23525T T23596C T23599G C23604A	S:H655Y S:T678T S:N679K S:P681H	30	30991	0.000968	23487	23637
C23492-A	NA	30	48942	0.000613	23487	23507
C23399+T	NA	30	23843	0.001258	23336	23432
A24900G C25000T	S:Q1113R S:D1146D	30	11917	0.002517	24893	25045
A24641G	S:T1027A	30	36844	0.000814	24626	24675
A24629G	S:N1023D	30	37052	0.00081	24612	24657
A24604G	S:R1014R	30	33564	0.000894	24486	24679
A24531G	S:E990G	30	51115	0.000587	24486	24564
A24479-T	NA	30	49665	0.000604	24476	24496
A23403G A23474+T	S:D614G NA	30	14472	0.002073	23398	23539
A21875-T A21979-T G21987A	NA NA S:G142D	30	6599	0.004546	21847	21993
T24469A G24510T	S:N969K S:R983L	29	40204	0.000721	24465	24562
T23599G C23604A A23688G	S:N679K S:P681H S:N709S	29	35966	0.000806	23580	23702
T23143-A T23164-A C23230-A	NA NA NA	29	1160	0.025	23125	23244
G25305-T	NA	29	30402	0.000954	25297	25325
G24510+T	NA	29	51310	0.000565	24499	24528
G24488-T C24517-A	NA NA	29	50244	0.000577	24476	24528
G24486+T	NA	29	50720	0.000572	24476	24497
G23835-T	NA	29	13719	0.002114	23790	23843
G22813T T22882G T22917G T22942G	S:K417N S:N440K S:L452R S:N460K	29	5784	0.005014	22793	22952
G22813T T22882G G22898A	S:K417N S:N440K S:G446S	29	7638	0.003797	22793	22906
C25416T A25472-T	ORF3a:F8F NA	29	6664	0.004352	25383	25477
C23525T T23599G C23604A A23623G	S:H655Y S:N679K S:P681H S:V687V	29	30950	0.000937	23487	23642
C23367-A	NA	29	25425	0.001141	23351	23387
A24424T T24552C	S:Q954H S:I997T	29	15308	0.001894	24412	24554
A24424T G24510T	S:Q954H S:R983L	29	15509	0.00187	24412	24554
A24424T C24555T	S:Q954H S:T998I	29	15255	0.001901	24412	24558
A23704+C	NA	29	50684	0.000572	23683	23718
A23503G C23525T T23599G C23604A	S:A647A S:H655Y S:N679K S:P681H	29	30799	0.000942	23487	23624
A23474+T T23480+A	NA NA	29	16239	0.001786	23458	23539
A21875-T G21987A C22000-A	NA S:G142D NA	29	5099	0.005687	21867	22012
T25279C	S:S1239S	28	29773	0.00094	25257	25325
T25155C	S:I1198T	28	19468	0.001438	25126	25210
T25129C	S:V1189V	28	17453	0.001604	25122	25175
T24658C	S:C1032C	28	36651	0.000764	24642	24661
T24552C	S:I997T	28	50830	0.000551	24509	24558
T24489C	S:V976A	28	51285	0.000546	24482	24492
T24481C	S:I973I	28	50212	0.000558	24473	24564
T24469A A24610-G G24620C	S:N969K NA S:A1020P	28	22370	0.001252	24465	24679
T23637-C	NA	28	68180	0.000411	23624	23642
T23599G C23604A G23612A	S:N679K S:P681H S:A684T	28	67901	0.000412	23593	23632
G25198-C	NA	28	20648	0.001356	25189	25210
G24776-A	NA	28	7028	0.003984	24724	24787
G23486-T	NA	28	16347	0.001713	23471	23503
C25239T	S:A1226V	28	24605	0.001138	25219	25323
C25207+G	NA	28	21770	0.001286	25200	25325
C24337T A24424T	S:N925N S:Q954H	28	1491	0.018779	24328	24424
C24134-T	NA	28	2765	0.010127	24120	24173
C23887-A G23903-T	NA NA	28	1886	0.014846	23862	23910
C23635T	S:S691S	28	68290	0.00041	23625	23642
C23525T T23599G C23604A T23622C	S:H655Y S:N679K S:P681H S:V687A	28	30959	0.000904	23487	23624
C23525T A23532G T23599G C23604A	S:H655Y S:N657S S:N679K S:P681H	28	30991	0.000903	23492	23624
C23103-T	NA	28	1542	0.018158	23089	23126
A25243G	S:I1227M	28	24658	0.001136	25219	25325
A24610G	S:A1016A	28	33409	0.000838	24593	24646
A24498G	S:D979G	28	51432	0.000544	24486	24564
A24424T G24521+T	S:Q954H NA	28	15456	0.001812	24416	24536
T25309A	S:S1249S	27	30465	0.000886	25302	25325
T25293A	S:L1244H	27	30060	0.000898	25249	25325
T25270C	S:C1236C	27	29548	0.000914	25261	25325
T25237C	S:I1225I	27	24563	0.001099	25222	25308
T24637C	S:A1025A	27	36898	0.000732	24623	24679
T24529C	S:A989A	27	51143	0.000528	24500	24564
T23689-A C23854A	NA S:N764K	27	10880	0.002482	23684	23871
T23689-A	NA	27	51031	0.000529	23683	23707
T23599G C23604A T23626C	S:N679K S:P681H S:A688A	27	67362	0.000401	23580	23642
T23599G C23604A C23643T	S:N679K S:P681H S:A694V	27	66061	0.000409	23593	23671
T23599G C23604A C23625T T23684C	S:N679K S:P681H S:A688V S:S708P	27	35999	0.00075	23580	23700
T23599G C23604A A23623G	S:N679K S:P681H S:V687V	27	67801	0.000398	23580	23642
T23596C T23599G C23604A	S:T678T S:N679K S:P681H	27	67915	0.000398	23580	23642
T23507C C23525T A23566G T23599G C23604A	S:C649R S:H655Y S:A668A S:N679K S:P681H	27	30862	0.000875	23501	23642
T23431-AT C23525T	NA S:H655Y	27	15300	0.001765	23411	23532
G24971+T C24981-T C25000T	NA NA S:D1146S	27	12233	0.002207	24850	25015
G23302T A23303C A23403G	S:Q580H S:T581P S:D614G	27	7427	0.003635	23291	23434
G22813T A22845-T T22882G T22917G T22942A	S:K417N NA S:N440K S:L452R S:N460K	27	5784	0.004668	22808	22967
G22809-A G22813T T22882G A22893C T22917G	NA S:K417N S:N440K S:K444T S:L452R	27	7032	0.00384	22799	22930
G21987A T21990-TTA C22000-A	S:G142D S:DEL144 NA	27	8395	0.003216	21970	22015
C25100-A	NA	27	3597	0.007506	25019	25112
C25000T T25072-G C25100-A	S:D1146D NA NA	27	3408	0.007923	24998	25130
C25000T A25026-T	S:D1146D NA	27	15693	0.001721	24995	25046
C24981-T C25000T T25021-A	NA S:D1146D NA	27	12031	0.002244	24850	25065
C24981-T C25000T A25056-T	NA S:D1146D NA	27	11758	0.002296	24850	25067
C24878-A C25000T	NA S:D1146D	27	11698	0.002308	24850	25067
C24668-A	NA	27	36147	0.000747	24641	24676
C23525T T23599G C23604A A23614G	S:H655Y S:N679K S:P681H S:A684A	27	30978	0.000872	23498	23634
C23525T T23563+C T23599G C23604A	S:H655Y NA S:N679* S:P681Y	27	30991	0.000871	23487	23624
C23525T A23598G T23599G C23604A	S:H655Y S:N679R S:N679R S:P681H	27	30991	0.000871	23487	23642
A25176G	S:K1205R	27	19675	0.001372	25163	25210
A24498+T	NA	27	51432	0.000525	24483	24506
A24424T T24469A G24488+T	S:Q954H S:N969K NA	27	15585	0.001732	24412	24564
A23503-G C23525T A23550G T23599G C23604A	NA S:H655Y S:D663G S:N679K S:P681H	27	30799	0.000877	23487	23624
A23403G C23481+T	S:D614G NA	27	14384	0.001877	23345	23490
A22124G	S:N188D	27	5241	0.005152	22100	22132
A21875-T A21964-T	NA NA	27	7952	0.003395	21869	21982
T25310C	S:C1250R	26	30467	0.000853	25305	25325
T23830-G	NA	26	13738	0.001893	23816	23842
T23599G C23604A T23650C	S:N679K S:P681H S:T696T	26	36243	0.000717	23580	23678
T23599G C23604A A23667T	S:N679K S:P681H S:E702V	26	36124	0.00072	23580	23717
T23599G C23604A A23618G	S:N679K S:P681H S:S686G	26	67859	0.000383	23580	23642
T23500C C23525T T23599G C23604A	S:R646R S:H655Y S:N679K S:P681H	26	30621	0.000849	23487	23634
T22882G A22893C T22917G G22992A C22995A A23013C T23018G	S:N440K S:K444T S:L452R S:S477N S:T478K S:E484A S:F486V	26	692	0.037572	22876	23038
G25323A	S:C1254Y	26	30355	0.000857	25299	25325
G25238A	S:A1226T	26	24580	0.001058	25219	25323
G24570-T C24672-A	NA NA	26	31155	0.000835	24476	24679
G22813T T22882G A22893C T22917G G22927-T	S:K417N S:N440K S:K444T S:L452R NA	26	6656	0.003906	22793	22937
C24981-T C25000T A25026-T	NA S:D1146D NA	26	11961	0.002174	24850	25066
C24517-A T24660+A	NA NA	26	31377	0.000829	24473	24670
C23589T T23599G C23604A G23666-A	S:T676I S:N679K S:P681H NA	26	36006	0.000722	23580	23706
C23525T T23599G C23604A C23615T	S:H655Y S:N679K S:P681H S:R685C	26	30977	0.000839	23501	23625
C23525T T23599G C23604A A23636G	S:H655Y S:N679K S:P681H S:I692V	26	30189	0.000861	23487	23642
C23525T T23581C T23599G C23604A	S:H655Y S:S673S S:N679K S:P681H	26	30991	0.000839	23487	23636
C23525T A23554G T23599G C23604A	S:H655Y S:I664M S:N679K S:P681H	26	30991	0.000839	23487	23625
C22802-A G22813T T22882G	NA S:K417N S:N440K	26	8194	0.003173	22793	22889
A25201+T	NA	26	20863	0.001246	25189	25325
A25175G	S:K1205E	26	19674	0.001322	25160	25196
A24922-T	NA	26	15735	0.001652	24914	24933
A24679G	S:R1039R	26	35029	0.000742	24652	24679
A24424T G24557T	S:Q954H S:G999C	26	15155	0.001716	24412	24564
A24424T C24455-A	S:Q954H NA	26	15720	0.001654	24412	24493
A24423+T	NA	26	17435	0.001491	24412	24424
A24253-T C24263-A	NA NA	26	4643	0.0056	24229	24292
A23786+T C23887-A	NA NA	26	12244	0.002123	23767	23895
A23710G	S:T716T	26	50212	0.000518	23692	23718
A23515-G C23525T	NA S:H655Y	26	48989	0.000531	23487	23539
A23497+T	NA	26	49161	0.000529	23487	23518
T25215C	S:L1218P	25	20659	0.00121	25202	25323
T24633C	S:L1024P	25	36972	0.000676	24591	24661
T24583C	S:Y1007Y	25	34036	0.000735	24488	24595
T24469A C24517-A	S:N969K NA	25	40134	0.000623	24465	24564
T24214-G	NA	25	2228	0.011221	24148	24246
T23840G C23854A	S:C760G S:N764K	25	13455	0.001858	23824	23881
T23599G G23666-A	S:N679K NA	25	36126	0.000692	23581	23684
T23599G C23604A A23627G	S:N679K S:P681H S:S689G	25	67319	0.000371	23581	23722
T23491C C23525T T23599G C23604A	S:F643F S:H655Y S:N679K S:P681H	25	30378	0.000823	23487	23637
T23434-C	NA	25	23808	0.00105	23416	23443
T23330-GT A23403G	NA S:D614G	25	7440	0.00336	23269	23443
T22882G T22942A G22992A C22995A A23013C T23018G	S:N440K S:N460K S:S477N S:T478K S:E484A S:F486V	25	692	0.036127	22876	23038
T21934-A G21987A T21990-TTA A21999-C	NA S:G142D S:DEL144 NA	25	5574	0.004485	21877	22058
G24611+A T24660+A	NA NA	25	32155	0.000777	24470	24675
G24574A	S:L1004L	25	34317	0.000729	24533	24579
G22813T T22882G T22891-A C22915T T22917G T22942A	S:K417N S:N440K NA S:Y451Y S:L452R S:N460K	25	5784	0.004322	22794	22966
G22813T T22882G G22895C T22896C G22898A T22942G A22948C	S:K417N S:N440K S:V445P S:V445P S:G446S S:N460K S:K462N	25	5628	0.004442	22803	22966
G22813T C22851T T22882G A22893C T22917G	S:K417N S:T430I S:N440K S:K444T S:L452R	25	7044	0.003549	22809	22922
C23816-T C23887-A	NA NA	25	12386	0.002018	23811	23895
C23525T T23599G C23604A T23617C	S:H655Y S:N679K S:P681H S:R685R	25	30970	0.000807	23487	23624
C23525T C23565T T23599G C23604A	S:H655Y S:A668V S:N679K S:P681H	25	30991	0.000807	23487	23642
C23525T A23572G T23599G C23604A	S:H655Y S:I670M S:N679K S:P681H	25	30991	0.000807	23501	23641
A25235G	S:I1225V	25	24531	0.001019	25219	25299
A24936G C25000T	S:N1125S S:D1146D	25	12060	0.002073	24889	25023
A24922-T C24981-T C25000T	NA NA S:D1146D	25	12016	0.002081	24866	25066
A24922+T	NA	25	15735	0.001589	24850	24938
A24885+T	NA	25	15640	0.001598	24853	24897
A24674G	S:K1038E	25	35770	0.000699	24650	24679
A24554G	S:T998A	25	50764	0.000492	24538	24564
A24538G	S:Q992Q	25	51029	0.00049	24477	24564
A23688+G	NA	25	51009	0.00049	23683	23710
T25301C	S:C1247R	24	30278	0.000793	25252	25325
T25233C	S:L1224S	24	24470	0.000981	25210	25320
T25150C	S:S1196S	24	19240	0.001247	25130	25210
T24640C	S:A1026A	24	36840	0.000651	24597	24671
T24504C	S:L981P	24	51355	0.000467	24481	24564
T24499C	S:D979D	24	51446	0.000467	24488	24564
T24469A A24551G	S:N969K S:I997V	24	39577	0.000606	24466	24564
T23599G C23604A C23644T	S:N679K S:P681H S:A694A	24	36280	0.000662	23580	23724
T23599G C23604A A23623+G	S:N679K S:P681H NA	24	67801	0.000354	23593	23638
T23599G C23604A A23614G	S:N679K S:P681H S:A684A	24	67886	0.000354	23580	23637
T22882G T22917G G22992A C22995A A23013C T23018G	S:N440K S:L452R S:S477N S:T478K S:E484A S:F486V	24	692	0.034682	22877	23038
T21990-TTA	S:DEL144	24	9981	0.002405	21970	22011
G25299A	S:G1246D	24	30206	0.000795	25278	25325
G24558A	S:G999D	24	50637	0.000474	24478	24564
G23501+T	NA	24	49249	0.000487	23487	23518
G21987A A22001G T22016C	S:G142D S:K147E S:W152R	24	7438	0.003227	21980	22058
C25151+A	NA	24	19240	0.001247	25140	25194
C24536-A C24672-A	NA NA	24	30821	0.000779	24480	24679
C23854A G23948T	S:N764K S:D796Y	24	738	0.03252	23845	23954
C23591T T23599G C23604A	S:Q677* S:N679K S:P681H	24	67822	0.000354	23580	23700
C23525T T23599G C23604A T23633C	S:H655Y S:N679K S:P681H S:S691P	24	30376	0.00079	23487	23637
C23525T T23582C T23599G C23604A	S:H655Y S:Y674H S:N679K S:P681H	24	30991	0.000774	23487	23633
C23525T G23608T	S:H655Y S:R682R	24	30986	0.000775	23502	23624
C23525T A23534G T23599G C23604A	S:H655Y S:N658D S:N679K S:P681H	24	30991	0.000774	23487	23624
C21618T A21764-TACATG	S:T19I S:DEL69/70	24	1933	0.012416	21597	21802
A25296+T	NA	24	30137	0.000796	25272	25325
A24661G	S:V1033V	24	36448	0.000658	24612	24672
A24617G	S:R1019G	24	37059	0.000648	24480	24661
A24424T T24469A G24557T	S:Q954H S:N969K S:G999C	24	15155	0.001584	24412	24564
A24424T T24469A A24556-G	S:Q954H S:N969K NA	24	15165	0.001583	24412	24564
A23403G A23432+C	S:D614G NA	24	22476	0.001068	23335	23440
T25316C	S:S1252P	23	30534	0.000753	25235	25325
T24623C	S:S1021P	23	37005	0.000622	24612	24668
T23916+A G23948T	NA S:D796*	23	1238	0.018578	23906	23978
T23599G C23604A G23624A	S:N679K S:P681H S:A688T	23	67774	0.000339	23594	23642
T23599G C23604A G23608T	S:N679K S:P681H S:R682R	23	67912	0.000339	23580	23624
T23599G C23604A C23706A	S:N679K S:P681H S:P715H	23	35230	0.000653	23580	23723
T23599G C23604A C23664T	S:N679K S:P681H S:A701V	23	36142	0.000636	23580	23705
T21934-A G21987A	NA S:G142D	23	7071	0.003253	21918	22058
G25284A	S:C1241Y	23	29840	0.000771	25281	25325
G25284-T	NA	23	29840	0.000771	25277	25325
G23501A C23525T T23599G C23604A	S:A647T S:H655Y S:N679K S:P681H	23	30643	0.000751	23487	23635
G22813T T22917G T22942A	S:K417N S:L452R S:N460K	23	5784	0.003976	22793	22966
G22813T T22882G T22896C	S:K417N S:N440K S:V445A	23	7648	0.003007	22809	22915
G22813T T22882G G22895C T22896C G22898A T22900-G	S:K417N S:N440K S:V445P S:V445P S:G446S NA	23	7605	0.003024	22799	22914
C23758A C23887-A	S:T732T NA	23	10575	0.002175	23699	23895
C23694+G	NA	23	51104	0.00045	23685	23724
C23604A G23610T	S:P681H S:R683L	23	67998	0.000338	23580	23675
C23525T G23576A T23599G C23604A	S:H655Y S:A672T S:N679K S:P681H	23	30991	0.000742	23487	23624
C23525T A23558G T23599G C23604A	S:H655Y S:I666V S:N679K S:P681H	23	30991	0.000742	23487	23637
C23525T A23526G T23599G C23604A	S:H655C S:H655C S:N679K S:P681H	23	30991	0.000742	23487	23642
C21618T T21632-TACCCCCTG C21682-A	S:T19I S:DEL25/27 NA	23	3675	0.006259	21597	21693
A25255G	S:T1231T	23	28810	0.000798	25251	25317
A24580G	S:T1006T	23	34193	0.000673	24570	24591
A24424T G24449C T24469A	S:Q954H S:V963L S:N969K	23	15643	0.00147	24415	24564
A23403G C23525T T23529C	S:D614G S:H655Y S:V656A	23	13866	0.001659	23391	23535
A23366G A23403G C23525T	S:T602A S:D614G S:H655Y	23	12823	0.001794	23336	23529
A21764-TACATG C21781-A	S:DEL69/70 NA	23	2311	0.009952	21737	21802
T25264C	S:L1234L	22	29236	0.000752	25252	25319
T24565C	S:L1001L	22	50438	0.000436	24517	24614
T24564C	S:L1001P	22	50543	0.000435	24538	24579
T24505C	S:L981L	22	51355	0.000428	24487	24526
T23750C C23854A	S:S730P S:N764K	22	11186	0.001967	23683	23890
T23599G C23635T	S:N679K S:S691S	22	67054	0.000328	23580	23687
T23599G C23604A T23681C	S:N679K S:P681H S:Y707H	22	36011	0.000611	23593	23724
T23599G C23604A G23675-T	S:N679K S:P681H NA	22	36064	0.00061	23580	23705
T23599G C23604A C23609-G G23666-A A23711-AT	S:N679K S:P681H NA NA NA	22	34794	0.000632	23580	23724
T23599G C23604A A23717G	S:N679K S:P681H S:T719A	22	34722	0.000634	23580	23724
T23487G C23525T T23599G C23604A	Unknown S:H655Y S:N679K S:P681H	22	14547	0.001512	23486	23637
T23392-C A23403G T23500-G C23525T	NA S:D614G NA S:H655Y	22	13452	0.001635	23385	23539
T23346C	S:V595A	22	26368	0.000834	23335	23373
G24638A	S:A1026T	22	36882	0.000596	24612	24659
G22813T T22882G G22895C	S:K417N S:N440K S:V445L	22	8036	0.002738	22793	22906
G22331A	S:G257S	22	1283	0.017147	22313	22360
G22104-A C22120-A T22164-TA	NA NA NA	22	4341	0.005068	22100	22176
G22104-A	NA	22	4485	0.004905	22100	22123
C25000T T25191-A	S:D1146D NA	22	3159	0.006964	24991	25198
C25000T T25063C	S:D1146D S:G1167G	22	15312	0.001437	24990	25069
C24263-A	NA	22	4701	0.00468	24229	24275
C23854A T23857C	S:N764K S:R765R	22	13935	0.001579	23839	23881
C23758A	S:T732T	22	12608	0.001745	23708	23769
C23525T T23599G C23604A G23610A	S:H655Y S:N679K S:P681H S:R683Q	22	30983	0.00071	23487	23637
C23525T T23559C T23599G C23604A	S:H655Y S:I666T S:N679K S:P681H	22	30991	0.00071	23500	23637
C23334-T C23367-A	NA NA	22	7718	0.00285	23270	23389
C22109G C22120-A T22200A	S:Q183E NA S:V213E	22	2510	0.008765	22100	22222
A25315G	S:G1251G	22	30531	0.000721	25227	25325
A25315+G	NA	22	30531	0.000721	25307	25324
A25277G	S:S1239G	22	29726	0.00074	25251	25324
A25247G	S:M1229V	22	24724	0.00089	25235	25325
A25243G T25263C	S:I1227M S:L1234P	22	24609	0.000894	25219	25316
A25182G	S:E1207G	22	19811	0.00111	25141	25210
A25125G	S:E1188G	22	17165	0.001282	25123	25196
A24902-T C24981-T C25000T	NA NA S:D1146D	22	11940	0.001843	24850	25004
A24424T T24438+A	S:Q954H NA	22	15794	0.001393	24414	24457
A24424T C24503-T C24517-A	S:Q954H NA NA	22	15489	0.00142	24412	24564
A24424T A24498G A24556-G	S:Q954H S:D979G NA	22	15165	0.001451	24412	24564
A23497G C23525T T23599G C23604A	S:T645T S:H655Y S:N679K S:P681H	22	30555	0.00072	23487	23624
A23403G C23525T A23531G	S:D614G S:H655Y S:N657D	22	13785	0.001596	23386	23535
A23321+T	NA	22	7899	0.002785	23273	23330
A21979-T G21987A A22001G T22016C C22033A	NA S:G142D S:K147E S:W152R S:F157L	22	6346	0.003467	21956	22043
A21875-T T21946-A	NA NA	22	8340	0.002638	21847	21957
T25260C	S:M1233T	21	28981	0.000725	25251	25325
T25221C	S:F1220S	21	23742	0.000885	25139	25325
T24940C	S:C1126C	21	15649	0.001342	24934	24942
T24689G G24690T	S:C1043V S:C1043V	21	3991	0.005262	24612	24702
T24664C	S:L1034L	21	36204	0.00058	24639	24676
T24660+A C24672-AA	NA NA	21	35804	0.000587	24612	24679
T24541C	S:I993I	21	51037	0.000411	24504	24586
T24487C	S:S975S	21	50999	0.000412	24480	24564
T24469A G24659T	S:N969K S:V1033L	21	21733	0.000966	24465	24661
T23794C C23854A	S:G744G S:N764K	21	12996	0.001616	23716	23881
T23742-A	NA	21	12714	0.001652	23683	23753
T23599G C23604A G23616A	S:N679K S:P681H S:R685H	21	67871	0.000309	23580	23623
T23599G C23604A A23696G	S:N679K S:P681H S:I712V	21	35893	0.000585	23580	23724
T23488C C23525T T23599G C23604A	Unknown S:H655Y S:N679K S:P681H	21	30297	0.000693	23487	23624
T22942G A22948-C	S:N460K NA	21	8828	0.002379	22936	22967
T21990-TTA C22000A	S:DEL144 S:H146Q	21	8592	0.002444	21973	22058
G25320A	S:C1253Y	21	30473	0.000689	25251	25324
G24570+T T24660+A	NA NA	21	31862	0.000659	24473	24676
G24510T C24536-A	S:R983L NA	21	50785	0.000414	24479	24679
G21987A T21992-ATTACC	S:G142D S:DEL145/146	21	9761	0.002151	21847	22054
C25000T T25072-G	S:D1146D NA	21	3518	0.005969	24990	25082
C24878-A	NA	21	15655	0.001341	24857	24891
C24134A	S:L858I	21	2765	0.007595	24129	24185
C23758T	S:T732T	21	12608	0.001666	23683	23797
C23525T T23578C T23599G C23604A	S:H655Y S:A672A S:N679K S:P681H	21	30991	0.000678	23487	23629
C23496T C23525T T23599G C23604A	S:T645I S:H655Y S:N679K S:P681H	21	30548	0.000687	23487	23642
C23393+T	NA	21	23734	0.000885	23335	23409
C23373+A	NA	21	24819	0.000846	23335	23381
C22419T G22578A	S:T286I S:G339D	21	1018	0.020629	22398	22581
A25325G	Unknown	21	30236	0.000695	25316	25325
A25241G	S:I1227V	21	24624	0.000853	25219	25325
A24610-G C24672-A	NA NA	21	31430	0.000668	24491	24679
A24543G	S:D994G	21	51018	0.000412	24527	24564
A23848+T	NA	21	13947	0.001506	23767	23886
A23598+G C23604A	NA S:P681Y	21	67921	0.000309	23580	23616
A23558-T T23599G C23604A	NA S:N679K S:P681H	21	31186	0.000673	23548	23637
A23523G C23525T T23599G C23604A	S:E654G S:H655Y S:N679K S:P681H	21	30989	0.000678	23488	23642
A23403G T23437C C23525T	S:D614G S:H625H S:H655Y	21	13955	0.001505	23381	23532
A21875-T A21979-T G21987A C22000-A C22009-A G22022-A	NA NA S:G142D NA NA NA	21	3966	0.005295	21847	22035
T25257C	S:I1232T	20	28884	0.000692	25251	25263
T24663C	S:L1034P	20	36216	0.000552	24612	24679
T24544C	S:D994D	20	50993	0.000392	24499	24564
T24491-TA	NA	20	51452	0.000389	24480	24505
T23840G G23841T C23854A	S:C760V S:C760V S:N764K	20	13455	0.001486	23744	23884
T23599G C23604A C23615T	S:N679K S:P681H S:R685C	20	67884	0.000295	23580	23703
T23599G A23712-T	S:N679K NA	20	34778	0.000575	23580	23724
T23164-A	NA	20	1750	0.011429	23089	23176
T22882G G22898A T22942G	S:N440K S:G446S S:N460K	20	7154	0.002796	22877	22949
G22813T T22882G T22896C T22917G	S:K417N S:N440K S:V445A S:L452R	20	7044	0.002839	22793	22924
C25262-TT G25278-T	NA NA	20	29051	0.000688	25251	25301
C25000T G25010T	S:D1146D S:E1150*	20	15943	0.001254	24990	25083
C23854A G23873+A	S:N764K NA	20	13722	0.001458	23842	23891
C23758A C23854A	S:T732T S:N764K	20	11196	0.001786	23683	23895
C23709+A C23887-A	NA NA	20	10461	0.001912	23683	23895
C23525T C23556T T23599G C23604A	S:H655Y S:P665L S:N679K S:P681H	20	30991	0.000645	23514	23634
C23525T A23597G T23599G C23604A	S:H655Y S:N679E S:N679E S:P681H	20	30991	0.000645	23500	23637
C21978A G21987A T21990-TTA A21999-C	S:P139Q S:G142D S:DEL144 NA	20	7663	0.00261	21959	22058
C21618T T21632-TACCCCCTG C21662T A21764-TACATG	S:T19I S:DEL25/27 S:R34C S:DEL69/70	20	1933	0.010347	21597	21793
A24780G	S:K1073R	20	7036	0.002843	24724	24806
A24676G	S:K1038K	20	35709	0.00056	24612	24679
A24500G	S:I980V	20	51433	0.000389	24497	24503
A24478G	S:A972A	20	49533	0.000404	24473	24503
A24424T G24434+C	S:Q954H NA	20	15808	0.001265	24412	24449
A23806+T	NA	20	13989	0.00143	23683	23814
A23403G T23485A G23486T T23487G C23525T	S:D614G S:N641K S:V642C S:V642C S:H655Y	20	13955	0.001433	23396	23539
A22161-T	NA	20	5808	0.003444	22121	22179
A21979-T	NA	20	10420	0.001919	21847	21997
T25322+A	NA	19	30359	0.000626	25302	25325
T25232C	S:L1224L	19	24450	0.000777	25221	25325
T25171C C25262-T	S:L1203L NA	19	14469	0.001313	25130	25325
T24982C C25000T	S:P1140P S:D1146D	19	12305	0.001544	24957	25036
T24648C	S:M1029T	19	36848	0.000516	24631	24667
T24607C	S:A1015A	19	33478	0.000568	24584	24661
T24469A T24625C	S:N969K S:S1021S	19	22298	0.000852	24465	24679
T24469A C24517-A C24672-A	S:N969K NA NA	19	21250	0.000894	24465	24679
T24469A A24560+T	S:N969K NA	19	39292	0.000484	24428	24564
T23689+A	NA	19	51031	0.000372	23683	23716
T23684C	S:S708P	19	50894	0.000373	23683	23706
T23599G C23604A T23620C C23635T	S:N679K S:P681H S:S686S S:S691S	19	67054	0.000283	23580	23724
T23599G C23604A G23666+A	S:N679K S:P681H NA	19	36126	0.000526	23580	23724
T23599G C23604A C23705T	S:N679K S:P681H S:P715S	19	35252	0.000539	23593	23717
T23596-A T23599G C23604A	NA S:N679K S:P681H	19	67915	0.00028	23580	23622
T23511+A	NA	19	49544	0.000383	23487	23520
T23350C	S:S596S	19	26392	0.00072	23342	23358
T21976-C G21987A T21990-TTA C22000A	NA S:G142D S:DEL144 S:H146Q	19	7377	0.002576	21967	22058
T21976-C G21987A T21990-TTA A21999-C	NA S:G142D S:DEL144 NA	19	7385	0.002573	21966	22058
G24626A	S:A1022T	19	37003	0.000513	24612	24679
G24620C	S:A1020P	19	37025	0.000513	24484	24679
G23768-T C23887-A	NA NA	19	12176	0.00156	23767	23895
G23699A	S:A713T	19	51153	0.000371	23689	23724
G23587T T23599G C23604A	S:Q675H S:N679K S:P681H	19	67747	0.00028	23580	23621
G23499+T C23525T T23599G C23604A	NA S:H655S S:N679* S:P681Y	19	30589	0.000621	23487	23614
G22813T T22882G G22898A T22942G	S:K417N S:N440K S:G446S S:N460K	19	5784	0.003285	22801	22967
G22813T T22882G A22893C G22899T T22917G	S:K417N S:N440K S:K444T S:G446V S:L452R	19	7044	0.002697	22793	22929
G22813T T22882G A22893C G22898A T22917G	S:K417N S:N440K S:K444T S:G446S S:L452R	19	7044	0.002697	22793	22934
G22813T G22895C T22896C G22898A T22942G	S:K417N S:V445P S:V445P S:G446S S:N460K	19	5784	0.003285	22801	22954
C24517-A T24643-A C24672-A	NA NA NA	19	30682	0.000619	24470	24679
C24503-T C24517-A	NA NA	19	51049	0.000372	24497	24564
C23718T C23887-A	S:T719I NA	19	10474	0.001814	23683	23895
C23525T T23599G C23604A G23616A	S:H655Y S:N679K S:P681H S:R685H	19	30973	0.000613	23509	23624
C23525T T23599G C23604A C23606T	S:H655Y S:N679K S:P681H S:R682W	19	30987	0.000613	23487	23638
C23525T T23560C T23599G C23604A	S:H655Y S:I666I S:N679K S:P681H	19	30991	0.000613	23487	23642
C23492-A C23525T	NA S:H655Y	19	48121	0.000395	23487	23532
C22109G T22200A G22218-T G22317T	S:Q183E S:V213E NA S:G252V	19	2068	0.009188	22100	22319
C21618T T21632-TACCCCCTG G21686-T A21764-TACATG	S:T19I S:DEL25/27 NA S:DEL69/70	19	1933	0.009829	21597	21802
C21618T T21632-TACCCCCTG C21736-T A21764-TACATG C21781-A	S:T19I S:DEL25/27 NA S:DEL69/70 NA	19	1932	0.009834	21597	21802
A25137-T	NA	19	18845	0.001008	25130	25151
A25137+T	NA	19	18845	0.001008	25130	25147
A24673C	S:S1037S	19	35697	0.000532	24623	24679
A24614G	S:I1018V	19	37151	0.000511	24488	24679
A24532G	S:E990E	19	51102	0.000372	24481	24542
A24424T C24431+A	S:Q954H NA	19	15813	0.001202	24412	24441
A23696-T	NA	19	51131	0.000372	23683	23707
A23400+G	NA	19	23712	0.000801	23339	23414
A21979-T C22000-A	NA NA	19	7688	0.002471	21847	22012
T25289C	S:C1243R	18	29948	0.000601	25262	25325
T25159C	S:D1199D	18	19511	0.000923	25145	25210
T25152C	S:L1197P	18	19415	0.000927	25130	25210
T24511C	S:R983R	18	51286	0.000351	24488	24564
T24496C	S:N978N	18	51461	0.00035	24482	24564
T24469A T24589C	S:N969K S:T1009T	18	22962	0.000784	24465	24679
T24469A T24492-A	S:N969K NA	18	40615	0.000443	24465	24564
T24469A G24611A	S:N969K S:E1017K	18	22559	0.000798	24465	24679
T24469A A24587G	S:N969K S:T1009A	18	23009	0.000782	24465	24606
T23698C C23854A	S:I712I S:N764K	18	10930	0.001647	23683	23895
T23599G C23604A G23607A	S:N679K S:P681H S:R682Q	18	67912	0.000265	23580	23642
T23599G C23604A C23701T	S:N679K S:P681H S:A713A	18	35775	0.000503	23581	23724
T23599G C23604A A23711G	S:N679K S:P681H S:N717D	18	34794	0.000517	23580	23724
T23599G C23604A A23656C	S:N679K S:P681H S:S698S	18	36200	0.000497	23580	23724
T23599G C23604A A23636G G23666-A A23710G	S:N679K S:P681H S:I692V NA S:T716T	18	34812	0.000517	23580	23724
T23510C C23525T T23599G C23604A	S:L650L S:H655Y S:N679K S:P681H	18	30933	0.000582	23487	23641
T23394C A23403G C23525T	S:L611P S:D614G S:H655Y	18	13539	0.001329	23335	23532
T23394C A23403G	S:L611P S:D614G	18	22952	0.000784	23335	23412
T22917G T22942A	S:L452R S:N460K	18	8015	0.002246	22909	22954
T22138-G	NA	18	5554	0.003241	22129	22192
T21856+A	NA	18	8730	0.002062	21847	21865
G24954T	S:G1131V	18	12517	0.001438	24857	24968
G24724T	S:Q1054H	18	3883	0.004636	24694	24788
G24570-T A24619G	NA S:R1019R	18	32889	0.000547	24546	24679
G24550A	S:L996L	18	50883	0.000354	24488	24564
G24535A	S:V991V	18	51056	0.000353	24476	24564
G24434T T24469A	S:A958S S:N969K	18	16110	0.001117	24427	24564
G23835-T C23854A	NA S:N764K	18	13272	0.001356	23797	23890
G23499A C23525T T23599G C23604A	S:R646H S:H655Y S:N679K S:P681H	18	30589	0.000588	23487	23642
G22813T A22845-T T22882G G22895C T22896C G22898A T22942G	S:K417N NA S:N440K S:V445P S:V445P S:G446S S:N460K	18	5784	0.003112	22803	22967
G22809-A G22813T T22882G	NA S:K417N S:N440K	18	8254	0.002181	22793	22889
G22317A	S:G252D	18	5199	0.003462	22265	22319
C25324T	S:C1254C	18	30352	0.000593	25306	25325
C25131T	S:A1190V	18	18463	0.000975	25122	25176
C25000T T25021-A	S:D1146D NA	18	15772	0.001141	24990	25069
C25000T A25038G	S:D1146D S:H1159R	18	15553	0.001157	24990	25069
C24559T	S:G999G	18	50645	0.000355	24553	24564
C24517-A T24643-A	NA NA	18	31799	0.000566	24474	24659
C24517-A C24536-A	NA NA	18	50860	0.000354	24480	24554
C23854G	S:N764K	18	14011	0.001285	23848	23866
C23604A A23712-T	S:P681H NA	18	34843	0.000517	23580	23724
C23604A A23710G	S:P681H S:T716T	18	34877	0.000516	23581	23724
C23525T A23583G T23599G C23604A	S:H655Y S:Y674C S:N679K S:P681H	18	30991	0.000581	23487	23638
C22120-A T22200G G22218-T	NA S:V213G NA	18	2573	0.006996	22100	22279
A24920G	S:T1120A	18	15738	0.001144	24888	24929
A24885-T C24899-A C24981-T C25000T	NA NA NA S:D1146D	18	11741	0.001533	24850	25025
A24860G C25000T	S:T1100A S:D1146D	18	11590	0.001553	24850	25069
A24860G	S:T1100A	18	15585	0.001155	24850	24890
A24594G	S:Q1011R	18	33762	0.000533	24479	24661
A24556G	S:T998T	18	50652	0.000355	24483	24564
A24493T	S:L977F	18	51418	0.00035	24489	24564
A24484G	S:S974S	18	50595	0.000356	24480	24547
A24424T T24514C	S:Q954H S:L984L	18	15499	0.001161	24416	24564
A24424T T24469A C24536-AA	S:Q954H S:N969K NA	18	15402	0.001169	24412	24552
A24424T A24525G	S:Q954H S:E988G	18	15442	0.001166	24413	24563
A24424T A24468-T	S:Q954H NA	18	15646	0.00115	24413	24491
A23848G C23854A	S:Q762Q S:N764K	18	13846	0.0013	23832	23873
A23738+T	NA	18	12745	0.001412	23683	23747
A23403G G23522-A C23525T	S:D614G NA S:H655Y	18	13955	0.00129	23395	23539
A23403G A23495G C23525T	S:D614G S:T645A S:H655Y	18	13955	0.00129	23376	23539
A23321+T C23334-T	NA NA	18	7835	0.002297	23273	23362
A22001G T22016C	S:K147E S:W152R	18	10086	0.001785	21994	22055
A21958-T G21987A	NA S:G142D	18	7938	0.002268	21870	21993
T25542A G25543T	ORF3a:V50V ORF3a:A51S	17	1248	0.013622	25372	25566
T25285C	S:C1241C	17	29861	0.000569	25251	25325
T24938C C25000T	S:C1126R S:D1146D	17	12065	0.001409	24850	25069
T24631C	S:N1023N	17	37053	0.000459	24612	24658
T24581C	S:Y1007H	17	34102	0.000499	24571	24617
T24469A A24562G	S:N969K S:R1000R	17	39261	0.000433	24465	24564
T24469A A24516G	S:N969K S:D985G	17	40138	0.000424	24465	24564
T24469A A24479G	S:N969K S:I973V	17	40737	0.000417	24465	24564
T23599G C23604A G23608A	S:N679K S:P681H S:R682R	17	67912	0.00025	23581	23642
T23599G C23604A C23630T	S:N679K S:P681H S:Q690*	17	67271	0.000253	23580	23705
T23407+G G23486-T C23525T	NA NA S:H655S	17	14546	0.001169	23336	23532
T23344C	S:G594G	17	26284	0.000647	23335	23374
T22942A G22992A C22995A A23013C T23018G	S:N460K S:S477N S:T478K S:E484A S:F486V	17	850	0.02	22921	23038
T22942A C22950-T	S:N460K NA	17	8761	0.00194	22936	22967
T22917G	S:L452R	17	9340	0.00182	22905	22922
T22882G A22893C T22917G T22942A C22995A A23013C T23018G	S:N440K S:K444T S:L452R S:N460K S:T478K S:E484A S:F486V	17	692	0.024566	22877	23038
T22882G A22893C T22917G C22995A A23013C T23018G	S:N440K S:K444T S:L452R S:T478K S:E484A S:F486V	17	692	0.024566	22876	23032
T22882G A22893C T22917G A23013C T23018G	S:N440K S:K444T S:L452R S:E484A S:F486V	17	692	0.024566	22877	23048
G25364-T	NA	17	4354	0.003904	25264	25372
G25290+C	NA	17	29967	0.000567	25280	25325
G25033A	S:K1157K	17	15903	0.001069	25018	25063
G24635A	S:A1025T	17	36903	0.000461	24612	24671
G24276T	S:R905M	17	4824	0.003524	24229	24317
G23501+T C23525T	NA S:H655S	17	48507	0.00035	23487	23539
G23499+T	NA	17	49196	0.000346	23487	23511
G22813T T22882G A22893C T22917G C22945-A	S:K417N S:N440K S:K444T S:L452R NA	17	5649	0.003009	22793	22960
G22403-A G22487-A	NA NA	17	1415	0.012014	22368	22500
G21987A T22016C	S:G142D S:W152R	17	7438	0.002286	21980	22058
G21987A C22000-A C22009-A	S:G142D NA NA	17	8079	0.002104	21870	22021
C25292+G	NA	17	30016	0.000566	25285	25325
C25262-T C25416T	NA ORF3a:F8F	17	3332	0.005102	25251	25446
C25199T	S:P1213S	17	20738	0.00082	25192	25210
C25132+A	NA	17	18536	0.000917	25122	25143
C25000T C25100-A G25106-A	S:D1146D NA NA	17	3367	0.005049	24990	25183
C24784+T	NA	17	7021	0.002421	24728	24800
C24639+G	NA	17	36842	0.000461	24631	24675
C23709-A	NA	17	50319	0.000338	23705	23724
C23525T T23599G C23604A G23612A	S:H655Y S:N679K S:P681H S:A684T	17	30981	0.000549	23487	23642
C23525T T23599G C23604A A23639-T	S:H655Y S:N679K S:P681H NA	17	29692	0.000573	23498	23642
C23525T A23579G T23599G C23604A	S:H655Y S:S673G S:N679K S:P681H	17	30991	0.000549	23487	23624
C23525T A23554-C T23599G C23604A	S:H655Y NA S:N679K S:P681H	17	30991	0.000549	23487	23642
C23525T A23541G T23599G C23604A	S:H655Y S:Y660C S:N679K S:P681H	17	30991	0.000549	23505	23637
C23525T A23532-C	S:H655Y NA	17	48569	0.00035	23508	23539
C22286-T G22289C	NA S:A243P	17	5306	0.003204	22246	22319
C21781-A	NA	17	2382	0.007137	21772	21802
C21618T T21632-TACCCCCTG C21662T	S:T19I S:DEL25/27 S:R34C	17	4112	0.004134	21597	21691
A25286G	S:S1242G	17	29902	0.000569	25273	25325
A25235-T	NA	17	24531	0.000693	25217	25325
A25206G	S:Y1215C	17	21579	0.000788	25195	25210
A25146G	S:E1195G	17	19200	0.000885	25138	25159
A24922-T C25000T	NA S:D1146D	17	12016	0.001415	24850	25026
A24610-G G24620C C24672-A	NA S:A1020P NA	17	31430	0.000541	24465	24679
A24537G	S:Q992R	17	51013	0.000333	24508	24551
A24424T T24529C	S:Q954H S:A989A	17	15427	0.001102	24412	24563
A24424T T24469A A24525G	S:Q954H S:N969K S:E988G	17	15442	0.001101	24412	24563
A24424T G24488-T C24503-T C24517-A	S:Q954H NA NA NA	17	15489	0.001098	24413	24554
A24424T C24517-A C24536-A	S:Q954H NA NA	17	15402	0.001104	24412	24564
A24424T A24551G	S:Q954H S:I997V	17	15320	0.00111	24412	24564
A24424T A24454G	S:Q954H S:K964K	17	15723	0.001081	24412	24519
A24253-T C24320-A	NA NA	17	4257	0.003993	24229	24332
A23704+C C23887-A	NA NA	17	10439	0.001629	23683	23895
A23627-G	NA	17	68303	0.000249	23613	23642
A23524G C23525T T23599G C23604A	S:E654E S:H655Y S:N679K S:P681H	17	30989	0.000549	23487	23642
A23503-G C23525T	NA S:H655Y	17	48696	0.000349	23487	23528
A23403G T23489C C23525T	S:D614G S:F643L S:H655Y	17	13955	0.001218	23342	23539
A23403G T23464C C23525T	S:D614G S:R634R S:H655Y	17	13955	0.001218	23335	23532
A23403G A23436G C23525T	S:D614G S:H625R S:H655Y	17	13955	0.001218	23351	23539
A23403G A23414G	S:D614G S:T618A	17	23247	0.000731	23388	23441
T25258C	S:I1232I	16	28903	0.000554	25221	25320
T25242C	S:I1227T	16	24636	0.000649	25219	25325
T25210C	S:I1216I	16	23355	0.000685	25199	25325
T24671C	S:S1037P	16	35944	0.000445	24621	24679
T24628C	S:A1022A	16	37053	0.000432	24612	24660
T24572C	S:L1004L	16	34338	0.000466	24491	24596
T23698C	S:I712I	16	51142	0.000313	23686	23722
T23693+A	NA	16	51080	0.000313	23683	23724
T23599G C23604A T23645C	S:N679K S:P681H S:Y695H	16	36276	0.000441	23580	23700
T23599G C23604A T23633C G23666-A	S:N679K S:P681H S:S691P NA	16	36126	0.000443	23580	23724
T23599G C23604A C23655T	S:N679K S:P681H S:S698L	16	36205	0.000442	23580	23724
T23599G C23604A A23687G	S:N679K S:P681H S:N709D	16	35973	0.000445	23580	23717
T23537C T23599G C23604A	S:S659P S:N679K S:P681H	16	31074	0.000515	23528	23641
T23490C C23525T T23599G C23604A	S:F643S S:H655Y S:N679K S:P681H	16	30372	0.000527	23486	23624
T22288-G	NA	16	5326	0.003004	22255	22319
T21934-A G21987A A21993-TTACC A21999C	NA S:G142D NA S:H146P	16	5574	0.00287	21847	22058
T21864+A	NA	16	8745	0.00183	21847	21876
G25409-A T25412G	NA ORF3a:I7S	16	7231	0.002213	25287	25462
G25177-T	NA	16	19669	0.000813	25122	25185
G24868-T C24981-T C25000T	NA NA S:D1146D	16	11637	0.001375	24850	25046
G24665A	S:G1035R	16	36201	0.000442	24612	24679
G24649-T	NA	16	36833	0.000434	24641	24661
G24611+A C24672-A	NA NA	16	31435	0.000509	24488	24679
G24570+T T24660+A C24672-A	NA NA NA	16	31155	0.000514	24470	24679
G24488-T C24517-A C24672-A	NA NA NA	16	29839	0.000536	24473	24679
G24488+T	NA	16	51030	0.000314	24473	24550
G23486-T A23515-G C23525T	NA NA S:H655Y	16	15997	0.001	23342	23532
G23426A	S:V622I	16	24485	0.000653	23335	23429
G23351+A A23403G C23525T	NA S:D614G S:H655S	16	12635	0.001266	23335	23539
G22961+T	NA	16	9035	0.001771	22951	22967
G22813T T22882G A22893G	S:K417N S:N440K S:K444R	16	8117	0.001971	22793	22907
G22813T T22876-AAC T22882G G22895C T22896C G22898A T22942G	S:K417N S:DEL439 S:N440K S:V445P S:V445P S:G446S S:N460K	16	5784	0.002766	22793	22955
G22104-A C22109G C22120-A T22200A G22317T	NA S:Q183E NA S:V213E S:G252V	16	2056	0.007782	22100	22319
G21987A G22021A	S:G142D S:M153I	16	7278	0.002198	21977	22027
C25416T A25439G	ORF3a:F8F ORF3a:K16R	16	7040	0.002273	25381	25477
C25000T A25065G	S:D1146D S:D1168G	16	15293	0.001046	24998	25069
C24672-A A24684-T G24776-A	NA NA NA	16	2867	0.005581	24612	24801
C24636T	S:A1025V	16	36920	0.000433	24563	24672
C24026-T C24119-A G24140-T	NA NA NA	16	1746	0.009164	24021	24185
C23589T C23604A	S:T676I S:P681H	16	67786	0.000236	23581	23625
C23525T T23573C T23599G C23604A	S:H655Y S:C671R S:N679K S:P681H	16	30991	0.000516	23487	23626
C23525T T23537A T23599G C23604A A23639G	S:H655Y S:S659T S:N679K S:P681H S:I693V	16	29692	0.000539	23487	23642
C23525T G23593A T23599G C23604A	S:H655Y S:Q677Q S:N679K S:P681H	16	30991	0.000516	23493	23624
C23525T C23604A C23613T	S:H655Y S:P681H S:A684V	16	30980	0.000516	23508	23642
C23525T A23541G T23599G C23604A C23635T	S:H655Y S:Y660C S:N679K S:P681H S:S691S	16	30304	0.000528	23487	23642
C23502T C23525T T23599G C23604A	S:A647V S:H655Y S:N679K S:P681H	16	30777	0.00052	23487	23624
C22383+T	NA	16	2699	0.005928	22368	22398
C22120T T22200G	S:F186F S:V213G	16	2613	0.006123	22100	22207
C22109G C22120-A A22161-T T22200A G22317T	S:Q183E NA NA S:V213E S:G252V	16	2068	0.007737	22100	22319
C22083-T	NA	16	1746	0.009164	22030	22095
C21618T T21632-TACCCCCTG G21701A A21764-TACATG	S:T19I S:DEL25/27 S:V47I S:DEL69/70	16	1933	0.008277	21608	21802
C21618T T21632-TACCCCCTG C21781-A	S:T19I S:DEL25/27 NA	16	1932	0.008282	21608	21802
A25225G	S:I1221M	16	24100	0.000664	25219	25325
A25182G G25198-C	S:E1207G NA	16	19486	0.000821	25132	25210
A24900G C24981-T C25000T	S:Q1113R NA S:D1146D	16	11917	0.001343	24850	25069
A24647+T	NA	16	36883	0.000434	24476	24656
A24424T T24506C	S:Q954H S:S982P	16	15528	0.00103	24412	24561
A24424T T24464C	S:Q954H S:S968P	16	15658	0.001022	24412	24564
A24318-C A24424T	NA S:Q954H	16	1367	0.011704	24310	24424
A23810G C23854A	S:S750G S:N764K	16	13051	0.001226	23778	23895
A23800G C23854A	S:S746S S:N764K	16	13029	0.001228	23683	23889
A23594+C T23599G C23604A	NA S:N679* S:P681Y	16	67893	0.000236	23581	23615
A23403G T23467C C23525T	S:D614G S:V635V S:H655Y	16	13955	0.001147	23342	23539
A23403G T23434C C23525T	S:D614G S:I624I S:H655Y	16	13955	0.001147	23342	23532
A23403G T23406C C23525T	S:D614G S:V615A S:H655Y	16	13955	0.001147	23335	23535
A23359G A23403G	S:T599T S:D614G	16	22104	0.000724	23335	23419
A22193-ATT	S:DEL212	16	6003	0.002665	22162	22243
T25228-G C25294-A	NA NA	15	24177	0.00062	25219	25325
T25220C	S:F1220L	15	23662	0.000634	25124	25325
T24991A	Unknown	15	16028	0.000936	24990	25069
T24951-AG	NA	15	12518	0.001198	24914	24965
T24643-A T24660+A C24672-A	NA NA NA	15	35597	0.000421	24470	24679
T24544+A	NA	15	50993	0.000294	24485	24560
T24522C	S:V987A	15	51213	0.000293	24495	24564
T24469A A24580G	S:N969K S:T1006T	15	23266	0.000645	24465	24679
T24172-G	NA	15	5046	0.002973	24165	24250
T23830-G C23887-A	NA NA	15	12496	0.0012	23683	23895
T23599G T23602A C23604A	S:N679K S:S680S S:P681H	15	67932	0.000221	23580	23724
T23599G C23604A T23719C	S:N679K S:P681H S:T719T	15	34456	0.000435	23580	23724
T23599G C23604A T23671C	S:N679K S:P681H S:N703N	15	36094	0.000416	23580	23678
T23599G C23604A G23666-A A23710G	S:N679K S:P681H NA S:T716T	15	34812	0.000431	23580	23715
T23599G C23604A G23661A	S:N679K S:P681H S:G700D	15	36161	0.000415	23580	23717
T23599G C23604A G23642A	S:N679K S:P681H S:A694T	15	66214	0.000227	23580	23705
T23599G C23604A G23621A	S:N679K S:P681H S:V687I	15	67838	0.000221	23580	23717
T23599G C23604A C23685T	S:N679K S:P681H S:S708F	15	35992	0.000417	23580	23724
T23599G C23604A A23711-AT	S:N679K S:P681H NA	15	34794	0.000431	23580	23724
T23599G C23604A A23696-T	S:N679K S:P681H NA	15	35893	0.000418	23580	23700
T23511C C23525T T23599G C23604A	S:L650S S:H655Y S:N679K S:P681H	15	30936	0.000485	23487	23642
T23511+A C23525T	NA S:H655S	15	48946	0.000306	23487	23528
T23487G C23525T	S:V642G S:H655Y	15	31631	0.000474	23486	23529
T23407+G C23525T	NA S:H655S	15	14546	0.001031	23336	23539
T23330-GT C23334-T	NA NA	15	7842	0.001913	23285	23363
T23278-A	NA	15	9007	0.001665	23261	23290
T22882G A22893C C22915T T22917G	S:N440K S:K444T S:Y451Y S:L452R	15	8472	0.001771	22877	22933
G25278A	S:S1239N	15	29752	0.000504	25251	25325
G24611A C24672-A	S:E1017K NA	15	31435	0.000477	24488	24679
G24557T C24672-A	S:G999C NA	15	31049	0.000483	24490	24679
G24510T C24672-A	S:R983L NA	15	30624	0.00049	24474	24679
G24488-T T24660+A C24672-A	NA NA NA	15	29839	0.000503	24470	24679
G24428+A	NA	15	15879	0.000945	24417	24564
G22813T T22882G T22942A C22950-T	S:K417N S:N440K S:N460K NA	15	5578	0.002689	22793	22967
G22813T T22882G A22893C T22917G T22942G	S:K417N S:N440K S:K444T S:L452R S:N460K	15	5784	0.002593	22793	22966
G22813T T22882G A22893C C22915T T22917G T22942A	S:K417N S:N440K S:K444T S:Y451Y S:L452R S:N460K	15	5784	0.002593	22801	22967
G22104-A C22120-A T22200G	NA NA S:V213G	15	2494	0.006014	22100	22228
G22014-T	NA	15	10636	0.00141	22003	22058
C25276T	S:T1238T	15	29706	0.000505	25252	25325
C25000T T25144C	S:D1146D S:N1194N	15	3284	0.004568	24990	25176
C25000T T25001C	S:D1146D S:S1147P	15	15999	0.000938	24990	25019
C24672-A G24690+T	NA NA	15	3269	0.004589	24612	24702
C24536-A A24619G	NA S:R1019R	15	32547	0.000461	24525	24679
C24064-A	NA	15	2308	0.006499	24040	24106
C23929-A G23948T	NA S:D796Y	15	1276	0.011755	23916	23961
C23854A T23875C	S:N764K S:A771A	15	13622	0.001101	23845	23895
C23816-T C23854A	NA S:N764K	15	13068	0.001148	23683	23894
C23525T T23599G C23604A G23607A	S:H655Y S:N679K S:P681H S:R682Q	15	30986	0.000484	23487	23629
C23525T A23594G T23599G C23604A C23635T	S:H655Y S:T678A S:N679K S:P681H S:S691S	15	30304	0.000495	23487	23637
C23525T A23531G	S:H655Y S:N657D	15	48591	0.000309	23486	23539
C23481+T	NA	15	16365	0.000917	23340	23490
C23367+A	NA	15	25425	0.00059	23354	23377
C23334-T A23400+G	NA NA	15	7495	0.002001	23285	23415
C22120-A T22165-A	NA NA	15	4734	0.003169	22100	22177
C21888-T	NA	15	8867	0.001692	21847	21900
A25168G	S:E1202E	15	19614	0.000765	25143	25210
A24956-T C25000T	NA S:D1146D	15	12157	0.001234	24934	25066
A24646G	S:K1028K	15	36886	0.000407	24612	24676
A24599G	S:I1013V	15	33627	0.000446	24570	24679
A24582G	S:Y1007C	15	34086	0.00044	24571	24679
A24578G C24672-A	S:T1006A NA	15	31229	0.00048	24486	24679
A24539+T	NA	15	51044	0.000294	24489	24558
A24424T T24511C	S:Q954H S:R983R	15	15503	0.000968	24412	24564
A24424T T24450C	S:Q954H S:V963A	15	15740	0.000953	24412	24564
A23767G C23854A	S:S735S S:N764K	15	11210	0.001338	23726	23895
A23732G C23854A	S:T724A S:N764K	15	11138	0.001347	23683	23895
A23515+G C23525T	NA S:H655S	15	48989	0.000306	23487	23532
A23403G T23521C C23525T	S:D614G S:A653A S:H655Y	15	13955	0.001075	23335	23532
A23403G T23507C C23525T	S:D614G S:C649R S:H655Y	15	13955	0.001075	23335	23539
A23403G T23500-G C23525T	S:D614G NA S:H655Y	15	13955	0.001075	23393	23530
A23403G T23443C C23525T	S:D614G S:D627D S:H655Y	15	13955	0.001075	23345	23532
A23403G A23419G	S:D614G S:E619E	15	23181	0.000647	23396	23430
A23366G A23403G	S:T602A S:D614G	15	22151	0.000677	23335	23443
A21875+T G21987A	NA S:G142E	15	6599	0.002273	21856	21993
T25382+A	NA	14	7392	0.001894	25372	25389
T25280C	S:C1240R	14	29793	0.00047	25226	25325
T24976C C25000T	S:Y1138Y S:D1146D	14	12262	0.001142	24943	25069
T24814-G	NA	14	3000	0.004667	24733	24943
T24469A G24476A	S:N969K S:A972T	14	40750	0.000344	24465	24564
T24187C	S:S875S	14	4904	0.002855	24148	24191
T23850+A C23887-A	NA NA	14	13217	0.001059	23792	23895
T23750C	S:S730P	14	12672	0.001105	23683	23780
T23599G C23604A T23654C G23666-A	S:N679K S:P681H S:S698P NA	14	36126	0.000388	23580	23699
T23599G C23604A G23611A	S:N679K S:P681H S:R683R	14	67901	0.000206	23580	23717
T23599G C23604A C23694+G	S:N679K S:P681H NA	14	35910	0.00039	23580	23724
T23599G C23604A C23649T	S:N679K S:P681H S:T696I	14	36246	0.000386	23587	23700
T23599G C23604A A23669G	S:N679K S:P681H S:N703D	14	36111	0.000388	23580	23724
T22882G G22898A	S:N440K S:G446S	14	9073	0.001543	22876	22922
T22882G G22894T T22917G T22942G	S:N440K S:K444N S:L452R S:N460K	14	7154	0.001957	22876	22957
T22441+C	NA	14	2787	0.005023	22407	22446
T21990-TTA G22021A	S:DEL144 S:M153I	14	7475	0.001873	21969	22032
G25244-T	NA	14	24685	0.000567	25225	25324
G25204T C25262-T	S:W1214C NA	14	16677	0.000839	25130	25325
G24954T C24981-T C25000T	S:G1131V NA S:D1146D	14	12149	0.001152	24850	25020
G24497+A	NA	14	51418	0.000272	24475	24505
G24434T	S:A958S	14	16290	0.000859	24419	24564
G24428+A T24469A	NA S:N969Q	14	15701	0.000892	24417	24564
G23699+A	NA	14	51153	0.000274	23678	23715
G23574T T23599G C23604A	S:C671F S:N679K S:P681H	14	31336	0.000447	23558	23637
G23499+T C23525T	NA S:H655S	14	48430	0.000289	23487	23534
G23384-T A23403G	NA S:D614G	14	22554	0.000621	23335	23443
G23364-A	NA	14	25544	0.000548	23335	23385
G22813T A22845-T T22882G T22942A	S:K417N NA S:N440K S:N460K	14	5784	0.00242	22793	22967
G22158-T	NA	14	5734	0.002442	22146	22192
G21987A T21990-TTA C22000-A C22009-A	S:G142D S:DEL144 NA NA	14	8079	0.001733	21848	22023
G21987A T21990-TTA A21999-CAA	S:G142D S:DEL144 S:DEL147	14	8403	0.001666	21864	22021
C25433-T	NA	14	7101	0.001972	25381	25446
C25350T C25416T	S:P1263L ORF3a:F8F	14	3885	0.003604	25311	25477
C25156T	S:I1198I	14	19479	0.000719	25141	25210
C24964-A C24981-T C25000T	NA NA S:D1146D	14	12210	0.001147	24850	25046
C24672T	S:S1037L	14	35847	0.000391	24521	24676
C24609T	S:A1016V	14	33446	0.000419	24571	24622
C24536-A A24538G	NA S:Q992Q	14	50995	0.000275	24504	24679
C24422-A T24469A	NA S:N969K	14	15641	0.000895	24412	24564
C24026-T G24140-T	NA NA	14	1746	0.008018	24021	24173
C24026-T A24110-T C24119-A	NA NA NA	14	1828	0.007659	24021	24133
C23929-A	NA	14	2112	0.006629	23908	23942
C23887A A23888C	S:D775E S:K776Q	14	13676	0.001024	23873	23894
C23683+A	NA	14	38194	0.000367	23675	23718
C23525T T23599G C23604A G23608A	S:H655Y S:N679K S:P681H S:R682R	14	30986	0.000452	23487	23634
C23525T T23599G C23604A C23609T	S:H655Y S:N679K S:P681H S:R683W	14	30985	0.000452	23487	23641
C23525T T23599G C23604A A23618G	S:H655Y S:N679K S:P681H S:S686G	14	30969	0.000452	23487	23637
C23525T G23587T C23604A	S:H655Y S:Q675H S:P681H	14	30991	0.000452	23487	23640
C23525T G23568A T23599G C23604A	S:H655Y S:G669D S:N679K S:P681H	14	30991	0.000452	23487	23642
C23525T G23564A T23599G C23604A	S:H655Y S:A668T S:N679K S:P681H	14	30991	0.000452	23487	23642
C23525T C23555T T23599G C23604A	S:H655Y S:P665S S:N679K S:P681H	14	30991	0.000452	23487	23642
C23525T C23533-A	S:H655Y NA	14	48543	0.000288	23517	23539
C23525T A23570G T23599G C23604A	S:H655Y S:I670V S:N679K S:P681H	14	30991	0.000452	23487	23642
C23525T A23535G T23599G C23604A	S:H655Y S:N658S S:N679K S:P681H	14	30991	0.000452	23487	23624
C23376+T	NA	14	24231	0.000578	23336	23384
C22802-A G22813T T22882G G22895C T22896C G22898A T22942G	NA S:K417N S:N440K S:V445P S:V445P S:G446S S:N460K	14	5717	0.002449	22793	22949
C22446T G22578A	S:P295L S:G339D	14	1044	0.01341	22392	22580
C22083-T C22120-A T22164-TA	NA NA NA	14	1657	0.008449	22025	22192
A25327-T	NA	14	4296	0.003259	25264	25363
A25179G	S:Y1206C	14	19701	0.000711	25167	25210
A25154G	S:I1198V	14	19428	0.000721	25124	25210
A25147G	S:E1195E	14	19208	0.000729	25138	25210
A24936G C24981-T C25000T	S:N1125S NA S:D1146D	14	12060	0.001161	24850	25065
A24936G	S:N1125S	14	15689	0.000892	24893	24943
A24894G C25000T	S:E1111G S:D1146D	14	11854	0.001181	24850	25069
A24424T T24469A A24545+T	S:Q954H S:N969K NA	14	15364	0.000911	24412	24564
A24424T C24435-T G24488-T	S:Q954H NA NA	14	15585	0.000898	24412	24564
A24424T A24518G	S:Q954H S:K986E	14	15483	0.000904	24412	24564
A24253-T A24323-AAT	NA S:DEL922	14	4130	0.00339	24229	24337
A23853-C C23887-A	NA NA	14	13323	0.001051	23807	23895
A23845G C23854A	S:T761T S:N764K	14	13698	0.001022	23826	23892
A23720-T	NA	14	49740	0.000281	23698	23724
A23712-T C23854A	NA S:N764K	14	11083	0.001263	23700	23895
A23702G	S:I714V	14	50703	0.000276	23685	23723
A23403G G23519A C23525T	S:D614G S:A653T S:H655Y	14	13955	0.001003	23335	23539
A23403G C23525T T23527C	S:D614G S:H655Y S:H655Y	14	13867	0.00101	23351	23539
A22412G G22578A	S:T284A S:G339D	14	1010	0.013861	22400	22580
T25322A	S:C1254S	13	30359	0.000428	25260	25325
T25248C	S:M1229T	13	24742	0.000525	25219	25320
T25180C	S:Y1206Y	13	19723	0.000659	25172	25210
T25178C	S:Y1206H	13	19678	0.000661	25151	25210
T25161C	S:L1200P	13	19542	0.000665	25151	25210
T24951-AG C24981-T C25000T	NA NA S:D1146D	13	12136	0.001071	24850	25054
T24940C C25000T	S:C1126C S:D1146D	13	12078	0.001076	24898	25069
T24749C	S:L1063L	13	6895	0.001885	24737	24806
T24643-A C24672-AA	NA NA	13	35597	0.000365	24618	24679
T24492-A C24536-A	NA NA	13	50311	0.000258	24476	24679
T24491C	S:L977L	13	51452	0.000253	24477	24517
T24482C	S:S974P	13	50353	0.000258	24470	24498
T24469A T24548C	S:N969K S:L996L	13	39642	0.000328	24465	24564
T24469A A24619G C24672-A	S:N969K S:R1019R NA	13	21250	0.000612	24465	24679
T24469A A24610-G	S:N969K NA	13	22566	0.000576	24465	24672
T24469A A24554G	S:N969K S:T998A	13	39487	0.000329	24465	24564
T24438+A	NA	13	16326	0.000796	24412	24457
T24417C A24424T	S:V952A S:Q954H	13	17344	0.00075	24412	24564
T23684C C23854A	S:S708P S:N764K	13	10842	0.001199	23683	23895
T23599G C23604A T23714C	S:N679K S:P681H S:F718L	13	34751	0.000374	23580	23724
T23599G C23604A T23689-A	S:N679K S:P681H NA	13	35960	0.000362	23580	23724
T23599G C23604A T23641-G A23646G	S:N679K S:P681H NA S:Y695C	13	36269	0.000358	23581	23724
T23599G C23604A T23605C	S:N679K S:P681H S:P681H	13	67915	0.000191	23580	23699
T23599G C23604A G23607A G23610T	S:N679K S:P681H S:R682Q S:R683L	13	67904	0.000191	23580	23708
T23599G C23604A A23667G	S:N679K S:P681H S:E702G	13	36124	0.00036	23580	23724
T23350C A23403G	S:S596S S:D614G	13	21939	0.000593	23345	23443
T23346C A23403G C23525T	S:V595A S:D614G S:H655Y	13	12592	0.001032	23335	23539
T23341C	S:G593G	13	26075	0.000499	23335	23366
T23313C A23403G	S:I584T S:D614G	13	7436	0.001748	23296	23443
T23143-A C23188+T	NA NA	13	1433	0.009072	23089	23197
T22392-A	NA	13	2745	0.004736	22384	22406
T22164-TA	NA	13	5875	0.002213	22150	22192
T22054-A	NA	13	11540	0.001127	22037	22058
G25305A	S:C1248Y	13	30402	0.000428	25286	25325
G25213A	S:W1217*	13	19464	0.000668	25130	25325
G23948T A23949-T	S:D796Y NA	13	1577	0.008244	23941	23968
G23735+A	NA	13	12762	0.001019	23694	23746
G23522+T C23525T	NA S:H655S	13	49068	0.000265	23499	23536
G23518A C23525T T23599G C23604A	S:G652G S:H655Y S:N679K S:P681H	13	30970	0.00042	23487	23642
G23412A	S:C617Y	13	24187	0.000537	23405	23425
G22992A C22995A A23013C T23018G	S:S477N S:T478K S:E484A S:F486V	13	890	0.014607	22967	23027
G22813T T22882G T22917G T22942A C22950-T	S:K417N S:N440K S:L452R S:N460K NA	13	5578	0.002331	22793	22967
G22813T A22845-T T22882G A22893C T22917G	S:K417N NA S:N440K S:K444T S:L452R	13	7044	0.001846	22793	22921
G22487-A C22502-A	NA NA	13	1467	0.008862	22368	22512
G22403-A G22487-A C22572-T G22578A	NA NA NA S:G339D	13	988	0.013158	22368	22581
G21987A C22009-A	S:G142D NA	13	8079	0.001609	21958	22024
C25357+A	NA	13	4325	0.003006	25251	25377
C25000T A25087+T G25091+A	S:D1146D NA NA	13	3442	0.003777	24990	25210
C25000T A25042G	S:D1146D S:T1160T	13	15529	0.000837	24980	25069
C25000T A25020G	S:D1146D S:D1153G	13	15785	0.000824	24990	25069
C25000T A25014G	S:D1146D S:E1151G	13	15914	0.000817	24990	25069
C25000T A25003G	S:D1146D S:S1147S	13	15999	0.000813	24990	25069
C24455-A	NA	13	16354	0.000795	24428	24475
C23887A A23888C G23948T	S:D775E S:K776Q S:D796Y	13	912	0.014254	23875	23978
C23882+A C23887-A	NA NA	13	13705	0.000949	23767	23895
C23854A A23880G	S:N764K S:E773G	13	13550	0.000959	23843	23895
C23758T C23887-A	S:T732T NA	13	10575	0.001229	23683	23895
C23758+A	NA	13	12608	0.001031	23705	23768
C23525T T23599G T23600C C23604A A23639G	S:H655Y S:N679K S:S680P S:P681H S:I693V	13	29692	0.000438	23487	23642
C23525T T23571C T23599G C23604A	S:H655Y S:I670T S:N679K S:P681H	13	30991	0.000419	23508	23624
C23525T T23553C T23599G C23604A	S:H655Y S:I664T S:N679K S:P681H	13	30991	0.000419	23487	23637
C23525T C23575T T23599G C23604A	S:H655Y S:C671C S:N679K S:P681H	13	30991	0.000419	23487	23624
C23525T C23557T T23599G C23604A	S:H655Y S:P665P S:N679K S:P681H	13	30991	0.000419	23488	23634
C23498T C23525T C23604A	S:R646C S:H655Y S:P681H	13	30573	0.000425	23487	23642
C23393-T A23403G	NA S:D614G	13	22896	0.000568	23376	23434
C22109G G22317T	S:Q183E S:G252V	13	2068	0.006286	22100	22319
C21618T T21632-TACCCCCTG G21701-T A21764-TACATG	S:T19I S:DEL25/27 NA S:DEL69/70	13	1933	0.006725	21597	21780
A25256+T C25262-T	NA NA	13	28817	0.000451	25251	25325
A25246G	S:V1228V	13	24718	0.000526	25209	25320
A25192G	S:I1210M	13	20295	0.000641	25185	25325
A25188G	S:Y1209C	13	19906	0.000653	25173	25210
A25026-T	NA	13	15955	0.000815	25007	25065
A24956-T	NA	13	12518	0.001039	24894	25068
A24905-T C25000T	NA S:D1146D	13	11955	0.001087	24850	25069
A24902-T	NA	13	15737	0.000826	24850	24934
A24670G	S:Q1036Q	13	35996	0.000361	24595	24676
A24576C	S:Q1005P	13	34246	0.00038	24498	24679
A24569G	S:S1003G	13	34352	0.000378	24485	24610
A24424T T24548C	S:Q954H S:L996L	13	15339	0.000848	24412	24564
A24424T T24487C	S:Q954H S:S975S	13	15586	0.000834	24412	24564
A24424T T24469A T24506C	S:Q954H S:N969K S:S982P	13	15528	0.000837	24412	24546
A24424T T24438+A T24469A	S:Q954H NA S:N969Q	13	15643	0.000831	24412	24564
A24424T A24560+T	S:Q954H NA	13	15118	0.00086	24412	24563
A24424T A24516G	S:Q954H S:D985G	13	15492	0.000839	24412	24564
A24424T A24498G	S:Q954H S:D979G	13	15547	0.000836	24412	24564
A24298G	S:T912T	13	4868	0.002671	24229	24309
A24287+T	NA	13	4862	0.002674	24236	24297
A24123T	S:K854M	13	2637	0.00493	24115	24153
A23853-C C23855A	NA S:R765S	13	13950	0.000932	23842	23895
A23704-C	NA	13	50684	0.000256	23689	23715
A23515+C	NA	13	49468	0.000263	23487	23524
A23503T C23525T T23599G C23604A	S:A647A S:H655Y S:N679K S:P681H	13	30799	0.000422	23487	23634
A23403G T23437C	S:D614G S:H625H	13	22114	0.000588	23335	23443
A23403G C23525T A23532G	S:D614G S:H655Y S:N657S	13	13771	0.000944	23335	23539
A23403G A23436G	S:D614G S:H625R	13	22163	0.000587	23335	23442
A23403G A23419G C23525T	S:D614G S:E619E S:H655Y	13	13955	0.000932	23386	23532
A23370G A23403G C23525T	S:N603S S:D614G S:H655Y	13	12850	0.001012	23335	23532
A23365G A23403G C23525T	S:G601G S:D614G S:H655Y	13	12816	0.001014	23335	23537
A22914-C T22942A	NA S:N460K	13	7863	0.001653	22905	22966
A21875-T A21979-T G21987A T21990-TTA C22000-A C22009-A	NA NA S:G142D S:DEL144 NA NA	13	4786	0.002716	21847	22058
T25285+A	NA	12	29861	0.000402	25276	25325
T25191-A G25218-T C25262-TT	NA NA NA	12	15419	0.000778	25130	25317
T25189C	S:Y1209Y	12	19923	0.000602	25159	25325
T24995C C25000T	S:L1145L S:D1146D	12	16010	0.00075	24990	25030
T24960C C25000T	S:V1133A S:D1146D	12	12179	0.000985	24884	25046
T24660A T24660+TA	S:V1033V NA	12	36580	0.000328	24470	24676
T24643-A C24672-A A24684-T G24693-A	NA NA NA NA	12	3149	0.003811	24612	24709
T24571C	S:S1003S	12	34316	0.00035	24486	24582
T24506+A	NA	12	51355	0.000234	24475	24513
T24469A C24672-AA	S:N969K NA	12	21250	0.000565	24465	24679
T24469A C24575T	S:N969K S:Q1005*	12	23337	0.000514	24465	24676
T24469A A24543G	S:N969K S:D994G	12	39781	0.000302	24465	24564
T23817C C23854A	S:L752P S:N764K	12	13074	0.000918	23683	23892
T23750C C23887-A	S:S730P NA	12	10565	0.001136	23684	23895
T23599G C23604A G23628A	S:N679K S:P681H S:S689N	12	67292	0.000178	23580	23642
T23599G C23604A C23635T A23712-T	S:N679K S:P681H S:S691S NA	12	34778	0.000345	23580	23724
T23599G C23604A C23609-G G23666-A A23712-T	S:N679K S:P681H NA NA NA	12	34778	0.000345	23580	23724
T23599G C23604A C23606G	S:N679K S:P681H S:R682G	12	67913	0.000177	23580	23724
T23599G C23604A A23627T	S:N679K S:P681H S:S689C	12	67319	0.000178	23580	23700
T23344C A23403G C23525T	S:G594G S:D614G S:H655Y	12	12534	0.000957	23335	23535
T22882G G22895C	S:N440K S:V445L	12	9472	0.001267	22876	22910
T22200G T22288-G	S:V213G NA	12	2890	0.004152	22195	22319
T22200G G22317A	S:V213G S:G252D	12	2734	0.004389	22158	22319
T22016C	S:W152R	12	10468	0.001146	22007	22058
G25340T	S:D1260Y	12	4296	0.002793	25334	25467
G25281A	S:C1240Y	12	29809	0.000403	25251	25325
G25177+A	NA	12	19669	0.00061	25157	25325
G25173-A T25191-A	NA NA	12	19310	0.000621	25145	25325
G25135-A	NA	12	18702	0.000642	25130	25158
G24992-A C25000T	NA S:D1146D	12	15947	0.000752	24891	25069
G24882A C25000T	S:R1107K S:D1146D	12	11712	0.001025	24850	25069
G24659T C24672-A	S:V1033L NA	12	35797	0.000335	24486	24679
G24620A	S:A1020T	12	37025	0.000324	24612	24679
G24557T T24637C	S:G999C S:A1025A	12	32332	0.000371	24492	24649
G24527A	S:A989T	12	51159	0.000235	24483	24533
G23868-A	NA	12	14065	0.000853	23859	23891
G23666-A	NA	12	38003	0.000316	23628	23681
G23580-T T23599G C23604A	NA S:N679K S:P681H	12	31369	0.000383	23569	23640
G23522-A	NA	12	49279	0.000244	23508	23539
G23402-A	NA	12	23402	0.000513	23395	23427
G23384-T A23403G C23525T	NA S:D614G S:H655Y	12	13184	0.00091	23335	23532
G23364-A A23403G	NA S:D614G	12	22139	0.000542	23339	23443
G22813T T22882G T22917G G22927-T	S:K417N S:N440K S:L452R NA	12	6656	0.001803	22793	22937
G22813T T22882G G22895C T22896C G22898A G22933+T	S:K417N S:N440K S:V445P S:V445P S:G446S NA	12	6394	0.001877	22801	22940
G22813T T22882G G22895C G22898A T22942G	S:K417N S:N440K S:V445L S:G446S S:N460K	12	5784	0.002075	22801	22967
G22813T T22882G G22894T T22917G	S:K417N S:N440K S:K444N S:L452R	12	7044	0.001704	22793	22941
G22813T C22851T T22882G T22917G T22942A	S:K417N S:T430I S:N440K S:L452R S:N460K	12	5784	0.002075	22793	22964
G22104-A T22200G	NA S:V213G	12	2494	0.004812	22100	22203
G22104-A C22120-A A22161-T	NA NA NA	12	4345	0.002762	22100	22176
G21987A C22000-A A22002G T22016C	S:G142D NA S:K147R S:W152R	12	7438	0.001613	21980	22058
G21987A A21999-C	S:G142D NA	12	8403	0.001428	21950	22012
C25267T	S:C1235C	12	29411	0.000408	25251	25325
C25262-T A25274G	NA S:T1238A	12	29057	0.000413	25251	25324
C24904T C24981-T C25000T	S:I1114I NA S:D1146D	12	11949	0.001004	24850	25065
C24606T	S:A1015V	12	33505	0.000358	24483	24676
C24555T	S:T998I	12	50764	0.000236	24521	24564
C24517-A T24643-A T24660+A C24672-A	NA NA NA NA	12	30682	0.000391	24473	24679
C24517-A C24536-A C24672-A	NA NA NA	12	30682	0.000391	24470	24679
C24509T	S:R983C	12	51321	0.000234	24480	24679
C24422-A	NA	12	17447	0.000688	24412	24564
C23833-A C23854A	NA S:N764K	12	13230	0.000907	23817	23881
C23525T T23599G C23603+A C23604G	S:H655Y S:N679K NA S:P681S	12	30991	0.000387	23487	23624
C23525T T23548C T23599G C23604A T23617C	S:H655Y S:C662C S:N679K S:P681H S:R685R	12	30970	0.000387	23487	23642
C23525T T23542C T23599G C23604A	S:H655Y S:Y660Y S:N679K S:P681H	12	30991	0.000387	23501	23642
C23525T G23574T T23599G	S:H655Y S:C671F S:N679K	12	31008	0.000387	23487	23624
C23525T C23557-A T23599G C23604A	S:H655Y NA S:N679K S:P681H	12	30991	0.000387	23487	23624
C23103-T T23143-A	NA NA	12	1512	0.007937	23089	23164
C22083-T G22104-A C22120-A T22164-TA	NA NA NA NA	12	1657	0.007242	22025	22187
C22033A C22120-A	S:F157L NA	12	1557	0.007707	22026	22192
C21618T T21632-TACCCCCTG T21657C	S:T19I S:DEL25/27 S:F32S	12	4132	0.002904	21597	21664
A25420+T	NA	12	7183	0.001671	25381	25437
A25410G	ORF3a:R6R	12	7255	0.001654	25381	25413
A25296T	S:K1245M	12	30137	0.000398	25287	25324
A25256+T	NA	12	28841	0.000416	25251	25307
A25193G T25228C	S:K1211E S:A1222A	12	15705	0.000764	25177	25325
A25133G	S:K1191E	12	18606	0.000645	25130	25325
A24968G C25000T	S:T1136A S:D1146D	12	12224	0.000982	24960	25069
A24902-T C25000T	NA S:D1146D	12	11940	0.001005	24850	25005
A24894G	S:E1111G	12	15663	0.000766	24853	24943
A24885-T C24899-A C25000T	NA NA S:D1146D	12	11741	0.001022	24852	25015
A24885+T C25000T	NA S:D1146S	12	11741	0.001022	24850	25069
A24645G	S:K1028R	12	36886	0.000325	24612	24679
A24630G	S:N1023S	12	37045	0.000324	24486	24671
A24612G	S:E1017G	12	33385	0.000359	24534	24679
A24592G	S:Q1010Q	12	33793	0.000355	24473	24676
A24525G A24551G	S:E988G S:I997V	12	50564	0.000237	24476	24604
A24518G T24660+A	S:K986E NA	12	31394	0.000382	24473	24676
A24518G C24536-A	S:K986E NA	12	50883	0.000236	24486	24679
A24495G	S:N978S	12	51442	0.000233	24480	24564
A24424T T24469A C24555T	S:Q954H S:N969K S:T998I	12	15255	0.000787	24412	24564
A24424T A24532G	S:Q954H S:E990E	12	15417	0.000778	24412	24564
A24424T A24452G T24469A	S:Q954H S:K964E S:N969K	12	15643	0.000767	24412	24564
A24424T A24452G	S:Q954H S:K964E	12	15735	0.000763	24413	24481
A24424T A24443G	S:Q954H S:T961A	12	15774	0.000761	24412	24564
A24110-T G24140-T	NA NA	12	2074	0.005786	24101	24175
A24110-T C24150+T	NA NA	12	2055	0.005839	24039	24180
A24110-T C24119-A G24140-T	NA NA NA	12	2074	0.005786	24021	24173
A23512G C23525T T23599G C23604A	S:L650L S:H655Y S:N679K S:P681H	12	30939	0.000388	23501	23642
A23503+G C23525T	NA S:H655S	12	48696	0.000246	23493	23539
A23403G T23509C C23525T	S:D614G S:C649C S:H655Y	12	13955	0.00086	23335	23532
A23403G T23433C C23525T	S:D614G S:I624T S:H655Y	12	13955	0.00086	23339	23532
A23403G T23431-AT	S:D614G NA	12	22522	0.000533	23391	23539
A23403G T23425C C23525T	S:D614G S:P621P S:H655Y	12	13955	0.00086	23366	23539
A23403G T23411C C23525T	S:D614G S:C617R S:H655Y	12	13955	0.00086	23345	23532
A23403G T23406C	S:D614G S:V615A	12	23339	0.000514	23373	23443
A23403G T23404C C23525T	S:D614G S:D614G S:H655Y	12	13955	0.00086	23349	23532
A23403G G23486-T C23525T A23532-C	S:D614G NA S:H655Y NA	12	13771	0.000871	23344	23538
A23403G A23523G C23525T	S:D614G S:E654G S:H655Y	12	13955	0.00086	23384	23539
A23403G A23442G	S:D614G S:D627G	12	22002	0.000545	23335	23443
A23403G A23414G C23525T	S:D614G S:T618A S:H655Y	12	13955	0.00086	23387	23532
A23397G A23403G	S:Y612C S:D614G	12	23124	0.000519	23335	23443
A23359G C23525T	S:T599T S:H655Y	12	12782	0.000939	23335	23535
A23359G A23403G C23525T	S:T599T S:D614G S:H655Y	12	12782	0.000939	23335	23536
A23357G A23403G C23525T	S:T599A S:D614G S:H655Y	12	12777	0.000939	23335	23532
A23348G A23403G	S:S596G S:D614G	12	21907	0.000548	23270	23443
A23276G	S:T572A	12	9001	0.001333	23269	23285
A22320G	S:D253G	12	5189	0.002313	22270	22385
A21979-T G21987A T21990-TTA C22000-A C22009-A	NA S:G142D S:DEL144 NA NA	12	7372	0.001628	21847	22036
A21964-T	NA	12	9540	0.001258	21867	21983
A21875-T A21979-T	NA NA	12	7822	0.001534	21847	21993
T25245-A	NA	11	24707	0.000445	25223	25323
T25228A	S:A1222A	11	24316	0.000452	25220	25316
T25224C	S:I1221T	11	24036	0.000458	25217	25325
T25224-A	NA	11	24036	0.000458	25217	25324
T25140+A	NA	11	18984	0.000579	25130	25151
T25139C	S:L1193L	11	18959	0.00058	25122	25325
T24991A C25000T C25100-A	Unknown S:D1146D NA	11	3316	0.003317	24990	25180
T24938C	S:C1126R	11	15642	0.000703	24886	24943
T24664-G	NA	11	36204	0.000304	24648	24679
T24660C	S:V1033A	11	36580	0.000301	24612	24676
T24643-A T24660+A	NA NA	11	36371	0.000302	24497	24673
T24640+A	NA	11	36840	0.000299	24476	24648
T24634C	S:L1024L	11	36893	0.000298	24612	24648
T24596C	S:L1012L	11	33715	0.000326	24497	24679
T24549C	S:L996S	11	50892	0.000216	24470	24564
T24469A T24504C	S:N969K S:L981P	11	40309	0.000273	24465	24564
T24469A G24488-T	S:N969K NA	11	40656	0.000271	24465	24506
T24469A C24517-A T24660+A C24672-A	S:N969K NA NA NA	11	21250	0.000518	24465	24679
T24469A A24604G	S:N969K S:R1014R	11	22715	0.000484	24465	24679
T24469A A24525G	S:N969K S:E988G	11	40007	0.000275	24465	24564
T24280+A	NA	11	4833	0.002276	24229	24310
T24156C	S:L865P	11	4989	0.002205	24154	24176
T23850+A	NA	11	13979	0.000787	23767	23891
T23815C C23854A	S:N751N S:N764K	11	13068	0.000842	23729	23895
T23794C	S:G744G	11	14092	0.000781	23683	23802
T23783C C23854A	S:Y741H S:N764K	11	12909	0.000852	23740	23895
T23697C	S:I712T	11	51142	0.000215	23683	23715
T23599G C23604A T23695C	S:N679K S:P681H S:S711S	11	35897	0.000306	23580	23724
T23599G C23604A G23666-A T23698C	S:N679K S:P681H NA S:I712I	11	35882	0.000307	23580	23724
T23599G C23604A G23653A	S:N679K S:P681H S:M697I	11	36221	0.000304	23580	23724
T23599G C23604A C23707T	S:N679K S:P681H S:P715P	11	35019	0.000314	23580	23724
T23599G C23604A C23706T	S:N679K S:P681H S:P715L	11	35230	0.000312	23580	23724
T23599G C23604A C23679T	S:N679K S:P681H S:A706V	11	36049	0.000305	23580	23700
T23599G C23604A A23631G G23666-A	S:N679K S:P681H S:Q690R NA	11	36126	0.000304	23580	23717
T23599G C23604+A	S:N679K NA	11	67932	0.000162	23580	23623
T23599G C23601+G C23604A	S:N679K NA S:P681Y	11	67932	0.000162	23580	23623
T23599G A23710G	S:N679K S:T716T	11	34812	0.000316	23587	23724
T23482-A	NA	11	16366	0.000672	23469	23535
T23458C C23525T	S:T632T S:H655Y	11	15625	0.000704	23403	23539
T23371-A	NA	11	25019	0.00044	23336	23384
T23352C A23403G C23525T	S:V597A S:D614G S:H655Y	11	12749	0.000863	23335	23532
T23350C A23403G C23525T	S:S596S S:D614G S:H655Y	11	12631	0.000871	23342	23532
T23335C A23403G	S:S591S S:D614G	11	7456	0.001475	23285	23434
T22882G G22992A C22995A A23013C T23018G	S:N440K S:S477N S:T478K S:E484A S:F486V	11	692	0.015896	22876	23038
T22882G A22893C T22917G T22942A A23013C T23018G	S:N440K S:K444T S:L452R S:N460K S:E484A S:F486V	11	692	0.015896	22877	23031
T22392-A G22578A	NA S:G339D	11	960	0.011458	22384	22580
T21880G	S:F106L	11	8926	0.001232	21847	21902
G25313A	S:G1251R	11	30509	0.000361	25308	25323
G25269A	S:C1236Y	11	29488	0.000373	25220	25325
G25173-A T25191-A C25262-T	NA NA NA	11	14507	0.000758	25122	25318
G24659A	S:V1033I	11	36641	0.0003	24478	24679
G24611+A T24660+A C24672-A	NA NA NA	11	31435	0.00035	24470	24679
G24584A	S:V1008M	11	33996	0.000324	24476	24604
G24557T T24660+A C24672-A	S:G999C NA NA	11	31049	0.000354	24470	24679
G24530+A	NA	11	51119	0.000215	24470	24564
G24521+T C24672-A	NA NA	11	30717	0.000358	24472	24679
G24515-A	NA	11	51268	0.000215	24507	24542
G24510T C24536-AA	S:R983L NA	11	50785	0.000217	24479	24679
G23610T	S:R683L	11	68313	0.000161	23598	23724
G23417+A	NA	11	24393	0.000451	23335	23429
G22813T T22882G G22894T T22942G	S:K417N S:N440K S:K444N S:N460K	11	5784	0.001902	22793	22967
G22813T T22882G C22915T T22917G T22942A	S:K417N S:N440K S:Y451Y S:L452R S:N460K	11	5784	0.001902	22793	22967
G22813T A22893C T22917G	S:K417N S:K444T S:L452R	11	7044	0.001562	22793	22922
G22813T A22893C	S:K417N S:K444T	11	8117	0.001355	22793	22904
G22809-A G22813T T22882G T22917G	NA S:K417N S:N440K S:L452R	11	7032	0.001564	22793	22921
G22133-A	NA	11	5489	0.002004	22122	22192
G22037-T	NA	11	11868	0.000927	22025	22054
G21987A C22000-A C22033A	S:G142D NA S:F157L	11	7053	0.00156	21981	22043
G21987A A22025G	S:G142D S:S155G	11	7219	0.001524	21980	22058
C25282T	S:C1240C	11	29828	0.000369	25279	25325
C25262-TT C25416T	NA ORF3a:F8F	11	3332	0.003301	25251	25447
C25163+T	NA	11	19558	0.000562	25138	25210
C25000T T25196-G	S:D1146D NA	11	3127	0.003518	24990	25210
C25000T T25072-G C25100-A T25191-A	S:D1146D NA NA NA	11	3159	0.003482	24991	25199
C25000T C25115T	S:D1146D S:R1185C	11	3340	0.003293	24990	25210
C25000T A25067G	S:D1146D S:I1169V	11	15155	0.000726	24990	25069
C25000T A25040G	S:D1146D S:T1160A	11	15539	0.000708	24990	25059
C24789-A	NA	11	6959	0.001581	24777	24806
C24784-T	NA	11	7021	0.001567	24748	24806
C24672-A G24776-A	NA NA	11	2867	0.003837	24612	24788
C24672-A G24693-A	NA NA	11	3214	0.003423	24612	24703
C24566-A	NA	11	34400	0.00032	24513	24632
C24477T	S:A972V	11	49406	0.000223	24470	24491
C24026-T A24110-T	NA NA	11	1859	0.005917	24021	24122
C23882+A	NA	11	13908	0.000791	23850	23891
C23816+T	NA	11	13889	0.000792	23767	23827
C23785+A	NA	11	14118	0.000779	23767	23795
C23604A A23636G A23710G	S:P681H S:I692V S:T716T	11	34877	0.000315	23580	23724
C23533-A T23599G C23604A	NA S:N679K S:P681H	11	31062	0.000354	23487	23637
C23525T T23599G T23602-C T23605A	S:H655Y S:N679K NA S:P681P	11	30987	0.000355	23487	23642
C23525T T23599G C23604A T23641C	S:H655Y S:N679K S:P681H S:I693I	11	29567	0.000372	23487	23642
C23525T T23599G C23604A T23637-C	S:H655Y S:N679K S:P681H NA	11	30146	0.000365	23492	23642
C23525T T23599G C23604A T23617+G	S:H655Y S:N679K S:P681H NA	11	30970	0.000355	23487	23635
C23525T T23599G C23604A G23621A	S:H655Y S:N679K S:P681H S:V687I	11	30962	0.000355	23487	23636
C23525T T23599G C23604A C23634T	S:H655Y S:N679K S:P681H S:S691F	11	30372	0.000362	23487	23642
C23525T A23532G	S:H655Y S:N657S	11	48569	0.000226	23495	23538
C23399T G23486-T C23525T	S:Q613* NA S:H655Y	11	13907	0.000791	23335	23539
C23367+G	NA	11	25425	0.000433	23342	23377
C23230-A	NA	11	1437	0.007655	23171	23247
C23103-T T23143-A T23164-A	NA NA NA	11	1475	0.007458	23089	23176
C23099-T	NA	11	1535	0.007166	23089	23111
C22290T	S:A243V	11	5330	0.002064	22256	22356
C22109G C22120-A A22161-T T22200A G22218-T G22317T	S:Q183E NA NA S:V213E NA S:G252V	11	2068	0.005319	22100	22319
C21618T T21632-TACCCCCTG A21764-TACATG T21787C	S:T19I S:DEL25/27 S:DEL69/70 S:G75G	11	1928	0.005705	21604	21802
A25277+T	NA	11	29726	0.00037	25268	25325
A25259G	S:M1233V	11	28946	0.00038	25251	25325
A25256-T	NA	11	28841	0.000381	25251	25325
A25201G	S:P1213P	11	20863	0.000527	25138	25210
A25174G	S:G1204G	11	19669	0.000559	25151	25206
A24999G C25000T	S:D1146G S:D1146G	11	16053	0.000685	24990	25069
A24966G C25000T	S:N1135S S:D1146D	11	12216	0.0009	24853	25069
A24900G	S:Q1113R	11	15719	0.0007	24850	24943
A24879G	S:Q1106R	11	15651	0.000703	24857	24909
A24877G C25000T	S:T1105T S:D1146D	11	11698	0.00094	24850	25019
A24875T	S:T1105S	11	15674	0.000702	24850	24943
A24875G	S:T1105A	11	15674	0.000702	24850	24943
A24862G C25000T	S:T1100T S:D1146D	11	11610	0.000947	24850	25022
A24782G	S:N1074D	11	7026	0.001566	24757	24806
A24778G	S:E1072E	11	7038	0.001563	24728	24788
A24647+T C24672-A	NA NA	11	35680	0.000308	24488	24679
A24614-T	NA	11	37151	0.000296	24612	24662
A24602G	S:R1014G	11	33586	0.000328	24482	24614
A24598G	S:L1012L	11	33638	0.000327	24489	24679
A24518G T24660+A C24672-A	S:K986E NA NA	11	30699	0.000358	24474	24679
A24424T T24523C	S:Q954H S:V987V	11	15453	0.000712	24412	24564
A24424T T24489C	S:Q954H S:V976A	11	15581	0.000706	24412	24564
A24424T T24469A T24504C	S:Q954H S:N969K S:L981P	11	15531	0.000708	24412	24564
A24424T T24469A A24554+G	S:Q954H S:N969K NA	11	15262	0.000721	24412	24564
A24424T T24469A A24508G	S:Q954H S:N969K S:S982S	11	15520	0.000709	24412	24564
A24424T T24469A A24498G A24556-G	S:Q954H S:N969K S:D979G NA	11	15165	0.000725	24412	24564
A24424T G24488-T C24502A	S:Q954H NA S:I980I	11	15535	0.000708	24412	24563
A24424T C24435-T T24469A	S:Q954H NA S:N969K	11	15643	0.000703	24412	24498
A24424T A24556+G	S:Q954H NA	11	15165	0.000725	24412	24564
A24424T A24520G	S:Q954H S:K986K	11	15473	0.000711	24412	24564
A24366C A24424T	S:Q935P S:Q954H	11	1547	0.007111	24339	24424
A24281G	S:N907D	11	4836	0.002275	24229	24323
A23847G C23854A	S:Q762R S:N764K	11	13835	0.000795	23683	23895
A23786-T A23853-C	NA NA	11	12933	0.000851	23752	23895
A23786-T	NA	11	14111	0.00078	23699	23840
A23762G C23854A	S:T734A S:N764K	11	11199	0.000982	23683	23888
A23720+T	NA	11	49740	0.000221	23683	23731
A23708G	S:T716A	11	50357	0.000218	23683	23724
A23583G T23599G C23604A	S:Y674C S:N679K S:P681H	11	67673	0.000163	23580	23642
A23524+T T23599G C23604A	NA S:N679* S:P681Y	11	30989	0.000355	23487	23623
A23503-G T23599G C23604A	NA S:N679K S:P681H	11	30799	0.000357	23487	23642
A23493T C23525T T23599G C23604A	S:Q644L S:H655Y S:N679K S:P681H	11	30486	0.000361	23487	23642
A23403G T23480+A C23525T	S:D614G NA S:H655S	11	13955	0.000788	23390	23539
A23403G T23470C C23525T	S:D614G S:Y636Y S:H655Y	11	13955	0.000788	23342	23529
A23403G G23417-A	S:D614G NA	11	23208	0.000474	23335	23429
A23403G C23462T C23525T	S:D614G S:R634C S:H655Y	11	13955	0.000788	23393	23532
A23403G A23493G C23525T	S:D614G S:Q644R S:H655Y	11	13955	0.000788	23342	23532
A23403G A23445G C23525T	S:D614G S:Q628R S:H655Y	11	13955	0.000788	23379	23529
A23403G A23408G	S:D614G S:N616D	11	23334	0.000471	23335	23443
A23359G	S:T599T	11	26460	0.000416	23335	23369
A23357G	S:T599A	11	26471	0.000416	23335	23384
A23310G A23403G	S:E583G S:D614G	11	7433	0.00148	23273	23443
A23305G A23403G	S:T581T S:D614G	11	7429	0.001481	23269	23443
A22914-C	NA	11	9371	0.001174	22905	22967
A22110+G T22200G	NA S:V213S	11	2534	0.004341	22100	22221
A22069G	S:E169E	11	1769	0.006218	22025	22092
A22025G	S:S155G	11	10326	0.001065	22000	22058
A21875-T G21987A T21990-TTA C22000-A	NA S:G142D S:DEL144 NA	11	5099	0.002157	21847	22017
T25191-A G25204T	NA S:W1214C	10	19950	0.000501	25132	25325
T24974C C25000T	S:Y1138H S:D1146D	10	12248	0.000816	24850	25069
T24903C	S:I1114T	10	15736	0.000635	24749	24943
T24870C	S:F1103S	10	15649	0.000639	24850	24876
T24841C	S:G1093G	10	3050	0.003279	24835	24943
T24793-G	NA	10	6733	0.001485	24695	24800
T24761C	S:Y1067H	10	6953	0.001438	24724	24806
T24643-A C24672-A A24684-T G24776-A	NA NA NA NA	10	2802	0.003569	24612	24788
T24628+A	NA	10	37053	0.00027	24620	24658
T24583+A	NA	10	34036	0.000294	24476	24591
T24552C C24672-A	S:I997T NA	10	31005	0.000323	24470	24679
T24469A T24472C	S:N969K S:F970F	10	40755	0.000245	24465	24564
T24417C A24424T T24469A	S:V952A S:Q954H S:N969K	10	15570	0.000642	24412	24561
T24115+A	NA	10	2337	0.004279	24107	24191
T23698+C	NA	10	51142	0.000196	23683	23708
T23689-A C23887-A	NA NA	10	10271	0.000974	23683	23895
T23681+C	NA	10	38169	0.000262	23667	23724
T23680C	S:A706A	10	38169	0.000262	23661	23724
T23599G T23602C	S:N679K S:S680S	10	67944	0.000147	23581	23642
T23599G T23602-C T23605A	S:N679K NA S:P681P	10	67915	0.000147	23580	23642
T23599G T23600+C C23604A	S:N679K NA S:P681Y	10	67932	0.000147	23580	23625
T23599G C23604A T23719A	S:N679K S:P681H S:T719T	10	34456	0.00029	23580	23724
T23599G C23604A T23716C	S:N679K S:P681H S:F718F	10	34743	0.000288	23580	23724
T23599G C23604A T23620C G23666-A	S:N679K S:P681H S:S686S NA	10	36126	0.000277	23580	23699
T23599G C23604A G23666-A T23693C	S:N679K S:P681H NA S:S711P	10	35917	0.000278	23580	23724
T23599G C23604A G23666-A G23699A	S:N679K S:P681H NA S:A713T	10	35876	0.000279	23580	23700
T23599G C23604A C23718T	S:N679K S:P681H S:T719I	10	34704	0.000288	23580	23724
T23599G C23604A C23649+T	S:N679K S:P681H NA	10	36246	0.000276	23580	23724
T23599G C23604A C23638T	S:N679K S:P681H S:I692I	10	66834	0.00015	23580	23724
T23599G C23604A C23635T A23668G	S:N679K S:P681H S:S691S S:E702E	10	36114	0.000277	23580	23724
T23599G C23604A C23630-A	S:N679K S:P681H NA	10	67271	0.000149	23591	23637
T23599G C23604A A23720+T	S:N679K S:P681H NA	10	34445	0.00029	23580	23724
T23548C T23599G C23604A	S:C662C S:N679K S:P681H	10	31135	0.000321	23487	23637
T23428C	S:V622V	10	24450	0.000409	23417	23432
T23346C A23403G	S:V595A S:D614G	10	21891	0.000457	23343	23429
T23338G	S:F592L	10	25808	0.000387	23335	23348
T23143-A T23164-A C23188+T	NA NA NA	10	1433	0.006978	23104	23200
T23143-A C23230-A	NA NA	10	1160	0.008621	23089	23254
T22882G T22917G T22942A	S:N440K S:L452R S:N460K	10	7154	0.001398	22876	22956
T22882G T22896C G22898A	S:N440K S:V445A S:G446S	10	9073	0.001102	22851	22967
T22882G A22893C T22917G T22942A	S:N440K S:K444T S:L452R S:N460K	10	7154	0.001398	22876	22967
T22807+G G22813T T22882G	NA S:K417N S:N440Q	10	8228	0.001215	22793	22892
T22039C	S:V159V	10	11829	0.000845	22025	22058
T21607C C21618T T21632-TACCCCCTG	S:C15C S:T19I S:DEL25/27	10	4147	0.002411	21597	21664
G25323+A	NA	10	30355	0.000329	25311	25325
G25311+C	NA	10	30480	0.000328	25290	25325
G25302A	S:C1247Y	10	30303	0.00033	25251	25320
G25298A	S:G1246S	10	30188	0.000331	25270	25325
G25287A	S:S1242N	10	29921	0.000334	25227	25325
G25250A	S:V1230M	10	24786	0.000403	25243	25325
G25249A	S:M1229I	10	24765	0.000404	25215	25325
G25238-C	NA	10	24580	0.000407	25217	25324
G25204A	S:W1214*	10	21214	0.000471	25139	25210
G25203A	S:W1214*	10	21179	0.000472	25196	25210
G25197A	S:W1212*	10	20545	0.000487	25140	25210
G25181+A	NA	10	19719	0.000507	25159	25325
G25166-A	NA	10	19602	0.00051	25135	25190
G25135+A	NA	10	18702	0.000535	25130	25147
G25130A	S:A1190T	10	17549	0.00057	25122	25210
G24764A C24904T	S:V1068I S:I1114I	10	2811	0.003557	24724	24943
G24659T G24666+A	S:V1033L NA	10	36150	0.000277	24465	24676
G24618+A	NA	10	37057	0.00027	24612	24630
G24608A	S:A1016T	10	33454	0.000299	24565	24612
G24510A	S:R983H	10	51310	0.000195	24484	24564
G24474A	S:G971D	10	48296	0.000207	24470	24503
G23593A T23599G C23604A	S:Q677Q S:N679K S:P681H	10	67855	0.000147	23580	23642
G23508A C23525T T23599G C23604A	S:C649Y S:H655Y S:N679K S:P681H	10	30872	0.000324	23487	23625
G23351+A A23403G	NA S:D614G	10	21944	0.000456	23335	23443
G23351+A	NA	10	26395	0.000379	23335	23416
G22813T T22882G T22917G A22941-T	S:K417N S:N440K S:L452R NA	10	5821	0.001718	22793	22959
G22813T C22851T T22882G T22917G	S:K417N S:T430I S:N440K S:L452R	10	7044	0.00142	22793	22921
G22813T A22845-T T22882G	S:K417N NA S:N440K	10	8267	0.00121	22793	22894
G22813T A22842T T22882G A22893C T22917G	S:K417N S:D427V S:N440K S:K444T S:L452R	10	7044	0.00142	22801	22937
G22104-A C22120-A T22200G G22218-T	NA NA S:V213G NA	10	2456	0.004072	22100	22296
G21987A T21991-TA	S:G142D NA	10	9784	0.001022	21977	22004
G21987A T21990-TTA C22000-A G22021A	S:G142D S:DEL144 NA S:M153I	10	7278	0.001374	21967	22058
G21987A T21988C	S:G142D S:G142D	10	9785	0.001022	21956	22004
G21987A A22001G C22033A	S:G142D S:K147E S:F157L	10	7053	0.001418	21980	22058
C25517-T	NA	10	1342	0.007452	25372	25538
C25466-T	NA	10	6720	0.001488	25381	25477
C25416T C25418T	ORF3a:F8F ORF3a:T9I	10	7191	0.001391	25372	25475
C25294+T	NA	10	30069	0.000333	25256	25324
C25262-TT C25324-A	NA NA	10	28639	0.000349	25251	25354
C25200T	S:P1213L	10	20795	0.000481	25141	25210
C25000T T25129C	S:D1146D S:V1189V	10	3314	0.003018	24990	25173
C25000T C25100-A T25196-G	S:D1146D NA NA	10	3127	0.003198	24990	25210
C25000T A25103G	S:D1146D S:K1181E	10	3397	0.002944	24990	25132
C25000T A25032-G	S:D1146D NA	10	15622	0.00064	24958	25069
C25000T A25007G	S:D1146D S:K1149E	10	15974	0.000626	24950	25069
C24981-T C25000T A25026-T A25056-T	NA S:D1146D NA NA	10	11758	0.00085	24850	25069
C24672-A T24689G	NA S:C1043G	10	3559	0.00281	24612	24698
C24616+A	NA	10	37067	0.00027	24612	24654
C24536-A A24578G	NA S:T1006A	10	33796	0.000296	24479	24656
C24223-T	NA	10	2230	0.004484	24148	24243
C23929A A23930C	S:Y789* S:K790Q	10	2101	0.00476	23921	23978
C23887-A G23948T	NA S:D796Y	10	912	0.010965	23792	23957
C23854A C23887A A23888C G23948T	S:N764K S:D775E S:K776Q S:D796Y	10	738	0.01355	23850	23978
C23854A A23886G	S:N764K S:D775G	10	13343	0.000749	23844	23889
C23825+A	NA	10	13818	0.000724	23771	23840
C23778+A	NA	10	14188	0.000705	23695	23788
C23758+A C23887-A	NA NA	10	10575	0.000946	23683	23895
C23709+T	NA	10	50319	0.000199	23699	23720
C23709+A C23854A	NA S:N764K	10	11080	0.000903	23702	23876
C23700T	S:A713V	10	51264	0.000195	23685	23701
C23525T T23599G C23613T	S:H655Y S:N679K S:A684V	10	30980	0.000323	23487	23642
C23525T T23599G C23604A T23633+C	S:H655Y S:N679K S:P681H NA	10	30376	0.000329	23487	23642
C23525T T23537A T23599G C23604A A23636-T A23639G	S:H655Y S:S659T S:N679K S:P681H NA S:I693V	10	29692	0.000337	23487	23642
C23525T T23529C	S:H655Y S:V656A	10	48712	0.000205	23487	23532
C23525T C23604A A23636-T A23639G	S:H655Y S:P681H NA S:I693V	10	29692	0.000337	23498	23642
C23393-T A23403G C23525T	NA S:D614G S:H655Y	10	13490	0.000741	23335	23532
C23334-T G23429+C	NA NA	10	7279	0.001374	23269	23443
C23334-T G23402-A	NA NA	10	7456	0.001341	23285	23443
C23334-T C23393+T	NA NA	10	7560	0.001323	23269	23443
C23103-T T23143-A T23164-A C23230-A	NA NA NA NA	10	989	0.010111	23089	23290
C22802-A G22813T T22882G G22895C G22898A	NA S:K417N S:N440K S:V445L S:G446S	10	7566	0.001322	22793	22909
C21978A G21987A T21990-TTA	S:P139Q S:G142D S:DEL144	10	9044	0.001106	21960	22040
C21552+A C21618T T21632-TACCCCCTG	NA S:T19F S:DEL25/27	10	240	0.041667	21542	21653
A25472+T	NA	10	6664	0.001501	25381	25477
A25296-G	NA	10	30137	0.000332	25288	25320
A25247-T	NA	10	24724	0.000404	25224	25325
A25243-G	NA	10	24658	0.000406	25224	25324
A25185G	S:Q1208R	10	19826	0.000504	25179	25210
A25182T	S:E1207V	10	19811	0.000505	25130	25210
A25142G	S:N1194D	10	19104	0.000523	25122	25191
A24915G C25000T	S:D1118G S:D1146D	10	12000	0.000833	24853	25069
A24911G C25000T	S:T1117A S:D1146D	10	11984	0.000834	24850	25069
A24908G	S:T1116A	10	15736	0.000635	24850	24943
A24902-T C24981-T	NA NA	10	12112	0.000826	24850	24998
A24895G	S:E1111E	10	15671	0.000638	24850	24943
A24855G C25000T	S:N1098S S:D1146D	10	11424	0.000875	24850	25064
A24820G	S:K1086K	10	3010	0.003322	24775	24847
A24788G	S:T1076A	10	6971	0.001435	24774	24806
A24652G C24672-A	S:S1030S NA	10	35717	0.00028	24612	24679
A24647G	S:M1029V	10	36883	0.000271	24488	24679
A24556-G	NA	10	50652	0.000197	24535	24564
A24494G	S:N978D	10	51448	0.000194	24476	24518
A24479G C24672-A	S:I973V NA	10	28575	0.00035	24473	24679
A24479+T	NA	10	49665	0.000201	24472	24495
A24424T T24504C	S:Q954H S:L981P	10	15531	0.000644	24412	24564
A24424T T24482C	S:Q954H S:S974P	10	15606	0.000641	24412	24564
A24424T T24472-G	S:Q954H NA	10	15627	0.00064	24412	24564
A24424T T24471-TG	S:Q954H NA	10	15628	0.00064	24412	24564
A24424T T24469G	S:Q954H S:N969K	10	15643	0.000639	24412	24554
A24424T T24469A G24488-T C24517-A	S:Q954H S:N969K NA NA	10	15489	0.000646	24412	24564
A24424T T24469A C24503-T	S:Q954H S:N969K NA	10	15532	0.000644	24412	24564
A24424T T24436C T24469A	S:Q954H S:A958A S:N969K	10	15643	0.000639	24412	24564
A24424T T24436C	S:Q954H S:A958A	10	15799	0.000633	24412	24564
A24424T G24488-T C24503-T	S:Q954H NA NA	10	15532	0.000644	24413	24552
A24424T C24559T	S:Q954H S:G999G	10	15147	0.00066	24412	24564
A24424T A24454G T24469A	S:Q954H S:K964K S:N969K	10	15643	0.000639	24412	24564
A24424T A24425G	S:Q954H S:N955D	10	17349	0.000576	24412	24481
A24318-C	NA	10	4719	0.002119	24283	24357
A24182G	S:T874A	10	4939	0.002025	24163	24191
A24165G	S:E868G	10	5042	0.001983	24148	24191
A23848+T C23887-A C23929-A	NA NA NA	10	1518	0.006588	23767	23941
A23756G C23854A	S:T732A S:N764K	10	11193	0.000893	23699	23895
A23704+C C23709+A	NA NA	10	50266	0.000199	23683	23724
A23702G C23854A	S:I714V S:N764K	10	11046	0.000905	23683	23887
A23691G C23854A	S:N710S S:N764K	10	10894	0.000918	23683	23895
A23597G T23599G C23604A G23666-A	S:N679E S:N679E S:P681H NA	10	36119	0.000277	23586	23708
A23515G C23525T T23599G C23604A	S:I651M S:H655Y S:N679K S:P681H	10	30948	0.000323	23487	23642
A23503-G C23525T C23604A	NA S:H655Y S:P681H	10	30799	0.000325	23487	23629
A23403G T23455C C23525T	S:D614G S:P631P S:H655Y	10	13955	0.000717	23335	23532
A23403G T23452C C23525T	S:D614G S:T630T S:H655Y	10	13955	0.000717	23335	23539
A23403G T23431-AT G23486-T C23525T	S:D614G NA NA S:H655Y	10	13955	0.000717	23342	23539
A23403G A23446G C23525T	S:D614G S:Q628Q S:H655Y	10	13955	0.000717	23389	23535
A23370G A23403G	S:N603S S:D614G	10	22181	0.000451	23335	23443
A23326G A23403G	S:T588T S:D614G	10	7439	0.001344	23269	23443
A23321G A23403G	S:I587V S:D614G	10	7436	0.001345	23285	23443
A23276G A23403G	S:T572A S:D614G	10	7165	0.001396	23269	23443
A22024G	S:E154E	10	10328	0.000968	22000	22058
A22007G G22021A	S:N149D S:M153I	10	10159	0.000984	22001	22058
A22001G C22033A	S:K147E S:F157L	10	9701	0.001031	21993	22058
A21932G G21987A	S:T124A S:G142D	10	7034	0.001422	21881	21993
A21892+C G21987A	NA S:G142E	10	6681	0.001497	21882	21993
A21875-T A21979-T G21987A T21990-TTA A21999-CAA C22009-A	NA NA S:G142D S:DEL144 S:DEL147 NA	10	4786	0.002089	21847	22058
A21852G	S:K97R	10	8695	0.00115	21847	21954
