nt_mutations	aa_mutations	cluster_depth	total_depth	frequency	coverage_start	coverage_end
C23525T T23599G C23604A	S:H655Y S:N679K S:P681H	28183	55495	0.507848	23521	23605
T23599G C23604A	S:N679K S:P681H	17433	85717	0.203379	23596	23608
A24424T T24469A	S:Q954H S:N969K	6377	26383	0.241709	24420	24476
A24424T	S:Q954H	6205	28876	0.214884	24420	24424
C23854A	S:N764K	5570	19956	0.279114	23850	23862
A23403G	S:D614G	5371	25404	0.211423	23399	23408
C25000T	S:D1146D	4369	18402	0.23742	24998	25005
C25262-T	NA	3743	36746	0.101861	25255	25272
T24469A	S:N969K	3494	41155	0.084899	24465	24476
C23525T	S:H655Y	3063	69062	0.044351	23521	23527
A23403G C23525T	S:D614G S:H655Y	2197	8389	0.261891	23399	23529
G21987A	S:G142D	1823	10689	0.170549	21983	21990
C23334-T	NA	1552	15709	0.098797	23313	23346
C25416T	ORF3a:F8F	1550	10767	0.143958	25384	25441
C23525T C23604A	S:H655Y S:P681H	1497	55495	0.026975	23519	23613
C24981-T C25000T	NA S:D1146D	1465	15596	0.093934	24887	25004
C21618T T21632-TACCCCCTG A21764-TACATG	S:T19I S:DEL25/27 S:DEL69/70	1459	5219	0.279555	21608	21778
C23334-T A23403G	NA S:D614G	1397	15118	0.092406	23325	23417
C23887-A	NA	1378	19450	0.070848	23858	23894
G22317T	S:G252V	1284	10597	0.121166	22315	22319
C24672-A	NA	1284	21712	0.059138	24626	24679
G22813T T22882G A22893C T22917G	S:K417N S:N440K S:K444T S:L452R	1205	15558	0.077452	22808	22920
C23525T A23570G T23599G C23604A	S:H655Y S:I670V S:N679K S:P681H	1175	55495	0.021173	23516	23619
T23599G	S:N679K	1109	85758	0.012932	23595	23602
C23604A	S:P681H	1109	85812	0.012924	23601	23608
C21618T T21632-TACCCCCTG	S:T19I S:DEL25/27	1078	7330	0.147067	21609	21652
G22813T T22882G G22895C T22896C G22898A	S:K417N S:N440K S:V445P S:V445P S:G446S	1055	16512	0.063893	22808	22906
G22813T T22882G G22895C T22896C G22898A T22942G	S:K417N S:N440K S:V445P S:V445P S:G446S S:N460K	1032	12880	0.080124	22809	22944
T23599G C23604A G23666-A	S:N679K S:P681H NA	1011	29172	0.034657	23590	23678
C22120-A	NA	828	10882	0.076089	22112	22132
C23525T T23599G	S:H655Y S:N679K	677	55517	0.012194	23520	23600
T25191-A C25262-T	NA NA	649	24907	0.026057	25132	25281
G22813T T22882G	S:K417N S:N440K	631	17621	0.03581	22809	22885
T22942G	S:N460K	609	17977	0.033877	22938	22947
C23525T A23558G T23599G C23604A	S:H655Y S:I666V S:N679K S:P681H	593	55495	0.010686	23508	23624
T22942A	S:N460K	546	17977	0.030372	22938	22957
G23948T	S:D796Y	520	2655	0.195857	23944	23951
A24253-T	NA	480	8402	0.057129	24236	24258
A24424T G24488-T	S:Q954H NA	472	26299	0.017947	24416	24501
A24424T C24517-A	S:Q954H NA	457	26126	0.017492	24416	24549
C22000A	S:H146Q	453	10910	0.041522	21996	22032
T22200G	S:V213G	424	4844	0.087531	22197	22206
G22813T T22882G T22917G T22942A	S:K417N S:N440K S:L452R S:N460K	422	12880	0.032764	22808	22949
G25555-T	NA	389	5230	0.074379	25381	25564
G22813T T22882G T22942A	S:K417N S:N440K S:N460K	379	12880	0.029425	22808	22955
G25218-T C25262-T	NA NA	352	31326	0.011237	25132	25319
G21987A A22001G T22016C C22033A	S:G142D S:K147E S:W152R S:F157L	339	8252	0.041081	21981	22043
C23525T A23558-T T23599G C23604A	S:H655Y NA S:N679K S:P681H	333	55495	0.006001	23499	23619
C24119-A	NA	311	4849	0.064137	24115	24131
G22813T T22882G T22917G	S:K417N S:N440K S:L452R	302	15558	0.019411	22807	22920
C23525T C23585-AG A23588T T23599G C23604A	S:H655Y NA S:T676S S:N679K S:P681H	287	55495	0.005172	23513	23621
C23525T A23570T T23599G C23604A	S:H655Y S:I670L S:N679K S:P681H	283	55495	0.0051	23493	23624
G21987A T21990-TTA A21999-C	S:G142D S:DEL144 NA	280	9325	0.030027	21974	22024
C23854A C23887-A	S:N764K NA	269	19012	0.014149	23824	23894
A21875-T	NA	268	10057	0.026648	21853	21888
T23599G C23604A C23644T	S:N679K S:P681H S:A694A	264	29333	0.009	23580	23684
G22813T T22882G T22896C G22898A T22942G	S:K417N S:N440K S:V445A S:G446S S:N460K	264	12880	0.020497	22800	22945
G22813T	S:K417N	251	18348	0.01368	22803	22816
C24517-A	NA	250	45610	0.005481	24490	24528
C23525T C23557T T23599G C23604A	S:H655Y S:P665P S:N679K S:P681H	248	55495	0.004469	23515	23624
C23525T G23587T T23599G C23604A	S:H655Y S:Q675H S:N679K S:P681H	247	55495	0.004451	23505	23624
T23599G C23604A C23613T	S:N679K S:P681H S:A684V	239	85672	0.00279	23581	23620
T22200A G22317T	S:V213E S:G252V	239	3829	0.062418	22196	22319
T23599G C23604A C23692T	S:N679K S:P681H S:N710N	234	28990	0.008072	23581	23700
T21632-TACCCCCTG	S:DEL25/27	231	7332	0.031506	21608	21653
T24469A T24472-G	S:N969K NA	225	41119	0.005472	24465	24554
C24672-A A24684-T	NA NA	225	4072	0.055255	24626	24697
A22941-T	NA	222	18052	0.012298	22934	22966
T23500-G C23525T T23599G C23604A	NA S:H655Y S:N679K S:P681H	221	55025	0.004016	23492	23624
T22882G	S:N440K	220	20172	0.010906	22878	22885
C22120-A T22164-TA	NA NA	220	10576	0.020802	22047	22180
T24469A C24672-A	S:N969K NA	214	12868	0.01663	24465	24679
G22813T T22882G A22893C	S:K417N S:N440K S:K444T	208	17404	0.011951	22801	22897
G22813T T22882G G22895C G22898A	S:K417N S:N440K S:V445L S:G446S	207	16512	0.012536	22807	22906
A23403G G23486-T C23525T	S:D614G NA S:H655Y	204	8389	0.024318	23387	23529
A24424T T24469A T24472-G	S:Q954H S:N969K NA	201	26354	0.007627	24416	24552
T25191-A	NA	200	28108	0.007115	25181	25202
G22403-A	NA	199	6025	0.033029	22368	22414
G22578A	S:G339D	197	1217	0.161873	22573	22580
C22109G T22200A G22317T	S:Q183E S:V213E S:G252V	197	2832	0.069562	22104	22319
C23525T C23533-A T23599G C23604A	S:H655Y NA S:N679K S:P681H	196	55495	0.003532	23488	23624
A23786-T C23854A	NA S:N764K	195	18799	0.010373	23771	23891
G22104-A C22120-A	NA NA	191	9962	0.019173	22100	22132
G25218-T	NA	190	31479	0.006036	25211	25236
A24110-T	NA	189	4401	0.042945	24103	24120
G22813T T22882G A22893C T22917G T22942A	S:K417N S:N440K S:K444T S:L452R S:N460K	188	12880	0.014596	22808	22947
T25191-A G25218-T C25262-T	NA NA NA	187	24907	0.007508	25130	25284
A24424T T24469A C24517-A	S:Q954H S:N969K NA	182	26126	0.006966	24416	24552
T24267-G	NA	179	8428	0.021239	24259	24323
C24981-T	NA	177	15908	0.011126	24951	24991
C21618T T21632-TACCCCCTG C21736-T A21764-TACATG	S:T19I S:DEL25/27 NA S:DEL69/70	175	5219	0.033531	21608	21802
T23599G C23604A A23712-T	S:N679K S:P681H NA	174	28357	0.006136	23593	23724
A21764-TACATG	S:DEL69/70	174	6094	0.028553	21757	21780
A23515+G C23525T T23599G C23604A	NA S:H655S S:N679* S:P681Y	171	55427	0.003085	23505	23624
C25000T C25100-A	S:D1146D NA	169	2540	0.066535	24993	25119
T22882G G22895C T22896C G22898A	S:N440K S:V445P S:V445P S:G446S	168	19055	0.008817	22877	22907
C25000T C25047T	S:D1146D S:P1162L	165	17808	0.009265	24993	25060
C23525T A23566G T23599G C23604A	S:H655Y S:A668A S:N679K S:P681H	164	55495	0.002955	23493	23625
G24140-T	NA	161	5522	0.029156	24132	24159
G21987A C22000-A	S:G142D NA	160	9311	0.017184	21981	22012
C21618T	S:T19I	158	7454	0.021197	21597	21621
T22200A	S:V213E	157	4844	0.032411	22196	22218
C22120-A A22161-T	NA NA	157	10596	0.014817	22112	22174
A24110-T C24119-A	NA NA	154	4325	0.035607	24094	24139
T22882G A22893C T22917G	S:N440K S:K444T S:L452R	153	18083	0.008461	22877	22920
C24150+T	NA	153	10726	0.014264	24148	24166
C21618T T21632-TACCCCCTG A21764-TACATG C21781-A	S:T19I S:DEL25/27 S:DEL69/70 NA	153	5193	0.029463	21608	21788
A23503G C23525T T23599G C23604A	S:A647A S:H655Y S:N679K S:P681H	153	55199	0.002772	23501	23624
C22109G T22200A	S:Q183E S:V213E	151	3789	0.039852	22105	22203
T22882G G22895C G22898A	S:N440K S:V445L S:G446S	146	19055	0.007662	22877	22906
G25302-T	NA	144	37795	0.00381	25295	25323
G22813T T22882G G22898A T22942G	S:K417N S:N440K S:G446S S:N460K	144	12880	0.01118	22796	22959
G22813T T22882G G22898A	S:K417N S:N440K S:G446S	144	16512	0.008721	22801	22901
A23588G T23599G C23604A	S:T676A S:N679K S:P681H	144	85578	0.001683	23580	23637
T22882G G22895C T22896C G22898A T22942G	S:N440K S:V445P S:V445P S:G446S S:N460K	143	15174	0.009424	22877	22945
G22577C G22578A	S:G339H S:G339H	142	1217	0.11668	22570	22580
A24424T T24469A G24488-T	S:Q954H S:N969K NA	141	26299	0.005361	24412	24564
C23525T T23590C T23599G C23604A	S:H655Y S:T676T S:N679K S:P681H	138	55495	0.002487	23487	23636
T21632-TACCCCCTG A21764-TACATG	S:DEL25/27 S:DEL69/70	137	5221	0.02624	21621	21792
T23511+A C23525T T23599G C23604A	NA S:H655S S:N679* S:P681Y	135	55392	0.002437	23487	23625
A25253G	S:T1231A	135	36477	0.003701	25251	25320
T22882G A22893C T22917G T22942A G22992A C22995A A23013C T23018G	S:N440K S:K444T S:L452R S:N460K S:S477N S:T478K S:E484A S:F486V	131	1060	0.123585	22876	23033
T23491C C23525T T23599G C23604A	S:F643F S:H655Y S:N679K S:P681H	130	54566	0.002382	23487	23624
C25294-A	NA	130	37578	0.003459	25286	25324
T24472-G	NA	129	43209	0.002985	24465	24563
A23474+T	NA	129	10381	0.012427	23466	23538
G25302T	S:C1247F	127	37795	0.00336	25295	25324
C23525T A23535G T23599G C23604A	S:H655Y S:N658S S:N679K S:P681H	127	55495	0.002288	23516	23633
G21987A T21990-TTA	S:G142D S:DEL144	126	10454	0.012053	21975	22007
G22813T T22882G A22893C G22898A T22917G T22942G	S:K417N S:N440K S:K444T S:G446S S:L452R S:N460K	125	12880	0.009705	22801	22945
G22317T G22403-A	S:G252V NA	122	3945	0.030925	22306	22414
C23525T A23550G T23599G C23604A	S:H655Y S:D663G S:N679K S:P681H	122	55495	0.002198	23504	23637
A21979-T G21987A C22000-A	NA S:G142D NA	121	8700	0.013908	21869	22012
G24488-T	NA	120	45482	0.002638	24480	24499
G21987A T21990-TTA C22000A	S:G142D S:DEL144 S:H146Q	119	9311	0.012781	21975	22012
C23525T A23586G T23599G C23604A	S:H655Y S:Q675R S:N679K S:P681H	114	55495	0.002054	23496	23642
C23492-A C23525T T23599G C23604A	NA S:H655Y S:N679K S:P681H	114	54579	0.002089	23488	23624
C23525T T23527C T23599G C23604A	S:H655Y S:H655Y S:N679K S:P681H	113	55495	0.002036	23505	23641
C23525T T23581C T23599G C23604A	S:H655Y S:S673S S:N679K S:P681H	112	55495	0.002018	23489	23624
T25289C	S:C1243R	109	37462	0.00291	25283	25315
C25262-TT	NA	109	36746	0.002966	25251	25307
A23853-C	NA	109	19978	0.005456	23846	23862
T23599G C23604A A23688G	S:N679K S:P681H S:N709S	108	29020	0.003722	23581	23702
G22813T T22942A	S:K417N S:N460K	108	12880	0.008385	22803	22949
G22813T T22861C T22882G G22898A T22942G	S:K417N S:V433V S:N440K S:G446S S:N460K	108	12880	0.008385	22809	22953
G22331A	S:G257S	108	4817	0.022421	22322	22336
T23143-A	NA	105	2663	0.039429	23108	23159
G22813T T22882G T22942G	S:K417N S:N440K S:N460K	105	12880	0.008152	22795	22945
C25416T G25555-T	ORF3a:F8F NA	105	5230	0.020076	25372	25566
A23712+T	NA	104	49676	0.002094	23699	23724
T24267-G A24424T	NA S:Q954H	103	1509	0.068257	24259	24424
T23596+A T23599G C23604A	NA S:N679* S:P681Y	103	85710	0.001202	23581	23636
C23525T T23599G C23604A T23629C	S:H655Y S:N679K S:P681H S:S689S	102	54818	0.001861	23491	23637
A25216-G	NA	102	30458	0.003349	25209	25324
A25208-T	NA	102	30496	0.003345	25201	25210
A21979-T G21987A	NA S:G142D	102	10078	0.010121	21965	21993
C23525T T23599G T23602C C23604A	S:H655Y S:N679K S:S680S S:P681H	101	55495	0.00182	23487	23629
C23525T T23548C T23599G C23604A	S:H655Y S:C662C S:N679K S:P681H	101	55495	0.00182	23487	23624
G25173-A C25262-T	NA NA	100	23784	0.004205	25143	25309
C23816-T C23854A	NA S:N764K	100	19111	0.005233	23794	23875
C23525T A23588G T23599G C23604A	S:H655Y S:T676A S:N679K S:P681H	99	55495	0.001784	23505	23610
C24026-T	NA	98	7810	0.012548	24021	24048
G22813T T22882G G22894T T22917G T22942G	S:K417N S:N440K S:K444N S:L452R S:N460K	97	12880	0.007531	22801	22949
T23599G C23604A C23700T	S:N679K S:P681H S:A713V	96	28936	0.003318	23582	23703
C24852-A	NA	96	17719	0.005418	24850	24865
A24424T G24488-T C24517-A	S:Q954H NA NA	96	26126	0.003675	24416	24555
G23835-T C23854A	NA S:N764K	95	19409	0.004895	23767	23873
G22813T T22882G A22893C T22917G T22942G	S:K417N S:N440K S:K444T S:L452R S:N460K	95	12880	0.007376	22801	22944
C24517-A C24672-A	NA NA	95	16839	0.005642	24488	24679
C24536-A	NA	94	45478	0.002067	24522	24550
C21618T A21764-TACATG	S:T19I S:DEL69/70	94	5219	0.018011	21608	21793
A24612T	S:E1017V	94	17633	0.005331	24595	24641
A23474+T C23525T	NA S:H655S	94	10039	0.009363	23466	23539
T23599G C23604A G23612A	S:N679K S:P681H S:A684T	93	85678	0.001085	23593	23624
G23835+T C23887-A	NA NA	93	18476	0.005034	23767	23895
G22021A	S:M153I	93	11469	0.008109	22014	22043
G21987A A21993-TTACC A21999C	S:G142D NA S:H146P	93	9325	0.009973	21969	22035
C25047T	S:P1162L	93	18171	0.005118	25032	25055
C23525T T23573C T23599G C23604A	S:H655Y S:C671R S:N679K S:P681H	93	55495	0.001676	23487	23624
C24899-A C24981-T C25000T	NA NA S:D1146D	91	15117	0.00602	24886	25017
C23525T T23529C T23599G C23604A	S:H655Y S:V656A S:N679K S:P681H	91	55495	0.00164	23487	23624
C24852-A C25000T	NA S:D1146D	90	14484	0.006214	24850	25065
A23515-G C23525T T23599G C23604A	NA S:H655Y S:N679K S:P681H	90	55427	0.001624	23493	23634
G23835+T	NA	89	19888	0.004475	23771	23848
T23489C C23525T T23599G C23604A	S:F643L S:H655Y S:N679K S:P681H	88	54536	0.001614	23487	23624
A24885-T C25000T	NA S:D1146D	88	14972	0.005878	24874	25014
A24518T	S:K986*	88	45632	0.001928	24509	24545
C24621-T	NA	87	21851	0.003982	24612	24675
C23525T A23594G T23599G C23604A	S:H655Y S:T678A S:N679K S:P681H	87	55495	0.001568	23487	23637
C22109G C22120-A T22200A G22317T	S:Q183E NA S:V213E S:G252V	87	2832	0.03072	22103	22319
C22109G	S:Q183E	87	10129	0.008589	22104	22116
C24483+A	NA	86	45185	0.001903	24476	24492
G23522-A C23525T	NA S:H655Y	85	69054	0.001231	23511	23539
C25214+G	NA	85	29644	0.002867	25207	25325
C23525T A23552G T23599G C23604A	S:H655Y S:I664V S:N679K S:P681H	85	55495	0.001532	23505	23625
A23403G C23423T	S:D614G S:P621S	85	25045	0.003394	23381	23434
T24529C	S:A989A	84	45527	0.001845	24517	24540
T23500C C23525T T23599G C23604A	S:R646R S:H655Y S:N679K S:P681H	84	55025	0.001527	23487	23641
C23525T T23599G T23600C C23604A	S:H655Y S:N679K S:S680P S:P681H	84	55495	0.001514	23501	23624
A25472-T	NA	84	10231	0.00821	25381	25477
T25268C	S:C1236R	83	36993	0.002244	25260	25281
T25139C	S:L1193L	83	26895	0.003086	25130	25146
T24643-A C24672-A	NA NA	83	21575	0.003847	24615	24679
G25173-A T25191-A C25262-T	NA NA NA	83	23784	0.00349	25122	25295
G22487-A	NA	83	1669	0.04973	22455	22500
T21976-C G21987A	NA S:G142D	82	9701	0.008453	21969	22058
C23816-T	NA	82	20065	0.004087	23767	23828
C23525T A23544G T23599G C23604A	S:H655Y S:E661G S:N679K S:P681H	82	55495	0.001478	23505	23637
G25299-C	NA	81	37720	0.002147	25287	25308
C23525T T23546C T23599G C23604A	S:H655Y S:C662R S:N679K S:P681H	80	55495	0.001442	23487	23637
T23521C C23525T T23599G C23604A	S:A653A S:H655Y S:N679K S:P681H	79	55489	0.001424	23487	23605
G21987A A22001G T22016C	S:G142D S:K147E S:W152R	79	8619	0.009166	21981	22035
C21978A G21987A	S:P139Q S:G142D	79	10034	0.007873	21969	22058
T25415-C	NA	78	10773	0.00724	25381	25474
G25287-T	NA	78	37416	0.002085	25279	25320
G22813T T22882G G22895C T22896C G22898A T22900-G	S:K417N S:N440K S:V445P S:V445P S:G446S NA	78	16471	0.004736	22801	22914
T22882G A22893C	S:N440K S:K444T	77	19952	0.003859	22877	22899
G22813T T22882G A22893C T22942A	S:K417N S:N440K S:K444T S:N460K	77	12880	0.005978	22793	22966
C24320-A	NA	77	8371	0.009198	24294	24332
C24119-A G24140-T	NA NA	77	4571	0.016845	24111	24154
C23525T T23599G C23604A A23631G	S:H655Y S:N679K S:P681H S:Q690R	77	54724	0.001407	23504	23637
T24469A C24517-A	S:N969K NA	76	40667	0.001869	24465	24564
T22882G T22896C G22898A T22942G	S:N440K S:V445A S:G446S S:N460K	76	15174	0.005009	22876	22962
T22882G A22893C T22942A G22992A C22995A A23013C T23018G	S:N440K S:K444T S:N460K S:S477N S:T478K S:E484A S:F486V	76	1060	0.071698	22877	23031
G22104-A C22120-A T22164-TA	NA NA NA	76	9665	0.007863	22025	22192
C23525T A23532G T23599G C23604A	S:H655Y S:N657S S:N679K S:P681H	76	55495	0.001369	23492	23624
C23525T A23531G T23599G C23604A	S:H655Y S:N657D S:N679K S:P681H	76	55495	0.001369	23487	23624
C22120-A T22200G	NA S:V213G	76	3947	0.019255	22112	22208
C21910T	S:S116S	76	10014	0.007589	21847	21968
A22001G T22016C C22033A	S:K147E S:W152R S:F157L	76	10859	0.006999	21995	22054
C23525T T23599G C23604A A23614G	S:H655Y S:N679K S:P681H S:A684A	75	55467	0.001352	23487	23624
A24684-T	NA	75	4393	0.017073	24625	24699
A23493G C23525T T23599G C23604A	S:Q644R S:H655Y S:N679K S:P681H	75	54782	0.001369	23487	23637
T25322C	S:C1254R	74	37826	0.001956	25298	25325
T24492+A	NA	74	45616	0.001622	24486	24503
T23599G C23604A A23712+T	S:N679K S:P681H NA	74	28357	0.00261	23581	23717
C23525T T23582C T23599G C23604A	S:H655Y S:Y674H S:N679K S:P681H	74	55495	0.001333	23487	23637
G23768-T	NA	73	20414	0.003576	23767	23776
C23525T T23537C T23599G C23604A	S:H655Y S:S659P S:N679K S:P681H	73	55495	0.001315	23492	23641
C23334-T C23367-A	NA NA	73	15447	0.004726	23285	23389
A24424T C24435-T	S:Q954H NA	73	26643	0.00274	24412	24515
T23582C T23599G C23604A	S:Y674H S:N679K S:P681H	72	85455	0.000843	23580	23642
T23507C C23525T T23599G C23604A	S:C649R S:H655Y S:N679K S:P681H	72	55333	0.001301	23487	23624
G24220T	S:W886C	72	5158	0.013959	24165	24240
C23525T T23599G C23604A T23637C	S:H655Y S:N679K S:P681H S:I692T	72	54327	0.001325	23501	23642
C21781-A	NA	72	6203	0.011607	21772	21791
A23786+T	NA	72	20205	0.003563	23767	23798
T24471-TG	NA	71	43145	0.001646	24465	24542
G22813T T22882G T22896C G22898A	S:K417N S:N440K S:V445A S:G446S	71	16512	0.0043	22799	22912
C24899-A C25000T	NA S:D1146D	71	15117	0.004697	24858	25015
C23525T T23578C T23599G C23604A	S:H655Y S:A672A S:N679K S:P681H	71	55495	0.001279	23487	23624
C23525T T23563C T23599G C23604A	S:H655Y S:G667G S:N679K S:P681H	70	55495	0.001261	23492	23635
C23525T A23572G T23599G C23604A	S:H655Y S:I670M S:N679K S:P681H	70	55495	0.001261	23487	23625
A24324-AT	NA	70	8159	0.008579	24229	24335
G23486-T C23525T	NA S:H655Y	69	10297	0.006701	23471	23532
C23525T A23570G C23604A	S:H655Y S:I670V S:P681H	69	55495	0.001243	23487	23624
A24922+T C24981-T C25000T	NA NA S:D1146S	69	15223	0.004533	24850	25010
C23492-A	NA	68	68949	0.000986	23490	23503
A22320G	S:D253G	68	10549	0.006446	22306	22355
T23599G T23600C C23604A	S:N679K S:S680P S:P681H	67	85717	0.000782	23580	23615
T23599G C23604A G23666-A A23712-T	S:N679K S:P681H NA NA	67	28357	0.002363	23580	23724
T23487C C23525T T23599G C23604A	Unknown S:H655Y S:N679K S:P681H	67	26208	0.002556	23486	23637
C25163A	S:Q1201K	67	27443	0.002441	25154	25195
C23525T T23599G C23604A T23620C	S:H655Y S:N679K S:P681H S:S686S	67	55457	0.001208	23505	23642
A24885-T	NA	67	18060	0.00371	24853	24898
A23497G C23525T T23599G C23604A	S:T645T S:H655Y S:N679K S:P681H	67	54931	0.00122	23487	23633
T21990-TTA A21999-C	S:DEL144 NA	66	9505	0.006944	21974	22058
G25302A	S:C1247Y	66	37795	0.001746	25276	25323
C22109G C22120-A T22200A	S:Q183E NA S:V213E	66	3789	0.017419	22100	22210
A24424T C24536-A	S:Q954H NA	66	26006	0.002538	24413	24550
T23599G C23604A T23662C	S:N679K S:P681H S:G700G	65	29201	0.002226	23591	23700
T23599G C23604A T23654C	S:N679K S:P681H S:S698P	64	29260	0.002187	23580	23666
G22813T A22845-T T22882G G22895C T22896C G22898A T22942G	S:K417N NA S:N440K S:V445P S:V445P S:G446S S:N460K	64	12880	0.004969	22800	22944
C23816-T C23887-A	NA NA	64	18187	0.003519	23792	23895
C23525T T23599G C23604A T23622C	S:H655Y S:N679K S:P681H S:V687A	64	55451	0.001154	23489	23642
C23525T T23584C T23599G C23604A	S:H655Y S:Y674Y S:N679K S:P681H	64	55495	0.001153	23487	23624
T25312C	S:C1250C	63	37991	0.001658	25282	25324
T22882G T22917G	S:N440K S:L452R	63	18083	0.003484	22876	22921
C25000T G25091+A	S:D1146D NA	63	2568	0.024533	24990	25198
C23525T T23599G C23604G	S:H655Y S:N679K S:P681R	63	55495	0.001135	23492	23633
C23525T A23532G G23587T T23599G C23604A	S:H655Y S:N657S S:Q675H S:N679K S:P681H	63	55495	0.001135	23493	23624
C23525T A23592G T23599G C23604A	S:H655Y S:Q677R S:N679K S:P681H	62	55495	0.001117	23487	23626
T23599G C23604A A23651G	S:N679K S:P681H S:M697V	61	29281	0.002083	23580	23696
C24672-A A24684-T G24693-A	NA NA NA	61	3490	0.017479	24612	24708
A23848+T C23887-A	NA NA	61	18884	0.00323	23821	23895
T23599G T23602C C23604A	S:N679K S:S680S S:P681H	60	85717	0.0007	23581	23642
G24546T	S:R995M	60	45402	0.001322	24525	24558
C25262-T T25289C	NA S:C1243R	60	36633	0.001638	25251	25321
C23525T T23599G C23604A T23617C	S:H655Y S:N679K S:P681H S:R685R	60	55461	0.001082	23515	23637
A24424T T24469A A24525G	S:Q954H S:N969K S:E988G	60	26060	0.002302	24412	24527
A24049T	S:A829A	60	7979	0.00752	24047	24100
T25272C	S:M1237T	59	37118	0.00159	25251	25325
T24991A C25000T	S:P1143P S:D1146D	59	18329	0.003219	24914	25041
T23599G C23604A T23633C	S:N679K S:P681H S:S691P	59	84758	0.000696	23580	23642
G24868-T C25000T	NA S:D1146D	59	14900	0.00396	24853	25016
G22813T T22882G A22893C T22917G C22945-A	S:K417N S:N440K S:K444T S:L452R NA	59	12621	0.004675	22801	22956
C23692T	S:N710N	59	50027	0.001179	23683	23718
A24424T T24469A C24536-A	S:Q954H S:N969K NA	59	26006	0.002269	24412	24562
G25278-T	NA	58	37246	0.001557	25262	25307
G22104-A C22120-A A22161-T	NA NA NA	58	9682	0.00599	22100	22187
C24981-T C25000T C25047T	NA S:D1146D S:P1162L	58	15044	0.003855	24857	25055
C21618T T21632-TACCCCCTG T21729C A21764-TACATG	S:T19I S:DEL25/27 S:L56S S:DEL69/70	58	5219	0.011113	21597	21802
A25295G	S:K1245E	58	37620	0.001542	25267	25324
A24424T T24469A C24536-AA	S:Q954H S:N969K NA	58	26006	0.00223	24412	24563
T23143-A T23164-A C23230-A	NA NA NA	57	1952	0.029201	23089	23246
G25173-A	NA	57	27445	0.002077	25143	25188
G24971+T C25000T	NA S:D1146S	57	15511	0.003675	24850	25010
G24690+T	NA	57	4251	0.013409	24626	24698
C23854A C23895T	S:N764K Unknown	57	17869	0.00319	23846	23895
T25263C	S:L1234P	56	36806	0.001521	25251	25324
T23599G C23604A A23656G	S:N679K S:P681H S:S698S	56	29254	0.001914	23593	23724
T22882G G22898A	S:N440K S:G446S	56	19055	0.002939	22877	22906
T22882G G22895C G22898A T22942G	S:N440K S:V445L S:G446S S:N460K	56	15174	0.003691	22877	22947
T22882G A22893C T22917G G22992A C22995A A23013C T23018G	S:N440K S:K444T S:L452R S:S477N S:T478K S:E484A S:F486V	56	1060	0.05283	22877	23038
G25320A	S:C1253Y	56	37945	0.001476	25282	25324
G22809-A G22813T T22882G A22893C T22917G	NA S:K417N S:N440K S:K444T S:L452R	56	15550	0.003601	22793	22923
C22120-A T22165-A	NA NA	56	10573	0.005297	22047	22187
A24922+T C25000T	NA S:D1146S	56	15223	0.003679	24872	25015
A23712+T C23887-A	NA NA	56	16018	0.003496	23683	23895
T21976-C G21987A T21990-TTA C22000A	NA S:G142D S:DEL144 S:H146Q	55	8323	0.006608	21967	22058
G21987A C22000-A A22002G T22016C C22033A	S:G142D NA S:K147R S:W152R S:F157L	55	8252	0.006665	21982	22058
C23525T A23534G T23599G C23604A	S:H655Y S:N658D S:N679K S:P681H	55	55495	0.000991	23488	23642
C23334-T A23403G C23423T	NA S:D614G S:P621S	55	14943	0.003681	23285	23443
A24885-T C24981-T C25000T	NA NA S:D1146D	55	14972	0.003674	24858	25007
A23570G T23599G C23604A	S:I670V S:N679K S:P681H	55	56015	0.000982	23499	23624
A23495G C23525T T23599G C23604A	S:T645A S:H655Y S:N679K S:P681H	55	54901	0.001002	23487	23624
T25307C	S:S1249P	54	37944	0.001423	25296	25325
C24878-A C24981-T C25000T	NA NA S:D1146D	54	14953	0.003611	24850	25063
C23525T T23599G C23604A C23615T	S:H655Y S:N679K S:P681H S:R685C	54	55464	0.000974	23501	23624
A24922-T C25000T	NA S:D1146D	54	15223	0.003547	24892	25008
A24652G	S:S1030S	54	21931	0.002462	24643	24655
A23558-T T23599G C23604A	NA S:N679K S:P681H	54	55860	0.000967	23487	23634
T25293C	S:L1244P	53	37571	0.001411	25251	25325
T24643-A	NA	53	21923	0.002418	24631	24654
T21605A C21618T T21632-TACCCCCTG A21764-TACATG	S:C15S S:T19I S:DEL25/27 S:DEL69/70	53	5173	0.010246	21597	21793
G25173-A T25191-A G25218-T C25262-T	NA NA NA NA	53	23784	0.002228	25130	25324
C23525T T23542C T23599G C23604A	S:H655Y S:Y660Y S:N679K S:P681H	53	55495	0.000955	23487	23622
C23525T C23556T T23599G C23604A	S:H655Y S:P665L S:N679K S:P681H	53	55495	0.000955	23501	23624
C23525T A23541G T23599G C23604A	S:H655Y S:Y660C S:N679K S:P681H	53	55495	0.000955	23488	23634
A25195G	S:K1211K	53	28373	0.001868	25182	25210
A23786+T C23887-A	NA NA	53	17881	0.002964	23767	23895
A23403G T23404-G	S:D614G NA	53	25352	0.002091	23365	23429
A23378T A23403G G23426-T	S:N606Y S:D614G NA	53	23949	0.002213	23354	23434
T25187+A	NA	52	27707	0.001877	25174	25210
T23487G C23525T T23599G C23604A	Unknown S:H655Y S:N679K S:P681H	52	26208	0.001984	23486	23637
T21990-TTA C22000A	S:DEL144 S:H146Q	52	9491	0.005479	21975	22032
C23525T T23599G C23604A A23623G	S:H655Y S:N679K S:P681H S:V687V	52	55446	0.000938	23488	23629
C23525T T23569C T23599G C23604A	S:H655Y S:G669G S:N679K S:P681H	52	55495	0.000937	23487	23637
C23525T T23546A T23599G C23604A	S:H655Y S:C662S S:N679K S:P681H	52	55495	0.000937	23519	23637
C23525T A23598G T23599G C23604A	S:H655Y S:N679R S:N679R S:P681H	52	55495	0.000937	23487	23624
A24424T T24471-TG	S:Q954H NA	52	26354	0.001973	24418	24563
A23594G T23599G C23604A	S:T678A S:N679K S:P681H	52	85687	0.000607	23580	23642
A21875-T G21987A	NA S:G142D	52	7176	0.007246	21867	21990
T25265C	S:C1235R	51	36861	0.001384	25251	25324
T23703-A	NA	51	50000	0.00102	23684	23716
T23599G C23604G	S:N679K S:P681R	51	85717	0.000595	23580	23642
A23523G C23525T T23599G C23604A	S:E654G S:H655Y S:N679K S:P681H	51	55495	0.000919	23487	23634
A22798+G G22813T T22882G A22893C T22917G	NA S:K417N S:N440Q S:K444S S:L452R	51	15286	0.003336	22793	22922
T23599G C23604A T23622C	S:N679K S:P681H S:V687A	50	85619	0.000584	23580	23637
T23599G C23604A A23670+T	S:N679K S:P681H NA	50	29152	0.001715	23586	23697
G22813T A22845-T T22882G A22893C T22917G	S:K417N NA S:N440K S:K444T S:L452R	50	15558	0.003214	22793	22929
T25304C	S:C1248R	49	37871	0.001294	25251	25325
T24492-A	NA	49	45616	0.001074	24481	24515
T23480+A	NA	49	10388	0.004717	23469	23539
G22813T T22882G G22895C T22896C G22898A G22933+T	S:K417N S:N440K S:V445P S:V445P S:G446S NA	49	14325	0.003421	22801	22940
C24119-A C24150+T	NA NA	49	4514	0.010855	24021	24161
C23525T T23599G C23604A C23630T	S:H655Y S:N679K S:P681H S:Q690*	49	54815	0.000894	23487	23637
C21618T C21622G T21632-TACCCCCTG A21764-TACATG	S:T19I S:T20T S:DEL25/27 S:DEL69/70	49	5219	0.009389	21606	21802
A24424T T24469A C24553T	S:Q954H S:N969K S:I997I	49	25885	0.001893	24412	24564
T23637-C	NA	48	85766	0.00056	23627	23724
T23581C T23599G C23604A	Unknown S:N679K S:P681H	48	85289	0.000563	23580	23642
G24868-T	NA	48	18167	0.002642	24857	24879
G23364T A23403G	S:G601V S:D614G	48	24229	0.001981	23335	23443
C25207+G	NA	48	29858	0.001608	25200	25325
C23525T T23599G C23604A C23609T	S:H655Y S:N679K S:P681H S:R683W	48	55481	0.000865	23516	23642
C23525T T23599G C23604A A23636G	S:H655Y S:N679K S:P681H S:I692V	48	54390	0.000883	23488	23642
C23103-T	NA	48	2650	0.018113	23089	23144
C22083-T C22120-A T22164-TA	NA NA NA	48	5507	0.008716	22028	22180
A23403G C23423G	S:D614G S:P621A	48	25045	0.001917	23397	23429
T23590C T23599G C23604A	S:T676T S:N679K S:P681H	47	85605	0.000549	23580	23624
T22882G T22942G	S:N440K S:N460K	47	15174	0.003097	22878	22960
T21934-A G21987A T21990-TTA A21999-C	NA S:G142D S:DEL144 NA	47	6305	0.007454	21919	22043
G22813T T22882G T22917G T22942G	S:K417N S:N440K S:L452R S:N460K	47	12880	0.003649	22801	22966
G21987A A22004G	S:G142D S:N148D	47	9271	0.00507	21983	22043
C23692T C23854A	S:N710N S:N764K	47	16641	0.002824	23683	23890
C23525T T23553C T23599G C23604A	S:H655Y S:I664T S:N679K S:P681H	47	55495	0.000847	23488	23634
A24424T G24488+T	S:Q954H NA	47	26299	0.001787	24412	24552
A24424T A24441G T24469A	S:Q954H S:N960S S:N969K	47	26383	0.001781	24412	24564
T23599G C23604A C23609T	S:N679K S:P681H S:R683W	46	85690	0.000537	23580	23642
T23599G C23604A A23665G	S:N679K S:P681H S:A701A	46	29179	0.001576	23580	23724
T23599G C23604A A23639G	S:N679K S:P681H S:I693V	46	83702	0.00055	23580	23642
T23333C A23403G	S:S591P S:D614G	46	15109	0.003045	23296	23429
G25218+T C25262-T	NA NA	46	31326	0.001468	25122	25300
C23525T A23554G T23599G C23604A	S:H655Y S:I664M S:N679K S:P681H	46	55495	0.000829	23501	23637
A24424T A24525G	S:Q954H S:E988G	46	26060	0.001765	24413	24564
A23513G C23525T T23599G C23604A	S:I651V S:H655Y S:N679K S:P681H	46	55403	0.00083	23487	23624
T25310C	S:C1250R	45	37948	0.001186	25237	25325
T25260C	S:M1233T	45	36663	0.001227	25255	25325
T23599G C23604A T23617C	S:N679K S:P681H S:R685R	45	85652	0.000525	23581	23642
T23599G C23604A G23675-T	S:N679K S:P681H NA	45	29123	0.001545	23580	23686
T23599G C23604A A23631G	S:N679K S:P681H S:Q690R	45	84814	0.000531	23580	23635
T23510C C23525T T23599G C23604A	S:L650L S:H655Y S:N679K S:P681H	45	55392	0.000812	23506	23638
G24933-T	NA	45	17906	0.002513	24896	24943
G24521+T	NA	45	45590	0.000987	24500	24532
G22813T T22917G T22942A	S:K417N S:L452R S:N460K	45	12880	0.003494	22793	22967
C25517-T G25555-T	NA NA	45	5230	0.008604	25372	25566
C25517-T	NA	45	5680	0.007923	25381	25528
C25000T C25100-A T25191-A	S:D1146D NA NA	45	2410	0.018672	24992	25198
C24466+A	NA	45	41027	0.001097	24465	24482
C23525T T23560C T23599G C23604A	S:H655Y S:I666I S:N679K S:P681H	45	55495	0.000811	23487	23624
A24922-T C24981-T C25000T	NA NA S:D1146D	45	15223	0.002956	24857	25015
A23524G C23525T T23599G C23604A	S:E654E S:H655Y S:N679K S:P681H	45	55495	0.000811	23502	23629
A23494G C23525T T23599G C23604A	S:Q644Q S:H655Y S:N679K S:P681H	45	54893	0.00082	23489	23637
A22161-T	NA	45	12467	0.00361	22145	22182
T23599G C23604A T23629C	S:N679K S:P681H S:S689S	44	84924	0.000518	23580	23642
T23599G C23604A G23675+T	S:N679K S:P681H NA	44	29123	0.001511	23580	23699
T23488C C23525T T23599G C23604A	Unknown S:H655Y S:N679K S:P681H	44	54359	0.000809	23487	23623
T21976-C G21987A T21990-TTA A21999-C	NA S:G142D S:DEL144 NA	44	8337	0.005278	21966	22058
T21856+A	NA	44	10019	0.004392	21848	21866
G23351-T A23403G	NA S:D614G	44	24081	0.001827	23296	23443
G22813T T22882G T22896C T22917G	S:K417N S:N440K S:V445A S:L452R	44	15558	0.002828	22800	22938
G22104-A	NA	44	10038	0.004383	22100	22115
C23525T T23599G C23604A A23632G	S:H655Y S:N679K S:P681H S:Q690Q	44	54701	0.000804	23487	23642
C23525T C23557T A23558-T T23599G C23604A	S:H655Y S:P665P NA S:N679K S:P681H	44	55495	0.000793	23505	23637
C22109G C22120-A	S:Q183E NA	44	10079	0.004366	22103	22139
A24803-T	NA	44	5703	0.007715	24781	24806
A24619G	S:R1019R	44	21831	0.002015	24612	24679
A24424T C24466+A	S:Q954H NA	44	26393	0.001667	24412	24478
A22001G T22016C	S:K147E S:W152R	44	11227	0.003919	21995	22020
T25319C	S:C1253R	43	37943	0.001133	25282	25325
T25251C	S:V1230A	43	33359	0.001289	25225	25325
T24469A C24536-A	S:N969K NA	43	40426	0.001064	24465	24559
T23509C C23525T T23599G C23604A	S:C649C S:H655Y S:N679K S:P681H	43	55382	0.000776	23487	23637
T22882G G22898A T22942G	S:N440K S:G446S S:N460K	43	15174	0.002834	22876	22947
T22164-TA	NA	43	12562	0.003423	22139	22182
G22813T T22861C T22882G G22898A	S:K417N S:V433V S:N440K S:G446S	43	16512	0.002604	22803	22903
C23525T T23599G C23604A T23633C	S:H655Y S:N679K S:P681H S:S691P	43	54681	0.000786	23487	23640
C23525T T23599G C23604A C23609-G	S:H655Y S:N679K S:P681H NA	43	55481	0.000775	23514	23624
C23525T T23540C T23599G C23604A	S:H655Y S:Y660H S:N679K S:P681H	43	55495	0.000775	23487	23624
C23525T A23539G T23599G C23604A	S:H655Y S:S659S S:N679K S:P681H	43	55495	0.000775	23487	23637
A25274G	S:T1238A	43	37175	0.001157	25252	25324
T25288C	S:S1242S	42	37440	0.001122	25273	25324
T23599G C23604A T23698C	S:N679K S:P681H S:I712I	42	28948	0.001451	23580	23715
T22882G G22895C	S:N440K S:V445L	42	19828	0.002118	22876	22906
G25287-T T25289C	NA S:C1243R	42	37409	0.001123	25257	25325
G23519A C23525T T23599G C23604A	S:A653T S:H655Y S:N679K S:P681H	42	55477	0.000757	23499	23642
G22813T T22882G A22941-T	S:K417N S:N440K NA	42	12952	0.003243	22793	22959
C25151+A	NA	42	27071	0.001551	25144	25182
A24424T T24511C	S:Q954H S:R983R	42	26163	0.001605	24412	24564
A23586G T23599G C23604A	S:Q675R S:N679K S:P681H	42	85542	0.000491	23580	23642
T23599G C23604A A23614G	S:N679K S:P681H S:A684A	41	85663	0.000479	23580	23634
T23514C C23525T T23599G C23604A	S:I651T S:H655Y S:N679K S:P681H	41	55414	0.00074	23487	23637
G23835-T	NA	41	19888	0.002062	23767	23847
G23505A C23525T T23599G C23604A	S:G648D S:H655Y S:N679K S:P681H	41	55231	0.000742	23489	23642
C23525T T23542C T23599G C23604A C23630T	S:H655Y S:Y660Y S:N679K S:P681H S:Q690*	41	54815	0.000748	23487	23634
C23502T C23525T T23599G C23604A	S:A647V S:H655Y S:N679K S:P681H	41	55172	0.000743	23488	23642
A24424T T24469A A24516G	S:Q954H S:N969K S:D985G	41	26134	0.001569	24412	24563
A23848+T	NA	41	19931	0.002057	23767	23873
T23599G C23604A A23639-T	S:N679K S:P681H NA	40	83702	0.000478	23580	23642
T23599G C23604A A23618G	S:N679K S:P681H S:S686G	40	85650	0.000467	23580	23642
T23434-C C23525T	NA S:H655Y	40	9678	0.004133	23421	23539
G23499A C23525T T23599G C23604A	S:R646H S:H655Y S:N679K S:P681H	40	54974	0.000728	23488	23629
C23492+A C23525T T23599G C23604A	NA S:H655S S:N679* S:P681Y	40	54579	0.000733	23486	23625
C22120-A T22200G G22218-T	NA S:V213G NA	40	3870	0.010336	22105	22240
C22062-T	NA	40	6079	0.00658	22052	22078
A23515+G T23599G C23604A	NA S:N679* S:P681Y	40	55427	0.000722	23487	23629
T25283C	S:C1241R	39	37321	0.001045	25254	25325
T23599G C23604A G23607A	S:N679K S:P681H S:R682Q	39	85692	0.000455	23580	23642
G23522A C23525T T23599G C23604A	S:E654K S:H655Y S:N679K S:P681H	39	55495	0.000703	23487	23624
G22813T T22882G A22893C T22917G C22950-T	S:K417N S:N440K S:K444T S:L452R NA	39	12489	0.003123	22801	22966
C25416T A25472-T	ORF3a:F8F NA	39	10231	0.003812	25381	25477
C24672-A T24689G G24690T	NA S:C1043V S:C1043V	39	3588	0.01087	24626	24701
C23833-A C23854A	NA S:N764K	39	19363	0.002014	23821	23886
C23525T T23599G C23604A T23605C	S:H655Y S:N679K S:P681H S:P681H	39	55486	0.000703	23501	23624
C23525T T23599G C23604A G23610A	S:H655Y S:N679K S:P681H S:R683Q	39	55477	0.000703	23487	23637
C23525T G23576A T23599G C23604A	S:H655Y S:A672T S:N679K S:P681H	39	55495	0.000703	23487	23642
C23188+T	NA	39	2392	0.016304	23089	23197
C22383+T	NA	39	6210	0.00628	22373	22394
A24424T C24503T	S:Q954H S:L981F	39	26216	0.001488	24412	24564
A23853-C C23887-A	NA NA	39	19011	0.002051	23711	23895
A21979-T G21987A C22000-A C22009-A	NA S:G142D NA NA	39	8415	0.004635	21867	22020
A21875-T A21979-T G21987A C22000-A	NA NA S:G142D NA	39	5804	0.00672	21850	22012
A21764-TACATG C21781-A	S:DEL69/70 NA	39	6063	0.006432	21747	21800
T25191-A G25218-T	NA NA	38	25057	0.001517	25130	25247
T23599G C23604A T23693C	S:N679K S:P681H S:S711P	38	28982	0.001311	23580	23724
T23599G C23604A T23680C	S:N679K S:P681H S:A706A	38	29072	0.001307	23580	23699
T23599G C23604A T23652C	S:N679K S:P681H S:M697T	38	29270	0.001298	23580	23705
T23599G C23604A A23648G	S:N679K S:P681H S:T696A	38	29300	0.001297	23580	23699
G24971+T C24981-T C25000T	NA NA S:D1146S	38	15511	0.00245	24850	25012
G22813T A22845-T T22882G T22942A	S:K417N NA S:N440K S:N460K	38	12880	0.00295	22803	22967
C23525T G23574A T23599G C23604A	S:H655Y S:C671Y S:N679K S:P681H	38	55495	0.000685	23492	23637
C23525T A23583G T23599G C23604A	S:H655Y S:Y674C S:N679K S:P681H	38	55495	0.000685	23501	23637
C21618T T21632-TACCCCCTG A21764-TACATG T21784G	S:T19I S:DEL25/27 S:DEL69/70 S:N74K	38	5187	0.007326	21606	21802
A25201+T	NA	38	28920	0.001314	25191	25325
A24604G	S:R1014R	38	17643	0.002154	24528	24679
T25309C	S:S1249S	37	37939	0.000975	25250	25323
T25237C	S:I1225I	37	33148	0.001116	25229	25317
T25140-A	NA	37	26911	0.001375	25130	25156
T23599G C23604A C23609-G G23666-A	S:N679K S:P681H NA NA	37	29172	0.001268	23580	23694
T23599G C23604A A23691G	S:N679K S:P681H S:N710S	37	28999	0.001276	23580	23693
T23599G C23604A A23668G	S:N679K S:P681H S:E702E	37	29157	0.001269	23580	23718
G25323A	S:C1254Y	37	37811	0.000979	25299	25325
G23955+T	NA	37	3353	0.011035	23941	23966
G23518A C23525T T23599G C23604A	S:G652G S:H655Y S:N679K S:P681H	37	55473	0.000667	23487	23637
G22813T T22882G G22895C	S:K417N S:N440K S:V445L	37	17282	0.002141	22798	22904
G22158-T	NA	37	12358	0.002994	22149	22192
G22037-T	NA	37	17313	0.002137	22030	22050
C23525T T23599G C23604A G23612A	S:H655Y S:N679K S:P681H S:A684T	37	55473	0.000667	23488	23640
C23525T T23599G C23604A C23625T	S:H655Y S:N679K S:P681H S:A688V	37	55419	0.000668	23487	23634
C22000-A	NA	37	10910	0.003391	21993	22012
A24885+T C24981-T C25000T	NA NA S:D1146S	37	14972	0.002471	24878	25004
A24424T A24433G	S:Q954H S:Q957Q	37	26651	0.001388	24412	24446
A24110-T C24119-A G24140-T	NA NA NA	37	4048	0.00914	24094	24173
A23712-T	NA	37	49676	0.000745	23699	23724
A23432+C	NA	37	25758	0.001436	23424	23439
G22809-A G22813T T22882G G22895C T22896C G22898A	NA S:K417N S:N440K S:V445P S:V445P S:G446S	36	16503	0.002181	22801	22907
C25416T C25427T	ORF3a:F8F ORF3a:T12I	36	10687	0.003369	25380	25477
C23525T T23599G C23604A T23626C	S:H655Y S:N679K S:P681H S:A688A	36	54909	0.000656	23492	23642
C23525T T23599G C23604A A23618G	S:H655Y S:N679K S:P681H S:S686G	36	55460	0.000649	23487	23624
A25420+T	NA	36	10745	0.00335	25381	25430
A25256+T C25262-T	NA NA	36	36545	0.000985	25252	25303
A24424T C24553T	S:Q954H S:I997I	36	25885	0.001391	24412	24564
A24424T C24444A T24469A	S:Q954H S:T961K S:N969K	36	26383	0.001365	24413	24564
A24318-C	NA	36	8481	0.004245	24302	24357
A23704+C	NA	36	50000	0.00072	23683	23723
T25301C	S:C1247R	35	37764	0.000927	25254	25325
T24658C	S:C1032C	35	21922	0.001597	24653	24661
T24628-A	NA	35	21904	0.001598	24612	24669
T23599G C23604A T23703C	S:N679K S:P681H S:I714T	35	28656	0.001221	23580	23716
T23599G C23604A T23658C	S:N679K S:P681H S:L699P	35	29225	0.001198	23580	23700
T23599G C23604A T23620C	S:N679K S:P681H S:S686S	35	85640	0.000409	23580	23642
T23599G C23604A A23702G	S:N679K S:P681H S:I714V	35	28671	0.001221	23580	23724
G21987A T22016C C22033A	S:G142D S:W152R S:F157L	35	8252	0.004241	21981	22043
C24899-A	NA	35	18025	0.001942	24891	24916
C24422-A T24469A	NA S:N969K	35	26373	0.001327	24413	24561
C24263-A	NA	35	8395	0.004169	24229	24273
C23991-A	NA	35	3471	0.010084	23977	24106
C23887-A C23929-A	NA NA	35	1761	0.019875	23790	23942
C23525T A23570G T23599G C23604A C23609T	S:H655Y S:I670V S:N679K S:P681H S:R683W	35	55481	0.000631	23487	23634
C23358T	S:T599I	35	25232	0.001387	23342	23363
C21618T T21632-TACCCCCTG C21781-A	S:T19I S:DEL25/27 NA	35	5193	0.00674	21604	21802
A24424T C24517-A C24536-A	S:Q954H NA NA	35	26006	0.001346	24412	24564
A24103G	S:R847R	35	8129	0.004306	24021	24106
A23403G T23482-A C23525T	S:D614G NA S:H655Y	35	8389	0.004172	23396	23535
A23403G C23481T C23525T	S:D614G S:S640F S:H655Y	35	8389	0.004172	23382	23532
A23403G C23423T C23525T	S:D614G S:P621S S:H655Y	35	8389	0.004172	23370	23529
T23742-A	NA	34	18955	0.001794	23683	23752
T23599G C23604A G23666-A A23711-AT	S:N679K S:P681H NA NA	34	28370	0.001198	23580	23724
T23599G C23604A C23609-G	S:N679K S:P681H NA	34	85690	0.000397	23580	23640
T23511+A C23525T	NA S:H655S	34	68868	0.000494	23487	23529
G24488+T	NA	34	45482	0.000748	24476	24499
G23364-A A23403G C23525T	NA S:D614G S:H655Y	34	7484	0.004543	23349	23539
G22813T T22882G A22893C G22898A T22917G	S:K417N S:N440K S:K444T S:G446S S:L452R	34	15558	0.002185	22793	22927
G21956T G21987A	S:E132* S:G142D	34	8341	0.004076	21943	22058
C25207G	S:Y1215*	34	29858	0.001139	25203	25325
C25000T T25072-G C25100-A	S:D1146D NA NA	34	2540	0.013386	24990	25181
C24980T C25000T	S:P1140S S:D1146D	34	15594	0.00218	24904	25066
C24878-A	NA	34	18135	0.001875	24857	24889
C23585T T23599G C23604A	S:Q675* S:N679K S:P681H	34	85528	0.000398	23580	23700
C23525T T23596C T23599G C23604A	S:H655Y S:T678T S:N679K S:P681H	34	55495	0.000613	23504	23624
C23525T G23547A T23599G C23604A	S:H655Y S:C662Y S:N679K S:P681H	34	55495	0.000613	23487	23642
A25133G	S:K1191E	34	26705	0.001273	25130	25161
T25560C	ORF3a:F56F	33	5218	0.006324	25372	25566
T25291C	S:C1243C	33	37505	0.00088	25267	25325
T25258C	S:I1232I	33	36621	0.000901	25219	25324
T25232C	S:L1224L	33	33068	0.000998	25219	25320
T23916+A G23948T	NA S:D796*	33	1354	0.024372	23908	23978
T23511+A	NA	33	69715	0.000473	23487	23520
T22882G T22896C G22898A	S:N440K S:V445A S:G446S	33	19055	0.001732	22877	22930
G24570-T	NA	33	17832	0.001851	24532	24672
G23835-T C23887-A	NA NA	33	18476	0.001786	23767	23895
G22809-A G22813T T22882G	NA S:K417N S:N440K	33	17609	0.001874	22794	22889
G21987A T21990-TTA G22021A	S:G142D S:DEL144 S:M153I	33	8492	0.003886	21975	22058
C25000T A25026-T	S:D1146D NA	33	17992	0.001834	24990	25040
C24878-A C25000T	NA S:D1146D	33	14953	0.002207	24868	25034
C23367-A	NA	33	25097	0.001315	23336	23383
C22083-T G22104-A C22120-A T22164-TA	NA NA NA NA	33	5507	0.005992	22030	22192
A24895G C25000T	S:E1111E S:D1146D	33	15083	0.002188	24857	25017
A24508G	S:S982S	33	45621	0.000723	24495	24535
A23598G T23599G C23604A	S:N679R S:N679R S:P681H	33	85711	0.000385	23580	23642
T25219C	S:G1219G	32	31678	0.00101	25213	25323
T23599G C23604A T23659C	S:N679K S:P681H S:L699L	32	29217	0.001095	23580	23705
T23599G C23604A T23637C	S:N679K S:P681H S:I692T	32	84378	0.000379	23581	23642
T23599G C23604A A23623G	S:N679K S:P681H S:V687V	32	85607	0.000374	23581	23642
T23143-A T23164-A	NA NA	32	2605	0.012284	23104	23176
T22200G G22218-T	S:V213G NA	32	4765	0.006716	22194	22248
G23768-T C23887-A	NA NA	32	17772	0.001801	23697	23895
G22813T T22882G G22895C G22898A T22942G	S:K417N S:N440K S:V445L S:G446S S:N460K	32	12880	0.002484	22801	22960
G22813T A22845-T T22882G G22895C T22896C G22898A	S:K417N NA S:N440K S:V445P S:V445P S:G446S	32	16512	0.001938	22793	22907
G22809A G22813T T22882G G22895C T22896C G22898A	S:G416E S:K417N S:N440K S:V445P S:V445P S:G446S	32	16503	0.001939	22793	22907
C25000T A25022G	S:D1146D S:K1154E	32	18045	0.001773	24991	25046
C23525T T23571C T23599G C23604A	S:H655Y S:I670T S:N679K S:P681H	32	55495	0.000577	23487	23624
C23525T C23575T T23599G C23604A	S:H655Y S:C671C S:N679K S:P681H	32	55495	0.000577	23487	23637
C23525T C23565T T23599G C23604A	S:H655Y S:A668V S:N679K S:P681H	32	55495	0.000577	23492	23634
C23498T C23525T T23599G C23604A	S:R646C S:H655Y S:N679K S:P681H	32	54940	0.000582	23487	23642
C21888-T	NA	32	10001	0.0032	21848	21902
C21552+A C21618T T21632-TACCCCCTG	NA S:T19F S:DEL25/27	32	1179	0.027142	21545	21664
A25208+T C25262-T	NA NA	32	27630	0.001158	25127	25325
A24885+T C25000T	NA S:D1146S	32	14972	0.002137	24850	25013
A24525G	S:E988G	32	45567	0.000702	24509	24564
A24424T T24469A T24511C	S:Q954H S:N969K S:R983R	32	26163	0.001223	24412	24564
A24424T T24469A T24504C	S:Q954H S:N969K S:L981P	32	26213	0.001221	24412	24563
A23770G C23854A	S:V736V S:N764K	32	18695	0.001712	23686	23881
A22135+G	NA	32	12001	0.002666	22100	22143
T25228C	S:A1222A	31	32948	0.000941	25219	25325
T25221C	S:F1220S	31	32498	0.000954	25159	25325
T24469A C24517-A C24672-A	S:N969K NA NA	31	12868	0.002409	24465	24679
T23599G C23604A T23681C	S:N679K S:P681H S:Y707H	31	29061	0.001067	23580	23705
T23355-A C23358T A23403G C23525T	NA S:T599I S:D614G S:H655Y	31	7441	0.004166	23335	23538
T23355-A C23358T	NA S:T599I	31	25217	0.001229	23342	23369
T22917G	S:L452R	31	19287	0.001607	22912	22920
G22813T T22882G T22942A C22950-T	S:K417N S:N440K S:N460K NA	31	12489	0.002482	22795	22967
G21578-T C21618T T21632-TACCCCCTG	NA S:T19I S:DEL25/27	31	1815	0.01708	21571	21657
C25162A C25163A C25262-T	S:L1200L S:Q1201K NA	31	23575	0.001315	25130	25324
C23525T T23599G C23604A G23608A	S:H655Y S:N679K S:P681H S:R682R	31	55483	0.000559	23487	23642
C23525T T23599G C23604A C23634T	S:H655Y S:N679K S:P681H S:S691F	31	54665	0.000567	23499	23637
C23525T T23599G C23604A A23639G	S:H655Y S:N679K S:P681H S:I693V	31	53686	0.000577	23487	23642
C23525T A23597G T23599G C23604A	S:H655Y S:N679E S:N679E S:P681H	31	55495	0.000559	23487	23633
C23525T A23579G T23599G C23604A	S:H655Y S:S673G S:N679K S:P681H	31	55495	0.000559	23487	23637
A25241G	S:I1227V	31	33210	0.000933	25232	25324
A24424T C24503-T	S:Q954H NA	31	26216	0.001182	24412	24519
A24253-T C24263-A	NA NA	31	8334	0.00372	24229	24304
A24253-T A24323-AAT	NA S:DEL922	31	7482	0.004143	24229	24337
A24110-T C24150+T	NA NA	31	3992	0.007766	24021	24191
A23403G G23477T C23525T	S:D614G S:G639C S:H655Y	31	8389	0.003695	23351	23532
A23403G A23474+T C23525T	S:D614G NA S:H655S	31	8389	0.003695	23397	23539
T25303C	S:C1247C	30	37826	0.000793	25276	25323
T25251G	S:V1230G	30	33359	0.000899	25242	25324
T24469A A24612T	S:N969K S:E1017V	30	13243	0.002265	24465	24676
T23599G C23604A C23709-A	S:N679K S:P681H NA	30	28440	0.001055	23580	23717
T23434-C	NA	30	25477	0.001178	23421	23443
T22882G T22917G T22942A G22992A C22995A A23013C T23018G	S:N440K S:L452R S:N460K S:S477N S:T478K S:E484A S:F486V	30	1060	0.028302	22876	23047
T22882G A22893C G22992A C22995A A23013C T23018G	S:N440K S:K444T S:S477N S:T478K S:E484A S:F486V	30	1060	0.028302	22877	23047
T21864+A	NA	30	10024	0.002993	21847	21875
G23508+T C23525T T23599G C23604A	NA S:H655S S:N679* S:P681Y	30	55352	0.000542	23499	23634
G22813T T22882G A22893C T22917G G22927-T	S:K417N S:N440K S:K444T S:L452R NA	30	14824	0.002024	22801	22939
G21901-A	NA	30	10012	0.002996	21847	21912
C24632-T	NA	30	21926	0.001368	24612	24679
C23525T G23580-T T23599G C23604A	S:H655Y NA S:N679K S:P681H	30	55495	0.000541	23492	23637
C23525T C23557T A23572G T23599G C23604A	S:H655Y S:P665P S:I670M S:N679K S:P681H	30	55495	0.000541	23487	23642
C23492+A	NA	30	68949	0.000435	23486	23502
C22000A A22002G	S:H146Q S:K147R	30	10889	0.002755	21993	22058
A24677G	S:R1039G	30	21767	0.001378	24612	24679
A24424T T24469A A24508G	S:Q954H S:N969K S:S982S	30	26186	0.001146	24412	24564
A23780G C23854A	S:M740V S:N764K	30	18759	0.001599	23683	23895
T25270C	S:C1236C	29	37067	0.000782	25265	25325
T25139C C25262-T	S:L1193L NA	29	22865	0.001268	25122	25324
T24689G G24690T	S:C1043V S:C1043V	29	4231	0.006854	24626	24698
T23689-A	NA	29	49999	0.00058	23683	23706
T23599G C23604A T23677C	S:N679K S:P681H S:V705V	29	29109	0.000996	23580	23680
T23599G C23604A T23676C	S:N679K S:P681H S:V705A	29	29115	0.000996	23580	23687
T23599G C23604A T23672C	S:N679K S:P681H S:S704P	29	29140	0.000995	23581	23724
T23164-A	NA	29	2641	0.010981	23096	23180
T22882G G22898A T22942G G22992A C22995A A23013C T23031C	S:N440K S:G446S S:N460K S:S477N S:T478K S:E484A S:F490S	29	1045	0.027751	22876	23032
G25198-C	NA	29	28543	0.001016	25184	25324
G24992-A	NA	29	18470	0.00157	24975	25069
G24164-A	NA	29	10832	0.002677	24156	24182
G23384-T A23403G	NA S:D614G	29	24616	0.001178	23371	23423
C25262-T C25416T	NA ORF3a:F8F	29	2803	0.010346	25251	25443
C24026-T C24119-A	NA NA	29	3882	0.00747	24021	24138
C23525T T23599G C23604A A23639-T	S:H655Y S:N679K S:P681H NA	29	53686	0.00054	23487	23642
C23525T A23526G T23599G C23604A	S:H655C S:H655C S:N679K S:P681H	29	55495	0.000523	23487	23624
C23099-T	NA	29	2645	0.010964	23089	23111
C22802-A G22813T T22882G A22893C T22917G	NA S:K417N S:N440K S:K444T S:L452R	29	15446	0.001878	22793	22927
C21978A G21987A T21990-TTA A21999-C	S:P139Q S:G142D S:DEL144 NA	29	8670	0.003345	21959	22058
A25164G	S:Q1201R	29	27460	0.001056	25136	25210
A24670G	S:Q1036Q	29	21771	0.001332	24642	24679
A24424T T24438+A	S:Q954H NA	29	26619	0.001089	24421	24460
A24424T A24508G	S:Q954H S:S982S	29	26186	0.001107	24412	24554
A23592G T23599G C23604A	S:Q677R S:N679K S:P681H	29	85633	0.000339	23580	23642
A23274G A23403G	S:D571G S:D614G	29	14592	0.001987	23270	23443
A21964-T	NA	29	10854	0.002672	21847	21973
T25233C	S:L1224S	28	33084	0.000846	25218	25325
T25220C	S:F1220L	28	32438	0.000863	25174	25316
T25152C	S:L1197P	28	27324	0.001025	25124	25175
T24643+A	NA	28	21923	0.001277	24624	24671
T23599G C23604A A23627G	S:N679K S:P681H S:S689G	28	84971	0.00033	23580	23642
T23584C T23599G C23604A	S:Y674Y S:N679K S:P681H	28	85512	0.000327	23580	23642
T22917G T22942A	S:L452R S:N460K	28	16362	0.001711	22912	22967
T21984C G21987A	S:L141S S:G142D	28	10689	0.00262	21867	21993
G23504A C23525T T23599G C23604A	S:G648S S:H655Y S:N679K S:P681H	28	55207	0.000507	23492	23642
G22813T T22882G G22895C T22896C G22898A T22921-AG T22942G	S:K417N S:N440K S:V445P S:V445P S:G446S NA S:N460K	28	12880	0.002174	22799	22949
G21569-T C21618T T21632-TACCCCCTG	NA S:T19I S:DEL25/27	28	1509	0.018555	21553	21653
G21569-T	NA	28	1928	0.014523	21451	21581
C25000T A25056-T	S:D1146D NA	28	17742	0.001578	24990	25065
C24134A	S:L858I	28	5403	0.005182	24130	24166
C23854A A23886G	S:N764K S:D775G	28	19045	0.00147	23732	23895
C23709-A	NA	28	49787	0.000562	23702	23721
C23595T T23599G C23604A	S:T678I S:N679K S:P681H	28	85689	0.000327	23593	23724
C23525T T23599G C23604A T23633+C	S:H655Y S:N679K S:P681H NA	28	54681	0.000512	23493	23641
C23525T G23564A T23599G C23604A	S:H655Y S:A668T S:N679K S:P681H	28	55495	0.000505	23505	23631
A25235G	S:I1225V	28	33128	0.000845	25220	25325
A25235-T	NA	28	33128	0.000845	25220	25323
A24424T T24469A T24489C	S:Q954H S:N969K S:V976A	28	26292	0.001065	24412	24559
A24323-AAT	S:DEL922	28	8235	0.0034	24229	24337
A24110-T C24119-A C24150+T	NA NA NA	28	3992	0.007014	24021	24172
A23359G A23403G	S:T599T S:D614G	28	24198	0.001157	23335	23432
T25382+A	NA	27	10911	0.002475	25372	25392
T25209C	S:I1216T	27	30676	0.00088	25185	25325
T24499+A	NA	27	45625	0.000592	24486	24508
T23599G C23604A T23684C	S:N679K S:P681H S:S708P	27	29048	0.000929	23581	23724
T23599G C23604A T23640C	S:N679K S:P681H S:I693T	27	83614	0.000323	23580	23642
T23599G C23604A A23674G	S:N679K S:P681H S:S704S	27	29130	0.000927	23580	23724
T21861+A	NA	27	10025	0.002693	21847	21870
G25540+T	NA	27	5329	0.005067	25372	25559
G22813T A22845-T T22882G T22917G T22942A	S:K417N NA S:N440K S:L452R S:N460K	27	12880	0.002096	22793	22964
G22487-A G22577C G22578A	NA S:G339H S:G339H	27	1067	0.025305	22376	22581
C25276-A	NA	27	37208	0.000726	25262	25325
C23887-A G23903-T	NA NA	27	1870	0.014439	23767	23910
C23525T T23599G C23604A T23641C	S:H655Y S:N679K S:P681H S:I693I	27	53501	0.000505	23487	23642
C23525T T23599G C23604A G23624A	S:H655Y S:N679K S:P681H S:A688T	27	55429	0.000487	23501	23642
C23525T T23599G C23604A G23616A	S:H655Y S:N679K S:P681H S:R685H	27	55463	0.000487	23487	23624
C23525T T23559C T23599G C23604A	S:H655Y S:I666T S:N679K S:P681H	27	55495	0.000487	23487	23624
C23492-A C23525T	NA S:H655Y	27	67772	0.000398	23487	23529
C22109G T22200A G22218-T G22317T	S:Q183E S:V213E NA S:G252V	27	2832	0.009534	22104	22319
C21618T T21632-TACCCCCTG C21736-T A21764-TACATG C21781-A	S:T19I S:DEL25/27 NA S:DEL69/70 NA	27	5193	0.005199	21597	21802
C21618T T21632-TACCCCCTG C21736-T	S:T19I S:DEL25/27 NA	27	5246	0.005147	21606	21759
A25255G	S:T1231T	27	36545	0.000739	25251	25315
A25137-T C25262-T	NA NA	27	22821	0.001183	25122	25283
A24674G	S:K1038E	27	21789	0.001239	24612	24679
A24646G	S:K1028K	27	21950	0.00123	24612	24666
A24424T T24506C	S:Q954H S:S982P	27	26204	0.00103	24412	24564
A24324T	S:K921I	27	8159	0.003309	24229	24328
A23474+T T23480+A	NA NA	27	10303	0.002621	23461	23539
A21979-T	NA	27	11763	0.002295	21847	21995
T25316C	S:S1252P	26	38001	0.000684	25290	25325
T25280C	S:C1240R	26	37274	0.000698	25251	25316
T23850+A	NA	26	19944	0.001304	23770	23865
T23783C C23854A	S:Y741H S:N764K	26	18780	0.001384	23683	23881
T23599G C23604A A23690G	S:N679K S:P681H S:N710D	26	29007	0.000896	23580	23700
T23599G C23604A A23636G	S:N679K S:P681H S:I692V	26	84450	0.000308	23580	23642
T23490C C23525T T23599G C23604A	S:F643S S:H655Y S:N679K S:P681H	26	54558	0.000477	23486	23630
T22882G A22893C C22995A A23013C T23018G	S:N440K S:K444T S:T478K S:E484A S:F486V	26	1060	0.024528	22877	23033
G25177+A	NA	26	27456	0.000947	25167	25325
G24488-T C24517-A	NA NA	26	44976	0.000578	24473	24529
G23808A C23854A	S:C749Y S:N764K	26	19047	0.001365	23799	23891
G22813T T22882G G22895C G22898A T22900-G	S:K417N S:N440K S:V445L S:G446S NA	26	16471	0.001579	22793	22915
G22487-A G22578A	NA S:G339D	26	1067	0.024367	22368	22581
G22104-A C22120-A T22165-A	NA NA NA	26	9662	0.002691	22025	22192
C24672-A G24690+T	NA NA	26	3588	0.007246	24612	24699
C24536-AA	NA	26	45478	0.000572	24516	24560
C24119-A G24124-T	NA NA	26	4686	0.005548	24021	24140
C23833T C23854A	S:G757G S:N764K	26	19363	0.001343	23829	23873
C23758+A	NA	26	18795	0.001383	23712	23774
C23525T T23599G C23604A C23613T	S:H655Y S:N679K S:P681H S:A684V	26	55471	0.000469	23487	23624
C23525T T23599G C23604A C23606T	S:H655Y S:N679K S:P681H S:R682W	26	55486	0.000469	23487	23637
C23525T T23599G C23601T C23604A	S:H655Y S:N679K S:S680F S:P681H	26	55495	0.000469	23487	23625
C23498A C23525T T23599G C23604A	S:R646S S:H655Y S:N679K S:P681H	26	54940	0.000473	23487	23624
C23230-A	NA	26	2088	0.012452	23119	23243
C22109G C22120-A T22200A G22218-T G22317T	S:Q183E NA S:V213E NA S:G252V	26	2832	0.009181	22103	22319
A25325G	Unknown	26	37672	0.00069	25295	25325
A25253G C25262-T	S:T1231A NA	26	36446	0.000713	25251	25323
A25247G	S:M1229V	26	33306	0.000781	25223	25324
A25137+T	NA	26	26839	0.000969	25122	25147
A24424T G24521+T	S:Q954H NA	26	26080	0.000997	24415	24564
A24110-T C24119-A T24126-TA	NA NA NA	26	4143	0.006276	24021	24147
A24014-T	NA	26	3524	0.007378	23974	24106
A23999G	S:S813G	26	3490	0.00745	23978	24106
A23720-T	NA	26	49361	0.000527	23705	23724
A23512G C23525T T23599G C23604A	S:L650L S:H655Y S:N679K S:P681H	26	55396	0.000469	23508	23634
A21875+T	NA	26	10057	0.002585	21867	21892
T25264C	S:L1234L	25	36842	0.000679	25219	25325
T25257C	S:I1232T	25	36608	0.000683	25241	25325
T25150C	S:S1196S	25	27069	0.000924	25137	25190
T24625C	S:S1021S	25	21854	0.001144	24612	24670
T23599G C23604A G23666+A	S:N679K S:P681H NA	25	29172	0.000857	23581	23724
T23599G C23604A A23646G	S:N679K S:P681H S:Y695C	25	29312	0.000853	23580	23699
T23482-A C23525T	NA S:H655Y	25	10217	0.002447	23446	23539
T23335C A23403G	S:S591S S:D614G	25	15120	0.001653	23296	23443
T23143-A C23230-A	NA NA	25	1952	0.012807	23089	23244
T22882G T22942A	S:N440K S:N460K	25	15174	0.001648	22846	22949
T22807C G22813T T22882G A22893C T22917G	S:T415T S:K417N S:N440K S:K444T S:L452R	25	15512	0.001612	22793	22931
T21934-A G21987A A21993-TTACC A21999C	NA S:G142D NA S:H146P	25	6305	0.003965	21847	22058
G24992-A C25000T	NA S:D1146D	25	18340	0.001363	24954	25068
G24488-T C24672-A	NA NA	25	16508	0.001514	24473	24679
G23735+A	NA	25	19050	0.001312	23695	23745
G22813T T22882G G22895C T22896C	S:K417N S:N440K S:V445P S:V445P	25	16520	0.001513	22793	22907
G22813T A22893C T22917G	S:K417N S:K444T S:L452R	25	15558	0.001607	22808	22927
C25239T	S:A1226V	25	33193	0.000753	25219	25317
C25000T T25063C	S:D1146D S:G1167G	25	17633	0.001418	24990	25064
C24981-T T24991A C25000T	NA S:P1143P S:D1146D	25	15596	0.001603	24850	25058
C24422-A	NA	25	28920	0.000864	24412	24424
C23525T T23599G C23604A C23630-A	S:H655Y S:N679K S:P681H NA	25	54815	0.000456	23498	23642
C23525T G23568A T23599G C23604A	S:H655Y S:G669D S:N679K S:P681H	25	55495	0.00045	23487	23624
C23525T C23555T T23599G C23604A	S:H655Y S:P665S S:N679K S:P681H	25	55495	0.00045	23487	23642
C23423T	S:P621S	25	26388	0.000947	23404	23426
C22083-T	NA	25	5898	0.004239	22049	22107
C21618T T21632-TACCCCCTG G21686-T A21764-TACATG	S:T19I S:DEL25/27 NA S:DEL69/70	25	5219	0.00479	21608	21780
A25225G	S:I1221M	25	32794	0.000762	25217	25325
A25182G	S:E1207G	25	27559	0.000907	25138	25199
A24993G C25000T	S:E1144G S:D1146D	25	18362	0.001362	24990	25069
A24922-T	NA	25	17956	0.001392	24850	24935
A24922+T	NA	25	17956	0.001392	24852	24939
A24424T C24503-T C24517-A	S:Q954H NA NA	25	26126	0.000957	24412	24564
A24423+T	NA	25	28913	0.000865	24412	24424
A23712-T C23854A	NA S:N764K	25	16890	0.00148	23683	23890
A23403G T23431C	S:D614G S:A623A	25	24271	0.00103	23335	23443
T25191+A C25262-T	NA NA	24	24907	0.000964	25130	25325
T24650C	S:S1030P	24	21927	0.001095	24631	24676
T24470-TTG	S:DEL971	24	41676	0.000576	24466	24502
T23599G G23666-A	S:N679K NA	24	29172	0.000823	23580	23724
T23599G C23604A T23697C	S:N679K S:P681H S:I712T	24	28956	0.000829	23580	23724
T23599G C23604A G23621A	S:N679K S:P681H S:V687I	24	85631	0.00028	23580	23724
T23599G C23604A A23708G	S:N679K S:P681H S:T716A	24	28455	0.000843	23581	23724
T23599G C23604A A23704+C	S:N679K S:P681H NA	24	28640	0.000838	23593	23724
T23599G C23604A A23670G	S:N679K S:P681H S:N703S	24	29152	0.000823	23587	23724
T23596C T23599G C23604A	S:T678T S:N679K S:P681H	24	85710	0.00028	23580	23642
T23355-A C23358T C23525T	NA S:T599I S:H655Y	24	7441	0.003225	23339	23539
T22016C	S:W152R	24	11545	0.002079	22010	22044
G25173-A T25191-A	NA NA	24	26974	0.00089	25122	25211
G25173-A G25218-T C25262-T	NA NA NA	24	23784	0.001009	25130	25284
G23477T C23525T	S:G639C S:H655Y	24	10088	0.002379	23458	23539
G22813T T22882G A22893C G22898A T22942G	S:K417N S:N440K S:K444T S:G446S S:N460K	24	12880	0.001863	22798	22961
C24981-T C25000T T25021-A	NA S:D1146D NA	24	15267	0.001572	24850	25069
C23604A G23666-A	S:P681H NA	24	29224	0.000821	23592	23706
C23525T T23599G C23604A T23637-C	S:H655Y S:N679K S:P681H NA	24	54327	0.000442	23488	23642
C23525T T23599G C23604A A23627G	S:H655Y S:N679K S:P681H S:S689G	24	54856	0.000438	23493	23642
C23525T A23558G C23604A	S:H655Y S:I666V S:P681H	24	55495	0.000432	23492	23633
C23334-T G23402-A	NA NA	24	15122	0.001587	23269	23411
C22802-A G22813T T22882G G22895C T22896C G22898A	NA S:K417N S:N440K S:V445P S:V445P S:G446S	24	16394	0.001464	22793	22907
A25137-T	NA	24	26839	0.000894	25126	25147
A24516G	S:D985G	24	45607	0.000526	24476	24552
A24424T T24487C	S:Q954H S:S975S	24	26303	0.000912	24413	24564
A24424T A24516G	S:Q954H S:D985G	24	26134	0.000918	24412	24550
A24253-T A24324-AT	NA NA	24	7399	0.003244	24233	24336
A23403G T23514C C23525T	S:D614G S:I651T S:H655Y	24	8389	0.002861	23394	23539
A23403G G23486-T	S:D614G NA	24	8530	0.002814	23376	23524
A21875-T A21964-T	NA NA	24	9098	0.002638	21850	21982
T25279C	S:S1239S	23	37261	0.000617	25269	25313
T24656C	S:C1032R	23	21923	0.001049	24612	24679
T24469A G24546T	S:N969K S:R995M	23	40289	0.000571	24465	24661
T24469A C24621-T	S:N969K NA	23	13168	0.001747	24465	24676
T23599G C23604A T23626C	S:N679K S:P681H S:A688A	23	85034	0.00027	23580	23641
T23599G C23604A C23635T	S:N679K S:P681H S:S691S	23	84628	0.000272	23581	23642
T23482-A	NA	23	10442	0.002203	23465	23529
T23350C A23403G	S:S596S S:D614G	23	24078	0.000955	23269	23443
G24868-T C24981-T C25000T	NA NA S:D1146D	23	14900	0.001544	24853	25024
G22813T T22882G T22896C T22942G	S:K417N S:N440K S:V445A S:N460K	23	12880	0.001786	22793	22967
G22813T T22882G A22893C T22917G A22941-T	S:K417N S:N440K S:K444T S:L452R NA	23	12952	0.001776	22793	22950
G21987A A21999G	S:G142D S:H146R	23	9325	0.002466	21981	22014
C25199T	S:P1213S	23	28668	0.000802	25190	25207
C25000T T25072-G	S:D1146D NA	23	2632	0.008739	24990	25084
C24981-T C25000T A25056-T	NA S:D1146D NA	23	14995	0.001534	24850	25069
C24553T	S:I997I	23	45306	0.000508	24511	24554
C24503-T	NA	23	45601	0.000504	24490	24542
C23854A G23858A	S:N764K S:A766T	23	19855	0.001158	23827	23895
C23525T T23599G C23604A T23640C	S:H655Y S:N679K S:P681H S:I693T	23	53607	0.000429	23487	23642
C23525T T23599G C23604A G23642A	S:H655Y S:N679K S:P681H Unknown	23	53437	0.00043	23487	23642
C23525T A23570G T23599G	S:H655Y S:I670V S:N679K	23	55517	0.000414	23487	23642
C23525T A23554-C T23599G C23604A	S:H655Y NA S:N679K S:P681H	23	55495	0.000414	23487	23634
C23334-T C23367-A A23403G	NA NA S:D614G	23	15118	0.001521	23269	23434
A25448G	ORF3a:E19G	23	10486	0.002193	25381	25477
A25315+G	NA	23	38011	0.000605	25307	25324
A25176G	S:K1205R	23	27465	0.000837	25138	25190
A25154G	S:I1198V	23	27348	0.000841	25122	25158
A25137+T C25262-T	NA NA	23	22821	0.001008	25122	25325
A24917G C25000T	S:N1119D S:D1146D	23	15208	0.001512	24869	25019
A24885+T	NA	23	18060	0.001274	24867	24897
A24669G	S:Q1036R	23	21788	0.001056	24612	24679
A24518G	S:K986E	23	45632	0.000504	24480	24564
A24424T T24514C	S:Q954H S:L984L	23	26145	0.00088	24412	24564
A24424T T24489C	S:Q954H S:V976A	23	26292	0.000875	24412	24564
A24190G	S:A876A	23	10587	0.002172	24162	24191
A24110-T G24140-T	NA NA	23	4048	0.005682	24101	24175
A24070T	S:Q836H	23	8015	0.00287	24065	24098
A23756G C23854A	S:T732A S:N764K	23	17027	0.001351	23734	23895
A23736G C23854A	S:E725G S:N764K	23	16963	0.001356	23683	23895
A23558G T23599G C23604A	S:I666V S:N679K S:P681H	23	55860	0.000412	23542	23625
A23403G G23522-A C23525T	S:D614G NA S:H655Y	23	8389	0.002742	23390	23532
A21875-T A21979-T G21987A	NA NA S:G142D	23	7176	0.003205	21847	21991
T25291G	S:C1243W	22	37505	0.000587	25281	25312
T25236C	S:I1225T	22	33138	0.000664	25218	25264
T25171C	S:L1203L	22	27447	0.000802	25122	25325
T25159C C25262-T	S:D1199D NA	22	23520	0.000935	25138	25325
T25140-A T25191-A C25262-T	NA NA NA	22	22882	0.000961	25122	25295
T24505C	S:L981L	22	45622	0.000482	24485	24523
T24469A A24518T	S:N969K S:K986*	22	40659	0.000541	24465	24578
T24371-C A24424T	NA S:Q954H	22	2147	0.010247	24351	24424
T23599G C23604A T23689C	S:N679K S:P681H S:N709N	22	29013	0.000758	23580	23706
T23599G C23604A T23686C	S:N679K S:P681H S:S708S	22	29025	0.000758	23580	23700
T23599G C23604A G23624A	S:N679K S:P681H S:A688T	22	85585	0.000257	23580	23642
T23599G C23604A G23608A	S:N679K S:P681H S:R682R	22	85692	0.000257	23581	23642
T23599G C23604A C23643T	S:N679K S:P681H S:A694V	22	83278	0.000264	23580	23724
T23599G C23604A A23687G	S:N679K S:P681H S:N709D	22	29023	0.000758	23580	23724
T23511+A T23599G C23604A	NA S:N679* S:P681Y	22	55392	0.000397	23501	23642
T23394C A23403G	S:L611P S:D614G	22	25030	0.000879	23385	23429
G22813T A22845-T T22882G	S:K417N NA S:N440K	22	17621	0.001249	22803	22888
G22809-A G22813T T22882G T22917G	NA S:K417N S:N440K S:L452R	22	15550	0.001415	22793	22922
G22133-A	NA	22	11957	0.00184	22125	22186
G21987A T21990-TTA C22000-A	S:G142D S:DEL144 NA	22	9311	0.002363	21956	22012
C24981-T C25000T A25026-T	NA S:D1146D NA	22	15201	0.001447	24850	25059
C24150-T	NA	22	10726	0.002051	24148	24191
C23854A T23878C	S:N764K S:V772V	22	19361	0.001136	23842	23887
C23525T T23599G C23604A C23635T	S:H655Y S:N679K S:P681H S:S691S	22	54564	0.000403	23487	23642
C23525T T23596-A T23599G C23604A	S:H655Y NA S:N679K S:P681H	22	55495	0.000396	23504	23642
C23525T G23593A T23599G C23604A	S:H655Y S:Q677Q S:N679K S:P681H	22	55495	0.000396	23487	23624
C23525T C23533-A	S:H655Y NA	22	68473	0.000321	23502	23539
C23393+T	NA	22	25297	0.00087	23335	23409
C23358T C23525T	S:T599I S:H655Y	22	7450	0.002953	23351	23532
C23358T A23403G C23525T	S:T599I S:D614G S:H655Y	22	7450	0.002953	23335	23530
C22062T C22120-A	S:T167I NA	22	5481	0.004014	22035	22190
C21618T T21632-TACCCCCTG G21701-T A21764-TACATG	S:T19I S:DEL25/27 NA S:DEL69/70	22	5219	0.004215	21597	21802
A25175G	S:K1205E	22	27480	0.000801	25169	25186
A24479+T	NA	22	44865	0.00049	24473	24491
A24424T T24472-G	S:Q954H NA	22	26354	0.000835	24412	24564
A24424T T24450C T24469A	S:Q954H S:V963A S:N969K	22	26383	0.000834	24412	24564
A24424T C24455-A	S:Q954H NA	22	26490	0.000831	24412	24550
A24424T C24444A	S:Q954H S:T961K	22	26583	0.000828	24412	24554
A24424T A24441G	S:Q954H S:N960S	22	26605	0.000827	24412	24519
A24424T A24433G T24469A	S:Q954H S:Q957Q S:N969K	22	26383	0.000834	24412	24564
A23942-T G23948T	NA S:D796Y	22	2592	0.008488	23941	23956
A23845G C23854A	S:T761T S:N764K	22	19734	0.001115	23835	23895
A23767+T C23854A	NA S:N764K	22	17060	0.00129	23734	23881
A23702G C23854A	S:I714V S:N764K	22	16833	0.001307	23695	23895
A23597G T23599G C23604A	S:N679E S:N679E S:P681H	22	85711	0.000257	23580	23642
A23403G A23432+C	S:D614G NA	22	24230	0.000908	23335	23439
A22466G G22578A	S:T302A S:G339D	22	1063	0.020696	22423	22580
T24534C	S:V991A	21	45500	0.000462	24497	24564
T24469A G24488-T	S:N969K NA	21	41036	0.000512	24465	24552
T24414C A24424T	S:V951A S:Q954H	21	28616	0.000734	24412	24424
T23599G C23604A G23616A	S:N679K S:P681H S:R685H	21	85655	0.000245	23584	23642
T23599G C23604A G23610A	S:N679K S:P681H S:R683Q	21	85683	0.000245	23580	23642
T23599G C23604A C23647T	S:N679K S:P681H S:Y695Y	21	29304	0.000717	23580	23700
T23599G C23604A C23625T	S:N679K S:P681H S:A688V	21	85564	0.000245	23580	23642
T23599G C23604A C23615T	S:N679K S:P681H S:R685C	21	85659	0.000245	23580	23642
T23599G C23604A A23704G	S:N679K S:P681H S:I714M	21	28640	0.000733	23580	23724
T23480+A C23525T	NA S:H655S	21	10121	0.002075	23473	23539
T23346C	S:V595A	21	25211	0.000833	23339	23367
T23330C A23403G	S:C590R S:D614G	21	15104	0.00139	23284	23443
G25238A	S:A1226T	21	33166	0.000633	25225	25325
G23516A C23525T T23599G C23604A	S:G652R S:H655Y S:N679K S:P681H	21	55444	0.000379	23487	23637
G23501A C23525T T23599G C23604A	S:A647T S:H655Y S:N679K S:P681H	21	55045	0.000382	23487	23624
G23501+T	NA	21	69468	0.000302	23489	23513
G23364-A A23403G	NA S:D614G	21	24229	0.000867	23335	23429
G22813T T22917G	S:K417N S:L452R	21	15558	0.00135	22801	22921
G22813T T22882G T22917G A22941-T	S:K417N S:N440K S:L452R NA	21	12952	0.001621	22793	22961
G22813T A22941-T	S:K417N NA	21	12952	0.001621	22793	22950
G22331A G22403-A	S:G257S NA	21	4018	0.005226	22315	22446
C25433T	ORF3a:T14I	21	10632	0.001975	25372	25489
C24672-A G24693-A	NA NA	21	3490	0.006017	24612	24791
C24517-A T24643-A C24672-A	NA NA NA	21	16839	0.001247	24470	24679
C24381T A24424T	S:S940F S:Q954H	21	2168	0.009686	24358	24424
C23525T T23599G T23602-C T23605A	S:H655Y S:N679K NA S:P681P	21	55486	0.000378	23487	23642
C23525T T23599G C23604A G23619A	S:H655Y S:N679K S:P681H S:S686N	21	55457	0.000379	23505	23642
C23525T T23599G C23604A G23607A	S:H655Y S:N679K S:P681H S:R682Q	21	55483	0.000378	23494	23637
C22000A A22005C	S:H146Q S:N148T	21	10835	0.001938	21993	22058
C21618T T21632-TACCCCCTG A21764-TACATG G21796+T	S:T19I S:DEL25/27 S:DEL69/70 NA	21	5166	0.004065	21597	21802
A25271G	S:M1237V	21	37090	0.000566	25258	25325
A25174G	S:G1204G	21	27455	0.000765	25130	25325
A24895G	S:E1111E	21	18017	0.001166	24853	24943
A24885-T C24899-A C24981-T C25000T	NA NA NA S:D1146D	21	14972	0.001403	24850	25068
A24562G	S:R1000R	21	45091	0.000466	24527	24564
A24554G	S:T998A	21	45260	0.000464	24488	24564
A24539+T	NA	21	45475	0.000462	24473	24564
A24520G	S:K986K	21	45626	0.00046	24488	24564
A24479-T	NA	21	44865	0.000468	24473	24496
A24424T T24447C T24469A	S:Q954H S:L962P S:N969K	21	26383	0.000796	24412	24564
A24424T G24535A	S:Q954H S:V991V	21	26011	0.000807	24412	24564
A24424T C24536-AA	S:Q954H NA	21	26006	0.000808	24412	24564
A24424T A24468-T	S:Q954H NA	21	26387	0.000796	24416	24505
A23503G G23522A C23525T T23599G C23604A	S:A647A S:E654K S:H655Y S:N679K S:P681H	21	55199	0.00038	23487	23633
A23403G T23434-C C23525T	S:D614G NA S:H655Y	21	8389	0.002503	23398	23538
T25306C	S:C1248C	20	37923	0.000527	25302	25325
T25301-G	NA	20	37764	0.00053	25288	25325
T25202+G C25262-T	NA NA	20	26222	0.000763	25130	25320
T25171+G C25262-T	NA NA	20	23748	0.000842	25124	25304
T25159C	S:D1199D	20	27428	0.000729	25130	25176
T24660+A	NA	20	21908	0.000913	24612	24670
T24523C	S:V987V	20	45591	0.000439	24517	24564
T24489C	S:V976A	20	45574	0.000439	24480	24492
T24469A T24529C	S:N969K S:A989A	20	40502	0.000494	24465	24564
T24469A C24536-AA	S:N969K NA	20	40426	0.000495	24465	24550
T24469A A24604G	S:N969K S:R1014R	20	13272	0.001507	24465	24679
T23830-G C23854A	NA S:N764K	20	19322	0.001035	23683	23895
T23698C C23854A	S:I712I S:N764K	20	16692	0.001198	23683	23895
T23599G C23604A T23716C	S:N679K S:P681H S:F718F	20	28331	0.000706	23580	23724
T23599G C23604A T23695C	S:N679K S:P681H S:S711S	20	28970	0.00069	23580	23724
T23599G C23604A G23699A	S:N679K S:P681H S:A713T	20	28940	0.000691	23580	23724
T23599G C23604A A23632G	S:N679K S:P681H S:Q690Q	20	84782	0.000236	23590	23642
T23385C A23403G	S:V608A S:D614G	20	24633	0.000812	23285	23443
T23272C A23403G	S:A570A S:D614G	20	14500	0.001379	23269	23433
T23031C	S:F490S	20	1426	0.014025	23027	23047
T22942G G22992A C22995A A23013C T23031C	S:N460K S:S477N S:T478K S:E484A S:F490S	20	1254	0.015949	22931	23047
T22942G A22948-C	S:N460K NA	20	17623	0.001135	22933	22966
T22882G A22893C T22917G C22995A A23013C T23018G	S:N440K S:K444T S:L452R S:T478K S:E484A S:F486V	20	1060	0.018868	22877	23032
G25299A	S:G1246D	20	37720	0.00053	25268	25316
G25269A	S:C1236Y	20	37022	0.00054	25251	25325
G25135+A	NA	20	26772	0.000747	25127	25145
G24776-A	NA	20	6027	0.003318	24724	24787
G24124-T	NA	20	5198	0.003848	24085	24168
G23948T G23955+T	S:D796Y NA	20	2455	0.008147	23941	23968
G22813T T22882G T22917G T22942A C22950-T	S:K417N S:N440K S:L452R S:N460K NA	20	12489	0.001601	22793	22966
G22813T G22895C T22896C G22898A	S:K417N S:V445P S:V445P S:G446S	20	16512	0.001211	22793	22906
G22809-A G22813T	NA S:K417N	20	18335	0.001091	22793	22823
G22410-A	NA	20	6075	0.003292	22398	22436
G22273-T	NA	20	10863	0.001841	22264	22284
G22014-T	NA	20	11637	0.001719	22006	22058
G21586+T	NA	20	2207	0.009062	21451	21593
G21508-A	NA	20	1299	0.015396	21451	21568
C25267T	S:C1235C	20	36950	0.000541	25251	25325
C23854A G23948T	S:N764K S:D796Y	20	827	0.024184	23802	23954
C23854A A23880G	S:N764K S:E773G	20	19335	0.001034	23841	23881
C23854A A23870G	S:N764K S:I770V	20	19609	0.00102	23836	23895
C23525T C23585-AG A23588T C23604A	S:H655Y NA S:T676S S:P681H	20	55495	0.00036	23517	23639
C23525T C23530T T23599G C23604A	S:H655Y S:V656V S:N679K S:P681H	20	55495	0.00036	23493	23637
C22295T G22317T A22320-T	S:H245Y S:G252V NA	20	10414	0.00192	22246	22387
A25246G	S:V1228V	20	33291	0.000601	25204	25325
A24667G	S:G1035G	20	21834	0.000916	24620	24679
A24545C	S:R995R	20	45418	0.00044	24486	24637
A24468-T T24470A	NA S:F970I	20	41119	0.000486	24465	24487
A24424T T24469A T24506C	S:Q954H S:N969K S:S982P	20	26204	0.000763	24413	24564
A24424T T24469A C24503T	S:Q954H S:N969K S:L981F	20	26216	0.000763	24412	24564
A24424T T24451+A	S:Q954H NA	20	26531	0.000754	24421	24479
A24424T T24450C	S:Q954H S:V963A	20	26541	0.000754	24412	24559
A24424T T24448C	S:Q954H S:L962L	20	26548	0.000753	24412	24564
A24424T T24436C T24469A	S:Q954H S:A958A S:N969K	20	26383	0.000758	24412	24564
A24032G	S:N824D	20	7873	0.00254	24021	24102
A23801G C23854A	S:T747A S:N764K	20	18994	0.001053	23683	23873
A23696-T	NA	20	50091	0.000399	23683	23708
A23515+G C23525T	NA S:H655S	20	68947	0.00029	23487	23535
A21979-T G21987A A22001G T22016C C22033A	NA S:G142D S:K147E S:W152R S:F157L	20	7642	0.002617	21847	22055
A21979-T G21987A A21993-TTACC A21999C	NA S:G142D NA S:H146P	20	8714	0.002295	21931	22019
A21979-T C22000-A	NA NA	20	8700	0.002299	21847	22012
A21875-T A21979-T G21987A C22000-A C22009-A	NA NA S:G142D NA NA	20	5521	0.003623	21847	22020
T25140-A C25262-T	NA NA	19	22882	0.00083	25122	25324
T24943C C25000T	S:D1127D S:D1146D	19	15324	0.00124	24850	25019
T24564C	S:L1001P	19	45029	0.000422	24490	24564
T24552A	S:I997N	19	45315	0.000419	24479	24679
T24514C	S:L984L	19	45616	0.000417	24473	24560
T24469A A24525G	S:N969K S:E988G	19	40557	0.000468	24465	24564
T24052C	S:D830D	19	7990	0.002378	24040	24106
T23599G C23604A T23715C	S:N679K S:P681H S:F718S	19	28335	0.000671	23580	23724
T23599G C23604A C23606T	S:N679K S:P681H S:R682W	19	85695	0.000222	23587	23642
T23599G C23604A A23682G	S:N679K S:P681H S:Y707C	19	29058	0.000654	23580	23724
T23599G C23604A A23669G	S:N679K S:P681H S:N703D	19	29156	0.000652	23580	23724
T23599G C23604A A23667G	S:N679K S:P681H S:E702G	19	29167	0.000651	23580	23724
T23511-A C23525T T23599G C23604A	NA S:H655Y S:N679K S:P681H	19	55392	0.000343	23494	23642
T23355-A C23358T G23364A	NA S:T599I S:G601E	19	25056	0.000758	23335	23378
T23346C A23403G	S:V595A S:D614G	19	24037	0.00079	23335	23431
T23341C A23403G	S:G593G S:D614G	19	23897	0.000795	23337	23443
T23335G	S:S591S	19	15703	0.00121	23307	23338
T23333C C23334-T A23403G	S:S591P NA S:D614G	19	15109	0.001258	23269	23443
T23317C A23403G	S:L585L S:D614G	19	15090	0.001259	23285	23429
T22882G A22893C T22917G A22941-T G22992A C22995A A23013C T23018G	S:N440K S:K444T S:L452R NA S:S477N S:T478K S:E484A S:F486V	19	1060	0.017925	22876	23047
T22882G A22893C G22898A T22917G T22942G	S:N440K S:K444T S:G446S S:L452R S:N460K	19	15174	0.001252	22876	22961
T21984C G21987A T21990-TTA A21999-C	S:L141S S:G142D S:DEL144 NA	19	9325	0.002038	21898	22058
G25173+A C25262-T	NA NA	19	23784	0.000799	25122	25291
G24611+A	NA	19	17632	0.001078	24497	24625
G24510+T	NA	19	45618	0.000417	24500	24522
G23351-T	NA	19	25215	0.000754	23335	23371
G22813T T22882G T22896C	S:K417N S:N440K S:V445A	19	16520	0.00115	22793	22933
G22813T T22882G G22895C T22896C G22898A T22942G A22948-C	S:K417N S:N440K S:V445P S:V445P S:G446S S:N460K NA	19	12571	0.001511	22796	22967
G22487-A C22572-T G22578A	NA NA S:G339D	19	1067	0.017807	22368	22581
G22256T G22317T	S:G232C S:G252V	19	9880	0.001923	22246	22387
G22026T	S:S155I	19	17299	0.001098	22001	22058
G21987A C22000-A C22009-A	S:G142D NA NA	19	9026	0.002105	21909	22021
G21969T	S:C136F	19	11241	0.00169	21847	21978
G21508-A C21618T T21632-TACCCCCTG	NA S:T19I S:DEL25/27	19	867	0.021915	21451	21659
C25292+G	NA	19	37545	0.000506	25285	25325
C25262-T T25310C	NA S:C1250R	19	36477	0.000521	25130	25325
C24119-A T24126-TA	NA NA	19	4667	0.004071	24021	24168
C23854A T23860C	S:N764K S:A766A	19	19816	0.000959	23835	23895
C23809T C23854A	S:C749C S:N764K	19	19056	0.000997	23699	23895
C23525T T23599G C23604A T23637A	S:H655Y S:N679K S:P681H S:I692N	19	54327	0.00035	23487	23642
C23525T T23599G C23604A T23617+G	S:H655Y S:N679K S:P681H NA	19	55461	0.000343	23487	23642
C23525T G23549A T23599G C23604A	S:H655Y S:D663N S:N679K S:P681H	19	55495	0.000342	23487	23642
C23525T A23566T T23599G C23604A	S:H655Y S:A668A S:N679K S:P681H	19	55495	0.000342	23487	23624
C23496T C23525T T23599G C23604A	S:T645I S:H655Y S:N679K S:P681H	19	54915	0.000346	23487	23634
C23334-T T23404-G	NA NA	19	15089	0.001259	23278	23443
C23334-T C23423T	NA S:P621S	19	14943	0.001271	23269	23428
C23130A	S:T523N	19	2659	0.007146	23111	23290
A25472+T	NA	19	10231	0.001857	25372	25477
A25147G	S:E1195E	19	27034	0.000703	25122	25194
A25146G	S:E1195G	19	27033	0.000703	25122	25210
A24675G	S:K1038R	19	21799	0.000872	24626	24679
A24424T T24469A C24503-T	S:Q954H S:N969K NA	19	26216	0.000725	24412	24564
A24424T T24469A A24562G	S:Q954H S:N969K S:R1000R	19	25701	0.000739	24412	24564
A24424T T24469A A24532G	S:Q954H S:N969K S:E990E	19	26030	0.00073	24412	24564
A24424T G24428+A T24469A	S:Q954H NA S:N969Q	19	26383	0.00072	24413	24564
A24424T A24562G	S:Q954H S:R1000R	19	25701	0.000739	24413	24564
A24424T A24554G	S:Q954H S:T998A	19	25846	0.000735	24412	24564
A24424T A24454G T24469A	S:Q954H S:K964K S:N969K	19	26383	0.00072	24413	24564
A24424T A24454G	S:Q954H S:K964K	19	26494	0.000717	24412	24465
A24033-CA	NA	19	7880	0.002411	24007	24106
A23403G A23440G C23525T	S:D614G S:A626A S:H655Y	19	8389	0.002265	23397	23535
A23403G A23440C	S:D614G S:A626A	19	23715	0.000801	23371	23443
A23354G A23403G	S:I598V S:D614G	19	24158	0.000786	23335	23432
A23319G A23403G	S:D586G S:D614G	19	15090	0.001259	23269	23443
A23295G A23403G	S:D578G S:D614G	19	14919	0.001274	23270	23443
A23223C	S:E554A	19	2090	0.009091	23151	23274
A23013C T23018G	S:E484A S:F486V	19	1413	0.013447	23011	23038
A22798+G G22813T T22882G	NA S:K417N S:N440Q	19	17323	0.001097	22793	22894
A21875-T G21987A T21990-TTA A21999-C	NA S:G142D S:DEL144 NA	19	5818	0.003266	21867	22058
A21875-T C21888-T	NA NA	19	9938	0.001912	21847	21911
T25248C	S:M1229T	18	33317	0.00054	25229	25325
T25180C	S:Y1206Y	18	27483	0.000655	25130	25210
T25161C	S:L1200P	18	27437	0.000656	25130	25325
T24991A	S:P1143P	18	18494	0.000973	24977	25065
T24643-A C24672-A A24684-T	NA NA NA	18	4021	0.004476	24618	24702
T24565C	S:L1001L	18	44913	0.000401	24477	24604
T24480C	S:I973T	18	44975	0.0004	24473	24550
T24469A T24504C	S:N969K S:L981P	18	40817	0.000441	24465	24564
T24469A T24492-A	S:N969K NA	18	41002	0.000439	24465	24564
T24469A T24492+A	S:N969K NA	18	41002	0.000439	24465	24537
T24076-G A24078T	NA S:D839V	18	8012	0.002247	24042	24106
T23748C C23854A	S:V729A S:N764K	18	17002	0.001059	23743	23895
T23599G C23604A G23666-A C23692T	S:N679K S:P681H NA S:N710N	18	28990	0.000621	23580	23700
T23599G C23604A C23657+T	S:N679K S:P681H NA	18	29241	0.000616	23580	23683
T23511C C23525T T23599G C23604A	S:L650S S:H655Y S:N679K S:P681H	18	55392	0.000325	23487	23642
T23500-G C23525T T23584C T23599G C23604A	NA S:H655Y S:Y674Y S:N679K S:P681H	18	55025	0.000327	23487	23642
T23278-A	NA	18	17432	0.001033	23269	23290
T22392-A	NA	18	6170	0.002917	22368	22409
G25305-T	NA	18	37895	0.000475	25295	25324
G25266A	S:C1235Y	18	36869	0.000488	25251	25325
G25244-T	NA	18	33273	0.000541	25225	25324
G23508A C23525T T23599G C23604A	S:C649Y S:H655Y S:N679K S:P681H	18	55352	0.000325	23487	23642
G23402-A	NA	18	25408	0.000708	23376	23415
G21987A A22001G C22033A	S:G142D S:K147E S:F157L	18	8252	0.002181	21980	22058
C25324T	S:C1254C	18	37806	0.000476	25251	25325
C25317T	S:S1252F	18	38008	0.000474	25226	25325
C25276T	S:T1238T	18	37208	0.000484	25251	25325
C25132+A	NA	18	26654	0.000675	25122	25142
C24672-A G24776-A	NA NA	18	3072	0.005859	24612	24806
C23887-A G23903-T C23929-A	NA NA NA	18	1761	0.010221	23767	23942
C23730T C23854A	S:T723I S:N764K	18	16949	0.001062	23683	23881
C23709+A	NA	18	49787	0.000362	23694	23724
C23604A A23712-T	S:P681H NA	18	28409	0.000634	23580	23724
C23525T A23586T T23599G C23604A	S:H655Y S:Q675L S:N679K S:P681H	18	55495	0.000324	23487	23642
C23525T A23526+G	S:H655* NA	18	68669	0.000262	23492	23535
C23492-A T23599G C23604A	NA S:N679K S:P681H	18	54579	0.00033	23488	23624
C23393T A23403G	S:L611F S:D614G	18	24979	0.000721	23269	23443
C23334-T G23417+A	NA NA	18	14987	0.001201	23282	23429
C23334-T G23364T A23403G	NA S:G601V S:D614G	18	15118	0.001191	23269	23443
C23334-T A23378T A23403G G23426-T	NA S:N606Y S:D614G NA	18	14894	0.001209	23272	23443
C22290-T	NA	18	10912	0.00165	22276	22303
C21618T T21632-TACCCCCTG G21686-T C21736-T A21764-TACATG	S:T19I S:DEL25/27 NA NA S:DEL69/70	18	5219	0.003449	21597	21802
A25503+C	NA	18	5920	0.003041	25372	25511
A25277G	S:S1239G	18	37230	0.000483	25234	25320
A25256+T	NA	18	36567	0.000492	25251	25283
A25195G C25262-T	S:K1211K NA	18	25225	0.000714	25122	25324
A25176G C25262-T	S:K1205R NA	18	23849	0.000755	25130	25325
A25125G	S:E1188G	18	25657	0.000702	25122	25258
A24950G C25000T	S:I1130V S:D1146D	18	15366	0.001171	24853	25063
A24913G C25000T	S:T1117T S:D1146D	18	15192	0.001185	24850	25069
A24679G	S:R1039R	18	21389	0.000842	24649	24679
A24641G	S:T1027A	18	21907	0.000822	24612	24651
A24424T T24475C	S:Q954H S:G971G	18	26349	0.000683	24412	24482
A24424T T24469A A24498G	S:Q954H S:N969K S:D979G	18	26251	0.000686	24412	24509
A24424T T24460C T24469A	S:Q954H S:L966L S:N969K	18	26383	0.000682	24412	24564
A24424T C24559T	S:Q954H S:G999G	18	25753	0.000699	24412	24564
A24424T A24520G	S:Q954H S:K986K	18	26109	0.000689	24412	24564
A24419G A24424T	S:N953D S:Q954H	18	28838	0.000624	24412	24424
A23598+G C23604A	NA S:P681Y	18	85711	0.00021	23581	23613
A23503+G	NA	18	69589	0.000259	23487	23537
A23474+T T23480+A C23525T	NA NA S:H655Y	18	10039	0.001793	23459	23539
A23403G T23437C	S:D614G S:H625H	18	23768	0.000757	23388	23443
A23403G A23440G	S:D614G S:A626A	18	23715	0.000759	23285	23443
A23357G A23403G	S:T599A S:D614G	18	24186	0.000744	23335	23430
T25245C	S:V1228A	17	33279	0.000511	25220	25249
T25224C	S:I1221T	17	32727	0.000519	25219	25325
T25215C	S:L1218P	17	30306	0.000561	25205	25261
T25191-A C25262-TT	NA NA	17	24907	0.000683	25122	25316
T25170A	S:L1203H	17	27461	0.000619	25157	25325
T25152C C25262-T	S:L1197P NA	17	23359	0.000728	25122	25325
T25150C C25262-T	S:S1196S NA	17	23094	0.000736	25140	25325
T25123C	Unknown	17	25423	0.000669	25122	25162
T24940C C25000T	S:C1126C S:D1146D	17	15306	0.001111	24897	25069
T24927C	S:V1122A	17	17951	0.000947	24861	24943
T24623C	S:S1021P	17	21854	0.000778	24620	24679
T24585C	S:V1008A	17	17647	0.000963	24503	24679
T24511C	S:R983R	17	45607	0.000373	24491	24564
T24469A C24483+A	S:N969K NA	17	41071	0.000414	24465	24499
T24267-G A24318-C	NA NA	17	7925	0.002145	24148	24357
T24127-A	NA	17	5274	0.003223	24120	24191
T23837C C23854A	S:F759L S:N764K	17	19532	0.00087	23683	23895
T23823C C23854A	S:L754S S:N764K	17	19195	0.000886	23683	23881
T23750C C23854A	S:S730P S:N764K	17	17009	0.000999	23686	23895
T23599G C23604A G23663A	S:N679K S:P681H S:A701T	17	29198	0.000582	23580	23724
T23500-G C23525T C23604A	NA S:H655Y S:P681H	17	55025	0.000309	23492	23637
T23473C C23525T	S:S637S S:H655Y	17	10031	0.001695	23436	23539
T23392C A23403G	S:V610V S:D614G	17	24931	0.000682	23385	23412
T22882G T22917G T22942A	S:N440K S:L452R S:N460K	17	15174	0.00112	22850	22948
T22882G A22893C T22917G T22942A	S:N440K S:K444T S:L452R S:N460K	17	15174	0.00112	22876	22962
T22016C C22033A	S:W152R S:F157L	17	11175	0.001521	22002	22056
T21934-A G21987A	NA S:G142D	17	7665	0.002218	21910	22058
T21632-TACCCCCTG C21736-T A21764-TACATG	S:DEL25/27 NA S:DEL69/70	17	5221	0.003256	21597	21802
G25494-A	NA	17	6067	0.002802	25381	25504
G25305A	S:C1248Y	17	37895	0.000449	25217	25324
G25181+A	NA	17	27476	0.000619	25172	25325
G24535A	S:V991V	17	45481	0.000374	24503	24564
G23948T A23949-T	S:D796Y NA	17	2511	0.00677	23941	23971
G23522-A C23525T T23599G C23604A	NA S:H655Y S:N679K S:P681H	17	55495	0.000306	23487	23637
G23522-A	NA	17	69341	0.000245	23504	23539
G23517A C23525T T23599G C23604A	S:G652E S:H655Y S:N679K S:P681H	17	55471	0.000306	23487	23624
G22104T	S:G181V	17	10038	0.001694	22044	22192
G21987A C22000-A A22002G T22016C	S:G142D NA S:K147R S:W152R	17	8619	0.001972	21980	22057
C24176-A	NA	17	10792	0.001575	24165	24191
C24026-T A24110-T C24119-A	NA NA NA	17	3882	0.004379	24021	24149
C24026-T A24110-T	NA NA	17	3956	0.004297	24021	24121
C23887A A23888C G23948T	S:D775E S:K776Q S:D796Y	17	1036	0.016409	23877	23978
C23854A A23884G	S:N764K S:Q774Q	17	19110	0.00089	23835	23891
C23854A A23883G	S:N764K S:Q774R	17	19158	0.000887	23683	23892
C23758A C23854A	S:T732T S:N764K	17	17037	0.000998	23683	23895
C23533-A T23599G C23604A	NA S:N679K S:P681H	17	55623	0.000306	23525	23624
C23525T T23599G C23604A C23609+G	S:H655Y S:N679K S:P681H NA	17	55481	0.000306	23487	23626
C23525T T23542-G T23599G C23604A	S:H655Y NA S:N679K S:P681H	17	55495	0.000306	23487	23642
C23525T C23577T T23599G C23604A	S:H655Y S:A672V S:N679K S:P681H	17	55495	0.000306	23487	23642
C23525T C23533T T23599G C23604A	S:H655Y S:N657N S:N679K S:P681H	17	55495	0.000306	23492	23642
C23525T A23558-T A23570G T23599G C23604A	S:H655Y NA S:I670V S:N679K S:P681H	17	55495	0.000306	23488	23642
C23525T A23550T T23599G C23604A	S:H655Y S:D663V S:N679K S:P681H	17	55495	0.000306	23493	23642
C23525T A23531T T23599G C23604A	S:H655Y S:N657Y S:N679K S:P681H	17	55495	0.000306	23487	23637
C23393-T A23403G	NA S:D614G	17	24979	0.000681	23335	23443
C23334-T A23403G T23404-G	NA S:D614G NA	17	15089	0.001127	23269	23443
C22109G C22120-A T22200A G22218-T	S:Q183E NA S:V213E NA	17	3714	0.004577	22100	22234
C22109G C22120-A A22161-T T22200A	S:Q183E NA NA S:V213E	17	3789	0.004487	22100	22204
C22083+T	NA	17	5898	0.002882	22025	22124
C21910T G21987A T21990-TTA A21999-C	S:S116S S:G142D S:DEL144 NA	17	6041	0.002814	21847	22058
A24963G C25000T	S:N1134S S:D1146D	17	15460	0.0011	24850	25020
A24905-T C25000T	NA S:D1146D	17	15164	0.001121	24886	25043
A24780G	S:K1073R	17	6022	0.002823	24768	24790
A24645G	S:K1028R	17	21952	0.000774	24612	24679
A24424T T24529C	S:Q954H S:A989A	17	26040	0.000653	24412	24564
A24424T T24499C	S:Q954H S:D979D	17	26249	0.000648	24412	24564
A24424T T24469A T24548C	S:Q954H S:N969K S:L996L	17	25922	0.000656	24412	24564
A24424T T24469A T24513C	S:Q954H S:N969K S:L984P	17	26145	0.00065	24412	24564
A24424T T24469A T24480C	S:Q954H S:N969K S:I973T	17	26334	0.000646	24412	24550
A24424T G24488-T C24503-T C24517-A	S:Q954H NA NA NA	17	26126	0.000651	24412	24564
A24424T G24434+C	S:Q954H NA	17	26647	0.000638	24412	24457
A24424T C24435-T T24469A	S:Q954H NA S:N969K	17	26383	0.000644	24412	24554
A24424T A24468G T24469A	S:Q954H S:N969R S:N969R	17	26383	0.000644	24412	24564
A24253-T C24320-A	NA NA	17	7672	0.002216	24229	24333
A23786-T	NA	17	20205	0.000841	23683	23813
A23708G C23854A	S:T716A S:N764K	17	16882	0.001007	23683	23895
A23627-G	NA	17	86063	0.000198	23618	23642
A23515+C	NA	17	69564	0.000244	23487	23522
A23497-C C23525T T23599G C23604A	NA S:H655Y S:N679K S:P681H	17	54931	0.000309	23487	23639
A23403G T23428C	S:D614G S:V622V	17	24882	0.000683	23388	23443
A23403G A23474+T	S:D614G NA	17	8645	0.001966	23398	23539
A23403G A23436G	S:D614G S:H625R	17	23805	0.000714	23335	23441
A23357G	S:T599A	17	25242	0.000673	23335	23366
A23354+T	NA	17	25269	0.000673	23336	23362
A22135+GT	NA	17	12001	0.001417	22100	22183
T25285C	S:C1241C	16	37362	0.000428	25224	25325
T25211C	S:W1217R	16	31764	0.000504	25188	25325
T24482C	S:S974P	16	45149	0.000354	24473	24523
T24469A A24551G	S:N969K S:I997V	16	40215	0.000398	24465	24564
T24313C	S:Y917Y	16	8607	0.001859	24281	24324
T23850+A C23887-A	NA NA	16	18924	0.000845	23767	23895
T23807C C23854A	S:C749R S:N764K	16	19042	0.00084	23683	23895
T23599G T23602-C T23605A	S:N679K NA S:P681P	16	85697	0.000187	23581	23642
T23599G C23604A T23714C	S:N679K S:P681H S:F718L	16	28336	0.000565	23580	23724
T23599G C23604A T23641C	S:N679K S:P681H S:I693I	16	83501	0.000192	23580	23642
T23599G C23604A G23678A	S:N679K S:P681H S:A706T	16	29104	0.00055	23581	23724
T23599G C23604A C23664T	S:N679K S:P681H S:A701V	16	29183	0.000548	23580	23724
T23599G C23604A C23649T	S:N679K S:P681H S:T696I	16	29293	0.000546	23580	23724
T23599G C23604A A23696G	S:N679K S:P681H S:I712V	16	28958	0.000553	23580	23724
T23514C C23525T	S:I651T S:H655Y	16	68929	0.000232	23493	23528
T23511+A A23515+G C23525T T23599G C23604A	NA NA S:H655Y S:N679L S:P681H	16	55392	0.000289	23487	23642
T23374C A23403G	S:T604T S:D614G	16	24327	0.000658	23335	23429
T23344C A23403G	S:G594G S:D614G	16	24002	0.000667	23335	23429
T23333C	S:S591P	16	15698	0.001019	23269	23434
T23316C A23403G	S:L585P S:D614G	16	15090	0.00106	23270	23438
T22942G G22992A C22995A A23013C T23018C T23019C T23031C	S:N460K S:S477N S:T478K S:E484A S:F486P S:F486P S:F490S	16	1254	0.012759	22938	23038
T22882G T22942A G22992A C22995A A23013C T23018G	S:N440K S:N460K S:S477N S:T478K S:E484A S:F486V	16	1060	0.015094	22876	23047
T22882G T22891-A T22942A	S:N440K NA S:N460K	16	15174	0.001054	22878	22944
T22882G G22895C T22896C G22898A C22938+T T22942G	S:N440K S:V445P S:V445P S:G446S NA S:N460*	16	15174	0.001054	22876	22950
T22200G C22227-T	S:V213G NA	16	4637	0.003451	22171	22300
T21976-C G21987A T21990-TTA	NA S:G142D S:DEL144	16	9466	0.00169	21967	22043
T21934-A G21987A T21990-TTA	NA S:G142D S:DEL144	16	7430	0.002153	21856	22043
G25230A	S:G1223D	16	33001	0.000485	25217	25325
G24515-A	NA	16	45611	0.000351	24498	24529
G24486+T	NA	16	45333	0.000353	24475	24495
G22992A C22995A A23013C T23031C	S:S477N S:T478K S:E484A S:F490S	16	1336	0.011976	22981	23047
G22898A T22942G	S:G446S S:N460K	16	15392	0.00104	22886	22946
G22813T T22882G A22893C T22917G A22964-T	S:K417N S:N440K S:K444T S:L452R NA	16	11977	0.001336	22801	22967
G22813T A22845-T T22882G T22896C G22898A T22942G	S:K417N NA S:N440K S:V445A S:G446S S:N460K	16	12880	0.001242	22793	22966
G22487-A C22502-A	NA NA	16	1582	0.010114	22369	22512
C25416T A25438G	ORF3a:F8F ORF3a:K16E	16	10593	0.00151	25372	25477
C25262-T T25291C	NA S:C1243C	16	36626	0.000437	25251	25324
C25156T	S:I1198I	16	27395	0.000584	25141	25210
C25100-A	NA	16	2614	0.006121	25000	25164
C24672-A A24684-T G24776-A	NA NA NA	16	3072	0.005208	24626	24806
C24512+T	NA	16	45614	0.000351	24471	24522
C24422-A A24425T	NA S:N955Y	16	28756	0.000556	24413	24435
C24119-A T24127-A	NA NA	16	4662	0.003432	24021	24183
C24064-A	NA	16	8013	0.001997	24021	24074
C23929A A23930C G23948T	S:Y789* S:K790Q S:D796Y	16	1415	0.011307	23921	23978
C23816-T C23854A C23887-A	NA S:N764K NA	16	18187	0.00088	23769	23895
C23816-T A23853-C	NA NA	16	19134	0.000836	23699	23878
C23778+A	NA	16	20302	0.000788	23767	23800
C23758A	S:T732T	16	18795	0.000851	23683	23836
C23525T T23599G C23604A G23621A	S:H655Y S:N679K S:P681H S:V687I	16	55454	0.000289	23487	23642
C23525T G23562A T23599G C23604A	S:H655Y S:G667D S:N679K S:P681H	16	55495	0.000288	23501	23642
C23525T C23589T T23599G C23604A	S:H655Y S:T676I S:N679K S:P681H	16	55495	0.000288	23488	23642
C23525T C23557-A T23599G C23604A	S:H655Y NA S:N679K S:P681H	16	55495	0.000288	23487	23642
C23496+A	NA	16	69364	0.000231	23487	23505
C23492-A C23525T C23533-A T23599G C23604A	NA S:H655Y NA S:N679K S:P681H	16	54579	0.000293	23488	23642
C23393T	S:L611F	16	25297	0.000632	23269	23436
C23334-T C23393+T	NA NA	16	15252	0.001049	23269	23428
C23103-T T23143-A T23164-A C23230-A	NA NA NA NA	16	1899	0.008425	23089	23252
C23103-T T23143-A	NA NA	16	2605	0.006142	23090	23168
C22120-A A22161-T T22200G	NA NA S:V213G	16	3947	0.004054	22100	22215
C22120-A A22135+G	NA NA	16	10773	0.001485	22025	22192
C22109G T22200A G22218-T	S:Q183E S:V213E NA	16	3714	0.004308	22100	22232
C22062-T C22083-T	NA NA	16	5724	0.002795	22025	22187
C21910T G21987A	S:S116S S:G142D	16	7401	0.002162	21867	21992
C21618T T21632-TACCCCCTG C21654-T A21764-TACATG	S:T19I S:DEL25/27 NA S:DEL69/70	16	5219	0.003066	21597	21802
A25315G	S:G1251G	16	38011	0.000421	25266	25325
A25286G	S:S1242G	16	37400	0.000428	25251	25325
A25206G	S:Y1215C	16	29668	0.000539	25191	25325
A24956G C25000T	S:I1132V S:D1146D	16	15404	0.001039	24853	25069
A24885-T C24899-A C25000T	NA NA S:D1146D	16	14972	0.001069	24850	25021
A24860G	S:T1100A	16	18145	0.000882	24852	24867
A24612T C24672-A	S:E1017V NA	16	17162	0.000932	24489	24679
A24576G	S:Q1005R	16	17806	0.000899	24493	24639
A24531G	S:E990G	16	45506	0.000352	24479	24564
A24424T T24540C	S:Q954H S:I993T	16	25988	0.000616	24412	24564
A24424T T24492-A	S:Q954H NA	16	26284	0.000609	24413	24511
A24424T T24469A T24487C	S:Q954H S:N969K S:S975S	16	26303	0.000608	24413	24564
A24424T T24469A T24475C	S:Q954H S:N969K S:G971G	16	26349	0.000607	24412	24564
A24424T T24469A G24488+T	S:Q954H S:N969K NA	16	26299	0.000608	24412	24519
A24424T T24469A A24543G	S:Q954H S:N969K S:D994G	16	25978	0.000616	24421	24564
A24424T C24431+A	S:Q954H NA	16	26658	0.0006	24417	24456
A24423G A24424T T24469A	S:Q954R S:Q954R S:N969K	16	26376	0.000607	24416	24564
A24182G	S:T874A	16	10709	0.001494	24157	24191
A23810G C23854A	S:S750G S:N764K	16	19067	0.000839	23683	23895
A23786-T A23853-C	NA NA	16	18822	0.00085	23683	23895
A23784G C23854A	S:Y741C S:N764K	16	18790	0.000852	23683	23895
A23403G T23500C C23525T	S:D614G S:R646R S:H655Y	16	8389	0.001907	23392	23539
A23403G T23434-C	S:D614G NA	16	23871	0.00067	23399	23443
A22798+G G22813T T22882G G22895C T22896C G22898A	NA S:K417N S:N440Q S:V445P S:V445P S:G446R	16	16226	0.000986	22793	22911
A22110+G T22200G	NA S:V213S	16	3833	0.004174	22100	22222
A22005C	S:N148T	16	11990	0.001334	22000	22057
A21993-TTACC A21999C	NA S:H146P	16	9576	0.001671	21956	22019
T25473C	ORF3a:D27D	15	10222	0.001467	25381	25477
T25415-C A25472-T	NA NA	15	10231	0.001466	25372	25477
T25171-G	NA	15	27447	0.000547	25133	25210
T25170C	S:L1203P	15	27461	0.000546	25151	25325
T25129C	S:V1189V	15	25866	0.00058	25122	25164
T24960C C25000T	S:V1133A S:D1146D	15	15427	0.000972	24850	25065
T24664C	S:L1034L	15	21847	0.000687	24612	24670
T24643-A C24672-A A24684-T G24776-A	NA NA NA NA	15	3023	0.004962	24612	24788
T24633C	S:L1024P	15	21928	0.000684	24612	24667
T24506C	S:S982P	15	45628	0.000329	24473	24559
T24469A T24511C	S:N969K S:R983R	15	40721	0.000368	24465	24564
T24469A T24482C	S:N969K S:S974P	15	41083	0.000365	24465	24564
T24469A G24474A T24529C	S:N969K S:G971D S:A989A	15	40502	0.00037	24465	24679
T23798C C23854A	S:S746P S:N764K	15	18960	0.000791	23705	23873
T23797C C23854A	S:D745D S:N764K	15	18953	0.000791	23683	23895
T23689+A	NA	15	49999	0.0003	23683	23707
T23599G C23604A T23645C	S:N679K S:P681H S:Y695H	15	29326	0.000511	23580	23710
T23599G C23604A C23694T	S:N679K S:P681H S:S711F	15	28977	0.000518	23580	23724
T23599G C23604A C23613T T23658C	S:N679K S:P681H S:A684V S:L699P	15	29225	0.000513	23580	23724
T23599G C23604A A23710G	S:N679K S:P681H S:T716T	15	28381	0.000529	23580	23724
T23287C A23403G	S:A575A S:D614G	15	14894	0.001007	23270	23423
T22882G G22992A C22995A A23013C T23018G	S:N440K S:S477N S:T478K S:E484A S:F486V	15	1060	0.014151	22876	23047
T22084C	S:P174P	15	5895	0.002545	22074	22180
T21990-TTA	S:DEL144	15	10634	0.001411	21975	22058
G25364-T	NA	15	3576	0.004195	25251	25372
G25313A	S:G1251R	15	38000	0.000395	25308	25324
G25302-T C25416T	NA ORF3a:F8F	15	3022	0.004964	25264	25448
G25290A	S:C1243Y	15	37482	0.0004	25259	25325
G24971+T	NA	15	15953	0.00094	24867	24983
G24883-A	NA	15	18065	0.00083	24853	24943
G24488-T C24517-A C24672-A	NA NA NA	15	16508	0.000909	24470	24679
G24277-T	NA	15	8599	0.001744	24270	24319
G23508-T C23525T T23599G C23604A	NA S:H655Y S:N679K S:P681H	15	55352	0.000271	23488	23642
G23501+T C23525T	NA S:H655S	15	68383	0.000219	23493	23537
G23499+T	NA	15	69406	0.000216	23487	23511
G22813T T22882G G22898A T22917G T22942G	S:K417N S:N440K S:G446S S:L452R S:N460K	15	12880	0.001165	22793	22949
G22813T T22882G G22895C T22896C G22898A T22942G A22948C	S:K417N S:N440K S:V445P S:V445P S:G446S S:N460K S:K462N	15	12571	0.001193	22793	22966
G22813T T22882G G22895C T22896C G22898A A22924-T T22942G	S:K417N S:N440K S:V445P S:V445P S:G446S NA S:N460K	15	12880	0.001165	22793	22949
G22813T T22882G A22893C T22917G C22938+T	S:K417N S:N440K S:K444T S:L452R NA	15	13313	0.001127	22793	22953
G22813T G22859+T T22882G A22893C T22917G	S:K417N NA S:N440Q S:K444S S:L452R	15	15558	0.000964	22793	22922
G22813T A22845-T T22882G T22917G	S:K417N NA S:N440K S:L452R	15	15558	0.000964	22793	22936
G22403-A G22487-A	NA NA	15	1561	0.009609	22368	22500
G22299-A	NA	15	10881	0.001379	22283	22319
G22037+T	NA	15	17313	0.000866	22025	22048
G22030+T	NA	15	17354	0.000864	22025	22051
G21987A A21993-TTAC C22000A	S:G142D NA S:H146Q	15	9311	0.001611	21970	22058
G21987A A21993-TTAC A21999-CAA	S:G142D NA S:DEL147	15	9325	0.001609	21848	22058
G21663+C	NA	15	7295	0.002056	21655	21802
C25308-T	NA	15	37959	0.000395	25298	25323
C25282T	S:C1240C	15	37300	0.000402	25259	25325
C25000T T25072-G C25100-A T25191-A	S:D1146D NA NA NA	15	2410	0.006224	24992	25210
C25000T T25021-A	S:D1146D NA	15	18063	0.00083	24992	25041
C25000T A25020G	S:D1146D S:D1153G	15	18089	0.000829	24990	25069
C24852-A C24981-T C25000T	NA NA S:D1146D	15	14484	0.001036	24850	25005
C24672+A	NA	15	21712	0.000691	24473	24679
C24621-T C24672-A	NA NA	15	21366	0.000702	24612	24679
C24444A	S:T961K	15	27137	0.000553	24429	24564
C24435-T	NA	15	27095	0.000554	24412	24454
C24223-T	NA	15	5148	0.002914	24151	24253
C24150T	S:P863L	15	10726	0.001398	24148	24191
C23854A T23877C	S:N764K S:V772A	15	19398	0.000773	23830	23881
C23525T G23543A T23599G C23604A	S:H655Y S:E661K S:N679K S:P681H	15	55495	0.00027	23487	23642
C23525T A23598+G C23604A	S:H655Y NA S:P681Y	15	55495	0.00027	23487	23630
C23525T A23570G	S:H655Y S:I670V	15	55838	0.000269	23498	23584
C23520-T C23525T T23599G C23604A	NA S:H655Y S:N679K S:P681H	15	55483	0.00027	23487	23637
C22295-AT	NA	15	10912	0.001375	22244	22319
C22083-T C22120-A	NA NA	15	5655	0.002653	22027	22192
C22062T	S:T167I	15	6079	0.002468	22049	22069
A25022G	S:K1154E	15	18291	0.00082	25014	25069
A24988G C25000T	S:Q1142Q S:D1146D	15	15633	0.00096	24911	25069
A24965G C25000T	S:N1135D S:D1146D	15	15470	0.00097	24959	25068
A24956-T C25000T	NA S:D1146D	15	15404	0.000974	24922	25069
A24862G C25000T	S:T1100T S:D1146D	15	14868	0.001009	24850	25013
A24594G	S:Q1011R	15	17639	0.00085	24477	24614
A24498+T	NA	15	45611	0.000329	24470	24506
A24424T T24549C	S:Q954H S:L996S	15	25920	0.000579	24412	24564
A24424T T24505C	S:Q954H S:L981L	15	26208	0.000572	24412	24564
A24424T T24491-TA	S:Q954H NA	15	26287	0.000571	24412	24505
A24424T T24469A T24482C	S:Q954H S:N969K S:S974P	15	26325	0.00057	24412	24506
A24424T T24469A A24551G	S:Q954H S:N969K S:I997V	15	25906	0.000579	24412	24563
A24424T T24469A A24520G	S:Q954H S:N969K S:K986K	15	26109	0.000575	24412	24564
A24424T T24469A A24518G	S:Q954H S:N969K S:K986E	15	26122	0.000574	24412	24557
A24424T T24464C	S:Q954H S:S968P	15	26402	0.000568	24412	24564
A24424T T24438+A T24469A	S:Q954H NA S:N969Q	15	26383	0.000569	24412	24564
A24424T A24479G	S:Q954H S:I973V	15	26339	0.000569	24412	24564
A24424T A24457G	S:Q954H S:Q965Q	15	26453	0.000567	24412	24564
A24424T A24443G	S:Q954H S:T961A	15	26586	0.000564	24412	24455
A24317G	S:N919D	15	8512	0.001762	24229	24324
A24203G	S:T881A	15	5193	0.002889	24164	24323
A24123G	S:K854R	15	5280	0.002841	24115	24173
A23762G C23854A	S:T734A S:N764K	15	17042	0.00088	23699	23895
A23544G T23599G C23604A	S:E661G S:N679K S:P681H	15	55735	0.000269	23499	23642
A23515+G	NA	15	69564	0.000216	23487	23533
A23403G T23473C C23525T	S:D614G S:S637S S:H655Y	15	8389	0.001788	23345	23532
A23403G A23409G	S:D614G S:N616S	15	25326	0.000592	23335	23443
A23379G A23403G	S:N606S S:D614G	15	24423	0.000614	23335	23443
A23356G A23403G	S:I598M S:D614G	15	24185	0.00062	23335	23443
A23301G A23403G	S:Q580R S:D614G	15	15074	0.000995	23296	23443
A22190G	S:I210V	15	12733	0.001178	22147	22192
T25265G	S:C1235G	14	36861	0.00038	25251	25325
T25242C	S:I1227T	14	33228	0.000421	25215	25325
T25221C C25262-T	S:F1220S NA	14	32347	0.000433	25122	25325
T25210C	S:I1216I	14	31569	0.000443	25187	25235
T25155C	S:I1198T	14	27395	0.000511	25126	25163
T25123C C25262-T	Unknown NA	14	21547	0.00065	25122	25325
T24541C	S:I993I	14	45470	0.000308	24488	24564
T24513C	S:L984P	14	45612	0.000307	24488	24527
T24499C	S:D979D	14	45625	0.000307	24476	24564
T24469A T24628-A	S:N969K NA	14	13140	0.001065	24465	24679
T24469A T24548C	S:N969K S:L996L	14	40247	0.000348	24465	24564
T24469A T24472C	S:N969K S:F970F	14	41119	0.00034	24465	24564
T24469A G24474A	S:N969K S:G971D	14	41116	0.000341	24465	24564
T24469A A24652G	S:N969K S:S1030S	14	13033	0.001074	24465	24661
T24417C A24424T	S:V952A S:Q954H	14	28789	0.000486	24412	24424
T24280+A	NA	14	8640	0.00162	24229	24317
T23599G C23692T	S:N679K S:N710N	14	28990	0.000483	23580	23716
T23599G C23604A T23641-G	S:N679K S:P681H NA	14	83501	0.000168	23580	23703
T23599G C23604A G23607T	S:N679K S:P681H S:R682L	14	85692	0.000163	23580	23724
T23599G C23604A C23701T	S:N679K S:P681H S:A713A	14	28895	0.000485	23580	23724
T23599G C23604A C23644T G23666-A	S:N679K S:P681H S:A694A NA	14	29172	0.00048	23580	23724
T23500+C	NA	14	69446	0.000202	23487	23508
T23491C C23525T	S:F643F S:H655Y	14	67749	0.000207	23486	23532
T23352C A23403G	S:V597A S:D614G	14	24152	0.00058	23296	23443
T23337C A23403G	S:F592S S:D614G	14	23784	0.000589	23335	23413
T23323C A23403G	S:I587I S:D614G	14	15095	0.000927	23273	23443
T23308C A23403G	S:L582L S:D614G	14	15080	0.000928	23269	23443
T23293C A23403G	S:R577R S:D614G	14	14917	0.000939	23269	23429
T22882G A22893C A22941-T G22992A C22995A A23013C T23018G	S:N440K S:K444T NA S:S477N S:T478K S:E484A S:F486V	14	1060	0.013208	22876	23048
T22276C	S:F238F	14	10888	0.001286	22249	22319
T22119+A	NA	14	10660	0.001313	22112	22192
G25226A	S:A1222T	14	32869	0.000426	25209	25325
G25135+A C25262-T	NA NA	14	22762	0.000615	25122	25325
G25127-T	NA	14	25748	0.000544	25122	25159
G24693-A A24695T	NA S:K1045*	14	4200	0.003333	24683	24801
G24305T A24424T	S:V915F S:Q954H	14	1797	0.007791	24229	24424
G23885+A G23948T	NA S:D796*	14	1018	0.013752	23875	23969
G23821+T	NA	14	20019	0.000699	23767	23833
G23508+T	NA	14	69720	0.000201	23487	23519
G23501+C	NA	14	69468	0.000202	23487	23512
G23364A	S:G601E	14	25112	0.000558	23335	23375
G23364-A C23525T	NA S:H655Y	14	7484	0.001871	23335	23539
G23161T	S:L533F	14	2648	0.005287	23154	23290
G22895C T22896C G22898A	S:V445P S:V445P S:G446S	14	19247	0.000727	22876	22916
G22895C G22898A	S:V445L S:G446S	14	19247	0.000727	22886	22916
G22813T T22882G G22894T T22942G	S:K417N S:N440K S:K444N S:N460K	14	12880	0.001087	22793	22967
G22813T T22882G A22893C T22942G	S:K417N S:N440K S:K444T S:N460K	14	12880	0.001087	22803	22966
G22813T G22869T T22882G T22942A	S:K417N S:W436L S:N440K S:N460K	14	12880	0.001087	22793	22957
G22813T A22852G T22882G G22895C T22896C G22898A	S:K417N S:T430T S:N440K S:V445P S:V445P S:G446S	14	16512	0.000848	22793	22916
G22809-A G22813T T22882G G22895C T22896C G22898A T22942G	NA S:K417N S:N440K S:V445P S:V445P S:G446S S:N460K	14	12872	0.001088	22793	22967
G22809-A G22813T T22882G G22895C G22898A	NA S:K417N S:N440K S:V445L S:G446S	14	16503	0.000848	22793	22907
G22809-A G22813T T22882G A22893C	NA S:K417N S:N440K S:K444T	14	17392	0.000805	22793	22903
G22104-A C22120-A T22200G	NA NA S:V213G	14	3750	0.003733	22100	22204
G22104-A C22109G C22120-A T22200A	NA S:Q183E NA S:V213E	14	3750	0.003733	22100	22212
G21987A T22016C	S:G142D S:W152R	14	8619	0.001624	21980	22043
G21987A T21990-TTA C22000A A22002G	S:G142D S:DEL144 S:H146Q S:K147R	14	9290	0.001507	21974	22058
G21987A T21990-TTA C22000-A C22009-A	S:G142D S:DEL144 NA NA	14	9026	0.001551	21847	22023
C25546+T	NA	14	5309	0.002637	25372	25566
C25427T	ORF3a:T12I	14	10687	0.00131	25372	25477
C25321T	S:C1253C	14	37943	0.000369	25204	25325
C25262-T G25364-T	NA NA	14	3031	0.004619	25251	25372
C25000T T25016C	S:D1146D S:L1152L	14	18189	0.00077	24990	25069
C25000T A25050G	S:D1146D S:D1163G	14	17785	0.000787	24990	25069
C24784-T	NA	14	5993	0.002336	24760	24806
C24784+T	NA	14	5993	0.002336	24724	24794
C24517-A C24536-A	NA NA	14	45286	0.000309	24470	24564
C24320-A A24424T	NA S:Q954H	14	1860	0.007527	24272	24424
C23887A A23888C	S:D775E S:K776Q	14	19396	0.000722	23865	23895
C23854A T23861C	S:N764K S:L767L	14	19783	0.000708	23836	23895
C23854A A23891G	S:N764K S:N777D	14	18827	0.000744	23683	23895
C23854A A23881G	S:N764K S:E773E	14	19315	0.000725	23823	23895
C23692T C23887-A	S:N710N NA	14	15781	0.000887	23683	23895
C23525T T23599G C23604A G23628A	S:H655Y S:N679K S:P681H S:S689N	14	54827	0.000255	23505	23642
C23525T T23599G C23604A C23638T	S:H655Y S:N679K S:P681H S:I692I	14	54305	0.000258	23487	23642
C23525T T23581C C23604A	S:H655Y S:S673S S:P681H	14	55495	0.000252	23487	23623
C23525T G23576C T23599G C23604A	S:H655Y S:A672P S:N679K S:P681H	14	55495	0.000252	23487	23624
C23525T G23567A T23599G C23604A	S:H655Y S:G669S S:N679K S:P681H	14	55495	0.000252	23487	23642
C23525T A23544T T23599G C23604A	S:H655Y S:E661V S:N679K S:P681H	14	55495	0.000252	23487	23642
C23525T A23535G C23604A	S:H655Y S:N658S S:P681H	14	55495	0.000252	23501	23624
C23506T C23525T T23599G C23604A	S:G648G S:H655Y S:N679K S:P681H	14	55315	0.000253	23487	23631
C23492+A C23525T	NA S:H655S	14	67772	0.000207	23486	23538
C23423G	S:P621A	14	26388	0.000531	23393	23443
C23367-A A23403G	NA S:D614G	14	24253	0.000577	23335	23423
C23367+A	NA	14	25097	0.000558	23335	23389
C23334-T C23393T	NA S:L611F	14	15252	0.000918	23269	23401
C21618T T21632-TACCCCCTG C21654-T	S:T19I S:DEL25/27 NA	14	7173	0.001952	21597	21664
A25374-T	NA	14	10110	0.001385	25372	25398
A25259G	S:M1233V	14	36638	0.000382	25251	25325
A25247-T	NA	14	33306	0.00042	25229	25324
A25143G	S:N1194S	14	26991	0.000519	25122	25156
A25134G	S:K1191R	14	26741	0.000524	25130	25152
A25020G	S:D1153G	14	18303	0.000765	25007	25062
A24997G C25000T	S:L1145L S:D1146D	14	18395	0.000761	24990	25068
A24913G	S:T1117T	14	18000	0.000778	24850	24943
A24902-T	NA	14	18037	0.000776	24850	24920
A24587G	S:T1009A	14	17643	0.000794	24473	24670
A24560G	S:R1000G	14	45109	0.00031	24469	24564
A24551G	S:I997V	14	45344	0.000309	24510	24555
A24498G	S:D979G	14	45611	0.000307	24484	24564
A24424T T24534C	S:Q954H S:V991A	14	26022	0.000538	24412	24564
A24424T T24496C	S:Q954H S:N978N	14	26260	0.000533	24412	24564
A24424T T24469A A24554G	S:Q954H S:N969K S:T998A	14	25846	0.000542	24412	24564
A24424T T24464C T24469A	S:Q954H S:S968P S:N969K	14	26383	0.000531	24412	24557
A24424T G24557A	S:Q954H S:G999S	14	25767	0.000543	24412	24564
A24424T A24539+T	S:Q954H NA	14	25992	0.000539	24412	24564
A24424T A24498G	S:Q954H S:D979G	14	26251	0.000533	24412	24564
A24424T A24468-T T24470A	S:Q954H NA S:F970I	14	26355	0.000531	24412	24558
A24424T A24443G T24469A	S:Q954H S:T961A S:N969K	14	26383	0.000531	24412	24564
A24265G	S:Q901Q	14	8428	0.001661	24229	24299
A24253-T C24320-AA	NA NA	14	7672	0.001825	24229	24334
A24167G	S:M869V	14	10885	0.001286	24148	24190
A24110-T C24119-A G24124-T	NA NA NA	14	4162	0.003364	24021	24153
A24101G	S:R847G	14	8106	0.001727	24086	24105
A24049C	S:A829A	14	7979	0.001755	23975	24106
A24043G	S:T827T	14	7959	0.001759	24027	24098
A23847G C23854A	S:Q762R S:N764K	14	19814	0.000707	23713	23895
A23834G C23854A	S:S758G S:N764K	14	19396	0.000722	23816	23881
A23800G C23854A	S:S746S S:N764K	14	18987	0.000737	23683	23895
A23786-T C23816-T C23854A	NA NA S:N764K	14	18799	0.000745	23750	23881
A23767G C23854A	S:S735S S:N764K	14	17060	0.000821	23683	23895
A23764G C23854A	S:T734T S:N764K	14	17050	0.000821	23752	23895
A23583G T23599G C23604A	S:Y674C S:N679K S:P681H	14	85493	0.000164	23580	23642
A23515-G T23599G C23604A	NA S:N679K S:P681H	14	55427	0.000253	23487	23637
A23503+G C23525T	NA S:H655S	14	68559	0.000204	23487	23539
A23403G T23428C C23525T	S:D614G S:V622V S:H655Y	14	8389	0.001669	23335	23538
A23403G A23414G	S:D614G S:T618A	14	25230	0.000555	23335	23417
A23359G	S:T599T	14	25228	0.000555	23335	23384
A23357G A23403G C23525T	S:T599A S:D614G S:H655Y	14	7449	0.001879	23335	23532
A23326G A23403G	S:T588T S:D614G	14	15099	0.000927	23269	23443
A23305G A23403G	S:T581T S:D614G	14	15079	0.000928	23269	23438
A23283G A23403G	S:D574G S:D614G	14	14681	0.000954	23269	23443
A22305-T	NA	14	10812	0.001295	22252	22319
A22148G	S:N196D	14	12179	0.00115	22139	22192
T25222C	S:F1220F	13	32579	0.000399	25209	25325
T25219C C25262-T	S:G1219G NA	13	31525	0.000412	25122	25325
T25161C C25262-T	S:L1200P NA	13	23554	0.000552	25122	25314
T25129C C25262-T	S:V1189V NA	13	21929	0.000593	25122	25325
T25128C	S:V1189A	13	25808	0.000504	25122	25323
T24982C C25000T	S:P1140P S:D1146D	13	15599	0.000833	24850	25069
T24973C C25000T	S:V1137V S:D1146D	13	15522	0.000838	24850	25026
T24660C	S:V1033A	13	21908	0.000593	24631	24676
T24640C	S:A1026A	13	21910	0.000593	24621	24679
T24589C	S:T1009T	13	17636	0.000737	24497	24679
T24529C C24672-A	S:A989A NA	13	16880	0.00077	24470	24679
T24504C	S:L981P	13	45626	0.000285	24483	24564
T24487C	S:S975S	13	45457	0.000286	24473	24505
T24475C	S:G971G	13	44343	0.000293	24470	24545
T24469A T24506C	S:N969K S:S982P	13	40798	0.000319	24465	24564
T24469A C24632-T	S:N969K NA	13	13126	0.00099	24465	24676
T24469A A24560G	S:N969K S:R1000G	13	39974	0.000325	24465	24564
T24469A A24508G	S:N969K S:S982S	13	40761	0.000319	24465	24564
T24414C A24424T T24469A	S:V951A S:Q954H S:N969K	13	26129	0.000498	24412	24564
T24256C	S:F898F	13	8391	0.001549	24229	24324
T24108C	S:L849P	13	4403	0.002953	24021	24112
T24027C	S:L822P	13	7825	0.001661	24021	24106
T23817C C23854A	S:L752P S:N764K	13	19123	0.00068	23699	23895
T23794C C23854A	S:G744G S:N764K	13	18905	0.000688	23787	23895
T23686+A	NA	13	49895	0.000261	23683	23702
T23599G C23604A T23650C	S:N679K S:P681H S:T696T	13	29286	0.000444	23593	23724
T23599G C23604A G23642A	S:N679K S:P681H S:A694T	13	83434	0.000156	23581	23724
T23599G C23604A C23707+G	S:N679K S:P681H NA	13	28506	0.000456	23580	23724
T23599G C23604A C23705T	S:N679K S:P681H S:P715S	13	28630	0.000454	23580	23724
T23599G C23604A C23655T	S:N679K S:P681H S:S698L	13	29256	0.000444	23580	23700
T23599G C23604A A23723G	S:N679K S:P681H Unknown	13	28108	0.000463	23580	23724
T23404-G	NA	13	25808	0.000504	23270	23443
T23314C A23403G	S:I584I S:D614G	13	15089	0.000862	23270	23429
T23284C A23403G	S:D574D S:D614G	13	14684	0.000885	23270	23443
T22882G T22896C T22917G G22992A C22995A A23013C T23018G	S:N440K S:V445A S:L452R S:S477N S:T478K S:E484A S:F486V	13	1060	0.012264	22876	23048
T22882G G22898A T22917G T22942G G22992A C22995A A23013C T23018A	S:N440K S:G446S S:L452R S:N460K S:S477N S:T478K S:E484A S:F486I	13	1060	0.012264	22876	23038
T22315-G	NA	13	10660	0.00122	22258	22319
T21934-A G21987A T21990-TTA C22000A	NA S:G142D S:DEL144 S:H146Q	13	6291	0.002066	21847	22058
T21861-A	NA	13	10025	0.001297	21848	21894
G25261A	S:M1233I	13	36695	0.000354	25213	25324
G24883-A C25000T	NA S:D1146D	13	14966	0.000869	24850	25069
G24434+C	NA	13	27091	0.00048	24413	24444
G23486-T	NA	13	10448	0.001244	23422	23500
G22898A	S:G446S	13	19281	0.000674	22884	22901
G22813T T22882G G22895C T22896C G22898A T22900-G T22942G	S:K417N S:N440K S:V445P S:V445P S:G446S NA S:N460K	13	12880	0.001009	22793	22966
G22813T T22882G A22893C G22898A T22917G T22942G C22945-A	S:K417N S:N440K S:K444T S:G446S S:L452R S:N460K NA	13	12621	0.00103	22801	22967
G22813T A22893C	S:K417N S:K444T	13	17404	0.000747	22798	22897
G22813T A22845-T T22882G A22893C T22917G T22942A	S:K417N NA S:N440K S:K444T S:L452R S:N460K	13	12880	0.001009	22793	22967
G21987A T21992-ATTACC	S:G142D S:DEL145/146	13	10414	0.001248	21956	22058
G21987A C22009-A	S:G142D NA	13	9026	0.00144	21847	22021
C25416T C25517-T G25555-T	ORF3a:F8F NA NA	13	5230	0.002486	25372	25566
C25416T A25472G	ORF3a:F8F ORF3a:D27G	13	10231	0.001271	25381	25477
C25262-T T25288C	NA S:S1242S	13	36637	0.000355	25122	25324
C25227T	S:A1222V	13	32919	0.000395	25208	25314
C25000T A25011G	S:D1146D S:E1150G	13	18278	0.000711	24990	25043
C24980T	S:P1140S	13	15911	0.000817	24913	25046
C24668+A	NA	13	21819	0.000596	24612	24679
C24509T	S:R983C	13	45629	0.000285	24491	24564
C24483+A C24672-A	NA NA	13	16268	0.000799	24473	24679
C24119-A G24124-T G24140-T	NA NA NA	13	4571	0.002844	24021	24173
C24026-T C24119-A G24140-T	NA NA NA	13	3613	0.003598	24021	24191
C23854G	S:N764K	13	19956	0.000651	23683	23890
C23854A C23859+G	S:N764K NA	13	19835	0.000655	23847	23895
C23854A A23894G	S:N764K Unknown	13	17902	0.000726	23823	23895
C23854A A23892G	S:N764K S:N777S	13	18497	0.000703	23795	23895
C23816-T G23835-T	NA NA	13	19590	0.000664	23683	23853
C23709-A C23887-A	NA NA	13	16012	0.000812	23683	23895
C23585-AG A23588T T23599G C23604A	NA S:T676S S:N679K S:P681H	13	85528	0.000152	23487	23627
C23525T T23599G C23603+A	S:H655Y S:N679K NA	13	55506	0.000234	23487	23642
C23525T T23599A C23604A	S:H655Y S:N679K S:P681H	13	55495	0.000234	23487	23642
C23525T G23580A T23599G C23604A	S:H655Y S:S673N S:N679K S:P681H	13	55495	0.000234	23487	23624
C23525T C23551T T23599G C23604A	S:H655Y S:D663D S:N679K S:P681H	13	55495	0.000234	23487	23637
C23525T A23598T T23599G C23604A	S:H655Y S:N679M S:N679M S:P681H	13	55495	0.000234	23487	23642
C23525T A23572C T23599G C23604A	S:H655Y S:I670I S:N679K S:P681H	13	55495	0.000234	23487	23633
C23525T A23558+T T23599G C23604A	S:H655Y NA S:N679* S:P681Y	13	55495	0.000234	23487	23642
C23525T A23554+C T23599G C23604A	S:H655Y NA S:N679* S:P681Y	13	55495	0.000234	23487	23637
C23525+T	NA	13	69062	0.000188	23493	23529
C23481T C23525T	S:S640F S:H655Y	13	10202	0.001274	23475	23537
C23334-T A23403G G23417+A	NA S:D614G NA	13	14987	0.000867	23269	23441
C22088T	S:L176F	13	5912	0.002199	22035	22092
A25531-T	NA	13	5375	0.002419	25381	25562
A25397-T	NA	13	10899	0.001193	25372	25427
A25296-G	NA	13	37649	0.000345	25252	25307
A25256-T	NA	13	36567	0.000356	25251	25324
A25193G	S:K1211E	13	28306	0.000459	25174	25211
A25137-T T25191-A C25262-T	NA NA NA	13	22821	0.00057	25122	25325
A25133G C25262-T	S:K1191E NA	13	22708	0.000572	25130	25324
A24993G	S:E1144G	13	18467	0.000704	24990	25069
A24987G C25000T	S:Q1142R S:D1146D	13	15630	0.000832	24943	25012
A24895G C24981-T C25000T	S:E1111E NA S:D1146D	13	15083	0.000862	24850	25065
A24879G C25000T	S:Q1106R S:D1146D	13	14958	0.000869	24850	25024
A24762G	S:Y1067C	13	5996	0.002168	24755	24803
A24676G	S:K1038K	13	21788	0.000597	24612	24679
A24617G	S:R1019G	13	21820	0.000596	24612	24652
A24538G	S:Q992Q	13	45478	0.000286	24476	24562
A24493T	S:L977F	13	45607	0.000285	24489	24678
A24424T T24482C	S:Q954H S:S974P	13	26325	0.000494	24412	24564
A24424T T24481C	S:Q954H S:I973I	13	26329	0.000494	24412	24564
A24424T T24469A T24549C	S:Q954H S:N969K S:L996S	13	25920	0.000502	24412	24564
A24424T T24469A T24540C	S:Q954H S:N969K S:I993T	13	25988	0.0005	24412	24564
A24424T T24469A T24514C	S:Q954H S:N969K S:L984L	13	26145	0.000497	24412	24564
A24424T T24469A T24505C	S:Q954H S:N969K S:L981L	13	26208	0.000496	24416	24564
A24424T T24469A G24488-T C24517-A	S:Q954H S:N969K NA NA	13	26126	0.000498	24412	24564
A24424T T24469A C24512T	S:Q954H S:N969K S:L984F	13	26153	0.000497	24412	24564
A24424T T24469A A24560T	S:Q954H S:N969K S:R1000*	13	25725	0.000505	24413	24564
A24424T T24469A A24545G	S:Q954H S:N969K S:R995G	13	25957	0.000501	24412	24564
A24424T T24469A A24500G	S:Q954H S:N969K S:I980V	13	26244	0.000495	24412	24564
A24424T T24469A A24495G	S:Q954H S:N969K S:N978S	13	26262	0.000495	24412	24564
A24424T T24459C T24469A	S:Q954H S:L966P S:N969K	13	26383	0.000493	24412	24564
A24424T T24436C	S:Q954H S:A958A	13	26631	0.000488	24412	24474
A24424T G24428+A	S:Q954H NA	13	26665	0.000488	24413	24564
A24424T A24531G	S:Q954H S:E990G	13	26034	0.000499	24416	24564
A24424T A24518G	S:Q954H S:K986E	13	26122	0.000498	24412	24564
A24423+T T24469A	NA S:N969Q	13	26376	0.000493	24413	24552
A24420G A24424T	S:N953S S:Q954H	13	28848	0.000451	24412	24424
A24298G	S:T912T	13	8727	0.00149	24229	24303
A24092+T	NA	13	8070	0.001611	24021	24103
A23942-T G23948T G23955+T	NA S:D796Y NA	13	2392	0.005435	23941	23968
A23853G C23854A	S:N764R S:N764R	13	19955	0.000651	23826	23895
A23848G C23854A	S:Q762Q S:N764K	13	19827	0.000656	23835	23895
A23780G C23887-A	S:M740V NA	13	17842	0.000729	23683	23895
A23770G	S:V736V	13	20384	0.000638	23683	23817
A23756-C C23854A	NA S:N764K	13	17027	0.000763	23744	23895
A23690G C23854A	S:N710D S:N764K	13	16632	0.000782	23683	23895
A23515-G C23525T	NA S:H655Y	13	68947	0.000189	23487	23534
A23403G T23521C C23525T	S:D614G S:A653A S:H655Y	13	8389	0.00155	23339	23538
A23403G T23482-A	S:D614G NA	13	8585	0.001514	23391	23535
A23403G G23426-T	S:D614G NA	13	24949	0.000521	23335	23443
A23403G C23525T A23531G	S:D614G S:H655Y S:N657D	13	8298	0.001567	23387	23532
A23403G A23419G C23525T	S:D614G S:E619E S:H655Y	13	8389	0.00155	23386	23539
A23403G A23419G	S:D614G S:E619E	13	25135	0.000517	23335	23443
A23348G A23403G	S:S596G S:D614G	13	24056	0.00054	23339	23409
A23303G A23403G	S:T581A S:D614G	13	15079	0.000862	23269	23443
A23299G A23403G	S:P579P S:D614G	13	15072	0.000863	23296	23443
A22914-C	NA	13	19459	0.000668	22907	22963
A22845-T T22882G A22893C T22917G	NA S:N440K S:K444T S:L452R	13	15906	0.000817	22793	22925
A22443-C	NA	13	6014	0.002162	22391	22446
A22001G	S:K147E	13	11914	0.001091	21997	22005
T25436C	ORF3a:L15S	12	10606	0.001131	25372	25475
T25285+A	NA	12	37362	0.000321	25261	25320
T25268A	S:C1236S	12	36993	0.000324	25217	25325
T25265G G25266T	S:C1235V S:C1235V	12	36834	0.000326	25251	25324
T25196-G C25262-T	NA NA	12	25300	0.000474	25122	25324
T25191C	S:I1210T	12	28108	0.000427	25122	25210
T25171+G	NA	12	27447	0.000437	25130	25180
T24622C	S:A1020A	12	21854	0.000549	24612	24679
T24571C	S:S1003S	12	17831	0.000673	24479	24619
T24552C	S:I997T	12	45315	0.000265	24483	24564
T24544+A	NA	12	45436	0.000264	24476	24553
T24492+A C24672-A	NA NA	12	16623	0.000722	24471	24679
T24469A T24572C	S:N969K S:L1004L	12	13485	0.00089	24465	24603
T24469A A24677G	S:N969K S:R1039G	12	12797	0.000938	24465	24679
T24469A A24587G	S:N969K S:T1009A	12	13302	0.000902	24465	24679
T24278C	S:F906L	12	8607	0.001394	24229	24324
T24060C	S:F833S	12	7996	0.001501	24040	24106
T24039C	S:V826A	12	7931	0.001513	24021	24106
T23840C C23854A	S:C760R S:N764K	12	19580	0.000613	23683	23890
T23750C	S:S730P	12	18875	0.000636	23683	23773
T23725C C23854A	S:S721S S:N764K	12	16936	0.000709	23683	23891
T23721C C23854A	S:I720T S:N764K	12	16918	0.000709	23683	23895
T23599G C23604A G23666-A C23709-A	S:N679K S:P681H NA NA	12	28440	0.000422	23580	23724
T23599G C23604A G23660A	S:N679K S:P681H S:G700S	12	29210	0.000411	23580	23724
T23599G C23604A C23718T	S:N679K S:P681H S:T719I	12	28292	0.000424	23580	23724
T23599G C23604A C23709+A	S:N679K S:P681H NA	12	28440	0.000422	23580	23724
T23599G C23604A C23694+G	S:N679K S:P681H NA	12	28977	0.000414	23580	23724
T23599G C23604A C23683T	S:N679K S:P681H S:Y707Y	12	29054	0.000413	23581	23724
T23599G C23604A C23679T	S:N679K S:P681H S:A706V	12	29100	0.000412	23580	23724
T23599G C23604A C23630+A	S:N679K S:P681H NA	12	84916	0.000141	23580	23642
T23599G C23604A C23609-G G23666-A A23712-T	S:N679K S:P681H NA NA NA	12	28357	0.000423	23580	23724
T23599G C23603+A	S:N679K NA	12	85734	0.00014	23580	23620
T23599G A23712-T	S:N679K NA	12	28357	0.000423	23580	23724
T23584+C T23599G C23604A	NA S:N679* S:P681Y	12	85512	0.00014	23580	23642
T23398C A23403G	S:Y612Y S:D614G	12	25234	0.000476	23394	23443
T23394C	S:L611P	12	25335	0.000474	23335	23424
T23392-C A23403G	NA S:D614G	12	24931	0.000481	23269	23443
T23333C C23334-T	S:S591P NA	12	15694	0.000765	23269	23443
T23289C A23403G	S:V576A S:D614G	12	14912	0.000805	23270	23423
T23289+C	NA	12	17734	0.000677	23269	23298
T23272C	S:A570A	12	17333	0.000692	23269	23290
T22942A C22950-T	S:N460K NA	12	17520	0.000685	22927	22967
T22807C G22813T T22882G T22917G T22942A	S:T415T S:K417N S:N440K S:L452R S:N460K	12	12837	0.000935	22793	22966
T22392-A G22403-A	NA NA	12	5899	0.002034	22368	22419
T22043C	S:S161P	12	17270	0.000695	22025	22058
G25447-A	NA	12	10509	0.001142	25372	25467
G25311A	S:C1250Y	12	37970	0.000316	25266	25324
G25311+C	NA	12	37970	0.000316	25299	25325
G25229A	S:G1223S	12	32977	0.000364	25223	25323
G25198A	S:W1212*	12	28543	0.00042	25194	25325
G25127+T	NA	12	25748	0.000466	25122	25143
G25033-A	NA	12	18228	0.000658	25013	25068
G24693-AA	NA	12	4206	0.002853	24678	24788
G24415A A24424T T24469A	S:V951V S:Q954H S:N969K	12	26150	0.000459	24412	24554
G24415A A24424T	S:V951V S:Q954H	12	28637	0.000419	24412	24564
G24164+A	NA	12	10832	0.001108	24148	24174
G24140T T24141G	S:V860C S:V860C	12	5512	0.002177	24133	24173
G23811A C23854A	S:S750N S:N764K	12	19072	0.000629	23795	23895
G23808A	S:C749Y	12	20143	0.000596	23683	23823
G23735-A	NA	12	19050	0.00063	23690	23751
G23666-A	NA	12	30674	0.000391	23627	23705
G23402A A23403G	S:D614S S:D614S	12	25404	0.000472	23302	23443
G23364-A	NA	12	25112	0.000478	23335	23391
G22813T T22942G	S:K417N S:N460K	12	12880	0.000932	22793	22966
G22813T T22882G T22917G C22950-T	S:K417N S:N440K S:L452R NA	12	12489	0.000961	22793	22966
G22813T T22882G T22891-A G22898A T22942G	S:K417N S:N440K NA S:G446S S:N460K	12	12880	0.000932	22795	22948
G22813T T22882G A22893C T22917G C22949-CT	S:K417N S:N440K S:K444T S:L452R NA	12	12506	0.00096	22793	22966
G22813T T22882G A22893C G22898A	S:K417N S:N440K S:K444T S:G446S	12	16512	0.000727	22793	22905
G22813T T22876-A T22882G A22893C T22917G	S:K417N NA S:N440K S:K444T S:L452R	12	15558	0.000771	22793	22922
G22813T T22831+A T22882G A22893C T22917G	S:K417N NA S:N440Q S:K444S S:L452R	12	15558	0.000771	22793	22921
G22813T G22895C G22898A	S:K417N S:V445L S:G446S	12	16512	0.000727	22793	22909
G22813T G22869T T22882G A22893C T22917G T22942A	S:K417N S:W436L S:N440K S:K444T S:L452R S:N460K	12	12880	0.000932	22793	22955
G22809A G22813T T22882G	S:G416E S:K417N S:N440K	12	17609	0.000681	22793	22894
G22331A C22414T	S:G257S S:T284T	12	3989	0.003008	22246	22431
G22302+T G22317T	NA S:G252L	12	10518	0.001141	22256	22319
G22289T	S:A243S	12	10924	0.001098	22249	22446
G22104-A C22109G C22120-A	NA S:Q183E NA	12	9962	0.001205	22100	22155
G21987A T21990-TTA C22009-A	S:G142D S:DEL144 NA	12	9026	0.001329	21847	22021
G21987A T21990-TTA A21999-CAA	S:G142D S:DEL144 S:DEL147	12	9325	0.001287	21959	22058
G21987A A21993-TTAC A21999-C	S:G142D NA NA	12	9325	0.001287	21960	22058
G21987A A21993-T	S:G142D NA	12	10371	0.001157	21980	22058
C25460T	ORF3a:A23V	12	10343	0.00116	25372	25477
C25416T C25452-A	ORF3a:F8F NA	12	10426	0.001151	25377	25477
C25350G	S:P1263R	12	3489	0.003439	25268	25387
C25294+G	NA	12	37578	0.000319	25285	25324
C25262-T T25309C	NA S:S1249S	12	36482	0.000329	25251	25325
C25262-T T25293C	NA S:L1244P	12	36618	0.000328	25251	25325
C25262-T A25420+T	NA NA	12	2790	0.004301	25252	25429
C25162A C25163A	S:L1200L S:Q1201K	12	27425	0.000438	25122	25169
C25132+A C25262-T	NA NA	12	22674	0.000529	25122	25324
C25131T	S:A1190V	12	26609	0.000451	25122	25180
C25000T T25053C	S:D1146D S:V1164A	12	17764	0.000676	24990	25068
C25000T T25004C	S:D1146D S:F1148L	12	18351	0.000654	24990	25069
C25000T A25065G	S:D1146D S:D1168G	12	17606	0.000682	24990	25069
C24672-AA	NA	12	21712	0.000553	24612	24679
C24559T	S:G999G	12	45150	0.000266	24517	24564
C24483+A T24492+A	NA NA	12	45109	0.000266	24476	24520
C23887-AA	NA	12	19450	0.000617	23873	23895
C23887-A G23948T	NA S:D796Y	12	1036	0.011583	23792	23957
C23854A G23868-A	S:N764K NA	12	19642	0.000611	23835	23895
C23854A A23870+C	S:N764K NA	12	19609	0.000612	23846	23895
C23604A C23613T	S:P681H S:A684V	12	85767	0.00014	23587	23656
C23604A A23712+T	S:P681H NA	12	28409	0.000422	23580	23724
C23525T T23599G C23603T C23604A	S:H655Y S:N679K S:P681Y S:P681Y	12	55495	0.000216	23487	23642
C23525T T23590C C23604A	S:H655Y S:T676T S:P681H	12	55495	0.000216	23487	23636
C23525T G23528A T23599G C23604A	S:H655Y S:V656I S:N679K S:P681H	12	55495	0.000216	23487	23637
C23525T C23595T T23599G C23604A	S:H655Y S:T678I S:N679K S:P681H	12	55495	0.000216	23487	23642
C23525T C23585T T23599G C23604A	S:H655Y S:Q675* S:N679K S:P681H	12	55495	0.000216	23487	23642
C23525T C23536T T23599G C23604A	S:H655Y S:N658N S:N679K S:P681H	12	55495	0.000216	23487	23642
C23525T A23566-G T23599G C23604A	S:H655Y NA S:N679K S:P681H	12	55495	0.000216	23492	23642
C23525T A23526+T	S:H655L NA	12	68669	0.000175	23487	23539
C23520T C23525T T23599G C23604A	S:A653V S:H655Y S:N679K S:P681H	12	55483	0.000216	23487	23642
C23306+T C23334-T	NA NA	12	15661	0.000766	23269	23424
C23188+T C23191+A	NA NA	12	2343	0.005122	23089	23203
C22802-A G22813T T22882G	NA S:K417N S:N440K	12	17496	0.000686	22793	22894
C22802-A G22813T	NA S:K417N	12	18220	0.000659	22793	22836
C22281+T	NA	12	10913	0.0011	22246	22297
C22033A	S:F157L	12	17330	0.000692	22025	22054
C21618T T21632-TACCCCCTG C21682-A A21764-TACATG	S:T19I S:DEL25/27 NA S:DEL69/70	12	5219	0.002299	21597	21802
C21618T T21632-TACCCCCTG A21764-TACATG A21783G	S:T19I S:DEL25/27 S:DEL69/70 S:N74S	12	5187	0.002313	21597	21802
C21618T C21622G T21632-TACCCCCTG	S:T19I S:T20T S:DEL25/27	12	7330	0.001637	21597	21659
C21618T A21764-TACATG C21781-A	S:T19I S:DEL69/70 NA	12	5193	0.002311	21600	21802
A25410G	ORF3a:R6R	12	10819	0.001109	25381	25481
A25201G	S:P1213P	12	28920	0.000415	25183	25206
A25190+G	NA	12	27856	0.000431	25183	25325
A25182G C25262-T	S:E1207G NA	12	24103	0.000498	25122	25325
A25137G	S:N1192S	12	26839	0.000447	25122	25261
A25136G	S:N1192D	12	26824	0.000447	25122	25161
A24966G C25000T	S:N1135S S:D1146D	12	15476	0.000775	24908	25060
A24920G C25000T	S:T1120A S:D1146D	12	15217	0.000789	24850	25021
A24918G C25000T	S:N1119S S:D1146D	12	15209	0.000789	24850	25065
A24670T	S:Q1036H	12	21771	0.000551	24482	24679
A24661G	S:V1033V	12	21898	0.000548	24643	24679
A24592G	S:Q1010Q	12	17639	0.00068	24574	24679
A24424T T24552C	S:Q954H S:I997T	12	25890	0.000463	24412	24564
A24424T T24504C	S:Q954H S:L981P	12	26213	0.000458	24412	24564
A24424T T24491C	S:Q954H S:L977L	12	26287	0.000456	24412	24563
A24424T T24469G	S:Q954H S:N969K	12	26383	0.000455	24412	24529
A24424T T24469A T24552C	S:Q954H S:N969K S:I997T	12	25890	0.000463	24412	24564
A24424T T24469A T24472C	S:Q954H S:N969K S:F970F	12	26354	0.000455	24412	24564
A24424T T24469A C24559T	S:Q954H S:N969K S:G999G	12	25753	0.000466	24412	24564
A24424T T24469A C24555T	S:Q954H S:N969K S:T998I	12	25840	0.000464	24412	24564
A24424T T24469A A24560G	S:Q954H S:N969K S:R1000G	12	25725	0.000466	24412	24564
A24424T T24469A A24556G	S:Q954H S:N969K S:T998T	12	25781	0.000465	24412	24564
A24424T T24460C	S:Q954H S:L966L	12	26425	0.000454	24412	24564
A24424T A24560T	S:Q954H S:R1000*	12	25725	0.000466	24412	24564
A24424T A24556+G	S:Q954H NA	12	25781	0.000465	24412	24564
A24424T A24532G	S:Q954H S:E990E	12	26030	0.000461	24412	24564
A24424T A24500G	S:Q954H S:I980V	12	26244	0.000457	24412	24564
A24424T A24452G T24469A	S:Q954H S:K964E S:N969K	12	26383	0.000455	24412	24564
A24424T A24430G	S:Q954H S:A956A	12	26658	0.00045	24412	24564
A24287G	S:I909V	12	8696	0.00138	24281	24317
A24221G	S:T887A	12	5152	0.002329	24148	24324
A24165G	S:E868G	12	10878	0.001103	24148	24191
A24123T	S:K854M	12	5280	0.002273	24117	24191
A24105G	S:D848G	12	8134	0.001475	24074	24106
A24041G	S:T827A	12	7956	0.001508	24021	24106
A23994G	S:K811R	12	3483	0.003445	23975	24105
A23848+T C23887-A C23929-A	NA NA NA	12	1501	0.007995	23767	23941
A23805G C23854A	S:E748G S:N764K	12	19027	0.000631	23683	23895
A23753G C23854A	S:M731V S:N764K	12	17020	0.000705	23748	23895
A23743G C23854A	S:L727L S:N764K	12	16990	0.000706	23683	23895
A23729G C23854A	S:T723A S:N764K	12	16943	0.000708	23683	23895
A23688G	S:N709S	12	49970	0.00024	23683	23719
A23588T T23599G C23604A	S:T676S S:N679K S:P681H	12	85578	0.00014	23580	23724
A23570T T23599G C23604A	S:I670L S:N679K S:P681H	12	56015	0.000214	23487	23642
A23515G C23525T T23599G C23604A	S:I651M S:H655Y S:N679K S:P681H	12	55427	0.000217	23487	23624
A23515+G C23525T A23558-T T23599G C23604A	NA S:H655S NA S:N679* S:P681Y	12	55427	0.000217	23487	23624
A23503T C23525T T23599G C23604A	S:A647A S:H655Y S:N679K S:P681H	12	55199	0.000217	23487	23637
A23503G	S:A647A	12	69589	0.000172	23488	23507
A23495T C23525T T23599G C23604A	S:T645S S:H655Y S:N679K S:P681H	12	54901	0.000219	23487	23634
A23403G T23427C	S:D614G S:V622A	12	24933	0.000481	23378	23443
A23403G A23524G C23525T	S:D614G S:E654E S:H655Y	12	8389	0.00143	23335	23539
A23403G A23432G	S:D614G S:I624V	12	24230	0.000495	23296	23443
A23359G G23364A A23403G	S:T599T S:G601E S:D614G	12	24198	0.000496	23269	23443
A23321+T C23334-T	NA NA	12	15675	0.000766	23269	23369
A22948-C	NA	12	18056	0.000665	22936	22967
A22914-C T22942A	NA S:N460K	12	16203	0.000741	22905	22963
A22080G	S:Q173R	12	5930	0.002024	22025	22089
A22004G	S:N148D	12	12019	0.000998	21998	22043
A21875-T G21987A A21993-TTACC A21999C	NA S:G142D NA S:H146P	12	5818	0.002063	21847	22058
T25560C C25561A A25562T	ORF3a:F56F ORF3a:Q57M ORF3a:Q57M	11	5171	0.002127	25372	25566
T25464C	ORF3a:T24T	11	10310	0.001067	25380	25477
T25248C C25262-T	S:M1229T NA	11	33259	0.000331	25122	25325
T25232C C25262-T	S:L1224L NA	11	32954	0.000334	25122	25325
T25189+A C25262-T	NA NA	11	24485	0.000449	25122	25325
T25187C	S:Y1209H	11	27707	0.000397	25178	25325
T24995C C25000T	S:L1145L S:D1146D	11	18381	0.000598	24990	25067
T24983C C25000T	S:L1141L S:D1146D	11	15605	0.000705	24853	25066
T24946C C25000T	S:V1128V S:D1146D	11	15342	0.000717	24850	25019
T24940C	S:C1126C	11	17855	0.000616	24893	24943
T24643C	S:T1027T	11	21923	0.000502	24629	24679
T24628C	S:A1022A	11	21904	0.000502	24620	24678
T24607C	S:A1015A	11	17637	0.000624	24571	24679
T24529C A24594G	S:A989A S:Q1011R	11	17404	0.000632	24484	24679
T24491-TA	NA	11	45618	0.000241	24480	24502
T24469G	S:N969K	11	41155	0.000267	24465	24564
T24469A T24513C	S:N969K S:L984P	11	40698	0.00027	24465	24564
T24469A T24475C	S:N969K S:G971G	11	41114	0.000268	24465	24564
T24469A C24553T	S:N969K S:I997I	11	40177	0.000274	24465	24564
T24289C	S:I909I	11	8703	0.001264	24229	24324
T24152C	S:L864L	11	10763	0.001022	24148	24188
T24115C	S:C851C	11	4695	0.002343	24021	24131
T24076C	S:G838G	11	8028	0.00137	24021	24089
T23830C C23854A	S:Y756Y S:N764K	11	19322	0.000569	23817	23895
T23818C C23854A	S:L752L S:N764K	11	19154	0.000574	23683	23895
T23787C C23854A	S:I742T S:N764K	11	18809	0.000585	23683	23895
T23727C C23854A	S:V722A S:N764K	11	16940	0.000649	23683	23895
T23695C C23854A	S:S711S S:N764K	11	16659	0.00066	23683	23895
T23695+A	NA	11	50070	0.00022	23686	23707
T23693C C23854A	S:S711P S:N764K	11	16644	0.000661	23683	23895
T23599G C23604A T23719C	S:N679K S:P681H S:T719T	11	28153	0.000391	23580	23724
T23599G C23604A T23671C	S:N679K S:P681H S:N703N	11	29145	0.000377	23580	23724
T23599G C23604A G23661A	S:N679K S:P681H S:G700D	11	29203	0.000377	23580	23699
T23599G C23604A G23619A	S:N679K S:P681H S:S686N	11	85641	0.000128	23580	23624
T23599G C23604A C23707T	S:N679K S:P681H S:P715P	11	28506	0.000386	23580	23724
T23599G C23604A C23706T	S:N679K S:P681H S:P715L	11	28618	0.000384	23580	23717
T23599G C23604A C23657-T	S:N679K S:P681H NA	11	29241	0.000376	23580	23724
T23599G C23604A C23638-A	S:N679K S:P681H NA	11	84346	0.00013	23592	23642
T23599G C23604A A23704-C	S:N679K S:P681H NA	11	28640	0.000384	23580	23724
T23599G C23603T C23604A	S:N679K S:P681Y S:P681Y	11	85717	0.000128	23580	23642
T23507A C23525T T23599G C23604A	S:C649S S:H655Y S:N679K S:P681H	11	55333	0.000199	23501	23642
T23386C A23403G	S:V608V S:D614G	11	24690	0.000446	23282	23443
T23375C A23403G	S:S605P S:D614G	11	24332	0.000452	23335	23432
T23355C A23403G	S:I598T S:D614G	11	24174	0.000455	23335	23431
T23355-A C23358T G23364A C23525T	NA S:T599I S:G601E S:H655Y	11	7441	0.001478	23339	23537
T23355+A	NA	11	25276	0.000435	23335	23370
T23352C A23403G C23525T	S:V597A S:D614G S:H655Y	11	7428	0.001481	23335	23539
T23344C	S:G594G	11	25184	0.000437	23335	23373
T23313C A23403G	S:I584T S:D614G	11	15088	0.000729	23270	23443
T23164-A C23230-A	NA NA	11	1987	0.005536	23090	23244
T22942A G22992A C22995A A23013C T23018G	S:N460K S:S477N S:T478K S:E484A S:F486V	11	1278	0.008607	22926	23048
T22882G T22891+A G22895C G22898A	S:N440K NA S:V445R S:G446R	11	19055	0.000577	22876	22939
T22882G A22893C T22917G T22942A G22992A C22995A T23018G	S:N440K S:K444T S:L452R S:N460K S:S477N S:T478K S:F486V	11	1060	0.010377	22876	23048
T22861C T22882G G22898A T22942G	S:V433V S:N440K S:G446S S:N460K	11	13375	0.000822	22793	22967
T22807C G22813T T22882G T22942A	S:T415T S:K417N S:N440K S:N460K	11	12837	0.000857	22793	22966
T22200G T22204+C	S:V213G NA	11	4823	0.002281	22180	22319
T22162C	S:Y200Y	11	12495	0.00088	22124	22192
T22048C	S:S162S	11	17137	0.000642	22025	22058
T22032C	S:F157S	11	17341	0.000634	22025	22058
T21864+A G21987A	NA S:G142E	11	7079	0.001554	21847	21993
T21856+A G21987A	NA S:G142E	11	7065	0.001557	21847	21991
G25540+T G25555-T	NA NA	11	5230	0.002103	25382	25564
G25401-T	NA	11	10876	0.001011	25376	25429
G25314A	S:G1251E	11	38000	0.000289	25263	25324
G25305+A	NA	11	37895	0.00029	25291	25324
G25298A	S:G1246S	11	37703	0.000292	25251	25325
G25287A	S:S1242N	11	37416	0.000294	25261	25316
G25218+T	NA	11	31479	0.000349	25122	25325
G25091+A	NA	11	2625	0.00419	25036	25210
G24816-A	NA	11	1757	0.006261	24788	24822
G24635A	S:A1025T	11	21911	0.000502	24612	24679
G24530+A	NA	11	45515	0.000242	24509	24541
G24527A	S:A989T	11	45538	0.000242	24488	24564
G24521+T C24672-A	NA NA	11	16854	0.000653	24474	24679
G24399-A A24424T	NA S:Q954H	11	2194	0.005014	24277	24424
G23835-T C23854A C23887-A	NA S:N764K NA	11	18476	0.000595	23683	23895
G23699+C	NA	11	50132	0.000219	23683	23710
G23699+A	NA	11	50132	0.000219	23692	23722
G23587T T23599G C23604A	S:Q675H S:N679K S:P681H	11	85556	0.000129	23580	23633
G23364T	S:G601V	11	25112	0.000438	23285	23411
G22992A C22995A A23013C T23018C T23019C T23031C	S:S477N S:T478K S:E484A S:F486P S:F486P S:F490S	11	1336	0.008234	22986	23047
G22895C T22896C G22898A T22942G	S:V445P S:V445P S:G446S S:N460K	11	15359	0.000716	22882	22962
G22813T T22882G G22895C T22896C T22942G	S:K417N S:N440K S:V445P S:V445P S:N460K	11	12880	0.000854	22793	22967
G22813T T22882G A22914-C T22942A	S:K417N S:N440K NA S:N460K	11	12880	0.000854	22804	22949
G22813T T22882G A22893C T22917G A22948C C22949-CT	S:K417N S:N440K S:K444T S:L452R S:K462N NA	11	12506	0.00088	22793	22967
G22813T T22861C T22882G	S:K417N S:V433V S:N440K	11	17621	0.000624	22793	22896
G22813T G22895C T22896C G22898A T22942G	S:K417N S:V445P S:V445P S:G446S S:N460K	11	12880	0.000854	22803	22966
G22813T C22839T T22882G A22893C T22917G	S:K417N S:P426L S:N440K S:K444T S:L452R	11	15558	0.000707	22793	22929
G22813T A22852G T22882G G22895C T22896C G22898A T22942G	S:K417N S:T430T S:N440K S:V445P S:V445P S:G446S S:N460K	11	12880	0.000854	22808	22967
G22813T A22845-T T22882G G22895C G22898A	S:K417N NA S:N440K S:V445L S:G446S	11	16512	0.000666	22793	22913
G22809-A G22813T A22845-T T22882G A22893C T22917G	NA S:K417N NA S:N440K S:K444T S:L452R	11	15550	0.000707	22793	22928
G22113T	S:G184V	11	10366	0.001061	22025	22192
G21987A A21999-C	S:G142D NA	11	9325	0.00118	21962	22058
G21956T G21987A A22001G T22016C C22033A	S:E132* S:G142D S:K147E S:W152R S:F157L	11	5908	0.001862	21943	22058
G21569-T G21578-T C21618T T21632-TACCCCCTG	NA NA S:T19I S:DEL25/27	11	1509	0.00729	21463	21659
C25000T T25058C	S:D1146D S:L1166L	11	17723	0.000621	24850	25065
C25000T T25054C	S:D1146D S:V1164V	11	17759	0.000619	24990	25069
C25000T T25005C	S:D1146D S:F1148S	11	18348	0.0006	24993	25069
C25000T T25001C	S:D1146D S:S1147P	11	18351	0.000599	24990	25065
C25000T A25042G	S:D1146D S:T1160T	11	17839	0.000617	24990	25065
C25000T A25007G	S:D1146D S:K1149E	11	18320	0.0006	24990	25046
C25000T A25003-T	S:D1146D NA	11	18351	0.000599	24990	25044
C24964-A C25000T	NA S:D1146D	11	15464	0.000711	24932	25069
C24575T	S:Q1005*	11	17817	0.000617	24564	24592
C24517T	S:D985D	11	45610	0.000241	24465	24564
C24245-A A24253-T	NA NA	11	8386	0.001312	24229	24266
C24245-A	NA	11	8420	0.001306	24230	24262
C23929-A	NA	11	2160	0.005093	23916	23940
C23854A T23875C	S:N764K S:A771A	11	19435	0.000566	23683	23895
C23854A A23864G	S:N764K S:T768A	11	19703	0.000558	23837	23895
C23525T T23599G T23600A C23604A	S:H655Y S:N679K S:S680T S:P681H	11	55495	0.000198	23487	23638
C23525T T23599G C23604A T23622+G	S:H655Y S:N679K S:P681H NA	11	55451	0.000198	23487	23642
C23525T T23599G C23604A G23611A	S:H655Y S:N679K S:P681H S:R683R	11	55476	0.000198	23487	23624
C23525T T23599G C23603+G C23604A	S:H655Y S:N679K NA S:P681D	11	55495	0.000198	23500	23629
C23525T T23596+A T23599G C23604A	S:H655Y NA S:N679* S:P681Y	11	55495	0.000198	23487	23637
C23525T T23563+C T23599G C23604A	S:H655Y NA S:N679* S:P681Y	11	55495	0.000198	23487	23633
C23525T G23587T C23604A	S:H655Y S:Q675H S:P681H	11	55495	0.000198	23487	23642
C23525T C23557T C23604A	S:H655Y S:P665P S:P681H	11	55495	0.000198	23493	23642
C23525T C23538T T23599G C23604A	S:H655Y S:S659L S:N679K S:P681H	11	55495	0.000198	23487	23642
C23525T C23530-A T23599G C23604A	S:H655Y NA S:N679K S:P681H	11	55495	0.000198	23487	23642
C23525T A23570T C23604A	S:H655Y S:I670L S:P681H	11	55495	0.000198	23487	23642
C23525T A23558G T23599G	S:H655Y S:I666V S:N679K	11	55517	0.000198	23487	23642
C23525T A23550G C23604A	S:H655Y S:D663G S:P681H	11	55495	0.000198	23487	23642
C23525T A23526+G T23599G C23604A	S:H655* NA S:N679* S:P681Y	11	55495	0.000198	23487	23623
C23498+G	NA	11	69372	0.000159	23487	23507
C23393-T	NA	11	25297	0.000435	23335	23426
C23099-T T23143-A	NA NA	11	2597	0.004236	23096	23155
C22664A C22674T T22679C T22685-C A22688G G22775A A22786C G22813T	S:L368I S:S371F S:S373P NA S:T376A S:D405N S:R408S S:K417N	11	238	0.046218	22623	22834
C22109G A22161-T T22200A	S:Q183E NA S:V213E	11	3789	0.002903	22100	22218
C21618T T21632-TACCCCCTG T21737C A21764-TACATG	S:T19I S:DEL25/27 S:F59L S:DEL69/70	11	5219	0.002108	21608	21788
C21618T T21632-TACCCCCTG T21656C	S:T19I S:DEL25/27 S:F32L	11	7170	0.001534	21597	21664
C21618T T21632-TACCCCCTG G21701-T C21736-T A21764-TACATG	S:T19I S:DEL25/27 NA NA S:DEL69/70	11	5219	0.002108	21597	21802
C21552+A T21632-TACCCCCTG	NA S:DEL25/27	11	1179	0.00933	21543	21664
A25439G	ORF3a:K16R	11	10585	0.001039	25381	25477
A25206G C25262-T	S:Y1215C NA	11	26772	0.000411	25122	25325
A25194G	S:K1211R	11	28319	0.000388	25160	25325
A25190G C25262-T	S:I1210V NA	11	24619	0.000447	25122	25272
A25182G G25198-C	S:E1207G NA	11	27160	0.000405	25130	25325
A24905-T	NA	11	18021	0.00061	24890	24943
A24894G C25000T	S:E1111G S:D1146D	11	15062	0.00073	24850	25069
A24885-T C24899-A	NA NA	11	17845	0.000616	24850	24916
A24879G	S:Q1106R	11	18126	0.000607	24850	24886
A24860G C25000T	S:T1100A S:D1146D	11	14858	0.00074	24850	25068
A24758G	S:T1066A	11	5976	0.001841	24724	24806
A24613G	S:E1017E	11	21852	0.000503	24537	24679
A24582G	S:Y1007C	11	17682	0.000622	24481	24601
A24556+G	NA	11	45178	0.000243	24465	24564
A24500G	S:I980V	11	45626	0.000241	24474	24514
A24478G	S:A972A	11	44801	0.000246	24473	24564
A24424T T24564C	S:Q954H Unknown	11	25654	0.000429	24412	24564
A24424T T24522C	S:Q954H S:V987A	11	26075	0.000422	24412	24564
A24424T T24469A G24557A	S:Q954H S:N969K S:G999S	11	25767	0.000427	24412	24564
A24424T T24469A C24536T	S:Q954H S:N969K S:Q992*	11	26006	0.000423	24412	24552
A24424T T24469A C24477T	S:Q954H S:N969K S:A972V	11	26343	0.000418	24412	24564
A24424T T24447C	S:Q954H S:L962P	11	26554	0.000414	24412	24564
A24424T T24437C T24469A	S:Q954H S:L959L S:N969K	11	26383	0.000417	24412	24564
A24424T A24545G	S:Q954H S:R995G	11	25957	0.000424	24412	24564
A24424T A24543G	S:Q954H S:D994G	11	25978	0.000423	24413	24564
A24424T A24519G	S:Q954H S:K986R	11	26115	0.000421	24412	24527
A24424T A24453G	S:Q954H S:K964R	11	26502	0.000415	24419	24564
A24424T A24432G T24469A	S:Q954H S:Q957R S:N969K	11	26383	0.000417	24412	24564
A24424T A24430G T24469A	S:Q954H S:A956A S:N969K	11	26383	0.000417	24412	24554
A24424C	S:Q954H	11	28876	0.000381	24417	24564
A24160G	S:T866T	11	10794	0.001019	24148	24191
A24118G	S:A852A	11	4840	0.002273	24076	24191
A23852G C23854A	S:N764E S:N764E	11	19955	0.000551	23683	23885
A23848+T C23887-A G23903-T	NA NA NA	11	1610	0.006832	23767	23937
A23806G C23854A	S:E748E S:N764K	11	19031	0.000578	23724	23891
A23796+T	NA	11	20183	0.000545	23792	23808
A23786-T C23854A C23887-A	NA S:N764K NA	11	17881	0.000615	23683	23895
A23767T C23854A	S:S735S S:N764K	11	17060	0.000645	23683	23895
A23734G C23854A	S:T724T S:N764K	11	16954	0.000649	23686	23895
A23732G C23854A	S:T724A S:N764K	11	16951	0.000649	23683	23895
A23710G C23854A	S:T716T S:N764K	11	16885	0.000651	23683	23895
A23702G	S:I714V	11	49999	0.00022	23683	23706
A23688G C23854A	S:N709S S:N764K	11	16621	0.000662	23683	23881
A23688+G	NA	11	49970	0.00022	23683	23724
A23594-C T23599G C23604A	NA S:N679K S:P681H	11	85687	0.000128	23581	23647
A23570G C23604A	S:I670V S:P681H	11	56015	0.000196	23487	23641
A23503-G C23525T T23599G C23604A	NA S:H655Y S:N679K S:P681H	11	55199	0.000199	23488	23642
A23493C C23525T T23599G C23604A	S:Q644P S:H655Y S:N679K S:P681H	11	54782	0.000201	23488	23624
A23403G T23434C	S:D614G S:I624I	11	23871	0.000461	23367	23443
A23403G T23433C	S:D614G S:I624T	11	24182	0.000455	23399	23443
A23403G T23404C	S:D614G S:D614G	11	25352	0.000434	23383	23443
A23403G C23525T A23532G	S:D614G S:H655Y S:N657S	11	8293	0.001326	23335	23539
A23403G C23481T	S:D614G S:S640F	11	8594	0.00128	23388	23539
A23397+T	NA	11	25441	0.000432	23335	23409
A23370G A23403G	S:N603S S:D614G	11	24272	0.000453	23360	23443
A23365G A23403G	S:G601G S:D614G	11	24232	0.000454	23335	23443
A23312G A23403G	S:I584V S:D614G	11	15087	0.000729	23269	23443
A23274G C23334-T A23403G	S:D571G NA S:D614G	11	14592	0.000754	23269	23443
A23274G C23334-T	S:D571G NA	11	15116	0.000728	23269	23443
A22190-T	NA	11	12733	0.000864	22169	22192
T25414C C25416T	ORF3a:F8L ORF3a:F8L	10	10767	0.000929	25381	25474
T25316-C	NA	10	38001	0.000263	25297	25325
T25312+C	NA	10	37991	0.000263	25304	25320
T25251G C25262-T	S:V1230G NA	10	33316	0.0003	25130	25325
T25189C C25262-T	S:Y1209Y NA	10	24485	0.000408	25122	25325
T25180C C25262-T	S:Y1206Y NA	10	23965	0.000417	25130	25325
T25155C C25262-T	S:I1198T NA	10	23447	0.000426	25122	25325
T25148C	S:S1196P	10	27033	0.00037	25124	25210
T25140-A G25173-A T25191-A G25218-T C25262-T	NA NA NA NA NA	10	22882	0.000437	25122	25325
T25123-G	NA	10	25423	0.000393	25122	25166
T24976C C25000T	S:Y1138Y S:D1146D	10	15549	0.000643	24964	25069
T24972C C25000T	S:V1137A S:D1146D	10	15520	0.000644	24850	25069
T24945C C25000T	S:V1128A S:D1146D	10	15337	0.000652	24850	25069
T24924C	S:F1121S	10	17973	0.000556	24853	24929
T24871C C25000T	S:F1103F S:D1146D	10	14920	0.00067	24850	25066
T24866+G	NA	10	18155	0.000551	24856	24875
T24643-A C24672-A A24684-T G24693-A	NA NA NA NA	10	3440	0.002907	24612	24805
T24549C	S:L996S	10	45367	0.00022	24518	24564
T24481C	S:I973I	10	45089	0.000222	24473	24519
T24469A T24663C	S:N969K S:L1034P	10	12952	0.000772	24465	24679
T24469A T24625C	S:N969K S:S1021S	10	13148	0.000761	24465	24679
T24469A T24552C	S:N969K S:I997T	10	40190	0.000249	24465	24564
T24469A T24480C	S:N969K S:I973T	10	41095	0.000243	24465	24564
T24469A C24555T	S:N969K S:T998I	10	40120	0.000249	24465	24564
T24469A A24619G	S:N969K S:R1019R	10	13192	0.000758	24465	24672
T24469A A24610G	S:N969K S:A1016A	10	13249	0.000755	24465	24679
T24469A A24576G	S:N969K S:Q1005R	10	13461	0.000743	24465	24679
T24469A A24518G	S:N969K S:K986E	10	40659	0.000246	24465	24564
T24187C	S:S875S	10	10644	0.000939	24164	24191
T24126-TA	NA	10	5263	0.0019	24021	24191
T24115+A	NA	10	4695	0.00213	24108	24175
T24045C	S:L828P	10	7958	0.001257	24027	24096
T23956-G	NA	10	3388	0.002952	23949	24106
T23916+A	NA	10	2155	0.00464	23904	23978
T23830+G C23887-A	NA NA	10	18393	0.000544	23683	23895
T23822C C23854A	S:L754L S:N764K	10	19187	0.000521	23761	23895
T23783C C23887-A	S:Y741H NA	10	17862	0.00056	23767	23895
T23781C C23854A	S:M740T S:N764K	10	18769	0.000533	23683	23873
T23740C C23854A	S:I726I S:N764K	10	16973	0.000589	23714	23895
T23716-A	NA	10	49638	0.000201	23697	23733
T23716+A	NA	10	49638	0.000201	23683	23724
T23698+C	NA	10	50117	0.0002	23689	23724
T23686-A	NA	10	49895	0.0002	23683	23704
T23599G C23644T	S:N679K S:A694A	10	29333	0.000341	23580	23724
T23599G C23613T	S:N679K S:A684V	10	85672	0.000117	23581	23724
T23599G C23604A T23637-C	S:N679K S:P681H NA	10	84378	0.000119	23587	23642
T23599G C23604A G23675A	S:N679K S:P681H S:V705I	10	29123	0.000343	23580	23724
T23599G C23604A G23666-A C23700T	S:N679K S:P681H NA S:A713V	10	28936	0.000346	23580	23724
T23599G C23604A G23653A	S:N679K S:P681H S:M697I	10	29265	0.000342	23580	23724
T23599G C23604A C23609-G G23666-A A23711-AT	S:N679K S:P681H NA NA NA	10	28370	0.000352	23580	23724
T23599G C23604A C23609+G	S:N679K S:P681H NA	10	85690	0.000117	23580	23642
T23599G C23604A A23696-T	S:N679K S:P681H NA	10	28958	0.000345	23580	23724
T23599G A23712+T	S:N679K NA	10	28357	0.000353	23580	23724
T23596-A T23599G C23604A	NA S:N679K S:P681H	10	85710	0.000117	23580	23642
T23590A T23599G C23604A	S:T676T S:N679K S:P681H	10	85605	0.000117	23580	23724
T23546C T23599G C23604A	S:C662R S:N679K S:P681H	10	55751	0.000179	23487	23642
T23511+C	NA	10	69715	0.000143	23487	23520
T23500C C23525T	S:R646R S:H655Y	10	68352	0.000146	23487	23539
T23500-G T23599G C23604A	NA S:N679K S:P681H	10	55025	0.000182	23487	23642
T23500-G C23525T	NA S:H655Y	10	68352	0.000146	23493	23528
T23487G C23525T	S:V642G S:H655Y	10	38367	0.000261	23486	23531
T23396C A23403G	S:Y612H S:D614G	10	25134	0.000398	23335	23440
T23391C A23403G	S:V610A S:D614G	10	24890	0.000402	23335	23441
T23355-A C23358T A23403G	NA S:T599I S:D614G	10	24174	0.000414	23335	23427
T23352C	S:V597A	10	25283	0.000396	23269	23398
T22882G T22917G G22992A C22995A A23013C T23018G	S:N440K S:L452R S:S477N S:T478K S:E484A S:F486V	10	1060	0.009434	22876	23048
T22882G A22893C T22942A C22995A A23013C T23018G	S:N440K S:K444T S:N460K S:T478K S:E484A S:F486V	10	1060	0.009434	22876	23048
T22399+A	NA	10	6070	0.001647	22368	22410
T22384C	S:T274T	10	6208	0.001611	22358	22436
T22287C	S:L242P	10	10935	0.000914	22252	22319
T22282C	S:T240T	10	10923	0.000915	22252	22316
T22200G A22206-T	S:V213G NA	10	4812	0.002078	22195	22312
T22200A T22204+C	S:V213E NA	10	4823	0.002073	22172	22304
T22087-C G22104-A C22120-A	NA NA NA	10	5713	0.00175	22030	22134
T22058-G	NA	10	16939	0.00059	22025	22066
T21955C	S:C131C	10	10353	0.000966	21847	21967
T21605A C21618T T21632-TACCCCCTG A21764-TACATG C21781-A	S:C15S S:T19I S:DEL25/27 S:DEL69/70 NA	10	5148	0.001943	21597	21802
G25250A	S:V1230M	10	33343	0.0003	25230	25325
G25213A	S:W1217*	10	29538	0.000339	25201	25325
G24932A C25000T	S:G1124S S:D1146D	10	15272	0.000655	24914	25069
G24570+T C24672-A	NA NA	10	17044	0.000587	24470	24679
G24570+T	NA	10	17832	0.000561	24498	24611
G23885+A	NA	10	19501	0.000513	23873	23895
G23824A C23854A	S:L754L S:N764K	10	19201	0.000521	23683	23895
G23747A C23854A	S:V729M S:N764K	10	17001	0.000588	23699	23895
G23726+T	NA	10	19161	0.000522	23696	23741
G23678+T	NA	10	30762	0.000325	23666	23724
G23508+T C23525T	NA S:H655S	10	68792	0.000145	23487	23532
G23501+T C23525T T23599G C23604A	NA S:H655S S:N679* S:P681Y	10	55045	0.000182	23487	23642
G22813T T22882G T22917G G22927-T	S:K417N S:N440K S:L452R NA	10	14824	0.000675	22793	22937
G22813T T22882G G22895C T22896C G22898A T22903C T22942G	S:K417N S:N440K S:V445P S:V445P S:G446S S:G447G S:N460K	10	12880	0.000776	22804	22967
G22813T G22898A T22942G	S:K417N S:G446S S:N460K	10	12880	0.000776	22793	22967
G22813T G22859+T T22882G G22895C T22896C G22898A	S:K417N NA S:N440Q S:V445P S:V445P S:G446R	10	16512	0.000606	22793	22907
G22302-T	NA	10	10855	0.000921	22281	22319
G22289+T	NA	10	10924	0.000915	22246	22319
G22273-T G22317T	NA S:G252V	10	10231	0.000977	22264	22319
G22131T T22200G	S:R190M S:V213G	10	4066	0.002459	22100	22319
G21987A A22001G A22005-C T22016C	S:G142D S:K147E NA S:W152R	10	8619	0.00116	21980	22058
G21508-A G21569-T	NA NA	10	1285	0.007782	21451	21581
C25276+G	NA	10	37208	0.000269	25267	25325
C25262-T T25322C	NA S:C1254R	10	36215	0.000276	25251	25325
C25262-T G25302-T	NA NA	10	36561	0.000274	25251	25320
C25262-T G25284A	NA S:C1241Y	10	36656	0.000273	25122	25325
C25262-T A25296-G	NA NA	10	36593	0.000273	25122	25324
C25262-T A25274G	NA S:T1238A	10	36686	0.000273	25251	25325
C25207T	S:Y1215Y	10	29858	0.000335	25197	25210
C25163+A C25262-T	NA NA	10	23592	0.000424	25135	25325
C25000T A25067G	S:D1146D S:I1169V	10	17395	0.000575	24850	25069
C25000T A25045G	S:D1146D S:S1161S	10	17816	0.000561	24990	25069
C24981-T C25000T A25022G	NA S:D1146D S:K1154E	10	15250	0.000656	24850	25069
C24964-A	NA	10	15981	0.000626	24856	24978
C24789-A	NA	10	5927	0.001687	24724	24905
C24668-A	NA	10	21819	0.000458	24642	24679
C24632+T	NA	10	21926	0.000456	24612	24642
C24555-A	NA	10	45254	0.000221	24508	24679
C24503T	S:L981F	10	45601	0.000219	24463	24552
C24503-T C24517-A	NA NA	10	45397	0.00022	24412	24564
C24503+T	NA	10	45601	0.000219	24469	24516
C24455-A	NA	10	27127	0.000369	24412	24469
C24444A T24469A	S:T961K S:N969K	10	26920	0.000371	24412	24564
C24320-AA	NA	10	8371	0.001195	24229	24334
C24068-A	NA	10	8011	0.001248	24021	24077
C23895T	Unknown	10	18330	0.000546	23869	23895
C23882+A C23887-A	NA NA	10	19432	0.000515	23767	23895
C23859-T	NA	10	19956	0.000501	23683	23881
C23825+A	NA	10	19979	0.000501	23767	23836
C23816+T	NA	10	20065	0.000498	23683	23843
C23758T C23854A	S:T732T S:N764K	10	17037	0.000587	23683	23895
C23644T	S:A694A	10	30282	0.00033	23640	23724
C23604A C23692T	S:P681H S:N710N	10	29042	0.000344	23581	23724
C23557T T23599G C23604A	S:P665P S:N679K S:P681H	10	55851	0.000179	23534	23642
C23525T T23599G C23604A A23639+C	S:H655Y S:N679K S:P681H NA	10	53686	0.000186	23487	23642
C23525T T23599G C23604A A23623T	S:H655Y S:N679K S:P681H S:V687V	10	55446	0.00018	23487	23642
C23525T T23527C C23604A	S:H655Y S:H655Y S:P681H	10	55495	0.00018	23505	23642
C23525T G23587A T23599G C23604A	S:H655Y S:Q675Q S:N679K S:P681H	10	55495	0.00018	23487	23642
C23525T G23528+T	S:H655Y NA	10	68654	0.000146	23487	23538
C23525T C23604A T23637-C	S:H655Y S:P681H NA	10	54327	0.000184	23492	23642
C23525T C23604A T23622+G	S:H655Y S:P681H NA	10	55451	0.00018	23487	23642
C23525T C23585-AG A23588T T23599G	S:H655Y NA S:T676S S:N679K	10	55517	0.00018	23487	23625
C23525T A23598+G T23599A C23604A	S:H655Y NA S:N679R S:P681Y	10	55495	0.00018	23516	23642
C23525T A23535G	S:H655Y S:N658S	10	68121	0.000147	23487	23539
C23496+T	NA	10	69364	0.000144	23487	23507
C23492+T C23525T T23599G C23604A	NA S:H655S S:N679* S:P681Y	10	54579	0.000183	23486	23637
C23481+T	NA	10	10437	0.000958	23345	23489
C23424-T	NA	10	26387	0.000379	23412	23539
C23358T A23403G	S:T599I S:D614G	10	24189	0.000413	23335	23443
C23291-G	NA	10	17715	0.000564	23270	23301
C22802-A G22813T T22882G G22895C G22898A	NA S:K417N S:N440K S:V445L S:G446S	10	16394	0.00061	22793	22909
C22802-A G22809-A G22813T T22882G G22895C T22896C G22898A	NA NA S:K417N S:N440K S:V445P S:V445P S:G446S	10	16394	0.00061	22793	22917
C22674T C22686T A22688G G22775A A22786C G22813T	S:S371F S:S375F S:T376A S:D405N S:R408S S:K417N	10	239	0.041841	22623	22834
C22383-T	NA	10	6210	0.00161	22368	22395
C22377-T	NA	10	6244	0.001602	22368	22389
C22120-A T22200A	NA S:V213E	10	3947	0.002534	22113	22205
C22109G C22120-A A22161-T T22200A G22317T	S:Q183E NA NA S:V213E S:G252V	10	2832	0.003531	22100	22319
C22062+T	NA	10	6079	0.001645	22025	22073
C22000A G22026T	S:H146Q S:S155I	10	9987	0.001001	21994	22058
C22000-A A22002G T22016C C22033A	NA S:K147R S:W152R S:F157L	10	9851	0.001015	21990	22058
C21736-T A21764-TACATG	NA S:DEL69/70	10	5933	0.001685	21687	21802
C21618T T21632-TACCCCCTG T21729C A21764-TACATG C21781-A	S:T19I S:DEL25/27 S:L56S S:DEL69/70 NA	10	5193	0.001926	21597	21793
C21618T T21632-TACCCCCTG G21686-T	S:T19I S:DEL25/27 NA	10	5293	0.001889	21597	21802
C21618T T21632-TACCCCCTG A21685G A21764-TACATG	S:T19I S:DEL25/27 S:K41K S:DEL69/70	10	5219	0.001916	21597	21802
A25486G	ORF3a:T32A	10	6571	0.001522	25384	25559
A25410G C25416T	ORF3a:R6R ORF3a:F8F	10	10767	0.000929	25381	25477
A25241G C25262-T	S:I1227V NA	10	33126	0.000302	25130	25325
A25223G	S:I1221V	10	32645	0.000306	25219	25325
A25194-AT G25197T C25262-T	NA S:W1212L NA	10	25161	0.000397	25122	25318
A25188G	S:Y1209C	10	27737	0.000361	25122	25325
A25185G	S:Q1208R	10	27593	0.000362	25138	25210
A25175G C25262-T	S:K1205E NA	10	23841	0.000419	25130	25325
A25168G	S:E1202E	10	27467	0.000364	25138	25210
A25165G	S:Q1201Q	10	27460	0.000364	25130	25187
A25056-T	NA	10	18131	0.000552	25002	25068
A24999G C25000T	S:D1146G S:D1146G	10	18402	0.000543	24850	25069
A24915G C25000T	S:D1118G S:D1146D	10	15205	0.000658	24850	25069
A24902-T C24981-T C25000T	NA NA S:D1146D	10	15144	0.00066	24850	25014
A24885G C25000T	S:N1108S S:D1146D	10	14972	0.000668	24850	25069
A24877G C25000T	S:T1105T S:D1146D	10	14951	0.000669	24853	25069
A24670T C24672-A	S:Q1036H NA	10	21701	0.000461	24488	24679
A24610G	S:A1016A	10	17635	0.000567	24480	24679
A24569G	S:S1003G	10	17832	0.000561	24473	24614
A24556G	S:T998T	10	45178	0.000221	24473	24609
A24543G	S:D994G	10	45459	0.00022	24509	24564
A24539-T	NA	10	45475	0.00022	24483	24564
A24537G	S:Q992R	10	45465	0.00022	24473	24564
A24485G	S:S975G	10	45295	0.000221	24473	24564
A24479G	S:I973V	10	44865	0.000223	24473	24633
A24424T T24548C	S:Q954H S:L996L	10	25922	0.000386	24412	24564
A24424T T24523C	S:Q954H S:V987V	10	26072	0.000384	24412	24564
A24424T T24513C	S:Q954H S:L984P	10	26145	0.000382	24412	24564
A24424T T24480C	S:Q954H S:I973T	10	26334	0.00038	24412	24564
A24424T T24469A T24541C	S:Q954H S:N969K S:I993I	10	25987	0.000385	24412	24564
A24424T T24469A T24534C	S:Q954H S:N969K S:V991A	10	26022	0.000384	24412	24564
A24424T T24469A T24529C	S:Q954H S:N969K S:A989A	10	26040	0.000384	24412	24564
A24424T T24469A T24522C	S:Q954H S:N969K S:V987A	10	26075	0.000384	24412	24564
A24424T T24469A T24471-TG	S:Q954H S:N969K NA	10	26354	0.000379	24412	24564
A24424T T24469A G24558A	S:Q954H S:N969K S:G999D	10	25758	0.000388	24412	24564
A24424T T24469A G24476A	S:Q954H S:N969K S:A972T	10	26347	0.00038	24412	24563
A24424T T24469A C24517-A C24536-A	S:Q954H S:N969K NA NA	10	26006	0.000385	24412	24552
A24424T T24469A A24485G	S:Q954H S:N969K S:S975G	10	26307	0.00038	24412	24564
A24424T T24469A A24478G	S:Q954H S:N969K S:A972A	10	26339	0.00038	24412	24535
A24424T T24448C T24469A	S:Q954H S:L962L S:N969K	10	26383	0.000379	24412	24564
A24424T T24427C T24469A	S:Q954H S:N955N S:N969K	10	26383	0.000379	24413	24564
A24424T G24558A	S:Q954H S:G999D	10	25758	0.000388	24412	24563
A24424T G24488-T C24517-A C24536-A	S:Q954H NA NA NA	10	26006	0.000385	24417	24564
A24424T G24488-T C24503-T	S:Q954H NA NA	10	26216	0.000381	24412	24519
A24424T C24435-T G24488-T	S:Q954H NA NA	10	26299	0.00038	24412	24564
A24424T A24556G	S:Q954H S:T998T	10	25781	0.000388	24412	24564
A24424T A24478G	S:Q954H S:A972A	10	26339	0.00038	24412	24564
A24424T A24452G	S:Q954H S:K964E	10	26520	0.000377	24412	24564
A24424T A24426G	S:Q954H S:N955S	10	26665	0.000375	24412	24564
A24423+T A24426C	NA S:N955T	10	26658	0.000375	24412	24454
A24420G A24424T T24469A	S:N953S S:Q954H S:N969K	10	26355	0.000379	24412	24564
A24315G	S:E918G	10	8561	0.001168	24296	24357
A24287+T	NA	10	8696	0.00115	24229	24296
A24253-T A24424T	NA S:Q954H	10	1447	0.006911	24239	24424
A24253-T A24324T	NA S:K921I	10	7399	0.001352	24229	24328
A24232G	S:A890A	10	8392	0.001192	24229	24277
A24129G	S:N856S	10	5304	0.001885	24123	24138
A24110-T C24119-A T24127-A	NA NA NA	10	4138	0.002417	24021	24190
A24078-T	NA	10	8028	0.001246	24064	24106
A24066G	S:K835R	10	8016	0.001248	24022	24106
A23942-T	NA	10	3586	0.002789	23941	23956
A23884G C23887-A	S:Q774Q NA	10	19432	0.000515	23767	23895
A23829G C23854A	S:Y756C S:N764K	10	19302	0.000518	23695	23895
A23786+T C23854A C23887-A	NA S:N764K NA	10	17881	0.000559	23683	23895
A23777G C23854A	S:T739A S:N764K	10	18741	0.000534	23698	23895
A23738+T	NA	10	19016	0.000526	23683	23749
A23711-AT	NA	10	49699	0.000201	23690	23724
A23704+C C23887-A	NA NA	10	15971	0.000626	23683	23895
A23691G C23854A	S:N710S S:N764K	10	16641	0.000601	23683	23881
A23495G T23500-G C23525T T23599G C23604A	S:T645A NA S:H655Y S:N679K S:P681H	10	54901	0.000182	23487	23624
A23495+C	NA	10	69346	0.000144	23486	23507
A23494T C23525T T23599G C23604A	S:Q644H S:H655Y S:N679K S:P681H	10	54893	0.000182	23487	23642
A23403G T23427C C23525T	S:D614G S:V622A S:H655Y	10	8389	0.001192	23335	23539
A23403G T23411C C23525T	S:D614G S:C617R S:H655Y	10	8389	0.001192	23335	23539
A23403G T23411C	S:D614G S:C617R	10	25292	0.000395	23393	23443
A23403G T23406C	S:D614G S:V615A	10	25351	0.000394	23387	23423
A23403G G23417-A	S:D614G NA	10	25170	0.000397	23379	23443
A23403G C23525T T23529C	S:D614G S:H655Y S:V656A	10	8341	0.001199	23342	23539
A23403G A23495G C23525T	S:D614G S:T645A S:H655Y	10	8389	0.001192	23345	23539
A23362-G A23403G	NA S:D614G	10	24219	0.000413	23269	23443
A23362+C	NA	10	25206	0.000397	23336	23371
A23329G A23403G	S:P589P S:D614G	10	15102	0.000662	23269	23443
A23305G	S:T581T	10	15912	0.000628	23270	23340
A22184G	S:T208A	10	12734	0.000785	22159	22192
A22182G	S:H207R	10	12767	0.000783	22162	22191
A22155G	S:D198G	10	12292	0.000814	22135	22186
A22036G	S:R158R	10	17321	0.000577	22025	22058
A21979-T G21987A T21990-TTA C22000-A C22009-A	NA S:G142D S:DEL144 NA NA	10	8415	0.001188	21847	22058
A21979-T G21987A T21990-TTA A21999-CAA	NA S:G142D S:DEL144 S:DEL147	10	8714	0.001148	21850	22022
A21875-T C21910T	NA S:S116S	10	9780	0.001022	21847	21983
