nt_mutations	aa_mutations	cluster_depth	total_depth	frequency	coverage_start	coverage_end
C23525T T23599G C23604A	S:H655Y S:N679K S:P681H	31362	61852	0.507049	23520	23605
T23599G C23604A	S:N679K S:P681H	20660	100193	0.206202	23596	23607
C23854A	S:N764K	6664	24471	0.272322	23850	23859
A24424T	S:Q954H	6585	28501	0.231045	24420	24424
A24424T T24469A	S:Q954H S:N969K	6031	25744	0.234268	24417	24476
T24469A	S:N969K	5293	48226	0.109754	24466	24482
A23403G	S:D614G	4909	28051	0.175003	23400	23404
C25262-T	NA	4876	50639	0.096289	25260	25273
C25000T	S:D1146D	4811	20843	0.230821	24998	25003
C23525T	S:H655Y	3628	80171	0.045253	23521	23528
A23403G C23525T	S:D614G S:H655Y	3045	12672	0.240294	23399	23529
C25416T	ORF3a:F8F	2642	10226	0.258361	25384	25436
T23599G C23604A G23666-A	S:N679K S:P681H NA	2091	37052	0.056434	23593	23676
G21987A	S:G142D	2062	12202	0.168989	21983	21990
C24672-A	NA	2054	31280	0.065665	24635	24679
C23887-A	NA	1651	23901	0.069077	23863	23894
T23599G	S:N679K	1603	100244	0.015991	23595	23603
C23525T C23604A	S:H655Y S:P681H	1455	61852	0.023524	23517	23612
C24981-T C25000T	NA S:D1146D	1412	16532	0.08541	24874	25007
G22813T T22882G G22895C T22896C G22898A	S:K417N S:N440K S:V445P S:V445P S:G446S	1282	12946	0.099027	22809	22906
C23604A	S:P681H	1257	100331	0.012529	23602	23611
C23334-T	NA	1222	12719	0.096077	23322	23345
C23334-T A23403G	NA S:D614G	1173	12231	0.095904	23309	23410
G22813T T22882G G22895C T22896C G22898A T22942G	S:K417N S:N440K S:V445P S:V445P S:G446S S:N460K	1164	9872	0.117909	22809	22944
C21618T T21632-TACCCCCTG A21764-TACATG	S:T19I S:DEL25/27 S:DEL69/70	1134	3378	0.335702	21609	21780
G22317T	S:G252V	1044	8714	0.119807	22306	22319
C23525T T23599G	S:H655Y S:N679K	892	61871	0.014417	23516	23600
C23525T A23558G T23599G C23604A	S:H655Y S:I666V S:N679K S:P681H	864	61852	0.013969	23501	23617
G22813T T22882G A22893C T22917G	S:K417N S:N440K S:K444T S:L452R	829	12203	0.067934	22809	22919
A21875-T	NA	811	12802	0.063349	21870	21888
T22942G	S:N460K	706	14085	0.050124	22938	22944
T25191-A C25262-T	NA NA	675	34093	0.019799	25141	25283
C22000A	S:H146Q	639	12183	0.05245	21996	22032
G23948T	S:D796Y	637	3103	0.205285	23944	23951
C23525T C23555T T23599G C23604A	S:H655Y S:P665S S:N679K S:P681H	594	61852	0.009604	23512	23624
T24469A C24672-A	S:N969K NA	573	20161	0.028421	24465	24679
G25218-T C25262-T	NA NA	534	43853	0.012177	25166	25291
G22813T T22882G	S:K417N S:N440K	519	14054	0.036929	22808	22885
C23854A C23887-A	S:N764K NA	506	23305	0.021712	23839	23895
C23525T A23558-T T23599G C23604A	S:H655Y NA S:N679K S:P681H	483	61852	0.007809	23501	23621
C22120-A	NA	479	8756	0.054705	22112	22138
G21987A T21990-TTA A21999-C	S:G142D S:DEL144 NA	478	10260	0.046589	21974	22032
A24253-T	NA	416	6929	0.060038	24236	24265
C23525T T23599G C23604A C23635T	S:H655Y S:N679K S:P681H S:S691S	399	60822	0.00656	23516	23637
T22200G	S:V213G	397	5675	0.069956	22195	22206
C21618T T21632-TACCCCCTG	S:T19I S:DEL25/27	386	4083	0.094538	21608	21659
A22941-T	NA	355	14142	0.025103	22934	22962
A23403G G23486-T C23525T	S:D614G NA S:H655Y	351	12672	0.027699	23398	23529
T22200A G22317T	S:V213E S:G252V	347	4892	0.070932	22195	22319
T23599G C23604A T23620C	S:N679K S:P681H S:S686S	326	100074	0.003258	23584	23624
T23599G C23604A A23712-T	S:N679K S:P681H NA	318	36152	0.008796	23581	23720
T22942A	S:N460K	318	14085	0.022577	22938	22948
G25302-T	NA	315	52252	0.006028	25295	25324
C25000T C25100-A	S:D1146D NA	305	3913	0.077945	24992	25119
T25191-A G25218-T C25262-T	NA NA NA	304	34093	0.008917	25130	25303
C22109G T22200A G22317T	S:Q183E S:V213E S:G252V	295	3727	0.079152	22105	22319
C24517-A C24672-A	NA NA	283	25520	0.011089	24491	24679
C24119-A	NA	282	3833	0.073572	24111	24135
A24424T G24488-T	S:Q954H NA	279	25659	0.010873	24413	24519
G22813T T22882G G22895C G22898A	S:K417N S:N440K S:V445L S:G446S	278	12946	0.021474	22802	22906
G22813T T22882G T22896C G22898A T22942G	S:K417N S:N440K S:V445A S:G446S S:N460K	274	9872	0.027755	22802	22944
A24424T T24469A T24472-G	S:Q954H S:N969K NA	273	25720	0.010614	24421	24563
C24502A	S:I980I	269	53985	0.004983	24493	24508
A23515+G C23525T T23599G C23604A	NA S:H655S S:N679* S:P681Y	268	61775	0.004338	23505	23624
G25218-T	NA	255	44034	0.005791	25209	25233
C25294-A	NA	255	51918	0.004912	25285	25319
T23511+A C23525T T23599G C23604A	NA S:H655S S:N679* S:P681Y	251	61741	0.004065	23492	23621
C24672-A A24684-T	NA NA	243	4541	0.053512	24626	24696
C24904T C25000T	S:I1114I S:D1146D	231	15977	0.014458	24896	25019
G22813T T22882G T22917G T22942A	S:K417N S:N440K S:L452R S:N460K	229	9872	0.023197	22807	22949
G22813T	S:K417N	229	14667	0.015613	22809	22816
A24424T C24517-A	S:Q954H NA	224	25522	0.008777	24416	24536
T25191-A	NA	221	39883	0.005541	25178	25205
G22578A	S:G339D	219	1134	0.193122	22573	22580
C23525T T23599G C23604A G23624T C23635T	S:H655Y S:N679K S:P681H S:A688S S:S691S	218	60822	0.003584	23487	23637
A23474+T C23525T	NA S:H655S	214	14273	0.014993	23466	23539
G24140-T	NA	206	4677	0.044045	24130	24159
G21987A A21993-TTACC A21999C	S:G142D NA S:H146P	204	10260	0.019883	21971	22018
C25000T C25100-A T25191-A	S:D1146D NA NA	202	3654	0.055282	24992	25198
T23599G C23604A C23664A	S:N679K S:P681H S:A701E	201	37062	0.005423	23581	23705
T22882G	S:N440K	200	15745	0.012702	22877	22888
C23525T T23599G C23604A G23624T	S:H655Y S:N679K S:P681H S:A688S	197	61743	0.003191	23516	23631
A25216-G	NA	194	42400	0.004575	25209	25323
T24976C C25000T	S:Y1138Y S:D1146D	192	16499	0.011637	24964	25064
G21987A A21999T	S:G142D S:H146L	188	10260	0.018324	21981	22005
A24538T	S:Q992H	187	53716	0.003481	24530	24552
T22882G G22895C T22896C G22898A T22942G	S:N440K S:V445P S:V445P S:G446S S:N460K	181	11459	0.015795	22878	22950
A23588G T23599G C23604A	S:T676A S:N679K S:P681H	180	100007	0.0018	23580	23642
C24517-A	NA	176	53968	0.003261	24500	24528
T22882G G22895C T22896C G22898A	S:N440K S:V445P S:V445P S:G446S	174	14632	0.011892	22877	22907
C23525T C23557T T23599G C23604A	S:H655Y S:P665P S:N679K S:P681H	174	61852	0.002813	23502	23620
C23525T C23533-A T23599G C23604A	S:H655Y NA S:N679K S:P681H	167	61852	0.0027	23493	23621
C23525T A23594G T23599G C23604A	S:H655Y S:T678A S:N679K S:P681H	166	61852	0.002684	23516	23624
G24570-T	NA	164	26686	0.006146	24552	24637
G22813T T22882G T22942A	S:K417N S:N440K S:N460K	163	9872	0.016511	22807	22949
G22813T T22882G T22917G	S:K417N S:N440K S:L452R	163	12203	0.013357	22808	22922
C23525T A23558G C23577-T T23599G C23604A	S:H655Y S:I666V NA S:N679K S:P681H	163	61852	0.002635	23509	23637
C23525T A23550G T23599G C23604A	S:H655Y S:D663G S:N679K S:P681H	162	61852	0.002619	23493	23624
G24488-T	NA	159	53903	0.00295	24480	24499
C23525T G23549T T23599G C23604A	S:H655Y S:D663Y S:N679K S:P681H	159	61852	0.002571	23508	23624
G23486-T C23525T	NA S:H655Y	156	14490	0.010766	23471	23529
C23525T T23529C T23599G C23604A	S:H655Y S:V656A S:N679K S:P681H	155	61852	0.002506	23516	23612
C24981-T	NA	154	16794	0.00917	24861	24992
A23712+T	NA	154	62198	0.002476	23684	23723
T22200A	S:V213E	149	5675	0.026256	22196	22213
G21987A T21990-TTA	S:G142D S:DEL144	147	11982	0.012268	21974	22008
T23599G C23604A A23712+T	S:N679K S:P681H NA	145	36152	0.004011	23594	23720
G25299-C	NA	143	52131	0.002743	25292	25323
G21987A T21990-TTA C22000A	S:G142D S:DEL144 S:H146Q	143	10252	0.013948	21975	22012
A23853-C	NA	140	24504	0.005713	23844	23864
C25214+G	NA	139	41135	0.003379	25207	25325
C21618T T21632-TACCCCCTG C21736-T A21764-TACATG	S:T19I S:DEL25/27 NA S:DEL69/70	139	3378	0.041149	21609	21798
T23599G C23604A C23692T	S:N679K S:P681H S:N710N	137	36881	0.003715	23580	23696
G22813T T22882G A22893C	S:K417N S:N440K S:K444T	137	13840	0.009899	22793	22897
A25472-T	NA	136	9680	0.01405	25383	25477
C23525T T23599G T23602C C23604A	S:H655Y S:N679K S:S680S S:P681H	135	61852	0.002183	23487	23624
T24469A C24502A	S:N969K S:I980I	133	47662	0.00279	24465	24525
T22882G T22896C G22898A T22942G	S:N440K S:V445A S:G446S S:N460K	131	11459	0.011432	22866	22949
G23835-T C23854A	NA S:N764K	128	23761	0.005387	23824	23873
A23474+T	NA	128	14710	0.008702	23466	23535
A21875-T G21987A	NA S:G142D	127	8476	0.014983	21870	21991
G21987A C22000-A	S:G142D NA	123	10252	0.011998	21980	22012
C23525T T23599G C23604A T23620C	S:H655Y S:N679K S:P681H S:S686S	123	61789	0.001991	23488	23624
C23525T G23561T T23599G C23604A	S:H655Y S:G667C S:N679K S:P681H	123	61852	0.001989	23509	23637
C22109G C22120-A T22200A G22317T	S:Q183E NA S:V213E S:G252V	123	3727	0.033002	22105	22319
T23599G C23604A C23609-G G23666-A	S:N679K S:P681H NA NA	122	37052	0.003293	23580	23699
C22120-A A22161-T	NA NA	122	8580	0.014219	22109	22174
G25555-T	NA	121	1891	0.063987	25372	25563
T24267-G	NA	120	6967	0.017224	24243	24302
T23507C C23525T T23599G C23604A	S:C649R S:H655Y S:N679K S:P681H	120	61665	0.001946	23505	23624
C23525T T23537-C T23599G C23604A T23633C	S:H655Y NA S:N679K S:P681H S:S691P	120	60946	0.001969	23501	23634
C22120-A T22164-TA	NA NA	120	8566	0.014009	22043	22180
T24267-G A24424T	NA S:Q954H	119	1785	0.066667	24257	24424
T21990-TTA A21999-C	S:DEL144 NA	119	10442	0.011396	21973	22054
A24110-T C24119-A	NA NA	119	3481	0.034186	24021	24131
A21979-T G21987A	NA S:G142D	118	11593	0.010179	21959	21997
T24663C	S:L1034P	116	31442	0.003689	24641	24676
G22813T T22882G A22893C T22917G T22942A	S:K417N S:N440K S:K444T S:L452R S:N460K	116	9872	0.01175	22802	22949
C23525T T23599G C23604A T23629C	S:H655Y S:N679K S:P681H S:S689S	115	61126	0.001881	23492	23637
C22109G T22200A	S:Q183E S:V213E	115	4463	0.025767	22103	22204
C23525T T23548C T23599G C23604A	S:H655Y S:C662C S:N679K S:P681H	114	61852	0.001843	23487	23637
T24469A A24538T	S:N969K S:Q992H	112	47069	0.002379	24465	24594
T25268C	S:C1236R	110	50966	0.002158	25258	25325
T24469A T24472-G	S:N969K NA	110	48183	0.002283	24465	24562
T23599G C23604A G23666-A C23709-A	S:N679K S:P681H NA NA	110	36261	0.003034	23580	23724
G22104-A C22120-A	NA NA	110	8064	0.013641	22100	22133
A24684-T	NA	110	4916	0.022376	24673	24698
A21764-TACATG	S:DEL69/70	110	3763	0.029232	21757	21798
T23703-A	NA	109	62695	0.001739	23686	23711
G23768-T	NA	109	25260	0.004315	23767	23776
G22813T T22882G G22898A T22942G	S:K417N S:N440K S:G446S S:N460K	108	9872	0.01094	22803	22950
A24110-T	NA	107	3583	0.029863	24102	24120
C23525T T23546C T23599G C23604A	S:H655Y S:C662R S:N679K S:P681H	106	61852	0.001714	23501	23624
C21618T T21632-TACCCCCTG A21764-TACATG C21781-A	S:T19I S:DEL25/27 S:DEL69/70 NA	106	3368	0.031473	21597	21793
C23525T A23552G T23599G C23604A	S:H655Y S:I664V S:N679K S:P681H	105	61852	0.001698	23488	23624
T25263C	S:L1234P	104	50716	0.002051	25251	25310
G22813T T22882G G22898A	S:K417N S:N440K S:G446S	104	12946	0.008033	22793	22901
T25219G	S:G1219G	103	44306	0.002325	25211	25316
G23505A C23525T T23599G C23604A	S:G648D S:H655Y S:N679K S:P681H	102	61603	0.001656	23487	23624
C23525T A23586G T23599G C23604A	S:H655Y S:Q675R S:N679K S:P681H	102	61852	0.001649	23499	23624
T23599G C23604A G23666-A A23712-T	S:N679K S:P681H NA NA	101	36152	0.002794	23580	23724
T23143-A	NA	101	1985	0.050882	23129	23155
A23362+C	NA	101	29842	0.003384	23344	23370
T23599G C23604A T23652C	S:N679K S:P681H S:M697T	100	37147	0.002692	23593	23701
G25313A	S:G1251R	100	52650	0.001899	25306	25324
G25287-T	NA	100	51690	0.001935	25275	25295
C23525T C23538T T23599G C23604A T23633C	S:H655Y S:S659L S:N679K S:P681H S:S691P	100	60946	0.001641	23504	23637
T24643-A C24672-A	NA NA	99	31043	0.003189	24612	24679
C24852-A C25000T	NA S:D1146D	99	15419	0.006421	24850	25065
A23403G C23430T	S:D614G S:A623V	99	27189	0.003641	23398	23435
C25262-TT	NA	98	50639	0.001935	25251	25284
C23525T T23537C T23599G C23604A	S:H655Y S:S659P S:N679K S:P681H	98	61852	0.001584	23508	23637
A25253G	S:T1231A	98	50264	0.00195	25251	25324
T25322C	S:C1254R	96	52442	0.001831	25308	25324
C23525T T23599G T23600C C23604A	S:H655Y S:N679K S:S680P S:P681H	96	61852	0.001552	23491	23624
T22882G T22942G	S:N440K S:N460K	95	11459	0.00829	22877	22955
C23525T T23590C T23599G C23604A	S:H655Y S:T676T S:N679K S:P681H	95	61852	0.001536	23501	23624
A23403G A23474+T C23525T	S:D614G NA S:H655S	95	12672	0.007497	23398	23539
C23525T T23599G C23604A T23633C	S:H655Y S:N679K S:P681H S:S691P	93	60946	0.001526	23488	23637
C23525T T23599G C23604A T23617C	S:H655Y S:N679K S:P681H S:R685R	93	61808	0.001505	23492	23641
C23525T T23599G C23604A A23631G	S:H655Y S:N679K S:P681H S:Q690R	93	61001	0.001525	23487	23637
C25416T A25472-T	ORF3a:F8F NA	92	9680	0.009504	25384	25477
T22882G G22895C G22898A	S:N440K S:V445L S:G446S	91	14632	0.006219	22877	22907
G21987A A22001G T22016C C22033A	S:G142D S:K147E S:W152R S:F157L	91	9275	0.009811	21980	22058
C21978A G21987A	S:P139Q S:G142D	91	11567	0.007867	21965	22058
A23848+T C23887-A	NA NA	91	23113	0.003937	23818	23895
T23599G T23602C C23604A	S:N679K S:S680S S:P681H	90	100193	0.000898	23581	23642
G25278-T	NA	89	51421	0.001731	25263	25316
T25272C	S:M1237T	88	51185	0.001719	25259	25320
G22813T T22882G G22895C T22896C G22898A T22900-G	S:K417N S:N440K S:V445P S:V445P S:G446S NA	88	12927	0.006807	22793	22915
C23816-T C23854A	NA S:N764K	88	23400	0.003761	23705	23873
A23493G C23525T T23599G C23604A	S:Q644R S:H655Y S:N679K S:P681H	88	61149	0.001439	23487	23641
T23509C C23525T T23599G C23604A	S:C649C S:H655Y S:N679K S:P681H	87	61717	0.00141	23488	23637
G24488-T C24672-A	NA NA	87	25012	0.003478	24486	24679
C23525T A23531G T23599G C23604A	S:H655Y S:N657D S:N679K S:P681H	87	61852	0.001407	23487	23634
T25310C	S:C1250R	86	52588	0.001635	25300	25320
T25303C	S:C1247C	86	52298	0.001644	25290	25323
G23835+T C23887-A	NA NA	86	22609	0.003804	23767	23895
C23525T A23566G T23599G C23604A	S:H655Y S:A668A S:N679K S:P681H	86	61852	0.00139	23488	23622
A23503G C23525T T23599G C23604A	S:A647A S:H655Y S:N679K S:P681H	86	61569	0.001397	23487	23633
A25208-T	NA	85	43652	0.001947	25196	25210
A21979-T G21987A C22000-A	NA S:G142D NA	85	9643	0.008815	21965	22012
C23525T T23599G C23604A A23623G	S:H655Y S:N679K S:P681H S:V687V	84	61766	0.00136	23488	23627
C23525T A23544G T23599G C23604A	S:H655Y S:E661G S:N679K S:P681H	84	61852	0.001358	23501	23618
C21618T	S:T19I	84	4129	0.020344	21597	21621
T23491C C23525T T23599G C23604A	S:F643F S:H655Y S:N679K S:P681H	83	61031	0.00136	23487	23624
C23525T T23599G C23604A T23626C	S:H655Y S:N679K S:P681H S:A688A	83	61204	0.001356	23487	23637
G22577C G22578A	S:G339H S:G339H	82	1134	0.07231	22567	22580
T23599G C23604A A23691G	S:N679K S:P681H S:N710S	81	36886	0.002196	23581	23717
T22882G A22893C T22917G	S:N440K S:K444T S:L452R	81	13881	0.005835	22877	22923
T21976-C G21987A T21990-TTA A21999-C	NA S:G142D S:DEL144 NA	81	9380	0.008635	21966	22058
C24536-A	NA	81	53750	0.001507	24522	24546
C23525T T23599G C23604A A23636G	S:H655Y S:N679K S:P681H S:I692V	81	60625	0.001336	23501	23642
C23525T A23592G T23599G C23604A	S:H655Y S:Q677R S:N679K S:P681H	81	61852	0.00131	23487	23634
G22813T T22882G T22917G A22941-T	S:K417N S:N440K S:L452R NA	80	9924	0.008061	22793	22949
C23525T A23534G T23599G C23604A	S:H655Y S:N658D S:N679K S:P681H	80	61852	0.001293	23487	23641
T25415-C	NA	79	10230	0.007722	25382	25477
C23525T T23599G C23604A C23625T	S:H655Y S:N679K S:P681H S:A688V	79	61729	0.00128	23487	23637
C23525T T23599G C23604A C23609-G	S:H655Y S:N679K S:P681H NA	79	61835	0.001278	23508	23639
C23525T C23538T T23599G C23604A	S:H655Y S:S659L S:N679K S:P681H	79	61852	0.001277	23505	23624
A23494G C23525T T23599G C23604A	S:Q644Q S:H655Y S:N679K S:P681H	79	61254	0.00129	23487	23624
A23403G C23472-T C23525T C23530T	S:D614G NA S:H655Y S:V656V	79	12608	0.006266	23394	23532
G22487-A	NA	78	1720	0.045349	22423	22499
C24026-T	NA	78	4560	0.017105	24022	24054
A24424T T24469A C24536-AA	S:Q954H S:N969K NA	78	25402	0.003071	24416	24564
A23786+T	NA	78	25012	0.003119	23767	23801
A23432+C	NA	78	27761	0.00281	23424	23439
C25276-A	NA	77	51344	0.0015	25260	25319
T23599G C23604A A23665G	S:N679K S:P681H S:A701A	76	37058	0.002051	23580	23700
A23786-T C23854A	NA S:N764K	76	23019	0.003302	23744	23890
A23558-T T23599G C23604A	NA S:N679K S:P681H	76	62315	0.00122	23545	23633
A21875-T C21888-T	NA NA	76	12654	0.006006	21847	21902
T23489C C23525T T23599G C23604A	S:F643L S:H655Y S:N679K S:P681H	75	61002	0.001229	23486	23624
T21976-C G21987A T21990-TTA C22000A	NA S:G142D S:DEL144 S:H146Q	75	9372	0.008003	21966	22058
A25274G	S:T1238A	75	51276	0.001463	25251	25320
T23599G C23604A T23629C	S:N679K S:P681H S:S689S	74	99320	0.000745	23584	23642
G24971+T C25000T	NA S:D1146S	74	16466	0.004494	24850	25017
C24904T	S:I1114I	74	19361	0.003822	24869	24926
C23525T A23554G T23599G C23604A	S:H655Y S:I664M S:N679K S:P681H	74	61852	0.001196	23487	23624
A23403G A23432+C	S:D614G NA	74	26219	0.002822	23346	23440
T25319C	S:C1253R	73	52607	0.001388	25304	25325
T25307C	S:S1249P	73	52501	0.00139	25300	25324
T24492-A	NA	73	54079	0.00135	24484	24507
T23599G C23604A T23654C	S:N679K S:P681H S:S698P	73	37130	0.001966	23580	23717
T23599G C23604A G23666-A A23711-AT	S:N679K S:P681H NA NA	73	36171	0.002018	23580	23723
T23599G C23604A A23656G	S:N679K S:P681H S:S698S	73	37117	0.001967	23581	23665
T23487C C23525T T23599G C23604A	Unknown S:H655Y S:N679K S:P681H	73	29648	0.002462	23486	23633
C23816-T	NA	73	24691	0.002957	23767	23827
C23525T T23599G C23604A T23622C	S:H655Y S:N679K S:P681H S:V687A	73	61777	0.001182	23487	23629
C23525T T23527C T23599G C23604A	S:H655Y S:H655Y S:N679K S:P681H	73	61852	0.00118	23487	23634
C23525T A23588G T23599G C23604A	S:H655Y S:T676A S:N679K S:P681H	73	61852	0.00118	23509	23624
C23525T A23539G T23599G C23604A	S:H655Y S:S659S S:N679K S:P681H	73	61852	0.00118	23487	23642
A24424T T24469A C24536-A	S:Q954H S:N969K NA	73	25402	0.002874	24417	24564
T25312C	S:C1250C	72	52629	0.001368	25301	25320
T25251C	S:V1230A	72	46638	0.001544	25238	25324
C23525T T23584C T23599G C23604A	S:H655Y S:Y674Y S:N679K S:P681H	72	61852	0.001164	23487	23624
C23525T A23572G T23599G C23604A	S:H655Y S:I670M S:N679K S:P681H	72	61852	0.001164	23487	23629
C23525T A23532G T23599G C23604A	S:H655Y S:N657S S:N679K S:P681H	72	61852	0.001164	23487	23624
T24469A T24663C	S:N969K S:L1034P	71	20254	0.003505	24465	24679
C23525T T23599G C23604A T23637C	S:H655Y S:N679K S:P681H S:I692T	71	60554	0.001173	23495	23641
A24922+T C25000T	NA S:D1146S	71	16080	0.004415	24850	25004
T25304C	S:C1248R	70	52380	0.001336	25300	25321
T23599G C23604A T23641C	S:N679K S:P681H S:I693I	70	97695	0.000717	23582	23642
T23599G C23604A T23641-G	S:N679K S:P681H NA	70	97695	0.000717	23581	23670
T23599G C23604A C23609-G	S:N679K S:P681H NA	70	100155	0.000699	23581	23622
C24852-A	NA	70	19187	0.003648	24850	24870
C22120-A T22200G	NA S:V213G	70	4638	0.015093	22105	22207
A24885-T C25000T	NA S:D1146D	70	15816	0.004426	24857	25022
A24424T T24469A G24488-T	S:Q954H S:N969K NA	70	25659	0.002728	24412	24564
A23513G C23525T T23599G C23604A	S:I651V S:H655Y S:N679K S:P681H	70	61753	0.001134	23505	23642
T24469A G24570-T	S:N969K NA	69	20766	0.003323	24465	24679
T23599G C23604A T23684C	S:N679K S:P681H S:S708P	69	36932	0.001868	23580	23700
T23143-A T23164-A C23230-A	NA NA NA	69	1331	0.051841	23108	23254
G22813T T22882G T22896C G22898A	S:K417N S:N440K S:V445A S:G446S	69	12946	0.00533	22796	22907
G22813T C22855T T22882G A22893C T22917G	S:K417N S:G431G S:N440K S:K444T S:L452R	69	12203	0.005654	22793	22928
C23887-A C23929-A	NA NA	69	2852	0.024194	23767	23942
C23492-A C23525T T23599G C23604A	NA S:H655Y S:N679K S:P681H	69	61047	0.00113	23488	23635
T24643-A	NA	68	31446	0.002162	24633	24661
T23599G C23604A A23648G	S:N679K S:P681H S:T696A	68	37170	0.001829	23580	23700
C23525T T23542C T23599G C23604A	S:H655Y S:Y660Y S:N679K S:P681H	68	61852	0.001099	23487	23635
C22109G	S:Q183E	68	8192	0.008301	22105	22114
A21875-T A21964-T	NA NA	68	11576	0.005874	21867	21979
T25309C	S:S1249S	67	52566	0.001275	25293	25324
T24471-TG	NA	67	51352	0.001305	24465	24492
T23599G C23604A T23716C	S:N679K S:P681H S:F718F	67	36104	0.001856	23581	23724
T23521C C23525T T23599G C23604A	S:A653A S:H655Y S:N679K S:P681H	67	61843	0.001083	23487	23637
A24424T T24469A C24517-A	S:Q954H S:N969K NA	67	25522	0.002625	24413	24564
T23599G T23600C C23604A	S:N679K S:S680P S:P681H	66	100193	0.000659	23580	23615
T23599G C23604A T23693C	S:N679K S:P681H S:S711P	66	36868	0.00179	23580	23717
T23599G C23604A T23662C	S:N679K S:P681H S:G700G	66	37078	0.00178	23591	23705
C25416T G25555-T	ORF3a:F8F NA	66	1891	0.034902	25383	25565
C25151+A	NA	66	38595	0.00171	25144	25170
C23525T T23599G C23604G	S:H655Y S:N679K S:P681R	66	61852	0.001067	23517	23624
C23492-A	NA	66	80476	0.00082	23488	23502
C22109G C22120-A T22200A G22218-T G22317T	S:Q183E NA S:V213E NA S:G252V	66	3727	0.017709	22105	22319
C22109G C22120-A T22200A	S:Q183E NA S:V213E	66	4463	0.014788	22101	22207
A25146G	S:E1195G	66	38541	0.001712	25138	25176
A24516G	S:D985G	66	53958	0.001223	24497	24564
A23594G T23599G C23604A	S:T678A S:N679K S:P681H	66	100155	0.000659	23580	23640
T23599G C23604A A23668G	S:N679K S:P681H S:E702E	65	37035	0.001755	23581	23724
G23835+T	NA	65	24436	0.00266	23767	23848
G23522-A C23525T	NA S:H655Y	65	80159	0.000811	23505	23538
C24588T	S:T1009I	65	26528	0.00245	24488	24599
A23497G C23525T T23599G C23604A	S:T645T S:H655Y S:N679K S:P681H	65	61294	0.00106	23487	23641
T25306C	S:C1248C	64	52468	0.00122	25280	25325
T23599G C23604A T23637C	S:N679K S:P681H S:I692T	64	98668	0.000649	23581	23642
G25173-A T25191-A C25262-T	NA NA NA	64	32359	0.001978	25122	25323
G22813T T22882G A22941-T	S:K417N S:N440K NA	64	9924	0.006449	22806	22949
C24899-A C24981-T C25000T	NA NA S:D1146D	64	15940	0.004015	24850	25007
C23525T A23598G T23599G C23604A	S:H655Y S:N679R S:N679R S:P681H	64	61852	0.001035	23487	23637
T25140-A	NA	63	38169	0.001651	25130	25159
G25323A	S:C1254Y	63	52426	0.001202	25312	25324
G24971+T C24981-T C25000T	NA NA S:D1146S	63	16466	0.003826	24852	25013
G22403-A	NA	63	3508	0.017959	22385	22413
C23525T T23582C T23599G C23604A	S:H655Y S:Y674H S:N679K S:P681H	63	61852	0.001019	23487	23624
C23525T A23541G T23599G C23604A	S:H655Y S:Y660C S:N679K S:P681H	63	61852	0.001019	23493	23634
A25295G	S:K1245E	63	51986	0.001212	25263	25324
T21632-TACCCCCTG A21764-TACATG	S:DEL25/27 S:DEL69/70	62	3379	0.018349	21597	21802
A23515-G C23525T T23599G C23604A	NA S:H655Y S:N679K S:P681H	62	61775	0.001004	23493	23623
T25291C	S:C1243C	61	51825	0.001177	25267	25325
C23854A A23881G	S:N764K S:E773E	61	23686	0.002575	23850	23891
C23525T T23599G C23604A A23614G	S:H655Y S:N679K S:P681H S:A684A	61	61821	0.000987	23491	23624
C23525T T23596C T23599G C23604A	S:H655Y S:T678T S:N679K S:P681H	61	61852	0.000986	23487	23637
C23498A C23525T T23599G C23604A	S:R646S S:H655Y S:N679K S:P681H	61	61308	0.000995	23487	23634
A25256+T C25262-T	NA NA	61	50331	0.001212	25251	25298
A24424T C24536-A	S:Q954H NA	61	25402	0.002401	24413	24558
A23712-T	NA	61	62198	0.000981	23699	23724
T25283C	S:C1241R	60	51554	0.001164	25273	25325
T23599G C23604A C23635T	S:N679K S:P681H S:S691S	60	98956	0.000606	23580	23642
C24672-A A24684-T G24693-A	NA NA NA	60	3742	0.016034	24612	24704
C23525T T23599G C23604A G23610A	S:H655Y S:N679K S:P681H S:R683Q	60	61832	0.00097	23509	23637
C23525T A23579G T23599G C23604A	S:H655Y S:S673G S:N679K S:P681H	60	61852	0.00097	23488	23641
A24922+T C24981-T C25000T	NA NA S:D1146S	60	16080	0.003731	24872	25013
A24324-AT	NA	60	6731	0.008914	24229	24335
T25264C	S:L1234L	59	50764	0.001162	25251	25324
T23599G C23604A C23709-A	S:N679K S:P681H NA	59	36261	0.001627	23581	23724
T23599G C23604A C23664T	S:N679K S:P681H S:A701V	59	37062	0.001592	23580	23680
T23293C A23403G	S:R577R S:D614G	59	12080	0.004884	23270	23427
C23525T T23581C T23599G C23604A	S:H655Y S:S673S S:N679K S:P681H	59	61852	0.000954	23487	23629
C23525T T23560-G T23599G C23604A	S:H655Y NA S:N679K S:P681H	59	61852	0.000954	23487	23629
C23525T T23553C T23599G C23604A	S:H655Y S:I664T S:N679K S:P681H	59	61852	0.000954	23487	23641
C23525T T23540C T23599G C23604A	S:H655Y S:Y660H S:N679K S:P681H	59	61852	0.000954	23487	23624
C23525T G23576A T23599G C23604A	S:H655Y S:A672T S:N679K S:P681H	59	61852	0.000954	23487	23629
A24424T T24438+A	S:Q954H NA	59	25948	0.002274	24416	24451
T23599G C23604G	S:N679K S:P681R	58	100193	0.000579	23580	23642
T23514C C23525T T23599G C23604A	S:I651T S:H655Y S:N679K S:P681H	58	61764	0.000939	23501	23624
T23488C C23525T T23599G C23604A	Unknown S:H655Y S:N679K S:P681H	58	60814	0.000954	23487	23637
C23525T T23599G C23604A A23639G	S:H655Y S:N679K S:P681H S:I693V	58	59819	0.00097	23490	23642
C23525T T23537-C T23599G C23604A	S:H655Y NA S:N679K S:P681H	58	61852	0.000938	23515	23624
A25125G	S:E1188G	58	35546	0.001632	25122	25161
T25228C	S:A1222A	57	45977	0.00124	25219	25323
T25150C	S:S1196S	57	38598	0.001477	25130	25163
T24469A C24517-A C24672-A	S:N969K NA NA	57	20161	0.002827	24465	24679
T23590C T23599G C23604A	S:T676T S:N679K S:P681H	57	100054	0.00057	23580	23624
C24899-A C25000T	NA S:D1146D	57	15940	0.003576	24850	25040
C24119-A G24140-T	NA NA	57	3658	0.015582	24111	24154
C23525T T23599G C23604A C23613T	S:H655Y S:N679K S:P681H S:A684V	57	61831	0.000922	23487	23633
C21978A G21987A T21990-TTA A21999-C	S:P139Q S:G142D S:DEL144 NA	57	9625	0.005922	21959	22058
T25265C	S:C1235R	56	50802	0.001102	25251	25323
T25233C	S:L1224S	56	46167	0.001213	25218	25325
T25187+A	NA	56	39236	0.001427	25166	25210
C25262-T C25416T	NA ORF3a:F8F	56	3138	0.017846	25252	25435
C23525T T23599G C23604A G23612A	S:H655Y S:N679K S:P681H S:A684T	56	61831	0.000906	23488	23624
C23525T T23560C T23599G C23604A	S:H655Y S:I666I S:N679K S:P681H	56	61852	0.000905	23487	23637
C23367-A	NA	56	29259	0.001914	23348	23380
C23367+A	NA	56	29259	0.001914	23342	23377
T25301C	S:C1247R	55	52195	0.001054	25261	25315
T23480+A C23525T	NA S:H655S	55	14374	0.003826	23465	23539
G23835-T	NA	55	24436	0.002251	23767	23847
G23735+A	NA	55	22897	0.002402	23696	23749
G22813T T22882G G22895C T22896C G22898A G22933+T	S:K417N S:N440K S:V445P S:V445P S:G446S NA	55	11253	0.004888	22793	22940
C24904T C24981-T C25000T	S:I1114I NA S:D1146D	55	15977	0.003442	24850	25004
C23525T T23573C T23599G C23604A	S:H655Y S:C671R S:N679K S:P681H	55	61852	0.000889	23487	23624
A25137-T	NA	55	37828	0.001454	25130	25147
A24885-T C24981-T C25000T	NA NA S:D1146D	55	15816	0.003477	24867	25011
T25191-A G25218-T	NA NA	54	34271	0.001576	25123	25235
T24469A A24516G	S:N969K S:D985G	54	47442	0.001138	24465	24564
G25173-A T25191-A G25218-T C25262-T	NA NA NA NA	54	32359	0.001669	25130	25324
G25173-A C25262-T	NA NA	54	32359	0.001669	25130	25325
C25000T T25072-G C25100-A	S:D1146D NA NA	54	3913	0.0138	24990	25121
C24517-A T24643-A C24672-A	NA NA NA	54	25520	0.002116	24486	24679
C24150+T	NA	54	7584	0.00712	24148	24170
C23525T T23563C T23599G C23604A	S:H655Y S:G667G S:N679K S:P681H	54	61852	0.000873	23487	23642
A25420+T	NA	54	10201	0.005294	25381	25429
A24885-T	NA	54	19426	0.00278	24858	24897
A24424T C24536-AA	S:Q954H NA	54	25402	0.002126	24412	24564
A24424T A24443G T24469A	S:Q954H S:T961A S:N969K	54	25744	0.002098	24414	24564
A23736G C23854A	S:E725G S:N764K	54	20070	0.002691	23705	23895
A23523G C23525T T23599G C23604A	S:E654G S:H655Y S:N679K S:P681H	54	61850	0.000873	23488	23642
A23403G G23426A C23525T	S:D614G S:V622I S:H655Y	54	12672	0.004261	23389	23539
T25293C	S:L1244P	53	51897	0.001021	25234	25320
T25285C	S:C1241C	53	51618	0.001027	25270	25325
T25205C	S:Y1215H	53	41873	0.001266	25199	25210
T23599G C23604A A23682G	S:N679K S:P681H S:Y707C	53	36942	0.001435	23580	23724
T23599G C23604A A23674G	S:N679K S:P681H S:S704S	53	36999	0.001432	23581	23724
T22882G G22898A T22942G	S:N440K S:G446S S:N460K	53	11459	0.004625	22876	22961
G24690+T	NA	53	4702	0.011272	24619	24699
A25246G	S:V1228V	53	46487	0.00114	25218	25321
A25208+T C25262-T	NA NA	53	38374	0.001381	25130	25320
A24424T C24435-T	S:Q954H NA	53	25973	0.002041	24412	24453
A23524G C23525T T23599G C23604A	S:E654E S:H655Y S:N679K S:P681H	53	61850	0.000857	23487	23624
T25280C	S:C1240R	52	51475	0.00101	25276	25324
T25155C	S:I1198T	52	39045	0.001332	25143	25173
T23637-C	NA	52	100648	0.000517	23628	23642
T23599G C23604A T23617C	S:N679K S:P681H S:R685R	52	100104	0.000519	23580	23642
T23394C A23403G	S:L611P S:D614G	52	27643	0.001881	23385	23441
T21934-A G21987A T21990-TTA A21999-C	NA S:G142D S:DEL144 NA	52	7108	0.007316	21913	22058
G25198-C	NA	52	40536	0.001283	25191	25210
G21987A T22020C	S:G142D S:M153T	52	9534	0.005454	21983	22058
C25207+G	NA	52	42595	0.001221	25200	25325
C23802T C23854A	S:T747I S:N764K	52	23264	0.002235	23683	23890
C23525T T23569C T23599G C23604A	S:H655Y S:G669G S:N679K S:P681H	52	61852	0.000841	23487	23624
C23525T C23575T T23599G C23604A	S:H655Y S:C671C S:N679K S:P681H	52	61852	0.000841	23487	23624
A24885+T C24981-T C25000T	NA NA S:D1146S	52	15816	0.003288	24850	25015
A24424T T24471-TG	S:Q954H NA	52	25722	0.002022	24413	24559
A23403G C23430T C23525T	S:D614G S:A623V S:H655Y	52	12672	0.004104	23395	23532
T25289C	S:C1243R	51	51752	0.000985	25256	25324
T25224C	S:I1221T	51	45662	0.001117	25219	25264
T23596+A T23599G C23604A	NA S:N679* S:P681Y	51	100180	0.000509	23580	23621
G24488-T C24517-A C24672-A	NA NA NA	51	25012	0.002039	24480	24679
G22813T T22882G T22942G	S:K417N S:N440K S:N460K	51	9872	0.005166	22793	22966
C24320-A	NA	51	6943	0.007346	24270	24332
C23525T A23570G T23599G C23604A	S:H655Y S:I670V S:N679K S:P681H	51	61852	0.000825	23487	23624
A25255G	S:T1231T	51	50349	0.001013	25250	25316
A23786+T C23887-A	NA NA	51	21892	0.00233	23767	23895
A21875-T A21979-T G21987A C22000-A	NA NA S:G142D NA	51	6531	0.007809	21867	22012
T25316C	S:S1252P	50	52663	0.000949	25220	25325
T25219C	S:G1219G	50	44306	0.001129	25201	25324
T23599G C23604A T23698C	S:N679K S:P681H S:I712I	50	36838	0.001357	23580	23700
T23599G C23604A T23659C	S:N679K S:P681H S:L699L	50	37093	0.001348	23580	23722
T23599G C23604A T23633C	S:N679K S:P681H S:S691P	50	99097	0.000505	23588	23642
T23599G C23604A T23622C	S:N679K S:P681H S:V687A	50	100051	0.0005	23580	23626
T23143-A T23164-A	NA NA	50	1932	0.02588	23089	23183
T21976-C G21987A	NA S:G142D	50	11322	0.004416	21969	21993
G22317T G22403-A	S:G252V NA	50	1616	0.030941	22306	22442
C24878-A C24981-T C25000T	NA NA S:D1146D	50	15797	0.003165	24850	25046
C24878-A	NA	50	19498	0.002564	24858	24889
C23525T T23599G C23604A A23639-T	S:H655Y S:N679K S:P681H NA	50	59819	0.000836	23493	23642
C23502T C23525T T23599G C23604A	S:A647V S:H655Y S:N679K S:P681H	50	61537	0.000813	23487	23624
C23334-T C23367-A	NA NA	50	12519	0.003994	23269	23397
C23188+T	NA	50	1795	0.027855	23089	23197
C23103-T T23143-A T23164-A C23230-A	NA NA NA NA	50	1285	0.038911	23095	23250
A24424T G24488-T C24517-A	S:Q954H NA NA	50	25522	0.001959	24412	24564
A23515+G T23599G C23604A	NA S:N679* S:P681Y	50	61775	0.000809	23487	23619
A22161-T	NA	50	10014	0.004993	22116	22178
T25237C	S:I1225I	49	46270	0.001059	25231	25320
T23916+A G23948T	NA S:D796*	49	2277	0.02152	23906	23977
T23599G C23604A A23632G	S:N679K S:P681H S:Q690Q	49	99140	0.000494	23580	23634
T23510C C23525T T23599G C23604A	S:L650L S:H655Y S:N679K S:P681H	49	61730	0.000794	23487	23638
T21990-TTA C22000A	S:DEL144 S:H146Q	49	10434	0.004696	21975	22030
T21632-TACCCCCTG	S:DEL25/27	49	4084	0.011998	21597	21664
G23364-A A23403G C23525T	NA S:D614G S:H655Y	49	11625	0.004215	23353	23539
C24502A C24672-A	S:I980I NA	49	25370	0.001931	24473	24679
C23525T T23599G C23604A C23609T	S:H655Y S:N679K S:P681H S:R683W	49	61835	0.000792	23488	23624
A25195G	S:K1211K	49	40261	0.001217	25167	25210
A24318-C A24424T	NA S:Q954H	49	2137	0.022929	24287	24424
T23599G C23604A T23640C	S:N679K S:P681H S:I693T	48	97791	0.000491	23580	23642
C23525T T23599G C23604A A23618G	S:H655Y S:N679K S:P681H S:S686G	48	61800	0.000777	23487	23624
C23525T A23535G T23599G C23604A	S:H655Y S:N658S S:N679K S:P681H	48	61852	0.000776	23488	23629
A25315G	S:G1251G	48	52675	0.000911	25299	25323
A25271G	S:M1237V	48	51130	0.000939	25238	25305
A24803-T	NA	48	6623	0.007247	24776	24806
A24424T T24469A A24551G	S:Q954H S:N969K S:I997V	48	25318	0.001896	24415	24564
A23558G T23599G C23604A	S:I666V S:N679K S:P681H	48	62315	0.00077	23491	23641
T24976C C24981-T C25000T	S:Y1138Y NA S:D1146D	47	16499	0.002849	24857	25018
T23599G C23604A C23609T	S:N679K S:P681H S:R683W	47	100155	0.000469	23580	23624
T23487G C23525T T23599G C23604A	Unknown S:H655Y S:N679K S:P681H	47	29648	0.001585	23486	23634
G22487-A G22578A	NA S:G339D	47	1075	0.043721	22442	22580
C23525T C23565T T23599G C23604A	S:H655Y S:A668V S:N679K S:P681H	47	61852	0.00076	23501	23624
A25277G	S:S1239G	47	51371	0.000915	25264	25324
A24538T C24672-A	S:Q992H NA	47	25634	0.001834	24480	24679
A24424T T24513C	S:Q954H S:L984P	47	25546	0.00184	24412	24564
T24976C	S:Y1138Y	46	16816	0.002735	24967	24981
T23599G C23604A T23680C	S:N679K S:P681H S:A706A	46	36949	0.001245	23580	23705
T23599G C23604A T23658C	S:N679K S:P681H S:L699P	46	37099	0.00124	23580	23724
T23599G C23604A T23626C	S:N679K S:P681H S:A688A	46	99428	0.000463	23580	23634
T23599G C23604A A23631G	S:N679K S:P681H S:Q690R	46	99176	0.000464	23580	23642
G25230A	S:G1223D	46	46034	0.000999	25219	25325
G22813T T22882G A22893C T22917G A22941-T	S:K417N S:N440K S:K444T S:L452R NA	46	9924	0.004635	22793	22949
C25000T T25063C	S:D1146D S:G1167G	46	20056	0.002294	24990	25068
C24503-T	NA	46	53981	0.000852	24486	24515
C23525T T23599G C23604A G23624A	S:H655Y S:N679K S:P681H S:A688T	46	61743	0.000745	23488	23637
A24424T T24469A T24513C	S:Q954H S:N969K S:L984P	46	25546	0.001801	24415	24535
A23598G T23599G C23604A	S:N679R S:N679R S:P681H	46	100182	0.000459	23580	23642
A23586G T23599G C23604A	S:Q675R S:N679K S:P681H	46	99961	0.00046	23580	23642
T25260C	S:M1233T	45	50528	0.000891	25251	25320
T24469A T24492-A	S:N969K NA	45	47978	0.000938	24465	24522
T23511+A C23525T	NA S:H655S	45	79950	0.000563	23487	23529
T23346C	S:V595A	45	30004	0.0015	23344	23354
T22882G A22893C T22917G T22942A G22992A C22995A A23013C T23018G	S:N440K S:K444T S:L452R S:N460K S:S477N S:T478K S:E484A S:F486V	45	384	0.117188	22876	23028
G23499A C23525T T23599G C23604A	S:R646H S:H655Y S:N679K S:P681H	45	61354	0.000733	23487	23624
G22813T T22882G A22893C T22917G C22945-A	S:K417N S:N440K S:K444T S:L452R NA	45	9609	0.004683	22793	22957
C23854A G23948T	S:N764K S:D796Y	45	1404	0.032051	23849	23954
C23525T T23599G C23604A A23627G	S:H655Y S:N679K S:P681H S:S689G	45	61154	0.000736	23487	23642
C23525T C23556T T23599G C23604A	S:H655Y S:P665L S:N679K S:P681H	45	61852	0.000728	23499	23624
C23525T A23526G T23599G C23604A	S:H655C S:H655C S:N679K S:P681H	45	61852	0.000728	23487	23641
A23495G C23525T T23599G C23604A	S:T645A S:H655Y S:N679K S:P681H	45	61262	0.000735	23487	23642
T25152C	S:L1197P	44	38989	0.001129	25141	25158
T24499+A	NA	44	54075	0.000814	24474	24509
T24469A C24536-A	S:N969K NA	44	47123	0.000934	24465	24564
T23599G C23604A C23700T	S:N679K S:P681H S:A713V	44	36825	0.001195	23581	23717
T23599G C23604A A23702G	S:N679K S:P681H S:I714V	44	36593	0.001202	23580	23706
G25238A	S:A1226T	44	46299	0.00095	25231	25269
G24510+T	NA	44	54011	0.000815	24476	24519
G24488-T C24517-A	NA NA	44	53128	0.000828	24480	24527
G23517A C23525T T23599G C23604A	S:G652E S:H655Y S:N679K S:P681H	44	61816	0.000712	23501	23637
C24026-T C24119-A	NA NA	44	3042	0.014464	24021	24142
C23604A G23666-A	S:P681H NA	44	37124	0.001185	23580	23683
C23525T A23597G T23599G C23604A	S:H655Y S:N679E S:N679E S:P681H	44	61852	0.000711	23487	23635
A25182G	S:E1207G	44	39092	0.001126	25141	25185
A22320G	S:D253G	44	8680	0.005069	22298	22341
T23599G G23666-A	S:N679K NA	43	37052	0.001161	23580	23706
T22882G G22898A	S:N440K S:G446S	43	14632	0.002939	22876	22910
G23835-T C23887-A	NA NA	43	22609	0.001902	23767	23894
C25000T T25191-A	S:D1146D NA	43	3654	0.011768	24990	25198
A25175G	S:K1205E	43	39007	0.001102	25169	25192
A25133G	S:K1191E	43	37246	0.001154	25124	25210
A23354+T	NA	43	30085	0.001429	23339	23362
T25257C	S:I1232T	42	50436	0.000833	25239	25325
T25232C	S:L1224L	42	46141	0.00091	25219	25323
G24521+T	NA	42	53933	0.000779	24499	24535
G22813T T22882G G22895C G22898A T22942G	S:K417N S:N440K S:V445L S:G446S S:N460K	42	9872	0.004254	22801	22956
G22813T A22845-T T22882G G22895C T22896C G22898A T22942G	S:K417N NA S:N440K S:V445P S:V445P S:G446S S:N460K	42	9872	0.004254	22793	22948
C24896T C25000T A25011-G	S:P1112S S:D1146D NA	42	15805	0.002657	24857	25044
C24878-A C25000T	NA S:D1146D	42	15797	0.002659	24850	25010
C24536-AA	NA	42	53750	0.000781	24513	24564
C23525T T23578C T23599G C23604A	S:H655Y S:A672A S:N679K S:P681H	42	61852	0.000679	23487	23638
C23525T G23568A T23599G C23604A	S:H655Y S:G669D S:N679K S:P681H	42	61852	0.000679	23487	23637
A21999T	S:H146L	42	11785	0.003564	21993	22018
T24658C	S:C1032C	41	31513	0.001301	24612	24671
T24472-G	NA	41	51440	0.000797	24465	24564
T23689+A	NA	41	62642	0.000655	23683	23703
G25166C	S:E1202Q	41	39078	0.001049	25151	25210
C23709+A	NA	41	62371	0.000657	23683	23721
C23525T T23571C T23599G C23604A	S:H655Y S:I670T S:N679K S:P681H	41	61852	0.000663	23487	23641
A25154G	S:I1198V	41	38980	0.001052	25136	25172
A24508G	S:S982S	41	54008	0.000759	24493	24511
A23403G C23422T C23525T	S:D614G S:V620V S:H655Y	41	12672	0.003235	23398	23529
T25270C	S:C1236C	40	51082	0.000783	25261	25325
T25202C	S:W1214R	40	41374	0.000967	25196	25210
T23599G C23604A T23605C	S:N679K S:P681H S:P681H	40	100164	0.000399	23586	23642
T23599G C23604A G23699A	S:N679K S:P681H S:A713T	40	36833	0.001086	23580	23724
T23599G C23604A G23675+T	S:N679K S:P681H NA	40	36983	0.001082	23581	23688
T23599G C23604A G23642A	S:N679K S:P681H S:A694T	40	97577	0.00041	23580	23642
T23500C C23525T T23599G C23604A	S:R646R S:H655Y S:N679K S:P681H	40	61395	0.000652	23487	23641
T22882G G22895C G22898A T22942G	S:N440K S:V445L S:G446S S:N460K	40	11459	0.003491	22877	22949
G25244-T	NA	40	46434	0.000861	25227	25321
G22158-T	NA	40	9908	0.004037	22146	22192
C25207G	S:Y1215*	40	42595	0.000939	25203	25325
C24483+A	NA	40	53582	0.000747	24470	24492
C24422-A T24469A	NA S:N969K	40	25738	0.001554	24412	24558
C24263-A	NA	40	6925	0.005776	24236	24296
C23525T T23599G C23604A C23615T	S:H655Y S:N679K S:P681H S:R685C	40	61819	0.000647	23501	23642
C23525T T23599G C23604A A23632G	S:H655Y S:N679K S:P681H S:Q690Q	40	60973	0.000656	23487	23634
C23525T A23583G T23599G C23604A	S:H655Y S:Y674C S:N679K S:P681H	40	61852	0.000647	23487	23637
C23399+T C23525T	NA S:H655S	40	12632	0.003167	23351	23530
A25315+G	NA	40	52675	0.000759	25307	25324
A22798+G G22813T T22882G A22893C T22917G	NA S:K417N S:N440Q S:K444S S:L452R	40	11989	0.003336	22793	22921
A21979-T G21987A C22000-A C22009-A	NA S:G142D NA NA	40	9446	0.004235	21847	22021
T25209C	S:I1216T	39	43948	0.000887	25191	25269
T24491-TA	NA	39	54078	0.000721	24480	24512
T23689-A	NA	39	62642	0.000623	23684	23698
T23599G C23604A A23704+C	S:N679K S:P681H NA	39	36558	0.001067	23580	23722
T23599G C23604A A23623G	S:N679K S:P681H S:V687V	39	100028	0.00039	23593	23642
T23599G C23604A A23618G	S:N679K S:P681H S:S686G	39	100094	0.00039	23593	23637
T23511C C23525T T23599G C23604A	S:L650S S:H655Y S:N679K S:P681H	39	61741	0.000632	23505	23624
T22882G T22917G	S:N440K S:L452R	39	13881	0.00281	22878	22921
C23887-A G23903-T C23929-A	NA NA NA	39	2852	0.013675	23782	23941
C22109G C22120-A	S:Q183E NA	39	8156	0.004782	22100	22133
A25137+T	NA	39	37828	0.001031	25130	25147
A24525G	S:E988G	39	53898	0.000724	24489	24535
A23592G T23599G C23604A	S:Q677R S:N679K S:P681H	39	100085	0.00039	23580	23642
T24637C	S:A1025A	38	31402	0.00121	24622	24676
T23742-A	NA	38	22794	0.001667	23712	23750
T23599G C23604A T23677C	S:N679K S:P681H S:V705V	38	36976	0.001028	23580	23710
T23599G C23604A G23624A	S:N679K S:P681H S:A688T	38	99997	0.00038	23583	23642
T23599G C23604A A23708G	S:N679K S:P681H S:T716A	38	36277	0.001047	23580	23724
T23599G C23604A A23704G	S:N679K S:P681H S:I714M	38	36558	0.001039	23580	23724
T23599G C23604A A23688G	S:N679K S:P681H S:N709S	38	36906	0.00103	23593	23700
T23599G C23604A A23646G	S:N679K S:P681H S:Y695C	38	37184	0.001022	23580	23702
T23584C T23599G C23604A	S:Y674Y S:N679K S:P681H	38	99917	0.00038	23580	23620
T23434-C C23525T	NA S:H655Y	38	13937	0.002727	23421	23539
T23344+G	NA	38	29936	0.001269	23336	23362
G23519A C23525T T23599G C23604A	S:A653T S:H655Y S:N679K S:P681H	38	61829	0.000615	23492	23624
G22813T T22882G G22895C	S:K417N S:N440K S:V445L	38	13720	0.00277	22793	22906
C23887-A G23903-T	NA NA	38	3051	0.012455	23823	23910
C23816-T C23887-A	NA NA	38	22262	0.001707	23767	23895
C23525T T23559C T23599G C23604A	S:H655Y S:I666T S:N679K S:P681H	38	61852	0.000614	23487	23624
C21618T A21764-TACATG	S:T19I S:DEL69/70	38	3378	0.011249	21597	21802
A25137+T C25262-T	NA NA	38	30892	0.00123	25131	25323
A24860G C25000T	S:T1100A S:D1146D	38	15681	0.002423	24850	25069
A24498G	S:D979G	38	54049	0.000703	24489	24564
A23474+T T23480+A C23525T	NA NA S:H655Y	38	14273	0.002662	23466	23539
T25288C	S:S1242S	37	51725	0.000715	25274	25316
T23599G C23604A T23672C	S:N679K S:P681H S:S704P	37	37011	0.001	23581	23701
T23599G C23604A C23625T	S:N679K S:P681H S:A688V	37	99977	0.00037	23580	23639
T23599G C23604A A23696G	S:N679K S:P681H S:I712V	37	36853	0.001004	23580	23724
T23599G C23604A A23636G	S:N679K S:P681H S:I692V	37	98749	0.000375	23580	23642
T21856+A	NA	37	12701	0.002913	21847	21866
G25173-A	NA	37	38991	0.000949	25141	25185
G22813T T22882G G22895C T22896C G22898A T22942G A22948-C	S:K417N S:N440K S:V445P S:V445P S:G446S S:N460K NA	37	9574	0.003865	22807	22967
C24517-A C24536-A C24672-A	NA NA NA	37	25520	0.00145	24486	24679
C23833-A C23854A	NA S:N764K	37	23695	0.001562	23778	23895
C23525T T23599G C23604A T23640C	S:H655Y S:N679K S:P681H S:I693T	37	59727	0.000619	23487	23642
C23525T T23599G C23604A G23607A	S:H655Y S:N679K S:P681H S:R682Q	37	61837	0.000598	23487	23642
C23525T T23596+A T23599G C23604A	S:H655Y NA S:N679* S:P681Y	37	61852	0.000598	23501	23637
C23525T C23557T A23558-T T23599G C23604A	S:H655Y S:P665P NA S:N679K S:P681H	37	61852	0.000598	23487	23635
C23525T A23558G C23604A	S:H655Y S:I666V S:P681H	37	61852	0.000598	23506	23642
A25137-T C25262-T	NA NA	37	30892	0.001198	25122	25317
A24667G	S:G1035G	37	31413	0.001178	24612	24679
A24518G	S:K986E	37	53977	0.000685	24508	24564
A21993-TTACC A21999C	NA S:H146P	37	10501	0.003523	21962	22058
T25211C	S:W1217R	36	45443	0.000792	25201	25320
T23599G C23604A A23690G	S:N679K S:P681H S:N710D	36	36897	0.000976	23580	23700
T23599G C23604A A23614G	S:N679K S:P681H S:A684A	36	100127	0.00036	23580	23636
T23490C C23525T T23599G C23604A	S:F643S S:H655Y S:N679K S:P681H	36	61025	0.00059	23486	23637
G24933-T	NA	36	19251	0.00187	24904	24943
G24872A C25000T	S:V1104I S:D1146D	36	15744	0.002287	24868	25069
G24868-T C25000T	NA S:D1146D	36	15720	0.00229	24850	25065
G22030A	S:E156E	36	17391	0.00207	22017	22043
C24672-A T24689G G24690T	NA S:C1043V S:C1043V	36	3893	0.009247	24616	24697
A24677G	S:R1039G	36	31329	0.001149	24646	24679
A24424T C24455-A	S:Q954H NA	36	25834	0.001394	24412	24477
A23704+C	NA	36	62687	0.000574	23699	23715
T24634C	S:L1024L	35	31363	0.001116	24620	24671
T24469A C24517-A	S:N969K NA	35	47437	0.000738	24465	24538
T23850+A	NA	35	24474	0.00143	23767	23865
G25284A	S:C1241Y	35	51583	0.000679	25278	25325
G24486+T	NA	35	53759	0.000651	24477	24497
G21987A G22030A	S:G142D S:E156E	35	9344	0.003746	21982	22058
C24632-T	NA	35	31376	0.001116	24612	24679
C24119-A C24150+T	NA NA	35	3619	0.009671	24021	24191
C23887A A23888C G23948T	S:D775E S:K776Q S:D796Y	35	1708	0.020492	23878	23971
C23812-A C23854A	NA S:N764K	35	23364	0.001498	23683	23890
C23492+A C23525T T23599G C23604A	NA S:H655S S:N679* S:P681Y	35	61047	0.000573	23486	23633
C22109G C22120-A T22200A G22218-T	S:Q183E NA S:V213E NA	35	4389	0.007974	22105	22232
A24479-T	NA	35	53104	0.000659	24476	24493
A24424T T24469A C24555T	S:Q954H S:N969K S:T998I	35	25272	0.001385	24412	24564
A24424T T24469A A24562G	S:Q954H S:N969K S:R1000R	35	25147	0.001392	24412	24564
A24424T C24555T	S:Q954H S:T998I	35	25272	0.001385	24412	24564
A24423+T	NA	35	28523	0.001227	24412	24424
A23403G A23419G C23525T	S:D614G S:E619E S:H655Y	35	12672	0.002762	23394	23532
A21875-T A21979-T G21987A C22000-A C22009-A	NA NA S:G142D NA NA	35	6334	0.005526	21847	22024
T25155C C25262-T	S:I1198T NA	34	31873	0.001067	25135	25325
T24544+A	NA	34	53658	0.000634	24470	24552
T24469A C24588T	S:N969K S:T1009I	34	20559	0.001654	24465	24679
T24469A A24498G	S:N969K S:D979G	34	47803	0.000711	24465	24564
T23599G C23604A T23620C G23666-A	S:N679K S:P681H S:S686S NA	34	37052	0.000918	23580	23705
T23599G C23604A G23612A	S:N679K S:P681H S:A684T	34	100144	0.00034	23580	23642
T23599G C23604A C23613T	S:N679K S:P681H S:A684V	34	100141	0.00034	23580	23642
T23599G C23604A C23609-G G23666-A A23711-AT	S:N679K S:P681H NA NA NA	34	36171	0.00094	23580	23724
T23599G C23604A A23670+T	S:N679K S:P681H NA	34	37025	0.000918	23580	23687
T23581C T23599G C23604A	Unknown S:N679K S:P681H	34	99547	0.000342	23580	23638
T22882G A22893C T22942A G22992A C22995A A23013C T23018G	S:N440K S:K444T S:N460K S:S477N S:T478K S:E484A S:F486V	34	384	0.088542	22876	23033
G25299A	S:G1246D	34	52131	0.000652	25276	25324
G24858A C25000T	S:G1099D S:D1146D	34	15642	0.002174	24850	25055
G23224+A	NA	34	1647	0.020644	23215	23290
G22104-A	NA	34	8113	0.004191	22100	22120
C25276T	S:T1238T	34	51344	0.000662	25255	25325
C25239T	S:A1226V	34	46329	0.000734	25224	25264
C23525T C23555T C23604A	S:H655Y S:P665S S:P681H	34	61852	0.00055	23505	23642
A25241G	S:I1227V	34	46372	0.000733	25219	25324
A24424T T24469A A24500G	S:Q954H S:N969K S:I980V	34	25611	0.001328	24412	24564
A24253-T A24323-AAT	NA S:DEL922	34	6136	0.005541	24229	24337
A23848+T	NA	34	24474	0.001389	23792	23864
A23712+T C23887-A	NA NA	34	18916	0.001797	23683	23894
A22798+G G22813T T22882G G22895C T22896C G22898A	NA S:K417N S:N440Q S:V445P S:V445P S:G446R	34	12724	0.002672	22793	22906
T25403C C25416T	ORF3a:F4S ORF3a:F8F	33	10226	0.003227	25381	25477
T25220C	S:F1220L	33	45223	0.00073	25151	25308
T24631C	S:N1023N	33	31380	0.001052	24618	24658
T24506C	S:S982P	33	54041	0.000611	24489	24513
T23599G C23604A G23610A	S:N679K S:P681H S:R683Q	33	100149	0.00033	23580	23642
T23599G A23712-T	S:N679K NA	33	36152	0.000913	23585	23724
T22882G T22896C G22898A	S:N440K S:V445A S:G446S	33	14632	0.002255	22872	22921
G25305-T	NA	33	52413	0.00063	25298	25324
G23804A C23854A	S:E748K S:N764K	33	23284	0.001417	23683	23881
G23508+T C23525T T23599G C23604A	NA S:H655S S:N679* S:P681Y	33	61682	0.000535	23487	23614
G23501A C23525T T23599G C23604A	S:A647T S:H655Y S:N679K S:P681H	33	61418	0.000537	23487	23624
G23402-A	NA	33	28055	0.001176	23394	23410
G22813T T22882G A22893C T22942A	S:K417N S:N440K S:K444T S:N460K	33	9872	0.003343	22803	22949
G22813T A22845-T T22882G G22895C T22896C G22898A	S:K417N NA S:N440K S:V445P S:V445P S:G446S	33	12946	0.002549	22809	22907
C25000T A25056-T	S:D1146D NA	33	20149	0.001638	24990	25069
C23816-T C23854A C23887-A	NA S:N764K NA	33	22262	0.001482	23767	23895
A25201+T	NA	33	41090	0.000803	25192	25324
A25164G	S:Q1201R	33	39080	0.000844	25151	25210
A24554G	S:T998A	33	53552	0.000616	24516	24564
A24543G	S:D994G	33	53683	0.000615	24541	24564
A24424T A24551G	S:Q954H S:I997V	33	25318	0.001303	24414	24554
A23853-C C23887-A	NA NA	33	23305	0.001416	23767	23895
A23845G C23854A	S:T761T S:N764K	33	24152	0.001366	23804	23881
A23764G C23854A	S:T734T S:N764K	33	20185	0.001635	23733	23879
A23597G T23599G C23604A	S:N679E S:N679E S:P681H	33	100182	0.000329	23581	23642
A23403G G23486-T	S:D614G NA	33	12899	0.002558	23335	23511
A23403G G23417C	S:D614G S:E619Q	33	27748	0.001189	23378	23443
T25221C	S:F1220S	32	45327	0.000706	25177	25325
T25159C	S:D1199D	32	39079	0.000819	25138	25173
T24438+A	NA	32	26415	0.001211	24424	24454
T23599G C23604A A23639G	S:N679K S:P681H S:I693V	32	97895	0.000327	23580	23642
T23511+A T23599G C23604A	NA S:N679* S:P681Y	32	61741	0.000518	23487	23624
G25290A	S:C1243Y	32	51783	0.000618	25248	25320
G25287A	S:S1242N	32	51690	0.000619	25283	25325
G25281A	S:C1240Y	32	51505	0.000621	25256	25312
G25181+A	NA	32	38943	0.000822	25174	25325
G22813T T22882G T22896C T22942G	S:K417N S:N440K S:V445A S:N460K	32	9872	0.003241	22793	22963
G22104-A C22120-A A22161-T	NA NA NA	32	7892	0.004055	22030	22192
C25262-T T25289C	NA S:C1243R	32	50491	0.000634	25251	25323
C25000T C25037-A	S:D1146D NA	32	20294	0.001577	24971	25069
C25000T A25026-T	S:D1146D NA	32	20412	0.001568	24990	25069
C24512+T	NA	32	54000	0.000593	24486	24526
C24119-A G24124-T	NA NA	32	3733	0.008572	24021	24161
C23525T T23599G C23604A T23605C	S:H655Y S:N679K S:P681H S:P681H	32	61842	0.000517	23487	23624
C23525T T23599G C23604A G23621A	S:H655Y S:N679K S:P681H S:V687I	32	61785	0.000518	23487	23624
C22120-A T22200G G22218-T	NA S:V213G NA	32	4561	0.007016	22100	22237
A24619G	S:R1019R	32	31282	0.001023	24612	24650
A24424T T24469A A24525G	S:Q954H S:N969K S:E988G	32	25461	0.001257	24412	24564
A23403G T23427C C23525T	S:D614G S:V622A S:H655Y	32	12672	0.002525	23399	23539
A21964-T	NA	32	13522	0.002367	21878	21978
T25128C	S:V1189A	31	35822	0.000865	25122	25168
T24469A T24513C	S:N969K S:L984P	31	47479	0.000653	24465	24564
T23817C C23854A	S:L752P S:N764K	31	23417	0.001324	23683	23886
T23599G C23604A T23681C	S:N679K S:P681H S:Y707H	31	36948	0.000839	23581	23724
T23582C T23599G C23604A	S:Y674H S:N679K S:P681H	31	99845	0.00031	23580	23642
T22020C	S:M153T	31	14164	0.002189	22001	22057
G25266A	S:C1235Y	31	50809	0.00061	25220	25280
G25135+A	NA	31	37411	0.000829	25130	25146
G23835-TT C23854A	NA S:N764K	31	23761	0.001305	23805	23873
G21987A A21999-C	S:G142D NA	31	10260	0.003021	21974	22043
G21956T G21987A	S:E132* S:G142D	31	9757	0.003177	21943	22058
C25292+G	NA	31	51843	0.000598	25283	25301
C25132+A C25262-T	NA NA	31	30641	0.001012	25124	25315
C25132+A	NA	31	37157	0.000834	25126	25155
C25100-A	NA	31	4012	0.007727	25015	25114
C25000T T25072-G C25100-A T25191-A	S:D1146D NA NA NA	31	3654	0.008484	24992	25210
C25000T T25072-G	S:D1146D NA	31	4043	0.007668	24998	25081
C24981-T C25000T A25056-T	NA S:D1146D NA	31	15944	0.001944	24850	25069
C23709-A	NA	31	62371	0.000497	23702	23721
C23525T T23599G C23604A G23608A	S:H655Y S:N679K S:P681H S:R682R	31	61837	0.000501	23492	23641
C23525T G23580-T T23599G C23604A	S:H655Y NA S:N679K S:P681H	31	61852	0.000501	23505	23637
C21618T T21632-TACCCCCTG G21701-T A21764-TACATG	S:T19I S:DEL25/27 NA S:DEL69/70	31	3378	0.009177	21608	21802
A25174G	S:G1204G	31	39001	0.000795	25163	25210
A24424T T24438+A T24469A	S:Q954H NA S:N969Q	31	25744	0.001204	24412	24564
A24424T A24562G	S:Q954H S:R1000R	31	25147	0.001233	24412	24564
A24424T A24441G T24469A	S:Q954H S:N960S S:N969K	31	25744	0.001204	24415	24564
A24253-T C24263-A	NA NA	31	6861	0.004518	24229	24283
A23779G C23854A	S:T739T S:N764K	31	22944	0.001351	23767	23895
A23720-T	NA	31	61807	0.000502	23694	23724
A23515+C	NA	31	80737	0.000384	23487	23522
A23403G G23426A	S:D614G S:V622I	31	27471	0.001128	23379	23429
A23403G A23474+T	S:D614G NA	31	13096	0.002367	23398	23539
T25150C C25262-T	S:S1196S NA	30	31319	0.000958	25130	25323
T24564C	Unknown	30	53357	0.000562	24479	24564
T23599G C23604A T23697C	S:N679K S:P681H S:I712T	30	36848	0.000814	23580	23724
T23599G C23604A T23676C	S:N679K S:P681H S:V705A	30	36979	0.000811	23580	23724
T23599G C23604A G23621A	S:N679K S:P681H S:V687I	30	100068	0.0003	23580	23642
T23599G C23604A C23615T	S:N679K S:P681H S:R685C	30	100125	0.0003	23580	23642
T23511+A	NA	30	80971	0.000371	23493	23521
G25320A	S:C1253Y	30	52608	0.00057	25306	25324
G23768-T C23887-A	NA NA	30	21731	0.001381	23767	23895
G22104-A C22120-A T22164-TA	NA NA NA	30	7878	0.003808	22025	22192
C24536-A C24672-A	NA NA	30	25622	0.001171	24474	24679
C23758+A	NA	30	22575	0.001329	23684	23768
C23555T T23599G C23604A	S:P665S S:N679K S:P681H	30	62280	0.000482	23548	23624
C23525T T23596-A T23599G C23604A	S:H655Y NA S:N679K S:P681H	30	61852	0.000485	23507	23642
C23525T G23574A T23599G C23604A	S:H655Y S:C671Y S:N679K S:P681H	30	61852	0.000485	23487	23637
C23492+A	NA	30	80476	0.000373	23486	23504
A25247G	S:M1229V	30	46501	0.000645	25219	25325
A24885+T	NA	30	19426	0.001544	24850	24898
A24730T	S:A1056A	30	6575	0.004563	24724	24791
A24424T T24469A T24482C	S:Q954H S:N969K S:S974P	30	25690	0.001168	24412	24564
A23756G C23854A	S:T732A S:N764K	30	20160	0.001488	23683	23881
A23319G A23403G	S:D586G S:D614G	30	12203	0.002458	23296	23443
T25236C	S:I1225T	29	46254	0.000627	25217	25324
T24931-G C25000T	NA S:D1146D	29	16145	0.001796	24850	25066
T24513C	S:L984P	29	53985	0.000537	24509	24564
T24499+A C24672-A	NA NA	29	25323	0.001145	24470	24679
T23599G C23604A A23720G	S:N679K S:P681H S:I720V	29	35902	0.000808	23580	23724
T23599G C23604A A23687G	S:N679K S:P681H S:N709D	29	36912	0.000786	23580	23717
T23599G C23604A A23627G	S:N679K S:P681H S:S689G	29	99363	0.000292	23580	23642
T23355C	S:I598T	29	30103	0.000963	23342	23375
T21934-A G21987A	NA S:G142D	29	9050	0.003204	21924	21998
G25135-A	NA	29	37411	0.000775	25128	25147
G24510+T C24672-A	NA NA	29	25475	0.001138	24483	24679
G23522-A C23525T T23599G C23604A	NA S:H655Y S:N679K S:P681H	29	61850	0.000469	23487	23635
G22813T T22882G G22895C G22898A T22900-G	S:K417N S:N440K S:V445L S:G446S NA	29	12927	0.002243	22793	22914
C23525T T23599G C23604A G23628A	S:H655Y S:N679K S:P681H S:S689N	29	61131	0.000474	23487	23642
C23525T C23557-A T23599G C23604A	S:H655Y NA S:N679K S:P681H	29	61852	0.000469	23487	23642
C23525T A23534C T23599G C23604A	S:H655Y S:N658H S:N679K S:P681H	29	61852	0.000469	23487	23641
C23498T C23525T T23599G C23604A	S:R646C S:H655Y S:N679K S:P681H	29	61308	0.000473	23487	23641
C23334-T G23417+A	NA NA	29	12128	0.002391	23269	23428
C21618T T21632-TACCCCCTG G21686-T A21764-TACATG	S:T19I S:DEL25/27 NA S:DEL69/70	29	3378	0.008585	21597	21780
A25125G C25262-T	S:E1188G NA	29	29320	0.000989	25122	25325
A24661G	S:V1033V	29	31493	0.000921	24643	24679
A24560G	S:R1000G	29	53436	0.000543	24532	24564
A24479T	S:I973F	29	53104	0.000546	24471	24498
A24424T T24448C	S:Q954H S:L962L	29	25877	0.001121	24414	24485
A21875-T A21979-T G21987A	NA NA S:G142D	29	8476	0.003421	21867	21993
T25265G	S:C1235G	28	50802	0.000551	25251	25325
T25258C	S:I1232I	28	50460	0.000555	25252	25261
T24504C	S:L981P	28	54006	0.000518	24486	24564
T24489C	S:V976A	28	53981	0.000519	24480	24505
T24469A A24538T C24672-A	S:N969K S:Q992H NA	28	20161	0.001389	24465	24679
T23599G C23604A G23675-T	S:N679K S:P681H NA	28	36983	0.000757	23580	23724
T23599G C23604A G23663A	S:N679K S:P681H S:A701T	28	37073	0.000755	23580	23700
T23355C A23403G C23525T	S:I598T S:D614G S:H655Y	28	11583	0.002417	23344	23532
T23164-A	NA	28	1963	0.014264	23089	23180
G24992-A C25000T	NA S:D1146D	28	20749	0.001349	24990	25067
G24868-T	NA	28	19536	0.001433	24850	24880
G24124-T	NA	28	4344	0.006446	24105	24161
G23516A C23525T T23599G C23604A	S:G652R S:H655Y S:N679K S:P681H	28	61792	0.000453	23487	23642
G22813T T22882G G22894T T22917G T22942G	S:K417N S:N440K S:K444N S:L452R S:N460K	28	9872	0.002836	22793	22967
G22813T G22895C T22896C G22898A	S:K417N S:V445P S:V445P S:G446S	28	12946	0.002163	22793	22906
G22403-A G22487-A	NA NA	28	1582	0.017699	22368	22500
C25000T G25019A	S:D1146D S:D1153N	28	20548	0.001363	24990	25069
C23854A A23888G	S:N764K S:K776E	28	23252	0.001204	23699	23895
C23525T T23599G C23604A T23633+C	S:H655Y S:N679K S:P681H NA	28	60946	0.000459	23487	23637
C23525T G23567A T23599G C23604A	S:H655Y S:G669S S:N679K S:P681H	28	61852	0.000453	23505	23641
C22109G T22200A G22218-T G22317T	S:Q183E S:V213E NA S:G252V	28	3727	0.007513	22104	22319
C22109G C22120-A A22161-T T22200A G22218-T G22317T	S:Q183E NA NA S:V213E NA S:G252V	28	3727	0.007513	22100	22319
C21888-T	NA	28	12735	0.002199	21847	21900
A25235G	S:I1225V	28	46234	0.000606	25223	25325
A25235-T	NA	28	46234	0.000606	25224	25323
A25182G C25262-T	S:E1207G NA	28	32858	0.000852	25129	25325
A24424T G24521+T	S:Q954H NA	28	25482	0.001099	24412	24564
A24424T C24466+A	S:Q954H NA	28	25751	0.001087	24413	24494
A23834G C23854A	S:S758G S:N764K	28	23736	0.00118	23782	23895
A23403G T23434-C C23525T	S:D614G NA S:H655Y	28	12672	0.00221	23391	23532
T25215C	S:L1218P	27	42155	0.00064	25208	25316
T25171+G C25262-T	NA NA	27	32314	0.000836	25130	25325
T25148C C25262-T	S:S1196P NA	27	31237	0.000864	25130	25325
T25140A C25262-T	S:L1193* NA	27	30953	0.000872	25137	25325
T24664C	S:L1034L	27	31430	0.000859	24627	24676
T24505C	S:L981L	27	54031	0.0005	24481	24564
T24469A C24502A C24672-A	S:N969K S:I980I NA	27	20161	0.001339	24465	24679
T23794C C23854A	S:G744G S:N764K	27	23152	0.001166	23770	23873
T23599G C23604A T23703C	S:N679K S:P681H S:I714T	27	36571	0.000738	23580	23724
T23599G C23604A A23639-T	S:N679K S:P681H NA	27	97895	0.000276	23580	23642
T22882G A22893C	S:N440K S:K444T	27	15528	0.001739	22876	22903
T21934-A G21987A A21993-TTACC A21999C	NA S:G142D NA S:H146P	27	7108	0.003799	21913	22058
G22813T T22882G G22895C T22896C T22942G	S:K417N S:N440K S:V445P S:V445P S:N460K	27	9872	0.002735	22803	22967
G22104-A C22109G C22120-A T22200A G22317T	NA S:Q183E NA S:V213E S:G252V	27	3687	0.007323	22100	22319
C25324T	S:C1254C	27	52415	0.000515	25306	25324
C25267T	S:C1235C	27	50904	0.00053	25251	25325
C24899-A	NA	27	19378	0.001393	24852	24909
C24026-T A24110-T C24119-A	NA NA NA	27	3042	0.008876	24021	24139
C23525T T23599G C23604A T23641C	S:H655Y S:N679K S:P681H S:I693I	27	59647	0.000453	23487	23642
C23525T T23542-G T23599G C23604A	S:H655Y NA S:N679K S:P681H	27	61852	0.000437	23487	23640
C23525T C23577T T23599G C23604A	S:H655Y S:A672V S:N679K S:P681H	27	61852	0.000437	23487	23642
C23525T A23586T T23599G C23604A	S:H655Y S:Q675L S:N679K S:P681H	27	61852	0.000437	23487	23624
A25190G	S:I1210V	27	39409	0.000685	25186	25210
A25176G	S:K1205R	27	38998	0.000692	25155	25200
A25146G C25262-T	S:E1195G NA	27	31212	0.000865	25130	25325
A24645G	S:K1028R	27	31496	0.000857	24612	24679
A24424T T24469A A24498G	S:Q954H S:N969K S:D979G	27	25620	0.001054	24412	24564
A24424T A24525G	S:Q954H S:E988G	27	25461	0.00106	24412	24564
A21979-T G21987A A21993-TTACC A21999C	NA S:G142D NA S:H146P	27	9651	0.002798	21854	22026
T25414C C25416T	ORF3a:F8L ORF3a:F8L	26	10226	0.002543	25381	25477
T25248C	S:M1229T	26	46522	0.000559	25220	25325
T25242C	S:I1227T	26	46386	0.000561	25224	25325
T25210C	S:I1216I	26	45102	0.000576	25196	25325
T25191+A C25262-T	NA NA	26	34093	0.000763	25130	25323
T25148C	S:S1196P	26	38553	0.000674	25122	25181
T24552C	S:I997T	26	53578	0.000485	24480	24564
T24514C	S:L984L	26	53976	0.000482	24480	24530
T24506+A	NA	26	54041	0.000481	24498	24519
T23754C C23854A	S:M731T S:N764K	26	20147	0.001291	23683	23895
T23599G C23604A A23651G	S:N679K S:P681H S:M697V	26	37155	0.0007	23581	23705
T23596C T23599G C23604A	S:T678T S:N679K S:P681H	26	100180	0.00026	23580	23642
T23480+A	NA	26	14725	0.001766	23458	23539
T22942G A22948-C	S:N460K NA	26	13762	0.001889	22935	22967
T22076C	S:S172P	26	3393	0.007663	22071	22082
G23821+T	NA	26	24646	0.001055	23767	23832
G23364-A A23403G	NA S:D614G	26	26801	0.00097	23335	23443
G22809-A G22813T T22882G G22895C T22896C G22898A	NA S:K417N S:N440K S:V445P S:V445P S:G446S	26	12922	0.002012	22793	22910
G22014-T	NA	26	14348	0.001812	22007	22056
C24981-T C25000T T25021-A	NA S:D1146D NA	26	16198	0.001605	24850	25045
C24466+A	NA	26	48149	0.00054	24465	24479
C23525T T23599G T23602-C T23605A	S:H655Y S:N679K NA S:P681P	26	61842	0.00042	23493	23642
C23525T T23599G C23604A C23634T	S:H655Y S:N679K S:P681H S:S691F	26	60933	0.000427	23487	23642
C23525T A23550T T23599G C23604A	S:H655Y S:D663V S:N679K S:P681H	26	61852	0.00042	23501	23625
C23520-T C23525T T23599G C23604A	NA S:H655Y S:N679K S:P681H	26	61834	0.00042	23487	23641
C23099-T	NA	26	1974	0.013171	23091	23112
A25190+G	NA	26	39409	0.00066	25183	25197
A24673G	S:S1037S	26	31220	0.000833	24662	24679
A24562G	S:R1000R	26	53410	0.000487	24500	24564
A24498+T	NA	26	54049	0.000481	24480	24506
A24420G A24424T	S:N953S S:Q954H	26	28483	0.000913	24412	24424
A24323-AAT	S:DEL922	26	6805	0.003821	24229	24337
A23598+G C23604A	NA S:P681Y	26	100182	0.00026	23581	23616
A23515+G C23525T	NA S:H655S	26	80019	0.000325	23487	23532
A23403G G23522-A C23525T	S:D614G NA S:H655Y	26	12672	0.002052	23398	23538
T23599G C23604A T23686C	S:N679K S:P681H S:S708S	25	36919	0.000677	23580	23724
T23143-A C23230-A	NA NA	25	1331	0.018783	23089	23244
T22882G T22896C T22942G	S:N440K S:V445A S:N460K	25	11459	0.002182	22867	22967
G25173-A G25218-T C25262-T	NA NA NA	25	32359	0.000773	25130	25325
G25135+A C25262-T	NA NA	25	30778	0.000812	25130	25325
G22813T T22942A	S:K417N S:N460K	25	9872	0.002532	22793	22967
G22813T T22882G G22895C T22896C	S:K417N S:N440K S:V445P S:V445P	25	12953	0.00193	22796	22906
G21987A C22000-A A22002G T22016C C22033A	S:G142D NA S:K147R S:W152R S:F157L	25	9275	0.002695	21980	22058
G21907T	S:Q115H	25	12716	0.001966	21847	21928
C25199T	S:P1213S	25	40738	0.000614	25186	25210
C24672-A G24690+T	NA NA	25	3893	0.006422	24615	24701
C24422-A A24425T	NA S:N955Y	25	28399	0.00088	24413	24437
C23525T T23599G C23604A C23630-A	S:H655Y S:N679K S:P681H NA	25	61120	0.000409	23515	23638
C23492-A C23525T	NA S:H655Y	25	78908	0.000317	23488	23529
C23422T C23525T	S:V620V S:H655Y	25	13741	0.001819	23403	23529
C22109G C22120-A T22164-TA T22200A G22218-T G22317T	S:Q183E NA NA S:V213E NA S:G252V	25	3727	0.006708	22100	22319
C22109G C22120-A A22161-T T22200A G22317T	S:Q183E NA NA S:V213E S:G252V	25	3727	0.006708	22100	22319
C21618T T21632-TACCCCCTG A21661G A21764-TACATG	S:T19I S:DEL25/27 S:T33T S:DEL69/70	25	3378	0.007401	21597	21802
A25325G	Unknown	25	52201	0.000479	25294	25325
A25259G	S:M1233V	25	50500	0.000495	25231	25269
A25147G	S:E1195E	25	38544	0.000649	25141	25184
A24922-T C24981-T C25000T	NA NA S:D1146D	25	16080	0.001555	24850	25069
A24780G	S:K1073R	25	6886	0.003631	24724	24784
A24424T T24469A A24516G	S:Q954H S:N969K S:D985G	25	25527	0.000979	24412	24564
A24424T G24510A	S:Q954H S:R983H	25	25555	0.000978	24412	24564
A24424T A24443G	S:Q954H S:T961A	25	25920	0.000965	24412	24564
A23800G C23854A	S:S746S S:N764K	25	23250	0.001075	23768	23895
A23767+T C23854A	NA S:N764K	25	20198	0.001238	23710	23891
A23696-T	NA	25	62788	0.000398	23688	23707
A23627-G	NA	25	100951	0.000248	23615	23642
A23403G T23521C C23525T	S:D614G S:A653A S:H655Y	25	12672	0.001973	23384	23532
A23403G A23419G	S:D614G S:E619E	25	27696	0.000903	23393	23430
A23359G A23403G	S:T599T S:D614G	25	26772	0.000934	23335	23429
A21875-T T21946-A	NA NA	25	12003	0.002083	21847	21960
A21875-T G21987A T21990-TTA A21999-C	NA S:G142D S:DEL144 NA	25	6539	0.003823	21847	22058
A21875-T A21979-T G21987A T21990-TTA A21999-CAA C22009-A	NA NA S:G142D S:DEL144 S:DEL147 NA	25	6334	0.003947	21847	22032
T25202+G C25262-T	NA NA	24	35978	0.000667	25130	25323
T25178C	S:Y1206H	24	38991	0.000616	25141	25183
T24487C	S:S975S	24	53884	0.000445	24483	24564
T24469A A24667G	S:N969K S:G1035G	24	20237	0.001186	24465	24679
T24469A A24525G	S:N969K S:E988G	24	47316	0.000507	24465	24564
T23773C C23854A	S:D737D S:N764K	24	22902	0.001048	23683	23881
T23698C C23854A	S:I712I S:N764K	24	19765	0.001214	23683	23895
T23599G C23604A G23678A	S:N679K S:P681H S:A706T	24	36974	0.000649	23580	23724
T23599G C23604A G23666-A C23692T	S:N679K S:P681H NA S:N710N	24	36881	0.000651	23580	23705
T23599G C23604A C23707T	S:N679K S:P681H S:P715P	24	36338	0.00066	23587	23724
T23599G C23604A C23643T	S:N679K S:P681H S:A694V	24	96864	0.000248	23580	23708
T23599G C23604A A23667G	S:N679K S:P681H S:E702G	24	37042	0.000648	23581	23705
T23344C	S:G594G	24	29936	0.000802	23335	23362
T22200G T22246C C22295T	S:V213G S:D228D S:H245Y	24	5081	0.004723	22179	22319
T21990-TTA	S:DEL144	24	12164	0.001973	21974	22012
G25269A	S:C1236Y	24	51012	0.00047	25219	25325
G25019A	S:D1153N	24	20745	0.001157	24979	25069
G24570+T	NA	24	26686	0.000899	24492	24579
G23504A C23525T T23599G C23604A	S:G648S S:H655Y S:N679K S:P681H	24	61584	0.00039	23487	23624
G22813T T22882G A22893C T22917G G22927-T	S:K417N S:N440K S:K444T S:L452R NA	24	11628	0.002064	22793	22937
C25262-T T25309C	NA S:S1249S	24	50328	0.000477	25251	25325
C25262-T T25291C	NA S:C1243C	24	50485	0.000475	25251	25320
C24517-A C24536-A T24643-A C24672-A	NA NA NA NA	24	25520	0.00094	24470	24679
C23854A G23868-A	S:N764K NA	24	24069	0.000997	23847	23881
C23525T T23599G C23604A G23611A	S:H655Y S:N679K S:P681H S:R683R	24	61831	0.000388	23487	23624
C23525T G23562A T23599G C23604A	S:H655Y S:G667D S:N679K S:P681H	24	61852	0.000388	23487	23636
C22802+A G22813T T22882G G22895C T22896C G22898A	NA S:K417N S:N440Q S:V445P S:V445P S:G446R	24	12841	0.001869	22793	22910
A25168G	S:E1202E	24	39070	0.000614	25140	25210
A24922-T C25000T	NA S:D1146D	24	16080	0.001493	24850	25069
A24922-T	NA	24	19285	0.001244	24863	24936
A24922+T	NA	24	19285	0.001244	24850	24937
A24675G	S:K1038R	24	31363	0.000765	24612	24679
A24674G	S:K1038E	24	31364	0.000765	24649	24679
A24595G	S:Q1011Q	24	26544	0.000904	24571	24676
A24519G	S:K986R	24	53973	0.000445	24487	24564
A24500G	S:I980V	24	54057	0.000444	24473	24540
A24424T T24464C	S:Q954H S:S968P	24	25764	0.000932	24412	24564
A23848+T C23887-A G23903-T	NA NA NA	24	2633	0.009115	23767	23932
A23762G C23854A	S:T734A S:N764K	24	20175	0.00119	23751	23891
A23515-G C23525T	NA S:H655Y	24	80019	0.0003	23497	23533
A23403G A23515-G C23525T	S:D614G NA S:H655Y	24	12672	0.001894	23386	23532
A23403G A23495G C23525T	S:D614G S:T645A S:H655Y	24	12672	0.001894	23335	23535
T25430-AACTTT	ORF3a:DEL14/15	23	10136	0.002269	25374	25477
T25279C	S:S1239S	23	51451	0.000447	25260	25325
T25161C	S:L1200P	23	39079	0.000589	25153	25174
T24643-A C24672-A A24684-T	NA NA NA	23	4470	0.005145	24620	24697
T24469A T24643-A	S:N969K NA	23	20339	0.001131	24465	24668
T24469A T24564C	S:N969K S:L1001P	23	46564	0.000494	24465	24564
T24469A T24504C	S:N969K S:L981P	23	47634	0.000483	24465	24564
T24469A G24488-T	S:N969K NA	23	48019	0.000479	24465	24501
T24469A C24536-AA	S:N969K NA	23	47123	0.000488	24465	24563
T24469A A24500G	S:N969K S:I980V	23	47754	0.000482	24465	24564
T23830-G C23854A	NA S:N764K	23	23645	0.000973	23818	23895
T23599G C23604A C23606T	S:N679K S:P681H S:R682W	23	100161	0.00023	23580	23624
T23511+A A23515+G C23525T T23599G C23604A	NA NA S:H655Y S:N679L S:P681H	23	61741	0.000373	23487	23640
T23434-C	NA	23	27241	0.000844	23412	23443
T22200G G22218-T	S:V213G NA	23	5596	0.00411	22173	22238
G24816-A	NA	23	2240	0.010268	24740	24822
G24558A	S:G999D	23	53481	0.00043	24476	24561
G23508A C23525T T23599G C23604A	S:C649Y S:H655Y S:N679K S:P681H	23	61682	0.000373	23487	23642
G23364-A C23525T	NA S:H655Y	23	11625	0.001978	23335	23539
G21987A T21990-TTA C22000-A	S:G142D S:DEL144 NA	23	10252	0.002243	21954	22019
C24588T C24672-A	S:T1009I NA	23	25952	0.000886	24476	24679
C23887-AA	NA	23	23901	0.000962	23877	23895
C23854A A23869G	S:N764K S:G769G	23	24047	0.000956	23844	23895
C23525T T23599G C23604A G23616A	S:H655Y S:N679K S:P681H S:R685H	23	61811	0.000372	23487	23624
C23525T G23528A T23599G C23604A	S:H655Y S:V656I S:N679K S:P681H	23	61852	0.000372	23489	23642
C23525T C23577-T T23599G C23604A	S:H655Y NA S:N679K S:P681H	23	61852	0.000372	23487	23624
C23525T A23566T T23599G C23604A	S:H655Y S:A668A S:N679K S:P681H	23	61852	0.000372	23487	23642
C23506T C23525T T23599G C23604A	S:G648G S:H655Y S:N679K S:P681H	23	61650	0.000373	23487	23634
C23496T C23525T T23599G C23604A	S:T645I S:H655Y S:N679K S:P681H	23	61273	0.000375	23487	23624
C23430T	S:A623V	23	28673	0.000802	23421	23443
C22109G T22200A G22218-T	S:Q183E S:V213E NA	23	4389	0.00524	22105	22230
C21618T T21632-TACCCCCTG C21762-TATACA	S:T19I S:DEL25/27 S:DEL68/69	23	3380	0.006805	21608	21802
C21618T T21632-TACCCCCTG C21654-T A21764-TACATG	S:T19I S:DEL25/27 NA S:DEL69/70	23	3378	0.006809	21597	21802
A25165G	S:Q1201Q	23	39087	0.000588	25141	25210
A24885+T C25000T	NA S:D1146S	23	15816	0.001454	24850	25022
A24424T T24469A T24489C	S:Q954H S:N969K S:V976A	23	25656	0.000896	24412	24538
A24424T A24516G	S:Q954H S:D985G	23	25527	0.000901	24412	24564
A24110-T C24119-A T24126-TA	NA NA NA	23	3369	0.006827	24021	24169
A23738+T	NA	23	22863	0.001006	23683	23747
A23702G C23854A	S:I714V S:N764K	23	19891	0.001156	23683	23890
A23403G T23480+A C23525T	S:D614G NA S:H655S	23	12672	0.001815	23398	23539
A21964-T G21987A	NA S:G142D	23	10413	0.002209	21956	21993
T25319A	S:C1253S	22	52607	0.000418	25287	25320
T25171C	S:L1203L	22	39026	0.000564	25140	25210
T25161C C25262-T	S:L1200P NA	22	32051	0.000686	25135	25325
T25152C C25262-T	S:L1197P NA	22	31743	0.000693	25140	25325
T24689G G24690T	S:C1043V S:C1043V	22	4678	0.004703	24612	24696
T23599G T23602-C T23605A	S:N679K NA S:P681P	22	100164	0.00022	23580	23642
T23599G C23604A T23695C	S:N679K S:P681H S:S711S	22	36857	0.000597	23580	23724
T23599G C23604A T23689C	S:N679K S:P681H S:N709N	22	36903	0.000596	23580	23718
T23599G C23604A T23650C	S:N679K S:P681H S:T696T	22	37158	0.000592	23580	23724
T23599G C23604A T23629C C23664A	S:N679K S:P681H S:S689S S:A701E	22	37062	0.000594	23580	23705
T23599G C23604A G23653A	S:N679K S:P681H S:M697I	22	37136	0.000592	23580	23724
T23599G C23603+A C23604G	S:N679K NA S:P681S	22	100193	0.00022	23580	23642
T23394C A23403G C23525T	S:L611P S:D614G S:H655Y	22	12308	0.001787	23335	23537
T21864+A	NA	22	12723	0.001729	21848	21874
G25302A	S:C1247Y	22	52252	0.000421	25283	25323
G25249A	S:M1229I	22	46559	0.000473	25233	25325
G25130+C	NA	22	36057	0.00061	25122	25142
G23518A C23525T T23599G C23604A	S:G652G S:H655Y S:N679K S:P681H	22	61823	0.000356	23487	23631
G22104-A C22120-A T22200G	NA NA S:V213G	22	4420	0.004977	22100	22215
G21987A A22001G T22016C	S:G142D S:K147E S:W152R	22	9636	0.002283	21981	22043
C23854A T23875C	S:N764K S:A771A	22	23819	0.000924	23687	23895
C23854A A23883G	S:N764K S:Q774R	22	23514	0.000936	23684	23895
C23854A A23880G	S:N764K S:E773G	22	23703	0.000928	23835	23890
C23399+T	NA	22	28372	0.000775	23335	23415
C22120-A T22165-A	NA NA	22	8563	0.002569	22100	22192
A25225G	S:I1221M	22	45755	0.000481	25219	25324
A24860G	S:T1100A	22	19519	0.001127	24853	24880
A24613G	S:E1017E	22	31289	0.000703	24612	24669
A24520G	S:K986K	22	53966	0.000408	24482	24564
A24424T T24451+A	S:Q954H NA	22	25859	0.000851	24412	24485
A24110-T C24150+T	NA NA	22	3267	0.006734	24021	24181
A23848+T C23887-A C23929-A	NA NA NA	22	2435	0.009035	23767	23942
A23743G C23854A	S:L727L S:N764K	22	20110	0.001094	23683	23895
A23704G C23854A	S:I714M S:N764K	22	19899	0.001106	23683	23895
A23688+G	NA	22	62597	0.000351	23683	23724
A23503T C23525T T23599G C23604A	S:A647A S:H655Y S:N679K S:P681H	22	61569	0.000357	23487	23642
A23403G T23434C C23525T	S:D614G S:I624I S:H655Y	22	12672	0.001736	23335	23539
A23403G T23425C C23525T	S:D614G S:P621P S:H655Y	22	12672	0.001736	23390	23532
A22798+G G22813T T22882G	NA S:K417N S:N440Q	22	13821	0.001592	22793	22894
A22010G	S:K150E	22	14505	0.001517	22002	22058
A21949G	S:K129K	22	12870	0.001709	21877	21967
T25382+A	NA	21	10361	0.002027	25372	25408
T25245-A	NA	21	46456	0.000452	25231	25324
T25202C C25262-T	S:W1214R NA	21	35978	0.000584	25139	25325
T25129C	S:V1189V	21	35918	0.000585	25122	25164
T24625C	S:S1021S	21	31320	0.00067	24615	24671
T24585C	S:V1008A	21	26541	0.000791	24543	24667
T24583C	S:Y1007Y	21	26537	0.000791	24498	24586
T24541C	S:I993I	21	53700	0.000391	24481	24564
T24529C	S:A989A	21	53865	0.00039	24488	24564
T24469A G24476A	S:N969K S:A972T	21	48171	0.000436	24465	24564
T24469A A24652G	S:N969K S:S1030S	21	20318	0.001034	24465	24679
T24469A A24604G	S:N969K S:R1014R	21	20522	0.001023	24465	24679
T24469A A24578G	S:N969K S:T1006A	21	20722	0.001013	24465	24669
T24414C A24424T	S:V951A S:Q954H	21	28248	0.000743	24412	24424
T23599G C23604A T23645C	S:N679K S:P681H S:Y695H	21	37197	0.000565	23580	23724
T23599G C23604A G23607A	S:N679K S:P681H S:R682Q	21	100158	0.00021	23580	23641
T23599G C23604A A23670G	S:N679K S:P681H S:N703S	21	37025	0.000567	23580	23724
T23337C A23403G	S:F592S S:D614G	21	26173	0.000802	23335	23435
T23143-A C23188+T	NA NA	21	1720	0.012209	23104	23197
T22882G T22942A	S:N440K S:N460K	21	11459	0.001833	22870	22950
T22882G A22893C T22917G G22992A C22995A A23013C T23018G	S:N440K S:K444T S:L452R S:S477N S:T478K S:E484A S:F486V	21	384	0.054688	22876	23038
G25213A	S:W1217*	21	41003	0.000512	25206	25316
G24776-A	NA	21	6869	0.003057	24757	24805
G24635A	S:A1025T	21	31378	0.000669	24620	24676
G23666-A	NA	21	39112	0.000537	23652	23687
G23486-T	NA	21	14727	0.001426	23445	23513
G22813T T22882G G22895C T22896C G22898A A22924-T T22942G	S:K417N S:N440K S:V445P S:V445P S:G446S NA S:N460K	21	9872	0.002127	22793	22966
G22813T G22895C G22898A	S:K417N S:V445L S:G446S	21	12946	0.001622	22793	22910
G22809-A G22813T T22882G A22893C T22917G	NA S:K417N S:N440K S:K444T S:L452R	21	12182	0.001724	22801	22929
G22133-A	NA	21	9495	0.002212	22124	22192
G21987A T22048C	S:G142D S:S162S	21	8935	0.00235	21981	22058
C25321T	S:C1253C	21	52605	0.000399	25303	25325
C25262-T A25296-G	NA NA	21	50433	0.000416	25251	25325
C25131T	S:A1190V	21	37031	0.000567	25129	25132
C24964-A C24981-T C25000T	NA NA S:D1146D	21	16410	0.00128	24850	25019
C24784+T	NA	21	6875	0.003055	24737	24890
C24130T	S:N856N	21	4600	0.004565	24125	24147
C23854A T23857C	S:N764K S:R765R	21	24328	0.000863	23771	23893
C23854A C23887A A23888C G23948T	S:N764K S:D775E S:K776Q S:D796Y	21	1404	0.014957	23848	23978
C23854A A23886G	S:N764K S:D775G	21	23343	0.0009	23821	23895
C23525T T23599G C23604A G23619A	S:H655Y S:N679K S:P681H S:S686N	21	61794	0.00034	23487	23624
C23358+A	NA	21	30040	0.000699	23336	23366
C21781-A	NA	21	3848	0.005457	21773	21802
A25253G C25262-T	S:T1231A NA	21	50209	0.000418	25251	25325
A25188G	S:Y1209C	21	39260	0.000535	25136	25210
A25175G C25262-T	S:K1205E NA	21	32430	0.000648	25122	25325
A25137G	S:N1192S	21	37828	0.000555	25132	25153
A24994G C25000T	S:E1144E S:D1146D	21	20793	0.00101	24990	25065
A24679G	S:R1039R	21	30845	0.000681	24662	24679
A24669G	S:Q1036R	21	31356	0.00067	24612	24676
A24652G	S:S1030S	21	31500	0.000667	24612	24679
A24617G	S:R1019G	21	31274	0.000671	24612	24678
A24578G	S:T1006A	21	26675	0.000787	24496	24665
A24551G	S:I997V	21	53584	0.000392	24480	24564
A24479T C24672-A	S:I973F NA	21	24301	0.000864	24474	24679
A24478G	S:A972A	21	52970	0.000396	24473	24505
A24468-T T24470A	NA S:F970I	21	48181	0.000436	24465	24485
A24424T T24511C	S:Q954H S:R983R	21	25553	0.000822	24412	24564
A24424T T24472-G	S:Q954H NA	21	25720	0.000816	24412	24564
A24424T T24469A A24520G	S:Q954H S:N969K S:K986K	21	25498	0.000824	24412	24564
A24324T	S:K921I	21	6731	0.00312	24229	24327
A23810G C23854A	S:S750G S:N764K	21	23341	0.0009	23767	23891
A23586T T23599G C23604A	S:Q675L S:N679K S:P681H	21	99961	0.00021	23580	23642
A23474+T T23480+A	NA NA	21	14623	0.001436	23459	23539
A23403G T23404C	S:D614G S:D614G	21	27971	0.000751	23389	23429
A23403G G23465-T C23525T	S:D614G NA S:H655Y	21	12672	0.001657	23385	23539
A23310G A23403G	S:E583G S:D614G	21	12193	0.001722	23288	23443
A23235G	S:K558R	21	2034	0.010324	23228	23290
A21875-T G21987A C22000-A	NA S:G142D NA	21	6531	0.003215	21867	22012
T25312+C	NA	20	52629	0.00038	25296	25323
T24656C	S:C1032R	20	31506	0.000635	24643	24679
T24628-A	NA	20	31361	0.000638	24612	24674
T24492+A	NA	20	54079	0.00037	24474	24526
T24480C	S:I973T	20	53230	0.000376	24470	24492
T24469A A24587G	S:N969K S:T1009A	20	20564	0.000973	24465	24679
T24469A A24543G	S:N969K S:D994G	20	46998	0.000426	24465	24564
T23791C C23854A	S:C743C S:N764K	20	23094	0.000866	23699	23894
T23599G C23604A T23671C	S:N679K S:P681H S:N703N	20	37015	0.00054	23580	23700
T23599G C23604A T23641-G G23666-A	S:N679K S:P681H NA NA	20	37052	0.00054	23580	23722
T23599G C23604A C23705T	S:N679K S:P681H S:P715S	20	36540	0.000547	23580	23724
T23599G C23604A A23665T	S:N679K S:P681H S:A701A	20	37058	0.00054	23580	23724
T23377+A	NA	20	28587	0.0007	23343	23389
T22917G	S:L452R	20	14859	0.001346	22911	22958
T22882G G22895C	S:N440K S:V445L	20	15407	0.001298	22876	22910
T22048C	S:S162S	20	17191	0.001163	22025	22058
G25311A	S:C1250Y	20	52610	0.00038	25279	25325
G25305A	S:C1248Y	20	52413	0.000382	25260	25321
G25298A	S:G1246S	20	52108	0.000384	25264	25323
G25250A	S:V1230M	20	46587	0.000429	25213	25325
G25226A	S:A1222T	20	45826	0.000436	25130	25325
G24868-T C24981-T C25000T	NA NA S:D1146D	20	15720	0.001272	24850	25015
G22813T T22896C G22898A T22942G	S:K417N S:V445A S:G446S S:N460K	20	9872	0.002026	22795	22944
G22813T T22882G A22893T T22917G T22942A	S:K417N S:N440K S:K444M S:L452R S:N460K	20	9872	0.002026	22801	22967
G22813T T22882G A22893T T22917G	S:K417N S:N440K S:K444M S:L452R	20	12203	0.001639	22793	22967
G22813T T22882G A22893C T22917G C22950-T	S:K417N S:N440K S:K444T S:L452R NA	20	9521	0.002101	22793	22963
G22813T C22855T T22882G T22917G T22942A	S:K417N S:G431G S:N440K S:L452R S:N460K	20	9872	0.002026	22793	22967
G22037-T	NA	20	17397	0.00115	22030	22052
C25262-T T25283C	NA S:C1241R	20	50521	0.000396	25251	25325
C25262-T A25420+T	NA NA	20	3122	0.006406	25251	25430
C25207T	S:Y1215Y	20	42595	0.00047	25196	25323
C25000T T25021-A	S:D1146D NA	20	20485	0.000976	24990	25032
C25000T C25100-A G25173-A T25191-A	S:D1146D NA NA NA	20	3654	0.005473	24990	25199
C24981-T C25000T A25026-T	NA S:D1146D NA	20	16134	0.00124	24850	25049
C24771T	S:A1070V	20	6846	0.002921	24727	24801
C24503-T C24517-A C24672-A	NA NA NA	20	25376	0.000788	24475	24679
C23929-A G23948T	NA S:D796Y	20	2324	0.008606	23915	23978
C23882+A	NA	20	24238	0.000825	23767	23890
C23833+G C23854A	NA S:N764K	20	23695	0.000844	23799	23895
C23525T T23599G C23604A C23606T	S:H655Y S:N679K S:P681H S:R682W	20	61840	0.000323	23487	23642
C23525T A23554-C T23599G C23604A	S:H655Y NA S:N679K S:P681H	20	61852	0.000323	23488	23624
C23525T A23554+C T23599G C23604A	S:H655Y NA S:N679* S:P681Y	20	61852	0.000323	23487	23625
C23347-AG A23403G	NA S:D614G	20	26593	0.000752	23269	23443
C22000-A	NA	20	12183	0.001642	21993	22012
C21618T T21632-TACCCCCTG G21686-T C21736-T A21764-TACATG	S:T19I S:DEL25/27 NA NA S:DEL69/70	20	3378	0.005921	21597	21802
C21618T T21632-TACCCCCTG C21736-T A21764-TACATG C21781-A	S:T19I S:DEL25/27 NA S:DEL69/70 NA	20	3368	0.005938	21597	21802
A25286G	S:S1242G	20	51675	0.000387	25251	25325
A25182G G25198-C	S:E1207G NA	20	38431	0.00052	25155	25210
A24901G C25000T	S:Q1113Q S:D1146D	20	15965	0.001253	24850	25069
A24895G C25000T	S:E1111E S:D1146D	20	15897	0.001258	24850	25069
A24654G	S:E1031G	20	31507	0.000635	24612	24661
A24539+T	NA	20	53718	0.000372	24476	24564
A24424T A24484G	S:Q954H S:S974S	20	25680	0.000779	24419	24564
A24110-T C24119-A C24150+T	NA NA NA	20	3267	0.006122	24021	24161
A23756-C C23854A	NA S:N764K	20	20160	0.000992	23744	23895
A23696+T	NA	20	62788	0.000319	23683	23707
A23512G C23525T T23599G C23604A	S:L650L S:H655Y S:N679K S:P681H	20	61746	0.000324	23487	23634
A23403G T23404-G	S:D614G NA	20	27971	0.000715	23376	23443
A23403G C23525T T23529C	S:D614G S:H655Y S:V656A	20	12610	0.001586	23335	23532
A23305G A23403G	S:T581T S:D614G	20	12188	0.001641	23270	23436
T25159C C25262-T	S:D1199D NA	19	32000	0.000594	25122	25325
T24991C C25000T	Unknown S:D1146D	19	20735	0.000916	24990	25069
T24643+A	NA	19	31446	0.000604	24612	24667
T24622C	S:A1020A	19	31308	0.000607	24612	24666
T24607C	S:A1015A	19	26541	0.000716	24473	24667
T24534C	S:V991A	19	53793	0.000353	24525	24564
T24469A T24491C	S:N969K S:L977L	19	47990	0.000396	24465	24525
T24469A A24619G	S:N969K S:R1019R	19	20429	0.00093	24465	24679
T24469A A24562G	S:N969K S:R1000R	19	46623	0.000408	24465	24564
T23830C C23854A	S:Y756Y S:N764K	19	23645	0.000804	23816	23873
T23823C C23854A	S:L754S S:N764K	19	23524	0.000808	23683	23892
T23599G C23604A G23616A	S:N679K S:P681H S:R685H	19	100112	0.00019	23580	23724
T23599G C23604A G23608A	S:N679K S:P681H S:R682R	19	100158	0.00019	23580	23724
T23599G C23604A A23669G	S:N679K S:P681H S:N703D	19	37030	0.000513	23580	23724
T23374C A23403G	S:T604T S:D614G	19	26915	0.000706	23335	23429
T22032C	S:F157S	19	17423	0.001091	22026	22058
G25229A	S:G1223S	19	46007	0.000413	25219	25325
G25204A	S:W1214*	19	41552	0.000457	25150	25210
G25198A	S:W1212*	19	40536	0.000469	25190	25210
G25157A	S:D1199N	19	39048	0.000487	25141	25168
G24858A	S:G1099D	19	19477	0.000976	24850	24943
G23735+A C23854A	NA S:N764K	19	20058	0.000947	23720	23887
G22813T A22845-T T22882G A22893C T22917G	S:K417N NA S:N440K S:K444T S:L452R	19	12203	0.001557	22793	22929
G22487-A C22502-A	NA NA	19	1654	0.011487	22368	22512
G21987A A21999T C22000-A	S:G142D S:H146L NA	19	10252	0.001853	21981	22037
C25294-A G25302-T	NA NA	19	51856	0.000366	25285	25325
C25282T	S:C1240C	19	51528	0.000369	25251	25325
C25262-T G25313A	NA S:G1251R	19	50304	0.000378	25122	25325
C25156T	S:I1198I	19	39044	0.000487	25130	25170
C25000T T25053C	S:D1146D S:V1164A	19	20174	0.000942	24990	25069
C24909-T	NA	19	19335	0.000983	24886	24943
C24668-A	NA	19	31396	0.000605	24634	24679
C24639+G	NA	19	31404	0.000605	24623	24676
C24435-T	NA	19	26393	0.00072	24428	24449
C24422-A	NA	19	28530	0.000666	24412	24424
C23859+T	NA	19	24471	0.000776	23767	23872
C23854A T23877C	S:N764K S:V772A	19	23774	0.000799	23843	23883
C23854A A23894G	S:N764K Unknown	19	21338	0.00089	23836	23895
C23683+A	NA	19	39352	0.000483	23671	23715
C23525T G23564A T23599G C23604A	S:H655Y S:A668T S:N679K S:P681H	19	61852	0.000307	23487	23642
C23334-T G23402-A	NA NA	19	12232	0.001553	23269	23420
C23103-T	NA	19	1978	0.009606	23092	23116
A25256+T	NA	19	50371	0.000377	25251	25325
A25206G	S:Y1215C	19	42241	0.00045	25192	25210
A25201G	S:P1213P	19	41090	0.000462	25190	25210
A25179G	S:Y1206C	19	38978	0.000487	25141	25210
A24978C C25000T	S:D1139A S:D1146D	19	16513	0.001151	24939	25069
A24962G C25000T	S:N1134D S:D1146D	19	16399	0.001159	24850	25069
A24913G C25000T	S:T1117T S:D1146D	19	16029	0.001185	24850	25068
A24580G	S:T1006T	19	26665	0.000713	24561	24679
A24531G	S:E990G	19	53809	0.000353	24471	24564
A24484G	S:S974S	19	53672	0.000354	24473	24518
A24424T T24529C	S:Q954H S:A989A	19	25447	0.000747	24412	24564
A24424T T24469A T24523C	S:Q954H S:N969K S:V987V	19	25474	0.000746	24412	24563
A24424T T24469A G24510A	S:Q954H S:N969K S:R983H	19	25555	0.000743	24412	24554
A24424T C24431+A	S:Q954H NA	19	25992	0.000731	24413	24441
A24253-T C24320-A	NA NA	19	6310	0.003011	24229	24332
A23805G C23854A	S:E748G S:N764K	19	23305	0.000815	23754	23895
A23786-T	NA	19	25012	0.00076	23767	23805
A23780G C23854A	S:M740V S:N764K	19	22949	0.000828	23763	23873
A23732G C23854A	S:T724A S:N764K	19	20044	0.000948	23683	23895
A23403G T23489C C23525T	S:D614G S:F643L S:H655Y	19	12672	0.001499	23335	23532
A23403G C23525T A23531G	S:D614G S:H655Y S:N657D	19	12547	0.001514	23380	23539
A23403G A23493G C23525T	S:D614G S:Q644R S:H655Y	19	12672	0.001499	23335	23539
A23357G A23403G C23525T	S:T599A S:D614G S:H655Y	19	11595	0.001639	23339	23532
A23357G	S:T599A	19	30052	0.000632	23342	23370
A22024G	S:E154E	19	14170	0.001341	22005	22058
A22023G	S:E154G	19	14140	0.001344	22015	22058
A21999-C	NA	19	11785	0.001612	21993	22042
A21764-TACATG C21781-A	S:DEL69/70 NA	19	3753	0.005063	21737	21802
T25245C	S:V1228A	18	46456	0.000387	25222	25324
T25222C	S:F1220F	18	45454	0.000396	25204	25316
T25189C	S:Y1209Y	18	39282	0.000458	25171	25210
T25148+A	NA	18	38553	0.000467	25138	25325
T24663C C24672-A	S:L1034P NA	18	31256	0.000576	24612	24679
T24650C	S:S1030P	18	31499	0.000571	24612	24676
T24523C	S:V987V	18	53925	0.000334	24486	24558
T24469A T24643-A C24672-A	S:N969K NA NA	18	20161	0.000893	24465	24679
T24469A T24489C	S:N969K S:V976A	18	48003	0.000375	24465	24564
T24469A T24482C	S:N969K S:S974P	18	48134	0.000374	24465	24546
T24469A A24551G	S:N969K S:I997V	18	46851	0.000384	24465	24564
T24417C A24424T	S:V952A S:Q954H	18	28421	0.000633	24412	24424
T23916+A A23922T G23948T	NA S:Q787I S:D796*	18	2277	0.007905	23905	23978
T23850+A C23887-A	NA NA	18	23167	0.000777	23683	23895
T23750C C23854A	S:S730P S:N764K	18	20136	0.000894	23683	23895
T23599G T23620C	S:N679K S:S686S	18	100074	0.00018	23580	23642
T23599G C23604A G23624T	S:N679K S:P681H S:A688S	18	99997	0.00018	23580	23631
T23599G C23604A C23718T	S:N679K S:P681H S:T719I	18	36055	0.000499	23580	23724
T23599G C23604A C23706T	S:N679K S:P681H S:P715L	18	36516	0.000493	23580	23724
T23599G C23604A C23634T	S:N679K S:P681H S:S691F	18	99072	0.000182	23580	23642
T23599G C23604A A23723G	S:N679K S:P681H Unknown	18	35870	0.000502	23580	23724
T23511-A C23525T T23599G C23604A	NA S:H655Y S:N679K S:P681H	18	61741	0.000292	23487	23616
T23392-C A23403G	NA S:D614G	18	27555	0.000653	23272	23443
T23278-A	NA	18	14602	0.001233	23248	23289
G25287-T T25289C	NA S:C1243R	18	51678	0.000348	25254	25324
G25284-T	NA	18	51583	0.000349	25277	25325
G25261A	S:M1233I	18	50579	0.000356	25201	25325
G25177-T C25262-T	NA NA	18	32472	0.000554	25122	25284
G25177+A	NA	18	38978	0.000462	25169	25324
G25127-T	NA	18	35708	0.000504	25122	25158
G24570-T C24672-A	NA NA	18	25833	0.000697	24488	24679
G24476A	S:A972T	18	52484	0.000343	24473	24495
G23835-T C23854A C23887-A	NA S:N764K NA	18	22609	0.000796	23784	23895
G23505+C	NA	18	80989	0.000222	23487	23513
G23501+T	NA	18	80842	0.000223	23490	23511
G23501+C	NA	18	80842	0.000223	23487	23510
G23351+A A23403G C23525T	NA S:D614G S:H655S	18	11486	0.001567	23335	23539
G22813T T22882G G22895C T22896C G22898A A22914-C T22942G	S:K417N S:N440K S:V445P S:V445P S:G446S NA S:N460K	18	9872	0.001823	22801	22967
G22104-A C22109G C22120-A T22200A	NA S:Q183E NA S:V213E	18	4420	0.004072	22100	22214
C25308-T	NA	18	52540	0.000343	25292	25323
C25275T	S:T1238I	18	51314	0.000351	25267	25325
C25000T A25065G	S:D1146D S:D1168G	18	20024	0.000899	24990	25068
C24964-A C25000T	NA S:D1146D	18	16410	0.001097	24850	25069
C24916-AA C24919G C25000T	NA S:N1119K S:D1146D	18	16051	0.001121	24850	25069
C24134A	S:L858I	18	4654	0.003868	24125	24173
C23929A A23930C G23948T	S:Y789* S:K790Q S:D796Y	18	2324	0.007745	23916	23977
C23854A A23884G	S:N764K S:Q774Q	18	23445	0.000768	23826	23895
C23854A A23870G	S:N764K S:I770V	18	24021	0.000749	23833	23890
C23701-A	NA	18	62899	0.000286	23690	23721
C23604A A23712-T	S:P681H NA	18	36223	0.000497	23580	23724
C23525T T23599G C23604A G23611T	S:H655Y S:N679K S:P681H S:R683R	18	61831	0.000291	23487	23641
C23525T C23533-A	S:H655Y NA	18	79436	0.000227	23488	23539
C23525T A23526+G	S:H655* NA	18	79661	0.000226	23487	23535
C23520T C23525T T23599G C23604A	S:A653V S:H655Y S:N679K S:P681H	18	61834	0.000291	23487	23642
C23230-A	NA	18	1681	0.010708	23193	23249
C22109G G22317T	S:Q183E S:G252V	18	3727	0.00483	22100	22319
C22083-T C22120-A T22164-TA	NA NA NA	18	3162	0.005693	22030	22192
A24999G C25000T	S:D1146G S:D1146G	18	20843	0.000864	24990	25069
A24975G C25000T	S:Y1138C S:D1146D	18	16492	0.001091	24876	25068
A24956-T C25000T	NA S:D1146D	18	16336	0.001102	24886	25069
A24942G C25000T	S:D1127G S:D1146D	18	16214	0.00111	24934	25061
A24647G	S:M1029V	18	31511	0.000571	24612	24676
A24604G	S:R1014R	18	26556	0.000678	24504	24670
A24424T T24469A T24529C	S:Q954H S:N969K S:A989A	18	25447	0.000707	24416	24564
A24424T T24469A T24504C	S:Q954H S:N969K S:L981P	18	25586	0.000704	24412	24564
A24424T T24464C T24469A	S:Q954H S:S968P S:N969K	18	25744	0.000699	24412	24564
A24424T T24437C T24469A	S:Q954H S:L959L S:N969K	18	25744	0.000699	24412	24564
A24424T C24503-T	S:Q954H NA	18	25589	0.000703	24412	24564
A24424T C24429T	S:Q954H S:A956V	18	25998	0.000692	24412	24564
A24424T A24539+T	S:Q954H NA	18	25393	0.000709	24412	24564
A24424T A24500G	S:Q954H S:I980V	18	25611	0.000703	24412	24552
A24424T A24452G	S:Q954H S:K964E	18	25854	0.000696	24412	24507
A24424T A24441G	S:Q954H S:N960S	18	25934	0.000694	24416	24564
A24110-T C24119-A G24140-T	NA NA NA	18	3306	0.005445	24103	24188
A23942-T G23948T	NA S:D796Y	18	3029	0.005943	23941	23959
A23852G C23854A	S:N764E S:N764E	18	24471	0.000736	23814	23886
A23848G C23854A	S:Q762Q S:N764K	18	24274	0.000742	23834	23895
A23806+T	NA	18	24831	0.000725	23767	23821
A23764G	S:T734T	18	22522	0.000799	23692	23793
A23403G T23482-A C23525T	S:D614G NA S:H655Y	18	12672	0.00142	23391	23532
A23403G T23434C	S:D614G S:I624I	18	25654	0.000702	23336	23443
A23403G A23474+T T23480+A C23525T	S:D614G NA NA S:H655Y	18	12672	0.00142	23398	23539
A23403G A23414G	S:D614G S:T618A	18	27817	0.000647	23386	23434
A21979-T G21987A A21999T C22000-A	NA S:G142D S:H146L NA	18	9643	0.001867	21908	22029
T25187C	S:Y1209H	17	39236	0.000433	25181	25194
T24660+A	NA	17	31511	0.000539	24618	24675
T24549C	S:L996S	17	53601	0.000317	24474	24564
T24469A T24656C	S:N969K S:C1032R	17	20307	0.000837	24465	24679
T24469A T24583C	S:N969K S:Y1007Y	17	20586	0.000826	24465	24679
T24469A C24632-T	S:N969K NA	17	20373	0.000834	24465	24679
T24469A A24610G	S:N969K S:A1016A	17	20497	0.000829	24465	24676
T24469A A24592G	S:N969K S:Q1010Q	17	20549	0.000827	24465	24679
T23776C C23854A	S:C738C S:N764K	17	22921	0.000742	23683	23893
T23748C C23854A	S:V729A S:N764K	17	20129	0.000845	23684	23895
T23693+A	NA	17	62699	0.000271	23685	23724
T23599G C23604A T23713C	S:N679K S:P681H S:N717N	17	36125	0.000471	23581	23717
T23599G C23604A T23689-A	S:N679K S:P681H NA	17	36903	0.000461	23581	23717
T23599G C23604A C23707+G	S:N679K S:P681H NA	17	36338	0.000468	23580	23724
T23599G C23604A C23701T	S:N679K S:P681H S:A713A	17	36793	0.000462	23580	23724
T23599G C23604A C23649T	S:N679K S:P681H S:T696I	17	37163	0.000457	23581	23724
T23491C	S:F643F	17	80513	0.000211	23487	23500
T23392C A23403G	S:V610V S:D614G	17	27555	0.000617	23335	23435
T22392-A	NA	17	3512	0.004841	22368	22406
T21861-A	NA	17	12722	0.001336	21847	21874
G24570+T C24672-A	NA NA	17	25833	0.000658	24486	24679
G24527A	S:A989T	17	53877	0.000316	24480	24564
G23948T A23949-T	S:D796Y NA	17	2963	0.005737	23941	23971
G21956T G21987A T21990-TTA A21999-C	S:E132* S:G142D S:DEL144 NA	17	7815	0.002175	21935	22058
G21882-T G21987A	NA S:G142D	17	8529	0.001993	21847	22004
C25460T	ORF3a:A23V	17	9824	0.00173	25381	25477
C25262-T T25303C	NA S:C1247C	17	50380	0.000337	25251	25325
C25240T	S:A1226A	17	46338	0.000367	25201	25325
C25184T	S:Q1208*	17	39083	0.000435	25130	25205
C25000T G25062-T	S:D1146D NA	17	20070	0.000847	24873	25065
C25000T C25100-A G25106-A	S:D1146D NA NA	17	3873	0.004389	24990	25123
C25000T A25042G	S:D1146D S:T1160T	17	20256	0.000839	24990	25058
C24672-AA	NA	17	31280	0.000543	24631	24679
C24503-T C24672-A	NA NA	17	25376	0.00067	24489	24679
C24455-A	NA	17	26441	0.000643	24412	24489
C24064-A	NA	17	4632	0.00367	24021	24088
C23929-A	NA	17	3475	0.004892	23905	23941
C23854G	S:N764K	17	24471	0.000695	23836	23891
C23525T T23529A T23599G C23604A	S:H655Y S:V656D S:N679K S:P681H	17	61852	0.000275	23487	23642
C23525T C23585T T23599G C23604A	S:H655Y S:Q675* S:N679K S:P681H	17	61852	0.000275	23487	23641
C23525T C23551T T23599G C23604A	S:H655Y S:D663D S:N679K S:P681H	17	61852	0.000275	23487	23624
C23525T C23536T T23599G C23604A	S:H655Y S:N658N S:N679K S:P681H	17	61852	0.000275	23487	23614
C23525T A23558G T23599G	S:H655Y S:I666V S:N679K	17	61871	0.000275	23488	23600
C23506+T	NA	17	81014	0.00021	23487	23519
C21618T T21632-TACCCCCTG A21764-TACATG C21781+A	S:T19I S:DEL25/27 S:DEL69/70 NA	17	3368	0.005048	21597	21802
A25247-T	NA	17	46501	0.000366	25231	25320
A25243-G	NA	17	46410	0.000366	25234	25319
A25223G	S:I1221V	17	45529	0.000373	25219	25325
A25194G	S:K1211R	17	40182	0.000423	25160	25210
A25185G	S:Q1208R	17	39074	0.000435	25179	25210
A25142G	S:N1194D	17	38427	0.000442	25130	25185
A24894G C25000T	S:E1111G S:D1146D	17	15887	0.00107	24854	25069
A24862G C25000T	S:T1100T S:D1146D	17	15692	0.001083	24850	25019
A24641G	S:T1027A	17	31427	0.000541	24612	24679
A24556G	S:T998T	17	53489	0.000318	24470	24563
A24532G	S:E990E	17	53798	0.000316	24476	24539
A24424T T24469A T24552C	S:Q954H S:N969K S:I997T	17	25311	0.000672	24412	24564
A24424T T24469A A24560G	S:Q954H S:N969K S:R1000G	17	25167	0.000675	24412	24564
A24424T T24447C T24469A	S:Q954H S:L962P S:N969K	17	25744	0.00066	24413	24564
A24424T A24532G	S:Q954H S:E990E	17	25432	0.000668	24412	24564
A24424T A24479G	S:Q954H S:I973V	17	25694	0.000662	24412	24563
A24424T A24453G	S:Q954H S:K964R	17	25842	0.000658	24412	24564
A24424T A24430G	S:Q954H S:A956A	17	25994	0.000654	24412	24564
A24318-C	NA	17	7023	0.002421	24276	24357
A24165G	S:E868G	17	7624	0.00223	24148	24190
A23760G C23854A	S:K733R S:N764K	17	20172	0.000843	23720	23878
A23403G T23406C	S:D614G S:V615A	17	27970	0.000608	23335	23432
A23403G C23525T T23527C	S:D614G S:H655Y S:H655Y	17	12610	0.001348	23342	23539
A23403G C23481+T	S:D614G NA	17	13003	0.001307	23345	23491
A23403G A23442G C23525T	S:D614G S:D627G S:H655Y	17	12672	0.001342	23393	23532
A23400+G	NA	17	28255	0.000602	23335	23414
A23378G A23403G	S:N606D S:D614G	17	27017	0.000629	23335	23414
A22443-C	NA	17	3574	0.004757	22418	22446
A21875-T A21958-T	NA NA	17	11674	0.001456	21847	21982
T25319+A	NA	16	52607	0.000304	25311	25325
T25170C	S:L1203P	16	39038	0.00041	25151	25210
T25140A	S:L1193*	16	38169	0.000419	25122	25149
T25129C C25262-T	S:V1189V NA	16	29571	0.000541	25122	25323
T25123+A	NA	16	35181	0.000455	25122	25325
T24623C	S:S1021P	16	31308	0.000511	24612	24675
T24548C	S:L996L	16	53607	0.000298	24480	24564
T24544+A C24672-A	NA NA	16	25675	0.000623	24470	24679
T24511C	S:R983R	16	53994	0.000296	24497	24564
T24499C	S:D979D	16	54075	0.000296	24469	24564
T24470-TTG	S:DEL971	16	48623	0.000329	24465	24564
T24469A T24552C	S:N969K S:I997T	16	46841	0.000342	24465	24564
T24469A G24570-T C24672-A	S:N969K NA NA	16	20161	0.000794	24465	24679
T24469A G24510+T	S:N969K NA	16	47527	0.000337	24465	24525
T24469A C24517-A T24643-A C24672-A	S:N969K NA NA NA	16	20161	0.000794	24465	24679
T24115+A	NA	16	3734	0.004285	24108	24126
T23916+A	NA	16	3532	0.00453	23904	23978
T23842C C23854A	S:C760C S:N764K	16	24038	0.000666	23789	23890
T23836C C23854A	S:S758S S:N764K	16	23848	0.000671	23785	23891
T23781C C23854A	S:M740T S:N764K	16	22955	0.000697	23718	23895
T23716C	S:F718F	16	62135	0.000258	23695	23724
T23703+C	NA	16	62695	0.000255	23691	23715
T23698+C	NA	16	62805	0.000255	23688	23716
T23693C	S:S711P	16	62699	0.000255	23683	23724
T23599G C23604A C23638T	S:N679K S:P681H S:I692I	16	98628	0.000162	23580	23642
T23599G C23604A C23609-G G23666-A A23712-T	S:N679K S:P681H NA NA NA	16	36152	0.000443	23580	23724
T23511+C	NA	16	80971	0.000198	23493	23518
T23511+A C23525T A23558-T T23599G C23604A	NA S:H655S NA S:N679* S:P681Y	16	61741	0.000259	23487	23642
T23500+C	NA	16	80832	0.000198	23487	23507
T23371+A	NA	16	28994	0.000552	23351	23385
T23355C C23525T	S:I598T S:H655Y	16	11583	0.001381	23335	23539
T23346C A23403G C23525T	S:V595A S:D614G S:H655Y	16	11450	0.001397	23335	23532
T23335C A23403G	S:S591S S:D614G	16	12232	0.001308	23285	23441
T23317C A23403G	S:L585L S:D614G	16	12202	0.001311	23285	23429
T22043C	S:S161P	16	17353	0.000922	22027	22058
T21967-TG T21970G G21987A T21990-TTA A21999-C	NA S:C136W S:G142D S:DEL144 NA	16	8982	0.001781	21950	22058
T21854C	S:S98P	16	12682	0.001262	21847	21882
G25314A	S:G1251E	16	52655	0.000304	25302	25320
G23508-T C23525T T23599G C23604A	NA S:H655Y S:N679K S:P681H	16	61682	0.000259	23487	23641
G23508+T C23525T	NA S:H655S	16	79839	0.0002	23487	23535
G23426A C23525T	S:V622I S:H655Y	16	13810	0.001159	23346	23539
G23426A	S:V622I	16	28867	0.000554	23405	23429
G23384-T A23403G	NA S:D614G	16	27214	0.000588	23335	23429
G22813T G22895C T22896C G22898A T22942G	S:K417N S:V445P S:V445P S:G446S S:N460K	16	9872	0.001621	22802	22960
G22809-A G22813T T22882G	NA S:K417N S:N440K	16	14030	0.00114	22793	22885
G21987A T21990-TTA A21999-CAA	S:G142D S:DEL144 S:DEL147	16	10260	0.001559	21950	22022
C25517-T G25555-T	NA NA	16	1891	0.008461	25372	25566
C25300G	S:G1246G	16	52152	0.000307	25274	25325
C25262-T A25274G	NA S:T1238A	16	50546	0.000317	25251	25324
C25000T A25011G	S:D1146D S:E1150G	16	20729	0.000772	24990	25065
C24896T	S:P1112S	16	19370	0.000826	24850	24913
C23882+A C23887-A	NA NA	16	23865	0.00067	23767	23895
C23854A T23860C	S:N764K S:A766A	16	24287	0.000659	23850	23895
C23816+T	NA	16	24691	0.000648	23767	23833
C23778+A	NA	16	25107	0.000637	23683	23787
C23604A T23620C	S:P681H S:S686S	16	100212	0.00016	23580	23642
C23533-A T23599G C23604A	NA S:N679K S:P681H	16	62016	0.000258	23487	23641
C23525T T23599G C23604A T23637A	S:H655Y S:N679K S:P681H S:I692N	16	60554	0.000264	23487	23642
C23525T T23599G C23604A C23638T	S:H655Y S:N679K S:P681H S:I692I	16	60528	0.000264	23487	23642
C23525T T23537-C G23568A T23599G C23604A T23633C	S:H655Y NA S:G669D S:N679K S:P681H S:S691P	16	60946	0.000263	23487	23637
C23525T G23528+T	S:H655Y NA	16	79647	0.000201	23497	23538
C23525T A23579T T23599G C23604A	S:H655Y S:S673C S:N679K S:P681H	16	61852	0.000259	23487	23642
C23334-T A23403G C23430T	NA S:D614G S:A623V	16	12019	0.001331	23270	23443
C22839+T T22882G T22942G	NA S:N440Q S:N460*	16	10212	0.001567	22832	22967
C22120-A A22161-T T22200G	NA NA S:V213G	16	4638	0.00345	22100	22319
C22109G T22200A A22245-T G22317T	S:Q183E S:V213E NA S:G252V	16	3727	0.004293	22100	22319
C22062-T	NA	16	3397	0.00471	22055	22192
C21618T T21632-TACCCCCTG C21682-A G21686-T C21736-T A21764-TACATG	S:T19I S:DEL25/27 NA NA NA S:DEL69/70	16	3378	0.004737	21597	21802
A25385G C25416T	S:T1275A ORF3a:F8F	16	10226	0.001565	25381	25477
A25246G C25262-T	S:V1228V NA	16	46411	0.000345	25122	25325
A25164G C25262-T	S:Q1201R NA	16	32142	0.000498	25130	25320
A24942G	S:D1127G	16	19198	0.000833	24934	24943
A24877G C25000T	S:T1105T S:D1146D	16	15794	0.001013	24857	25002
A24591G	S:Q1010R	16	26530	0.000603	24478	24679
A24537G	S:Q992R	16	53713	0.000298	24504	24564
A24479+T	NA	16	53104	0.000301	24473	24495
A24424T T24489C	S:Q954H S:V976A	16	25656	0.000624	24412	24529
A24424T T24469A T24549C	S:Q954H S:N969K S:L996S	16	25334	0.000632	24412	24564
A24424T T24469A T24501C	S:Q954H S:N969K S:I980T	16	25602	0.000625	24412	24564
A24424T T24469A T24475C	S:Q954H S:N969K S:G971G	16	25712	0.000622	24412	24483
A24424T T24469A G24476A	S:Q954H S:N969K S:A972T	16	25709	0.000622	24412	24564
A24424T T24469A A24554G	S:Q954H S:N969K S:T998A	16	25285	0.000633	24412	24564
A24424T A24518G	S:Q954H S:K986E	16	25514	0.000627	24412	24564
A24424T A24454G	S:Q954H S:K964K	16	25840	0.000619	24412	24564
A24287+T	NA	16	7187	0.002226	24229	24307
A24253-T A24324-AT	NA NA	16	6061	0.00264	24230	24335
A23881G	S:E773E	16	24248	0.00066	23867	23890
A23826G C23854A	S:Q755R S:N764K	16	23578	0.000679	23785	23895
A23813G C23854A	S:N751D S:N764K	16	23370	0.000685	23683	23895
A23806G C23854A	S:E748E S:N764K	16	23315	0.000686	23683	23891
A23736G	S:E725G	16	22882	0.000699	23705	23779
A23598+G	NA	16	100240	0.00016	23586	23616
A23588G T23599G	S:T676A S:N679K	16	100058	0.00016	23580	23724
A23515-G C23525T T23599G C23604A C23609-G	NA S:H655Y S:N679K S:P681H NA	16	61758	0.000259	23488	23641
A23515+G	NA	16	80737	0.000198	23495	23530
A23403G T23466G C23525T	S:D614G S:V635G S:H655Y	16	12672	0.001263	23335	23529
A23403G T23448C C23525T	S:D614G S:L629P S:H655Y	16	12672	0.001263	23335	23532
A23403G T23437C	S:D614G S:H625H	16	25552	0.000626	23335	23443
A23403G T23433C C23525T	S:D614G S:I624T S:H655Y	16	12672	0.001263	23335	23539
A23403G T23428C C23525T	S:D614G S:V622V S:H655Y	16	12672	0.001263	23387	23532
A23403G A23436G C23525T	S:D614G S:H625R S:H655Y	16	12672	0.001263	23339	23532
A22056G	S:N165S	16	17037	0.000939	22025	22058
A22046G	S:S162G	16	17241	0.000928	22025	22058
A22025G	S:S155G	16	14177	0.001129	22000	22058
A21964-T G21987A T21990-TTA A21999-C	NA S:G142D S:DEL144 NA	16	8471	0.001889	21956	22058
A21875+T	NA	16	12802	0.00125	21867	21907
T25415C C25416T	ORF3a:F8S ORF3a:F8S	15	10226	0.001467	25383	25477
T25237C C25262-T	S:I1225I NA	15	46150	0.000325	25130	25325
T25180C C25262-T	S:Y1206Y NA	15	32621	0.00046	25130	25325
T25180C	S:Y1206Y	15	38973	0.000385	25136	25191
T25180-G	NA	15	38973	0.000385	25165	25210
T25152+C	NA	15	38989	0.000385	25122	25161
T25140+A	NA	15	38169	0.000393	25122	25151
T25139C	S:L1193L	15	38091	0.000394	25130	25148
T24960C C25000T	S:V1133A S:D1146D	15	16373	0.000916	24850	25066
T24633C	S:L1024P	15	31372	0.000478	24612	24679
T24589C	S:T1009T	15	26531	0.000565	24476	24672
T24491C	S:L977L	15	54078	0.000277	24480	24500
T24475C	S:G971G	15	52380	0.000286	24470	24491
T24469A T24506C	S:N969K S:S982P	15	47618	0.000315	24465	24564
T24469A A24654G	S:N969K S:E1031G	15	20312	0.000738	24465	24679
T24469A A24520G	S:N969K S:K986K	15	47403	0.000316	24465	24564
T24469A A24518G	S:N969K S:K986E	15	47428	0.000316	24465	24564
T24414C A24424T T24469A	S:V951A S:Q954H S:N969K	15	25497	0.000588	24412	24564
T24187C	S:S875S	15	7460	0.002011	24173	24191
T23742C C23854A	S:L727P S:N764K	15	20103	0.000746	23683	23895
T23739C C23854A	S:I726T S:N764K	15	20082	0.000747	23683	23895
T23725C C23854A	S:S721S S:N764K	15	20008	0.00075	23683	23869
T23716C C23854A	S:F718F S:N764K	15	19969	0.000751	23683	23895
T23599G C23604A G23666-A A23712+T	S:N679K S:P681H NA NA	15	36152	0.000415	23580	23717
T23599G C23604A G23661A	S:N679K S:P681H S:G700D	15	37078	0.000405	23580	23724
T23599G C23604A C23679T	S:N679K S:P681H S:A706V	15	36964	0.000406	23580	23724
T23599G C23604A C23649+T	S:N679K S:P681H NA	15	37163	0.000404	23580	23659
T23599G C23604A A23711G	S:N679K S:P681H S:N717D	15	36171	0.000415	23580	23724
T23599G C23604A A23670T	S:N679K S:P681H S:N703I	15	37025	0.000405	23583	23724
T23491C C23525T	S:F643F S:H655Y	15	78884	0.00019	23486	23539
T23482-A C23525T	NA S:H655Y	15	14443	0.001039	23447	23537
T23391C A23403G C23525T	S:V610A S:D614G S:H655Y	15	12183	0.001231	23387	23532
T23389C A23403G	S:A609A S:D614G	15	27436	0.000547	23335	23435
T23352C	S:V597A	15	30081	0.000499	23340	23369
T23350C A23403G	S:S596S S:D614G	15	26621	0.000563	23335	23432
T23350C	S:S596S	15	30007	0.0005	23335	23377
T23341C	S:G593G	15	29756	0.000504	23335	23368
T23293C C23334-T	S:R577R NA	15	12558	0.001194	23269	23397
T22917G T22942A	S:L452R S:N460K	15	12428	0.001207	22910	22966
T22882G A22893C T22917G T22942A C22995A A23013C T23018G	S:N440K S:K444T S:L452R S:N460K S:T478K S:E484A S:F486V	15	384	0.039063	22877	23038
T22209+G G22317T	NA S:G252L	15	5140	0.002918	22201	22319
T22200A A22206-T G22317T	S:V213E NA S:G252V	15	4892	0.003066	22194	22319
T21861+A	NA	15	12722	0.001179	21847	21879
G25290+C	NA	15	51783	0.00029	25281	25324
G23948T A23964-T	S:D796Y NA	15	2742	0.00547	23941	23971
G23735+A C23887-A	NA NA	15	19019	0.000789	23683	23895
G23508+T	NA	15	81007	0.000185	23487	23519
G23417C	S:E619Q	15	28887	0.000519	23269	23443
G22957T	S:E465D	15	14337	0.001046	22951	22967
G22813T T22882G A22893C T22917G A22948C C22949-CT	S:K417N S:N440K S:K444T S:L452R S:K462N NA	15	9532	0.001574	22793	22964
G22813T T22831-A T22882G G22895C T22896C G22898A T22942G	S:K417N NA S:N440K S:V445P S:V445P S:G446S S:N460K	15	9872	0.001519	22793	22967
G22813T T22831+A T22882G	S:K417N NA S:N440Q	15	14054	0.001067	22793	22893
G22813T C22855T T22882G T22942A	S:K417N S:G431G S:N440K S:N460K	15	9872	0.001519	22808	22967
G22037+T	NA	15	17397	0.000862	22025	22059
G21987A C22000-A C22009-A	S:G142D NA NA	15	10055	0.001492	21850	22020
G21901-A	NA	15	12739	0.001177	21847	21924
C25521T	ORF3a:F43F	15	2019	0.007429	25376	25566
C25433-T	NA	15	10100	0.001485	25381	25477
C25294+G	NA	15	51918	0.000289	25277	25322
C25169-T C25262-T	NA NA	15	32264	0.000465	25133	25325
C25169-T	NA	15	39059	0.000384	25122	25186
C25000T A25045G	S:D1146D S:S1161S	15	20238	0.000741	24990	25069
C24566-A	NA	15	26713	0.000562	24535	24614
C24223-T	NA	15	2913	0.005149	24148	24318
C23887A A23888C T23916+A G23948T	S:D775E S:K776Q NA S:D796*	15	1708	0.008782	23875	23978
C23887A A23888C	S:D775E S:K776Q	15	23847	0.000629	23874	23895
C23887-A G23948T	NA S:D796Y	15	1708	0.008782	23792	23952
C23816-T G23835-T C23887-A	NA NA NA	15	22262	0.000674	23767	23895
C23812-A	NA	15	24743	0.000606	23683	23828
C23785+A	NA	15	25026	0.000599	23773	23795
C23557T T23599G C23604A	S:P665P S:N679K S:P681H	15	62301	0.000241	23487	23624
C23525T T23599G C23604A T23637-C	S:H655Y S:N679K S:P681H NA	15	60554	0.000248	23505	23642
C23525T T23599G C23604A T23617+G	S:H655Y S:N679K S:P681H NA	15	61808	0.000243	23487	23634
C23525T T23599G C23604A C23609+G	S:H655Y S:N679K S:P681H NA	15	61835	0.000243	23487	23624
C23525T T23599G C23601T C23604A	S:H655Y S:N679K S:S680F S:P681H	15	61852	0.000243	23487	23624
C23525T C23595T T23599G C23604A	S:H655Y S:T678I S:N679K S:P681H	15	61852	0.000243	23487	23640
C23525T A23531T T23599G C23604A	S:H655Y S:N657Y S:N679K S:P681H	15	61852	0.000243	23487	23637
C23492+T C23525T T23599G C23604A	NA S:H655S S:N679* S:P681Y	15	61047	0.000246	23486	23642
C23399+T G23486-T C23525T	NA NA S:H655S	15	12632	0.001187	23342	23532
C23393+T	NA	15	28344	0.000529	23335	23412
C23367+G	NA	15	29259	0.000513	23336	23374
C23334-T T23394C A23403G	NA S:L611P S:D614G	15	12231	0.001226	23285	23443
C21978A G21987A T21990-TTA C22000A	S:P139Q S:G142D S:DEL144 S:H146Q	15	9617	0.00156	21957	22054
C21618T T21632-TACCCCCTG C21682-A A21764-TACATG	S:T19I S:DEL25/27 NA S:DEL69/70	15	3378	0.00444	21597	21802
C21618T A21626G T21632-TACCCCCTG A21764-TACATG	S:T19I S:T22A S:DEL25/27 S:DEL69/70	15	3378	0.00444	21597	21780
A25193G	S:K1211E	15	40135	0.000374	25141	25210
A25176G C25262-T	S:K1205R NA	15	32447	0.000462	25122	25325
A25143G	S:N1194S	15	38450	0.00039	25136	25169
A24978G C25000T	S:D1139G S:D1146D	15	16513	0.000908	24934	25043
A24676G	S:K1038K	15	31366	0.000478	24612	24679
A24576G	S:Q1005R	15	26680	0.000562	24486	24590
A24539+T C24672-A	NA NA	15	25639	0.000585	24486	24679
A24538G	S:Q992Q	15	53716	0.000279	24485	24564
A24495G	S:N978S	15	54044	0.000278	24486	24564
A24424T T24523C	S:Q954H S:V987V	15	25474	0.000589	24412	24564
A24424T T24506C	S:Q954H S:S982P	15	25582	0.000586	24412	24542
A24424T T24482C	S:Q954H S:S974P	15	25690	0.000584	24412	24564
A24424T T24469A T24548C	S:Q954H S:N969K S:L996L	15	25338	0.000592	24412	24564
A24424T T24469A A24556G	S:Q954H S:N969K S:T998T	15	25217	0.000595	24412	24564
A24424T T24469A A24531G	S:Q954H S:N969K S:E990G	15	25435	0.00059	24412	24564
A24424T T24450C	S:Q954H S:V963A	15	25870	0.00058	24412	24468
A24424T T24447C	S:Q954H S:L962P	15	25887	0.000579	24412	24564
A24424T T24436C T24469A	S:Q954H S:A958A S:N969K	15	25744	0.000583	24412	24564
A24424T C24429T T24469A	S:Q954H S:A956V S:N969K	15	25744	0.000583	24412	24564
A24424T A24520G	S:Q954H S:K986K	15	25498	0.000588	24412	24564
A24424T A24508G	S:Q954H S:S982S	15	25573	0.000587	24412	24564
A24424T A24457G	S:Q954H S:Q965Q	15	25809	0.000581	24412	24564
A24424T A24454G T24469A	S:Q954H S:K964K S:N969K	15	25744	0.000583	24412	24564
A24424T A24433G T24469A	S:Q954H S:Q957Q S:N969K	15	25744	0.000583	24417	24564
A24424T A24433G	S:Q954H S:Q957Q	15	25989	0.000577	24414	24564
A24419G A24424T	S:N953D S:Q954H	15	28471	0.000527	24412	24424
A24110-T C24119-A G24124-T	NA NA NA	15	3381	0.004437	24021	24191
A23801G C23854A	S:T747A S:N764K	15	23257	0.000645	23683	23895
A23767G C23854A	S:S735S S:N764K	15	20198	0.000743	23704	23895
A23737G C23854A	S:E725E S:N764K	15	20074	0.000747	23698	23891
A23734G C23854A	S:T724T S:N764K	15	20053	0.000748	23683	23895
A23639-T	NA	15	99947	0.00015	23624	23642
A23594+C T23599G C23604A	NA S:N679* S:P681Y	15	100155	0.00015	23581	23621
A23436G C23525T	S:H625R S:H655Y	15	13971	0.001074	23421	23539
A23354G A23403G	S:I598V S:D614G	15	26718	0.000561	23339	23432
A21979-T	NA	15	14502	0.001034	21847	21993
A21958-T	NA	15	13318	0.001126	21854	21971
T25415-C A25472-T	NA NA	14	9680	0.001446	25381	25477
T25316-C	NA	14	52663	0.000266	25301	25325
T25283A	S:C1241S	14	51554	0.000272	25219	25320
T25251C C25262-T	S:V1230A NA	14	46577	0.000301	25129	25323
T25228C C25262-T	S:A1222A NA	14	45826	0.000306	25140	25325
T25196-G C25262-T	NA NA	14	34686	0.000404	25122	25325
T25161+A	NA	14	39079	0.000358	25145	25179
T25140+A C25262-T	NA NA	14	30953	0.000452	25129	25325
T24658C C24672-A	S:C1032C NA	14	31223	0.000448	24626	24679
T24469A T24625C	S:N969K S:S1021S	14	20397	0.000686	24465	24679
T24469A T24529C	S:N969K S:A989A	14	47266	0.000296	24465	24564
T24469A G24474A	S:N969K S:G971D	14	48177	0.000291	24465	24535
T24469A A24508G	S:N969K S:S982S	14	47557	0.000294	24465	24564
T24267-G A24318-C A24424T	NA NA S:Q954H	14	1785	0.007843	24229	24424
T23871+A	NA	14	24388	0.000574	23856	23880
T23862-A	NA	14	24507	0.000571	23683	23887
T23798C C23854A	S:S746P S:N764K	14	23206	0.000603	23760	23895
T23697C C23854A	S:I712T S:N764K	14	19756	0.000709	23683	23895
T23686+A	NA	14	62540	0.000224	23683	23695
T23599G T23602C C23604A G23666-A	S:N679K S:S680S S:P681H NA	14	37052	0.000378	23580	23724
T23599G C23604A C23664A G23666-A	S:N679K S:P681H S:A701E NA	14	37052	0.000378	23580	23724
T23487G	Unknown	14	47627	0.000294	23486	23503
T23281C A23403G	S:T573T S:D614G	14	11861	0.00118	23269	23443
T23031C	S:F490S	14	503	0.027833	23025	23047
T22882G A22893C T22917G C22995A A23013C T23018G	S:N440K S:K444T S:L452R S:T478K S:E484A S:F486V	14	384	0.036458	22877	23048
T22200G G22201T	S:V213G S:V213G	14	5663	0.002472	22161	22319
T22164-TA	NA	14	10136	0.001381	22135	22192
G25323+A	NA	14	52426	0.000267	25305	25325
G25173-A T25191-A	NA NA	14	38115	0.000367	25141	25320
G25127+T	NA	14	35708	0.000392	25122	25136
G24971+T	NA	14	16849	0.000831	24850	24981
G24883-A	NA	14	19426	0.000721	24874	24916
G24755-T	NA	14	6738	0.002078	24738	24943
G23832A C23854A	S:G757D S:N764K	14	23680	0.000591	23767	23883
G23761-A	NA	14	22553	0.000621	23687	23773
G23522-A	NA	14	80458	0.000174	23487	23539
G23499+T	NA	14	80812	0.000173	23492	23507
G23384-T A23403G C23525T	NA S:D614G S:H655Y	14	11950	0.001172	23335	23529
G23351+A C23525T	NA S:H655S	14	11486	0.001219	23335	23539
G22813T T22882G G22895C T22896C G22898A T22942G A22947-AC	S:K417N S:N440K S:V445P S:V445P S:G446S S:N460K NA	14	9587	0.00146	22793	22967
G22813T T22831+A T22882G A22893C T22917G	S:K417N NA S:N440Q S:K444S S:L452R	14	12203	0.001147	22793	22941
G22813T C22855T T22882G A22893C T22917G T22942A	S:K417N S:G431G S:N440K S:K444T S:L452R S:N460K	14	9872	0.001418	22793	22967
G22813T A22845-T T22882G	S:K417N NA S:N440K	14	14054	0.000996	22793	22886
G22273-T	NA	14	8879	0.001577	22249	22286
G21898A G21987A	S:S112S S:G142D	14	8631	0.001622	21847	21993
C25416T T25446C	ORF3a:F8F ORF3a:G18G	14	9995	0.001401	25381	25477
C25262-T T25306C	NA S:C1248C	14	50367	0.000278	25251	25325
C25262-T T25293C	NA S:L1244P	14	50468	0.000277	25251	25300
C25262-T T25288C	NA S:S1242S	14	50498	0.000277	25194	25323
C25262-T G25364-T	NA NA	14	3466	0.004039	25251	25374
C25200T	S:P1213L	14	40922	0.000342	25176	25210
C25131T C25262-T	S:A1190V NA	14	30578	0.000458	25127	25325
C25000T T25148C	S:D1146D S:S1196P	14	3788	0.003696	24990	25210
C25000T G25091+A	S:D1146D NA	14	3947	0.003547	24990	25210
C25000T A25038G	S:D1146D S:H1159R	14	20288	0.00069	24990	25040
C25000T A25034G	S:D1146D S:N1158D	14	20324	0.000689	24990	25069
C25000T A25008G	S:D1146D S:K1149R	14	20754	0.000675	24990	25069
C24896T C24981-T C25000T A25011-G	S:P1112S NA S:D1146D NA	14	15805	0.000886	24850	25069
C24563-T	NA	14	53375	0.000262	24519	24659
C24559T	S:G999G	14	53487	0.000262	24537	24563
C24477-A	NA	14	52914	0.000265	24470	24491
C23854A C23859+G	S:N764K NA	14	24303	0.000576	23848	23889
C23825+A	NA	14	24597	0.000569	23767	23840
C23816-T A23853-C	NA NA	14	23433	0.000597	23772	23867
C23802T	S:T747I	14	24880	0.000563	23683	23833
C23718+A	NA	14	61996	0.000226	23709	23724
C23707+G	NA	14	62487	0.000224	23700	23724
C23525T T23599G C23603+A	S:H655Y S:N679K NA	14	61857	0.000226	23512	23642
C23525T G23547A T23599G C23604A	S:H655Y S:C662Y S:N679K S:P681H	14	61852	0.000226	23487	23642
C23525T C23604A G23624T	S:H655Y S:P681H S:A688S	14	61743	0.000227	23499	23642
C23525T A23598T T23599G C23604A	S:H655Y S:N679M S:N679M S:P681H	14	61852	0.000226	23487	23641
C23525T A23598+G C23604A	S:H655Y NA S:P681Y	14	61852	0.000226	23500	23624
C23525T A23558G G23593T T23599G C23604A	S:H655Y S:I666V S:Q677H S:N679K S:P681H	14	61852	0.000226	23505	23637
C23525T A23531G	S:H655Y S:N657D	14	79506	0.000176	23487	23539
C23430T C23525T	S:A623V S:H655Y	14	13862	0.00101	23391	23531
C22109G T22200A G22302+T G22317T	S:Q183E S:V213E NA S:G252L	14	3727	0.003756	22100	22319
C22109G C22120-A A22161-T T22200A	S:Q183E NA NA S:V213E	14	4463	0.003137	22100	22215
C22083+T	NA	14	3356	0.004172	22026	22103
A25432G	ORF3a:T14A	14	10102	0.001386	25381	25477
A25408G C25416T	ORF3a:R6G ORF3a:F8F	14	10226	0.001369	25381	25477
A25408-G	NA	14	10295	0.00136	25376	25477
A25374-T	NA	14	6549	0.002138	25372	25389
A25296-G	NA	14	52031	0.000269	25264	25316
A25225G C25262-T	S:I1221M NA	14	45593	0.000307	25122	25325
A25208+T	NA	14	43652	0.000321	25130	25222
A25185-G	NA	14	39074	0.000358	25162	25210
A25168G C25262-T	S:E1202E NA	14	32246	0.000434	25130	25324
A24905-T	NA	14	19350	0.000724	24890	24943
A24885-T C24899-A C25000T	NA NA S:D1146D	14	15816	0.000885	24850	25016
A24819G	S:K1086R	14	2241	0.006247	24765	24943
A24790G	S:T1076T	14	6783	0.002064	24761	24805
A24629G	S:N1023D	14	31372	0.000446	24612	24679
A24599G	S:I1013V	14	26544	0.000527	24593	24676
A24587G	S:T1009A	14	26533	0.000528	24574	24597
A24424T T24541C	S:Q954H S:I993I	14	25384	0.000552	24412	24564
A24424T T24487C	S:Q954H S:S975S	14	25663	0.000546	24412	24564
A24424T T24469A T24544C	S:Q954H S:N969K S:D994D	14	25366	0.000552	24412	24564
A24424T T24469A T24511C	S:Q954H S:N969K S:R983R	14	25553	0.000548	24412	24564
A24424T T24469A T24506C	S:Q954H S:N969K S:S982P	14	25582	0.000547	24412	24564
A24424T T24469A T24480C	S:Q954H S:N969K S:I973T	14	25693	0.000545	24412	24564
A24424T T24469A A24508G	S:Q954H S:N969K S:S982S	14	25573	0.000547	24412	24564
A24424T A24468-T T24470A	S:Q954H NA S:F970I	14	25722	0.000544	24412	24561
A24424T A24453G T24469A	S:Q954H S:K964R S:N969K	14	25744	0.000544	24412	24564
A24424T A24452G T24469A	S:Q954H S:K964E S:N969K	14	25744	0.000544	24412	24564
A24324-AT A24424T	NA S:Q954H	14	2192	0.006387	24229	24424
A24298G	S:T912T	14	7237	0.001935	24281	24320
A24128-ACGGCCTTACTGTTT	S:DEL857/861	14	4527	0.003093	24073	24191
A23784G C23854A	S:Y741C S:N764K	14	22999	0.000609	23683	23895
A23779G	S:T739T	14	25098	0.000558	23767	23804
A23723+C	NA	14	61715	0.000227	23699	23724
A23583+T T23599G C23604A	NA S:N679* S:P681Y	14	99883	0.00014	23580	23642
A23572G T23599G C23604A	S:I670M S:N679K S:P681H	14	62524	0.000224	23487	23642
A23515+G C23525T A23558-T T23599G C23604A	NA S:H655S NA S:N679* S:P681Y	14	61775	0.000227	23487	23642
A23503+G C23525T	NA S:H655S	14	79616	0.000176	23488	23539
A23419G	S:E619E	14	28871	0.000485	23335	23428
A23403G T23487C C23525T	S:D614G S:V642A S:H655Y	14	12672	0.001105	23342	23539
A23403G T23433C T23434-C C23525T	S:D614G S:I624T NA S:H655Y	14	12672	0.001105	23372	23539
A23403G A23436G	S:D614G S:H625R	14	25599	0.000547	23335	23443
A23403G A23414G C23525T	S:D614G S:T618A S:H655Y	14	12672	0.001105	23335	23531
A23400T G23401A C23525T	S:Q613L S:Q613L S:H655Y	14	12672	0.001105	23336	23539
A23329G A23403G	S:P589P S:D614G	14	12214	0.001146	23269	23443
A23303G A23403G	S:T581A S:D614G	14	12187	0.001149	23296	23443
A22948-C	NA	14	14323	0.000977	22935	22967
A22914-C	NA	14	14923	0.000938	22907	22936
A21875-T G21987A A21993-TTACC A21999C	NA S:G142D NA S:H146P	14	6539	0.002141	21847	22058
T25280+A	NA	13	51475	0.000253	25270	25322
T25236C C25262-T	S:I1225T NA	13	46130	0.000282	25122	25323
T25233A	S:L1224*	13	46167	0.000282	25197	25325
T25219C C25262-T	S:G1219G NA	13	44126	0.000295	25122	25324
T25215-A	NA	13	42155	0.000308	25208	25325
T25123-G	NA	13	35181	0.00037	25122	25156
T24931-G	NA	13	19249	0.000675	24913	24943
T24929C C25000T	S:S1123P S:D1146D	13	16122	0.000806	24850	25069
T24711C	S:M1050T	13	4446	0.002924	24689	24791
T24496C	S:N978N	13	54060	0.00024	24470	24512
T24469A T24640C	S:N969K S:A1026A	13	20347	0.000639	24465	24679
T24469A T24472C	S:N969K S:F970F	13	48183	0.00027	24465	24564
T24469A A24582G	S:N969K S:Y1007C	13	20600	0.000631	24465	24603
T24469A A24580G	S:N969K S:T1006T	13	20708	0.000628	24465	24679
T24469A A24560G	S:N969K S:R1000G	13	46652	0.000279	24465	24564
T24469A A24556G	S:N969K S:T998T	13	46721	0.000278	24465	24564
T24175C	S:A871A	13	7559	0.00172	24148	24191
T23916+A C23929A A23930C G23948T	NA S:Y789L S:K790Q S:D796*	13	2277	0.005709	23904	23978
T23818C C23854A	S:L752L S:N764K	13	23448	0.000554	23695	23895
T23783C C23887-A	S:Y741H NA	13	21859	0.000595	23767	23895
T23783C C23854A	S:Y741H S:N764K	13	22984	0.000566	23683	23891
T23695+A	NA	13	62763	0.000207	23686	23716
T23693C C23854A	S:S711P S:N764K	13	19715	0.000659	23683	23892
T23684C	S:S708P	13	62445	0.000208	23683	23724
T23599G C23604A T23654C G23666-A	S:N679K S:P681H S:S698P NA	13	37052	0.000351	23580	23724
T23599G C23604A G23666+A	S:N679K S:P681H NA	13	37052	0.000351	23584	23705
T23599G C23604A G23624T C23635T	S:N679K S:P681H S:A688S S:S691S	13	98956	0.000131	23559	23642
T23599G C23604A G23619A	S:N679K S:P681H S:S686N	13	100081	0.00013	23580	23642
T23599G C23604A C23609-G G23666-A C23709-A	S:N679K S:P681H NA NA NA	13	36261	0.000359	23581	23724
T23599G C23604A A23665G G23666-A	S:N679K S:P681H S:A701A NA	13	37052	0.000351	23580	23724
T23529C T23599G C23604A	S:V656A S:N679K S:P681H	13	61952	0.00021	23487	23635
T23377C A23403G	S:S605S S:D614G	13	26989	0.000482	23335	23443
T23308C A23403G	S:L582L S:D614G	13	12189	0.001067	23269	23443
T22200A G22218-T G22317T	S:V213E NA S:G252V	13	4892	0.002657	22144	22319
T22084C	S:P174P	13	3354	0.003876	22072	22192
G25437-A	NA	13	10065	0.001292	25372	25474
G25197A	S:W1212*	13	40390	0.000322	25184	25210
G25186A	S:Q1208Q	13	39167	0.000332	25122	25325
G25166C C25262-T	S:E1202Q NA	13	32190	0.000404	25130	25325
G24992-A	NA	13	20860	0.000623	24959	25069
G24515-A	NA	13	53963	0.000241	24507	24564
G24488-T C24503-T C24517-A	NA NA NA	13	53128	0.000245	24480	24536
G24434+C	NA	13	26397	0.000492	24425	24458
G23955+T	NA	13	3449	0.003769	23941	23968
G23835-T A23853-C	NA NA	13	23794	0.000546	23767	23863
G23804A	S:E748K	13	24854	0.000523	23683	23835
G23501+T C23525T T23599G C23604A	NA S:H655S S:N679* S:P681Y	13	61418	0.000212	23488	23641
G22813T T22882G G22895C T22896C G22898A T22942G A22948C	S:K417N S:N440K S:V445P S:V445P S:G446S S:N460K S:K462N	13	9574	0.001358	22809	22966
G22813T A22862G T22882G G22895C T22896C G22898A	S:K417N S:I434V S:N440K S:V445P S:V445P S:G446S	13	12946	0.001004	22793	22908
G22809-A G22813T	NA S:K417N	13	14641	0.000888	22799	22830
G22103A T22200G	S:G181R S:V213G	13	4405	0.002951	22100	22319
G22014+A	NA	13	14348	0.000906	22006	22058
G21569-T C21618T T21632-TACCCCCTG	NA S:T19I S:DEL25/27	13	426	0.030516	21553	21664
C25416T A25449G	ORF3a:F8F ORF3a:E19E	13	9947	0.001307	25381	25477
C25317T	S:S1252F	13	52686	0.000247	25251	25325
C25262-T A25286G	NA S:S1242G	13	50509	0.000257	25122	25325
C25037-A	NA	13	20621	0.00063	25020	25069
C25000T T25016C	S:D1146D S:L1152L	13	20634	0.00063	24990	25066
C25000T A25035G	S:D1146D S:N1158S	13	20311	0.00064	24990	25069
C25000T A25014G	S:D1146D S:E1151G	13	20675	0.000629	24990	25033
C24896T A25011-G	S:P1112S NA	13	15805	0.000823	24850	25069
C24715-T	NA	13	4424	0.002939	24693	24806
C24672-A A24684-T G24776-A	NA NA NA	13	3231	0.004024	24612	24788
C24555-A	NA	13	53549	0.000243	24532	24564
C24223T	S:T887T	13	2913	0.004463	24148	24320
C24150-T	NA	13	7584	0.001714	24148	24185
C23854A T23878C	S:N764K S:V772V	13	23731	0.000548	23699	23881
C23758A C23854A	S:T732T S:N764K	13	20165	0.000645	23683	23881
C23525T T23599G C23604A T23620A	S:H655Y S:N679K S:P681H S:S686R	13	61789	0.00021	23487	23642
C23525T T23599G C23604A G23642A	S:H655Y S:N679K S:P681H Unknown	13	59550	0.000218	23487	23642
C23525T G23528+T T23599G C23604A	S:H655Y NA S:N679* S:P681Y	13	61852	0.00021	23486	23638
C23525T C23533T T23599G C23604A	S:H655Y S:N657N S:N679K S:P681H	13	61852	0.00021	23487	23642
C23492-A T23599G C23604A	NA S:N679K S:P681H	13	61047	0.000213	23488	23641
C23424-T C23525T	NA S:H655Y	13	13773	0.000944	23412	23539
C23360A A23403G	S:P600T S:D614G	13	26777	0.000485	23269	23443
C23334-T A23400+G	NA NA	13	12257	0.001061	23269	23420
C23286T A23403G	S:A575V S:D614G	13	12064	0.001078	23269	23443
C23103-T T23143-A	NA NA	13	1930	0.006736	23091	23167
C23099-T C23103-T T23143-A T23164-A C23230-A	NA NA NA NA NA	13	1283	0.010133	23089	23274
C22109G T22200A A22206G G22317T	S:Q183E S:V213E S:D215G S:G252V	13	3727	0.003488	22100	22319
C22083-T	NA	13	3356	0.003874	22058	22094
C21978A G21987A T21990-TTA	S:P139Q S:G142D S:DEL144	13	11347	0.001146	21960	22058
A25243G	S:I1227M	13	46410	0.00028	25230	25325
A25208G	S:I1216V	13	43652	0.000298	25190	25210
A25154+T	NA	13	38980	0.000334	25122	25163
A25026-T	NA	13	20668	0.000629	25010	25066
A24988G C25000T	S:Q1142Q S:D1146D	13	16590	0.000784	24850	25069
A24956-T	NA	13	16871	0.000771	24936	25069
A24922G C25000T	S:T1120T S:D1146D	13	16080	0.000808	24850	25069
A24917G	S:N1119D	13	19316	0.000673	24897	24943
A24898G C25000T	S:P1112P S:D1146D	13	15928	0.000816	24850	25069
A24898G	S:P1112P	13	19367	0.000671	24850	24912
A24895G	S:E1111E	13	19365	0.000671	24850	24943
A24479G	S:I973V	13	53104	0.000245	24469	24541
A24424T T24549C	S:Q954H S:L996S	13	25334	0.000513	24412	24564
A24424T T24491-TA	S:Q954H NA	13	25652	0.000507	24412	24564
A24424T T24470-TTG	S:Q954H S:DEL971	13	25722	0.000505	24412	24564
A24424T T24469A T24470C	S:Q954H S:N969K S:F970L	13	25722	0.000505	24412	24564
A24424T T24469A G24474A	S:Q954H S:N969K S:G971D	13	25714	0.000506	24415	24564
A24424T T24469A A24543G	S:Q954H S:N969K S:D994G	13	25372	0.000512	24415	24564
A24424T T24437C	S:Q954H S:L959L	13	25952	0.000501	24413	24564
A24424T C24503-T C24517-A	S:Q954H NA NA	13	25522	0.000509	24412	24564
A24424T C24435-T T24469A	S:Q954H NA S:N969K	13	25744	0.000505	24412	24564
A24424T A24478G	S:Q954H S:A972A	13	25698	0.000506	24415	24564
A24424T A24440G T24469A	S:Q954H S:N960D S:N969K	13	25744	0.000505	24412	24564
A24424T A24426G T24469A	S:Q954H S:N955S S:N969K	13	25744	0.000505	24412	24564
A24423+T T24469A	NA S:N969Q	13	25739	0.000505	24416	24564
A23938-C G23948T	NA S:D796Y	13	2516	0.005167	23930	23978
A23708G C23854A	S:T716A S:N764K	13	19945	0.000652	23683	23892
A23708+C	NA	13	62422	0.000208	23685	23718
A23592T T23599G C23604A	S:Q677L S:N679K S:P681H	13	100085	0.00013	23580	23724
A23515G C23525T T23599G C23604A	S:I651M S:H655Y S:N679K S:P681H	13	61775	0.00021	23493	23641
A23497-C C23525T T23599G C23604A	NA S:H655Y S:N679K S:P681H	13	61294	0.000212	23487	23642
A23403G T23480+A	S:D614G NA	13	13013	0.000999	23391	23539
A23403G T23425C	S:D614G S:P621P	13	27507	0.000473	23366	23443
A23403G T23411C	S:D614G S:C617R	13	27901	0.000466	23335	23443
A23403G G23429A C23525T	S:D614G S:A623T S:H655Y	13	12672	0.001026	23344	23532
A23403G C23525T A23532G	S:D614G S:H655Y S:N657S	13	12540	0.001037	23383	23539
A23403G A23483-ATGTT C23525T	S:D614G NA S:H655Y	13	12672	0.001026	23345	23539
A23403G A23440G C23525T	S:D614G S:A626A S:H655Y	13	12672	0.001026	23335	23532
A23379G A23403G C23525T	S:N606S S:D614G S:H655Y	13	11789	0.001103	23335	23535
A23366G A23403G	S:T602A S:D614G	13	26812	0.000485	23335	23432
A23357G C23525T	S:T599A S:H655Y	13	11595	0.001121	23335	23539
A23357G A23403G	S:T599A S:D614G	13	26756	0.000486	23335	23429
A23312G A23403G	S:I584V S:D614G	13	12195	0.001066	23269	23443
A23295G A23403G	S:D578G S:D614G	13	12083	0.001076	23284	23443
A23223T	S:E554V	13	1651	0.007874	23197	23289
A22041+G	NA	13	17366	0.000749	22031	22058
A21979-T G21987A T21990-TTA A21999-CAA C22009-A	NA S:G142D S:DEL144 S:DEL147 NA	13	9446	0.001376	21847	22039
A21979-T G21987A T21990-TTA A21999-CAA	NA S:G142D S:DEL144 S:DEL147	13	9651	0.001347	21847	22022
A21964-T G21987A A21993-TTACC A21999C	NA S:G142D NA S:H146P	13	8471	0.001535	21911	22058
T25464C	ORF3a:T24T	12	9764	0.001229	25381	25477
T25285+A	NA	12	51618	0.000232	25276	25324
T25268A	S:C1236S	12	50966	0.000235	25251	25325
T25232C C25262-T	S:L1224L NA	12	46005	0.000261	25122	25325
T25224C C25262-T	S:I1221T NA	12	45497	0.000264	25122	25325
T25191+A	NA	12	39883	0.000301	25130	25325
T25171+G	NA	12	39026	0.000307	25130	25180
T25144C	S:N1194N	12	38481	0.000312	25133	25210
T25063C	S:G1167G	12	20478	0.000586	25034	25069
T24931-G C24981-T C25000T	NA NA S:D1146D	12	16145	0.000743	24850	25069
T24927C C25000T	S:V1122A S:D1146D	12	16112	0.000745	24850	25060
T24664C C24672-A	S:L1034L NA	12	31258	0.000384	24612	24679
T24469A T24511C	S:N969K S:R983R	12	47508	0.000253	24465	24564
T24469A A24661G	S:N969K S:V1033V	12	20288	0.000591	24465	24679
T24469A A24599G	S:N969K S:I1013V	12	20536	0.000584	24465	24679
T24469A A24576G	S:N969K S:Q1005R	12	20728	0.000579	24465	24679
T24417C A24424T T24469A	S:V952A S:Q954H S:N969K	12	25668	0.000468	24412	24564
T24142C	S:V860V	12	4697	0.002555	24120	24191
T23943A G23948T	S:I794N S:D796Y	12	3056	0.003927	23937	23978
T23840G C23854A	S:C760G S:N764K	12	23984	0.0005	23831	23881
T23840C C23854A	S:C760R S:N764K	12	23984	0.0005	23683	23895
T23797C C23854A	S:D745D S:N764K	12	23199	0.000517	23683	23895
T23752C C23854A	S:S730S S:N764K	12	20142	0.000596	23683	23891
T23728-A	NA	12	23023	0.000521	23683	23739
T23698C	S:I712I	12	62805	0.000191	23683	23707
T23599G C23604A T23658C G23666-A	S:N679K S:P681H S:L699P NA	12	37052	0.000324	23580	23724
T23599G C23604A G23675A	S:N679K S:P681H S:V705I	12	36983	0.000324	23580	23724
T23599G C23604A G23628A	S:N679K S:P681H S:S689N	12	99334	0.000121	23580	23642
T23599G C23604A A23720-T	S:N679K S:P681H NA	12	35902	0.000334	23580	23724
T23599G C23604A A23711-AT	S:N679K S:P681H NA	12	36171	0.000332	23580	23724
T23599G C23603+A	S:N679K NA	12	100202	0.00012	23580	23639
T23511-A C23525T	NA S:H655Y	12	79950	0.00015	23497	23539
T23507A C23525T T23599G C23604A	S:C649S S:H655Y S:N679K S:P681H	12	61665	0.000195	23487	23642
T23485A G23486T T23487G C23525T	S:N641K S:V642C S:V642C S:H655Y	12	14484	0.000829	23425	23538
T23398C A23403G	S:Y612Y S:D614G	12	27847	0.000431	23335	23443
T23391C A23403G	S:V610A S:D614G	12	27499	0.000436	23335	23443
T23375C A23403G	S:S605P S:D614G	12	26931	0.000446	23335	23443
T23346C A23403G	S:V595A S:D614G	12	26579	0.000451	23335	23426
T23341C A23403G	S:G593G S:D614G	12	26340	0.000456	23335	23429
T23330C A23403G	S:C590R S:D614G	12	12214	0.000982	23269	23443
T23293C C23334-T A23403G	S:R577R NA S:D614G	12	12080	0.000993	23270	23420
T23293C	S:R577R	12	12842	0.000934	23269	23364
T23143-A T23164-A C23188+T	NA NA NA	12	1720	0.006977	23089	23197
T22882G G22895C T22896C G22898A T22900-G	S:N440K S:V445P S:V445P S:G446S NA	12	14613	0.000821	22876	22914
T22200A T22204+C G22317T	S:V213E NA S:G252L	12	4892	0.002453	22169	22319
T21976-C G21987A A21999T	NA S:G142D S:H146L	12	9380	0.001279	21969	22058
T21934-A G21987A T21990-TTA C22000A	NA S:G142D S:DEL144 S:H146Q	12	7100	0.00169	21847	22058
T21934-A G21987A T21990-TTA	NA S:G142D S:DEL144	12	8830	0.001359	21848	22058
G25447-A	NA	12	9983	0.001202	25381	25460
G25311+C	NA	12	52610	0.000228	25300	25324
G25183A	S:E1207E	12	39074	0.000307	25158	25210
G25130A	S:A1190T	12	36057	0.000333	25123	25325
G24858A C24981-T C25000T	S:G1099D NA S:D1146D	12	15642	0.000767	24850	25027
G24608A	S:A1016T	12	26543	0.000452	24557	24679
G24574A	S:L1004L	12	26697	0.000449	24538	24679
G24521+T C24672-A	NA NA	12	25547	0.00047	24472	24679
G24488-T C24517-A C24536-A C24672-A	NA NA NA NA	12	25012	0.00048	24472	24679
G24164-A	NA	12	7603	0.001578	24148	24173
G23868-A	NA	12	24433	0.000491	23859	23891
G23835-TT C23887-A	NA NA	12	22609	0.000531	23683	23895
G23804T C23854A	S:E748* S:N764K	12	23284	0.000515	23683	23895
G23804A C23887-A	S:E748K NA	12	22150	0.000542	23683	23895
G23699A	S:A713T	12	62817	0.000191	23683	23721
G23508+T T23599G C23604A	NA S:N679* S:P681Y	12	61682	0.000195	23486	23624
G23501+T C23525T	NA S:H655S	12	79419	0.000151	23492	23539
G23499+T C23525T	NA S:H655S	12	79330	0.000151	23487	23533
G23417+A	NA	12	28887	0.000415	23335	23427
G23345-T	NA	12	29960	0.000401	23335	23372
G22813T T22882G G22895C T22896C G22898A G22933+T G22936+A	S:K417N S:N440K S:V445P S:V445P S:G446S NA NA	12	10258	0.00117	22793	22967
G22813T T22882G G22895C T22896C G22898A A22941+G	S:K417N S:N440K S:V445P S:V445P S:G446S NA	12	9924	0.001209	22793	22960
G22813T T22882G A22893C T22917G G22957T	S:K417N S:N440K S:K444T S:L452R S:E465D	12	9338	0.001285	22796	22967
G22813T T22882G A22893C A22941-T	S:K417N S:N440K S:K444T NA	12	9924	0.001209	22793	22967
G22813T T22831+A T22882G G22895C T22896C G22898A	S:K417N NA S:N440Q S:V445P S:V445P S:G446R	12	12946	0.000927	22793	22907
G22813T A22893C T22917G	S:K417N S:K444T S:L452R	12	12203	0.000983	22793	22922
G22487-A G22577C G22578A	NA S:G339H S:G339H	12	1075	0.011163	22389	22581
G21987A A21993-TT A21999-C	S:G142D NA NA	12	10260	0.00117	21970	22058
G21956T G21987A A21999T	S:E132* S:G142D S:H146L	12	7815	0.001536	21943	22058
G21796-T	NA	12	3857	0.003111	21787	21802
G21578-T C21618T T21632-TACCCCCTG	NA S:T19I S:DEL25/27	12	532	0.022556	21571	21664
C25517-T	NA	12	2088	0.005747	25372	25539
C25416T A25457G	ORF3a:F8F ORF3a:D22G	12	9847	0.001219	25381	25477
C25318T	S:S1252S	12	52612	0.000228	25283	25325
C25262-T G25278-T	NA NA	12	50534	0.000237	25252	25292
C25262-T A25295G	NA S:K1245E	12	50441	0.000238	25251	25325
C25254T	S:T1231I	12	50304	0.000239	25251	25319
C25163+T	NA	12	39064	0.000307	25156	25176
C25163+A	NA	12	39064	0.000307	25122	25176
C25000T T25068C	S:D1146D S:I1169T	12	19773	0.000607	24996	25069
C25000T G25049-A	S:D1146D NA	12	20210	0.000594	24990	25066
C25000T G25010-A	S:D1146D NA	12	20733	0.000579	24990	25069
C25000T A25056-T C25100-A	S:D1146D NA NA	12	3913	0.003067	24990	25210
C25000T A25026-T C25100-A	S:D1146D NA NA	12	3913	0.003067	24990	25119
C24981-T C25000T G25019A	NA S:D1146D S:D1153N	12	16252	0.000738	24850	25069
C24981-T C25000T C25037-A	NA S:D1146D NA	12	16049	0.000748	24850	25069
C24878+A	NA	12	19498	0.000615	24866	24889
C24672-A G24776-A	NA NA	12	3231	0.003714	24612	24786
C24672-A G24693-A	NA NA	12	3742	0.003207	24612	24717
C24636T	S:A1025V	12	31399	0.000382	24612	24676
C24536T	S:Q992*	12	53750	0.000223	24488	24564
C24517T	S:D985D	12	53968	0.000222	24512	24564
C24503-T C24517-A	NA NA	12	53686	0.000224	24471	24531
C24483-A	NA	12	53582	0.000224	24474	24564
C24483+A C24672-A	NA NA	12	24697	0.000486	24470	24679
C24026-T C24119-A G24140-T	NA NA NA	12	2871	0.00418	24021	24173
C23991-A	NA	12	1167	0.010283	23974	24095
C23854A T23861C	S:N764K S:L767L	12	24254	0.000495	23832	23887
C23854A A23889G	S:N764K S:K776R	12	22985	0.000522	23683	23895
C23854A A23863G	S:N764K S:L767L	12	24199	0.000496	23686	23895
C23758A C23887-A	S:T732T NA	12	19121	0.000628	23683	23895
C23700T C23854A	S:A713V S:N764K	12	19879	0.000604	23683	23881
C23673+A	NA	12	39192	0.000306	23666	23724
C23604A C23664A	S:P681H S:A701E	12	37134	0.000323	23580	23724
C23525T T23599G C23603+A C23604G	S:H655Y S:N679K NA S:P681S	12	61852	0.000194	23496	23633
C23525T G23593A T23599G C23604A	S:H655Y S:Q677Q S:N679K S:P681H	12	61852	0.000194	23487	23642
C23525T G23587A T23599G C23604A	S:H655Y S:Q675Q S:N679K S:P681H	12	61852	0.000194	23487	23634
C23525T G23580A T23599G C23604A	S:H655Y S:S673N S:N679K S:P681H	12	61852	0.000194	23487	23642
C23525T G23549A T23599G C23604A	S:H655Y S:D663N S:N679K S:P681H	12	61852	0.000194	23487	23642
C23525T C23604A C23635T	S:H655Y S:P681H S:S691S	12	60822	0.000197	23499	23642
C23525T C23555T T23599G	S:H655Y S:P665S S:N679K	12	61871	0.000194	23487	23636
C23525T A23592T T23599G C23604A	S:H655Y S:Q677L S:N679K S:P681H	12	61852	0.000194	23487	23642
C23525T A23558-T	S:H655Y NA	12	62806	0.000191	23487	23568
C23525+T	NA	12	80171	0.00015	23516	23532
C23367-A A23403G	NA S:D614G	12	26819	0.000447	23342	23411
C23347T A23403G C23525T	S:V595V S:D614G S:H655Y	12	11459	0.001047	23345	23529
C23334-T A23403G G23417+A	NA S:D614G NA	12	12128	0.000989	23269	23443
C23103-T T23143-A T23164-A	NA NA NA	12	1879	0.006386	23089	23176
C21618T T21632-TACCCCCTG C21781-A	S:T19I S:DEL25/27 NA	12	3368	0.003563	21597	21802
A25431G	ORF3a:V13V	12	10120	0.001186	25381	25477
A25274-C	NA	12	51276	0.000234	25267	25323
A25256G	S:I1232V	12	50371	0.000238	25251	25325
A25256-T	NA	12	50371	0.000238	25251	25325
A25206G C25262-T	S:Y1215C NA	12	36917	0.000325	25130	25291
A25201G C25262-T	S:P1213P NA	12	35628	0.000337	25122	25325
A25136G	S:N1192D	12	37538	0.00032	25130	25324
A25134G	S:K1191R	12	37333	0.000321	25130	25185
A25133G C25262-T	S:K1191E NA	12	30691	0.000391	25122	25320
A24935G C25000T	S:N1125D S:D1146D	12	16172	0.000742	24867	25069
A24920G C25000T	S:T1120A S:D1146D	12	16070	0.000747	24850	25069
A24860G C24981-T C25000T	S:T1100A NA S:D1146D	12	15681	0.000765	24858	25065
A24854G C25000T	S:N1098D S:D1146D	12	15550	0.000772	24850	25069
A24772G	S:A1070A	12	6858	0.00175	24743	24806
A24644G	S:K1028E	12	31487	0.000381	24612	24679
A24493T	S:L977F	12	54049	0.000222	24491	24564
A24468-T	NA	12	48226	0.000249	24465	24501
A24424T T24514C	S:Q954H S:L984L	12	25541	0.00047	24412	24563
A24424T T24481C	S:Q954H S:I973I	12	25691	0.000467	24412	24564
A24424T T24480C	S:Q954H S:I973T	12	25693	0.000467	24412	24491
A24424T T24469A T24541C	S:Q954H S:N969K S:I993I	12	25384	0.000473	24412	24564
A24424T T24469A T24505C	S:Q954H S:N969K S:L981L	12	25584	0.000469	24412	24564
A24424T T24469A T24499C	S:Q954H S:N969K S:D979D	12	25620	0.000468	24412	24564
A24424T T24469A A24518G	S:Q954H S:N969K S:K986E	12	25514	0.00047	24412	24564
A24424T T24436C	S:Q954H S:A958A	12	25958	0.000462	24412	24564
A24424T G24434+C	S:Q954H NA	12	25981	0.000462	24412	24518
A24424T G24428A T24469A	S:Q954H S:A956T S:N969K	12	25744	0.000466	24412	24563
A24424T A24556+G	S:Q954H NA	12	25217	0.000476	24412	24564
A24424T A24554G	S:Q954H S:T998A	12	25285	0.000475	24412	24564
A24424T A24479+T	S:Q954H NA	12	25694	0.000467	24412	24489
A24424T A24468-T	S:Q954H NA	12	25747	0.000466	24416	24564
A24424T A24432G	S:Q954H S:Q957R	12	25992	0.000462	24412	24564
A24420G A24424T T24469A	S:N953S S:Q954H S:N969K	12	25727	0.000466	24412	24564
A24303G	S:N914S	12	7246	0.001656	24288	24317
A24166G	S:E868E	12	7625	0.001574	24148	24191
A23881G C23887-A	S:E773E NA	12	23862	0.000503	23699	23894
A23843G C23854A	S:T761A S:N764K	12	24080	0.000498	23836	23895
A23786G C23854A	S:I742V S:N764K	12	23019	0.000521	23683	23895
A23729G C23854A	S:T723A S:N764K	12	20028	0.000599	23683	23890
A23717+T	NA	12	62078	0.000193	23696	23724
A23704-C	NA	12	62687	0.000191	23690	23724
A23691G C23854A	S:N710S S:N764K	12	19711	0.000609	23683	23873
A23552G T23599G C23604A	S:I664V S:N679K S:P681H	12	62230	0.000193	23538	23641
A23544G T23599G C23604A	S:E661G S:N679K S:P681H	12	62151	0.000193	23525	23642
A23524+T	NA	12	80212	0.00015	23517	23534
A23493G C23525T	S:Q644R S:H655Y	12	79015	0.000152	23486	23539
A23403G T23433C	S:D614G S:I624T	12	26177	0.000458	23335	23443
A23403G A23442G	S:D614G S:D627G	12	25430	0.000472	23335	23443
A23372G A23403G	S:T604A S:D614G	12	26870	0.000447	23335	23429
A22019G	S:M153V	12	14190	0.000846	22010	22058
A22001G T22016C C22033A	S:K147E S:W152R S:F157L	12	13434	0.000893	21991	22055
A21875-T A21979-T G21987A T21990-TTA A21999-CAA C22009-A G22037-T	NA NA S:G142D S:DEL144 S:DEL147 NA NA	12	5483	0.002189	21847	22058
T25293-C	NA	11	51897	0.000212	25285	25325
T25265G G25266T	S:C1235V S:C1235V	11	50766	0.000217	25122	25324
T25233C C25262-T	S:L1224S NA	11	46034	0.000239	25140	25323
T25205C C25262-T	S:Y1215H NA	11	36538	0.000301	25130	25325
T25171-G	NA	11	39026	0.000282	25164	25210
T25123C	Unknown	11	35181	0.000313	25122	25152
T25021-A	NA	11	20706	0.000531	25019	25037
T24946C C25000T	S:V1128V S:D1146D	11	16260	0.000677	24850	25069
T24925C C25000T	S:F1121F S:D1146D	11	16099	0.000683	24850	25069
T24866C C25000T	S:W1102R S:D1146D	11	15699	0.000701	24850	25069
T24763C	S:Y1067Y	11	6796	0.001619	24728	24806
T24754C	S:H1064H	11	6734	0.001634	24724	24792
T24640C	S:A1026A	11	31413	0.00035	24619	24676
T24628C	S:A1022A	11	31361	0.000351	24474	24679
T24469A T24633C	S:N969K S:L1024P	11	20370	0.00054	24465	24679
T24469A T24589C	S:N969K S:T1009T	11	20558	0.000535	24465	24679
T24469A T24549C	S:N969K S:L996S	11	46888	0.000235	24465	24564
T24469A T24548C	S:N969K S:L996L	11	46895	0.000235	24465	24564
T24469A T24499+A	S:N969K NA	11	47796	0.00023	24465	24537
T24469A T24475C	S:N969K S:G971G	11	48175	0.000228	24465	24564
T24469A A24679G	S:N969K S:R1039R	11	19848	0.000554	24465	24679
T24469A A24554G	S:N969K S:T998A	11	46798	0.000235	24465	24564
T24469A A24485G	S:N969K S:S975G	11	48076	0.000229	24465	24564
T24469A A24484G	S:N969K S:S974S	11	48098	0.000229	24465	24564
T24156C	S:L865P	11	7602	0.001447	24148	24191
T24151C	S:P863P	11	7591	0.001449	24148	24191
T23837C C23854A	S:F759L S:N764K	11	23936	0.00046	23811	23895
T23765C C23854A	S:S735P S:N764K	11	20189	0.000545	23696	23895
T23728C C23854A	S:V722V S:N764K	11	20025	0.000549	23683	23873
T23727C	S:V722A	11	23046	0.000477	23683	23783
T23716-A	NA	11	62135	0.000177	23683	23724
T23686-A	NA	11	62540	0.000176	23683	23709
T23599G T23602-C C23604A	S:N679K NA S:P681H	11	100193	0.00011	23580	23642
T23599G C23604A T23719C	S:N679K S:P681H S:T719T	11	35920	0.000306	23580	23724
T23599G C23604A G23666-A T23693C	S:N679K S:P681H NA S:S711P	11	36868	0.000298	23580	23724
T23599G C23604A G23666-A G23675-T	S:N679K S:P681H NA NA	11	36983	0.000297	23580	23698
T23599G C23604A G23611A	S:N679K S:P681H S:R683R	11	100146	0.00011	23580	23624
T23599G C23604A C23630-A	S:N679K S:P681H NA	11	99309	0.000111	23580	23642
T23599G C23604A C23625T C23692T	S:N679K S:P681H S:A688V S:N710N	11	36881	0.000298	23580	23705
T23599G C23604A A23720+T	S:N679K S:P681H NA	11	35902	0.000306	23581	23724
T23599G C23604A A23696-T	S:N679K S:P681H NA	11	36853	0.000298	23580	23724
T23599G C23604A A23627-G	S:N679K S:P681H NA	11	99363	0.000111	23580	23724
T23521A C23525T T23599G C23604A	S:A653A S:H655Y S:N679K S:P681H	11	61843	0.000178	23487	23642
T23434C C23525T	S:I624I S:H655Y	11	13937	0.000789	23389	23539
T23386C A23403G	S:V608V S:D614G	11	27288	0.000403	23285	23443
T23344C A23403G	S:G594G S:D614G	11	26512	0.000415	23335	23432
T23337C	S:F592S	11	29533	0.000372	23335	23354
T22882G T22917G G22992A C22995A A23013C T23018G	S:N440K S:L452R S:S477N S:T478K S:E484A S:F486V	11	384	0.028646	22876	23033
T22392-A G22403-A G22487-A	NA NA NA	11	1539	0.007147	22381	22500
T22276C	S:F238F	11	8920	0.001233	22261	22295
T22200G T22213-C	S:V213G NA	11	5629	0.001954	22188	22319
T22038C	S:V159A	11	17382	0.000633	22033	22058
T21942C	S:V127A	11	12776	0.000861	21847	21979
T21934A A21935T G21987A T21990-TTA A21999-C	S:T124T S:N125Y S:G142D S:DEL144 NA	11	7108	0.001548	21847	22058
G25401-T	NA	11	10344	0.001063	25381	25417
G25364-T	NA	11	4036	0.002725	25251	25372
G25299-C G25302-T	NA NA	11	52096	0.000211	25285	25324
G25297A	S:K1245K	11	52071	0.000211	25251	25325
G25287-T G25302-T	NA NA	11	51568	0.000213	25229	25324
G25273A	S:M1237I	11	51223	0.000215	25225	25325
G25230A C25262-T	S:G1223D NA	11	45894	0.00024	25122	25320
G24535A	S:V991V	11	53759	0.000205	24484	24564
G24510A	S:R983H	11	54011	0.000204	24486	24679
G24497+A	NA	11	54041	0.000204	24476	24505
G24488-T C24503-T	NA NA	11	53422	0.000206	24470	24513
G24399-A A24424T	NA S:Q954H	11	2479	0.004437	24306	24424
G23832+A C23854A	NA S:N764K	11	23680	0.000465	23804	23895
G23811A C23854A	S:S750N S:N764K	11	23347	0.000471	23683	23895
G23795-A	NA	11	24922	0.000441	23683	23803
G23735-A	NA	11	22897	0.00048	23684	23751
G23699+C	NA	11	62817	0.000175	23683	23710
G23699+A	NA	11	62817	0.000175	23689	23720
G23501+C C23525T T23599G C23604A	NA S:H655S S:N679* S:P681Y	11	61418	0.000179	23487	23641
G23501+A C23525T T23599G C23604A	NA S:H655S S:N679* S:P681Y	11	61418	0.000179	23487	23642
G22895C T22896C G22898A	S:V445P S:V445P S:G446S	11	14719	0.000747	22876	22911
G22813T T22942G	S:K417N S:N460K	11	9872	0.001114	22794	22967
G22813T T22917G T22942A	S:K417N S:L452R S:N460K	11	9872	0.001114	22803	22967
G22813T T22831+A	S:K417N NA	11	14560	0.000755	22798	22841
G22813T G22859+T T22882G A22893C T22917G	S:K417N NA S:N440Q S:K444S S:L452R	11	12203	0.000901	22793	22937
G22813T G22859+T T22882G	S:K417N NA S:N440Q	11	14054	0.000783	22793	22888
G22813T C22855T C22866T T22882G A22893C T22917G	S:K417N S:G431G S:A435V S:N440K S:K444T S:L452R	11	12203	0.000901	22793	22967
G22813T A22845-T T22882G T22896C G22898A T22942G	S:K417N NA S:N440K S:V445A S:G446S S:N460K	11	9872	0.001114	22793	22967
G22813T A22845-T T22882G G22895C G22898A	S:K417N NA S:N440K S:V445L S:G446S	11	12946	0.00085	22793	22927
G22808T G22813T T22882G G22895C T22896C G22898A	S:G416* S:K417N S:N440K S:V445P S:V445P S:G446S	11	12908	0.000852	22793	22906
G22487-A C22572-T G22578A	NA NA S:G339D	11	1075	0.010233	22368	22581
G22487-A C22502-A G22578A	NA NA S:G339D	11	1075	0.010233	22369	22581
G22104-A C22120-A T22200G G22218-T	NA NA S:V213G NA	11	4346	0.002531	22100	22263
G22104-A C22109G C22120-A T22200A G22218-T	NA S:Q183E NA S:V213E NA	11	4346	0.002531	22100	22234
G22104-A C22109G C22120-A T22164-TA T22200A G22218-T G22317T	NA S:Q183E NA NA S:V213E NA S:G252V	11	3687	0.002983	22100	22319
G22104-A C22109G C22120-A	NA S:Q183E NA	11	8064	0.001364	22100	22139
G21956T	S:E132*	11	13015	0.000845	21943	21973
C25416T T25468C	ORF3a:F8F ORF3a:S26P	11	9722	0.001131	25381	25477
C25416T A25448G	ORF3a:F8F ORF3a:E19G	11	9955	0.001105	25381	25477
C25416T A25425G	ORF3a:F8F ORF3a:G11G	11	10168	0.001082	25381	25474
C25416T A25420+T	ORF3a:F8F NA	11	10201	0.001078	25381	25477
C25318+G	NA	11	52612	0.000209	25292	25325
C25282+G	NA	11	51528	0.000213	25271	25325
C25262-T T25322C	NA S:C1254R	11	49978	0.00022	25130	25325
C25262-T T25312C	NA S:C1250C	11	50309	0.000219	25122	25325
C25262-T G25299A	NA S:G1246D	11	50417	0.000218	25251	25325
C25262-T A25327-T	NA NA	11	3561	0.003089	25251	25359
C25262-T A25277G	NA S:S1239G	11	50535	0.000218	25122	25325
C25156-G	NA	11	39044	0.000282	25122	25169
C25000T T25043C	S:D1146D S:S1161P	11	20255	0.000543	24990	25069
C25000T T25039C	S:D1146D S:H1159H	11	20280	0.000542	24990	25065
C25000T T25001C	S:D1146D S:S1147P	11	20789	0.000529	24990	25069
C25000T G25015-T	S:D1146D NA	11	20648	0.000533	24991	25046
C25000T A25067G	S:D1146D S:I1169V	11	19817	0.000555	24992	25069
C25000T A25003G	S:D1146D S:S1147S	11	20788	0.000529	24990	25066
C24789-A	NA	11	6834	0.00161	24724	24806
C24555T	S:T998I	11	53549	0.000205	24531	24564
C24431-A	NA	11	26359	0.000417	24412	24467
C24422-A A24425T T24469A	NA S:N955Y S:N969K	11	25738	0.000427	24412	24564
C24418+A A24424T	NA S:Q954P	11	28456	0.000387	24412	24424
C24358-A A24424T	NA S:Q954H	11	2392	0.004599	24325	24424
C24026-T G24140-T	NA NA	11	2871	0.003831	24021	24180
C23854A T23862C	S:N764K S:L767S	11	24228	0.000454	23843	23891
C23854A C23887-A C23929-A	S:N764K NA NA	11	2545	0.004322	23767	23942
C23854A C23865+G	S:N764K NA	11	24126	0.000456	23840	23895
C23854A A23892G	S:N764K S:N777S	11	22100	0.000498	23842	23895
C23854A A23890G	S:N764K S:K776K	11	22956	0.000479	23836	23895
C23816-T G23835-T C23854A	NA NA S:N764K	11	23400	0.00047	23683	23895
C23802T C23887-A	S:T747I NA	11	22130	0.000497	23683	23895
C23694+G	NA	11	62736	0.000175	23684	23724
C23615+G	NA	11	100958	0.000109	23608	23638
C23595T T23599G C23604A	S:T678I S:N679K S:P681H	11	100164	0.00011	23593	23642
C23536+A T23599G C23604A	NA S:N679* S:P681Y	11	62041	0.000177	23528	23642
C23525T T23599G C23604A A23636-T A23639G	S:H655Y S:N679K S:P681H NA S:I693V	11	59819	0.000184	23487	23642
C23525T T23560A T23599G C23604A	S:H655Y S:I666I S:N679K S:P681H	11	61852	0.000178	23487	23642
C23525T T23537A T23599G C23604A	S:H655Y S:S659T S:N679K S:P681H	11	61852	0.000178	23487	23642
C23525T G23561A T23599G C23604A	S:H655Y S:G667S S:N679K S:P681H	11	61852	0.000178	23487	23642
C23525T G23543A T23599G C23604A	S:H655Y S:E661K S:N679K S:P681H	11	61852	0.000178	23497	23642
C23525T C23591T T23599G C23604A	S:H655Y S:Q677* S:N679K S:P681H	11	61852	0.000178	23487	23642
C23525T C23557T C23604A	S:H655Y S:P665P S:P681H	11	61852	0.000178	23508	23641
C23525T C23536+A T23599G C23604A	S:H655Y NA S:N679* S:P681Y	11	61852	0.000178	23504	23642
C23525T C23533-A A23558-T T23599G C23604A	S:H655Y NA NA S:N679K S:P681H	11	61852	0.000178	23487	23641
C23525T C23530-A T23599G C23604A	S:H655Y NA S:N679K S:P681H	11	61852	0.000178	23487	23642
C23525T A23558G	S:H655Y S:I666V	11	62806	0.000175	23487	23562
C23492+A C23525T	NA S:H655S	11	78908	0.000139	23486	23532
C23393-T	NA	11	28344	0.000388	23376	23413
C23347-A	NA	11	30005	0.000367	23335	23356
C23099-T C23103-T	NA NA	11	1973	0.005575	23089	23116
C22383+T	NA	11	3518	0.003127	22368	22398
C22120-A A22161-T T22200G G22218-T	NA NA S:V213G NA	11	4561	0.002412	22103	22310
C22033+G	NA	11	17426	0.000631	22025	22056
C22000A A22003G	S:H146Q S:K147K	11	12163	0.000904	21993	22058
C21618T T21632-TACCCCCTG G21701-T C21736-T A21764-TACATG	S:T19I S:DEL25/27 NA NA S:DEL69/70	11	3378	0.003256	21597	21802
A25410G C25416T	ORF3a:R6R ORF3a:F8F	11	10226	0.001076	25381	25477
A25397+T	NA	11	10378	0.00106	25384	25485
A25241G C25262-T	S:I1227V NA	11	46266	0.000238	25122	25310
A25235G C25262-T	S:I1225V NA	11	46107	0.000239	25122	25325
A25225T	S:I1221I	11	45755	0.00024	25214	25325
A25195G C25262-T	S:K1211K NA	11	34561	0.000318	25122	25314
A24975G	S:Y1138C	11	16851	0.000653	24958	24995
A24875G C25000T	S:T1105A S:D1146D	11	15787	0.000697	24850	25034
A24675T	S:K1038I	11	31363	0.000351	24640	24679
A24654G C24672-A	S:E1031G NA	11	31179	0.000353	24623	24679
A24594G	S:Q1011R	11	26541	0.000414	24475	24679
A24592G	S:Q1010Q	11	26531	0.000415	24493	24649
A24569G C24672-A	S:S1003G NA	11	25831	0.000426	24470	24679
A24556+G	NA	11	53489	0.000206	24482	24564
A24518G C24672-A	S:K986E NA	11	25530	0.000431	24484	24679
A24498+T C24672-A	NA NA	11	25301	0.000435	24470	24679
A24424T T24552C	S:Q954H S:I997T	11	25311	0.000435	24412	24564
A24424T T24548C	S:Q954H S:L996L	11	25338	0.000434	24412	24564
A24424T T24496C	S:Q954H S:N978N	11	25629	0.000429	24412	24554
A24424T T24469A T24514C	S:Q954H S:N969K S:L984L	11	25541	0.000431	24412	24564
A24424T T24469A T24489G	S:Q954H S:N969K S:V976G	11	25656	0.000429	24413	24564
A24424T T24469A T24472-G C24536-AA	S:Q954H S:N969K NA NA	11	25402	0.000433	24412	24564
A24424T T24469A A24537G	S:Q954H S:N969K S:Q992R	11	25396	0.000433	24412	24564
A24424T T24469A A24479G	S:Q954H S:N969K S:I973V	11	25694	0.000428	24412	24564
A24424T T24450C T24469A	S:Q954H S:V963A S:N969K	11	25744	0.000427	24412	24564
A24424T T24448C T24469A	S:Q954H S:L962L S:N969K	11	25744	0.000427	24412	24564
A24424T G24558A	S:Q954H S:G999D	11	25201	0.000436	24412	24564
A24424T G24428+A T24469A	S:Q954H NA S:N969Q	11	25744	0.000427	24414	24546
A24424T C24517-A C24536-A	S:Q954H NA NA	11	25402	0.000433	24412	24554
A24424T A24556G	S:Q954H S:T998T	11	25217	0.000436	24412	24564
A24424T A24545G	S:Q954H S:R995G	11	25359	0.000434	24412	24564
A24424T A24537G	S:Q954H S:Q992R	11	25396	0.000433	24412	24564
A24423G A24424T	S:Q954R S:Q954R	11	28496	0.000386	24412	24564
A24123G	S:K854R	11	4354	0.002526	24111	24191
A24110-T G24124-T	NA NA	11	3381	0.003253	24040	24149
A23942-T G23948T G23955+T	NA S:D796Y NA	11	2827	0.003891	23941	23967
A23796G C23854A	S:D745G S:N764K	11	23183	0.000474	23789	23881
A23796-T	NA	11	24916	0.000441	23767	23806
A23738G C23854A	S:I726V S:N764K	11	20074	0.000548	23683	23873
A23708G	S:T716A	11	62422	0.000176	23683	23724
A23688G C23854A	S:N709S S:N764K	11	19683	0.000559	23683	23895
A23688G	S:N709S	11	62597	0.000176	23683	23724
A23583G T23599G C23604A	S:Y674C S:N679K S:P681H	11	99883	0.00011	23580	23642
A23513+T	NA	11	80833	0.000136	23493	23522
A23497+C	NA	11	80750	0.000136	23487	23508
A23414G	S:T618A	11	28866	0.000381	23409	23428
A23403G T23509C C23525T	S:D614G S:C649C S:H655Y	11	12672	0.000868	23351	23539
A23403G T23431C C23525T	S:D614G S:A623A S:H655Y	11	12672	0.000868	23335	23539
A23403G T23428C	S:D614G S:V622V	11	27337	0.000402	23269	23443
A23403G G23519A C23525T	S:D614G S:A653T S:H655Y	11	12672	0.000868	23335	23539
A23403G C23472-T G23486-T C23525T C23530T	S:D614G NA NA S:H655Y S:V656V	11	12608	0.000872	23351	23534
A23370G A23403G C23525T	S:N603S S:D614G S:H655Y	11	11659	0.000943	23335	23532
A23366G A23403G C23525T	S:T602A S:D614G S:H655Y	11	11632	0.000946	23336	23539
A23326G A23403G	S:T588T S:D614G	11	12212	0.000901	23270	23443
A23274G A23403G	S:D571G S:D614G	11	11836	0.000929	23269	23443
A22052G	S:N164D	11	17140	0.000642	22023	22058
A22041-T	NA	11	17366	0.000633	22033	22055
A22036G	S:R158R	11	17408	0.000632	22010	22058
A21979-T G21987A T21990-TTA C22000-A	NA S:G142D S:DEL144 NA	11	9643	0.001141	21870	22018
A21979-T G21987A C22000-A C22009-A G22022-A	NA S:G142D NA NA NA	11	8886	0.001238	21867	22036
A21979-T G21987A A21999T	NA S:G142D S:H146L	11	9651	0.00114	21966	22006
A21875-T A21979-T G21987A C22000-A C22009-A G22022-A	NA NA S:G142D NA NA NA	11	5775	0.001905	21847	22034
A21875+T G21987A	NA S:G142E	11	8476	0.001298	21847	21992
T25403C	ORF3a:F4S	10	10335	0.000968	25381	25477
T25394+G	NA	10	10407	0.000961	25381	25404
T25316+A	NA	10	52663	0.00019	25308	25325
T25228-G	NA	10	45977	0.000218	25217	25319
T25219G C25262-T	S:G1219G NA	10	44126	0.000227	25210	25325
T25209C C25262-T	S:I1216T NA	10	38685	0.000258	25130	25325
T25191-A C25262-TT	NA NA	10	34093	0.000293	25122	25319
T25189+A C25262-T	NA NA	10	33426	0.000299	25122	25324
T25170C C25262-T	S:L1203P NA	10	32292	0.00031	25122	25325
T25140-A C25262-T	NA NA	10	30953	0.000323	25130	25325
T25123C C25262-T	Unknown NA	10	29023	0.000345	25122	25325
T24982C C25000T	S:P1140P S:D1146D	10	16543	0.000604	24850	25069
T24976G C25000T	S:Y1138* S:D1146D	10	16499	0.000606	24904	25006
T24972C C25000T	S:V1137A S:D1146D	10	16471	0.000607	24850	25069
T24873+A	NA	10	19532	0.000512	24850	24885
T24871C C25000T	S:F1103F S:D1146D	10	15739	0.000635	24857	25069
T24866+G C25000T	NA S:D1146S	10	15699	0.000637	24852	25069
T24750C	S:L1063S	10	6716	0.001489	24724	24782
T24643-A C24672-A A24684-T G24776-A	NA NA NA NA	10	3163	0.003162	24612	24805
T24628+A	NA	10	31361	0.000319	24623	24647
T24469A T24637C	S:N969K S:A1025A	10	20351	0.000491	24465	24679
T24469A T24631C	S:N969K S:N1023N	10	20378	0.000491	24465	24679
T24469A T24607C	S:N969K S:A1015A	10	20507	0.000488	24465	24679
T24469A T24585C	S:N969K S:V1008A	10	20575	0.000486	24465	24679
T24469A T24565C	S:N969K S:L1001L	10	46483	0.000215	24465	24679
T24469A T24544C	S:N969K S:D994D	10	46960	0.000213	24465	24564
T24469A T24514C	S:N969K S:L984L	10	47467	0.000211	24465	24554
T24469A T24496C	S:N969K S:N978N	10	47860	0.000209	24465	24563
T24469A G24574A	S:N969K S:L1004L	10	20750	0.000482	24465	24661
T24469A G24488-T C24672-A	S:N969K NA NA	10	20161	0.000496	24465	24679
T24469A C24639+G	S:N969K NA	10	20348	0.000491	24465	24679
T24469A C24555T	S:N969K S:T998I	10	46784	0.000214	24465	24564
T24469A A24677G	S:N969K S:R1039G	10	20066	0.000498	24465	24679
T24469A A24647G	S:N969K S:M1029V	10	20334	0.000492	24465	24679
T24469A A24595G	S:N969K S:Q1011Q	10	20548	0.000487	24465	24679
T24469A A24591G	S:N969K S:Q1010R	10	20553	0.000487	24465	24679
T24469A A24545G	S:N969K S:R995G	10	46945	0.000213	24465	24564
T24469A A24516G C24672-A	S:N969K S:D985G NA	10	20161	0.000496	24465	24679
T24294C	S:V911A	10	7229	0.001383	24229	24309
T23839C C23854A	S:F759F S:N764K	10	23974	0.000417	23683	23895
T23830+G	NA	10	24505	0.000408	23683	23860
T23823C	S:L754S	10	24635	0.000406	23767	23826
T23815C	S:N751N	10	24704	0.000405	23767	23832
T23787C C23854A	S:I742T S:N764K	10	23032	0.000434	23683	23895
T23774C C23854A	S:C738R S:N764K	10	22902	0.000437	23683	23895
T23765C	S:S735P	10	22514	0.000444	23689	23834
T23681+C	NA	10	39314	0.000254	23674	23724
T23599G C23692T	S:N679K S:N710N	10	36881	0.000271	23580	23724
T23599G C23604A T23722C	S:N679K S:P681H S:I720I	10	35878	0.000279	23580	23724
T23599G C23604A T23686-A	S:N679K S:P681H NA	10	36919	0.000271	23581	23720
T23599G C23604A T23659C G23666-A	S:N679K S:P681H S:L699L NA	10	37052	0.00027	23580	23700
T23599G C23604A T23641C G23666-A	S:N679K S:P681H S:I693I NA	10	37052	0.00027	23580	23724
T23599G C23604A T23637C G23666-A	S:N679K S:P681H S:I692T NA	10	37052	0.00027	23580	23724
T23599G C23604A T23629C G23666-A	S:N679K S:P681H S:S689S NA	10	37052	0.00027	23580	23720
T23599G C23604A C23685T	S:N679K S:P681H S:S708F	10	36925	0.000271	23580	23724
T23599G C23604A C23657+T	S:N679K S:P681H NA	10	37107	0.000269	23580	23682
T23599G C23604A C23647T	S:N679K S:P681H S:Y695Y	10	37174	0.000269	23580	23724
T23599G C23604A C23644T	S:N679K S:P681H S:A694A	10	37201	0.000269	23580	23724
T23599G C23604A A23704-C	S:N679K S:P681H NA	10	36558	0.000274	23580	23724
T23599G C23604A A23704+C A23712+T	S:N679K S:P681H NA NA	10	36152	0.000277	23580	23724
T23599G C23604A A23696+C	S:N679K S:P681H NA	10	36853	0.000271	23581	23724
T23599G C23604+A	S:N679K NA	10	100193	0.0001	23591	23642
T23521G C23525T T23599G C23604A	S:A653A S:H655Y S:N679K S:P681H	10	61843	0.000162	23487	23642
T23500C C23525T	S:R646R S:H655Y	10	79381	0.000126	23487	23529
T23500C	S:R646R	10	80832	0.000124	23487	23507
T23487C C23525T	S:V642A S:H655Y	10	46346	0.000216	23482	23539
T23394C	S:L611P	10	28359	0.000353	23335	23399
T23391C C23525T	S:V610A S:H655Y	10	12183	0.000821	23335	23539
T23385C A23403G	S:V608A S:D614G	10	27235	0.000367	23335	23429
T23375C	S:S605P	10	28643	0.000349	23335	23384
T23355C A23403G	S:I598T S:D614G	10	26740	0.000374	23335	23429
T23355-A	NA	10	30103	0.000332	23335	23372
T23337-TG	NA	10	29533	0.000339	23335	23373
T23316C A23403G	S:L585P S:D614G	10	12202	0.00082	23269	23443
T23314C A23403G	S:I584I S:D614G	10	12198	0.00082	23269	23443
T23307C A23403G	S:L582P S:D614G	10	12188	0.00082	23296	23443
T23143-A T23164-A C23230-A C23244-T	NA NA NA NA	10	1167	0.008569	23089	23290
T22896C G22898A T22942G	S:V445A S:G446S S:N460K	10	11554	0.000866	22866	22967
T22882G T22942A G22992A C22995A A23013C T23018G	S:N440K S:N460K S:S477N S:T478K S:E484A S:F486V	10	384	0.026042	22876	23047
T22882G T22896C G22898A A22914-C T22942G	S:N440K S:V445A S:G446S NA S:N460K	10	11459	0.000873	22845	22967
T22882G T22896C	S:N440K S:V445A	10	14639	0.000683	22851	22967
T22882G A22893C C22995A A23013C T23018G	S:N440K S:K444T S:T478K S:E484A S:F486V	10	384	0.026042	22876	23048
T22291C G22317T	S:A243A S:G252V	10	8625	0.001159	22259	22319
T22246C C22295T	S:D228D S:H245Y	10	6390	0.001565	22219	22319
T22031C	S:F157L	10	17418	0.000574	22025	22058
T21976-C G21987A T21990-TTA	NA S:G142D S:DEL144	10	11102	0.000901	21965	22035
T21934-A	NA	10	12747	0.000784	21847	22058
T21876C	S:I105T	10	12788	0.000782	21848	21879
G25507A	ORF3a:A39T	10	2146	0.00466	25381	25566
G25290A A25295G	S:C1243Y S:K1245E	10	51735	0.000193	25213	25324
G25269-T	NA	10	51012	0.000196	25250	25325
G25218-T A25256+T C25262-T	NA NA NA	10	43853	0.000228	25122	25325
G25172A	S:G1204R	10	38992	0.000256	25130	25210
G25130+C C25262-T	NA NA	10	29684	0.000337	25122	25325
G24883-A C25000T	NA S:D1146D	10	15810	0.000633	24854	25069
G24872A C24981-T C25000T	S:V1104I NA S:D1146D	10	15744	0.000635	24850	25069
G24743-T	NA	10	6677	0.001498	24724	24797
G24680-T	NA	10	30825	0.000324	24612	24693
G24611+A	NA	10	26538	0.000377	24473	24648
G24574+A	NA	10	26697	0.000375	24470	24613
G24488-T C24517-A C24536-A T24643-A C24672-A	NA NA NA NA NA	10	25012	0.0004	24473	24679
G24488-T C24502A	NA S:I980I	10	53442	0.000187	24471	24509
G24415A A24424T T24469A	S:V951V S:Q954H S:N969K	10	25527	0.000392	24412	24564
G23782A C23854A	S:M740I S:N764K	10	22964	0.000435	23732	23895
G23522A C23525T T23599G C23604A	S:E654K S:H655Y S:N679K S:P681H	10	61850	0.000162	23487	23642
G23519+A C23525T T23599G C23604A	NA S:H655S S:N679* S:P681Y	10	61829	0.000162	23506	23636
G23351+A	NA	10	30007	0.000333	23335	23397
G22895C G22898A	S:V445L S:G446S	10	14719	0.000679	22882	22907
G22813T T22917G	S:K417N S:L452R	10	12203	0.000819	22793	22922
G22813T T22882G G22895C T22942G	S:K417N S:N440K S:V445L S:N460K	10	9872	0.001013	22797	22967
G22813T T22882G G22895C T22896C G22898A T22942G C22950-T	S:K417N S:N440K S:V445P S:V445P S:G446S S:N460K NA	10	9521	0.00105	22793	22967
G22813T T22882G A22893G T22917G	S:K417N S:N440K S:K444R S:L452R	10	12203	0.000819	22793	22939
G22813T T22882G A22893C T22917G A22964-T	S:K417N S:N440K S:K444T S:L452R NA	10	9176	0.00109	22793	22967
G22813T T22876-A T22882G A22893C T22917G	S:K417N NA S:N440K S:K444T S:L452R	10	12203	0.000819	22793	22937
G22813T T22860-TA T22882G G22895C T22896C G22898A T22942G	S:K417N NA S:N440K S:V445P S:V445P S:G446S S:N460K	10	9872	0.001013	22793	22960
G22813T G22859+T T22882G G22895C T22896C G22898A	S:K417N NA S:N440Q S:V445P S:V445P S:G446R	10	12946	0.000772	22793	22918
G22813T C22855T T22882G A22893C	S:K417N S:G431G S:N440K S:K444T	10	13840	0.000723	22793	22910
G22813T C22839+T T22882G G22895C T22896C G22898A T22942G	S:K417N NA S:N440Q S:V445P S:V445P S:G446R S:N460*	10	9872	0.001013	22793	22967
G22813T A22941-T	S:K417N NA	10	9924	0.001008	22793	22967
G22813T A22845-T T22882G T22917G T22942A	S:K417N NA S:N440K S:L452R S:N460K	10	9872	0.001013	22793	22949
G22403-A G22487-A G22578A	NA NA S:G339D	10	982	0.010183	22368	22581
G22403-A G22487-A C22572-T G22578A	NA NA NA S:G339D	10	982	0.010183	22380	22581
G22331A	S:G257S	10	1958	0.005107	22256	22387
G21987A T21990-TTA C22000-A C22009-A	S:G142D S:DEL144 NA NA	10	10055	0.000995	21847	22058
G21987A A21993-T	S:G142D NA	10	11909	0.00084	21982	22058
C25416T T25458C	ORF3a:F8F ORF3a:D22D	10	9841	0.001016	25381	25477
C25416T T25434C	ORF3a:F8F ORF3a:T14T	10	10082	0.000992	25381	25477
C25416T A25438G	ORF3a:F8F ORF3a:K16E	10	10059	0.000994	25381	25477
C25416T A25426G	ORF3a:F8F ORF3a:T12A	10	10156	0.000985	25383	25477
C25294T	S:L1244L	10	51918	0.000193	25276	25324
C25262-T T25310C	NA S:C1250R	10	50324	0.000199	25251	25325
C25227T	S:A1222V	10	45913	0.000218	25217	25325
C25214T C25262-T	S:L1218L NA	10	40932	0.000244	25130	25324
C25000T G25064A	S:D1146D S:D1168N	10	20040	0.000499	24990	25065
C25000T A25056G	S:D1146D S:D1165G	10	20149	0.000496	24990	25069
C25000T A25048G	S:D1146D S:P1162P	10	20215	0.000495	24990	25069
C25000T A25040G	S:D1146D S:T1160A	10	20275	0.000493	24990	25069
C24878-A C24981-T	NA NA	10	16054	0.000623	24850	24999
C24859T C25000T	S:G1099G S:D1146D	10	15675	0.000638	24850	25069
C24575T	S:Q1005*	10	26694	0.000375	24488	24679
C24528T	S:A989V	10	53874	0.000186	24470	24564
C24517-A C24536-A	NA NA	10	53540	0.000187	24486	24564
C24422T A24424T T24469A	S:Q954Y S:Q954Y S:N969K	10	25738	0.000389	24415	24564
C24378-T A24424T	NA S:Q954H	10	2436	0.004105	24317	24424
C24026-T A24110-T	NA NA	10	3139	0.003186	24022	24121
C23854A T23916+A G23948T	S:N764K NA S:D796*	10	1404	0.007123	23846	23978
C23846T C23854A	S:Q762* S:N764K	10	24212	0.000413	23828	23895
C23833T C23854A	S:G757G S:N764K	10	23695	0.000422	23817	23895
C23816+T C23887-A	NA NA	10	22262	0.000449	23767	23895
C23758A	S:T732T	10	22575	0.000443	23683	23831
C23709-A C23887-A	NA NA	10	18909	0.000529	23683	23895
C23604A C23692T	S:P681H S:N710N	10	36953	0.000271	23580	23724
C23604A A23712+T	S:P681H NA	10	36223	0.000276	23581	23724
C23589T T23599G C23604A	S:T676I S:N679K S:P681H	10	100038	0.0001	23580	23642
C23525T T23599G C23604A C23630T	S:H655Y S:N679K S:P681H S:Q690*	10	61120	0.000164	23487	23637
C23525T T23599G C23603T C23604A	S:H655Y S:N679K S:P681Y S:P681Y	10	61852	0.000162	23487	23642
C23525T T23599A C23604A	S:H655Y S:N679K S:P681H	10	61852	0.000162	23487	23622
C23525T T23563+C T23599G C23604A	S:H655Y NA S:N679* S:P681Y	10	61852	0.000162	23487	23635
C23525T T23540C A23558G T23599G C23604A	S:H655Y S:Y660H S:I666V S:N679K S:P681H	10	61852	0.000162	23487	23616
C23525T T23529C C23604A	S:H655Y S:V656A S:P681H	10	61852	0.000162	23487	23642
C23525T T23527+A T23599G C23604A	S:H655* NA S:N679* S:P681Y	10	61852	0.000162	23508	23629
C23525T G23545A T23599G C23604A	S:H655Y S:E661E S:N679K S:P681H	10	61852	0.000162	23487	23642
C23525T C23530T T23599G C23604A	S:H655Y S:V656V S:N679K S:P681H	10	61852	0.000162	23511	23642
C23525T A23594G C23604A	S:H655Y S:T678A S:P681H	10	61852	0.000162	23504	23642
C23525T A23558-T T23599G	S:H655Y NA S:N679K	10	61871	0.000162	23516	23637
C23525T A23558-T C23604A	S:H655Y NA S:P681H	10	61852	0.000162	23496	23624
C23525T A23552T T23599G C23604A	S:H655Y S:I664L S:N679K S:P681H	10	61852	0.000162	23487	23642
C23525T A23534G C23555T T23599G C23604A	S:H655Y S:N658D S:P665S S:N679K S:P681H	10	61852	0.000162	23487	23624
C23525T A23526+G T23599G C23604A	S:H655* NA S:N679* S:P681Y	10	61852	0.000162	23487	23624
C23502+A	NA	10	80953	0.000124	23487	23511
C23410+A	NA	10	28732	0.000348	23335	23419
C23376+T	NA	10	28608	0.00035	23340	23384
C23334-T T23421+C	NA NA	10	12103	0.000826	23269	23443
C23334-T T23389C A23403G	NA S:A609A S:D614G	10	12231	0.000818	23269	23443
C23188+T C23230-A	NA NA	10	1405	0.007117	23089	23244
C23099-T T23143-A T23164-A C23230-A	NA NA NA NA	10	1283	0.007794	23089	23244
C22802+A G22813T T22882G G22895C T22896C G22898A T22942G	NA S:K417N S:N440Q S:V445P S:V445P S:G446R S:N460*	10	9779	0.001023	22793	22967
C22572-T G22578A	NA S:G339D	10	1132	0.008834	22539	22580
C22290-T G22317T	NA S:G252V	10	8620	0.00116	22246	22319
C22120-A T22200A G22317T	NA S:V213E S:G252V	10	3883	0.002575	22112	22319
C22109G A22161-T T22200A G22317T	S:Q183E NA S:V213E S:G252V	10	3727	0.002683	22100	22319
C22083-T G22104-A C22120-A T22164-TA	NA NA NA NA	10	3162	0.003163	22030	22192
C22062+T	NA	10	3397	0.002944	22032	22083
C22000A A22004G	S:H146Q S:N148D	10	12153	0.000823	21993	22058
C21978A G21987A A21999T	S:P139Q S:G142D S:H146L	10	9625	0.001039	21965	22058
A25450G	ORF3a:I20V	10	9938	0.001006	25383	25477
A25439G	ORF3a:K16R	10	10052	0.000995	25382	25474
A25397-T	NA	10	10378	0.000964	25383	25445
A25256+C	NA	10	50371	0.000199	25251	25325
A25158G	S:D1199G	10	39101	0.000256	25151	25210
A25056-T	NA	10	20561	0.000486	25027	25065
A24952G C25000T	S:I1130M S:D1146D	10	16309	0.000613	24850	25069
A24885-T C24899-A C24981-T C25000T	NA NA NA S:D1146D	10	15816	0.000632	24852	25054
A24862G	S:T1100T	10	19527	0.000512	24850	24898
A24779G	S:K1073E	10	6885	0.001452	24760	24806
A24646G	S:K1028K	10	31503	0.000317	24612	24679
A24614-T	NA	10	31289	0.00032	24612	24667
A24612G	S:E1017G	10	26542	0.000377	24477	24679
A24610G	S:A1016A	10	26541	0.000377	24480	24679
A24595G C24672-A	S:Q1011Q NA	10	25987	0.000385	24479	24679
A24567G	S:Q1002R	10	26718	0.000374	24558	24679
A24516G C24672-A	S:D985G NA	10	25511	0.000392	24493	24679
A24500G C24672-A	S:I980V NA	10	25335	0.000395	24473	24679
A24424T T24534C	S:Q954H S:V991A	10	25423	0.000393	24412	24564
A24424T T24504C	S:Q954H S:L981P	10	25586	0.000391	24412	24564
A24424T T24499C	S:Q954H S:D979D	10	25620	0.00039	24412	24564
A24424T T24492-A	S:Q954H NA	10	25646	0.00039	24412	24564
A24424T T24491C	S:Q954H S:L977L	10	25652	0.00039	24412	24564
A24424T T24469A C24559T	S:Q954H S:N969K S:G999G	10	25199	0.000397	24412	24564
A24424T T24469A C24536T	S:Q954H S:N969K S:Q992*	10	25402	0.000394	24413	24564
A24424T T24469A A24545G	S:Q954H S:N969K S:R995G	10	25359	0.000394	24412	24564
A24424T T24469A A24532G	S:Q954H S:N969K S:E990E	10	25432	0.000393	24412	24564
A24424T T24451C	S:Q954H S:V963V	10	25859	0.000387	24420	24564
A24424T C24435-T G24488-T	S:Q954H NA NA	10	25659	0.00039	24412	24564
A24424T A24560G	S:Q954H S:R1000G	10	25167	0.000397	24412	24564
A24424T A24543G	S:Q954H S:D994G	10	25372	0.000394	24412	24564
A24318G A24424T	S:N919S S:Q954H	10	2137	0.004679	24292	24424
A24253-T A24424T	NA S:Q954H	10	1690	0.005917	24229	24424
A24190G	S:A876A	10	7404	0.001351	24151	24191
A24167G	S:M869V	10	7627	0.001311	24148	24190
A24103+T	NA	10	4708	0.002124	24092	24106
A23888G	S:K776E	10	23856	0.000419	23862	23892
A23884G	S:Q774Q	10	24006	0.000417	23804	23887
A23853G C23854A	S:N764R S:N764R	10	24471	0.000409	23683	23886
A23853-C C23855A	NA S:R765S	10	24361	0.00041	23836	23895
A23845G C23887-A	S:T761T NA	10	22993	0.000435	23767	23895
A23843G	S:T761A	10	24448	0.000409	23767	23854
A23777G C23854A	S:T739A S:N764K	10	22927	0.000436	23683	23895
A23772G C23854A	S:D737G S:N764K	10	22894	0.000437	23750	23895
A23770G C23854A	S:V736V S:N764K	10	22859	0.000437	23683	23895
A23759G C23854A	S:K733E S:N764K	10	20172	0.000496	23683	23895
A23712-T C23887-A	NA NA	10	18916	0.000529	23699	23895
A23702G	S:I714V	10	62715	0.000159	23683	23724
A23696G C23854A	S:I712V S:N764K	10	19748	0.000506	23683	23895
A23636-T	NA	10	100706	0.000099	23628	23642
A23594T T23599G C23604A	S:T678S S:N679K S:P681H	10	100155	0.0001	23580	23642
A23503+G	NA	10	80942	0.000124	23487	23519
A23474+T G23522-A C23525T	NA NA S:H655S	10	14273	0.000701	23413	23539
A23432+C C23435+T	NA NA	10	27184	0.000368	23335	23450
A23403G T23507C C23525T	S:D614G S:C649R S:H655Y	10	12672	0.000789	23349	23532
A23403G T23485A G23486T T23487G C23525T	S:D614G S:N641K S:V642C S:V642C S:H655Y	10	12672	0.000789	23381	23533
A23403G T23459C C23525T	S:D614G S:W633R S:H655Y	10	12672	0.000789	23342	23539
A23403G T23437C C23525T	S:D614G S:H625H S:H655Y	10	12672	0.000789	23369	23539
A23403G G23405A	S:D614G S:V615I	10	27971	0.000358	23332	23443
A23403G A23494G C23525T	S:D614G S:Q644Q S:H655Y	10	12672	0.000789	23335	23539
A23403G A23432+C C23435+T	S:D614G NA NA	10	25644	0.00039	23335	23452
A23403G A23409G	S:D614G S:N616S	10	27943	0.000358	23335	23443
A23366G	S:T602A	10	29284	0.000341	23345	23398
A23359G	S:T599T	10	30041	0.000333	23342	23429
A23356G A23403G	S:I598M S:D614G	10	26750	0.000374	23335	23443
A21875-T G21901-A	NA NA	10	12554	0.000797	21847	21912
A21875-T A21979-T G21987A T21990-TTA A21999-CAA	NA NA S:G142D S:DEL144 S:DEL147	10	6539	0.001529	21847	22026
A21875-T A21979-T G21987A A21999T C22000-A	NA NA S:G142D S:H146L NA	10	6531	0.001531	21867	22026
A21875-T A21949G	NA S:K129K	10	11961	0.000836	21847	21982
A21875-T A21902-C	NA NA	10	12538	0.000798	21847	21937
A21875+T G21987A T21990-TTA	NA S:G142E S:DEL144	10	8256	0.001211	21847	22009
