nt_mutations	aa_mutations	cluster_depth	total_depth	frequency	coverage_start	coverage_end
C23525T T23599G C23604A	S:H655Y S:N679K S:P681H	15569	34209	0.455114	23523	23605
T23599G C23604A	S:N679K S:P681H	14571	70471	0.206766	23596	23607
A24424T T24469A	S:Q954H S:N969K	5863	27482	0.21334	24421	24470
A24424T	S:Q954H	5621	30232	0.185929	24420	24424
A23403G	S:D614G	4793	26915	0.178079	23399	23408
C25416T	ORF3a:F8F	4732	16476	0.287206	25384	25430
C25262-T	NA	4244	35463	0.119674	25259	25275
C25000T	S:D1146D	3874	19583	0.197825	24998	25003
C23854A	S:N764K	3457	14786	0.233802	23850	23862
A23403G C23525T	S:D614G S:H655Y	3391	12206	0.277814	23401	23529
G22317T	S:G252V	3306	10886	0.303693	22315	22318
T24469A	S:N969K	3261	40272	0.080974	24467	24481
C23525T	S:H655Y	2661	49739	0.053499	23521	23528
T23599G C23604A C23673T	S:N679K S:P681H S:S704L	2347	34897	0.067255	23593	23690
C24981-T C25000T	NA S:D1146D	1629	15295	0.106505	24910	25003
G22813T T22882G	S:K417N S:N440K	1490	12956	0.115005	22811	22883
C24672-A	NA	1415	19438	0.072796	24653	24679
T23599G	S:N679K	1326	70522	0.018803	23595	23602
G21987A	S:G142D	1229	12198	0.100754	21970	21990
G21987A T21990-TTA C22000A	S:G142D S:DEL144 S:H146Q	1170	9654	0.121193	21975	22002
C23604A	S:P681H	1161	70585	0.016448	23600	23608
C23334-T	NA	1132	13012	0.086997	23285	23346
T22942G	S:N460K	921	10863	0.084783	22938	22949
C21618T T21632-TACCCCCTG	S:T19I S:DEL25/27	914	2395	0.381628	21611	21657
C23525T C23604A	S:H655Y S:P681H	874	34209	0.025549	23516	23611
T23599G C23604A C23664T	S:N679K S:P681H S:A701V	821	34991	0.023463	23583	23669
G21987A T21990-TTA A21999-C	S:G142D S:DEL144 NA	784	9654	0.08121	21974	22012
A24253-T	NA	636	7393	0.086027	24239	24263
C23525T T23599G	S:H655Y S:N679K	629	34228	0.018377	23516	23601
G22813T T22882G G22895C T22896C G22898A T22942G	S:K417N S:N440K S:V445P S:V445P S:G446S S:N460K	625	6299	0.099222	22808	22947
T22882G	S:N440K	617	14696	0.041984	22876	22885
T23599G C23604G	S:N679K S:P681R	559	70471	0.007932	23589	23608
T23765G C23854A	S:S735A S:N764K	539	12099	0.044549	23757	23875
G22813T T22882G G22895C T22896C G22898A	S:K417N S:N440K S:V445P S:V445P S:G446S	539	8703	0.061933	22808	22906
A23515+G C23525T T23599G C23604A	NA S:H655S S:N679* S:P681Y	523	34117	0.01533	23505	23608
C23525T T23599G C23604G	S:H655Y S:N679K S:P681R	519	34209	0.015171	23509	23615
G22813T	S:K417N	517	13821	0.037407	22805	22816
G22813T T22882G G22895C T22896C G22898A T22928C T22942G	S:K417N S:N440K S:V445P S:V445P S:G446S S:F456L S:N460K	516	6299	0.081918	22809	22947
C22000A	S:H146Q	502	10795	0.046503	21996	22032
C23887-A	NA	464	14235	0.032596	23792	23894
G23948T	S:D796Y	443	1996	0.221944	23944	23951
C24536-A	NA	400	44526	0.008984	24524	24554
T25191-A C25262-T	NA NA	392	24533	0.015978	25140	25282
A24424T T24469A T24472-G	S:Q954H S:N969K NA	368	27448	0.013407	24415	24494
C22109G T22200A G22317T	S:Q183E S:V213E S:G252V	353	2320	0.152155	22105	22319
C25207T	S:Y1215Y	348	30540	0.011395	25202	25210
C22109G T22200A	S:Q183E S:V213E	346	3899	0.088741	22105	22201
T24267-G	NA	313	7482	0.041834	24260	24309
T22200A G22317T	S:V213E S:G252V	313	3245	0.096456	22193	22319
C24852-A C25000T	NA S:D1146D	310	13634	0.022737	24850	25009
C23525T T23599G C23604A C23613T	S:H655Y S:N679K S:P681H S:A684V	307	34180	0.008982	23516	23624
G22927T T22942G	S:L455F S:N460K	300	9919	0.030245	22922	22949
T23599G C23604G C23664T	S:N679K S:P681R S:A701V	288	34991	0.008231	23587	23676
T23599G C23604A C23613T	S:N679K S:P681H S:A684V	270	70410	0.003835	23593	23634
G21987A T21990-TTA C22000A C22033A	S:G142D S:DEL144 S:H146Q S:F157L	269	9295	0.02894	21974	22043
G22813T T22882G G22895C G22898A	S:K417N S:N440K S:V445L S:G446S	250	8703	0.028726	22793	22906
C23334-T A23403G	NA S:D614G	250	11838	0.021118	23287	23411
C23525T A23558-T T23599G C23604A	S:H655Y NA S:N679K S:P681H	247	34209	0.00722	23501	23622
C22033A	S:F157L	247	12263	0.020142	22029	22043
T24492-A	NA	240	44813	0.005356	24486	24554
G25302-T	NA	228	36996	0.006163	25295	25321
T23765G	S:S735A	220	14062	0.015645	23708	23768
T24469A T24472-G	S:N969K NA	219	40232	0.005443	24465	24552
A24110-T	NA	217	3719	0.058349	24101	24120
T21632-TACCCCCTG	S:DEL25/27	215	2395	0.08977	21605	21653
A23786-T C23854A	NA S:N764K	212	13748	0.01542	23775	23869
G22813T T22882G G22895C T22896C G22898A T22917G T22930A T22942G	S:K417N S:N440K S:V445P S:V445P S:G446S S:L452R S:F456L S:N460K	211	6299	0.033497	22808	22944
C24981-T	NA	209	15688	0.013322	24949	24991
C25294-A	NA	208	36683	0.00567	25286	25319
T21990-TTA C22000A	S:DEL144 S:H146Q	207	9654	0.021442	21975	22046
G22813T T22882G G22895C T22896C G22898A T22930A T22942G	S:K417N S:N440K S:V445P S:V445P S:G446S S:F456L S:N460K	199	6299	0.031592	22809	22945
T23599G C23604A G23666-A	S:N679K S:P681H NA	193	34973	0.005519	23593	23678
G22813T T22882G G22895C T22896C G22898A T22917G T22942G	S:K417N S:N440K S:V445P S:V445P S:G446S S:L452R S:N460K	188	6299	0.029846	22809	22947
C24852-A	NA	187	18118	0.010321	24850	24870
C25000T C25047T	S:D1146D S:P1162L	186	18474	0.010068	24990	25061
T22200A	S:V213E	173	4930	0.035091	22195	22203
G25198-C	NA	173	29301	0.005904	25191	25210
C25207T C25262-T	S:Y1215Y NA	172	26537	0.006482	25159	25314
C24119-A	NA	166	4056	0.040927	24111	24129
A24424T T24471-TG	S:Q954H NA	165	27449	0.006011	24417	24488
A24424T C24536-A	S:Q954H NA	162	26986	0.006003	24413	24549
A24324-AT	NA	162	7318	0.022137	24284	24335
T23599G C23604A T23659-G	S:N679K S:P681H NA	161	35033	0.004596	23587	23697
A23515+G T23599G C23604A	NA S:N679* S:P681Y	161	34117	0.004719	23499	23624
T23582C T23599G C23604A	S:Y674H S:N679K S:P681H	157	70168	0.002237	23580	23635
T24469A C24672-A	S:N969K NA	152	10429	0.014575	24465	24679
G24488-T	NA	149	44626	0.003339	24486	24499
G21987A A21993-TTACC A21999C	S:G142D NA S:H146P	149	9654	0.015434	21966	22017
T23599G C23604A C23709-A	S:N679K S:P681H NA	147	33924	0.004333	23585	23717
T23599G C23604A T23703C	S:N679K S:P681H S:I714T	146	34183	0.004271	23593	23717
G21987A T21990-TTA	S:G142D S:DEL144	146	11960	0.012207	21975	22012
C25416T G25555-T	ORF3a:F8F NA	144	6821	0.021111	25383	25566
C23525T T23584C T23599G C23604A	S:H655Y S:Y674Y S:N679K S:P681H	144	34209	0.004209	23501	23633
C25047T	S:P1162L	143	19139	0.007472	25041	25065
G24140-T	NA	142	4693	0.030258	24130	24153
A24424T T24438+A	S:Q954H NA	140	27786	0.005039	24413	24448
G25218-T C25262-T	NA NA	138	29522	0.004674	25130	25272
A23403G G23486-T C23525T	S:D614G NA S:H655Y	136	12206	0.011142	23398	23529
T21990-TTA A21999-C	S:DEL144 NA	135	9654	0.013984	21974	22015
G22577C G22578A	S:G339H S:G339H	134	1152	0.116319	22565	22580
C25184T	S:Q1208*	132	28291	0.004666	25180	25194
G21987A T21990-TTA A21999-C C22033A	S:G142D S:DEL144 NA S:F157L	131	9295	0.014094	21974	22035
T24471-TG	NA	128	42471	0.003014	24465	24563
T23143-A	NA	128	7725	0.01657	23108	23155
C23664T	S:A701V	128	37730	0.003393	23658	23700
G23501A C23525T T23599G C23604A	S:A647T S:H655Y S:N679K S:P681H	127	33703	0.003768	23493	23624
C22109G	S:Q183E	125	4325	0.028902	22105	22121
T23599G C23604A G23724A	S:N679K S:P681H Unknown	124	33420	0.00371	23581	23724
G23364-A A23403G C23525T	NA S:D614G S:H655Y	124	11230	0.011042	23354	23529
A24922-T C24981-T C25000T	NA NA S:D1146D	124	14510	0.008546	24868	25006
T22882G G22895C T22896C G22898A	S:N440K S:V445P S:V445P S:G446S	123	10432	0.011791	22877	22906
C23230-A	NA	123	5983	0.020558	23225	23242
G22813T T22882G T22896C G22898A T22942G	S:K417N S:N440K S:V445A S:G446S S:N460K	122	6299	0.019368	22797	22953
T21934-A G21987A T21990-TTA C22000A	NA S:G142D S:DEL144 S:H146Q	121	7576	0.015971	21914	22058
A23853-C	NA	119	14822	0.008029	23844	23862
T23599G C23604A A23712+T	S:N679K S:P681H NA	118	33809	0.00349	23580	23717
C24672-A A24684-T	NA NA	117	5046	0.023187	24648	24697
C23854A C23887-A	S:N764K NA	117	13781	0.00849	23840	23894
T23637-C	NA	115	71481	0.001609	23630	23642
C22000A C22033A	S:H146Q S:F157L	115	10435	0.011021	21995	22058
T23599G C23604A A23712-T	S:N679K S:P681H NA	114	33809	0.003372	23581	23724
T23599G C23673T	S:N679K S:S704L	113	34897	0.003238	23581	23705
A23403G C23423T C23525T	S:D614G S:P621S S:H655Y	113	12206	0.009258	23394	23532
T22926-G T22942G	NA S:N460K	111	9899	0.011213	22919	22944
G23508+T C23525T T23599G C23604A	NA S:H655S S:N679* S:P681Y	111	34002	0.003265	23501	23624
A24424T G24488-T	S:Q954H NA	111	27361	0.004057	24412	24511
T23599G C23604A T23605C C23707T	S:N679K S:P681H S:P681H S:P715P	109	34015	0.003204	23580	23711
C22109G C22120-A T22200A	S:Q183E NA S:V213E	108	3899	0.027699	22105	22207
A24424T T24438+A T24469A	S:Q954H NA S:N969Q	108	27482	0.00393	24412	24554
T24267-G A24424T	NA S:Q954H	107	1373	0.077932	24259	24424
T24469A C24536-A	S:N969K NA	106	39383	0.002692	24465	24558
T23765G C23887-A	S:S735A NA	106	11153	0.009504	23699	23894
G25555-T	NA	106	6821	0.01554	25372	25562
C23525T T23546C T23599G C23604A C23613T	S:H655Y S:C662R S:N679K S:P681H S:A684V	105	34180	0.003072	23512	23624
C23367-A	NA	105	30127	0.003485	23353	23378
G25218-T	NA	104	29713	0.0035	25211	25231
T25191-A	NA	103	28898	0.003564	25181	25202
C22480T G22577C G22578A	S:F306F S:G339H S:G339H	103	812	0.126847	22472	22581
G23768-T	NA	101	15650	0.006454	23767	23781
C24990T C25000T	S:P1143L S:D1146D	101	15425	0.006548	24977	25004
C25000T C25100-A	S:D1146D NA	99	3589	0.027584	24998	25112
C23525T G23568T T23599G C23604A	S:H655Y S:G669V S:N679K S:P681H	99	34209	0.002894	23498	23624
C23525T A23532G T23599G C23604A	S:H655Y S:N657S S:N679K S:P681H	98	34209	0.002865	23509	23624
T22882G G22895C G22898A	S:N440K S:V445L S:G446S	97	10432	0.009298	22877	22906
C23816-T	NA	97	15190	0.006386	23767	23824
C23525T A23558-TTGGTGCAGGTATATGCGCTAG T23599G C23604A	S:H655Y NA S:N679K S:P681H	97	34209	0.002836	23487	23624
G23504-GC C23525T T23599G C23604A	NA S:H655Y S:N679K S:P681H	96	33876	0.002834	23493	23624
G23364-A A23403G	NA S:D614G	96	25689	0.003737	23339	23442
A21875-T	NA	96	12398	0.007743	21870	21890
C23367+A	NA	95	30127	0.003153	23336	23377
T23599G C23604A A23702G	S:N679K S:P681H S:I714V	94	34218	0.002747	23581	23717
A23712+T	NA	94	52210	0.0018	23693	23724
A23013C T23018C T23019C T23031C A23055G A23063T T23075C	S:E484A S:F486P S:F486P S:F490S S:Q498R S:N501Y S:Y505H	94	996	0.094378	23008	23094
C25262-T C25416T	NA ORF3a:F8F	92	2148	0.042831	25252	25429
C25262-T A25327-T	NA NA	91	3268	0.027846	25253	25334
C25000T G25019T	S:D1146D S:D1153Y	91	18991	0.004792	24993	25051
T25415-C	NA	90	16489	0.005458	25383	25440
T21934-A G21987A T21990-TTA A21999-C	NA S:G142D S:DEL144 NA	90	7576	0.01188	21899	22058
G22813T T22882G G22895C T22896C G22898A G22927T T22928C T22942G	S:K417N S:N440K S:V445P S:V445P S:G446S S:L455F S:F456L S:N460K	90	6299	0.014288	22800	22944
C23525T T23599G C23604A T23605C	S:H655Y S:N679K S:P681H S:P681H	90	34201	0.002632	23487	23630
A24885+T C24981-T C25000T	NA NA S:D1146S	89	14234	0.006253	24852	25004
T23599G T23600C C23604A	S:N679K S:S680P S:P681H	88	70471	0.001249	23580	23640
T23599G C23604A G23675-T	S:N679K S:P681H NA	88	34873	0.002523	23581	23697
C24517-A	NA	88	44745	0.001967	24496	24527
T25268C	S:C1236R	87	35856	0.002426	25251	25281
G25181+A	NA	86	27764	0.003098	25174	25325
G22813T T22882G G22895C T22896C G22898A T22930A	S:K417N S:N440K S:V445P S:V445P S:G446S S:F456L	86	6778	0.012688	22801	22933
C23525T T23590C T23599G C23604A	S:H655Y S:T676T S:N679K S:P681H	86	34209	0.002514	23499	23622
T23599G C23604A A23639-T	S:N679K S:P681H NA	84	69045	0.001217	23580	23642
T22882G G22895C T22896C G22898A T22942G	S:N440K S:V445P S:V445P S:G446S S:N460K	84	7907	0.010623	22877	22944
C21618T	S:T19I	84	2450	0.034286	21597	21620
T24469A T24492-A	S:N969K NA	83	40105	0.00207	24465	24564
A23515+G C23525T	NA S:H655S	83	49558	0.001675	23492	23530
T23164-A	NA	82	7643	0.010729	23108	23181
G23402-A	NA	82	26928	0.003045	23394	23411
A24684-T	NA	82	5266	0.015572	24654	24697
A23523G C23525T T23599G C23604A	S:E654G S:H655Y S:N679K S:P681H	82	34205	0.002397	23508	23641
T25301-G	NA	81	36964	0.002191	25291	25307
C24150+T	NA	81	8962	0.009038	24148	24166
C23525T A23531G T23599G C23604A	S:H655Y S:N657D S:N679K S:P681H	81	34209	0.002368	23515	23639
T23599G C23604A A23723C	S:N679K S:P681H Unknown	80	33468	0.00239	23580	23724
G22927T T22930A T22942G	S:L455F S:F456L S:N460K	80	9919	0.008065	22921	22966
T25382+A	NA	78	16968	0.004597	25375	25398
C23525T A23550G T23599G C23604A	S:H655Y S:D663G S:N679K S:P681H	78	34209	0.00228	23487	23624
T25140-A	NA	77	26278	0.00293	25133	25145
T23599G C23604A A23708C C23709+A	S:N679K S:P681H S:T716H NA	77	33924	0.00227	23580	23717
A24110-T G24140-T	NA NA	77	3268	0.023562	24067	24153
C25276-A	NA	76	36189	0.0021	25269	25325
C23673T	S:S704L	76	37906	0.002005	23666	23700
C23525T A23594G T23599G C23604A	S:H655Y S:T678A S:N679K S:P681H	75	34209	0.002192	23487	23634
A25137-T C25262-T	NA NA	75	20923	0.003585	25129	25310
A24424T T24469A C24536-A	S:Q954H S:N969K NA	75	26986	0.002779	24416	24551
C24981-T C25000T C25047T	NA S:D1146D S:P1162L	74	14276	0.005184	24872	25052
C23525T T23599G C23604A A23631G	S:H655Y S:N679K S:P681H S:Q690R	74	33682	0.002197	23501	23640
C22109G C22120-A T22200A G22317T	S:Q183E NA S:V213E S:G252V	74	2320	0.031897	22100	22319
A25295G	S:K1245E	74	36715	0.002016	25291	25309
T23599G C23604A A23656G	S:N679K S:P681H S:S698S	73	35067	0.002082	23580	23660
C23525T T23546C T23599G C23604A	S:H655Y S:C662R S:N679K S:P681H	73	34209	0.002134	23516	23629
C23525T A23526G T23599G C23604A	S:H655C S:H655C S:N679K S:P681H	73	34209	0.002134	23505	23637
A24110-T C24119-A	NA NA	73	3599	0.020283	24057	24131
G22813T T22882G T22896C G22898A T22928C T22942G	S:K417N S:N440K S:V445A S:G446S S:F456L S:N460K	72	6299	0.01143	22805	22947
G21987A C22000A	S:G142D S:H146Q	72	9654	0.007458	21978	22058
C25000T A25045G	S:D1146D S:S1161S	72	18492	0.003894	24990	25065
C24981-T C24990T C25000T	NA S:P1143L S:D1146D	72	15295	0.004707	24898	25016
C24536-AA	NA	72	44526	0.001617	24521	24554
C23103-T	NA	72	7636	0.009429	23096	23115
A23403G T23428C C23525T	S:D614G S:V622V S:H655Y	72	12206	0.005899	23374	23529
T24470-TTG	S:DEL971	71	40536	0.001752	24465	24505
T23599G T23602C C23604A	S:N679K S:S680S S:P681H	71	70471	0.001008	23589	23642
G22813T T22882G G22895C T22896C G22898A T22900-G	S:K417N S:N440K S:V445P S:V445P S:G446S NA	71	8703	0.008158	22800	22914
T23599G C23664T	S:N679K S:A701V	70	34991	0.002001	23580	23700
G25287-T	NA	70	36491	0.001918	25270	25320
G22927T	S:L455F	69	10846	0.006362	22921	22967
C25214+G	NA	69	28565	0.002416	25207	25325
C25184T C25262-T	S:Q1208* NA	69	23708	0.00291	25166	25324
C24026-T	NA	69	4938	0.013973	24021	24041
T23599G C23604A A23636-T C23673T	S:N679K S:P681H NA S:S704L	68	34897	0.001949	23580	23700
C23525T C23533-A T23599G C23604A	S:H655Y NA S:N679K S:P681H	68	34209	0.001988	23493	23624
A24803-T	NA	68	7195	0.009451	24790	24806
G25266T	S:C1235F	67	35686	0.001877	25254	25324
C24503-T	NA	67	44780	0.001496	24490	24513
C24320-A	NA	67	7507	0.008925	24229	24328
C21888-T	NA	67	12476	0.00537	21847	21899
T23599G T23602-C C23604A	S:N679K NA S:P681H	66	70471	0.000937	23585	23642
G25019T	S:D1153Y	66	19385	0.003405	25012	25027
G22813T T22831+A T22882G	S:K417N NA S:N440Q	66	12956	0.005094	22807	22889
C25416T C25517-T	ORF3a:F8F NA	66	8218	0.008031	25372	25527
C23525T A23552G T23599G C23604A	S:H655Y S:I664V S:N679K S:P681H	66	34209	0.001929	23509	23624
C23099-T	NA	66	7636	0.008643	23096	23109
A23515+G C23525T A23558-T T23599G C23604A	NA S:H655S NA S:N679* S:P681Y	66	34117	0.001935	23487	23623
T23599G C23604A A23668G	S:N679K S:P681H S:E702E	65	34955	0.00186	23580	23706
C25416T G25471A	ORF3a:F8F ORF3a:D27N	65	15224	0.00427	25382	25477
T24438+A	NA	64	28658	0.002233	24428	24454
T23075C	S:Y505H	64	1514	0.042272	23071	23207
T25263C	S:L1234P	63	35576	0.001771	25251	25289
T23143-A T23164-A	NA NA	63	7470	0.008434	23089	23179
G24971+T C24981-T C25000T	NA NA S:D1146S	63	15127	0.004165	24850	25007
A25137-T	NA	63	26194	0.002405	25122	25151
A23403G G23441-A C23525T	S:D614G NA S:H655Y	63	12206	0.005161	23389	23529
T23599G C23604A A23704+C	S:N679K S:P681H NA	62	34161	0.001815	23580	23716
C24466+A	NA	62	40222	0.001541	24465	24475
C23525T T23582C T23599G C23604A	S:H655Y S:Y674H S:N679K S:P681H	62	34209	0.001812	23492	23635
A25274G	S:T1238A	62	36126	0.001716	25252	25317
A23712-T	NA	62	52210	0.001188	23699	23723
T23507C C23525T T23599G C23604A	S:C649R S:H655Y S:N679K S:P681H	61	33982	0.001795	23498	23637
G24992-A C25000T	NA S:D1146D	61	19452	0.003136	24990	25069
C23854A G23948T	S:N764K S:D796Y	61	951	0.064143	23846	23965
A23403G C23423T	S:D614G S:P621S	61	26175	0.00233	23388	23426
T25140+A C25262-T	NA NA	60	20999	0.002857	25130	25324
T22882G G22895C T22896C G22898A T22930A T22942G	S:N440K S:V445P S:V445P S:G446S S:F456L S:N460K	60	7907	0.007588	22877	22946
A21979-T G21987A A21993-TTACC A21999C	NA S:G142D NA S:H146P	60	9651	0.006217	21882	22019
T23599G C23604A A23708C	S:N679K S:P681H S:T716P	59	33948	0.001738	23580	23722
T23599G C23604A A23636-T C23673T A23688G	S:N679K S:P681H NA S:S704L S:N709S	59	34748	0.001698	23581	23710
G22317T G22403-A	S:G252V NA	59	3408	0.017312	22306	22414
C24616+A	NA	59	19740	0.002989	24612	24654
C23525T T23599G T23600C C23604A	S:H655Y S:N679K S:S680P S:P681H	59	34209	0.001725	23505	23624
C23525T C23575G T23599G C23604A	S:H655Y S:C671W S:N679K S:P681H	59	34209	0.001725	23487	23634
T24643-A	NA	58	19727	0.00294	24626	24655
T24472-G	NA	58	42518	0.001364	24465	24554
T23599G C23604A A23670G	S:N679K S:P681H S:N703S	58	34940	0.00166	23580	23700
G23486-T C23525T	NA S:H655Y	58	13642	0.004252	23476	23532
G22809-A G22813T T22882G	NA S:K417N S:N440K	58	12931	0.004485	22793	22887
C23604A C23664T	S:P681H S:A701V	58	35077	0.001654	23599	23691
C23525T T23599G C23604A T23620C	S:H655Y S:N679K S:P681H S:S686S	58	34162	0.001698	23508	23624
T23599G C23604A G23666+A	S:N679K S:P681H NA	57	34973	0.00163	23581	23687
T23143-A T23164-A C23230-A	NA NA NA	57	5495	0.010373	23089	23243
C24981-T C25000T A25056-T	NA S:D1146D NA	57	14161	0.004025	24933	25066
C23525T T23599G C23604A A23636G	S:H655Y S:N679K S:P681H S:I692V	57	33478	0.001703	23501	23637
C23525T T23581C T23599G C23604A	S:H655Y S:S673S S:N679K S:P681H	57	34209	0.001666	23487	23624
A24253-T A24324-AT	NA NA	57	6203	0.009189	24229	24335
T24643-A C24672-A	NA NA	56	19282	0.002904	24616	24679
T23599G C23604A C23609T	S:N679K S:P681H S:R683W	56	70437	0.000795	23581	23642
T22882G T22942G	S:N440K S:N460K	56	7907	0.007082	22876	22966
G22813T T22882G G22895C	S:K417N S:N440K S:V445L	56	11774	0.004756	22809	22904
C25517-T	NA	56	8218	0.006814	25372	25527
A25397-T	NA	56	16949	0.003304	25381	25407
C24878-A	NA	55	18704	0.002941	24857	24888
C24616+A C24672-A	NA NA	55	19104	0.002879	24612	24684
C23525T T23529C T23599G C23604A	S:H655Y S:V656A S:N679K S:P681H	55	34209	0.001608	23487	23634
A24424T T24427C T24469A	S:Q954H S:N955N S:N969K	55	27482	0.002001	24417	24550
A23598G T23599G C23604A	S:N679R S:N679R S:P681H	55	70456	0.000781	23580	23642
A23432+C	NA	55	26280	0.002093	23336	23439
A21875+T	NA	55	12398	0.004436	21848	21891
G22813T T22882G G22898A	S:K417N S:N440K S:G446S	54	8703	0.006205	22793	22906
C23271T A23403G C23423T	S:A570V S:D614G S:P621S	54	11079	0.004874	23269	23429
T23590C T23599G C23604A	S:T676T S:N679K S:P681H	53	70344	0.000753	23580	23622
T22882G T22896C G22898A T22942G	S:N440K S:V445A S:G446S S:N460K	53	7907	0.006703	22874	22967
G23522-A C23525T T23599G C23604A	NA S:H655Y S:N679K S:P681H	53	34205	0.001549	23507	23642
C23604A C23673T	S:P681H S:S704L	53	34983	0.001515	23580	23700
C23525T T23596C T23599G C23604A	S:H655Y S:T678T S:N679K S:P681H	53	34209	0.001549	23508	23624
C23525T A23544G T23599G C23604A	S:H655Y S:E661G S:N679K S:P681H	53	34209	0.001549	23509	23640
A24424T C24466+A	S:Q954H NA	53	27507	0.001927	24412	24476
A23403G T23437C C23525T	S:D614G S:H625H S:H655Y	53	12206	0.004342	23385	23529
T23703-A	NA	52	52630	0.000988	23683	23715
C25466-T	NA	52	15367	0.003384	25382	25475
C23525T T23599G T23602C C23604A	S:H655Y S:N679K S:S680S S:P681H	52	34209	0.00152	23492	23641
C23525T T23548C T23599G C23604A	S:H655Y S:C662C S:N679K S:P681H	52	34209	0.00152	23488	23624
A25216-G	NA	52	29226	0.001779	25209	25307
A23503G C23525T T23599G C23604A	S:A647A S:H655Y S:N679K S:P681H	52	33860	0.001536	23501	23624
T23599G C23604A T23662C	S:N679K S:P681H S:G700G	51	35011	0.001457	23580	23724
T23599G C23604A A23723G	S:N679K S:P681H Unknown	51	33468	0.001524	23580	23724
G25226T	S:A1222S	51	30887	0.001651	25219	25307
C23525T T23599G C23604A A23623G	S:H655Y S:N679K S:P681H S:V687V	51	34146	0.001494	23487	23637
C22295A	S:H245N	51	11454	0.004453	22288	22319
A24424T C24517+A	S:Q954H NA	51	27179	0.001876	24413	24538
A23494G C23525T T23599G C23604A	S:Q644Q S:H655Y S:N679K S:P681H	51	33506	0.001522	23487	23642
T25293C	S:L1244P	50	36663	0.001364	25270	25324
T23599G C23604A T23654C	S:N679K S:P681H S:S698P	50	35080	0.001425	23580	23668
T23596+A T23599G C23604A	NA S:N679* S:P681Y	50	70454	0.00071	23580	23633
A24253-T A24323-AAT	NA S:DEL922	50	6288	0.007952	24229	24337
T23599G C23604A T23640C	S:N679K S:P681H S:I693T	49	68949	0.000711	23580	23642
T23278-A	NA	49	18779	0.002609	23269	23290
G25218+T C25262-T	NA NA	49	29522	0.00166	25135	25325
A24424T T24469A A24562G	S:Q954H S:N969K S:R1000R	49	26488	0.00185	24415	24564
A24424T C24455-A	S:Q954H NA	49	27618	0.001774	24414	24465
A23786+T	NA	49	15470	0.003167	23769	23806
T25265C	S:C1235R	48	35669	0.001346	25251	25283
T23599G C23604A T23641-G C23664T	S:N679K S:P681H NA S:A701V	48	34991	0.001372	23580	23697
T23599G C23604A A23665G	S:N679K S:P681H S:A701A	48	34982	0.001372	23592	23691
G25401+T	NA	48	16864	0.002846	25382	25412
G23508+T C23525T	NA S:H655S	48	49374	0.000972	23487	23529
C23604G	S:P681R	48	70585	0.00068	23599	23610
C23280T A23403G	S:T573I S:D614G	48	11453	0.004191	23270	23443
A24424T C24536-AA	S:Q954H NA	48	26986	0.001779	24414	24561
A23013C T23018C T23019C T23031C A23055G	S:E484A S:F486P S:F486P S:F490S S:Q498R	48	1084	0.04428	23008	23061
T25307C	S:S1249P	47	37174	0.001264	25292	25325
T24492-A C24536-A	NA NA	47	43842	0.001072	24483	24564
T24414-G A24424T T24469A	NA S:Q954H S:N969K	47	27136	0.001732	24412	24564
G22813T T22882G G22895C T22896C G22898A T22917G T22930A	S:K417N S:N440K S:V445P S:V445P S:G446S S:L452R S:F456L	47	6778	0.006934	22801	22933
G22813T T22882G G22895C T22896C G22898A T22917G	S:K417N S:N440K S:V445P S:V445P S:G446S S:L452R	47	7717	0.00609	22793	22920
C23114T	S:L518L	47	7718	0.00609	23096	23147
A23497-C C23525T T23599G C23604A	NA S:H655Y S:N679K S:P681H	47	33538	0.001401	23489	23624
A21875+T G21987A	NA S:G142E	47	9382	0.00501	21867	21992
T23689-A	NA	46	52770	0.000872	23683	23698
T23599G C23604A T23684C	S:N679K S:P681H S:S708P	46	34784	0.001322	23580	23700
T23599G C23604A C23707T	S:N679K S:P681H S:P715P	46	34015	0.001352	23593	23717
T23599G C23604A C23609-G	S:N679K S:P681H NA	46	70437	0.000653	23581	23626
T22928C	S:F456L	46	10596	0.004341	22923	22967
G25278-T	NA	46	36251	0.001269	25267	25305
G22813T T22882G G22895C T22896C G22898A T22928C	S:K417N S:N440K S:V445P S:V445P S:G446S S:F456L	46	6840	0.006725	22793	22931
C25200T	S:P1213L	46	29690	0.001549	25195	25210
C25151+A	NA	46	26695	0.001723	25143	25187
C24899-A	NA	46	18450	0.002493	24857	24909
C22109G C22120-A	S:Q183E NA	46	4323	0.010641	22105	22134
A25315G	S:G1251G	46	37206	0.001236	25300	25325
A23588G T23599G C23604A	S:T676A S:N679K S:P681H	46	70308	0.000654	23580	23642
T25304C	S:C1248R	45	37087	0.001213	25296	25323
T23599G C23604A T23620C	S:N679K S:P681H S:S686S	45	70365	0.00064	23580	23642
T23511-A C23525T T23599G C23604A	NA S:H655Y S:N679K S:P681H	45	34077	0.001321	23491	23642
T22882G G22895C T22896C G22898A G22927T T22930A T22942G	S:N440K S:V445P S:V445P S:G446S S:L455F S:F456L S:N460K	45	7907	0.005691	22877	22948
G25284-T	NA	45	36396	0.001236	25274	25307
C23525T T23599G C23604A A23639-T	S:H655Y S:N679K S:P681H NA	45	33068	0.001361	23509	23642
C23525T A23588G T23599G C23604A	S:H655Y S:T676A S:N679K S:P681H	45	34209	0.001315	23487	23642
C23525T A23586G T23599G C23604A	S:H655Y S:Q675R S:N679K S:P681H	45	34209	0.001315	23487	23633
A25472+T	NA	45	15203	0.00296	25383	25481
A24423+T	NA	45	30261	0.001487	24416	24424
A24318-C A24424T	NA S:Q954H	45	1863	0.024155	24311	24424
A23362+C	NA	45	30643	0.001469	23335	23369
T25155C	S:I1198T	44	26951	0.001633	25141	25166
T22928C T22942G	S:F456L S:N460K	44	9981	0.004408	22923	22946
G23522-A C23525T	NA S:H655Y	44	49728	0.000885	23507	23538
G23222A C23271T	S:E554K S:A570V	44	5562	0.007911	23125	23290
G22577C G22578A G22599C C22664A C22674T T22679C	S:G339H S:G339H S:R346T S:L368I S:S371F S:S373P	44	270	0.162963	22494	22684
G22289+T	NA	44	11474	0.003835	22269	22319
C23707T	S:P715P	44	52499	0.000838	23684	23721
C23334-T C23367-A	NA NA	44	12628	0.003484	23285	23379
A24424T T24427C	S:Q954H S:N955N	44	27853	0.00158	24413	24564
A23403G T23452C C23525T	S:D614G S:T630T S:H655Y	44	12206	0.003605	23392	23539
T25312C	S:C1250C	43	37219	0.001155	25276	25325
T25303C	S:C1247C	43	37026	0.001161	25271	25324
T23599G C23604A A23631G	S:N679K S:P681H S:Q690R	43	69782	0.000616	23580	23642
T22896C G22898A T22942G	S:V445A S:G446S S:N460K	43	8010	0.005368	22884	22967
T22882G G22895C T22896C G22898A T22928C T22942G	S:N440K S:V445P S:V445P S:G446S S:F456L S:N460K	43	7907	0.005438	22876	22945
G23735+A	NA	43	14352	0.002996	23705	23751
C25321T	S:C1253C	43	37088	0.001159	25267	25324
C25300-T	NA	43	36918	0.001165	25276	25320
C25000T G25091+A	S:D1146D NA	43	3630	0.011846	24990	25210
C23525T G23576A T23599G C23604A	S:H655Y S:A672T S:N679K S:P681H	43	34209	0.001257	23487	23629
C23393+T	NA	43	28105	0.00153	23342	23409
C21978A G21987A T21990-TTA C22000A	S:P139Q S:G142D S:DEL144 S:H146Q	43	9648	0.004457	21960	22058
A24900G	S:Q1113R	43	18444	0.002331	24890	24909
A24424T T24451+A	S:Q954H NA	43	27649	0.001555	24415	24461
A23515+G	NA	43	49922	0.000861	23487	23531
A22798+G G22813T T22882G	NA S:K417N S:N440Q	43	12699	0.003386	22793	22889
T25251C	S:V1230A	42	31706	0.001325	25221	25325
T23599G C23604A T23713A	S:N679K S:P681H S:N717K	42	33774	0.001244	23580	23722
T23509C C23525T T23599G C23604A	S:C649C S:H655Y S:N679K S:P681H	42	34052	0.001233	23502	23642
T21976-C G21987A T21990-TTA C22000A	NA S:G142D S:DEL144 S:H146Q	42	9640	0.004357	21965	22032
G23505A C23525T T23599G C23604A	S:G648D S:H655Y S:N679K S:P681H	42	33892	0.001239	23501	23642
C25156T	S:I1198I	42	26962	0.001558	25148	25199
C25000T T25191-A	S:D1146D NA	42	3266	0.01286	24990	25206
C24899-A C24981-T C25000T	NA NA S:D1146D	42	14390	0.002919	24850	25008
C22295A C22353A	S:H245N S:A264D	42	4173	0.010065	22281	22356
C22109G T22200A G22218-T	S:Q183E S:V213E NA	42	3782	0.011105	22100	22232
A25045G	S:S1161S	42	19152	0.002193	25039	25065
A24885+T	NA	42	18584	0.00226	24870	24898
A23627-G	NA	42	71520	0.000587	23620	23642
A21979-T G21987A T21990-TTA A21999-CAA	NA S:G142D S:DEL144 S:DEL147	42	9651	0.004352	21850	22022
T23599G C23604A T23693C	S:N679K S:P681H S:S711P	41	34679	0.001182	23580	23700
G24933-T	NA	41	18283	0.002243	24903	24943
G23835+T	NA	41	14906	0.002751	23771	23850
G22813T T22882G G22895C G22898A T22928C T22942G	S:K417N S:N440K S:V445L S:G446S S:F456L S:N460K	41	6299	0.006509	22807	22949
G22104-A C22109G C22120-A T22200A	NA S:Q183E NA S:V213E	41	3830	0.010705	22100	22209
C25000T T25072-G	S:D1146D NA	41	3825	0.010719	24992	25081
C23525T A23534G T23599G C23604A	S:H655Y S:N658D S:N679K S:P681H	41	34209	0.001199	23487	23638
C23399+T C23525T	NA S:H655S	41	12174	0.003368	23339	23532
C23280T	S:T573I	41	18792	0.002182	23269	23290
A25256+T C25262-T	NA NA	41	35173	0.001166	25251	25314
A25133G	S:K1191E	41	25968	0.001579	25130	25160
A23558-T T23599G C23604A	NA S:N679K S:P681H	41	34664	0.001183	23487	23624
A23495G C23525T T23599G C23604A	S:T645A S:H655Y S:N679K S:P681H	41	33514	0.001223	23487	23624
A23493G C23525T T23599G C23604A	S:Q644R S:H655Y S:N679K S:P681H	41	33430	0.001226	23487	23637
A23403G C23536+G	S:D614G NA	41	11815	0.00347	23394	23539
T25148+A	NA	40	26590	0.001504	25141	25170
T25123C	Unknown	40	24576	0.001628	25122	25172
T23599G C23604G C23643T	S:N679K S:P681R S:A694V	40	67860	0.000589	23592	23724
T23599G C23604A T23633C	S:N679K S:P681H S:S691P	40	69726	0.000574	23580	23642
T23489C C23525T T23599G C23604A	S:F643L S:H655Y S:N679K S:P681H	40	33152	0.001207	23486	23637
T23434-C C23525T	NA S:H655Y	40	13124	0.003048	23419	23532
G21987A A21999-C	S:G142D NA	40	9654	0.004143	21970	22012
G21969-T G21987A T21990-TTA C22000A	NA S:G142D S:DEL144 S:H146Q	40	9445	0.004235	21962	22058
C24981-T C25000T G25019T	NA S:D1146D S:D1153Y	40	14721	0.002717	24857	25061
C23525T A23539T T23599G C23604A	S:H655Y S:S659S S:N679K S:P681H	40	34209	0.001169	23489	23629
C23123T	S:P521S	40	7713	0.005186	23118	23134
C22281+T G22317T	NA S:G252L	40	10532	0.003798	22246	22327
A23497G C23525T T23599G C23604A	S:T645T S:H655Y S:N679K S:P681H	40	33538	0.001193	23492	23634
A23403G T23434-C C23525T	S:D614G NA S:H655Y	40	12206	0.003277	23399	23532
T23599G C23604A T23637C	S:N679K S:P681H S:I692T	39	69457	0.000561	23580	23642
T23599G C23604A C23643T	S:N679K S:P681H S:A694V	39	67860	0.000575	23580	23701
T23599G C23604A A23696-T	S:N679K S:P681H NA	39	34658	0.001125	23581	23705
T23198C	S:L546L	39	7657	0.005093	23179	23224
T23143-A C23230-A	NA NA	39	5495	0.007097	23089	23242
G22813T T22882G T22896C G22898A	S:K417N S:N440K S:V445A S:G446S	39	8703	0.004481	22801	22908
C25416T A25503+C	ORF3a:F8F NA	39	9074	0.004298	25372	25512
C25000T A25026-T	S:D1146D NA	39	18779	0.002077	24990	25038
C23525T T23537C T23599G C23604A	S:H655Y S:S659P S:N679K S:P681H	39	34209	0.00114	23520	23641
A24922-T	NA	39	18364	0.002124	24900	24932
A24479-T	NA	39	43932	0.000888	24476	24499
A24424T T24470-TTG	S:Q954H S:DEL971	39	27450	0.001421	24416	24564
A24424T T24469A A24525G	S:Q954H S:N969K S:E988G	39	27090	0.00144	24413	24564
A24424T T24469A A24516G	S:Q954H S:N969K S:D985G	39	27184	0.001435	24417	24563
A24424T G24521+T	S:Q954H NA	39	27123	0.001438	24412	24537
A23013C T23019C T23031C A23055G A23063T T23075C	S:E484A S:F486S S:F490S S:Q498R S:N501Y S:Y505H	39	996	0.039157	23008	23132
T25310C	S:C1250R	38	37189	0.001022	25297	25324
T25191-A G25218-T C25262-T	NA NA NA	38	24533	0.001549	25130	25291
T25187C	S:Y1209H	38	28482	0.001334	25178	25207
T23599G C23604A T23629C	S:N679K S:P681H S:S689S	38	69867	0.000544	23581	23641
T23599G C23604A T23626C	S:N679K S:P681H S:A688A	38	69949	0.000543	23580	23642
T23278-A A23403G	NA S:D614G	38	11442	0.003321	23273	23443
T21990-TTA C22000A C22033A	S:DEL144 S:H146Q S:F157L	38	9295	0.004088	21975	22043
G25198-C C25207T	NA S:Y1215Y	38	29105	0.001306	25190	25325
G25177+A	NA	38	27629	0.001375	25169	25195
G24992-A	NA	38	19627	0.001936	24990	25069
G22992A C22995A A23013C T23018C T23019C T23031C	S:S477N S:T478K S:E484A S:F486P S:F486P S:F490S	38	358	0.106145	22968	23042
G21987A A21993-TTAC C22000A	S:G142D NA S:H146Q	38	9654	0.003936	21970	22018
C25262-TT	NA	38	35463	0.001072	25251	25303
C24981-T C25000T A25045G	NA S:D1146D S:S1161S	38	14291	0.002659	24850	25056
C24119-A G24140-T	NA NA	38	3725	0.010201	24111	24180
C23525T A23598G T23599G C23604A	S:H655Y S:N679R S:N679R S:P681H	38	34209	0.001111	23508	23637
C23525T A23592G T23599G C23604A	S:H655Y S:Q677R S:N679K S:P681H	38	34209	0.001111	23515	23629
C23525T A23566G T23599G C23604A	S:H655Y S:A668A S:N679K S:P681H	38	34209	0.001111	23501	23624
C23271T	S:A570V	38	18687	0.002033	23269	23290
A24424T T24469A C24536-AA	S:Q954H S:N969K NA	38	26986	0.001408	24412	24564
A23513G C23525T T23599G C23604A	S:I651V S:H655Y S:N679K S:P681H	38	34100	0.001114	23487	23640
T25382+A C25416T	NA ORF3a:F8L	37	16213	0.002282	25375	25475
T23599G T23602-C T23605A	S:N679K NA S:P681P	37	70448	0.000525	23582	23642
T23599G C23604A T23652C	S:N679K S:P681H S:M697T	37	35110	0.001054	23580	23724
G22813T T22882G G22895C T22896C G22898A G22927T T22942G	S:K417N S:N440K S:V445P S:V445P S:G446S S:L455F S:N460K	37	6299	0.005874	22796	22966
G22317T C22383+T	S:G252V NA	37	3774	0.009804	22266	22394
C25262-T G25364-T	NA NA	37	2892	0.012794	25251	25372
C24981-T C25000T A25026-T	NA S:D1146D NA	37	14521	0.002548	24852	25042
C24026-T A24110-T	NA NA	37	3252	0.011378	24021	24121
C23525T A23572G T23599G C23604A	S:H655Y S:I670M S:N679K S:P681H	37	34209	0.001082	23487	23624
A25176G	S:K1205R	37	27639	0.001339	25153	25184
A24900G C25000T	S:Q1113R S:D1146D	37	14395	0.00257	24863	25068
A24420G A24424T T24469A	S:N953S S:Q954H S:N969K	37	27456	0.001348	24412	24564
A23524G C23525T T23599G C23604A	S:E654E S:H655Y S:N679K S:P681H	37	34206	0.001082	23487	23639
A22914-C T22942G	NA S:N460K	37	9048	0.004089	22906	22967
T25283C	S:C1241R	36	36371	0.00099	25256	25325
T25260C	S:M1233T	36	35348	0.001018	25251	25325
T25233C	S:L1224S	36	31217	0.001153	25208	25325
T23765G A23786-T C23854A	S:S735A NA S:N764K	36	12099	0.002975	23713	23870
T23602-C C23604A	NA S:P681H	36	70576	0.00051	23587	23642
T23599G C23604A A23674G	S:N679K S:P681H S:S704S	36	34885	0.001032	23580	23724
G25305-T	NA	36	37100	0.00097	25297	25323
C24517-A C24672-A	NA NA	36	13952	0.00258	24476	24679
C24435-T	NA	36	28592	0.001259	24428	24445
C23709+A	NA	36	52365	0.000687	23683	23719
C23525T T23599G C23604A T23633C	S:H655Y S:N679K S:P681H S:S691P	36	33652	0.00107	23492	23637
A25374-T	NA	36	14891	0.002418	25372	25399
A25327-T	NA	36	3683	0.009775	25295	25335
A24493T	S:L977F	36	44782	0.000804	24489	24564
A24424T C24435-T	S:Q954H NA	36	27817	0.001294	24413	24453
A23403G A23414T	S:D614G S:T618S	36	26508	0.001358	23377	23443
A23013C T23018C T23019C T23031C	S:E484A S:F486P S:F486P S:F490S	36	1474	0.024423	23008	23037
T23599G C23604A T23659C	S:N679K S:P681H S:L699L	35	35033	0.000999	23580	23720
T23599G C23604A G23612A	S:N679K S:P681H S:A684T	35	70420	0.000497	23580	23637
T23599G C23604A A23627G	S:N679K S:P681H S:S689G	35	69908	0.000501	23580	23721
T22942G G22992A C22995A A23013C T23018C T23019C T23031C	S:N460K S:S477N S:T478K S:E484A S:F486P S:F486P S:F490S	35	228	0.153509	22938	23037
T22930A T22942G	S:F456L S:N460K	35	10095	0.003467	22926	22963
G23832A C23854A	S:G757D S:N764K	35	14272	0.002452	23805	23895
G22813T G22895C T22896C G22898A T22942G	S:K417N S:V445P S:V445P S:G446S S:N460K	35	6299	0.005556	22793	22949
C25000T C25100-A T25191-A	S:D1146D NA NA	35	3266	0.010716	24990	25210
C23525T T23599G C23604A T23629C	S:H655Y S:N679K S:P681H S:S689S	35	33752	0.001037	23508	23641
A24424T C24503-T	S:Q954H NA	35	27273	0.001283	24419	24538
A23688+G	NA	35	52735	0.000664	23683	23699
A23403G C23525T G23528A	S:D614G S:H655Y S:V656I	35	12164	0.002877	23390	23532
T25382-A	NA	34	16968	0.002004	25372	25399
T25319C	S:C1253R	34	37118	0.000916	25296	25323
T25306C	S:C1248C	34	37128	0.000916	25287	25324
T25280C	S:C1240R	34	36309	0.000936	25266	25298
T23819-TG C23854A	NA S:N764K	34	14115	0.002409	23805	23880
T23599G C23604A T23672C	S:N679K S:P681H S:S704P	34	34905	0.000974	23580	23705
T23599G C23604A A23691G	S:N679K S:P681H S:N710S	34	34708	0.00098	23580	23705
T23599G C23604A A23636G	S:N679K S:P681H S:I692V	34	69511	0.000489	23593	23642
T23245C	S:P561P	34	5781	0.005881	23237	23289
T21856+A	NA	34	12218	0.002783	21847	21865
G25244-T	NA	34	31510	0.001079	25234	25324
G24521+T	NA	34	44681	0.000761	24476	24530
G23441-A C23525T	NA S:H655Y	34	13203	0.002575	23415	23535
G22577C G22578A G22599C C22664A T22679C	S:G339H S:G339H S:R346T S:L368I S:S373P	34	270	0.125926	22494	22684
C25416T C25546+T	ORF3a:F8F NA	34	7016	0.004846	25372	25560
C25416T A25472+T	ORF3a:F8F NA	34	15203	0.002236	25381	25485
C23525T A23539G T23599G C23604A	S:H655Y S:S659S S:N679K S:P681H	34	34209	0.000994	23505	23629
C22109G T22200A G22218-T G22317T	S:Q183E S:V213E NA S:G252V	34	2320	0.014655	22105	22319
A24674G	S:K1038E	34	19442	0.001749	24665	24679
A24424T T24469A G24488-T	S:Q954H S:N969K NA	34	27361	0.001243	24412	24534
A24424T T24469A C24517+A	S:Q954H S:N969K NA	34	27179	0.001251	24412	24563
A24323-AAT	S:DEL922	34	7400	0.004595	24229	24337
A24318-C	NA	34	7640	0.00445	24290	24354
A23592G T23599G C23604A	S:Q677R S:N679K S:P681H	34	70374	0.000483	23580	23642
A23354+T	NA	34	30843	0.001102	23341	23362
T25272C	S:M1237T	33	36066	0.000915	25263	25321
T25140+A	NA	33	26278	0.001256	25130	25154
T24492+A	NA	33	44813	0.000736	24486	24508
T23803C C23854A	S:T747T S:N764K	33	13973	0.002362	23729	23895
T23599G C23604A T23677C	S:N679K S:P681H S:V705V	33	34861	0.000947	23580	23700
T23599G C23604A A23614G	S:N679K S:P681H S:A684A	33	70394	0.000469	23580	23635
T23521C C23525T T23599G C23604A	S:A653A S:H655Y S:N679K S:P681H	33	34192	0.000965	23487	23642
T23392C A23403G	S:V610V S:D614G	33	26494	0.001246	23345	23429
C24981-T C25000T T25021-A	NA S:D1146D NA	33	14640	0.002254	24850	25032
C23854A G23868-A	S:N764K NA	33	14401	0.002292	23847	23895
C23525T T23527C T23599G C23604A	S:H655Y S:H655Y S:N679K S:P681H	33	34209	0.000965	23487	23624
C21516+T C21618T T21632-TACCCCCTG	NA S:T19F S:DEL25/27	33	928	0.03556	21509	21664
A24110-T C24119-A G24140-T	NA NA NA	33	3268	0.010098	24021	24155
T25322C	S:C1254R	32	36971	0.000866	25292	25325
T25301C	S:C1247R	32	36964	0.000866	25262	25324
T25187C C25262-T	S:Y1209H NA	32	23986	0.001334	25122	25325
T23599G C23604A T23641-G	S:N679K S:P681H NA	32	68813	0.000465	23580	23657
T23599G C23604A G23610A	S:N679K S:P681H S:R683Q	32	70428	0.000454	23581	23642
T23599G C23604A A23648G	S:N679K S:P681H S:T696A	32	35147	0.00091	23580	23668
T23584C T23599G C23604A	S:Y674Y S:N679K S:P681H	32	70221	0.000456	23580	23642
T21990-TTA	S:DEL144	32	11960	0.002676	21975	22015
G24488-T C24672-A	NA NA	32	13644	0.002345	24471	24679
G24124-T	NA	32	4546	0.007039	24116	24144
G21987A T21990-TTA T22032C C22033A A22034G	S:G142D S:DEL144 S:F157S S:F157S S:R158G	32	9278	0.003449	21974	22058
C25416T G25527+C	ORF3a:F8F NA	32	7416	0.004315	25375	25543
C24422-A	NA	32	30276	0.001057	24412	24424
C23707T C23854A	S:P715P S:N764K	32	11824	0.002706	23684	23873
C23525T T23599G C23604A T23637C	S:H655Y S:N679K S:P681H S:I692T	32	33440	0.000957	23492	23640
C23525T T23569C T23599G C23604A	S:H655Y S:G669G S:N679K S:P681H	32	34209	0.000935	23512	23624
C23525T A23583G T23599G C23604A	S:H655Y S:Y674C S:N679K S:P681H	32	34209	0.000935	23498	23642
C23525T A23554G T23599G C23604A	S:H655Y S:I664M S:N679K S:P681H	32	34209	0.000935	23501	23637
C23399+T	NA	32	27662	0.001157	23335	23410
A25503+C	NA	32	9074	0.003527	25372	25511
A25188G	S:Y1209C	32	28505	0.001123	25157	25210
A24922+T C24981-T C25000T	NA NA S:D1146S	32	14510	0.002205	24850	25016
A24885-T	NA	32	18584	0.001722	24867	24897
A24602G	S:R1014G	32	14692	0.002178	24574	24627
T25414C C25416T	ORF3a:F8L ORF3a:F8L	31	16476	0.001882	25381	25465
T23599G C23604A T23713A A23723G	S:N679K S:P681H S:N717K Unknown	31	33468	0.000926	23580	23724
T23599G C23604A T23698C	S:N679K S:P681H S:I712I	31	34628	0.000895	23580	23706
T23599G C23604A T23697C	S:N679K S:P681H S:I712T	31	34642	0.000895	23580	23711
T23599G C23604A T23676C	S:N679K S:P681H S:V705A	31	34868	0.000889	23580	23722
T23599G C23604A G23699A	S:N679K S:P681H S:A713T	31	34604	0.000896	23580	23700
T23599G C23604A A23639G	S:N679K S:P681H S:I693V	31	69045	0.000449	23580	23642
T23511-A C23525T	NA S:H655Y	31	49483	0.000626	23493	23531
T22926-G T22930A T22942G	NA S:F456L S:N460K	31	9899	0.003132	22918	22966
T22882G G22898A T22942G	S:N440K S:G446S S:N460K	31	7907	0.003921	22876	22949
G25299-C	NA	31	36887	0.00084	25281	25325
G23804-A C23854A	NA S:N764K	31	13977	0.002218	23793	23895
G22813T T22882G T22896C G22898A T22930A T22942G	S:K417N S:N440K S:V445A S:G446S S:F456L S:N460K	31	6299	0.004921	22800	22944
G22813T T22882G G22895C G22898A T22917G T22930A T22942G	S:K417N S:N440K S:V445L S:G446S S:L452R S:F456L S:N460K	31	6299	0.004921	22809	22946
G22813T T22882G G22895C G22898A T22900-G	S:K417N S:N440K S:V445L S:G446S NA	31	8703	0.003562	22793	22914
G22809-A G22813T	NA S:K417N	31	13795	0.002247	22793	22823
G21569-T	NA	31	2469	0.012556	21451	21581
C24579T	S:T1006I	31	14905	0.00208	24507	24589
C24483+A	NA	31	44395	0.000698	24474	24503
C23525T T23599G T23602-C T23605A	S:H655Y S:N679K NA S:P681P	31	34201	0.000906	23518	23642
C23525T T23599G C23604A T23622C	S:H655Y S:N679K S:P681H S:V687A	31	34156	0.000908	23509	23633
C23525T T23599G C23604A A23614G	S:H655Y S:N679K S:P681H S:A684A	31	34177	0.000907	23487	23624
C23525T T23553C T23599G C23604A	S:H655Y S:I664T S:N679K S:P681H	31	34209	0.000906	23487	23633
C23525T T23542C T23599G C23604A	S:H655Y S:Y660Y S:N679K S:P681H	31	34209	0.000906	23505	23633
C23423T	S:P621S	31	27172	0.001141	23415	23432
A25255G	S:T1231T	31	35176	0.000881	25229	25324
A24484T	S:S974S	31	44441	0.000698	24476	24513
A24253-T C24320-A	NA NA	31	6447	0.004808	24229	24332
A23786-T	NA	31	15470	0.002004	23775	23800
A23403G A23513G C23525T	S:D614G S:I651V S:H655Y	31	12206	0.00254	23394	23529
A23321+T	NA	31	13122	0.002362	23270	23332
A23013C T23018C T23019C T23031C A23055G T23075C	S:E484A S:F486P S:F486P S:F490S S:Q498R S:Y505H	31	996	0.031124	23008	23081
T25270C	S:C1236C	30	35974	0.000834	25254	25324
T25232C	S:L1224L	30	31199	0.000962	25222	25275
T23599G C23604A T23622C	S:N679K S:P681H S:V687A	30	70349	0.000426	23580	23629
T23599G C23604A T23617C	S:N679K S:P681H S:R685R	30	70374	0.000426	23580	23642
T23491C C23525T T23599G C23604A	S:F643F S:H655Y S:N679K S:P681H	30	33174	0.000904	23487	23631
G22317T A22407+T	S:G252V NA	30	3387	0.008857	22246	22414
C25262-T G25278-T	NA NA	30	35329	0.000849	25251	25299
C24455-A	NA	30	28719	0.001045	24431	24468
C23536+G	NA	30	49484	0.000606	23525	23539
C23525T C23565T T23599G C23604A	S:H655Y S:A668V S:N679K S:P681H	30	34209	0.000877	23487	23642
A25253G	S:T1231A	30	35094	0.000855	25231	25307
A25208-T	NA	30	31005	0.000968	25198	25210
A25208+T C25262-T	NA NA	30	27039	0.00111	25122	25321
A25147G	S:E1195E	30	26574	0.001129	25126	25168
A23403G G23522-A C23525T	S:D614G NA S:H655Y	30	12206	0.002458	23397	23535
T25316C	S:S1252P	29	37200	0.00078	25251	25325
T25264C	S:L1234L	29	35639	0.000814	25251	25324
T24623C	S:S1021P	29	19791	0.001465	24612	24679
T23164-A C23230-A	NA NA	29	5604	0.005175	23100	23264
T23031C	S:F490S	29	1693	0.017129	23027	23037
G25471A	ORF3a:D27N	29	15224	0.001905	25381	25477
G23508+T T23599G C23604A	NA S:N679* S:P681Y	29	34002	0.000853	23487	23641
G22813T G22895C T22896C G22898A	S:K417N S:V445P S:V445P S:G446S	29	8703	0.003332	22793	22907
G22104-A C22109G T22200A	NA S:Q183E S:V213E	29	3830	0.007572	22100	22211
C23854A A23892G	S:N764K S:N777S	29	12937	0.002242	23806	23895
C23816-T C23887-A	NA NA	29	13069	0.002219	23767	23895
C23525T A23570G T23599G C23604A	S:H655Y S:I670V S:N679K S:P681H	29	34209	0.000848	23503	23637
C23525T A23541G T23599G C23604A	S:H655Y S:Y660C S:N679K S:P681H	29	34209	0.000848	23501	23624
C23393-T A23403G	NA S:D614G	29	26522	0.001093	23386	23442
C23277T	S:T572I	29	18781	0.001544	23269	23287
C22109G T22200A A22245-T G22317T	S:Q183E S:V213E NA S:G252V	29	2320	0.0125	22100	22319
A25241G	S:I1227V	29	31432	0.000923	25220	25263
A24936G	S:N1125S	29	18262	0.001588	24881	24943
A23586G T23599G C23604A	S:Q675R S:N679K S:P681H	29	70255	0.000413	23580	23642
A23474+T C23525T	NA S:H655S	29	13497	0.002149	23466	23539
A23403G A23432+C	S:D614G NA	29	25090	0.001156	23345	23439
A23063T T23075C	S:N501Y S:Y505H	29	1349	0.021497	23059	23224
A23055G A23063T T23075C	S:Q498R S:N501Y S:Y505H	29	1300	0.022308	23047	23167
A22101T C22109G T22200A	Unknown S:Q183E S:V213E	29	3807	0.007618	22100	22206
A21958-T	NA	29	13682	0.00212	21847	21968
T25150C	S:S1196S	28	26684	0.001049	25122	25184
T24487C	S:S975S	28	44618	0.000628	24482	24514
T23599G C23604A T23686C	S:N679K S:P681H S:S708S	28	34760	0.000806	23580	23705
T23599G C23604A T23658C	S:N679K S:P681H S:L699P	28	35044	0.000799	23580	23700
T23599G C23604A G23642A	S:N679K S:P681H S:A694T	28	68607	0.000408	23581	23703
T23599G C23604A C23700T	S:N679K S:P681H S:A713V	28	34587	0.00081	23580	23703
T23599G C23604A A23688G	S:N679K S:P681H S:N709S	28	34748	0.000806	23580	23724
T22896C G22898A G22927T T22942G	S:V445A S:G446S S:L455F S:N460K	28	8010	0.003496	22886	22967
T22882G T22896C G22898A	S:N440K S:V445A S:G446S	28	10432	0.002684	22866	22907
T22882G G22895C T22896C G22898A T22917G T22930A T22942G	S:N440K S:V445P S:V445P S:G446S S:L452R S:F456L S:N460K	28	7907	0.003541	22876	22955
T22032C C22033A A22034G	S:F157S S:F157S S:R158G	28	12238	0.002288	22001	22058
T21934-A G21987A T21990-TTA C22000A C22033A	NA S:G142D S:DEL144 S:H146Q S:F157L	28	7222	0.003877	21913	22058
G25238A	S:A1226T	28	31370	0.000893	25221	25320
G24858A	S:G1099D	28	18600	0.001505	24850	24881
G23835-T C23854A	NA S:N764K	28	14328	0.001954	23699	23895
G23401T A23403G	S:Q613H S:D614G	28	26913	0.00104	23269	23443
G22813T T22882G G22895C G22898A T22930A	S:K417N S:N440K S:V445L S:G446S S:F456L	28	6778	0.004131	22793	22933
G22813T G22895C T22896C G22898A T22928C T22942G	S:K417N S:V445P S:V445P S:G446S S:F456L S:N460K	28	6299	0.004445	22809	22948
G22813T G22895C G22898A	S:K417N S:V445L S:G446S	28	8703	0.003217	22800	22907
G21987A A21993-TTACC A21999C C22033A	S:G142D NA S:H146P S:F157L	28	9295	0.003012	21959	22058
C25000T A25056-T	S:D1146D NA	28	18329	0.001528	24990	25065
C24422-A T24469A	NA S:N969K	28	27474	0.001019	24412	24554
C23525T T23599G C23604A C23615T	S:H655Y S:N679K S:P681H S:R685C	28	34173	0.000819	23487	23622
C23525T T23599G C23604A C23609T	S:H655Y S:N679K S:P681H S:R683W	28	34195	0.000819	23487	23640
C23525T T23540C T23599G C23604A	S:H655Y S:Y660H S:N679K S:P681H	28	34209	0.000818	23501	23641
C23280T C23334-T	S:T573I NA	28	12556	0.00223	23269	23356
C21888-T G21987A	NA S:G142D	28	9529	0.002938	21848	21991
C21618T C21622T G21624C T21632-TACCCCCTG C21711T A21764-TACATG	S:T19I S:T20T S:R21T S:DEL25/27 S:S50L S:DEL69/70	28	197	0.142132	21597	21802
A25472-T	NA	28	15203	0.001842	25382	25477
A25420+T	NA	28	16395	0.001708	25382	25436
A25182G C25262-T	S:E1207G NA	28	23573	0.001188	25130	25313
A24520G	S:K986K	28	44720	0.000626	24492	24564
A24424T T24472-G	S:Q954H NA	28	27448	0.00102	24418	24564
A24424T A24539-T	S:Q954H NA	28	26960	0.001039	24412	24554
A24424T A24433G	S:Q954H S:Q957Q	28	27833	0.001006	24412	24441
A23403G T23437C	S:D614G S:H625H	28	24457	0.001145	23388	23443
T25309C	S:S1249S	27	37174	0.000726	25261	25325
T25289C	S:C1243R	27	36555	0.000739	25243	25325
T25155C C25262-T	S:I1198T NA	27	21742	0.001242	25122	25323
T24541C	S:I993I	27	44483	0.000607	24480	24564
T23599G C23604A G23660A	S:N679K S:P681H S:G700S	27	35028	0.000771	23587	23700
T23599G C23604A A23670+T	S:N679K S:P681H NA	27	34940	0.000773	23580	23682
T23599G C23604A A23669G	S:N679K S:P681H S:N703D	27	34950	0.000773	23580	23699
T23511+A C23525T T23599G C23604A	NA S:H655S S:N679* S:P681Y	27	34077	0.000792	23487	23620
T23510C C23525T T23599G C23604A	S:L650L S:H655Y S:N679K S:P681H	27	34071	0.000792	23487	23642
T23482-A C23525T	NA S:H655Y	27	13600	0.001985	23461	23537
T23350-GT A23403G C23525T	NA S:D614G S:H655Y	27	11088	0.002435	23339	23532
T22882G G22895C	S:N440K S:V445L	27	13508	0.001999	22876	22906
G23835-T	NA	27	14906	0.001811	23769	23847
G23768-T C23887-A	NA NA	27	12634	0.002137	23683	23895
C24150-T	NA	27	8962	0.003013	24148	24191
C23854A A23890G	S:N764K S:K776K	27	13595	0.001986	23830	23892
C23525T T23599G C23604A T23626C	S:H655Y S:N679K S:P681H S:A688A	27	33805	0.000799	23492	23629
C23525T T23599G C23604A T23617C	S:H655Y S:N679K S:P681H S:R685R	27	34168	0.00079	23500	23635
C23525T T23573C T23599G C23604A	S:H655Y S:C671R S:N679K S:P681H	27	34209	0.000789	23487	23639
C23525T T23563C T23599G C23604A	S:H655Y S:G667G S:N679K S:P681H	27	34209	0.000789	23487	23641
C23525T T23563+C T23599G C23604A	S:H655Y NA S:N679* S:P681Y	27	34209	0.000789	23505	23625
C23202T	S:T547I	27	7642	0.003533	23165	23242
C22281+T	NA	27	11503	0.002347	22253	22295
A25190+G	NA	27	28601	0.000944	25183	25204
A25175G	S:K1205E	27	27641	0.000977	25170	25191
A25164G	S:Q1201R	27	27198	0.000993	25157	25316
A24922-T C25000T	NA S:D1146D	27	14510	0.001861	24853	25012
A24551G	S:I997V	27	44319	0.000609	24527	24564
A24508G	S:S982S	27	44774	0.000603	24486	24564
A24424T T24514C	S:Q954H S:L984L	27	27199	0.000993	24412	24561
A24424T T24469A A24554G	S:Q954H S:N969K S:T998A	27	26717	0.001011	24412	24564
A23829G C23854A	S:Y756C S:N764K	27	14241	0.001896	23798	23876
A23403G C23422T	S:D614G S:V620V	27	26202	0.00103	23269	23434
A22914-C	NA	27	10983	0.002458	22907	22967
A22101T C22109G	Unknown S:Q183E	27	4219	0.0064	22100	22125
T24504C	S:L981P	26	44786	0.000581	24490	24564
T23599G C23604A T23680C	S:N679K S:P681H S:A706A	26	34817	0.000747	23583	23700
T23599G C23604A C23709+A	S:N679K S:P681H NA	26	33924	0.000766	23589	23724
T23599G C23604A C23615T	S:N679K S:P681H S:R685C	26	70386	0.000369	23581	23642
T23599G C23604A A23623G	S:N679K S:P681H S:V687V	26	70331	0.00037	23580	23642
T23581C T23599G C23604A	Unknown S:N679K S:P681H	26	69860	0.000372	23580	23642
T23434-C	NA	26	25805	0.001008	23425	23443
T22882G G22895C T22896C G22898A T22930A	S:N440K S:V445P S:V445P S:G446S S:F456L	26	8450	0.003077	22877	22933
G25135A	S:K1191K	26	26086	0.000997	25126	25163
G25130-C	NA	26	25170	0.001033	25122	25145
G23508+T A23515+G C23525T T23599G C23604A	NA NA S:H655Y S:N679L S:P681H	26	34002	0.000765	23487	23640
G22898A T22942G	S:G446S S:N460K	26	8018	0.003243	22882	22967
G22813T T22882G G22895C T22896C	S:K417N S:N440K S:V445P S:V445P	26	8707	0.002986	22800	22906
G21569-T C21618T T21632-TACCCCCTG	NA S:T19I S:DEL25/27	26	1829	0.014215	21557	21659
C25239T	S:A1226V	26	31397	0.000828	25228	25307
C25000T T25021-A	S:D1146D NA	26	18905	0.001375	24990	25036
C25000T A25038G	S:D1146D S:H1159R	26	18604	0.001398	24990	25054
C23854A T23877A	S:N764K S:V772D	26	14131	0.00184	23850	23895
C23525T T23599G C23604A A23627G	S:H655Y S:N679K S:P681H S:S689G	26	33779	0.00077	23513	23629
C23334-T G23402-A	NA NA	26	11844	0.002195	23269	23428
A24518G	S:K986E	26	44740	0.000581	24482	24552
A24424T T24469A A24518+C	S:Q954H S:N969K NA	26	27175	0.000957	24412	24564
A23848+T	NA	26	14873	0.001748	23771	23864
A23403G C23525T C23536+G	S:D614G S:H655Y NA	26	11815	0.002201	23348	23539
A21875-T G21987A	NA S:G142D	26	9382	0.002771	21870	21991
T25382-A C25416T	NA ORF3a:F8F	25	16213	0.001542	25372	25433
T25291C	S:C1243C	25	36601	0.000683	25260	25324
T25248C	S:M1229T	25	31572	0.000792	25229	25295
T25237C	S:I1225I	25	31344	0.000798	25217	25307
T25228C	S:A1222A	25	31008	0.000806	25219	25325
T25196-G C25207T C25262-T	NA S:Y1215Y NA	25	24919	0.001003	25122	25296
T25171-G	NA	25	27393	0.000913	25164	25210
T24871C C25000T	S:F1103F S:D1146D	25	14139	0.001768	24859	25069
T24643+A	NA	25	19727	0.001267	24612	24667
T23599G C23604A T23695C	S:N679K S:P681H S:S711S	25	34668	0.000721	23580	23710
T23599G C23604A T23605C	S:N679K S:P681H S:P681H	25	70448	0.000355	23580	23624
T23599G C23604A C23625T	S:N679K S:P681H S:A688V	25	70297	0.000356	23580	23630
T23599G C23604A A23708G	S:N679K S:P681H S:T716A	25	33948	0.000736	23580	23724
T23599G C23604A A23646G	S:N679K S:P681H S:Y695C	25	35165	0.000711	23580	23678
T23596C T23599G C23604A	S:T678T S:N679K S:P681H	25	70454	0.000355	23581	23642
T22882G G22898A	S:N440K S:G446S	25	10432	0.002396	22876	22909
T21990-TTA A21999-C C22033A	S:DEL144 NA S:F157L	25	9295	0.00269	21973	22058
G25323A	S:C1254Y	25	36945	0.000677	25251	25325
G25320A	S:C1253Y	25	37099	0.000674	25300	25325
G25238-C	NA	25	31370	0.000797	25227	25324
G24858A C25000T	S:G1099D S:D1146D	25	14017	0.001784	24851	25030
G24611+A	NA	25	14683	0.001703	24526	24638
G24515-A	NA	25	44745	0.000559	24500	24528
G23508+T	NA	25	49883	0.000501	23487	23519
G23499A C23525T T23599G C23604A	S:R646H S:H655Y S:N679K S:P681H	25	33629	0.000743	23487	23637
G22813T T22882G T22896C G22898A G22927T T22942G	S:K417N S:N440K S:V445A S:G446S S:L455F S:N460K	25	6299	0.003969	22798	22961
G22014-T	NA	25	12202	0.002049	22007	22039
G21901-A	NA	25	12608	0.001983	21847	21910
C25546+T	NA	25	7016	0.003563	25372	25560
C25416T C25466-T	ORF3a:F8F NA	25	15367	0.001627	25381	25475
C25324T	S:C1254C	25	36929	0.000677	25263	25325
C23709-A	NA	25	52365	0.000477	23700	23724
C23525T C23530T T23599G C23604A	S:H655Y S:V656V S:N679K S:P681H	25	34209	0.000731	23501	23624
C23525T A23597G T23599G C23604A	S:H655Y S:N679E S:N679E S:P681H	25	34209	0.000731	23493	23624
C23399-A A23403G C23525T	NA S:D614G S:H655Y	25	12174	0.002054	23367	23539
C23393-T A23403G C23525T	NA S:D614G S:H655Y	25	11884	0.002104	23372	23532
C22109G C22120-A T22200A G22218-T	S:Q183E NA S:V213E NA	25	3782	0.00661	22105	22232
C21978A G21987A T21990-TTA A21999-C	S:P139Q S:G142D S:DEL144 NA	25	9648	0.002591	21959	22058
A25194-AT G25197T C25207T C25262-T	NA S:W1212L S:Y1215Y NA	25	24747	0.00101	25122	25306
A24900G C24981-T C25000T	S:Q1113R NA S:D1146D	25	14395	0.001737	24856	25012
A24424T T24469A T24549C	S:Q954H S:N969K S:L996S	25	26830	0.000932	24414	24564
A24424T T24469A T24501C	S:Q954H S:N969K S:I980T	25	27288	0.000916	24412	24564
A24424T T24437C T24469A	S:Q954H S:L959L S:N969K	25	27482	0.00091	24412	24559
A24424T A24525G	S:Q954H S:E988G	25	27090	0.000923	24412	24563
A23515+G C23525T T23599G C23604G	NA S:H655S S:N679* S:P681C	25	34117	0.000733	23486	23624
T25288C	S:S1242S	24	36517	0.000657	25275	25325
T24622C	S:A1020A	24	19797	0.001212	24612	24679
T24505C	S:L981L	24	44794	0.000536	24484	24520
T24469A G24488-T	S:N969K NA	24	40124	0.000598	24465	24543
T23599G C23604A T23689C	S:N679K S:P681H S:N709N	24	34734	0.000691	23580	23705
T23599G C23601T C23604A	S:N679K S:S680F S:P681H	24	70471	0.000341	23580	23639
T23514C C23525T T23599G C23604A	S:I651T S:H655Y S:N679K S:P681H	24	34110	0.000704	23487	23642
G25527+C	NA	24	7416	0.003236	25372	25535
G25281A	S:C1240Y	24	36335	0.000661	25220	25325
G25269A	S:C1236Y	24	35904	0.000668	25263	25325
G23519A C23525T T23599G C23604A	S:A653T S:H655Y S:N679K S:P681H	24	34173	0.000702	23509	23637
G23222A	S:E554K	24	7518	0.003192	23193	23224
G22813T T22882G G22895C T22896C G22898A T22900-G T22928C T22942G	S:K417N S:N440K S:V445P S:V445P S:G446S NA S:F456L S:N460K	24	6299	0.00381	22808	22966
G22487-A G22577C G22578A	NA S:G339H S:G339H	24	816	0.029412	22368	22581
G21987A T21990-TTA C22000A G22021T C22033A	S:G142D S:DEL144 S:H146Q S:M153I S:F157L	24	9295	0.002582	21970	22058
G21941T G21987A T21990-TTA T22032C C22033A A22034G	S:V127F S:G142D S:DEL144 S:F157S S:F157S S:R158G	24	7385	0.00325	21889	22058
G21586+T	NA	24	2533	0.009475	21451	21593
C25416T A25426G	ORF3a:F8F ORF3a:T12A	24	16299	0.001472	25382	25477
C25413+T	NA	24	16581	0.001447	25381	25426
C25262-T T25291C	NA S:C1243C	24	35256	0.000681	25251	25325
C24878-A C24981-T C25000T	NA NA S:D1146D	24	14206	0.001689	24857	25013
C23525T T23560C T23599G C23604A	S:H655Y S:I666I S:N679K S:P681H	24	34209	0.000702	23487	23642
C23334-T C23393+T	NA NA	24	12159	0.001974	23269	23414
C23334-T A23369G	NA S:N603D	24	12593	0.001906	23269	23402
C22480T C22570T G22577C G22578A	S:F306F S:C336C S:G339H S:G339H	24	812	0.029557	22451	22580
C22109G T22200A G22302+T G22317T	S:Q183E S:V213E NA S:G252L	24	2320	0.010345	22100	22319
A25325G	Unknown	24	36778	0.000653	25305	25325
A25243G	S:I1227M	24	31459	0.000763	25207	25325
A25176G C25262-T	S:K1205R NA	24	22836	0.001051	25130	25325
A24999-C	NA	24	19615	0.001224	24990	25030
A24885-T C24981-T C25000T	NA NA S:D1146D	24	14234	0.001686	24857	25018
A24539-T	NA	24	44514	0.000539	24484	24561
A24516G	S:D985G	24	44740	0.000536	24493	24557
A24424T T24548C	S:Q954H S:L996L	24	26841	0.000894	24412	24564
A24420G A24424T	S:N953S S:Q954H	24	30202	0.000795	24412	24424
A23942-T G23948T	NA S:D796Y	24	1949	0.012314	23941	23960
A23403G T23428C	S:D614G S:V622V	24	25960	0.000924	23342	23443
A23283G A23403G	S:D574G S:D614G	24	11508	0.002086	23269	23443
T25251C C25262-T	S:V1230A NA	23	31627	0.000727	25122	25325
T24631-C	NA	23	19819	0.001161	24571	24679
T24489C	S:V976A	23	44730	0.000514	24476	24501
T24471-TG C24536-A	NA NA	23	41431	0.000555	24451	24564
T24414-G A24424T	NA S:Q954H	23	29880	0.00077	24412	24424
T23599G C23604A T23671C	S:N679K S:P681H S:N703N	23	34923	0.000659	23580	23705
T23599G C23604A A23682G	S:N679K S:P681H S:Y707C	23	34801	0.000661	23580	23724
T23344C	S:G594G	23	30718	0.000749	23335	23367
T22882G T22896C G22898A G22927T T22942G	S:N440K S:V445A S:G446S S:L455F S:N460K	23	7907	0.002909	22876	22967
T22882G G22895C G22898A T22930A T22942G	S:N440K S:V445L S:G446S S:F456L S:N460K	23	7907	0.002909	22877	22947
T22882G G22895C G22898A T22928C T22942G	S:N440K S:V445L S:G446S S:F456L S:N460K	23	7907	0.002909	22876	22958
T22882G G22895C G22898A G22927T T22930A	S:N440K S:V445L S:G446S S:L455F S:F456L	23	8450	0.002722	22877	22935
T22291C G22317T	S:A243A S:G252V	23	10686	0.002152	22265	22319
G25302A	S:C1247Y	23	36996	0.000622	25294	25325
G25299A	S:G1246D	23	36887	0.000624	25273	25314
G24868-T	NA	23	18729	0.001228	24850	24879
G24570-T	NA	23	14960	0.001537	24502	24585
G22813T T22882G G22895C G22898A T22942G	S:K417N S:N440K S:V445L S:G446S S:N460K	23	6299	0.003651	22793	22944
G22299-A G22317T	NA S:G252V	23	10795	0.002131	22278	22319
C25416T G25540A	ORF3a:F8F ORF3a:V50I	23	7072	0.003252	25375	25548
C25267T	S:C1235C	23	35777	0.000643	25251	25279
C24990T	S:P1143L	23	15616	0.001473	24952	24998
C24639T	S:A1026V	23	19761	0.001164	24634	24662
C23846+A C23854A	NA S:N764K	23	14657	0.001569	23745	23895
C23525T T23599G C23604A G23607A	S:H655Y S:N679K S:P681H S:R682Q	23	34198	0.000673	23487	23642
C23525T T23578C T23599G C23604A	S:H655Y S:A672A S:N679K S:P681H	23	34209	0.000672	23487	23640
C23360T A23403G C23525T	S:P600S S:D614G S:H655Y	23	11217	0.00205	23342	23539
A25182G G25198-C	S:E1207G NA	23	27751	0.000829	25130	25210
A24956-T	NA	23	15778	0.001458	24941	24965
A24479G	S:I973V	23	43932	0.000524	24473	24496
A24424T T24505C	S:Q954H S:L981L	23	27264	0.000844	24413	24564
A24424T T24480C	S:Q954H S:I973T	23	27417	0.000839	24412	24564
A24424T T24469A T24552C	S:Q954H S:N969K S:I997T	23	26774	0.000859	24412	24564
A24424T T24469A T24529C	S:Q954H S:N969K S:A989A	23	27061	0.00085	24412	24564
A24424T T24469A C24503-T T24505C	S:Q954H S:N969K NA S:L981L	23	27264	0.000844	24412	24564
A24424T T24469A A24498G	S:Q954H S:N969K S:D979G	23	27308	0.000842	24412	24561
A23594G T23599G C23604A	S:T678A S:N679K S:P681H	23	70438	0.000327	23580	23642
A23586G T23599G C23604A C23613T	S:Q675R S:N679K S:P681H S:A684V	23	70194	0.000328	23580	23705
A23515-G C23525T T23599G C23604A	NA S:H655Y S:N679K S:P681H	23	34117	0.000674	23505	23641
A23515+G C23525T T23599G	NA S:H655S S:N679*	23	34136	0.000674	23486	23611
A23403G A23474+T C23525T	S:D614G NA S:H655S	23	12206	0.001884	23386	23539
A23403G A23419G	S:D614G S:E619E	23	26334	0.000873	23335	23429
A23369G A23403G	S:N603D S:D614G	23	25749	0.000893	23311	23441
A23283G	S:D574G	23	18842	0.001221	23269	23290
A21875-T C21888-T	NA NA	23	12322	0.001867	21848	21900
T25219C	S:G1219G	22	29872	0.000736	25204	25307
T25189C	S:Y1209Y	22	28557	0.00077	25181	25210
T24628-A	NA	22	19820	0.00111	24612	24679
T24514C	S:L984L	22	44762	0.000491	24488	24540
T24469A C24536-AA	S:N969K NA	22	39383	0.000559	24465	24564
T24469A A24493T	S:N969K S:L977F	22	40077	0.000549	24465	24679
T23850+A	NA	22	14851	0.001481	23767	23868
T23765G C23816-T	S:S735A NA	22	13136	0.001675	23683	23831
T23599G C23604A T23650C	S:N679K S:P681H S:T696T	22	35132	0.000626	23580	23724
T23599G C23604A T23641C	S:N679K S:P681H S:I693I	22	68813	0.00032	23581	23700
T23599G C23604A G23608A	S:N679K S:P681H S:R682R	22	70443	0.000312	23580	23642
T23599G C23604A A23711-AT	S:N679K S:P681H NA	22	33836	0.00065	23581	23724
T23599G C23604A A23670G C23673T	S:N679K S:P681H S:N703S S:S704L	22	34897	0.00063	23581	23724
T23396-A A23403G	NA S:D614G	22	26715	0.000824	23270	23443
T23335C A23403G	S:S591S S:D614G	22	11841	0.001858	23269	23443
T23333C A23403G	S:S591P S:D614G	22	11831	0.00186	23296	23443
T23031C A23055G A23063T T23075C	S:F490S S:Q498R S:N501Y S:Y505H	22	1173	0.018755	23027	23115
T22882G T22896C G22898A T22928C T22942G	S:N440K S:V445A S:G446S S:F456L S:N460K	22	7907	0.002782	22878	22966
T22882G G22895C T22896C G22898A G22927T T22942G	S:N440K S:V445P S:V445P S:G446S S:L455F S:N460K	22	7907	0.002782	22876	22944
T22882G G22895C G22898A T22930A	S:N440K S:V445L S:G446S S:F456L	22	8450	0.002604	22876	22933
T22807+G G22813T T22882G	NA S:K417N S:N440Q	22	12887	0.001707	22798	22890
G25401-T C25416T	NA ORF3a:F8F	22	16476	0.001335	25383	25477
G24476+A	NA	22	43505	0.000506	24465	24498
G23948T G23955+T	S:D796Y NA	22	1867	0.011784	23941	23968
G23508A C23525T T23599G C23604A	S:C649Y S:H655Y S:N679K S:P681H	22	34002	0.000647	23492	23624
G22813T T22882G G22895C G22898A T22930A T22942G	S:K417N S:N440K S:V445L S:G446S S:F456L S:N460K	22	6299	0.003493	22793	22947
G22317T T22392-A	S:G252V NA	22	3625	0.006069	22246	22442
G22317T A22407G	S:G252V S:N282S	22	3387	0.006495	22297	22438
G22302+T G22317T	NA S:G252L	22	10799	0.002037	22257	22319
G22022-A	NA	22	12195	0.001804	22011	22043
G21578-T C21618T T21632-TACCCCCTG	NA S:T19I S:DEL25/27	22	1992	0.011044	21562	21664
C25416T T25461C	ORF3a:F8F ORF3a:A23A	22	15487	0.001421	25381	25469
C24784-T	NA	22	7420	0.002965	24777	24794
C24672-AA	NA	22	19438	0.001132	24616	24679
C24555T	S:T998I	22	44200	0.000498	24474	24564
C24517+A	NA	22	44745	0.000492	24491	24533
C24422-A A24425T	NA S:N955Y	22	30110	0.000731	24412	24437
C23525T T23599G C23604A C23625T	S:H655Y S:N679K S:P681H S:A688V	22	34127	0.000645	23487	23633
A25408G C25416T	ORF3a:R6G ORF3a:F8F	22	16476	0.001335	25383	25446
A25405G C25416T	ORF3a:M5V ORF3a:F8F	22	16476	0.001335	25381	25477
A25125G	S:E1188G	22	24825	0.000886	25122	25159
A24885+T C25000T	NA S:D1146S	22	14234	0.001546	24850	25040
A24879G C25000T	S:Q1106R S:D1146D	22	14208	0.001548	24853	25069
A24677G	S:R1039G	22	19373	0.001136	24612	24679
A24675G	S:K1038R	22	19440	0.001132	24622	24679
A24562G	S:R1000R	22	43949	0.000501	24531	24564
A24525G	S:E988G	22	44657	0.000493	24520	24564
A24468-T	NA	22	40279	0.000546	24465	24495
A24424T T24469A T24505C	S:Q954H S:N969K S:L981L	22	27264	0.000807	24412	24564
A24424T T24469A A24520T	S:Q954H S:N969K S:K986N	22	27150	0.00081	24412	24564
A24424T A24554G	S:Q954H S:T998A	22	26717	0.000823	24415	24564
A23597G T23599G C23604A	S:N679E S:N679E S:P681H	22	70456	0.000312	23580	23642
A23403G C23451T C23525T	S:D614G S:T630I S:H655Y	22	12206	0.001802	23335	23532
A23366G A23403G C23525T	S:T602A S:D614G S:H655Y	22	11244	0.001957	23340	23532
T25285C	S:C1241C	21	36423	0.000577	25258	25325
T25245-A	NA	21	31521	0.000666	25230	25324
T25221C	S:F1220S	21	30485	0.000689	25208	25325
T25209C	S:I1216T	21	31151	0.000674	25204	25237
T24640C	S:A1026A	21	19748	0.001063	24626	24652
T24438+A T24469A	NA S:N969Q	21	28331	0.000741	24423	24538
T24187-G	NA	21	8755	0.002399	24161	24240
T23599G C23604A G23624A	S:N679K S:P681H S:A688T	21	70315	0.000299	23581	23642
T23599G C23604A C23701T	S:N679K S:P681H S:A713A	21	34522	0.000608	23580	23724
T23487C C23525T T23599G C23604A	Unknown S:H655Y S:N679K S:P681H	21	21231	0.000989	23486	23637
T23355-A	NA	21	30842	0.000681	23336	23365
T22795C G22813T T22882G	Unknown S:K417N S:N440K	21	12640	0.001661	22793	22889
T21934-A T21990-TTA C22000A	NA S:DEL144 S:H146Q	21	7576	0.002772	21913	22058
G25218T C25262-T	S:G1219V NA	21	29522	0.000711	25130	25325
G22813T T22882G T22942G	S:K417N S:N440K S:N460K	21	6299	0.003334	22803	22960
G22813T T22882G G22895C T22896C G22898A G22927T T22930A T22942G	S:K417N S:N440K S:V445P S:V445P S:G446S S:L455F S:F456L S:N460K	21	6299	0.003334	22793	22945
G22813T A22845-T T22882G	S:K417N NA S:N440K	21	12956	0.001621	22808	22892
G22809-A	NA	21	13832	0.001518	22793	22826
G22317T T22408-G	S:G252V NA	21	3375	0.006222	22255	22413
G22289+T G22317T	NA S:G252L	21	10658	0.00197	22269	22319
C25433-T	NA	21	16159	0.0013	25381	25444
C25416T T25560C	ORF3a:F8F ORF3a:F56F	21	6782	0.003096	25383	25566
C25163+A C25262-T	NA NA	21	22115	0.00095	25127	25325
C25162A C25163A C25262-T	S:L1200L S:Q1201K NA	21	22068	0.000952	25139	25283
C25132+A C25262-T	NA NA	21	20664	0.001016	25123	25325
C25000T T25005C	S:D1146D S:F1148S	21	19450	0.00108	24995	25069
C25000T A25011G	S:D1146D S:E1150G	21	19300	0.001088	24990	25069
C24852-A C25000T C25047T	NA S:D1146D S:P1162L	21	12654	0.00166	24850	25069
C24672-A G24693-A	NA NA	21	4713	0.004456	24612	24705
C23525T T23599G C23604A G23621A	S:H655Y S:N679K S:P681H S:V687I	21	34159	0.000615	23493	23624
C23525T T23599G C23604A G23612A	S:H655Y S:N679K S:P681H S:A684T	21	34187	0.000614	23487	23641
C23525T T23599G C23604A G23610A	S:H655Y S:N679K S:P681H S:R683Q	21	34191	0.000614	23501	23640
C23525T T23599G C23604A A23632G	S:H655Y S:N679K S:P681H S:Q690Q	21	33670	0.000624	23498	23642
C23525T G23561A T23599G C23604A	S:H655Y S:G667S S:N679K S:P681H	21	34209	0.000614	23497	23642
C22290T T22291C	S:A243V S:A243V	21	11429	0.001837	22246	22446
C22251-A	NA	21	10786	0.001947	22246	22271
C22120-A	NA	21	4587	0.004578	22112	22138
C22109G G22317T	S:Q183E S:G252V	21	2320	0.009052	22104	22319
A25271G	S:M1237V	21	36022	0.000583	25251	25297
A25259G	S:M1233V	21	35327	0.000594	25224	25313
A25253G C25262-T	S:T1231A NA	21	35028	0.0006	25251	25325
A25137+T C25262-T	NA NA	21	20923	0.001004	25130	25325
A24955G C25000T	S:G1131G S:D1146D	21	14880	0.001411	24943	25069
A24587G	S:T1009A	21	14741	0.001425	24500	24611
A24498G	S:D979G	21	44808	0.000469	24484	24564
A24468-T T24470A	NA S:F970I	21	40235	0.000522	24465	24543
A24424T T24469A T24548C	S:Q954H S:N969K S:L996L	21	26841	0.000782	24413	24564
A24424T T24469A T24511C	S:Q954H S:N969K S:R983R	21	27215	0.000772	24412	24563
A24424T T24469A T24480C	S:Q954H S:N969K S:I973T	21	27417	0.000766	24412	24564
A24424T T24469A A24531G	S:Q954H S:N969K S:E990G	21	27041	0.000777	24412	24558
A24424T T24469A A24508G	S:Q954H S:N969K S:S982S	21	27234	0.000771	24412	24564
A24424T T24448C	S:Q954H S:L962L	21	27678	0.000759	24413	24564
A24424T C24435+T	S:Q954H NA	21	27817	0.000755	24413	24522
A24424T A24433G T24469A	S:Q954H S:Q957Q S:N969K	21	27482	0.000764	24412	24559
A23598+G C23604A	NA S:P681Y	21	70456	0.000298	23581	23641
A23513G C23525T	S:I651V S:H655Y	21	49528	0.000424	23487	23539
A23403G T23521C C23525T	S:D614G S:A653A S:H655Y	21	12206	0.00172	23366	23539
A21979-T G21987A T21990-TTA A21999-C	NA S:G142D S:DEL144 NA	21	9651	0.002176	21959	22018
A21979-T G21987A	NA S:G142D	21	12195	0.001722	21911	21993
T25242C	S:I1227T	20	31442	0.000636	25225	25320
T25215C	S:L1218P	20	29081	0.000688	25202	25324
T25152C	S:L1197P	20	26879	0.000744	25146	25186
T24793A	S:T1077T	20	7278	0.002748	24762	24806
T24549C	S:L996S	20	44373	0.000451	24524	24564
T24523C	S:V987V	20	44688	0.000448	24497	24538
T24470-TTG C24536-A	S:DEL971 NA	20	39676	0.000504	24465	24564
T24417C A24424T	S:V952A S:Q954H	20	30073	0.000665	24413	24424
T23817C C23854A	S:L752P S:N764K	20	14080	0.00142	23732	23895
T23599G C23604A A23704G	S:N679K S:P681H S:I714M	20	34161	0.000585	23580	23724
T23350C A23403G	S:S596S S:D614G	20	25522	0.000784	23342	23427
T23350C	S:S596S	20	30789	0.00065	23335	23373
T23350-GT C23525T	NA S:H655Y	20	11088	0.001804	23335	23539
T22942G A22948-C	S:N460K NA	20	10593	0.001888	22935	22967
T22882G G22895C G22898A T22917G T22930A T22942G	S:N440K S:V445L S:G446S S:L452R S:F456L S:N460K	20	7907	0.002529	22877	22956
G24971+T C25000T	NA S:D1146S	20	15127	0.001322	24910	25013
G24743-T	NA	20	6937	0.002883	24734	24785
G23438+C	NA	20	25732	0.000777	23269	23443
G22813T T22882G T22896C G22898A G22927T T22928C T22942G	S:K417N S:N440K S:V445A S:G446S S:L455F S:F456L S:N460K	20	6299	0.003175	22793	22945
G22813T T22882G G22895C T22896C G22898A T22926-G T22930A T22942G	S:K417N S:N440K S:V445P S:V445P S:G446S NA S:F456L S:N460K	20	6299	0.003175	22799	22944
G22104-A C22109G C22120-A	NA S:Q183E NA	20	4245	0.004711	22100	22132
C25282T	S:C1240C	20	36361	0.00055	25251	25325
C24672-A A24803-T	NA NA	20	3899	0.00513	24612	24806
C23887A A23888C	S:D775E S:K776Q	20	14207	0.001408	23873	23894
C23816-T C23854A	NA S:N764K	20	14067	0.001422	23782	23881
C23799-A C23854A	NA S:N764K	20	13916	0.001437	23683	23895
C23525T T23599G T23602C C23604A C23613T	S:H655Y S:N679K S:S680S S:P681H S:A684V	20	34180	0.000585	23487	23642
C23525T T23599G C23604A A23618G	S:H655Y S:N679K S:P681H S:S686G	20	34166	0.000585	23487	23637
C23525T T23559C T23599G C23604A	S:H655Y S:I666T S:N679K S:P681H	20	34209	0.000585	23501	23624
C23525T A23535G T23599G C23604A	S:H655Y S:N658S S:N679K S:P681H	20	34209	0.000585	23487	23642
C23271T G23363T A23403G C23423T	S:A570V S:G601* S:D614G S:P621S	20	11079	0.001805	23269	23429
C21454+A	NA	20	1181	0.016935	21451	21568
A25408G	ORF3a:R6G	20	16727	0.001196	25381	25456
A25277G	S:S1239G	20	36208	0.000552	25219	25313
A24619G	S:R1019R	20	19767	0.001012	24612	24646
A24424T T24513C	S:Q954H S:L984P	20	27208	0.000735	24420	24554
A24424T T24511C	S:Q954H S:R983R	20	27215	0.000735	24412	24564
A24424T T24506C	S:Q954H S:S982P	20	27258	0.000734	24412	24563
A24424T T24469A T24506C	S:Q954H S:N969K S:S982P	20	27258	0.000734	24412	24564
A24424T C24435-T T24469A	S:Q954H NA S:N969K	20	27482	0.000728	24412	24553
A24424T A24562G	S:Q954H S:R1000R	20	26488	0.000755	24412	24564
A24424T A24516G	S:Q954H S:D985G	20	27184	0.000736	24412	24564
A24424T A24425G T24469A	S:Q954H S:N955D S:N969K	20	27482	0.000728	24415	24564
A23403G T23482-A C23525T	S:D614G NA S:H655Y	20	12206	0.001639	23383	23532
A23400+G	NA	20	27440	0.000729	23342	23413
A23310G A23403G	S:E583G S:D614G	20	11809	0.001694	23285	23443
A23193-T	NA	20	7657	0.002612	23180	23206
A23157-T	NA	20	7669	0.002608	23094	23179
A21999-C	NA	20	10670	0.001874	21965	22015
T25248C C25262-T	S:M1229T NA	19	31480	0.000604	25122	25325
T25196-G C25262-T	NA NA	19	24919	0.000762	25122	25291
T25161C	S:L1200P	19	27148	0.0007	25128	25170
T25161-C	NA	19	27148	0.0007	25152	25182
T25152C C25262-T	S:L1197P NA	19	21626	0.000879	25122	25325
T25123C C25262-T	Unknown NA	19	19479	0.000975	25122	25325
T24656C	S:C1032R	19	19642	0.000967	24612	24679
T24552C	S:I997T	19	44288	0.000429	24498	24564
T24513C	S:L984P	19	44777	0.000424	24497	24564
T24469A C24579T	S:N969K S:T1006I	19	10990	0.001729	24465	24679
T24451+A	NA	19	28711	0.000662	24416	24554
T23703C	S:I714T	19	52630	0.000361	23698	23724
T23599G C23604A T23681C	S:N679K S:P681H S:Y707H	19	34808	0.000546	23580	23720
T23599G C23604A C23706T	S:N679K S:P681H S:P715L	19	34125	0.000557	23580	23724
T23599G C23604A A23690G	S:N679K S:P681H S:N710D	19	34723	0.000547	23580	23724
T23599G C23604A A23651G	S:N679K S:P681H S:M697V	19	35127	0.000541	23580	23724
T23599G C23604A A23636-T	S:N679K S:P681H NA	19	69511	0.000273	23580	23642
T23421+C	NA	19	27153	0.0007	23335	23431
T23389C A23403G	S:A609A S:D614G	19	26387	0.00072	23335	23432
T23346C A23403G	S:V595A S:D614G	19	25474	0.000746	23335	23429
T23346C	S:V595A	19	30787	0.000617	23335	23355
T22831+A T22882G	NA S:N440Q	19	13260	0.001433	22793	22890
G25261A	S:M1233I	19	35404	0.000537	25247	25324
G25091+A	NA	19	3782	0.005024	25021	25210
G24164-A	NA	19	8962	0.00212	24150	24174
G23747A C23854A	S:V729M S:N764K	19	12040	0.001578	23683	23895
G22895C T22896C G22898A T22942G	S:V445P S:V445P S:G446S S:N460K	19	8010	0.002372	22877	22949
G22813T T22896C G22898A T22942G	S:K417N S:V445A S:G446S S:N460K	19	6299	0.003016	22793	22966
G22813T T22882G G22895C T22896C G22898A A22914-C T22942G	S:K417N S:N440K S:V445P S:V445P S:G446S NA S:N460K	19	6299	0.003016	22799	22961
G22813T T22831+A T22882G G22895C T22896C G22898A	S:K417N NA S:N440Q S:V445P S:V445P S:G446R	19	8703	0.002183	22793	22909
G22813T T22831+A T22882G G22895C G22898A	S:K417N NA S:N440Q S:V445R S:G446R	19	8703	0.002183	22793	22906
G22813T T22831+A	S:K417N NA	19	13663	0.001391	22793	22865
G22813T A22872+T T22882G	S:K417N NA S:N440Q	19	12956	0.001467	22793	22889
G22273-T G22317T	NA S:G252V	19	10333	0.001839	22265	22319
G22104-A C22109G C22120-A T22200A G22317T	NA S:Q183E NA S:V213E S:G252V	19	2274	0.008355	22100	22319
G21987A T21990-TTA A21999-CAA	S:G142D S:DEL144 S:DEL147	19	9654	0.001968	21847	22023
G21578-TT C21618T T21632-TACCCCCTG	NA S:T19I S:DEL25/27	19	1992	0.009538	21566	21659
C25262A	S:L1234I	19	35463	0.000536	25250	25325
C25000T T25001C	S:D1146D S:S1147P	19	19466	0.000976	24990	25031
C25000T C25046T	S:D1146D S:P1162S	19	18483	0.001028	24990	25067
C24904T C25000T	S:I1114I S:D1146D	19	14435	0.001316	24886	25069
C23887A A23888C G23948T	S:D775E S:K776Q S:D796Y	19	1099	0.017288	23876	23974
C23816-T A23853-C	NA NA	19	14103	0.001347	23693	23864
C23525T T23599G C23604A T23640C	S:H655Y S:N679K S:P681H S:I693T	19	32983	0.000576	23516	23642
C23525T T23599G C23604A C23630-A	S:H655Y S:N679K S:P681H NA	19	33746	0.000563	23516	23641
C23525T C23551T T23599G C23604A	S:H655Y S:D663D S:N679K S:P681H	19	34209	0.000555	23488	23641
C22480T	S:F306F	19	1119	0.016979	22471	22510
C22120-A T22200A	NA S:V213E	19	4135	0.004595	22112	22218
C22109G G22113T T22200A	S:Q183E S:G184V S:V213E	19	3899	0.004873	22100	22220
A25383G C25416T	S:*1274* ORF3a:F8F	19	16307	0.001165	25378	25477
A25174G	S:G1204G	19	27609	0.000688	25157	25210
A25147G C25262-T	S:E1195E NA	19	21299	0.000892	25122	25288
A25146G	S:E1195G	19	26566	0.000715	25138	25161
A24673G	S:S1037S	19	19385	0.00098	24612	24679
A24424T T24549C	S:Q954H S:L996S	19	26830	0.000708	24412	24564
A24424T T24469A T24513C	S:Q954H S:N969K S:L984P	19	27208	0.000698	24412	24564
A24424T T24469A T24482C	S:Q954H S:N969K S:S974P	19	27404	0.000693	24412	24564
A24424T T24469A G24521+T	S:Q954H S:N969K NA	19	27123	0.000701	24412	24564
A24424T T24447C T24469A	S:Q954H S:L962P S:N969K	19	27482	0.000691	24413	24519
A24424T G24428+A	S:Q954H NA	19	27853	0.000682	24417	24564
A24424T A24518+C	S:Q954H NA	19	27175	0.000699	24416	24564
A24424T A24468-T	S:Q954H NA	19	27488	0.000691	24412	24491
A23756-C C23854A	NA S:N764K	19	12071	0.001574	23742	23865
A23704+C	NA	19	52611	0.000361	23683	23718
A23696-T	NA	19	52912	0.000359	23688	23708
A23515+G A23558-T T23599G C23604A	NA NA S:N679* S:P681Y	19	34117	0.000557	23486	23634
A23359G A23403G	S:T599T S:D614G	19	25660	0.00074	23335	23411
A21958-T G21987A	NA S:G142D	19	11432	0.001662	21847	21990
T25257C	S:I1232T	18	35262	0.00051	25251	25325
T25191-A C25207T C25262-T	NA S:Y1215Y NA	18	24533	0.000734	25130	25325
T24660C	S:V1033A	18	19612	0.000918	24612	24674
T24589C	S:T1009T	18	14721	0.001223	24476	24607
T24482C	S:S974P	18	44328	0.000406	24480	24505
T24469A A24531G	S:N969K S:E990G	18	39471	0.000456	24465	24564
T24377-C A24424T	NA S:Q954H	18	2304	0.007813	24333	24424
T23850+A C23887-A	NA NA	18	13726	0.001311	23699	23895
T23819-TG	NA	18	15183	0.001186	23790	23850
T23599G C23604T	S:N679K S:P681L	18	70471	0.000255	23582	23642
T23599G C23604A C23664T G23666-A	S:N679K S:P681H S:A701V NA	18	34973	0.000515	23580	23700
T23599G C23604A A23720G	S:N679K S:P681H S:I720V	18	33523	0.000537	23580	23724
T23599G C23604A A23636-T A23688G	S:N679K S:P681H NA S:N709S	18	34748	0.000518	23581	23724
T23599G C23604A A23618G	S:N679K S:P681H S:S686G	18	70371	0.000256	23593	23642
T23599G C23603+A C23604G	S:N679K NA S:P681S	18	70471	0.000255	23580	23724
T23511-A	NA	18	49947	0.00036	23493	23521
T23333C	S:S591P	18	13012	0.001383	23285	23340
T22882G G22895C T22896C G22898A G22927T T22930A	S:N440K S:V445P S:V445P S:G446S S:L455F S:F456L	18	8450	0.00213	22877	22935
T22882G G22895C G22898A T22942G	S:N440K S:V445L S:G446S S:N460K	18	7907	0.002276	22876	22957
G25401+T C25416T	NA ORF3a:F8L	18	16476	0.001092	25381	25450
G25313A	S:G1251R	18	37227	0.000484	25308	25323
G25266A	S:C1235Y	18	35686	0.000504	25217	25307
G24985A C25000T	S:L1141L S:D1146D	18	15363	0.001172	24973	25069
G24883-A C25000T	NA S:D1146D	18	14228	0.001265	24854	25069
G24693-A	NA	18	5179	0.003476	24686	24703
G24486+T	NA	18	44525	0.000404	24477	24499
G23835+T C23887-A	NA NA	18	13329	0.00135	23767	23895
G23364-A C23525T	NA S:H655Y	18	11230	0.001603	23343	23539
G22813T T22882G T22891+A G22895C G22898A	S:K417N S:N440K NA S:V445R S:G446R	18	8703	0.002068	22807	22912
G22813T A22845+T T22882G	S:K417N NA S:N440Q	18	12956	0.001389	22793	22889
G22273-T	NA	18	11399	0.001579	22259	22287
G22104-A C22109G	NA S:Q183E	18	4247	0.004238	22100	22124
G21987A A21993-TTAC C22000A C22033A	S:G142D NA S:H146Q S:F157L	18	9295	0.001937	21962	22058
C25200T C25262-T	S:P1213L NA	18	25549	0.000705	25130	25325
C25132+A	NA	18	25909	0.000695	25122	25143
C25000T T25072-G C25100-A	S:D1146D NA NA	18	3589	0.005015	24990	25121
C24503-T C24672-A	NA NA	18	13872	0.001298	24489	24679
C23525T T23599G C23604A A23639G	S:H655Y S:N679K S:P681H S:I693V	18	33068	0.000544	23508	23642
C23502T C23525T T23599G C23604A	S:A647V S:H655Y S:N679K S:P681H	18	33835	0.000532	23493	23641
C23492+A	NA	18	48895	0.000368	23486	23503
C23423T C23525T	S:P621S S:H655Y	18	12963	0.001389	23407	23539
C22109G T22200A A22245-T	S:Q183E S:V213E NA	18	3209	0.005609	22100	22258
A25410G C25416T	ORF3a:R6R ORF3a:F8F	18	16476	0.001092	25381	25477
A25246G	S:V1228V	18	31544	0.000571	25224	25325
A25193G	S:K1211E	18	29048	0.00062	25172	25227
A25165T	S:Q1201H	18	27257	0.00066	25157	25187
A25164G C25262-T	S:Q1201R NA	18	22152	0.000813	25122	25298
A24999-C A25045G	NA S:S1161S	18	18492	0.000973	24959	25059
A24554G	S:T998A	18	44222	0.000407	24486	24564
A24424T T24469A T24504C	S:Q954H S:N969K S:L981P	18	27266	0.00066	24412	24564
A24424T T24469A A24560G	S:Q954H S:N969K S:R1000G	18	26516	0.000679	24412	24564
A24424T T24469A A24551G	S:Q954H S:N969K S:I997V	18	26797	0.000672	24412	24564
A24424T T24459C T24469A	S:Q954H S:L966P S:N969K	18	27482	0.000655	24412	24538
A24424T T24451+A T24469A	S:Q954H NA S:N969Q	18	27482	0.000655	24416	24488
A24424T C24455-A T24469A	S:Q954H NA S:N969K	18	27482	0.000655	24412	24482
A24424T A24556+G	S:Q954H NA	18	26612	0.000676	24412	24564
A24353-T	NA	18	4782	0.003764	24320	24357
A24110-T C24150+T	NA NA	18	3204	0.005618	24021	24162
A24110-T C24119-A G24124-T	NA NA NA	18	3402	0.005291	24021	24137
A23403G T23434C	S:D614G S:I624I	18	24575	0.000732	23335	23443
A23403G T23434-C	S:D614G NA	18	24575	0.000732	23396	23441
A23403G G23486-T	S:D614G NA	18	12376	0.001454	23388	23502
A23403G C23525T A23539T	S:D614G S:H655Y S:S659S	18	11685	0.00154	23342	23539
A23403G A23436G	S:D614G S:H625R	18	24508	0.000734	23388	23441
A23403G A23414G C23525T	S:D614G S:T618A S:H655Y	18	12206	0.001475	23347	23532
T25279C	S:S1239S	17	36280	0.000469	25209	25316
T25224C	S:I1221T	17	30729	0.000553	25218	25324
T24871C C24981-T C25000T	S:F1103F NA S:D1146D	17	14139	0.001202	24850	25013
T24796-C	NA	17	7260	0.002342	24747	24800
T24660+A	NA	17	19612	0.000867	24616	24669
T24628+A	NA	17	19820	0.000858	24620	24659
T24548C	S:L996L	17	44388	0.000383	24532	24564
T24523+C	NA	17	44688	0.00038	24470	24532
T24506C	S:S982P	17	44799	0.000379	24473	24512
T24501C	S:I980T	17	44807	0.000379	24473	24564
T24469A T24505C	S:N969K S:L981L	17	39880	0.000426	24465	24564
T24469A T24472-G C24536-A	S:N969K NA NA	17	39383	0.000432	24465	24564
T24469A A24484T	S:N969K S:S974S	17	40159	0.000423	24465	24679
T23684C	S:S708P	17	52568	0.000323	23683	23708
T23659-G	NA	17	37609	0.000452	23652	23700
T23599G C23604A T23715C	S:N679K S:P681H S:F718S	17	33765	0.000503	23580	23724
T23599G C23604A G23661A	S:N679K S:P681H S:G700D	17	35018	0.000485	23581	23700
T23599G C23604A C23635T	S:N679K S:P681H S:S691S	17	69623	0.000244	23587	23642
T23599G C23604A A23632G	S:N679K S:P681H S:Q690Q	17	69751	0.000244	23580	23642
T23374C A23403G	S:T604T S:D614G	17	25828	0.000658	23335	23429
T23344C A23403G	S:G594G S:D614G	17	25403	0.000669	23293	23443
T22882G T22896C G22898A T22926-G T22942G	S:N440K S:V445A S:G446S NA S:N460K	17	7907	0.00215	22878	22950
T21934-A G21987A T21990-TTA A21999-C C22033A	NA S:G142D S:DEL144 NA S:F157L	17	7222	0.002354	21907	22050
G25226T C25262-T	S:A1222S NA	17	30712	0.000554	25122	25325
G25173+A C25262-T	NA NA	17	22703	0.000749	25122	25325
G25135+A C25262-T	NA NA	17	20820	0.000817	25130	25312
G25127-T	NA	17	24932	0.000682	25122	25153
G24816-A	NA	17	2293	0.007414	24724	24943
G23835-T C23887-A	NA NA	17	13329	0.001275	23767	23895
G23517A C23525T T23599G C23604A	S:G652E S:H655Y S:N679K S:P681H	17	34167	0.000498	23487	23637
G23504A C23525T T23599G C23604A	S:G648S S:H655Y S:N679K S:P681H	17	33876	0.000502	23487	23642
G22992A C22995A A23013C T23019C T23031C	S:S477N S:T478K S:E484A S:F486S S:F490S	17	358	0.047486	22987	23038
G22813T T22882G G22895C T22896C G22898A G22927-T T22942G	S:K417N S:N440K S:V445P S:V445P S:G446S NA S:N460K	17	6299	0.002699	22793	22967
G22813T T22882G G22895C G22898A T22917G T22930A	S:K417N S:N440K S:V445L S:G446S S:L452R S:F456L	17	6778	0.002508	22793	22939
G21987A T21991-TA C22000A	S:G142D NA S:H146Q	17	9654	0.001761	21970	22041
C25433+T	NA	17	16159	0.001052	25381	25450
C25416T G25445T	ORF3a:F8F ORF3a:G18V	17	15911	0.001068	25372	25465
C25416T A25448G	ORF3a:F8F ORF3a:E19G	17	15825	0.001074	25383	25477
C25262-T T25322C	NA S:C1254R	17	34725	0.00049	25251	25325
C25262-T T25303C	NA S:C1247C	17	35160	0.000484	25255	25308
C25262-T A25296-G	NA NA	17	35212	0.000483	25251	25324
C25207+G	NA	17	30540	0.000557	25199	25325
C25163A	S:Q1201K	17	27178	0.000626	25153	25324
C25000T A25042G	S:D1146D S:T1160T	17	18548	0.000917	24990	25060
C25000T A25034G	S:D1146D S:N1158D	17	18665	0.000911	24990	25069
C24964-A C24981-T C25000T	NA NA S:D1146D	17	15058	0.001129	24850	25016
C24536-A C24672-A	NA NA	17	14017	0.001213	24479	24679
C24146T	S:P862S	17	4681	0.003632	24120	24181
C23854A T23860C	S:N764K S:A766A	17	14595	0.001165	23850	23895
C23630-A	NA	17	71643	0.000237	23621	23637
C23604A C23613T	S:P681H S:A684V	17	70524	0.000241	23580	23642
C23525T T23599G C23604A C23606T	S:H655Y S:N679K S:P681H S:R682W	17	34201	0.000497	23487	23624
C23525T G23564A T23599G C23604A	S:H655Y S:A668T S:N679K S:P681H	17	34209	0.000497	23492	23639
C23525T G23528A	S:H655Y S:V656I	17	49583	0.000343	23510	23539
C23525T C23604G	S:H655Y S:P681R	17	34209	0.000497	23499	23639
C23525T C23575T T23599G C23604A	S:H655Y S:C671C S:N679K S:P681H	17	34209	0.000497	23487	23642
C23525T C23530-A T23599G C23604A	S:H655Y NA S:N679K S:P681H	17	34209	0.000497	23508	23634
C23525T A23579G T23599G C23604A	S:H655Y S:S673G S:N679K S:P681H	17	34209	0.000497	23487	23624
C23525T A23554-C T23599G C23604A	S:H655Y NA S:N679K S:P681H	17	34209	0.000497	23487	23637
C23334-T C23367+A	NA NA	17	12628	0.001346	23282	23396
C23191-A	NA	17	7669	0.002217	23179	23224
C22570T G22577C G22578A	S:C336C S:G339H S:G339H	17	1152	0.014757	22483	22581
C22290T T22291C G22317T	S:A243V S:A243V S:G252V	17	10673	0.001593	22246	22446
A25397-T C25416T	NA ORF3a:F8F	17	16476	0.001032	25383	25477
A25274-C	NA	17	36126	0.000471	25251	25312
A25194-AT G25197T C25262-T	NA S:W1212L NA	17	24747	0.000687	25122	25325
A25142G	S:N1194D	17	26455	0.000643	25130	25179
A25137-T T25191-A C25262-T	NA NA NA	17	20923	0.000813	25122	25320
A25056-T	NA	17	19027	0.000893	25045	25069
A24860G C25000T	S:T1100A S:D1146D	17	14060	0.001209	24857	25061
A24679G	S:R1039R	17	19108	0.00089	24612	24679
A24667G	S:G1035G	17	19512	0.000871	24643	24678
A24641G	S:T1027A	17	19745	0.000861	24503	24679
A24629G T24631-C	S:N1023D NA	17	19812	0.000858	24484	24679
A24604G	S:R1014R	17	14687	0.001157	24478	24679
A24576G	S:Q1005R	17	14914	0.00114	24491	24679
A24495G	S:N978S	17	44823	0.000379	24481	24530
A24424T T24492-A	S:Q954H NA	17	27348	0.000622	24412	24564
A24424T T24469A T24489C	S:Q954H S:N969K S:V976A	17	27357	0.000621	24412	24563
A24424T T24469A T24475C	S:Q954H S:N969K S:G971G	17	27443	0.000619	24416	24515
A24424T T24469A A24556G	S:Q954H S:N969K S:T998T	17	26612	0.000639	24412	24564
A24424T T24469A A24532G	S:Q954H S:N969K S:E990E	17	27031	0.000629	24412	24558
A24424T C24503-T T24505C	S:Q954H NA S:L981L	17	27264	0.000624	24412	24564
A24424T C24435+T T24469A	S:Q954H NA S:N969Q	17	27482	0.000619	24412	24564
A24424T A24560G	S:Q954H S:R1000G	17	26516	0.000641	24412	24564
A24424T A24551G	S:Q954H S:I997V	17	26797	0.000634	24413	24563
A24424T A24468-T T24470A	S:Q954H NA S:F970I	17	27450	0.000619	24413	24564
A24424T A24454G T24469A	S:Q954H S:K964K S:N969K	17	27482	0.000619	24412	24564
A24424T A24443G	S:Q954H S:T961A	17	27730	0.000613	24412	24564
A24424T A24432G T24469A	S:Q954H S:Q957R S:N969K	17	27482	0.000619	24415	24564
A23702G	S:I714V	17	52638	0.000323	23683	23724
A23515+G C23525T C23604A	NA S:H655S S:P681Y	17	34117	0.000498	23487	23639
A23403G C23525T A23531G	S:D614G S:H655Y S:N657D	17	12112	0.001404	23386	23539
A23299G A23403G	S:P579P S:D614G	17	11796	0.001441	23285	23423
A23013C T23018C T23019C T23031C A23055G A23063T	S:E484A S:F486P S:F486P S:F490S S:Q498R S:N501Y	17	1061	0.016023	23008	23068
A21993-TTACC A21999C	NA S:H146P	17	9654	0.001761	21971	22025
A21979-T G21987A T21990-TTA A21999-CAAA	NA S:G142D S:DEL144 NA	17	9651	0.001761	21847	22026
A21875-T G21987A T21990-TTA C22000A	NA S:G142D S:DEL144 S:H146Q	17	6845	0.002484	21847	22043
T25316-C	NA	16	37200	0.00043	25308	25325
T25171+G C25262-T	NA NA	16	22488	0.000711	25122	25325
T25161C C25262-T	S:L1200P NA	16	22040	0.000726	25122	25325
T25159C C25262-T	S:D1199D NA	16	21953	0.000729	25139	25323
T24924C C25000T	S:F1121S S:D1146D	16	14517	0.001102	24860	25069
T24804C	S:I1081T	16	7187	0.002226	24784	24806
T24765-CC	NA	16	7216	0.002217	24736	24789
T24648C	S:M1029T	16	19703	0.000812	24612	24678
T24625C	S:S1021S	16	19796	0.000808	24612	24679
T24564A	Unknown	16	43872	0.000365	24500	24564
T24534C	S:V991A	16	44568	0.000359	24487	24564
T24523+C C24672-A	NA NA	16	13972	0.001145	24474	24679
T24417C A24424T T24469A	S:V952A S:Q954H S:N969K	16	27327	0.000586	24412	24564
T23742-A	NA	16	14272	0.001121	23683	23750
T23713A	S:N717K	16	52177	0.000307	23701	23722
T23599G C23604A C23673T T23698C	S:N679K S:P681H S:S704L S:I712I	16	34628	0.000462	23580	23724
T23599G C23604A A23696G	S:N679K S:P681H S:I712V	16	34658	0.000462	23580	23724
T23599G C23604A A23687G	S:N679K S:P681H S:N709D	16	34755	0.00046	23588	23709
T23452C C23525T	S:T630T S:H655Y	16	13309	0.001202	23409	23539
T23394C A23403G	S:L611P S:D614G	16	26557	0.000602	23335	23443
T23375C	S:S605P	16	29235	0.000547	23339	23391
T23341C A23403G	S:G593G S:D614G	16	25223	0.000634	23335	23443
T23341C	S:G593G	16	30541	0.000524	23335	23358
T22926-G	NA	16	10868	0.001472	22918	22967
T21991-TA C22000A	NA S:H146Q	16	9654	0.001657	21970	22058
T21934-A T21990-TTA A21999-C	NA S:DEL144 NA	16	7576	0.002112	21894	22058
T21861-A	NA	16	12239	0.001307	21847	21882
T21609+CATGCCGCTGTT C21618T C21622T G21624C T21632-TACCCCCTG C21711T A21764-TACATG	S:INS17HAAV S:T19F S:T20F S:R21T S:DEL25/27 S:S50L S:DEL69/70	16	197	0.081218	21597	21788
G25269-T	NA	16	35904	0.000446	25262	25325
G25226A	S:A1222T	16	30887	0.000518	25199	25325
G24868+T	NA	16	18729	0.000854	24850	24880
G24858A C24981-T C25000T	S:G1099D NA S:D1146D	16	14017	0.001141	24850	25013
G23508+T A23515+G T23599G C23604A	NA NA S:N679L S:P681H	16	34002	0.000471	23486	23638
G22813T T22896C G22898A T22928C T22942G	S:K417N S:V445A S:G446S S:F456L S:N460K	16	6299	0.00254	22800	22963
G22813T T22882G T22896C G22898A T22917G T22942G	S:K417N S:N440K S:V445A S:G446S S:L452R S:N460K	16	6299	0.00254	22793	22967
G22037-T	NA	16	12261	0.001305	22023	22052
G21987A T21990-TTA C22000A A22003T	S:G142D S:DEL144 S:H146Q S:K147N	16	9654	0.001657	21954	22042
G21987A A21993-TTAC A21999-C	S:G142D NA NA	16	9654	0.001657	21960	22058
G21907A	S:Q115Q	16	12644	0.001265	21869	21980
G21508-A	NA	16	1514	0.010568	21451	21565
C25416T A25449G	ORF3a:F8F ORF3a:E19E	16	15802	0.001013	25381	25467
C25416T A25438G	ORF3a:F8F ORF3a:K16E	16	16049	0.000997	25381	25470
C25262-T T25307C	NA S:S1249P	16	35136	0.000455	25252	25325
C25262-T G25340-A	NA NA	16	3153	0.005075	25251	25353
C25169-T C25262-T	NA NA	16	22369	0.000715	25122	25305
C25000T A25065G	S:D1146D S:D1168G	16	18096	0.000884	24990	25069
C25000T A25034C	S:D1146D S:N1158H	16	18665	0.000857	24971	25069
C24919T C25000T	S:N1119N S:D1146D	16	14505	0.001103	24879	25068
C24878-A C25000T	NA S:D1146D	16	14206	0.001126	24857	25069
C24536+A	NA	16	44526	0.000359	24476	24563
C23854A T23871C	S:N764K S:I770T	16	14339	0.001116	23842	23881
C23694+G	NA	16	52884	0.000303	23687	23716
C23604G C23664T	S:P681R S:A701V	16	35077	0.000456	23600	23700
C23525T T23599G C23604A G23628A	S:H655Y S:N679K S:P681H S:S689N	16	33759	0.000474	23498	23634
C23525T T23599G C23604A G23624A	S:H655Y S:N679K S:P681H S:A688T	16	34134	0.000469	23492	23637
C23525T T23599G C23604A G23608A	S:H655Y S:N679K S:P681H S:R682R	16	34198	0.000468	23487	23624
C23525T C23533-A	S:H655Y NA	16	49466	0.000323	23493	23539
C23525T A23558-T T23599G	S:H655Y NA S:N679K	16	34228	0.000467	23493	23624
C23271T C23334-T C23423T	S:A570V NA S:P621S	16	11079	0.001444	23269	23433
C22802+A G22813T T22882G	NA S:K417N S:N440Q	16	12838	0.001246	22793	22889
C22264+T	NA	16	11114	0.00144	22257	22298
A25405T C25416T	ORF3a:M5L ORF3a:F8F	16	16476	0.000971	25376	25489
A25397+T	NA	16	16949	0.000944	25381	25408
A25225G	S:I1221M	16	30802	0.000519	25219	25278
A24956-T C25000T	NA S:D1146D	16	14887	0.001075	24886	25069
A24922+T	NA	16	18364	0.000871	24872	24932
A24905-T	NA	16	18451	0.000867	24866	24943
A24902-T C24981-T C25000T	NA NA S:D1146D	16	14421	0.001109	24850	25011
A24902-T	NA	16	18466	0.000866	24885	24927
A24661G	S:V1033V	16	19594	0.000817	24612	24679
A24592G	S:Q1010Q	16	14713	0.001087	24510	24643
A24479-T C24672-A	NA NA	16	13186	0.001213	24474	24679
A24424T T24499C	S:Q954H S:D979D	16	27303	0.000586	24412	24564
A24424T T24489C	S:Q954H S:V976A	16	27357	0.000585	24412	24505
A24424T T24469A T24487C	S:Q954H S:N969K S:S975S	16	27367	0.000585	24412	24564
A24424T A24520T	S:Q954H S:K986N	16	27150	0.000589	24412	24564
A24424T A24518G	S:Q954H S:K986E	16	27175	0.000589	24412	24564
A24424T A24498G	S:Q954H S:D979G	16	27308	0.000586	24415	24564
A24424T A24440G	S:Q954H S:N960D	16	27765	0.000576	24413	24487
A24253-T C24320-AA	NA NA	16	6447	0.002482	24229	24332
A24123G	S:K854R	16	4654	0.003438	24115	24173
A23853-C C23855A	NA S:R765S	16	14688	0.001089	23843	23895
A23403G T23511-A C23525T	S:D614G NA S:H655Y	16	12206	0.001311	23380	23539
A23403G T23427C C23525T	S:D614G S:V622A S:H655Y	16	12206	0.001311	23335	23532
A23403G T23427C	S:D614G S:V622A	16	26036	0.000615	23335	23443
A23403G T23404C	S:D614G S:D614G	16	26754	0.000598	23385	23443
A23397-T A23403G C23525T	NA S:D614G S:H655Y	16	12077	0.001325	23340	23532
A23356G A23403G	S:I598M S:D614G	16	25644	0.000624	23335	23443
A21979-T G21987A T21990-TTA	NA S:G142D S:DEL144	16	11957	0.001338	21847	22023
A21592-G C21618T T21632-TACCCCCTG	NA S:T19I S:DEL25/27	16	2131	0.007508	21580	21664
T25258C	S:I1232I	15	35293	0.000425	25251	25325
T25245C	S:V1228A	15	31521	0.000476	25226	25325
T25232C C25262-T	S:L1224L NA	15	31040	0.000483	25130	25325
T25224-A	NA	15	30729	0.000488	25217	25325
T25211C	S:W1217R	15	31814	0.000471	25207	25325
T25205C	S:Y1215H	15	30210	0.000497	25190	25210
T24733C	S:P1057P	15	6820	0.002199	24724	24806
T24660-A	NA	15	19612	0.000765	24623	24688
T24469A T24541C	S:N969K S:I993I	15	39298	0.000382	24465	24564
T24469A A24587G	S:N969K S:T1009A	15	10849	0.001383	24465	24679
T24469A A24562G	S:N969K S:R1000R	15	38732	0.000387	24465	24563
T24414C A24424T T24469A	S:V951A S:Q954H S:N969K	15	27136	0.000553	24412	24564
T23599G C23707T	S:N679K S:P715P	15	34015	0.000441	23581	23723
T23599G C23604A T23716C	S:N679K S:P681H S:F718F	15	33758	0.000444	23580	23724
T23599G C23604A T23645C	S:N679K S:P681H S:Y695H	15	35177	0.000426	23580	23669
T23599G C23604A T23637C C23673T	S:N679K S:P681H S:I692T S:S704L	15	34897	0.00043	23580	23699
T23599G C23604A T23637-C	S:N679K S:P681H NA	15	69457	0.000216	23585	23642
T23599G C23604A G23653A	S:N679K S:P681H S:M697I	15	35096	0.000427	23580	23700
T23599G C23604A C23673T T23684C	S:N679K S:P681H S:S704L S:S708P	15	34784	0.000431	23580	23705
T23599G C23604A C23673T A23712-T	S:N679K S:P681H S:S704L NA	15	33809	0.000444	23580	23724
T23599G C23604A C23647T	S:N679K S:P681H S:Y695Y	15	35157	0.000427	23580	23689
T23599G C23604A C23630-A	S:N679K S:P681H NA	15	69857	0.000215	23580	23642
T23599G C23604A C23609+G	S:N679K S:P681H NA	15	70437	0.000213	23580	23625
T23599G C23603A C23604A	S:N679K S:P681N S:P681N	15	70471	0.000213	23580	23700
T23582C T23599G	S:Y674H S:N679K	15	70219	0.000214	23580	23612
T23500C C23525T T23599G C23604A	S:R646R S:H655Y S:N679K S:P681H	15	33686	0.000445	23487	23637
T23482-A	NA	15	13833	0.001084	23471	23522
T23391C A23403G	S:V610A S:D614G	15	26446	0.000567	23296	23438
T23374C C23525T	S:T604T S:H655Y	15	11339	0.001323	23335	23537
T23289+C	NA	15	19027	0.000788	23269	23290
T23281C A23403G	S:T573T S:D614G	15	11458	0.001309	23269	23438
T23019C T23031C A23055G A23063T T23075C	S:F486S S:F490S S:Q498R S:N501Y S:Y505H	15	996	0.01506	23008	23224
T22896C G22898A	S:V445A S:G446S	15	10537	0.001424	22883	22966
T22882G T22896C G22898A A22914-C T22942G	S:N440K S:V445A S:G446S NA S:N460K	15	7907	0.001897	22876	22967
T22882G G22898A G22927T T22942G	S:N440K S:G446S S:L455F S:N460K	15	7907	0.001897	22872	22967
T22882G G22895C G22898A G22927T T22930A T22942G	S:N440K S:V445L S:G446S S:L455F S:F456L S:N460K	15	7907	0.001897	22876	22949
T22831+A	NA	15	13971	0.001074	22793	22845
T22392-A	NA	15	5281	0.00284	22378	22409
T22304C G22317T	S:Y248H S:G252V	15	10810	0.001388	22246	22319
T22282C G22317T	S:T240T S:G252V	15	10562	0.00142	22274	22319
T21864+A	NA	15	12249	0.001225	21847	21901
G25249A	S:M1229I	15	31618	0.000474	25222	25263
G25177-T C25262-T	NA NA	15	22851	0.000656	25122	25324
G24971+T C24981-T	NA NA	15	15519	0.000967	24850	24999
G24800-C	NA	15	7251	0.002069	24769	24806
G24626A	S:A1022T	15	19800	0.000758	24612	24679
G23955+T	NA	15	2210	0.006787	23941	23968
G23593-A T23599G C23604A	NA S:N679K S:P681H	15	70397	0.000213	23580	23634
G23518A C23525T T23599G C23604A	S:G652G S:H655Y S:N679K S:P681H	15	34169	0.000439	23487	23639
G22961+T	NA	15	11059	0.001356	22951	22967
G22813T A22845-T	S:K417N NA	15	13388	0.00112	22798	22868
G22317T G22352A	S:G252V S:A264T	15	4266	0.003516	22256	22414
G22104-A C22109G T22200A G22317T	NA S:Q183E S:V213E S:G252V	15	2274	0.006596	22100	22319
G21987A T21991-TA A21999-C	S:G142D NA NA	15	9654	0.001554	21967	22049
C25416T T25446C	ORF3a:F8F ORF3a:G18G	15	15890	0.000944	25381	25477
C25416T T25421C	ORF3a:F8F ORF3a:I10T	15	16386	0.000915	25381	25477
C25416T G25481A	ORF3a:F8F ORF3a:R30H	15	11542	0.0013	25381	25485
C25416T A25472-T	ORF3a:F8F NA	15	15203	0.000987	25381	25477
C25262-T T25301-G	NA NA	15	35173	0.000426	25124	25325
C25254-A	NA	15	35125	0.000427	25251	25325
C25156T C25262-T	S:I1198I NA	15	21768	0.000689	25130	25325
C25000T T25140-A	S:D1146D NA	15	3454	0.004343	24992	25210
C25000T T25005-C C25047T	S:D1146D NA S:P1162L	15	18474	0.000812	24961	25069
C24509T	S:R983C	15	44792	0.000335	24479	24564
C24064-A	NA	15	5143	0.002917	24038	24107
C23887-A G23903-T	NA NA	15	1716	0.008741	23767	23919
C23854A A23890G G23948T	S:N764K S:K776K S:D796Y	15	951	0.015773	23825	23978
C23854A A23883G	S:N764K S:Q774R	15	13930	0.001077	23850	23895
C23709+A C23887-A	NA NA	15	10890	0.001377	23683	23895
C23525T T23599G C23604A G23619A	S:H655Y S:N679K S:P681H S:S686N	15	34163	0.000439	23487	23641
C23525T T23571C T23599G C23604A	S:H655Y S:I670T S:N679K S:P681H	15	34209	0.000438	23487	23642
C23525T C23556T T23599G C23604A	S:H655Y S:P665L S:N679K S:P681H	15	34209	0.000438	23487	23633
C23525T A23539T	S:H655Y S:S659S	15	48902	0.000307	23502	23539
C23451T C23525T	S:T630I S:H655Y	15	13301	0.001128	23432	23529
C23306+T	NA	15	13318	0.001126	23285	23317
C23099-T C23230-A	NA NA	15	5317	0.002821	23089	23289
C22109G T22200A C22281+T G22317T	S:Q183E S:V213E NA S:G252L	15	2320	0.006466	22100	22319
C21552+A C21618T T21632-TACCCCCTG	NA S:T19F S:DEL25/27	15	1582	0.009482	21544	21664
A25296-G	NA	15	36775	0.000408	25262	25324
A25256G	S:I1232V	15	35223	0.000426	25230	25264
A25247G	S:M1229V	15	31561	0.000475	25232	25264
A25235G	S:I1225V	15	31300	0.000479	25224	25325
A25206G C25262-T	S:Y1215C NA	15	26333	0.00057	25122	25325
A25190G C25262-T	S:I1210V NA	15	24201	0.00062	25122	25325
A25188G C25262-T	S:Y1209C NA	15	24052	0.000624	25122	25325
A25179G	S:Y1206C	15	27737	0.000541	25166	25210
A25125G C25262-T	S:E1188G NA	15	19699	0.000761	25122	25325
A24885-T C25000T	NA S:D1146D	15	14234	0.001054	24857	25018
A24578G	S:T1006A	15	14909	0.001006	24488	24679
A24478G	S:A972A	15	43846	0.000342	24473	24511
A24424T T24469A T24534C	S:Q954H S:N969K S:V991A	15	27012	0.000555	24412	24564
A24424T T24469A T24523C	S:Q954H S:N969K S:V987V	15	27114	0.000553	24412	24563
A24424T T24469A T24472-G C24536-A	S:Q954H S:N969K NA NA	15	26986	0.000556	24412	24564
A24424T T24450C T24469A	S:Q954H S:V963A S:N969K	15	27482	0.000546	24412	24564
A24424T T24436C T24469A	S:Q954H S:A958A S:N969K	15	27482	0.000546	24412	24564
A24424T A24520G	S:Q954H S:K986K	15	27150	0.000552	24412	24564
A24424T A24508G	S:Q954H S:S982S	15	27234	0.000551	24412	24554
A24424T A24452G T24469A	S:Q954H S:K964E S:N969K	15	27482	0.000546	24412	24563
A24424T A24443G T24469A	S:Q954H S:T961A S:N969K	15	27482	0.000546	24413	24563
A23806+T	NA	15	15386	0.000975	23767	23815
A23712+T T23765G	NA S:S735V	15	13795	0.001087	23683	23781
A23712+T C23887-A	NA NA	15	10896	0.001377	23683	23895
A23583G T23599G C23604A	S:Y674C S:N679K S:P681H	15	70188	0.000214	23580	23642
A23403G T23489C C23525T	S:D614G S:F643L S:H655Y	15	12206	0.001229	23335	23539
A23403G G23508A C23525T	S:D614G S:C649Y S:H655Y	15	12206	0.001229	23379	23539
A23403G A23414G	S:D614G S:T618A	15	26508	0.000566	23368	23429
A23400T G23401A	S:Q613L S:Q613L	15	26987	0.000556	23335	23428
A23397+T	NA	15	27847	0.000539	23373	23412
A23356G A23403G C23525T	S:I598M S:D614G S:H655Y	15	11193	0.00134	23339	23535
A23326G A23403G	S:T588T S:D614G	15	11824	0.001269	23269	23438
A23181-T	NA	15	7674	0.001955	23153	23205
A23013C T23018C T23019C T23031C T23075C	S:E484A S:F486P S:F486P S:F490S S:Y505H	15	996	0.01506	23008	23080
A22845-T	NA	15	13998	0.001072	22813	22865
T25236C	S:I1225T	14	31322	0.000447	25227	25325
T25211C C25262-T	S:W1217R NA	14	27875	0.000502	25127	25324
T25159C	S:D1199D	14	27097	0.000517	25151	25172
T25129C	S:V1189V	14	25097	0.000558	25122	25167
T24982C C25000T	S:P1140P S:D1146D	14	15317	0.000914	24850	25069
T24946C C25000T	S:V1128V S:D1146D	14	14714	0.000951	24894	25069
T24765+A	NA	14	7216	0.00194	24756	24806
T24658C	S:C1032C	14	19619	0.000714	24628	24676
T24633C	S:L1024P	14	19806	0.000707	24612	24679
T24496C	S:N978N	14	44828	0.000312	24486	24534
T24469A T24504C	S:N969K S:L981P	14	39893	0.000351	24465	24564
T24469A T24501C	S:N969K S:I980T	14	39946	0.00035	24465	24564
T24469A C24503-T	S:N969K NA	14	39907	0.000351	24465	24513
T24469A A24516G	S:N969K S:D985G	14	39711	0.000353	24465	24564
T24187C	S:S875S	14	8755	0.001599	24164	24191
T23765G C23854A C23887-A	S:S735A S:N764K NA	14	11153	0.001255	23683	23895
T23686-A	NA	14	52663	0.000266	23683	23708
T23599G C23604A T23689-A	S:N679K S:P681H NA	14	34734	0.000403	23580	23715
T23599G C23604A G23666-A C23709-A	S:N679K S:P681H NA NA	14	33924	0.000413	23580	23724
T23599G C23604A G23621A	S:N679K S:P681H S:V687I	14	70356	0.000199	23580	23642
T23584C T23599G C23604A C23673T	S:Y674Y S:N679K S:P681H S:S704L	14	34713	0.000403	23580	23724
T23488C C23525T T23599G C23604A	Unknown S:H655Y S:N679K S:P681H	14	33061	0.000423	23487	23642
T23487G C23525T T23599G C23604A	Unknown S:H655Y S:N679K S:P681H	14	21231	0.000659	23486	23642
T23374C	S:T604T	14	29455	0.000475	23342	23388
T23333C C23334-T	S:S591P NA	14	13003	0.001077	23285	23374
T23119C	S:H519H	14	7714	0.001815	23089	23186
T22942G G22992A C22995A A23013C T23019C T23031C	S:N460K S:S477N S:T478K S:E484A S:F486S S:F490S	14	228	0.061404	22938	23042
T22930A	S:F456L	14	10641	0.001316	22925	22939
T22882G G22895C T22896C G22898A T22900-G	S:N440K S:V445P S:V445P S:G446S NA	14	10432	0.001342	22793	22915
T22288C G22317T	S:L242L S:G252V	14	10645	0.001315	22274	22319
T21976-C G21987A T21990-TTA C22000A C22033A	NA S:G142D S:DEL144 S:H146Q S:F157L	14	9281	0.001508	21954	22058
T21609+CATGCCGCTGTT C21618T C21622T G21624C T21632-TACCCCCTG A21764-TACATG	S:INS17HAAV S:T19F S:T20F S:R21T S:DEL25/27 S:DEL69/70	14	197	0.071066	21598	21802
G25447+A	NA	14	15867	0.000882	25381	25466
G25305A	S:C1248Y	14	37100	0.000377	25268	25325
G25298A	S:G1246S	14	36863	0.00038	25267	25325
G25213A	S:W1217*	14	28461	0.000492	25206	25249
G24665A	S:G1035R	14	19528	0.000717	24640	24675
G24638A	S:A1026T	14	19760	0.000709	24612	24679
G24611+A C24672-A	NA NA	14	14163	0.000988	24471	24679
G24488+T	NA	14	44626	0.000314	24473	24500
G24428+A	NA	14	28062	0.000499	24417	24564
G24140-T C24150+T	NA NA	14	4629	0.003024	24021	24182
G23735+A C23854A	NA S:N764K	14	11962	0.00117	23683	23895
G23724A	Unknown	14	51655	0.000271	23681	23724
G23519T C23525T T23599G C23604A	S:A653S S:H655Y S:N679K S:P681H	14	34173	0.00041	23501	23641
G23504-GC	NA	14	49747	0.000281	23493	23522
G22813T T22882G T22896C T22942G	S:K417N S:N440K S:V445A S:N460K	14	6299	0.002223	22793	22949
G22813T T22882G G22895C T22896C T22928C T22942G	S:K417N S:N440K S:V445P S:V445P S:F456L S:N460K	14	6299	0.002223	22793	22967
G22813T T22876-A T22882G	S:K417N NA S:N440K	14	12956	0.001081	22793	22889
G22487-A	NA	14	1116	0.012545	22444	22504
G22403-A	NA	14	5187	0.002699	22393	22446
G22299-A	NA	14	11368	0.001232	22280	22319
G22244+T G22317T	NA S:G252L	14	4459	0.00314	22237	22319
G21987A T21990-TTA C22000A A22007G	S:G142D S:DEL144 S:H146Q S:N149D	14	9653	0.00145	21971	22058
G21898-A G21987A T21990-TTA C22000A	NA S:G142D S:DEL144 S:H146Q	14	7141	0.001961	21885	22058
C25517-T G25555-T	NA NA	14	6821	0.002052	25372	25566
C25416T G25445T C25463G	ORF3a:F8F ORF3a:G18V ORF3a:T24S	14	15438	0.000907	25383	25485
C25416T A25562+T	ORF3a:F8F NA	14	6682	0.002095	25372	25566
C25416T A25453G	ORF3a:F8F ORF3a:K21E	14	15703	0.000892	25381	25477
C25416T A25431G	ORF3a:F8F ORF3a:V13V	14	16185	0.000865	25382	25477
C25262-T T25310C	NA S:C1250R	14	35065	0.000399	25122	25324
C25262-T C25300-T	NA NA	14	35184	0.000398	25129	25325
C25131T	S:A1190V	14	25788	0.000543	25122	25190
C25000T T25043C	S:D1146D S:S1161P	14	18538	0.000755	24990	25065
C25000T T25036C	S:D1146D S:N1158N	14	18635	0.000751	24990	25069
C24930T C24990T C25000T	S:S1123F S:P1143L S:D1146D	14	14556	0.000962	24853	25069
C24899-A C25000T	NA S:D1146D	14	14390	0.000973	24853	25015
C24899-A C24981-T	NA NA	14	14758	0.000949	24850	24991
C24852-A C24981-T C25000T	NA NA S:D1146D	14	13634	0.001027	24850	25015
C24418+A A24424T	NA S:Q954P	14	30166	0.000464	24412	24564
C24378T A24424T	S:S939F S:Q954H	14	2305	0.006074	24370	24424
C24119-A G24124-T	NA NA	14	3859	0.003628	24024	24157
C24026-T A24110-T C24119-A	NA NA NA	14	3136	0.004464	24021	24145
C23816-T G23835-T	NA NA	14	14645	0.000956	23767	23852
C23785+A	NA	14	15473	0.000905	23731	23795
C23604A A23639-T	S:P681H NA	14	69154	0.000202	23584	23642
C23525T T23599G C23604A C23609-G	S:H655Y S:N679K S:P681H NA	14	34195	0.000409	23493	23624
C23525T G23593A T23599G C23604A	S:H655Y S:Q677Q S:N679K S:P681H	14	34209	0.000409	23487	23629
C23525T G23574A T23599G C23604A	S:H655Y S:C671Y S:N679K S:P681H	14	34209	0.000409	23516	23621
C23525T G23543A T23599G C23604A	S:H655Y S:E661K S:N679K S:P681H	14	34209	0.000409	23487	23624
C23525T C23604A C23613T	S:H655Y S:P681H S:A684V	14	34180	0.00041	23516	23624
C23525T A23558G T23599G C23604A	S:H655Y S:I666V S:N679K S:P681H	14	34209	0.000409	23505	23640
C23506T C23525T T23599G C23604A	S:G648G S:H655Y S:N679K S:P681H	14	33970	0.000412	23487	23624
C23381+A	NA	14	28779	0.000486	23339	23393
C23334-T T23392C	NA S:V610V	14	12178	0.00115	23273	23422
C23271T C23423T	S:A570V S:P621S	14	11079	0.001264	23269	23429
C23271T C23334-T	S:A570V NA	14	12414	0.001128	23269	23346
C22109G C22120-A T22200A G22218-T G22317T	S:Q183E NA S:V213E NA S:G252V	14	2320	0.006034	22104	22319
A25243-G	NA	14	31459	0.000445	25231	25325
A25206G	S:Y1215C	14	30350	0.000461	25190	25222
A25154G	S:I1198V	14	26899	0.00052	25130	25206
A25137+T	NA	14	26194	0.000534	25131	25151
A24917G	S:N1119D	14	18408	0.000761	24850	24943
A24864G	S:H1101R	14	18691	0.000749	24850	24904
A24654G	S:E1031G	14	19671	0.000712	24612	24668
A24647G	S:M1029V	14	19724	0.00071	24612	24678
A24532G	S:E990E	14	44593	0.000314	24512	24564
A24500+T	NA	14	44822	0.000312	24480	24511
A24467G T24469A	S:N969E S:N969E	14	40264	0.000348	24457	24562
A24424T T24529C	S:Q954H S:A989A	14	27061	0.000517	24412	24564
A24424T T24504C	S:Q954H S:L981P	14	27266	0.000513	24412	24564
A24424T T24487C	S:Q954H S:S975S	14	27367	0.000512	24412	24548
A24424T T24475C	S:Q954H S:G971G	14	27443	0.00051	24413	24564
A24424T T24471-TG C24536-A	S:Q954H NA NA	14	26986	0.000519	24413	24564
A24424T T24469A T24472-G C24536-AA	S:Q954H S:N969K NA NA	14	26986	0.000519	24417	24564
A24424T T24469A G24474A	S:Q954H S:N969K S:G971D	14	27443	0.00051	24412	24564
A24424T T24469A C24503-T	S:Q954H S:N969K NA	14	27273	0.000513	24412	24563
A24424T T24469A A24500G	S:Q954H S:N969K S:I980V	14	27295	0.000513	24412	24564
A24424T T24450C	S:Q954H S:V963A	14	27659	0.000506	24412	24564
A24424T T24448C T24469A	S:Q954H S:L962L S:N969K	14	27482	0.000509	24413	24564
A24424T T24438+A T24451+A	S:Q954H NA NA	14	27649	0.000506	24412	24511
A24424T G24530+A	S:Q954H NA	14	27049	0.000518	24412	24564
A24424T C24536+A	S:Q954H NA	14	26986	0.000519	24412	24558
A24424T C24517-A	S:Q954H NA	14	27179	0.000515	24412	24533
A24424T A24468G T24469A	S:Q954H S:N969R S:N969R	14	27482	0.000509	24412	24508
A24424T A24456G	S:Q954H S:Q965R	14	27596	0.000507	24412	24518
A24424T A24441G T24469A	S:Q954H S:N960S S:N969K	14	27482	0.000509	24412	24484
A24424T A24441G	S:Q954H S:N960S	14	27763	0.000504	24412	24564
A24253-T C24263-A	NA NA	14	7307	0.001916	24229	24297
A23890G	S:K776K	14	14058	0.000996	23859	23895
A23403G C23525T T23527C	S:D614G S:H655Y S:H655Y	14	12164	0.001151	23389	23532
A23359G A23403G C23525T	S:T599T S:D614G S:H655Y	14	11207	0.001249	23335	23532
A23305G A23403G	S:T581T S:D614G	14	11806	0.001186	23269	23443
A23295G A23403G	S:D578G S:D614G	14	11685	0.001198	23270	23443
A23254-T	NA	14	5708	0.002453	23232	23290
A23055G A23063T	S:Q498R S:N501Y	14	1374	0.010189	23049	23224
A23013C T23018C T23031C	S:E484A S:F486L S:F490S	14	1474	0.009498	23008	23054
A23013C T23018C T23019C T23031C A23055G A23063T T23075C T23143-A	S:E484A S:F486P S:F486P S:F490S S:Q498R S:N501Y S:Y505H NA	14	812	0.017241	23008	23155
A22845-T T22882G	NA S:N440K	14	13562	0.001032	22813	22889
A22798+G G22813T T22882G G22895C T22896C G22898A	NA S:K417N S:N440Q S:V445P S:V445P S:G446R	14	8480	0.001651	22793	22906
A21964-T	NA	14	13965	0.001003	21847	21981
A21917G	S:I119V	14	12720	0.001101	21847	21931
T25402C C25416T	ORF3a:F4L ORF3a:F8F	13	16476	0.000789	25381	25477
T25394C C25416T	ORF3a:M1T ORF3a:F8F	13	16476	0.000789	25381	25477
T25180-G	NA	13	27753	0.000468	25164	25210
T25171-G A25176G	NA S:K1205R	13	27280	0.000477	25157	25210
T24681C	S:V1040A	13	5255	0.002474	24671	24688
T24637C	S:A1025A	13	19772	0.000657	24623	24646
T24583C	S:Y1007Y	13	14760	0.000881	24538	24669
T24549-G	NA	13	44373	0.000293	24541	24564
T24529C	S:A989A	13	44634	0.000291	24521	24564
T24511C	S:R983R	13	44787	0.00029	24473	24531
T24469A T24564A	S:N969K S:L1001H	13	38665	0.000336	24465	24564
T24469A T24552C	S:N969K S:I997T	13	39071	0.000333	24465	24564
T24469A T24482C	S:N969K S:S974P	13	40181	0.000324	24465	24499
T24469A C24517-A	S:N969K NA	13	39704	0.000327	24465	24558
T24469A A24551G	S:N969K S:I997V	13	39102	0.000332	24465	24564
T24185-C	NA	13	8794	0.001478	24148	24314
T23599G C23604A T23654C C23673T	S:N679K S:P681H S:S698P S:S704L	13	34897	0.000373	23580	23724
T23599G C23604A C23694T	S:N679K S:P681H S:S711F	13	34674	0.000375	23580	23717
T23599G A23702G	S:N679K S:I714V	13	34218	0.00038	23580	23724
T23582C	S:Y674H	13	70343	0.000185	23580	23671
T23437C C23525T	S:H625H S:H655Y	13	13170	0.000987	23409	23532
T23394C A23403G C23525T	S:L611P S:D614G S:H655Y	13	11916	0.001091	23335	23531
T23377+A	NA	13	29078	0.000447	23342	23389
T23341C A23403G C23525T	S:G593G S:D614G S:H655Y	13	10885	0.001194	23335	23539
T23317C A23403G	S:L585L S:D614G	13	11814	0.0011	23269	23443
T23247-C	NA	13	5757	0.002258	23203	23282
T22896C G22898A T22926-G T22942G	S:V445A S:G446S NA S:N460K	13	8010	0.001623	22886	22967
T22882G A22914-C T22942G	S:N440K NA S:N460K	13	7907	0.001644	22869	22967
T21854-C G21987A T21990-TTA C22000A	NA S:G142D S:DEL144 S:H146Q	13	6714	0.001936	21847	22058
T21854-C	NA	13	12202	0.001065	21847	21879
G25401-T	NA	13	16864	0.000771	25381	25477
G25273-A	NA	13	36098	0.00036	25266	25324
G25238A C25262-T	S:A1226T NA	13	31233	0.000416	25122	25325
G24561-A	NA	13	43964	0.000296	24549	24564
G24510+T	NA	13	44793	0.00029	24503	24521
G24488-T C24517-A	NA NA	13	44057	0.000295	24480	24532
G23832A	S:G757D	13	14947	0.00087	23683	23883
G23663+T	NA	13	37702	0.000345	23655	23704
G23522-A C23525T C23604A	NA S:H655Y S:P681H	13	34205	0.00038	23487	23642
G23420-T	NA	13	27197	0.000478	23335	23429
G23417+A	NA	13	27232	0.000477	23335	23430
G23242A	S:L560L	13	5840	0.002226	23190	23290
G22813T T22882G T22896C G22898A T22928C	S:K417N S:N440K S:V445A S:G446S S:F456L	13	6840	0.001901	22793	22941
G22813T T22882G G22898A T22942G	S:K417N S:N440K S:G446S S:N460K	13	6299	0.002064	22800	22957
G22813T T22882G G22895C T22896C G22898A T22917G T22930A T22942G C22945-A	S:K417N S:N440K S:V445P S:V445P S:G446S S:L452R S:F456L S:N460K NA	13	6134	0.002119	22793	22966
G22809-A T22882G	NA S:N440K	13	12931	0.001005	22793	22894
G22577C G22578A G22599C C22664A C22674T	S:G339H S:G339H S:R346T S:L368I S:S371F	13	287	0.045296	22561	22677
G22104-A C22109G C22120-A T22200A G22218-T	NA S:Q183E NA S:V213E NA	13	3715	0.003499	22100	22231
G21987A C22033A	S:G142D S:F157L	13	9295	0.001399	21969	22058
G21954T G21987A T21990-TTA C22000A	S:C131F S:G142D S:DEL144 S:H146Q	13	8478	0.001533	21933	22058
C25416T T25434C	ORF3a:F8F ORF3a:T14T	13	16133	0.000806	25375	25475
C25416T T25428C	ORF3a:F8F ORF3a:T12T	13	16258	0.0008	25381	25477
C25416T G25540+T	ORF3a:F8F NA	13	7072	0.001838	25372	25559
C25276T	S:T1238T	13	36189	0.000359	25251	25309
C25275T	S:T1238I	13	36156	0.00036	25252	25324
C25262-T T25371+A	NA NA	13	2774	0.004686	25251	25392
C25262-T T25306C	NA S:C1248C	13	35142	0.00037	25122	25325
C25262-T G25320-C	NA NA	13	34870	0.000373	25251	25325
C25262-T C25466-T	NA NA	13	1681	0.007733	25251	25477
C25262-T C25357+A	NA NA	13	3000	0.004333	25252	25372
C25000T C25002T	S:D1146D S:S1147L	13	19466	0.000668	24990	25069
C25000T A25024G	S:D1146D S:K1154K	13	18826	0.000691	24990	25069
C25000T A25014G	S:D1146D S:E1151G	13	19207	0.000677	24990	25069
C24981-T C25000T T25005-C C25047T	NA S:D1146D NA S:P1162L	13	14276	0.000911	24850	25069
C24878+A	NA	13	18704	0.000695	24850	24890
C24795-TCC	S:DEL1079	13	7272	0.001788	24734	24806
C24672-A C24715+T	NA NA	13	4326	0.003005	24612	24806
C24566-A	NA	13	15002	0.000867	24550	24579
C24435+T	NA	13	28592	0.000455	24428	24454
C24034-A	NA	13	5015	0.002592	24025	24059
C23859+T	NA	13	14746	0.000882	23767	23869
C23854A T23916+A G23948T	S:N764K NA S:D796*	13	951	0.01367	23845	23978
C23854A A23886G	S:N764K S:D775G	13	13800	0.000942	23683	23895
C23604A G23666-A	S:P681H NA	13	35059	0.000371	23580	23689
C23525T T23599G C23613T	S:H655Y S:N679K S:A684V	13	34180	0.00038	23487	23642
C23525T C23536+G	S:H655Y NA	13	49102	0.000265	23515	23539
C23492-A	NA	13	48895	0.000266	23486	23502
C23360T C23525T	S:P600S S:H655Y	13	11217	0.001159	23339	23539
C23244-T	NA	13	5812	0.002237	23089	23289
C23123A	S:P521T	13	7713	0.001685	23111	23187
C23099-T T23143-A	NA NA	13	7361	0.001766	23096	23156
C22109G C22120-A T22200A A22245-T	S:Q183E NA S:V213E NA	13	3209	0.004051	22105	22258
A25562+T	NA	13	6682	0.001946	25372	25566
A25243G C25262-T	S:I1227M NA	13	31343	0.000415	25122	25324
A25241G C25262-T	S:I1227V NA	13	31305	0.000415	25130	25325
A25168G	S:E1202E	13	27318	0.000476	25145	25325
A25158G	S:D1199G	13	27097	0.00048	25122	25210
A25154G C25262-T	S:I1198V NA	13	21675	0.0006	25122	25323
A24922-T C24981-T	NA NA	13	14880	0.000874	24852	24991
A24758G	S:T1066A	13	7134	0.001822	24724	24805
A24613G	S:E1017E	13	19758	0.000658	24612	24656
A24531G	S:E990G	13	44602	0.000291	24499	24564
A24520T	S:K986N	13	44720	0.000291	24508	24564
A24494G	S:N978D	13	44812	0.00029	24473	24564
A24424T T24534C	S:Q954H S:V991A	13	27012	0.000481	24412	24564
A24424T T24469A A24545C	S:Q954H S:N969K S:R995R	13	26883	0.000484	24412	24564
A24424T G24488+T	S:Q954H NA	13	27361	0.000475	24412	24511
A24424T A24539+T	S:Q954H NA	13	26960	0.000482	24415	24564
A24424T A24532G	S:Q954H S:E990E	13	27031	0.000481	24413	24552
A24424T A24454G	S:Q954H S:K964K	13	27625	0.000471	24412	24564
A24424T A24430G T24469A	S:Q954H S:A956A S:N969K	13	27482	0.000473	24412	24564
A24110-T G24124-T	NA NA	13	3402	0.003821	24021	24135
A23805G C23854A	S:E748G S:N764K	13	13988	0.000929	23767	23895
A23796+T	NA	13	15432	0.000842	23767	23807
A23784G C23854A	S:Y741C S:N764K	13	13732	0.000947	23719	23895
A23756G C23854A	S:T732A S:N764K	13	12071	0.001077	23683	23895
A23743G C23854A	S:L727L S:N764K	13	12021	0.001081	23736	23873
A23720+T	NA	13	51820	0.000251	23705	23724
A23639-T	NA	13	71169	0.000183	23626	23642
A23403G T23433C C23525T	S:D614G S:I624T S:H655Y	13	12206	0.001065	23339	23539
A23403G T23406C C23525T	S:D614G S:V615A S:H655Y	13	12206	0.001065	23335	23535
A23403G A23442G C23525T	S:D614G S:D627G S:H655Y	13	12206	0.001065	23389	23535
A23366G A23403G	S:T602A S:D614G	13	25705	0.000506	23335	23443
A23365G A23403G	S:G601G S:D614G	13	25694	0.000506	23335	23432
A23274G A23403G	S:D571G S:D614G	13	11424	0.001138	23269	23443
A22872+T T22882G	NA S:N440Q	13	14068	0.000924	22793	22887
T25560C	ORF3a:F56F	12	6782	0.001769	25372	25566
T25496+A	NA	12	9437	0.001272	25372	25504
T25461+A	NA	12	15487	0.000775	25372	25469
T25394+G	NA	12	17016	0.000705	25382	25403
T25293-C	NA	12	36663	0.000327	25285	25307
T25219C C25262-T	S:G1219G NA	12	29682	0.000404	25122	25325
T25215-A	NA	12	29081	0.000413	25200	25325
T25202+G C25262-T	NA NA	12	25864	0.000464	25135	25300
T25191+A C25262-T	NA NA	12	24533	0.000489	25130	25325
T25150C C25262-T	S:S1196S NA	12	21422	0.00056	25122	25325
T24974C C25000T	S:Y1138H S:D1146D	12	15176	0.000791	24951	25014
T24769C	S:P1069P	12	7270	0.001651	24728	24806
T24750C	S:L1063S	12	7008	0.001712	24725	24761
T24709C	S:L1049L	12	5024	0.002389	24673	24806
T24643-A C24672-A A24684-T	NA NA NA	12	4904	0.002447	24626	24703
T24585C	S:V1008A	12	14748	0.000814	24571	24679
T24565C	S:L1001L	12	43555	0.000276	24501	24676
T24499C	S:D979D	12	44824	0.000268	24488	24564
T24480C	S:I973T	12	44057	0.000272	24473	24564
T24469A T24480C	S:N969K S:I973T	12	40196	0.000299	24465	24564
T24469A T24471-TG	S:N969K NA	12	40234	0.000298	24465	24564
T24427C T24469A	S:N955N S:N969K	12	27650	0.000434	24412	24564
T24027C	S:L822P	12	4945	0.002427	24021	24106
T23916+A G23948T	NA S:D796*	12	1250	0.0096	23900	23978
T23765G A23853-C	S:S735A NA	12	12129	0.000989	23746	23862
T23693C	S:S711P	12	52833	0.000227	23683	23715
T23686C	S:S708S	12	52663	0.000228	23683	23724
T23681+C	NA	12	38100	0.000315	23674	23718
T23602-C T23605A	NA S:P681P	12	70553	0.00017	23580	23642
T23599G C23604G C23664T G23666-A	S:N679K S:P681R S:A701V NA	12	34973	0.000343	23580	23691
T23599G C23604A T23719A	S:N679K S:P681H S:T719T	12	33543	0.000358	23580	23724
T23599G C23604A T23713C	S:N679K S:P681H S:N717N	12	33774	0.000355	23580	23717
T23599G C23604A G23675A	S:N679K S:P681H S:V705I	12	34873	0.000344	23580	23700
T23599G C23604A G23675+T	S:N679K S:P681H NA	12	34873	0.000344	23581	23708
T23599G C23604A G23666-A G23675-T	S:N679K S:P681H NA NA	12	34873	0.000344	23581	23694
T23599G C23604A G23663A	S:N679K S:P681H S:A701T	12	35006	0.000343	23580	23724
T23599G C23604A G23619A	S:N679K S:P681H S:S686N	12	70368	0.000171	23580	23624
T23599G C23604A G23607A	S:N679K S:P681H S:R682Q	12	70443	0.00017	23580	23642
T23599G C23604A C23705T	S:N679K S:P681H S:P715S	12	34138	0.000352	23580	23717
T23599G C23604A C23679T	S:N679K S:P681H S:A706V	12	34841	0.000344	23593	23687
T23599G C23604A A23717G	S:N679K S:P681H S:T719A	12	33728	0.000356	23580	23724
T23599G C23604A A23704+C A23712+T	S:N679K S:P681H NA NA	12	33809	0.000355	23580	23724
T23599G C23604A A23667G	S:N679K S:P681H S:E702G	12	34963	0.000343	23580	23724
T23511+A A23515+G C23525T T23599G C23604A	NA NA S:H655Y S:N679L S:P681H	12	34077	0.000352	23486	23638
T23437C	S:H625H	12	25738	0.000466	23335	23443
T23392C	S:V610V	12	28182	0.000426	23335	23411
T23375C A23403G	S:S605P S:D614G	12	25840	0.000464	23335	23443
T23355+A	NA	12	30842	0.000389	23342	23366
T23308C A23403G	S:L582L S:D614G	12	11809	0.001016	23282	23443
T23246C	S:F562L	12	5767	0.002081	23089	23256
T23189C	S:F543L	12	7671	0.001564	23165	23224
T23137C	S:C525C	12	7726	0.001553	23098	23190
T22882G G22895C T22896C G22898A T22928C	S:N440K S:V445P S:V445P S:G446S S:F456L	12	8519	0.001409	22876	22935
T22882G G22895C T22896C G22898A G22927T	S:N440K S:V445P S:V445P S:G446S S:L455F	12	8830	0.001359	22876	22937
T22807+G G22813T	NA S:K417N	12	13750	0.000873	22793	22821
T22795C G22813T T22882G G22895C T22896C G22898A	Unknown S:K417N S:N440K S:V445P S:V445P S:G446S	12	8426	0.001424	22793	22910
T22293-A G22317T	NA S:G252V	12	10728	0.001119	22246	22319
T22200A G22218-T G22317T	S:V213E NA S:G252V	12	3245	0.003698	22170	22319
G25540+T	NA	12	7072	0.001697	25372	25555
G25481A	ORF3a:R30H	12	11542	0.00104	25381	25566
G25278A	S:S1239N	12	36251	0.000331	25212	25316
G25203A	S:W1214*	12	30020	0.0004	25160	25210
G25130A	S:A1190T	12	25170	0.000477	25122	25161
G24770A	S:A1070T	12	7275	0.001649	24754	24773
G24488-T C24503-T	NA NA	12	44336	0.000271	24473	24516
G24164+A	NA	12	8962	0.001339	24156	24206
G23761-A	NA	12	14093	0.000851	23683	23775
G23735-A	NA	12	14352	0.000836	23683	23747
G23735+A C23887-A	NA NA	12	11018	0.001089	23683	23895
G23699A C23854A	S:A713T S:N764K	12	11721	0.001024	23683	23895
G23666-A	NA	12	37776	0.000318	23651	23680
G23501A C23525T A23534G T23599G C23604A	S:A647T S:H655Y S:N658D S:N679K S:P681H	12	33703	0.000356	23487	23642
G22927T T22928C T22942G	S:L455F S:F456L S:N460K	12	9919	0.00121	22915	22967
G22898A G22927T T22942G	S:G446S S:L455F S:N460K	12	8018	0.001497	22882	22967
G22813T T22882G G22895C T22896C T22942G	S:K417N S:N440K S:V445P S:V445P S:N460K	12	6299	0.001905	22793	22967
G22317T C22383-T	S:G252V NA	12	3774	0.00318	22246	22394
G21987A C22000A C22033A	S:G142D S:H146Q S:F157L	12	9295	0.001291	21972	22058
G21850T	S:E96D	12	12149	0.000988	21847	21868
C25416T T25514C	ORF3a:F8F ORF3a:L41P	12	8431	0.001423	25372	25517
C25416T T25468C	ORF3a:F8F ORF3a:S26P	12	15308	0.000784	25381	25477
C25416T C25463G	ORF3a:F8F ORF3a:T24S	12	15438	0.000777	25375	25477
C25416T C25452-A	ORF3a:F8F NA	12	15717	0.000764	25384	25477
C25416T C25433+T	ORF3a:F8F NA	12	16159	0.000743	25381	25467
C25416T A25492G	ORF3a:F8F ORF3a:T34A	12	9718	0.001235	25377	25566
C25416T A25432G	ORF3a:F8F ORF3a:T14A	12	16169	0.000742	25372	25476
C25416T A25419G	ORF3a:F8F ORF3a:T9T	12	16395	0.000732	25381	25443
C25317T	S:S1252F	12	37198	0.000323	25244	25325
C25294-A G25302-T	NA NA	12	36624	0.000328	25284	25325
C25262-T T25312C	NA S:C1250C	12	35050	0.000342	25251	25325
C25262-T C25324+A	NA NA	12	34677	0.000346	25251	25325
C25262-T A25296G	NA S:K1245R	12	35212	0.000341	25251	25325
C25262-T A25274G	NA S:T1238A	12	35346	0.00034	25122	25325
C25199T	S:P1213S	12	29404	0.000408	25156	25210
C25184T T25191-A C25262-T	S:Q1208* NA NA	12	23708	0.000506	25122	25307
C25163-A	NA	12	27178	0.000442	25150	25210
C25000T C25037T	S:D1146D S:H1159Y	12	18622	0.000644	24990	25065
C25000T A25045-C	S:D1146D NA	12	18492	0.000649	24993	25069
C25000T A25040G	S:D1146D S:T1160A	12	18572	0.000646	24990	25069
C24990T C25000T A25008-G	S:P1143L S:D1146D NA	12	15232	0.000788	24850	25069
C24981-T A24999-C	NA NA	12	15326	0.000783	24850	25015
C24668+A	NA	12	19501	0.000615	24612	24679
C24517T	S:D985D	12	44745	0.000268	24504	24547
C24320-AA	NA	12	7507	0.001599	24229	24335
C23887-AA	NA	12	14235	0.000843	23767	23894
C23854G	S:N764K	12	14786	0.000812	23683	23881
C23854A A23880G	S:N764K S:E773G	12	14048	0.000854	23835	23894
C23833T C23854A	S:G757G S:N764K	12	14285	0.00084	23805	23895
C23595T T23599G C23604A	S:T678I S:N679K S:P681H	12	70442	0.00017	23580	23624
C23525T T23599G C23604A G23616A	S:H655Y S:N679K S:P681H S:R685H	12	34173	0.000351	23487	23642
C23525T T23599G C23604A C23635T	S:H655Y S:N679K S:P681H S:S691S	12	33580	0.000357	23487	23642
C23525T T23599G C23604A C23634T	S:H655Y S:N679K S:P681H S:S691F	12	33642	0.000357	23487	23642
C23525T T23599G C23604A A23631T	S:H655Y S:N679K S:P681H S:Q690L	12	33682	0.000356	23504	23642
C23525T T23599G C23604-T	S:H655Y S:N679K NA	12	34209	0.000351	23487	23642
C23525T T23599A C23604A	S:H655Y S:N679K S:P681H	12	34209	0.000351	23487	23624
C23525T T23596+A T23599G C23604A	S:H655Y NA S:N679* S:P681Y	12	34209	0.000351	23487	23634
C23525T G23567A T23599G C23604A	S:H655Y S:G669S S:N679K S:P681H	12	34209	0.000351	23487	23624
C23525T C23533-A C23604A	S:H655Y NA S:P681H	12	34209	0.000351	23487	23641
C23525T A23550T T23599G C23604A	S:H655Y S:D663V S:N679K S:P681H	12	34209	0.000351	23487	23637
C23334-T T23355-A	NA NA	12	12814	0.000936	23269	23390
C23271T C23334-T A23403G C23423T	S:A570V NA S:D614G S:P621S	12	11079	0.001083	23269	23443
C22664A C22674T	S:L368I S:S371F	12	447	0.026846	22646	22676
C22353A	S:A264D	12	4593	0.002613	22337	22366
C22251-A G22317T	NA S:G252V	12	9542	0.001258	22246	22319
C22109G T22200A A22301+T	S:Q183E S:V213E NA	12	2621	0.004578	22100	22311
C21855T	S:S98F	12	12212	0.000983	21848	21941
C21549-A	NA	12	2230	0.005381	21451	21568
A25432G	ORF3a:T14A	12	16169	0.000742	25381	25475
A25426G	ORF3a:T12A	12	16299	0.000736	25381	25451
A25381G C25416T	S:T1273T ORF3a:F8F	12	14357	0.000836	25372	25477
A25315+G	NA	12	37206	0.000323	25308	25320
A25195G C25262-T	S:K1211K NA	12	24831	0.000483	25124	25325
A25182G	S:E1207G	12	28211	0.000425	25147	25191
A25165G	S:Q1201Q	12	27257	0.00044	25133	25168
A25133G C25262-T	S:K1191E NA	12	20712	0.000579	25122	25325
A24978G C25000T	S:D1139G S:D1146D	12	15250	0.000787	24944	25069
A24913G C24981-T C25000T	S:T1117T NA S:D1146D	12	14492	0.000828	24850	25069
A24901G	S:Q1113Q	12	18468	0.00065	24887	24915
A24885+T C24981-T	NA NA	12	14602	0.000822	24850	24999
A24782G	S:N1074D	12	7414	0.001619	24768	24792
A24646G	S:K1028K	12	19728	0.000608	24612	24676
A24629G	S:N1023D	12	19818	0.000606	24616	24675
A24617G	S:R1019G	12	19768	0.000607	24612	24679
A24599G	S:I1013V	12	14699	0.000816	24567	24676
A24595T	S:Q1011H	12	14703	0.000816	24483	24630
A24591G	S:Q1010R	12	14715	0.000815	24485	24661
A24582G	S:Y1007C	12	14774	0.000812	24529	24602
A24545G	S:R995G	12	44438	0.00027	24473	24564
A24538G	S:Q992Q	12	44517	0.00027	24488	24564
A24500G	S:I980V	12	44822	0.000268	24476	24528
A24424T T24552C	S:Q954H S:I997T	12	26774	0.000448	24412	24564
A24424T T24482C	S:Q954H S:S974P	12	27404	0.000438	24412	24563
A24424T T24469A T24496C	S:Q954H S:N969K S:N978N	12	27322	0.000439	24412	24554
A24424T T24469A T24472C	S:Q954H S:N969K S:F970F	12	27448	0.000437	24412	24564
A24424T T24469A C24555T	S:Q954H S:N969K S:T998I	12	26697	0.000449	24412	24564
A24424T T24469A A24543G	S:Q954H S:N969K S:D994G	12	26916	0.000446	24412	24564
A24424T T24469A A24538G	S:Q954H S:N969K S:Q992Q	12	26967	0.000445	24412	24564
A24424T T24469A A24520G	S:Q954H S:N969K S:K986K	12	27150	0.000442	24412	24561
A24424T T24447C	S:Q954H S:L962P	12	27688	0.000433	24412	24564
A24424T T24437C	S:Q954H S:L959L	12	27789	0.000432	24415	24564
A24424T A24543G	S:Q954H S:D994G	12	26916	0.000446	24412	24564
A24424T A24531G	S:Q954H S:E990G	12	27041	0.000444	24413	24563
A24424T A24479+T	S:Q954H NA	12	27419	0.000438	24413	24564
A24424T A24461G T24469A	S:Q954H S:S967G S:N969K	12	27482	0.000437	24412	24564
A24424T A24453G T24469A	S:Q954H S:K964R S:N969K	12	27482	0.000437	24412	24564
A24424T A24452G	S:Q954H S:K964E	12	27643	0.000434	24412	24558
A24423+T T24469A	NA S:N969Q	12	27475	0.000437	24412	24554
A24324-AT A24424T	NA S:Q954H	12	1941	0.006182	24229	24424
A24300-G	NA	12	7933	0.001513	24281	24319
A24162G	S:D867G	12	8980	0.001336	24153	24191
A24158G	S:T866A	12	8993	0.001334	24148	24191
A24067G	S:K835K	12	5153	0.002329	24021	24106
A23810G C23854A	S:S750G S:N764K	12	14031	0.000855	23790	23886
A23800G C23854A	S:S746S S:N764K	12	13937	0.000861	23684	23895
A23786+T C23887-A	NA NA	12	12754	0.000941	23688	23895
A23723+C	NA	12	51723	0.000232	23702	23724
A23712+G	NA	12	52210	0.00023	23704	23724
A23704-C	NA	12	52611	0.000228	23690	23724
A23598T T23599G C23604A	S:N679M S:N679M S:P681H	12	70456	0.00017	23580	23724
A23403G T23507C C23525T	S:D614G S:C649R S:H655Y	12	12206	0.000983	23391	23539
A23403G T23425C C23525T	S:D614G S:P621P S:H655Y	12	12206	0.000983	23335	23539
A23403G T23425C	S:D614G S:P621P	12	26110	0.00046	23359	23429
A23403G T23404C C23525T	S:D614G S:D614G S:H655Y	12	12206	0.000983	23394	23532
A23403G G23519A C23525T	S:D614G S:A653T S:H655Y	12	12206	0.000983	23393	23539
A23403G C23462T C23525T	S:D614G S:R634C S:H655Y	12	12206	0.000983	23385	23539
A23403G A23495G C23525T	S:D614G S:T645A S:H655Y	12	12206	0.000983	23335	23529
A23403G A23474G C23525T	S:D614G S:T638A S:H655Y	12	12206	0.000983	23342	23532
A23369G A23403G C23525T	S:N603D S:D614G S:H655Y	12	11278	0.001064	23336	23539
A23354G	S:I598V	12	30843	0.000389	23335	23360
A23303G A23403G	S:T581A S:D614G	12	11804	0.001017	23269	23443
A23274G	S:D571G	12	18797	0.000638	23269	23289
A23063T	S:N501Y	12	1423	0.008433	23059	23224
A23013C T23018C T23019C T23031C A23063T T23075C	S:E484A S:F486P S:F486P S:F490S S:N501Y S:Y505H	12	996	0.012048	23008	23140
A22948-C	NA	12	11060	0.001085	22937	22967
A22101T C22109G T22200A G22317T	Unknown S:Q183E S:V213E S:G252V	12	2257	0.005317	22100	22319
A21964+T G21987A	NA S:G142E	12	11776	0.001019	21847	21992
T25464+C	NA	11	15411	0.000714	25381	25483
T25406C C25416T	ORF3a:M5T ORF3a:F8F	11	16476	0.000668	25381	25477
T25400C	ORF3a:L3S	11	16903	0.000651	25375	25421
T25398C C25416T	ORF3a:D2D ORF3a:F8F	11	16476	0.000668	25383	25477
T25260C C25262-T	S:M1233T NA	11	35337	0.000311	25251	25301
T25257C C25262-T	S:I1232T NA	11	35215	0.000312	25127	25323
T25237C C25262-T	S:I1225I NA	11	31203	0.000353	25122	25325
T25233C C25262-T	S:L1224S NA	11	31061	0.000354	25122	25325
T25220C	S:F1220L	11	30400	0.000362	25209	25316
T25202C	S:W1214R	11	29947	0.000367	25181	25210
T25187+A	NA	11	28482	0.000386	25130	25210
T25123-G	NA	11	24576	0.000448	25122	25150
T24873+A	NA	11	18741	0.000587	24857	24883
T24739C	S:G1059G	11	6896	0.001595	24725	24799
T24631C	S:N1023N	11	19819	0.000555	24612	24679
T24564A C24672-A	S:L1001H NA	11	14093	0.000781	24476	24679
T24491C	S:L977L	11	44809	0.000245	24470	24564
T24469A T24631-C	S:N969K NA	11	10726	0.001026	24465	24646
T24469A T24511C	S:N969K S:R983R	11	39788	0.000276	24465	24564
T24469A A24560G	S:N969K S:R1000G	11	38769	0.000284	24465	24564
T24469A A24525G	S:N969K S:E988G	11	39555	0.000278	24465	24564
T24469A A24518G	S:N969K S:K986E	11	39689	0.000277	24465	24564
T24469A A24508G	S:N969K S:S982S	11	39825	0.000276	24465	24564
T24414C A24424T	S:V951A S:Q954H	11	29880	0.000368	24412	24424
T24414-G T24469A	NA S:N969K	11	27136	0.000405	24412	24564
T24306C	S:V915A	11	7902	0.001392	24229	24320
T23716+C C23854A	NA S:N764K	11	11855	0.000928	23683	23895
T23698C C23854A	S:I712I S:N764K	11	11705	0.00094	23683	23891
T23689+A	NA	11	52770	0.000208	23683	23707
T23599G C23604A G23616A	S:N679K S:P681H S:R685H	11	70382	0.000156	23580	23706
T23599G C23604A C23655T	S:N679K S:P681H S:S698L	11	35073	0.000314	23580	23724
T23599G C23604A C23638-A	S:N679K S:P681H NA	11	69425	0.000158	23580	23665
T23599G C23604A A23711G	S:N679K S:P681H S:N717D	11	33836	0.000325	23580	23717
T23599G C23604A A23704-C	S:N679K S:P681H NA	11	34161	0.000322	23580	23724
T23599A C23604A	S:N679K S:P681H	11	70471	0.000156	23592	23642
T23596G T23599G C23604A	S:T678T S:N679K S:P681H	11	70454	0.000156	23580	23717
T23352C A23403G	S:V597A S:D614G	11	25599	0.00043	23335	23443
T23338+G	NA	11	30259	0.000364	23335	23350
T23308-G	NA	11	13295	0.000827	23270	23316
T23284C	S:D574D	11	18846	0.000584	23269	23290
T23272C A23403G	S:A570A S:D614G	11	11362	0.000968	23269	23443
T23164+A	NA	11	7643	0.001439	23089	23181
T23031C A23063T T23075C	S:F490S S:N501Y S:Y505H	11	1173	0.009378	23025	23164
T22882G G22895C T22942G	S:N440K S:V445L S:N460K	11	7907	0.001391	22876	22958
T22882G G22895C T22896C G22898A G22927T T22928C T22942G	S:N440K S:V445P S:V445P S:G446S S:L455F S:F456L S:N460K	11	7907	0.001391	22876	22959
T21976-C G21987A T21990-TTA A21999-C	NA S:G142D S:DEL144 NA	11	9640	0.001141	21965	22058
T21940C G21987A	S:V126V S:G142D	11	10261	0.001072	21847	21991
T21934-A C21978A G21987A T21990-TTA C22000A	NA S:P139Q S:G142D S:DEL144 S:H146Q	11	7576	0.001452	21912	22058
T21889C G21987A	S:T109T S:G142D	11	9545	0.001152	21847	21993
T21889C	S:T109T	11	12486	0.000881	21847	21952
T21540+A C21618T T21632-TACCCCCTG	NA S:T19F S:DEL25/27	11	1354	0.008124	21533	21664
G25445T	ORF3a:G18V	11	15911	0.000691	25378	25459
G25311A	S:C1250Y	11	37201	0.000296	25227	25325
G25244A	S:V1228I	11	31510	0.000349	25231	25325
G25230A	S:G1223D	11	31096	0.000354	25209	25325
G25183A	S:E1207E	11	28237	0.00039	25175	25325
G25177-T	NA	11	27629	0.000398	25122	25186
G25124-A C25262-T	NA NA	11	19616	0.000561	25122	25325
G25033A	S:K1157K	11	19260	0.000571	25019	25069
G24971+T C24981-T C25000T C25047T	NA NA S:D1146S S:P1162I	11	14111	0.00078	24850	25069
G24944+T C24981-T C25000T	NA NA S:D1146S	11	14681	0.000749	24850	25037
G23726-T C23854A	NA S:N764K	11	11908	0.000924	23707	23895
G23699A	S:A713T	11	52913	0.000208	23689	23724
G23568T T23599G C23604A	S:G669V S:N679K S:P681H	11	34770	0.000316	23528	23637
G23505-C C23525T T23599G C23604A	NA S:H655Y S:N679K S:P681H	11	33892	0.000325	23487	23642
G23345-T	NA	11	30725	0.000358	23336	23356
G22927T T22930A	S:L455F S:F456L	11	10465	0.001051	22921	22941
G22813T T22896C G22898A	S:K417N S:V445A S:G446S	11	8703	0.001264	22803	22909
G22813T T22882G G22895C T22896C G22898A T22942G A22948-C	S:K417N S:N440K S:V445P S:V445P S:G446S S:N460K NA	11	6078	0.00181	22793	22966
G22813T T22882G G22895C T22896C G22898A T22926-G T22942G	S:K417N S:N440K S:V445P S:V445P S:G446S NA S:N460K	11	6299	0.001746	22793	22947
G22813T G22895C	S:K417N S:V445L	11	11774	0.000934	22793	22907
G22813T A22834-T T22882G	S:K417N NA S:N440K	11	12956	0.000849	22793	22890
G22317T C22414+A	S:G252V NA	11	3346	0.003288	22246	22446
G21987A T21990-TTA A21999-C G22021T C22033A	S:G142D S:DEL144 NA S:M153I S:F157L	11	9295	0.001183	21956	22058
G21969-T G21987A T21990-TTA A21999-C	NA S:G142D S:DEL144 NA	11	9445	0.001165	21954	22058
G21941+T	NA	11	12804	0.000859	21847	21968
G21938A G21987A T21990-TTA C22000A	S:V126I S:G142D S:DEL144 S:H146Q	11	7678	0.001433	21847	22043
C25416T T25458C	ORF3a:F8F ORF3a:D22D	11	15589	0.000706	25372	25467
C25416T G25483A	ORF3a:F8F ORF3a:A31T	11	11414	0.000964	25372	25564
C25416T G25445-T	ORF3a:F8F NA	11	15911	0.000691	25378	25519
C25416T A25545G	ORF3a:F8F ORF3a:A51A	11	7020	0.001567	25376	25564
C25416T A25470G	ORF3a:F8F ORF3a:S26S	11	15239	0.000722	25381	25477
C25416T A25450G	ORF3a:F8F ORF3a:I20V	11	15790	0.000697	25372	25477
C25416T A25442G	ORF3a:F8F ORF3a:Q17R	11	15989	0.000688	25381	25477
C25262-T T25293C	NA S:L1244P	11	35239	0.000312	25251	25312
C25262-T T25289C	NA S:C1243R	11	35271	0.000312	25251	25325
C25262-T A25295G	NA S:K1245E	11	35218	0.000312	25122	25325
C25169-T	NA	11	27318	0.000403	25141	25189
C25163+A	NA	11	27178	0.000405	25142	25173
C25132T	S:A1190A	11	25909	0.000425	25122	25159
C25000T T25189C	S:D1146D S:Y1209Y	11	3273	0.003361	24990	25198
C25000T T25063C	S:D1146D S:G1167G	11	18145	0.000606	24990	25069
C25000T T25004C	S:D1146D S:F1148L	11	19465	0.000565	24990	25014
C25000T A25056G	S:D1146D S:D1165G	11	18329	0.0006	24990	25068
C24672-A A24684-T A24803-T	NA NA NA	11	3899	0.002821	24626	24806
C24338-A A24424T	NA S:Q954H	11	2109	0.005216	24309	24424
C24026-T C24119-A G24140-T	NA NA NA	11	2812	0.003912	24021	24177
C23854A T23878C	S:N764K S:V772V	11	14079	0.000781	23842	23895
C23709+T	NA	11	52365	0.00021	23701	23722
C23591+G T23599G C23604A	NA S:N679* S:P681Y	11	70365	0.000156	23581	23642
C23533-A T23599G C23604A	NA S:N679K S:P681H	11	34385	0.00032	23487	23640
C23525T T23602-C T23605A	S:H655Y NA S:P681P	11	34201	0.000322	23487	23642
C23525T G23580A T23599G C23604A	S:H655Y S:S673N S:N679K S:P681H	11	34209	0.000322	23512	23624
C23525T G23549A T23599G C23604A	S:H655Y S:D663N S:N679K S:P681H	11	34209	0.000322	23487	23642
C23525T C23613T	S:H655Y S:A684V	11	34180	0.000322	23507	23626
C23525T C23577T T23599G C23604A	S:H655Y S:A672V S:N679K S:P681H	11	34209	0.000322	23516	23642
C23525T A23558-T C23604A	S:H655Y NA S:P681H	11	34209	0.000322	23487	23630
C23492-A C23525T	NA S:H655Y	11	48270	0.000228	23487	23539
C23492+T C23525T T23599G C23604A	NA S:H655S S:N679* S:P681Y	11	33188	0.000331	23486	23637
C23376+T	NA	11	29144	0.000377	23345	23387
C23367-A A23403G	NA S:D614G	11	25718	0.000428	23335	23417
C23347-A	NA	11	30784	0.000357	23342	23363
C23334-T G23417+A	NA NA	11	11607	0.000948	23269	23428
C23271T A23403G	S:A570V S:D614G	11	11333	0.000971	23269	23443
C23230-A G23236-T	NA NA	11	5860	0.001877	23089	23255
C23123A C23266T	S:P521T S:D568D	11	5031	0.002186	23089	23290
C22109G G22113T T22200A G22317T	S:Q183E S:G184V S:V213E S:G252V	11	2320	0.004741	22100	22319
C21711T A21764-TACATG	S:S50L S:DEL69/70	11	244	0.045082	21679	21793
A25443G	ORF3a:Q17Q	11	15956	0.000689	25372	25488
A25405G	ORF3a:M5V	11	16801	0.000655	25381	25477
A25385G C25416T	S:T1275A ORF3a:F8F	11	16476	0.000668	25381	25477
A25379G C25416T	S:T1273A ORF3a:F8F	11	14296	0.000769	25373	25477
A25256+T	NA	11	35223	0.000312	25251	25313
A25247G C25262-T	S:M1229V NA	11	31462	0.00035	25122	25325
A25201G	S:P1213P	11	29834	0.000369	25190	25210
A25175G C25262-T	S:K1205E NA	11	22823	0.000482	25122	25325
A25136G	S:N1192D	11	26173	0.00042	25122	25320
A25134G	S:K1191R	11	26045	0.000422	25129	25166
A25045-C	NA	11	19152	0.000574	25031	25069
A24968G C25000T	S:T1136A S:D1146D	11	15099	0.000729	24850	25069
A24963G C25000T	S:N1134S S:D1146D	11	15042	0.000731	24853	25069
A24774G	S:Q1071R	11	7357	0.001495	24742	24806
A24735G	S:H1058R	11	6836	0.001609	24730	24791
A24580G	S:T1006T	11	14896	0.000738	24476	24676
A24560G	S:R1000G	11	43985	0.00025	24478	24564
A24545C	S:R995R	11	44438	0.000248	24504	24564
A24479+T	NA	11	43932	0.00025	24470	24564
A24424T T24522C	S:Q954H S:V987A	11	27117	0.000406	24412	24563
A24424T T24501C	S:Q954H S:I980T	11	27288	0.000403	24412	24563
A24424T T24492+A	S:Q954H NA	11	27348	0.000402	24413	24509
A24424T T24469G	S:Q954H S:N969K	11	27482	0.0004	24412	24564
A24424T T24469A T24514C	S:Q954H S:N969K S:L984L	11	27199	0.000404	24417	24564
A24424T T24469A C24477T	S:Q954H S:N969K S:A972V	11	27434	0.000401	24414	24564
A24424T T24469A A24556+G	S:Q954H S:N969K NA	11	26612	0.000413	24412	24564
A24424T T24469A A24545G	S:Q954H S:N969K S:R995G	11	26883	0.000409	24412	24564
A24424T T24469A A24479G	S:Q954H S:N969K S:I973V	11	27419	0.000401	24412	24564
A24424T T24464C	S:Q954H S:S968P	11	27517	0.0004	24412	24519
A24424T T24460C T24469A	S:Q954H S:L966L S:N969K	11	27482	0.0004	24412	24564
A24424T C24512+T	S:Q954H NA	11	27214	0.000404	24412	24524
A24424T C24483+A	S:Q954H NA	11	27400	0.000401	24412	24497
A24424T A24556G	S:Q954H S:T998T	11	26612	0.000413	24412	24564
A24424T A24457G T24469A	S:Q954H S:Q965Q S:N969K	11	27482	0.0004	24412	24563
A24424T A24457G	S:Q954H S:Q965Q	11	27582	0.000399	24412	24564
A24424T A24440G T24469A	S:Q954H S:N960D S:N969K	11	27482	0.0004	24412	24564
A24325-T	NA	11	6801	0.001617	24311	24335
A24182G	S:T874A	11	8810	0.001249	24176	24191
A24167G	S:M869V	11	9008	0.001221	24148	24191
A24166G	S:E868E	11	9009	0.001221	24148	24191
A24166-ATG	S:DEL869	11	9009	0.001221	24154	24188
A24103G	S:R847R	11	5314	0.00207	24099	24106
A24069-AT T24139-GT	NA NA	11	2916	0.003772	24021	24191
A23853-C C23887-A	NA NA	11	13781	0.000798	23767	23895
A23524G C23525T	S:E654E S:H655Y	11	49731	0.000221	23499	23539
A23523G C23525T	S:E654G S:H655Y	11	49728	0.000221	23505	23539
A23474+T	NA	11	13812	0.000796	23464	23539
A23414G	S:T618A	11	27242	0.000404	23335	23423
A23403G G23417-A	S:D614G NA	11	26395	0.000417	23385	23443
A23403G A23474+T	S:D614G NA	11	12495	0.00088	23365	23539
A23403G A23445G C23525T	S:D614G S:Q628R S:H655Y	11	12206	0.000901	23335	23539
A23403G A23436G C23525T	S:D614G S:H625R S:H655Y	11	12206	0.000901	23339	23539
A23370G A23403G	S:N603S S:D614G	11	25761	0.000427	23335	23443
A23357G A23403G	S:T599A S:D614G	11	25650	0.000429	23335	23443
A23357G	S:T599A	11	30820	0.000357	23335	23367
A23354G A23403G	S:I598V S:D614G	11	25619	0.000429	23335	23443
A23301G A23403G	S:Q580R S:D614G	11	11801	0.000932	23282	23437
A23223T	S:E554V	11	7508	0.001465	23196	23243
A23013C T23018C T23031C A23055G	S:E484A S:F486L S:F490S S:Q498R	11	1084	0.010148	23008	23059
A22798+G G22813T	NA S:K417N	11	13553	0.000812	22793	22834
A22101T C22109G C22120-A T22200A	Unknown S:Q183E NA S:V213E	11	3807	0.002889	22100	22220
A21917-T G21987A T21990-TTA A21999-C	NA S:G142D S:DEL144 NA	11	7415	0.001483	21896	22058
T25541C	ORF3a:V50A	10	7053	0.001418	25383	25553
T25415C C25416T	ORF3a:F8S ORF3a:F8S	10	16476	0.000607	25381	25477
T25312-G	NA	10	37219	0.000269	25300	25325
T25265G G25266T	S:C1235V S:C1235V	10	35630	0.000281	25251	25292
T25251G	S:V1230G	10	31706	0.000315	25130	25324
T25191-A G25218-T	NA NA	10	24721	0.000405	25130	25244
T25189C C25262-T	S:Y1209Y NA	10	24137	0.000414	25122	25325
T25170C	S:L1203P	10	27366	0.000365	25151	25325
T25144C	S:N1194N	10	26514	0.000377	25122	25147
T25140+A T25191-A C25262-T	NA NA NA	10	20999	0.000476	25123	25325
T25129C C25262-T	S:V1189V NA	10	19933	0.000502	25122	25325
T24979-C C25000T	NA S:D1146D	10	15266	0.000655	24850	25069
T24938C	S:C1126R	10	18236	0.000548	24927	24943
T24927C	S:V1122A	10	18321	0.000546	24895	24943
T24873C	S:V1104A	10	18741	0.000534	24853	24929
T24866C C25000T	S:W1102R S:D1146D	10	14091	0.00071	24850	25067
T24763C	S:Y1067Y	10	7190	0.001391	24751	24798
T24660+A C24672-A	NA NA	10	19345	0.000517	24612	24679
T24625C C24672-A	S:S1021S NA	10	19200	0.000521	24612	24679
T24607C	S:A1015A	10	14683	0.000681	24473	24679
T24564C	S:L1001P	10	43872	0.000228	24473	24564
T24540C	S:I993T	10	44488	0.000225	24470	24549
T24475C	S:G971G	10	43413	0.00023	24470	24532
T24471-TG T24492-A	NA NA	10	42339	0.000236	24465	24564
T24469A T24583C	S:N969K S:Y1007Y	10	10861	0.000921	24465	24670
T24469A T24549C	S:N969K S:L996S	10	39150	0.000255	24465	24564
T24469A T24499C	S:N969K S:D979D	10	39990	0.00025	24465	24564
T24469A T24492+A	S:N969K NA	10	40105	0.000249	24465	24564
T24469A C24536+A	S:N969K NA	10	39383	0.000254	24465	24546
T24469A C24483+A	S:N969K NA	10	40176	0.000249	24465	24555
T24469A A24518+C	S:N969K NA	10	39689	0.000252	24465	24528
T24448C	S:L962L	10	28712	0.000348	24412	24564
T24427C	S:N955N	10	28026	0.000357	24416	24495
T24349C A24424T	S:S929S S:Q954H	10	2183	0.004581	24337	24424
T24254C	S:F898L	10	7390	0.001353	24229	24307
T24238C	S:A892A	10	7433	0.001345	24229	24324
T24175C	S:A871A	10	8883	0.001126	24148	24191
T24156C	S:L865P	10	9001	0.001111	24148	24173
T24076C	S:G838G	10	5211	0.001919	24021	24095
T23842C C23854A	S:C760C S:N764K	10	14529	0.000688	23821	23895
T23823C C23854A	S:L754S S:N764K	10	14164	0.000706	23779	23895
T23698C	S:I712I	10	52913	0.000189	23683	23724
T23599G C23613T	S:N679K S:A684V	10	70410	0.000142	23580	23642
T23599G C23604A T23721C	S:N679K S:P681H S:I720T	10	33505	0.000298	23580	23724
T23599G C23604A T23714C	S:N679K S:P681H S:F718L	10	33767	0.000296	23580	23724
T23599G C23604A T23681-A	S:N679K S:P681H NA	10	34808	0.000287	23580	23724
T23599G C23604A G23616-T	S:N679K S:P681H NA	10	70382	0.000142	23580	23636
T23599G C23604A C23718T	S:N679K S:P681H S:T719I	10	33716	0.000297	23580	23724
T23599G C23604A A23665G C23673T	S:N679K S:P681H S:A701A S:S704L	10	34897	0.000287	23580	23700
T23596-A T23599G C23604A	NA S:N679K S:P681H	10	70454	0.000142	23580	23642
T23511C C23525T T23599G C23604A	S:L650S S:H655Y S:N679K S:P681H	10	34077	0.000293	23487	23642
T23391C A23403G C23525T	S:V610A S:D614G S:H655Y	10	11823	0.000846	23359	23539
T23355C	S:I598T	10	30842	0.000324	23342	23387
T23352C A23403G C23525T	S:V597A S:D614G S:H655Y	10	11160	0.000896	23335	23539
T23352C	S:V597A	10	30848	0.000324	23335	23368
T23337-TG	NA	10	30259	0.00033	23335	23363
T23316C A23403G	S:L585P S:D614G	10	11814	0.000846	23269	23443
T23307C A23403G	S:L582P S:D614G	10	11808	0.000847	23269	23443
T23293C	S:R577R	10	13362	0.000748	23269	23337
T23272C	S:A570A	10	18719	0.000534	23269	23290
T23031C A23055G T23075C	S:F490S S:Q498R S:Y505H	10	1173	0.008525	23025	23107
T22926-GT T22942G	NA S:N460K	10	9899	0.00101	22915	22967
T22926-G T22942G G22992A C22995A A23013C T23018C T23019C T23031C	NA S:N460K S:S477N S:T478K S:E484A S:F486P S:F486P S:F490S	10	122	0.081967	22918	23048
T22882G T22896C T22942G	S:N440K S:V445A S:N460K	10	7907	0.001265	22860	22967
T22882G G22895C T22896C G22898A A22914-C T22942G	S:N440K S:V445P S:V445P S:G446S NA S:N460K	10	7907	0.001265	22861	22963
T22479-C	NA	10	1122	0.008913	22449	22490
T22291C	S:A243A	10	11442	0.000874	22270	22313
T21981C G21987A T21990-TTA C22000A	S:F140S S:G142D S:DEL144 S:H146Q	10	9654	0.001036	21971	22043
T21856+A G21987A	NA S:G142E	10	9204	0.001086	21847	21992
G25311+C	NA	10	37201	0.000269	25304	25324
G25287A	S:S1242N	10	36491	0.000274	25277	25323
G25284A	S:C1241Y	10	36396	0.000275	25224	25324
G25229A	S:G1223S	10	31055	0.000322	25213	25325
G25166-A	NA	10	27269	0.000367	25154	25210
G25130+T	NA	10	25170	0.000397	25123	25165
G25049-A	NA	10	19108	0.000523	25007	25069
G24971+T	NA	10	15734	0.000636	24850	24981
G24776-A	NA	10	7374	0.001356	24767	24806
G24574+A	NA	10	14935	0.00067	24465	24581
G24277-T	NA	10	7721	0.001295	24268	24310
G24124-T G24140-T	NA NA	10	4412	0.002267	24021	24191
G23868-A	NA	10	14718	0.000679	23859	23877
G23699+A	NA	10	52913	0.000189	23682	23724
G23508+T A23515+G C23525T A23558-T T23599G C23604A	NA NA S:H655Y NA S:N679L S:P681H	10	34002	0.000294	23486	23642
G23505-C C23525T	NA S:H655Y	10	49221	0.000203	23486	23539
G23504-GC T23599G C23604A	NA S:N679K S:P681H	10	33876	0.000295	23487	23642
G23402A A23403G	S:D614S S:D614S	10	26915	0.000372	23285	23443
G23402-A C23525T	NA S:H655Y	10	12206	0.000819	23394	23539
G23387-C	NA	10	28409	0.000352	23335	23406
G23387+T	NA	10	28409	0.000352	23336	23395
G23364+A	NA	10	30317	0.00033	23335	23395
G23236-T	NA	10	5882	0.0017	23089	23254
G22895C T22896C G22898A	S:V445P S:V445P S:G446S	10	10537	0.000949	22882	22909
G22895C G22898A	S:V445L S:G446S	10	10537	0.000949	22882	22910
G22895C	S:V445L	10	13613	0.000735	22793	22906
G22813T T22882G T22896C G22898A T22926-G T22942G	S:K417N S:N440K S:V445A S:G446S NA S:N460K	10	6299	0.001588	22793	22966
G22813T T22882G T22896C G22898A T22917G T22930A T22942G	S:K417N S:N440K S:V445A S:G446S S:L452R S:F456L S:N460K	10	6299	0.001588	22793	22949
G22813T T22882G T22896C G22898A T22917G	S:K417N S:N440K S:V445A S:G446S S:L452R	10	7717	0.001296	22793	22937
G22813T T22882G G22895C T22896C G22898A T22917G G22927-T T22942G	S:K417N S:N440K S:V445P S:V445P S:G446S S:L452R NA S:N460K	10	6299	0.001588	22793	22967
G22813T T22882G G22895C T22896C G22898A G22927T T22928C	S:K417N S:N440K S:V445P S:V445P S:G446S S:L455F S:F456L	10	6840	0.001462	22808	22967
G22813T G22895C T22896C G22898A T22917G T22942G	S:K417N S:V445P S:V445P S:G446S S:L452R S:N460K	10	6299	0.001588	22793	22967
G22813T G22859+T T22882G	S:K417N NA S:N440Q	10	12956	0.000772	22793	22885
G22317T T22342-G	S:G252V NA	10	4386	0.00228	22252	22395
G22317T T22328C	S:G252V S:S256P	10	4553	0.002196	22246	22368
G22317T C22439+T	S:G252V NA	10	3208	0.003117	22246	22446
G22021T C22033A	S:M153I S:F157L	10	12016	0.000832	22015	22058
G21938A G21987A T21990-TTA A21999-C	S:V126I S:G142D S:DEL144 NA	10	7678	0.001302	21847	22026
C25416T T25541C	ORF3a:F8F ORF3a:V50A	10	7053	0.001418	25372	25566
C25416T T25518C	ORF3a:F8F ORF3a:P42P	10	8108	0.001233	25378	25566
C25416T T25475C	ORF3a:F8F ORF3a:F28S	10	15163	0.00066	25381	25485
C25416T T25474C	ORF3a:F8F ORF3a:F28L	10	15180	0.000659	25381	25485
C25416T G25540A A25564G	ORF3a:F8F ORF3a:V50I ORF3a:S58G	10	6606	0.001514	25372	25566
C25416T G25494-A	ORF3a:F8F NA	10	9600	0.001042	25380	25503
C25416T A25457G	ORF3a:F8F ORF3a:D22G	10	15606	0.000641	25382	25465
C25308-T	NA	10	37186	0.000269	25300	25325
C25262-T T25316+C	NA NA	10	34994	0.000286	25251	25325
C25262-T G25302T	NA S:C1247F	10	35166	0.000284	25251	25364
C25262-T A25286G	NA S:S1242G	10	35286	0.000283	25122	25325
C25254T	S:T1231I	10	35125	0.000285	25226	25323
C25227T	S:A1222V	10	30953	0.000323	25189	25320
C25000T T25129C	S:D1146D S:V1189V	10	3488	0.002867	24990	25210
C25000T C25046T T25138A	S:D1146D S:P1162S S:N1192K	10	3456	0.002894	24990	25210
C25000T A25045G C25169T	S:D1146D S:S1161S S:L1203F	10	3363	0.002974	24992	25210
C24981-T C24990-T C25000T	NA NA S:D1146D	10	15295	0.000654	24850	25006
C24919T C24981-T C25000T	S:N1119N NA S:D1146D	10	14505	0.000689	24850	25014
C24852-A G24992-A C25000T	NA NA S:D1146D	10	13634	0.000733	24850	25069
C24852-A C25000T A25045G	NA S:D1146D S:S1161S	10	12665	0.00079	24850	25069
C24789-A	NA	10	7406	0.00135	24771	24806
C24639T C24672-A	S:A1026V NA	10	19274	0.000519	24488	24679
C24455-A T24469A	NA S:N969K	10	28565	0.00035	24428	24487
C24431+A	NA	10	28518	0.000351	24412	24444
C24422-A A24425T T24469A	NA S:N955Y S:N969K	10	27474	0.000364	24412	24564
C24337T	S:N925N	10	5470	0.001828	24330	24357
C24297-A A24424T	NA S:Q954H	10	1754	0.005701	24283	24424
C24231T	S:A890V	10	7409	0.00135	24229	24254
C24176T	S:Q872*	10	8876	0.001127	24150	24191
C24119-A G24124-T G24140-T	NA NA NA	10	3725	0.002685	24021	24157
C24034-A A24037T	NA S:K825N	10	5013	0.001995	24021	24121
C23887-A A23942-T G23948T	NA NA S:D796Y	10	1099	0.009099	23767	23956
C23854A A23891G	S:N764K S:N777D	10	13526	0.000739	23850	23895
C23854A A23881G	S:N764K S:E773E	10	14032	0.000713	23840	23895
C23846+A	NA	10	14893	0.000671	23767	23872
C23730T C23854A	S:T723I S:N764K	10	11943	0.000837	23683	23881
C23700T	S:A713V	10	52991	0.000189	23683	23724
C23643T	S:A694V	10	70118	0.000143	23632	23724
C23525T T23599G C23604A T23637-C	S:H655Y S:N679K S:P681H NA	10	33440	0.000299	23487	23642
C23525T T23599G C23604A C23630T	S:H655Y S:N679K S:P681H S:Q690*	10	33746	0.000296	23515	23642
C23525T T23599G C23604A A23627-G	S:H655Y S:N679K S:P681H NA	10	33779	0.000296	23487	23642
C23525T T23596G T23599G C23604A	S:H655Y S:T678T S:N679K S:P681H	10	34209	0.000292	23487	23642
C23525T T23596-A T23599G C23604A	S:H655Y NA S:N679K S:P681H	10	34209	0.000292	23487	23642
C23525T T23542-G T23599G C23604A	S:H655Y NA S:N679K S:P681H	10	34209	0.000292	23487	23627
C23525T G23568A T23599G C23604A	S:H655Y S:G669D S:N679K S:P681H	10	34209	0.000292	23487	23642
C23525T C23557-A T23599G C23604A	S:H655Y NA S:N679K S:P681H	10	34209	0.000292	23487	23641
C23525T C23555T T23599G C23604A	S:H655Y S:P665S S:N679K S:P681H	10	34209	0.000292	23487	23642
C23525T A23558-T T23599G C23604G	S:H655Y NA S:N679K S:P681R	10	34209	0.000292	23505	23634
C23525T A23558-T	S:H655Y NA	10	34654	0.000289	23487	23571
C23525+T	NA	10	49739	0.000201	23511	23539
C23492+A T23599G C23604A	NA S:N679* S:P681Y	10	33188	0.000301	23486	23641
C23230+A	NA	10	5983	0.001671	23089	23274
C23188+T	NA	10	7673	0.001303	23089	23206
C23103-T T23143-A T23164-A C23230-A	NA NA NA NA	10	5335	0.001874	23089	23290
C22802+A T22882G	NA S:N440Q	10	12838	0.000779	22793	22893
C22664A C22674T T22679C A22688G G22775A A22786C G22813T	S:L368I S:S371F S:S373P S:T376A S:D405N S:R408S S:K417N	10	102	0.098039	22623	22834
C22295-A G22317T	NA S:G252V	10	10753	0.00093	22280	22319
C22290-T	NA	10	11456	0.000873	22272	22307
C22264+T G22317T	NA S:G252L	10	9968	0.001003	22257	22319
C22109G T22200A C22281+T	S:Q183E S:V213E NA	10	2880	0.003472	22100	22297
C22109G A22161-T T22200A	S:Q183E NA S:V213E	10	3899	0.002565	22100	22222
C22000A G22014-T	S:H146Q NA	10	10769	0.000929	21993	22058
C21978A G21987A T21990-TTA C22000A C22033A	S:P139Q S:G142D S:DEL144 S:H146Q S:F157L	10	9289	0.001077	21959	22058
A25453G	ORF3a:K21E	10	15703	0.000637	25381	25459
A25438G	ORF3a:K16E	10	16049	0.000623	25381	25454
A25190G	S:I1210V	10	28601	0.00035	25186	25325
A25168G C25262-T	S:E1202E NA	10	22343	0.000448	25122	25325
A24993G C25000T	S:E1144G S:D1146D	10	19487	0.000513	24990	25038
A24970G C25000T	S:T1136T S:D1146D	10	15118	0.000661	24904	25068
A24922+T C25000T	NA S:D1146S	10	14510	0.000689	24850	25013
A24918G	S:N1119S	10	18394	0.000544	24866	24943
A24911G	S:T1117A	10	18442	0.000542	24856	24943
A24894T C25000T	S:E1111V S:D1146D	10	14331	0.000698	24853	25017
A24884G	S:N1108D	10	18595	0.000538	24854	24918
A24875G C25000T	S:T1105A S:D1146D	10	14191	0.000705	24853	25069
A24783G	S:N1074S	10	7416	0.001348	24775	24797
A24727G	S:S1055S	10	6781	0.001475	24724	24745
A24702G	S:Y1047C	10	5086	0.001966	24685	24806
A24652G	S:S1030S	10	19680	0.000508	24612	24675
A24614-T	NA	10	19753	0.000506	24612	24646
A24539+T	NA	10	44514	0.000225	24470	24557
A24518+C	NA	10	44740	0.000224	24481	24564
A24498+T	NA	10	44808	0.000223	24476	24506
A24484G	S:S974S	10	44441	0.000225	24480	24564
A24424T T24544-A	S:Q954H NA	10	26901	0.000372	24412	24554
A24424T T24496C	S:Q954H S:N978N	10	27322	0.000366	24412	24563
A24424T T24469A T24499C	S:Q954H S:N969K S:D979D	10	27303	0.000366	24412	24564
A24424T T24469A T24471-TG	S:Q954H S:N969K NA	10	27449	0.000364	24412	24542
A24424T T24469A A24539G	S:Q954H S:N969K S:I993V	10	26960	0.000371	24412	24564
A24424T T24469A A24537G	S:Q954H S:N969K S:Q992R	10	26972	0.000371	24412	24564
A24424T T24469A A24518G	S:Q954H S:N969K S:K986E	10	27175	0.000368	24412	24563
A24424T T24469A A24485G	S:Q954H S:N969K S:S975G	10	27378	0.000365	24412	24564
A24424T G24428A T24469A	S:Q954H S:A956T S:N969K	10	27482	0.000364	24413	24564
A24424T G24428+A T24469A	S:Q954H NA S:N969Q	10	27482	0.000364	24417	24564
A24424T C24431+A	S:Q954H NA	10	27847	0.000359	24412	24449
A24424T A24538G	S:Q954H S:Q992Q	10	26967	0.000371	24412	24564
A24424T A24484G	S:Q954H S:S974S	10	27385	0.000365	24412	24564
A24424T A24461G	S:Q954H S:S967G	10	27547	0.000363	24412	24564
A24424T A24456G T24469A	S:Q954H S:Q965R S:N969K	10	27482	0.000364	24412	24564
A24424T A24439G T24469A	S:Q954H S:L959L S:N969K	10	27482	0.000364	24413	24564
A24424T A24433G T24469A A24531G	S:Q954H S:Q957Q S:N969K S:E990G	10	27041	0.00037	24412	24554
A24424T A24426G T24469A	S:Q954H S:N955S S:N969K	10	27482	0.000364	24412	24564
A24423G A24424T	S:Q954R S:Q954R	10	30223	0.000331	24412	24424
A24420+C A24424T	NA S:Q954P	10	30202	0.000331	24412	24445
A24315G	S:E918G	10	7728	0.001294	24270	24317
A24287+T	NA	10	7875	0.00127	24233	24310
A24253G	S:P897P	10	7393	0.001353	24229	24317
A24129+T	NA	10	4681	0.002136	24120	24191
A23964-T	NA	10	2384	0.004195	23953	23978
A23942-T G23948T G23955+T	NA S:D796Y NA	10	1820	0.005495	23941	23968
A23848+T C23887-A	NA NA	10	13689	0.000731	23767	23921
A23826G C23854A	S:Q755R S:N764K	10	14203	0.000704	23713	23895
A23743G	S:L727L	10	14269	0.000701	23683	23788
A23732G C23854A	S:T724A S:N764K	10	11951	0.000837	23683	23892
A23723C	Unknown	10	51723	0.000193	23664	23724
A23614-C	NA	10	71279	0.00014	23607	23724
A23432-T	NA	10	26280	0.000381	23420	23443
A23403G T23500C C23525T	S:D614G S:R646R S:H655Y	10	12206	0.000819	23389	23539
A23403G T23470C C23525T	S:D614G S:Y636Y S:H655Y	10	12206	0.000819	23335	23539
A23403G T23411C	S:D614G S:C617R	10	26641	0.000375	23377	23443
A23403G G23429A C23525T	S:D614G S:A623T S:H655Y	10	12206	0.000819	23335	23539
A23403G G23412A C23525T	S:D614G S:C617Y S:H655Y	10	12206	0.000819	23393	23532
A23403G G23412A	S:D614G S:C617Y	10	26590	0.000376	23269	23443
A23403G C23424-T C23525T	S:D614G NA S:H655Y	10	12206	0.000819	23394	23539
A23403G A23493G C23525T	S:D614G S:Q644R S:H655Y	10	12206	0.000819	23380	23532
A23403G A23476G C23525T	S:D614G S:T638T S:H655Y	10	12206	0.000819	23335	23533
A23403G A23440G C23525T	S:D614G S:A626A S:H655Y	10	12206	0.000819	23335	23539
A23403G A23440G	S:D614G S:A626A	10	24383	0.00041	23335	23443
A23400T	S:Q613L	10	27440	0.000364	23335	23432
A23400G	S:Q613R	10	27440	0.000364	23335	23407
A23370G A23403G C23525T	S:N603S S:D614G S:H655Y	10	11285	0.000886	23339	23539
A23365G A23403G C23525T	S:G601G S:D614G S:H655Y	10	11234	0.00089	23353	23539
A23348G A23403G	S:S596G S:D614G	10	25491	0.000392	23315	23443
A23326G	S:T588T	10	13057	0.000766	23292	23369
A23321+T C23334-T	NA NA	10	12984	0.00077	23269	23388
A23319G A23403G	S:D586G S:D614G	10	11814	0.000846	23296	23443
A23305G	S:T581T	10	13331	0.00075	23282	23327
A23013C T23019C T23031C A23055G T23075C	S:E484A S:F486S S:F490S S:Q498R S:Y505H	10	996	0.01004	23008	23222
A23013C T23018C T23019C T23031C A23055G T23075C T23143-A	S:E484A S:F486P S:F486P S:F490S S:Q498R S:Y505H NA	10	812	0.012315	23008	23155
A22914-C G22927T T22942G	NA S:L455F S:N460K	10	9048	0.001105	22907	22967
A22407G	S:N282S	10	5229	0.001912	22389	22446
A22259+T G22317T	NA S:G252L	10	9864	0.001014	22246	22329
A21979-T G21987A T21990-TTA A21999-CAA G22022-A	NA S:G142D S:DEL144 S:DEL147 NA	10	9455	0.001058	21847	22033
A21875-T A21979-T G21987A A21993-TTACC A21999C	NA NA S:G142D NA S:H146P	10	6845	0.001461	21853	22058
