nt_mutations	aa_mutations	cluster_depth	total_depth	frequency	coverage_start	coverage_end
C23525T T23599G C23604A	S:H655Y S:N679K S:P681H	12029	34027	0.353513	23519	23605
T23599G C23604A	S:N679K S:P681H	11556	61776	0.187063	23595	23608
A24424T T24469A	S:Q954H S:N969K	7111	29869	0.238073	24422	24476
A24424T	S:Q954H	6086	32396	0.187863	24420	24424
C23854A	S:N764K	4073	16125	0.252589	23850	23859
A23403G	S:D614G	3826	25397	0.150648	23398	23407
C25416T	ORF3a:F8F	3465	12960	0.267361	25384	25423
C25262-T	NA	3458	27849	0.12417	25255	25272
C25000T	S:D1146D	3423	16469	0.207845	24998	25003
T24469A	S:N969K	2922	46292	0.063121	24467	24476
G22317T	S:G252V	2595	10766	0.241037	22315	22319
A23403G C23525T	S:D614G S:H655Y	2462	12519	0.196661	23399	23528
C23525T	S:H655Y	2408	49712	0.048439	23521	23528
A23523T C23525T T23599G C23604A	S:E654V S:H655Y S:N679K S:P681H	1671	34027	0.049108	23517	23605
C23525T T23599G C23604G	S:H655Y S:N679K S:P681R	1576	34027	0.046316	23514	23607
C24672-A	NA	1568	25948	0.060429	24626	24679
C23604A	S:P681H	1298	61921	0.020962	23599	23612
C24981-T C25000T	NA S:D1146D	1205	11600	0.103879	24957	25003
G22813T T22882G	S:K417N S:N440K	1046	10410	0.10048	22809	22885
T23599G C23604G	S:N679K S:P681R	1040	61776	0.016835	23587	23611
T23599G	S:N679K	987	61815	0.015967	23595	23602
C21618T T21632-TACCCCCTG	S:T19I S:DEL25/27	871	2898	0.300552	21613	21653
C23334-T	NA	816	11477	0.071099	23285	23346
T23599G C23604A C23664T	S:N679K S:P681H S:A701V	814	26395	0.030839	23590	23669
G21987A	S:G142D	812	9292	0.087387	21964	21990
C23887-A	NA	799	15625	0.051136	23870	23894
T22942G	S:N460K	657	9330	0.070418	22938	22947
G21987A T21990-TTA C22000A	S:G142D S:DEL144 S:H146Q	622	7598	0.081864	21975	22003
T23509C C23525T T23599G C23604A	S:C649C S:H655Y S:N679K S:P681H	611	33855	0.018048	23505	23622
G23948T	S:D796Y	540	2426	0.222589	23944	23951
C24536-A	NA	507	53343	0.009505	24524	24546
C23525T T23599G	S:H655Y S:N679K	504	34042	0.014805	23514	23600
T23599G C23604A C23673T	S:N679K S:P681H S:S704L	497	26308	0.018892	23586	23678
G21987A T21990-TTA A21999-C	S:G142D S:DEL144 NA	493	7598	0.064885	21970	22010
A23515+G C23525T T23599G C23604A	NA S:H655S S:N679* S:P681Y	465	33951	0.013696	23504	23624
C23525T T23599G C23604A C23635T	S:H655Y S:N679K S:P681H S:S691S	456	33423	0.013643	23520	23637
C22109G T22200A G22317T	S:Q183E S:V213E S:G252V	456	2801	0.162799	22105	22319
G22813T T22882G G22895C T22896C G22898A T22942G	S:K417N S:N440K S:V445P S:V445P S:G446S S:N460K	444	5547	0.080043	22809	22944
T24492-A	NA	434	53789	0.008069	24486	24516
A23403G A23523T C23525T	S:D614G S:E654V S:H655Y	431	12519	0.034428	23394	23531
A24253-T	NA	430	5836	0.073681	24239	24262
G22813T T22882G G22895C T22896C G22898A	S:K417N S:N440K S:V445P S:V445P S:G446S	429	7622	0.056284	22809	22906
G22813T	S:K417N	423	11105	0.038091	22809	22817
C23525T C23604A	S:H655Y S:P681H	412	34027	0.012108	23515	23624
T22882G	S:N440K	393	12048	0.03262	22877	22885
C22109G T22200A	S:Q183E S:V213E	387	4452	0.086927	22105	22205
A23403G C23423T C23525T	S:D614G S:P621S S:H655Y	377	12519	0.030114	23398	23529
C25207T	S:Y1215Y	338	25542	0.013233	25203	25210
A24424T T24469A T24472-G	S:Q954H S:N969K NA	329	29826	0.011031	24420	24553
G22813T T22882G G22895C T22896C G22898A T22917G T22930A T22942G	S:K417N S:N440K S:V445P S:V445P S:G446S S:L452R S:F456L S:N460K	316	5547	0.056968	22808	22944
C22295A	S:H245N	312	11328	0.027542	22291	22298
G22927T T22942G	S:L455F S:N460K	306	8677	0.035266	22922	22949
T22200A G22317T	S:V213E S:G252V	305	3764	0.081031	22196	22319
A23523T C23525T	S:E654V S:H655Y	300	49691	0.006037	23517	23532
G22813T T22882G G22895C T22896C G22898A T22930A T22942G	S:K417N S:N440K S:V445P S:V445P S:G446S S:F456L S:N460K	295	5547	0.053182	22809	22944
T24469A T24472-G	S:N969K NA	282	46243	0.006098	24465	24546
T23599G C23604G G23612T	S:N679K S:P681R S:A684S	279	61734	0.004519	23585	23634
T25191-A C25262-T	NA NA	265	18958	0.013978	25136	25298
C22033A	S:F157L	258	9212	0.028007	22028	22042
T24471-TG	NA	244	48843	0.004996	24465	24550
T23599G C23604A C23625T	S:N679K S:P681H S:A688V	242	61587	0.003929	23592	23637
C23525T A23558-T T23599G C23604A	S:H655Y NA S:N679K S:P681H	235	34027	0.006906	23505	23624
T24267-G	NA	232	5930	0.039123	24257	24303
C23334-T A23403G	NA S:D614G	223	10499	0.02124	23273	23422
T23599G C23604A C23615G C23625T C23664T	S:N679K S:P681H S:R685G S:A688V S:A701V	222	26395	0.008411	23590	23686
G21987A T21990-TTA C22000A C22033A	S:G142D S:DEL144 S:H146Q S:F157L	219	7279	0.030087	21975	22036
T23599G C23604A A23720-T	S:N679K S:P681H NA	217	25287	0.008581	23581	23724
C23271T A23403G C23423T	S:A570V S:D614G S:P621S	211	9771	0.021595	23269	23426
C24852-A C25000T	NA S:D1146D	210	10372	0.020247	24850	25065
C23854A C23887-A	S:N764K NA	209	15131	0.013813	23833	23894
G22813T T22882G G22895C G22898A	S:K417N S:N440K S:V445L S:G446S	202	7622	0.026502	22801	22906
T23599G C23604A C23683T	S:N679K S:P681H S:Y707Y	200	26229	0.007625	23580	23705
C23506T C23525T T23599G C23604A	S:G648G S:H655Y S:N679K S:P681H	200	33796	0.005918	23501	23614
T22200A	S:V213E	195	5508	0.035403	22194	22204
C22000A	S:H146Q	192	8357	0.022975	21996	22026
G24488-T	NA	191	53530	0.003568	24486	24499
C22109G	S:Q183E	189	5081	0.037197	22105	22112
T24469A C24672-A	S:N969K NA	188	13990	0.013438	24465	24679
G22813T T22882G G22895C T22896C G22898A T22928C T22942G	S:K417N S:N440K S:V445P S:V445P S:G446S S:F456L S:N460K	187	5547	0.033712	22808	22944
A23403G C23423T	S:D614G S:P621S	187	24821	0.007534	23399	23429
T24491C	S:L977L	181	53795	0.003365	24488	24495
T24470-TTG	S:DEL971	176	46693	0.003769	24465	24507
G22813T T22882G G22895C T22896C G22898A T22917G T22942G	S:K417N S:N440K S:V445P S:V445P S:G446S S:L452R S:N460K	176	5547	0.031729	22809	22947
T21632-TACCCCCTG	S:DEL25/27	171	2898	0.059006	21605	21653
C24852-A	NA	171	14769	0.011578	24850	24872
C25000T C25100-A	S:D1146D NA	165	4034	0.040902	24992	25112
A23786-T C23854A	NA S:N764K	165	15110	0.01092	23762	23881
T24472-G	NA	163	48916	0.003332	24465	24490
G25302-T	NA	162	28838	0.005618	25295	25311
G21987A T21990-TTA A21999-C C22033A	S:G142D S:DEL144 NA S:F157L	162	7279	0.022256	21974	22037
C24981-T	NA	162	11886	0.013629	24857	24991
A24424T T24438+A	S:Q954H NA	160	30211	0.005296	24417	24451
A24110-T	NA	157	2972	0.052826	24103	24120
A24654-G	NA	156	26223	0.005949	24643	24662
C23525T A23541-TGAGTGTGACATACCCATT T23599G C23604G	S:H655Y NA S:N679K S:P681R	155	34027	0.004555	23501	23624
T23637-C	NA	151	63234	0.002388	23630	23642
A24518G	S:K986E	149	53656	0.002777	24500	24523
T22882G G22895C T22896C G22898A	S:N440K S:V445P S:V445P S:G446S	146	9249	0.015785	22877	22906
G21941T G21987A T21990-TTA T22032C C22033A A22034G	S:V127F S:G142D S:DEL144 S:F157S S:F157S S:R158G	144	5980	0.02408	21933	22049
C24119-A	NA	144	3197	0.045042	24112	24130
A24424T G24488-T	S:Q954H NA	142	29742	0.004774	24416	24501
A23853-C	NA	141	16152	0.00873	23844	23865
G23364-A A23403G C23525T	NA S:D614G S:H655Y	137	11467	0.011947	23342	23539
C22000A C22033A	S:H146Q S:F157L	137	8036	0.017048	21996	22054
G22813T T22882G T22896C G22898A T22942G	S:K417N S:N440K S:V445A S:G446S S:N460K	135	5547	0.024337	22809	22945
G22927T T22930A T22942G	S:L455F S:F456L S:N460K	130	8677	0.014982	22922	22949
C25262-T A25327-T	NA NA	130	3839	0.033863	25251	25335
C23664T	S:A701V	129	29876	0.004318	23660	23699
T23599G C23604A G23666-A	S:N679K S:P681H NA	128	26374	0.004853	23581	23689
C23525T G23593T T23599G C23604A	S:H655Y S:Q677H S:N679K S:P681H	128	34027	0.003762	23514	23624
A24424T C24466+A	S:Q954H NA	128	29886	0.004283	24416	24479
A23688+G	NA	127	45844	0.00277	23681	23712
C23525T C23585T T23599G C23604A	S:H655Y S:Q675* S:N679K S:P681H	123	34027	0.003615	23508	23624
C24466+A	NA	122	46188	0.002641	24465	24479
C23230-A	NA	122	5873	0.020773	23201	23244
C24990T C25000T	S:P1143L S:D1146D	117	11674	0.010022	24941	25025
C23525T T23599G C23604A C23625T	S:H655Y S:N679K S:P681H S:A688V	115	33936	0.003389	23501	23629
C21618T C21622T G21624C T21632-TACCCCCTG C21711T A21764-TACATG	S:T19I S:T20T S:R21T S:DEL25/27 S:S50L S:DEL69/70	115	887	0.129651	21597	21802
T21990-TTA C22000A	S:DEL144 S:H146Q	114	7601	0.014998	21975	22034
G21987A T21990-TTA T22032C C22033A A22034G	S:G142D S:DEL144 S:F157S S:F157S S:R158G	114	7267	0.015687	21975	22054
C25207T C25262-T	S:Y1215Y NA	113	20164	0.005604	25130	25323
A24424T T24471-TG	S:Q954H NA	113	29827	0.003789	24416	24562
A24324-AT	NA	113	5764	0.019604	24236	24335
T23599G C23604A T23662C	S:N679K S:P681H S:G700G	112	26413	0.00424	23582	23691
C22480T G22577C G22578A	S:F306F S:G339H S:G339H	111	583	0.190395	22474	22580
T22882G G22895C G22898A	S:N440K S:V445L S:G446S	110	9249	0.011893	22877	22906
A23013C T23018C T23019C T23031C A23055G A23063T T23075C	S:E484A S:F486P S:F486P S:F490S S:Q498R S:N501Y S:Y505H	110	1109	0.099188	23008	23098
C23525T G23568-T T23599G C23604A	S:H655Y NA S:N679K S:P681H	109	34027	0.003203	23505	23622
A23712+T	NA	109	45697	0.002385	23705	23723
G25218-T C25262-T	NA NA	108	22133	0.00488	25130	25320
C25000T C25006T	S:D1146D S:F1148F	106	16340	0.006487	24990	25065
G23222A C23271T	S:E554K S:A570V	105	5400	0.019444	23188	23274
G21987A A21993-TTACC A21999C	S:G142D NA S:H146P	105	7598	0.013819	21966	22017
G25198-C	NA	103	24887	0.004139	25190	25210
C23604G	S:P681R	102	61921	0.001647	23600	23629
A23515+G T23599G C23604A	NA S:N679* S:P681Y	102	33951	0.003004	23487	23637
C23525T T23599G C23604A T23605C	S:H655Y S:N679K S:P681H S:P681H	101	34016	0.002969	23498	23622
C24672-A A24684-T	NA NA	100	4643	0.021538	24638	24696
A21875+T	NA	99	10434	0.009488	21867	21887
T23143-A	NA	98	7602	0.012891	23116	23156
C23498A C23525T T23599G C23604A	S:R646S S:H655Y S:N679K S:P681H	97	33333	0.00291	23493	23624
T24267-G A24424T	NA S:Q954H	96	1173	0.081841	24259	24424
T22032C C22033A A22034G	S:F157S S:F157S S:R158G	96	9197	0.010438	22020	22043
C23854A G23948T	S:N764K S:D796Y	96	1180	0.081356	23850	23952
C23423T C23525T	S:P621S S:H655Y	96	13297	0.00722	23417	23529
C23367+A	NA	96	28383	0.003382	23342	23377
T23599G C23604A T23641-G C23664T	S:N679K S:P681H NA S:A701V	95	26395	0.003599	23580	23717
C22295A C22353A	S:H245N S:A264D	95	3422	0.027762	22279	22362
A24424T C24536-A	S:Q954H NA	94	29326	0.003205	24417	24554
G25218-T	NA	93	22235	0.004183	25209	25247
C25308-T	NA	92	28991	0.003173	25297	25323
A24424T T24438+A T24469A	S:Q954H NA S:N969Q	91	29869	0.003047	24420	24522
G22813T T22882G G22895C T22896C G22898A T22930A	S:K417N S:N440K S:V445P S:V445P S:G446S S:F456L	90	5990	0.015025	22801	22933
C23423T	S:P621S	89	25782	0.003452	23417	23426
A24922-T C24981-T C25000T	NA NA S:D1146D	88	11089	0.007936	24850	25008
A23588G T23599G C23604A	S:T676A S:N679K S:P681H	88	61578	0.001429	23580	23640
C23816-T	NA	87	16574	0.005249	23767	23830
C22109G C22120-A T22200A	S:Q183E NA S:V213E	87	4452	0.019542	22101	22201
A24493T	S:L977F	87	53758	0.001618	24491	24564
A24424T A24468-T T24470A	S:Q954H NA S:F970I	87	29827	0.002917	24412	24551
T23599G C23604A A23712+T	S:N679K S:P681H NA	86	25527	0.003369	23580	23724
C23525T T23599G C23604A T23605C C23613T	S:H655Y S:N679K S:P681H S:P681H S:A684V	86	34002	0.002529	23487	23624
T25191-A	NA	85	24682	0.003444	25141	25210
G23768-T	NA	85	17075	0.004978	23767	23778
C23367-A	NA	85	28383	0.002995	23336	23377
G22813T T22882G G22895C T22896C G22898A T22900-G	S:K417N S:N440K S:V445P S:V445P S:G446S NA	84	7620	0.011024	22799	22914
C23536+G	NA	84	49657	0.001692	23528	23539
A23720-T	NA	84	45317	0.001854	23698	23724
G24476+A	NA	83	51563	0.00161	24469	24494
G21987A T21990-TTA	S:G142D S:DEL144	82	9182	0.008931	21966	22012
T24995C C25000T	S:L1145L S:D1146D	81	16426	0.004931	24990	25023
T24492-A C24536-A	NA NA	81	52577	0.001541	24483	24564
G21987A A21993-TTAC C22000A	S:G142D NA S:H146Q	81	7598	0.010661	21967	22015
C25416T G25555-T	ORF3a:F8F NA	81	5081	0.015942	25381	25566
A23515+G A23523T C23525T T23599G C23604A	NA S:E654L S:H655S S:N679* S:P681Y	81	33951	0.002386	23487	23624
A21875+T G21987A	NA S:G142E	81	7311	0.011079	21867	21990
T21990-TTA A21999-C	S:DEL144 NA	80	7601	0.010525	21970	22017
T24643-A	NA	79	26290	0.003005	24616	24654
T24469A C24536-A	S:N969K NA	79	45255	0.001746	24465	24552
G25218+T C25262-T	NA NA	79	22133	0.003569	25130	25290
A23523T C23525T C23530A T23599G C23604A	S:E654V S:H655Y S:V656V S:N679K S:P681H	79	34027	0.002322	23501	23623
T24438+A	NA	78	30847	0.002529	24428	24451
T22882G G22895C T22896C G22898A T22942G	S:N440K S:V445P S:V445P S:G446S S:N460K	78	7029	0.011097	22877	22947
A23523T C23525T C23604A	S:E654V S:H655Y S:P681H	78	34027	0.002292	23503	23615
T22882G T22896C G22898A T22942G	S:N440K S:V445A S:G446S S:N460K	77	7029	0.010955	22876	22967
C23271T C23334-T C23423T	S:A570V NA S:P621S	77	9771	0.00788	23269	23426
A24110-T C24119-A	NA NA	77	2852	0.026999	24093	24130
T23599G C23604A C23635T	S:N679K S:P681H S:S691S	76	60962	0.001247	23586	23642
T24492+A	NA	75	53789	0.001394	24482	24502
T23599G C23604A C23709-A	S:N679K S:P681H NA	75	25605	0.002929	23583	23719
T22926-G T22942G	NA S:N460K	75	8641	0.00868	22919	22966
G25278A	S:S1239N	75	28359	0.002645	25266	25324
C24981-T C24990T C25000T	NA S:P1143L S:D1146D	75	11600	0.006466	24850	25007
C23525T A23550G T23599G C23604A	S:H655Y S:D663G S:N679K S:P681H	75	34027	0.002204	23492	23622
A24684-T	NA	75	4827	0.015538	24649	24698
C24517-A	NA	74	53653	0.001379	24494	24528
G24893C C25000T	S:E1111Q S:D1146D	73	10916	0.006687	24857	25021
C23525T T23546C T23599G C23604A	S:H655Y S:C662R S:N679K S:P681H	73	34027	0.002145	23502	23638
A24922-T	NA	73	14944	0.004885	24898	24932
T23599G C23664T	S:N679K S:A701V	72	26395	0.002728	23591	23669
A23523T C23525T T23599G	S:E654V S:H655Y S:N679K	72	34042	0.002115	23516	23624
C25416T A25426G	ORF3a:F8F ORF3a:T12A	71	12757	0.005566	25384	25460
C23271T	S:A570V	71	16968	0.004184	23269	23290
A23403G T23425C T23425-GT A23523T C23525T	S:D614G S:P621P NA S:E654V S:H655Y	71	12519	0.005671	23387	23532
T24643-A C24672-A	NA NA	70	25783	0.002715	24617	24679
T23278-A	NA	70	17153	0.004081	23271	23290
C24320-A	NA	70	5914	0.011836	24229	24332
A22798+G G22813T T22882G	NA S:K417N S:N440Q	70	10215	0.006853	22793	22889
C25416T C25517-T	ORF3a:F8F NA	69	6111	0.011291	25378	25528
C23271T C23334-T A23403G C23423T	S:A570V NA S:D614G S:P621S	69	9771	0.007062	23269	23435
A23403G G23486-T C23525T	S:D614G NA S:H655Y	69	12519	0.005512	23383	23529
G25181+A	NA	68	24009	0.002832	25174	25210
G22813T T22882G G22895C T22896C G22898A G22927T T22942G	S:K417N S:N440K S:V445P S:V445P S:G446S S:L455F S:N460K	68	5547	0.012259	22797	22959
A25176G	S:K1205R	68	23876	0.002848	25157	25183
G22927T	S:L455F	67	9598	0.006981	22921	22966
A23762G C23854A	S:T734A S:N764K	67	13146	0.005097	23753	23891
T23599G C23604A A23639-T	S:N679K S:P681H NA	66	60404	0.001093	23583	23642
T22882G G22895C T22896C G22898A T22930A T22942G	S:N440K S:V445P S:V445P S:G446S S:F456L S:N460K	66	7029	0.00939	22876	22944
C21618T	S:T19I	66	2958	0.022312	21605	21621
A24424T T24469A C24536-A	S:Q954H S:N969K NA	66	29326	0.002251	24412	24548
G22813T T22882G T22896C G22898A T22930A T22942G	S:K417N S:N440K S:V445A S:G446S S:F456L S:N460K	65	5547	0.011718	22797	22949
G22577C G22578A	S:G339H S:G339H	65	902	0.072062	22567	22581
A21979-T G21987A A21993-TTACC A21999C	NA S:G142D NA S:H146P	65	7588	0.008566	21925	22019
T25415-C	NA	64	12971	0.004934	25381	25428
T25382+A	NA	64	13542	0.004726	25375	25394
T23599G C23604A T23629C	S:N679K S:P681H S:S689S	64	61182	0.001046	23580	23642
C24150+T	NA	64	6676	0.009587	24148	24167
A24424T C24435-T	S:Q954H NA	64	30252	0.002116	24413	24451
A23515+G C23525T T23599G C23604G	NA S:H655S S:N679* S:P681C	64	33951	0.001885	23486	23624
T23599G C23604A A23712-T	S:N679K S:P681H NA	63	25527	0.002468	23580	23720
T23599G C23601+G C23604A	S:N679K NA S:P681Y	63	61776	0.00102	23580	23724
G23522-A C23525T T23599G C23604A	NA S:H655Y S:N679K S:P681H	63	34027	0.001851	23504	23624
G21987A A22001G T22016C C22033A	S:G142D S:K147E S:W152R S:F157L	63	7279	0.008655	21980	22043
C23099-T	NA	63	7632	0.008255	23091	23109
C21711T A21764-TACATG	S:S50L S:DEL69/70	63	1101	0.057221	21705	21788
A24508G	S:S982S	63	53690	0.001173	24490	24564
A23403G C23422T	S:D614G S:V620V	63	24845	0.002536	23375	23429
G23486-T C23525T	NA S:H655Y	62	14007	0.004426	23471	23529
C23604A C23664T	S:P681H S:A701V	62	26498	0.00234	23591	23724
C23277T A23403G	S:T572I S:D614G	62	10151	0.006108	23269	23441
A24803-T	NA	62	7019	0.008833	24787	24806
A23523T C23525T G23580T T23599G C23604A	S:E654V S:H655Y S:S673I S:N679K S:P681H	62	34027	0.001822	23501	23639
T24414-G A24424T T24469A	NA S:Q954H S:N969K	61	29549	0.002064	24412	24564
T21976C	S:D138D	61	11242	0.005426	21867	21983
G23402-A	NA	61	25408	0.002401	23394	23410
T21609+CATGCCGCTGTT C21618T C21622T G21624C T21632-TACCCCCTG A21764-TACATG	S:INS17HAAV S:T19F S:T20F S:R21T S:DEL25/27 S:DEL69/70	60	887	0.067644	21597	21793
G22813T T22882G G22895C T22896C G22898A T22917G T22930A	S:K417N S:N440K S:V445P S:V445P S:G446S S:L452R S:F456L	60	5990	0.010017	22809	22934
C25227T	S:A1222V	60	23170	0.00259	25209	25305
C22109G C22120-A T22200A G22317T	S:Q183E NA S:V213E S:G252V	60	2801	0.021421	22105	22319
A23627-G	NA	60	63091	0.000951	23618	23642
A23618+T	NA	60	62963	0.000953	23609	23642
T23715C C23854A	S:F718S S:N764K	59	12835	0.004597	23689	23892
T22304C G22317T	S:Y248H S:G252V	59	10694	0.005517	22275	22319
C25000T G25019T	S:D1146D S:D1153Y	59	16073	0.003671	24985	25023
C23103-T	NA	59	7615	0.007748	23096	23117
C21888-T	NA	59	10437	0.005653	21870	21902
A23712-T	NA	59	45697	0.001291	23693	23724
A21875-T	NA	59	10434	0.005655	21869	21889
T25263C	S:L1234P	58	27914	0.002078	25251	25285
T24643+A	NA	58	26290	0.002206	24615	24654
C23709+A	NA	58	45812	0.001266	23683	23722
A22193-ATT T22200G C22208T C22295A	S:DEL212 S:V213G S:L216F S:H245N	58	4217	0.013754	22175	22300
T23599G C23604A C23609-G	S:N679K S:P681H NA	57	61746	0.000923	23581	23642
C23525T T23527C T23599G C23604A	S:H655Y S:H655Y S:N679K S:P681H	57	34027	0.001675	23501	23637
C22109G C22120-A	S:Q183E NA	57	5066	0.011251	22105	22136
A24885+T C24981-T C25000T	NA NA S:D1146S	57	10871	0.005243	24852	25010
T23596+A T23599G C23604A	NA S:N679* S:P681Y	56	61766	0.000907	23580	23642
C25294-A	NA	56	28643	0.001955	25280	25320
A23515+G C23525T	NA S:H655S	56	49560	0.00113	23487	23530
A23403G G23478-T A23523T C23525T T23529-CAA	S:D614G NA S:E654V S:H655Y S:DEL657	56	12473	0.00449	23391	23539
A23403G C23536+G	S:D614G NA	56	12169	0.004602	23392	23539
T25140-A	NA	55	22587	0.002435	25135	25162
T22882G G22895C T22896C G22898A T22917G T22930A T22942G	S:N440K S:V445P S:V445P S:G446S S:L452R S:F456L S:N460K	55	7029	0.007825	22877	22947
G24893C C24981-T C25000T	S:E1111Q NA S:D1146D	55	10916	0.005038	24852	25054
G22317T C22383+T	S:G252V NA	55	3176	0.017317	22306	22396
G21987A C22000A	S:G142D S:H146Q	55	7598	0.007239	21977	22017
A24677G	S:R1039G	55	25813	0.002131	24661	24679
A24424T T24469A G24488-T	S:Q954H S:N969K NA	55	29742	0.001849	24416	24554
T24414-G A24424T	NA S:Q954H	54	32064	0.001684	24412	24424
G24933-T	NA	54	14849	0.003637	24909	24943
G23364-A A23403G	NA S:D614G	54	24172	0.002234	23344	23434
G22813T T22882G G22898A	S:K417N S:N440K S:G446S	54	7622	0.007085	22801	22906
T24417C A24424T T24469A T24529-G	S:V952A S:Q954H S:N969K NA	53	29314	0.001808	24412	24564
T21609+CATGCCGCTGTT C21618T C21622T G21624C T21632-TACCCCCTG C21711T A21764-TACATG	S:INS17HAAV S:T19F S:T20F S:R21T S:DEL25/27 S:S50L S:DEL69/70	53	887	0.059752	21597	21788
G25555-T	NA	53	5081	0.010431	25379	25566
G24521+T	NA	53	53576	0.000989	24480	24532
G22577C G22578A G22599C C22664A C22674T T22679C	S:G339H S:G339H S:R346T S:L368I S:S371F S:S373P	53	263	0.201521	22495	22683
G22317T G22403-A	S:G252V NA	53	2860	0.018531	22272	22431
C24503-T	NA	53	53732	0.000986	24474	24513
C25317T	S:S1252F	52	28993	0.001794	25294	25325
C24455-A	NA	52	30833	0.001687	24428	24468
C24026-T	NA	52	4010	0.012968	24021	24047
C23525T C23533-A T23599G C23604A	S:H655Y NA S:N679K S:P681H	52	34027	0.001528	23487	23611
A23403G C23525T A23531G	S:D614G S:H655Y S:N657D	52	12411	0.00419	23395	23532
T23599G C23604A T23698C	S:N679K S:P681H S:I712I	51	26076	0.001956	23580	23715
T23164-A	NA	51	7545	0.006759	23093	23188
C25262-T C25416T	NA ORF3a:F8F	51	2543	0.020055	25252	25423
C24536-AA	NA	51	53343	0.000956	24517	24554
C23854A G23873-C	S:N764K NA	51	15602	0.003269	23841	23892
A24424T A24556+G	S:Q954H NA	51	28891	0.001765	24415	24564
T23198C	S:L546L	50	7471	0.006693	23170	23222
C23525T T23578C T23599G C23604A	S:H655Y S:A672A S:N679K S:P681H	50	34027	0.001469	23487	23622
C23399+T C23525T	NA S:H655S	50	12488	0.004004	23336	23531
A23494G C23525T T23599G C23604A	S:Q644Q S:H655Y S:N679K S:P681H	50	33273	0.001503	23487	23629
T23689-A	NA	49	45918	0.001067	23683	23707
T23599G C23604A T23641-G	S:N679K S:P681H NA	49	60193	0.000814	23581	23655
T23143-A T23164-A	NA NA	49	7391	0.00663	23096	23176
G24971+T C24981-T C25000T	NA NA S:D1146S	49	11492	0.004264	24850	25013
G22813T T22882G T22896C G22898A T22928C T22942G	S:K417N S:N440K S:V445A S:G446S S:F456L S:N460K	49	5547	0.008834	22793	22949
G22813T T22882G G22895C	S:K417N S:N440K S:V445L	49	9771	0.005015	22806	22906
C24517-A C24672-A	NA NA	49	20750	0.002361	24493	24679
C23525T A23531G T23599G C23604A	S:H655Y S:N657D S:N679K S:P681H	49	34027	0.00144	23505	23637
C22109G T22200A G22218-T G22317T	S:Q183E S:V213E NA S:G252V	49	2801	0.017494	22103	22319
A25146G	S:E1195G	49	22988	0.002132	25141	25183
A23848+T	NA	49	16186	0.003027	23773	23864
A23403G T23443C C23525T	S:D614G S:D627D S:H655Y	49	12519	0.003914	23389	23529
G23508+T C23525T T23599G C23604A	NA S:H655S S:N679* S:P681Y	48	33826	0.001419	23495	23624
C25000T T25191-A	S:D1146D NA	48	3476	0.013809	24990	25210
A24885+T	NA	48	15123	0.003174	24850	24897
A24424T T24469A G24486T	S:Q954H S:N969K S:S975I	48	29750	0.001613	24412	24546
A24424T C24455-A	S:Q954H NA	48	30037	0.001598	24412	24468
A23013C T23019C T23031C A23055G A23063T T23075C	S:E484A S:F486S S:F490S S:Q498R S:N501Y S:Y505H	48	1109	0.043282	23008	23224
T23599G C23604A T23686C	S:N679K S:P681H S:S708S	47	26198	0.001794	23580	23700
T21856+A	NA	47	10349	0.004542	21847	21866
C23718T	S:T719I	47	45494	0.001033	23696	23724
C23525T C23604G	S:H655Y S:P681R	47	34027	0.001381	23505	23637
C23271T C23423T	S:A570V S:P621S	47	9771	0.00481	23269	23433
A24325G	S:K921K	47	5420	0.008672	24282	24329
A23558-T T23599G C23604A	NA S:N679K S:P681H	47	34554	0.00136	23543	23634
A23524G C23525T T23599G C23604A	S:E654E S:H655Y S:N679K S:P681H	47	34027	0.001381	23508	23624
A23362+C	NA	47	28898	0.001626	23336	23370
A23359T A23403G C23525T	S:T599T S:D614G S:H655Y	47	11443	0.004107	23335	23532
T24414-GG A24424T T24469A	NA S:Q954H S:N969K	46	29549	0.001557	24412	24564
T23599G C23604A T23684C	S:N679K S:P681H S:S708P	46	26217	0.001755	23580	23705
T23599G C23604A C23706T	S:N679K S:P681H S:P715L	46	25769	0.001785	23580	23717
T22882G G22895C T22896C G22898A G22927T T22930A T22942G	S:N440K S:V445P S:V445P S:G446S S:L455F S:F456L S:N460K	46	7029	0.006544	22876	22947
G23835-T	NA	46	16237	0.002833	23767	23847
G22813T T22882G T22896C G22898A	S:K417N S:N440K S:V445A S:G446S	46	7622	0.006035	22797	22912
A24525G	S:E988G	46	53537	0.000859	24514	24564
A23497-C C23525T T23599G C23604A	NA S:H655Y S:N679K S:P681H	46	33306	0.001381	23489	23639
T23434-C C23525T	NA S:H655Y	45	13477	0.003339	23423	23538
G23835+T	NA	45	16237	0.002771	23767	23848
G23699A C23854A	S:A713T S:N764K	45	12674	0.003551	23683	23895
C24672-A A24803-T	NA NA	45	3491	0.01289	24612	24806
C23525T C23551T T23599G C23604A	S:H655Y S:D663D S:N679K S:P681H	45	34027	0.001322	23493	23638
C23525T A23541G T23599G C23604A	S:H655Y S:Y660C S:N679K S:P681H	45	34027	0.001322	23487	23637
C23399+T	NA	45	26129	0.001722	23336	23424
C23123T	S:P521S	45	7627	0.0059	23113	23140
A24479-T	NA	45	52353	0.00086	24476	24497
A24424T T24469A A24498G	S:Q954H S:N969K S:D979G	45	29695	0.001515	24413	24554
A24253-T A24324-AT	NA NA	45	4824	0.009328	24229	24335
A23432+C	NA	45	25267	0.001781	23342	23440
T25283C	S:C1241R	44	28440	0.001547	25251	25323
T25268C	S:C1236R	44	28126	0.001564	25251	25317
G24488-T C24672-A	NA NA	44	20177	0.002181	24486	24679
G23835-T C23854A	NA S:N764K	44	15678	0.002806	23727	23858
G22813T T22882G G22895C G22898A T22917G T22930A T22942G	S:K417N S:N440K S:V445L S:G446S S:L452R S:F456L S:N460K	44	5547	0.007932	22801	22948
C23707T C23854A	S:P715P S:N764K	44	12801	0.003437	23699	23895
C23525T T23599G T23602C C23604A	S:H655Y S:N679K S:S680S S:P681H	44	34027	0.001293	23493	23618
A24468-T T24470A	NA S:F970I	44	46246	0.000951	24465	24499
A23786+T	NA	44	16869	0.002608	23769	23806
A23354+T	NA	44	29139	0.00151	23340	23362
T25304C	S:C1248R	43	28905	0.001488	25298	25321
T24660+A	NA	43	26179	0.001643	24612	24671
T23599G T23602C C23604A	S:N679K S:S680S S:P681H	43	61776	0.000696	23580	23637
T23599G C23604A T23620C	S:N679K S:P681H S:S686S	43	61670	0.000697	23580	23642
T23031C	S:F490S	43	1760	0.024432	23027	23047
T22882G T22896C G22898A G22927T T22942G	S:N440K S:V445A S:G446S S:L455F S:N460K	43	7029	0.006118	22878	22944
C23525T T23548C T23599G C23604A	S:H655Y S:C662C S:N679K S:P681H	43	34027	0.001264	23487	23624
C23525T A23592G T23599G C23604A	S:H655Y S:Q677R S:N679K S:P681H	43	34027	0.001264	23501	23629
C23525T A23566G T23599G C23604A	S:H655Y S:A668A S:N679K S:P681H	43	34027	0.001264	23502	23624
A23523T T23599G C23604A	S:E654V S:N679K S:P681H	43	34027	0.001264	23487	23622
A23403G C23525T C23536+G	S:D614G S:H655Y NA	43	12169	0.003534	23378	23539
T23075C	S:Y505H	42	1480	0.028378	23071	23112
C25276-A	NA	42	28305	0.001484	25267	25325
A25327-T	NA	42	4349	0.009657	25306	25338
A24424T T24469A C24536-AA	S:Q954H S:N969K NA	42	29326	0.001432	24412	24564
T24982G C25000T	S:P1140P S:D1146D	41	11610	0.003531	24944	25010
T23599G C23604A T23654C	S:N679K S:P681H S:S698P	41	26491	0.001548	23581	23705
T22896C G22898A T22942G	S:V445A S:G446S S:N460K	41	7157	0.005729	22886	22967
G24611+A	NA	41	21672	0.001892	24470	24632
G23835+T C23887-A	NA NA	41	14688	0.002791	23767	23895
C25000T A25056-T	S:D1146D NA	41	15515	0.002643	24990	25065
C23525T T23584C T23599G C23604A	S:H655Y S:Y674Y S:N679K S:P681H	41	34027	0.001205	23491	23634
C23525T T23581C T23599G C23604A	S:H655Y S:S673S S:N679K S:P681H	41	34027	0.001205	23487	23637
A23515+G C23525T A23558-T T23599G C23604A	NA S:H655S NA S:N679* S:P681Y	41	33951	0.001208	23487	23640
T25148+A	NA	40	23008	0.001739	25141	25210
T24589C	S:T1009T	40	21724	0.001841	24543	24679
T23599G C23604A A23691G	S:N679K S:P681H S:N710S	40	26151	0.00153	23580	23706
T23323C A23403G	S:I587I S:D614G	40	10490	0.003813	23271	23443
T23215C	S:V551V	40	7365	0.005431	23189	23234
T21934-A G21987A T21990-TTA A21999-C	NA S:G142D S:DEL144 NA	40	6204	0.006447	21920	22058
G23138T	S:G526*	40	7619	0.00525	23108	23190
C23525T A23579G T23599G C23604A	S:H655Y S:S673G S:N679K S:P681H	40	34027	0.001176	23512	23641
A25137-T	NA	40	22357	0.001789	25131	25147
A24667G	S:G1035G	40	26056	0.001535	24612	24679
A24531G	S:E990G	40	53449	0.000748	24486	24550
A24424T T24451+A	S:Q954H NA	40	30087	0.001329	24413	24461
A24424T C24503-T	S:Q954H NA	40	29652	0.001349	24412	24557
T25309C	S:S1249S	39	28983	0.001346	25303	25324
T25178C	S:Y1206H	39	23922	0.00163	25166	25186
T22882G G22895C T22896C G22898A G22927T T22930A	S:N440K S:V445P S:V445P S:G446S S:L455F S:F456L	39	7549	0.005166	22877	22935
G24868-T	NA	39	15278	0.002553	24857	24878
G22813T T22882G T22896C G22898A G22927T T22942G	S:K417N S:N440K S:V445A S:G446S S:L455F S:N460K	39	5547	0.007031	22803	22944
C25262-T G25364-T	NA NA	39	3386	0.011518	25251	25372
C25000T T25072-G	S:D1146D NA	39	4337	0.008992	24990	25082
C24981-T C25000T G25019T	NA S:D1146D S:D1153Y	39	11241	0.003469	24850	25069
C24878-A	NA	39	15230	0.002561	24859	24888
C24672-AA	NA	39	25948	0.001503	24612	24679
C23854A A23891T	S:N764K S:N777Y	39	14904	0.002617	23823	23895
C23718T C23854A	S:T719I S:N764K	39	12845	0.003036	23683	23881
A24613G	S:E1017E	39	26381	0.001478	24612	24661
A23756-CCAA C23854A	NA S:N764K	39	13120	0.002973	23726	23895
A23523T C23525T A23558-T T23599G C23604A	S:E654V S:H655Y NA S:N679K S:P681H	39	34027	0.001146	23500	23623
A23523T C23525T A23544G T23599G C23604A	S:E654V S:H655Y S:E661G S:N679K S:P681H	39	34027	0.001146	23487	23623
T24470-TTG T24492-A	S:DEL971 NA	38	46562	0.000816	24466	24564
T23599G T23600C C23604A	S:N679K S:S680P S:P681H	38	61776	0.000615	23581	23637
T23599G C23604A A23704+C	S:N679K S:P681H NA	38	25807	0.001472	23580	23724
T23599G C23604A A23656G	S:N679K S:P681H S:S698S	38	26474	0.001435	23581	23724
T23392-C A23403G	NA S:D614G	38	24995	0.00152	23308	23438
T22882G G22895C	S:N440K S:V445L	38	11407	0.003331	22876	22906
T21990-TTA C22000A C22033A	S:DEL144 S:H146Q S:F157L	38	7282	0.005218	21975	22054
G25287-T	NA	38	28517	0.001333	25267	25320
G25135A	S:K1191K	38	22041	0.001724	25130	25160
G22813T T22882G G22895C T22896C G22898A T22917G	S:K417N S:N440K S:V445P S:V445P S:G446S S:L452R	38	6818	0.005573	22793	22922
G21586+T	NA	38	2330	0.016309	21451	21593
C23525T T23599G C23604A T23629C	S:H655Y S:N679K S:P681H S:S689S	38	33586	0.001131	23501	23642
C23525T A23583G T23599G C23604A	S:H655Y S:Y674C S:N679K S:P681H	38	34027	0.001117	23521	23641
C23525T A23552G T23599G C23604A	S:H655Y S:I664V S:N679K S:P681H	38	34027	0.001117	23516	23641
A25410C C25416T	ORF3a:R6S ORF3a:F8F	38	12960	0.002932	25380	25477
A25397-T	NA	38	13396	0.002837	25376	25415
A25190+G	NA	38	24495	0.001551	25183	25325
A25176G C25262-T	S:K1205R NA	38	17814	0.002133	25140	25325
A25137+T C25262-T	NA NA	38	16236	0.00234	25122	25323
A24423+T	NA	38	32424	0.001172	24413	24424
A21887-CTTT	NA	38	10433	0.003642	21849	21906
T25312C	S:C1250C	37	29006	0.001276	25305	25324
T22882G T22942G	S:N440K S:N460K	37	7029	0.005264	22858	22967
T21934-A G21987A T21990-TTA C22000A	NA S:G142D S:DEL144 S:H146Q	37	6204	0.005964	21918	22058
G25299-C	NA	37	28780	0.001286	25288	25323
G23222A	S:E554K	37	7330	0.005048	23208	23224
G22813T T22882G T22942G	S:K417N S:N440K S:N460K	37	5547	0.00667	22803	22957
C24422-A	NA	37	32434	0.001141	24412	24424
C23525T A23572G T23599G C23604A	S:H655Y S:I670M S:N679K S:P681H	37	34027	0.001087	23520	23642
C23393T	S:L611F	37	26476	0.001397	23335	23402
C21516+T C21618T T21632-TACCCCCTG	NA S:T19F S:DEL25/27	37	888	0.041667	21509	21664
A24675G	S:K1038R	37	25915	0.001428	24612	24679
A24424T T24472-G	S:Q954H NA	37	29826	0.001241	24421	24550
T25171-G	NA	36	23681	0.00152	25162	25198
T23599G C23604A T23652C	S:N679K S:P681H S:M697T	36	26510	0.001358	23580	23689
T23590C T23599G C23604A	S:T676T S:N679K S:P681H	36	61609	0.000584	23580	23724
T23507C C23525T T23599G C23604A	S:C649R S:H655Y S:N679K S:P681H	36	33813	0.001065	23493	23642
G25278-T	NA	36	28359	0.001269	25262	25296
G25019T	S:D1153Y	36	16380	0.002198	25006	25068
G24893C	S:E1111Q	36	15035	0.002394	24853	24913
G24858A C25000T	S:G1099D S:D1146D	36	10710	0.003361	24852	25011
G24140-T	NA	36	3356	0.010727	24131	24173
G21987A A21993-TTAC A21999-C	S:G142D NA NA	36	7598	0.004738	21956	22018
C23334-T C23367-A	NA NA	36	11098	0.003244	23269	23384
A25472+T	NA	36	11861	0.003035	25382	25485
A24424T G24521+T	S:Q954H NA	36	29491	0.001221	24412	24533
A24424T G24486T	S:Q954H S:S975I	36	29750	0.00121	24412	24512
A23359T C23525T	S:T599T S:H655Y	36	11443	0.003146	23335	23532
T25291C	S:C1243C	35	28603	0.001224	25287	25319
T23599G C23604A A23639G	S:N679K S:P681H S:I693V	35	60404	0.000579	23580	23642
T23599G C23604A A23631G	S:N679K S:P681H S:Q690R	35	61083	0.000573	23581	23642
G24557A	S:G999S	35	52718	0.000664	24547	24564
G23508+T C23525T	NA S:H655S	35	49359	0.000709	23493	23530
C25151+A	NA	35	23093	0.001516	25143	25163
C24899-A	NA	35	15039	0.002327	24850	24915
C23525T T23529C T23599G C23604A	S:H655Y S:V656A S:N679K S:P681H	35	34027	0.001029	23509	23637
C23271T A23403G	S:A570V S:D614G	35	9983	0.003506	23269	23416
A25137-T C25262-T	NA NA	35	16236	0.002156	25123	25286
A24318-C	NA	35	6015	0.005819	24308	24333
T25140+A C25262-T	NA NA	34	16306	0.002085	25130	25323
T24564C	Unknown	34	52490	0.000648	24543	24564
T24470-TTG C24536-A	S:DEL971 NA	34	45673	0.000744	24465	24554
T23599G C23604A T23693C	S:N679K S:P681H S:S711P	34	26128	0.001301	23580	23724
T23599G C23604A A23614G	S:N679K S:P681H S:A684A	34	61714	0.000551	23580	23642
T23511+A C23525T T23599G C23604A	NA S:H655S S:N679* S:P681Y	34	33881	0.001004	23487	23634
T21976-C G21987A T21990-TTA C22000A C22033A	NA S:G142D S:DEL144 S:H146Q S:F157L	34	7260	0.004683	21967	22049
T21940-G G21987A T21990-TTA T22032C C22033A A22034G	NA S:G142D S:DEL144 S:F157S S:F157S S:R158G	34	5956	0.005709	21924	22043
G25177+A	NA	34	23870	0.001424	25170	25210
G24114A	S:C851Y	34	3105	0.01095	24101	24124
G23522-A C23525T	NA S:H655Y	34	49691	0.000684	23513	23534
C25000T G25033-A	S:D1146D NA	34	15839	0.002147	24990	25066
C25000T C25100-A T25191-A	S:D1146D NA NA	34	3476	0.009781	24990	25210
C23525T T23599G C23604A G23621A	S:H655Y S:N679K S:P681H S:V687I	34	33981	0.001001	23487	23642
C23525T A23588G T23599G C23604A	S:H655Y S:T676A S:N679K S:P681H	34	34027	0.000999	23501	23624
C23393T A23403G	S:L611F S:D614G	34	25026	0.001359	23273	23443
A25472-T	NA	34	11861	0.002867	25381	25477
A25295G	S:K1245E	34	28671	0.001186	25293	25325
A25208+T C25262-T	NA NA	34	20441	0.001663	25130	25323
A24619G	S:R1019R	34	26390	0.001288	24612	24673
A24560G	S:R1000G	34	52637	0.000646	24492	24564
A24424T T24469A A24516G	S:Q954H S:N969K S:D985G	34	29553	0.00115	24414	24564
A23523G C23525T T23599G C23604A	S:E654G S:H655Y S:N679K S:P681H	34	34027	0.000999	23488	23624
A23515+G	NA	34	49893	0.000681	23487	23529
A23403G T23434-C C23525T	S:D614G NA S:H655Y	34	12519	0.002716	23399	23532
A23403G A23432+C	S:D614G NA	34	24095	0.001411	23335	23439
T23599G C23604A T23681C	S:N679K S:P681H S:Y707H	33	26237	0.001258	23580	23700
T23599G C23604A T23637C	S:N679K S:P681H S:I692T	33	60805	0.000543	23582	23640
T23599G C23604A A23670+T	S:N679K S:P681H NA	33	26345	0.001253	23585	23706
T23599G C23604A A23618+T	S:N679K S:P681H NA	33	61686	0.000535	23581	23724
T23509C T23599G C23604A	S:C649C S:N679K S:P681H	33	33855	0.000975	23498	23630
T23143-A T23164-A C23230-A	NA NA NA	33	5350	0.006168	23093	23243
G24914C	S:D1118H	33	15009	0.002199	24908	24943
G23093A	S:V511I	33	7540	0.004377	23089	23118
G22104-A C22109G C22120-A T22200A	NA S:Q183E NA S:V213E	33	4390	0.007517	22100	22206
G21987A C22033A	S:G142D S:F157L	33	7279	0.004534	21970	22045
C25416T A25472+T	ORF3a:F8F NA	33	11861	0.002782	25381	25477
C24824T	S:H1088Y	33	2624	0.012576	24813	24882
C24483+A	NA	33	53146	0.000621	24473	24495
C24422-A A24425T	NA S:N955Y	33	32273	0.001023	24413	24451
C23887A A23888C	S:D775E S:K776Q	33	15601	0.002115	23875	23894
C23816-T C23887-A	NA NA	33	14460	0.002282	23767	23895
C22120-A	NA	33	5326	0.006196	22112	22137
C22109G T22200A G22218-T	S:Q183E S:V213E NA	33	4323	0.007634	22105	22230
A25147G	S:E1195E	33	22993	0.001435	25136	25183
A24424T T24469A A24554G	S:Q954H S:N969K S:T998A	33	29008	0.001138	24416	24564
A23848-TTA C23854A	S:DEL763 S:N764K	33	16015	0.002061	23833	23895
A21979-T G21987A T21990-TTA A21999-CAA	NA S:G142D S:DEL144 S:DEL147	33	7588	0.004349	21847	22024
A21817-T	NA	33	201	0.164179	21761	21845
A21764-TACATG	S:DEL69/70	33	1349	0.024463	21757	21802
T24480C	S:I973T	32	52539	0.000609	24475	24564
T24414-GG A24424T	NA S:Q954H	32	32064	0.000998	24412	24535
T23703-A	NA	32	46018	0.000695	23683	23711
T23489C C23525T T23599G C23604A	S:F643L S:H655Y S:N679K S:P681H	32	32953	0.000971	23486	23634
T22882G G22898A	S:N440K S:G446S	32	9249	0.00346	22877	22912
G25198-C C25207T	NA S:Y1215Y	32	24707	0.001295	25190	25210
G23364-A C23525T	NA S:H655Y	32	11467	0.002791	23335	23538
G22813T G22895C T22896C G22898A	S:K417N S:V445P S:V445P S:G446S	32	7622	0.004198	22793	22907
G22813T G22895C G22898A	S:K417N S:V445L S:G446S	32	7622	0.004198	22793	22906
C25466-T	NA	32	11962	0.002675	25381	25475
C24616+A C24672-A	NA NA	32	25643	0.001248	24612	24679
C23778+A	NA	32	16960	0.001887	23767	23788
C23525T T23599G T23600C C23604A	S:H655Y S:N679K S:S680P S:P681H	32	34027	0.00094	23487	23626
C23525T T23599G C23604A T23626C	S:H655Y S:N679K S:P681H S:A688A	32	33634	0.000951	23508	23634
C23525T T23590C T23599G C23604A	S:H655Y S:T676T S:N679K S:P681H	32	34027	0.00094	23505	23633
A25274G	S:T1238A	32	28263	0.001132	25267	25320
A24652G	S:S1030S	32	26230	0.00122	24612	24660
A24516G	S:D985G	32	53644	0.000597	24502	24564
A24498G	S:D979G	32	53806	0.000595	24480	24545
A24424T T24469A T24506C	S:Q954H S:N969K S:S982P	32	29636	0.00108	24415	24564
A24424T T24469A T24482C	S:Q954H S:N969K S:S974P	32	29777	0.001075	24412	24564
A23756G C23854A	S:T732A S:N764K	32	13120	0.002439	23683	23891
A23403G A23474+T C23525T	S:D614G NA S:H655S	32	12519	0.002556	23398	23539
A23013C T23018C T23019C T23031C	S:E484A S:F486P S:F486P S:F490S	32	1512	0.021164	23008	23047
A22798+G G22813T	NA S:K417N	32	10897	0.002937	22793	22824
T25293C	S:L1244P	31	28641	0.001082	25251	25325
T24628C	S:A1022A	31	26406	0.001174	24612	24642
T24438+A T24469A	NA S:N969Q	31	30478	0.001017	24412	24479
T22896C G22898A G22927T T22942G	S:V445A S:G446S S:L455F S:N460K	31	7157	0.004331	22886	22967
T22032C C22033A	S:F157S S:F157S	31	9212	0.003365	22021	22047
G23309-A A23403G	NA S:D614G	31	10475	0.002959	23288	23443
G22813T T22882G G22895C G22898A T22930A T22942G	S:K417N S:N440K S:V445L S:G446S S:F456L S:N460K	31	5547	0.005589	22793	22944
G22813T T22882G G22895C G22898A T22900-G	S:K417N S:N440K S:V445L S:G446S NA	31	7620	0.004068	22793	22914
G22813T T22831+A T22882G	S:K417N NA S:N440Q	31	10410	0.002978	22809	22890
G21987A A21999-C	S:G142D NA	31	7598	0.00408	21970	22012
C25416T G25527+C	ORF3a:F8F NA	31	5527	0.005609	25372	25552
C25000T G25010T	S:D1146D S:E1150*	31	16284	0.001904	24990	25065
C24435-T	NA	31	30822	0.001006	24412	24457
C23709-A	NA	31	45812	0.000677	23700	23717
C23604A A23618+T	S:P681H NA	31	61831	0.000501	23599	23724
C23525T A23586G T23599G C23604A	S:H655Y S:Q675R S:N679K S:P681H	31	34027	0.000911	23512	23641
C23306-T A23403G	NA S:D614G	31	10471	0.002961	23296	23429
A25426G	ORF3a:T12A	31	12757	0.00243	25381	25438
A24520G	S:K986K	31	53640	0.000578	24503	24549
A24424T T24469A A24494G	S:Q954H S:N969K S:N978D	31	29714	0.001043	24412	24508
A24253-T A24323-AAT	NA S:DEL922	31	4905	0.00632	24229	24337
A23523T	S:E654V	31	49809	0.000622	23513	23539
A23503G C23525T T23599G C23604A	S:A647A S:H655Y S:N679K S:P681H	31	33661	0.000921	23487	23624
T24628-A	NA	30	26406	0.001136	24612	24679
T23599G C23604A T23605C	S:N679K S:P681H S:P681H	30	61751	0.000486	23580	23642
T23143-A C23230-A	NA NA	30	5350	0.005607	23091	23242
G22813T T22896C G22898A T22942G	S:K417N S:V445A S:G446S S:N460K	30	5547	0.005408	22793	22962
G22813T T22882G G22898A T22942G	S:K417N S:N440K S:G446S S:N460K	30	5547	0.005408	22793	22966
G22813T T22882G G22895C T22896C G22898A G22927T T22930A T22942G	S:K417N S:N440K S:V445P S:V445P S:G446S S:L455F S:F456L S:N460K	30	5547	0.005408	22801	22950
C25000T G25091+A	S:D1146D NA	30	4086	0.007342	24990	25210
C23854A G23868-A	S:N764K NA	30	15727	0.001908	23839	23873
C23709+A C23887-A	NA NA	30	11902	0.002521	23683	23895
C23525T A23558-T T23599G C23604G	S:H655Y NA S:N679K S:P681R	30	34027	0.000882	23497	23624
C23271T C23334-T	S:A570V NA	30	10880	0.002757	23269	23351
C23123T G23204T	S:P521S S:G548C	30	6691	0.004484	23089	23234
C21618T C21622T G21624C T21632-TACCCCCTG C21711T A21764-TACATG C21781-A	S:T19I S:T20T S:R21T S:DEL25/27 S:S50L S:DEL69/70 NA	30	880	0.034091	21597	21802
A25175G	S:K1205E	30	23879	0.001256	25166	25210
A24922-T C25000T	NA S:D1146D	30	11089	0.002705	24857	25017
A24885-T C24981-T C25000T	NA NA S:D1146D	30	10871	0.00276	24850	25004
A24556+G	NA	30	52734	0.000569	24542	24564
A23403G A23418G C23525T	S:D614G S:E619G S:H655Y	30	12519	0.002396	23373	23532
T25303C	S:C1247C	29	28861	0.001005	25293	25325
T25251C	S:V1230A	29	23596	0.001229	25223	25324
T24658C	S:C1032C	29	26187	0.001107	24612	24673
T23599G C23604A T23617+G	S:N679K S:P681H NA	29	61690	0.00047	23581	23706
T23599G C23604A G23666+A	S:N679K S:P681H NA	29	26374	0.0011	23581	23694
T23599G C23604A A23651G	S:N679K S:P681H S:M697V	29	26520	0.001094	23580	23684
T23599G C23604A A23646G	S:N679K S:P681H S:Y695C	29	26567	0.001092	23580	23703
T22942G G22992A C22995A A23013C T23018C T23019C T23031C	S:N460K S:S477N S:T478K S:E484A S:F486P S:F486P S:F490S	29	204	0.142157	22937	23042
T22882G G22895C T22896C G22898A G22927T T22942G	S:N440K S:V445P S:V445P S:G446S S:L455F S:N460K	29	7029	0.004126	22876	22967
T22304C	S:Y248H	29	11136	0.002604	22281	22307
G23345-T	NA	29	29054	0.000998	23336	23359
G22104-A C22109G	NA S:Q183E	29	5007	0.005792	22100	22120
C25227T C25262-T	S:A1222V NA	29	23084	0.001256	25122	25325
C23525T T23599G C23604A T23637C	S:H655Y S:N679K S:P681H S:I692T	29	33289	0.000871	23505	23640
C23525T A23597G T23599G C23604A	S:H655Y S:N679E S:N679E S:P681H	29	34027	0.000852	23487	23624
C23422T	S:V620V	29	25775	0.001125	23407	23429
A24679G	S:R1039R	29	25403	0.001142	24612	24679
A24424T T24469A T24499C	S:Q954H S:N969K S:D979D	29	29694	0.000977	24416	24530
A24424T T24460C T24469A	S:Q954H S:L966L S:N969K	29	29869	0.000971	24412	24519
A24424T G24488+T	S:Q954H NA	29	29742	0.000975	24416	24523
A23013C T23018C T23019C T23031C A23055G T23075C	S:E484A S:F486P S:F486P S:F490S S:Q498R S:Y505H	29	1109	0.02615	23008	23079
A21964-T	NA	29	11261	0.002575	21847	21977
T25301C	S:C1247R	28	28807	0.000972	25254	25325
T24482C	S:S974P	28	53039	0.000528	24473	24501
T24377-C A24424T	NA S:Q954H	28	1989	0.014077	24369	24424
T23599G C23604A C23630A	S:N679K S:P681H S:Q690K	28	61168	0.000458	23581	23724
T23599G C23604A C23615G C23664T	S:N679K S:P681H S:R685G S:A701V	28	26395	0.001061	23584	23724
T23599G C23604A A23674G	S:N679K S:P681H S:S704S	28	26298	0.001065	23580	23724
T22882G G22898A T22942G	S:N440K S:G446S S:N460K	28	7029	0.003983	22878	22944
G25305-T	NA	28	28920	0.000968	25293	25324
G24570-T	NA	28	21964	0.001275	24529	24608
G23735+A	NA	28	15321	0.001828	23683	23756
G22992A C22995A A23013C T23018C T23019C T23031C	S:S477N S:T478K S:E484A S:F486P S:F486P S:F490S	28	315	0.088889	22986	23046
C25517-T	NA	28	6111	0.004582	25372	25528
C24422-A T24469A	NA S:N969K	28	29862	0.000938	24412	24562
C23601+G C23604A	NA S:P681Y	28	61910	0.000452	23583	23724
C23525T T23599G T23602-C T23605A	S:H655Y S:N679K NA S:P681P	28	34016	0.000823	23509	23642
C23525T T23599G C23604A A23636G	S:H655Y S:N679K S:P681H S:I692V	28	33337	0.00084	23487	23642
C23525T A23544G T23599G C23604A	S:H655Y S:E661G S:N679K S:P681H	28	34027	0.000823	23505	23640
C23525T A23539G T23599G C23604A	S:H655Y S:S659S S:N679K S:P681H	28	34027	0.000823	23487	23641
C23334-T G23402-A	NA NA	28	10507	0.002665	23269	23423
A25216-G	NA	28	21905	0.001278	25209	25325
A24885-T C25000T	NA S:D1146D	28	10871	0.002576	24869	25016
A24673G	S:S1037S	28	25880	0.001082	24612	24679
A24424T T24469A T24470C	S:Q954H S:N969K S:F970L	28	29827	0.000939	24412	24564
A24424T G24462C C24463T T24469A	S:Q954H S:S967T S:S967T S:N969K	28	29869	0.000937	24412	24564
A24424T A24430G T24469A	S:Q954H S:A956A S:N969K	28	29869	0.000937	24412	24564
A24420G A24424T T24469A	S:N953S S:Q954H S:N969K	28	29843	0.000938	24412	24564
A23848+T C23887-A	NA NA	28	15022	0.001864	23767	23895
A23786-T	NA	28	16869	0.00166	23767	23796
A23403G T23482-A C23525T	S:D614G NA S:H655Y	28	12519	0.002237	23388	23529
A23235G	S:K558R	28	5818	0.004813	23196	23290
A22101T C22109G T22200A G22317T	Unknown S:Q183E S:V213E S:G252V	28	2722	0.010287	22100	22319
T25307C	S:S1249P	27	28981	0.000932	25301	25325
T25260C	S:M1233T	27	27754	0.000973	25207	25316
T25191-A G25218-T C25262-T	NA NA NA	27	18958	0.001424	25135	25325
T25191+A C25262-T	NA NA	27	18958	0.001424	25130	25325
T24552C	S:I997T	27	52946	0.00051	24478	24564
T23599G C23604A T23645C	S:N679K S:P681H S:Y695H	27	26579	0.001016	23580	23708
T23599G C23604A T23633C	S:N679K S:P681H S:S691P	27	61037	0.000442	23580	23642
T23599G C23604A C23657+T	S:N679K S:P681H NA	27	26456	0.001021	23580	23707
T23599G C23604A C23609T	S:N679K S:P681H S:R683W	27	61746	0.000437	23581	23622
T23599G C23604A A23648G	S:N679K S:P681H S:T696A	27	26543	0.001017	23580	23724
T23031C A23055G A23063T T23075C	S:F490S S:Q498R S:N501Y S:Y505H	27	1308	0.020642	23027	23099
T22882G G22895C G22898A T22930A	S:N440K S:V445L S:G446S S:F456L	27	7549	0.003577	22877	22933
T22882G G22895C G22898A G22927T T22930A T22942G	S:N440K S:V445L S:G446S S:L455F S:F456L S:N460K	27	7029	0.003841	22877	22952
G25284-T	NA	27	28455	0.000949	25268	25320
G23282T A23403G	S:D574Y S:D614G	27	10169	0.002655	23270	23443
G22813T G22895C T22896C G22898A T22942G	S:K417N S:V445P S:V445P S:G446S S:N460K	27	5547	0.004867	22795	22966
C25000T A25045G	S:D1146D S:S1161S	27	15670	0.001723	24990	25067
C24899-A C24981-T C25000T	NA NA S:D1146D	27	10973	0.002461	24850	25012
C24632-T	NA	27	26399	0.001023	24614	24679
C24616+A	NA	27	26375	0.001024	24612	24632
C23707G C23854A	S:P715P S:N764K	27	12801	0.002109	23683	23895
C23393+T	NA	27	26476	0.00102	23345	23403
A25410C	ORF3a:R6S	27	13147	0.002054	25372	25419
A25253G	S:T1231A	27	27571	0.000979	25251	25319
A24494G	S:N978D	27	53807	0.000502	24479	24514
A24424T T24514C	S:Q954H S:L984L	27	29568	0.000913	24412	24564
A24424T T24469A T24505C	S:Q954H S:N969K S:L981L	27	29640	0.000911	24412	24564
A24424T A24498G	S:Q954H S:D979G	27	29695	0.000909	24412	24564
A23592G T23599G C23604A	S:Q677R S:N679K S:P681H	27	61651	0.000438	23581	23642
T25322C	S:C1254R	26	28853	0.000901	25299	25323
T25228C	S:A1222A	26	23196	0.001121	25219	25316
T25219C	S:G1219G	26	22377	0.001162	25207	25325
T25150C	S:S1196S	26	23082	0.001126	25135	25184
T24471-TG C24536-A	NA NA	26	47615	0.000546	24465	24564
T24469A T24492+A	S:N969K NA	26	46117	0.000564	24465	24503
T24469A T24491C	S:N969K S:L977L	26	46131	0.000564	24465	24535
T24469A G24488-T	S:N969K NA	26	46144	0.000563	24465	24499
T24139-G	NA	26	3358	0.007743	24127	24191
T23599G C23604A T23676C	S:N679K S:P681H S:V705A	26	26282	0.000989	23580	23723
T23599G C23604A T23626C	S:N679K S:P681H S:A688A	26	61268	0.000424	23580	23642
T23584C T23599G C23604A	S:Y674Y S:N679K S:P681H	26	61472	0.000423	23580	23642
T23521C C23525T T23599G C23604A	S:A653A S:H655Y S:N679K S:P681H	26	34020	0.000764	23507	23629
T23511-A C23525T T23599G C23604A	NA S:H655Y S:N679K S:P681H	26	33881	0.000767	23492	23641
T22926-G T22930A T22942G	NA S:F456L S:N460K	26	8641	0.003009	22918	22966
T22882G G22895C T22896C G22898A T22928C T22942G	S:N440K S:V445P S:V445P S:G446S S:F456L S:N460K	26	7029	0.003699	22876	22944
G24992-A C25000T	NA S:D1146D	26	16338	0.001591	24960	25065
G24558A	S:G999D	26	52706	0.000493	24516	24564
G22813T T22882G G22895C G22898A T22930A	S:K417N S:N440K S:V445L S:G446S S:F456L	26	5990	0.004341	22793	22933
C25416T C25546+T	ORF3a:F8F NA	26	5199	0.005001	25372	25559
C25262-T G25340-A	NA NA	26	3697	0.007033	25251	25348
C25000T G25127C	S:D1146D S:V1189L	26	3827	0.006794	24990	25199
C24672-A G24693-A	NA NA	26	4261	0.006102	24648	24703
C23854A C23887A A23888C G23948T	S:N764K S:D775E S:K776Q S:D796Y	26	1180	0.022034	23848	23978
C23833T C23854A	S:G757G S:N764K	26	15647	0.001662	23804	23891
C23816-T C23854A	NA S:N764K	26	15447	0.001683	23797	23881
C23525T T23599G C23604A C23609T	S:H655Y S:N679K S:P681H S:R683W	26	34012	0.000764	23510	23642
C23525T T23542C T23599G C23604A	S:H655Y S:Y660Y S:N679K S:P681H	26	34027	0.000764	23501	23633
C23525T A23532G T23599G C23604A	S:H655Y S:N657S S:N679K S:P681H	26	34027	0.000764	23493	23629
C23334-T C23393+T	NA NA	26	10726	0.002424	23269	23437
C23277T C23334-T	S:T572I NA	26	11070	0.002349	23269	23355
C22480T	S:F306F	26	815	0.031902	22461	22493
C21618T C21622T G21624C T21632-TACCCCCTG	S:T19I S:T20T S:R21T S:DEL25/27	26	2898	0.008972	21597	21664
A25374-T	NA	26	12677	0.002051	25372	25403
A24576G	S:Q1005R	26	21902	0.001187	24548	24679
A24554G	S:T998A	26	52868	0.000492	24503	24564
A24478G	S:A972A	26	52110	0.000499	24474	24541
A24424T T24469A T24511C	S:Q954H S:N969K S:R983R	26	29585	0.000879	24419	24554
A24424T T24469A A24525G	S:Q954H S:N969K S:E988G	26	29455	0.000883	24416	24564
A24323-AAT	S:DEL922	26	5839	0.004453	24234	24337
A24318-C A24424T	NA S:Q954H	26	1591	0.016342	24311	24424
A24110-T C24119-A G24124-T	NA NA NA	26	2641	0.009845	24021	24152
A23474+T C23525T	NA S:H655S	26	13861	0.001876	23461	23539
A23403G T23489C C23525T	S:D614G S:F643L S:H655Y	26	12519	0.002077	23335	23539
T25319C	S:C1253R	25	28948	0.000864	25280	25325
T25306C	S:C1248C	25	28943	0.000864	25269	25325
T25170C	S:L1203P	25	23653	0.001057	25145	25210
T24585C	S:V1008A	25	21743	0.00115	24483	24679
T24548C	S:L996L	25	53076	0.000471	24504	24564
T24505C	S:L981L	25	53741	0.000465	24485	24519
T24487C	S:S975S	25	53505	0.000467	24482	24512
T23715C	S:F718S	25	45644	0.000548	23696	23726
T23599G C23604A T23689C	S:N679K S:P681H S:N709N	25	26173	0.000955	23580	23705
T23599G C23604A A23708G	S:N679K S:P681H S:T716A	25	25625	0.000976	23580	23724
T23599G C23604A A23668G	S:N679K S:P681H S:E702E	25	26353	0.000949	23580	23724
T23487C C23525T T23599G C23604A	Unknown S:H655Y S:N679K S:P681H	25	22582	0.001107	23486	23640
T22926-G	NA	25	9600	0.002604	22918	22966
T22882G G22895C T22896C G22898A T22917G T22930A	S:N440K S:V445P S:V445P S:G446S S:L452R S:F456L	25	7549	0.003312	22876	22933
T21990-TTA A21999-C C22033A	S:DEL144 NA S:F157L	25	7282	0.003433	21966	22058
G25130-C	NA	25	21115	0.001184	25122	25210
G24124-T	NA	25	3263	0.007662	24114	24144
G23699A	S:A713T	25	46132	0.000542	23688	23706
G23593-A T23599G C23604A	NA S:N679K S:P681H	25	61704	0.000405	23581	23642
G22809-A G22813T T22882G	NA S:K417N S:N440K	25	10392	0.002406	22793	22888
C25416T A25448T	ORF3a:F8F ORF3a:E19V	25	12321	0.002029	25383	25488
C25214+G	NA	25	21517	0.001162	25207	25325
C25000T C25046T	S:D1146D S:P1162S	25	15662	0.001596	24990	25065
C24981-T C25000T C25006T	NA S:D1146D S:F1148F	25	11481	0.002178	24850	25007
C24878-A C24981-T C25000T	NA NA S:D1146D	25	10851	0.002304	24853	25066
C24466+A C24672-A	NA NA	25	13900	0.001799	24465	24679
C23525T T23599G C23604A T23622C	S:H655Y S:N679K S:P681H S:V687A	25	33979	0.000736	23487	23642
C23525T A23598G T23599G C23604A	S:H655Y S:N679R S:N679R S:P681H	25	34027	0.000735	23499	23642
C23525T A23594G T23599G C23604A	S:H655Y S:T678A S:N679K S:P681H	25	34027	0.000735	23487	23633
C23525T A23526G T23599G C23604A	S:H655C S:H655C S:N679K S:P681H	25	34027	0.000735	23487	23608
C22281+T G22317T	NA S:G252L	25	10410	0.002402	22261	22329
C22109G T22200A A22245-T	S:Q183E S:V213E NA	25	3786	0.006603	22100	22257
A25315G	S:G1251G	25	29007	0.000862	25275	25325
A24253-T C24320-A	NA NA	25	5035	0.004965	24229	24332
A23594G T23599G C23604A	S:T678A S:N679K S:P681H	25	61732	0.000405	23580	23642
A23493G C23525T T23599G C23604A	S:Q644R S:H655Y S:N679K S:P681H	25	33114	0.000755	23487	23637
A23403G T23507C C23525T	S:D614G S:C649R S:H655Y	25	12519	0.001997	23387	23539
A23403G A23523T	S:D614G S:E654V	25	12571	0.001989	23397	23539
A22193-ATT T22200G C22208T	S:DEL212 S:V213G S:L216F	25	5421	0.004612	22100	22215
A22101T C22109G T22200A	Unknown S:Q183E S:V213E	25	4342	0.005758	22100	22211
T25382+A C25416T	NA ORF3a:F8L	24	12823	0.001872	25372	25432
T25280C	S:C1240R	24	28402	0.000845	25251	25316
T25265C	S:C1235R	24	27996	0.000857	25251	25325
T25232C	S:L1224L	24	23297	0.00103	25219	25324
T25140+A	NA	24	22587	0.001063	25130	25151
T24656C	S:C1032R	24	26206	0.000916	24612	24661
T24633C	S:L1024P	24	26388	0.00091	24612	24679
T24625C	S:S1021S	24	26389	0.000909	24612	24679
T24506+A	NA	24	53748	0.000447	24470	24517
T24489C	S:V976A	24	53692	0.000447	24476	24519
T24471-TG T24492-A	NA NA	24	48709	0.000493	24465	24564
T24417C A24424T T24529-G	S:V952A S:Q954H NA	24	29314	0.000819	24412	24564
T24414C A24424T	S:V951A S:Q954H	24	32064	0.000749	24412	24424
T23742-A	NA	24	15280	0.001571	23683	23750
T23599G C23604A T23689-A	S:N679K S:P681H NA	24	26173	0.000917	23582	23724
T23599G C23604A T23672C	S:N679K S:P681H S:S704P	24	26312	0.000912	23580	23724
T23599G C23604A T23658C	S:N679K S:P681H S:L699P	24	26446	0.000908	23581	23717
T23599G C23604A A23665G	S:N679K S:P681H S:A701A	24	26384	0.00091	23580	23724
T23596C T23599G C23604A	S:T678T S:N679K S:P681H	24	61766	0.000389	23580	23642
T23482-A C23525T	NA S:H655Y	24	13968	0.001718	23474	23539
T23344C	S:G594G	24	29045	0.000826	23335	23347
T22882G G22895C T22896C G22898A T22930A	S:N440K S:V445P S:V445P S:G446S S:F456L	24	7549	0.003179	22876	22933
T21976-C G21987A T21990-TTA C22000A	NA S:G142D S:DEL144 S:H146Q	24	7578	0.003167	21966	22043
T21934-A G21987A T21990-TTA C22000A C22033A	NA S:G142D S:DEL144 S:H146Q S:F157L	24	5891	0.004074	21908	22058
T21864+A	NA	24	10374	0.002313	21847	21883
G25299A	S:G1246D	24	28780	0.000834	25290	25323
G25145A	S:E1195K	24	22963	0.001045	25130	25155
G24515-A	NA	24	53663	0.000447	24495	24545
G24164-A	NA	24	6700	0.003582	24151	24173
G23339A A23403G	S:G593S S:D614G	24	23655	0.001015	23269	23443
G22289+T	NA	24	11372	0.00211	22282	22309
C25000T T25072-G C25100-A	S:D1146D NA NA	24	4034	0.005949	24992	25161
C23525T A23534G T23599G C23604A	S:H655Y S:N658D S:N679K S:P681H	24	34027	0.000705	23505	23634
C22109G G22317T	S:Q183E S:G252V	24	2801	0.008568	22101	22319
A25208-T	NA	24	25794	0.00093	25191	25210
A25174G	S:G1204G	24	23838	0.001007	25139	25210
A24617G	S:R1019G	24	26390	0.000909	24612	24661
A24424T T24470-TTG	S:Q954H S:DEL971	24	29827	0.000805	24415	24564
A24424T T24469A T24548C	S:Q954H S:N969K S:L996L	24	29156	0.000823	24417	24554
A24424T T24469A G24488+T	S:Q954H S:N969K NA	24	29742	0.000807	24412	24564
A24424T T24469A A24556+G	S:Q954H S:N969K NA	24	28891	0.000831	24412	24564
A24424T C24536-AA	S:Q954H NA	24	29326	0.000818	24417	24564
A24424T C24466+A T24469A	S:Q954H NA S:N969Q	24	29869	0.000804	24415	24564
A24424T A24468-T	S:Q954H NA	24	29872	0.000803	24413	24564
A24424T A24426G T24469A	S:Q954H S:N955S S:N969K	24	29869	0.000804	24412	24543
A24110-T C24150+T	NA NA	24	2529	0.00949	24028	24163
A23712+T C23887-A	NA NA	24	11909	0.002015	23683	23895
A23013C T23018C T23019C T23031C A23055G	S:E484A S:F486P S:F486P S:F490S S:Q498R	24	1174	0.020443	23008	23060
A21979-T G21987A T21990-TTA A21999-C	NA S:G142D S:DEL144 NA	24	7588	0.003163	21959	22018
T25382-A	NA	23	13542	0.001698	25372	25402
T25289C	S:C1243R	23	28566	0.000805	25263	25325
T25288C	S:S1242S	23	28543	0.000806	25268	25325
T25245-A	NA	23	23497	0.000979	25238	25314
T25178C C25262-T	S:Y1206H NA	23	17902	0.001285	25130	25320
T24529C	S:A989A	23	53498	0.00043	24489	24552
T24504C	S:L981P	23	53740	0.000428	24481	24564
T23599G C23673T	S:N679K S:S704L	23	26308	0.000874	23580	23724
T23599G C23604A T23659C	S:N679K S:P681H S:L699L	23	26433	0.00087	23580	23724
T23599G C23604A T23622C	S:N679K S:P681H S:V687A	23	61660	0.000373	23580	23642
T23599G C23604A G23610A	S:N679K S:P681H S:R683Q	23	61736	0.000373	23580	23642
T23599G C23604A C23718T	S:N679K S:P681H S:T719I	23	25426	0.000905	23580	23724
T23599G C23604A A23688G	S:N679K S:P681H S:N709S	23	26180	0.000879	23580	23724
T23599G C23604A A23618G	S:N679K S:P681H S:S686G	23	61686	0.000373	23580	23642
T23599G A23618+T	S:N679K NA	23	61686	0.000373	23592	23724
T23581C T23599G C23604A	Unknown S:N679K S:P681H	23	61072	0.000377	23580	23642
T23509C C23525T T23599G	S:C649C S:H655Y S:N679K	23	33870	0.000679	23487	23639
T23500C C23525T T23599G C23604A	S:R646R S:H655Y S:N679K S:P681H	23	33476	0.000687	23487	23631
T21990-TTA T22032C C22033A A22034G	S:DEL144 S:F157S S:F157S S:R158G	23	7270	0.003164	21975	22058
G24893C T24948-A C25000T	S:E1111Q NA S:D1146D	23	10916	0.002107	24886	25069
G22813T T22882G T22896C G22898A T22917G T22930A T22942G	S:K417N S:N440K S:V445A S:G446S S:L452R S:F456L S:N460K	23	5547	0.004146	22793	22949
G22813T T22882G G22895C T22896C G22898A T22900-G T22917G T22930A T22942G	S:K417N S:N440K S:V445P S:V445P S:G446S NA S:L452R S:F456L S:N460K	23	5547	0.004146	22793	22966
G22813T T22882G G22895C T22896C	S:K417N S:N440K S:V445P S:V445P	23	7625	0.003016	22795	22906
G22813T T22882G G22895C G22898A T22917G T22930A	S:K417N S:N440K S:V445L S:G446S S:L452R S:F456L	23	5990	0.00384	22793	22935
G22104-A C22109G C22120-A	NA S:Q183E NA	23	4992	0.004607	22100	22145
C25276T	S:T1238T	23	28305	0.000813	25266	25323
C25100-A	NA	23	4229	0.005439	25081	25123
C25000T G25064A	S:D1146D S:D1168N	23	15310	0.001502	24990	25065
C25000T A25026-T	S:D1146D NA	23	15923	0.001444	24990	25039
C23778+A C23854A	NA S:N764K	23	15059	0.001527	23736	23867
C23604A C23683T	S:P681H S:Y707Y	23	26331	0.000873	23581	23724
C23525T T23599G C23604A T23620C	S:H655Y S:N679K S:P681H S:S686S	23	33983	0.000677	23487	23624
C23525T T23599G C23604A C23613T	S:H655Y S:N679K S:P681H S:A684V	23	34002	0.000676	23501	23642
C23525T T23599G C23604A A23614G	S:H655Y S:N679K S:P681H S:A684A	23	34001	0.000676	23492	23642
C23525T T23582C T23599G C23604A	S:H655Y S:Y674H S:N679K S:P681H	23	34027	0.000676	23487	23641
C23525T C23555T T23599G C23604A	S:H655Y S:P665S S:N679K S:P681H	23	34027	0.000676	23498	23635
C23525T C23533-A	S:H655Y NA	23	49449	0.000465	23516	23539
C23367+A A23403G	NA S:D614G	23	24214	0.00095	23335	23438
C22290-T G22317T	NA S:G252V	23	10556	0.002179	22271	22319
C22109G C22120-A T22200A G22218-T	S:Q183E NA S:V213E NA	23	4323	0.00532	22105	22233
C22109G A22161-T T22200A	S:Q183E NA S:V213E	23	4452	0.005166	22105	22220
A25271G	S:M1237V	23	28212	0.000815	25251	25324
A25241G	S:I1227V	23	23435	0.000981	25209	25324
A25147G C25262-T	S:E1195E NA	23	16571	0.001388	25130	25325
A24963G C25000T	S:N1134S S:D1146D	23	11442	0.00201	24906	25069
A24885-T	NA	23	15123	0.001521	24867	24901
A24654G	S:E1031G	23	26223	0.000877	24626	24679
A24654-G C24672-A	NA NA	23	25822	0.000891	24474	24679
A24646G	S:K1028K	23	26284	0.000875	24612	24679
A24578G	S:T1006A	23	21898	0.00105	24495	24671
A24424T T24469A T24552C	S:Q954H S:N969K S:I997T	23	29074	0.000791	24412	24563
A24424T C24517+A	S:Q954H NA	23	29550	0.000778	24416	24559
A24424T C24431+A	S:Q954H NA	23	30294	0.000759	24417	24449
A23403G T23490C C23525T	S:D614G S:F643S S:H655Y	23	12519	0.001837	23342	23532
A23187G	S:N542S	23	7568	0.003039	23155	23224
T25310C	S:C1250R	22	28991	0.000759	25299	25325
T24769-G C24771T	NA S:A1070V	22	7047	0.003122	24723	24805
T24765-C	NA	22	6991	0.003147	24746	24779
T24623C	S:S1021P	22	26398	0.000833	24612	24666
T24511C	S:R983R	22	53693	0.00041	24502	24523
T24414C A24424T T24469A	S:V951A S:Q954H S:N969K	22	29549	0.000745	24412	24484
T23599G C23604A C23613T	S:N679K S:P681H S:A684V	22	61723	0.000356	23583	23642
T23509C C23525T	S:C649C S:H655Y	22	49415	0.000445	23492	23539
T23164-A C23230-A	NA NA	22	5438	0.004046	23089	23244
T22930A T22942G	S:F456L S:N460K	22	8770	0.002509	22924	22967
T22882G T22896C G22898A	S:N440K S:V445A S:G446S	22	9249	0.002379	22864	22909
T22291C G22317T	S:A243A S:G252V	22	10564	0.002083	22273	22319
G24971+T C25000T	NA S:D1146S	22	11492	0.001914	24915	25007
G22813T T22882G T22896C G22898A T22917G T22942G	S:K417N S:N440K S:V445A S:G446S S:L452R S:N460K	22	5547	0.003966	22806	22959
G21569-T C21618T T21632-TACCCCCTG	NA S:T19I S:DEL25/27	22	1674	0.013142	21553	21664
C25546+T	NA	22	5199	0.004232	25372	25560
C25006T	S:F1148F	22	16501	0.001333	24990	25065
C24981-T C25000T A25056-T	NA S:D1146D NA	22	10863	0.002025	24850	25067
C24378T A24424T	S:S939F S:Q954H	22	1991	0.01105	24369	24424
C24198T	S:A879V	22	3410	0.006452	24163	24312
C23887A A23888C G23948T	S:D775E S:K776Q S:D796Y	22	1348	0.01632	23877	23978
C23854A A23864G	S:N764K S:T768A	22	15797	0.001393	23826	23895
C23604G G23612T	S:P681R S:A684S	22	61879	0.000356	23592	23698
C23525T T23537C T23599G C23604A	S:H655Y S:S659P S:N679K S:P681H	22	34027	0.000647	23498	23637
C23525T C23536+G	S:H655Y NA	22	49169	0.000447	23521	23539
C23525T A23531G	S:H655Y S:N657D	22	49501	0.000444	23498	23539
C23525+T	NA	22	49712	0.000443	23514	23539
C23121T G23222A C23271T	S:A520V S:E554K S:A570V	22	4842	0.004544	23090	23290
C22109G T22200A A22245-T G22317T	S:Q183E S:V213E NA S:G252V	22	2801	0.007854	22100	22319
A25185G	S:Q1208R	22	24402	0.000902	25173	25202
A24424T T24492+A	S:Q954H NA	22	29728	0.00074	24412	24504
A24424T T24469A C24503-T	S:Q954H S:N969K NA	22	29652	0.000742	24412	24554
A24424T T24469A A24520G	S:Q954H S:N969K S:K986K	22	29526	0.000745	24414	24564
A24424T A24516G	S:Q954H S:D985G	22	29553	0.000744	24412	24564
A23193-T	NA	22	7487	0.002938	23182	23224
T25272C	S:M1237T	21	28237	0.000744	25251	25285
T25264C	S:L1234L	21	27964	0.000751	25251	25324
T25209C	S:I1216T	21	25907	0.000811	25191	25210
T25161C	S:L1200P	21	23475	0.000895	25145	25210
T24660+A C24672-A	NA NA	21	25855	0.000812	24476	24679
T24607C	S:A1015A	21	21678	0.000969	24520	24679
T24514C	S:L984L	21	53685	0.000391	24475	24546
T24499C	S:D979D	21	53814	0.00039	24482	24564
T24451+A	NA	21	30849	0.000681	24417	24476
T23599G T23602C C23604A A23720-T	S:N679K S:S680S S:P681H NA	21	25287	0.00083	23580	23724
T23599G C23604A G23624A	S:N679K S:P681H S:A688T	21	61610	0.000341	23581	23642
T23599G C23604A C23625T C23664T	S:N679K S:P681H S:A688V S:A701V	21	26395	0.000796	23593	23705
T23599G C23604A A23632G	S:N679K S:P681H S:Q690Q	21	61061	0.000344	23580	23724
T23599G C23604A A23623G	S:N679K S:P681H S:V687V	21	61643	0.000341	23580	23642
T23488C C23525T T23599G C23604A	Unknown S:H655Y S:N679K S:P681H	21	32868	0.000639	23487	23623
T22896C G22898A G22927T T22930A T22942G	S:V445A S:G446S S:L455F S:F456L S:N460K	21	7157	0.002934	22886	22967
T21934-A G21987A T21990-TTA A21999-C C22033A	NA S:G142D S:DEL144 NA S:F157L	21	5891	0.003565	21920	22058
G25173A C25262-T	S:G1204E NA	21	17680	0.001188	25135	25292
G25166-A	NA	21	23566	0.000891	25157	25182
G24858A C24981-T C25000T	S:G1099D NA S:D1146D	21	10710	0.001961	24850	25018
G23885+A G23948T	NA S:D796*	21	1335	0.01573	23875	23978
G23835-T C23887-A	NA NA	21	14688	0.00143	23767	23895
G23699+A	NA	21	46132	0.000455	23690	23718
G23508+T A23515+G C23525T T23599G C23604A	NA NA S:H655Y S:N679L S:P681H	21	33826	0.000621	23487	23641
G22104-A C22109G T22200A	NA S:Q183E S:V213E	21	4390	0.004784	22100	22213
C25416T C25441-A G25444T	ORF3a:F8F NA ORF3a:G18C	21	12404	0.001693	25381	25476
C25416T A25562+T	ORF3a:F8F NA	21	4963	0.004231	25372	25566
C25262-T C25466-T	NA NA	21	1992	0.010542	25251	25475
C24981-T T24995C C25000T	NA S:L1145L S:D1146D	21	11600	0.00181	24850	25022
C24981-T C25000T A25026-T	NA S:D1146D NA	21	11126	0.001887	24850	25052
C23683T	S:Y707Y	21	30389	0.000691	23656	23724
C23525T T23599G C23604A A23639-T	S:H655Y S:N679K S:P681H NA	21	32919	0.000638	23505	23642
C23525T T23599G C23604A A23623G	S:H655Y S:N679K S:P681H S:V687V	21	33971	0.000618	23498	23638
C23525T T23599G C23604A A23618G	S:H655Y S:N679K S:P681H S:S686G	21	33990	0.000618	23487	23638
C23525T T23569C T23599G C23604A	S:H655Y S:G669G S:N679K S:P681H	21	34027	0.000617	23493	23637
C23525T T23540C T23599G C23604A	S:H655Y S:Y660H S:N679K S:P681H	21	34027	0.000617	23487	23635
C23520T C23525T T23599G C23604A	S:A653V S:H655Y S:N679K S:P681H	21	34012	0.000617	23487	23639
C23188+T	NA	21	7568	0.002775	23091	23197
A25503+C	NA	21	6732	0.003119	25372	25516
A25255G	S:T1231T	21	27627	0.00076	25232	25325
A25246G	S:V1228V	21	23505	0.000893	25226	25306
A24582G	S:Y1007C	21	21776	0.000964	24482	24676
A24545G	S:R995G	21	53157	0.000395	24493	24564
A24468-T	NA	21	46294	0.000454	24465	24494
A24424T T24511C	S:Q954H S:R983R	21	29585	0.00071	24416	24538
A24424T T24469A T24504C	S:Q954H S:N969K S:L981P	21	29650	0.000708	24412	24564
A24424T T24469A A24560G	S:Q954H S:N969K S:R1000G	21	28809	0.000729	24413	24564
A24424T T24469A A24518G	S:Q954H S:N969K S:K986E	21	29543	0.000711	24412	24564
A24424T A24441G T24469A	S:Q954H S:N960S S:N969K	21	29869	0.000703	24412	24537
A23704+C	NA	21	46015	0.000456	23686	23715
A23696-T	NA	21	46096	0.000456	23684	23706
A23586G T23599G C23604A	S:Q675R S:N679K S:P681H	21	61534	0.000341	23580	23723
A23403G T23511-A C23525T	S:D614G NA S:H655Y	21	12519	0.001677	23394	23535
A23403G T23500C C23525T	S:D614G S:R646R S:H655Y	21	12519	0.001677	23399	23539
A23403G T23434-C	S:D614G NA	21	23783	0.000883	23398	23443
A23157-T	NA	21	7555	0.00278	23089	23168
A22101T C22109G	Unknown S:Q183E	21	4954	0.004239	22100	22131
A21887-CTTT G21987A	NA S:G142D	21	7401	0.002837	21867	21991
T25233C	S:L1224S	20	23318	0.000858	25196	25325
T24650C	S:S1030P	20	26240	0.000762	24612	24679
T24565C	S:L1001L	20	52278	0.000383	24478	24647
T24506C	S:S982P	20	53748	0.000372	24481	24546
T23599G C23604A T23641C	S:N679K S:P681H S:I693I	20	60193	0.000332	23580	23724
T23599G C23604A G23675-T	S:N679K S:P681H NA	20	26290	0.000761	23580	23687
T23511-A	NA	20	49909	0.000401	23493	23534
T23491C C23525T T23599G C23604A	S:F643F S:H655Y S:N679K S:P681H	20	32977	0.000606	23487	23633
T22882G G22927T T22942G	S:N440K S:L455F S:N460K	20	7029	0.002845	22867	22967
T22882G G22895C G22898A T22942G	S:N440K S:V445L S:G446S S:N460K	20	7029	0.002845	22876	22949
T21990-TTA	S:DEL144	20	9185	0.002177	21962	22012
G25323A	S:C1254Y	20	28841	0.000693	25285	25325
G25177-T C25262-T	NA NA	20	17827	0.001122	25122	25325
G25145A C25262-T	S:E1195K NA	20	16525	0.00121	25130	25325
G25135+A C25262-T	NA NA	20	16132	0.00124	25122	25325
G24666-A	NA	20	26071	0.000767	24649	24679
G23499A C23525T T23599G C23604A	S:R646H S:H655Y S:N679K S:P681H	20	33433	0.000598	23487	23640
G22813T T22882G G22895C T22896C G22898A T22928C	S:K417N S:N440K S:V445P S:V445P S:G446S S:F456L	20	6020	0.003322	22808	22939
G22302+T G22317T	NA S:G252L	20	10685	0.001872	22249	22329
G21941T T21990-TTA T22032C C22033A A22034G	S:V127F S:DEL144 S:F157S S:F157S S:R158G	20	5980	0.003344	21891	22058
C25000T A25194-AT G25197T	S:D1146D NA S:W1212L	20	3433	0.005826	24990	25210
C24609T	S:A1016V	20	21679	0.000923	24558	24670
C23859+T	NA	20	16116	0.001241	23767	23871
C23758+A	NA	20	15172	0.001318	23699	23791
C23525T T23599G C23604G C23609T	S:H655Y S:N679K S:P681R S:R683W	20	34012	0.000588	23501	23622
C23525T T23599G C23604A A23631G	S:H655Y S:N679K S:P681H S:Q690R	20	33506	0.000597	23493	23637
C23525T G23576A T23599G C23604A	S:H655Y S:A672T S:N679K S:P681H	20	34027	0.000588	23487	23633
C23525T G23562A T23599G C23604A	S:H655Y S:G667D S:N679K S:P681H	20	34027	0.000588	23487	23642
C23277T	S:T572I	20	17151	0.001166	23273	23290
C21552+A C21618T T21632-TACCCCCTG	NA S:T19F S:DEL25/27	20	1429	0.013996	21545	21664
A25201G	S:P1213P	20	25126	0.000796	25195	25210
A25158G	S:D1199G	20	23413	0.000854	25151	25210
A24898-CA C25000T	NA S:D1146D	20	10964	0.001824	24850	25065
A24587G	S:T1009A	20	21735	0.00092	24501	24679
A24539-T	NA	20	53297	0.000375	24489	24564
A24532G	S:E990E	20	53427	0.000374	24488	24556
A24479G	S:I973V	20	52353	0.000382	24475	24564
A24424T T24552C	S:Q954H S:I997T	20	29074	0.000688	24412	24554
A24424T T24450C T24469A	S:Q954H S:V963A S:N969K	20	29869	0.00067	24412	24546
A24424T A24539-T	S:Q954H NA	20	29288	0.000683	24412	24549
A24424T A24494G	S:Q954H S:N978D	20	29714	0.000673	24412	24554
A24424T A24453G T24469A	S:Q954H S:K964R S:N969K	20	29869	0.00067	24412	24564
A24424T A24433G T24469A	S:Q954H S:Q957Q S:N969K	20	29869	0.00067	24413	24564
A23853-C C23887-A	NA NA	20	15130	0.001322	23767	23895
A23515+G C23525T T23599G C23604A C23635T	NA S:H655S S:N679* S:P681Y S:S691I	20	33350	0.0006	23486	23639
A23513G C23525T T23599G C23604A	S:I651V S:H655Y S:N679K S:P681H	20	33916	0.00059	23488	23628
A23495G C23525T T23599G C23604A	S:T645A S:H655Y S:N679K S:P681H	20	33278	0.000601	23487	23642
A23359T	S:T599T	20	29065	0.000688	23335	23365
A23359G A23403G C23525T	S:T599T S:D614G S:H655Y	20	11443	0.001748	23351	23539
T25279C	S:S1239S	19	28385	0.000669	25251	25325
T25270C	S:C1236C	19	28191	0.000674	25263	25320
T25270A	S:C1236*	19	28191	0.000674	25248	25325
T25237C	S:I1225I	19	23377	0.000813	25226	25324
T25224C	S:I1221T	19	23008	0.000826	25219	25325
T25196-G C25262-T	NA NA	19	19227	0.000988	25122	25325
T25161-C	NA	19	23475	0.000809	25152	25210
T24991A C25000T	S:P1143P S:D1146D	19	16319	0.001164	24990	25068
T24793A	S:T1077T	19	7078	0.002684	24742	24802
T24663C	S:L1034P	19	26082	0.000728	24612	24679
T24634C	S:L1024L	19	26367	0.000721	24612	24679
T24492+A C24672-A	NA NA	19	20404	0.000931	24476	24679
T24469A C24517-A	S:N969K NA	19	45647	0.000416	24465	24538
T23684C	S:S708P	19	45698	0.000416	23683	23720
T23599G C23604G A23712+T	S:N679K S:P681R NA	19	25527	0.000744	23580	23724
T23599G C23604A T23617C	S:N679K S:P681H S:R685R	19	61690	0.000308	23580	23684
T23599G C23604A C23657T	S:N679K S:P681H S:L699F	19	26456	0.000718	23580	23724
T23599G C23604A A23696-T	S:N679K S:P681H NA	19	26095	0.000728	23581	23715
T23509C C23525T A23558-T T23599G C23604A	S:C649C S:H655Y NA S:N679K S:P681H	19	33855	0.000561	23487	23641
T23377-A	NA	19	27266	0.000697	23339	23387
T23355-A	NA	19	29147	0.000652	23336	23366
T23323C	S:I587I	19	11574	0.001642	23269	23337
T22928C T22942G	S:F456L S:N460K	19	8722	0.002178	22917	22966
T22882G G22895C G22898A T22917G T22930A T22942G	S:N440K S:V445L S:G446S S:L452R S:F456L S:N460K	19	7029	0.002703	22877	22956
G23768-T C23887-A	NA NA	19	14030	0.001354	23767	23895
G23508+T	NA	19	49842	0.000381	23492	23518
G22813T T22942G	S:K417N S:N460K	19	5547	0.003425	22795	22966
G22813T T22882G G22895C T22896C G22898A G22927T T22930A	S:K417N S:N440K S:V445P S:V445P S:G446S S:L455F S:F456L	19	5990	0.003172	22808	22935
G22487-A G22577C G22578A	NA S:G339H S:G339H	19	593	0.03204	22369	22581
C25000T T25021-A	S:D1146D NA	19	16016	0.001186	24996	25032
C24536-A A24654-G	NA NA	19	21157	0.000898	24488	24679
C23730A C23854A	S:T723N S:N764K	19	12943	0.001468	23684	23895
C23709+T	NA	19	45812	0.000415	23702	23719
C23525T T23599G C23604A T23633C	S:H655Y S:N679K S:P681H S:S691P	19	33477	0.000568	23508	23637
C23525T A23554G T23599G C23604G	S:H655Y S:I664M S:N679K S:P681R	19	34027	0.000558	23487	23614
C23399-A A23403G C23525T	NA S:D614G S:H655Y	19	12488	0.001521	23383	23539
C21871+T	NA	19	10451	0.001818	21847	21879
C21459+A	NA	19	1148	0.016551	21451	21564
A25325G	Unknown	19	28740	0.000661	25306	25325
A25137+T	NA	19	22357	0.00085	25130	25148
A24885+T C25000T	NA S:D1146S	19	10871	0.001748	24850	25008
A24779G	S:K1073E	19	7149	0.002658	24764	24801
A24674G	S:K1038E	19	25930	0.000733	24612	24679
A24645G	S:K1028R	19	26287	0.000723	24612	24667
A24591G	S:Q1010R	19	21724	0.000875	24494	24679
A24424T T24469A T24489C	S:Q954H S:N969K S:V976A	19	29737	0.000639	24412	24564
A24424T T24469A A24562G	S:Q954H S:N969K S:R1000R	19	28777	0.00066	24412	24564
A24424T T24436C T24469A	S:Q954H S:A958A S:N969K	19	29869	0.000636	24412	24564
A24424T C24455-A T24469A	S:Q954H NA S:N969K	19	29869	0.000636	24413	24528
A24424T A24520G	S:Q954H S:K986K	19	29526	0.000644	24413	24564
A24424T A24432G T24469A	S:Q954H S:Q957R S:N969K	19	29869	0.000636	24412	24564
A24373T A24424T	S:S937S S:Q954H	19	1969	0.00965	24364	24424
A23786+T C23887-A	NA NA	19	14134	0.001344	23767	23895
A23704-C	NA	19	46015	0.000413	23690	23715
A23598G T23599G C23604A	S:N679R S:N679R S:P681H	19	61767	0.000308	23580	23642
A23497G C23525T T23599G C23604A	S:T645T S:H655Y S:N679K S:P681H	19	33306	0.00057	23487	23642
A23403G T23471C C23525T	S:D614G S:S637P S:H655Y	19	12519	0.001518	23391	23532
A23403G G23460A C23525T	S:D614G S:W633* S:H655Y	19	12519	0.001518	23335	23532
A23366G A23403G C23525T	S:T602A S:D614G S:H655Y	19	11489	0.001654	23335	23539
A23366G A23403G	S:T602A S:D614G	19	24198	0.000785	23335	23443
A22914-C T22942G	NA S:N460K	19	7998	0.002376	22907	22949
T24660C	S:V1033A	18	26179	0.000688	24612	24676
T24522C	S:V987A	18	53570	0.000336	24510	24548
T24491C C24672-A	S:L977L NA	18	20395	0.000883	24486	24679
T24469A T24492-A	S:N969K NA	18	46117	0.00039	24465	24564
T24417C A24424T	S:V952A S:Q954H	18	32286	0.000558	24415	24457
T23783C C23854A	S:Y741H S:N764K	18	15090	0.001193	23683	23891
T23599G C23604A T23680C	S:N679K S:P681H S:A706A	18	26240	0.000686	23580	23707
T23599G C23604A C23700T	S:N679K S:P681H S:A713V	18	26049	0.000691	23580	23724
T23599G C23604A C23615T	S:N679K S:P681H S:R685C	18	61711	0.000292	23580	23642
T23599G C23604A A23690G	S:N679K S:P681H S:N710D	18	26161	0.000688	23580	23715
T23509C C23525T C23604A	S:C649C S:H655Y S:P681H	18	33855	0.000532	23487	23624
T23394C A23403G	S:L611P S:D614G	18	25059	0.000718	23335	23434
T23350C	S:S596S	18	29099	0.000619	23336	23362
T22882G G22895C T22896C G22898A T22926-G T22930A T22942G	S:N440K S:V445P S:V445P S:G446S NA S:F456L S:N460K	18	7029	0.002561	22878	22957
T21609+CATGCCGCTGTT C21618T C21622T G21624C T21632-TACCCCCTG	S:INS17HAAV S:T19F S:T20F S:R21T S:DEL25/27	18	2897	0.006213	21597	21664
G24611+A C24672-A	NA NA	18	21065	0.000854	24489	24679
G24488+T	NA	18	53530	0.000336	24476	24527
G24486+T	NA	18	53387	0.000337	24477	24499
G24415A A24424T	S:V951V S:Q954H	18	32094	0.000561	24412	24424
G23501A C23525T T23599G C23604A	S:A647T S:H655Y S:N679K S:P681H	18	33499	0.000537	23487	23635
G22895C T22896C G22898A	S:V445P S:V445P S:G446S	18	9380	0.001919	22881	22906
G22577C G22578A G22599C C22664A T22679C	S:G339H S:G339H S:R346T S:L368I S:S373P	18	263	0.068441	22494	22682
G22104-A C22109G C22120-A T22200A G22317T	NA S:Q183E NA S:V213E S:G252V	18	2759	0.006524	22100	22319
G21987A T21990-TTA T22032C C22033A	S:G142D S:DEL144 S:F157S S:F157S	18	7279	0.002473	21975	22058
G21941T	S:V127F	18	10622	0.001695	21847	21946
C25416T T25510C	ORF3a:F8F ORF3a:S40P	18	6358	0.002831	25372	25516
C25416T C25433-TT G25437A	ORF3a:F8F NA ORF3a:L15L	18	12524	0.001437	25372	25496
C25000T T25150C	S:D1146D S:S1196S	18	3714	0.004847	24990	25210
C24223T	S:T887T	18	3332	0.005402	24164	24312
C24119-A G24124-T	NA NA	18	2986	0.006028	24021	24156
C23854A T23860C	S:N764K S:A766A	18	15943	0.001129	23840	23887
C23854A A23881G	S:N764K S:E773E	18	15382	0.00117	23683	23891
C23854A A23870G	S:N764K S:I770V	18	15682	0.001148	23683	23895
C23525T T23599G C23604A G23624A	S:H655Y S:N679K S:P681H S:A688T	18	33947	0.00053	23487	23642
C23525T T23573C T23599G C23604A	S:H655Y S:C671R S:N679K S:P681H	18	34027	0.000529	23493	23642
C23525T A23554G T23599G C23604A	S:H655Y S:I664M S:N679K S:P681H	18	34027	0.000529	23487	23624
C23502T C23525T T23599G C23604A	S:A647V S:H655Y S:N679K S:P681H	18	33630	0.000535	23492	23629
C21618T C21622A T21632-TACCCCCTG C21646T	S:T19I S:T20T S:DEL25/27 S:Y28Y	18	2845	0.006327	21579	21664
A25410G C25416T	ORF3a:R6R ORF3a:F8F	18	12960	0.001389	25381	25477
A25194-AT G25197T C25207T C25262-T	NA S:W1212L S:Y1215Y NA	18	19099	0.000942	25122	25323
A25190G	S:I1210V	18	24495	0.000735	25186	25209
A25182G	S:E1207G	18	24329	0.00074	25145	25210
A25154G	S:I1198V	18	23263	0.000774	25147	25210
A24922+T C24981-T C25000T	NA NA S:D1146S	18	11089	0.001623	24850	25056
A24676G	S:K1038K	18	25890	0.000695	24659	24679
A24661G	S:V1033V	18	26159	0.000688	24612	24679
A24604G	S:R1014R	18	21685	0.00083	24497	24679
A24556G	S:T998T	18	52734	0.000341	24473	24564
A24500G	S:I980V	18	53804	0.000335	24484	24564
A24424T T24469A T24534C	S:Q954H S:N969K S:V991A	18	29351	0.000613	24412	24564
A24424T T24469A G24535A	S:Q954H S:N969K S:V991V	18	29334	0.000614	24412	24564
A24424T T24469A A24539G	S:Q954H S:N969K S:I993V	18	29288	0.000615	24412	24564
A24424T A24554G	S:Q954H S:T998A	18	29008	0.000621	24412	24564
A24424T A24456G T24469A	S:Q954H S:Q965R S:N969K	18	29869	0.000603	24412	24564
A24424T A24443G T24469A	S:Q954H S:T961A S:N969K	18	29869	0.000603	24412	24564
A23598+G C23604A	NA S:P681Y	18	61767	0.000291	23580	23616
A23515+G C23525T T23599G	NA S:H655S S:N679*	18	33966	0.00053	23487	23602
A22798+G T22882G	NA S:N440Q	18	10215	0.001762	22793	22889
T25560C	ORF3a:F56F	17	5039	0.003374	25372	25566
T25236C	S:I1225T	17	23365	0.000728	25221	25325
T25159C	S:D1199D	17	23425	0.000726	25141	25210
T25155C	S:I1198T	17	23303	0.00073	25144	25210
T24664C	S:L1034L	17	26078	0.000652	24612	24676
T24637C	S:A1025A	17	26335	0.000646	24612	24679
T24549C	S:L996S	17	53057	0.00032	24486	24564
T24499+A	NA	17	53814	0.000316	24486	24510
T24469A G24476+A	S:N969K NA	17	46230	0.000368	24465	24499
T24469A C24536-AA	S:N969K NA	17	45255	0.000376	24465	24564
T23686-A	NA	17	45769	0.000371	23683	23707
T23599G C23604A T23703C	S:N679K S:P681H S:I714T	17	25819	0.000658	23580	23705
T23599G C23604A T23640C	S:N679K S:P681H S:I693T	17	60294	0.000282	23580	23700
T23599G C23604A G23642A	S:N679K S:P681H S:A694T	17	60007	0.000283	23580	23642
T23599G C23604A G23616A	S:N679K S:P681H S:R685H	17	61702	0.000276	23580	23642
T23599G C23604A G23607A	S:N679K S:P681H S:R682Q	17	61748	0.000275	23580	23642
T23482-A	NA	17	14323	0.001187	23472	23532
T23287C A23403G	S:A575A S:D614G	17	10357	0.001641	23273	23443
T22882G T22896C G22898A T22930A T22942G	S:N440K S:V445A S:G446S S:F456L S:N460K	17	7029	0.002419	22874	22967
G24638A	S:A1026T	17	26325	0.000646	24612	24679
G24570+T	NA	17	21964	0.000774	24470	24579
G24476+A C24672-A	NA NA	17	18541	0.000917	24466	24679
G23508+T T23599G C23604A	NA S:N679* S:P681Y	17	33826	0.000503	23486	23640
G23505A C23525T T23599G C23604A	S:G648D S:H655Y S:N679K S:P681H	17	33706	0.000504	23501	23640
G23339A	S:G593S	17	28633	0.000594	23285	23409
G22992A C22995A A23013C T23019C T23031C	S:S477N S:T478K S:E484A S:F486S S:F490S	17	315	0.053968	22962	23047
G22895C T22896C G22898A T22942G	S:V445P S:V445P S:G446S S:N460K	17	7157	0.002375	22886	22966
G21987A T21991-TA C22000A	S:G142D NA S:H146Q	17	7598	0.002237	21974	22054
G21987A A21993-TTACC A21999C C22033A	S:G142D NA S:H146P S:F157L	17	7279	0.002335	21938	22056
C25416T C25521-G	ORF3a:F8F NA	17	5744	0.00296	25383	25561
C25416T C25513T	ORF3a:F8F ORF3a:L41F	17	6304	0.002697	25376	25517
C25239T	S:A1226V	17	23409	0.000726	25220	25324
C25000T T25196-G	S:D1146D NA	17	3435	0.004949	24990	25210
C25000T A25003-T	S:D1146D NA	17	16374	0.001038	24990	25017
C23799-A C23854A	NA S:N764K	17	15286	0.001112	23787	23881
C23694+G	NA	17	46072	0.000369	23684	23718
C23525T T23599G C23604A T23617C	S:H655Y S:N679K S:P681H S:R685R	17	33990	0.0005	23487	23624
C23525T T23599G C23604A G23610A	S:H655Y S:N679K S:P681H S:R683Q	17	34008	0.0005	23487	23642
C23525T A23570G T23599G C23604A	S:H655Y S:I670V S:N679K S:P681H	17	34027	0.0005	23487	23641
C23334-T A23403G C23423T	NA S:D614G S:P621S	17	10261	0.001657	23285	23443
C23244-T	NA	17	5640	0.003014	23089	23259
C22290T T22291C	S:A243V S:A243V	17	11332	0.0015	22249	22446
C21978A G21987A T21990-TTA C22000A	S:P139Q S:G142D S:DEL144 S:H146Q	17	7587	0.002241	21959	22056
C21618T C21622T G21624C T21632-TACCCCCTG A21764-TACATG	S:T19I S:T20T S:R21T S:DEL25/27 S:DEL69/70	17	887	0.019166	21597	21802
A25448T	ORF3a:E19V	17	12321	0.00138	25383	25456
A25420+T	NA	17	12878	0.00132	25381	25429
A25277G	S:S1239G	17	28326	0.0006	25251	25325
A24956-T C25000T	NA S:D1146D	17	11334	0.0015	24914	25069
A24895G C25000T	S:E1111E S:D1146D	17	10937	0.001554	24872	25069
A24753G	S:H1064R	17	6808	0.002497	24744	24779
A24479+T	NA	17	52353	0.000325	24470	24509
A24424T T24501C	S:Q954H S:I980T	17	29680	0.000573	24412	24564
A24424T T24492-A	S:Q954H NA	17	29728	0.000572	24412	24523
A24424T T24475C	S:Q954H S:G971G	17	29817	0.00057	24412	24482
A24424T T24469A T24501C	S:Q954H S:N969K S:I980T	17	29680	0.000573	24412	24564
A24424T T24469A A24531G	S:Q954H S:N969K S:E990G	17	29399	0.000578	24412	24542
A24424T T24469A A24500G	S:Q954H S:N969K S:I980V	17	29691	0.000573	24412	24564
A24424T T24469A A24485G	S:Q954H S:N969K S:S975G	17	29753	0.000571	24412	24564
A24424T T24447C T24469A	S:Q954H S:L962P S:N969K	17	29869	0.000569	24412	24564
A24424T C24435-T T24469A	S:Q954H NA S:N969K	17	29869	0.000569	24412	24564
A24424T A24551G	S:Q954H S:I997V	17	29101	0.000584	24412	24564
A24424T A24468-T T24470A T24501C	S:Q954H NA S:F970I S:I980T	17	29680	0.000573	24412	24554
A24424T A24454G T24469A	S:Q954H S:K964K S:N969K	17	29869	0.000569	24412	24564
A24424T A24454G	S:Q954H S:K964K	17	30046	0.000566	24412	24564
A24423+T T24469A	NA S:N969Q	17	29864	0.000569	24413	24482
A24110-T G24124-T	NA NA	17	2641	0.006437	24021	24141
A24103T	S:R847S	17	4359	0.0039	24022	24106
A23688G	S:N709S	17	45844	0.000371	23684	23724
A23474+T	NA	17	14313	0.001188	23462	23539
A23403G A23436G	S:D614G S:H625R	17	23713	0.000717	23354	23443
A23265T	S:D568V	17	5583	0.003045	23203	23290
A23013C T23018C T23019C T23031C A23055G A23063T	S:E484A S:F486P S:F486P S:F490S S:Q498R S:N501Y	17	1152	0.014757	23008	23080
A21875-T C21888-T	NA NA	17	10333	0.001645	21847	21904
T25205C	S:Y1215H	16	25322	0.000632	25190	25210
T25152C	S:L1197P	16	23251	0.000688	25131	25168
T24671C	S:S1037P	16	25943	0.000617	24612	24679
T24648C	S:M1029T	16	26267	0.000609	24612	24679
T24583C	S:Y1007Y	16	21754	0.000735	24533	24655
T24470-TTG T24491C	S:DEL971 S:L977L	16	46576	0.000344	24465	24679
T24469A T24552C	S:N969K S:I997T	16	44800	0.000357	24465	24564
T24469A A24654-G	S:N969K NA	16	14202	0.001127	24465	24676
T24469A A24498G	S:N969K S:D979G	16	45990	0.000348	24465	24542
T23850+A C23887-A	NA NA	16	15070	0.001062	23767	23895
T23850+A	NA	16	16180	0.000989	23792	23864
T23693C C23854A	S:S711P S:N764K	16	12618	0.001268	23683	23873
T23689C	S:N709N	16	45918	0.000348	23684	23724
T23686C	S:S708S	16	45769	0.00035	23683	23724
T23599G C23604A G23699A	S:N679K S:P681H S:A713T	16	26060	0.000614	23581	23715
T23599G C23604A C23638-A	S:N679K S:P681H NA	16	60779	0.000263	23580	23642
T23599G C23604A C23630-A	S:N679K S:P681H NA	16	61168	0.000262	23580	23642
T23599G C23604A A23711-AT	S:N679K S:P681H NA	16	25542	0.000626	23580	23724
T23599G C23604A A23704G	S:N679K S:P681H S:I714M	16	25807	0.00062	23581	23724
T23599G C23604A A23636G	S:N679K S:P681H S:I692V	16	60866	0.000263	23580	23642
T23511-A C23525T	NA S:H655Y	16	49458	0.000324	23498	23539
T23500C C23525T	S:R646R S:H655Y	16	48869	0.000327	23486	23535
T23352C	S:V597A	16	29156	0.000549	23339	23375
T23346C	S:V595A	16	29084	0.00055	23335	23366
T23287C	S:A575A	16	17365	0.000921	23269	23290
T22928C	S:F456L	16	9284	0.001723	22914	22967
T22882G G22895C G22898A T22930A T22942G	S:N440K S:V445L S:G446S S:F456L S:N460K	16	7029	0.002276	22876	22948
T21976C G21987A	S:D138D S:G142D	16	9272	0.001726	21847	21993
G25527+C	NA	16	5527	0.002895	25372	25536
G25340-A	NA	16	4299	0.003722	25330	25351
G25311A	S:C1250Y	16	29003	0.000552	25294	25323
G25281A	S:C1240Y	16	28417	0.000563	25273	25325
G24992-A	NA	16	16465	0.000972	24990	25069
G24535A	S:V991V	16	53362	0.0003	24476	24539
G24510A	S:R983H	16	53703	0.000298	24480	24564
G23663+T	NA	16	29808	0.000537	23655	23692
G23568-T T23599G C23604A	NA S:N679K S:P681H	16	34686	0.000461	23531	23642
G23519A C23525T T23599G C23604A	S:A653T S:H655Y S:N679K S:P681H	16	34005	0.000471	23487	23629
G23264A	S:D568N	16	5583	0.002866	23255	23290
G23236-T	NA	16	5724	0.002795	23126	23279
G22813T T22882G G22895C T22896C G22898A T22926-G T22942G	S:K417N S:N440K S:V445P S:V445P S:G446S NA S:N460K	16	5547	0.002884	22798	22957
G22813T T22882G G22895C T22896C G22898A T22919C T22928C T22942G	S:K417N S:N440K S:V445P S:V445P S:G446S S:Y453H S:F456L S:N460K	16	5547	0.002884	22801	22949
G22813T T22882G G22895C T22896C G22898A G22927T T22928C T22942G	S:K417N S:N440K S:V445P S:V445P S:G446S S:L455F S:F456L S:N460K	16	5547	0.002884	22793	22957
G22809-A T22882G	NA S:N440K	16	10392	0.00154	22793	22894
G22809-A G22813T	NA S:K417N	16	11084	0.001444	22796	22823
G22317T A22407G	S:G252V S:N282S	16	2843	0.005628	22249	22443
G22299-A G22317T	NA S:G252V	16	10673	0.001499	22291	22319
G21987A T21990-TTA A21999-C G22021T C22033A	S:G142D S:DEL144 NA S:M153I S:F157L	16	7279	0.002198	21968	22040
G21569-T	NA	16	2288	0.006993	21451	21581
C25416T A25503+C	ORF3a:F8F NA	16	6732	0.002377	25372	25518
C25321T	S:C1253C	16	28941	0.000553	25251	25325
C25282T	S:C1240C	16	28429	0.000563	25251	25308
C25267T	S:C1235C	16	28083	0.00057	25251	25307
C25262-T G25278-T	NA NA	16	27794	0.000576	25251	25288
C25000T T25140-A	S:D1146D NA	16	3760	0.004255	24990	25210
C25000T C25120+A	S:D1146D NA	16	3866	0.004139	24990	25133
C25000T A25007G	S:D1146D S:K1149E	16	16326	0.00098	24990	25065
C24990T	S:P1143L	16	11816	0.001354	24960	25006
C24026-T A24110-T	NA NA	16	2502	0.006395	24021	24120
C23859+T C23887-A	NA NA	16	15279	0.001047	23771	23895
C23816-T A23853-C	NA NA	16	15475	0.001034	23695	23872
C23604A C23673T	S:P681H S:S704L	16	26410	0.000606	23581	23724
C23525T T23596C T23599G C23604A	S:H655Y S:T678T S:N679K S:P681H	16	34027	0.00047	23487	23639
C23525T G23561A T23599G C23604A	S:H655Y S:G667S S:N679K S:P681H	16	34027	0.00047	23487	23629
C23334-T C23393T	NA S:L611F	16	10726	0.001492	23269	23443
C23334-T C23367+A	NA NA	16	11098	0.001442	23269	23382
C22109G T22200A C22281+T G22317T	S:Q183E S:V213E NA S:G252L	16	2801	0.005712	22100	22319
C22109G C22120-A T22200A G22218-T G22317T	S:Q183E NA S:V213E NA S:G252V	16	2801	0.005712	22103	22319
C22109G A22161-T T22200A G22317T	S:Q183E NA S:V213E S:G252V	16	2801	0.005712	22100	22319
A25397T C25416T	ORF3a:D2V ORF3a:F8F	16	12960	0.001235	25372	25477
A25397T	ORF3a:D2V	16	13396	0.001194	25375	25433
A24594G	S:Q1011R	16	21714	0.000737	24500	24629
A24562G	S:R1000R	16	52584	0.000304	24493	24564
A24493T C24536-A	S:L977F NA	16	52589	0.000304	24481	24564
A24424T T24506C	S:Q954H S:S982P	16	29636	0.00054	24412	24564
A24424T T24505C	S:Q954H S:L981L	16	29640	0.00054	24412	24523
A24424T T24469A T24523C	S:Q954H S:N969K S:V987V	16	29479	0.000543	24412	24564
A24424T T24469A T24475C	S:Q954H S:N969K S:G971G	16	29817	0.000537	24412	24564
A24424T T24469A A24543G	S:Q954H S:N969K S:D994G	16	29230	0.000547	24412	24564
A24424T T24448C	S:Q954H S:L962L	16	30116	0.000531	24413	24564
A24424T C24465T T24469A	S:Q954H S:S968F S:N969K	16	29869	0.000536	24412	24564
A24420G A24424T	S:N953S S:Q954H	16	32370	0.000494	24412	24540
A24253-T C24320-AA	NA NA	16	5035	0.003178	24229	24339
A24253-T C24263-A	NA NA	16	5773	0.002772	24229	24285
A23847G C23854A	S:Q762R S:N764K	16	16006	0.001	23826	23895
A23756-C C23854A	NA S:N764K	16	13120	0.00122	23731	23895
A23597G T23599G C23604A	S:N679E S:N679E S:P681H	16	61766	0.000259	23580	23642
A23403G G23522-A C23525T	S:D614G NA S:H655Y	16	12519	0.001278	23398	23531
A23403G A23474+T	S:D614G NA	16	12942	0.001236	23380	23538
A23310G A23403G	S:E583G S:D614G	16	10478	0.001527	23273	23443
A23303G A23403G	S:T581A S:D614G	16	10468	0.001528	23269	23443
A23013C T23018C T23019C T23031C A23063T T23075C	S:E484A S:F486P S:F486P S:F490S S:N501Y S:Y505H	16	1109	0.014427	23008	23107
A22845-T T22882G	NA S:N440K	16	10918	0.001465	22813	22889
A21999-C	NA	16	8282	0.001932	21992	22012
A21993-TTACC A21999C	NA S:H146P	16	7604	0.002104	21950	22021
T25414C C25416T	ORF3a:F8L ORF3a:F8L	15	12960	0.001157	25381	25454
T25310G	S:C1250G	15	28991	0.000517	25255	25325
T25248C	S:M1229T	15	23527	0.000638	25217	25325
T25245C	S:V1228A	15	23497	0.000638	25224	25325
T25242C	S:I1227T	15	23441	0.00064	25220	25325
T25221C	S:F1220S	15	22831	0.000657	25182	25324
T25191-A C25207T C25262-T	NA S:Y1215Y NA	15	18958	0.000791	25130	25324
T24607C A24613G	S:A1015A S:E1017E	15	21657	0.000693	24485	24679
T24581C	S:Y1007H	15	21779	0.000689	24495	24679
T24544C	S:D994D	15	53176	0.000282	24504	24564
T24513C	S:L984P	15	53687	0.000279	24484	24564
T24475C	S:G971G	15	51438	0.000292	24470	24518
T24469A T24643+A	S:N969K NA	15	14261	0.001052	24465	24668
T23817C C23854A	S:L752P S:N764K	15	15452	0.000971	23790	23881
T23599G C23604A T23697C	S:N679K S:P681H S:I712T	15	26081	0.000575	23580	23717
T23599G C23604A T23677C	S:N679K S:P681H S:V705V	15	26279	0.000571	23580	23724
T23599G C23604A G23621A	S:N679K S:P681H S:V687I	15	61665	0.000243	23580	23642
T23599G C23604A A23667G	S:N679K S:P681H S:E702G	15	26360	0.000569	23580	23700
T23582C T23599G C23604A	S:Y674H S:N679K S:P681H	15	61403	0.000244	23580	23641
T23490C C23525T	S:F643S S:H655Y	15	48179	0.000311	23482	23529
T23355C A23403G	S:I598T S:D614G	15	24118	0.000622	23335	23443
T23355+A	NA	15	29147	0.000515	23339	23366
T23019C T23031C A23055G A23063T T23075C	S:F486S S:F490S S:Q498R S:N501Y S:Y505H	15	1113	0.013477	23013	23224
T22930A	S:F456L	15	9295	0.001614	22922	22933
T21861-A	NA	15	10364	0.001447	21847	21873
G25218+T	NA	15	22235	0.000675	25122	25324
G24914C C25000T	S:D1118H S:D1146D	15	11066	0.001356	24850	25069
G24883-A	NA	15	15145	0.00099	24866	24895
G24693-A	NA	15	4655	0.003222	24686	24713
G24659A	S:V1033I	15	26189	0.000573	24612	24676
G24649-T	NA	15	26251	0.000571	24612	24670
G24608A	S:A1016T	15	21680	0.000692	24520	24661
G23948T G23955+T	S:D796Y NA	15	2237	0.006705	23941	23964
G23885+A	NA	15	15661	0.000958	23878	23894
G23804-A C23854A	NA S:N764K	15	15338	0.000978	23797	23895
G23518A A23523T C23525T T23599G C23604A G23612A	S:G652G S:E654V S:H655Y S:N679K S:P681H S:A684T	15	33984	0.000441	23487	23637
G23518A A23523T C23525T T23599G C23604A	S:G652G S:E654V S:H655Y S:N679K S:P681H	15	34004	0.000441	23492	23641
G23364-A	NA	15	28571	0.000525	23347	23395
G22895C G22898A	S:V445L S:G446S	15	9380	0.001599	22876	22906
G22813T T22882G G22895C T22896C G22898A T22926-G T22930A T22942G	S:K417N S:N440K S:V445P S:V445P S:G446S NA S:F456L S:N460K	15	5547	0.002704	22793	22947
G22317T T22392-A	S:G252V NA	15	3052	0.004915	22256	22407
G22317T T22391C	S:G252V S:L277L	15	3062	0.004899	22249	22446
G21901-A	NA	15	10559	0.001421	21847	21913
G21578-T C21618T T21632-TACCCCCTG	NA S:T19I S:DEL25/27	15	1796	0.008352	21552	21653
C25416T T25560C C25561A A25562T	ORF3a:F8F ORF3a:F56F ORF3a:Q57M ORF3a:Q57M	15	4963	0.003022	25372	25566
C25416T T25560C	ORF3a:F8F ORF3a:F56F	15	5039	0.002977	25372	25566
C25416T C25517-T G25555-T	ORF3a:F8F NA NA	15	5081	0.002952	25375	25566
C25416T A25439G	ORF3a:F8F ORF3a:K16R	15	12489	0.001201	25381	25477
C25000T A25042G	S:D1146D S:T1160T	15	15723	0.000954	24990	25065
C25000T A25011-G	S:D1146D NA	15	16270	0.000922	24992	25032
C24981-T C25000T T25021-A	NA S:D1146D NA	15	11192	0.00134	24850	25056
C24981-T C25000T G25010T	NA S:D1146D S:E1150*	15	11431	0.001312	24850	25069
C24672+A	NA	15	25948	0.000578	24612	24679
C24536-A C24672-A	NA NA	15	20852	0.000719	24473	24679
C23707T	S:P715P	15	45912	0.000327	23692	23716
C23533-A	NA	15	49886	0.000301	23525	23539
C23525T T23599G C23604A C23615T	S:H655Y S:N679K S:P681H S:R685C	15	33998	0.000441	23487	23639
C23525T T23599G C23604A A23639G	S:H655Y S:N679K S:P681H S:I693V	15	32919	0.000456	23487	23642
C23525T T23571C T23599G C23604A	S:H655Y S:I670T S:N679K S:P681H	15	34027	0.000441	23507	23641
C23525T T23563C T23599G C23604A	S:H655Y S:G667G S:N679K S:P681H	15	34027	0.000441	23487	23642
C23525T T23553C T23599G C23604A	S:H655Y S:I664T S:N679K S:P681H	15	34027	0.000441	23487	23629
C23525T C23557-A T23599G C23604A	S:H655Y NA S:N679K S:P681H	15	34027	0.000441	23487	23642
C23393-T A23403G C23525T	NA S:D614G S:H655Y	15	12192	0.00123	23376	23539
C23376+T	NA	15	27340	0.000549	23339	23384
C23277T C23334-T A23403G	S:T572I NA S:D614G	15	10151	0.001478	23269	23443
C23230-A G23236-T	NA NA	15	5696	0.002633	23093	23249
C23103-T T23143-A	NA NA	15	7347	0.002042	23089	23167
C23099-T T23143-A	NA NA	15	7316	0.00205	23089	23156
C23099-T C23230-A	NA NA	15	5175	0.002899	23089	23242
C22264+T	NA	15	10938	0.001371	22257	22313
C22120-A A22193-ATT T22200G C22208T C22295A	NA S:DEL212 S:V213G S:L216F S:H245N	15	3474	0.004318	22100	22301
A25256+T C25262-T	NA NA	15	27641	0.000543	25251	25314
A25235G	S:I1225V	15	23357	0.000642	25229	25325
A24758G	S:T1066A	15	6891	0.002177	24725	24806
A24614G	S:I1018V	15	26382	0.000569	24612	24659
A24551G	S:I997V	15	52985	0.000283	24535	24564
A24543G	S:D994G	15	53205	0.000282	24538	24564
A24519G	S:K986R	15	53656	0.00028	24488	24556
A24424T T24504C	S:Q954H S:L981P	15	29650	0.000506	24412	24564
A24424T T24469A T24472C	S:Q954H S:N969K S:F970F	15	29826	0.000503	24412	24535
A24424T T24469A A24551G	S:Q954H S:N969K S:I997V	15	29101	0.000515	24412	24564
A24424T G24428A T24469A	S:Q954H S:A956T S:N969K	15	29869	0.000502	24412	24564
A24424T A24560G	S:Q954H S:R1000G	15	28809	0.000521	24412	24564
A24424T A24539G	S:Q954H S:I993V	15	29288	0.000512	24412	24564
A24424T A24531G	S:Q954H S:E990G	15	29399	0.00051	24412	24564
A24424T A24433G	S:Q954H S:Q957Q	15	30284	0.000495	24413	24564
A24424T A24426G	S:Q954H S:N955S	15	30302	0.000495	24412	24562
A24287+T	NA	15	6233	0.002407	24229	24303
A24110-T C24119-A T24126-TA	NA NA NA	15	2627	0.00571	24021	24150
A23853G C23854A	S:N764R S:N764R	15	16124	0.00093	23842	23881
A23810G C23854A	S:S750G S:N764K	15	15400	0.000974	23754	23895
A23800G	S:S746S	15	16793	0.000893	23783	23815
A23767G C23854A	S:S735S S:N764K	15	13168	0.001139	23702	23893
A23702G	S:I714V	15	46013	0.000326	23698	23724
A23639-T	NA	15	62941	0.000238	23623	23642
A23531G	S:N657D	15	49905	0.000301	23524	23539
A23403G A23497G C23525T	S:D614G S:T645T S:H655Y	15	12519	0.001198	23388	23539
A23254-T	NA	15	5575	0.002691	23190	23290
A23013C T23019C T23031C A23063T T23075C	S:E484A S:F486S S:F490S S:N501Y S:Y505H	15	1109	0.013526	23008	23224
A23013C T23019C T23031C A23055G A23063T	S:E484A S:F486S S:F490S S:Q498R S:N501Y	15	1152	0.013021	23008	23124
A23013C T23018C T23019C T23031C A23055G A23063T T23075C T23143-A	S:E484A S:F486P S:F486P S:F490S S:Q498R S:N501Y S:Y505H NA	15	958	0.015658	23008	23155
A22193-ATT T22200G C22208T C22295A T22315-G	S:DEL212 S:V213G S:L216F S:H245N NA	15	3763	0.003986	22100	22319
A21913-C	NA	15	10598	0.001415	21847	21945
T25211C	S:W1217R	14	26397	0.00053	25199	25247
T25191+A	NA	14	24682	0.000567	25130	25251
T24544+A	NA	14	53176	0.000263	24476	24557
T24523C	S:V987V	14	53570	0.000261	24493	24564
T24469A G24521+T	S:N969K NA	14	45547	0.000307	24465	24546
T24469A A24560G	S:N969K S:R1000G	14	44484	0.000315	24465	24564
T24469A A24518G	S:N969K S:K986E	14	45632	0.000307	24465	24564
T24417C A24424T T24469A	S:V952A S:Q954H S:N969K	14	29763	0.00047	24412	24546
T24267-G A24318-C A24424T	NA NA S:Q954H	14	1173	0.011935	24259	24424
T23698C	S:I712I	14	46122	0.000304	23683	23724
T23693+A	NA	14	46024	0.000304	23683	23723
T23689C C23854A	S:N709N S:N764K	14	12597	0.001111	23683	23894
T23599G C23625T	S:N679K S:A688V	14	61587	0.000227	23586	23638
T23599G C23604A T23695C	S:N679K S:P681H S:S711S	14	26106	0.000536	23580	23724
T23599G C23604A T23671C	S:N679K S:P681H S:N703N	14	26326	0.000532	23580	23724
T23599G C23604A A23670G	S:N679K S:P681H S:N703S	14	26345	0.000531	23580	23722
T23596-A T23599G C23604A	NA S:N679K S:P681H	14	61766	0.000227	23580	23642
T23375C	S:S605P	14	27429	0.00051	23335	23385
T22896C G22898A T22926-G T22942G	S:V445A S:G446S NA S:N460K	14	7157	0.001956	22886	22949
T22882G G22895C G22898A G22927T T22930A	S:N440K S:V445L S:G446S S:L455F S:F456L	14	7549	0.001855	22877	22937
T22282C G22317T	S:T240T S:G252V	14	10454	0.001339	22260	22319
T21940-G G21987A T21990-TTA C22000-A T22032C C22033A A22034G	NA S:G142D S:DEL144 NA S:F157S S:F157S S:R158G	14	5956	0.002351	21847	22043
T21889C	S:T109T	14	10423	0.001343	21867	21934
G25447+A	NA	14	12350	0.001134	25381	25473
G25352T C25416T	S:V1264L ORF3a:F8F	14	3213	0.004357	25303	25477
G25320A	S:C1253Y	14	28942	0.000484	25275	25323
G25261A	S:M1233I	14	27797	0.000504	25209	25325
G25173A	S:G1204E	14	23795	0.000588	25150	25183
G25157A	S:D1199N	14	23317	0.0006	25130	25189
G25135A C25262-T	S:K1191K NA	14	16132	0.000868	25122	25325
G25135-A	NA	14	22041	0.000635	25128	25163
G24665A	S:G1035R	14	26075	0.000537	24638	24679
G24626A	S:A1022T	14	26390	0.000531	24612	24679
G24486T	S:S975I	14	53387	0.000262	24465	24563
G23955+T	NA	14	2575	0.005437	23941	23968
G23868-A	NA	14	16060	0.000872	23860	23890
G23699A C23887-A	S:A713T NA	14	11778	0.001189	23683	23895
G23593T T23599G C23604A	S:Q677H S:N679K S:P681H	14	61704	0.000227	23580	23642
G23522-A C23525T T23599G C23604G	NA S:H655Y S:N679K S:P681R	14	34027	0.000411	23487	23642
G23478-T A23523T C23525T T23529-CAA	NA S:E654V S:H655Y S:DEL657	14	13858	0.00101	23447	23539
G23364-A A23403G A23523T C23525T	NA S:D614G S:E654V S:H655Y	14	11467	0.001221	23335	23539
G22813T T22831+A T22882G G22895C T22896C G22898A	S:K417N NA S:N440Q S:V445P S:V445P S:G446R	14	7622	0.001837	22793	22907
G22813T G22895C T22896C G22898A T22928C T22942G	S:K417N S:V445P S:V445P S:G446S S:F456L S:N460K	14	5547	0.002524	22796	22950
G22104-A C22109G T22200A G22317T	NA S:Q183E S:V213E S:G252V	14	2759	0.005074	22100	22319
G21987A T21990-TTA C22033A	S:G142D S:DEL144 S:F157L	14	7279	0.001923	21967	22058
G21508-A	NA	14	1452	0.009642	21451	21564
C25416T G25423A	ORF3a:F8F ORF3a:G11R	14	12838	0.001091	25372	25478
C25416T A25438G	ORF3a:F8F ORF3a:K16E	14	12505	0.00112	25381	25477
C25262-T T25291C	NA S:C1243C	14	27734	0.000505	25251	25325
C25262-T T25289C	NA S:C1243R	14	27742	0.000505	25251	25325
C25262-T G25278A	NA S:S1239N	14	27794	0.000504	25122	25311
C25262-T A25374-T	NA NA	14	3203	0.004371	25251	25394
C25163-A	NA	14	23497	0.000596	25148	25206
C24981-T T24991A C25000T	NA S:P1143P S:D1146D	14	11600	0.001207	24850	25054
C24852-A C25000T C25006T	NA S:D1146D S:F1148F	14	10255	0.001365	24850	25069
C24852-A C24990T C25000T	NA S:P1143L S:D1146D	14	10372	0.00135	24850	25062
C24517+A	NA	14	53653	0.000261	24465	24562
C24183T	S:T874I	14	6578	0.002128	24124	24191
C23887-A G23903-T	NA NA	14	2066	0.006776	23767	23928
C23854A G23885+A G23948T	S:N764K NA S:D796*	14	1180	0.011864	23846	23978
C23854A C23874T	S:N764K S:A771V	14	15567	0.000899	23799	23895
C23854A A23886G	S:N764K S:D775G	14	15163	0.000923	23836	23895
C23854A A23883G	S:N764K S:Q774R	14	15284	0.000916	23683	23892
C23604A A23720-T	S:P681H NA	14	25387	0.000551	23592	23724
C23585T T23599G C23604A	S:Q675* S:N679K S:P681H	14	61499	0.000228	23580	23642
C23525T T23599G C23604A G23612A	S:H655Y S:N679K S:P681H S:A684T	14	34007	0.000412	23487	23642
C23525T C23565T T23599G C23604A	S:H655Y S:A668V S:N679K S:P681H	14	34027	0.000411	23501	23642
C23525T A23558G T23599G C23604A	S:H655Y S:I666V S:N679K S:P681H	14	34027	0.000411	23487	23641
C23367+A C23525T	NA S:H655S	14	11502	0.001217	23351	23539
C23121T G23222A	S:A520V S:E554K	14	6513	0.00215	23114	23233
C23099-T C23103-T	NA NA	14	7583	0.001846	23089	23121
C22109G T22200A A22301+T	S:Q183E S:V213E NA	14	3155	0.004437	22100	22311
C21618T C21622T T21632-TACCCCCTG C21711T A21764-TACATG	S:T19I S:T20T S:DEL25/27 S:S50L S:DEL69/70	14	887	0.015784	21597	21802
A25327-T C25416T	NA ORF3a:F8F	14	2999	0.004668	25322	25477
A25195G	S:K1211K	14	24827	0.000564	25191	25210
A25188G	S:Y1209C	14	24432	0.000573	25181	25210
A25182G G25198-C	S:E1207G NA	14	23906	0.000586	25152	25210
A25168G	S:E1202E	14	23596	0.000593	25157	25210
A25056-T	NA	14	16064	0.000872	25040	25065
A24778G	S:E1072E	14	7146	0.001959	24774	24788
A24652T	S:S1030S	14	26230	0.000534	24612	24679
A24580G	S:T1006T	14	21882	0.00064	24571	24679
A24495G	S:N978S	14	53823	0.00026	24489	24530
A24424T T24534C	S:Q954H S:V991A	14	29351	0.000477	24412	24564
A24424T T24489C	S:Q954H S:V976A	14	29737	0.000471	24415	24531
A24424T T24487C	S:Q954H S:S975S	14	29746	0.000471	24412	24564
A24424T T24471-TG C24536-A	S:Q954H NA NA	14	29326	0.000477	24412	24564
A24424T T24469A T24544C	S:Q954H S:N969K S:D994D	14	29216	0.000479	24412	24564
A24424T T24469A T24481C	S:Q954H S:N969K S:I973I	14	29780	0.00047	24412	24564
A24424T T24469A A24545G	S:Q954H S:N969K S:R995G	14	29207	0.000479	24412	24564
A24424T T24469A A24537G	S:Q954H S:N969K S:Q992R	14	29308	0.000478	24412	24564
A24424T T24464C T24469A	S:Q954H S:S968P S:N969K	14	29869	0.000469	24412	24564
A24424T T24464C	S:Q954H S:S968P	14	29895	0.000468	24412	24564
A24424T T24460C	S:Q954H S:L966L	14	29943	0.000468	24412	24564
A24424T G24428+A	S:Q954H NA	14	30302	0.000462	24417	24464
A24424T C24536+A	S:Q954H NA	14	29326	0.000477	24412	24564
A24424T A24525G	S:Q954H S:E988G	14	29455	0.000475	24412	24564
A24424T A24518G	S:Q954H S:K986E	14	29543	0.000474	24412	24552
A24424T A24453G	S:Q954H S:K964R	14	30049	0.000466	24412	24564
A24424T A24452G T24469A	S:Q954H S:K964E S:N969K	14	29869	0.000469	24412	24519
A24424T A24441G	S:Q954H S:N960S	14	30193	0.000464	24415	24564
A23942-T G23948T	NA S:D796Y	14	2376	0.005892	23941	23958
A23845G C23854A	S:T761T S:N764K	14	15937	0.000878	23836	23895
A23796+T	NA	14	16819	0.000832	23767	23809
A23746-G C23854A	NA S:N764K	14	13063	0.001072	23729	23895
A23736G C23854A	S:E725G S:N764K	14	12990	0.001078	23683	23892
A23523T C23525T A23552G T23599G C23604A	S:E654V S:H655Y S:I664V S:N679K S:P681H	14	34027	0.000411	23487	23635
A23403G A23414G	S:D614G S:T618A	14	25067	0.000559	23335	23422
A23357G A23403G	S:T599A S:D614G	14	24131	0.00058	23335	23429
A23267-T	NA	14	5590	0.002504	23245	23274
A23207G	S:T549A	14	7415	0.001888	23176	23224
A21979-T G21987A A21993-TTACC A21999C C22033A	NA S:G142D NA S:H146P S:F157L	14	7269	0.001926	21892	22039
A21875-T G21987A T21990-TTA C22000A C22033A	NA S:G142D S:DEL144 S:H146Q S:F157L	14	5311	0.002636	21848	22043
A21875-T G21987A T21990-TTA A21999-C	NA S:G142D S:DEL144 NA	14	5624	0.002489	21848	22015
T25415C C25416T	ORF3a:F8S ORF3a:F8S	13	12960	0.001003	25381	25452
T25285C	S:C1241C	13	28469	0.000457	25266	25325
T25263C C25308-T	S:L1234P NA	13	27710	0.000469	25224	25325
T25220C	S:F1220L	13	22765	0.000571	25190	25325
T25215C	S:L1218P	13	21814	0.000596	25209	25325
T25202C	S:W1214R	13	25148	0.000517	25196	25210
T25187C	S:Y1209H	13	24455	0.000532	25143	25210
T25171+G C25262-T	NA NA	13	17519	0.000742	25140	25325
T25152-C	NA	13	23251	0.000559	25145	25210
T25129C	S:V1189V	13	21013	0.000619	25122	25320
T24769C	S:P1069P	13	7049	0.001844	24756	24806
T24549-G	NA	13	53057	0.000245	24534	24564
T24534C	S:V991A	13	53396	0.000243	24480	24564
T24491C C24536-A	S:L977L NA	13	52565	0.000247	24475	24564
T24469G	S:N969K	13	46292	0.000281	24465	24543
T23823C C23854A	S:L754S S:N764K	13	15522	0.000838	23683	23873
T23781C C23854A	S:M740T S:N764K	13	15076	0.000862	23767	23895
T23599G T23602-C T23605A	S:N679K NA S:P681P	13	61751	0.000211	23580	23642
T23599G C23604A G23619A	S:N679K S:P681H S:S686N	13	61678	0.000211	23580	23642
T23599G C23604A G23612A	S:N679K S:P681H S:A684T	13	61734	0.000211	23580	23642
T23599G C23604A A23702G	S:N679K S:P681H S:I714V	13	25841	0.000503	23581	23724
T23599G C23604A A23688+G	S:N679K S:P681H NA	13	26180	0.000497	23592	23724
T23599G C23604A A23687G	S:N679K S:P681H S:N709D	13	26192	0.000496	23580	23717
T23599G C23604A A23682C	S:N679K S:P681H S:Y707S	13	26234	0.000496	23580	23708
T23599G C23604A A23627G	S:N679K S:P681H S:S689G	13	61226	0.000212	23584	23642
T23599G A23720-T	S:N679K NA	13	25287	0.000514	23581	23724
T23511-A T23599G C23604A	NA S:N679K S:P681H	13	33881	0.000384	23487	23629
T23511+A A23515+G C23525T T23599G C23604A	NA NA S:H655Y S:N679L S:P681H	13	33881	0.000384	23486	23641
T23510C C23525T T23599G C23604A	S:L650L S:H655Y S:N679K S:P681H	13	33875	0.000384	23487	23624
T23421+C	NA	13	25759	0.000505	23335	23432
T23377+A	NA	13	27266	0.000477	23342	23387
T23341C A23403G	S:G593G S:D614G	13	23763	0.000547	23335	23443
T23335C A23403G	S:S591S S:D614G	13	10503	0.001238	23296	23438
T22942A	S:N460K	13	9330	0.001393	22938	22967
T22896C G22898A	S:V445A S:G446S	13	9380	0.001386	22882	22967
T22882G G22895C T22896C G22898A T22900-G	S:N440K S:V445P S:V445P S:G446S NA	13	9247	0.001406	22793	22915
T22831+A T22882G	NA S:N440Q	13	10676	0.001218	22798	22889
T21540+A C21618T T21632-TACCCCCTG	NA S:T19F S:DEL25/27	13	1234	0.010535	21533	21664
G25401+T	NA	13	13309	0.000977	25381	25428
G25305A	S:C1248Y	13	28920	0.00045	25251	25325
G25287A	S:S1242N	13	28517	0.000456	25228	25324
G25269-T	NA	13	28153	0.000462	25260	25325
G25266A	S:C1235Y	13	28016	0.000464	25251	25324
G25249A	S:M1229I	13	23544	0.000552	25214	25264
G25244-T	NA	13	23480	0.000554	25219	25325
G25230A	S:G1223D	13	23245	0.000559	25209	25325
G25204T	S:W1214C	13	25225	0.000515	25138	25210
G25033-A	NA	13	16284	0.000798	25025	25066
G24971-T C24981-T C25000T	NA NA S:D1146D	13	11492	0.001131	24858	25020
G24883-A C25000T	NA S:D1146D	13	10866	0.001196	24853	25069
G24812C	S:D1084H	13	2606	0.004988	24770	24892
G24776+A	NA	13	7117	0.001827	24743	24799
G24605A	S:A1015T	13	21683	0.0006	24557	24661
G23508+T A23515+G T23599G C23604A	NA NA S:N679L S:P681H	13	33826	0.000384	23486	23640
G23438+C	NA	13	24893	0.000522	23269	23443
G23309-A C23334-T	NA NA	13	11446	0.001136	23285	23346
G22927T T22930A	S:L455F S:F456L	13	9202	0.001413	22922	22954
G22898A T22942G	S:G446S S:N460K	13	7160	0.001816	22886	22967
G22898A G22927T T22942G	S:G446S S:L455F S:N460K	13	7160	0.001816	22886	22967
G22813T T22896C G22898A G22927T T22942G	S:K417N S:V445A S:G446S S:L455F S:N460K	13	5547	0.002344	22793	22967
G22813T T22882G T22896C G22898A A22914-C T22942G	S:K417N S:N440K S:V445A S:G446S NA S:N460K	13	5547	0.002344	22793	22944
G22813T T22882G G22895C T22896C G22898A T22900-G T22930A	S:K417N S:N440K S:V445P S:V445P S:G446S NA S:F456L	13	5990	0.00217	22793	22933
G22813T A22845-T T22882G	S:K417N NA S:N440K	13	10410	0.001249	22799	22889
G22317T A22407+T	S:G252V NA	13	2843	0.004573	22246	22446
G21987A T21990-TTA C22000A G22021T C22033A	S:G142D S:DEL144 S:H146Q S:M153I S:F157L	13	7279	0.001786	21975	22043
C25416T G25489A	ORF3a:F8F ORF3a:A33T	13	7374	0.001763	25372	25503
C25416T G25423T	ORF3a:F8F ORF3a:G11*	13	12838	0.001013	25347	25468
C25416T C25466+T	ORF3a:F8F NA	13	11962	0.001087	25381	25481
C25275T	S:T1238I	13	28282	0.00046	25254	25325
C25262-T T25301C	NA S:C1247R	13	27672	0.00047	25251	25325
C25262-T G25352T C25416T	NA S:V1264L ORF3a:F8F	13	2543	0.005112	25252	25462
C25262-T A25420+T	NA NA	13	2491	0.005219	25251	25432
C25262-T A25351T	NA S:P1263P	13	3592	0.003619	25251	25364
C25262-T A25296-G	NA NA	13	27701	0.000469	25251	25311
C25199T	S:P1213S	13	24947	0.000521	25143	25210
C25000T A25146G	S:D1146D S:E1195G	13	3728	0.003487	24992	25199
C24981-T C25000T C25046T	NA S:D1146D S:P1162S	13	10956	0.001187	24850	25069
C24784-T	NA	13	7163	0.001815	24765	24806
C24672-A C24715+T	NA NA	13	3829	0.003395	24612	24806
C24536+A	NA	13	53343	0.000244	24470	24558
C24509T	S:R983C	13	53710	0.000242	24474	24564
C24477-A	NA	13	52055	0.00025	24470	24500
C24320-AA	NA	13	5914	0.002198	24229	24333
C24263-A	NA	13	5883	0.00221	24229	24275
C24034T G24081T	S:N824N S:C840F	13	3962	0.003281	24022	24106
C23887-A G23948T	NA S:D796Y	13	1348	0.009644	23767	23953
C23887-A C23929-A	NA NA	13	1883	0.006904	23767	23942
C23854G	S:N764K	13	16125	0.000806	23788	23895
C23854A T23916+A G23948T	S:N764K NA S:D796*	13	1180	0.011017	23850	23977
C23854A G23885A	S:N764K S:D775N	13	15185	0.000856	23683	23895
C23854A C23887A A23888C	S:N764K S:D775E S:K776Q	13	15107	0.000861	23842	23894
C23854A A23869G	S:N764K S:G769G	13	15702	0.000828	23831	23892
C23833-A C23854A	NA S:N764K	13	15647	0.000831	23793	23895
C23525T T23599G C23604A A23632G	S:H655Y S:N679K S:P681H S:Q690Q	13	33491	0.000388	23487	23641
C23525T T23560C T23599G C23604A	S:H655Y S:I666I S:N679K S:P681H	13	34027	0.000382	23501	23641
C23525T C23536T T23599G C23604A	S:H655Y S:N658N S:N679K S:P681H	13	34027	0.000382	23487	23642
C23525T C23530T T23599G C23604A	S:H655Y S:V656V S:N679K S:P681H	13	34027	0.000382	23499	23640
C23498T C23525T T23599G C23604A	S:R646C S:H655Y S:N679K S:P681H	13	33333	0.00039	23487	23641
C23492-A	NA	13	48839	0.000266	23488	23502
C23373T	S:T604I	13	27764	0.000468	23335	23383
C23208A	S:T549K	13	7408	0.001755	23171	23290
C22353A	S:A264D	13	3792	0.003428	22329	22438
C22109G T22200A C22281+T	S:Q183E S:V213E NA	13	3449	0.003769	22100	22296
A25256+T	NA	13	27655	0.00047	25252	25325
A25247G	S:M1229V	13	23519	0.000553	25231	25325
A25182G C25262-T	S:E1207G NA	13	18382	0.000707	25122	25325
A25165G	S:Q1201Q	13	23562	0.000552	25132	25181
A25164G	S:Q1201R	13	23519	0.000553	25138	25210
A24862G	S:T1100T	13	15256	0.000852	24850	24885
A24560C	S:R1000R	13	52637	0.000247	24479	24564
A24484G	S:S974S	13	53252	0.000244	24479	24513
A24424T T24549C	S:Q954H S:L996S	13	29142	0.000446	24413	24564
A24424T T24469A T24487C	S:Q954H S:N969K S:S975S	13	29746	0.000437	24412	24564
A24424T T24469A T24472-G C24536-A	S:Q954H S:N969K NA NA	13	29326	0.000443	24412	24564
A24424T T24451+A T24469A	S:Q954H NA S:N969Q	13	29869	0.000435	24412	24537
A24424T T24437C	S:Q954H S:L959L	13	30220	0.00043	24412	24564
A24424T C24517-A	S:Q954H NA	13	29550	0.00044	24412	24531
A24424T C24512+T	S:Q954H NA	13	29579	0.00044	24412	24564
A24424T A24556G	S:Q954H S:T998T	13	28891	0.00045	24412	24564
A24424T A24537G	S:Q954H S:Q992R	13	29308	0.000444	24412	24564
A24424T A24532G	S:Q954H S:E990E	13	29381	0.000442	24412	24555
A24424T A24454C T24469A	S:Q954H S:K964N S:N969K	13	29869	0.000435	24412	24564
A24424T A24443G	S:Q954H S:T961A	13	30171	0.000431	24412	24564
A24424T A24432G	S:Q954H S:Q957R	13	30289	0.000429	24412	24449
A24424T A24430G	S:Q954H S:A956A	13	30296	0.000429	24412	24549
A24420+C A24424T	NA S:Q954P	13	32370	0.000402	24412	24435
A24303-T	NA	13	6267	0.002074	24287	24311
A24118G	S:A852A	13	3195	0.004069	24100	24164
A24110-T C24119-A C24150+T	NA NA NA	13	2529	0.00514	24021	24176
A23796G C23854A	S:D745G S:N764K	13	15257	0.000852	23683	23895
A23738+T	NA	13	15313	0.000849	23688	23756
A23572G T23599G C23604A	S:I670M S:N679K S:P681H	13	34762	0.000374	23553	23641
A23523T C23525T T23529C T23599G C23604A	S:E654V S:H655Y S:V656A S:N679K S:P681H	13	34027	0.000382	23487	23624
A23403G G23486-T A23523T C23525T	S:D614G NA S:E654V S:H655Y	13	12519	0.001038	23335	23539
A23400+G	NA	13	25932	0.000501	23335	23411
A23362G	S:P600P	13	28898	0.00045	23335	23369
A23301G A23403G	S:Q580R S:D614G	13	10468	0.001242	23288	23434
A22407G	S:N282S	13	4238	0.003067	22373	22418
A21993-TTAC C22000A	NA S:H146Q	13	7604	0.00171	21964	22058
T25316C	S:S1252P	12	28987	0.000414	25217	25325
T25257C	S:I1232T	12	27680	0.000434	25210	25301
T25196-G C25207T C25262-T	NA S:Y1215Y NA	12	19227	0.000624	25122	25325
T25180C	S:Y1206Y	12	23999	0.0005	25131	25194
T25171C	S:L1203L	12	23681	0.000507	25141	25206
T24995C	S:L1145L	12	16517	0.000727	24990	25011
T24643-A C24672-A A24684-T	NA NA NA	12	4497	0.002668	24612	24697
T24643+A C24672-A	NA NA	12	25783	0.000465	24612	24679
T24640C	S:A1026A	12	26311	0.000456	24612	24676
T24622C	S:A1020A	12	26402	0.000455	24618	24676
T24496C	S:N978N	12	53845	0.000223	24480	24564
T24472-G C24536-A	NA NA	12	47686	0.000252	24465	24564
T24469A A24554G	S:N969K S:T998A	12	44716	0.000268	24465	24564
T24469A A24520G	S:N969K S:K986K	12	45603	0.000263	24465	24564
T24414-G	NA	12	32170	0.000373	24412	24561
T23794C C23854A	S:G744G S:N764K	12	15226	0.000788	23683	23873
T23765C C23854A	S:S735P S:N764K	12	13163	0.000912	23733	23895
T23695G C23854A	S:S711S S:N764K	12	12636	0.00095	23683	23895
T23662C	S:G700G	12	29774	0.000403	23652	23724
T23599G G23612T	S:N679K S:A684S	12	61734	0.000194	23580	23698
T23599G C23604G G23666-A	S:N679K S:P681R NA	12	26374	0.000455	23580	23690
T23599G C23604A T23605C C23613T	S:N679K S:P681H S:P681H S:A684V	12	61723	0.000194	23593	23637
T23599G C23604A G23699-C	S:N679K S:P681H NA	12	26060	0.00046	23580	23724
T23599G C23604A G23653-T	S:N679K S:P681H NA	12	26505	0.000453	23580	23716
T23599G C23604A G23608A	S:N679K S:P681H S:R682R	12	61748	0.000194	23580	23624
T23599G C23604A C23709+A	S:N679K S:P681H NA	12	25605	0.000469	23580	23724
T23599G C23604A C23615G C23625T	S:N679K S:P681H S:R685G S:A688V	12	61587	0.000195	23580	23637
T23599G C23603+A	S:N679K NA	12	61781	0.000194	23580	23641
T23511+A C23525T	NA S:H655S	12	49458	0.000243	23493	23533
T23443C C23525T	S:D627D S:H655Y	12	13584	0.000883	23397	23539
T23434-C	NA	12	24988	0.00048	23404	23443
T23425C T23425-GT A23523T C23525T	S:P621P NA S:E654V S:H655Y	12	13329	0.0009	23403	23539
T23407+G C23525T	NA S:H655S	12	12877	0.000932	23338	23539
T23394C A23403G C23525T	S:L611P S:D614G S:H655Y	12	12217	0.000982	23382	23539
T23374C	S:T604T	12	27708	0.000433	23356	23391
T23371-A	NA	12	27995	0.000429	23335	23379
T23257-G	NA	12	5567	0.002156	23215	23290
T22942G A22948-C	S:N460K NA	12	9067	0.001323	22930	22966
T22882G T22896C G22898A T22926-G T22942G	S:N440K S:V445A S:G446S NA S:N460K	12	7029	0.001707	22878	22966
T22882G T22896C G22898A A22914-C T22942G	S:N440K S:V445A S:G446S NA S:N460K	12	7029	0.001707	22850	22967
T22882G G22895C G22898A T22900-G	S:N440K S:V445L S:G446S NA	12	9247	0.001298	22793	22914
T22291C	S:A243A	12	11340	0.001058	22281	22319
G25401-T C25416T	NA ORF3a:F8F	12	12960	0.000926	25376	25477
G25186A	S:Q1208Q	12	24454	0.000491	25137	25210
G24971+T	NA	12	11950	0.001004	24857	24983
G24858A	S:G1099D	12	15199	0.00079	24850	24890
G24574A	S:L1004L	12	21931	0.000547	24490	24679
G24497-A	NA	12	53814	0.000223	24483	24509
G23735+A C23887-A	NA NA	12	12064	0.000995	23697	23895
G23508+T C23525T T23599G C23604G	NA S:H655S S:N679* S:P681C	12	33826	0.000355	23486	23641
G23504A C23525T T23599G C23604A	S:G648S S:H655Y S:N679K S:P681H	12	33680	0.000356	23487	23642
G23460A C23525T	S:W633* S:H655Y	12	13711	0.000875	23403	23539
G22813T T22882G G22895C T22896C G22898A T22926-G T22930A	S:K417N S:N440K S:V445P S:V445P S:G446S NA S:F456L	12	5990	0.002003	22793	22939
G22813T T22882G G22895C T22896C G22898A G22927C T22942G	S:K417N S:N440K S:V445P S:V445P S:G446S S:L455F S:N460K	12	5547	0.002163	22793	22966
G22813T T22882G G22895C G22898A T22942G	S:K417N S:N440K S:V445L S:G446S S:N460K	12	5547	0.002163	22793	22961
G22813T T22882G G22895C G22898A T22917G	S:K417N S:N440K S:V445L S:G446S S:L452R	12	6818	0.00176	22793	22923
G22813T G22898A	S:K417N S:G446S	12	7622	0.001574	22793	22906
G22577C G22578A G22599C C22664A C22674T	S:G339H S:G339H S:R346T S:L368I S:S371F	12	268	0.044776	22499	22678
G22331A	S:G257S	12	3900	0.003077	22308	22353
G22317T C22439+T	S:G252V NA	12	2719	0.004413	22246	22446
G22299-A	NA	12	11264	0.001065	22277	22319
G21987A T21990-TTA A21999-CAA	S:G142D S:DEL144 S:DEL147	12	7598	0.001579	21847	22024
G21586T	S:L8F	12	2330	0.00515	21451	21598
C25466+T	NA	12	11962	0.001003	25372	25479
C25416T T25467C	ORF3a:F8F ORF3a:P25P	12	11948	0.001004	25381	25477
C25416T G25523T	ORF3a:F8F ORF3a:G44V	12	5618	0.002136	25372	25552
C25416T C25517-T T25519C	ORF3a:F8F NA ORF3a:F43L	12	5934	0.002022	25372	25566
C25416T C25466-T	ORF3a:F8F NA	12	11962	0.001003	25372	25477
C25416T A25462G	ORF3a:F8F ORF3a:T24A	12	12052	0.000996	25381	25477
C25416T A25431G	ORF3a:F8F ORF3a:V13V	12	12635	0.00095	25384	25477
C25416T A25425G	ORF3a:F8F ORF3a:G11G	12	12775	0.000939	25381	25477
C25416T A25419G	ORF3a:F8F ORF3a:T9T	12	12879	0.000932	25381	25463
C25262-T C25366-A	NA NA	12	3327	0.003607	25251	25384
C25262-T A25274G	NA S:T1238A	12	27801	0.000432	25251	25325
C25163+A C25262-T	NA NA	12	17198	0.000698	25122	25323
C25132+A C25262-T	NA NA	12	16032	0.000749	25122	25325
C25131T	S:A1190V	12	21612	0.000555	25123	25144
C25000T A25014G	S:D1146D S:E1151G	12	16213	0.00074	24990	25068
C24964-A C24981-T C25000T	NA NA S:D1146D	12	11451	0.001048	24850	25069
C24899-A C25000T	NA S:D1146D	12	10973	0.001094	24850	25025
C24668T	S:Q1036*	12	26035	0.000461	24612	24671
C24651T	S:S1030L	12	26236	0.000457	24478	24679
C24651-AG	NA	12	26236	0.000457	24626	24684
C24559T	S:G999G	12	52695	0.000228	24480	24564
C24512+T	NA	12	53698	0.000223	24474	24542
C24119-A C24150+T	NA NA	12	2874	0.004175	24021	24180
C23854A T23877C	S:N764K S:V772A	12	15447	0.000777	23808	23895
C23854A A23880G	S:N764K S:E773G	12	15389	0.00078	23839	23895
C23707G	S:P715P	12	45912	0.000261	23683	23715
C23604A C23625T	S:P681H S:A688V	12	61731	0.000194	23580	23696
C23533-A T23599G C23604A	NA S:N679K S:P681H	12	34233	0.000351	23498	23624
C23525T T23599G C23604A T23640C	S:H655Y S:N679K S:P681H S:I693T	12	32825	0.000366	23501	23642
C23525T T23599G C23604A A23627G	S:H655Y S:N679K S:P681H S:S689G	12	33616	0.000357	23501	23641
C23525T T23559C T23599G C23604A	S:H655Y S:I666T S:N679K S:P681H	12	34027	0.000353	23497	23642
C23525T G23574A T23599G C23604A	S:H655Y S:C671Y S:N679K S:P681H	12	34027	0.000353	23487	23642
C23525T C23604A C23635T	S:H655Y S:P681H S:S691S	12	33423	0.000359	23487	23642
C23525T C23575T T23599G C23604A	S:H655Y S:C671C S:N679K S:P681H	12	34027	0.000353	23487	23642
C23525T C23556T T23599G C23604A	S:H655Y S:P665L S:N679K S:P681H	12	34027	0.000353	23487	23638
C23525T A23544C T23599G C23604G	S:H655Y S:E661A S:N679K S:P681R	12	34027	0.000353	23487	23642
C23393-T	NA	12	26476	0.000453	23335	23418
C23393+T A23403G	NA S:D614G	12	25026	0.00048	23269	23429
C23306-T	NA	12	11757	0.001021	23269	23356
C23191-A	NA	12	7536	0.001592	23183	23224
C22264+T G22317T	NA S:G252L	12	9772	0.001228	22256	22319
C22109G T22200A G22302+T G22317T	S:Q183E S:V213E NA S:G252L	12	2801	0.004284	22100	22319
C22109G C22120-A A22161-T T22200A	S:Q183E NA NA S:V213E	12	4452	0.002695	22105	22222
C21978A G21987A T21990-TTA C22000A C22033A	S:P139Q S:G142D S:DEL144 S:H146Q S:F157L	12	7268	0.001651	21959	22058
C21978A G21987A T21990-TTA A21999-C	S:P139Q S:G142D S:DEL144 NA	12	7587	0.001582	21959	22058
C21618T C21622T G21624C T21632-TACCCCCTG C21711T	S:T19I S:T20T S:R21T S:DEL25/27 S:S50L	12	931	0.012889	21597	21735
C21549-A	NA	12	2045	0.005868	21451	21567
A25408G	ORF3a:R6G	12	13186	0.00091	25372	25467
A25384G C25416T	S:*1274* ORF3a:F8F	12	12932	0.000928	25372	25477
A25259G	S:M1233V	12	27733	0.000433	25251	25325
A25146G C25262-T	S:E1195G NA	12	16558	0.000725	25122	25325
A24922+T	NA	12	14944	0.000803	24850	24934
A24885+T A24922-T C24981-T C25000T	NA NA NA S:D1146S	12	10871	0.001104	24850	25065
A24877G	S:T1105T	12	15243	0.000787	24854	24907
A24780G	S:K1073R	12	7160	0.001676	24727	24806
A24647G	S:M1029V	12	26281	0.000457	24620	24669
A24569G	S:S1003G	12	21975	0.000546	24475	24679
A24424T T24548C	S:Q954H S:L996L	12	29156	0.000412	24412	24564
A24424T T24529-G	S:Q954H NA	12	29416	0.000408	24417	24564
A24424T T24469A T24529C	S:Q954H S:N969K S:A989A	12	29416	0.000408	24412	24564
A24424T T24469A T24514C	S:Q954H S:N969K S:L984L	12	29568	0.000406	24412	24564
A24424T T24469A G24558A	S:Q954H S:N969K S:G999D	12	28864	0.000416	24412	24564
A24424T T24469A A24556G	S:Q954H S:N969K S:T998T	12	28891	0.000415	24412	24564
A24424T T24469A A24538G	S:Q954H S:N969K S:Q992Q	12	29298	0.00041	24412	24564
A24424T T24469A A24508G	S:Q954H S:N969K S:S982S	12	29608	0.000405	24412	24564
A24424T T24438+A G24488-T	S:Q954H NA NA	12	29742	0.000403	24412	24518
A24424T G24535A	S:Q954H S:V991V	12	29334	0.000409	24412	24564
A24424T A24562G	S:Q954H S:R1000R	12	28777	0.000417	24412	24564
A24424T A24479+T	S:Q954H NA	12	29794	0.000403	24412	24533
A24424T A24457G	S:Q954H S:Q965Q	12	29993	0.0004	24412	24564
A24424T A24425G T24469A	S:Q954H S:N955D S:N969K	12	29869	0.000402	24413	24564
A24424T A24425G	S:Q954H S:N955D	12	32280	0.000372	24412	24554
A24298G	S:T912T	12	6268	0.001914	24229	24301
A24129+T	NA	12	3309	0.003626	24121	24191
A24105G	S:D848G	12	4363	0.00275	24092	24106
A23826G C23854A	S:Q755R S:N764K	12	15561	0.000771	23701	23895
A23762G	S:T734A	12	15143	0.000792	23736	23828
A23702+T	NA	12	46013	0.000261	23686	23714
A23691G C23854A	S:N710S S:N764K	12	12615	0.000951	23683	23895
A23515+G C23525T C23604A	NA S:H655S S:P681Y	12	33951	0.000353	23487	23641
A23403G T23521C C23525T	S:D614G S:A653A S:H655Y	12	12519	0.000959	23335	23539
A23403G T23437C	S:D614G S:H625H	12	23649	0.000507	23310	23438
A23403G T23431C	S:D614G S:A623A	12	24140	0.000497	23348	23443
A23403G C23525T T23527C	S:D614G S:H655Y S:H655Y	12	12473	0.000962	23335	23539
A23319G A23403G	S:D586G S:D614G	12	10485	0.001144	23269	23443
A23118G	S:H519R	12	7631	0.001573	23107	23133
A22798+G G22813T T22882G G22895C G22898A	NA S:K417N S:N440Q S:V445R S:G446R	12	7453	0.00161	22793	22909
A22193-ATT T22200G C22295A	S:DEL212 S:V213G S:H245N	12	4217	0.002846	22153	22319
A21979-T G21987A T21990-TTA A21999-CAA C22009-A	NA S:G142D S:DEL144 S:DEL147 NA	12	7585	0.001582	21847	22058
A21958-T	NA	12	11117	0.001079	21847	21971
T25560C C25561A A25562T	ORF3a:F56F ORF3a:Q57M ORF3a:Q57M	11	4963	0.002216	25372	25566
T25316-C	NA	11	28987	0.000379	25297	25325
T25148C	S:S1196P	11	23008	0.000478	25122	25158
T24871C	S:F1103F	11	15290	0.000719	24850	24875
T24541C	S:I993I	11	53243	0.000207	24479	24564
T24492-A A24654-G	NA NA	11	20703	0.000531	24480	24675
T24492-A A24525G	NA S:E988G	11	52880	0.000208	24478	24564
T24491-TA	NA	11	53795	0.000204	24480	24506
T24490C	S:V976V	11	53779	0.000205	24474	24505
T24481C	S:I973I	11	52857	0.000208	24473	24564
T24470-TTG T24492-A C24536-A	S:DEL971 NA NA	11	45673	0.000241	24465	24679
T24469A T24499C	S:N969K S:D979D	11	45982	0.000239	24465	24555
T24469A T24472-G C24536-A	S:N969K NA NA	11	45255	0.000243	24465	24564
T24469A G24486T	S:N969K S:S975I	11	46157	0.000238	24465	24505
T24414-GG T24469A	NA S:N969K	11	29549	0.000372	24412	24564
T23727C	S:V722A	11	15385	0.000715	23683	23740
T23716+C C23854A	NA S:N764K	11	12837	0.000857	23695	23881
T23645-A	NA	11	29024	0.000379	23638	23723
T23599G C23683T	S:N679K S:Y707Y	11	26229	0.000419	23580	23724
T23599G C23604A G23663A	S:N679K S:P681H S:A701T	11	26411	0.000416	23580	23724
T23599G C23604A G23653A	S:N679K S:P681H S:M697I	11	26505	0.000415	23580	23699
T23599G C23604A C23707T	S:N679K S:P681H S:P715P	11	25671	0.000428	23580	23724
T23599G C23604A C23701T	S:N679K S:P681H S:A713A	11	26010	0.000423	23580	23724
T23599G C23604A C23679T	S:N679K S:P681H S:A706V	11	26268	0.000419	23580	23724
T23599G C23604A C23664T G23666-A	S:N679K S:P681H S:A701V NA	11	26374	0.000417	23580	23701
T23599G C23604A A23720G	S:N679K S:P681H S:I720V	11	25287	0.000435	23580	23724
T23599G C23604A A23717G	S:N679K S:P681H S:T719A	11	25452	0.000432	23580	23724
T23599G C23604A A23704-C	S:N679K S:P681H NA	11	25807	0.000426	23580	23724
T23599G C23604A A23682G	S:N679K S:P681H S:Y707C	11	26234	0.000419	23580	23692
T23599G C23604A A23627-G	S:N679K S:P681H NA	11	61226	0.00018	23588	23642
T23514C C23525T T23599G C23604A	S:I651T S:H655Y S:N679K S:P681H	11	33931	0.000324	23487	23641
T23471C C23525T	S:S637P S:H655Y	11	13815	0.000796	23424	23539
T23344+G	NA	11	29045	0.000379	23335	23363
T23337-TG	NA	11	28641	0.000384	23335	23357
T23278C	S:T572T	11	17153	0.000641	23269	23290
T23245C	S:P561P	11	5633	0.001953	23218	23290
T23143-A A23157-T T23164-A	NA NA NA	11	7391	0.001488	23089	23182
T23031C A23063T	S:F490S S:N501Y	11	1356	0.008112	23023	23224
T23031C A23055G T23075C	S:F490S S:Q498R S:Y505H	11	1308	0.00841	23025	23107
T23031C A23055G A23063T	S:F490S S:Q498R S:N501Y	11	1356	0.008112	23023	23074
T22882G T22896C G22898A G22927T T22930A T22942G	S:N440K S:V445A S:G446S S:L455F S:F456L S:N460K	11	7029	0.001565	22878	22967
T22882G T22896C G22898A G22927T	S:N440K S:V445A S:G446S S:L455F	11	7945	0.001385	22866	22967
T22882G G22895C T22896C G22898A T22928C	S:N440K S:V445P S:V445P S:G446S S:F456L	11	7586	0.00145	22876	22952
T22882G G22895C G22898A T22928C T22942G	S:N440K S:V445L S:G446S S:F456L S:N460K	11	7029	0.001565	22876	22953
T22882G A22914-C T22942G	S:N440K NA S:N460K	11	7029	0.001565	22868	22967
T21856+A G21987A	NA S:G142E	11	7182	0.001532	21847	21990
G25313A	S:G1251R	11	29003	0.000379	25214	25324
G25135+A	NA	11	22041	0.000499	25122	25151
G24971-T C25000T	NA S:D1146D	11	11492	0.000957	24850	25065
G24743-T	NA	11	6688	0.001645	24724	24791
G24584A	S:V1008M	11	21754	0.000506	24477	24679
G24530+A	NA	11	53457	0.000206	24470	24540
G24510+T	NA	11	53703	0.000205	24470	24519
G24291-A G24293T	NA S:V911F	11	6235	0.001764	24259	24315
G23612T	S:A684S	11	62705	0.000175	23606	23724
G23518A C23525T T23599G C23604A	S:G652G S:H655Y S:N679K S:P681H	11	34004	0.000323	23486	23642
G23508A C23525T T23599G C23604A	S:C649Y S:H655Y S:N679K S:P681H	11	33826	0.000325	23487	23624
G23508+T A23515+G A23523T C23525T T23599G C23604A	NA NA S:E654L S:H655Y S:N679L S:P681H	11	33826	0.000325	23486	23641
G22813T T22896C G22898A	S:K417N S:V445A S:G446S	11	7622	0.001443	22793	22914
G22813T T22882G T22896C G22898A G22927T T22930A T22942G	S:K417N S:N440K S:V445A S:G446S S:L455F S:F456L S:N460K	11	5547	0.001983	22793	22945
G22813T T22882G G22895C T22896C G22898A T22900-G T22930A T22942G	S:K417N S:N440K S:V445P S:V445P S:G446S NA S:F456L S:N460K	11	5547	0.001983	22793	22967
G22813T T22831+A	S:K417N NA	11	10974	0.001002	22793	22850
G22403-A	NA	11	4228	0.002602	22368	22422
G21987A C22000A C22033A	S:G142D S:H146Q S:F157L	11	7279	0.001511	21959	22058
G21941T G21987A T21990-TTA C22033A A22034G	S:V127F S:G142D S:DEL144 S:F157L S:R158G	11	5980	0.001839	21847	22043
C25433+T	NA	11	12596	0.000873	25372	25443
C25339T C25416T	S:D1259D ORF3a:F8F	11	3097	0.003552	25328	25477
C25262-T T25310C	NA S:C1250R	11	27604	0.000398	25122	25325
C25262-T T25307C	NA S:S1249P	11	27644	0.000398	25122	25325
C25262-T T25306C	NA S:C1248C	11	27650	0.000398	25251	25324
C25262-T A25393+T	NA NA	11	2928	0.003757	25251	25409
C25239T C25262-T	S:A1226V NA	11	23349	0.000471	25130	25291
C25163+A	NA	11	23497	0.000468	25140	25173
C25046T	S:P1162S	11	16175	0.00068	25041	25067
C25000T T25063C	S:D1146D S:G1167G	11	15326	0.000718	24990	25069
C25000T T25054C	S:D1146D S:V1164V	11	15559	0.000707	24990	25069
C25000T T25053C	S:D1146D S:V1164A	11	15583	0.000706	24990	25069
C25000T T25043C	S:D1146D S:S1161P	11	15716	0.0007	24990	25061
C25000T G25204T	S:D1146D S:W1214C	11	3373	0.003261	24990	25210
C25000T C25100-A C25120+A	S:D1146D NA NA	11	3866	0.002845	24990	25164
C25000T A25048G	S:D1146D S:P1162P	11	15641	0.000703	24990	25066
C24878+A	NA	11	15230	0.000722	24850	24890
C24833G	S:R1091G	11	2651	0.004149	24819	24871
C24672-A A24684-T G24693-A	NA NA NA	11	4261	0.002582	24626	24704
C24668+A	NA	11	26035	0.000423	24612	24676
C24636T	S:A1025V	11	26350	0.000417	24480	24679
C24627T	S:A1022V	11	26411	0.000416	24485	24679
C24575T	S:Q1005*	11	21920	0.000502	24479	24670
C24536T	S:Q992*	11	53343	0.000206	24479	24564
C24431+A	NA	11	30787	0.000357	24424	24456
C23882-A	NA	11	15839	0.000694	23865	23890
C23709+A C23854A	NA S:N764K	11	12806	0.000859	23683	23890
C23683+A	NA	11	30389	0.000362	23675	23724
C23525T T23599G C23635T	S:H655Y S:N679K S:S691S	11	33423	0.000329	23516	23642
C23525T T23599G C23604A T23637-C	S:H655Y S:N679K S:P681H NA	11	33289	0.00033	23498	23642
C23525T T23599G C23604A G23616A	S:H655Y S:N679K S:P681H S:R685H	11	33995	0.000324	23487	23642
C23525T T23599G C23604A C23630T	S:H655Y S:N679K S:P681H S:Q690*	11	33579	0.000328	23496	23642
C23525T T23599G C23604A C23606A	S:H655Y S:N679K S:P681H S:R682R	11	34016	0.000323	23487	23641
C23525T T23596+A T23599G C23604A	S:H655Y NA S:N679* S:P681Y	11	34027	0.000323	23491	23640
C23525T C23577T T23599G C23604A	S:H655Y S:A672V S:N679K S:P681H	11	34027	0.000323	23487	23642
C23525T A23586G T23599G C23604G	S:H655Y S:Q675R S:N679K S:P681R	11	34027	0.000323	23487	23642
C23525T A23554-C T23599G C23604A	S:H655Y NA S:N679K S:P681H	11	34027	0.000323	23487	23629
C23506T T23599G C23604A	S:G648G S:N679K S:P681H	11	33796	0.000325	23487	23642
C23373-T	NA	11	27764	0.000396	23339	23388
C23334-T C23423T	NA S:P621S	11	10261	0.001072	23282	23443
C23121T	S:A520V	11	7634	0.001441	23116	23147
C22674T	S:S371F	11	434	0.025346	22652	22678
C22311T	S:T250I	11	11017	0.000998	22286	22319
C22290T T22291C G22317T	S:A243V S:A243V S:G252V	11	10556	0.001042	22246	22419
C22281+T	NA	11	11389	0.000966	22246	22298
C22120-A T22200A	NA S:V213E	11	4691	0.002345	22110	22213
C21888-T G21987A	NA S:G142D	11	7413	0.001484	21847	21993
C21781-A	NA	11	1367	0.008047	21770	21802
A25408G C25416T	ORF3a:R6G ORF3a:F8F	11	12960	0.000849	25381	25477
A25408-G	NA	11	13186	0.000834	25364	25477
A25384G	S:*1274*	11	13619	0.000808	25372	25399
A25296G	S:K1245R	11	28702	0.000383	25251	25308
A25194G	S:K1211R	11	24783	0.000444	25179	25210
A25125G	S:E1188G	11	20664	0.000532	25122	25143
A25045G	S:S1161S	11	16179	0.00068	25003	25069
A24917G	S:N1119D	11	14987	0.000734	24850	24943
A24905-T	NA	11	15029	0.000732	24850	24936
A24790G	S:T1076T	11	7128	0.001543	24724	24806
A24735-T	NA	11	6587	0.00167	24725	24780
A24610G	S:A1016A	11	21674	0.000508	24545	24679
A24599G	S:I1013V	11	21703	0.000507	24538	24679
A24560T	S:R1000*	11	52637	0.000209	24478	24653
A24539+T	NA	11	53297	0.000206	24470	24564
A24508-C	NA	11	53690	0.000205	24500	24564
A24500+T	NA	11	53804	0.000204	24473	24511
A24498+T	NA	11	53806	0.000204	24474	24506
A24424T T24541C	S:Q954H S:I993I	11	29257	0.000376	24412	24564
A24424T T24499C	S:Q954H S:D979D	11	29694	0.00037	24412	24564
A24424T T24496-G	S:Q954H NA	11	29705	0.00037	24412	24514
A24424T T24491C	S:Q954H S:L977L	11	29733	0.00037	24412	24564
A24424T T24480C	S:Q954H S:I973T	11	29792	0.000369	24412	24564
A24424T T24469A T24472-G T24481C	S:Q954H S:N969K NA S:I973I	11	29780	0.000369	24412	24564
A24424T T24469A G24521+T	S:Q954H S:N969K NA	11	29491	0.000373	24412	24564
A24424T T24469A G24474A	S:Q954H S:N969K S:G971D	11	29819	0.000369	24412	24505
A24424T T24469A C24559T	S:Q954H S:N969K S:G999G	11	28857	0.000381	24412	24564
A24424T T24469A A24478G	S:Q954H S:N969K S:A972A	11	29797	0.000369	24412	24550
A24424T G24558A	S:Q954H S:G999D	11	28864	0.000381	24412	24564
A24424T C24458+T	S:Q954H NA	11	29977	0.000367	24412	24564
A24424T C24435+T	S:Q954H NA	11	30252	0.000364	24416	24451
A24424T C24431T	S:Q954H S:Q957*	11	30294	0.000363	24416	24447
A24424T A24456G	S:Q954H S:Q965R	11	30013	0.000367	24412	24466
A24424T A24440G	S:Q954H S:N960D	11	30195	0.000364	24415	24564
A24072G	S:Y837C	11	4172	0.002637	24021	24106
A23827G C23854A	S:Q755Q S:N764K	11	15571	0.000706	23794	23886
A23800G C23854A	S:S746S S:N764K	11	15304	0.000719	23765	23895
A23784G C23854A	S:Y741C S:N764K	11	15096	0.000729	23699	23873
A23780G C23854A	S:M740V S:N764K	11	15073	0.00073	23753	23895
A23711-AT	NA	11	45728	0.000241	23683	23724
A23704+C C23887-A	NA NA	11	11862	0.000927	23683	23895
A23586C T23599G C23604A A23720-T	S:Q675P S:N679K S:P681H NA	11	25102	0.000438	23581	23724
A23523T C23525T A23539G T23599G C23604A	S:E654V S:H655Y S:S659S S:N679K S:P681H	11	34027	0.000323	23493	23642
A23515-G C23525T T23599G C23604A	NA S:H655Y S:N679K S:P681H	11	33951	0.000324	23488	23641
A23403G T23411C	S:D614G S:C617R	11	25170	0.000437	23335	23443
A23403G T23404C C23525T	S:D614G S:D614G S:H655Y	11	12519	0.000879	23379	23539
A23403G C23423T G23486-T C23525T	S:D614G S:P621S NA S:H655Y	11	12519	0.000879	23335	23532
A23403G A23531G	S:D614G S:N657D	11	12411	0.000886	23335	23538
A23403G A23418G	S:D614G S:E619G	11	24970	0.000441	23394	23443
A23403G A23414G C23525T	S:D614G S:T618A S:H655Y	11	12519	0.000879	23342	23532
A23359T A23403G	S:T599T S:D614G	11	24142	0.000456	23335	23429
A23359G A23403G	S:T599T S:D614G	11	24142	0.000456	23335	23443
A23359G	S:T599T	11	29065	0.000378	23335	23371
A23324G A23403G	S:T588A S:D614G	11	10490	0.001049	23269	23443
A23321G A23403G	S:I587V S:D614G	11	10485	0.001049	23269	23443
A23276G	S:T572A	11	17148	0.000641	23269	23290
A23169C	S:N536T	11	7553	0.001456	23157	23224
A23063T T23075C	S:N501Y S:Y505H	11	1391	0.007908	23056	23224
A23055G A23063T T23075C	S:Q498R S:N501Y S:Y505H	11	1367	0.008047	23046	23224
A23013C T23019C T23031C	S:E484A S:F486S S:F490S	11	1512	0.007275	23008	23047
A23013C T23018C T23031C	S:E484A S:F486L S:F490S	11	1512	0.007275	23008	23048
A22914-C	NA	11	9798	0.001123	22905	22967
A22798+G G22813T T22882G G22895C T22896C G22898A T22917G T22930A T22942G	NA S:K417N S:N440Q S:V445P S:V445P S:G446R S:L452R S:F456V S:N460*	11	5405	0.002035	22793	22951
A22798+G G22813T T22882G G22895C T22896C G22898A	NA S:K417N S:N440Q S:V445P S:V445P S:G446R	11	7453	0.001476	22793	22909
A22280G G22317T	S:T240A S:G252V	11	10395	0.001058	22264	22319
A22259+T	NA	11	10883	0.001011	22246	22274
A21979-T G21987A	NA S:G142D	11	9282	0.001185	21867	22004
T25236C C25262-T	S:I1225T NA	10	23293	0.000429	25130	25325
T25150C C25262-T	S:S1196S NA	10	16660	0.0006	25122	25325
T25148C C25262-T	S:S1196P NA	10	16580	0.000603	25124	25325
T25128C	S:V1189A	10	20892	0.000479	25122	25169
T25021-A	NA	10	16351	0.000612	24990	25033
T24960C C25000T	S:V1133A S:D1146D	10	11372	0.000879	24850	25064
T24866+G	NA	10	15261	0.000655	24850	24879
T24804C	S:I1081T	10	7007	0.001427	24753	24806
T24736C	S:H1058H	10	6590	0.001517	24612	24806
T24643C	S:T1027T	10	26290	0.00038	24612	24679
T24501C	S:I980T	10	53768	0.000186	24476	24505
T24496-G	NA	10	53845	0.000186	24473	24507
T24469A T24660+A	S:N969K NA	10	14169	0.000706	24465	24676
T24469A T24504C	S:N969K S:L981P	10	45870	0.000218	24465	24564
T24469A A24516G	S:N969K S:D985G	10	45655	0.000219	24465	24564
T24469A A24508G	S:N969K S:S982S	10	45778	0.000218	24465	24564
T24414-G T24469A	NA S:N969K	10	29549	0.000338	24412	24564
T24280+A	NA	10	6163	0.001623	24229	24289
T24171C	S:I870T	10	6715	0.001489	24148	24191
T24079C	S:D839D	10	4233	0.002362	24049	24106
T24027C	S:L822P	10	4017	0.002489	24021	24094
T23842C C23854A	S:C760C S:N764K	10	15855	0.000631	23785	23873
T23798C C23854A	S:S746P S:N764K	10	15279	0.000654	23683	23895
T23774A C23854A	S:C738S S:N764K	10	15036	0.000665	23741	23890
T23722C C23854A	S:I720I S:N764K	10	12868	0.000777	23683	23895
T23716C C23854A	S:F718F S:N764K	10	12837	0.000779	23683	23895
T23698C C23854A	S:I712I S:N764K	10	12661	0.00079	23683	23895
T23698+C	NA	10	46122	0.000217	23688	23710
T23599G T23602-C C23604A	S:N679K NA S:P681H	10	61776	0.000162	23580	23639
T23599G C23604G C23609-G	S:N679K S:P681R NA	10	61746	0.000162	23580	23625
T23599G C23604A T23721C	S:N679K S:P681H S:I720T	10	25267	0.000396	23580	23724
T23599G C23604A G23675A	S:N679K S:P681H S:V705I	10	26290	0.00038	23580	23700
T23599G C23604A G23661A	S:N679K S:P681H S:G700D	10	26419	0.000379	23580	23699
T23599G C23604A C23609+G	S:N679K S:P681H NA	10	61746	0.000162	23580	23638
T23599G C23604A A23696G	S:N679K S:P681H S:I712V	10	26095	0.000383	23580	23715
T23599G C23604A A23669G	S:N679K S:P681H S:N703D	10	26347	0.00038	23580	23700
T23509C A23515+G C23525T T23599G C23604A	S:C649C NA S:H655S S:N679* S:P681Y	10	33855	0.000295	23487	23642
T23391C A23403G	S:V610A S:D614G	10	24950	0.000401	23335	23423
T23389C A23403G	S:A609A S:D614G	10	24899	0.000402	23269	23443
T23344C A23403G	S:G594G S:D614G	10	23920	0.000418	23269	23443
T23338+G	NA	10	28644	0.000349	23335	23360
T23333-CT A23403G C23413T	NA S:D614G S:C617C	10	10368	0.000965	23269	23443
T23289C	S:V576A	10	17377	0.000575	23269	23290
T23031C A23063T T23075C	S:F490S S:N501Y S:Y505H	10	1308	0.007645	23025	23108
T22942G G22992A C22995A A23013C T23019C T23031C	S:N460K S:S477N S:T478K S:E484A S:F486S S:F490S	10	204	0.04902	22936	23048
T22896C T22942G	S:V445A S:N460K	10	7157	0.001397	22885	22967
T22882G G22898A G22927T T22942G	S:N440K S:G446S S:L455F S:N460K	10	7029	0.001423	22874	22967
T22882G G22895C T22896C G22898A T22926-G T22930A	S:N440K S:V445P S:V445P S:G446S NA S:F456L	10	7549	0.001325	22876	22938
T22882G G22895C T22896C G22898A G22927T	S:N440K S:V445P S:V445P S:G446S S:L455F	10	7945	0.001259	22876	22933
T22392-A	NA	10	4338	0.002305	22368	22406
T22200A T22304C G22317T	S:V213E S:Y248H S:G252V	10	3764	0.002657	22189	22319
T22200A G22218-T G22317T	S:V213E NA S:G252V	10	3764	0.002657	22190	22319
T21934-A T21990-TTA C22000A	NA S:DEL144 S:H146Q	10	6204	0.001612	21891	22058
G25401-T	NA	10	13309	0.000751	25372	25444
G25297A	S:K1245K	10	28722	0.000348	25251	25324
G25269A	S:C1236Y	10	28153	0.000355	25251	25316
G25238A	S:A1226T	10	23385	0.000428	25153	25325
G25213A	S:W1217*	10	21452	0.000466	25208	25325
G25198A	S:W1212*	10	24887	0.000402	25191	25210
G25130A	S:A1190T	10	21115	0.000474	25122	25169
G24620A	S:A1020T	10	26391	0.000379	24612	24679
G24550A	S:L996L	10	53028	0.000189	24524	24564
G24535A A24654-G	S:V991V NA	10	21153	0.000473	24480	24679
G24527A	S:A989T	10	53515	0.000187	24473	24564
G24488-T C24517-A	NA NA	10	52802	0.000189	24470	24540
G24476A	S:A972T	10	51563	0.000194	24473	24496
G24413A A24424T T24469A	S:V951M S:Q954H S:N969K	10	29355	0.000341	24412	24564
G23675-T	NA	10	30197	0.000331	23653	23694
G23653-T	NA	10	29398	0.00034	23638	23724
G23593-A T23599G	NA S:N679K	10	61743	0.000162	23583	23642
G23508+T A23515+G C23525T	NA NA S:H655Y	10	49359	0.000203	23495	23532
G23505-C C23525T	NA S:H655Y	10	49194	0.000203	23487	23538
G23486-T A23523T C23525T	NA S:E654V S:H655Y	10	14007	0.000714	23403	23539
G23387+T	NA	10	26723	0.000374	23335	23394
G23384-T A23403G C23525T	NA S:D614G S:H655Y	10	11900	0.00084	23335	23539
G23384+T	NA	10	26930	0.000371	23345	23398
G22813T T22882G T22896C G22898A T22930A	S:K417N S:N440K S:V445A S:G446S S:F456L	10	5990	0.001669	22793	22935
G22813T T22882G G22895C T22930A	S:K417N S:N440K S:V445L S:F456L	10	5990	0.001669	22793	22933
G22813T T22882G G22895C T22896C G22898A T22926-G T22930A G22933+T T22942G	S:K417N S:N440K S:V445P S:V445P S:G446S NA S:F456L NA S:N460*	10	5547	0.001803	22801	22953
G22813T T22882G G22895C T22896C G22898A T22900-G T22942G	S:K417N S:N440K S:V445P S:V445P S:G446S NA S:N460K	10	5547	0.001803	22793	22947
G22813T T22882G G22895C T22896C G22898A G22927C T22930A T22942G	S:K417N S:N440K S:V445P S:V445P S:G446S S:L455F S:F456L S:N460K	10	5547	0.001803	22793	22966
G22813T T22876-A T22882G	S:K417N NA S:N440K	10	10410	0.000961	22793	22891
G22487-A	NA	10	810	0.012346	22368	22503
G22317T G22349A	S:G252V S:A263T	10	3538	0.002826	22246	22446
G21987A T21990-TTA A21999-C T22042C	S:G142D S:DEL144 NA S:Y160Y	10	7213	0.001386	21847	22058
G21987A A22001G T22016C A22025G C22033A	S:G142D S:K147E S:W152R S:S155G S:F157L	10	7279	0.001374	21977	22058
G21941T G21987A T22032C C22033A A22034G	S:V127F S:G142D S:F157S S:F157S S:R158G	10	5980	0.001672	21894	22058
G21941+T	NA	10	10622	0.000941	21867	21983
C25433-T	NA	10	12596	0.000794	25381	25477
C25416T T25458C	ORF3a:F8F ORF3a:D22D	10	12145	0.000823	25382	25477
C25416T T25434C	ORF3a:F8F ORF3a:T14T	10	12576	0.000795	25372	25477
C25416T G25540+T	ORF3a:F8F NA	10	5247	0.001906	25372	25566
C25416T A25449G	ORF3a:F8F ORF3a:E19E	10	12306	0.000813	25381	25477
C25416T A25443G	ORF3a:F8F ORF3a:Q17Q	10	12419	0.000805	25372	25477
C25262-T T25312C	NA S:C1250C	10	27589	0.000362	25251	25325
C25262-T T25310G	NA S:C1250G	10	27604	0.000362	25122	25325
C25262-T T25309C	NA S:S1249S	10	27613	0.000362	25251	25324
C25262-T C25433-T	NA NA	10	2288	0.004371	25251	25444
C25262-T C25339T	NA S:D1259D	10	3719	0.002689	25251	25349
C25262-T C25324+A	NA NA	10	27301	0.000366	25251	25325
C25262-T C25308-T	NA NA	10	27637	0.000362	25124	25325
C25240-A C25262-T	NA NA	10	23358	0.000428	25122	25325
C25200T	S:P1213L	10	25075	0.000399	25143	25210
C25132+A	NA	10	21808	0.000459	25122	25151
C25000T T25072-G T25191-A	S:D1146D NA NA	10	3476	0.002877	24990	25210
C25000T T25036C	S:D1146D S:N1158N	10	15799	0.000633	24990	25069
C25000T T25005C	S:D1146D S:F1148S	10	16369	0.000611	24990	25210
C25000T C25100-A A25194-AT G25197T	S:D1146D NA NA S:W1212L	10	3433	0.002913	24990	25210
C25000T A25137G	S:D1146D S:N1192S	10	3778	0.002647	24990	25198
C25000T A25113-C	S:D1146D NA	10	3923	0.002549	24990	25210
C25000T A25038G	S:D1146D S:H1159R	10	15770	0.000634	24990	25069
C25000T A25011G	S:D1146D S:E1150G	10	16270	0.000615	24990	25069
C24981-T C25000T G25064A	NA S:D1146D S:D1168N	10	10727	0.000932	24850	25069
C24981-T C25000T G25033-A	NA S:D1146D NA	10	11058	0.000904	24850	25069
C24789-A	NA	10	7159	0.001397	24724	24806
C24726-A	NA	10	6506	0.001537	24724	24806
C24555-A	NA	10	52847	0.000189	24537	24639
C24536-A A24538G	NA S:Q992Q	10	53269	0.000188	24505	24564
C24517T	S:D985D	10	53653	0.000186	24484	24564
C24507+T	NA	10	53721	0.000186	24490	24564
C23854A T23875C	S:N764K S:A771A	10	15488	0.000646	23684	23895
C23816+T	NA	10	16574	0.000603	23767	23827
C23785+A	NA	10	16877	0.000593	23689	23795
C23707+G	NA	10	45912	0.000218	23698	23715
C23701T C23854A	S:A713A S:N764K	10	12742	0.000785	23699	23895
C23673+A	NA	10	30103	0.000332	23666	23723
C23625T	S:A688V	10	63361	0.000158	23616	23642
C23604A T23637-C	S:P681H NA	10	60946	0.000164	23599	23642
C23525T T23599G C23604A G23619A	S:H655Y S:N679K S:P681H S:S686N	10	33987	0.000294	23505	23627
C23525T T23599G C23604A C23638T	S:H655Y S:N679K S:P681H S:I692I	10	33271	0.000301	23487	23642
C23525T T23599G C23604A C23609-G	S:H655Y S:N679K S:P681H NA	10	34012	0.000294	23493	23639
C23525T C23585T T23599G	S:H655Y S:Q675* S:N679K	10	34042	0.000294	23487	23642
C23525T C23533T T23599G C23604A	S:H655Y S:N657N S:N679K S:P681H	10	34027	0.000294	23487	23624
C23525T A23598+G C23604A	S:H655Y NA S:P681Y	10	34027	0.000294	23487	23642
C23525T A23586T T23599G C23604A	S:H655Y S:Q675L S:N679K S:P681H	10	34027	0.000294	23498	23642
C23506T C23525T A23558-T T23599G C23604A	S:G648G S:H655Y NA S:N679K S:P681H	10	33796	0.000296	23487	23624
C23498+G C23525T T23599G C23604A	NA S:H655S S:N679* S:P681Y	10	33333	0.0003	23486	23642
C23492-A C23525T	NA S:H655Y	10	48227	0.000207	23487	23539
C23492+A C23525T T23599G C23604A	NA S:H655S S:N679* S:P681Y	10	32998	0.000303	23486	23641
C23492+A	NA	10	48839	0.000205	23486	23503
C23393-T A23403G	NA S:D614G	10	25026	0.0004	23385	23434
C23367+G	NA	10	28383	0.000352	23339	23374
C23347+G	NA	10	29089	0.000344	23335	23366
C23334-T T23377+A	NA NA	10	10957	0.000913	23270	23386
C23334-T T23355-A	NA NA	10	11280	0.000887	23269	23369
C23334-T A23403G C23422T	NA S:D614G S:V620V	10	10270	0.000974	23285	23434
C23306+T	NA	10	11757	0.000851	23269	23325
C23123T G23204T T23257C	S:P521S S:G548C S:F565F	10	4877	0.00205	23089	23274
C22329+G	NA	10	3911	0.002557	22322	22446
C22311T G22317T	S:T250I S:G252V	10	10737	0.000931	22268	22319
C22286A G22317T	S:L242I S:G252V	10	10497	0.000953	22274	22319
C22109G T22200A C22264T C22286A G22317T	S:Q183E S:V213E S:N234N S:L242I S:G252V	10	2801	0.00357	22100	22319
C22109G A22161-T	S:Q183E NA	10	4856	0.002059	22100	22173
C21618T C21622T T21632-TACCCCCTG	S:T19I S:T20T S:DEL25/27	10	2898	0.003451	21597	21664
A25397+T	NA	10	13396	0.000746	25372	25410
A25381G C25416T	S:T1273T ORF3a:F8F	10	12094	0.000827	25373	25477
A25208G	S:I1216V	10	25794	0.000388	25172	25210
A25188G C25262-T	S:Y1209C NA	10	18651	0.000536	25130	25281
A25143G	S:N1194S	10	22912	0.000436	25136	25210
A25134-G C25262-T	NA NA	10	16107	0.000621	25122	25325
A25133G	S:K1191E	10	21895	0.000457	25122	25325
A25125G C25262-T	S:E1188G NA	10	15315	0.000653	25122	25325
A24915G C25000T	S:D1118G S:D1146D	10	11073	0.000903	24853	25069
A24875G	S:T1105A	10	15274	0.000655	24857	24889
A24862G C25000T	S:T1100T S:D1146D	10	10762	0.000929	24850	25022
A24860G C24981-T C25000T	S:T1100A NA S:D1146D	10	10744	0.000931	24850	25022
A24783G	S:N1074S	10	7161	0.001396	24724	24806
A24673T	S:S1037S	10	25880	0.000386	24612	24676
A24669G	S:Q1036R	10	26006	0.000385	24479	24679
A24652G C24672-A	S:S1030S NA	10	25816	0.000387	24612	24679
A24652C	S:S1030S	10	26230	0.000381	24633	24679
A24641G	S:T1027A	10	26308	0.00038	24612	24679
A24592G	S:Q1010Q	10	21721	0.00046	24488	24679
A24538G	S:Q992Q	10	53310	0.000188	24482	24564
A24537G	S:Q992R	10	53292	0.000188	24480	24564
A24518G C24672-A	S:K986E NA	10	20759	0.000482	24513	24679
A24485G	S:S975G	10	53346	0.000187	24473	24564
A24479-T C24672-A	NA NA	10	19167	0.000522	24470	24679
A24424T T24544C	S:Q954H S:D994D	10	29216	0.000342	24412	24564
A24424T T24481C	S:Q954H S:I973I	10	29780	0.000336	24412	24564
A24424T T24448C T24469A	S:Q954H S:L962L S:N969K	10	29869	0.000335	24412	24564
A24424T T24438+A C24466+A	S:Q954H NA NA	10	29886	0.000335	24413	24500
A24424T G24527A	S:Q954H S:A989T	10	29437	0.00034	24412	24564
A24424T G24434+C	S:Q954H NA	10	30268	0.00033	24412	24451
A24424T A24508G	S:Q954H S:S982S	10	29608	0.000338	24412	24564
A24424T A24439G	S:Q954H S:L959L	10	30201	0.000331	24412	24456
A24423G A24424T	S:Q954R S:Q954R	10	32391	0.000309	24412	24424
A24324-AT A24424T	NA S:Q954H	10	1658	0.006031	24229	24424
A24170G	S:I870V	10	6716	0.001489	24154	24191
A24110-T G24140-T	NA NA	10	2560	0.003906	24021	24152
A24065G	S:K835E	10	4151	0.002409	24027	24071
A23779G C23854A	S:T739T S:N764K	10	15068	0.000664	23683	23895
A23760G C23854A	S:K733R S:N764K	10	13138	0.000761	23683	23895
A23734G C23854A	S:T724T S:N764K	10	12964	0.000771	23710	23895
A23729G C23854A	S:T723A S:N764K	10	12924	0.000774	23683	23895
A23586T T23599G C23604A	S:Q675L S:N679K S:P681H	10	61534	0.000163	23580	23642
A23583+T T23599G C23604A	NA S:N679* S:P681Y	10	61428	0.000163	23580	23639
A23541-TGAGTGTGACATACCCATT T23599G C23604G	NA S:N679K S:P681R	10	34339	0.000291	23487	23640
A23515+G T23599G C23604G	NA S:N679* S:P681C	10	33951	0.000295	23486	23641
A23515+G A23523T C23525T A23558-T T23599G C23604A	NA S:E654L S:H655S NA S:N679* S:P681Y	10	33951	0.000295	23486	23628
A23512G C23525T T23599G C23604A	S:L650L S:H655Y S:N679K S:P681H	10	33888	0.000295	23487	23642
A23418G C23525T	S:E619G S:H655Y	10	13199	0.000758	23335	23539
A23403G T23425C C23525T	S:D614G S:P621P S:H655Y	10	12519	0.000799	23394	23539
A23403G T23425C	S:D614G S:P621P	10	24756	0.000404	23335	23443
A23403G T23404C	S:D614G S:D614G	10	25285	0.000395	23360	23429
A23403G G23519A C23525T	S:D614G S:A653T S:H655Y	10	12519	0.000799	23386	23539
A23403G G23486-T	S:D614G NA	10	12791	0.000782	23335	23533
A23403G C23481+T	S:D614G NA	10	12857	0.000778	23335	23498
A23403G A23495G C23525T	S:D614G S:T645A S:H655Y	10	12519	0.000799	23390	23532
A23400T	S:Q613L	10	25932	0.000386	23335	23440
A23397+T	NA	10	26268	0.000381	23335	23409
A23379G A23403G	S:N606S S:D614G	10	24414	0.00041	23335	23443
A23366G A23403G C23423T C23525T	S:T602A S:D614G S:P621S S:H655Y	10	11489	0.00087	23335	23539
A23295G A23403G	S:D578G S:D614G	10	10381	0.000963	23281	23443
A23116G	S:L518L	10	7638	0.001309	23108	23219
A23109G	S:E516G	10	7629	0.001311	23089	23190
A23063T	S:N501Y	10	1439	0.006949	23056	23224
A23013C T23019C T23031C A23063T	S:E484A S:F486S S:F490S S:N501Y	10	1152	0.008681	23008	23224
A23013C T23018C T23019C T23031C T23075C	S:E484A S:F486P S:F486P S:F490S S:Y505H	10	1109	0.009017	23008	23081
A22798+G	NA	10	10938	0.000914	22793	22842
A22294G G22317T	S:L244L S:G252V	10	10611	0.000942	22273	22319
A22101T C22109G T22200A G22218A	Unknown S:Q183E S:V213E S:G219D	10	4215	0.002372	22100	22230
A21979-T G21987A A21993-TTACC A21999C C22009-A	NA S:G142D NA S:H146P NA	10	7585	0.001318	21847	22040
A21887-CTTT G21987A T21990-TTA A21999-C C22033A	NA S:G142D S:DEL144 NA S:F157L	10	5398	0.001853	21874	22058
A21887-CTTT G21987A T21990-TTA A21999-C	NA S:G142D S:DEL144 NA	10	5711	0.001751	21865	22015
A21875-T G21987A	NA S:G142D	10	7311	0.001368	21867	21993
