nt_mutations	aa_mutations	cluster_depth	total_depth	frequency	coverage_start	coverage_end
C23525T T23599G C23604A	S:H655Y S:N679K S:P681H	72729	140572	0.517379	23522	23605
C23854A	S:N764K	18871	58803	0.320919	23852	23858
A24424T	S:Q954H	17392	98648	0.176304	24421	24424
A24424T T24469A	S:Q954H S:N969K	16253	97164	0.167274	24421	24476
A23403G	S:D614G	10603	31410	0.337568	23400	23408
C25000T	S:D1146D	8053	35756	0.225221	24996	25003
C25262-T	NA	5600	114405	0.048949	25259	25272
T24469A	S:N969K	5343	100656	0.053082	24465	24471
T23599G C23604A	S:N679K S:P681H	5087	142888	0.035601	23595	23614
C25416T	ORF3a:F8F	4816	35022	0.137514	25384	25419
C24981-T C25000T	NA S:D1146D	3115	35483	0.087789	24923	25003
C23887-A	NA	2915	56686	0.051424	23862	23894
C23525T	S:H655Y	2805	146226	0.019183	23516	23528
C23334-T A23403G	NA S:D614G	2528	30689	0.082375	23300	23409
C25262-TT	NA	2455	114405	0.021459	25251	25275
G22813T T22882G G22895C T22896C G22898A T22942G	S:K417N S:N440K S:V445P S:V445P S:G446S S:N460K	2412	21847	0.110404	22811	22944
C23525T T23599G	S:H655Y S:N679K	2391	140627	0.017002	23517	23601
C23525T A23558G T23599G C23604A	S:H655Y S:I666V S:N679K S:P681H	2313	140572	0.016454	23516	23605
C23334-T	NA	2210	32164	0.06871	23285	23345
C23525T C23604A	S:H655Y S:P681H	2162	140572	0.01538	23517	23608
C24672-A	NA	1865	12285	0.151811	24655	24684
G25302-T	NA	1812	117480	0.015424	25295	25310
G22813T T22882G A22893C T22917G	S:K417N S:N440K S:K444T S:L452R	1708	24570	0.069516	22809	22919
G22813T T22882G G22895C T22896C G22898A	S:K417N S:N440K S:V445P S:V445P S:G446S	1683	25618	0.065696	22809	22906
A24424T T24469A C24536-AA	S:Q954H S:N969K NA	1597	95557	0.016713	24416	24552
T22942A	S:N460K	1323	26869	0.049239	22938	22947
A21764-TACATG	S:DEL69/70	1321	8856	0.149164	21757	21788
G22317T	S:G252V	1302	6132	0.212329	22315	22318
A23786-T C23854A	NA S:N764K	1185	54744	0.021646	23779	23871
A24424T T24469A T24472-G	S:Q954H S:N969K NA	1111	97010	0.011452	24418	24476
G25555-T	NA	1088	28336	0.038396	25383	25563
A24424T T24469A C24536-A	S:Q954H S:N969K NA	1081	95557	0.011313	24415	24546
A24424T C24536-AA	S:Q954H NA	982	95557	0.010277	24418	24550
C21618T T21632-TACCCCCTG	S:T19I S:DEL25/27	940	2355	0.399151	21605	21653
C24536-AA	NA	894	101684	0.008792	24527	24552
T22942G	S:N460K	889	26869	0.033086	22938	22949
C23525T A23558-T T23599G C23604A	S:H655Y NA S:N679K S:P681H	885	140572	0.006296	23505	23610
G22813T T22882G T22942A	S:K417N S:N440K S:N460K	881	21847	0.040326	22809	22947
G22813T T22882G A22893C T22917G T22942A	S:K417N S:N440K S:K444T S:L452R S:N460K	872	21847	0.039914	22809	22944
G22813T T22882G T22917G T22942A	S:K417N S:N440K S:L452R S:N460K	810	21847	0.037076	22809	22949
G25218-T	NA	783	107747	0.007267	25211	25232
A21764-TACATG A21817-T	S:DEL69/70 NA	724	8687	0.083343	21757	21832
C24455-A	NA	723	100145	0.00722	24433	24464
T25191-A	NA	664	88176	0.00753	25178	25197
A23515+G C23525T T23599G C23604A	NA S:H655S S:N679* S:P681Y	664	140379	0.00473	23505	23605
A24424T C24536-A	S:Q954H NA	622	95557	0.006509	24416	24552
T23488C C23525T T23599G C23604A	Unknown S:H655Y S:N679K S:P681H	611	137521	0.004443	23487	23624
T24469A C24536-AA	S:N969K NA	605	98841	0.006121	24465	24554
G22813T T22882G	S:K417N S:N440K	602	26861	0.022412	22809	22886
A24253-T	NA	592	10852	0.054552	24239	24269
T23599G	S:N679K	561	142946	0.003925	23595	23602
C23525T C23595T T23599G C23604A	S:H655Y S:T678I S:N679K S:P681H	553	140572	0.003934	23516	23624
T25191-A C25262-T	NA NA	549	86201	0.006369	25140	25272
C24422-A A24425T	NA S:N955Y	549	98526	0.005572	24416	24435
C23604A	S:P681H	546	143022	0.003818	23600	23622
C25416T G25555-T	ORF3a:F8F NA	520	28336	0.018351	25376	25564
C23525T G23587A T23599G C23604A	S:H655Y S:Q675Q S:N679K S:P681H	519	140572	0.003692	23522	23624
C24981-T	NA	514	36236	0.014185	24955	24986
T23511+A C23525T T23599G C23604A	NA S:H655S S:N679* S:P681Y	512	140296	0.003649	23505	23608
T24267-G	NA	508	10834	0.046889	24246	24308
T24469A T24472-G	S:N969K NA	483	100485	0.004807	24460	24552
C25214+G	NA	469	101321	0.004629	25207	25307
A24424T C24455-A	S:Q954H NA	461	97788	0.004714	24418	24468
A23853-C	NA	451	58866	0.007661	23846	23867
G25287-T	NA	442	116193	0.003804	25280	25316
C22120-A	NA	430	4817	0.089267	22112	22170
A23712+T	NA	428	62984	0.006795	23706	23723
G22813T T22882G T22896C G22898A T22942G	S:K417N S:N440K S:V445A S:G446S S:N460K	405	21847	0.018538	22809	22944
G25278-T	NA	404	115654	0.003493	25271	25299
C23525T A23594-C T23599G C23604A	S:H655Y NA S:N679K S:P681H	404	140572	0.002874	23508	23621
G22813T	S:K417N	394	27641	0.014254	22809	22816
G23522A C23525T T23599G C23604A	S:E654K S:H655Y S:N679K S:P681H	386	140562	0.002746	23508	23624
C24536-A	NA	384	101684	0.003776	24528	24552
A21817-T	NA	369	9758	0.037815	21793	21827
G23768-T	NA	366	60803	0.006019	23699	23778
C23525T G23587T C23595T T23599G C23604A	S:H655Y S:Q675H S:T678I S:N679K S:P681H	366	140572	0.002604	23501	23624
A24424T T24438+A	S:Q954H NA	359	98333	0.003651	24421	24449
T24976C C25000T	S:Y1138Y S:D1146D	357	35370	0.010093	24971	25014
C23525T A23550G T23599G C23604A	S:H655Y S:D663G S:N679K S:P681H	357	140572	0.00254	23501	23622
C23854A C23887-A	S:N764K NA	356	55719	0.006389	23852	23894
T25187+A	NA	349	85357	0.004089	25178	25204
G25290A	S:C1243Y	348	116399	0.00299	25284	25315
G22813T T22942A	S:K417N S:N460K	347	21847	0.015883	22803	22959
C23525T C23533-A T23599G C23604A	S:H655Y NA S:N679K S:P681H	344	140572	0.002447	23515	23612
G25299-C	NA	343	117228	0.002926	25292	25323
C23525T A23594G T23599G C23604A	S:H655Y S:T678A S:N679K S:P681H	341	140572	0.002426	23505	23613
T25191-A C25262-TT	NA NA	333	86201	0.003863	25140	25283
T25382+A	NA	330	35410	0.009319	25375	25399
C25294-A	NA	325	116688	0.002785	25285	25303
C24852-A C25000T	NA S:D1146D	323	32633	0.009898	24850	25013
T23689-A	NA	304	62335	0.004877	23684	23698
C23525T A23539G T23599G C23604A	S:H655Y S:S659S S:N679K S:P681H	295	140572	0.002099	23505	23624
T24438+A	NA	294	100252	0.002933	24428	24448
C23525T T23599G C23604A C23625T	S:H655Y S:N679K S:P681H S:A688V	290	140314	0.002067	23508	23629
C23525T T23548C T23599G C23604A	S:H655Y S:C662C S:N679K S:P681H	289	140572	0.002056	23501	23624
C23525T A23531G T23599G C23604A	S:H655Y S:N657D S:N679K S:P681H	286	140572	0.002035	23516	23624
T25310C	S:C1250R	281	118274	0.002376	25303	25320
C23525T T23599G T23600C C23604A	S:H655Y S:N679K S:S680P S:P681H	279	140572	0.001985	23503	23624
T25140-A	NA	278	80890	0.003437	25132	25150
G23835-T C23854A	NA S:N764K	277	56917	0.004867	23827	23873
G22813T T22882G G22895C G22898A	S:K417N S:N440K S:V445L S:G446S	275	25618	0.010735	22801	22906
T24469A C24536-A	S:N969K NA	274	98841	0.002772	24463	24552
C23525T T23599G C23604A A23631G	S:H655Y S:N679K S:P681H S:Q690R	270	137713	0.001961	23501	23639
A24922-T C24981-T C25000T	NA NA S:D1146D	270	34258	0.007881	24910	25005
A24424T T24469A T24472-G C24536-AA	S:Q954H S:N969K NA NA	270	95557	0.002826	24416	24558
T23703-A	NA	269	63365	0.004245	23684	23711
G22813T T22882G A22893C	S:K417N S:N440K S:K444T	268	26558	0.010091	22808	22896
C23525T A23554G T23599G C23604A	S:H655Y S:I664M S:N679K S:P681H	266	140572	0.001892	23489	23622
A24424T G24488-T	S:Q954H NA	266	96716	0.00275	24413	24503
C23525T A23552G T23599G C23604A	S:H655Y S:I664V S:N679K S:P681H	265	140572	0.001885	23501	23622
A25137-T	NA	265	80602	0.003288	25130	25147
C24422-A	NA	264	98651	0.002676	24415	24435
A24424T T24451+A	S:Q954H NA	263	97937	0.002685	24413	24461
G22813T T22882G T22917G	S:K417N S:N440K S:L452R	254	24570	0.010338	22811	22921
T25263C	S:L1234P	253	114551	0.002209	25250	25291
C23525T T23529C T23599G C23604A	S:H655Y S:V656A S:N679K S:P681H	253	140572	0.0018	23501	23624
A24424T T24471-TG	S:Q954H NA	253	97017	0.002608	24416	24554
A23495T C23525T T23599G C23604A	S:T645S S:H655Y S:N679K S:P681H	251	138624	0.001811	23487	23624
A21764-TACATG G21786A	S:DEL69/70 S:G75D	251	8825	0.028442	21757	21802
A23786+T	NA	250	59970	0.004169	23699	23793
C23816-T C23854A	NA S:N764K	247	55780	0.004428	23792	23873
G25297A	S:K1245K	246	117045	0.002102	25288	25307
C23525T T23584C T23599G C23604A	S:H655Y S:Y674Y S:N679K S:P681H	244	140572	0.001736	23507	23624
A24885+T C24981-T C25000T	NA NA S:D1146S	242	33614	0.007199	24856	25008
G23508+T C23525T T23599G C23604A	NA S:H655S S:N679* S:P681Y	233	140086	0.001663	23492	23624
C23525T T23599G T23602C C23604A	S:H655Y S:N679K S:S680S S:P681H	233	140572	0.001658	23516	23624
G24971+T C24981-T C25000T	NA NA S:D1146S	232	35261	0.00658	24910	25004
C23525T T23599G C23604A C23609T	S:H655Y S:N679K S:P681H S:R683W	232	140529	0.001651	23501	23624
G25540+T	NA	230	29057	0.007915	25375	25552
C23525T T23546C T23599G C23604A	S:H655Y S:C662R S:N679K S:P681H	228	140572	0.001622	23508	23624
C23502T C23525T T23599G C23604A	S:A647V S:H655Y S:N679K S:P681H	228	139562	0.001634	23493	23624
G25218-T C25262-T	NA NA	227	107104	0.002119	25140	25275
C23525T T23599G C23604A T23617C	S:H655Y S:N679K S:P681H S:R685R	226	140458	0.001609	23501	23624
A24803-T	NA	226	11146	0.020276	24782	24806
A25137+T	NA	225	80602	0.002791	25130	25147
T25171C	S:L1203L	217	83618	0.002595	25151	25178
A25253G	S:T1231A	217	113719	0.001908	25249	25261
T25268C	S:C1236R	216	114836	0.001881	25250	25313
G25244-T	NA	216	113193	0.001908	25234	25261
C23525T T23599G C23604A T23629C	S:H655Y S:N679K S:P681H S:S689S	216	138069	0.001564	23501	23634
C25262-TT G25278-T	NA NA	215	113979	0.001886	25251	25307
C23525T T23599G T23602-C C23604A	S:H655Y S:N679K NA S:P681H	215	140572	0.001529	23513	23624
C23525T A23588G T23599G C23604A	S:H655Y S:T676A S:N679K S:P681H	215	140572	0.001529	23500	23624
A25216-G	NA	215	104674	0.002054	25209	25285
C24672-A A24684-T	NA NA	214	11435	0.018714	24631	24696
C23525T A23544G T23599G C23604A	S:H655Y S:E661G S:N679K S:P681H	214	140572	0.001522	23505	23622
C23525T A23534G T23599G C23604A	S:H655Y S:N658D S:N679K S:P681H	214	140572	0.001522	23487	23624
A23495G C23525T T23599G C23604A	S:T645A S:H655Y S:N679K S:P681H	214	138624	0.001544	23487	23624
A25374-T	NA	213	34988	0.006088	25372	25388
G25135+A	NA	212	80378	0.002638	25131	25145
C23525T T23599G C23604A T23620C	S:H655Y S:N679K S:P681H S:S686S	210	140443	0.001495	23506	23624
T25291C	S:C1243C	208	116505	0.001785	25285	25307
T23521C C23525T T23599G C23604A	S:A653A S:H655Y S:N679K S:P681H	208	140543	0.00148	23492	23624
C23525T T23537C T23599G C23604A	S:H655Y S:S659P S:N679K S:P681H	207	140572	0.001473	23516	23624
A23497G C23525T T23599G C23604A	S:T645T S:H655Y S:N679K S:P681H	207	138701	0.001492	23492	23624
C25207T	S:Y1215Y	206	94451	0.002181	25202	25320
C23525T T23527C T23599G C23604A	S:H655Y S:H655Y S:N679K S:P681H	205	140572	0.001458	23507	23622
G24971+T C25000T	NA S:D1146S	204	35261	0.005785	24936	25008
G24690+T	NA	203	12231	0.016597	24628	24698
C23525T T23563C T23599G C23604A	S:H655Y S:G667G S:N679K S:P681H	203	140572	0.001444	23492	23624
C23525T T23590C T23599G C23604A	S:H655Y S:T676T S:N679K S:P681H	201	140572	0.00143	23487	23624
C23525T A23586G T23599G C23604A	S:H655Y S:Q675R S:N679K S:P681H	201	140572	0.00143	23505	23615
C23525T T23599G C23604A A23618G	S:H655Y S:N679K S:P681H S:S686G	200	140452	0.001424	23516	23624
A21764-TACATG A21817-T A21875-T	S:DEL69/70 NA NA	199	8281	0.024031	21757	21899
C23525T T23560C T23599G C23604A	S:H655Y S:I666I S:N679K S:P681H	198	140572	0.001409	23516	23624
T25251C	S:V1230A	196	113581	0.001726	25233	25323
T22882G	S:N440K	196	27739	0.007066	22876	22885
T24471-TG	NA	195	100627	0.001938	24461	24554
T21632-TACCCCCTG	S:DEL25/27	195	2355	0.082803	21608	21653
G23948T	S:D796Y	195	834	0.233813	23944	23951
T25307C	S:S1249P	194	118137	0.001642	25301	25320
G23835+T C23887-A	NA NA	194	53859	0.003602	23705	23895
T24451+A	NA	193	100220	0.001926	24428	24455
T25209G	S:I1216S	192	97447	0.00197	25201	25243
C23525T G23587C T23599G C23604A C23638T	S:H655Y S:Q675H S:N679K S:P681H S:I692I	192	136544	0.001406	23509	23642
G25218-T C25262-TT	NA NA	190	107104	0.001774	25130	25274
C23525T T23569C T23599G C23604A	S:H655Y S:G669G S:N679K S:P681H	190	140572	0.001352	23516	23624
A23786+T C23887-A	NA NA	189	51722	0.003654	23767	23895
T25322C	S:C1254R	188	117392	0.001601	25304	25323
A25472+T	NA	188	33689	0.00558	25372	25483
T23489C C23525T T23599G C23604A	S:F643L S:H655Y S:N679K S:P681H	187	137774	0.001357	23487	23624
C23525T T23599G C23604A A23614G	S:H655Y S:N679K S:P681H S:A684A	187	140485	0.001331	23505	23624
C23525T A23566G T23599G C23604A	S:H655Y S:A668A S:N679K S:P681H	187	140572	0.00133	23515	23624
A23704+C	NA	187	63332	0.002953	23696	23714
C23525T A23598G T23599G C23604A	S:H655Y S:N679R S:N679R S:P681H	186	140572	0.001323	23508	23624
C24852-A	NA	184	36982	0.004975	24850	24865
A23403G C23430T	S:D614G S:A623V	184	30653	0.006003	23375	23434
T25283C	S:C1241R	182	115901	0.00157	25271	25316
G24521+T	NA	182	101878	0.001786	24490	24531
C25517-T	NA	182	30637	0.005941	25381	25528
C23525T A23532G T23599G C23604A	S:H655Y S:N657S S:N679K S:P681H	182	140572	0.001295	23505	23624
A25274G	S:T1238A	180	115327	0.001561	25262	25323
A24424T C24517-A	S:Q954H NA	180	96086	0.001873	24417	24554
C25207G	S:Y1215*	179	94451	0.001895	25203	25266
C23525T T23599G C23604A T23626C	S:H655Y S:N679K S:P681H S:A688A	179	138262	0.001295	23502	23629
A25208-T	NA	179	96887	0.001848	25201	25320
T23509C C23525T T23599G C23604A	S:C649C S:H655Y S:N679K S:P681H	178	140263	0.001269	23487	23624
T23500C C23525T T23599G C23604A	S:R646R S:H655Y S:N679K S:P681H	178	139000	0.001281	23487	23624
G23835+T	NA	177	58819	0.003009	23832	23843
T23507C C23525T T23599G C23604A	S:C649R S:H655Y S:N679K S:P681H	176	140031	0.001257	23493	23624
C23525T A23572G T23599G C23604A	S:H655Y S:I670M S:N679K S:P681H	176	140572	0.001252	23505	23624
A23493G C23525T T23599G C23604A	S:Q644R S:H655Y S:N679K S:P681H	176	138377	0.001272	23488	23624
A21764-TACATG G21786A A21817-T	S:DEL69/70 S:G75D NA	175	8687	0.020145	21757	21836
G24488-T	NA	174	101374	0.001716	24465	24510
C24899-A C24981-T C25000T	NA NA S:D1146D	174	33922	0.005129	24868	25007
C23525T T23599G C23604G	S:H655Y S:N679K S:P681R	174	140572	0.001238	23492	23624
G23768-T C23887-A	NA NA	173	51470	0.003361	23700	23895
T25415-C	NA	172	35046	0.004908	25382	25429
T25237C	S:I1225I	172	112851	0.001524	25232	25325
A23712+T C23887-A	NA NA	170	50842	0.003344	23705	23894
G24992-A C25000T	NA S:D1146D	168	35674	0.004709	24990	25061
C23525T T23582C T23599G C23604A	S:H655Y S:Y674H S:N679K S:P681H	168	140572	0.001195	23512	23624
C23525T T23553C T23599G C23604A	S:H655Y S:I664T S:N679K S:P681H	168	140572	0.001195	23501	23624
T25304C	S:C1248R	167	117845	0.001417	25300	25307
T23487C C23525T T23599G C23604A	Unknown S:H655Y S:N679K S:P681H	167	85060	0.001963	23486	23624
T22882G G22895C T22896C G22898A T22942G	S:N440K S:V445P S:V445P S:G446S S:N460K	167	22698	0.007357	22876	22949
G25305-T	NA	167	117910	0.001416	25298	25323
A24424T T24469A T24472-G C24536-A	S:Q954H S:N969K NA NA	167	95557	0.001748	24413	24564
T25293C	S:L1244P	166	116648	0.001423	25287	25316
G24933T C25000T	S:G1124V S:D1146D	165	34414	0.004795	24871	25009
C25276-A	NA	165	115477	0.001429	25264	25323
C23525T T23599G C23604A G23612A	S:H655Y S:N679K S:P681H S:A684T	165	140514	0.001174	23492	23624
A23503G C23525T T23599G C23604A	S:A647A S:H655Y S:N679K S:P681H	165	139641	0.001182	23501	23624
T25272C	S:M1237T	164	115185	0.001424	25235	25321
A24922-T C25000T	NA S:D1146D	164	34258	0.004787	24872	25008
A23013C T23018G A23055G A23063T T23075C	S:E484A S:F486V S:Q498R S:N501Y S:Y505H	161	2593	0.06209	23009	23092
C23525T A23592G T23599G C23604A	S:H655Y S:Q677R S:N679K S:P681H	160	140572	0.001138	23487	23624
A24684-T	NA	160	12299	0.013009	24673	24717
G22813T T22882G A22893C T22942A	S:K417N S:N440K S:K444T S:N460K	157	21847	0.007186	22793	22949
T25301C	S:C1247R	155	117400	0.00132	25292	25307
A24424T T24451+A T24469A	S:Q954H NA S:N969Q	155	97164	0.001595	24417	24479
G23735+A	NA	154	61910	0.002487	23695	23745
C23816-T	NA	154	59452	0.00259	23699	23827
C23525T T23599G C23604A T23622C	S:H655Y S:N679K S:P681H S:V687A	154	140424	0.001097	23488	23624
A23558-T T23599G C23604A	NA S:N679K S:P681H	153	141671	0.00108	23544	23616
T25306C	S:C1248C	152	117981	0.001288	25294	25320
T25280C	S:C1240R	152	115785	0.001313	25270	25310
C23525T T23599G C23604A A23623G	S:H655Y S:N679K S:P681H S:V687V	151	140397	0.001076	23493	23637
C25132+A	NA	150	80015	0.001875	25124	25143
T23491C C23525T T23599G C23604A	S:F643F S:H655Y S:N679K S:P681H	149	137864	0.001081	23487	23624
T22882G G22895C T22896C G22898A	S:N440K S:V445P S:V445P S:G446S	149	26487	0.005625	22876	22906
C24517-A	NA	149	101933	0.001462	24508	24527
C23525T T23599G C23604A T23637-C	S:H655Y S:N679K S:P681H NA	149	136625	0.001091	23515	23642
C23525T T23599G C23604A A23639-T	S:H655Y S:N679K S:P681H NA	149	134447	0.001108	23499	23642
T25219C	S:G1219G	148	108372	0.001366	25138	25316
T23742-A	NA	148	61552	0.002404	23704	23755
C25000T C25047T	S:D1146D S:P1162L	147	34415	0.004271	24970	25065
C23709+A	NA	147	63154	0.002328	23699	23722
C23525T T23571C T23599G C23604A	S:H655Y S:I670T S:N679K S:P681H	146	140572	0.001039	23508	23624
C25207+G	NA	145	94451	0.001535	25200	25307
C22062-T C22120-A	NA NA	145	3874	0.037429	22047	22180
C23833-A C23854A	NA S:N764K	144	56725	0.002539	23825	23881
C23525T T23599G C23604A A23636G	S:H655Y S:N679K S:P681H S:I692V	144	136785	0.001053	23505	23637
C23525T A23579G T23599G C23604A	S:H655Y S:S673G S:N679K S:P681H	144	140572	0.001024	23504	23624
C23525T T23542C T23599G C23604A	S:H655Y S:Y660Y S:N679K S:P681H	143	140572	0.001017	23505	23624
A23523G C23525T T23599G C23604A	S:E654G S:H655Y S:N679K S:P681H	143	140565	0.001017	23505	23621
A23513G C23525T T23599G C23604A	S:I651V S:H655Y S:N679K S:P681H	143	140334	0.001019	23492	23624
G25181+A	NA	141	83869	0.001681	25172	25268
G22813T T22882G G22898A T22942G	S:K417N S:N440K S:G446S S:N460K	141	21847	0.006454	22809	22948
C23709-A	NA	141	63154	0.002233	23705	23719
C23525T T23540C T23599G C23604A	S:H655Y S:Y660H S:N679K S:P681H	141	140572	0.001003	23508	23624
T25152C	S:L1197P	140	82887	0.001689	25147	25165
C24422-A A24425T T24469A	NA S:N955Y S:N969K	140	97146	0.001441	24412	24546
C23525T A23526G T23599G C23604A	S:H655C S:H655C S:N679K S:P681H	139	140572	0.000989	23487	23624
T25140+A	NA	138	80890	0.001706	25135	25150
C23525T T23573C T23599G C23604A	S:H655Y S:C671R S:N679K S:P681H	138	140572	0.000982	23513	23626
C23277T A23403G	S:T572I S:D614G	138	29435	0.004688	23272	23429
A25531-T	NA	138	29282	0.004713	25374	25546
T25312C	S:C1250C	136	118341	0.001149	25297	25323
C23525T C23575T T23599G C23604A	S:H655Y S:C671C S:N679K S:P681H	136	140572	0.000967	23501	23607
A25295G	S:K1245E	136	116851	0.001164	25261	25312
G25135+A C25262-T	NA NA	135	75890	0.001779	25130	25293
C23525T T23599G C23604A A23632G	S:H655Y S:N679K S:P681H S:Q690Q	135	137661	0.000981	23493	23634
A23558G T23599G C23604A	S:I666V S:N679K S:P681H	135	141671	0.000953	23541	23624
A22941-T	NA	135	26936	0.005012	22934	22950
C23525T T23581C T23599G C23604A	S:H655Y S:S673S S:N679K S:P681H	134	140572	0.000953	23490	23624
A24424T T24469A C24517-A	S:Q954H S:N969K NA	134	96086	0.001395	24415	24563
A23494G C23525T T23599G C23604A	S:Q644Q S:H655Y S:N679K S:P681H	134	138610	0.000967	23487	23623
T25161C	S:L1200P	133	83487	0.001593	25139	25164
T25191+A	NA	132	88176	0.001497	25140	25203
T22882G A22893C T22917G	S:N440K S:K444T S:L452R	132	25432	0.00519	22852	22921
C23525T G23576A T23599G C23604A	S:H655Y S:A672T S:N679K S:P681H	132	140572	0.000939	23487	23623
A24424T G24521+T	S:Q954H NA	132	95928	0.001376	24416	24539
G25204A	S:W1214*	131	92791	0.001412	25199	25260
C23525T A23541G T23599G C23604A	S:H655Y S:Y660C S:N679K S:P681H	131	140572	0.000932	23487	23624
C23525T A23535G T23599G C23604A	S:H655Y S:N658S S:N679K S:P681H	131	140572	0.000932	23501	23612
A25185-G	NA	131	84713	0.001546	25178	25200
A23524G C23525T T23599G C23604A	S:E654E S:H655Y S:N679K S:P681H	131	140565	0.000932	23489	23612
T25309C	S:S1249S	130	118169	0.0011	25303	25315
C23525T T23599G T23602-C T23605A	S:H655Y S:N679K NA S:P681P	129	140551	0.000918	23495	23629
C23525T A23583G T23599G C23604A	S:H655Y S:Y674C S:N679K S:P681H	129	140572	0.000918	23501	23624
G22158-T	NA	128	5729	0.022342	22150	22180
A23515+G T23599G C23604A	NA S:N679* S:P681Y	128	140379	0.000912	23489	23612
A23013C T23018C T23019C T23031C A23055G A23063T T23075C	S:E484A S:F486P S:F486P S:F490S S:Q498R S:N501Y S:Y505H	128	2593	0.049364	23008	23082
C24878-A	NA	127	37718	0.003367	24862	24888
C23525T A23570G T23599G C23604A	S:H655Y S:I670V S:N679K S:P681H	127	140572	0.000903	23501	23624
T25303C	S:C1247C	126	117570	0.001072	25294	25323
T25209C	S:I1216T	126	97447	0.001293	25200	25283
G22813T T22882G T22896C G22898A	S:K417N S:N440K S:V445A S:G446S	126	25618	0.004918	22809	22908
C22062-T	NA	126	4267	0.029529	22047	22074
A25315G	S:G1251G	126	118371	0.001064	25309	25316
C24672-A G24690+T	NA NA	125	10521	0.011881	24626	24698
C23525T T23599G C23604A G23616A	S:H655Y S:N679K S:P681H S:R685H	125	140464	0.00089	23506	23624
T25257C	S:I1232T	124	114007	0.001088	25249	25292
C23525T T23599G C23604A G23624A	S:H655Y S:N679K S:P681H S:A688T	124	140335	0.000884	23498	23630
A24424T C24466+A	S:Q954H NA	124	97239	0.001275	24412	24476
A23403G C23410T	S:D614G S:N616N	124	31279	0.003964	23389	23423
T25265C	S:C1235R	123	114631	0.001073	25254	25291
T25232C	S:L1224L	122	112536	0.001084	25225	25323
T25228C	S:A1222A	122	112188	0.001087	25217	25261
T23487G C23525T T23599G C23604A	Unknown S:H655Y S:N679K S:P681H	122	85060	0.001434	23486	23624
G23522-A C23525T T23599G C23604A	NA S:H655Y S:N679K S:P681H	122	140562	0.000868	23503	23633
G25198-C	NA	121	90181	0.001342	25191	25275
G24992-A	NA	121	35985	0.003363	24983	25043
A25176G	S:K1205R	120	83693	0.001434	25144	25189
A24424T T24438+A T24469A	S:Q954H NA S:N969Q	120	97164	0.001235	24413	24519
A23515-G C23525T T23599G C23604A	NA S:H655Y S:N679K S:P681H	120	140379	0.000855	23498	23624
T23510C C23525T T23599G C23604A	S:L650L S:H655Y S:N679K S:P681H	119	140286	0.000848	23505	23607
G23499A C23525T T23599G C23604A	S:R646H S:H655Y S:N679K S:P681H	119	138841	0.000857	23487	23624
G22133-A	NA	119	5406	0.022013	22126	22182
G23518A C23525T T23599G C23604A	S:G652G S:H655Y S:N679K S:P681H	118	140498	0.00084	23487	23624
T25150C	S:S1196S	117	81945	0.001428	25145	25162
T25233C	S:L1224S	116	112594	0.00103	25228	25296
C25169-T	NA	115	83599	0.001376	25161	25180
C24455-A T24469A	NA S:N969K	115	99453	0.001156	24428	24486
C23525T T23599G C23604A T23633C	S:H655Y S:N679K S:P681H S:S691P	115	137584	0.000836	23505	23637
T25260C	S:M1233T	114	114139	0.000999	25249	25316
C23525T G23587C T23599G C23604A	S:H655Y S:Q675H S:N679K S:P681H	114	140572	0.000811	23487	23622
C23525T T23596C T23599G C23604A	S:H655Y S:T678T S:N679K S:P681H	113	140572	0.000804	23501	23624
A25453G	ORF3a:K21E	113	34180	0.003306	25375	25476
A25137-T C25262-T	NA NA	113	76122	0.001484	25130	25285
T25434C	ORF3a:T14T	112	34670	0.00323	25384	25494
T25382-A	NA	112	35410	0.003163	25375	25400
C23525T T23599G C23604A G23610A	S:H655Y S:N679K S:P681H S:R683Q	112	140517	0.000797	23487	23624
C23525T T23599G C23604A A23627G	S:H655Y S:N679K S:P681H S:S689G	111	138176	0.000803	23491	23633
A25397-T	NA	111	35438	0.003132	25383	25412
G23505A C23525T T23599G C23604A	S:G648D S:H655Y S:N679K S:P681H	110	139732	0.000787	23487	23624
C25546+T	NA	110	28927	0.003803	25372	25555
A24424T T24514C	S:Q954H S:L984L	110	96149	0.001144	24413	24564
G22813T T22882G T22942G	S:K417N S:N440K S:N460K	109	21847	0.004989	22808	22947
C24899-A	NA	109	37134	0.002935	24874	24909
C23758+A	NA	109	61001	0.001787	23733	23774
A24424T C24503-T	S:Q954H NA	109	96394	0.001131	24420	24529
A23786-T	NA	109	59970	0.001818	23703	23799
T25242C	S:I1227T	108	113064	0.000955	25229	25325
G22813T T22882G G22895C T22896C G22898A T22900-G	S:K417N S:N440K S:V445P S:V445P S:G446S NA	108	25584	0.004221	22800	22915
T25285C	S:C1241C	107	116036	0.000922	25256	25323
C23525T T23599G C23604A C23609+G	S:H655Y S:N679K S:P681H NA	107	140529	0.000761	23487	23624
T24469A T24472-G C24536-AA	S:N969K NA NA	106	98841	0.001072	24461	24552
T23850+A C23887-A	NA NA	106	55581	0.001907	23690	23895
C23525T T23599G C23604A T23637C	S:H655Y S:N679K S:P681H S:I692T	106	136625	0.000776	23501	23640
A23712-T	NA	106	62984	0.001683	23705	23724
C23854A A23894G	S:N764K Unknown	105	50853	0.002065	23848	23895
C23525T C23565T T23599G C23604A	S:H655Y S:A668V S:N679K S:P681H	105	140572	0.000747	23508	23626
C23525T C23557-A T23599G C23604A	S:H655Y NA S:N679K S:P681H	105	140572	0.000747	23492	23624
C23492+A C23525T T23599G C23604A	NA S:H655S S:N679* S:P681Y	105	137899	0.000761	23486	23621
A25175G	S:K1205E	105	83688	0.001255	25169	25186
A24424T C24435-T	S:Q954H NA	105	98419	0.001067	24412	24449
T25245C	S:V1228A	104	113206	0.000919	25227	25320
G23501A C23525T T23599G C23604A	S:A647T S:H655Y S:N679K S:P681H	104	139063	0.000748	23488	23624
G22813T T22882G G22895C G22898A T22942G	S:K417N S:N440K S:V445L S:G446S S:N460K	104	21847	0.00476	22800	22948
A25255G	S:T1231T	104	113862	0.000913	25239	25320
A25146G	S:E1195G	104	81676	0.001273	25130	25197
C23525T T23542-G T23599G C23604A	S:H655Y NA S:N679K S:P681H	103	140572	0.000733	23501	23625
T25319C	S:C1253R	102	117931	0.000865	25298	25323
T25270C	S:C1236C	102	114992	0.000887	25260	25290
C24435-T	NA	102	100163	0.001018	24428	24449
C23854A G23873A	S:N764K S:A771T	102	57655	0.001769	23847	23881
A25472-T	NA	102	33689	0.003028	25373	25487
A25246G	S:V1228V	102	113260	0.000901	25233	25324
A24885+T C25000T	NA S:D1146S	102	33614	0.003034	24867	25022
T23850+A	NA	101	58969	0.001713	23699	23872
G23401T A23403G	S:Q613H S:D614G	101	31409	0.003216	23335	23423
G23384-T A23403G	NA S:D614G	101	31102	0.003247	23375	23429
C23525T T23599G C23604A G23608A	S:H655Y S:N679K S:P681H S:R682R	101	140535	0.000719	23501	23624
A24424T T24448C	S:Q954H S:L962L	101	98028	0.00103	24412	24482
A21764-TACATG T21775-G A21817-T	S:DEL69/70 NA NA	101	8687	0.011627	21757	21828
A21764-TACATG C21781-A	S:DEL69/70 NA	101	8829	0.01144	21757	21802
G23519A C23525T T23599G C23604A	S:A653T S:H655Y S:N679K S:P681H	100	140504	0.000712	23487	23624
C24964-A C24981-T C25000T	NA NA S:D1146D	100	35153	0.002845	24850	25018
C23525T T23599G C23604A C23613T	S:H655Y S:N679K S:P681H S:A684V	100	140509	0.000712	23515	23624
A25277G	S:S1239G	100	115553	0.000865	25265	25307
A24424T A24539+T	S:Q954H NA	100	95499	0.001047	24413	24558
C23854A A23886G	S:N764K S:D775G	99	55781	0.001775	23840	23895
C23854A A23880G	S:N764K S:E773G	99	56791	0.001743	23842	23891
C23525T G23587C T23599G C23604A T23637-C	S:H655Y S:Q675H S:N679K S:P681H NA	99	136625	0.000725	23508	23642
G24883-A C25000T	NA S:D1146D	98	33605	0.002916	24872	25065
C24672-AA	NA	98	12285	0.007977	24626	24687
C24466+A	NA	98	100720	0.000973	24465	24476
A25449C	ORF3a:E19D	98	34278	0.002859	25380	25464
A25137+T C25262-T	NA NA	98	76122	0.001287	25130	25320
A24424T A24556G	S:Q954H S:T998T	98	94477	0.001037	24416	24563
C23525T T23578C T23599G C23604A	S:H655Y S:A672A S:N679K S:P681H	97	140572	0.00069	23501	23637
C23525T G23564A T23599G C23604A	S:H655Y S:A668T S:N679K S:P681H	97	140572	0.00069	23501	23624
T25248C	S:M1229T	96	113340	0.000847	25226	25299
A24424T A24551G	S:Q954H S:I997V	96	95140	0.001009	24413	24554
A24318-C	NA	96	10692	0.008979	24311	24333
T25221C	S:F1220S	95	110903	0.000857	25217	25324
G25238A	S:A1226T	95	112883	0.000842	25233	25264
C21618T	S:T19I	95	2419	0.039272	21605	21620
A25208+T	NA	95	96887	0.000981	25130	25227
T25258C	S:I1232I	94	114043	0.000824	25250	25263
T21934-A	NA	94	10137	0.009273	21927	21948
C25047T	S:P1162L	94	35205	0.00267	25041	25062
T25159C	S:D1199D	93	83353	0.001116	25130	25184
C24878-A C24981-T C25000T	NA NA S:D1146D	93	33574	0.00277	24872	25010
A24885+T	NA	93	37472	0.002482	24852	24897
A24424T T24469A A24525G	S:Q954H S:N969K S:E988G	93	95831	0.00097	24413	24564
A23834G C23854A	S:S758G S:N764K	93	56852	0.001636	23825	23873
A21764-TACATG T21934-A	S:DEL69/70 NA	93	8209	0.011329	21757	21956
C25132+A C25262-T	NA NA	92	75544	0.001218	25122	25325
C23492-A	NA	92	145272	0.000633	23488	23505
A24424T T24447C T24469A	S:Q954H S:L962P S:N969K	92	97164	0.000947	24412	24543
A24423+T	NA	92	98655	0.000933	24413	24430
A21817-T A21875-T	NA NA	92	9224	0.009974	21786	21967
G25401+T	NA	90	35370	0.002545	25375	25412
C23525T T23599G C23604A C23615T	S:H655Y S:N679K S:P681H S:R685C	90	140476	0.000641	23487	23624
T25264C	S:L1234L	89	114632	0.000776	25250	25285
T22882G T22896C G22898A T22942G	S:N440K S:V445A S:G446S S:N460K	89	22698	0.003921	22876	22967
G22331A	S:G257S	89	6121	0.01454	22324	22345
C24912T C25000T	S:T1117I S:D1146D	89	34158	0.002606	24895	25065
A25195G	S:K1211K	89	89292	0.000997	25188	25266
A25147G	S:E1195E	89	81687	0.00109	25131	25175
A24424T C24455-A T24469A	S:Q954H NA S:N969K	89	97164	0.000916	24412	24564
A25271G	S:M1237V	88	115084	0.000765	25262	25323
A24424T T24472-G	S:Q954H NA	88	97010	0.000907	24416	24552
A24424T T24469A T24511C	S:Q954H S:N969K S:R983R	88	96213	0.000915	24412	24552
T23511C C23525T T23599G C23604A	S:L650S S:H655Y S:N679K S:P681H	87	140296	0.00062	23487	23624
G25323A	S:C1254Y	87	117338	0.000741	25311	25324
C25239T	S:A1226V	87	112950	0.00077	25219	25252
C23525T T23599G C23604A G23621A	S:H655Y S:N679K S:P681H S:V687I	87	140434	0.00062	23487	23624
C23525T A23597G T23599G C23604A	S:H655Y S:N679E S:N679E S:P681H	87	140572	0.000619	23501	23637
T25288C	S:S1242S	86	116263	0.00074	25283	25316
G23835-T	NA	86	58819	0.001462	23824	23849
G22813T T22917G T22942A	S:K417N S:L452R S:N460K	86	21847	0.003936	22800	22966
G22813T T22882G G22895C T22896C G22898A T22942G A22948-C	S:K417N S:N440K S:V445P S:V445P S:G446S S:N460K NA	86	21339	0.00403	22808	22959
C23525T T23599G C23604A G23607A	S:H655Y S:N679K S:P681H S:R682Q	86	140535	0.000612	23500	23637
A23800G C23854A	S:S746S S:N764K	86	55369	0.001553	23779	23881
T25316C	S:S1252P	85	118348	0.000718	25302	25324
T25215C	S:L1218P	85	104162	0.000816	25206	25325
G23793A C23854A	S:G744D S:N764K	85	54962	0.001547	23755	23881
C25131T	S:A1190V	85	79827	0.001065	25127	25189
A25420+T	NA	85	34941	0.002433	25378	25432
A24424T T24469A A24551G	S:Q954H S:N969K S:I997V	85	95140	0.000893	24412	24555
A23515+G C23525T	NA S:H655S	85	146033	0.000582	23492	23531
T23346C A23403G	S:V595A S:D614G	84	30780	0.002729	23296	23433
C24422-A T24469A	NA S:N969K	84	97146	0.000865	24412	24517
C23525T G23562A T23599G C23604A	S:H655Y S:G667D S:N679K S:P681H	84	140572	0.000598	23487	23624
A25247G	S:M1229V	84	113304	0.000741	25238	25275
G24933T C24981-T C25000T	S:G1124V NA S:D1146D	83	34414	0.002412	24850	25046
G22813T T22831+A T22882G A22893C T22917G	S:K417N NA S:N440Q S:K444S S:L452R	83	24570	0.003378	22808	22931
C25151+A	NA	83	81971	0.001013	25144	25173
C23816+T	NA	83	59452	0.001396	23683	23827
A24424T A24440G	S:Q954H S:N960D	83	98292	0.000844	24413	24450
G22813T T22882G A22893G G22898A A22910G C22916A T22942G	S:K417N S:N440K S:K444R S:G446S S:N450D S:L452M S:N460K	82	21847	0.003753	22793	22949
C23498T C23525T T23599G C23604A	S:R646C S:H655Y S:N679K S:P681H	82	138735	0.000591	23492	23637
A25241G	S:I1227V	82	113021	0.000726	25233	25320
T25519C	ORF3a:F43L	81	30394	0.002665	25376	25529
T25155C	S:I1198T	81	83169	0.000974	25151	25165
G25135A	S:K1191K	81	80378	0.001008	25130	25161
A24922-T	NA	81	36822	0.0022	24869	24932
A24424T T24437C	S:Q954H S:L959L	81	98352	0.000824	24416	24442
T25140+A C25262-T	NA NA	80	76401	0.001047	25130	25291
T24417C A24424T T24469A	S:V952A S:Q954H S:N969K	80	96929	0.000825	24412	24519
G23804-A C23854A	NA S:N764K	80	55484	0.001442	23796	23881
G23508+T	NA	80	147273	0.000543	23487	23518
C25199T	S:P1213S	80	90725	0.000882	25191	25320
C23525T C23556T T23599G C23604A	S:H655Y S:P665L S:N679K S:P681H	80	140572	0.000569	23505	23624
A24424T T24471-TG C24536-AA	S:Q954H NA NA	80	95557	0.000837	24412	24561
A24424T G24533T	S:Q954H S:V991L	80	95660	0.000836	24413	24564
C25163+A	NA	79	83543	0.000946	25148	25169
A25182G	S:E1207G	79	84552	0.000934	25178	25251
A25137-T C25262-TT	NA NA	79	76122	0.001038	25130	25316
A25125G	S:E1188G	79	76132	0.001038	25122	25322
A24424T A24508G	S:Q954H S:S982S	79	96300	0.00082	24412	24564
T25211C	S:W1217R	78	100000	0.00078	25203	25324
G25266A	S:C1235Y	78	114611	0.000681	25219	25324
G23508+T T23599G C23604A	NA S:N679* S:P681Y	78	140086	0.000557	23492	23611
C25169-T C25262-T	NA NA	78	80071	0.000974	25145	25307
C23854A T23875C	S:N764K S:A771A	78	57096	0.001366	23842	23887
A25133G	S:K1191E	78	80202	0.000973	25130	25160
A24468-T T24470A	NA S:F970I	78	100494	0.000776	24465	24488
A24424T T24469A A24556G	S:Q954H S:N969K S:T998T	78	94477	0.000826	24416	24564
A24424T A24543G	S:Q954H S:D994G	78	95402	0.000818	24412	24564
A24424T A24440G T24469A	S:Q954H S:N960D S:N969K	78	97164	0.000803	24415	24562
T23514C C23525T T23599G C23604A	S:I651T S:H655Y S:N679K S:P681H	77	140357	0.000549	23487	23621
C25262-T G25278-T	NA NA	77	113979	0.000676	25141	25298
C23525T T23559C T23599G C23604A	S:H655Y S:I666T S:N679K S:P681H	77	140572	0.000548	23487	23624
A25503+C	NA	77	31651	0.002433	25372	25511
A24922+T C24981-T C25000T	NA NA S:D1146S	77	34258	0.002248	24872	25004
A24424T T24469A T24513C	S:Q954H S:N969K S:L984P	77	96164	0.000801	24413	24515
T25210C	S:I1216I	76	99427	0.000764	25196	25249
T25129C	S:V1189V	76	76860	0.000989	25124	25161
T24976C	S:Y1138Y	76	36255	0.002096	24965	24985
C23525T C23577T T23599G C23604A	S:H655Y S:A672V S:N679K S:P681H	76	140572	0.000541	23487	23624
A24424T T24469A C24536+A	S:Q954H S:N969K NA	76	95557	0.000795	24412	24560
A24424T A24454G	S:Q954H S:K964K	76	97802	0.000777	24412	24467
C23854A A23883G	S:N764K S:Q774R	75	56208	0.001334	23846	23891
A24424T T24469A A24508G	S:Q954H S:N969K S:S982S	75	96300	0.000779	24415	24554
A24424T C24536+A	S:Q954H NA	75	95557	0.000785	24413	24564
A24424T A24525G	S:Q954H S:E988G	75	95831	0.000783	24412	24564
A24424T A24468-T	S:Q954H NA	75	97190	0.000772	24418	24491
A24253-T A24323-AAT	NA S:DEL922	75	9443	0.007942	24164	24337
A23013C T23019C T23031C A23055G A23063T T23075C	S:E484A S:F486S S:F490S S:Q498R S:N501Y S:Y505H	75	2593	0.028924	23008	23101
G25177-T	NA	74	83676	0.000884	25145	25187
G21786A	S:G75D	74	9722	0.007612	21776	21973
C24431+A	NA	74	100060	0.00074	24428	24441
C24223T	S:T887T	74	10966	0.006748	24164	24242
C23525T T23596+A T23599G C23604A	S:H655Y NA S:N679* S:P681Y	74	140572	0.000526	23508	23624
C23492+A	NA	74	145272	0.000509	23486	23503
A24539+T	NA	74	101789	0.000727	24465	24554
T24472-G	NA	73	100632	0.000725	24460	24554
G25320A	S:C1253Y	73	117905	0.000619	25299	25324
G25281A	S:C1240Y	73	115818	0.00063	25267	25323
C23854A T23860C	S:N764K S:A766A	73	58326	0.001252	23848	23873
C23525T C23555T T23599G C23604A	S:H655Y S:P665S S:N679K S:P681H	73	140572	0.000519	23499	23624
A24424T T24469A A24543G	S:Q954H S:N969K S:D994G	73	95402	0.000765	24412	24563
A24424T A24560G	S:Q954H S:R1000G	73	94217	0.000775	24417	24564
A23971G	S:S803S	73	1987	0.036739	23967	24106
G22813T T22882G A22893C G22898A T22917G T22942G	S:K417N S:N440K S:K444T S:G446S S:L452R S:N460K	72	21847	0.003296	22800	22949
G22317T C22383+T	S:G252V NA	72	5428	0.013265	22315	22396
C23525T T23599G C23604A C23630G	S:H655Y S:N679K S:P681H S:Q690E	72	138049	0.000522	23497	23637
A25256+T	NA	72	113914	0.000632	25225	25267
A25165G	S:Q1201Q	72	83607	0.000861	25151	25174
A24424T C24431+A	S:Q954H NA	72	98525	0.000731	24413	24441
C25416T A25531-T	ORF3a:F8F NA	71	29282	0.002425	25383	25552
A25235G	S:I1225V	71	112760	0.00063	25221	25320
A25190+G	NA	71	86095	0.000825	25183	25325
A25164G	S:Q1201R	71	83583	0.000849	25157	25169
A24424T T24552C	S:Q954H S:I997T	71	95091	0.000747	24415	24564
A23403G C23423T	S:D614G S:P621S	71	30893	0.002298	23392	23426
A23310G A23403G	S:E583G S:D614G	71	30647	0.002317	23296	23429
A21764-TACATG A21817-T A21834-T	S:DEL69/70 NA NA	71	8600	0.008256	21757	21956
T25191+A C25262-T	NA NA	70	86201	0.000812	25187	25287
C24921T C25000T	S:T1120I S:D1146D	70	34245	0.002044	24903	25065
C24422-A A24425T C24455-A	NA S:N955Y NA	70	97770	0.000716	24412	24464
C23854A A23888G	S:N764K S:K776E	70	55586	0.001259	23837	23895
C21962-A	NA	70	10101	0.00693	21944	21973
A24424T T24506C	S:Q954H S:S982P	70	96362	0.000726	24414	24554
A24424T T24469A T24504C	S:Q954H S:N969K S:L981P	70	96384	0.000726	24413	24564
A24424T G24434+C	S:Q954H NA	70	98460	0.000711	24416	24448
T25148C	S:S1196P	69	81715	0.000844	25126	25155
T24976C C24981-T C25000T	S:Y1138Y NA S:D1146D	69	35370	0.001951	24867	25014
T24471-TG C24536-AA	NA NA	69	98972	0.000697	24458	24564
T23750C C23854A	S:S730P S:N764K	69	54290	0.001271	23683	23881
T23075C	S:Y505H	69	3357	0.020554	23072	23083
G25287-T G25302-T	NA NA	69	115982	0.000595	25275	25307
G22813T T22882G G22895C T22896C G22898A A22924-T T22942G	S:K417N S:N440K S:V445P S:V445P S:G446S NA S:N460K	69	21847	0.003158	22808	22944
C23854A G23868-A	S:N764K NA	69	57911	0.001191	23849	23873
C23758+A C23887-A	NA NA	69	51343	0.001344	23699	23894
A25208+T C25262-T	NA NA	69	96080	0.000718	25145	25287
A23756G C23854A	S:T732A S:N764K	69	54343	0.00127	23725	23891
T25224C	S:I1221T	68	111569	0.000609	25219	25303
T22118C	S:F186L	68	4695	0.014483	22037	22124
G22813T T22882G G22898A	S:K417N S:N440K S:G446S	68	25618	0.002654	22793	22906
G22186-C	NA	68	5886	0.011553	22171	22192
A24424T T24511C	S:Q954H S:R983R	68	96213	0.000707	24412	24564
A24424T T24447C	S:Q954H S:L962P	68	98043	0.000694	24412	24554
A24323-AAT	S:DEL922	68	10203	0.006665	24164	24337
A23845G C23854A	S:T761T S:N764K	68	58291	0.001167	23838	23873
T25191-A C25262-TT G25278-T	NA NA NA	67	85787	0.000781	25132	25307
T24438+A T24469A	NA S:N969Q	67	99000	0.000677	24416	24554
G25269A	S:C1236Y	67	114924	0.000583	25256	25325
G22813T T22882G A22914-C T22942A	S:K417N S:N440K NA S:N460K	67	21847	0.003067	22800	22962
C24899-A C25000T	NA S:D1146D	67	33922	0.001975	24890	25011
A24424T T24436C	S:Q954H S:A958A	67	98384	0.000681	24412	24444
A23497-C C23525T T23599G C23604A	NA S:H655Y S:N679K S:P681H	67	138701	0.000483	23487	23629
T23394C A23403G	S:L611P S:D614G	66	31256	0.002112	23296	23434
C25262-T T25293C	NA S:L1244P	66	113813	0.00058	25217	25325
C23709+A C23887-A	NA NA	66	50814	0.001299	23690	23895
C23525T G23567A T23599G C23604A	S:H655Y S:G669S S:N679K S:P681H	66	140572	0.00047	23487	23633
C23393-T A23403G	NA S:D614G	66	31240	0.002113	23385	23443
C23334-T C23367-A	NA NA	66	31547	0.002092	23285	23383
T25289C	S:C1243R	65	116341	0.000559	25253	25320
T23783C C23854A	S:Y741H S:N764K	65	54685	0.001189	23683	23873
T23754C C23854A	S:M731T S:N764K	65	54314	0.001197	23699	23892
T23371C A23403G	S:N603N S:D614G	65	30914	0.002103	23296	23441
G25299A	S:G1246D	65	117228	0.000554	25259	25323
G25230A	S:G1223D	65	112354	0.000579	25216	25324
G22813T T22882G G22895C T22896C G22898A G22933+T	S:K417N S:N440K S:V445P S:V445P S:G446S NA	65	23416	0.002776	22808	22941
G22813T T22882G G22895C	S:K417N S:N440K S:V445L	65	26396	0.002462	22793	22907
C25416T G25540+T	ORF3a:F8F NA	65	29057	0.002237	25372	25554
C23766T C23854A	S:S735L S:N764K	65	54436	0.001194	23710	23876
C23492-A C23525T T23599G C23604A	NA S:H655Y S:N679K S:P681H	65	137899	0.000471	23488	23622
A24424T T24469A T24472C	S:Q954H S:N969K S:F970F	65	97010	0.00067	24412	24564
A24424T T24469A G24533T	S:Q954H S:N969K S:V991L	65	95660	0.000679	24416	24555
A22798+G G22813T T22882G A22893C T22917G	NA S:K417N S:N440Q S:K444S S:L452R	65	24053	0.002702	22793	22926
T22882G A22893C T22917G T22942A	S:N440K S:K444T S:L452R S:N460K	64	22698	0.00282	22876	22949
G25177+A	NA	64	83676	0.000765	25169	25324
G25135+A C25262-TT	NA NA	64	75890	0.000843	25122	25313
C25321T	S:C1253C	64	117883	0.000543	25311	25324
C25276T	S:T1238T	64	115477	0.000554	25261	25307
C23816-TT C23854A	NA S:N764K	64	55780	0.001147	23797	23886
A25256+T C25262-T	NA NA	64	113762	0.000563	25130	25273
A24424T T24505C	S:Q954H S:L981L	64	96371	0.000664	24412	24548
A24424T T24469A T24552C	S:Q954H S:N969K S:I997T	64	95091	0.000673	24412	24564
T24417C A24424T	S:V952A S:Q954H	63	98404	0.00064	24413	24455
G25226A	S:A1222T	63	111945	0.000563	25217	25325
G22813T T22831+A T22882G G22895C T22896C G22898A	S:K417N NA S:N440Q S:V445P S:V445P S:G446R	63	25618	0.002459	22793	22915
G22813T G22895C T22896C G22898A T22942G	S:K417N S:V445P S:V445P S:G446S S:N460K	63	21847	0.002884	22809	22949
C25561-A	NA	63	28185	0.002235	25382	25565
C25517-T G25555-T	NA NA	63	28336	0.002223	25372	25566
C24431-A	NA	63	100060	0.00063	24428	24440
C23525T C23533-A	S:H655Y NA	63	145490	0.000433	23508	23542
C23525T C23530T T23599G C23604A	S:H655Y S:V656V S:N679K S:P681H	63	140572	0.000448	23487	23637
C23525T A23558G T23599G	S:H655Y S:I666V S:N679K	63	140627	0.000448	23502	23624
C23525T A23554+C T23599G C23604A	S:H655Y NA S:N679* S:P681Y	63	140572	0.000448	23487	23624
C23376-T A23403G	NA S:D614G	63	30973	0.002034	23352	23423
A25259G	S:M1233V	63	114114	0.000552	25246	25320
A23786-T A23853-C	NA NA	63	54810	0.001149	23742	23873
T23703C C23854A	S:I714T S:N764K	62	53686	0.001155	23683	23880
C25416T A25472-T	ORF3a:F8F NA	62	33689	0.00184	25382	25566
C23854A A23884G	S:N764K S:Q774Q	62	56019	0.001107	23846	23895
C23525T T23599G C23604A C23635T	S:H655Y S:N679K S:P681H S:S691S	62	137278	0.000452	23487	23637
C23525T T23599G C23604A C23606T	S:H655Y S:N679K S:P681H S:R682W	62	140544	0.000441	23489	23623
C23496T C23525T T23599G C23604A	S:T645I S:H655Y S:N679K S:P681H	62	138651	0.000447	23487	23608
A25243G	S:I1227M	62	113125	0.000548	25219	25320
A25136G	S:N1192D	62	80562	0.00077	25122	25155
A24424T T24469A T24506C	S:Q954H S:N969K S:S982P	62	96362	0.000643	24413	24564
A24424T T24469A A24498G	S:Q954H S:N969K S:D979G	62	96526	0.000642	24412	24554
A23732G C23854A	S:T724A S:N764K	62	54072	0.001147	23705	23891
A21764-TACATG C21962-A	S:DEL69/70 NA	62	8101	0.007653	21757	21973
A21764-TACATG A21875-T	S:DEL69/70 NA	62	8281	0.007487	21757	21948
T25382+A C25416T	NA ORF3a:F8L	61	34893	0.001748	25372	25448
T25222C	S:F1220F	61	111152	0.000549	25198	25316
T25191-A G25218-T	NA NA	61	86841	0.000702	25130	25243
T23823C C23854A	S:L754S S:N764K	61	56106	0.001087	23699	23895
G25261A	S:M1233I	61	114276	0.000534	25240	25278
C25416T A25472+T	ORF3a:F8F NA	61	33689	0.001811	25372	25487
C25267T	S:C1235C	61	114709	0.000532	25218	25324
C24981-T C25000T C25047T	NA S:D1146D S:P1162L	61	34143	0.001787	24850	25065
A25174G	S:G1204G	61	83653	0.000729	25149	25193
A23704+C C23887-A	NA NA	61	50703	0.001203	23683	23895
A23359G A23403G	S:T599T S:D614G	61	30845	0.001978	23285	23443
T25140+A C25262-TT	NA NA	60	76401	0.000785	25132	25314
T24469A T24472-G C24536-A	S:N969K NA NA	60	98841	0.000607	24439	24564
T23490C C23525T T23599G C23604A	S:F643S S:H655Y S:N679K S:P681H	60	137831	0.000435	23486	23634
C24435+T	NA	60	100163	0.000599	24428	24448
C24418+A A24424T	NA S:Q954P	60	98486	0.000609	24412	24444
C24150+T	NA	60	10646	0.005636	24148	24172
C23799-A C23854A	NA S:N764K	60	55288	0.001085	23788	23873
A25225G	S:I1221M	60	111756	0.000537	25219	25316
A24424T T24469A T24482C	S:Q954H S:N969K S:S974P	60	96842	0.00062	24416	24552
A24424T T24437C T24469A	S:Q954H S:L959L S:N969K	60	97164	0.000618	24412	24555
A24424T A24454G T24469A	S:Q954H S:K964K S:N969K	60	97164	0.000618	24412	24484
A23853-C C23887-A	NA NA	60	55716	0.001077	23845	23895
A23326G A23403G	S:T588T S:D614G	60	30676	0.001956	23296	23438
T25279C	S:S1239S	59	115729	0.00051	25255	25292
T25236C	S:I1225T	59	112837	0.000523	25223	25324
T25220C	S:F1220L	59	110624	0.000533	25203	25316
T25170C	S:L1203P	59	83625	0.000706	25156	25325
G25527+C	NA	59	29566	0.001996	25372	25538
G24971+T	NA	59	36414	0.00162	24850	24982
C25262-T A25274G	NA S:T1238A	59	114013	0.000517	25214	25320
C23525T T23599G C23604A A23639G	S:H655Y S:N679K S:P681H S:I693V	59	134447	0.000439	23501	23642
C23525T T23599G C23604A A23636-T	S:H655Y S:N679K S:P681H NA	59	136785	0.000431	23503	23642
A25168G	S:E1202E	59	83607	0.000706	25145	25179
A24424T T24436C T24469A	S:Q954H S:A958A S:N969K	59	97164	0.000607	24415	24542
A24424T A24520G	S:Q954H S:K986K	59	96016	0.000614	24413	24564
A23013C T23018G A23055G T23075C	S:E484A S:F486V S:Q498R S:Y505H	59	2593	0.022754	23008	23082
T25303-TG T25306G	NA S:C1248W	58	117524	0.000494	25290	25318
G25284-T	NA	58	115969	0.0005	25276	25307
C24899-A A24922-T C24981-T C25000T	NA NA NA S:D1146D	58	33922	0.00171	24850	25013
C23525T G23574A T23599G C23604A	S:H655Y S:C671Y S:N679K S:P681H	58	140572	0.000413	23487	23624
C23506T C23525T T23599G C23604A	S:G648G S:H655Y S:N679K S:P681H	58	139992	0.000414	23487	23624
C22120-A A22161-T	NA NA	58	4722	0.012283	22047	22192
A25137+T C25262-TT	NA NA	58	76122	0.000762	25130	25323
A24424T T24464C T24469A	S:Q954H S:S968P S:N969K	58	97164	0.000597	24412	24544
A24424T A24433G	S:Q954H S:Q957Q	58	98495	0.000589	24412	24467
A23013C T23018G A23063T T23075C	S:E484A S:F486V S:N501Y S:Y505H	58	2593	0.022368	23009	23112
T24643+A	NA	57	12418	0.00459	24635	24658
G25287A	S:S1242N	57	116193	0.000491	25276	25320
G23517A C23525T T23599G C23604A	S:G652E S:H655Y S:N679K S:P681H	57	140477	0.000406	23487	23642
G23508A C23525T T23599G C23604A	S:C649Y S:H655Y S:N679K S:P681H	57	140086	0.000407	23493	23629
G22813T T22882G A22893C T22917G C22945-A	S:K417N S:N440K S:K444T S:L452R NA	57	21414	0.002662	22807	22956
G22577C G22578A G22599C C22664A C22674T T22679C	S:G339H S:G339H S:R346T S:L368I S:S371F S:S373P	57	759	0.075099	22496	22683
C23854G	S:N764K	57	58803	0.000969	23844	23882
C23854A A23870G	S:N764K S:I770V	57	57807	0.000986	23838	23881
C23825+A	NA	57	59228	0.000962	23683	23836
C23525T T23599G C23604A C23630-A	S:H655Y S:N679K S:P681H NA	57	138049	0.000413	23505	23637
C23525T A23558-T T23599G	S:H655Y NA S:N679K	57	140627	0.000405	23511	23607
A25206G	S:Y1215C	57	93920	0.000607	25194	25261
A24424T T24482C	S:Q954H S:S974P	57	96842	0.000589	24415	24492
A24424T A24498G	S:Q954H S:D979G	57	96526	0.000591	24413	24564
A23805G C23854A	S:E748G S:N764K	57	55520	0.001027	23793	23895
T25180C	S:Y1206Y	56	83860	0.000668	25174	25232
T22882G T22942G	S:N440K S:N460K	56	22698	0.002467	22862	22967
G24868-T	NA	56	37813	0.001481	24857	24878
C23854A T23878C	S:N764K S:V772V	56	56862	0.000985	23836	23881
C23525T T23599G C23604A C23634T	S:H655Y S:N679K S:P681H S:S691F	56	137548	0.000407	23499	23637
C23525T A23558G T23599G C23604A T23626C	S:H655Y S:I666V S:N679K S:P681H S:A688A	56	138262	0.000405	23487	23634
A25190G	S:I1210V	56	86095	0.00065	25186	25247
A24922+T C25000T	NA S:D1146S	56	34258	0.001635	24850	25006
A24324-AT	NA	56	9973	0.005615	24289	24335
T23765C C23854A	S:S735P S:N764K	55	54422	0.001011	23733	23881
T22882G T22942A	S:N440K S:N460K	55	22698	0.002423	22875	22947
G25534-T	NA	55	29161	0.001886	25382	25552
G25313A	S:G1251R	55	118345	0.000465	25288	25316
G25218+T	NA	55	107747	0.00051	25130	25248
G23735-A	NA	55	61910	0.000888	23698	23746
A24424T T24534C	S:Q954H S:V991A	55	95630	0.000575	24412	24564
A24424T T24469A G24535A	S:Q954H S:N969K S:V991V	55	95580	0.000575	24413	24564
A24424T T24469A A24520G	S:Q954H S:N969K S:K986K	55	96016	0.000573	24412	24564
A24424T T24469A A24516G	S:Q954H S:N969K S:D985G	55	96112	0.000572	24412	24554
A24424T A24545G	S:Q954H S:R995G	55	95338	0.000577	24412	24554
A24424T A24443G T24469A	S:Q954H S:T961A S:N969K	55	97164	0.000566	24412	24564
T25205C	S:Y1215H	54	93424	0.000578	25200	25276
G25284A	S:C1241Y	54	115969	0.000466	25272	25320
G25130+C	NA	54	77080	0.000701	25122	25140
G24933T	S:G1124V	54	36722	0.001471	24898	24939
G23761-A	NA	54	60948	0.000886	23699	23773
C23854A A23869G	S:N764K S:G769G	54	57854	0.000933	23846	23886
A24424T T24469A G24488-T	S:Q954H S:N969K NA	54	96716	0.000558	24412	24564
A24424T T24450C	S:Q954H S:V963A	54	97986	0.000551	24412	24462
A23055G A23063T T23075C	S:Q498R S:N501Y S:Y505H	54	3138	0.017208	23050	23121
T23511+A T23599G C23604A	NA S:N679* S:P681Y	53	140296	0.000378	23487	23637
T23511+A C23525T	NA S:H655S	53	145948	0.000363	23493	23528
G25305A	S:C1248Y	53	117910	0.000449	25263	25320
G25302A	S:C1247Y	53	117480	0.000451	25263	25325
G24434+C	NA	53	100136	0.000529	24412	24445
C25487T	ORF3a:T32I	53	32941	0.001609	25376	25494
C25292+G	NA	53	116560	0.000455	25284	25320
C25262-T T25283C	NA S:C1241R	53	113940	0.000465	25132	25323
C23778T C23854A	S:T739I S:N764K	53	54596	0.000971	23749	23895
C23525T T23599G C23604A G23619A	S:H655Y S:N679K S:P681H S:S686N	53	140447	0.000377	23508	23634
C23525T G23580-T T23599G C23604A	S:H655Y NA S:N679K S:P681H	53	140572	0.000377	23487	23629
A25325G	Unknown	53	116680	0.000454	25305	25325
A25188G	S:Y1209C	53	85476	0.00062	25183	25204
A25182G C25262-T	S:E1207G NA	53	81878	0.000647	25130	25325
A25142G	S:N1194D	53	81265	0.000652	25131	25155
A24424T T24491C	S:Q954H S:L977L	53	96687	0.000548	24412	24519
A24424T T24448C T24469A	S:Q954H S:L962L S:N969K	53	97164	0.000545	24412	24519
A23354G A23403G	S:I598V S:D614G	53	30818	0.00172	23296	23430
T23781C C23854A	S:M740T S:N764K	52	54654	0.000951	23728	23873
T22882G A22893C	S:N440K S:K444T	52	27427	0.001896	22865	22897
G22813T T22882G G22894T T22917G T22942G	S:K417N S:N440K S:K444N S:L452R S:N460K	52	21847	0.00238	22793	22947
C23854A A23890G	S:N764K S:K776K	52	55015	0.000945	23836	23895
C23525T T23599G C23604A T23640C	S:H655Y S:N679K S:P681H S:I693T	52	134225	0.000387	23487	23642
A24885+T A24922-T C24981-T C25000T	NA NA NA S:D1146S	52	33614	0.001547	24870	25038
A24424T T24469A A24560G	S:Q954H S:N969K S:R1000G	52	94217	0.000552	24412	24564
A24424T T24464C	S:Q954H S:S968P	52	97276	0.000535	24412	24471
A24424T C24431-A	S:Q954H NA	52	98525	0.000528	24415	24445
A24424T A24516G	S:Q954H S:D985G	52	96112	0.000541	24412	24564
A23702G C23854A	S:I714V S:N764K	52	53668	0.000969	23683	23895
A23503G C23525T T23599G T23602-C C23604A	S:A647A S:H655Y S:N679K NA S:P681H	52	139641	0.000372	23501	23634
A23403G G23426A	S:D614G S:V622I	52	30764	0.00169	23385	23431
A23013C T23019C T23031C A23063T T23075C	S:E484A S:F486S S:F490S S:N501Y S:Y505H	52	2593	0.020054	23008	23207
A21764-TACATG T21775-G	S:DEL69/70 NA	52	8831	0.005888	21757	21796
T25171+G	NA	51	83618	0.00061	25140	25180
T23511-A C23525T T23599G C23604A	NA S:H655Y S:N679K S:P681H	51	140296	0.000364	23494	23629
G25299-C G25302-T	NA NA	51	117187	0.000435	25287	25324
G23508+T A23515+G C23525T T23599G C23604A	NA NA S:H655Y S:N679L S:P681H	51	140086	0.000364	23486	23641
C24503-T	NA	51	101674	0.000502	24477	24513
C23525T G23547A T23599G C23604A	S:H655Y S:C662Y S:N679K S:P681H	51	140572	0.000363	23493	23624
A25379G	S:T1273A	51	35293	0.001445	25375	25419
A24885+T C24981-T	NA NA	51	34363	0.001484	24852	24993
A24424T T24470-TTG	S:Q954H S:DEL971	51	97018	0.000526	24412	24563
A24424T T24469A T24514C	S:Q954H S:N969K S:L984L	51	96149	0.00053	24412	24564
A24424T T24469A G24474A	S:Q954H S:N969K S:G971D	51	96977	0.000526	24415	24519
A24424T A24468-T T24470A	S:Q954H NA S:F970I	51	97018	0.000526	24412	24564
A23720-T	NA	51	62635	0.000814	23708	23736
A23704G C23854A	S:I714M S:N764K	51	53707	0.00095	23699	23873
T25560C	ORF3a:F56F	50	28283	0.001768	25380	25566
T24514C	S:L984L	50	101915	0.000491	24487	24564
T23511+A	NA	50	147374	0.000339	23496	23521
T22917G T22942A	S:L452R S:N460K	50	24553	0.002036	22913	22967
G23504A C23525T T23599G C23604A	S:G648S S:H655Y S:N679K S:P681H	50	139675	0.000358	23501	23611
C25416T C25517-T	ORF3a:F8F NA	50	30637	0.001632	25372	25528
C24981-T C25000T T25021-A	NA S:D1146D NA	50	34681	0.001442	24862	25065
C23525T T23599G C23604A T23626G	S:H655Y S:N679K S:P681H S:A688A	50	138262	0.000362	23487	23641
C23525T T23563+C T23599G C23604A	S:H655Y NA S:N679* S:P681Y	50	140572	0.000356	23505	23637
C23525T G23549A T23599G C23604A	S:H655Y S:D663N S:N679K S:P681H	50	140572	0.000356	23487	23624
C23525T G23528A T23599G C23604A	S:H655Y S:V656I S:N679K S:P681H	50	140572	0.000356	23487	23624
C23525T C23551T T23599G C23604A	S:H655Y S:D663D S:N679K S:P681H	50	140572	0.000356	23487	23624
A25256-T	NA	50	113914	0.000439	25242	25324
A25134G	S:K1191R	50	80310	0.000623	25130	25155
A24902-T C24981-T C25000T	NA NA S:D1146D	50	34009	0.00147	24892	25008
A24885-T C24981-T C25000T	NA NA S:D1146D	50	33614	0.001487	24850	25013
A24424T T24469A T24548C	S:Q954H S:N969K S:L996L	50	95209	0.000525	24413	24564
A24424T T24469A T24529C	S:Q954H S:N969K S:A989A	50	95744	0.000522	24412	24563
A24424T G24535A	S:Q954H S:V991V	50	95580	0.000523	24413	24558
A24424T A24432G T24469A	S:Q954H S:Q957R S:N969K	50	97164	0.000515	24415	24552
A24420G A24424T	S:N953S S:Q954H	50	98577	0.000507	24412	24564
A23848G C23854A	S:Q762Q S:N764K	50	58527	0.000854	23843	23873
A23762G C23854A	S:T734A S:N764K	50	54388	0.000919	23731	23881
A23512G C23525T T23599G C23604A	S:L650L S:H655Y S:N679K S:P681H	50	140313	0.000356	23487	23624
T25191-A G25218-T C25262-T	NA NA NA	49	86201	0.000568	25130	25281
T25171C C25262-T	S:L1203L NA	49	80217	0.000611	25122	25288
T23693C C23854A	S:S711P S:N764K	49	52948	0.000925	23683	23873
T22942G A22948-C	S:N460K NA	49	26345	0.00186	22937	22963
G22813T A22845-T T22882G G22895C T22896C G22898A T22942G	S:K417N NA S:N440K S:V445P S:V445P S:G446S S:N460K	49	21847	0.002243	22801	22966
C25227T	S:A1222V	49	112115	0.000437	25209	25324
C24334T	S:A924A	49	6948	0.007052	24293	24357
C23525T T23599G C23604A C23609-G	S:H655Y S:N679K S:P681H NA	49	140529	0.000349	23488	23634
C23525T A23558G C23604A	S:H655Y S:I666V S:P681H	49	140572	0.000349	23509	23624
C23525T A23554-C T23599G C23604A	S:H655Y NA S:N679K S:P681H	49	140572	0.000349	23501	23639
C23334-T A23403G G23417+A	NA S:D614G NA	49	30366	0.001614	23270	23443
A25235-T	NA	49	112760	0.000435	25223	25260
A25154G	S:I1198V	49	83001	0.00059	25130	25161
A24424T T24469A G24521+T	S:Q954H S:N969K NA	49	95928	0.000511	24415	24563
A24424T C24435+T	S:Q954H NA	49	98419	0.000498	24412	24454
A23756-C C23854A	NA S:N764K	49	54343	0.000902	23746	23895
T25245-A	NA	48	113206	0.000424	25223	25261
T25191-A G25218-T C25262-TT	NA NA NA	48	86201	0.000557	25135	25325
T24469A C24517-A	S:N969K NA	48	99416	0.000483	24431	24564
T23817C C23854A	S:L752P S:N764K	48	55825	0.00086	23790	23881
T23798C C23854A	S:S746P S:N764K	48	55241	0.000869	23699	23895
G25401-T	NA	48	35370	0.001357	25383	25461
G23835-T C23887-A	NA NA	48	53859	0.000891	23821	23895
G23726+T	NA	48	62378	0.00077	23709	23737
C23854A T23857C	S:N764K S:R765R	48	58418	0.000822	23848	23886
C23525T A23586T T23599G C23604A	S:H655Y S:Q675L S:N679K S:P681H	48	140572	0.000341	23487	23624
A25256G	S:I1232V	48	113914	0.000421	25219	25314
A25179G	S:Y1206C	48	83797	0.000573	25164	25316
A24424T T24469A A24554G	S:Q954H S:N969K S:T998A	48	94911	0.000506	24416	24564
A24424T T24450C T24469A	S:Q954H S:V963A S:N969K	48	97164	0.000494	24412	24564
A23786-T G23835-T C23854A	NA NA S:N764K	48	54744	0.000877	23698	23873
A23780G C23854A	S:M740V S:N764K	48	54636	0.000879	23699	23873
T25196-G	NA	47	89504	0.000525	25187	25243
T23776C C23854A	S:C738C S:N764K	47	54580	0.000861	23683	23873
T23716-A	NA	47	62851	0.000748	23697	23724
G25314A	S:G1251E	47	118358	0.000397	25217	25325
G25015-T	NA	47	35590	0.001321	25002	25069
G22813T T22882G T22896C T22942G	S:K417N S:N440K S:V445A S:N460K	47	21847	0.002151	22802	22944
C25294-A G25302-T	NA NA	47	116594	0.000403	25285	25323
C25169-T C25262-TT	NA NA	47	80071	0.000587	25129	25299
C25163-A	NA	47	83543	0.000563	25151	25317
C23492+A C23525T	NA S:H655S	47	143444	0.000328	23486	23528
C22383+T	NA	47	5860	0.00802	22368	22396
A24424T T24549C	S:Q954H S:L996S	47	95195	0.000494	24412	24563
A24424T T24489C	S:Q954H S:V976A	47	96701	0.000486	24412	24564
A24424T T24438+A T24451+A	S:Q954H NA NA	47	97937	0.00048	24412	24468
A23743G C23854A	S:L727L S:N764K	47	54203	0.000867	23697	23873
A23515+G	NA	47	147140	0.000319	23487	23530
T25289A	S:C1243S	46	116341	0.000395	25258	25325
T25171-G	NA	46	83618	0.00055	25164	25215
T24470-TTG	S:DEL971	46	100586	0.000457	24444	24536
T24469A G24521+T	S:N969K NA	46	99254	0.000463	24465	24537
T23748C C23854A	S:V729A S:N764K	46	54256	0.000848	23699	23891
G23735+A C23887-A	NA NA	46	51088	0.0009	23699	23895
G23364-A A23403G	NA S:D614G	46	30868	0.00149	23344	23443
C25262-T T25310C	NA S:C1250R	46	113453	0.000405	25130	25323
C25240T	S:A1226A	46	112967	0.000407	25214	25250
C23525T T23599G C23604A T23641C	S:H655Y S:N679K S:P681H S:I693I	46	133845	0.000344	23487	23642
C23525T T23599G C23604A G23616-T	S:H655Y S:N679K S:P681H NA	46	140464	0.000327	23508	23624
A24860G C25000T	S:T1100A S:D1146D	46	33289	0.001382	24850	25007
A24525G	S:E988G	46	101863	0.000452	24510	24530
A24508G	S:S982S	46	101858	0.000452	24499	24564
A24424T T24548C	S:Q954H S:L996L	46	95209	0.000483	24412	24554
A24424T T24469A A24518G	S:Q954H S:N969K S:K986E	46	96067	0.000479	24413	24546
A24424T T24427C T24469A	S:Q954H S:N955N S:N969K	46	97164	0.000473	24413	24564
A24424T A24452G	S:Q954H S:K964E	46	97909	0.00047	24412	24458
A24424T A24430G T24469A	S:Q954H S:A956A S:N969K	46	97164	0.000473	24415	24564
A24420G A24424T T24469A	S:N953S S:Q954H S:N969K	46	97094	0.000474	24413	24491
A23779G C23854A	S:T739T S:N764K	46	54623	0.000842	23699	23895
A23295G A23403G	S:D578G S:D614G	46	30443	0.001511	23288	23434
T25178C	S:Y1206H	45	83722	0.000537	25173	25324
T23842C C23854A	S:C760C S:N764K	45	57940	0.000777	23804	23891
T23721C C23854A	S:I720T S:N764K	45	53938	0.000834	23699	23895
G25213A	S:W1217*	45	101047	0.000445	25209	25325
G25173-A	NA	45	83637	0.000538	25161	25189
G25127+T	NA	45	76448	0.000589	25122	25140
G24971+T C24981-T	NA NA	45	36014	0.00125	24852	24996
G24533T	S:V991L	45	101760	0.000442	24480	24552
C23430T	S:A623V	45	31231	0.001441	23282	23441
A25286G	S:S1242G	45	116161	0.000387	25219	25320
A25185G	S:Q1208R	45	84713	0.000531	25179	25315
A24978G C25000T	S:D1139G S:D1146D	45	35433	0.00127	24971	25065
A24905G C25000T	S:I1115V S:D1146D	45	34062	0.001321	24857	25064
A24885-T C25000T	NA S:D1146D	45	33614	0.001339	24872	25014
A24424T A24554G	S:Q954H S:T998A	45	94911	0.000474	24412	24564
A24424T A24430G	S:Q954H S:A956A	45	98531	0.000457	24416	24441
A23767+T C23854A	NA S:N764K	45	54450	0.000826	23753	23873
A23764G C23854A	S:T734T S:N764K	45	54412	0.000827	23729	23888
T24451+A T24469A	NA S:N969Q	44	99372	0.000443	24412	24564
T23689-A C23887-A	NA NA	44	49816	0.000883	23683	23895
G25555+T	NA	44	28336	0.001553	25372	25566
G25130-C	NA	44	77080	0.000571	25123	25166
G24883-A	NA	44	37513	0.001173	24870	24912
G22808A G22813T T22882G A22893C T22917G	S:G416R S:K417N S:N440K S:K444T S:L452R	44	24469	0.001798	22793	22926
G22104-A C22120-A	NA NA	44	4290	0.010256	22037	22140
C25184T	S:Q1208*	44	84712	0.000519	25169	25198
C24672-A G24693-A	NA NA	44	10140	0.004339	24612	24712
C23334-T A23403G C23410T	NA S:D614G S:N616N	44	30562	0.00144	23282	23443
A25208+T C25262-TT	NA NA	44	96080	0.000458	25122	25325
A25201G	S:P1213P	44	91990	0.000478	25197	25307
A25182G G25198-C	S:E1207G NA	44	83332	0.000528	25131	25317
A24551G	S:I997V	44	101708	0.000433	24508	24554
A24424T T24469A T24549C	S:Q954H S:N969K S:L996S	44	95195	0.000462	24412	24554
A24424T T24469A A24532G	S:Q954H S:N969K S:E990E	44	95680	0.00046	24412	24564
A24424T A24518G	S:Q954H S:K986E	44	96067	0.000458	24416	24564
A23777G C23854A	S:T739A S:N764K	44	54586	0.000806	23775	23895
A23767G C23854A	S:S735S S:N764K	44	54450	0.000808	23713	23881
A23704+C A23712+T	NA NA	44	62800	0.000701	23684	23723
A23303G A23403G	S:T581A S:D614G	44	30636	0.001436	23296	23441
A22914-C T22942A	NA S:N460K	44	24298	0.001811	22905	22949
T25285+A	NA	43	116036	0.000371	25277	25317
T25202+G	NA	43	92338	0.000466	25130	25233
T25123-G	NA	43	75488	0.00057	25122	25152
G22813T A22845-T T22882G G22895C T22896C G22898A	S:K417N NA S:N440K S:V445P S:V445P S:G446S	43	25618	0.001679	22793	22907
C24878-A C25000T	NA S:D1146D	43	33574	0.001281	24857	25012
C23816+T C23887-A	NA NA	43	52743	0.000815	23683	23895
C23525T T23599G C23604A C23625A	S:H655Y S:N679K S:P681H S:A688D	43	140314	0.000306	23487	23642
C23525T G23568A T23599G C23604A	S:H655Y S:G669D S:N679K S:P681H	43	140572	0.000306	23501	23624
C23525T A23550T T23599G C23604A	S:H655Y S:D663V S:N679K S:P681H	43	140572	0.000306	23501	23624
A25208G	S:I1216V	43	96887	0.000444	25194	25325
A24902-T	NA	43	37155	0.001157	24850	24921
A24775G	S:Q1071Q	43	12223	0.003518	24755	24787
A24424T T24504C	S:Q954H S:L981P	43	96384	0.000446	24415	24564
A24424T T24480C	S:Q954H S:I973T	43	96882	0.000444	24412	24527
A24424T A24538G	S:Q954H S:Q992Q	43	95504	0.00045	24415	24564
A24424T A24532G	S:Q954H S:E990E	43	95680	0.000449	24413	24564
A24424T A24453G	S:Q954H S:K964R	43	97827	0.00044	24413	24530
A23738+T	NA	43	61762	0.000696	23713	23765
A23639-T	NA	43	138250	0.000311	23622	23642
A23403G A23436G	S:D614G S:H625R	43	29862	0.00144	23285	23439
T25319A	S:C1253S	42	117931	0.000356	25305	25324
T24945C C25000T	S:V1128A S:D1146D	42	34640	0.001212	24850	25013
T23703-A C23778T C23854A	NA S:T739I S:N764K	42	53686	0.000782	23699	23890
T23391C A23403G	S:V610A S:D614G	42	31204	0.001346	23376	23443
G23508+T C23525T	NA S:H655S	42	145734	0.000288	23487	23529
C25262-T G25297A	NA S:K1245K	42	113735	0.000369	25251	25325
C25000T A25056-T	S:D1146D NA	42	34279	0.001225	24990	25065
C23854A T23877C	S:N764K S:V772A	42	56991	0.000737	23835	23895
C23854A A23881G	S:N764K S:E773E	42	56762	0.00074	23849	23895
A24956-T C25000T	NA S:D1146D	42	34927	0.001203	24872	25019
A24742T	S:V1060V	42	11957	0.003513	24697	24788
A24684-TT	NA	42	12299	0.003415	24612	24746
A24619G	S:R1019R	42	12116	0.003466	24612	24652
A24424C	S:Q954H	42	98648	0.000426	24417	24564
A24324T	S:K921I	42	9973	0.004211	24149	24327
A23847G C23854A	S:Q762R S:N764K	42	58500	0.000718	23838	23891
A23324G A23403G	S:T588A S:D614G	42	30673	0.001369	23285	23423
T25202C	S:W1214R	41	92338	0.000444	25197	25325
T24438+A T24451+A	NA NA	41	99847	0.000411	24428	24462
T23830C C23854A	S:Y756Y S:N764K	41	56541	0.000725	23825	23895
G25444A	ORF3a:G18S	41	34435	0.001191	25382	25566
G25287-T T25289C	NA S:C1243R	41	116185	0.000353	25260	25311
G24868-T C25000T	NA S:D1146D	41	33388	0.001228	24856	25046
C25308-T	NA	41	118194	0.000347	25301	25320
C24536+A	NA	41	101684	0.000403	24465	24550
C23525T G23545A T23599G C23604A	S:H655Y S:E661E S:N679K S:P681H	41	140572	0.000292	23487	23642
C23525T A23583G T23599G C23604A A23618G	S:H655Y S:Y674C S:N679K S:P681H S:S686G	41	140452	0.000292	23488	23624
A25562G	ORF3a:Q57R	41	28084	0.00146	25373	25566
A24902-T C25000T	NA S:D1146D	41	34009	0.001206	24890	25063
A24424T T24487C	S:Q954H S:S975S	41	96736	0.000424	24412	24554
A24424T T24469A T24505C	S:Q954H S:N969K S:L981L	41	96371	0.000425	24412	24546
A24424T C24431T T24469A	S:Q954H S:Q957* S:N969K	41	97164	0.000422	24413	24554
A24424T A24457G	S:Q954H S:Q965Q	41	97609	0.00042	24415	24471
A24424T A24441G	S:Q954H S:N960S	41	98284	0.000417	24412	24448
A23853-C C23855A	NA S:R765S	41	58510	0.000701	23842	23895
A23810G C23854A	S:S750G S:N764K	41	55640	0.000737	23683	23873
A23729G C23854A	S:T723A S:N764K	41	54031	0.000759	23683	23881
A23403G T23433C	S:D614G S:I624T	41	30155	0.00136	23389	23443
A23403G A23414G	S:D614G S:T618A	41	31151	0.001316	23270	23434
A21817-T A21834-T	NA NA	41	9637	0.004254	21785	21850
A21764-TACATG T21775-G A21817-T A21875-T	S:DEL69/70 NA NA NA	41	8281	0.004951	21757	21940
T25152+C	NA	40	82887	0.000483	25130	25162
T23722C C23854A	S:I720I S:N764K	40	53944	0.000742	23683	23895
T23509G C23525T T23599G C23604A	S:C649W S:H655Y S:N679K S:P681H	40	140263	0.000285	23501	23633
T23344C A23403G	S:G594G S:D614G	40	30775	0.0013	23285	23434
T22882G G22898A T22942G	S:N440K S:G446S S:N460K	40	22698	0.001762	22859	22948
G25218-T G25302-T	NA NA	40	106387	0.000376	25208	25319
G25203A	S:W1214*	40	92588	0.000432	25194	25215
G25166+A	NA	40	83626	0.000478	25130	25182
G25145+A	NA	40	81466	0.000491	25138	25155
G24781A	S:K1073K	40	12244	0.003267	24758	24784
G23832A C23854A	S:G757D S:N764K	40	56658	0.000706	23817	23895
G22813T T22882G A22893C T22917G C22950-T	S:K417N S:N440K S:K444T S:L452R NA	40	21242	0.001883	22808	22966
C23825+A C23887-A	NA NA	40	53127	0.000753	23683	23895
C23525T A23566T T23599G C23604A	S:H655Y S:A668A S:N679K S:P681H	40	140572	0.000285	23487	23642
A25271-T	NA	40	115084	0.000348	25263	25307
A24560G	S:R1000G	40	100762	0.000397	24553	24561
A24539-T	NA	40	101789	0.000393	24473	24559
A24424T T24529C	S:Q954H S:A989A	40	95744	0.000418	24412	24564
A24424T T24475C	S:Q954H S:G971G	40	96965	0.000413	24412	24493
A23806G C23854A	S:E748E S:N764K	40	55556	0.00072	23729	23873
A23321+T	NA	40	32390	0.001235	23285	23337
A23013C T23018G A23055G	S:E484A S:F486V S:Q498R	40	2685	0.014898	23008	23058
G25401+T C25416T	NA ORF3a:F8L	39	35022	0.001114	25372	25428
G25273A	S:M1237I	39	115261	0.000338	25217	25324
G25127-T	NA	39	76448	0.00051	25122	25144
G23868-A	NA	39	58706	0.000664	23860	23891
G22813T T22882G A22893C T22917G T22963C	S:K417N S:N440K S:K444T S:L452R S:D467D	39	20480	0.001904	22800	22967
G22813T T22831+A T22882G G22895C T22896C G22898A T22942G	S:K417N NA S:N440Q S:V445P S:V445P S:G446R S:N460*	39	21847	0.001785	22800	22949
G22813T T22831+A T22882G A22893C T22917G T22942A	S:K417N NA S:N440Q S:K444S S:L452R S:N460*	39	21847	0.001785	22801	22949
G22809-A G22813T T22882G A22893C T22917G	NA S:K417N S:N440K S:K444T S:L452R	39	24521	0.00159	22793	22920
C25416T C25521T	ORF3a:F8F ORF3a:F43F	39	30121	0.001295	25372	25566
C24878-A A24922-T C24981-T C25000T	NA NA NA S:D1146D	39	33574	0.001162	24850	25065
C23525T T23599G C23604A T23637A	S:H655Y S:N679K S:P681H S:I692N	39	136625	0.000285	23487	23642
C23525T T23599G C23604A T23633+C	S:H655Y S:N679K S:P681H NA	39	137584	0.000283	23499	23637
C23525T T23599G C23604A T23605C	S:H655Y S:N679K S:P681H S:P681H	39	140551	0.000277	23487	23634
C23525T T23599G C23604A A23636-T A23639G	S:H655Y S:N679K S:P681H NA S:I693V	39	134447	0.00029	23488	23642
C23525T C23589T T23599G C23604A	S:H655Y S:T676I S:N679K S:P681H	39	140572	0.000277	23487	23629
C23525T C23530-A T23599G C23604A	S:H655Y NA S:N679K S:P681H	39	140572	0.000277	23487	23624
C23520T C23525T T23599G C23604A	S:A653V S:H655Y S:N679K S:P681H	39	140525	0.000278	23487	23639
A25442G	ORF3a:Q17R	39	34482	0.001131	25374	25481
A25158G	S:D1199G	39	83356	0.000468	25133	25320
A24520G	S:K986K	39	101956	0.000383	24496	24563
A24479+T	NA	39	100958	0.000386	24465	24495
A24424T T24513C	S:Q954H S:L984P	39	96164	0.000406	24412	24564
A24424T T24469A T24496C	S:Q954H S:N969K S:N978N	39	96595	0.000404	24412	24564
A24424T T24469A T24489C	S:Q954H S:N969K S:V976A	39	96701	0.000403	24412	24554
A24424T T24469A T24487C	S:Q954H S:N969K S:S975S	39	96736	0.000403	24412	24546
A24424T T24469A T24480C	S:Q954H S:N969K S:I973T	39	96882	0.000403	24413	24564
A24424T A24562G	S:Q954H S:R1000R	39	94138	0.000414	24412	24564
A24424T A24456G T24469A	S:Q954H S:Q965R S:N969K	39	97164	0.000401	24416	24564
A24424T A24441G T24469A	S:Q954H S:N960S S:N969K	39	97164	0.000401	24412	24564
A23723G C23854A	S:S721G S:N764K	39	53950	0.000723	23705	23873
A23319G A23403G	S:D586G S:D614G	39	30665	0.001272	23269	23441
A23312G A23403G	S:I584V S:D614G	39	30651	0.001272	23270	23429
A23299G A23403G	S:P579P S:D614G	39	30628	0.001273	23270	23441
A22924-T T22942A	NA S:N460K	39	25713	0.001517	22917	22967
T24982C C25000T	S:P1140P S:D1146D	38	35511	0.00107	24963	25068
T24549C	S:L996S	38	101728	0.000374	24536	24554
T24414C A24424T	S:V951A S:Q954H	38	97728	0.000389	24412	24476
T23818C C23854A	S:L752L S:N764K	38	55897	0.00068	23801	23895
T23750C	S:S730P	38	61314	0.00062	23697	23767
T22882G T22917G	S:N440K S:L452R	38	25432	0.001494	22876	22920
G23832+A C23854A	NA S:N764K	38	56658	0.000671	23823	23873
G22813T T22882G T22942A C22950-T	S:K417N S:N440K S:N460K NA	38	21242	0.001789	22793	22957
G22578A G22599C C22674T T22679C	S:G339D S:R346T S:S371F S:S373P	38	759	0.050066	22494	22683
G21569-T C21618T T21632-TACCCCCTG	NA S:T19I S:DEL25/27	38	1874	0.020277	21553	21664
C25132+A C25262-TT	NA NA	38	75544	0.000503	25122	25316
C25000T T25016C	S:D1146D S:L1152L	38	35247	0.001078	24925	25030
C23854A A23864G	S:N764K S:T768A	38	58072	0.000654	23848	23873
C23525T T23599G C23603T C23604A	S:H655Y S:N679K S:P681Y S:P681Y	38	140572	0.00027	23505	23624
C23525T T23529A T23599G C23604A	S:H655Y S:V656D S:N679K S:P681H	38	140572	0.00027	23487	23636
C23525T G23593A T23599G C23604A	S:H655Y S:Q677Q S:N679K S:P681H	38	140572	0.00027	23505	23624
C23525T C23557T T23599G C23604A	S:H655Y S:P665P S:N679K S:P681H	38	140572	0.00027	23487	23624
A25449G	ORF3a:E19E	38	34278	0.001109	25372	25454
A25315+G	NA	38	118371	0.000321	25305	25324
A25143G	S:N1194S	38	81312	0.000467	25140	25161
A24518G	S:K986E	38	101963	0.000373	24504	24554
A24424T T24469A T24499C	S:Q954H S:N969K S:D979D	38	96522	0.000394	24415	24564
A24424T T24469A T24475C	S:Q954H S:N969K S:G971G	38	96965	0.000392	24412	24519
A24424T A24461G	S:Q954H S:S967G	38	97407	0.00039	24413	24555
A24424T A24433G T24469A	S:Q954H S:Q957Q S:N969K	38	97164	0.000391	24416	24519
A23734G C23854A	S:T724T S:N764K	38	54090	0.000703	23709	23873
A23696+T	NA	38	62866	0.000604	23686	23706
A23063T T23075C	S:N501Y S:Y505H	38	3207	0.011849	23059	23224
A22161-T	NA	38	5796	0.006556	22121	22180
T25304G	S:C1248G	37	117845	0.000314	25296	25324
T25187C	S:Y1209H	37	85357	0.000433	25176	25190
T25171+G C25262-T	NA NA	37	80217	0.000461	25132	25325
T24505C	S:L981L	37	101795	0.000363	24488	24564
T23742C C23854A	S:L727P S:N764K	37	54180	0.000683	23683	23895
T23689+A	NA	37	62335	0.000594	23684	23714
T23488C T23599G C23604A	Unknown S:N679K S:P681H	37	137521	0.000269	23487	23624
G25177-T C25262-T	NA NA	37	80605	0.000459	25123	25325
G24193C	S:L877L	37	11131	0.003324	24154	24322
G23587A T23599G C23604A	S:Q675Q S:N679K S:P681H	37	142683	0.000259	23563	23624
G22813T T22896C G22898A T22942G	S:K417N S:V445A S:G446S S:N460K	37	21847	0.001694	22803	22956
G22813T T22882G G22895C T22896C	S:K417N S:N440K S:V445P S:V445P	37	25636	0.001443	22799	22906
C25324T	S:C1254C	37	117296	0.000315	25307	25325
C25262-T T25303C	NA S:C1247C	37	113668	0.000326	25137	25314
C25262-T A25295G	NA S:K1245E	37	113759	0.000325	25135	25325
C25163+A C25262-T	NA NA	37	79661	0.000464	25140	25325
C24964-A C25000T	NA S:D1146D	37	35153	0.001053	24895	25013
C23701-A	NA	37	63386	0.000584	23683	23710
C23525T T23596-A T23599G C23604A	S:H655Y NA S:N679K S:P681H	37	140572	0.000263	23505	23638
C23525T C23536T T23599G C23604A	S:H655Y S:N658N S:N679K S:P681H	37	140572	0.000263	23501	23634
C23525T A23558G	S:H655Y S:I666V	37	142480	0.00026	23487	23562
C23492-A C23525T	NA S:H655Y	37	143444	0.000258	23488	23532
C23367+A	NA	37	31750	0.001165	23335	23387
A25448G	ORF3a:E19G	37	34296	0.001079	25380	25465
A25397+T	NA	37	35438	0.001044	25382	25408
A24424T T24469A T24534C	S:Q954H S:N969K S:V991A	37	95630	0.000387	24416	24561
A24424T T24469A A24531G	S:Q954H S:N969K S:E990G	37	95707	0.000387	24412	24564
A24424T A24426G T24469A	S:Q954H S:N955S S:N969K	37	97164	0.000381	24412	24563
A23796G C23854A	S:D745G S:N764K	37	55132	0.000671	23766	23895
A23796+T	NA	37	59716	0.00062	23683	23806
T25541C	ORF3a:V50A	36	29022	0.00124	25372	25545
T25436C	ORF3a:L15S	36	34621	0.00104	25372	25460
T25144C	S:N1194N	36	81414	0.000442	25130	25169
T23822C C23854A	S:L754L S:N764K	36	56075	0.000642	23801	23895
T23728C C23854A	S:V722V S:N764K	36	54021	0.000666	23683	23891
T23686-A	NA	36	62211	0.000579	23683	23707
T23281C A23403G	S:T573T S:D614G	36	29489	0.001221	23270	23443
G25278A	S:S1239N	36	115654	0.000311	25219	25320
G24301-A	NA	36	11091	0.003246	24293	24325
G21956-A	NA	36	10209	0.003526	21945	21973
G21793-A	NA	36	9778	0.003682	21776	21819
C25433+T	NA	36	34694	0.001038	25372	25445
C25416T G25455T	ORF3a:F8F ORF3a:K21N	36	34131	0.001055	25372	25476
C25300G	S:G1246G	36	117293	0.000307	25294	25320
C25262-T G25290A	NA S:C1243Y	36	113860	0.000316	25129	25293
C23854A C23859+G	S:N764K NA	36	58377	0.000617	23847	23881
C23525T T23599G C23604A G23628A	S:H655Y S:N679K S:P681H S:S689N	36	138085	0.000261	23487	23634
C23525T C23591T T23599G C23604A	S:H655Y S:Q677* S:N679K S:P681H	36	140572	0.000256	23487	23622
C23525T C23533T T23599G C23604A	S:H655Y S:N657N S:N679K S:P681H	36	140572	0.000256	23487	23624
C23520-T C23525T T23599G C23604A	NA S:H655Y S:N679K S:P681H	36	140525	0.000256	23487	23629
A25512G	ORF3a:S40S	36	30960	0.001163	25377	25517
A25432G	ORF3a:T14A	36	34710	0.001037	25375	25459
A25405-T	NA	36	35312	0.001019	25384	25418
A25381G	S:T1273T	36	35376	0.001018	25372	25438
A25374+T	NA	36	34988	0.001029	25372	25384
A25247-T	NA	36	113304	0.000318	25234	25324
A25137-T T25191-A	NA NA	36	78051	0.000461	25130	25208
A24905-T C25000T	NA S:D1146D	36	34062	0.001057	24857	25014
A24424T T24469A T24523C	S:Q954H S:N969K S:V987V	36	95889	0.000375	24413	24564
A24424T T24469A A24545G	S:Q954H S:N969K S:R995G	36	95338	0.000378	24415	24554
A24424T T24469A A24500G	S:Q954H S:N969K S:I980V	36	96508	0.000373	24412	24564
A24424T A24452G T24469A	S:Q954H S:K964E S:N969K	36	97164	0.000371	24412	24564
A24424T A24432G	S:Q954H S:Q957R	36	98511	0.000365	24412	24564
A24253-T A24324-AT	NA NA	36	9210	0.003909	24164	24335
A23826G C23854A	S:Q755R S:N764K	36	56290	0.00064	23750	23873
A23770G C23854A	S:V736V S:N764K	36	54517	0.00066	23695	23892
A23760G C23854A	S:K733R S:N764K	36	54376	0.000662	23718	23893
A23720+T	NA	36	62635	0.000575	23703	23729
A23403G C23413-A	S:D614G NA	36	31180	0.001155	23279	23441
A23379G A23403G	S:N606S S:D614G	36	31012	0.001161	23285	23443
A23305G A23403G	S:T581T S:D614G	36	30640	0.001175	23282	23422
A23276G A23403G	S:T572A S:D614G	36	29424	0.001223	23270	23429
T24931C C25000T	S:S1123S S:D1146D	35	34378	0.001018	24871	25044
T24168-G	NA	35	11234	0.003116	24164	24178
T23794C C23854A	S:G744G S:N764K	35	55013	0.000636	23790	23891
T23773C C23854A	S:D737D S:N764K	35	54544	0.000642	23683	23895
G25494-A	NA	35	32311	0.001083	25372	25502
G23811A C23854A	S:S750N S:N764K	35	55660	0.000629	23798	23892
G23749A C23854A	S:V729V S:N764K	35	54280	0.000645	23683	23895
C25549-T	NA	35	28891	0.001211	25377	25565
C25517-TTT	ORF3a:DEL43	35	30637	0.001142	25372	25552
C25466-T	NA	35	33831	0.001035	25372	25475
C24320-A	NA	35	10470	0.003343	24148	24331
C23854A G23858A	S:N764K S:A766T	35	58418	0.000599	23836	23873
C23854A A23892G	S:N764K S:N777S	35	52380	0.000668	23825	23895
C23744T C23854A	S:P728S S:N764K	35	54215	0.000646	23727	23881
C23525T T23599G C23604A C23638T	S:H655Y S:N679K S:P681H S:I692I	35	136544	0.000256	23501	23641
C23525T T23529G T23599G C23604A	S:H655Y S:V656G S:N679K S:P681H	35	140572	0.000249	23487	23633
C23393+T	NA	35	31540	0.00111	23269	23410
A25426G	ORF3a:T12A	35	34818	0.001005	25372	25466
A25154+T	NA	35	83001	0.000422	25131	25164
A24922-T C24981-T	NA NA	35	35009	0.001	24850	24995
A24424T T24469A A24562G	S:Q954H S:N969K S:R1000R	35	94138	0.000372	24412	24564
A24424T G24445A	S:Q954H S:T961T	35	98100	0.000357	24412	24455
A24424T A24484G	S:Q954H S:S974S	35	96783	0.000362	24416	24552
A24424T A24479+T	S:Q954H NA	35	96892	0.000361	24412	24535
A23852G C23854A	S:N764E S:N764E	35	58793	0.000595	23841	23895
A23784G C23854A	S:Y741C S:N764K	35	54699	0.00064	23683	23873
A23403G T23427C	S:D614G S:V622A	35	30756	0.001138	23365	23443
A23366G A23403G	S:T602A S:D614G	35	30877	0.001134	23296	23443
A23321G A23403G	S:I587V S:D614G	35	30668	0.001141	23296	23431
A21875-T	NA	35	9438	0.003708	21839	21973
T25191-A G25278-T	NA NA	34	85787	0.000396	25130	25307
T25161C C25262-T	S:L1200P NA	34	79485	0.000428	25130	25325
T24929C C25000T	S:S1123P S:D1146D	34	34348	0.00099	24910	25068
T24469A T24475C	S:N969K S:G971G	34	100440	0.000339	24458	24564
T23752C C23854A	S:S730S S:N764K	34	54303	0.000626	23683	23895
T23686C C23854A	S:S708S S:N764K	34	52676	0.000645	23683	23895
T22882G G22895C G22898A	S:N440K S:V445L S:G446S	34	26487	0.001284	22828	22907
G25298A	S:G1246S	34	117132	0.00029	25272	25324
G25229A	S:G1223S	34	112282	0.000303	25219	25325
G25198A	S:W1212*	34	90181	0.000377	25161	25325
G23824A C23854A	S:L754L S:N764K	34	56134	0.000606	23727	23895
G22813T T22882G T22917G T22942A C22950-T	S:K417N S:N440K S:L452R S:N460K NA	34	21242	0.001601	22793	22967
G22813T T22882G G22895C T22896C G22898A T22900-G T22942G	S:K417N S:N440K S:V445P S:V445P S:G446S NA S:N460K	34	21847	0.001556	22793	22966
G22813T T22882G A22914-C T22917G T22942A	S:K417N S:N440K NA S:L452R S:N460K	34	21847	0.001556	22808	22967
C25433-T	NA	34	34694	0.00098	25381	25450
C25282T	S:C1240C	34	115869	0.000293	25211	25325
C25000T T25063C	S:D1146D S:G1167G	34	34079	0.000998	24872	25069
C25000T G25015-T	S:D1146D NA	34	35272	0.000964	24976	25069
C24912T C24981-T C25000T	S:T1117I NA S:D1146D	34	34158	0.000995	24874	25065
C24455-A G24521+T	NA NA	34	98083	0.000347	24415	24527
C24223-T	NA	34	10966	0.0031	24154	24235
C23854A A23891G	S:N764K S:N777D	34	54797	0.00062	23835	23892
C23595T T23599G C23604A	S:T678I S:N679K S:P681H	34	142836	0.000238	23587	23642
C23525T T23599G C23604A G23642A	S:H655Y S:N679K S:P681H Unknown	34	133587	0.000255	23505	23642
C23525T T23599G C23604A A23614+G	S:H655Y S:N679K S:P681H NA	34	140485	0.000242	23507	23625
C23525T C23585T T23599G C23604A	S:H655Y S:Q675* S:N679K S:P681H	34	140572	0.000242	23487	23635
C23277T C23334-T	S:T572I NA	34	30800	0.001104	23273	23391
A24962G C25000T	S:N1134D S:D1146D	34	35127	0.000968	24946	25008
A24424T T24523C	S:Q954H S:V987V	34	95889	0.000355	24412	24564
A24424T T24459C	S:Q954H S:L966P	34	97466	0.000349	24412	24564
A24424T G24428A T24469A	S:Q954H S:A956T S:N969K	34	97164	0.00035	24412	24552
A24424T A24537G	S:Q954H S:Q992R	34	95521	0.000356	24412	24544
A24424T A24425G T24469A	S:Q954H S:N955D S:N969K	34	97164	0.00035	24412	24564
A24424T A24425G	S:Q954H S:N955D	34	98544	0.000345	24416	24564
A23759G C23854A	S:K733E S:N764K	34	54369	0.000625	23684	23881
A23712+T G23768-T	NA NA	34	60150	0.000565	23690	23782
A23403G G23429-C	S:D614G NA	34	30707	0.001107	23269	23443
A22320G	S:D253G	34	6143	0.005535	22306	22332
A21764-TACATG A21817-T G21882T	S:DEL69/70 NA S:G107V	34	8267	0.004113	21757	21961
T25293-C	NA	33	116648	0.000283	25282	25323
T25152C C25262-T	S:L1197P NA	33	78563	0.00042	25130	25323
T25128C	S:V1189A	33	76679	0.00043	25122	25158
T24643-A	NA	33	12418	0.002657	24621	24655
T23815C C23854A	S:N751N S:N764K	33	55770	0.000592	23794	23873
T23507A C23525T T23599G C23604A	S:C649S S:H655Y S:N679K S:P681H	33	140031	0.000236	23501	23624
T23350C A23403G	S:S596S S:D614G	33	30798	0.001071	23269	23443
T23341C A23403G	S:G593G S:D614G	33	30770	0.001072	23273	23443
T23287C A23403G	S:A575A S:D614G	33	30377	0.001086	23273	23443
G25311A	S:C1250Y	33	118320	0.000279	25288	25324
G25218+T C25262-T	NA NA	33	107104	0.000308	25130	25323
G22813T T22882G G22895C T22896C T22942G	S:K417N S:N440K S:V445P S:V445P S:N460K	33	21847	0.001511	22803	22948
G21578-T C21618T T21632-TACCCCCTG	NA S:T19I S:DEL25/27	33	2140	0.015421	21571	21659
C25416T A25562G	ORF3a:F8F ORF3a:Q57R	33	28084	0.001175	25373	25566
C25262-T T25272C	NA S:M1237T	33	114023	0.000289	25130	25323
C23854A T23871C	S:N764K S:I770T	33	57777	0.000571	23837	23895
C23525T G23587T T23599G C23604A	S:H655Y S:Q675H S:N679K S:P681H	33	140572	0.000235	23499	23640
C23525T A23558-T C23604A	S:H655Y NA S:P681H	33	140572	0.000235	23507	23624
C23334-T G23417+A	NA NA	33	30366	0.001087	23285	23432
C22314T G22344T C22425T	S:P251L S:G261V S:A288V	33	4851	0.006803	22310	22446
C22281+T	NA	33	6235	0.005293	22256	22301
A25201+T	NA	33	91990	0.000359	25191	25316
A24516G	S:D985G	33	101928	0.000324	24497	24536
A24456C	S:Q965P	33	100052	0.00033	24434	24462
A24424T T24499C	S:Q954H S:D979D	33	96522	0.000342	24415	24563
A24424T T24492+A	S:Q954H NA	33	96679	0.000341	24414	24504
A24424T T24469A G24476A	S:Q954H S:N969K S:A972T	33	96946	0.00034	24413	24564
A24424T T24469A C24528T	S:Q954H S:N969K S:A989V	33	95772	0.000345	24412	24554
A24424T C24536T	S:Q954H S:Q992*	33	95557	0.000345	24412	24564
A24340-T	NA	33	6496	0.00508	24305	24350
A23720G C23854A	S:I720V S:N764K	33	53929	0.000612	23699	23873
A23711-AT	NA	33	63040	0.000523	23699	23723
A23594-C T23599G C23604A	NA S:N679K S:P681H	33	142831	0.000231	23578	23621
A23515G C23525T T23599G C23604A	S:I651M S:H655Y S:N679K S:P681H	33	140379	0.000235	23493	23637
A23403G G23417-A	S:D614G NA	33	31080	0.001062	23376	23429
A23403G G23412A	S:D614G S:C617Y	33	31208	0.001057	23394	23423
A23321+T C23334-T	NA NA	33	32143	0.001027	23285	23355
T25488C	ORF3a:T32T	32	32873	0.000973	25373	25552
T24643-A C24672-A	NA NA	32	12077	0.00265	24626	24684
T24552C	S:I997T	32	101661	0.000315	24538	24564
T24548C	S:L996L	32	101731	0.000315	24537	24552
T24511C	S:R983R	32	101898	0.000314	24479	24554
T23837C C23854A	S:F759L S:N764K	32	57498	0.000557	23757	23895
T23599G C23604A A23639-T	S:N679K S:P681H NA	32	136561	0.000234	23589	23642
T23434-C	NA	32	30623	0.001045	23413	23443
T23374C A23403G	S:T604T S:D614G	32	30950	0.001034	23270	23443
G25218-TT	NA	32	107747	0.000297	25209	25316
G24743-T	NA	32	11968	0.002674	24730	24791
C25416T G25489T	ORF3a:F8F ORF3a:A33S	32	32643	0.00098	25372	25552
C25416T C25427-TG	ORF3a:F8F NA	32	34808	0.000919	25372	25485
C25275T	S:T1238I	32	115412	0.000277	25229	25324
C25000T A25065G	S:D1146D S:D1168G	32	34031	0.00094	24991	25068
C24672-A T24689G G24690T	NA S:C1043V S:C1043V	32	10521	0.003042	24612	24697
C24422-A A24425T T24438+A	NA S:N955Y NA	32	98315	0.000325	24412	24449
C23854A T23866C	S:N764K S:T768T	32	57961	0.000552	23840	23886
C23833+G C23854A	NA S:N764K	32	56725	0.000564	23826	23895
C23525T T23599G C23604A T23617+G	S:H655Y S:N679K S:P681H NA	32	140458	0.000228	23487	23640
C23525T G23580A T23599G C23604A	S:H655Y S:S673N S:N679K S:P681H	32	140572	0.000228	23518	23626
C23381-A A23403G	NA S:D614G	32	31042	0.001031	23372	23443
C23334-T C23393+T	NA NA	32	30986	0.001033	23269	23410
A25439G	ORF3a:K16R	32	34538	0.000927	25377	25492
A25438G	ORF3a:K16E	32	34558	0.000926	25381	25477
A25137G	S:N1192S	32	80602	0.000397	25122	25158
A24922-T G24971+T C24981-T C25000T	NA NA NA S:D1146S	32	34258	0.000934	24852	25020
A24424T T24469G	S:Q954H S:N969K	32	97164	0.000329	24416	24564
A24424T T24469A T24491C	S:Q954H S:N969K S:L977L	32	96687	0.000331	24412	24564
A24424T T24469A C24509T	S:Q954H S:N969K S:R983C	32	96274	0.000332	24412	24536
A24424T A24443G	S:Q954H S:T961A	32	98169	0.000326	24412	24554
A23942-T G23948T	NA S:D796Y	32	799	0.04005	23941	23960
A23801G C23854A	S:T747A S:N764K	32	55409	0.000578	23793	23892
A23753G C23854A	S:M731V S:N764K	32	54310	0.000589	23748	23881
A23704+C C23709+A	NA NA	32	63003	0.000508	23683	23723
A23403G T23434C	S:D614G S:I624I	32	30022	0.001066	23375	23443
A23403G T23411C	S:D614G S:C617R	32	31238	0.001024	23399	23429
A23403G A23440G	S:D614G S:A626A	32	29757	0.001075	23296	23443
A23013C T23018C T23019C T23031C A23063T T23075C	S:E484A S:F486P S:F486P S:F490S S:N501Y S:Y505H	32	2593	0.012341	23008	23115
A23013C T23018C T23019C T23031C A23055G T23075C	S:E484A S:F486P S:F486P S:F490S S:Q498R S:Y505H	32	2593	0.012341	23008	23078
A21957T	S:E132V	32	10209	0.003134	21914	21973
A21764-TACATG G21786A A21817-T A21875-T	S:DEL69/70 S:G75D NA NA	32	8281	0.003864	21757	21944
T25473C	ORF3a:D27D	31	33662	0.000921	25372	25489
T25468C	ORF3a:S26P	31	33801	0.000917	25382	25495
T24892C C25000T	S:Y1110Y S:D1146D	31	33741	0.000919	24858	25069
T24534C	S:V991A	31	101740	0.000305	24488	24535
T24506C	S:S982P	31	101813	0.000304	24480	24525
T24492-A	NA	31	101549	0.000305	24481	24519
T23725C C23854A	S:S721S S:N764K	31	53983	0.000574	23683	23873
T23698C C23854A	S:I712I S:N764K	31	53107	0.000584	23683	23895
T23386C A23403G	S:V608V S:D614G	31	31128	0.000996	23352	23441
T23330C A23403G	S:C590R S:D614G	31	30681	0.00101	23296	23443
G25250A	S:V1230M	31	113469	0.000273	25219	25302
G25249A	S:M1229I	31	113405	0.000273	25226	25325
G25173+A	NA	31	83637	0.000371	25135	25184
G24510+T	NA	31	101904	0.000304	24465	24523
G22813T T22882G T22942A T22963C	S:K417N S:N440K S:N460K S:D467D	31	20480	0.001514	22793	22966
G22813T A22914-C T22942A	S:K417N NA S:N460K	31	21847	0.001419	22793	22949
C25416T A25448G	ORF3a:F8F ORF3a:E19G	31	34296	0.000904	25372	25519
C25416T A25432G	ORF3a:F8F ORF3a:T14A	31	34710	0.000893	25372	25483
C25000T A25034G	S:D1146D S:N1158D	31	34639	0.000895	24894	25065
C23859+T	NA	31	58696	0.000528	23840	23872
C23525T T23599G C23604A C23638-A	S:H655Y S:N679K S:P681H NA	31	136544	0.000227	23515	23642
C23525T T23599G C23603+A	S:H655Y S:N679K NA	31	140586	0.000221	23500	23638
C23525T A23531T T23599G C23604A	S:H655Y S:N657Y S:N679K S:P681H	31	140572	0.000221	23487	23624
C23334-T A23403G C23423T	NA S:D614G S:P621S	31	30181	0.001027	23273	23443
C22445T	Unknown	31	5549	0.005587	22436	22446
A25417G	ORF3a:T9A	31	34978	0.000886	25374	25445
A25176G C25262-T	S:K1205R NA	31	80551	0.000385	25122	25278
A24885+T G24971+T C24981-T C25000T	NA NA NA S:D1146Y	31	33614	0.000922	24867	25015
A24758G	S:T1066A	31	12084	0.002565	24737	24788
A24424T T24469A A24539+T	S:Q954H S:N969K NA	31	95499	0.000325	24412	24564
A24424T G24428A	S:Q954H S:A956T	31	98541	0.000315	24412	24564
A24424T A24531G	S:Q954H S:E990G	31	95707	0.000324	24412	24564
A24424T A24456G	S:Q954H S:Q965R	31	97672	0.000317	24412	24564
A24424T A24426G	S:Q954H S:N955S	31	98541	0.000315	24413	24454
A24424C T24469A	S:Q954H S:N969K	31	97164	0.000319	24417	24560
A23737G C23854A	S:E725E S:N764K	31	54136	0.000573	23683	23873
A23403G A23442G	S:D614G S:D627G	31	29709	0.001043	23296	23443
A22914-C T22917G T22942A	NA S:L452R S:N460K	31	24298	0.001276	22905	22967
T25263A	S:L1234H	30	114551	0.000262	25223	25324
T25189C	S:Y1209Y	30	85686	0.00035	25168	25266
T24873+A	NA	30	37840	0.000793	24865	24883
T24529C	S:A989A	30	101815	0.000295	24508	24563
T24492+A	NA	30	101549	0.000295	24486	24547
T23308C A23403G	S:L582L S:D614G	30	30643	0.000979	23282	23429
T22942A C22950-T	S:N460K NA	30	26231	0.001144	22931	22966
T21775-G A21817-T	NA NA	30	9258	0.00324	21757	21833
G25455T	ORF3a:K21N	30	34131	0.000879	25372	25471
G25447+A	NA	30	34335	0.000874	25372	25457
G25183A	S:E1207E	30	84594	0.000355	25177	25316
G25130A	S:A1190T	30	77080	0.000389	25126	25152
G23699+C	NA	30	62924	0.000477	23683	23711
G22813T G22895C T22896C G22898A	S:K417N S:V445P S:V445P S:G446S	30	25618	0.001171	22793	22906
G22577C G22578A G22599C C22664A T22679C	S:G339H S:G339H S:R346T S:L368I S:S373P	30	759	0.039526	22495	22683
G22403-A	NA	30	5676	0.005285	22368	22443
G21578-TT C21618T T21632-TACCCCCTG	NA S:T19I S:DEL25/27	30	2140	0.014019	21563	21664
C25413+T	NA	30	35105	0.000855	25372	25426
C25294+A	NA	30	116688	0.000257	25285	25324
C25262-T T25279C	NA S:S1239S	30	113976	0.000263	25137	25325
C24981-T C25000T A25056-T	NA S:D1146D NA	30	34010	0.000882	24850	25061
C24912T	S:T1117I	30	36951	0.000812	24850	24925
C23854A T23861C	S:N764K S:L767L	30	58267	0.000515	23840	23881
C23854A C23882T	S:N764K S:Q774*	30	56709	0.000529	23836	23895
C23758T C23854A	S:T732T S:N764K	30	54356	0.000552	23731	23895
C23533-A T23599G C23604A	NA S:N679K S:P681H	30	140942	0.000213	23493	23612
C23525T T23599G C23604A C23630T	S:H655Y S:N679K S:P681H S:Q690*	30	138049	0.000217	23487	23642
C23525T G23543A T23599G C23604A	S:H655Y S:E661K S:N679K S:P681H	30	140572	0.000213	23487	23642
C23525T C23533-A C23604A	S:H655Y NA S:P681H	30	140572	0.000213	23493	23633
C23334-T A23403G C23430T	NA S:D614G S:A623V	30	29944	0.001002	23269	23443
C22802+A G22813T T22882G A22893C T22917G	NA S:K417N S:N440Q S:K444S S:L452R	30	24348	0.001232	22793	22937
A25410G	ORF3a:R6R	30	35193	0.000852	25372	25427
A25408G	ORF3a:R6G	30	35240	0.000851	25372	25432
A25223G	S:I1221V	30	111342	0.000269	25219	25263
A25056-T	NA	30	35130	0.000854	25044	25065
A24424T T24469A A24545T	S:Q954H S:N969K S:R995W	30	95338	0.000315	24412	24564
A23746G C23854A	S:P728P S:N764K	30	54241	0.000553	23684	23892
A23503T C23525T T23599G C23604A	S:A647A S:H655Y S:N679K S:P681H	30	139641	0.000215	23492	23637
A23495C C23525T T23599G C23604A	S:T645P S:H655Y S:N679K S:P681H	30	138624	0.000216	23487	23637
T25475C	ORF3a:F28S	29	33632	0.000862	25372	25504
T25150C C25262-T	S:S1196S NA	29	77584	0.000374	25130	25323
T25140A	S:L1193*	29	80890	0.000359	25136	25146
T24469A T24514C	S:N969K S:L984L	29	99482	0.000292	24465	24554
T24214C	S:S884S	29	11003	0.002636	24161	24323
T23791C C23854A	S:C743C S:N764K	29	54896	0.000528	23778	23891
T23599G T23602-C T23605A	S:N679K NA S:P681P	29	142866	0.000203	23588	23642
T23596+A T23599G C23604A	NA S:N679* S:P681Y	29	142862	0.000203	23582	23637
T23289C A23403G	S:V576A S:D614G	29	30429	0.000953	23285	23412
T22882G T22896C G22898A	S:N440K S:V445A S:G446S	29	26487	0.001095	22852	22924
T21775-G	NA	29	9412	0.003081	21761	21797
G25477-T	NA	29	33584	0.000864	25383	25487
G25269-T	NA	29	114924	0.000252	25262	25323
G25244A	S:V1228I	29	113193	0.000256	25234	25324
G25217A	S:G1219S	29	104982	0.000276	25202	25317
G23873A	S:A771T	29	58569	0.000495	23862	23887
G22813T A22845-T T22882G A22893C T22917G	S:K417N NA S:N440K S:K444T S:L452R	29	24570	0.00118	22808	22919
G22578A C22674T T22679C	S:G339D S:S371F S:S373P	29	759	0.038208	22494	22683
G22317T G22403-A	S:G252V NA	29	5016	0.005781	22315	22436
C25553T	ORF3a:A54V	29	28830	0.001006	25372	25562
C25546-T	NA	29	28927	0.001003	25378	25566
C25262-T T25307C	NA S:S1249P	29	113604	0.000255	25130	25325
C25262-T T25306C	NA S:C1248C	29	113625	0.000255	25130	25323
C25262-T T25289C	NA S:C1243R	29	113875	0.000255	25214	25325
C25262-T A25296G	NA S:K1245R	29	113742	0.000255	25183	25325
C24899-A C24981-T	NA NA	29	34671	0.000836	24852	24994
C24672-A A24803-T	NA NA	29	8236	0.003521	24626	24806
C24632+T	NA	29	12471	0.002325	24618	24642
C24483-A	NA	29	101220	0.000287	24473	24499
C24458+T	NA	29	99910	0.00029	24438	24486
C24297T	S:T912I	29	11094	0.002614	24246	24317
C23833T C23854A	S:G757G S:N764K	29	56725	0.000511	23829	23890
C23334-T C23367-A A23403G	NA NA S:D614G	29	30689	0.000945	23269	23419
C22062-T G22104-A C22120-A	NA NA NA	29	3874	0.007486	22047	22179
C21552+A C21618T T21632-TACCCCCTG	NA S:T19F S:DEL25/27	29	1409	0.020582	21545	21664
A25419G	ORF3a:T9T	29	34952	0.00083	25372	25441
A25397-T C25416T	NA ORF3a:F8F	29	35022	0.000828	25378	25552
A25193G	S:K1211E	29	88868	0.000326	25166	25261
A25167G	S:E1202G	29	83602	0.000347	25122	25179
A24915G C25000T	S:D1118G S:D1146D	29	34195	0.000848	24867	25059
A24875G C25000T	S:T1105A S:D1146D	29	33561	0.000864	24860	25068
A24780G	S:K1073R	29	12249	0.002368	24727	24788
A24468-T	NA	29	100680	0.000288	24465	24524
A24424T T24481C	S:Q954H S:I973I	29	96852	0.000299	24412	24564
A24424T T24471-TG C24536-A	S:Q954H NA NA	29	95557	0.000303	24412	24564
A24424T T24469A T24501C	S:Q954H S:N969K S:I980T	29	96468	0.000301	24412	24564
A24424T T24469A C24536-A A24538G	S:Q954H S:N969K NA S:Q992Q	29	95504	0.000304	24412	24546
A24424T G24558A	S:Q954H S:G999D	29	94372	0.000307	24412	24564
A24424T G24476A	S:Q954H S:A972T	29	96946	0.000299	24415	24564
A24424T C24536+G	S:Q954H NA	29	95557	0.000303	24412	24552
A24424T C24528T	S:Q954H S:A989V	29	95772	0.000303	24412	24564
A24424T A24539G	S:Q954H S:I993V	29	95499	0.000304	24412	24564
A24424T A24539-T	S:Q954H NA	29	95499	0.000304	24413	24552
A24424T A24485G	S:Q954H S:S975G	29	96765	0.0003	24412	24502
A24424T A24467C	S:Q954H Unknown	29	97217	0.000298	24412	24468
A24420+C A24424T	NA S:Q954P	29	98577	0.000294	24412	24433
A24419G A24424T	S:N953D S:Q954H	29	98549	0.000294	24413	24441
A23772+T	NA	29	60632	0.000478	23690	23783
A23708G C23854A	S:T716A S:N764K	29	53816	0.000539	23683	23895
A23403G T23434-C	S:D614G NA	29	30022	0.000966	23394	23443
A23403G T23406C	S:D614G S:V615A	29	31328	0.000926	23394	23434
A23400+G	NA	29	31479	0.000921	23272	23414
A23013C T23018G T23075C	S:E484A S:F486V S:Y505H	29	2593	0.011184	23008	23087
A21764-TACATG G21786A T21934-A	S:DEL69/70 S:G75D NA	29	8209	0.003533	21757	21961
T25251C C25262-T	S:V1230A NA	28	113309	0.000247	25144	25325
T24940C C25000T	S:C1126C S:D1146D	28	34523	0.000811	24857	25058
T24929G C25000T	S:S1123A S:D1146D	28	34348	0.000815	24872	25061
T24469A A24554G	S:N969K S:T998A	28	98151	0.000285	24465	24562
T24438+A C24455-A	NA NA	28	99691	0.000281	24412	24499
T23293C A23403G	S:R577R S:D614G	28	30437	0.00092	23285	23424
G25244-T G25302-T	NA NA	28	112074	0.00025	25221	25324
G25126A	S:E1188E	28	76217	0.000367	25122	25324
G24683-A	NA	28	12270	0.002282	24612	24695
G22808A G22813T T22882G T22942A	S:G416R S:K417N S:N440K S:N460K	28	21758	0.001287	22803	22949
C25416T A25439G	ORF3a:F8F ORF3a:K16R	28	34538	0.000811	25372	25499
C25373T	S:H1271Y	28	34925	0.000802	25372	25379
C25000T A25042G	S:D1146D S:T1160T	28	34511	0.000811	24986	25068
C24899-A A24922-T	NA NA	28	36482	0.000768	24852	24934
C23816-T G23835-T C23854A	NA NA S:N764K	28	55780	0.000502	23694	23873
C23816-T A23853-C	NA NA	28	55846	0.000501	23683	23862
C23700T C23854A	S:A713V S:N764K	28	53629	0.000522	23683	23895
C22281+T G22317T	NA S:G252L	28	6003	0.004664	22256	22367
A24913G C25000T	S:T1117T S:D1146D	28	34172	0.000819	24867	25069
A24895G C25000T	S:E1111E S:D1146D	28	33832	0.000828	24857	25043
A24894G C25000T	S:E1111G S:D1146D	28	33798	0.000828	24850	25068
A24554G	S:T998A	28	101502	0.000276	24532	24564
A24440G	S:N960D	28	100297	0.000279	24412	24452
A24424T T24544C	S:Q954H S:D994D	28	95373	0.000294	24412	24554
A24424T T24496C	S:Q954H S:N978N	28	96595	0.00029	24412	24500
A24424T T24492-A	S:Q954H NA	28	96679	0.00029	24415	24554
A24424T T24469A T24470C	S:Q954H S:N969K S:F970L	28	97018	0.000289	24415	24564
A24424T T24469A G24533A	S:Q954H S:N969K S:V991M	28	95660	0.000293	24415	24564
A24424T T24427C	S:Q954H S:N955N	28	98541	0.000284	24413	24564
A24423G A24424T	S:Q954R S:Q954R	28	98635	0.000284	24413	24564
A24353-T	NA	28	6081	0.004605	24340	24357
A23403G T23428C	S:D614G S:V622V	28	30731	0.000911	23320	23443
A23403G A23409G	S:D614G S:N616S	28	31293	0.000895	23382	23429
A23403G A23408G	S:D614G S:N616D	28	31309	0.000894	23391	23429
A23357G A23403G	S:T599A S:D614G	28	30838	0.000908	23285	23443
T25382+A G25555-T	NA NA	27	28225	0.000957	25372	25566
T25268A	S:C1236S	27	114836	0.000235	25219	25325
T24513C	S:L984P	27	101909	0.000265	24497	24564
T24469A A24560G	S:N969K S:R1000G	27	97402	0.000277	24465	24564
T24436C T24469A	S:A958A S:N969K	27	98947	0.000273	24428	24558
T23803C C23854A	S:T747T S:N764K	27	55458	0.000487	23745	23895
T23787C C23854A	S:I742T S:N764K	27	54761	0.000493	23736	23894
T23727C C23854A	S:V722A S:N764K	27	54015	0.0005	23699	23895
T23511+A A23515+G C23525T T23599G C23604A	NA NA S:H655Y S:N679L S:P681H	27	140296	0.000192	23501	23639
T23346C	S:V595A	27	32071	0.000842	23285	23363
G25177-T C25262-TT	NA NA	27	80605	0.000335	25122	25325
G23519+A C23525T T23599G C23604A	NA S:H655S S:N679* S:P681Y	27	140504	0.000192	23498	23642
G23516A C23525T T23599G C23604A	S:G652R S:H655Y S:N679K S:P681H	27	140430	0.000192	23487	23624
G22813T T22882G T22896C G22898A A22914-C T22942G	S:K417N S:N440K S:V445A S:G446S NA S:N460K	27	21847	0.001236	22807	22967
G22813T T22882G G22895C G22898A T22900-G	S:K417N S:N440K S:V445L S:G446S NA	27	25584	0.001055	22793	22914
G22813T T22831+A T22882G	S:K417N NA S:N440Q	27	26861	0.001005	22801	22892
G22133-A G22158-T	NA NA	27	5351	0.005046	22124	22192
C25416T C25539-G	ORF3a:F8F NA	27	29086	0.000928	25372	25552
C25200T	S:P1213L	27	91329	0.000296	25195	25307
C24878+A	NA	27	37718	0.000716	24859	24888
C24787T	S:F1075F	27	12244	0.002205	24725	24789
C24771+G	NA	27	12194	0.002214	24762	24798
C24422T A24424T	S:Q954Y S:Q954Y	27	98630	0.000274	24412	24458
C23882-A	NA	27	57680	0.000468	23865	23890
C23854A A23889G	S:N764K S:K776R	27	55086	0.00049	23836	23892
C23525T G23561A T23599G C23604A	S:H655Y S:G667S S:N679K S:P681H	27	140572	0.000192	23491	23642
C23525T A23598+G C23604A	S:H655Y NA S:P681Y	27	140572	0.000192	23487	23637
C23525T A23558-T	S:H655Y NA	27	142480	0.00019	23496	23569
A25450G	ORF3a:I20V	27	34261	0.000788	25372	25503
A25296G	S:K1245R	27	116960	0.000231	25271	25316
A25253G C25262-T	S:T1231A NA	27	113493	0.000238	25132	25279
A25194-AT G25197T C25262-T	NA S:W1212L NA	27	87184	0.00031	25122	25277
A24922+T	NA	27	36822	0.000733	24856	24933
A24538G	S:Q992Q	27	101694	0.000266	24508	24564
A24424T T24472C	S:Q954H S:F970F	27	97010	0.000278	24412	24564
A24424T T24469A C24503-T	S:Q954H S:N969K NA	27	96394	0.00028	24412	24530
A24424T T24469A C24502T	S:Q954H S:N969K S:I980I	27	96421	0.00028	24413	24554
A24424T T24459C T24469A	S:Q954H S:L966P S:N969K	27	97164	0.000278	24412	24564
A24424T G24527A	S:Q954H S:A989T	27	95787	0.000282	24412	24560
A24424T G24449+T	S:Q954H NA	27	98009	0.000275	24412	24467
A24424T A24556+G	S:Q954H NA	27	94477	0.000286	24412	24564
A24424T A24495G	S:Q954H S:N978S	27	96602	0.000279	24412	24564
A23813G C23854A	S:N751D S:N764K	27	55725	0.000485	23798	23873
A23786-T C23816-TT C23854A	NA NA S:N764K	27	54744	0.000493	23699	23873
A23712+T A23786+T	NA NA	27	59062	0.000457	23683	23802
A23696-T	NA	27	62866	0.000429	23687	23706
A23403G T23437C	S:D614G S:H625H	27	29843	0.000905	23382	23443
T25467C	ORF3a:P25P	26	33819	0.000769	25375	25477
T25224-A	NA	26	111569	0.000233	25217	25324
T25123+A	NA	26	75488	0.000344	25122	25325
T24960C C25000T	S:V1133A S:D1146D	26	35025	0.000742	24853	25069
T24480C	S:I973T	26	101047	0.000257	24465	24534
T24471-TG C24536-A	NA NA	26	98972	0.000263	24462	24546
T24469A G24488-T	S:N969K NA	26	100166	0.00026	24465	24564
T24464C	S:S968P	26	99783	0.000261	24438	24564
T24448C	S:L962L	26	100246	0.000259	24428	24471
T23830+G C23887-A	NA NA	26	53488	0.000486	23690	23895
T23830+G	NA	26	58964	0.000441	23690	23842
T23693C	S:S711P	26	62692	0.000415	23683	23733
T23352C A23403G	S:V597A S:D614G	26	30810	0.000844	23286	23429
T23272C A23403G	S:A570A S:D614G	26	29196	0.000891	23270	23429
T22942A T22963C	S:N460K S:D467D	26	25434	0.001022	22928	22967
G25197A	S:W1212*	26	89687	0.00029	25149	25324
G25157A	S:D1199N	26	83215	0.000312	25130	25190
G24277-T	NA	26	10938	0.002377	24266	24324
G23699A C23854A	S:A713T S:N764K	26	53143	0.000489	23683	23895
G22813T A22893C T22917G	S:K417N S:K444T S:L452R	26	24570	0.001058	22793	22929
G22808A G22813T T22882G A22893C T22917G T22942A	S:G416R S:K417N S:N440K S:K444T S:L452R S:N460K	26	21758	0.001195	22793	22967
G21586+T	NA	26	2615	0.009943	21451	21594
C25324+A	NA	26	117296	0.000222	25133	25325
C25169-T T25191-A C25262-T	NA NA NA	26	80071	0.000325	25130	25323
C25000T A25020G	S:D1146D S:D1153G	26	34996	0.000743	24952	25043
C24981-T C25000T A25026-T	NA S:D1146D NA	26	34518	0.000753	24850	25036
C24964+A C25000T	NA S:D1146S	26	35153	0.00074	24946	25065
C24672-A A24684-T G24693-A	NA NA NA	26	10140	0.002564	24626	24712
C23854A T23857+A	S:N764K NA	26	58418	0.000445	23846	23891
C23816-T C23887-A	NA NA	26	52743	0.000493	23699	23895
C23707T C23854A	S:P715P S:N764K	26	53807	0.000483	23683	23879
C23525T T23599G C23604A G23611A	S:H655Y S:N679K S:P681H S:R683R	26	140516	0.000185	23487	23641
C23525T T23599G C23601T C23604A	S:H655Y S:N679K S:S680F S:P681H	26	140572	0.000185	23487	23639
C23492+A T23599G C23604A	NA S:N679* S:P681Y	26	137899	0.000189	23488	23624
C23367-A	NA	26	31750	0.000819	23285	23386
C23334-T C23367+A	NA NA	26	31547	0.000824	23285	23410
C23275T A23403G	S:D571D S:D614G	26	29419	0.000884	23270	23422
A25501G	ORF3a:I37V	26	31764	0.000819	25372	25512
A25486G	ORF3a:T32A	26	33058	0.000786	25382	25503
A25472-T G25555-T	NA NA	26	28336	0.000918	25372	25566
A25185-G C25262-T	NA NA	26	82283	0.000316	25122	25325
A24777G	S:E1072G	26	12235	0.002125	24763	24802
A24556G	S:T998T	26	101026	0.000257	24524	24564
A24424T T24469A T24481C	S:Q954H S:N969K S:I973I	26	96852	0.000268	24412	24554
A24424T T24469A T24472-G T24481C	S:Q954H S:N969K NA S:I973I	26	96852	0.000268	24412	24564
A24424T T24469A A24538G	S:Q954H S:N969K S:Q992Q	26	95504	0.000272	24415	24564
A24424T T24469A A24485G	S:Q954H S:N969K S:S975G	26	96765	0.000269	24412	24564
A24424T T24438+A C24455-A	S:Q954H NA NA	26	97788	0.000266	24412	24558
A24424T C24517T	S:Q954H S:D985D	26	96086	0.000271	24412	24563
A24424T A24468G T24469A	S:Q954H S:N969R S:N969R	26	97164	0.000268	24412	24564
A24423G A24424T T24469A	S:Q954R S:Q954R S:N969K	26	97151	0.000268	24412	24564
A23786-T C23816-T C23854A	NA NA S:N764K	26	54744	0.000475	23683	23881
A23552G T23599G C23604A	S:I664V S:N679K S:P681H	26	141476	0.000184	23534	23624
A23493T C23525T T23599G C23604A	S:Q644L S:H655Y S:N679K S:P681H	26	138377	0.000188	23487	23624
A23013C T23018G A23055G A23063T	S:E484A S:F486V S:Q498R S:N501Y	26	2655	0.009793	23008	23070
A23013C T23018G	S:E484A S:F486V	26	2705	0.009612	23008	23037
T25548C	ORF3a:L52L	25	28897	0.000865	25383	25552
T25520C	ORF3a:F43S	25	30302	0.000825	25372	25526
T25510C	ORF3a:S40P	25	31062	0.000805	25372	25522
T25415-C G25555-T	NA NA	25	28336	0.000882	25372	25566
T25303G	S:C1247W	25	117570	0.000213	25299	25324
T25202+G C25262-T	NA NA	25	91311	0.000274	25136	25305
T25140C	S:L1193S	25	80890	0.000309	25122	25197
T25139C	S:L1193L	25	80843	0.000309	25130	25161
T24924C C25000T	S:F1121S S:D1146D	25	34287	0.000729	24850	25010
T24871C C25000T	S:F1103F S:D1146D	25	33426	0.000748	24850	25069
T24504C	S:L981P	25	101749	0.000246	24493	24564
T24469A T24504C	S:N969K S:L981P	25	99746	0.000251	24449	24564
T23840C C23854A	S:C760R S:N764K	25	57732	0.000433	23794	23895
T23765C	S:S735P	25	60855	0.000411	23683	23782
T23521A C23525T T23599G C23604A	S:A653A S:H655Y S:N679K S:P681H	25	140543	0.000178	23516	23637
T23488C C23525T T23599G	Unknown S:H655Y S:N679K	25	137572	0.000182	23487	23638
T23031C A23055G A23063T T23075C	S:F490S S:Q498R S:N501Y S:Y505H	25	3021	0.008275	23025	23094
T22963C	S:D467D	25	26400	0.000947	22950	22967
G25311+C	NA	25	118320	0.000211	25299	25325
G24693-A	NA	25	11985	0.002086	24685	24727
G24680-T	NA	25	12240	0.002042	24673	24691
G23795-A	NA	25	59707	0.000419	23683	23803
G23726A C23854A	S:V722I S:N764K	25	53997	0.000463	23683	23881
G22813T T22882G A22941-T	S:K417N S:N440K NA	25	21913	0.001141	22793	22967
G22813T T22882G A22924-T T22942A	S:K417N S:N440K NA S:N460K	25	21847	0.001144	22793	22949
G22813T G22859+T T22882G A22893C T22917G	S:K417N NA S:N440Q S:K444S S:L452R	25	24570	0.001018	22793	22927
C25416T C25490T	ORF3a:F8F ORF3a:A33V	25	32584	0.000767	25372	25552
C25262-T T25309C	NA S:S1249S	25	113466	0.00022	25219	25325
C25000T T25005C	S:D1146D S:F1148S	25	35602	0.000702	24975	25069
C24455-A C24517-A	NA NA	25	98242	0.000254	24412	24564
C24422-A C24455-A	NA NA	25	97770	0.000256	24412	24543
C23816-TT	NA	25	59452	0.000421	23799	23829
C23809T C23854A	S:C749C S:N764K	25	55615	0.00045	23803	23895
C23306+T	NA	25	32714	0.000764	23294	23317
C23277T C23334-T A23403G	S:T572I NA S:D614G	25	29435	0.000849	23269	23416
C21781-A	NA	25	9605	0.002603	21771	21833
A25194G	S:K1211R	25	88988	0.000281	25163	25324
A24952G C25000T	S:I1130M S:D1146D	25	34811	0.000718	24850	25069
A24862G C25000T	S:T1100T S:D1146D	25	33315	0.00075	24853	25069
A24425T	S:N955Y	25	98725	0.000253	24413	24432
A24424T T24541C	S:Q954H S:I993I	25	95456	0.000262	24413	24564
A24424T T24469A A24478G	S:Q954H S:N969K S:A972A	25	96904	0.000258	24415	24564
A24424T C24465T T24469A	S:Q954H S:S968F S:N969K	25	97164	0.000257	24412	24554
A24424T C24431T	S:Q954H S:Q957*	25	98525	0.000254	24413	24550
A24424T A24453G T24469A	S:Q954H S:K964R S:N969K	25	97164	0.000257	24412	24507
A23852-AC	NA	25	58904	0.000424	23843	23886
A23786G C23854A	S:I742V S:N764K	25	54744	0.000457	23755	23895
A23494T C23525T T23599G C23604A	S:Q644H S:H655Y S:N679K S:P681H	25	138610	0.00018	23487	23624
A23403G T23404C	S:D614G S:D614G	25	31329	0.000798	23285	23429
A23013C T23018C T23019C T23031C A23055G A23063T	S:E484A S:F486P S:F486P S:F490S S:Q498R S:N501Y	25	2655	0.009416	23008	23068
A23013C T23018C T23019C T23031C A23055G	S:E484A S:F486P S:F486P S:F490S S:Q498R	25	2685	0.009311	23008	23058
T25398C	ORF3a:D2D	24	35420	0.000678	25372	25445
T25382+A A25472+T	NA NA	24	33565	0.000715	25375	25484
T25196-G C25262-T	NA NA	24	87883	0.000273	25137	25325
T25152-C	NA	24	82887	0.00029	25137	25325
T25148+A	NA	24	81715	0.000294	25141	25224
T24910C C25000T	S:T1116T S:D1146D	24	34119	0.000703	24859	25068
T24491C	S:L977L	24	101541	0.000236	24473	24528
T24487C	S:S975S	24	101374	0.000237	24465	24507
T24469A T24511C	S:N969K S:R983R	24	99552	0.000241	24413	24554
T24469A T24471-TG	S:N969K NA	24	100495	0.000239	24437	24564
T24447C T24469A	S:L962P S:N969K	24	99289	0.000242	24428	24564
T24436C	S:A958A	24	100249	0.000239	24424	24451
T24414C A24424T T24469A	S:V951A S:Q954H S:N969K	24	96271	0.000249	24412	24552
T23560C T23599G C23604A	S:I666I S:N679K S:P681H	24	141810	0.000169	23539	23633
T23511+A C23525T A23558-T T23599G C23604A	NA S:H655S NA S:N679* S:P681Y	24	140296	0.000171	23488	23641
T23389C A23403G	S:A609A S:D614G	24	31179	0.00077	23284	23427
T23344C	S:G594G	24	32093	0.000748	23312	23360
T23338C A23403G	S:F592F S:D614G	24	30759	0.00078	23269	23429
T23335C A23403G	S:S591S S:D614G	24	30697	0.000782	23273	23443
T23323C A23403G	S:I587I S:D614G	24	30672	0.000782	23285	23432
T23018G A23055G A23063T T23075C	S:F486V S:Q498R S:N501Y S:Y505H	24	2672	0.008982	23015	23085
T22917G	S:L452R	24	27290	0.000879	22913	22940
G25166-A	NA	24	83626	0.000287	25153	25185
G25135-A	NA	24	80378	0.000299	25130	25145
G25127A	S:V1189I	24	76448	0.000314	25122	25325
G24692T	S:G1044*	24	12123	0.00198	24685	24702
G24635+C	NA	24	12452	0.001927	24612	24647
G24449+T	NA	24	100248	0.000239	24438	24458
G23821+T	NA	24	59379	0.000404	23687	23832
G22923-A T22942G	NA S:N460K	24	25651	0.000936	22916	22967
G22813T T22882G T22917G T22942A T22963C	S:K417N S:N440K S:L452R S:N460K S:D467D	24	20480	0.001172	22793	22967
G22813T T22882G T22896C	S:K417N S:N440K S:V445A	24	25636	0.000936	22796	22941
G22813T T22882G G22895C T22942G	S:K417N S:N440K S:V445L S:N460K	24	21847	0.001099	22800	22945
G22813T C22858T T22882G G22895C T22896C G22898A T22942G	S:K417N S:C432C S:N440K S:V445P S:V445P S:G446S S:N460K	24	21847	0.001099	22793	22967
C25317T	S:S1252F	24	118335	0.000203	25237	25325
C25262-T G25305A	NA S:C1248Y	24	113646	0.000211	25132	25318
C25207T C25262-T	S:Y1215Y NA	24	93610	0.000256	25122	25325
C25000T A25007G	S:D1146D S:K1149E	24	35548	0.000675	24907	25069
C24773-A	NA	24	12212	0.001965	24721	24788
C24483+A	NA	24	101220	0.000237	24470	24495
C24223-T A24253-T	NA NA	24	10734	0.002236	24151	24272
C23887A A23888C	S:D775E S:K776Q	24	56548	0.000424	23872	23894
C23887-AA	NA	24	56686	0.000423	23824	23894
C23525T T23540G T23599G C23604A	S:H655Y S:Y660D S:N679K S:P681H	24	140572	0.000171	23487	23637
C23525T C23533-A T23599G	S:H655Y NA S:N679K	24	140627	0.000171	23493	23624
C23525T C23530+A T23599G C23604A	S:H655Y NA S:N679* S:P681Y	24	140572	0.000171	23487	23637
C23525T A23592C T23599G C23604A	S:H655Y S:Q677P S:N679K S:P681H	24	140572	0.000171	23487	23642
C23525T A23586C T23599G C23604A	S:H655Y S:Q675P S:N679K S:P681H	24	140572	0.000171	23487	23637
C23525T A23558G A23558-T T23599G C23604A	S:H655Y S:I666V NA S:N679K S:P681H	24	140572	0.000171	23487	23642
C22674T	S:S371F	24	910	0.026374	22655	22676
A25545G	ORF3a:A51A	24	28941	0.000829	25373	25560
A25443G	ORF3a:Q17Q	24	34458	0.000697	25372	25491
A25405G	ORF3a:M5V	24	35312	0.00068	25372	25560
A25385G	S:T1275A	24	35524	0.000676	25372	25415
A24884G C25000T	S:N1108D S:D1146D	24	33610	0.000714	24872	25069
A24879G C25000T	S:Q1106R S:D1146D	24	33577	0.000715	24853	25069
A24877G C25000T	S:T1105T S:D1146D	24	33570	0.000715	24854	25025
A24424T T24469A T24544C	S:Q954H S:N969K S:D994D	24	95373	0.000252	24412	24554
A24424T T24451C T24469A	S:Q954H S:V963V S:N969K	24	97164	0.000247	24413	24564
A24424T C24458+T	S:Q954H NA	24	97530	0.000246	24412	24504
A24424T A24500G	S:Q954H S:I980V	24	96508	0.000249	24412	24564
A24253-T A24324T	NA S:K921I	24	9210	0.002606	24148	24327
A23712-T C23887-A	NA NA	24	50842	0.000472	23699	23895
A23691G C23854A	S:N710S S:N764K	24	52929	0.000453	23683	23895
A23544G T23599G C23604A	S:E661G S:N679K S:P681H	24	141245	0.00017	23487	23642
A23515+G C23525T A23558-T T23599G C23604A	NA S:H655S NA S:N679* S:P681Y	24	140379	0.000171	23501	23634
A23403G T23411-G	S:D614G NA	24	31238	0.000768	23296	23443
A23329G A23403G	S:P589P S:D614G	24	30680	0.000782	23296	23443
A22798+G G22813T T22882G G22895C T22896C G22898A	NA S:K417N S:N440Q S:V445P S:V445P S:G446R	24	25083	0.000957	22793	22908
T25479C	ORF3a:V29V	23	33418	0.000688	25382	25482
T25171+G C25262-TT	NA NA	23	80217	0.000287	25132	25325
T25159C C25262-T	S:D1199D NA	23	79271	0.00029	25127	25292
T25150+C	NA	23	81945	0.000281	25132	25158
T24417C	S:V952A	23	98427	0.000234	24412	24564
T23862-A	NA	23	58787	0.000391	23854	23872
T23840G C23854A	S:C760G S:N764K	23	57732	0.000398	23818	23895
T23797C C23854A	S:D745D S:N764K	23	55199	0.000417	23780	23895
T23754C	S:M731T	23	61128	0.000376	23683	23823
T23703-A C23709-A	NA NA	23	62977	0.000365	23683	23721
T23684C C23854A	S:S708P S:N764K	23	52549	0.000438	23683	23881
T23599G T23602C C23604A	S:N679K S:S680S S:P681H	23	142888	0.000161	23591	23642
T23599G C23604A T23620C	S:N679K S:P681H S:S686S	23	142751	0.000161	23561	23624
T23537C T23599G C23604A	S:S659P S:N679K S:P681H	23	141040	0.000163	23487	23642
T23392C A23403G	S:V610V S:D614G	23	31220	0.000737	23269	23443
T23375C A23403G	S:S605P S:D614G	23	30961	0.000743	23269	23443
T23355C A23403G	S:I598T S:D614G	23	30823	0.000746	23269	23443
T23332C A23403G	S:C590C S:D614G	23	30686	0.00075	23269	23441
T23307C A23403G	S:L582P S:D614G	23	30643	0.000751	23270	23431
T23284C A23403G	S:D574D S:D614G	23	29677	0.000775	23270	23429
T22882G T22891-A T22942A	S:N440K NA S:N460K	23	22698	0.001013	22878	22947
G25218-T G25278-T	NA NA	23	106683	0.000216	25148	25314
G23726-T C23854A	NA S:N764K	23	53997	0.000426	23712	23892
G23345-T	NA	23	32086	0.000717	23269	23354
G22813T T22882G G22895C T22896C G22898A A22924-T	S:K417N S:N440K S:V445P S:V445P S:G446S NA	23	24048	0.000956	22793	22933
G22813T T22882G A22893C T22917G G22927-T	S:K417N S:N440K S:K444T S:L452R NA	23	23831	0.000965	22793	22939
C25416T G25527+C	ORF3a:F8F NA	23	29566	0.000778	25372	25560
C25416T A25545G	ORF3a:F8F ORF3a:A51A	23	28941	0.000795	25373	25566
C25416T A25438G	ORF3a:F8F ORF3a:K16E	23	34558	0.000666	25373	25482
C25254T	S:T1231I	23	113762	0.000202	25219	25275
C25132+A G25135+A	NA NA	23	80008	0.000287	25122	25169
C25000T T25021-A	S:D1146D NA	23	34954	0.000658	24990	25046
C24263-A	NA	23	10824	0.002125	24169	24278
C23812-A C23854A	NA S:N764K	23	55700	0.000413	23797	23895
C23525T C23536+A T23599G C23604A	S:H655Y NA S:N679* S:P681Y	23	140572	0.000164	23506	23637
C23525T A23592T T23599G C23604A	S:H655Y S:Q677L S:N679K S:P681H	23	140572	0.000164	23487	23642
C23525T A23558+T T23599G C23604A	S:H655Y NA S:N679* S:P681Y	23	140572	0.000164	23487	23633
C23334-T A23400+G	NA NA	23	30759	0.000748	23282	23416
C23325T A23403G	S:T588I S:D614G	23	30674	0.00075	23269	23443
C21454+A	NA	23	1328	0.017319	21451	21579
A25462G	ORF3a:T24A	23	33922	0.000678	25372	25480
A25411G	ORF3a:I7V	23	35151	0.000654	25372	25447
A25383G	S:*1274*	23	35465	0.000649	25372	25409
A25194-AT G25197T	NA S:W1212L	23	88673	0.000259	25173	25255
A25137-T T25191-A C25262-T	NA NA NA	23	76122	0.000302	25130	25325
A24999G C25000T	S:D1146G S:D1146G	23	35755	0.000643	24953	25069
A24988G C25000T	S:Q1142Q S:D1146D	23	35599	0.000646	24886	25069
A24965G C25000T	S:N1135D S:D1146D	23	35169	0.000654	24900	25065
A24905-T	NA	23	37040	0.000621	24897	24914
A24885-T	NA	23	37472	0.000614	24859	24898
A24860G C24981-T C25000T	S:T1100A NA S:D1146D	23	33289	0.000691	24850	25013
A24855G C25000T	S:N1098S S:D1146D	23	32984	0.000697	24850	25069
A24562G	S:R1000R	23	100681	0.000228	24546	24564
A24424T T24501C	S:Q954H S:I980T	23	96468	0.000238	24412	24564
A24424T T24469A T24541C	S:Q954H S:N969K S:I993I	23	95456	0.000241	24413	24554
A24424T T24469A G24546A	S:Q954H S:N969K S:R995K	23	95289	0.000241	24412	24564
A24424T T24469A C24553T	S:Q954H S:N969K S:I997I	23	95059	0.000242	24412	24564
A24424T G24474A	S:Q954H S:G971D	23	96977	0.000237	24412	24550
A24424T G24449A T24469A	S:Q954H S:V963I S:N969K	23	97164	0.000237	24412	24564
A24424T C24483-A	S:Q954H NA	23	96832	0.000238	24412	24523
A24424T C24477T	S:Q954H S:A972V	23	96935	0.000237	24415	24564
A24424T A24479G	S:Q954H S:I973V	23	96892	0.000237	24413	24564
A24300G	S:Q913R	23	11091	0.002074	24289	24311
A24298G	S:T912T	23	11096	0.002073	24274	24312
A23853G C23854A	S:N764R S:N764R	23	58800	0.000391	23842	23895
A23712+T G23735+A	NA NA	23	61645	0.000373	23683	23752
A23704+C C23709+A C23887-A	NA NA NA	23	50703	0.000454	23683	23895
A23572G T23599G C23604A	S:I670M S:N679K S:P681H	23	142262	0.000162	23560	23642
A23370G A23403G	S:N603S S:D614G	23	30907	0.000744	23284	23429
A23193-T	NA	23	3099	0.007422	23179	23224
T25542C	ORF3a:V50V	22	29006	0.000758	25372	25566
T25514C	ORF3a:L41P	22	30838	0.000713	25372	25517
T25375C	S:H1271H	22	35056	0.000628	25372	25411
T25196C	S:W1212R	22	89504	0.000246	25157	25325
T25191+A C25262-TT	NA NA	22	86201	0.000255	25140	25325
T25180-G	NA	22	83860	0.000262	25127	25324
T25123C	Unknown	22	75488	0.000291	25122	25324
T24927C C25000T	S:V1122A S:D1146D	22	34326	0.000641	24872	25033
T24469A T24506C	S:N969K S:S982P	22	99720	0.000221	24459	24564
T24469A T24472C	S:N969K S:F970F	22	100485	0.000219	24428	24564
T24469A A24525G	S:N969K S:E988G	22	99146	0.000222	24462	24564
T24267-G A24318-C	NA NA	22	10085	0.002181	24169	24357
T23836C C23854A	S:S758S S:N764K	22	57215	0.000385	23812	23873
T23830-G C23854A	NA S:N764K	22	56541	0.000389	23797	23895
T23686+A	NA	22	62211	0.000354	23683	23705
T23599G T23602-C C23604A	S:N679K NA S:P681H	22	142888	0.000154	23571	23624
T23529C T23599G C23604A	S:V656A S:N679K S:P681H	22	140801	0.000156	23487	23637
T23289+C	NA	22	32848	0.00067	23270	23300
T22882G G22895C G22898A T22942G	S:N440K S:V445L S:G446S S:N460K	22	22698	0.000969	22876	22966
G25302-T C25308-T	NA NA	22	117393	0.000187	25292	25319
G25186T	S:Q1208H	22	85081	0.000259	25175	25201
G24868+T	NA	22	37813	0.000582	24858	24881
G23522-A C23525T T23599G	NA S:H655Y S:N679K	22	140617	0.000156	23492	23624
G22813T T22882G G22933-A T22942A	S:K417N S:N440K NA S:N460K	22	21847	0.001007	22793	22966
G22813T T22882G G22895C T22896C G22898A T22942G A22948C	S:K417N S:N440K S:V445P S:V445P S:G446S S:N460K S:K462N	22	21339	0.001031	22799	22966
G22813T T22882G G22895C T22896C G22898A A22914-C T22942G	S:K417N S:N440K S:V445P S:V445P S:G446S NA S:N460K	22	21847	0.001007	22793	22949
G22813T C22858T T22882G G22895C T22896C G22898A	S:K417N S:C432C S:N440K S:V445P S:V445P S:G446S	22	25618	0.000859	22793	22917
G22157T	S:G199C	22	5717	0.003848	22146	22192
G21786A A21817-T	S:G75D NA	22	9560	0.002301	21778	21828
C25539T	ORF3a:G49G	22	29086	0.000756	25372	25562
C25416T T25560C	ORF3a:F8F ORF3a:F56F	22	28283	0.000778	25372	25566
C25416T C25553T	ORF3a:F8F ORF3a:A54V	22	28830	0.000763	25372	25564
C25416T C25546+T	ORF3a:F8F NA	22	28927	0.000761	25372	25566
C25318T	S:S1252S	22	117996	0.000186	25218	25324
C25262-TT G25290A	NA S:C1243Y	22	113860	0.000193	25122	25325
C25207T G25314A	S:Y1215Y S:G1251E	22	92645	0.000237	25200	25320
C25156T	S:I1198I	22	83201	0.000264	25130	25325
C25132T	S:A1190A	22	80015	0.000275	25130	25151
C25000T A25026-T	S:D1146D NA	22	34791	0.000632	24993	25043
C24916T C25000T A25007C	S:D1118D S:D1146D S:K1149Q	22	33991	0.000647	24850	25015
C24899-A C24964-A C24981-T C25000T	NA NA NA S:D1146D	22	33922	0.000649	24850	25069
C24672-AA A24684-T	NA NA	22	11435	0.001924	24612	24698
C24672-A G24683-AT	NA NA	22	11487	0.001915	24620	24695
C24632+T C24672-A	NA NA	22	12019	0.00183	24612	24685
C24435-T C24455-A	NA NA	22	99516	0.000221	24425	24473
C23887-AAA	S:DEL776	22	56686	0.000388	23690	23895
C23854A C23893T	S:N764K S:N777N	22	51124	0.00043	23835	23895
C23778+A	NA	22	60306	0.000365	23705	23787
C23525T T23599G A23639-T	S:H655Y S:N679K NA	22	134447	0.000164	23502	23642
C23525T G23587C T23599G T23600C C23604A C23638T	S:H655Y S:Q675H S:N679K S:S680P S:P681H S:I692I	22	136544	0.000161	23505	23642
C23525T C23615+G	S:H655Y NA	22	140476	0.000157	23487	23642
C23525T A23544T T23599G C23604A	S:H655Y S:E661V S:N679K S:P681H	22	140572	0.000157	23501	23633
C23367+A A23403G	NA S:D614G	22	30888	0.000712	23270	23421
C22062-T C22120-A A22161-T	NA NA NA	22	3782	0.005817	22045	22187
A25562+T	NA	22	28084	0.000783	25372	25566
A25506G	ORF3a:Q38Q	22	31314	0.000703	25372	25513
A25492G	ORF3a:T34A	22	32417	0.000679	25373	25566
A25408G C25416T	ORF3a:R6G ORF3a:F8F	22	35022	0.000628	25372	25514
A25377G	S:Y1272C	22	35221	0.000625	25372	25490
A24936G C25000T	S:N1125S S:D1146D	22	34467	0.000638	24894	25008
A24894C C25000T	S:E1111A S:D1146D	22	33798	0.000651	24850	25065
A24654-GT	NA	22	12394	0.001775	24612	24671
A24539G	S:I993V	22	101789	0.000216	24532	24564
A24424T T24470-TTG C24536-AA	S:Q954H S:DEL971 NA	22	95557	0.00023	24413	24564
A24424T T24469A T24471-TG	S:Q954H S:N969K NA	22	97017	0.000227	24412	24564
A24424T T24469A G24558A	S:Q954H S:N969K S:G999D	22	94372	0.000233	24412	24564
A24424T T24469A G24557A	S:Q954H S:N969K S:G999S	22	94410	0.000233	24412	24564
A24424T G24449A	S:Q954H S:V963I	22	98009	0.000224	24416	24564
A24424T C24435-T T24469A	S:Q954H NA S:N969K	22	97164	0.000226	24412	24564
A24424T A24478G	S:Q954H S:A972A	22	96904	0.000227	24412	24564
A23738G C23854A	S:I726V S:N764K	22	54138	0.000406	23683	23895
A23013C T23018C T23019C T23031C A23055G A23063T T23075C T23143-A	S:E484A S:F486P S:F486P S:F490S S:Q498R S:N501Y S:Y505H NA	22	2337	0.009414	23008	23156
A23013C T23018C T23019C T23031C	S:E484A S:F486P S:F486P S:F490S	22	2705	0.008133	23008	23039
A22924-T	NA	22	27927	0.000788	22917	22930
T25558C	ORF3a:F56L	21	28304	0.000742	25372	25566
T25529C	ORF3a:L46P	21	29470	0.000713	25372	25566
T25520+C	NA	21	30302	0.000693	25372	25528
T25312A	S:C1250*	21	118341	0.000177	25294	25325
T25310A	S:C1250S	21	118274	0.000178	25296	25325
T25301A	S:C1247S	21	117400	0.000179	25285	25318
T25265G	S:C1235G	21	114631	0.000183	25245	25283
T24489C	S:V976A	21	101463	0.000207	24483	24564
T24475C	S:G971G	21	100813	0.000208	24465	24554
T24469A A24516G	S:N969K S:D985G	21	99443	0.000211	24465	24564
T24187C	S:S875S	21	11178	0.001879	24154	24321
T23871+A	NA	21	58659	0.000358	23862	23873
T23849A C23854A	S:L763I S:N764K	21	58616	0.000358	23837	23895
T23774C C23854A	S:C738R S:N764K	21	54547	0.000385	23724	23895
T23703C	S:I714T	21	63365	0.000331	23690	23707
T23698C	S:I712I	21	62922	0.000334	23684	23701
T23689-A A23712+T	NA NA	21	61548	0.000341	23683	23725
T23599G C23604A T23629C	S:N679K S:P681H S:S689S	21	140326	0.00015	23551	23642
T23599G C23604A C23625T	S:N679K S:P681H S:A688V	21	142621	0.000147	23583	23642
T23599G C23604A C23609+G	S:N679K S:P681H NA	21	142844	0.000147	23487	23624
T23488C C23525T C23604A	Unknown S:H655Y S:P681H	21	137521	0.000153	23486	23642
T23396C A23403G	S:Y612H S:D614G	21	31316	0.000671	23285	23443
T23395C A23403G	S:L611L S:D614G	21	31295	0.000671	23392	23443
T23317C A23403G	S:L585L S:D614G	21	30665	0.000685	23285	23443
T23314C A23403G	S:I584I S:D614G	21	30657	0.000685	23285	23430
T23313C A23403G	S:I584T S:D614G	21	30656	0.000685	23269	23443
G25540+T G25555-T	NA NA	21	28336	0.000741	25372	25566
G24858A C25000T	S:G1099D S:D1146D	21	33208	0.000632	24850	25069
G24547-T	NA	21	101765	0.000206	24540	24564
G24535A	S:V991V	21	101701	0.000206	24509	24564
G24428A	S:A956T	21	99085	0.000212	24415	24454
G23879+A	NA	21	57801	0.000363	23850	23887
G23735+A C23854A	NA S:N764K	21	54099	0.000388	23683	23873
G22813T T22917G	S:K417N S:L452R	21	24570	0.000855	22800	22928
G22813T A22893C T22942A	S:K417N S:K444T S:N460K	21	21847	0.000961	22793	22966
G22813T A22845+T T22882G G22895C T22896C G22898A	S:K417N NA S:N440Q S:V445P S:V445P S:G446R	21	25618	0.00082	22802	22909
G22809-A G22813T	NA S:K417N	21	27586	0.000761	22793	22826
G22577C G22578A G22599C C22664A C22674T	S:G339H S:G339H S:R346T S:L368I S:S371F	21	803	0.026152	22503	22676
G21569-T	NA	21	2315	0.009071	21451	21581
C25528+T	NA	21	29541	0.000711	25372	25540
C25499T	ORF3a:P36L	21	31883	0.000659	25384	25508
C25416T T25542C	ORF3a:F8F ORF3a:V50V	21	29006	0.000724	25372	25566
C25292T	S:L1244F	21	116560	0.00018	25277	25325
C25262-T T25312C	NA S:C1250C	21	113416	0.000185	25130	25325
C25262-T T25288C	NA S:S1242S	21	113882	0.000184	25122	25292
C25000T A25040G	S:D1146D S:T1160A	21	34536	0.000608	24899	25054
C25000T A25011G	S:D1146D S:E1150G	21	35434	0.000593	24938	25068
C24964+A C24981-T C25000T	NA NA S:D1146S	21	35153	0.000597	24850	25065
C24921T C24981-T C25000T	S:T1120I NA S:D1146D	21	34245	0.000613	24857	25015
C24878-A C24899-A	NA NA	21	36783	0.000571	24850	24909
C24502T	S:I980I	21	101684	0.000207	24470	24564
C24422-A A24425T G24428A	NA S:N955Y S:A956T	21	98523	0.000213	24412	24456
C23833+T C23854A	NA S:N764K	21	56725	0.00037	23812	23895
C23525T T23599G C23604A G23612+A	S:H655Y S:N679K S:P681H NA	21	140514	0.000149	23487	23641
C23525T T23599A C23604A	S:H655Y S:N679K S:P681H	21	140572	0.000149	23487	23624
C23410T	S:N616N	21	31505	0.000667	23285	23419
A25420-T	NA	21	34941	0.000601	25375	25432
A25384G	S:*1274*	21	35503	0.000591	25372	25474
A25377G C25416T	S:Y1272C ORF3a:F8F	21	34694	0.000605	25372	25503
A25137-T C25262-TT G25278-T	NA NA NA	21	75730	0.000277	25130	25316
A25067-T	NA	21	34245	0.000613	25049	25069
A24968G C25000T	S:T1136A S:D1146D	21	35215	0.000596	24850	25046
A24942G C25000T	S:D1127G S:D1146D	21	34561	0.000608	24924	25069
A24922-T C24964-A C24981-T C25000T	NA NA NA S:D1146D	21	34258	0.000613	24850	25065
A24920G C25000T	S:T1120A S:D1146D	21	34230	0.000613	24850	25009
A24864G C25000T	S:H1101R S:D1146D	21	33324	0.00063	24850	25013
A24684T	S:D1041V	21	12299	0.001707	24672	24687
A24619G C24672-A	S:R1019R NA	21	11654	0.001802	24612	24684
A24531G	S:E990G	21	101792	0.000206	24503	24564
A24424T T24469A T24564C	S:Q954H S:N969K Unknown	21	93982	0.000223	24413	24564
A24424T T24451C	S:Q954H S:V963V	21	97937	0.000214	24413	24564
A24424T G24445A T24469A	S:Q954H S:T961T S:N969K	21	97164	0.000216	24412	24564
A24424T C24509T	S:Q954H S:R983C	21	96274	0.000218	24415	24564
A24424T A24467G T24469A	S:Q954H S:N969E S:N969E	21	97164	0.000216	24412	24519
A23550G T23599G C23604A	S:D663G S:N679K S:P681H	21	141422	0.000148	23487	23624
A23515+G C23525T A23558G T23599G C23604A	NA S:H655S S:I666D S:N679* S:P681Y	21	140379	0.00015	23505	23625
A23403G C23413T	S:D614G S:C617C	21	31180	0.000674	23269	23443
A23403G A23419G	S:D614G S:E619E	21	31021	0.000677	23396	23429
A23354G	S:I598V	21	31978	0.000657	23278	23382
A23301G A23403G	S:Q580R S:D614G	21	30633	0.000686	23285	23429
A23283G A23403G	S:D574G S:D614G	21	29665	0.000708	23269	23443
A23013C T23019C T23031C A23055G T23075C	S:E484A S:F486S S:F490S S:Q498R S:Y505H	21	2593	0.008099	23008	23130
A22259+T	NA	21	6225	0.003373	22246	22269
A21817-T A21834-T A21875-T	NA NA NA	21	9224	0.002277	21785	21890
A21764-TACATG G21941-T	S:DEL69/70 NA	21	8202	0.00256	21757	21958
A21764-TACATG A21817-T A21875-T C21888-T	S:DEL69/70 NA NA NA	21	8261	0.002542	21757	21973
T25557C	ORF3a:V55V	20	28314	0.000706	25372	25566
T25430C	ORF3a:V13A	20	34746	0.000576	25372	25460
T25428C	ORF3a:T12T	20	34789	0.000575	25372	25504
T25316-C	NA	20	118348	0.000169	25300	25324
T25237C C25262-T	S:I1225I NA	20	112376	0.000178	25122	25325
T25219G	S:G1219G	20	108372	0.000185	25211	25324
T25215-A	NA	20	104162	0.000192	25204	25324
T25129A	S:V1189V	20	76860	0.00026	25122	25169
T24892C C24981-T C25000T	S:Y1110Y NA S:D1146D	20	33741	0.000593	24850	25016
T24469A C24503-T	S:N969K NA	20	99758	0.0002	24465	24518
T24469A A24551G	S:N969K S:I997V	20	98394	0.000203	24465	24564
T24469A A24508G	S:N969K S:S982S	20	99648	0.000201	24437	24563
T24469A A24498G	S:N969K S:D979G	20	99922	0.0002	24412	24554
T24447C	S:L962P	20	100247	0.0002	24412	24564
T24437C	S:L959L	20	100245	0.0002	24412	24501
T23839C C23854A	S:F759F S:N764K	20	57689	0.000347	23683	23895
T23742-A C23887-A	NA NA	20	51168	0.000391	23683	23895
T23739C C23854A	S:I726T S:N764K	20	54152	0.000369	23683	23881
T23716C C23854A	S:F718F S:N764K	20	53890	0.000371	23683	23890
T23703-A G23768-T	NA NA	20	59949	0.000334	23683	23804
T23542C T23599G C23604A	S:Y660Y S:N679K S:P681H	20	141175	0.000142	23531	23634
T23398C A23403G	S:Y612Y S:D614G	20	31336	0.000638	23394	23441
G25483A	ORF3a:A31T	20	33227	0.000602	25372	25566
G25305+T	NA	20	117910	0.00017	25292	25324
G25278-T T25291C	NA S:C1243C	20	115526	0.000173	25130	25316
G25186A	S:Q1208Q	20	85081	0.000235	25171	25292
G25130+T	NA	20	77080	0.000259	25123	25138
G25049-A	NA	20	35180	0.000569	25024	25067
G24558A	S:G999D	20	100920	0.000198	24518	24564
G24428A T24469A	S:A956T S:N969K	20	97682	0.000205	24412	24564
G24285-T	NA	20	11048	0.00181	24277	24357
G23768-T A23786+T	NA NA	20	59713	0.000335	23699	23814
G23522+A C23525T T23599G C23604A	NA S:H655S S:N679* S:P681Y	20	140562	0.000142	23505	23632
G23499+A C23525T T23599G C23604A	NA S:H655S S:N679* S:P681Y	20	138841	0.000144	23487	23639
G23342A A23403G	S:G594S S:D614G	20	30773	0.00065	23285	23443
G22813T T22882G A22893C T22917G T22942A T22963C	S:K417N S:N440K S:K444T S:L452R S:N460K S:D467D	20	20480	0.000977	22793	22966
G22813T G22859+T T22882G	S:K417N NA S:N440Q	20	26861	0.000745	22793	22891
G22813T A22893C	S:K417N S:K444T	20	26558	0.000753	22793	22901
G22578A T22679C	S:G339D S:S373P	20	759	0.02635	22563	22682
C25416T A25501G	ORF3a:F8F ORF3a:I37V	20	31764	0.00063	25372	25566
C25262-T T25291C	NA S:C1243C	20	113851	0.000176	25130	25324
C24632-T	NA	20	12471	0.001604	24618	24654
C24455+A	NA	20	100145	0.0002	24412	24466
C24422T A24424T T24469A	S:Q954Y S:Q954Y S:N969K	20	97146	0.000206	24412	24564
C24150-T	NA	20	10646	0.001879	24148	24170
C23854A G23856A	S:N764K S:R765H	20	58418	0.000342	23841	23895
C23812T C23854A	S:S750S S:N764K	20	55700	0.000359	23683	23881
C23525T T23602-C T23605A	S:H655Y NA S:P681P	20	140551	0.000142	23498	23640
C23525T T23599G C23604A C23606+G	S:H655Y S:N679K S:P681H NA	20	140544	0.000142	23487	23624
C23525T T23599G C23601+A C23604A	S:H655Y S:N679K NA S:P681Y	20	140572	0.000142	23509	23640
C23525T T23546A T23599G C23604A	S:H655Y S:C662S S:N679K S:P681H	20	140572	0.000142	23487	23633
C23525T A23570+T T23599G C23604A	S:H655Y NA S:N679* S:P681Y	20	140572	0.000142	23492	23624
C23498-G	NA	20	146148	0.000137	23487	23508
C23334-T C23410T	NA S:N616N	20	30562	0.000654	23285	23443
C23334-T C23367+A A23403G	NA NA S:D614G	20	30689	0.000652	23269	23443
C23277T	S:T572I	20	31777	0.000629	23269	23295
C22251-A	NA	20	6098	0.00328	22246	22262
A25505G	ORF3a:Q38R	20	31461	0.000636	25372	25552
A25503G	ORF3a:I37M	20	31651	0.000632	25377	25521
A25491G	ORF3a:A33A	20	32505	0.000615	25383	25494
A25277T	S:S1239C	20	115553	0.000173	25260	25325
A25241G C25262-T	S:I1227V NA	20	112582	0.000178	25122	25323
A25133G C25262-T	S:K1191E NA	20	75711	0.000264	25127	25325
A25125+G	NA	20	76132	0.000263	25122	25162
A25020G	S:D1153G	20	35385	0.000565	25012	25069
A24922-T G24971+T C25000T	NA NA S:D1146S	20	34258	0.000584	24850	25021
A24905G C24981-T C25000T	S:I1115V NA S:D1146D	20	34062	0.000587	24850	25069
A24881G C25000T	S:R1107G S:D1146D	20	33588	0.000595	24850	25065
A24543G	S:D994G	20	101818	0.000196	24539	24563
A24532G	S:E990E	20	101769	0.000197	24518	24564
A24454G T24469A	S:K964K S:N969K	20	99444	0.000201	24429	24564
A24454G	S:K964K	20	100155	0.0002	24413	24564
A24443G	S:T961A	20	100225	0.0002	24412	24483
A24430G	S:A956A	20	100032	0.0002	24412	24564
A24424T T24469A C24536T	S:Q954H S:N969K S:Q992*	20	95557	0.000209	24412	24564
A24424T T24469A A24479G	S:Q954H S:N969K S:I973V	20	96892	0.000206	24412	24564
A24424T C24455T	S:Q954H S:Q965*	20	97788	0.000205	24415	24564
A24424T C24444T T24469A	S:Q954H S:T961M S:N969K	20	97164	0.000206	24412	24564
A24253G	S:P897P	20	10852	0.001843	24148	24324
A24160G	S:T866T	20	10913	0.001833	24150	24255
A23942-T G23948T G23955+T	NA S:D796Y NA	20	760	0.026316	23941	23967
A23843G C23854A	S:T761A S:N764K	20	58079	0.000344	23838	23895
A23829G C23854A	S:Y756C S:N764K	20	56501	0.000354	23695	23895
A23712+T A23786+T C23887-A	NA NA NA	20	50842	0.000393	23683	23895
A23403G T23431C	S:D614G S:A623A	20	30220	0.000662	23298	23443
A23397G A23403G	S:Y612C S:D614G	20	31330	0.000638	23269	23443
A23310G C23334-T A23403G	S:E583G NA S:D614G	20	30647	0.000653	23269	23443
A23055G T23075C	S:Q498R S:Y505H	20	3138	0.006373	23047	23116
A21972G	S:N137S	20	9935	0.002013	21936	21973
T25496C	ORF3a:I35T	19	32072	0.000592	25372	25521
T25414C C25416T	ORF3a:F8L ORF3a:F8L	19	35022	0.000543	25372	25478
T25209C A25271G	S:I1216T S:M1237V	19	96302	0.000197	25122	25324
T25161-C	NA	19	83487	0.000228	25153	25184
T25155C C25262-T	S:I1198T NA	19	78937	0.000241	25123	25325
T25140-A G25218-T	NA NA	19	77026	0.000247	25132	25320
T24873C C25000T	S:V1104A S:D1146D	19	33535	0.000567	24850	25065
T24769C	S:P1069P	19	12185	0.001559	24703	24791
T24761C	S:Y1067H	19	12110	0.001569	24712	24788
T24637C	S:A1025A	19	12439	0.001527	24612	24673
T24549-G	NA	19	101728	0.000187	24531	24564
T24541C	S:I993I	19	101828	0.000187	24498	24564
T23788C C23854A	S:I742I S:N764K	19	54830	0.000347	23683	23881
T23703-A C23887-A	NA NA	19	50682	0.000375	23683	23895
T23689-A A23712-T	NA NA	19	61548	0.000309	23683	23726
T23637-C	NA	19	140553	0.000135	23622	23642
T23488C C23525T T23599G C23603T C23604A	Unknown S:H655Y S:N679K S:P681Y S:P681Y	19	137521	0.000138	23486	23642
T23355-A	NA	19	31969	0.000594	23285	23368
T22882G A22893C T22942A	S:N440K S:K444T S:N460K	19	22698	0.000837	22870	22945
T22058-G	NA	19	4273	0.004447	22025	22068
T21970-A	NA	19	9955	0.001909	21942	21973
G25459A	ORF3a:A23T	19	34002	0.000559	25377	25504
G25290+C	NA	19	116399	0.000163	25283	25324
G24415A A24424T	S:V951V S:Q954H	19	97811	0.000194	24412	24564
G23808A C23854A	S:C749Y S:N764K	19	55585	0.000342	23769	23895
G23793A C23887-A	S:G744D NA	19	51936	0.000366	23683	23894
G22813T T22882G A22893C T22917G T22942A C22945-A	S:K417N S:N440K S:K444T S:L452R S:N460K NA	19	21414	0.000887	22793	22967
G22813T G22859+T T22882G G22895C T22896C G22898A	S:K417N NA S:N440Q S:V445P S:V445P S:G446R	19	25618	0.000742	22793	22907
C25482T	ORF3a:R30R	19	33271	0.000571	25372	25487
C25441-A	NA	19	34506	0.000551	25372	25450
C25418+A	NA	19	34973	0.000543	25372	25430
C25416T T25541C	ORF3a:F8F ORF3a:V50A	19	29022	0.000655	25372	25566
C25416T C25539T	ORF3a:F8F ORF3a:G49G	19	29086	0.000653	25372	25566
C25416T A25426G	ORF3a:F8F ORF3a:T12A	19	34818	0.000546	25372	25519
C25318+G	NA	19	117996	0.000161	25305	25324
C25294T	S:L1244L	19	116688	0.000163	25254	25324
C25262-T G25266A	NA S:C1235Y	19	114076	0.000167	25251	25279
C25262-T A25277G	NA S:S1239G	19	113986	0.000167	25130	25325
C25163+A C25262-TT	NA NA	19	79661	0.000239	25122	25325
C25132-A	NA	19	80015	0.000237	25127	25151
C25000T T25027C	S:D1146D S:Y1155Y	19	34757	0.000547	24965	25065
C24981-T C25000T A25056+T	NA S:D1146D NA	19	34010	0.000559	24850	25069
C24672-A G24683-A	NA NA	19	11487	0.001654	24620	24695
C24455-A G24488-T	NA NA	19	98963	0.000192	24428	24502
C24455-A A24539+T	NA NA	19	97647	0.000195	24412	24564
C24418-A A24424T	NA S:Q954H	19	98486	0.000193	24415	24448
C24223+T	NA	19	10966	0.001733	24148	24244
C23882+A	NA	19	57680	0.000329	23835	23890
C23854A C23887A A23888C	S:N764K S:D775E S:K776Q	19	55586	0.000342	23838	23894
C23854A A23890T	S:N764K S:K776N	19	55015	0.000345	23835	23895
C23706T C23854A	S:P715L S:N764K	19	53801	0.000353	23683	23892
C23525T T23599G C23604A A23623C	S:H655Y S:N679K S:P681H S:V687V	19	140397	0.000135	23504	23629
C23520-T C23525T	NA S:H655Y	19	146179	0.00013	23487	23534
C23393-T	NA	19	31540	0.000602	23379	23443
C23334-T T23394C A23403G	NA S:L611P S:D614G	19	30689	0.000619	23270	23443
C22664A C22674T	S:L368I S:S371F	19	910	0.020879	22639	22676
A25531-T G25555-T	NA NA	19	28336	0.000671	25372	25566
A25524G	ORF3a:G44G	19	29793	0.000638	25372	25566
A25457G	ORF3a:D22G	19	34064	0.000558	25372	25552
A25374-T T25382-A	NA NA	19	34962	0.000543	25372	25409
A25295T	S:K1245*	19	116851	0.000163	25286	25324
A25247G C25262-T	S:M1229V NA	19	112962	0.000168	25135	25325
A25241T	S:I1227L	19	113021	0.000168	25236	25325
A25185-G C25262-TT	NA NA	19	82283	0.000231	25130	25316
A25147G C25262-T	S:E1195E NA	19	77275	0.000246	25122	25307
A25141T	S:L1193F	19	81058	0.000234	25130	25321
A25137-T T25191-A C25262-TT	NA NA NA	19	76122	0.00025	25122	25325
A24963G C25000T	S:N1134S S:D1146D	19	35138	0.000541	24857	25069
A24956G C25000T	S:I1132V S:D1146D	19	34927	0.000544	24908	25069
A24956-T	NA	19	36615	0.000519	24946	25065
A24902-T C24981-T	NA NA	19	34758	0.000547	24850	24998
A24545T	S:R995W	19	101802	0.000187	24506	24564
A24424T T24522C	S:Q954H S:V987A	19	95909	0.000198	24413	24564
A24424T T24472-G C24536-AA	S:Q954H NA NA	19	95557	0.000199	24412	24564
A24424T T24469A G24510A	S:Q954H S:N969K S:R983H	19	96249	0.000197	24412	24550
A24424T T24469A C24477T	S:Q954H S:N969K S:A972V	19	96935	0.000196	24412	24564
A24424T T24460C	S:Q954H S:L966L	19	97424	0.000195	24415	24564
A24424T C24502T	S:Q954H S:I980I	19	96421	0.000197	24412	24552
A24424T C24463T T24469A	S:Q954H S:S967S S:N969K	19	97164	0.000196	24412	24564
A24424T C24455-A G24488-T	S:Q954H NA NA	19	96716	0.000196	24412	24552
A24424T C24429T	S:Q954H S:A956V	19	98538	0.000193	24412	24554
A24424T A24461G T24469A	S:Q954H S:S967G S:N969K	19	97164	0.000196	24412	24554
A24424T A24457G T24469A	S:Q954H S:Q965Q S:N969K	19	97164	0.000196	24412	24564
A24424T A24456C	S:Q954H S:Q965P	19	97672	0.000195	24412	24534
A24266G	S:M902V	19	10839	0.001753	24232	24309
A24162G	S:D867G	19	11018	0.001724	24148	24256
A23880G	S:E773G	19	57759	0.000329	23874	23886
A23786-T C23854A C23887-A	NA S:N764K NA	19	51722	0.000367	23683	23895
A23786+T C23854A C23887-A	NA S:N764K NA	19	51722	0.000367	23713	23895
A23736G C23854A	S:E725G S:N764K	19	54127	0.000351	23719	23895
A23712+T G23835+T	NA NA	19	55750	0.000341	23683	23848
A23696G C23854A	S:I712V S:N764K	19	53067	0.000358	23683	23873
A23515T C23525T T23599G C23604A	S:I651I S:H655Y S:N679K S:P681H	19	140379	0.000135	23488	23642
A23515-G C23525T	NA S:H655Y	19	146033	0.00013	23498	23531
A23403G A23432G	S:D614G S:I624V	19	30195	0.000629	23285	23443
A23382G A23403G	S:Q607R S:D614G	19	31064	0.000612	23270	23443
A23365G A23403G	S:G601G S:D614G	19	30871	0.000615	23358	23443
A23326G C23334-T	S:T588T NA	19	32151	0.000591	23285	23357
A22798+G G22813T T22882G A22893C T22917G T22942A	NA S:K417N S:N440Q S:K444S S:L452R S:N460*	19	21367	0.000889	22793	22953
A22190-T	NA	19	5844	0.003251	22170	22192
A21764-TACATG G21786A A21875-T	S:DEL69/70 S:G75D NA	19	8281	0.002294	21757	21900
T25375C C25416T	S:H1271H ORF3a:F8F	18	34530	0.000521	25372	25552
T25312+C	NA	18	118341	0.000152	25299	25324
T25242G	S:I1227R	18	113064	0.000159	25210	25325
T25219C C25262-T	S:G1219G NA	18	107732	0.000167	25122	25325
T25140-A G25302-T	NA NA	18	75722	0.000238	25130	25325
T24991C C25000T	S:P1143P S:D1146D	18	35660	0.000505	24979	25069
T24960C C24981-T C25000T	S:V1133A NA S:D1146D	18	35025	0.000514	24850	25069
T24948C C25000T	S:V1129A S:D1146D	18	34707	0.000519	24850	25069
T24946C C25000T	S:V1128V S:D1146D	18	34651	0.000519	24937	25069
T24938C C25000T	S:C1126R S:D1146D	18	34497	0.000522	24850	25065
T24869C C25000T	S:F1103L S:D1146D	18	33407	0.000539	24850	25069
T24866+G C24981-T C25000T	NA NA S:D1146S	18	33330	0.00054	24852	25046
T24628+A	NA	18	12468	0.001444	24617	24637
T24544C	S:D994D	18	101814	0.000177	24511	24555
T24469A T24482C	S:N969K S:S974P	18	100308	0.000179	24465	24564
T24469A C24536+A	S:N969K NA	18	98841	0.000182	24465	24564
T24469A A24543G	S:N969K S:D994G	18	98672	0.000182	24435	24564
T24469A A24539+T	S:N969K NA	18	98778	0.000182	24412	24564
T24469A A24520G	S:N969K S:K986K	18	99344	0.000181	24434	24564
T24469A A24500G	S:N969K S:I980V	18	99896	0.00018	24440	24564
T24437C T24469A	S:L959L S:N969K	18	98974	0.000182	24428	24554
T24280-A	NA	18	10986	0.001638	24272	24315
T23862+A	NA	18	58787	0.000306	23683	23874
T23836G C23854A	S:S758R S:N764K	18	57215	0.000315	23820	23895
T23807C C23854A	S:C749R S:N764K	18	55572	0.000324	23683	23891
T23794C	S:G744G	18	59690	0.000302	23693	23830
T23789C C23854A	S:C743R S:N764K	18	54846	0.000328	23769	23895
T23748C	S:V729A	18	61379	0.000293	23696	23774
T23714C C23854A	S:F718L S:N764K	18	53884	0.000334	23687	23887
T23689-A G23768-T	NA NA	18	58849	0.000306	23683	23781
T23511-A T23599G C23604A	NA S:N679K S:P681H	18	140296	0.000128	23487	23624
T23350A A23403G	S:S596R S:D614G	18	30798	0.000584	23269	23441
T23337C A23403G	S:F592S S:D614G	18	30757	0.000585	23285	23443
T23322C A23403G	S:I587T S:D614G	18	30670	0.000587	23282	23443
G25284-T G25302-T	NA NA	18	115708	0.000156	25277	25325
G24944+T C24981-T C25000T	NA NA S:D1146S	18	34613	0.00052	24850	25027
G24561-A	NA	18	100715	0.000179	24539	24564
G24558+C	NA	18	100920	0.000178	24508	24564
G24413A A24424T T24469A	S:V951M S:Q954H S:N969K	18	95554	0.000188	24412	24564
G23955+T	NA	18	1333	0.013503	23941	23965
G23835-T A23853-C	NA NA	18	56983	0.000316	23684	23880
G23792A C23854A	S:G744S S:N764K	18	54921	0.000328	23683	23891
G22933-A T22942A	NA S:N460K	18	26621	0.000676	22924	22967
G22895C T22896C G22898A T22942G	S:V445P S:V445P S:G446S S:N460K	18	22976	0.000783	22884	22966
G22809-A G22813T T22882G G22895C T22896C G22898A	NA S:K417N S:N440K S:V445P S:V445P S:G446S	18	25568	0.000704	22793	22907
G22578A G22599C C22674T	S:G339D S:R346T S:S371F	18	803	0.022416	22574	22676
C25416T T25488C	ORF3a:F8F ORF3a:T32T	18	32873	0.000548	25372	25566
C25416T T25473C	ORF3a:F8F ORF3a:D27D	18	33662	0.000535	25372	25566
C25416T T25464C	ORF3a:F8F ORF3a:T24T	18	33864	0.000532	25372	25490
C25416T A25564G	ORF3a:F8F ORF3a:S58G	18	27972	0.000644	25372	25566
C25416T A25503+C	ORF3a:F8F NA	18	31651	0.000569	25374	25511
C25416T A25443G	ORF3a:F8F ORF3a:Q17Q	18	34458	0.000522	25372	25483
C25262-T T25280C	NA S:C1240R	18	113965	0.000158	25125	25296
C25262-T G25278-T T25291C	NA NA S:C1243C	18	113851	0.000158	25130	25325
C25231T	S:G1223G	18	112432	0.00016	25218	25258
C25000T T25036C	S:D1146D S:N1158N	18	34601	0.00052	24853	25069
C25000T T25001C	S:D1146D S:S1147P	18	35628	0.000505	24900	25045
C24921T	S:T1120I	18	36830	0.000489	24850	24931
C24878-A A24922-T	NA NA	18	36131	0.000498	24869	24937
C24503+T	NA	18	101674	0.000177	24423	24542
C24422-A C24536-AA	NA NA	18	95540	0.000188	24412	24564
C24422-A A24424T	NA S:Q954H	18	98630	0.000183	24415	24466
C24176+A	NA	18	11219	0.001604	24164	24190
C23854A C23865+G	S:N764K NA	18	58021	0.00031	23850	23895
C23525T T23599G T23637-C	S:H655Y S:N679K NA	18	136625	0.000132	23515	23642
C23525T T23599G C23604A G23607T	S:H655Y S:N679K S:P681H S:R682L	18	140535	0.000128	23487	23641
C23525T G23587A C23604A	S:H655Y S:Q675Q S:P681H	18	140572	0.000128	23509	23637
C23525T C23604A C23609+G	S:H655Y S:P681H NA	18	140529	0.000128	23486	23637
C23502T T23599G C23604A	S:A647V S:N679K S:P681H	18	139562	0.000129	23493	23624
C23498-G C23525T	NA S:H655Y	18	144351	0.000125	23487	23534
C23334-T T23421+C	NA NA	18	30240	0.000595	23269	23441
C23334-T T23389C	NA S:A609A	18	31074	0.000579	23270	23419
C22802+A G22813T T22882G T22896C T22917G	NA S:K417N S:N440Q S:V445A S:L452R	18	24348	0.000739	22793	22929
A25564G	ORF3a:S58G	18	27972	0.000644	25372	25566
A25497G	ORF3a:I35M	18	32020	0.000562	25373	25519
A25431G	ORF3a:V13V	18	34727	0.000518	25372	25443
A25374-T C25416T	NA ORF3a:F8F	18	34462	0.000522	25372	25423
A25296-G	NA	18	116960	0.000154	25278	25324
A25253+T	NA	18	113719	0.000158	25245	25307
A25146G C25262-T	S:E1195G NA	18	77249	0.000233	25122	25325
A24885+T C24964-A C24981-T C25000T	NA NA NA S:D1146S	18	33614	0.000535	24850	25022
A24860G	S:T1100A	18	37796	0.000476	24850	24879
A24782G	S:N1074D	18	12256	0.001469	24773	24806
A24556+G	NA	18	101026	0.000178	24465	24564
A24500G	S:I980V	18	101676	0.000177	24493	24562
A24498G	S:D979G	18	101592	0.000177	24493	24564
A24495G	S:N978S	18	101563	0.000177	24476	24564
A24484G	S:S974S	18	101239	0.000178	24467	24561
A24456G	S:Q965R	18	100052	0.00018	24413	24563
A24433G	S:Q957Q	18	100139	0.00018	24428	24456
A24424T T24490C	S:Q954H S:V976V	18	96691	0.000186	24412	24564
A24424T C24455-A G24521+T	S:Q954H NA NA	18	95928	0.000188	24412	24563
A24424T C24429T T24469A	S:Q954H S:A956V S:N969K	18	97164	0.000185	24412	24564
A24424T A24545T	S:Q954H S:R995W	18	95338	0.000189	24412	24564
A24315G	S:E918G	18	10844	0.00166	24311	24357
A24170+T	NA	18	11243	0.001601	24161	24190
A23884G	S:Q774Q	18	56987	0.000316	23862	23890
A23814-T	NA	18	59538	0.000302	23683	23823
A23800G	S:S746S	18	59775	0.000301	23683	23829
A23786+T G23835+T C23887-A	NA NA NA	18	51722	0.000348	23705	23895
A23786+T G23835+T	NA NA	18	56645	0.000318	23699	23853
A23772-T C23854A	NA S:N764K	18	54534	0.00033	23683	23895
A23753-T C23854A	NA S:N764K	18	54310	0.000331	23701	23881
A23717G C23854A	S:T719A S:N764K	18	53902	0.000334	23683	23895
A23711G C23854A	S:N717D S:N764K	18	53848	0.000334	23683	23895
A23708+C	NA	18	63327	0.000284	23683	23718
A23515+C	NA	18	147140	0.000122	23487	23524
A23495G C23525T A23535G T23599G C23604A	S:T645A S:H655Y S:N658S S:N679K S:P681H	18	138624	0.00013	23487	23642
A23321+T C23334-T A23403G	NA NA S:D614G	18	30668	0.000587	23269	23443
A23279G A23403G	S:T573A S:D614G	18	29476	0.000611	23273	23417
A23274G A23403G	S:D571G S:D614G	18	29406	0.000612	23269	23443
A21764-TACATG T21886-A	S:DEL69/70 NA	18	8261	0.002179	21757	21961
A21764-TACATG G21796-T	S:DEL69/70 NA	18	8809	0.002043	21757	21806
A21764-TACATG A21817-T A21834-T A21875-T	S:DEL69/70 NA NA NA	18	8281	0.002174	21757	21973
T25536C	ORF3a:V48V	17	29130	0.000584	25372	25560
T25478C	ORF3a:V29A	17	33487	0.000508	25372	25552
T25474C	ORF3a:F28L	17	33645	0.000505	25376	25566
T25422-G	NA	17	34911	0.000487	25374	25442
T25415C	ORF3a:F8S	17	35046	0.000485	25372	25455
T25402C	ORF3a:F4L	17	35355	0.000481	25372	25477
T25289+G	NA	17	116341	0.000146	25281	25325
T25228A	S:A1222A	17	112188	0.000152	25209	25325
T25152A	S:L1197H	17	82887	0.000205	25148	25226
T24976C C24981-T	S:Y1138Y NA	17	36123	0.000471	24850	25010
T24972C C25000T	S:V1137A S:D1146D	17	35303	0.000482	24932	25014
T24934-A	NA	17	36716	0.000463	24850	24943
T24866+G	NA	17	37778	0.00045	24852	24875
T24733C	S:P1057P	17	11871	0.001432	24704	24791
T24643+A C24672-A	NA NA	17	12077	0.001408	24626	24684
T24470-TTG C24536-AA	S:DEL971 NA	17	98930	0.000172	24435	24564
T24469A T24552C	S:N969K S:I997T	17	98339	0.000173	24428	24563
T24469A T24505C	S:N969K S:L981L	17	99729	0.00017	24438	24564
T24469A G24474A	S:N969K S:G971D	17	100452	0.000169	24465	24564
T23769C C23854A	S:V736A S:N764K	17	54507	0.000312	23683	23873
T23740C C23854A	S:I726I S:N764K	17	54157	0.000314	23683	23895
T23719C C23854A	S:T719T S:N764K	17	53918	0.000315	23683	23887
T23716+C C23854A	NA S:N764K	17	53890	0.000315	23683	23895
T23599G C23604G	S:N679K S:P681R	17	142888	0.000119	23514	23629
T23599G C23604A C23609T	S:N679K S:P681H S:R683W	17	142844	0.000119	23587	23629
T23521-G C23525T T23599G C23604A	NA S:H655Y S:N679K S:P681H	17	140543	0.000121	23492	23624
T23491C T23599G C23604A	S:F643F S:N679K S:P681H	17	137864	0.000123	23488	23641
T23377C A23403G	S:S605S S:D614G	17	30988	0.000549	23273	23443
T23371C	S:N603N	17	31663	0.000537	23270	23438
T23296C A23403G	S:D578D S:D614G	17	30452	0.000558	23269	23429
T22160A	S:Y200N	17	5781	0.002941	22141	22191
G25489A	ORF3a:A33T	17	32643	0.000521	25372	25566
G25297A G25302-T	S:K1245K NA	17	116983	0.000145	25290	25325
G25278+C	NA	17	115654	0.000147	25262	25323
G25218+T C25262-TT	NA NA	17	107104	0.000159	25130	25316
G25130A C25262-T	S:A1190T NA	17	72796	0.000234	25127	25325
G24530-A	NA	17	101803	0.000167	24504	24564
G24413+T	NA	17	97014	0.000175	24412	24451
G23831A C23854A	S:G757S S:N764K	17	56628	0.0003	23683	23891
G23804+A	NA	17	59726	0.000285	23683	23822
G23775A C23854A	S:C738Y S:N764K	17	54565	0.000312	23758	23895
G23587T C23595T T23599G C23604A	S:Q675H S:T678I S:N679K S:P681H	17	142683	0.000119	23487	23642
G23426A	S:V622I	17	31290	0.000543	23406	23443
G23417+A	NA	17	31424	0.000541	23398	23443
G23285A A23403G	S:A575T S:D614G	17	29721	0.000572	23272	23443
G22813T T22942G	S:K417N S:N460K	17	21847	0.000778	22806	22966
G22813T T22882G A22893C T22917G C22938+T	S:K417N S:N440K S:K444T S:L452R NA	17	22206	0.000766	22793	22951
G22813T T22831+A T22882G G22895C G22898A	S:K417N NA S:N440Q S:V445R S:G446R	17	25618	0.000664	22793	22906
G22813T A22893C T22917G T22942A	S:K417N S:K444T S:L452R S:N460K	17	21847	0.000778	22797	22961
G22809-A G22813T T22882G G22895C T22896C G22898A T22942G	NA S:K417N S:N440K S:V445P S:V445P S:G446S S:N460K	17	21804	0.00078	22793	22966
G22317T A22320G	S:G252V S:D253G	17	6108	0.002783	22290	22342
C25452-A	NA	17	34196	0.000497	25384	25566
C25452+A	NA	17	34196	0.000497	25372	25463
C25294+T	NA	17	116688	0.000146	25284	25325
C25199T C25262-T	S:P1213S NA	17	89342	0.00019	25126	25325
C25163T	S:Q1201*	17	83543	0.000203	25122	25183
C25000T T25053C	S:D1146D S:V1164A	17	34328	0.000495	24850	25065
C25000T A25014G	S:D1146D S:E1151G	17	35329	0.000481	24961	25065
C24422-A A24425T T24451+A	NA S:N955Y NA	17	97919	0.000174	24412	24463
C24422-A A24425T G24521+T	NA S:N955Y NA	17	95910	0.000177	24412	24564
C24263+A	NA	17	10824	0.001571	24148	24274
C23859+T C23887-A	NA NA	17	56032	0.000303	23693	23895
C23854A A23888T	S:N764K S:K776*	17	55586	0.000306	23841	23892
C23854A A23872G	S:N764K S:I770M	17	57734	0.000294	23828	23881
C23825T C23854A	S:Q755* S:N764K	17	56172	0.000303	23774	23895
C23525T T23599G T23602A C23604A	S:H655Y S:N679K S:S680S S:P681H	17	140572	0.000121	23487	23642
C23525T T23599G C23604A T23605-C	S:H655Y S:N679K S:P681H NA	17	140551	0.000121	23508	23642
C23525T T23599G C23604A C23609G	S:H655Y S:N679K S:P681H S:R683G	17	140529	0.000121	23487	23633
C23525T T23599G C23604A A23636T	S:H655Y S:N679K S:P681H S:I692F	17	136785	0.000124	23487	23642
C23525T T23599G C23604A A23627T	S:H655Y S:N679K S:P681H S:S689C	17	138176	0.000123	23508	23642
C23525T T23548G T23599G C23604A	S:H655Y S:C662W S:N679K S:P681H	17	140572	0.000121	23487	23640
C23525T G23587A T23599G	S:H655Y S:Q675Q S:N679K	17	140627	0.000121	23503	23624
C23525T C23604A A23639-T	S:H655Y S:P681H NA	17	134447	0.000126	23487	23642
C23525T C23538T T23599G C23604A	S:H655Y S:S659L S:N679K S:P681H	17	140572	0.000121	23487	23642
C23525T A23594G T23599G	S:H655Y S:T678A S:N679K	17	140627	0.000121	23487	23642
C23525T A23579-G T23599G C23604A	S:H655Y NA S:N679K S:P681H	17	140572	0.000121	23487	23623
C23502-A C23525T T23599G C23604A	NA S:H655Y S:N679K S:P681H	17	139562	0.000122	23487	23642
C23376-T	NA	17	31616	0.000538	23285	23384
C23334-T C23393+T A23403G	NA NA S:D614G	17	30689	0.000554	23282	23443
C22572-T G22578A G22599C T22679C	NA S:G339D S:R346T S:S373P	17	756	0.022487	22496	22682
A25454G	ORF3a:K21R	17	34150	0.000498	25372	25504
A25410G C25416T	ORF3a:R6R ORF3a:F8F	17	35022	0.000485	25372	25494
A25259G C25262-T	S:M1233V NA	17	114018	0.000149	25126	25325
A25176G C25262-TT	S:K1205R NA	17	80551	0.000211	25122	25320
A24987G C25000T	S:Q1142R S:D1146D	17	35591	0.000478	24888	25066
A24885+T G24971+T C25000T	NA NA S:D1146Y	17	33614	0.000506	24850	25069
A24885+T A24922-T C25000T	NA NA S:D1146S	17	33614	0.000506	24858	25012
A24864G	S:H1101R	17	37801	0.00045	24850	24869
A24788G	S:T1076A	17	12221	0.001391	24709	24791
A24735-T	NA	17	11894	0.001429	24726	24788
A24695G	S:K1045E	17	12073	0.001408	24686	24711
A24677G	S:R1039G	17	12628	0.001346	24612	24688
A24545G	S:R995G	17	101802	0.000167	24412	24564
A24457G	S:Q965Q	17	99991	0.00017	24412	24564
A24456G T24469A	S:Q965R S:N969K	17	99486	0.000171	24435	24564
A24424T T24469A C24559T	S:Q954H S:N969K S:G999G	17	94356	0.00018	24412	24564
A24424T T24469A A24537G	S:Q954H S:N969K S:Q992R	17	95521	0.000178	24412	24564
A24424T T24469A A24495G	S:Q954H S:N969K S:N978S	17	96602	0.000176	24412	24564
A24424T C24553T	S:Q954H S:I997I	17	95059	0.000179	24412	24564
A24424T C24536-A A24538G	S:Q954H NA S:Q992Q	17	95504	0.000178	24412	24564
A24424T C24444T	S:Q954H S:T961M	17	98121	0.000173	24412	24449
A24424T C24431-A T24469A	S:Q954H NA S:N969K	17	97164	0.000175	24412	24553
A24317G	S:N919D	17	10765	0.001579	24268	24323
A24241G	S:A893A	17	10906	0.001559	24230	24317
A23712+T C23816-T	NA NA	17	57512	0.000296	23683	23829
A23704+C G23768-T	NA NA	17	59973	0.000283	23699	23783
A23702G	S:I714V	17	63386	0.000268	23683	23724
A23594G T23599G C23604A	S:T678A S:N679K S:P681H	17	142831	0.000119	23546	23639
A23554G T23599G C23604A	S:I664M S:N679K S:P681H	17	141545	0.00012	23487	23626
A23524+T T23599G C23604A	NA S:N679* S:P681Y	17	140565	0.000121	23487	23624
A23414G	S:T618A	17	31445	0.000541	23270	23423
A23403G T23425C	S:D614G S:P621P	17	30811	0.000552	23355	23443
A23403G T23421-C	S:D614G NA	17	30952	0.000549	23378	23434
A23403G G23417+A	S:D614G NA	17	31080	0.000547	23269	23443
A23403G A23418G	S:D614G S:E619G	17	31052	0.000547	23311	23443
A23403G A23416G	S:D614G S:T618T	17	31099	0.000547	23285	23443
A23359G	S:T599T	17	31877	0.000533	23269	23429
A21794G	S:R78G	17	9789	0.001737	21772	21799
A21764-TACATG G21956-A	S:DEL69/70 NA	17	8158	0.002084	21757	21969
A21764-TACATG A21834-T	S:DEL69/70 NA	17	8600	0.001977	21757	21860
A21764-TACATG A21817-T C21888-T	S:DEL69/70 NA NA	17	8261	0.002058	21757	21973
T25559C	ORF3a:F56S	16	28297	0.000565	25372	25566
T25556C	ORF3a:V55A	16	28328	0.000565	25373	25566
T25430+A	NA	16	34746	0.00046	25372	25445
T25422C	ORF3a:I10I	16	34911	0.000458	25382	25464
T25404C	ORF3a:F4F	16	35329	0.000453	25372	25455
T25202+G C25262-TT	NA NA	16	91311	0.000175	25122	25325
T25148C C25262-T	S:S1196P NA	16	77311	0.000207	25130	25281
T24974C C25000T	S:Y1138H S:D1146D	16	35321	0.000453	24937	25003
T24934-A C25000T	NA S:D1146D	16	34423	0.000465	24852	25010
T24756C	S:V1065A	16	12074	0.001325	24707	24788
T24754C	S:H1064H	16	12061	0.001327	24686	24786
T24482C	S:S974P	16	101169	0.000158	24435	24555
T24469A T24549C	S:N969K S:L996S	16	98452	0.000163	24454	24564
T24469A T24529C	S:N969K S:A989A	16	99047	0.000162	24437	24554
T24469A T24513C	S:N969K S:L984P	16	99497	0.000161	24458	24564
T24469A A24556G	S:N969K S:T998T	16	97682	0.000164	24465	24564
T24464C T24469A	S:S968P S:N969K	16	99651	0.000161	24435	24487
T24459C	S:L966P	16	99856	0.00016	24416	24564
T24417C T24469A	S:V952A S:N969K	16	96929	0.000165	24412	24564
T23727C	S:V722A	16	62340	0.000257	23683	23754
T23703-A C23778T	NA S:T739I	16	59349	0.00027	23690	23870
T23563+C T23599G C23604A	NA S:N679* S:P681Y	16	141929	0.000113	23525	23641
T23548C T23599G C23604A	S:C662C S:N679K S:P681H	16	141359	0.000113	23511	23624
T23511-A C23525T	NA S:H655Y	16	145948	0.00011	23488	23529
T23511+A C23525T A23558G T23599G C23604A	NA S:H655S S:I666D S:N679* S:P681Y	16	140296	0.000114	23501	23641
T23404C	S:D614D	16	31402	0.00051	23269	23414
T23385C A23403G	S:V608A S:D614G	16	31110	0.000514	23273	23443
T23293C	S:R577R	16	32819	0.000488	23284	23329
T23278C A23403G	S:T572T S:D614G	16	29445	0.000543	23270	23434
T23031C A23055G T23075C	S:F490S S:Q498R S:Y505H	16	3021	0.005296	23025	23095
T22882G T22917G T22942A	S:N440K S:L452R S:N460K	16	22698	0.000705	22853	22949
T22882G G22898A	S:N440K S:G446S	16	26487	0.000604	22863	22913
G25409-A	NA	16	35221	0.000454	25377	25447
G25323+A	NA	16	117338	0.000136	25315	25325
G25234A	S:L1224L	16	112664	0.000142	25218	25325
G24947-T C25000T	NA S:D1146D	16	34678	0.000461	24914	25069
G24557A	S:G999S	16	100962	0.000158	24484	24564
G24416A A24424T T24469A	S:V952I S:Q954H S:N969K	16	96673	0.000166	24412	24564
G23793A	S:G744D	16	59678	0.000268	23787	23799
G23768A C23854A	S:V736I S:N764K	16	54488	0.000294	23683	23873
G23747A C23854A	S:V729M S:N764K	16	54248	0.000295	23683	23881
G22813T T22882G T22896C T22917G	S:K417N S:N440K S:V445A S:L452R	16	24570	0.000651	22807	22937
G22813T T22882G T22896C G22898A T22942G A22948-C	S:K417N S:N440K S:V445A S:G446S S:N460K NA	16	21339	0.00075	22801	22967
G22813T T22882G A22893C T22917G T22942A C22950-T	S:K417N S:N440K S:K444T S:L452R S:N460K NA	16	21242	0.000753	22799	22967
G22813T C22818-T T22882G A22893C T22917G	S:K417N NA S:N440K S:K444T S:L452R	16	24570	0.000651	22793	22939
G22813T A22845-T T22882G A22893C T22917G T22942A	S:K417N NA S:N440K S:K444T S:L452R S:N460K	16	21847	0.000732	22793	22947
G22808A G22813T T22942A	S:G416R S:K417N S:N460K	16	21758	0.000735	22793	22967
G22578A C22674T	S:G339D S:S371F	16	803	0.019925	22560	22678
G21941-T	NA	16	10212	0.001567	21926	21957
G21796-T	NA	16	9797	0.001633	21792	21832
G21793-A A21817-T	NA NA	16	9628	0.001662	21761	21833
C25416T A25524G	ORF3a:F8F ORF3a:G44G	16	29793	0.000537	25373	25566
C25416T A25506G	ORF3a:F8F ORF3a:Q38Q	16	31314	0.000511	25377	25566
C25262-T G25299A	NA S:G1246D	16	113716	0.000141	25122	25325
C25262-T C25300T	NA S:G1246G	16	113706	0.000141	25122	25325
C25254-A	NA	16	113762	0.000141	25217	25319
C25156-G	NA	16	83201	0.000192	25123	25165
C25000T T25054C	S:D1146D S:V1164V	16	34313	0.000466	24850	25065
C25000T T25039C	S:D1146D S:H1159H	16	34553	0.000463	24850	25069
C24981-T C25000T G25052+T	NA S:D1146D NA	16	34066	0.00047	24858	25062
C24981-T C25000T A25067G	NA S:D1146D S:I1169V	16	33141	0.000483	24850	25069
C24981-T C24990-T C25000T	NA NA S:D1146D	16	35483	0.000451	24850	25006
C24899-A G24971+T C24981-T C25000T	NA NA NA S:D1146S	16	33922	0.000472	24850	25024
C24536T	S:Q992*	16	101684	0.000157	24465	24563
C24536+G	NA	16	101684	0.000157	24488	24554
C24509T	S:R983C	16	101881	0.000157	24496	24564
C24483-A C24536-AA	NA NA	16	99761	0.00016	24431	24564
C24422-A A24425T G24488-T	NA S:N955Y NA	16	96698	0.000165	24412	24564
C24418T A24424T	S:V952V S:Q954H	16	98486	0.000162	24412	24564
C24245+A	NA	16	10868	0.001472	24154	24303
C23854A T23862C	S:N764K S:L767S	16	58215	0.000275	23683	23895
C23533-A	NA	16	145863	0.00011	23493	23545
C23525T T23599G C23604A G23608+A	S:H655Y S:N679K S:P681H NA	16	140535	0.000114	23491	23627
C23525T T23599G C23604A A23623T	S:H655Y S:N679K S:P681H S:V687V	16	140397	0.000114	23487	23634
C23525T T23537-C T23599G C23604A	S:H655Y NA S:N679K S:P681H	16	140572	0.000114	23515	23642
C23525T G23567T T23599G C23604A	S:H655Y S:G669C S:N679K S:P681H	16	140572	0.000114	23487	23633
C23525T C23538+A T23599G C23604A	S:H655Y NA S:N679* S:P681Y	16	140572	0.000114	23487	23642
C23525T C23533-A A23558G T23599G C23604A	S:H655Y NA S:I666V S:N679K S:P681H	16	140572	0.000114	23487	23639
C23525T A23541+G T23599G C23604A	S:H655Y NA S:N679* S:P681Y	16	140572	0.000114	23507	23642
C23525T A23526+T	S:H655L NA	16	145726	0.00011	23487	23535
C23525T A23526+G T23599G C23604A	S:H655* NA S:N679* S:P681Y	16	140572	0.000114	23487	23629
C23525T A23526+G	S:H655* NA	16	145726	0.00011	23487	23536
C23492+A A23515+G C23525T T23599G C23604A	NA NA S:H655Y S:N679L S:P681H	16	137899	0.000116	23486	23626
C23327T A23403G	S:P589S S:D614G	16	30677	0.000522	23285	23443
C22674T T22679C	S:S371F S:S373P	16	855	0.018713	22650	22683
C22088+T	NA	16	4195	0.003814	22031	22106
C21454+A C21618T T21632-TACCCCCTG	NA S:T19F S:DEL25/27	16	878	0.018223	21451	21664
A25472+T G25555-T	NA NA	16	28336	0.000565	25372	25566
A25472+T G25540+T	NA NA	16	29057	0.000551	25372	25552
A25315+C	NA	16	118371	0.000135	25295	25324
A25253T	S:T1231S	16	113719	0.000141	25206	25325
A25206G C25262-T	S:Y1215C NA	16	93029	0.000172	25122	25325
A25192G	S:I1210M	16	88507	0.000181	25143	25325
A25154G C25262-T	S:I1198V NA	16	78733	0.000203	25122	25325
A25143+T	NA	16	81312	0.000197	25122	25154
A24955G C25000T	S:G1131G S:D1146D	16	34905	0.000458	24942	25069
A24898G C25000T	S:P1112P S:D1146D	16	33895	0.000472	24850	25069
A24894G	S:E1111G	16	37163	0.000431	24850	24947
A24478G	S:A972A	16	100914	0.000159	24470	24552
A24468-TT	NA	16	100680	0.000159	24465	24526
A24424T T24469A A24539G	S:Q954H S:N969K S:I993V	16	95499	0.000168	24417	24564
A24424T C24559T	S:Q954H S:G999G	16	94356	0.00017	24412	24564
A24424T C24463T	S:Q954H S:S967S	16	97326	0.000164	24413	24564
A24424T C24455T T24469A	S:Q954H S:Q965* S:N969K	16	97164	0.000165	24412	24564
A24423+T T24469A	NA S:N969Q	16	97151	0.000165	24415	24544
A24180G	S:Y873C	16	11199	0.001429	24154	24240
A23964-T	NA	16	1704	0.00939	23957	23994
A23834G	S:S758G	16	58909	0.000272	23825	23890
A23772G C23854A	S:D737G S:N764K	16	54534	0.000293	23768	23895
A23598G T23599G C23604A	S:N679R S:N679R S:P681H	16	142869	0.000112	23558	23642
A23541G T23599G C23604A	S:Y660C S:N679K S:P681H	16	141140	0.000113	23536	23615
A23497T C23525T T23599G C23604A	S:T645T S:H655Y S:N679K S:P681H	16	138701	0.000115	23487	23642
A23495G	S:T645A	16	146072	0.00011	23486	23506
A23362G	S:P600P	16	31843	0.000502	23285	23391
A23312+T	NA	16	32583	0.000491	23273	23325
A23310G C23334-T	S:E583G NA	16	32121	0.000498	23269	23419
A22914-C T22942G	NA S:N460K	16	24298	0.000658	22907	22966
A22422G	S:D287G	16	5666	0.002824	22398	22438
A21917-T	NA	16	9981	0.001603	21905	21941
A21764-TACATG C21781+A A21817-T	S:DEL69/70 NA NA	16	8687	0.001842	21757	21832
A21764-TACATG A21817-T T21861-A	S:DEL69/70 NA NA	16	8386	0.001908	21757	21892
T25464C	ORF3a:T24T	15	33864	0.000443	25375	25478
T25322A	S:C1254S	15	117392	0.000128	25221	25325
T25283A	S:C1241S	15	115901	0.000129	25211	25325
T25265G G25266T	S:C1235V S:C1235V	15	114513	0.000131	25189	25325
T25233C C25262-T	S:L1224S NA	15	112077	0.000134	25122	25325
T25211C C25262-T	S:W1217R NA	15	99261	0.000151	25135	25282
T25209C C25262-T	S:I1216T NA	15	96665	0.000155	25122	25285
T25209A	S:I1216N	15	97447	0.000154	25199	25324
T25189C C25262-T	S:Y1209Y NA	15	83597	0.000179	25122	25325
T25140+A T25191-A	NA NA	15	78348	0.000191	25132	25213
T24934-A C24981-T C25000T	NA NA S:D1146D	15	34423	0.000436	24865	25010
T24866C C25000T	S:W1102R S:D1146D	15	33330	0.00045	24850	25069
T24799C	S:P1079P	15	11315	0.001326	24708	24806
T24763C	S:Y1067Y	15	12139	0.001236	24732	24788
T24746C	S:F1062L	15	11987	0.001251	24699	24788
T24739C	S:G1059G	15	11937	0.001257	24694	24788
T24523C	S:V987V	15	101877	0.000147	24510	24558
T24469A G24476A	S:N969K S:A972T	15	100420	0.000149	24445	24564
T24469A A24532G	S:N969K S:E990E	15	98972	0.000152	24465	24564
T24469A A24518G	S:N969K S:K986E	15	99395	0.000151	24452	24564
T24283C	S:N907N	15	11022	0.001361	24161	24314
T24280+A	NA	15	10986	0.001365	24148	24310
T24249C	S:I896T	15	10876	0.001379	24219	24289
T23875C	S:A771A	15	58035	0.000258	23859	23881
T23750C C23887-A	S:S730P NA	15	51277	0.000293	23683	23895
T23740C	S:I726I	15	61610	0.000243	23694	23762
T23715C C23854A	S:F718S S:N764K	15	53888	0.000278	23683	23892
T23689-A T23703-A	NA NA	15	62132	0.000241	23683	23715
T23686-A C23854A	NA S:N764K	15	52676	0.000285	23683	23858
T23599G C23604A A23618G	S:N679K S:P681H S:S686G	15	142761	0.000105	23487	23624
T23584C T23599G C23604A	S:Y674Y S:N679K S:P681H	15	142630	0.000105	23487	23624
T23500A C23525T T23599G C23604A	S:R646R S:H655Y S:N679K S:P681H	15	139000	0.000108	23487	23624
T23488G C23525T T23599G C23604A	Unknown S:H655Y S:N679K S:P681H	15	137521	0.000109	23487	23642
T23352C	S:V597A	15	32006	0.000469	23282	23369
T23338G	S:F592L	15	32179	0.000466	23269	23362
T23281C C23334-T	S:T573T NA	15	30868	0.000486	23269	23364
T23031C A23063T T23075C	S:F490S S:N501Y S:Y505H	15	3021	0.004965	23021	23187
T22322C	S:S254P	15	6111	0.002455	22301	22379
G25447-A	NA	15	34335	0.000437	25372	25477
G25323+T	NA	15	117338	0.000128	25306	25325
G25234-A	NA	15	112664	0.000133	25219	25325
G25218-T C25262-TT G25278-T	NA NA NA	15	106683	0.000141	25122	25316
G25177+T	NA	15	83676	0.000179	25122	25185
G25166+A C25262-T	NA NA	15	79867	0.000188	25130	25323
G25130+C C25262-T	NA NA	15	72796	0.000206	25122	25280
G24954-A C25000T	NA S:D1146D	15	34867	0.00043	24934	25069
G24933-T C25000T	NA S:D1146D	15	34414	0.000436	24893	25037
G24738A	S:G1059D	15	11923	0.001258	24690	24788
G23522A T23599G C23604A	S:E654K S:N679K S:P681H	15	140562	0.000107	23487	23605
G23438+C	NA	15	30452	0.000493	23426	23441
G23402-A	NA	15	31414	0.000477	23368	23423
G23387A A23403G	S:A609T S:D614G	15	31140	0.000482	23269	23423
G23331+T	NA	15	32193	0.000466	23285	23344
G22898A T22942G	S:G446S S:N460K	15	23051	0.000651	22886	22949
G22813T T22882G T22891-A G22898A T22942G	S:K417N S:N440K NA S:G446S S:N460K	15	21847	0.000687	22793	22944
G22813T T22882G T22891+A G22895C T22896C G22898A	S:K417N S:N440K NA S:V445P S:V445P S:G446R	15	25618	0.000586	22793	22915
G22813T T22882G A22914-C T22942G	S:K417N S:N440K NA S:N460K	15	21847	0.000687	22793	22967
G22813T T22882G A22893C T22917G T22939+A	S:K417N S:N440K S:K444T S:L452R NA	15	22116	0.000678	22793	22949
G22813T T22882G A22893C G22898A T22917G	S:K417N S:N440K S:K444T S:G446S S:L452R	15	24570	0.000611	22809	22941
G22813T G22895C G22898A	S:K417N S:V445L S:G446S	15	25618	0.000586	22793	22906
G22813T G22859+T T22882G A22893C T22917G T22942A	S:K417N NA S:N440Q S:K444S S:L452R S:N460*	15	21847	0.000687	22802	22955
G22813T C22818-T T22882G T22917G T22942A	S:K417N NA S:N440K S:L452R S:N460K	15	21847	0.000687	22793	22949
G22813T A22914-C T22917G T22942A	S:K417N NA S:L452R S:N460K	15	21847	0.000687	22793	22967
G22813T A22845-T T22882G	S:K417N NA S:N440K	15	26861	0.000558	22793	22889
G22813T A22845+T T22882G G22895C T22896C G22898A T22942G	S:K417N NA S:N440Q S:V445P S:V445P S:G446R S:N460*	15	21847	0.000687	22793	22967
G22104-A	NA	15	4333	0.003462	22044	22119
C25427-TG	NA	15	34808	0.000431	25372	25447
C25416T A25512G	ORF3a:F8F ORF3a:S40S	15	30960	0.000484	25378	25542
C25416T A25457G	ORF3a:F8F ORF3a:D22G	15	34064	0.00044	25372	25513
C25262T	S:L1234F	15	114405	0.000131	25235	25305
C25262-T T25301C	NA S:C1247R	15	113685	0.000132	25122	25325
C25169-T T25191-A	NA NA	15	82045	0.000183	25122	25204
C25160T	S:L1200F	15	83396	0.00018	25151	25323
C25000T T25059C	S:D1146D S:L1166S	15	34225	0.000438	24850	25069
C25000T A25045G	S:D1146D S:S1161S	15	34439	0.000436	24957	25065
C25000T A25014T	S:D1146D S:E1151V	15	35329	0.000425	24967	25017
C24981-T C25000T T25068C	NA S:D1146D S:I1169T	15	33071	0.000454	24850	25069
C24981-T C25000T T25001C	NA S:D1146D S:S1147P	15	35355	0.000424	24850	25045
C24672-A T24689G	NA S:C1043G	15	10936	0.001372	24612	24699
C24672-A A24684+T	NA NA	15	11435	0.001312	24638	24697
C24559T	S:G999G	15	100905	0.000149	24545	24564
C24517T	S:D985D	15	101933	0.000147	24482	24564
C24503-T C24517-A	NA NA	15	101330	0.000148	24412	24531
C24477+A	NA	15	100898	0.000149	24469	24492
C24435+T C24466+A	NA NA	15	98913	0.000152	24412	24515
C24422-A A24425T G24428A T24469A	NA S:N955Y S:A956T S:N969K	15	97146	0.000154	24412	24564
C24422-A A24425T C24517-A	NA S:N955Y NA	15	96068	0.000156	24412	24564
C24204-A	NA	15	11056	0.001357	24182	24218
C24150+T A24253-T	NA NA	15	10115	0.001483	24148	24279
C23854A G23873+A	S:N764K NA	15	57655	0.00026	23842	23886
C23854A C23855T	S:N764K S:R765C	15	58513	0.000256	23838	23895
C23745T C23854A	S:P728L S:N764K	15	54224	0.000277	23683	23873
C23731T C23854A	S:T723T S:N764K	15	54065	0.000277	23683	23873
C23536+A T23599G C23604A	NA S:N679* S:P681Y	15	140996	0.000106	23525	23642
C23525T T23599G C23604A T23622+G	S:H655Y S:N679K S:P681H NA	15	140424	0.000107	23487	23637
C23525T T23599G C23604A G23628C	S:H655Y S:N679K S:P681H S:S689T	15	138085	0.000109	23487	23642
C23525T T23599G C23604A C23630+A	S:H655Y S:N679K S:P681H NA	15	138049	0.000109	23487	23639
C23525T T23599G C23604A A23627-G	S:H655Y S:N679K S:P681H NA	15	138176	0.000109	23487	23642
C23525T T23582A T23599G C23604A	S:H655Y S:Y674N S:N679K S:P681H	15	140572	0.000107	23487	23624
C23525T T23542-G	S:H655Y NA	15	144433	0.000104	23487	23553
C23525T G23580+T T23599G C23604A	S:H655Y NA S:N679* S:P681Y	15	140572	0.000107	23505	23624
C23525T C23530+T T23599G C23604A	S:H655Y NA S:N679* S:P681Y	15	140572	0.000107	23499	23642
C23525T A23598T T23599G C23604A	S:H655Y S:N679M S:N679M S:P681H	15	140572	0.000107	23487	23642
C23525T A23539T T23599G C23604A	S:H655Y S:S659S S:N679K S:P681H	15	140572	0.000107	23487	23642
C23498+G C23525T T23599G C23604A	NA S:H655S S:N679* S:P681Y	15	138735	0.000108	23487	23642
C23393+T A23403G	NA S:D614G	15	31240	0.00048	23389	23421
C23179-A	NA	15	3193	0.004698	23170	23223
C22314T C22425T	S:P251L S:A288V	15	4851	0.003092	22272	22436
C22269T C22295T	S:T236I S:H245Y	15	6140	0.002443	22246	22446
C22120-A T22164-TA	NA NA	15	4719	0.003179	22025	22182
A25408+C	NA	15	35240	0.000426	25376	25415
A25274-C	NA	15	115327	0.00013	25262	25324
A25256+T C25262-TT	NA NA	15	113762	0.000132	25122	25307
A25192T	S:I1210I	15	88507	0.000169	25184	25325
A25165G C25262-T	S:Q1201Q NA	15	79803	0.000188	25133	25325
A25136-AT	NA	15	80562	0.000186	25122	25147
A24970G C25000T	S:T1136T S:D1146D	15	35252	0.000426	24850	25069
A24950G C25000T	S:I1130V S:D1146D	15	34761	0.000432	24872	25069
A24949G C25000T	S:V1129V S:D1146D	15	34746	0.000432	24920	25069
A24913G C24981-T C25000T	S:T1117T NA S:D1146D	15	34172	0.000439	24850	25069
A24911G C25000T	S:T1117A S:D1146D	15	34150	0.000439	24850	25019
A24891G C25000T	S:Y1110C S:D1146D	15	33714	0.000445	24853	25015
A24885+T A24922+T C24981-T C25000T	NA NA NA S:D1146Y	15	33614	0.000446	24850	25069
A24730G	S:A1056A	15	11817	0.001269	24702	24800
A24485G	S:S975G	15	101312	0.000148	24442	24531
A24453G	S:K964R	15	100175	0.00015	24430	24564
A24433G T24469A	S:Q957Q S:N969K	15	98730	0.000152	24428	24564
A24424T T24564C	S:Q954H Unknown	15	93982	0.00016	24412	24564
A24424T T24496-G	S:Q954H NA	15	96595	0.000155	24412	24506
A24424T T24472-G C24536-A	S:Q954H NA NA	15	95557	0.000157	24412	24564
A24424T T24469A G24527A	S:Q954H S:N969K S:A989T	15	95787	0.000157	24412	24564
A24424T T24469A C24536+G	S:Q954H S:N969K NA	15	95557	0.000157	24412	24564
A24424T T24438C T24469A	S:Q954H S:L959S S:N969K	15	97164	0.000154	24412	24564
A24424T G24557A	S:Q954H S:G999S	15	94410	0.000159	24412	24564
A24424T G24533A	S:Q954H S:V991M	15	95660	0.000157	24413	24564
A24424T G24510A	S:Q954H S:R983H	15	96249	0.000156	24412	24564
A24424T G24488-T C24517-A	S:Q954H NA NA	15	96086	0.000156	24412	24564
A24424T C24442T	S:Q954H S:N960N	15	98265	0.000153	24413	24563
A24424T C24435+T T24469A	S:Q954H NA S:N969Q	15	97164	0.000154	24412	24564
A24424T C24431+A T24469A	S:Q954H NA S:N969Q	15	97164	0.000154	24412	24546
A24424T A24519G	S:Q954H S:K986R	15	96042	0.000156	24412	24564
A24424T A24494G	S:Q954H S:N978D	15	96621	0.000155	24412	24564
A23883G	S:Q774R	15	57177	0.000262	23859	23890
A23881G	S:E773E	15	57730	0.00026	23865	23886
A23848+T C23887-A	NA NA	15	55446	0.000271	23767	23895
A23827G C23854A	S:Q755Q S:N764K	15	56353	0.000266	23699	23888
A23806+T	NA	15	59713	0.000251	23695	23828
A23777G C23887-A	S:T739A NA	15	51567	0.000291	23683	23895
A23743G	S:L727L	15	61544	0.000244	23683	23750
A23734G	S:T724T	15	61967	0.000242	23683	23751
A23723G	S:S721G	15	62505	0.00024	23703	23740
A23712T	S:N717I	15	62984	0.000238	23694	23715
A23712-T C23854A	NA S:N764K	15	53851	0.000279	23699	23873
A23579G T23599G C23604A	S:S673G S:N679K S:P681H	15	142499	0.000105	23487	23642
A23524+T	NA	15	146283	0.000103	23487	23535
A23497-C C23525T T23599G	NA S:H655Y S:N679K	15	138755	0.000108	23487	23637
A23403G T23421C	S:D614G S:V620A	15	30952	0.000485	23269	23434
A23356G A23403G	S:I598M S:D614G	15	30835	0.000486	23285	23443
A23348G A23403G	S:S596G S:D614G	15	30784	0.000487	23314	23441
A23295+C	NA	15	32793	0.000457	23269	23302
A23013C T23018G A23055G A23063T T23075C T23143-A	S:E484A S:F486V S:Q498R S:N501Y S:Y505H NA	15	2337	0.006418	23008	23155
A21817-TT	NA	15	9758	0.001537	21785	21859
A21764-TACATG A21917-T	S:DEL69/70 NA	15	8222	0.001824	21757	21936
A21764-TACATG A21817-TT	S:DEL69/70 NA	15	8687	0.001727	21757	21838
T25559-TC A25562C	NA ORF3a:Q57P	14	28084	0.000499	25372	25566
T25518C	ORF3a:P42P	14	30514	0.000459	25372	25566
T25415A	ORF3a:F8Y	14	35046	0.000399	25373	25529
T25414C	ORF3a:F8L	14	35073	0.000399	25372	25502
T25403C	ORF3a:F4S	14	35341	0.000396	25372	25513
T25382+A G25540+T	NA NA	14	28944	0.000484	25372	25566
T25322+C	NA	14	117392	0.000119	25298	25325
T25304+G	NA	14	117845	0.000119	25286	25324
T25285+G	NA	14	116036	0.000121	25276	25324
T25260C C25262-T	S:M1233T NA	14	114100	0.000123	25122	25325
T25202A	S:W1214R	14	92338	0.000152	25185	25226
T25191-A A25256+T C25262-T	NA NA NA	14	86201	0.000162	25122	25325
T25171C C25262-TT	S:L1203L NA	14	80217	0.000175	25122	25325
T25150C C25262-TT	S:S1196S NA	14	77584	0.00018	25130	25325
T25129C C25262-TT	S:V1189V NA	14	72577	0.000193	25122	25325
T24945C C24981-T C25000T	S:V1128A NA S:D1146D	14	34640	0.000404	24850	25013
T24943C C25000T	S:D1127D S:D1146D	14	34583	0.000405	24856	25069
T24804C	S:I1081T	14	11113	0.00126	24751	24806
T24725C	S:S1055P	14	11749	0.001192	24724	24788
T24628+A C24672-A	NA NA	14	11998	0.001167	24620	24687
T24625C	S:S1021S	14	12271	0.001141	24612	24669
T24472C	S:F970F	14	100632	0.000139	24466	24483
T24472-G C24536-AA	NA NA	14	98987	0.000141	24435	24552
T24469A T24499C	S:N969K S:D979D	14	99916	0.00014	24427	24564
T24469A T24496C	S:N969K S:N978N	14	100009	0.00014	24465	24564
T24469A G24535A	S:N969K S:V991V	14	98866	0.000142	24428	24554
T24451C	S:V963V	14	100220	0.00014	24426	24500
T24450C T24469A	S:V963A S:N969K	14	99365	0.000141	24428	24564
T24414C	S:V951A	14	97751	0.000143	24412	24564
T24254C	S:F898L	14	10845	0.001291	24148	24284
T23878C	S:V772V	14	57820	0.000242	23870	23890
T23862-A T23871+A	NA NA	14	58349	0.00024	23683	23887
T23823C C23887-A	S:L754S NA	14	53062	0.000264	23683	23895
T23815C	S:N751N	14	59509	0.000235	23802	23827
T23725C	S:S721S	14	62444	0.000224	23683	23732
T23703-A A23720-T	NA NA	14	62333	0.000225	23683	23730
T23697C C23854A	S:I712T S:N764K	14	53082	0.000264	23683	23895
T23695C C23854A	S:S711S S:N764K	14	53021	0.000264	23683	23881
T23689C C23854A	S:N709N S:N764K	14	52758	0.000265	23683	23895
T23599G C23604A T23622C	S:N679K S:P681H S:V687A	14	142732	0.000098	23587	23642
T23599G C23604A C23630-A	S:N679K S:P681H NA	14	140306	0.0001	23559	23641
T23590C T23599G C23604A	S:T676T S:N679K S:P681H	14	142750	0.000098	23573	23633
T23546C T23599G C23604A	S:C662R S:N679K S:P681H	14	141293	0.000099	23540	23637
T23511+A C23525T C23604A	NA S:H655S S:P681Y	14	140296	0.0001	23487	23624
T23510C C23525T T23599G	S:L650L S:H655Y S:N679K	14	140340	0.0001	23487	23624
T23500C C23525T	S:R646R S:H655Y	14	144624	0.000097	23487	23533
T23487G C23525T	Unknown S:H655Y	14	89471	0.000156	23486	23534
T22896C G22898A T22942G	S:V445A S:G446S S:N460K	14	22990	0.000609	22873	22967
T22291C	S:A243A	14	6200	0.002258	22246	22414
G25534-T G25555-T	NA NA	14	28336	0.000494	25372	25566
G25396A	ORF3a:D2N	14	35441	0.000395	25372	25446
G25297A T25307C	S:K1245K S:S1249P	14	116908	0.00012	25249	25325
G25287-T G25299-C	NA NA	14	116023	0.000121	25268	25307
G25252A	S:V1230V	14	113669	0.000123	25201	25320
G25204A C25262-T	S:W1214* NA	14	91834	0.000152	25122	25318
G25135+A T25191-A	NA NA	14	77813	0.00018	25130	25321
G25130+C C25262-TT	NA NA	14	72796	0.000192	25122	25320
G24947-T	NA	14	36638	0.000382	24938	24955
G24776-A	NA	14	12225	0.001145	24759	24788
G24770A	S:A1070T	14	12187	0.001149	24765	24791
G24737A	S:G1059S	14	11919	0.001175	24702	24788
G24683-AT	NA	14	12270	0.001141	24673	24702
G24558+T	NA	14	100920	0.000139	24551	24564
G24488-T C24517-A	NA NA	14	100621	0.000139	24465	24535
G24474A	S:G971D	14	100776	0.000139	24449	24490
G24445+T	NA	14	100203	0.00014	24426	24455
G24164-A	NA	14	11028	0.001269	24154	24195
G24164+A	NA	14	11028	0.001269	24148	24178
G23782A C23854A	S:M740I S:N764K	14	54663	0.000256	23683	23895
G23499+T C23525T T23599G C23604A	NA S:H655S S:N679* S:P681Y	14	138841	0.000101	23487	23642
G23499+T	NA	14	146243	0.000096	23487	23512
G23292A A23403G	S:R577H S:D614G	14	30434	0.00046	23285	23443
G22813T T22882G A22893C T22917G C22938T	S:K417N S:N440K S:K444T S:L452R S:S459F	14	22206	0.00063	22793	22941
G22813T T22882G A22893C T22917G A22964-T	S:K417N S:N440K S:K444T S:L452R NA	14	20421	0.000686	22808	22967
G22813T T22876-A T22882G A22893C T22917G	S:K417N NA S:N440K S:K444T S:L452R	14	24570	0.00057	22798	22927
G22813T T22868C T22882G G22895C T22896C G22898A T22942G	S:K417N S:W436R S:N440K S:V445P S:V445P S:G446S S:N460K	14	21847	0.000641	22803	22967
G22808A G22813T T22882G T22917G T22942A	S:G416R S:K417N S:N440K S:L452R S:N460K	14	21758	0.000643	22801	22967
G22381-A	NA	14	5870	0.002385	22371	22438
G22302+T	NA	14	6158	0.002273	22246	22311
G21508-A	NA	14	1551	0.009026	21451	21573
C25508T	ORF3a:A39V	14	31158	0.000449	25372	25516
C25490T	ORF3a:A33V	14	32584	0.00043	25372	25566
C25441+A	NA	14	34506	0.000406	25372	25453
C25416T T25550C	ORF3a:F8F ORF3a:L53P	14	28851	0.000485	25372	25566
C25416T T25535C	ORF3a:F8F ORF3a:V48A	14	29142	0.00048	25372	25566
C25416T T25518C	ORF3a:F8F ORF3a:P42P	14	30514	0.000459	25372	25566
C25416T T25474C	ORF3a:F8F ORF3a:F28L	14	33645	0.000416	25372	25552
C25416T T25467C	ORF3a:F8F ORF3a:P25P	14	33819	0.000414	25372	25505
C25416T G25494-A	ORF3a:F8F NA	14	32311	0.000433	25382	25505
C25416T C25549-T	ORF3a:F8F NA	14	28891	0.000485	25372	25566
C25416T C25452-A	ORF3a:F8F NA	14	34196	0.000409	25372	25566
C25416T A25505G	ORF3a:F8F ORF3a:Q38R	14	31461	0.000445	25372	25566
C25416T A25449G	ORF3a:F8F ORF3a:E19E	14	34278	0.000408	25372	25476
C25308+T	NA	14	118194	0.000118	25292	25325
C25300T	S:G1246G	14	117293	0.000119	25290	25323
C25294+G	NA	14	116688	0.00012	25287	25325
C25262-TT T25310C	NA S:C1250R	14	113453	0.000123	25122	25325
C25214+G G25302-T	NA NA	14	99935	0.00014	25207	25325
C25162T	S:L1200L	14	83549	0.000168	25142	25324
C25149T	S:S1196F	14	81862	0.000171	25145	25165
C25000T T25017C	S:D1146D S:L1152S	14	35182	0.000398	24981	25036
C24981-T C25000T T25016C	NA S:D1146D S:L1152L	14	34974	0.0004	24850	25065
C24662+T	NA	14	12335	0.001135	24612	24673
C24517+A	NA	14	101933	0.000137	24412	24552
C24512+T	NA	14	101913	0.000137	24412	24526
C24422-A A24425T C24435-T	NA S:N955Y NA	14	98401	0.000142	24412	24486
C23854A C23865+A	S:N764K NA	14	58021	0.000241	23848	23891
C23854A A23863G	S:N764K S:L767L	14	58175	0.000241	23818	23881
C23844T C23854A	S:T761I S:N764K	14	58212	0.000241	23837	23895
C23816-T C23854A C23887-A	NA S:N764K NA	14	52743	0.000265	23683	23895
C23757T C23854A	S:T732I S:N764K	14	54348	0.000258	23683	23895
C23745-A C23854A	NA S:N764K	14	54224	0.000258	23683	23895
C23733T C23854A	S:T724I S:N764K	14	54080	0.000259	23683	23895
C23615+G	NA	14	143711	0.000097	23606	23642
C23525T T23599G C23604A T23633A	S:H655Y S:N679K S:P681H S:S691T	14	137584	0.000102	23487	23642
C23525T T23599G C23604A G23624+A	S:H655Y S:N679K S:P681H NA	14	140335	0.0001	23488	23642
C23525T T23599G C23604A C23615+G	S:H655Y S:N679K S:P681H NA	14	140476	0.0001	23487	23642
C23525T T23599G C23604A A23631C	S:H655Y S:N679K S:P681H S:Q690P	14	137713	0.000102	23487	23635
C23525T T23599G C23604A A23618T	S:H655Y S:N679K S:P681H S:S686C	14	140452	0.0001	23487	23624
C23525T T23560A T23599G C23604A	S:H655Y S:I666I S:N679K S:P681H	14	140572	0.0001	23487	23637
C23525T G23568-T T23599G C23604A	S:H655Y NA S:N679K S:P681H	14	140572	0.0001	23501	23642
C23525T C23536A T23599G C23604A	S:H655Y S:N658K S:N679K S:P681H	14	140572	0.0001	23487	23624
C23525T A23572T T23599G C23604A	S:H655Y S:I670I S:N679K S:P681H	14	140572	0.0001	23501	23642
C23525T A23566-G T23599G C23604A	S:H655Y NA S:N679K S:P681H	14	140572	0.0001	23487	23642
C23525T A23558C T23599G C23604A	S:H655Y S:I666L S:N679K S:P681H	14	140572	0.0001	23487	23629
C23525T A23544-G T23599G C23604A	S:H655Y NA S:N679K S:P681H	14	140572	0.0001	23487	23624
C23506+T	NA	14	147259	0.000095	23493	23515
C23334T T23335C A23403G	S:S591F S:S591F S:D614G	14	30689	0.000456	23273	23429
C22572-T G22578A G22583-T G22599C C22674T T22679C	NA S:G339D NA S:R346T S:S371F S:S373P	14	756	0.018519	22494	22683
C22314T G22344T	S:P251L S:G261V	14	5872	0.002384	22246	22361
A25470G	ORF3a:S26S	14	33736	0.000415	25372	25504
A25425G	ORF3a:G11G	14	34831	0.000402	25372	25476
A25405-T C25416T	NA ORF3a:F8F	14	35022	0.0004	25381	25566
A25379G C25416T	S:T1273A ORF3a:F8F	14	34766	0.000403	25372	25566
A25325C	Unknown	14	116680	0.00012	25292	25325
A25295C	S:K1245Q	14	116851	0.00012	25284	25325
A25274+T	NA	14	115327	0.000121	25261	25295
A25243-G	NA	14	113125	0.000124	25229	25325
A25134-G	NA	14	80310	0.000174	25122	25158
A25014G	S:E1151G	14	35638	0.000393	25001	25069
A24978G	S:D1139G	14	36257	0.000386	24960	24985
A24917G C25000T	S:N1119D S:D1146D	14	34204	0.000409	24911	25061
A24881+G C24981-T C25000T	NA NA S:D1146S	14	33588	0.000417	24850	25068
A24783G	S:N1074S	14	12251	0.001143	24752	24801
A24774G	S:Q1071R	14	12224	0.001145	24685	24803
A24753G	S:H1064R	14	12042	0.001163	24700	24791
A24614-T	NA	14	12073	0.00116	24612	24648
A24453G T24469A	S:K964R S:N969K	14	99439	0.000141	24412	24564
A24441G	S:N960S	14	100302	0.00014	24412	24564
A24424T T24544-A	S:Q954H NA	14	95373	0.000147	24412	24564
A24424T T24469A T24492-A	S:Q954H S:N969K NA	14	96679	0.000145	24412	24564
A24424T T24469A T24472-G T24491C	S:Q954H S:N969K NA S:L977L	14	96687	0.000145	24413	24564
A24424T T24469A T24471C	S:Q954H S:N969K S:F970S	14	97017	0.000144	24412	24564
A24424T T24469A G24473A	S:Q954H S:N969K S:G971S	14	96996	0.000144	24413	24564
A24424T T24469A C24536-AA A24560G	S:Q954H S:N969K NA S:R1000G	14	94217	0.000149	24412	24564
A24424T T24469A A24556T	S:Q954H S:N969K S:T998T	14	94477	0.000148	24412	24564
A24424T T24469A A24519G	S:Q954H S:N969K S:K986R	14	96042	0.000146	24413	24564
A24424T T24464-C T24470-TTG	S:Q954H NA S:DEL971	14	97018	0.000144	24412	24564
A24424T T24460C T24469A	S:Q954H S:L966L S:N969K	14	97164	0.000144	24412	24564
A24424T T24451+A C24466+A	S:Q954H NA NA	14	97239	0.000144	24413	24482
A24424T G24547A	S:Q954H S:R995R	14	95269	0.000147	24416	24564
A24424T G24546A	S:Q954H S:R995K	14	95289	0.000147	24412	24564
A24424T G24488+T	S:Q954H NA	14	96716	0.000145	24412	24563
A24424T C24555T	S:Q954H S:T998I	14	94877	0.000148	24412	24564
A24424T C24536-AA A24543G	S:Q954H NA S:D994G	14	95402	0.000147	24412	24564
A24424T C24503+T	S:Q954H NA	14	96394	0.000145	24412	24515
A24424T C24477+A	S:Q954H NA	14	96935	0.000144	24412	24493
A24424T C24455+A	S:Q954H NA	14	97788	0.000143	24418	24549
A24424T A24560T	S:Q954H S:R1000*	14	94217	0.000149	24412	24564
A24424T A24468-T T24470A C24536-AA	S:Q954H NA S:F970I NA	14	95557	0.000147	24412	24564
A24424T A24433+C	S:Q954H NA	14	98495	0.000142	24412	24441
A24292G	S:G910G	14	11073	0.001264	24237	24324
A24182G	S:T874A	14	11189	0.001251	24148	24222
A23851G C23854A	S:L763L S:N764K	14	58791	0.000238	23835	23895
A23843G A23853-C	S:T761A NA	14	58145	0.000241	23838	23873
A23767G	S:S735S	14	60801	0.00023	23683	23772
A23756G C23887-A	S:T732A NA	14	51330	0.000273	23684	23895
A23558G T23599G	S:I666V S:N679K	14	141729	0.000099	23542	23612
A23403G G23429A	S:D614G S:A623T	14	30707	0.000456	23284	23443
A23403G C23415T	S:D614G S:T618I	14	31121	0.00045	23269	23443
A23378G A23403G	S:N606D S:D614G	14	31004	0.000452	23269	23434
A23276G C23334-T A23403G	S:T572A NA S:D614G	14	29424	0.000476	23270	23443
A23274G	S:D571G	14	31735	0.000441	23269	23419
A23063T	S:N501Y	14	3279	0.00427	23056	23207
A22948-C	NA	14	26816	0.000522	22936	22967
A22259+T G22317T	NA S:G252L	14	5951	0.002353	22246	22334
A21834-T	NA	14	9717	0.001441	21776	21956
A21817-T T21861-A	NA NA	14	9352	0.001497	21785	21973
A21764-TACATG T21775-G A21875-T	S:DEL69/70 NA NA	14	8281	0.001691	21757	21973
T25554C	ORF3a:A54A	13	28347	0.000459	25372	25566
T25535C	ORF3a:V48A	13	29142	0.000446	25372	25566
T25532C	ORF3a:I47T	13	29242	0.000445	25372	25548
T25496+A	NA	13	32072	0.000405	25372	25504
T25485C	ORF3a:A31A	13	33133	0.000392	25376	25566
T25458C	ORF3a:D22D	13	34049	0.000382	25372	25476
T25322+A	NA	13	117392	0.000111	25303	25325
T25309A	S:S1249S	13	118169	0.00011	25277	25324
T25283+A	NA	13	115901	0.000112	25276	25323
T25228C C25262-T	S:A1222A NA	13	111639	0.000116	25130	25325
T25209G C25262-T	S:I1216S NA	13	96665	0.000134	25122	25325
T25155-C	NA	13	83169	0.000156	25150	25173
T25123C C25262-T	Unknown NA	13	71308	0.000182	25122	25325
T24856C C25000T	S:N1098N S:D1146D	13	32990	0.000394	24850	25065
T24744C	S:V1061A	13	11973	0.001086	24730	24785
T24499+A	NA	13	101642	0.000128	24465	24508
T24469A T24487C	S:N969K S:S975S	13	100189	0.00013	24465	24564
T24469A C24536-A A24538G	S:N969K NA S:Q992Q	13	98784	0.000132	24429	24564
T24469A A24538G	S:N969K S:Q992Q	13	98784	0.000132	24431	24546
T24343-A	NA	13	6421	0.002025	24321	24357
T24309C	S:L916P	13	11013	0.00118	24258	24357
T24295-A	NA	13	11086	0.001173	24156	24304
T24224C	S:F888L	13	10965	0.001186	24148	24317
T24217C	S:G885G	13	10989	0.001183	24148	24255
T24156C	S:L865P	13	10893	0.001193	24148	24319
T23944A G23948T	S:I794I S:D796Y	13	813	0.01599	23941	23951
T23823C	S:L754S	13	59308	0.000219	23690	23839
T23820C	S:L753S	13	59465	0.000219	23683	23847
T23798C	S:S746P	13	59745	0.000218	23683	23842
T23791C	S:C743C	13	59701	0.000218	23779	23829
T23783C	S:Y741H	13	60091	0.000216	23683	23801
T23703-A G23735+A	NA NA	13	61437	0.000212	23683	23747
T23599G T23600C C23604A	S:N679K S:S680P S:P681H	13	142888	0.000091	23487	23634
T23599G C23604A T23637-C	S:N679K S:P681H NA	13	138812	0.000094	23576	23642
T23599G C23604A G23624A	S:N679K S:P681H S:A688T	13	142643	0.000091	23587	23634
T23599G C23604A G23616-T	S:N679K S:P681H NA	13	142775	0.000091	23487	23638
T23511-A	NA	13	147374	0.000088	23487	23520
T23421C	S:V620A	13	31364	0.000414	23285	23424
T23338+G	NA	13	32179	0.000404	23271	23354
T22882G T22896C T22942G	S:N440K S:V445A S:N460K	13	22698	0.000573	22860	22967
T22882G A22893C T22917G C22945-A	S:N440K S:K444T S:L452R NA	13	22256	0.000584	22800	22957
T21886-A	NA	13	9542	0.001362	21814	21970
G25489T	ORF3a:A33S	13	32643	0.000398	25376	25552
G25401-T C25416T	NA ORF3a:F8F	13	35022	0.000371	25372	25566
G25305+A	NA	13	117910	0.00011	25295	25324
G25278-T G25302-T	NA NA	13	115347	0.000113	25268	25324
G25269T	S:C1236F	13	114924	0.000113	25209	25325
G25238+T	NA	13	112883	0.000115	25226	25323
G25238+A	NA	13	112883	0.000115	25219	25325
G24954-A	NA	13	36612	0.000355	24938	24975
G24872+T	NA	13	37781	0.000344	24852	24880
G24530+A	NA	13	101803	0.000128	24509	24564
G24526A	S:E988E	13	101857	0.000128	24412	24564
G24488-T C24503-T	NA NA	13	100965	0.000129	24465	24523
G24269C	S:A903P	13	10883	0.001195	24148	24332
G23879+A C23887-A	NA NA	13	56671	0.000229	23683	23895
G23835-T C23854A C23887-A	NA S:N764K NA	13	53859	0.000241	23699	23895
G23835+T T23850+A C23887-A	NA NA NA	13	53859	0.000241	23683	23895
G23768-T G23835+T	NA NA	13	56389	0.000231	23683	23849
G23522A C23525T	S:E654K S:H655Y	13	146216	0.000089	23487	23532
G23508+T A23515+G T23599G C23604A	NA NA S:N679L S:P681H	13	140086	0.000093	23492	23624
G23504T C23525T T23599G C23604A	S:G648C S:H655Y S:N679K S:P681H	13	139675	0.000093	23487	23634
G23390A A23403G	S:V610I S:D614G	13	31192	0.000417	23269	23443
G23342A	S:G594S	13	32114	0.000405	23269	23396
G22813T T22942A T22963C	S:K417N S:N460K S:D467D	13	20480	0.000635	22793	22967
G22813T T22882G T22917G A22941-T	S:K417N S:N440K S:L452R NA	13	21913	0.000593	22803	22957
G22813T T22882G T22891+A G22895C G22898A	S:K417N S:N440K NA S:V445R S:G446R	13	25618	0.000507	22793	22922
G22813T T22882G G22895C T22896C G22898A T22942G A22964-T	S:K417N S:N440K S:V445P S:V445P S:G446S S:N460K NA	13	20421	0.000637	22796	22967
G22813T T22882G A22893C A22904G T22917G	S:K417N S:N440K S:K444T S:N448D S:L452R	13	24570	0.000529	22793	22966
G22813T T22831+A T22882G A22893C	S:K417N NA S:N440Q S:K444S	13	26558	0.000489	22793	22905
G22813T T22831+A	S:K417N NA	13	27438	0.000474	22793	22841
G22813T A22845-T T22882G G22895C G22898A	S:K417N NA S:N440K S:V445L S:G446S	13	25618	0.000507	22795	22906
G22809-A G22813T T22882G	NA S:K417N S:N440K	13	26808	0.000485	22793	22886
G22346T	S:A262S	13	6113	0.002127	22249	22394
G22309-A	NA	13	6158	0.002111	22256	22446
C25539-G	NA	13	29086	0.000447	25372	25566
C25416T T25461C	ORF3a:F8F ORF3a:A23A	13	33941	0.000383	25381	25510
C25416T T25446C	ORF3a:F8F ORF3a:G18G	13	34385	0.000378	25372	25494
C25416T T25434C	ORF3a:F8F ORF3a:T14T	13	34670	0.000375	25372	25566
C25416T G25483A	ORF3a:F8F ORF3a:A31T	13	33227	0.000391	25384	25538
C25416T A25492G	ORF3a:F8F ORF3a:T34A	13	32417	0.000401	25372	25566
C25267A	S:C1235*	13	114709	0.000113	25255	25324
C25262-TT C25324+A	NA NA	13	112262	0.000116	25130	25325
C25262-T G25313A	NA S:G1251R	13	113398	0.000115	25122	25325
C25262-T A25286G	NA S:S1242G	13	113910	0.000114	25127	25325
C25227T C25262-T	S:A1222V NA	13	111539	0.000117	25130	25325
C25153T	S:L1197L	13	82927	0.000157	25122	25325
C25000T A25056G	S:D1146D S:D1165G	13	34279	0.000379	24952	25069
C25000T A25038G	S:D1146D S:H1159R	13	34568	0.000376	24850	25066
C25000T A25018G	S:D1146D S:L1152L	13	35138	0.00037	24935	25069
C24899-A T24976C C25000T	NA S:Y1138Y S:D1146D	13	33922	0.000383	24853	25008
C24878-A C24899-A C24981-T C25000T	NA NA NA S:D1146D	13	33574	0.000387	24850	25069
C24528T	S:A989V	13	101837	0.000128	24465	24563
C24455-A A24468-T T24470A	NA NA S:F970I	13	99293	0.000131	24412	24507
C24435+G	NA	13	100163	0.00013	24422	24451
C24431-A C24455-A	NA NA	13	99307	0.000131	24412	24494
C24421T A24424T T24469A	S:N953N S:Q954H S:N969K	13	97134	0.000134	24412	24564
C23882+A C23887-A	NA NA	13	56684	0.000229	23699	23895
C23816-T G23835-T	NA NA	13	57682	0.000225	23690	23848
C23705T C23854A	S:P715S S:N764K	13	53726	0.000242	23683	23895
C23575T T23599G C23604A	S:C671C S:N679K S:P681H	13	142384	0.000091	23561	23624
C23530-A T23599G C23604A	NA S:N679K S:P681H	13	140833	0.000092	23498	23637
C23525T T23599G T23617+G	S:H655Y S:N679K NA	13	140458	0.000093	23487	23637
C23525T T23599G C23604A T23626A	S:H655Y S:N679K S:P681H S:A688A	13	138262	0.000094	23487	23642
C23525T T23599G C23604A G23621+C	S:H655Y S:N679K S:P681H NA	13	140434	0.000093	23487	23642
C23525T T23599G C23604A C23609A	S:H655Y S:N679K S:P681H S:R683R	13	140529	0.000093	23501	23642
C23525T T23537A A23594-C T23599G C23604A	S:H655Y S:S659T NA S:N679K S:P681H	13	140572	0.000092	23487	23642
C23525T C23533+T T23599G C23604A	S:H655Y NA S:N679* S:P681Y	13	140572	0.000092	23493	23642
C23525T A23598+G	S:H655Y NA	13	140635	0.000092	23487	23601
C23525T A23594-C T23599G	S:H655Y NA S:N679K	13	140627	0.000092	23487	23641
C23525T A23572+T T23599G C23604A	S:H655Y NA S:N679* S:P681Y	13	140572	0.000092	23487	23642
C23525T A23558G T23599G C23604G	S:H655Y S:I666V S:N679K S:P681R	13	140572	0.000092	23487	23642
C23525T A23558G T23599G C23604A T23617C	S:H655Y S:I666V S:N679K S:P681H S:R685R	13	140458	0.000093	23487	23637
C23525T A23539G C23604A	S:H655Y S:S659S S:P681H	13	140572	0.000092	23487	23642
C23381T A23403G	S:Q607* S:D614G	13	31042	0.000419	23296	23443
C23334-T T23377+A	NA NA	13	31303	0.000415	23270	23423
C23334-T G23420-T	NA NA	13	30293	0.000429	23270	23443
C23304T A23403G	S:T581I S:D614G	13	30637	0.000424	23296	23443
C23291-G	NA	13	32829	0.000396	23269	23308
C22950-T	NA	13	26782	0.000485	22942	22967
C22938T T22942A	S:S459F S:N460K	13	26813	0.000485	22933	22967
C22802+A G22813T T22882G A22893C T22917G T22942A	NA S:K417N S:N440Q S:K444S S:L452R S:N460*	13	21642	0.000601	22793	22967
C22088+T C22120-A	NA NA	13	4078	0.003188	22025	22192
A25495G	ORF3a:I35V	13	32222	0.000403	25372	25566
A25472G	ORF3a:D27G	13	33689	0.000386	25372	25552
A25453G G25555-T	ORF3a:K21E NA	13	28336	0.000459	25372	25566
A25397-T G25555-T	NA NA	13	28336	0.000459	25372	25566
A25393+T	NA	13	35473	0.000366	25382	25403
A25384G C25416T	S:*1274* ORF3a:F8F	13	34996	0.000371	25372	25552
A25277+T	NA	13	115553	0.000113	25262	25325
A25274T	S:T1238S	13	115327	0.000113	25222	25325
A25216G	S:L1218L	13	104674	0.000124	25199	25258
A25182+G	NA	13	84552	0.000154	25122	25195
A25146T	S:E1195V	13	81676	0.000159	25130	25163
A25137-T C25169-T	NA NA	13	79581	0.000163	25122	25179
A24922-T T24976C C25000T	NA S:Y1138Y S:D1146D	13	34258	0.000379	24850	25046
A24918G C25000T	S:N1119S S:D1146D	13	34209	0.00038	24909	25069
A24905G	S:I1115V	13	37040	0.000351	24850	24920
A24900G C25000T	S:Q1113R S:D1146D	13	33955	0.000383	24853	25069
A24885-T C24899-A C24981-T C25000T	NA NA NA S:D1146D	13	33614	0.000387	24850	25069
A24494G	S:N978D	13	101543	0.000128	24473	24564
A24479G	S:I973V	13	100958	0.000129	24465	24564
A24461G	S:S967G	13	99843	0.00013	24412	24564
A24432G T24469A	S:Q957R S:N969K	13	98690	0.000132	24428	24563
A24424T T24469A C24555T	S:Q954H S:N969K S:T998I	13	94877	0.000137	24412	24564
A24424T T24469A C24536-AA A24543G	S:Q954H S:N969K NA S:D994G	13	95402	0.000136	24412	24562
A24424T T24469A C24512T	S:Q954H S:N969K S:L984F	13	96191	0.000135	24412	24564
A24424T T24469A A24493G	S:Q954H S:N969K S:L977L	13	96655	0.000134	24412	24561
A24424T T24469A A24484G	S:Q954H S:N969K S:S974S	13	96783	0.000134	24412	24564
A24424T T24448C T24469A T24472-G	S:Q954H S:L962L S:N969K NA	13	97010	0.000134	24412	24564
A24424T G24558+T	S:Q954H NA	13	94372	0.000138	24420	24564
A24424T G24488A	S:Q954H S:V976I	13	96716	0.000134	24412	24564
A24424T C24517+A	S:Q954H NA	13	96086	0.000135	24412	24559
A24424T C24503-T C24517-A	S:Q954H NA NA	13	96086	0.000135	24414	24564
A24424T C24483+A	S:Q954H NA	13	96832	0.000134	24412	24549
A24424T A24439G	S:Q954H S:L959L	13	98315	0.000132	24412	24564
A24335G	S:N925D	13	6798	0.001912	24314	24354
A24032G	S:N824D	13	2207	0.00589	24024	24106
A23999G	S:S813G	13	2087	0.006229	23984	24106
A23890G	S:K776K	13	55975	0.000232	23863	23895
A23888G	S:K776E	13	56549	0.00023	23863	23891
A23870+G	NA	13	58667	0.000222	23862	23882
A23848+T	NA	13	58988	0.00022	23683	23861
A23810G	S:S750G	13	59595	0.000218	23690	23818
A23786+T T23850+A C23887-A	NA NA NA	13	51722	0.000251	23683	23895
A23729G	S:T723A	13	62272	0.000209	23699	23737
A23712-TT	NA	13	62984	0.000206	23693	23725
A23712+T C23758+A	NA NA	13	60481	0.000215	23683	23789
A23690G C23854A	S:N710D S:N764K	13	52787	0.000246	23683	23895
A23688G C23854A	S:N709S S:N764K	13	52746	0.000246	23683	23895
A23592G T23599G C23604A	S:Q677R S:N679K S:P681H	13	142778	0.000091	23487	23642
A23515+G C23525T T23599G	NA S:H655S S:N679*	13	140434	0.000093	23486	23637
A23515+G C23525T C23604A	NA S:H655S S:P681Y	13	140379	0.000093	23486	23639
A23366G	S:T602A	13	31755	0.000409	23285	23394
A23326G	S:T588T	13	32285	0.000403	23273	23337
A23321+T A23403G	NA S:D614G	13	30668	0.000424	23269	23443
A23312G	S:I584V	13	32583	0.000399	23285	23392
A23310G	S:E583G	13	32620	0.000399	23282	23313
A23303G	S:T581A	13	32788	0.000396	23285	23427
A23299+C	NA	13	32882	0.000395	23269	23311
A23295+T	NA	13	32793	0.000396	23285	23303
A23013C T23019C T23031C T23075C	S:E484A S:F486S S:F490S S:Y505H	13	2593	0.005013	23008	23224
A23013C T23018G C23029-T A23055G A23063T T23075C	S:E484A S:F486V NA S:Q498R S:N501Y S:Y505H	13	2593	0.005013	23009	23098
A22914-C	NA	13	27311	0.000476	22907	22942
A21764-TACATG G21786A C21962-A	S:DEL69/70 S:G75D NA	13	8101	0.001605	21757	21973
T25551C	ORF3a:L53L	12	28844	0.000416	25372	25566
T25547C	ORF3a:L52P	12	28912	0.000415	25372	25566
T25541C G25555-T	ORF3a:V50A NA	12	28336	0.000423	25372	25566
T25525C	ORF3a:W45R	12	29710	0.000404	25372	25566
T25464+C	NA	12	33864	0.000354	25372	25487
T25461C	ORF3a:A23A	12	33941	0.000354	25372	25485
T25446C	ORF3a:G18G	12	34385	0.000349	25372	25490
T25406C	ORF3a:M5T	12	35282	0.00034	25372	25566
T25400C	ORF3a:L3S	12	35399	0.000339	25372	25466
T25399C	ORF3a:L3L	12	35406	0.000339	25372	25474
T25382-A C25416T	NA ORF3a:F8F	12	34893	0.000344	25372	25432
T25312-G	NA	12	118341	0.000101	25297	25325
T25310+G	NA	12	118274	0.000101	25301	25324
T25309G	S:S1249S	12	118169	0.000102	25263	25325
T25245C C25262-T	S:V1228A NA	12	112834	0.000106	25206	25325
T25187C C25262-T	S:Y1209H NA	12	83106	0.000144	25122	25325
T25170C C25262-T	S:L1203P NA	12	80161	0.00015	25130	25272
T25161C C25262-TT	S:L1200P NA	12	79485	0.000151	25130	25325
T25152C C25262-TT	S:L1197P NA	12	78563	0.000153	25122	25325
T24940C C24981-T C25000T	S:C1126C NA S:D1146D	12	34523	0.000348	24850	25020
T24927C C24981-T C25000T	S:V1122A NA S:D1146D	12	34326	0.00035	24850	25017
T24925C C25000T	S:F1121F S:D1146D	12	34294	0.00035	24902	25069
T24873C C24981-T C25000T	S:V1104A NA S:D1146D	12	33535	0.000358	24850	25064
T24873+A C24981-T C25000T	NA NA S:D1146S	12	33535	0.000358	24850	25020
T24711C	S:M1050T	12	11818	0.001015	24694	24791
T24691C	S:C1043C	12	12183	0.000985	24685	24788
T24664C C24672-A	S:L1034L NA	12	12209	0.000983	24612	24685
T24664C	S:L1034L	12	12331	0.000973	24626	24681
T24631C	S:N1023N	12	12480	0.000962	24612	24647
T24564C	Unknown	12	100504	0.000119	24504	24564
T24469A T24480C	S:N969K S:I973T	12	100350	0.00012	24412	24564
T24469A A24545G	S:N969K S:R995G	12	98606	0.000122	24412	24554
T24469A A24531G	S:N969K S:E990G	12	99001	0.000121	24465	24564
T24175C	S:A871A	12	11226	0.001069	24154	24225
T23871+A C23887-A	NA NA	12	56591	0.000212	23683	23895
T23838C C23854A	S:F759S S:N764K	12	57624	0.000208	23828	23886
T23820C C23854A	S:L753S S:N764K	12	55972	0.000214	23683	23895
T23783C C23887-A	S:Y741H NA	12	51665	0.000232	23683	23895
T23748C C23887-A	S:V729A NA	12	51244	0.000234	23699	23895
T23728-A	NA	12	62287	0.000193	23683	23736
T23703-A C23778T C23887-A	NA S:T739I NA	12	50682	0.000237	23683	23894
T23693C C23887-A	S:S711P NA	12	49982	0.00024	23683	23895
T23689-A C23709-A	NA NA	12	61746	0.000194	23683	23722
T23599G C23604A T23633C	S:N679K S:P681H S:S691P	12	139817	0.000086	23487	23642
T23599G C23604A G23612A	S:N679K S:P681H S:A684T	12	142829	0.000084	23580	23633
T23599G C23604A A23623G	S:N679K S:P681H S:V687V	12	142705	0.000084	23590	23642
T23510C C23525T A23558G T23599G C23604A	S:L650L S:H655Y S:I666V S:N679K S:P681H	12	140286	0.000086	23487	23642
T23509C C23525T A23558G T23599G C23604A	S:C649C S:H655Y S:I666V S:N679K S:P681H	12	140263	0.000086	23487	23641
T23500C T23599G C23604A	S:R646R S:N679K S:P681H	12	139000	0.000086	23487	23621
T23500+C	NA	12	146380	0.000082	23487	23511
T23394C	S:L611P	12	31528	0.000381	23284	23420
T23316C A23403G	S:L585P S:D614G	12	30664	0.000391	23269	23429
T23308-G	NA	12	32666	0.000367	23270	23316
T23307C C23334-T	S:L582P NA	12	32117	0.000374	23285	23356
T22882G T22896C	S:N440K S:V445A	12	26505	0.000453	22851	22941
T22291C G22317T	S:A243A S:G252V	12	6018	0.001994	22246	22373
T22261+A	NA	12	6225	0.001928	22252	22288
G25456+A	NA	12	34078	0.000352	25372	25464
G25287+C	NA	12	116193	0.000103	25280	25325
G25278-T T25304C	NA S:C1248R	12	115328	0.000104	25122	25325
G25273-A	NA	12	115261	0.000104	25248	25323
G25252A C25262-T	S:V1230V NA	12	113421	0.000106	25122	25291
G25218A	S:G1219D	12	107747	0.000111	25202	25325
G25186-T	NA	12	85081	0.000141	25174	25200
G25033-A	NA	12	35298	0.00034	25014	25061
G24985+T C25000T	NA S:D1146S	12	35556	0.000337	24977	25069
G24868-T C24981-T C25000T	NA NA S:D1146D	12	33388	0.000359	24850	25069
G24445A	S:T961T	12	100203	0.00012	24428	24524
G24428+A	NA	12	99085	0.000121	24412	24465
G24416A A24424T	S:V952I S:Q954H	12	98141	0.000122	24412	24564
G24415A A24424T T24469A	S:V951V S:Q954H S:N969K	12	96350	0.000125	24412	24564
G24413A A24424T	S:V951M S:Q954H	12	96991	0.000124	24412	24564
G24301+A	NA	12	11091	0.001082	24164	24310
G23587C T23599G C23604A C23638T	S:Q675H S:N679K S:P681H S:I692I	12	138532	0.000087	23487	23642
G23522-A C23525T C23604A	NA S:H655Y S:P681H	12	140562	0.000085	23499	23642
G23508+T C23525T A23558-T T23599G C23604A	NA S:H655S NA S:N679* S:P681Y	12	140086	0.000086	23486	23641
G23420-T	NA	12	31401	0.000382	23285	23432
G23292+T	NA	12	32826	0.000366	23285	23300
G22813T T22942A C22950-T	S:K417N S:N460K NA	12	21242	0.000565	22793	22966
G22813T T22882G G22895C T22896C G22898A T22942G A22964G	S:K417N S:N440K S:V445P S:V445P S:G446S S:N460K S:I468V	12	20421	0.000588	22793	22967
G22813T T22882G A22893C A22904G T22917G T22942A	S:K417N S:N440K S:K444T S:N448D S:L452R S:N460K	12	21847	0.000549	22798	22967
G22813T G22898A T22942G	S:K417N S:G446S S:N460K	12	21847	0.000549	22801	22945
G22813T C22818-T T22882G T22942A	S:K417N NA S:N440K S:N460K	12	21847	0.000549	22800	22949
G22813T A22814+T	S:K417N NA	12	27601	0.000435	22793	22829
G22809-A G22813T T22882G G22895C G22898A	NA S:K417N S:N440K S:V445L S:G446S	12	25568	0.000469	22793	22906
G22317T T22327C	S:G252V S:S255S	12	6021	0.001993	22256	22379
G22302+T G22317T	NA S:G252L	12	6037	0.001988	22246	22369
G22051+A	NA	12	4262	0.002816	22026	22066
C25504-A	NA	12	31575	0.00038	25376	25518
C25416T T25558C	ORF3a:F8F ORF3a:F56L	12	28304	0.000424	25372	25566
C25416T T25458C	ORF3a:F8F ORF3a:D22D	12	34049	0.000352	25372	25480
C25416T A25562+T	ORF3a:F8F NA	12	28084	0.000427	25372	25566
C25416T A25495G	ORF3a:F8F ORF3a:I35V	12	32222	0.000372	25372	25566
C25416T A25491G	ORF3a:F8F ORF3a:A33A	12	32505	0.000369	25372	25566
C25318A	S:S1252S	12	117996	0.000102	25294	25325
C25300+T	NA	12	117293	0.000102	25282	25325
C25282A	S:C1240*	12	115869	0.000104	25209	25325
C25276-A G25302-T	NA NA	12	115150	0.000104	25266	25325
C25262-T T25322C	NA S:C1254R	12	112352	0.000107	25122	25325
C25254+G	NA	12	113762	0.000105	25225	25325
C25207G A25216-G	S:Y1215* NA	12	94264	0.000127	25192	25325
C25169-T T25191-A C25262-TT	NA NA NA	12	80071	0.00015	25122	25316
C25169+T	NA	12	83599	0.000144	25129	25179
C25153-A	NA	12	82927	0.000145	25135	25161
C25132+A A25137+T	NA NA	12	79990	0.00015	25122	25153
C25131T C25262-T	S:A1190V NA	12	75372	0.000159	25122	25323
C25000T T25004C	S:D1146D S:F1148L	12	35628	0.000337	24910	25065
C25000T G25049-A	S:D1146D NA	12	34363	0.000349	24990	25069
C25000T A25067G	S:D1146D S:I1169V	12	33403	0.000359	24850	25069
C25000T A25050G	S:D1146D S:D1163G	12	34355	0.000349	24857	25069
C25000T A25035G	S:D1146D S:N1158S	12	34614	0.000347	24970	25069
C25000T A25008G	S:D1146D S:K1149R	12	35524	0.000338	24850	25016
C24899A C25000T C25047T	S:Q1113K S:D1146D S:P1162L	12	32605	0.000368	24872	25069
C24878+A C24981-T C25000T	NA NA S:D1146S	12	33574	0.000357	24850	25013
C24852+A	NA	12	36982	0.000324	24850	24864
C24752T	S:H1064Y	12	12028	0.000998	24723	24788
C24672-A G24690T	NA S:C1043F	12	10521	0.001141	24612	24698
C24672-A C24773-A	NA NA	12	9166	0.001309	24612	24806
C24672-A A24742T	NA S:V1060V	12	9228	0.0013	24612	24794
C24421T A24424T	S:N953N S:Q954H	12	98618	0.000122	24412	24482
C24223T A24253-T	S:T887T NA	12	10734	0.001118	24161	24317
C23887-A A23894G	NA Unknown	12	51780	0.000232	23683	23895
C23859-T	NA	12	58696	0.000204	23794	23873
C23854A G23867A	S:N764K S:G769R	12	57938	0.000207	23683	23895
C23854A C23887T	S:N764K S:D775D	12	55719	0.000215	23762	23895
C23854A C23882-A	S:N764K NA	12	56709	0.000212	23838	23890
C23816-TT A23853-C	NA NA	12	55846	0.000215	23799	23878
C23802T C23854A	S:T747I S:N764K	12	55423	0.000217	23699	23890
C23709-A G23768-T	NA NA	12	60119	0.0002	23683	23777
C23700T	S:A713V	12	63392	0.000189	23683	23732
C23604A A23639-T	S:P681H NA	12	136677	0.000088	23599	23642
C23525T T23599G C23615+G	S:H655Y S:N679K NA	12	140476	0.000085	23508	23642
C23525T T23599G C23604A G23628-T	S:H655Y S:N679K S:P681H NA	12	138085	0.000087	23487	23637
C23525T T23599G C23604A G23611T	S:H655Y S:N679K S:P681H S:R683R	12	140516	0.000085	23498	23642
C23525T T23599G C23604A G23610T	S:H655Y S:N679K S:P681H S:R683L	12	140517	0.000085	23514	23642
C23525T T23599G C23604A C23606A	S:H655Y S:N679K S:P681H S:R682R	12	140544	0.000085	23505	23637
C23525T T23599G C23604A A23614T	S:H655Y S:N679K S:P681H S:A684A	12	140485	0.000085	23487	23642
C23525T T23548C T23599G	S:H655Y S:C662C S:N679K	12	140627	0.000085	23502	23642
C23525T T23542G T23599G C23604A	S:H655Y S:Y660* S:N679K S:P681H	12	140572	0.000085	23487	23622
C23525T T23529C T23599G	S:H655Y S:V656A S:N679K	12	140627	0.000085	23487	23622
C23525T T23529+C	S:H655Y NA	12	145719	0.000082	23493	23537
C23525T T23527A T23599G C23604A	S:H655* S:H655* S:N679K S:P681H	12	140572	0.000085	23501	23641
C23525T G23587T C23595T T23599G C23604A T23637C	S:H655Y S:Q675H S:T678I S:N679K S:P681H S:I692T	12	136625	0.000088	23487	23641
C23525T G23528+T T23599G C23604A	S:H655Y NA S:N679* S:P681Y	12	140572	0.000085	23507	23642
C23525T C23604A T23637-C	S:H655Y S:P681H NA	12	136625	0.000088	23487	23642
C23525T C23604A T23617+G	S:H655Y S:P681H NA	12	140458	0.000085	23487	23637
C23525T C23604A C23625T	S:H655Y S:P681H S:A688V	12	140314	0.000086	23487	23642
C23525T C23595T T23599G	S:H655Y S:T678I S:N679K	12	140627	0.000085	23487	23642
C23525T C23556-CA T23559A T23599G C23604A	S:H655Y NA S:I666N S:N679K S:P681H	12	140572	0.000085	23501	23642
C23525T C23533-A A23558-T T23599G C23604A	S:H655Y NA NA S:N679K S:P681H	12	140572	0.000085	23487	23624
C23525T C23533+A T23599G C23604A	S:H655Y NA S:N679* S:P681Y	12	140572	0.000085	23487	23624
C23525T C23530+A	S:H655Y NA	12	145680	0.000082	23487	23541
C23525T A23588+T T23599G C23604A	S:H655Y NA S:N679* S:P681Y	12	140572	0.000085	23487	23642
C23525T A23566G T23599G C23604A G23616A	S:H655Y S:A668A S:N679K S:P681H S:R685H	12	140464	0.000085	23487	23642
C23525T A23552C T23599G C23604A	S:H655Y S:I664L S:N679K S:P681H	12	140572	0.000085	23487	23624
C23525T A23550G T23599G	S:H655Y S:D663G S:N679K	12	140627	0.000085	23487	23626
C23525T A23544C T23599G C23604A	S:H655Y S:E661A S:N679K S:P681H	12	140572	0.000085	23487	23642
C23525T A23534T T23599G C23604A	S:H655Y S:N658Y S:N679K S:P681H	12	140572	0.000085	23501	23624
C23525T A23531C T23599G C23604A	S:H655Y S:N657H S:N679K S:P681H	12	140572	0.000085	23487	23642
C23502A C23525T T23599G C23604A	S:A647E S:H655Y S:N679K S:P681H	12	139562	0.000086	23487	23642
C23502+A C23525T T23599G C23604A	NA S:H655S S:N679* S:P681Y	12	139562	0.000086	23487	23642
C23502+A	NA	12	146918	0.000082	23487	23519
C23498-G C23525T T23599G C23604A	NA S:H655Y S:N679K S:P681H	12	138735	0.000086	23487	23624
C23492-A T23599G C23604A	NA S:N679K S:P681H	12	137899	0.000087	23488	23641
C23492-A C23502T C23525T T23599G C23604A	NA S:A647V S:H655Y S:N679K S:P681H	12	137899	0.000087	23487	23641
C23423T	S:P621S	12	31370	0.000383	23410	23431
C23361T A23403G	S:P600L S:D614G	12	30853	0.000389	23269	23441
C23334-T T23371C	NA S:N603N	12	31434	0.000382	23285	23394
C23334-T T23355-A	NA NA	12	31831	0.000377	23282	23367
C23334-T C23430T	NA S:A623V	12	29944	0.000401	23269	23443
C23334-T C23423T	NA S:P621S	12	30181	0.000398	23285	23443
C22572-T G22578A G22599C C22674T T22679C	NA S:G339D S:R346T S:S371F S:S373P	12	756	0.015873	22494	22683
C22295A G22332A	S:H245N S:G257D	12	5874	0.002043	22246	22414
A25524-T	NA	12	29793	0.000403	25372	25537
A25420G	ORF3a:I10V	12	34941	0.000343	25372	25478
A25405+T	NA	12	35312	0.00034	25377	25419
A25385G C25416T	S:T1275A ORF3a:F8F	12	35022	0.000343	25372	25566
A25374G	S:H1271R	12	34988	0.000343	25372	25393
A25325T	Unknown	12	116680	0.000103	25303	25325
A25246G C25262-T	S:V1228V NA	12	112905	0.000106	25130	25325
A25241C	S:I1227L	12	113021	0.000106	25211	25325
A25225G C25262-T	S:I1221M NA	12	111157	0.000108	25122	25288
A25194-AT G25197T C25262-TT	NA S:W1212L NA	12	87184	0.000138	25122	25325
A25190G C25262-T	S:I1210V NA	12	84056	0.000143	25130	25325
A25188G C25262-T	S:Y1209C NA	12	83304	0.000144	25130	25325
A25158+T	NA	12	83356	0.000144	25130	25168
A25154T	S:I1198F	12	83001	0.000145	25122	25161
A25134+G	NA	12	80310	0.000149	25130	25151
A25125G C25262-T	S:E1188G NA	12	71891	0.000167	25122	25325
A25034G	S:N1158D	12	35300	0.00034	25005	25069
A24993G C25000T	S:E1144G S:D1146D	12	35687	0.000336	24953	25055
A24935G C25000T	S:N1125D S:D1146D	12	34457	0.000348	24853	25069
A24922G C25000T	S:T1120T S:D1146D	12	34258	0.00035	24907	25069
A24881G G24883A A24885T	S:R1107G S:R1107G S:N1108I	12	37444	0.00032	24850	24895
A24881+G	NA	12	37615	0.000319	24867	24892
A24855G	S:N1098S	12	37447	0.00032	24850	24893
A24855+T	NA	12	37447	0.00032	24850	24864
A24684T T24689G G24690T	S:D1041V S:C1043V S:C1043V	12	11385	0.001054	24635	24699
A24667G	S:G1035G	12	12318	0.000974	24612	24683
A24654-GT C24672-A	NA NA	12	12149	0.000988	24620	24806
A24519G	S:K986R	12	101972	0.000118	24509	24564
A24443G T24469A	S:T961A S:N969K	12	99136	0.000121	24427	24564
A24426G	S:N955S	12	98880	0.000121	24412	24441
A24424T T24470C	S:Q954H S:F970L	12	97018	0.000124	24412	24564
A24424T T24469A T24492C	S:Q954H S:N969K S:L977S	12	96679	0.000124	24412	24564
A24424T T24469A T24472-G A24543G	S:Q954H S:N969K NA S:D994G	12	95402	0.000126	24412	24564
A24424T T24438+A C24466+A	S:Q954H NA NA	12	97239	0.000123	24412	24485
A24424T G24488-T C24503-T	S:Q954H NA NA	12	96394	0.000124	24412	24564
A24424T G24462A T24469A	S:Q954H S:S967N S:N969K	12	97164	0.000124	24412	24564
A24424T G24462A	S:Q954H S:S967N	12	97369	0.000123	24412	24562
A24424T G24434A T24469A	S:Q954H S:A958T S:N969K	12	97164	0.000124	24412	24564
A24424T G24428+C	S:Q954H NA	12	98541	0.000122	24412	24440
A24424T C24512T	S:Q954H S:L984F	12	96191	0.000125	24413	24564
A24424T A24440G T24469A T24511C	S:Q954H S:N960D S:N969K S:R983R	12	96213	0.000125	24412	24564
A24420G	S:N953S	12	98599	0.000122	24412	24564
A24282G	S:N907S	12	11005	0.00109	24148	24305
A24253-T C24320-AA	NA NA	12	9750	0.001231	24148	24344
A24253-T C24263-A	NA NA	12	10759	0.001115	24164	24279
A24253-T A24287+T	NA NA	12	10607	0.001131	24148	24312
A23894G	Unknown	12	51781	0.000232	23842	23895
A23881+T	NA	12	57730	0.000208	23871	23891
A23870G	S:I770V	12	58667	0.000205	23859	23882
A23848-T C23854A	NA S:N764K	12	58527	0.000205	23841	23895
A23827G	S:Q755Q	12	59229	0.000203	23811	23849
A23814G C23854A	S:N751S S:N764K	12	55746	0.000215	23785	23895
A23800G C23887-A	S:S746S NA	12	52335	0.000229	23690	23895
A23786-T C23799-A C23854A	NA NA S:N764K	12	54744	0.000219	23683	23881
A23779G	S:T739T	12	60267	0.000199	23683	23827
A23764-T	NA	12	60869	0.000197	23691	23777
A23760G	S:K733R	12	60970	0.000197	23683	23836
A23759G	S:K733E	12	60991	0.000197	23740	23871
A23732G	S:T724A	12	62071	0.000193	23683	23738
A23720+T C23887-A	NA NA	12	50920	0.000236	23699	23895
A23712-T G23768-T	NA NA	12	60150	0.0002	23683	23820
A23712+T G23768-T C23887-A	NA NA NA	12	50842	0.000236	23683	23895
A23710G C23854A	S:T716T S:N764K	12	53844	0.000223	23683	23895
A23704G	S:I714M	12	63332	0.000189	23684	23718
A23598+G C23604A	NA S:P681Y	12	142869	0.000084	23556	23638
A23588G T23599G C23604A	S:T676A S:N679K S:P681H	12	142710	0.000084	23572	23642
A23558-T	NA	12	143585	0.000084	23530	23567
A23554+C T23599G C23604A	NA S:N679* S:P681Y	12	141545	0.000085	23487	23638
A23523T C23525T T23599G C23604A	S:E654V S:H655Y S:N679K S:P681H	12	140565	0.000085	23487	23642
A23515C C23525T T23599G C23604A	S:I651I S:H655Y S:N679K S:P681H	12	140379	0.000085	23501	23642
A23515+G C23525T T23599G C23604A C23609+G	NA S:H655S S:N679* S:P681Y NA	12	140336	0.000086	23493	23640
A23403G T23443C	S:D614G S:D627D	12	29498	0.000407	23269	23443
A23403G T23407C	S:D614G S:V615V	12	31327	0.000383	23273	23434
A23403G G23438A	S:D614G S:A626T	12	29836	0.000402	23335	23443
A23382C A23403G	S:Q607P S:D614G	12	31064	0.000386	23269	23443
A23326G C23334-T A23403G	S:T588T NA S:D614G	12	30676	0.000391	23285	23430
A23319G C23334-T A23403G	S:D586G NA S:D614G	12	30665	0.000391	23269	23443
A23299G C23334-T A23403G	S:P579P NA S:D614G	12	30628	0.000392	23269	23423
A23013C T23031C A23055G A23063T T23075C	S:E484A S:F490S S:Q498R S:N501Y S:Y505H	12	2593	0.004628	23008	23196
A23013C T23018C T23019C T23031C T23075C	S:E484A S:F486P S:F486P S:F490S S:Y505H	12	2593	0.004628	23008	23113
A22798+G G22813T T22882G G22895C T22896C G22898A T22942G	NA S:K417N S:N440Q S:V445P S:V445P S:G446R S:N460*	12	21367	0.000562	22793	22967
A22798+G G22813T T22882G	NA S:K417N S:N440Q	12	26309	0.000456	22793	22888
A21794G A21817-T	S:R78G NA	12	9639	0.001245	21757	21837
A21764-TACATG G21874A	S:DEL69/70 S:W104*	12	8282	0.001449	21757	21958
A21764-TACATG G21786A A21817-T A21834-T	S:DEL69/70 S:G75D NA NA	12	8600	0.001395	21757	21973
A21764-TACATG C21781-A T21934-A	S:DEL69/70 NA NA	12	8209	0.001462	21757	21957
A21764-TACATG A21817-T A21957T	S:DEL69/70 NA S:E132V	12	8158	0.001471	21757	21961
T25550C	ORF3a:L53P	11	28851	0.000381	25372	25566
T25548-C	NA	11	28897	0.000381	25372	25566
T25434C G25555-T	ORF3a:T14T NA	11	28336	0.000388	25372	25566
T25404C C25416T	ORF3a:F4F ORF3a:F8F	11	35022	0.000314	25372	25566
T25394+G	NA	11	35464	0.00031	25372	25404
T25316+A	NA	11	118348	0.000093	25308	25324
T25301C G25302-T	S:C1247R NA	11	117391	0.000094	25266	25325
T25301+A	NA	11	117400	0.000094	25294	25323
T25291A	S:C1243*	11	116505	0.000094	25272	25323
T25291+A	NA	11	116505	0.000094	25284	25325
T25265G G25266C C25267G	S:C1235A S:C1235A S:C1235A	11	114510	0.000096	25130	25324
T25265A	S:C1235S	11	114631	0.000096	25207	25270
T25257C C25262-T	S:I1232T NA	11	113865	0.000097	25131	25325
T25248C C25262-T	S:M1229T NA	11	113011	0.000097	25127	25323
T25242C C25262-T	S:I1227T NA	11	112642	0.000098	25122	25291
T25237A	S:I1225I	11	112851	0.000097	25208	25325
T25232C C25262-T	S:L1224L NA	11	112014	0.000098	25129	25325
T25224C C25262-T	S:I1221T NA	11	110964	0.000099	25122	25325
T25191-A C25262-T T25293C	NA NA S:L1244P	11	85629	0.000128	25130	25299
T25180C C25262-T	S:Y1206Y NA	11	81015	0.000136	25122	25325
T25171-G A25176G	NA S:K1205R	11	83359	0.000132	25130	25325
T25155C C25262-TT	S:I1198T NA	11	78937	0.000139	25130	25317
T25138C	S:N1192N	11	80732	0.000136	25126	25325
T25129C C25262-T	S:V1189V NA	11	72577	0.000152	25122	25325
T25053C	S:V1164A	11	35180	0.000313	25009	25069
T24983C C25000T	S:L1141L S:D1146D	11	35530	0.00031	24891	25069
T24979C C25000T	S:D1139D S:D1146D	11	35454	0.00031	24850	25069
T24871C	S:F1103F	11	37811	0.000291	24850	24878
T24866+G C25000T	NA S:D1146S	11	33330	0.00033	24852	25010
T24785C	S:F1075L	11	12250	0.000898	24720	24802
T24760C	S:T1066T	11	12105	0.000909	24731	24788
T24716C	S:F1052L	11	11785	0.000933	24684	24788
T24713C	S:S1051P	11	11806	0.000932	24699	24789
T24522C	S:V987A	11	101885	0.000108	24495	24564
T24481C	S:I973I	11	101095	0.000109	24470	24564
T24469G	S:N969K	11	100656	0.000109	24428	24491
T24469A T24548C	S:N969K S:L996L	11	98467	0.000112	24412	24564
T24469A T24523C	S:N969K S:V987V	11	99211	0.000111	24465	24564
T24469A T24492-A	S:N969K NA	11	100115	0.00011	24428	24564
T24469A C24536+G	S:N969K NA	11	98841	0.000111	24435	24564
T24469A A24562G	S:N969K S:R1000R	11	97312	0.000113	24443	24564
T24469A A24519G	S:N969K S:K986R	11	99370	0.000111	24412	24564
T24469A A24485G	S:N969K S:S975G	11	100223	0.00011	24434	24564
T24469A A24479+T	S:N969K NA	11	100361	0.00011	24428	24492
T24438-A	NA	11	100252	0.00011	24424	24449
T24414+G A24424T	NA S:Q954P	11	97728	0.000113	24412	24436
T24307C	S:V915V	11	11037	0.000997	24154	24322
T24306C	S:V915A	11	11046	0.000996	24148	24323
T24242C	S:L894L	11	10897	0.001009	24212	24323
T24238C	S:A892A	11	10898	0.001009	24148	24310
T24212C	S:S884P	11	11019	0.000998	24148	24318
T24184C	S:T874T	11	11186	0.000983	24161	24200
T23877C C23887-A	S:V772A NA	11	56667	0.000194	23705	23895
T23877C	S:V772A	11	57948	0.00019	23845	23890
T23830C	S:Y756Y	11	58964	0.000187	23825	23853
T23828C	S:Y756H	11	59212	0.000186	23683	23842
T23818C C23887-A	S:L752L NA	11	52856	0.000208	23683	23895
T23781C C23887-A	S:M740T NA	11	51634	0.000213	23683	23895
T23781C	S:M740T	11	60192	0.000183	23683	23881
T23769C	S:V736A	11	60774	0.000181	23683	23830
T23765C C23887-A	S:S735P NA	11	51405	0.000214	23683	23895
T23754C C23887-A	S:M731T NA	11	51301	0.000214	23683	23895
T23698C C23887-A	S:I712I NA	11	50129	0.000219	23683	23895
T23599G C23604A T23626C	S:N679K S:P681H S:A688A	11	140527	0.000078	23585	23637
T23599G C23604A G23610A	S:N679K S:P681H S:R683Q	11	142832	0.000077	23551	23642
T23599G C23604A A23631G	S:N679K S:P681H S:Q690R	11	139963	0.000079	23487	23642
T23582C T23599G C23604A	S:Y674H S:N679K S:P681H	11	142579	0.000077	23570	23641
T23571C T23599G C23604A	S:I670T S:N679K S:P681H	11	142206	0.000077	23530	23642
T23569C T23599G C23604A	S:G669G S:N679K S:P681H	11	142142	0.000077	23562	23629
T23563C T23599G C23604A	S:G667G S:N679K S:P681H	11	141929	0.000078	23544	23637
T23542-G T23599G C23604A	NA S:N679K S:P681H	11	141175	0.000078	23487	23639
T23521+G C23525T T23599G C23604A	NA S:H655S S:N679* S:P681Y	11	140543	0.000078	23487	23623
T23521+G C23525T	NA S:H655S	11	146197	0.000075	23492	23536
T23521+C C23525T T23599G C23604A	NA S:H655S S:N679* S:P681Y	11	140543	0.000078	23487	23642
T23511+A C23525T C23533-A T23599G C23604A	NA S:H655S NA S:N679* S:P681Y	11	140296	0.000078	23487	23641
T23487G	Unknown	11	90927	0.000121	23486	23507
T23427C	S:V622A	11	31302	0.000351	23403	23443
T23421+C	NA	11	31364	0.000351	23269	23432
T23350C	S:S596S	11	32026	0.000343	23269	23370
T23308C C23334-T A23403G	S:L582L NA S:D614G	11	30643	0.000359	23269	23443
T23308C	S:L582L	11	32666	0.000337	23269	23328
T23289C C23334-T	S:V576A NA	11	31900	0.000345	23270	23443
T23019C T23031C A23055G A23063T T23075C	S:F486S S:F490S S:Q498R S:N501Y S:Y505H	11	2732	0.004026	23008	23224
T23018G A23063T T23075C	S:F486V S:N501Y S:Y505H	11	2672	0.004117	23015	23219
T22882G A22893G G22898A A22910G C22916A T22942G	S:N440K S:K444R S:G446S S:N450D S:L452M S:N460K	11	22698	0.000485	22876	22961
T22392-A	NA	11	5796	0.001898	22246	22446
T22293-A	NA	11	6197	0.001775	22246	22307
T22142C	S:F194L	11	5553	0.001981	22123	22187
G25543A	ORF3a:A51T	11	28987	0.000379	25372	25552
G25538A	ORF3a:G49D	11	29111	0.000378	25383	25566
G25527A	ORF3a:W45*	11	29566	0.000372	25374	25566
G25522A	ORF3a:G44R	11	29966	0.000367	25372	25566
G25409+A	NA	11	35221	0.000312	25372	25422
G25314+A	NA	11	118358	0.000093	25282	25325
G25311+T	NA	11	118320	0.000093	25304	25323
G25302-T T25304C	NA S:C1248R	11	117461	0.000094	25219	25325
G25287+T	NA	11	116193	0.000095	25266	25325
G25284-T G25287-T	NA NA	11	115919	0.000095	25268	25320
G25266-C	NA	11	114611	0.000096	25247	25307
G25250+A	NA	11	113469	0.000097	25230	25324
G25218-T G25287-T	NA NA	11	106590	0.000103	25209	25325
G25177A	S:K1205K	11	83676	0.000131	25124	25325
G25145+T	NA	11	81466	0.000135	25122	25152
G24971+T T24976C C25000T	NA S:Y1138F S:D1146S	11	35261	0.000312	24850	25069
G24883+A	NA	11	37513	0.000293	24855	24895
G24547A	S:R995R	11	101765	0.000108	24412	24564
G24497+A	NA	11	101605	0.000108	24465	24509
G24476A	S:A972T	11	100842	0.000109	24465	24564
G24428+C	NA	11	99085	0.000111	24412	24441
G24416+T A24424T	NA S:Q954P	11	98141	0.000112	24412	24441
G24332+A	NA	11	6994	0.001573	24322	24353
G23821+T C23887-A	NA NA	11	52950	0.000208	23683	23895
G23768-T T23850+A	NA NA	11	54794	0.000201	23683	23883
G23768-T G23835+T C23887-A	NA NA NA	11	51470	0.000214	23683	23895
G23768-T C23816-T	NA NA	11	58158	0.000189	23683	23830
G23755+C C23854A	NA S:N764K	11	54321	0.000202	23735	23895
G23522A C23525T C23604A	S:E654K S:H655Y S:P681H	11	140562	0.000078	23492	23637
G23522+A C23525T	NA S:H655S	11	146216	0.000075	23487	23535
G23417-A	NA	11	31424	0.00035	23406	23427
G23363A A23403G	S:G601R S:D614G	11	30865	0.000356	23269	23443
G23343A A23403G	S:G594D S:D614G	11	30775	0.000357	23269	23423
G22895C T22896C G22898A	S:V445P S:V445P S:G446S	11	26767	0.000411	22858	22910
G22813T T22882G T22917G G22933-A T22942A	S:K417N S:N440K S:L452R NA S:N460K	11	21847	0.000504	22793	22967
G22813T T22882G T22896C G22898A A22924-T T22942G	S:K417N S:N440K S:V445A S:G446S NA S:N460K	11	21847	0.000504	22793	22966
G22813T T22882G G22895C T22896C G22898A T22942G T22952C	S:K417N S:N440K S:V445P S:V445P S:G446S S:N460K S:F464L	11	20984	0.000524	22793	22966
G22813T T22882G G22895C T22896C G22898A T22942G T22944C	S:K417N S:N440K S:V445P S:V445P S:G446S S:N460K S:L461P	11	21415	0.000514	22793	22967
G22813T T22882G G22895C T22896C G22898A T22928C T22942G	S:K417N S:N440K S:V445P S:V445P S:G446S S:F456L S:N460K	11	21847	0.000504	22801	22967
G22813T T22882G G22895C T22896C G22898A G22901A T22942G	S:K417N S:N440K S:V445P S:V445P S:G446S S:G447S S:N460K	11	21847	0.000504	22793	22949
G22813T T22882G G22895C T22896C G22898A A22941+G	S:K417N S:N440K S:V445P S:V445P S:G446S NA	11	21913	0.000502	22793	22953
G22813T T22882G G22895C G22898A G22933+T	S:K417N S:N440K S:V445L S:G446S NA	11	23416	0.00047	22793	22941
G22813T T22882G A22893C T22906C T22917G T22942A	S:K417N S:N440K S:K444T S:N448N S:L452R S:N460K	11	21847	0.000504	22793	22967
G22813T T22836-A T22882G A22893C T22917G	S:K417N NA S:N440K S:K444T S:L452R	11	24570	0.000448	22793	22931
G22813T A22834-T T22882G A22893C T22917G	S:K417N NA S:N440K S:K444T S:L452R	11	24570	0.000448	22793	22951
G22813T A22833G T22882G A22893C T22917G	S:K417N S:K424R S:N440K S:K444T S:L452R	11	24570	0.000448	22793	22929
G22813T A22814+T T22882G	S:K417N NA S:N440Q	11	26861	0.00041	22793	22890
G22578A G22599C T22679C	S:G339D S:R346T S:S373P	11	759	0.014493	22496	22682
G22578A G22599C	S:G339D S:R346T	11	871	0.012629	22556	22659
G22578A	S:G339D	11	877	0.012543	22545	22644
G22410-A	NA	11	5723	0.001922	22246	22436
G22317T T22392-A	S:G252V NA	11	5261	0.002091	22306	22414
G22317T G22410-A	S:G252V NA	11	4981	0.002208	22246	22446
C25460T	ORF3a:A23V	11	33977	0.000324	25382	25503
C25416T T25554C	ORF3a:F8F ORF3a:A54A	11	28347	0.000388	25372	25566
C25416T T25536C	ORF3a:F8F ORF3a:V48V	11	29130	0.000378	25372	25566
C25416T T25496C	ORF3a:F8F ORF3a:I35T	11	32072	0.000343	25372	25559
C25416T G25477A	ORF3a:F8F ORF3a:V29I	11	33584	0.000328	25372	25566
C25416T C25499T	ORF3a:F8F ORF3a:P36L	11	31883	0.000345	25372	25552
C25416T A25486G	ORF3a:F8F ORF3a:T32A	11	33058	0.000333	25372	25552
C25416T A25470G	ORF3a:F8F ORF3a:S26S	11	33736	0.000326	25372	25566
C25416T A25425G	ORF3a:F8F ORF3a:G11G	11	34831	0.000316	25372	25518
C25292+A	NA	11	116560	0.000094	25285	25325
C25262-TT T25289C	NA S:C1243R	11	113875	0.000097	25122	25319
C25262-T T25289A	NA S:C1243S	11	113875	0.000097	25122	25325
C25240-A	NA	11	112967	0.000097	25138	25325
C25214T	S:L1218L	11	101321	0.000109	25122	25325
C25163+T	NA	11	83543	0.000132	25153	25325
C25131T C25262-TT	S:A1190V NA	11	75372	0.000146	25122	25325
C25000T A25067-T	S:D1146D NA	11	33403	0.000329	24986	25069
C25000T A25056+T	S:D1146D NA	11	34279	0.000321	24850	25069
C24981-T C25000T A25014G	NA S:D1146D S:E1151G	11	35056	0.000314	24871	25024
C24964T C25000T	S:N1134N S:D1146D	11	35153	0.000313	24850	25069
C24899-A G24933T C24981-T C25000T	NA S:G1124V NA S:D1146D	11	33922	0.000324	24850	25069
C24878-A C24981-T	NA NA	11	34323	0.00032	24850	25008
C24852-A G24992-A C25000T	NA NA S:D1146D	11	32633	0.000337	24850	25068
C24672-A T24717-C	NA NA	11	9436	0.001166	24612	24806
C24672-A C24789-A	NA NA	11	9075	0.001212	24612	24805
C24672-A A24780G	NA S:K1073R	11	9149	0.001202	24612	24794
C24672-A A24758G	NA S:T1066A	11	9191	0.001197	24626	24803
C24431-A T24469A	NA S:N969K	11	98624	0.000112	24412	24564
C24431-A C24435-T	NA NA	11	99954	0.00011	24412	24454
C24422-A A24425T C24431-A	NA S:N955Y NA	11	98507	0.000112	24412	24564
C24422-A A24425T A24539+T	NA S:N955Y NA	11	95482	0.000115	24412	24564
C24240T	S:A893V	11	10912	0.001008	24238	24323
C24210+T	NA	11	11026	0.000998	24164	24227
C24096T	S:A845V	11	2357	0.004667	23970	24106
C24068-A	NA	11	2297	0.004789	24021	24098
C23991-A	NA	11	2079	0.005291	23982	24106
C23855G	S:R765G	11	58622	0.000188	23841	23891
C23854A T23875A	S:N764K S:A771A	11	57096	0.000193	23799	23881
C23854A C23895T	S:N764K Unknown	11	50772	0.000217	23831	23895
C23846T C23854A	S:Q762* S:N764K	11	58397	0.000188	23802	23881
C23844+A	NA	11	58930	0.000187	23833	23852
C23825T	S:Q755*	11	59228	0.000186	23683	23852
C23825+A C23854A	NA S:N764K	11	56172	0.000196	23719	23871
C23785+A	NA	11	60007	0.000183	23683	23798
C23763T C23854A	S:T734I S:N764K	11	54402	0.000202	23683	23895
C23758+A A23786+T	NA NA	11	59579	0.000185	23706	23801
C23744T C23887-A	S:P728S NA	11	51203	0.000215	23683	23895
C23709+A G23768-T C23887-A	NA NA NA	11	50814	0.000216	23683	23895
C23709+A G23768-T	NA NA	11	60119	0.000183	23683	23798
C23701-AT A23704T	NA S:I714I	11	63259	0.000174	23689	23738
C23525T T23599G C23604A C23635A	S:H655Y S:N679K S:P681H S:S691S	11	137278	0.00008	23487	23642
C23525T T23599G C23604A C23613+T	S:H655Y S:N679K S:P681H NA	11	140509	0.000078	23513	23642
C23525T T23599G C23604A A23631T	S:H655Y S:N679K S:P681H S:Q690L	11	137713	0.00008	23487	23634
C23525T T23599G C23601+G C23604A	S:H655Y S:N679K NA S:P681Y	11	140572	0.000078	23508	23637
C23525T T23590G T23599G C23604A	S:H655Y S:T676T S:N679K S:P681H	11	140572	0.000078	23487	23642
C23525T T23573A T23599G C23604A	S:H655Y S:C671S S:N679K S:P681H	11	140572	0.000078	23487	23642
C23525T T23573+G T23599G C23604A	S:H655Y NA S:N679* S:P681Y	11	140572	0.000078	23487	23642
C23525T T23569+G T23599G C23604A	S:H655Y NA S:N679* S:P681Y	11	140572	0.000078	23501	23642
C23525T T23548A T23599G C23604A	S:H655Y S:C662* S:N679K S:P681H	11	140572	0.000078	23487	23642
C23525T T23529C	S:H655Y S:V656A	11	145719	0.000075	23487	23535
C23525T G23576+T T23599G C23604A	S:H655Y NA S:N679* S:P681Y	11	140572	0.000078	23487	23617
C23525T G23576+C T23599G C23604A	S:H655Y NA S:N679* S:P681Y	11	140572	0.000078	23487	23642
C23525T G23574+A T23599G C23604A	S:H655Y NA S:N679* S:P681Y	11	140572	0.000078	23492	23608
C23525T G23562C T23599G C23604A	S:H655Y S:G667A S:N679K S:P681H	11	140572	0.000078	23492	23637
C23525T G23547+T T23599G C23604A	S:H655Y NA S:N679* S:P681Y	11	140572	0.000078	23487	23637
C23525T G23528+T	S:H655Y NA	11	145719	0.000075	23486	23537
C23525T C23630-A	S:H655Y NA	11	138049	0.00008	23514	23635
C23525T C23585+G T23599G C23604A	S:H655Y NA S:N679* S:P681Y	11	140572	0.000078	23500	23641
C23525T C23577+T T23599G C23604A	S:H655Y NA S:N679* S:P681Y	11	140572	0.000078	23487	23624
C23525T C23565A T23599G C23604A	S:H655Y S:A668E S:N679K S:P681H	11	140572	0.000078	23505	23642
C23525T C23533+G T23599G C23604A	S:H655Y NA S:N679* S:P681Y	11	140572	0.000078	23505	23640
C23525T A23597T T23599G C23604A	S:H655Y S:N679* S:N679* S:P681H	11	140572	0.000078	23487	23642
C23525T A23583+T T23599G C23604A	S:H655Y NA S:N679* S:P681Y	11	140572	0.000078	23486	23642
C23525T A23572+C T23599G C23604A	S:H655Y NA S:N679* S:P681Y	11	140572	0.000078	23487	23642
C23525T A23566C T23599G C23604A	S:H655Y S:A668A S:N679K S:P681H	11	140572	0.000078	23487	23642
C23525T A23558G T23599G C23604A A23631G	S:H655Y S:I666V S:N679K S:P681H S:Q690R	11	137713	0.00008	23492	23642
C23525T A23541C T23599G C23604A	S:H655Y S:Y660S S:N679K S:P681H	11	140572	0.000078	23508	23642
C23525T A23531G T23599G	S:H655Y S:N657D S:N679K	11	140627	0.000078	23487	23642
C23525G T23599G C23604A	S:H655D S:N679K S:P681H	11	140572	0.000078	23487	23637
C23506-T C23525T T23599G C23604A	NA S:H655Y S:N679K S:P681H	11	139992	0.000079	23487	23624
C23492+T C23525T T23599G C23604A	NA S:H655S S:N679* S:P681Y	11	137899	0.00008	23486	23624
C23367-A A23403G	NA S:D614G	11	30888	0.000356	23285	23420
C23334-T T23392C A23403G	NA S:V610V S:D614G	11	30689	0.000358	23285	23432
C23334-T T23355-A A23403G	NA NA S:D614G	11	30689	0.000358	23269	23443
C23306+T C23334-T	NA NA	11	32115	0.000343	23277	23360
C23297T A23403G	S:P579S S:D614G	11	30623	0.000359	23269	23443
C23291T A23403G	S:R577C S:D614G	11	30432	0.000361	23269	23432
C22062-T G22104-A	NA NA	11	3917	0.002808	22035	22119
C21618T T21632-TACCCCCTG A21764-TACATG	S:T19I S:DEL25/27 S:DEL69/70	11	31	0.354839	21597	21802
A25449C G25555-T	ORF3a:E19D NA	11	28336	0.000388	25372	25566
A25405G C25416T	ORF3a:M5V ORF3a:F8F	11	35022	0.000314	25372	25509
A25397-T G25401-T	NA NA	11	35370	0.000311	25381	25417
A25374-T G25555-T	NA NA	11	27886	0.000394	25372	25566
A25295G G25302-T	S:K1245E NA	11	116764	0.000094	25222	25325
A25271+T	NA	11	115084	0.000096	25262	25325
A25208-T G25218-T	NA NA	11	96721	0.000114	25185	25243
A25182T	S:E1207V	11	84552	0.00013	25158	25325
A25146G C25262-TT	S:E1195G NA	11	77249	0.000142	25122	25320
A25137-T G25218-T C25262-T	NA NA NA	11	76122	0.000145	25130	25323
A25137+T T25191-A	NA NA	11	78051	0.000141	25127	25205
A24999-C	NA	11	35801	0.000307	24984	25069
A24936G C24981-T C25000T	S:N1125S NA S:D1146D	11	34467	0.000319	24850	25069
A24922-T T24976C C24981-T C25000T	NA S:Y1138Y NA S:D1146D	11	34258	0.000321	24852	25065
A24908G C25000T	S:T1116A S:D1146D	11	34098	0.000323	24850	25069
A24894C C24981-T C25000T	S:E1111A NA S:D1146D	11	33798	0.000325	24858	25019
A24885G C25000T	S:N1108S S:D1146D	11	33614	0.000327	24850	25069
A24881G C24981-T C25000T	S:R1107G NA S:D1146D	11	33588	0.000327	24850	25061
A24864G C24981-T C25000T	S:H1101R NA S:D1146D	11	33324	0.00033	24850	25017
A24742G	S:V1060V	11	11957	0.00092	24687	24806
A24705G	S:H1048R	11	11775	0.000934	24694	24806
A24675G	S:K1038R	11	12645	0.00087	24657	24806
A24468-T T24470A C24536-AA	NA S:F970I NA	11	98839	0.000111	24427	24556
A24452G	S:K964E	11	100244	0.00011	24438	24564
A24424T T24499+A	S:Q954H NA	11	96522	0.000114	24412	24564
A24424T T24469A T24549-G	S:Q954H S:N969K NA	11	95195	0.000116	24415	24554
A24424T T24469A T24522C	S:Q954H S:N969K S:V987A	11	95909	0.000115	24415	24564
A24424T T24469A T24472-G C24517-A	S:Q954H S:N969K NA NA	11	96086	0.000114	24413	24564
A24424T T24469A C24517T	S:Q954H S:N969K S:D985D	11	96086	0.000114	24412	24539
A24424T T24469A C24517-A C24536-A	S:Q954H S:N969K NA NA	11	95557	0.000115	24412	24564
A24424T T24469A C24483-A	S:Q954H S:N969K NA	11	96832	0.000114	24412	24564
A24424T T24469A A24560T	S:Q954H S:N969K S:R1000*	11	94217	0.000117	24413	24564
A24424T T24469A A24545-G	S:Q954H S:N969K NA	11	95338	0.000115	24412	24564
A24424T T24469A A24525G C24536-AA	S:Q954H S:N969K S:E988G NA	11	95557	0.000115	24412	24564
A24424T T24469A A24508G C24536-A	S:Q954H S:N969K S:S982S NA	11	95557	0.000115	24412	24564
A24424T T24450C T24469A C24536-AA	S:Q954H S:V963A S:N969K NA	11	95557	0.000115	24412	24564
A24424T T24438+A G24521+T	S:Q954H NA NA	11	95928	0.000115	24412	24564
A24424T G24524A	S:Q954H S:E988K	11	95870	0.000115	24412	24564
A24424T C24553+G	S:Q954H NA	11	95059	0.000116	24412	24555
A24424T C24455-A C24517-A	S:Q954H NA NA	11	96086	0.000114	24412	24560
A24424T C24446T T24469A	S:Q954H S:L962F S:N969K	11	97164	0.000113	24412	24564
A24424T C24442T T24469A	S:Q954H S:N960N S:N969K	11	97164	0.000113	24412	24564
A24424T C24435T	S:Q954H S:A958V	11	98419	0.000112	24412	24449
A24424T C24435-T C24455-A	S:Q954H NA NA	11	97788	0.000112	24416	24478
A24424T A24454C	S:Q954H S:K964N	11	97802	0.000112	24412	24564
A24420G T24469A	S:N953S S:N969K	11	97094	0.000113	24412	24564
A24253-T C24320-A	NA NA	11	9750	0.001128	24164	24333
A24221G	S:T887A	11	10978	0.001002	24148	24324
A24190G	S:A876A	11	11158	0.000986	24148	24202
A23886G C23887-A	S:D775G NA	11	56686	0.000194	23767	23895
A23864G	S:T768A	11	58740	0.000187	23858	23890
A23845G	S:T761T	11	58949	0.000187	23690	23853
A23777G	S:T739A	11	60361	0.000182	23683	23839
A23760G C23887-A	S:K733R NA	11	51362	0.000214	23683	23895
A23756G	S:T732A	11	61058	0.00018	23699	23890
A23712G C23854A	S:N717S S:N764K	11	53851	0.000204	23683	23873
A23712+T G23835+T C23887-A	NA NA NA	11	50842	0.000216	23683	23895
A23712+T G23735+A C23887-A	NA NA NA	11	50842	0.000216	23683	23895
A23708G	S:T716A	11	63327	0.000174	23683	23726
A23531G T23599G C23604A	S:N657D S:N679K S:P681H	11	140906	0.000078	23487	23642
A23515-G T23599G C23604A	NA S:N679K S:P681H	11	140379	0.000078	23493	23642
A23442G	S:D627G	11	30327	0.000363	23403	23443
A23403G G23405A	S:D614G S:V615I	11	31328	0.000351	23269	23429
A23403G C23439T	S:D614G S:A626V	11	29820	0.000369	23388	23443
A23357G	S:T599A	11	31930	0.000345	23269	23400
A23326+C	NA	11	32285	0.000341	23285	23337
A23321G	S:I587V	11	32390	0.00034	23269	23378
A23319G C23334-T	S:D586G NA	11	32140	0.000342	23285	23382
A23305G	S:T581T	11	32741	0.000336	23278	23327
A23295G	S:D578G	11	32793	0.000335	23269	23409
A23276G	S:T572A	11	31765	0.000346	23269	23293
A23055G A23063T	S:Q498R S:N501Y	11	3210	0.003427	23051	23074
A23013C T23018C T23019C T23031C A23055G T23075C T23143-A	S:E484A S:F486P S:F486P S:F490S S:Q498R S:Y505H NA	11	2337	0.004707	23008	23162
A23013C A23055G A23063T T23075C	S:E484A S:Q498R S:N501Y S:Y505H	11	2593	0.004242	23008	23224
A22845-T T22882G G22895C T22896C G22898A	NA S:N440K S:V445P S:V445P S:G446S	11	26104	0.000421	22824	22923
A22438G	S:A292A	11	5631	0.001953	22370	22446
A22029G	S:E156G	11	4053	0.002714	22025	22066
A21764-TACATG C21781-A G21786A	S:DEL69/70 NA S:G75D	11	8825	0.001246	21757	21843
T25542C G25555-T	ORF3a:V50V NA	10	28336	0.000353	25372	25566
T25533C	ORF3a:I47I	10	29174	0.000343	25372	25552
T25530C	ORF3a:L46L	10	29317	0.000341	25372	25566
T25435C	ORF3a:L15L	10	34633	0.000289	25382	25519
T25406-G	NA	10	35282	0.000283	25372	25419
T25404+C	NA	10	35329	0.000283	25372	25411
T25382C	S:*1274Q	10	35410	0.000282	25377	25404
T25382+A G25401+T	NA NA	10	35237	0.000284	25372	25433
T25382+A C25517-T	NA NA	10	30522	0.000328	25372	25566
T25382+A A25397+T	NA NA	10	35305	0.000283	25372	25408
T25307-C	NA	10	118137	0.000085	25300	25325
T25304A	S:C1248S	10	117845	0.000085	25275	25325
T25291G	S:C1243W	10	116505	0.000086	25276	25324
T25285-A	NA	10	116036	0.000086	25277	25325
T25280A	S:C1240S	10	115785	0.000086	25219	25325
T25264A	S:L1234L	10	114632	0.000087	25217	25325
T25263C G25302-T	S:L1234P NA	10	113949	0.000088	25223	25325
T25221C C25262-T	S:F1220S NA	10	110266	0.000091	25131	25325
T25220G	S:F1220V	10	110624	0.00009	25122	25325
T25220C C25262-T	S:F1220L NA	10	109985	0.000091	25122	25287
T25215G	S:L1218R	10	104162	0.000096	25205	25325
T25215C C25262-T	S:L1218P NA	10	103501	0.000097	25122	25325
T25196A	S:W1212R	10	89504	0.000112	25192	25325
T25191-A G25218-T C25262-TT G25278-T	NA NA NA NA	10	85787	0.000117	25122	25320
T25191-A C25262-T G25278-T	NA NA NA	10	85787	0.000117	25122	25325
T25161A	S:L1200H	10	83487	0.00012	25130	25325
T25159C C25262-TT	S:D1199D NA	10	79271	0.000126	25122	25325
T25148C G25226A	S:S1196P S:A1222T	10	77890	0.000128	25122	25325
T25140-A A25164G	NA S:Q1201R	10	80207	0.000125	25131	25316
T25138G	S:N1192K	10	80732	0.000124	25122	25153
T24984C C25000T	S:L1141S S:D1146D	10	35540	0.000281	24871	25006
T24924C	S:F1121S	10	36817	0.000272	24850	24945
T24873C	S:V1104A	10	37840	0.000264	24853	24890
T24871C C24981-T C25000T	S:F1103F NA S:D1146D	10	33426	0.000299	24850	25025
T24870C C25000T	S:F1103S S:D1146D	10	33421	0.000299	24853	25069
T24856-G	NA	10	37462	0.000267	24850	24866
T24856+G	NA	10	37462	0.000267	24850	24873
T24786C	S:F1075S	10	12249	0.000816	24680	24791
T24750C	S:L1063S	10	12019	0.000832	24687	24791
T24689G G24690T	S:C1043V S:C1043V	10	12182	0.000821	24620	24698
T24658C	S:C1032C	10	12349	0.00081	24612	24683
T24656C	S:C1032R	10	12365	0.000809	24626	24686
T24482+A	NA	10	101169	0.000099	24473	24564
T24472-G C24536-A	NA NA	10	98987	0.000101	24412	24564
T24469A T24491C	S:N969K S:L977L	10	100130	0.0001	24465	24527
T24469A G24527A	S:N969K S:A989T	10	99096	0.000101	24412	24564
T24469A A24539-T	S:N969K NA	10	98778	0.000101	24412	24561
T24469A A24484G	S:N969K S:S974S	10	100243	0.0001	24428	24564
T24469A A24478G	S:N969K S:A972A	10	100375	0.0001	24427	24564
T24451+A G24521+T	NA NA	10	98002	0.000102	24425	24530
T24451+A C24503-T	NA NA	10	98480	0.000102	24412	24564
T24450C	S:V963A	10	100264	0.0001	24412	24564
T24438+A G24521+T	NA NA	10	97632	0.000102	24412	24555
T24414A A24424T	S:V951E S:Q954H	10	97728	0.000102	24412	24564
T24267A G24268T	S:M902N S:M902N	10	10828	0.000924	24150	24354
T24267-G G24277-T	NA NA	10	10774	0.000928	24259	24357
T24267-G C24334T	NA S:A924A	10	6210	0.00161	24154	24357
T24207C	S:I882T	10	11041	0.000906	24154	24226
T24027C	S:L822P	10	2191	0.004564	23974	24106
T23875C C23887-A	S:A771A NA	10	56649	0.000177	23683	23895
T23871+G	NA	10	58659	0.00017	23864	23895
T23862-A C23887-A	NA NA	10	56283	0.000178	23683	23895
T23828C C23854A	S:Y756H S:N764K	10	56431	0.000177	23683	23895
T23803C	S:T747T	10	59759	0.000167	23683	23864
T23739C	S:I726T	10	61696	0.000162	23683	23798
T23728C	S:V722V	10	62287	0.000161	23683	23739
T23725+C C23854A	NA S:N764K	10	53983	0.000185	23684	23895
T23703-A C23816-T	NA NA	10	57328	0.000174	23683	23832
T23703-A A23712+T	NA NA	10	62774	0.000159	23683	23724
T23684C	S:S708P	10	62028	0.000161	23683	23719
T23599G C23604A A23627G	S:N679K S:P681H S:S689G	10	140440	0.000071	23566	23642
T23599G C23604A A23614G	S:N679K S:P681H S:A684A	10	142796	0.00007	23487	23642
T23573C T23599G C23604A	S:C671R S:N679K S:P681H	10	142309	0.00007	23555	23637
T23527C T23599G C23604A	S:H655H S:N679K S:P681H	10	140703	0.000071	23493	23635
T23511+A C23525T T23599G	NA S:H655S S:N679*	10	140350	0.000071	23504	23635
T23509C C23525T T23599G	S:C649C S:H655Y S:N679K	10	140317	0.000071	23487	23624
T23507G C23525T T23599G C23604A	S:C649G S:H655Y S:N679K S:P681H	10	140031	0.000071	23487	23624
T23491C C23525T T23599G	S:F643F S:H655Y S:N679K	10	137916	0.000073	23487	23641
T23491C C23525T C23604A	S:F643F S:H655Y S:P681H	10	137864	0.000073	23486	23642
T23488C C23525T	Unknown S:H655Y	10	143046	0.00007	23487	23529
T23487G T23599G C23604A	Unknown S:N679K S:P681H	10	85060	0.000118	23486	23642
T23333C A23403G	S:S591P S:D614G	10	30688	0.000326	23296	23443
T23308-G C23334-T	NA NA	10	32117	0.000311	23269	23348
T23287C	S:A575A	10	32807	0.000305	23273	23314
T23281C C23334-T A23403G	S:T573T NA S:D614G	10	29489	0.000339	23269	23429
T23031C	S:F490S	10	3147	0.003178	23025	23054
T22942G A22948C	S:N460K S:K462N	10	26345	0.00038	22929	22966
T22882G G22895C T22896C G22898A T22900-G	S:N440K S:V445P S:V445P S:G446S NA	10	26453	0.000378	22813	22924
T22831+A T22882G	NA S:N440Q	10	27138	0.000368	22813	22885
T22795C G22813T T22882G G22895C T22896C G22898A T22942G	Unknown S:K417N S:N440K S:V445P S:V445P S:G446S S:N460K	10	21293	0.00047	22793	22967
T22435C	S:C291C	10	5678	0.001761	22373	22446
T21934-A G21956-A	NA NA	10	10060	0.000994	21918	21964
T21775-G A21817-T A21875-T	NA NA NA	10	8792	0.001137	21761	21973
G25261+A	NA	10	114276	0.000088	25254	25325
G25181A	S:E1207K	10	83869	0.000119	25169	25195
G25173+A C25262-T	NA NA	10	80360	0.000124	25130	25325
G25127+T C25262-T	NA NA	10	72190	0.000139	25122	25325
G24985A C25000T	S:L1141L S:D1146D	10	35556	0.000281	24906	25069
G24954+A C25000T	NA S:D1146S	10	34867	0.000287	24897	25069
G24794A	S:A1078T	10	11456	0.000873	24696	24806
G24728A	S:A1056T	10	11793	0.000848	24686	24791
G24690T	S:C1043F	10	12231	0.000818	24612	24698
G24666A C24672-A	S:G1035E NA	10	12221	0.000818	24612	24684
G24620-CTT	S:DEL1021	10	12119	0.000825	24612	24676
G24547+T	NA	10	101765	0.000098	24446	24555
G24530A	S:E990K	10	101803	0.000098	24412	24564
G24510A	S:R983H	10	101904	0.000098	24412	24564
G24488+T	NA	10	101374	0.000099	24465	24501
G24415A	S:V951V	10	97834	0.000102	24412	24441
G23873A C23887-A	S:A771T NA	10	56623	0.000177	23840	23895
G23841A C23854A	S:C760Y S:N764K	10	57793	0.000173	23787	23895
G23841+A C23854A	NA S:N764K	10	57793	0.000173	23833	23895
G23522A C23525T T23599G	S:E654K S:H655Y S:N679K	10	140617	0.000071	23501	23624
G23522+A T23599G C23604A	NA S:N679* S:P681Y	10	140562	0.000071	23495	23642
G23508T C23525T T23599G C23604A	S:C649F S:H655Y S:N679K S:P681H	10	140086	0.000071	23487	23642
G23505-C C23525T T23599G C23604A	NA S:H655Y S:N679K S:P681H	10	139732	0.000072	23487	23642
G23401A A23403G	S:Q613Q S:D614G	10	31409	0.000318	23390	23443
G23384-T	NA	10	31581	0.000317	23372	23429
G22813T T22882G G22895C T22896C G22898A T22921C	S:K417N S:N440K S:V445P S:V445P S:G446S S:Y453Y	10	24313	0.000411	22793	22924
G22813T T22882G G22895C T22896C G22898A A22964-T	S:K417N S:N440K S:V445P S:V445P S:G446S NA	10	20421	0.00049	22793	22967
G22813T T22882G A22893C T22900C T22917G	S:K417N S:N440K S:K444T S:G446G S:L452R	10	24570	0.000407	22793	22921
G22813T T22882G A22887G G22895C T22896C G22898A T22942G	S:K417N S:N440K S:D442G S:V445P S:V445P S:G446S S:N460K	10	21847	0.000458	22793	22967
G22813T T22831+A T22882G T22917G	S:K417N NA S:N440Q S:L452R	10	24570	0.000407	22794	22923
G22813T G22898A	S:K417N S:G446S	10	25618	0.00039	22808	22914
G22813T A22924-T T22942A	S:K417N NA S:N460K	10	21847	0.000458	22793	22967
G22813T A22852G T22882G G22895C T22896C G22898A T22942G	S:K417N S:T430T S:N440K S:V445P S:V445P S:G446S S:N460K	10	21847	0.000458	22793	22967
G22813T A22814+T T22882G G22895C T22896C G22898A	S:K417N NA S:N440Q S:V445P S:V445P S:G446R	10	25618	0.00039	22798	22907
G22809-A G22813T T22882G A22893C T22917G T22942A	NA S:K417N S:N440K S:K444T S:L452R S:N460K	10	21804	0.000459	22793	22949
G22809-A G22813T T22882G A22893C	NA S:K417N S:N440K S:K444T	10	26507	0.000377	22793	22899
G22599C C22664A C22674T	S:R346T S:L368I S:S371F	10	840	0.011905	22584	22676
G22427-T	NA	10	5678	0.001761	22407	22446
G22317T T22333C	S:G252V S:G257G	10	5972	0.001674	22246	22395
G22317T C22439+T	S:G252V NA	10	4802	0.002082	22246	22446
G22273-T	NA	10	6238	0.001603	22261	22300
G22141A	S:V193V	10	5537	0.001806	22120	22192
G21796+T A21817-T	NA NA	10	9650	0.001036	21782	21841
G21508-A C21618T T21632-TACCCCCTG	NA S:T19I S:DEL25/27	10	1096	0.009124	21451	21659
C25553T G25555-T	ORF3a:A54V NA	10	28336	0.000353	25372	25566
C25544T	ORF3a:A51V	10	28965	0.000345	25372	25559
C25493T	ORF3a:T34M	10	32365	0.000309	25372	25508
C25466+T	NA	10	33831	0.000296	25372	25493
C25416T T25530C	ORF3a:F8F ORF3a:L46L	10	29317	0.000341	25372	25566
C25416T G25477-T	ORF3a:F8F NA	10	33584	0.000298	25372	25491
C25416T C25544T	ORF3a:F8F ORF3a:A51V	10	28965	0.000345	25372	25552
C25416T C25508T	ORF3a:F8F ORF3a:A39V	10	31158	0.000321	25372	25564
C25416T A25503G	ORF3a:F8F ORF3a:I37M	10	31651	0.000316	25372	25520
C25416T A25472-T G25555-T	ORF3a:F8F NA NA	10	28336	0.000353	25372	25566
C25416T A25462G	ORF3a:F8F ORF3a:T24A	10	33922	0.000295	25372	25552
C25276+G	NA	10	115477	0.000087	25258	25319
C25262-T G25311A	NA S:C1250Y	10	113439	0.000088	25122	25325
C25262-T C25324+A	NA NA	10	112262	0.000089	25122	25325
C25254G	S:T1231R	10	113762	0.000088	25243	25324
C25149+T	NA	10	81862	0.000122	25122	25158
C25132+A T25191-A	NA NA	10	77455	0.000129	25122	25243
C25132+A T25140+A C25262-TT	NA NA NA	10	75544	0.000132	25122	25325
C25000T T25058C	S:D1146D S:L1166L	10	34234	0.000292	24867	25069
C25000T T25043C	S:D1146D S:S1161P	10	34493	0.00029	24850	25065
C25000T G25064A	S:D1146D S:D1168N	10	34063	0.000294	24850	25068
C25000T A25048G	S:D1146D S:P1162P	10	34372	0.000291	24952	25065
C25000T A25032G	S:D1146D S:K1157R	10	34659	0.000289	24850	25069
C24990-T C25000T	NA S:D1146D	10	35613	0.000281	24850	25011
C24981-T C25000T T25063C	NA S:D1146D S:G1167G	10	33810	0.000296	24850	25065
C24981-T C25000T T25005C	NA S:D1146D S:F1148S	10	35329	0.000283	24850	25069
C24899-A G24971+T C25000T	NA NA S:D1146S	10	33922	0.000295	24850	25069
C24899-A A24922-T G24971+T C24981-T C25000T	NA NA NA NA S:D1146S	10	33922	0.000295	24850	25065
C24899-A A24922-T C25000T	NA NA S:D1146D	10	33922	0.000295	24850	25069
C24865+T	NA	10	37792	0.000265	24850	24875
C24859T C25000T	S:G1099G S:D1146D	10	33285	0.0003	24853	25069
C24852-A T24976C C25000T	NA S:Y1138Y S:D1146D	10	32633	0.000306	24850	25069
C24852-A C24981-T C25000T	NA NA S:D1146D	10	32633	0.000306	24850	25068
C24852-A C24878-A	NA NA	10	36565	0.000273	24850	24889
C24784-T	NA	10	12252	0.000816	24764	24799
C24715-T	NA	10	11793	0.000848	24686	24806
C24672T A24673C	S:S1037F S:S1037F	10	12268	0.000815	24620	24682
C24672-A G24776-A	NA NA	10	9155	0.001092	24612	24796
C24555+G	NA	10	101473	0.000099	24545	24564
C24553+G	NA	10	101645	0.000098	24538	24561
C24536-A A24538G	NA S:Q992Q	10	101624	0.000098	24520	24556
C24466+A G24521+T	NA NA	10	99233	0.000101	24465	24563
C24463T	S:S967S	10	99815	0.0001	24412	24564
C24446+T	NA	10	100247	0.0001	24416	24462
C24422-A T24469A C24536-AA	NA S:N969K NA	10	95540	0.000105	24412	24564
C24422-A G24488-T	NA NA	10	96698	0.000103	24412	24564
C24418+A A24424T T24469A	NA S:Q954P S:N969Q	10	97008	0.000103	24412	24564
C24319A	S:N919K	10	10584	0.000945	24308	24343
C23893+T	NA	10	52057	0.000192	23875	23895
C23865+G	NA	10	58715	0.00017	23856	23891
C23854A A23872T	S:N764K S:I770I	10	57734	0.000173	23843	23895
C23854A A23870+G	S:N764K NA	10	57807	0.000173	23850	23895
C23854A A23870+C	S:N764K NA	10	57807	0.000173	23842	23891
C23816-T G23835-T A23853-C	NA NA NA	10	55846	0.000179	23683	23867
C23763+A	NA	10	60885	0.000164	23683	23778
C23758-A C23854A	NA S:N764K	10	54356	0.000184	23683	23895
C23758+A G23768-T	NA NA	10	60669	0.000165	23683	23781
C23730T C23854A	S:T723I S:N764K	10	54059	0.000185	23699	23895
C23709-A C23854A	NA S:N764K	10	53823	0.000186	23683	23873
C23692T C23854A	S:N710N S:N764K	10	52935	0.000189	23683	23895
C23604A T23637-C	S:P681H NA	10	138935	0.000072	23599	23642
C23577T T23599G C23604A	S:A672V S:N679K S:P681H	10	142431	0.00007	23525	23642
C23557-A T23599G C23604A	NA S:N679K S:P681H	10	141649	0.000071	23541	23637
C23525T T23599G C23604A T23633-C	S:H655Y S:N679K S:P681H NA	10	137584	0.000073	23487	23642
C23525T T23599G C23604A T23622+C	S:H655Y S:N679K S:P681H NA	10	140424	0.000071	23487	23629
C23525T T23599G C23604A G23624T	S:H655Y S:N679K S:P681H S:A688S	10	140335	0.000071	23487	23642
C23525T T23599G C23604A C23613+A	S:H655Y S:N679K S:P681H NA	10	140509	0.000071	23487	23642
C23525T T23599G C23604A A23627+T	S:H655Y S:N679K S:P681H NA	10	138176	0.000072	23487	23642
C23525T T23578G T23599G C23604A	S:H655Y S:A672A S:N679K S:P681H	10	140572	0.000071	23505	23623
C23525T T23560-G T23599G C23604A	S:H655Y NA S:N679K S:P681H	10	140572	0.000071	23487	23642
C23525T T23548C C23595T T23599G C23604A	S:H655Y S:C662C S:T678I S:N679K S:P681H	10	140572	0.000071	23487	23624
C23525T T23546C A23558G T23599G C23604A	S:H655Y S:C662R S:I666V S:N679K S:P681H	10	140572	0.000071	23492	23642
C23525T T23542-G A23558-T T23599G C23604A	S:H655Y NA NA S:N679K S:P681H	10	140572	0.000071	23487	23640
C23525T T23537C A23558G T23599G C23604A	S:H655Y S:S659P S:I666V S:N679K S:P681H	10	140572	0.000071	23487	23642
C23525T T23537A T23599G C23604A	S:H655Y S:S659T S:N679K S:P681H	10	140572	0.000071	23487	23642
C23525T T23529C C23595T T23599G C23604A	S:H655Y S:V656A S:T678I S:N679K S:P681H	10	140572	0.000071	23492	23642
C23525T G23549+T T23599G C23604A	S:H655Y NA S:N679* S:P681Y	10	140572	0.000071	23501	23639
C23525T C23577A T23599G C23604A	S:H655Y S:A672D S:N679K S:P681H	10	140572	0.000071	23515	23642
C23525T C23556A T23599G C23604A	S:H655Y S:P665H S:N679K S:P681H	10	140572	0.000071	23487	23634
C23525T C23551+A T23599G C23604A	S:H655Y NA S:N679* S:P681Y	10	140572	0.000071	23487	23642
C23525T A23639-T	S:H655Y NA	10	134447	0.000074	23487	23642
C23525T A23598C T23599G C23604A	S:H655Y S:N679T S:N679T S:P681H	10	140572	0.000071	23487	23633
C23525T A23598+G T23599A C23604A	S:H655Y NA S:N679R S:P681Y	10	140572	0.000071	23487	23642
C23525T A23579T T23599G C23604A	S:H655Y S:S673C S:N679K S:P681H	10	140572	0.000071	23487	23642
C23525T A23579+C T23599G C23604A	S:H655Y NA S:N679* S:P681Y	10	140572	0.000071	23487	23642
C23525T A23558G T23599G C23604A T23620C	S:H655Y S:I666V S:N679K S:P681H S:S686S	10	140443	0.000071	23487	23639
C23525T A23558G T23599G C23604A A23639G	S:H655Y S:I666V S:N679K S:P681H S:I693V	10	134447	0.000074	23516	23642
C23525T A23558G T23581C T23599G C23604A	S:H655Y S:I666V S:S673S S:N679K S:P681H	10	140572	0.000071	23487	23642
C23525T A23558G A23572G T23599G C23604A	S:H655Y S:I666V S:I670M S:N679K S:P681H	10	140572	0.000071	23487	23642
C23525T A23558-T T23599G C23604A C23609+G	S:H655Y NA S:N679K S:P681H NA	10	140529	0.000071	23487	23619
C23525T A23552T T23599G C23604A	S:H655Y S:I664L S:N679K S:P681H	10	140572	0.000071	23487	23642
C23525T A23544G	S:H655Y S:E661G	10	144195	0.000069	23487	23553
C23525T A23539G A23544G T23599G C23604A	S:H655Y S:S659S S:E661G S:N679K S:P681H	10	140572	0.000071	23487	23637
C23520+T C23525T	NA S:H655S	10	146179	0.000068	23487	23532
C23520+A C23525T T23599G C23604A	NA S:H655S S:N679* S:P681Y	10	140525	0.000071	23513	23642
C23506-T	NA	10	147259	0.000068	23487	23520
C23334-T T23391C A23403G	NA S:V610A S:D614G	10	30689	0.000326	23269	23429
C23334-T T23353C	NA S:V597V	10	31863	0.000314	23269	23386
C23334-T G23426A	NA S:V622I	10	30054	0.000333	23285	23443
C23334-T A23403G T23406C	NA S:D614G S:V615A	10	30607	0.000327	23282	23443
C23334-T A23403G A23432+C	NA S:D614G NA	10	29517	0.000339	23285	23443
C23298T A23403G	S:P579L S:D614G	10	30625	0.000327	23269	23443
C23290T A23403G	S:V576V S:D614G	10	30432	0.000329	23269	23443
C23286A A23403G	S:A575D S:D614G	10	30371	0.000329	23269	23443
C22802+A G22813T T22882G T22917G T22942A	NA S:K417N S:N440Q S:L452R S:N460*	10	21642	0.000462	22793	22967
C22802+A G22813T T22882G T22896C	NA S:K417N S:N440Q S:V445A	10	25407	0.000394	22793	22916
C22439+T	NA	10	5620	0.001779	22408	22446
C22425T	S:A288V	10	5670	0.001764	22412	22446
C22120-A G22186-C	NA NA	10	4565	0.002191	22025	22192
C21618T T21632-TACCCCCTG C21660T	S:T19I S:DEL25/27 S:T33I	10	2253	0.004439	21575	21664
C21618T T21632-TACCCCCTG C21654-T	S:T19I S:DEL25/27 NA	10	2283	0.00438	21451	21664
C21549-A	NA	10	1856	0.005388	21451	21580
C21516+T C21618T T21632-TACCCCCTG	NA S:T19F S:DEL25/27	10	1120	0.008929	21509	21664
A25503+C G25555-T	NA NA	10	28336	0.000353	25372	25566
A25491G C25493-G	ORF3a:A33A NA	10	32365	0.000309	25384	25566
A25286+T	NA	10	116161	0.000086	25274	25324
A25255G T25268C	S:T1231T S:C1236R	10	113333	0.000088	25209	25325
A25253C	S:T1231P	10	113719	0.000088	25210	25325
A25243G C25262-T	S:I1227M NA	10	112712	0.000089	25122	25325
A25201G C25262-TT	S:P1213P NA	10	90679	0.00011	25130	25320
A25195T	S:K1211N	10	89292	0.000112	25183	25202
A25185+G	NA	10	84713	0.000118	25130	25195
A25176T	S:K1205M	10	83693	0.000119	25122	25325
A25174G C25262-T	S:G1204G NA	10	80411	0.000124	25122	25325
A25167G T25171-G	S:E1202G NA	10	83353	0.00012	25131	25316
A25167G C25262-T	S:E1202G NA	10	79952	0.000125	25130	25325
A25143T	S:N1194I	10	81312	0.000123	25122	25165
A25141G	S:L1193L	10	81058	0.000123	25132	25166
A25134C	S:K1191T	10	80310	0.000125	25128	25189
A24962G C24981-T C25000T	S:N1134D NA S:D1146D	10	35127	0.000285	24850	25061
A24922+T C24981-T	NA NA	10	35009	0.000286	24850	24996
A24917G C24981-T C25000T	S:N1119D NA S:D1146D	10	34204	0.000292	24850	25021
A24895G C24981-T C25000T	S:E1111E NA S:D1146D	10	33832	0.000296	24850	25016
A24895G	S:E1111E	10	37163	0.000269	24858	24908
A24885+T A24922-T	NA NA	10	36173	0.000276	24852	24952
A24884G	S:N1108D	10	37491	0.000267	24850	24995
A24881+G C25000T	NA S:D1146S	10	33588	0.000298	24867	25003
A24875G	S:T1105A	10	37824	0.000264	24851	24878
A24862G	S:T1100T	10	37810	0.000264	24858	24885
A24780-G	NA	10	12249	0.000816	24745	24788
A24772G	S:A1070A	10	12206	0.000819	24753	24789
A24694G	S:G1044G	10	12020	0.000832	24687	24788
A24537G	S:Q992R	10	101659	0.000098	24412	24551
A24508G C24536-AA	S:S982S NA	10	101044	0.000099	24478	24550
A24468G T24469A	S:N969R S:N969R	10	100654	0.000099	24414	24564
A24439G	S:L959L	10	100283	0.0001	24427	24514
A24430G T24469A	S:A956A S:N969K	10	98592	0.000101	24428	24552
A24424T T24470-TTG C24536-A	S:Q954H S:DEL971 NA	10	95557	0.000105	24413	24564
A24424T T24469A T24504A	S:Q954H S:N969K S:L981H	10	96384	0.000104	24412	24564
A24424T T24469A T24489G	S:Q954H S:N969K S:V976G	10	96701	0.000103	24412	24564
A24424T T24469A G24550A	S:Q954H S:N969K S:L996L	10	95184	0.000105	24413	24552
A24424T T24469A G24542A	S:Q954H S:N969K S:D994N	10	95429	0.000105	24412	24564
A24424T T24469A A24520G C24536-AA	S:Q954H S:N969K S:K986K NA	10	95557	0.000105	24422	24564
A24424T T24469A A24479+T	S:Q954H S:N969K NA	10	96892	0.000103	24416	24543
A24424T T24451-A	S:Q954H NA	10	97937	0.000102	24412	24564
A24424T T24448A	S:Q954H S:L962L	10	98028	0.000102	24412	24564
A24424T G24526A	S:Q954H S:E988E	10	95806	0.000104	24412	24564
A24424T G24515A	S:Q954H S:D985N	10	96132	0.000104	24413	24558
A24424T G24515-A	S:Q954H NA	10	96132	0.000104	24412	24564
A24424T C24465T	S:Q954H S:S968F	10	97261	0.000103	24412	24564
A24424T A24467G	S:Q954H S:N969D	10	97217	0.000103	24412	24563
A24424T A24457G C24536-AA	S:Q954H S:Q965Q NA	10	95557	0.000105	24412	24564
A24424T A24456G T24469A C24536-AA	S:Q954H S:Q965R S:N969K NA	10	95557	0.000105	24412	24564
A24424T A24443T	S:Q954H S:T961S	10	98169	0.000102	24412	24564
A24424T A24439G T24469A	S:Q954H S:L959L S:N969K	10	97164	0.000103	24412	24552
A24336-C C24338T	NA S:Q926*	10	6690	0.001495	24245	24354
A24287+T	NA	10	11065	0.000904	24148	24310
A24209G	S:T883A	10	11029	0.000907	24148	24322
A24177G	S:Q872R	10	11211	0.000892	24148	24236
A23886G	S:D775G	10	56749	0.000176	23868	23890
A23884G C23887-A	S:Q774Q NA	10	56685	0.000176	23683	23895
A23870G C23887-A	S:I770V NA	10	56569	0.000177	23683	23895
A23848-T C23887-A	NA NA	10	55446	0.00018	23836	23895
A23843G	S:T761A	10	58912	0.00017	23838	23890
A23810T C23854A	S:S750C S:N764K	10	55640	0.00018	23798	23895
A23810G C23887-A	S:S750G NA	10	52605	0.00019	23689	23895
A23786-T C23816-T	NA NA	10	58414	0.000171	23683	23830
A23784G C23887-A	S:Y741C NA	10	51679	0.000194	23683	23895
A23772G A23772-T C23854A	S:D737G NA S:N764K	10	54534	0.000183	23743	23895
A23729-C C23854A	NA S:N764K	10	54031	0.000185	23684	23895
A23729+T C23854A	NA S:N764K	10	54031	0.000185	23683	23873
A23723G C23887-A	S:S721G NA	10	50941	0.000196	23683	23895
A23712+T T23850+A C23887-A	NA NA NA	10	50842	0.000197	23683	23895
A23712+T T23850+A	NA NA	10	54157	0.000185	23683	23881
A23712+T C23854A C23887-A	NA S:N764K NA	10	50842	0.000197	23683	23895
A23704C	S:I714I	10	63332	0.000158	23683	23716
A23704+C C23816-T	NA NA	10	57351	0.000174	23683	23827
A23691T C23854A	S:N710I S:N764K	10	52929	0.000189	23683	23891
A23687G C23854A	S:N709D S:N764K	10	52703	0.00019	23683	23895
A23570G T23599G C23604A	S:I670V S:N679K S:P681H	10	142183	0.00007	23536	23642
A23558-T T23599G	NA S:N679K	10	141729	0.000071	23538	23630
A23534G T23599G C23604A	S:N658D S:N679K S:P681H	10	140975	0.000071	23487	23642
A23524+T C23525G T23599G C23604A	NA S:H655A S:N679* S:P681Y	10	140565	0.000071	23487	23624
A23515-G C23525T T23599G C23604A C23609-G	NA S:H655Y S:N679K S:P681H NA	10	140336	0.000071	23493	23639
A23515-G	NA	10	147140	0.000068	23488	23530
A23503+G C23525T T23599G C23604A	NA S:H655S S:N679* S:P681Y	10	139641	0.000072	23487	23623
A23495T C23525T T23542C T23599G C23604A	S:T645S S:H655Y S:Y660Y S:N679K S:P681H	10	138624	0.000072	23487	23642
A23495T	S:T645S	10	146072	0.000068	23488	23502
A23494G T23599G C23604A	S:Q644Q S:N679K S:P681H	10	138610	0.000072	23487	23637
A23493G C23525T A23558G T23599G C23604A	S:Q644R S:H655Y S:I666V S:N679K S:P681H	10	138377	0.000072	23487	23642
A23369G A23403G	S:N603D S:D614G	10	30901	0.000324	23359	23443
A23368G A23403G	S:T602T S:D614G	10	30894	0.000324	23269	23443
A23324G C23334-T A23403G	S:T588A NA S:D614G	10	30673	0.000326	23269	23443
A23324G C23334-T	S:T588A NA	10	32148	0.000311	23269	23443
A23283+C	NA	10	32018	0.000312	23269	23293
A23279+C	NA	10	31820	0.000314	23269	23299
A23274G C23334-T	S:D571G NA	10	30764	0.000325	23269	23382
A23013C T23018G C23029-T A23055G T23075C	S:E484A S:F486V NA S:Q498R S:Y505H	10	2593	0.003857	23008	23078
A23013C T23018G C23029-T A23055G A23063T T23075C T23143-A	S:E484A S:F486V NA S:Q498R S:N501Y S:Y505H NA	10	2337	0.004279	23008	23152
A23013C T23018G A23063T	S:E484A S:F486V S:N501Y	10	2655	0.003766	23008	23224
A22798+G G22813T T22882G A22893C	NA S:K417N S:N440Q S:K444S	10	26015	0.000384	22793	22899
A22390-T	NA	10	5781	0.00173	22271	22401
A21764-TACATG T21775-G A21817-TT	S:DEL69/70 NA NA	10	8687	0.001151	21757	21841
A21764-TACATG C21888-T	S:DEL69/70 NA	10	8261	0.001211	21757	21957
A21764-TACATG A21866G	S:DEL69/70 S:R102G	10	8329	0.001201	21757	21973
