nt_mutations	aa_mutations	cluster_depth	total_depth	frequency	coverage_start	coverage_end
C23525T T23599G C23604A	S:H655Y S:N679K S:P681H	38827	77968	0.497986	23523	23605
C23854A	S:N764K	12924	40671	0.317769	23850	23862
A24424T T24469A	S:Q954H S:N969K	12332	61712	0.199831	24421	24471
A24424T	S:Q954H	11891	62615	0.189907	24422	24427
C25000T	S:D1146D	6425	28254	0.227401	24996	25004
A23403G	S:D614G	6104	18290	0.333734	23399	23409
C25262-T	NA	4761	88472	0.053814	25251	25272
C25416T	ORF3a:F8F	4257	26144	0.162829	25384	25423
T24469A	S:N969K	4135	64586	0.064023	24465	24482
T23599G C23604A	S:N679K S:P681H	2810	79197	0.035481	23595	23612
C24981-T C25000T	NA S:D1146D	2802	28063	0.099847	24872	25003
C23525T A23558G T23599G C23604A	S:H655Y S:I666V S:N679K S:P681H	2550	77968	0.032706	23519	23607
C23887-A	NA	2284	38915	0.058692	23859	23894
G22813T T22882G G22895C T22896C G22898A T22942G	S:K417N S:N440K S:V445P S:V445P S:G446S S:N460K	2232	18114	0.12322	22811	22944
G22813T T22882G G22895C T22896C G22898A	S:K417N S:N440K S:V445P S:V445P S:G446S	1952	22379	0.087225	22809	22906
C25262-TT	NA	1908	88472	0.021566	25251	25288
C23525T C23604A	S:H655Y S:P681H	1894	77968	0.024292	23515	23613
C23525T	S:H655Y	1876	81914	0.022902	23515	23528
G22813T T22882G A22893C T22917G	S:K417N S:N440K S:K444T S:L452R	1570	21262	0.073841	22809	22920
A21764-TACATG	S:DEL69/70	1423	6368	0.223461	21757	21788
C24672-A	NA	1341	8861	0.151337	24653	24684
C23525T T23599G	S:H655Y S:N679K	1044	78007	0.013383	23515	23600
C23334-T A23403G	NA S:D614G	1042	17713	0.058827	23288	23406
G25290T	S:C1243F	1004	90070	0.011147	25288	25307
C23334-T	NA	997	18635	0.053501	23285	23345
G22317T	S:G252V	974	4563	0.213456	22315	22319
G25302-T	NA	927	90927	0.010195	25295	25307
T22942G	S:N460K	840	22342	0.037597	22938	22944
T22942A	S:N460K	840	22342	0.037597	22938	22944
C23525T A23558-T T23599G C23604A	S:H655Y NA S:N679K S:P681H	816	77968	0.010466	23521	23622
G25555-T	NA	800	21364	0.037446	25380	25563
G22813T T22882G T22942A	S:K417N S:N440K S:N460K	777	18114	0.042895	22809	22945
G22813T T22882G T22917G T22942A	S:K417N S:N440K S:L452R S:N460K	776	18114	0.04284	22809	22947
A24424T T24469A T24472-G	S:Q954H S:N969K NA	739	61624	0.011992	24416	24546
G22813T T22882G	S:K417N S:N440K	708	23887	0.02964	22809	22885
A23403G G23426A	S:D614G S:V622I	635	17867	0.03554	23392	23429
A23786-T C23854A	NA S:N764K	609	37865	0.016083	23778	23865
C21618T T21632-TACCCCCTG	S:T19I S:DEL25/27	605	1538	0.393368	21601	21653
G25278-T	NA	593	89407	0.006633	25271	25291
A21764-TACATG A21817-T	S:DEL69/70 NA	568	6271	0.090576	21757	21828
G25218-T	NA	548	83221	0.006585	25211	25236
C25262-TT G25278-T	NA NA	545	88185	0.00618	25145	25299
C23525T T23599G C23604A C23634T	S:H655Y S:N679K S:P681H S:S691F	530	75724	0.006999	23508	23637
A25472-T	NA	522	25196	0.020718	25381	25477
C23604A	S:P681H	505	79270	0.006371	23600	23613
C25416T A25472-T	ORF3a:F8F NA	478	25196	0.018971	25372	25477
T25191-A C25262-T	NA NA	476	65994	0.007213	25146	25276
C23525T T23599G C23604A C23635T	S:H655Y S:N679K S:P681H S:S691S	441	75541	0.005838	23501	23637
G22813T T22882G A22893C T22917G T22942A	S:K417N S:N440K S:K444T S:L452R S:N460K	428	18114	0.023628	22808	22944
C25416T G25555-T	ORF3a:F8F NA	422	21364	0.019753	25375	25566
T25191-A	NA	418	67376	0.006204	25184	25202
C24981-T	NA	417	28555	0.014603	24925	24986
C23525T T23537C T23599G C23604A	S:H655Y S:S659P S:N679K S:P681H	410	77968	0.005259	23520	23614
C25214+G	NA	403	77945	0.00517	25207	25324
C23525T T23599G C23604A T23629C	S:H655Y S:N679K S:P681H S:S689S	398	76065	0.005232	23508	23634
G22813T	S:K417N	397	24695	0.016076	22809	22816
G22813T T22882G T22896C G22898A T22942G	S:K417N S:N440K S:V445A S:G446S S:N460K	387	18114	0.021365	22809	22944
T23488C C23525T T23599G C23604A	Unknown S:H655Y S:N679K S:P681H	372	75694	0.004915	23487	23620
A24424T G24488-T	S:Q954H NA	365	61451	0.00594	24416	24544
A24253-T	NA	364	7454	0.048833	24229	24273
C24852-A C25000T	NA S:D1146D	354	25923	0.013656	24850	25033
G25287-T	NA	338	89910	0.003759	25279	25293
T24469A T24472-G	S:N969K NA	335	64490	0.005195	24465	24552
G22813T T22882G G22895C G22898A	S:K417N S:N440K S:V445L S:G446S	316	22379	0.01412	22809	22906
C23854A C23887-A	S:N764K NA	315	38247	0.008236	23844	23895
C25262-T G25278-T	NA NA	307	88185	0.003481	25251	25300
G23768-T	NA	296	41669	0.007104	23700	23781
C23816-T C23854A	NA S:N764K	296	38678	0.007653	23804	23858
G24488-T	NA	294	65347	0.004499	24476	24505
A21764-TACATG A21817-T A21875-T	S:DEL69/70 NA NA	272	6028	0.045123	21757	21899
C22120-A	NA	265	2765	0.095841	22100	22180
A21817-T	NA	265	7150	0.037063	21793	21828
C24672-A A24684-T	NA NA	261	8343	0.031284	24626	24697
G25218-T C25262-T	NA NA	255	82676	0.003084	25182	25285
T25187+A	NA	251	64994	0.003862	25173	25195
T23599G	S:N679K	244	79237	0.003079	23595	23602
G22813T T22882G G22898A T22942G	S:K417N S:N440K S:G446S S:N460K	241	18114	0.013305	22808	22944
G22813T T22882G T22917G	S:K417N S:N440K S:L452R	238	21262	0.011194	22809	22920
T25191-A C25262-TT	NA NA	237	65994	0.003591	25145	25307
A23853-C	NA	235	40725	0.00577	23845	23858
C25294-A	NA	234	90346	0.00259	25287	25304
T24267-G	NA	229	7462	0.030689	24259	24322
G23835+T	NA	226	40519	0.005578	23792	23850
T25289-G	NA	225	90027	0.002499	25277	25316
G22813T T22882G A22893C	S:K417N S:N440K S:K444T	225	23518	0.009567	22809	22897
G23516T C23525T T23599G C23604A	S:G652W S:H655Y S:N679K S:P681H	222	77885	0.00285	23508	23624
C23525T C23557T T23599G C23604A	S:H655Y S:P665P S:N679K S:P681H	219	77968	0.002809	23503	23624
C23525T T23599G T23600C C23604A	S:H655Y S:N679K S:S680P S:P681H	216	77968	0.00277	23500	23624
A24424T T24471-TG	S:Q954H NA	216	61629	0.003505	24417	24552
G22813T T22942A	S:K417N S:N460K	205	18114	0.011317	22809	22949
C23758T C23854A	S:T732T S:N764K	204	37571	0.00543	23754	23873
C23525T A23572G T23599G C23604A	S:H655Y S:I670M S:N679K S:P681H	203	77968	0.002604	23505	23624
A25216-G	NA	202	80757	0.002501	25209	25307
G25229A	S:G1223S	194	86793	0.002235	25224	25246
T25263C	S:L1234P	192	88596	0.002167	25253	25266
T25415-C	NA	191	26156	0.007302	25383	25429
G23835+T C23887-A	NA NA	185	37061	0.004992	23699	23895
T25268C	S:C1236R	183	88778	0.002061	25262	25316
G25218-T C25262-TT	NA NA	183	82676	0.002213	25145	25323
C23525T A23550G T23599G C23604A	S:H655Y S:D663G S:N679K S:P681H	183	77968	0.002347	23501	23624
C23525T A23539G T23599G C23604A	S:H655Y S:S659S S:N679K S:P681H	183	77968	0.002347	23505	23624
T23511+A C23525T T23599G C23604A	NA S:H655S S:N679* S:P681Y	180	77809	0.002313	23505	23614
A23712+T	NA	180	42955	0.00419	23694	23723
A25137-T	NA	179	60894	0.00294	25130	25147
G24858A C25000T	S:G1099D S:D1146D	178	26381	0.006747	24852	25013
C24852-A	NA	178	28939	0.006151	24850	24870
C23525T C23575T T23599G C23604A	S:H655Y S:C671C S:N679K S:P681H	178	77968	0.002283	23508	23622
G23426A	S:V622I	175	18215	0.009607	23417	23429
A24922-T C24981-T C25000T	NA NA S:D1146D	175	27283	0.006414	24872	25008
C25207G	S:Y1215*	174	72408	0.002403	25203	25263
T23689-A	NA	173	42291	0.004091	23683	23700
A22941-T	NA	173	22424	0.007715	22934	22966
C24455-A	NA	172	63873	0.002693	24428	24465
A23515+G C23525T T23599G C23604A	NA S:H655S S:N679* S:P681Y	172	77860	0.002209	23508	23624
C25207+G	NA	171	72408	0.002362	25200	25266
A25274G	S:T1238A	169	89173	0.001895	25266	25316
A25253G	S:T1231A	167	87937	0.001899	25220	25264
T25319C	S:C1253R	166	90980	0.001825	25314	25323
T24471-TG	NA	162	64646	0.002506	24458	24552
G25299-C	NA	160	90741	0.001763	25291	25316
A24994G C25000T	S:E1144E S:D1146D	158	28216	0.0056	24991	25007
T25140-A	NA	156	61158	0.002551	25131	25152
C23525T T23529C T23599G C23604A	S:H655Y S:V656A S:N679K S:P681H	156	77968	0.002001	23508	23624
T22882G G22895C T22896C G22898A T22942G	S:N440K S:V445P S:V445P S:G446S S:N460K	155	19018	0.00815	22876	22949
C23525T A23552G T23599G C23604A	S:H655Y S:I664V S:N679K S:P681H	155	77968	0.001988	23518	23622
T22882G G22895C T22896C G22898A	S:N440K S:V445P S:V445P S:G446S	154	23323	0.006603	22876	22906
C23525T T23584C T23599G C23604A	S:H655Y S:Y674Y S:N679K S:P681H	152	77968	0.00195	23498	23625
G24971+T C24981-T C25000T	NA NA S:D1146S	151	27896	0.005413	24890	25016
G24971+T C25000T	NA S:D1146S	150	27896	0.005377	24910	25013
C23525T T23599G C23604A C23609+G	S:H655Y S:N679K S:P681H NA	150	77943	0.001924	23505	23614
G23768-T C23887-A	NA NA	149	35331	0.004217	23699	23895
C24422-A	NA	149	62606	0.00238	24412	24435
A24684-T	NA	149	9142	0.016298	24673	24701
T23703-A	NA	148	43093	0.003434	23690	23712
T22882G	S:N440K	148	24853	0.005955	22876	22886
C24536-A	NA	148	65711	0.002252	24529	24554
C23525T T23548C T23599G C23604A	S:H655Y S:C662C S:N679K S:P681H	148	77968	0.001898	23501	23625
G24690+T	NA	147	9191	0.015994	24635	24698
G22813T T22882G T22942G	S:K417N S:N440K S:N460K	147	18114	0.008115	22809	22945
C23816-T	NA	147	40846	0.003599	23801	23827
C23525T C23533-A T23599G C23604A	S:H655Y NA S:N679K S:P681H	145	77968	0.00186	23505	23624
A24885+T C24981-T C25000T	NA NA S:D1146S	145	26829	0.005405	24851	25011
C25262-T G25290T	NA S:C1243F	144	88067	0.001635	25130	25321
T25291C	S:C1243C	143	90173	0.001586	25282	25307
C23525T A23588G T23599G C23604A	S:H655Y S:T676A S:N679K S:P681H	143	77968	0.001834	23505	23629
A23558G T23599G C23604A	S:I666V S:N679K S:P681H	143	78518	0.001821	23554	23624
G25230A C25300A	S:G1223D S:G1246G	142	85871	0.001654	25219	25314
C23833-A C23854A	NA S:N764K	141	39320	0.003586	23826	23881
T25293C	S:L1244P	139	90299	0.001539	25288	25316
T25251C	S:V1230A	139	87817	0.001583	25228	25320
C23525T T23599G C23604A T23620C	S:H655Y S:N679K S:P681H S:S686S	138	77876	0.001772	23501	23624
C23525T A23544G T23599G C23604A	S:H655Y S:E661G S:N679K S:P681H	136	77968	0.001744	23501	23605
A23013C T23018G A23055G A23063T T23075C	S:E484A S:F486V S:Q498R S:N501Y S:Y505H	136	1840	0.073913	23009	23089
T25306C	S:C1248C	135	91287	0.001479	25292	25320
T25257C	S:I1232T	134	88142	0.00152	25224	25324
T22882G A22893C T22917G	S:N440K S:K444T S:L452R	134	22199	0.006036	22876	22920
T25382+A	NA	132	26435	0.004993	25372	25392
G22813T T22882G G22898A	S:K417N S:N440K S:G446S	132	22379	0.005898	22809	22902
C25276-A	NA	132	89273	0.001479	25268	25323
C23525T A23531G T23599G C23604A	S:H655Y S:N657D S:N679K S:P681H	132	77968	0.001693	23501	23624
A24424T A24560G	S:Q954H S:R1000G	131	59530	0.002201	24416	24564
G25135+A	NA	130	60585	0.002146	25130	25145
C24899-A C24981-T C25000T	NA NA S:D1146D	129	27064	0.004766	24868	25012
A25208-T	NA	127	74421	0.001707	25201	25252
T25322C	S:C1254R	126	90423	0.001393	25313	25324
T24451+A	NA	126	63886	0.001972	24427	24461
G25540+T	NA	126	22007	0.005725	25372	25549
A23515-G C23525T T23599G C23604A	NA S:H655Y S:N679K S:P681H	126	77860	0.001618	23493	23622
C25416T C25487T	ORF3a:F8F ORF3a:T32I	125	24647	0.005072	25377	25507
T25312C	S:C1250C	124	91423	0.001356	25291	25323
T25303C	S:C1247C	123	90979	0.001352	25297	25316
A23493G C23525T T23599G C23604A	S:Q644R S:H655Y S:N679K S:P681H	123	76159	0.001615	23487	23624
T23742-A	NA	121	42149	0.002871	23689	23750
C23525T T23599G T23602C C23604A	S:H655Y S:N679K S:S680S S:P681H	121	77968	0.001552	23508	23624
T25473C	ORF3a:D27D	120	25180	0.004766	25381	25486
T25283C	S:C1241R	120	89640	0.001339	25260	25320
A23497G C23525T T23599G C23604A	S:T645T S:H655Y S:N679K S:P681H	119	76401	0.001558	23493	23614
G25244-T	NA	118	87541	0.001348	25227	25316
C23525T A23594G T23599G C23604A	S:H655Y S:T678A S:N679K S:P681H	118	77968	0.001513	23501	23624
C23525T T23546C T23599G C23604A	S:H655Y S:C662R S:N679K S:P681H	117	77968	0.001501	23504	23624
T24163C	S:D867D	116	7420	0.015633	24154	24167
T25301C	S:C1247R	115	90869	0.001266	25290	25316
G25230A	S:G1223D	115	86845	0.001324	25221	25323
C23525T T23590C T23599G C23604A	S:H655Y S:T676T S:N679K S:P681H	115	77968	0.001475	23508	23624
T25307C	S:S1249P	114	91391	0.001247	25298	25323
T25191-A C25262-TT G25278-T	NA NA NA	114	65720	0.001735	25130	25307
C24517-A	NA	114	65740	0.001734	24504	24531
T25237C	S:I1225I	113	87250	0.001295	25223	25321
T21632-TACCCCCTG	S:DEL25/27	113	1538	0.073472	21602	21653
C24422-A A24425T	NA S:N955Y	112	62555	0.00179	24413	24435
C23525T T23599G C23604A A23623G	S:H655Y S:N679K S:P681H S:V687V	112	77837	0.001439	23501	23634
C23525T A23566G T23599G C23604A	S:H655Y S:A668A S:N679K S:P681H	112	77968	0.001436	23499	23622
G23835-T C23854A	NA S:N764K	111	39448	0.002814	23811	23873
A25295G	S:K1245E	111	90470	0.001227	25278	25323
G22331A	S:G257S	110	4582	0.024007	22318	22347
T25316C	S:S1252P	109	91433	0.001192	25263	25324
T25304C	S:C1248R	109	91154	0.001196	25300	25316
A24424T T24469A A24560G	S:Q954H S:N969K S:R1000G	109	59530	0.001831	24417	24564
C23525T T23599G C23604G	S:H655Y S:N679K S:P681R	108	77968	0.001385	23501	23624
A24424T C24517+A	S:Q954H NA	108	60975	0.001771	24415	24564
A24424T T24451+A	S:Q954H NA	107	62161	0.001721	24413	24466
T25152C	S:L1197P	106	62909	0.001685	25144	25166
T25270C	S:C1236C	105	88912	0.001181	25250	25316
G25305-T	NA	105	91206	0.001151	25297	25323
C23525T A23586G T23599G C23604A	S:H655Y S:Q675R S:N679K S:P681H	105	77968	0.001347	23492	23621
A23523G C23525T T23599G C23604A	S:E654G S:H655Y S:N679K S:P681H	105	77962	0.001347	23504	23624
T23521C C23525T T23599G C23604A	S:A653A S:H655Y S:N679K S:P681H	104	77951	0.001334	23501	23629
T25219C	S:G1219G	103	83704	0.001231	25135	25251
G22813T T22861C T22882G G22898A T22942G	S:K417N S:V433V S:N440K S:G446S S:N460K	103	18114	0.005686	22793	22949
C23758+A	NA	103	41792	0.002465	23699	23768
G22813T T22882G T22896C G22898A	S:K417N S:N440K S:V445A S:G446S	102	22379	0.004558	22801	22906
C24435-T	NA	102	63846	0.001598	24428	24450
C23525T A23598G T23599G C23604A	S:H655Y S:N679R S:N679R S:P681H	102	77968	0.001308	23501	23624
C23525T A23558G C23604A	S:H655Y S:I666V S:P681H	102	77968	0.001308	23493	23638
T25285C	S:C1241C	101	89772	0.001125	25269	25307
T23491C C23525T T23599G C23604A	S:F643F S:H655Y S:N679K S:P681H	101	75909	0.001331	23487	23624
C23525T T23599G C23604A T23637C	S:H655Y S:N679K S:P681H S:I692T	100	75085	0.001332	23505	23642
C23525T T23599G C23604A T23622C	S:H655Y S:N679K S:P681H S:V687A	99	77855	0.001272	23505	23624
A23503G C23525T T23599G C23604A	S:A647A S:H655Y S:N679K S:P681H	99	77205	0.001282	23487	23624
C23525T A23541G T23599G C23604A	S:H655Y S:Y660C S:N679K S:P681H	98	77968	0.001257	23514	23634
G25320A	S:C1253Y	97	90946	0.001067	25304	25324
G25127-T	NA	97	56707	0.001711	25123	25139
G22813T T22882G A22893C T22942A	S:K417N S:N440K S:K444T S:N460K	97	18114	0.005355	22808	22947
A25137+T	NA	97	60894	0.001593	25130	25147
A23786-T	NA	97	41148	0.002357	23784	23797
T23507C C23525T T23599G C23604A	S:C649R S:H655Y S:N679K S:P681H	96	77534	0.001238	23501	23624
G25198-C	NA	96	69074	0.00139	25191	25316
G24416A A24424T T24469A	S:V952I S:Q954H S:N969K	96	61389	0.001564	24412	24506
C23525T T23599G C23604A A23639-T	S:H655Y S:N679K S:P681H NA	96	73489	0.001306	23499	23642
C23525T A23526G T23599G C23604A	S:H655C S:H655C S:N679K S:P681H	96	77968	0.001231	23502	23624
T25289C	S:C1243R	95	90027	0.001055	25278	25305
G23948T	S:D796Y	95	501	0.189621	23942	23951
C23525T T23582C T23599G C23604A	S:H655Y S:Y674H S:N679K S:P681H	95	77968	0.001218	23501	23610
C23525T T23563C T23599G C23604A	S:H655Y S:G667G S:N679K S:P681H	95	77968	0.001218	23487	23622
T24438+A	NA	94	63918	0.001471	24413	24449
G24416A A24424T	S:V952I S:Q954H	94	62286	0.001509	24413	24462
A25472+T	NA	94	25196	0.003731	25372	25483
A25176G	S:K1205R	94	63715	0.001475	25148	25183
A23786+T	NA	94	41148	0.002284	23705	23797
A23558-T T23599G C23604A	NA S:N679K S:P681H	94	78518	0.001197	23505	23624
T25310C	S:C1250R	93	91368	0.001018	25295	25316
C23525T T23599G C23604A A23614G	S:H655Y S:N679K S:P681H S:A684A	93	77918	0.001194	23505	23624
A25374-T	NA	93	26149	0.003557	25372	25397
T25232C	S:L1224L	92	87019	0.001057	25222	25307
T25228C	S:A1222A	92	86697	0.001061	25218	25292
C22295A	S:H245N	92	4606	0.019974	22284	22306
T22882G T22896C G22898A T22942G	S:N440K S:V445A S:G446S S:N460K	91	19018	0.004785	22873	22948
G25181+A	NA	91	63818	0.001426	25173	25210
G22813T T22882G A22893C T22917G C22945-A	S:K417N S:N440K S:K444T S:L452R NA	90	17645	0.005101	22801	22955
A24424T T24469A G24497A	S:Q954H S:N969K S:D979N	90	61348	0.001467	24417	24561
A24424T C24435-T	S:Q954H NA	90	62485	0.00144	24417	24454
T25150C	S:S1196S	89	62039	0.001435	25145	25162
C23525T T23542C T23599G C23604A	S:H655Y S:Y660Y S:N679K S:P681H	89	77968	0.001141	23501	23624
A24803-T	NA	89	8064	0.011037	24782	24806
T25264C	S:L1234L	88	88644	0.000993	25223	25314
C25132+A	NA	88	60269	0.00146	25122	25149
C23525T T23599G C23604A A23631G	S:H655Y S:N679K S:P681H S:Q690R	88	75817	0.001161	23509	23637
A23704+C	NA	88	43078	0.002043	23699	23715
T25272C	S:M1237T	87	89058	0.000977	25268	25307
C23525T T23599G C23604A T23640C	S:H655Y S:N679K S:P681H S:I693T	87	73367	0.001186	23508	23642
C23525T T23599G C23604A T23617C	S:H655Y S:N679K S:P681H S:R685R	87	77896	0.001117	23505	23624
G22813T T22882G G22895C T22896C G22898A G22933+T	S:K417N S:N440K S:V445P S:V445P S:G446S NA	86	19929	0.004315	22801	22940
A24424T T24469A A24532G	S:Q954H S:N969K S:E990E	86	60713	0.001417	24415	24542
T25265C	S:C1235R	85	88618	0.000959	25246	25292
A24922-T C25000T	NA S:D1146D	85	27283	0.003115	24889	25045
T24976C C25000T	S:Y1138Y S:D1146D	84	27981	0.003002	24971	25060
G23505A C23525T T23599G C23604A	S:G648D S:H655Y S:N679K S:P681H	84	77264	0.001087	23501	23624
C24964-A C24981-T C25000T	NA NA S:D1146D	84	27834	0.003018	24850	25008
C23525T A23592G T23599G C23604A	S:H655Y S:Q677R S:N679K S:P681H	84	77968	0.001077	23508	23637
C23502T C23525T T23599G C23604A	S:A647V S:H655Y S:N679K S:P681H	84	77161	0.001089	23493	23624
A24424T C24536-A	S:Q954H NA	84	60624	0.001386	24417	24554
A24424T C24517-A	S:Q954H NA	84	60975	0.001378	24415	24531
A24424T C24503-T	S:Q954H NA	84	61219	0.001372	24413	24518
A23762G C23854A	S:T734A S:N764K	84	37594	0.002234	23747	23873
T25140+A	NA	83	61158	0.001357	25130	25153
T23489C C23525T T23599G C23604A	S:F643L S:H655Y S:N679K S:P681H	83	75851	0.001094	23487	23624
G22813T G22895C T22896C G22898A T22942G	S:K417N S:V445P S:V445P S:G446S S:N460K	83	18114	0.004582	22808	22949
C25517-T	NA	83	23127	0.003589	25372	25529
A24424T T24472-G	S:Q954H NA	83	61624	0.001347	24412	24564
T23509C C23525T T23599G C23604A	S:C649C S:H655Y S:N679K S:P681H	82	77777	0.001054	23487	23624
T23500C C23525T T23599G C23604A	S:R646R S:H655Y S:N679K S:P681H	82	76592	0.001071	23496	23637
G22104-A C22120-A	NA NA	82	2441	0.033593	22049	22182
C24466+A	NA	82	64621	0.001269	24465	24475
C23525T C23551T T23599G C23604A	S:H655Y S:D663D S:N679K S:P681H	82	77968	0.001052	23505	23614
A24424T T24438+A	S:Q954H NA	82	62431	0.001313	24418	24449
C23525T T23527C T23599G C23604A	S:H655Y S:H655Y S:N679K S:P681H	81	77968	0.001039	23508	23624
C23525T A23532G T23599G C23604A	S:H655Y S:N657S S:N679K S:P681H	81	77968	0.001039	23487	23624
A25315G	S:G1251G	81	91474	0.000885	25291	25325
A25247G	S:M1229V	81	87631	0.000924	25227	25256
A25241G	S:I1227V	81	87419	0.000927	25219	25325
A24424T C24455-A	S:Q954H NA	81	62079	0.001305	24413	24466
G22813T T22882G G22895C T22896C G22898A T22900-G	S:K417N S:N440K S:V445P S:V445P S:G446S NA	80	22331	0.003582	22810	22914
C24503-T	NA	80	65546	0.001221	24481	24515
G25135+A C25262-T	NA NA	79	57447	0.001375	25130	25325
G22813T T22882G G22895C T22896C G22898A A22924-T T22942G	S:K417N S:N440K S:V445P S:V445P S:G446S NA S:N460K	79	18114	0.004361	22808	22947
A25125G	S:E1188G	79	56452	0.001399	25122	25175
A23494G C23525T T23599G C23604A	S:Q644Q S:H655Y S:N679K S:P681H	79	76334	0.001035	23487	23622
T25191+A	NA	78	67376	0.001158	25130	25202
C23525T A23534G T23599G C23604A	S:H655Y S:N658D S:N679K S:P681H	78	77968	0.001	23492	23624
C23280T A23403G	S:T573I S:D614G	78	16741	0.004659	23269	23429
A25271G	S:M1237V	78	88979	0.000877	25245	25325
T25309C	S:S1249S	77	91329	0.000843	25298	25316
T25260C	S:M1233T	77	88266	0.000872	25253	25263
T25233C	S:L1224S	77	87060	0.000884	25219	25317
C24672-A G24690+T	NA NA	77	7650	0.010065	24623	24700
C23525T T23599G C23604A A23636G	S:H655Y S:N679K S:P681H S:I692V	77	75184	0.001024	23487	23637
C23525T T23573C T23599G C23604A	S:H655Y S:C671R S:N679K S:P681H	77	77968	0.000988	23508	23624
A23494T C23525T T23599G C23604A	S:Q644H S:H655Y S:N679K S:P681H	77	76334	0.001009	23488	23624
T25211C	S:W1217R	76	76913	0.000988	25205	25325
T25191-A G25218-T	NA NA	76	66536	0.001142	25141	25226
A25182G	S:E1207G	76	64335	0.001181	25130	25190
A23805G C23854A	S:E748G S:N764K	76	38455	0.001976	23781	23873
T25316-C	NA	75	91433	0.00082	25309	25320
G22813T T22882G G22895C	S:K417N S:N440K S:V445L	75	23309	0.003218	22808	22906
G22813T T22882G A22893C T22917G T22942G	S:K417N S:N440K S:K444T S:L452R S:N460K	75	18114	0.00414	22808	22949
C25546+T	NA	75	21924	0.003421	25375	25566
C24878-A C24981-T C25000T	NA NA S:D1146D	75	26781	0.0028	24872	25007
A21817-T A21875-T	NA NA	75	6821	0.010995	21785	21894
G24521+T	NA	74	65760	0.001125	24465	24535
A24902-T C24981-T C25000T	NA NA S:D1146D	74	27112	0.002729	24850	25012
A24424T T24469A G24488-T	S:Q954H S:N969K NA	74	61451	0.001204	24415	24552
T25242C	S:I1227T	73	87456	0.000835	25230	25259
G23519A C23525T T23599G C23604A	S:A653T S:H655Y S:N679K S:P681H	73	77928	0.000937	23487	23605
C23525T T23599G C23604A T23626C	S:H655Y S:N679K S:P681H S:A688A	73	76192	0.000958	23505	23633
C23525T C23565T T23599G C23604A	S:H655Y S:A668V S:N679K S:P681H	73	77968	0.000936	23509	23624
A25179G	S:Y1206C	73	63804	0.001144	25174	25183
A24424T T24469A A24525G	S:Q954H S:N969K S:E988G	73	60810	0.0012	24415	24546
A23852G C23854A	S:N764E S:N764E	73	40670	0.001795	23843	23891
A21764-TACATG A21875-T	S:DEL69/70 NA	73	6028	0.01211	21757	21973
T23850+A	NA	72	40766	0.001766	23746	23865
C23758T	S:T732T	72	41792	0.001723	23714	23762
A25137-T C25262-T	NA NA	72	57746	0.001247	25130	25281
A24424T T24469A C24517+A	S:Q954H S:N969K NA	72	60975	0.001181	24412	24525
A23800G C23854A	S:S746S S:N764K	72	38336	0.001878	23788	23873
A23524G C23525T T23599G C23604A	S:E654E S:H655Y S:N679K S:P681H	72	77963	0.000924	23501	23624
G23522-A C23525T T23599G C23604A	NA S:H655Y S:N679K S:P681H	70	77961	0.000898	23493	23624
C24517+A	NA	70	65740	0.001065	24465	24541
C23854A A23880G	S:N764K S:E773G	70	39186	0.001786	23848	23881
A24539+T	NA	70	65737	0.001065	24499	24556
A24424T T24469A C24536-A	S:Q954H S:N969K NA	70	60624	0.001155	24412	24564
G25166C	S:E1202Q	69	63511	0.001086	25157	25182
C24981-T A24994G C25000T	NA S:E1144E S:D1146D	69	28063	0.002459	24850	25033
C24320-A	NA	69	7277	0.009482	24314	24328
A25195G	S:K1211K	69	68387	0.001009	25191	25316
A25168G	S:E1202E	69	63537	0.001086	25162	25234
G25218+T	NA	68	83221	0.000817	25140	25238
C25452T	ORF3a:I20I	68	25532	0.002663	25372	25470
C23525T T23599G C23604A T23633C	S:H655Y S:N679K S:P681H S:S691P	68	75745	0.000898	23508	23635
C23525T T23599G C23604A G23612A	S:H655Y S:N679K S:P681H S:A684T	68	77934	0.000873	23508	23624
C23525T T23599G C23604A C23609T	S:H655Y S:N679K S:P681H S:R683W	68	77943	0.000872	23487	23624
A24424T T24469A A24516G	S:Q954H S:N969K S:D985G	68	61003	0.001115	24412	24554
A24424T C24466+A	S:Q954H NA	68	61760	0.001101	24413	24476
A24424T A24525G	S:Q954H S:E988G	68	60810	0.001118	24412	24555
A24324-AT	NA	68	7052	0.009643	24169	24335
G23804-A C23854A	NA S:N764K	67	38434	0.001743	23794	23895
G22813T T22917G T22942A	S:K417N S:L452R S:N460K	67	18114	0.003699	22801	22949
C24878-A	NA	67	29642	0.00226	24857	24889
C23525T T23599G C23604A A23627G	S:H655Y S:N679K S:P681H S:S689G	67	76134	0.00088	23516	23629
C23525T T23596C T23599G C23604A	S:H655Y S:T678T S:N679K S:P681H	67	77968	0.000859	23487	23624
A24885+T	NA	67	29479	0.002273	24867	24897
T25191-A G25278-T	NA NA	66	65720	0.001004	25130	25316
T23487C C23525T T23599G C23604A	Unknown S:H655Y S:N679K S:P681H	66	42591	0.00155	23486	23629
G24858A C24981-T C25000T	S:G1099D NA S:D1146D	66	26381	0.002502	24850	25009
C25262-TT G25290T	NA S:C1243F	66	88067	0.000749	25126	25307
A25190+G	NA	66	65598	0.001006	25183	25305
G24858A	S:G1099D	65	29489	0.002204	24850	24885
G22813T G22841T T22882G G22895C T22896C G22898A T22942G	S:K417N S:D427Y S:N440K S:V445P S:V445P S:G446S S:N460K	65	18114	0.003588	22801	22944
A25201G	S:P1213P	65	70520	0.000922	25197	25222
A24424T T24469A T24482C	S:Q954H S:N969K S:S974P	65	61526	0.001056	24412	24509
A24424T T24448C	S:Q954H S:L962L	65	62226	0.001045	24415	24515
T25159C	S:D1199D	64	63304	0.001011	25145	25169
C25169-T	NA	64	63547	0.001007	25159	25183
C24981-T C25000T T25021-A	NA S:D1146D NA	64	27479	0.002329	24852	25037
C23525T A23554G T23599G C23604A	S:H655Y S:I664M S:N679K S:P681H	64	77968	0.000821	23487	23624
C23525T A23535G T23599G C23604A	S:H655Y S:N658S S:N679K S:P681H	64	77968	0.000821	23508	23629
A23013C T23018C T23019C T23031C A23055G A23063T T23075C	S:E484A S:F486P S:F486P S:F490S S:Q498R S:N501Y S:Y505H	64	1840	0.034783	23008	23092
T25191-A G25218-T C25262-TT	NA NA NA	63	65994	0.000955	25130	25320
G22813T T22882G G22895C G22898A T22942G	S:K417N S:N440K S:V445L S:G446S S:N460K	63	18114	0.003478	22801	22944
C24431-A	NA	63	63703	0.000989	24428	24445
C23525T T23581C T23599G C23604A	S:H655Y S:S673S S:N679K S:P681H	63	77968	0.000808	23487	23624
C23525T T23553C T23599G C23604A	S:H655Y S:I664T S:N679K S:P681H	63	77968	0.000808	23508	23624
A25277G	S:S1239G	63	89349	0.000705	25260	25325
A23712-T	NA	63	42955	0.001467	23705	23723
T25560C	ORF3a:F56F	62	21324	0.002908	25375	25566
T25191-A G25218-T C25262-T	NA NA NA	62	65994	0.000939	25130	25280
G22813T G22895C T22896C G22898A	S:K417N S:V445P S:V445P S:G446S	62	22379	0.00277	22801	22907
C25292+G	NA	62	90229	0.000687	25284	25322
C25151+A	NA	62	62075	0.000999	25144	25219
C24632-T	NA	62	8923	0.006948	24612	24664
C23525T T23569C T23599G C23604A	S:H655Y S:G669G S:N679K S:P681H	62	77968	0.000795	23487	23624
A25255G	S:T1231T	62	88034	0.000704	25221	25286
A24424T A24516G	S:Q954H S:D985G	62	61003	0.001016	24415	24554
A23845G C23854A	S:T761T S:N764K	62	40311	0.001538	23835	23873
A23495G C23525T T23599G C23604A	S:T645A S:H655Y S:N679K S:P681H	62	76348	0.000812	23487	23624
G24868-T C25000T	NA S:D1146D	61	26586	0.002294	24856	25065
C23525T T23599G C23604A A23618G	S:H655Y S:N679K S:P681H S:S686G	61	77894	0.000783	23487	23633
A25531-T	NA	61	22192	0.002749	25378	25552
A25472-T G25555-T	NA NA	61	21364	0.002855	25372	25566
A25208+T	NA	61	74421	0.00082	25130	25264
A24424T T24511C	S:Q954H S:R983R	61	61083	0.000999	24413	24564
A24424T G24521+T	S:Q954H NA	61	60885	0.001002	24413	24564
A24424T G24497A	S:Q954H S:D979N	61	61348	0.000994	24412	24564
A24424T A24532G	S:Q954H S:E990E	61	60713	0.001005	24413	24564
A23513G C23525T T23599G C23604A	S:I651V S:H655Y S:N679K S:P681H	61	77831	0.000784	23501	23624
T25129C	S:V1189V	60	57111	0.001051	25124	25167
G25323A	S:C1254Y	60	90387	0.000664	25240	25325
G23735+A	NA	60	42351	0.001417	23713	23746
G22813T T22882G G22895C T22896C G22898A T22942G A22948-C	S:K417N S:N440K S:V445P S:V445P S:G446S S:N460K NA	60	17553	0.003418	22801	22955
C25199T	S:P1213S	60	69486	0.000863	25190	25206
C23709+A	NA	60	43044	0.001394	23694	23725
C23525T A23558G T23599G	S:H655Y S:I666V S:N679K	60	78007	0.000769	23487	23603
C23496T C23525T T23599G C23604A	S:T645I S:H655Y S:N679K S:P681H	60	76366	0.000786	23487	23624
A25146G	S:E1195G	60	61825	0.00097	25130	25200
A24468-T T24470A	NA S:F970I	60	64498	0.00093	24465	24487
A23013C T23019C T23031C A23055G A23063T T23075C	S:E484A S:F486S S:F490S S:Q498R S:N501Y S:Y505H	60	1840	0.032609	23008	23106
G25305A	S:C1248Y	59	91206	0.000647	25255	25323
G23508+T C23525T T23599G C23604A	NA S:H655S S:N679* S:P681Y	59	77572	0.000761	23486	23624
A24424T T24469A C24536-AA	S:Q954H S:N969K NA	59	60624	0.000973	24412	24564
A23013C T23018G A23063T T23075C	S:E484A S:F486V S:N501Y S:Y505H	59	1840	0.032065	23011	23147
T25280C	S:C1240R	58	89538	0.000648	25254	25322
T25161C	S:L1200P	58	63402	0.000915	25153	25169
C23854A A23886G	S:N764K S:D775G	58	38304	0.001514	23841	23895
C21618T	S:T19I	58	1582	0.036662	21586	21620
A24424T T24469A T24552C	S:Q954H S:N969K S:I997T	58	60301	0.000962	24413	24554
A24424T G24428A T24469A	S:Q954H S:A956T S:N969K	58	61712	0.00094	24416	24554
A24424T C24435+T	S:Q954H NA	58	62485	0.000928	24413	24454
A24424T A24433G T24469A	S:Q954H S:Q957Q S:N969K	58	61712	0.00094	24416	24554
C25416T A25472-T G25555-T	ORF3a:F8F NA NA	57	21364	0.002668	25372	25563
C24422-A T24469A	NA S:N969K	57	61699	0.000924	24413	24550
C23758+A C23887-A	NA NA	57	35246	0.001617	23705	23895
C23334-T A23403G G23426A	NA S:D614G S:V622I	57	17301	0.003295	23270	23434
A24978G C25000T	S:D1139G S:D1146D	57	28015	0.002035	24948	25033
A24922+T C24981-T C25000T	NA NA S:D1146S	57	27283	0.002089	24872	25010
A24424T T24469A A24520G	S:Q954H S:N969K S:K986K	57	60937	0.000935	24416	24554
A23403G T23411-G	S:D614G NA	57	18187	0.003134	23353	23434
T25288C	S:S1242S	56	89958	0.000623	25268	25297
G23516T C23525T A23598G T23599G C23604A	S:G652W S:H655Y S:N679R S:N679R S:P681H	56	77885	0.000719	23501	23624
C25000T C25066T	S:D1146D S:D1168D	56	26734	0.002095	24907	25068
C23816+T	NA	56	40846	0.001371	23689	23827
C23525T T23559C T23599G C23604A	S:H655Y S:I666T S:N679K S:P681H	56	77968	0.000718	23493	23624
C23525T C23557T A23558-T T23599G C23604A	S:H655Y S:P665P NA S:N679K S:P681H	56	77968	0.000718	23505	23637
C23525T C23556T T23599G C23604A	S:H655Y S:P665L S:N679K S:P681H	56	77968	0.000718	23487	23637
C23525T A23583G T23599G C23604A	S:H655Y S:Y674C S:N679K S:P681H	56	77968	0.000718	23501	23637
C23275T A23403G	S:D571D S:D614G	56	16693	0.003355	23273	23423
A23767+T C23854A	NA S:N764K	56	37628	0.001488	23755	23873
A22798+G G22813T T22882G A22893C T22917G	NA S:K417N S:N440Q S:K444S S:L452R	56	20653	0.002711	22793	22928
A21764-TACATG C21781-A	S:DEL69/70 NA	56	6354	0.008813	21757	21874
T25215C	S:L1218P	55	80343	0.000685	25191	25325
T22882G T22942A	S:N440K S:N460K	55	19018	0.002892	22867	22949
A25164G	S:Q1201R	55	63492	0.000866	25152	25247
A24424T C24536T	S:Q954H S:Q992*	55	60624	0.000907	24412	24564
A24424T A24520G	S:Q954H S:K986K	55	60937	0.000903	24413	24554
T25209C	S:I1216T	54	74822	0.000722	25192	25244
T25196-G	NA	54	68511	0.000788	25158	25218
G25299A	S:G1246D	54	90741	0.000595	25227	25308
G25238A	S:A1226T	54	87289	0.000619	25219	25316
G23499A C23525T T23599G C23604A	S:R646H S:H655Y S:N679K S:P681H	54	76476	0.000706	23487	23619
G22813T T22882G A22893C G22898A T22917G T22942G	S:K417N S:N440K S:K444T S:G446S S:L452R S:N460K	54	18114	0.002981	22801	22944
C25267T	S:C1235C	54	88696	0.000609	25217	25324
C23854A A23888G	S:N764K S:K776E	54	38152	0.001415	23850	23893
C23525T G23576A T23599G C23604A	S:H655Y S:A672T S:N679K S:P681H	54	77968	0.000693	23487	23624
A25182G C25262-T	S:E1207G NA	54	62487	0.000864	25130	25316
A25147G	S:E1195E	54	61825	0.000873	25141	25170
A24424T T24470-TTG	S:Q954H S:DEL971	54	61630	0.000876	24420	24563
A24424T T24469A T24504C	S:Q954H S:N969K S:L981P	54	61208	0.000882	24412	24552
A24424T T24469A A24551G	S:Q954H S:N969K S:I997V	54	60348	0.000895	24415	24554
A23756G C23854A	S:T732A S:N764K	54	37557	0.001438	23699	23873
T25382-A	NA	53	26435	0.002005	25372	25393
T25248C	S:M1229T	53	87667	0.000605	25220	25325
T23510C C23525T T23599G C23604A	S:L650L S:H655Y S:N679K S:P681H	53	77801	0.000681	23487	23624
T23487G C23525T T23599G C23604A	Unknown S:H655Y S:N679K S:P681H	53	42591	0.001244	23486	23624
G25173-A	NA	53	63627	0.000833	25143	25194
G23835-T	NA	53	40519	0.001308	23767	23850
C25487T	ORF3a:T32I	53	24647	0.00215	25381	25490
C24899-A	NA	53	29168	0.001817	24872	24909
C24672-A T24689G G24690T	NA S:C1043V S:C1043V	53	7650	0.006928	24635	24699
C23525T T23599G C23604A C23613T	S:H655Y S:N679K S:P681H S:A684V	53	77929	0.00068	23520	23624
C23525T T23560C T23599G C23604A	S:H655Y S:I666I S:N679K S:P681H	53	77968	0.00068	23487	23624
A25182G G25198-C	S:E1207G NA	53	63545	0.000834	25171	25312
A25154G	S:I1198V	53	63011	0.000841	25145	25171
A24424T T24469A A24554G	S:Q954H S:N969K S:T998A	53	60109	0.000882	24415	24564
A23403G C23439T	S:D614G S:A626V	53	17097	0.0031	23396	23443
T24756C	S:V1065A	52	9109	0.005709	24723	24776
T23850+A C23887-A	NA NA	52	38155	0.001363	23683	23895
G24868-T	NA	52	29645	0.001754	24852	24878
C25262-T T25303C	NA S:C1247C	52	87903	0.000592	25130	25325
C24899-A C25000T	NA S:D1146D	52	27064	0.001921	24890	25061
A25259G	S:M1233V	52	88248	0.000589	25252	25316
A25235G	S:I1225V	52	87178	0.000596	25219	25314
A25174G	S:G1204G	52	63652	0.000817	25162	25205
A24885-T C24981-T C25000T	NA NA S:D1146D	52	26829	0.001938	24871	25016
A24424T A24443G T24469A	S:Q954H S:T961A S:N969K	52	61712	0.000843	24416	24542
A21764-TACATG A21817-T A21834-T	S:DEL69/70 NA NA	52	6205	0.00838	21757	21846
T25148C	S:S1196P	51	61844	0.000825	25135	25153
G22813T T22882G G22895C T22896C	S:K417N S:N440K S:V445P S:V445P	51	22393	0.002277	22808	22906
C24435+T	NA	51	63846	0.000799	24428	24445
C23825+A	NA	51	40683	0.001254	23690	23835
C23525T T23578C T23599G C23604A	S:H655Y S:A672A S:N679K S:P681H	51	77968	0.000654	23508	23624
C22120-A A22161-T	NA NA	51	2722	0.018736	22049	22180
A25208+T C25262-T	NA NA	51	73760	0.000691	25150	25325
A24424T T24504C	S:Q954H S:L981P	51	61208	0.000833	24413	24564
A24424T C24536-AA	S:Q954H NA	51	60624	0.000841	24412	24564
A24424T A24453G T24469A	S:Q954H S:K964R S:N969K	51	61712	0.000826	24412	24552
A21764-TACATG A21817-T A21834-T A21875-T	S:DEL69/70 NA NA NA	51	6028	0.008461	21757	21967
T24472-G	NA	50	64650	0.000773	24455	24554
G25135+A C25262-TT	NA NA	50	57447	0.00087	25130	25309
G23735A C23854A	S:E725K S:N764K	50	37339	0.001339	23720	23891
C24536-AA	NA	50	65711	0.000761	24517	24552
C23525T T23599G C23604A G23607A	S:H655Y S:N679K S:P681H S:R682Q	50	77944	0.000641	23502	23624
C23525T T23599G C23604A C23615T	S:H655Y S:N679K S:P681H S:R685C	50	77912	0.000642	23487	23624
C23525T T23571C T23599G C23604A	S:H655Y S:I670T S:N679K S:P681H	50	77968	0.000641	23499	23634
C23525T A23597G T23599G C23604A	S:H655Y S:N679E S:N679E S:P681H	50	77968	0.000641	23501	23624
A25420+T	NA	50	26077	0.001917	25376	25432
A25235-T	NA	50	87178	0.000574	25224	25307
A24424T T24469A A24562G	S:Q954H S:N969K S:R1000R	50	59478	0.000841	24412	24564
A24424T T24469A A24498G	S:Q954H S:N969K S:D979G	50	61323	0.000815	24413	24558
A24318-C	NA	50	7376	0.006779	24310	24332
A23779G C23854A	S:T739T S:N764K	50	37786	0.001323	23729	23892
T23075C	S:Y505H	49	2470	0.019838	23071	23207
T22882G G22898A T22942G	S:N440K S:G446S S:N460K	49	19018	0.002577	22854	22966
G25527+C	NA	49	22407	0.002187	25372	25537
C23854A A23881G	S:N764K S:E773E	49	39144	0.001252	23841	23891
C23854A A23870G	S:N764K S:I770V	49	39988	0.001225	23836	23873
C23525T T23599G C23604A G23608A	S:H655Y S:N679K S:P681H S:R682R	49	77944	0.000629	23501	23624
A25246G	S:V1228V	49	87609	0.000559	25191	25320
A25133G	S:K1191E	49	60402	0.000811	25130	25157
A24885-T C25000T	NA S:D1146D	49	26829	0.001826	24872	25012
A24556+G	NA	49	64984	0.000754	24537	24564
T25191-A C25262-T G25278-T	NA NA NA	48	65720	0.00073	25130	25290
G25218+T C25262-T	NA NA	48	82676	0.000581	25130	25325
G25177+A	NA	48	63718	0.000753	25167	25188
C23492+A C23525T T23599G C23604A	NA S:H655S S:N679* S:P681Y	48	75942	0.000632	23486	23622
A24424T T24469A C24536T	S:Q954H S:N969K S:Q992*	48	60624	0.000792	24415	24564
A24424T T24447C T24469A	S:Q954H S:L962P S:N969K	48	61712	0.000778	24413	24552
A24424T A24556+G	S:Q954H NA	48	59721	0.000804	24412	24564
A23013C T23018G A23055G T23075C	S:E484A S:F486V S:Q498R S:Y505H	48	1840	0.026087	23009	23081
T23817C C23854A	S:L752P S:N764K	47	38708	0.001214	23809	23873
T22917G T22942A	S:L452R S:N460K	47	20439	0.0023	22909	22948
T21934-A	NA	47	7403	0.006349	21916	21957
G25218-T C25262-TT G25278-T	NA NA NA	47	82391	0.00057	25135	25324
G25177-T	NA	47	63718	0.000738	25122	25186
G23384-T A23403G	NA S:D614G	47	18066	0.002602	23371	23412
G22813T T22882G G22895C T22896C T22942G	S:K417N S:N440K S:V445P S:V445P S:N460K	47	18114	0.002595	22803	22944
G22813T T22882G A22910G T22917G	S:K417N S:N440K S:N450D S:L452R	47	21262	0.002211	22793	22966
A25206G	S:Y1215C	47	72028	0.000653	25194	25316
A25137-T C25262-TT	NA NA	47	57746	0.000814	25130	25324
A24885+T C25000T	NA S:D1146S	47	26829	0.001752	24850	25046
A24253-T A24323-AAT	NA S:DEL922	47	6718	0.006996	24154	24337
A23834G C23854A	S:S758G S:N764K	47	39413	0.001192	23827	23873
A21764-TACATG T21775-G A21817-T	S:DEL69/70 NA NA	47	6271	0.007495	21757	21849
T23798C C23854A	S:S746P S:N764K	46	38237	0.001203	23781	23892
G25401+T	NA	46	26392	0.001743	25382	25411
G23501A C23525T T23599G C23604A	S:A647T S:H655Y S:N679K S:P681H	46	76648	0.0006	23487	23612
G22813T T22861C T22882G G22898A	S:K417N S:V433V S:N440K S:G446S	46	22379	0.002055	22793	22912
C25239T	S:A1226V	46	87344	0.000527	25219	25307
C23854A A23869G	S:N764K S:G769G	46	40029	0.001149	23836	23885
C23525T T23599G T23602-C T23605A	S:H655Y S:N679K NA S:P681P	46	77952	0.00059	23505	23642
C23525T T23540C T23599G C23604A	S:H655Y S:Y660H S:N679K S:P681H	46	77968	0.00059	23492	23624
A25175G	S:K1205E	46	63704	0.000722	25169	25179
A24424T T24451+A T24469A	S:Q954H NA S:N969Q	46	61712	0.000745	24412	24552
A24424T T24450C	S:Q954H S:V963A	46	62198	0.00074	24412	24552
A24424T A24441G T24469A	S:Q954H S:N960S S:N969K	46	61712	0.000745	24413	24555
A23712+T C23887-A	NA NA	46	34835	0.001321	23683	23895
A21764-TACATG T21934-A	S:DEL69/70 NA	46	5970	0.007705	21757	21943
T25258C	S:I1232I	45	88187	0.00051	25225	25307
T25245C	S:V1228A	45	87567	0.000514	25223	25323
T25210C	S:I1216I	45	76458	0.000589	25199	25325
G25261A	S:M1233I	45	88361	0.000509	25223	25324
G22813T T22882G A22893C T22917G G22927-T	S:K417N S:N440K S:K444T S:L452R NA	45	20403	0.002206	22793	22937
G22158-T	NA	45	3310	0.013595	22134	22191
G22133-A	NA	45	3115	0.014446	22123	22180
C25282T	S:C1240C	45	89613	0.000502	25240	25324
C25131T	S:A1190V	45	60079	0.000749	25122	25160
C23709-A	NA	45	43044	0.001045	23703	23720
C23525T A23570G T23599G C23604A	S:H655Y S:I670V S:N679K S:P681H	45	77968	0.000577	23502	23624
C23492-A	NA	45	81054	0.000555	23488	23507
A25256+T	NA	45	88072	0.000511	25222	25276
A24560G	S:R1000G	45	64791	0.000695	24530	24564
A24424T T24469A C24517A	S:Q954H S:N969K S:D985E	45	60975	0.000738	24415	24546
A24424T A24518G	S:Q954H S:K986E	45	60966	0.000738	24414	24530
A24323-AAT	S:DEL922	45	7146	0.006297	24164	24337
T25205C	S:Y1215H	44	71627	0.000614	25201	25325
T24417C A24424T T24469A	S:V952A S:Q954H S:N969K	44	61549	0.000715	24412	24527
T24417C A24424T	S:V952A S:Q954H	44	62451	0.000705	24412	24555
G25287-T G25302-T	NA NA	44	89719	0.00049	25270	25324
G25269A	S:C1236Y	44	88846	0.000495	25228	25323
G23508+T	NA	44	82602	0.000533	23487	23518
C25416T T25446C	ORF3a:F8F ORF3a:G18G	44	25675	0.001714	25372	25528
C25276T	S:T1238T	44	89273	0.000493	25254	25317
C24150+T	NA	44	7120	0.00618	24148	24161
C23525T T23599G C23604A A23639G	S:H655Y S:N679K S:P681H S:I693V	44	73489	0.000599	23493	23642
C23525T T23599G C23604A A23632G	S:H655Y S:N679K S:P681H S:Q690Q	44	75782	0.000581	23487	23638
A25158G	S:D1199G	44	63295	0.000695	25151	25253
A24539-T	NA	44	65737	0.000669	24532	24563
A24424T T24469A T24511C	S:Q954H S:N969K S:R983R	44	61083	0.00072	24412	24564
A24424T A24498G	S:Q954H S:D979G	44	61323	0.000718	24412	24546
A24424T A24468-T T24470A	S:Q954H NA S:F970I	44	61630	0.000714	24412	24564
T22882G G22895C G22898A	S:N440K S:V445L S:G446S	43	23323	0.001844	22842	22906
T22882G A22893C	S:N440K S:K444T	43	24475	0.001757	22817	22896
G23835-T C23887-A	NA NA	43	37061	0.00116	23699	23895
G22813T T22896C G22898A T22942G	S:K417N S:V445A S:G446S S:N460K	43	18114	0.002374	22797	22948
G22813T T22882G A22914-C T22942A	S:K417N S:N440K NA S:N460K	43	18114	0.002374	22793	22949
C25184T	S:Q1208*	43	64463	0.000667	25177	25188
C25163+A	NA	43	63456	0.000678	25145	25177
C24431+A	NA	43	63703	0.000675	24415	24445
C23525T T23599G C23604A G23624A	S:H655Y S:N679K S:P681H S:A688T	43	77799	0.000553	23501	23629
C23525T T23542-G T23599G C23604A	S:H655Y NA S:N679K S:P681H	43	77968	0.000552	23505	23605
C23525T A23579G T23599G C23604A	S:H655Y S:S673G S:N679K S:P681H	43	77968	0.000552	23508	23624
A25397-T	NA	43	26445	0.001626	25377	25423
A25325G	Unknown	43	89770	0.000479	25312	25325
A24902-T C25000T	NA S:D1146D	43	27112	0.001586	24893	25003
A24424T T24489C	S:Q954H S:V976A	43	61441	0.0007	24412	24564
A24424T A24539+T	S:Q954H NA	43	60583	0.00071	24417	24550
A24424T A24454G	S:Q954H S:K964K	43	62089	0.000693	24412	24508
T25236C	S:I1225T	42	87223	0.000482	25220	25264
T25224C	S:I1221T	42	86167	0.000487	25212	25314
T25202C	S:W1214R	42	70829	0.000593	25198	25325
T25191+A C25262-T	NA NA	42	65994	0.000636	25130	25282
G24971+T	NA	42	28605	0.001468	24872	24981
C25416T T25519C	ORF3a:F8F ORF3a:F43L	42	22964	0.001829	25372	25539
C25000T C25046T	S:D1146D S:P1162S	42	27201	0.001544	24943	25064
A25410G C25416T	ORF3a:R6R ORF3a:F8F	42	26144	0.001606	25372	25514
A25208G	S:I1216V	42	74421	0.000564	25200	25325
A25190G	S:I1210V	42	65598	0.00064	25186	25325
A24520G	S:K986K	42	65780	0.000638	24492	24535
T25155C	S:I1198T	41	63124	0.00065	25130	25189
T23781C C23854A	S:M740T S:N764K	41	37806	0.001084	23743	23881
T23750C C23854A	S:S730P S:N764K	41	37503	0.001093	23684	23881
G22813T T22882G T22896C T22942G	S:K417N S:N440K S:V445A S:N460K	41	18114	0.002263	22803	22949
C25517-T G25555-T	NA NA	41	21364	0.001919	25372	25566
C25132+A C25262-T	NA NA	41	57146	0.000717	25124	25314
C25000T A25065G	S:D1146D S:D1168G	41	26803	0.00153	24959	25069
C24865T C25000T	S:H1101H S:D1146D	41	26499	0.001547	24850	25046
A24922+T C25000T	NA S:D1146S	41	27283	0.001503	24850	25018
A24424T T24514C	S:Q954H S:L984L	41	61040	0.000672	24412	24558
A24424T A24554G	S:Q954H S:T998A	41	60109	0.000682	24412	24564
A24424T A24468-T	S:Q954H NA	41	61727	0.000664	24413	24554
A24423+T	NA	41	62613	0.000655	24416	24430
A23403G A23436G	S:D614G S:H625R	41	17120	0.002395	23394	23443
T25221C	S:F1220S	40	85647	0.000467	25147	25268
T24470-TTG	S:DEL971	40	64595	0.000619	24449	24564
T22882G A22893C T22917G T22942A	S:N440K S:K444T S:L452R S:N460K	40	19018	0.002103	22859	22949
G25278A	S:S1239N	40	89407	0.000447	25256	25320
G24992-A	NA	40	28420	0.001407	24984	25068
G24944+T C24981-T C25000T	NA NA S:D1146S	40	27540	0.001452	24850	25018
C25416T G25540+T	ORF3a:F8F NA	40	22007	0.001818	25372	25562
C24981-T C25000T A25056-T	NA S:D1146D NA	40	26824	0.001491	24850	25061
C23854A T23878C	S:N764K S:V772V	40	39240	0.001019	23845	23891
C23854A T23877C	S:N764K S:V772A	40	39308	0.001018	23849	23888
C23525T T23599G C23604A C23625T	S:H655Y S:N679K S:P681H S:A688V	40	77779	0.000514	23487	23642
C23492-A C23525T T23599G C23604A	NA S:H655Y S:N679K S:P681H	40	75942	0.000527	23489	23624
A24922-T	NA	40	28934	0.001382	24867	24932
A24902-T C24981-T	NA NA	40	27600	0.001449	24852	24996
A24424T T24552C	S:Q954H S:I997T	40	60301	0.000663	24412	24564
A24424T C24435+T T24469A	S:Q954H NA S:N969Q	40	61712	0.000648	24413	24552
A24424T A24562G	S:Q954H S:R1000R	40	59478	0.000673	24416	24564
A23810G C23854A	S:S750G S:N764K	40	38566	0.001037	23798	23881
A23319G A23403G	S:D586G S:D614G	40	17695	0.002261	23296	23429
T25161C C25262-T	S:L1200P NA	39	60699	0.000643	25130	25325
T24417C A24424T G24557C	S:V952A S:Q954H S:G999R	39	59511	0.000655	24412	24558
T23748C C23854A	S:V729A S:N764K	39	37474	0.001041	23709	23891
G25284-T	NA	39	89708	0.000435	25277	25320
G25249A	S:M1229I	39	87701	0.000445	25221	25316
G22809-A G22813T T22882G G22895C T22896C G22898A	NA S:K417N S:N440K S:V445P S:V445P S:G446S	39	22321	0.001747	22793	22907
C25416T A25531-T	ORF3a:F8F NA	39	22192	0.001757	25372	25550
C24422-A A24425T T24469A	NA S:N955Y S:N969K	39	61699	0.000632	24412	24544
C23525T T23599G C23604A G23610A	S:H655Y S:N679K S:P681H S:R683Q	39	77939	0.0005	23499	23634
A25201+T	NA	39	70520	0.000553	25194	25325
A25194G	S:K1211R	39	68164	0.000572	25172	25325
A24518G	S:K986E	39	65772	0.000593	24506	24564
A24424T T24469A A24543G	S:Q954H S:N969K S:D994G	39	60530	0.000644	24412	24564
A24424T T24450C T24469A	S:Q954H S:V963A S:N969K	39	61712	0.000632	24415	24564
A24424T C24517A	S:Q954H S:D985E	39	60975	0.00064	24412	24564
A23786-T C23816-T C23854A	NA NA S:N764K	39	37865	0.00103	23699	23891
A23786+T C23887-A	NA NA	39	35529	0.001098	23699	23895
A23063T T23075C	S:N501Y S:Y505H	39	2356	0.016553	23059	23121
A23055G A23063T T23075C	S:Q498R S:N501Y S:Y505H	39	2312	0.016869	23050	23157
A22798+G G22813T T22882G G22895C T22896C G22898A	NA S:K417N S:N440Q S:V445P S:V445P S:G446R	39	21750	0.001793	22793	22906
T25139C	S:L1193L	38	61108	0.000622	25130	25158
T24417C A24424T T24469A G24557C	S:V952A S:Q954H S:N969K S:G999R	38	59511	0.000639	24412	24564
T23794C C23854A	S:G744G S:N764K	38	38090	0.000998	23776	23891
T23689+A	NA	38	42291	0.000899	23683	23707
T23599G C23604A C23635T	S:N679K S:P681H S:S691S	38	76700	0.000495	23487	23639
T23511+A	NA	38	82759	0.000459	23492	23520
T23338-G A23403G	NA S:D614G	38	17829	0.002131	23296	23434
G25287-T T25289C	NA S:C1243R	38	89892	0.000423	25276	25320
G25204A	S:W1214*	38	71142	0.000534	25188	25324
G24434+C	NA	38	63771	0.000596	24413	24451
G22813T T22882G A22941-T	S:K417N S:N440K NA	38	18196	0.002088	22800	22957
G22403-A	NA	38	4319	0.008798	22368	22414
C25324T	S:C1254C	38	90352	0.000421	25308	25324
C24672-AA	NA	38	8861	0.004288	24618	24688
C23854G	S:N764K	38	40671	0.000934	23848	23873
C23854A A23883G	S:N764K S:Q774R	38	38632	0.000984	23844	23892
C23525T T23599G C23604A T23637-C	S:H655Y S:N679K S:P681H NA	38	75085	0.000506	23492	23642
C23525T T23563+C T23599G C23604A	S:H655Y NA S:N679* S:P681Y	38	77968	0.000487	23487	23633
C23334-T G23426A	NA S:V622I	38	17301	0.002196	23269	23429
A25225G	S:I1221M	38	86307	0.00044	25219	25264
A24516G	S:D985G	38	65747	0.000578	24510	24541
A24424T T24506C	S:Q954H S:S982P	38	61186	0.000621	24415	24562
A23777G C23854A	S:T739A S:N764K	38	37756	0.001006	23753	23895
A23321+T	NA	38	18788	0.002023	23294	23330
A21875-T	NA	38	6963	0.005457	21834	21911
A21817-T A21834-T	NA NA	38	7060	0.005382	21770	21863
T25279C	S:S1239S	37	89491	0.000413	25264	25325
T25140+A C25262-T	NA NA	37	58004	0.000638	25130	25281
T24511C	S:R983R	37	65703	0.000563	24482	24539
T24469A G24488-T	S:N969K NA	37	64294	0.000575	24465	24522
T22882G T22942G	S:N440K S:N460K	37	19018	0.001946	22867	22949
G25218-T G25278-T	NA NA	37	82391	0.000449	25131	25325
G24497A	S:D979N	37	65477	0.000565	24488	24548
G24416A	S:V952I	37	62292	0.000594	24412	24492
G23508A C23525T T23599G C23604A	S:C649Y S:H655Y S:N679K S:P681H	37	77572	0.000477	23487	23637
C25416T A25431G	ORF3a:F8F ORF3a:V13V	37	25915	0.001428	25372	25474
C23854A T23875C	S:N764K S:A771A	37	39395	0.000939	23850	23895
C23525T A23588T T23599G C23604A	S:H655Y S:T676S S:N679K S:P681H	37	77968	0.000475	23487	23634
C23525T A23558G T23599G T23600C C23604A	S:H655Y S:I666V S:N679K S:S680P S:P681H	37	77968	0.000475	23501	23637
C23525T A23558G	S:H655Y S:I666V	37	79228	0.000467	23508	23562
C21552+A C21618T T21632-TACCCCCTG	NA S:T19F S:DEL25/27	37	992	0.037298	21545	21653
A25188G	S:Y1209C	37	65069	0.000569	25184	25250
A24424T T24482C	S:Q954H S:S974P	37	61526	0.000601	24413	24513
A24424T T24469A T24506C	S:Q954H S:N969K S:S982P	37	61186	0.000605	24413	24564
A24424T T24469A A24531G	S:Q954H S:N969K S:E990G	37	60731	0.000609	24416	24564
T25293-C	NA	36	90299	0.000399	25283	25318
T25220C	S:F1220L	36	85436	0.000421	25131	25320
T24689G G24690T	S:C1043V S:C1043V	36	9153	0.003933	24673	24699
T23490C C23525T T23599G C23604A	S:F643S S:H655Y S:N679K S:P681H	36	75896	0.000474	23487	23624
T23344C A23403G	S:G594G S:D614G	36	17840	0.002018	23285	23429
T22882G T22917G T22942A	S:N440K S:L452R S:N460K	36	19018	0.001893	22855	22953
G23522A C23525T T23599G C23604A	S:E654K S:H655Y S:N679K S:P681H	36	77961	0.000462	23487	23629
C25416T G25424-A	ORF3a:F8F NA	36	26031	0.001383	25372	25474
C25000T T25039-A	S:D1146D NA	36	27299	0.001319	24885	25068
C23854A G23868-A	S:N764K NA	36	40064	0.000899	23845	23873
C23709T C23854A	S:T716I S:N764K	36	37139	0.000969	23705	23880
C23525T T23599G C23604A C23609-G	S:H655Y S:N679K S:P681H NA	36	77943	0.000462	23487	23624
C23525T T23596+A T23599G C23604A	S:H655Y NA S:N679* S:P681Y	36	77968	0.000462	23508	23642
C23525T G23547A T23599G C23604A	S:H655Y S:C662Y S:N679K S:P681H	36	77968	0.000462	23487	23624
A25408G	ORF3a:R6G	36	26294	0.001369	25372	25475
A25393-TG C25416T	NA ORF3a:F8F	36	26144	0.001377	25372	25494
A25256+T C25262-T	NA NA	36	87961	0.000409	25122	25284
A25165G	S:Q1201Q	36	63513	0.000567	25145	25197
A24532G	S:E990E	36	65748	0.000548	24503	24558
A24424T T24469A A24508G	S:Q954H S:N969K S:S982S	36	61147	0.000589	24417	24552
A24424T T24464C	S:Q954H S:S968P	36	61789	0.000583	24412	24552
A23767G C23854A	S:S735S S:N764K	36	37628	0.000957	23727	23864
A21764-TACATG C21806T	S:DEL69/70 S:P82S	36	6299	0.005715	21757	21829
A21764-TACATG A21834-T	S:DEL69/70 NA	36	6205	0.005802	21757	21847
T25196-G C25262-T	NA NA	35	67364	0.00052	25122	25321
T25171C	S:L1203L	35	63593	0.00055	25144	25197
T24506C	S:S982P	35	65632	0.000533	24482	24519
T24505C	S:L981L	35	65620	0.000533	24480	24533
T23842C C23854A	S:C760C S:N764K	35	40063	0.000874	23787	23873
C25416T C25517-T	ORF3a:F8F NA	35	23127	0.001513	25372	25543
C25308-T	NA	35	91415	0.000383	25300	25323
C24672-A A24684-T G24693-A	NA NA NA	35	7460	0.004692	24612	24704
C23854A T23860C	S:N764K S:A766A	35	40374	0.000867	23843	23895
C23525T T23599G C23604A G23621A	S:H655Y S:N679K S:P681H S:V687I	35	77863	0.00045	23492	23624
C23525T C23557-A T23599G C23604A	S:H655Y NA S:N679K S:P681H	35	77968	0.000449	23501	23642
A25271-T	NA	35	88979	0.000393	25262	25323
A24920G C25000T	S:T1120A S:D1146D	35	27270	0.001283	24891	25064
A24860G C25000T	S:T1100A S:D1146D	35	26464	0.001323	24850	25012
A24424T T24487C	S:Q954H S:S975S	35	61468	0.000569	24412	24553
A24424T T24469A A24485G	S:Q954H S:N969K S:S975G	35	61477	0.000569	24413	24563
A24424T A24508G	S:Q954H S:S982S	35	61147	0.000572	24412	24564
A24424T A24454G T24469A	S:Q954H S:K964K S:N969K	35	61712	0.000567	24412	24564
A23756-C C23854A	NA S:N764K	35	37557	0.000932	23728	23881
A23372G A23403G	S:T604A S:D614G	35	17958	0.001949	23340	23434
T25382+A C25416T	NA ORF3a:F8L	34	26065	0.001304	25372	25424
T23776C C23854A	S:C738C S:N764K	34	37744	0.000901	23683	23895
T23693C C23854A	S:S711P S:N764K	34	36400	0.000934	23683	23895
G25313A	S:G1251R	34	91447	0.000372	25272	25324
G25290+C	NA	34	90070	0.000377	25282	25320
G25266A	S:C1235Y	34	88608	0.000384	25214	25276
G23499+T	NA	34	81620	0.000417	23487	23508
C25466-T	NA	34	25281	0.001345	25372	25475
C25262-T A25295G	NA S:K1245E	34	87982	0.000386	25251	25307
C25262-T A25274G	NA S:T1238A	34	88206	0.000385	25135	25323
C24632+T	NA	34	8923	0.00381	24626	24642
C23816-TT C23854A	NA S:N764K	34	38678	0.000879	23791	23885
C23816-T C23887-A	NA NA	34	36315	0.000936	23713	23895
C23809T C23854A	S:C749C S:N764K	34	38544	0.000882	23752	23892
C23525T C23533-A	S:H655Y NA	34	81335	0.000418	23508	23545
A25410G	ORF3a:R6R	34	26265	0.001294	25372	25415
A25247-T	NA	34	87631	0.000388	25226	25325
A25143G	S:N1194S	34	61523	0.000553	25130	25323
A24554G	S:T998A	34	65421	0.00052	24533	24564
A24508G	S:S982S	34	65670	0.000518	24494	24539
A24424T T24480C	S:Q954H S:I973T	34	61552	0.000552	24413	24564
A24424T T24469A T24489C	S:Q954H S:N969K S:V976A	34	61441	0.000553	24412	24558
A24424T G24428A	S:Q954H S:A956T	34	62568	0.000543	24413	24564
A24424T A24457G	S:Q954H S:Q965Q	34	61977	0.000549	24412	24554
A24424T A24432G T24469A	S:Q954H S:Q957R S:N969K	34	61712	0.000551	24416	24564
T25180C	S:Y1206Y	33	63822	0.000517	25169	25252
T25178C	S:Y1206H	33	63775	0.000517	25157	25311
T25170C	S:L1203P	33	63582	0.000519	25151	25181
T23823C C23854A	S:L754S S:N764K	33	38892	0.000849	23733	23881
T23698C C23854A	S:I712I S:N764K	33	36516	0.000904	23686	23881
T23341C A23403G	S:G593G S:D614G	33	17835	0.00185	23287	23429
G25314A	S:G1251E	33	91453	0.000361	25241	25316
G25234A	S:L1224L	33	87117	0.000379	25219	25324
G23793A C23854A	S:G744D S:N764K	33	38054	0.000867	23786	23873
G22577C G22578A G22599C C22664A C22674T T22679C	S:G339H S:G339H S:R346T S:L368I S:S371F S:S373P	33	234	0.141026	22558	22684
C25000T G25052A	S:D1146D S:V1164I	33	27061	0.001219	24952	25065
C23525T G23564A T23599G C23604A	S:H655Y S:A668T S:N679K S:P681H	33	77968	0.000423	23505	23624
C23525T C23530T T23599G C23604A	S:H655Y S:V656V S:N679K S:P681H	33	77968	0.000423	23493	23637
A25384G	S:*1274*	33	26495	0.001246	25372	25427
A25315+G	NA	33	91474	0.000361	25305	25324
A24994G	S:E1144E	33	28388	0.001162	24977	24999
A24525G	S:E988G	33	65772	0.000502	24511	24564
A24424T T24469A T24514C	S:Q954H S:N969K S:L984L	33	61040	0.000541	24412	24558
A23702G C23854A	S:I714V S:N764K	33	36967	0.000893	23683	23873
A23303G A23403G	S:T581A S:D614G	33	17674	0.001867	23294	23429
T25414C C25416T	ORF3a:F8L ORF3a:F8L	32	26144	0.001224	25372	25451
T25303-TG T25306G	NA S:C1248W	32	90953	0.000352	25288	25316
T24643-A C24672-A	NA NA	32	8742	0.00366	24637	24688
T24496-G	NA	32	65485	0.000489	24480	24511
T24469A C24536-A	S:N969K NA	32	63350	0.000505	24465	24561
T23830+G	NA	32	40565	0.000789	23683	23840
T23537C T23599G C23604A	S:S659P S:N679K S:P681H	32	78198	0.000409	23525	23619
T23514C C23525T T23599G C23604A	S:I651T S:H655Y S:N679K S:P681H	32	77848	0.000411	23487	23624
T23434-C	NA	32	17636	0.001814	23404	23443
G25278-T T25291C	NA S:C1243C	32	89284	0.000358	25130	25316
G24928A C25000T	S:V1122V S:D1146D	32	27334	0.001171	24893	25069
G23517A C23525T T23599G C23604A	S:G652E S:H655Y S:N679K S:P681H	32	77916	0.000411	23505	23624
G22813T T22882G T22917G T22942G	S:K417N S:N440K S:L452R S:N460K	32	18114	0.001767	22808	22949
C25433+T	NA	32	25896	0.001236	25372	25443
C25317T	S:S1252F	32	91434	0.00035	25290	25325
C25262-T T25293C	NA S:L1244P	32	88016	0.000364	25174	25325
C23825+A C23887-A	NA NA	32	36571	0.000875	23683	23895
C23525T T23599G C23604A T23641C	S:H655Y S:N679K S:P681H S:I693I	32	73249	0.000437	23487	23642
C23525T T23599G C23604A A23639+C	S:H655Y S:N679K S:P681H NA	32	73489	0.000435	23499	23642
A25379G	S:T1273A	32	26364	0.001214	25372	25480
A25185G	S:Q1208R	32	64459	0.000496	25173	25194
A25137+T C25262-T	NA NA	32	57746	0.000554	25130	25307
A24895G C25000T	S:E1111E S:D1146D	32	26996	0.001185	24872	25010
A24885-T	NA	32	29479	0.001086	24872	24900
A24424T T24469A T24529C	S:Q954H S:N969K S:A989A	32	60748	0.000527	24412	24548
A24424T T24469A T24513C	S:Q954H S:N969K S:L984P	32	61052	0.000524	24413	24515
A24424T T24469A T24499C	S:Q954H S:N969K S:D979D	32	61318	0.000522	24412	24564
A24424T T24469A A24556G	S:Q954H S:N969K S:T998T	32	59721	0.000536	24412	24564
A24424T G24434+C	S:Q954H NA	32	62521	0.000512	24413	24457
A24424T A24433G	S:Q954H S:Q957Q	32	62542	0.000512	24412	24440
A24424T A24430G T24469A	S:Q954H S:A956A S:N969K	32	61712	0.000519	24412	24564
A23732G C23854A	S:T724A S:N764K	32	37314	0.000858	23723	23895
A23720-T	NA	32	42770	0.000748	23701	23731
A23572G T23599G C23604A	S:I670M S:N679K S:P681H	32	78856	0.000406	23525	23637
A23312G A23403G	S:I584V S:D614G	32	17684	0.00181	23295	23412
A23013C T23018C T23019C T23031C A23055G	S:E484A S:F486P S:F486P S:F490S S:Q498R	32	1907	0.01678	23008	23061
T25473C G25555-T	ORF3a:D27D NA	31	21364	0.001451	25372	25566
T25285+A	NA	31	89772	0.000345	25276	25325
T25257G	S:I1232S	31	88142	0.000352	25230	25325
T25245-A	NA	31	87567	0.000354	25227	25261
T25171-G	NA	31	63593	0.000487	25158	25259
T24534C	S:V991A	31	65741	0.000472	24524	24564
T24492+A	NA	31	65442	0.000474	24465	24502
T23727C C23854A	S:V722A S:N764K	31	37274	0.000832	23705	23895
T23599G C23604A T23629C	S:N679K S:P681H S:S689S	31	77239	0.000401	23558	23633
G25281A	S:C1240Y	31	89572	0.000346	25225	25325
G25226A	S:A1222T	31	86467	0.000359	25218	25316
G23761-A	NA	31	41750	0.000743	23683	23772
G21578-T C21618T T21632-TACCCCCTG	NA S:T19I S:DEL25/27	31	1464	0.021175	21570	21657
C25000T A25035G	S:D1146D S:N1158S	31	27368	0.001133	24992	25069
C24964-A C25000T	NA S:D1146D	31	27834	0.001114	24857	25030
C24672-A G24776-A	NA NA	31	6675	0.004644	24635	24789
C24672-A G24693-A	NA NA	31	7460	0.004155	24620	24711
C23859+T	NA	31	40645	0.000763	23811	23872
C23525T C23555T T23599G C23604A	S:H655Y S:P665S S:N679K S:P681H	31	77968	0.000398	23503	23624
C23393-T A23403G	NA S:D614G	31	18190	0.001704	23378	23443
A25503+C	NA	31	23773	0.001304	25372	25515
A24885+T C24981-T	NA NA	31	27315	0.001135	24850	24992
A24424T T24469A T24480C	S:Q954H S:N969K S:I973T	31	61552	0.000504	24415	24564
A24424T T24469A C24503-T	S:Q954H S:N969K NA	31	61219	0.000506	24412	24553
A24424T T24437C T24469A	S:Q954H S:L959L S:N969K	31	61712	0.000502	24412	24564
A24424T A24531G	S:Q954H S:E990G	31	60731	0.00051	24412	24564
A24424T A24453G	S:Q954H S:K964R	31	62097	0.000499	24413	24552
A24424T A24441G	S:Q954H S:N960S	31	62394	0.000497	24415	24564
A24424T A24440G T24469A	S:Q954H S:N960D S:N969K	31	61712	0.000502	24412	24552
A23786-T G23835-T C23854A	NA NA S:N764K	31	37865	0.000819	23695	23891
A23720+T	NA	31	42770	0.000725	23692	23729
A23515+G C23525T	NA S:H655S	31	81806	0.000379	23493	23531
A23495T C23525T T23599G C23604A	S:T645S S:H655Y S:N679K S:P681H	31	76348	0.000406	23487	23637
A22798-G G22813T T22882G A22893C T22917G	NA S:K417N S:N440K S:K444T S:L452R	31	20653	0.001501	22793	22921
T25319A	S:C1253S	30	90980	0.00033	25228	25325
T23797C C23854A	S:D745D S:N764K	30	38210	0.000785	23790	23895
T23689-A C23887-A	NA NA	30	34058	0.000881	23683	23895
T23330-G A23403G	NA S:D614G	30	17706	0.001694	23304	23429
T22882G G22898A	S:N440K S:G446S	30	23323	0.001286	22857	22901
G25284A	S:C1241Y	30	89708	0.000334	25270	25318
G24971+T C24981-T	NA NA	30	28388	0.001057	24850	24992
G22813T A22845-T T22882G G22895C T22896C G22898A	S:K417N NA S:N440K S:V445P S:V445P S:G446S	30	22379	0.001341	22809	22907
G22317T G22403-A	S:G252V NA	30	3789	0.007918	22315	22414
C23854A A23891G	S:N764K S:N777D	30	37537	0.000799	23843	23892
C23525T T23599G C23604A G23616A	S:H655Y S:N679K S:P681H S:R685H	30	77900	0.000385	23487	23637
C23525T A23558-T T23599G	S:H655Y NA S:N679K	30	78007	0.000385	23489	23602
C23498+G C23525T T23599G C23604A	NA S:H655S S:N679* S:P681Y	30	76419	0.000393	23487	23637
C23393+T	NA	30	18386	0.001632	23269	23429
A25449G	ORF3a:E19E	30	25595	0.001172	25375	25478
A25397+T	NA	30	26445	0.001134	25383	25407
A25296G	S:K1245R	30	90555	0.000331	25214	25324
A25286G	S:S1242G	30	89891	0.000334	25217	25324
A24424T T24549C	S:Q954H S:L996S	30	60379	0.000497	24412	24564
A24424T T24464C T24469A	S:Q954H S:S968P S:N969K	30	61712	0.000486	24415	24517
A24424T T24437C	S:Q954H S:L959L	30	62445	0.00048	24412	24564
A24424T T24436C T24469A	S:Q954H S:A958A S:N969K	30	61712	0.000486	24415	24552
A24253-T A24324-AT	NA NA	30	6623	0.00453	24164	24335
A23826G C23854A	S:Q755R S:N764K	30	39017	0.000769	23726	23895
A23764G C23854A	S:T734T S:N764K	30	37604	0.000798	23705	23892
A23403G T23434-C	S:D614G NA	30	17218	0.001742	23394	23443
A23013C T23019C T23031C A23063T T23075C	S:E484A S:F486S S:F490S S:N501Y S:Y505H	30	1840	0.016304	23008	23224
A21764-TACATG G21796-T	S:DEL69/70 NA	30	6332	0.004738	21757	21973
T24927C C25000T	S:V1122A S:D1146D	29	27328	0.001061	24888	25021
T24643-A	NA	29	8935	0.003246	24638	24655
T24552C	S:I997T	29	65617	0.000442	24505	24554
T23836C C23854A	S:S758S S:N764K	29	39660	0.000731	23818	23895
T23830-G C23854A	NA S:N764K	29	39177	0.00074	23817	23882
T23822C C23854A	S:L754L S:N764K	29	38868	0.000746	23683	23882
T22942G A22948-C	S:N460K NA	29	21749	0.001333	22935	22962
G25298A	S:G1246S	29	90689	0.00032	25261	25307
G25250A	S:V1230M	29	87743	0.000331	25233	25323
G25130+C	NA	29	57300	0.000506	25122	25145
G24883-A C25000T	NA S:D1146D	29	26815	0.001081	24853	25065
G22813T A22845-T T22882G A22893C T22917G	S:K417N NA S:N440K S:K444T S:L452R	29	21262	0.001364	22808	22922
G22104-A	NA	29	2456	0.011808	22093	22126
G21569-T C21618T T21632-TACCCCCTG	NA S:T19I S:DEL25/27	29	1281	0.022639	21553	21657
C25000T A25011G	S:D1146D S:E1150G	29	28002	0.001036	24961	25055
C24878-A C25000T	NA S:D1146D	29	26781	0.001083	24872	25017
C24223-T A24253-T	NA NA	29	7379	0.00393	24169	24273
C23854A A23884G	S:N764K S:Q774Q	29	38471	0.000754	23800	23895
C23525T G23562A T23599G C23604A	S:H655Y S:G667D S:N679K S:P681H	29	77968	0.000372	23487	23642
A25431G	ORF3a:V13V	29	25915	0.001119	25374	25462
A25425G	ORF3a:G11G	29	26013	0.001115	25372	25514
A25256-T	NA	29	88072	0.000329	25240	25325
A24902-T	NA	29	29162	0.000994	24873	24924
A24453G	S:K964R	29	63879	0.000454	24428	24554
A24424T T24469A A24479G	S:Q954H S:N969K S:I973V	29	61558	0.000471	24412	24564
A24424T C24435-T T24469A	S:Q954H NA S:N969K	29	61712	0.00047	24412	24564
A24424T A24545G	S:Q954H S:R995G	29	60479	0.00048	24412	24564
A24424T A24516-C	S:Q954H NA	29	61003	0.000475	24412	24564
A24424T A24461G T24469A	S:Q954H S:S967G S:N969K	29	61712	0.00047	24412	24564
A24424T A24432G	S:Q954H S:Q957R	29	62551	0.000464	24412	24564
T25446C	ORF3a:G18G	28	25675	0.001091	25372	25499
T25434C	ORF3a:T14T	28	25882	0.001082	25383	25460
T25128C	S:V1189A	28	56925	0.000492	25122	25179
T25123-G	NA	28	55815	0.000502	25122	25144
T24469A T24504C	S:N969K S:L981P	28	63996	0.000438	24465	24564
T23599G C23604A C23634T	S:N679K S:P681H S:S691F	28	76888	0.000364	23583	23637
G25229A C25262-T	S:G1223S NA	28	86343	0.000324	25126	25325
G23792A C23854A	S:G744S S:N764K	28	38024	0.000736	23778	23889
G23508+T C23525T	NA S:H655S	28	81514	0.000343	23487	23532
G23504A C23525T T23599G C23604A	S:G648S S:H655Y S:N679K S:P681H	28	77222	0.000363	23487	23629
G22809-A G22813T T22882G A22893C T22917G	NA S:K417N S:N440K S:K444T S:L452R	28	21207	0.00132	22793	22933
C25460T	ORF3a:A23V	28	25374	0.001103	25382	25463
C25416T A25454G	ORF3a:F8F ORF3a:K21R	28	25500	0.001098	25372	25466
C25321T	S:C1253C	28	90924	0.000308	25222	25323
C25262-T T25312C	NA S:C1250C	28	87669	0.000319	25140	25316
C24458+T	NA	28	63790	0.000439	24429	24468
C23854A A23889G	S:N764K S:K776R	28	37724	0.000742	23836	23895
C23758T C23887-A	S:T732T NA	28	35246	0.000794	23685	23895
C23525T T23537C C23604A	S:H655Y S:S659P S:P681H	28	77968	0.000359	23516	23630
C23525T G23567A T23599G C23604A	S:H655Y S:G669S S:N679K S:P681H	28	77968	0.000359	23487	23611
C23492+A	NA	28	81054	0.000345	23486	23505
A25137-T C25262-TT G25278-T	NA NA NA	28	57485	0.000487	25130	25323
A24424T T24491C	S:Q954H S:L977L	28	61430	0.000456	24412	24564
A24424T T24469A T24549C	S:Q954H S:N969K S:L996S	28	60379	0.000464	24412	24554
A24424T T24469A T24548C	S:Q954H S:N969K S:L996L	28	60389	0.000464	24416	24564
A24424T T24469A G24474A	S:Q954H S:N969K S:G971D	28	61614	0.000454	24412	24564
A24424T T24469A A24545G	S:Q954H S:N969K S:R995G	28	60479	0.000463	24412	24564
A24424T T24459C T24469A	S:Q954H S:L966P S:N969K	28	61712	0.000454	24412	24564
A24424T G24476A	S:Q954H S:A972T	28	61597	0.000455	24415	24564
A24424T A24485G	S:Q954H S:S975G	28	61477	0.000455	24412	24554
A24424T A24430G	S:Q954H S:A956A	28	62563	0.000448	24415	24564
A23853-C C23887-A	NA NA	28	38246	0.000732	23705	23895
A23746G C23854A	S:P728P S:N764K	28	37457	0.000748	23683	23881
A23696+T	NA	28	42631	0.000657	23683	23706
A23359G A23403G	S:T599T S:D614G	28	17895	0.001565	23335	23429
A22161-T	NA	28	3340	0.008383	22026	22180
T25415-C A25472-T	NA NA	27	25196	0.001072	25374	25566
T25189C	S:Y1209Y	27	65205	0.000414	25154	25243
T25171+G	NA	27	63593	0.000425	25132	25182
T25144C	S:N1194N	27	61594	0.000438	25130	25147
T23773C C23854A	S:D737D S:N764K	27	37716	0.000716	23683	23895
T23750C	S:S730P	27	41989	0.000643	23704	23754
T23686-A	NA	27	42196	0.00064	23683	23712
T23521A C23525T T23599G C23604A	S:A653A S:H655Y S:N679K S:P681H	27	77951	0.000346	23501	23634
T23330-G	NA	27	18664	0.001447	23269	23343
T22882G T22917G	S:N440K S:L452R	27	22199	0.001216	22870	22921
T22882G T22896C G22898A	S:N440K S:V445A S:G446S	27	23323	0.001158	22866	22906
G25287A	S:S1242N	27	89910	0.0003	25226	25325
G25127+T	NA	27	56707	0.000476	25122	25136
G24743-T	NA	27	9016	0.002995	24729	24788
G23832A C23854A	S:G757D S:N764K	27	39266	0.000688	23750	23881
G22809-A G22813T T22882G	NA S:K417N S:N440K	27	23827	0.001133	22793	22892
C25318T	S:S1252S	27	91040	0.000297	25278	25325
C25275T	S:T1238I	27	89232	0.000303	25219	25325
C25000T A25056-T	S:D1146D NA	27	27010	0.001	24914	25069
C23854A T23857C	S:N764K S:R765R	27	40442	0.000668	23840	23895
C23854A A23892G	S:N764K S:N777S	27	35852	0.000753	23843	23895
C23525T T23599G C23604A T23633+C	S:H655Y S:N679K S:P681H NA	27	75745	0.000356	23487	23642
C23525T T23599G C23604A T23605C	S:H655Y S:N679K S:P681H S:P681H	27	77952	0.000346	23501	23624
C23525T G23580-T T23599G C23604A	S:H655Y NA S:N679K S:P681H	27	77968	0.000346	23516	23629
C23525T G23568A T23599G C23604A	S:H655Y S:G669D S:N679K S:P681H	27	77968	0.000346	23501	23634
C23498T C23525T T23599G C23604A	S:R646C S:H655Y S:N679K S:P681H	27	76419	0.000353	23487	23638
A25492G	ORF3a:T34A	27	24262	0.001113	25372	25536
A25405-T	NA	27	26354	0.001025	25378	25539
A25176G C25262-T	S:K1205R NA	27	61539	0.000439	25130	25325
A24922-T C24981-T	NA NA	27	27773	0.000972	24850	24995
A24424T T24529C	S:Q954H S:A989A	27	60748	0.000444	24412	24564
A24424T T24469A T24534C	S:Q954H S:N969K S:V991A	27	60677	0.000445	24415	24558
A24424T T24469A T24475C	S:Q954H S:N969K S:G971G	27	61603	0.000438	24412	24564
A24424T T24438+A T24469A	S:Q954H NA S:N969Q	27	61712	0.000438	24412	24564
A24424T G24558A	S:Q954H S:G999D	27	59635	0.000453	24413	24564
A24424T A24551G	S:Q954H S:I997V	27	60348	0.000447	24415	24564
A24424T A24543G	S:Q954H S:D994G	27	60530	0.000446	24412	24563
A24424T A24456G T24469A	S:Q954H S:Q965R S:N969K	27	61712	0.000438	24413	24564
A24424T A24426G T24469A	S:Q954H S:N955S S:N969K	27	61712	0.000438	24412	24552
A24424T A24426C T24469A	S:Q954H S:N955T S:N969K	27	61712	0.000438	24413	24515
A23772+T	NA	27	41567	0.00065	23721	23782
A23515-G C23525T	NA S:H655Y	27	81806	0.00033	23501	23531
A23515+C	NA	27	82602	0.000327	23487	23523
A23403G T23404C	S:D614G S:D614G	27	18243	0.00148	23278	23441
A23403G A23414G	S:D614G S:T618A	27	18117	0.00149	23386	23441
A22914-C T22942A	NA S:N460K	27	20204	0.001336	22905	22948
A21764-TACATG C21962-A	S:DEL69/70 NA	27	5905	0.004572	21757	21973
T25519C	ORF3a:F43L	26	22964	0.001132	25372	25528
T25309A	S:S1249S	26	91329	0.000285	25303	25320
T25202+G	NA	26	70829	0.000367	25137	25237
T25187C	S:Y1209H	26	64994	0.0004	25172	25325
T24873C C25000T	S:V1104A S:D1146D	26	26746	0.000972	24850	25069
T24871C C25000T	S:F1103F S:D1146D	26	26641	0.000976	24853	25065
T24469A T24475C	S:N969K S:G971G	26	64467	0.000403	24445	24552
T24469A C24517-A	S:N969K NA	26	63738	0.000408	24465	24527
T23830C C23854A	S:Y756Y S:N764K	26	39177	0.000664	23818	23881
T23684C C23854A	S:S708P S:N764K	26	36127	0.00072	23683	23895
T23316C A23403G	S:L585P S:D614G	26	17693	0.00147	23296	23443
G25477-T	NA	26	25119	0.001035	25372	25490
G25244A	S:V1228I	26	87541	0.000297	25229	25325
G25213A	S:W1217*	26	77728	0.000334	25201	25325
G25166+A	NA	26	63511	0.000409	25140	25176
G25157A	S:D1199N	26	63149	0.000412	25130	25162
G24992-A C25000T	NA S:D1146D	26	28194	0.000922	24965	25069
G24428A	S:A956T	26	62899	0.000413	24412	24522
G23821+T	NA	26	40766	0.000638	23683	23830
G23699+C	NA	26	42681	0.000609	23687	23708
G22813T T22942G	S:K417N S:N460K	26	18114	0.001435	22809	22948
G22813T T22882G G22895C T22896C G22898A T22942G A22948C	S:K417N S:N440K S:V445P S:V445P S:G446S S:N460K S:K462N	26	17553	0.001481	22793	22966
G22813T T22882G G22895C T22896C G22898A A22934G T22942G	S:K417N S:N440K S:V445P S:V445P S:G446S S:K458E S:N460K	26	18114	0.001435	22793	22967
G22813T G22898A T22942G	S:K417N S:G446S S:N460K	26	18114	0.001435	22801	22949
G22813T G22844A T22882G G22895C T22896C G22898A T22942G	S:K417N S:D428N S:N440K S:V445P S:V445P S:G446S S:N460K	26	18114	0.001435	22793	22967
C25416T A25472+T	ORF3a:F8F NA	26	25196	0.001032	25372	25485
C25200T	S:P1213L	26	69998	0.000371	25193	25252
C25162T	S:L1200L	26	63435	0.00041	25149	25317
C24672-A A24803-T	NA NA	26	5680	0.004577	24626	24806
C23854A C23859+G	S:N764K NA	26	40413	0.000643	23846	23873
C23833+G C23854A	NA S:N764K	26	39320	0.000661	23825	23885
C23816+T C23887-A	NA NA	26	36315	0.000716	23683	23895
C23799-A C23854A	NA S:N764K	26	38264	0.000679	23735	23891
C23525T C23577T T23599G C23604A	S:H655Y S:A672V S:N679K S:P681H	26	77968	0.000333	23487	23637
C23506T C23525T T23599G C23604A	S:G648G S:H655Y S:N679K S:P681H	26	77515	0.000335	23492	23624
C21812T	S:L84L	26	7158	0.003632	21761	21830
A25472-TT	NA	26	25196	0.001032	25373	25548
A25253G G25290T	S:T1231A S:C1243F	26	87362	0.000298	25214	25325
A25168G C25262-T	S:E1202E NA	26	61102	0.000426	25130	25325
A24424T T24469A T24505C	S:Q954H S:N969K S:L981L	26	61193	0.000425	24413	24516
A24424T T24469A A24518G	S:Q954H S:N969K S:K986E	26	60966	0.000426	24412	24564
A24423G A24424T T24469A	S:Q954R S:Q954R S:N969K	26	61706	0.000421	24412	24564
A24420G A24424T T24469A	S:N953S S:Q954H S:N969K	26	61663	0.000422	24412	24509
A23796+T	NA	26	40987	0.000634	23792	23809
A23743G C23854A	S:L727L S:N764K	26	37423	0.000695	23683	23881
A23403G T23411C	S:D614G S:C617R	26	18187	0.00143	23285	23429
A23403G C23423T	S:D614G S:P621S	26	17962	0.001448	23388	23429
A23013C T23018G A23055G	S:E484A S:F486V S:Q498R	26	1907	0.013634	23008	23059
A22914-C T22917G T22942A	NA S:L452R S:N460K	26	20204	0.001287	22905	22967
A21764-TACATG T21886-A	S:DEL69/70 NA	26	6012	0.004325	21757	21973
T24929C C25000T	S:S1123P S:D1146D	25	27342	0.000914	24871	25040
T24799C	S:P1079P	25	8234	0.003036	24705	24806
T24504C	S:L981P	25	65580	0.000381	24485	24564
T24499C	S:D979D	25	65509	0.000382	24483	24562
T24469A G24497A	S:N969K S:D979N	25	64164	0.00039	24434	24558
T24469A A24520G	S:N969K S:K986K	25	63697	0.000392	24465	24564
T23693C	S:S711P	25	42507	0.000588	23683	23716
T23333-CT A23403G	NA S:D614G	25	17712	0.001411	23321	23443
T23018G A23055G A23063T T23075C	S:F486V S:Q498R S:N501Y S:Y505H	25	1933	0.012933	23016	23121
G25269-T	NA	25	88846	0.000281	25256	25325
G25218A	S:G1219D	25	83221	0.0003	25204	25325
G25218-T C25262-T G25278-T	NA NA NA	25	82391	0.000303	25130	25321
G25130A	S:A1190T	25	57300	0.000436	25122	25187
G23726+T	NA	25	42621	0.000587	23705	23735
G23364-A A23403G	NA S:D614G	25	17912	0.001396	23296	23423
G22813T C22855T T22882G A22893C T22917G	S:K417N S:G431G S:N440K S:K444T S:L452R	25	21262	0.001176	22794	22929
G22317T C22383+T	S:G252V NA	25	4046	0.006179	22256	22400
C25262-T T25289C	NA S:C1243R	25	88078	0.000284	25130	25324
C25169-T C25262-T	NA NA	25	61160	0.000409	25130	25318
C23882-A	NA	25	39777	0.000629	23841	23886
C23816-T G23835-T C23854A	NA NA S:N764K	25	38678	0.000646	23705	23873
C23709+A C23887-A	NA NA	25	34821	0.000718	23683	23895
C23525T T23599G C23604A G23628A	S:H655Y S:N679K S:P681H S:S689N	25	76077	0.000329	23487	23633
C23525T T23599G C23604A A23636-T A23639G	S:H655Y S:N679K S:P681H NA S:I693V	25	73489	0.00034	23487	23642
A25505G	ORF3a:Q38R	25	23663	0.001057	25382	25527
A24962G C25000T	S:N1134D S:D1146D	25	27814	0.000899	24945	25019
A24894G C25000T	S:E1111G S:D1146D	25	26986	0.000926	24850	25069
A24562G	S:R1000R	25	64730	0.000386	24505	24564
A24424T T24541C	S:Q954H S:I993I	25	60565	0.000413	24413	24554
A24424T T24505C	S:Q954H S:L981L	25	61193	0.000409	24412	24564
A24424T T24469A T24472-G C24536-A	S:Q954H S:N969K NA NA	25	60624	0.000412	24415	24558
A24424T A24452G	S:Q954H S:K964E	25	62143	0.000402	24412	24473
A24424C	S:Q954H	25	62615	0.000399	24412	24462
A24420G A24424T	S:N953S S:Q954H	25	62566	0.0004	24412	24564
A23848G C23854A	S:Q762Q S:N764K	25	40474	0.000618	23810	23895
A23796G C23854A	S:D745G S:N764K	25	38163	0.000655	23763	23873
A23780G C23854A	S:M740V S:N764K	25	37795	0.000661	23683	23895
A23734G C23854A	S:T724T S:N764K	25	37330	0.00067	23683	23892
A23321G A23403G	S:I587V S:D614G	25	17696	0.001413	23285	23429
T25560C C25561A A25562T	ORF3a:F56F ORF3a:Q57M ORF3a:Q57M	24	21144	0.001135	25375	25566
T25148+A	NA	24	61844	0.000388	25141	25176
T25123+A	NA	24	55815	0.00043	25122	25325
T24487C	S:S975S	24	65344	0.000367	24480	24518
T24469A C24536-AA	S:N969K NA	24	63350	0.000379	24447	24550
T24469A A24560G	S:N969K S:R1000G	24	62159	0.000386	24428	24564
T23783C C23854A	S:Y741H S:N764K	24	37822	0.000635	23702	23873
T23742-A C23887-A	NA NA	24	35082	0.000684	23683	23895
T23721C C23854A	S:I720T S:N764K	24	37217	0.000645	23683	23895
T23333-CTT	S:DEL592	24	18639	0.001288	23285	23347
T23293C A23403G	S:R577R S:D614G	24	17560	0.001367	23282	23423
T22882G T22891-A T22942A	S:N440K NA S:N460K	24	19018	0.001262	22878	22944
G25540+T G25555-T	NA NA	24	21364	0.001123	25372	25566
G25311+C	NA	24	91399	0.000263	25303	25324
G25305+A	NA	24	91206	0.000263	25294	25324
G25299-C G25302-T	NA NA	24	90700	0.000265	25276	25323
G24944+T C24981-T	NA NA	24	28030	0.000856	24850	24998
G24449+T	NA	24	63894	0.000376	24426	24458
G23832+A C23854A	NA S:N764K	24	39266	0.000611	23821	23895
G23735-A	NA	24	42351	0.000567	23705	23747
G23518A C23525T T23599G C23604A	S:G652G S:H655Y S:N679K S:P681H	24	77924	0.000308	23487	23642
G23499+T C23525T T23599G C23604A	NA S:H655S S:N679* S:P681Y	24	76476	0.000314	23487	23609
G22813T T22831+A T22882G G22895C T22896C G22898A	S:K417N NA S:N440Q S:V445P S:V445P S:G446R	24	22379	0.001072	22793	22906
G22813T T22831+A T22882G A22893C T22917G	S:K417N NA S:N440Q S:K444S S:L452R	24	21262	0.001129	22799	22927
C25416T C25546+T	ORF3a:F8F NA	24	21924	0.001095	25372	25552
C25294-A G25302-T	NA NA	24	90259	0.000266	25267	25325
C25262-T T25280C	NA S:C1240R	24	88174	0.000272	25130	25320
C25240T	S:A1226A	24	87357	0.000275	25218	25325
C25132+A C25262-TT	NA NA	24	57146	0.00042	25122	25323
C25000T G25033+A	S:D1146D NA	24	27420	0.000875	24963	25069
C23525T T23599G C23604A T23626C C23635T	S:H655Y S:N679K S:P681H S:A688A S:S691S	24	75541	0.000318	23487	23637
C23525T T23599G C23604A C23606T	S:H655Y S:N679K S:P681H S:R682W	24	77951	0.000308	23487	23634
C23525T A23558-T C23604A	S:H655Y NA S:P681H	24	77968	0.000308	23499	23642
C23525T A23526+G	S:H655* NA	24	81497	0.000294	23487	23535
A25167G	S:E1202G	24	63512	0.000378	25151	25187
A24922-T C24964-A C24981-T C25000T	NA NA NA S:D1146D	24	27283	0.00088	24850	25054
A24498G	S:D979G	24	65478	0.000367	24478	24554
A24424T T24548C	S:Q954H S:L996L	24	60389	0.000397	24413	24564
A24424T T24523C	S:Q954H S:V987V	24	60858	0.000394	24412	24564
A24424T T24469A T24487C	S:Q954H S:N969K S:S975S	24	61468	0.00039	24413	24552
A24424T C24559T	S:Q954H S:G999G	24	59622	0.000403	24412	24564
A24424T A24494G	S:Q954H S:N978D	24	61390	0.000391	24412	24501
A24424T A24443G	S:Q954H S:T961A	24	62333	0.000385	24412	24462
A24424T A24426G	S:Q954H S:N955S	24	62568	0.000384	24412	24462
A24221G	S:T887A	24	7519	0.003192	24148	24308
A23847G C23854A	S:Q762R S:N764K	24	40463	0.000593	23832	23873
A23784G C23854A	S:Y741C S:N764K	24	37836	0.000634	23683	23895
A23738G C23854A	S:I726V S:N764K	24	37380	0.000642	23733	23882
A23512G C23525T T23599G C23604A	S:L650L S:H655Y S:N679K S:P681H	24	77816	0.000308	23501	23624
T25541C	ORF3a:V50A	23	21980	0.001046	25372	25548
T25468C	ORF3a:S26P	23	25257	0.000911	25372	25476
T25322A	S:C1254S	23	90423	0.000254	25305	25324
T25191-A G25290T	NA S:C1243F	23	65611	0.000351	25130	25325
T24469A C24517+A	S:N969K NA	23	63738	0.000361	24465	24533
T24163C A24253-T	S:D867D NA	23	7113	0.003234	24156	24307
T23511+A C23525T	NA S:H655S	23	81755	0.000281	23487	23538
G25290A	S:C1243Y	23	90070	0.000255	25217	25325
G25278+C	NA	23	89407	0.000257	25271	25325
G25198A	S:W1212*	23	69074	0.000333	25190	25226
G23516A C23525T T23599G C23604A	S:G652R S:H655Y S:N679K S:P681H	23	77885	0.000295	23508	23642
C25418+A	NA	23	26095	0.000881	25375	25433
C25416T A25545G	ORF3a:F8F ORF3a:A51A	23	21930	0.001049	25376	25566
C25262-T T25272C	NA S:M1237T	23	88213	0.000261	25135	25320
C25207T	S:Y1215Y	23	72408	0.000318	25192	25325
C25169-T C25262-TT	NA NA	23	61160	0.000376	25152	25325
C25163+A C25262-T	NA NA	23	60832	0.000378	25135	25325
C24981-T C25000T A25026-T	NA S:D1146D NA	23	27367	0.00084	24850	25046
C24899-A A24922-T C24981-T C25000T	NA NA NA S:D1146D	23	27064	0.00085	24872	25016
C24536T	S:Q992*	23	65711	0.00035	24494	24564
C24517A	S:D985E	23	65740	0.00035	24502	24563
C24263-A	NA	23	7452	0.003086	24164	24297
C23525T T23599G C23604A C23638T	S:H655Y S:N679K S:P681H S:I692I	23	75046	0.000306	23507	23642
C23525T T23599A C23604A	S:H655Y S:N679K S:P681H	23	77968	0.000295	23507	23624
C23525T T23596-A T23599G C23604A	S:H655Y NA S:N679K S:P681H	23	77968	0.000295	23505	23642
C23525T G23574A T23599G C23604A	S:H655Y S:C671Y S:N679K S:P681H	23	77968	0.000295	23499	23624
C23525T C23604A C23634T	S:H655Y S:P681H S:S691F	23	75724	0.000304	23492	23637
C23492+A C23525T	NA S:H655S	23	79793	0.000288	23486	23532
C22281+T	NA	23	4654	0.004942	22249	22297
A25564G	ORF3a:S58G	23	21039	0.001093	25372	25566
A25472-T T25474C	NA ORF3a:F28L	23	25173	0.000914	25372	25566
A25454G	ORF3a:K21R	23	25500	0.000902	25372	25477
A25256G	S:I1232V	23	88072	0.000261	25219	25325
A25243G	S:I1227M	23	87506	0.000263	25214	25325
A25208+T C25262-TT	NA NA	23	73760	0.000312	25140	25316
A25194-AT G25197T C25262-T	NA S:W1212L NA	23	66874	0.000344	25122	25325
A25137G	S:N1192S	23	60894	0.000378	25130	25325
A25137-T G25278-T	NA NA	23	57485	0.0004	25130	25325
A25136G	S:N1192D	23	60826	0.000378	25131	25168
A24877G C25000T	S:T1105T S:D1146D	23	26776	0.000859	24872	25069
A24538G	S:Q992Q	23	65725	0.00035	24517	24544
A24494G	S:N978D	23	65464	0.000351	24490	24543
A24424T T24513C	S:Q954H S:L984P	23	61052	0.000377	24412	24515
A24424T T24475C	S:Q954H S:G971G	23	61603	0.000373	24416	24489
A24424T T24469G	S:Q954H S:N969K	23	61712	0.000373	24412	24564
A24424T T24469A G24535A	S:Q954H S:N969K S:V991V	23	60640	0.000379	24415	24564
A24424T T24469A A24539+T	S:Q954H S:N969K NA	23	60583	0.00038	24414	24564
A24424T T24448C T24469A	S:Q954H S:L962L S:N969K	23	61712	0.000373	24412	24489
A24424T T24447C	S:Q954H S:L962P	23	62246	0.00037	24412	24564
A24424T C24431+A	S:Q954H NA	23	62562	0.000368	24418	24441
A24424T A24556G	S:Q954H S:T998T	23	59721	0.000385	24412	24564
A24424T A24478G	S:Q954H S:A972A	23	61568	0.000374	24412	24564
A24424T A24425G T24469A	S:Q954H S:N955D S:N969K	23	61712	0.000373	24412	24494
A24424C T24469A	S:Q954H S:N969K	23	61712	0.000373	24412	24564
A23753G C23854A	S:M731V S:N764K	23	37527	0.000613	23748	23892
A23515G C23525T T23599G C23604A	S:I651M S:H655Y S:N679K S:P681H	23	77860	0.000295	23505	23641
A23403G C23525T	S:D614G S:H655Y	23	47	0.489362	23393	23539
A23193-T	NA	23	2274	0.010114	23177	23224
A22305C	S:Y248S	23	4577	0.005025	22249	22322
A22053G	S:N164S	23	2396	0.009599	22049	22061
T25414C	ORF3a:F8L	22	26181	0.00084	25373	25452
T25222C	S:F1220F	22	85809	0.000256	25172	25240
T25219C C25262-T	S:G1219G NA	22	83162	0.000265	25130	25325
T24469A A24516G	S:N969K S:D985G	22	63769	0.000345	24458	24564
T24417C	S:V952A	22	62457	0.000352	24412	24442
T24414C A24424T T24469A	S:V951A S:Q954H S:N969K	22	61093	0.00036	24412	24564
T23791C C23854A	S:C743C S:N764K	22	38004	0.000579	23786	23881
T23703C C23854A	S:I714T S:N764K	22	36980	0.000595	23683	23895
T23511C C23525T T23599G C23604A	S:L650S S:H655Y S:N679K S:P681H	22	77809	0.000283	23487	23624
T23031C A23055G A23063T T23075C	S:F490S S:Q498R S:N501Y S:Y505H	22	2228	0.009874	23025	23102
G25230A C25262-T C25300A	S:G1223D NA S:G1246G	22	85871	0.000256	25138	25325
G25203A	S:W1214*	22	71024	0.00031	25188	25324
G22813T T22882G G22895C T22942G	S:K417N S:N440K S:V445L S:N460K	22	18114	0.001215	22803	22967
G22813T A22893C T22917G	S:K417N S:K444T S:L452R	22	21262	0.001035	22800	22921
G22813T A22845-T T22882G G22895C T22896C G22898A T22942G	S:K417N NA S:N440K S:V445P S:V445P S:G446S S:N460K	22	18114	0.001215	22808	22967
G21569-T	NA	22	1608	0.013682	21468	21581
C25416T T25560C	ORF3a:F8F ORF3a:F56F	22	21324	0.001032	25373	25566
C25262-T T25283C	NA S:C1241R	22	88142	0.00025	25251	25307
C25227T	S:A1222V	22	86611	0.000254	25204	25307
C25163-A	NA	22	63456	0.000347	25151	25230
C24981-T C25000T G25033+A	NA S:D1146D NA	22	27229	0.000808	24857	25069
C24223-T	NA	22	7512	0.002929	24183	24242
C23854A A23863G	S:N764K S:L767L	22	40241	0.000547	23841	23895
C23525T T23599G C23604A G23616-T	S:H655Y S:N679K S:P681H NA	22	77900	0.000282	23487	23624
C23525T C23536T T23599G C23604A	S:H655Y S:N658N S:N679K S:P681H	22	77968	0.000282	23505	23637
C23525T A23554-C T23599G C23604A	S:H655Y NA S:N679K S:P681H	22	77968	0.000282	23488	23624
C23525T A23554+C T23599G C23604A	S:H655Y NA S:N679* S:P681Y	22	77968	0.000282	23493	23624
C23520-T C23525T T23599G C23604A	NA S:H655Y S:N679K S:P681H	22	77941	0.000282	23487	23642
C21772T	S:V70V	22	6810	0.003231	21757	21802
A25562+T	NA	22	21144	0.00104	25372	25566
A25420-T	NA	22	26077	0.000844	25372	25433
A25408G C25416T	ORF3a:R6G ORF3a:F8F	22	26144	0.000841	25372	25566
A25379G C25416T	S:T1273A ORF3a:F8F	22	25985	0.000847	25372	25508
A25274-C	NA	22	89173	0.000247	25258	25325
A25201G C25262-T	S:P1213P NA	22	69555	0.000316	25130	25307
A25193G	S:K1211E	22	68059	0.000323	25183	25325
A25154+T	NA	22	63011	0.000349	25130	25164
A24915G C25000T	S:D1118G S:D1146D	22	27251	0.000807	24867	25040
A24864G C25000T	S:H1101R S:D1146D	22	26496	0.00083	24857	25069
A24862G C25000T	S:T1100T S:D1146D	22	26484	0.000831	24850	25040
A24551G	S:I997V	22	65656	0.000335	24533	24560
A24424T T24469A C24517-A	S:Q954H S:N969K NA	22	60975	0.000361	24413	24536
A24424T T24469A C24477T	S:Q954H S:N969K S:A972V	22	61588	0.000357	24412	24558
A24424T T24469A A24500G	S:Q954H S:N969K S:I980V	22	61298	0.000359	24412	24564
A24424T T24427C T24469A	S:Q954H S:N955N S:N969K	22	61712	0.000356	24412	24564
A24424T G24449A	S:Q954H S:V963I	22	62208	0.000354	24412	24486
A24424T C24431T T24469A	S:Q954H S:Q957* S:N969K	22	61712	0.000356	24412	24562
A24424T A24538G	S:Q954H S:Q992Q	22	60587	0.000363	24412	24554
A24253-T C24320-A	NA NA	22	6873	0.003201	24161	24332
A23738+T	NA	22	42281	0.00052	23683	23772
A23515+G T23599G C23604A	NA S:N679* S:P681Y	22	77860	0.000283	23487	23642
A23495C C23525T T23599G C23604A	S:T645P S:H655Y S:N679K S:P681H	22	76348	0.000288	23487	23633
A23403G T23437C	S:D614G S:H625H	22	17106	0.001286	23389	23443
A23366G A23403G	S:T602A S:D614G	22	17920	0.001228	23286	23443
A23305G A23403G	S:T581T S:D614G	22	17675	0.001245	23270	23443
A21764-TACATG T21775-G	S:DEL69/70 NA	22	6356	0.003461	21757	21799
A21764-TACATG A21964-T	S:DEL69/70 NA	22	5850	0.003761	21757	21973
T25150C C25262-T	S:S1196S NA	21	59028	0.000356	25131	25324
T24983C C25000T	S:L1141L S:D1146D	21	28088	0.000748	24942	25033
T24982C C25000T	S:P1140P S:D1146D	21	28077	0.000748	24940	25069
T24548C	S:L996L	21	65664	0.00032	24520	24564
T24541C	S:I993I	21	65738	0.000319	24521	24544
T24469A A24532G	S:N969K S:E990E	21	63450	0.000331	24428	24554
T24451+A T24469A	NA S:N969Q	21	63393	0.000331	24412	24562
T23686C C23854A	S:S708S S:N764K	21	36253	0.000579	23683	23895
T23511+A C23525T A23558-T T23599G C23604A	NA S:H655S NA S:N679* S:P681Y	21	77809	0.00027	23487	23637
T23394C A23403G	S:L611P S:D614G	21	18200	0.001154	23346	23441
T23374C A23403G	S:T604T S:D614G	21	17976	0.001168	23269	23434
T23350C A23403G	S:S596S S:D614G	21	17864	0.001176	23335	23429
T23284C A23403G	S:D574D S:D614G	21	16909	0.001242	23269	23429
T22896C G22898A T22942G	S:V445A S:G446S S:N460K	21	19248	0.001091	22883	22966
G25311A	S:C1250Y	21	91399	0.00023	25299	25325
G25218-T G25302-T	NA NA	21	82127	0.000256	25207	25325
G25186A	S:Q1208Q	21	64701	0.000325	25154	25197
G24883-A	NA	21	29493	0.000712	24853	24943
G24428A T24469A	S:A956T S:N969K	21	62026	0.000339	24415	24564
G23726-T C23854A	NA S:N764K	21	37262	0.000564	23693	23895
G22104-A C22120-A A22161-T	NA NA NA	21	2399	0.008754	22025	22192
G21956-A	NA	21	7442	0.002822	21942	21973
C25262-T T25279C	NA S:S1239S	21	88177	0.000238	25122	25307
C24899-A C24981-T	NA NA	21	27552	0.000762	24867	24992
C24455+A	NA	21	63873	0.000329	24412	24468
C23887-AAA	S:DEL776	21	38915	0.00054	23690	23894
C23833T C23854A	S:G757G S:N764K	21	39320	0.000534	23817	23893
C23525T T23599G C23604A G23619A	S:H655Y S:N679K S:P681H S:S686N	21	77888	0.00027	23487	23637
C23525T A23558-T	S:H655Y NA	21	79228	0.000265	23500	23569
C23492-A C23525T	NA S:H655Y	21	79793	0.000263	23488	23528
C23280T C23334-T	S:T573I NA	21	17561	0.001196	23270	23387
C21962-A	NA	21	7373	0.002848	21935	21973
A25506G	ORF3a:Q38Q	21	23564	0.000891	25377	25552
A25439G	ORF3a:K16R	21	25777	0.000815	25372	25454
A25194-AT G25197T	NA S:W1212L	21	67959	0.000309	25166	25210
A25134G	S:K1191R	21	60497	0.000347	25130	25147
A24780G	S:K1073R	21	9243	0.002272	24765	24788
A24684-TT	NA	21	9142	0.002297	24612	24788
A24433G	S:Q957Q	21	63770	0.000329	24412	24487
A24424T T24490C	S:Q954H S:V976V	21	61436	0.000342	24416	24564
A24424T T24469A G24476A	S:Q954H S:N969K S:A972T	21	61597	0.000341	24415	24555
A24298G	S:T912T	21	7579	0.002771	24278	24315
A23848+T C23887-A	NA NA	21	38057	0.000552	23767	23894
A23759G C23854A	S:K733E S:N764K	21	37580	0.000559	23700	23895
A23403G G23429A	S:D614G S:A623T	21	17827	0.001178	23269	23443
A21817-T A21834-T A21875-T	NA NA NA	21	6821	0.003079	21776	21973
A21764-TACATG T21775-G A21817-T A21875-T	S:DEL69/70 NA NA NA	21	6028	0.003484	21757	21973
T25520+C	NA	20	22913	0.000873	25372	25528
T25510C	ORF3a:S40P	20	23405	0.000855	25372	25519
T25415-C G25555-T	NA NA	20	21364	0.000936	25372	25566
T25291A	S:C1243*	20	90173	0.000222	25245	25325
T25257C C25262-T	S:I1232T NA	20	88037	0.000227	25134	25291
T25219G	S:G1219G	20	83704	0.000239	25211	25320
T25159C C25262-T	S:D1199D NA	20	60543	0.00033	25130	25314
T25152C C25262-T	S:L1197P NA	20	59942	0.000334	25135	25325
T25152-C	NA	20	62909	0.000318	25135	25325
T25152+C	NA	20	62909	0.000318	25130	25161
T24974C C25000T	S:Y1138H S:D1146D	20	27942	0.000716	24850	25029
T24931C C25000T	S:S1123S S:D1146D	20	27371	0.000731	24853	25068
T24523C	S:V987V	20	65773	0.000304	24497	24563
T24469A A24498G	S:N969K S:D979G	20	64137	0.000312	24465	24554
T24438+A T24469A	NA S:N969Q	20	63150	0.000317	24412	24518
T24414C A24424T	S:V951A S:Q954H	20	61987	0.000323	24412	24564
T23769C C23854A	S:V736A S:N764K	20	37675	0.000531	23683	23895
T23725C C23854A	S:S721S S:N764K	20	37249	0.000537	23693	23881
T23488C C23525T C23604A	Unknown S:H655Y S:P681H	20	75694	0.000264	23487	23642
T23335C A23403G	S:S591S S:D614G	20	17720	0.001129	23289	23443
T23287C A23403G	S:A575A S:D614G	20	17517	0.001142	23282	23441
G25447+A	NA	20	25644	0.00078	25372	25459
G25166C C25262-T	S:E1202Q NA	20	60982	0.000328	25145	25314
G24776-A	NA	20	9229	0.002167	24759	24788
G23804T C23854A	S:E748* S:N764K	20	38434	0.00052	23795	23892
G23768-T G23835+T	NA NA	20	38733	0.000516	23713	23853
G23699A C23854A	S:A713T S:N764K	20	36536	0.000547	23683	23873
G23402-A	NA	20	18295	0.001093	23364	23421
G22813T T22882G G22895C T22896C G22898A T22942G A22964-T	S:K417N S:N440K S:V445P S:V445P S:G446S S:N460K NA	20	16590	0.001206	22801	22967
G22813T G22898A	S:K417N S:G446S	20	22379	0.000894	22799	22909
G22813T G22895C G22898A	S:K417N S:V445L S:G446S	20	22379	0.000894	22793	22906
G22813T A22941-T	S:K417N NA	20	18196	0.001099	22793	22966
G22809-A G22813T	NA S:K417N	20	24633	0.000812	22795	22824
G21508-A	NA	20	1080	0.018519	21477	21568
C25416T G25489T	ORF3a:F8F ORF3a:A33S	20	24413	0.000819	25372	25566
C25321+T	NA	20	90924	0.00022	25305	25325
C25300A	S:G1246G	20	90804	0.00022	25276	25325
C24878+A	NA	20	29642	0.000675	24850	24890
C24784A	S:N1074K	20	9253	0.002161	24735	24788
C23854A T23871C	S:N764K S:I770T	20	39962	0.0005	23845	23881
C23525T T23599G C23604A C23638-A	S:H655Y S:N679K S:P681H NA	20	75046	0.000267	23497	23642
C23525T T23599G C23604A C23630T	S:H655Y S:N679K S:P681H S:Q690*	20	76046	0.000263	23505	23637
C23525T T23599G C23604A C23630-A	S:H655Y S:N679K S:P681H NA	20	76046	0.000263	23509	23637
C23525T T23537C	S:H655Y S:S659P	20	81069	0.000247	23487	23538
C23367-A	NA	20	18477	0.001082	23285	23379
A25253T	S:T1231S	20	87937	0.000227	25214	25325
A25253G C25262-T	S:T1231A NA	20	87766	0.000228	25130	25325
A24905-T C25000T	NA S:D1146D	20	27144	0.000737	24872	25003
A24456G T24469A	S:Q965R S:N969K	20	63497	0.000315	24413	24563
A24454G T24469A	S:K964K S:N969K	20	63453	0.000315	24412	24559
A24424T T24469A T24541C	S:Q954H S:N969K S:I993I	20	60565	0.00033	24412	24564
A24424T T24469A T24496C	S:Q954H S:N969K S:N978N	20	61373	0.000326	24412	24563
A24424T T24460C	S:Q954H S:L966L	20	61888	0.000323	24412	24564
A24424T A24539-T	S:Q954H NA	20	60583	0.00033	24412	24550
A24424T A24479G	S:Q954H S:I973V	20	61558	0.000325	24412	24564
A24424T A24425G	S:Q954H S:N955D	20	62568	0.00032	24416	24564
A24178G	S:Q872Q	20	7612	0.002627	24164	24247
A23772G C23854A	S:D737G S:N764K	20	37704	0.00053	23730	23895
A23736G C23854A	S:E725G S:N764K	20	37366	0.000535	23683	23895
A23704+C C23887-A	NA NA	20	34686	0.000577	23683	23895
A23326G A23403G	S:T588T S:D614G	20	17704	0.00113	23285	23429
A23013C T23018G A23055G A23063T T23075C T23143-A	S:E484A S:F486V S:Q498R S:N501Y S:Y505H NA	20	1614	0.012392	23008	23166
T25289+G	NA	19	90027	0.000211	25278	25306
T25224-A	NA	19	86167	0.000221	25217	25325
T25150+C	NA	19	62039	0.000306	25130	25158
T25140+A C25262-TT	NA NA	19	58004	0.000328	25132	25325
T24960C C25000T	S:V1133A S:D1146D	19	27753	0.000685	24850	25069
T24943C C25000T	S:D1127D S:D1146D	19	27514	0.000691	24903	25069
T24940C C25000T	S:C1126C S:D1146D	19	27465	0.000692	24850	25065
T24529C	S:A989A	19	65748	0.000289	24481	24552
T24514C	S:L984L	19	65735	0.000289	24497	24517
T24482C	S:S974P	19	65134	0.000292	24473	24554
T24480C	S:I973T	19	65048	0.000292	24412	24518
T23871+A	NA	19	40553	0.000469	23850	23881
T23862-A	NA	19	40662	0.000467	23854	23872
T23837C C23854A	S:F759L S:N764K	19	39822	0.000477	23759	23873
T23765C C23854A	S:S735P S:N764K	19	37610	0.000505	23699	23895
T23754C C23854A	S:M731T S:N764K	19	37531	0.000506	23683	23892
T23728C C23854A	S:V722V S:N764K	19	37280	0.00051	23699	23895
G25494-A	NA	19	24196	0.000785	25382	25503
G24557C	S:G999R	19	64928	0.000293	24541	24564
G24416A T24469A	S:V952I S:N969K	19	61389	0.00031	24412	24488
G24164-A	NA	19	7425	0.002559	24151	24185
G22895C T22896C G22898A T22942G	S:V445P S:V445P S:G446S S:N460K	19	19224	0.000988	22882	22966
G22813T T22882G G22895C T22896C G22898A T22942G T22951C	S:K417N S:N440K S:V445P S:V445P S:G446S S:N460K S:P463P	19	17101	0.001111	22801	22967
G22813T T22882G G22895C T22896C G22898A T22900-G T22942G	S:K417N S:N440K S:V445P S:V445P S:G446S NA S:N460K	19	18114	0.001049	22801	22949
G22813T T22882G G22895C G22898A T22900-G	S:K417N S:N440K S:V445L S:G446S NA	19	22331	0.000851	22802	22914
G22813T T22882G A22914-C T22917G T22942A	S:K417N S:N440K NA S:L452R S:N460K	19	18114	0.001049	22800	22967
G22813T T22831+A T22882G	S:K417N NA S:N440Q	19	23887	0.000795	22793	22889
G22813T G22844A T22882G G22895C T22896C G22898A	S:K417N S:D428N S:N440K S:V445P S:V445P S:G446S	19	22379	0.000849	22808	22908
C25528+T	NA	19	22385	0.000849	25372	25546
C25416T T25458C	ORF3a:F8F ORF3a:D22D	19	25428	0.000747	25372	25481
C25416T A25472-TT	ORF3a:F8F NA	19	25196	0.000754	25372	25566
C25262-T T25310C	NA S:C1250R	19	87690	0.000217	25122	25325
C25000T T25063C	S:D1146D S:G1167G	19	26847	0.000708	24858	25068
C25000T A25034G	S:D1146D S:N1158D	19	27408	0.000693	24981	25069
C24981-T C25000T C25046T	NA S:D1146D S:P1162S	19	27014	0.000703	24850	25069
C24422-A A24424T	NA S:Q954H	19	62602	0.000304	24415	24563
C24210T	S:T883I	19	7539	0.00252	24148	24319
C23854A T23866C	S:N764K S:T768T	19	40102	0.000474	23833	23873
C23854A T23861C	S:N764K S:L767L	19	40323	0.000471	23846	23895
C23854A T23857+A	S:N764K NA	19	40442	0.00047	23846	23881
C23854A A23864G	S:N764K S:T768A	19	40172	0.000473	23841	23895
C23709T	S:T716I	19	43044	0.000441	23692	23716
C23700T C23854A	S:A713V S:N764K	19	36941	0.000514	23683	23881
C23525T T23599G C23604A G23642A	S:H655Y S:N679K S:P681H Unknown	19	73103	0.00026	23501	23642
C23525T T23599G C23604A A23631C	S:H655Y S:N679K S:P681H S:Q690P	19	75817	0.000251	23488	23635
C23525T G23561A T23599G C23604A	S:H655Y S:G667S S:N679K S:P681H	19	77968	0.000244	23505	23624
C23525T A23566T T23599G C23604A	S:H655Y S:A668A S:N679K S:P681H	19	77968	0.000244	23501	23624
C23520T C23525T T23599G C23604A	S:A653V S:H655Y S:N679K S:P681H	19	77941	0.000244	23487	23637
C23367+A	NA	19	18477	0.001028	23285	23421
C22383+T	NA	19	4405	0.004313	22368	22397
A25497G	ORF3a:I35M	19	24006	0.000791	25375	25510
A25450G	ORF3a:I20V	19	25585	0.000743	25372	25534
A25448G	ORF3a:E19G	19	25609	0.000742	25372	25486
A25442G	ORF3a:Q17R	19	25735	0.000738	25383	25476
A25426G	ORF3a:T12A	19	25995	0.000731	25372	25431
A25417G	ORF3a:T9A	19	26103	0.000728	25372	25505
A25277T	S:S1239C	19	89349	0.000213	25219	25324
A25201G T25319C	S:P1213P S:C1253R	19	68297	0.000278	25190	25325
A25143T	S:N1194I	19	61523	0.000309	25131	25183
A25137-T T25191-A	NA NA	19	59092	0.000322	25130	25204
A25134+T	NA	19	60497	0.000314	25124	25151
A25056-T	NA	19	27700	0.000686	25042	25065
A24963G C25000T	S:N1134S S:D1146D	19	27821	0.000683	24957	25065
A24956-T	NA	19	28721	0.000662	24945	24978
A24913G C25000T	S:T1117T S:D1146D	19	27233	0.000698	24861	25069
A24433+C	NA	19	63770	0.000298	24412	24440
A24425T	S:N955Y	19	62676	0.000303	24412	24444
A24424T T24499C	S:Q954H S:D979D	19	61318	0.00031	24412	24552
A24424T T24469A T24501C	S:Q954H S:N969K S:I980T	19	61285	0.00031	24412	24564
A24424T A24495G	S:Q954H S:N978S	19	61383	0.00031	24412	24564
A23942-T G23948T	NA S:D796Y	19	475	0.04	23941	23956
A23881G	S:E773E	19	39814	0.000477	23854	23890
A23813G C23854A	S:N751D S:N764K	19	38622	0.000492	23702	23873
A23806G C23854A	S:E748E S:N764K	19	38483	0.000494	23683	23895
A23691G C23854A	S:N710S S:N764K	19	36393	0.000522	23685	23895
A23515+G	NA	19	82602	0.00023	23487	23532
A23497-C C23525T T23599G C23604A	NA S:H655Y S:N679K S:P681H	19	76401	0.000249	23488	23633
A23329G A23403G	S:P589P S:D614G	19	17706	0.001073	23285	23429
A23013C T23018G	S:E484A S:F486V	19	1919	0.009901	23008	23037
A21764-TACATG A21817-T A21964-T	S:DEL69/70 NA NA	19	5850	0.003248	21757	21973
A21764-TACATG A21817-T A21875-T C21888-T	S:DEL69/70 NA NA NA	19	6010	0.003161	21757	21973
T25488C	ORF3a:T32T	18	24599	0.000732	25376	25552
T25375C	S:H1271H	18	26170	0.000688	25372	25485
T25303G	S:C1247W	18	90979	0.000198	25297	25324
T25301A	S:C1247S	18	90869	0.000198	25276	25323
T25293+A	NA	18	90299	0.000199	25285	25325
T25138C	S:N1192N	18	61013	0.000295	25124	25192
T24744C	S:V1061A	18	9023	0.001995	24695	24791
T24549C	S:L996S	18	65661	0.000274	24495	24552
T24490C	S:V976V	18	65420	0.000275	24465	24564
T24469A T24552C	S:N969K S:I997T	18	62989	0.000286	24431	24564
T23818C C23854A	S:L752L S:N764K	18	38765	0.000464	23683	23895
T23752C C23854A	S:S730S S:N764K	18	37517	0.00048	23683	23895
T23727C	S:V722A	18	42608	0.000422	23683	23743
T23716-A	NA	18	42903	0.00042	23694	23730
T23686+A	NA	18	42196	0.000427	23683	23705
T23599G C23604A A23639-T	S:N679K S:P681H NA	18	74580	0.000241	23588	23642
T23330C A23403G	S:C590R S:D614G	18	17706	0.001017	23269	23441
T23317C A23403G	S:L585L S:D614G	18	17693	0.001017	23285	23427
G25323+A	NA	18	90387	0.000199	25315	25325
G25302A	S:C1247Y	18	90927	0.000198	25282	25324
G25177-T C25262-T	NA NA	18	61577	0.000292	25122	25325
G24944+T	NA	18	28794	0.000625	24850	24974
G24928A C24981-T C25000T	S:V1122V NA S:D1146D	18	27334	0.000659	24850	25049
G24535A	S:V991V	18	65709	0.000274	24478	24564
G22813T T22896C G22898A	S:K417N S:V445A S:G446S	18	22379	0.000804	22796	22930
G22813T T22882G T22942A C22950-T	S:K417N S:N440K S:N460K NA	18	17402	0.001034	22800	22963
G22813T T22882G T22917G G22933-A T22942A	S:K417N S:N440K S:L452R NA S:N460K	18	18114	0.000994	22801	22967
G22813T T22882G G22895C T22896C G22898A A22935G T22942G	S:K417N S:N440K S:V445P S:V445P S:G446S S:K458R S:N460K	18	18114	0.000994	22793	22967
C25549-T	NA	18	21901	0.000822	25381	25559
C25517T	ORF3a:P42L	18	23127	0.000778	25372	25525
C25416T G25527+C	ORF3a:F8F NA	18	22407	0.000803	25372	25562
C25416T A25438G	ORF3a:F8F ORF3a:K16E	18	25790	0.000698	25372	25566
C25413+T	NA	18	26203	0.000687	25375	25422
C25262-T A25296G	NA S:K1245R	18	87970	0.000205	25122	25324
C25254T	S:T1231I	18	87973	0.000205	25226	25291
C25000T A25007G	S:D1146D S:K1149E	18	28087	0.000641	24900	25065
C24896T C25000T	S:P1112S S:D1146D	18	27019	0.000666	24880	25069
C24512+T	NA	18	65730	0.000274	24465	24534
C24483-A	NA	18	65180	0.000276	24473	24560
C23887-AA	NA	18	38915	0.000463	23699	23895
C23575T T23599G C23604A	S:C671C S:N679K S:P681H	18	78936	0.000228	23517	23624
C23525T C23604A T23629C	S:H655Y S:P681H S:S689S	18	76065	0.000237	23487	23642
C23525T A23558G T23599G C23604A T23637C	S:H655Y S:I666V S:N679K S:P681H S:I692T	18	75085	0.00024	23487	23642
C23525T A23531T T23599G C23604A	S:H655Y S:N657Y S:N679K S:P681H	18	77968	0.000231	23487	23642
C23306+T	NA	18	18952	0.00095	23269	23319
C23280T	S:T573I	18	18096	0.000995	23269	23315
A25545G	ORF3a:A51A	18	21930	0.000821	25372	25566
A25512G	ORF3a:S40S	18	23367	0.00077	25372	25521
A25438G	ORF3a:K16E	18	25790	0.000698	25372	25481
A24978G	S:D1139G	18	28546	0.000631	24943	25069
A24968G C25000T	S:T1136A S:D1146D	18	27872	0.000646	24857	25041
A24956-T C25000T	NA S:D1146D	18	27705	0.00065	24905	25048
A24922+T	NA	18	28934	0.000622	24852	24934
A24920G C24981-T C25000T	S:T1120A NA S:D1146D	18	27270	0.00066	24853	25008
A24898G C25000T	S:P1112P S:D1146D	18	27051	0.000665	24858	25065
A24895G C24981-T C25000T	S:E1111E NA S:D1146D	18	26996	0.000667	24850	25008
A24879G C25000T	S:Q1106R S:D1146D	18	26787	0.000672	24850	25031
A24860G	S:T1100A	18	29576	0.000609	24857	24870
A24777G	S:E1072G	18	9239	0.001948	24763	24806
A24545G	S:R995G	18	65711	0.000274	24479	24564
A24516-C	NA	18	65747	0.000274	24508	24564
A24424T T24469A C24553T	S:Q954H S:N969K S:I997I	18	60272	0.000299	24412	24564
A24424T T24469A A24478G	S:Q954H S:N969K S:A972A	18	61568	0.000292	24412	24564
A24424T T24459C	S:Q954H S:L966P	18	61922	0.000291	24412	24564
A24424T G24445A T24469A	S:Q954H S:T961T S:N969K	18	61712	0.000292	24412	24564
A24424T C24536+A	S:Q954H NA	18	60624	0.000297	24413	24564
A24424T C24431-A	S:Q954H NA	18	62562	0.000288	24413	24450
A24424T A24537G	S:Q954H S:Q992R	18	60601	0.000297	24412	24564
A24424T A24479+T	S:Q954H NA	18	61558	0.000292	24416	24500
A24423G A24424T	S:Q954R S:Q954R	18	62609	0.000287	24412	24564
A24324T	S:K921I	18	7052	0.002552	24148	24328
A23853G C23854A	S:N764R S:N764R	18	40670	0.000443	23834	23881
A23843G C23854A	S:T761A S:N764K	18	40157	0.000448	23834	23895
A23708G C23854A	S:T716A S:N764K	18	37132	0.000485	23683	23881
A23063T	S:N501Y	18	2411	0.007466	23059	23125
T25558C	ORF3a:F56L	17	21347	0.000796	25372	25564
T25556C	ORF3a:V55A	17	21361	0.000796	25372	25559
T25550C	ORF3a:L53P	17	21823	0.000779	25376	25560
T25548C	ORF3a:L52L	17	21905	0.000776	25372	25566
T25536C	ORF3a:V48V	17	22066	0.00077	25372	25552
T25382+A G25555-T	NA NA	17	21302	0.000798	25372	25566
T25304G	S:C1248G	17	91154	0.000186	25290	25325
T25285+G	NA	17	89772	0.000189	25277	25324
T25283+A	NA	17	89640	0.00019	25274	25324
T25211C C25262-T	S:W1217R NA	17	76297	0.000223	25122	25287
T25191-A G25218-T C25262-TT G25278-T	NA NA NA NA	17	65720	0.000259	25137	25315
T25191+C	NA	17	67376	0.000252	25175	25316
T25148C C25262-T	S:S1196P NA	17	58788	0.000289	25130	25296
T24979C C25000T	S:D1139D S:D1146D	17	28032	0.000606	24954	25069
T24945C C25000T	S:V1128A S:D1146D	17	27556	0.000617	24850	25069
T24856C C25000T	S:N1098N S:D1146D	17	26147	0.00065	24850	25065
T24721C	S:P1053P	17	8949	0.0019	24706	24726
T24469G	S:N969K	17	64586	0.000263	24465	24563
T24469A T24511C	S:N969K S:R983R	17	63855	0.000266	24465	24564
T24469A C24536T	S:N969K S:Q992*	17	63350	0.000268	24465	24554
T24280-A	NA	17	7547	0.002253	24270	24319
T23803C C23854A	S:T747T S:N764K	17	38417	0.000443	23683	23892
T23794C	S:G744G	17	40994	0.000415	23683	23815
T23511-A C23525T T23599G C23604A	NA S:H655Y S:N679K S:P681H	17	77809	0.000218	23487	23624
T23511+A T23599G C23604A	NA S:N679* S:P681Y	17	77809	0.000218	23487	23642
T23391C A23403G	S:V610A S:D614G	17	18170	0.000936	23380	23429
T23389C A23403G	S:A609A S:D614G	17	18146	0.000937	23371	23443
T23338-G	NA	17	18726	0.000908	23276	23360
T23337C A23403G	S:F592S S:D614G	17	17823	0.000954	23285	23443
T23031C A23063T T23075C	S:F490S S:N501Y S:Y505H	17	2228	0.00763	23025	23224
G25273A	S:M1237I	17	89120	0.000191	25217	25325
G25217A	S:G1219S	17	80990	0.00021	25192	25323
G25135+A C25262-TT G25278-T	NA NA NA	17	57187	0.000297	25124	25315
G24928A	S:V1122V	17	28874	0.000589	24900	24968
G24868+T	NA	17	29645	0.000573	24855	24878
G23879+A	NA	17	39882	0.000426	23859	23887
G23811A C23854A	S:S750N S:N764K	17	38588	0.000441	23799	23895
G22813T T22882G T22896C G22898A A22914-C T22942G	S:K417N S:N440K S:V445A S:G446S NA S:N460K	17	18114	0.000939	22796	22944
G22813T T22882G G22895C T22896C G22898A A22964-T	S:K417N S:N440K S:V445P S:V445P S:G446S NA	17	16590	0.001025	22793	22967
G22813T T22882G G22895C T22896C G22898A A22914G T22942G	S:K417N S:N440K S:V445P S:V445P S:G446S S:Y451C S:N460K	17	18114	0.000939	22793	22967
G22813T G22859+T T22882G	S:K417N NA S:N440Q	17	23887	0.000712	22793	22887
G22332-T	NA	17	4592	0.003702	22320	22446
C25416T T25510C	ORF3a:F8F ORF3a:S40P	17	23405	0.000726	25376	25515
C25416T C25517T	ORF3a:F8F ORF3a:P42L	17	23127	0.000735	25372	25552
C25169+T	NA	17	63547	0.000268	25130	25180
C25000T A25038G	S:D1146D S:H1159R	17	27311	0.000622	24850	25069
C25000T A25014G	S:D1146D S:E1151G	17	27934	0.000609	24963	25030
C24865T	S:H1101H	17	29577	0.000575	24854	24890
C24715-T	NA	17	8978	0.001894	24697	24791
C24672-A A24702+G	NA NA	17	7317	0.002323	24612	24719
C24483+A	NA	17	65180	0.000261	24470	24528
C23854A G23858A	S:N764K S:A766T	17	40441	0.00042	23683	23895
C23854A C23882T	S:N764K S:Q774*	17	39107	0.000435	23845	23895
C23854A A23894G	S:N764K Unknown	17	34747	0.000489	23848	23895
C23701-A	NA	17	43100	0.000394	23683	23716
C23557T T23599G C23604A	S:P665P S:N679K S:P681H	17	78503	0.000217	23551	23637
C23525T T23599G C23604A T23617+G	S:H655Y S:N679K S:P681H NA	17	77896	0.000218	23487	23629
C23525T G23545A T23599G C23604A	S:H655Y S:E661E S:N679K S:P681H	17	77968	0.000218	23487	23637
C23334-T C23367-A	NA NA	17	18254	0.000931	23285	23392
A25462G	ORF3a:T24A	17	25328	0.000671	25382	25477
A25296-G	NA	17	90555	0.000188	25262	25325
A25042+G	NA	17	27842	0.000611	25035	25069
A24908G C25000T	S:T1116A S:D1146D	17	27182	0.000625	24872	25069
A24500G	S:I980V	17	65539	0.000259	24477	24512
A24479+T	NA	17	64963	0.000262	24465	24492
A24454G	S:K964K	17	63874	0.000266	24446	24483
A24424T T24564C	S:Q954H Unknown	17	59364	0.000286	24412	24564
A24424T T24534C	S:Q954H S:V991A	17	60677	0.00028	24416	24564
A24424T T24469A T24564C	S:Q954H S:N969K Unknown	17	59364	0.000286	24412	24564
A24424T T24469A A24484G	S:Q954H S:N969K S:S974S	17	61498	0.000276	24413	24563
A24424T T24436C	S:Q954H S:A958A	17	62464	0.000272	24412	24525
A24424T A24440G	S:Q954H S:N960D	17	62398	0.000272	24417	24564
A23870G	S:I770V	17	40562	0.000419	23848	23882
A23853-C C23855A	NA S:R765S	17	40505	0.00042	23841	23881
A23801G C23854A	S:T747A S:N764K	17	38366	0.000443	23767	23895
A23737G C23854A	S:E725E S:N764K	17	37377	0.000455	23699	23886
A23729G C23854A	S:T723A S:N764K	17	37292	0.000456	23723	23873
A23723G C23854A	S:S721G S:N764K	17	37225	0.000457	23683	23895
A23704+C A23712+T	NA NA	17	42758	0.000398	23690	23728
A23696-T	NA	17	42631	0.000399	23683	23715
A23539G T23599G C23604A	S:S659S S:N679K S:P681H	17	78228	0.000217	23498	23637
A23515+G C23525T A23558G T23599G C23604A	NA S:H655S S:I666D S:N679* S:P681Y	17	77860	0.000218	23487	23634
A23295G A23403G	S:D578G S:D614G	17	17568	0.000968	23282	23443
A23283G A23403G	S:D574G S:D614G	17	16899	0.001006	23269	23429
A21817-TT	NA	17	7150	0.002378	21785	21837
A21764-TACATG A21917-T	S:DEL69/70 NA	17	5980	0.002843	21757	21957
T25458C	ORF3a:D22D	16	25428	0.000629	25372	25484
T25319+A	NA	16	90980	0.000176	25310	25325
T25312+C	NA	16	91423	0.000175	25294	25316
T25228C C25262-T	S:A1222A NA	16	86239	0.000186	25132	25314
T25129A	S:V1189V	16	57111	0.00028	25126	25158
T24960C C24981-T C25000T	S:V1133A NA S:D1146D	16	27753	0.000577	24850	25045
T24873+A	NA	16	29720	0.000538	24850	24884
T24489C	S:V976A	16	65380	0.000245	24473	24554
T24469A T24499C	S:N969K S:D979D	16	64129	0.000249	24465	24558
T24469A C24477T	S:N969K S:A972V	16	64449	0.000248	24449	24564
T24448C	S:L962L	16	63900	0.00025	24432	24473
T24255C	S:F898S	16	7448	0.002148	24220	24317
T23787C C23854A	S:I742T S:N764K	16	37880	0.000422	23683	23880
T23716C C23854A	S:F718F S:N764K	16	37198	0.00043	23684	23895
T23684C	S:S708P	16	42012	0.000381	23683	23734
T23385C A23403G	S:V608A S:D614G	16	18073	0.000885	23296	23432
G25401T	ORF3a:L3F	16	26392	0.000606	25372	25415
G25218-T G25290T	NA S:C1243F	16	82277	0.000194	25207	25325
G25183A	S:E1207E	16	64376	0.000249	25167	25325
G25130+T	NA	16	57300	0.000279	25123	25163
G25015-T	NA	16	28128	0.000569	25008	25064
G24693-A	NA	16	9099	0.001758	24675	24704
G24488-T C24517-A	NA NA	16	64790	0.000247	24465	24533
G24428+A	NA	16	62899	0.000254	24414	24441
G24199A	S:A879A	16	7575	0.002112	24148	24306
G23948T C23981T	S:D796Y S:P807S	16	393	0.040712	23941	24106
G22813T T22882G T22896C G22898A T22942G A22948-C	S:K417N S:N440K S:V445A S:G446S S:N460K NA	16	17553	0.000912	22801	22967
G22813T T22882G G22933-A T22942A	S:K417N S:N440K NA S:N460K	16	18114	0.000883	22795	22967
G22813T T22882G A22893C T22917G C22950-T	S:K417N S:N440K S:K444T S:L452R NA	16	17402	0.000919	22801	22961
G22813T T22882G A22893C T22917G A22964-T	S:K417N S:N440K S:K444T S:L452R NA	16	16590	0.000964	22793	22967
G22813T T22876-A T22882G A22893C T22917G	S:K417N NA S:N440K S:K444T S:L452R	16	21262	0.000753	22793	22921
G22577C G22578A G22599C C22664A T22679C	S:G339H S:G339H S:R346T S:L368I S:S373P	16	234	0.068376	22494	22685
C25433-T	NA	16	25896	0.000618	25380	25487
C25416T T25488C	ORF3a:F8F ORF3a:T32T	16	24599	0.00065	25372	25552
C25416T A25449G	ORF3a:F8F ORF3a:E19E	16	25595	0.000625	25372	25475
C25262-TT G25278-T T25291C	NA NA S:C1243C	16	88062	0.000182	25140	25325
C25262-T T25288C	NA S:S1242S	16	88092	0.000182	25122	25325
C25000T T25016C	S:D1146D S:L1152L	16	27868	0.000574	24850	25046
C25000T A25045G	S:D1146D S:S1161S	16	27209	0.000588	24953	25065
C24981-T C25000T T25039-A	NA S:D1146D NA	16	27110	0.00059	24850	25069
C24981-T A24994G	NA S:E1144E	16	28235	0.000567	24850	25013
C24859T C25000T	S:G1099G S:D1146D	16	26455	0.000605	24854	25065
C24536+A	NA	16	65711	0.000243	24507	24552
C24455-A T24469A	NA S:N969K	16	63464	0.000252	24412	24564
C24435-T T24469A	NA S:N969K	16	63028	0.000254	24412	24564
C24422-A A24425T G24428A T24469A	NA S:N955Y S:A956T S:N969K	16	61699	0.000259	24412	24564
C24422-A A24425T G24428A	NA S:N955Y S:A956T	16	62555	0.000256	24413	24564
C23812-A C23854A	NA S:N764K	16	38603	0.000414	23797	23895
C23525T G23580A T23599G C23604A	S:H655Y S:S673N S:N679K S:P681H	16	77968	0.000205	23499	23626
C23525T G23528A T23599G C23604A	S:H655Y S:V656I S:N679K S:P681H	16	77968	0.000205	23487	23629
C23525T C23595T T23599G C23604A	S:H655Y S:T678I S:N679K S:P681H	16	77968	0.000205	23501	23642
C23525T C23530-A T23599G C23604A	S:H655Y NA S:N679K S:P681H	16	77968	0.000205	23487	23642
C23525T A23592T T23599G C23604A	S:H655Y S:Q677L S:N679K S:P681H	16	77968	0.000205	23487	23624
C23525T A23550T T23599G C23604A	S:H655Y S:D663V S:N679K S:P681H	16	77968	0.000205	23487	23624
C23525T A23550G A23558G T23599G C23604A	S:H655Y S:D663G S:I666V S:N679K S:P681H	16	77968	0.000205	23487	23642
C23275T	S:D571D	16	18036	0.000887	23273	23396
A25432G	ORF3a:T14A	16	25901	0.000618	25372	25493
A25420G	ORF3a:I10V	16	26077	0.000614	25372	25448
A25393-TG	NA	16	26478	0.000604	25372	25566
A25393+T	NA	16	26478	0.000604	25372	25406
A25325T	Unknown	16	89770	0.000178	25297	25325
A25175G C25262-T	S:K1205E NA	16	61511	0.00026	25130	25325
A24922G C25000T	S:T1120T S:D1146D	16	27283	0.000586	24852	25061
A24874G C25000T	S:V1104V S:D1146D	16	26759	0.000598	24854	25069
A24788G	S:T1076A	16	9192	0.001741	24706	24797
A24695G	S:K1045E	16	9158	0.001747	24686	24788
A24468-T	NA	16	64600	0.000248	24434	24481
A24453G T24469A	S:K964R S:N969K	16	63450	0.000252	24431	24564
A24432G	S:Q957R	16	63738	0.000251	24413	24443
A24424T T24501C	S:Q954H S:I980T	16	61285	0.000261	24412	24564
A24424T T24469A T24523C	S:Q954H S:N969K S:V987V	16	60858	0.000263	24412	24564
A24424T T24469A G24558A	S:Q954H S:N969K S:G999D	16	59635	0.000268	24412	24564
A24424T T24469A C24559T	S:Q954H S:N969K S:G999G	16	59622	0.000268	24416	24564
A24424T T24469A A24494G	S:Q954H S:N969K S:N978D	16	61390	0.000261	24417	24564
A24424T C24555T	S:Q954H S:T998I	16	60075	0.000266	24412	24564
A24424T C24517A A24543G	S:Q954H S:D985E S:D994G	16	60530	0.000264	24412	24550
A24424T A24560T	S:Q954H S:R1000*	16	59530	0.000269	24412	24564
A24424T A24468G T24469A	S:Q954H S:N969R S:N969R	16	61712	0.000259	24412	24564
A24424T A24456G	S:Q954H S:Q965R	16	62002	0.000258	24412	24564
A24353-T	NA	16	4041	0.003959	24327	24357
A24340-T	NA	16	4392	0.003643	24327	24350
A24158G	S:T866A	16	7312	0.002188	24148	24286
A23880G	S:E773G	16	39856	0.000401	23862	23887
A23806+T	NA	16	41010	0.00039	23714	23817
A23767G	S:S735S	16	41651	0.000384	23699	23779
A23762G	S:T734A	16	41727	0.000383	23693	23771
A23760G C23854A	S:K733R S:N764K	16	37584	0.000426	23683	23891
A23704G C23854A	S:I714M S:N764K	16	36993	0.000433	23683	23895
A23702G	S:I714V	16	43104	0.000371	23683	23749
A23403G T23433C	S:D614G S:I624T	16	17304	0.000925	23381	23441
A23400+G	NA	16	18344	0.000872	23351	23420
A23310G A23403G	S:E583G S:D614G	16	17679	0.000905	23285	23434
A21834-T	NA	16	7106	0.002252	21818	21852
A21764-TACATG A21817-T A21875-T A21964-T	S:DEL69/70 NA NA NA	16	5850	0.002735	21757	21973
T25542C	ORF3a:V50V	15	21975	0.000683	25372	25566
T25496+A	NA	15	24034	0.000624	25372	25504
T25467C	ORF3a:P25P	15	25274	0.000593	25372	25499
T25265G	S:C1235G	15	88618	0.000169	25181	25325
T25251C C25262-T	S:V1230A NA	15	87604	0.000171	25130	25325
T25237A	S:I1225I	15	87250	0.000172	25206	25325
T25180-G	NA	15	63822	0.000235	25172	25325
T25155C C25262-T	S:I1198T NA	15	60239	0.000249	25122	25290
T25140A	S:L1193*	15	61158	0.000245	25127	25146
T25129C C25262-T	S:V1189V NA	15	54137	0.000277	25122	25325
T25123C	Unknown	15	55815	0.000269	25122	25325
T24866+G C24981-T C25000T	NA NA S:D1146S	15	26504	0.000566	24850	25017
T24754C	S:H1064H	15	9088	0.001651	24690	24772
T24643-A C24672-A A24684-T	NA NA NA	15	8225	0.001824	24626	24698
T24564C	Unknown	15	64597	0.000232	24530	24564
T24506+A	NA	15	65632	0.000229	24499	24521
T24492-A	NA	15	65442	0.000229	24473	24535
T24475C	S:G971G	15	64832	0.000231	24465	24498
T24469A T24472-G C24536-A	S:N969K NA NA	15	63350	0.000237	24443	24564
T24469A C24503-T	S:N969K NA	15	64008	0.000234	24465	24546
T24469A A24518G	S:N969K S:K986E	15	63727	0.000235	24434	24564
T24436C	S:A958A	15	63914	0.000235	24424	24464
T24417C G24557C	S:V952A S:G999R	15	59511	0.000252	24412	24564
T24309C	S:L916P	15	7542	0.001989	24150	24317
T23842C	S:C760C	15	40614	0.000369	23683	23849
T23837C	S:F759L	15	40785	0.000368	23814	23854
T23836G C23854A	S:S758R S:N764K	15	39660	0.000378	23808	23891
T23748C	S:V729A	15	42017	0.000357	23683	23780
T23722C C23854A	S:I720I S:N764K	15	37219	0.000403	23683	23881
T23719C C23854A	S:T719T S:N764K	15	37208	0.000403	23699	23881
T23698C	S:I712I	15	42673	0.000352	23683	23711
T23491C T23599G C23604A	S:F643F S:N679K S:P681H	15	75909	0.000198	23486	23624
T23392C A23403G	S:V610V S:D614G	15	18177	0.000825	23270	23443
T23355-A	NA	15	18586	0.000807	23269	23364
T23352C A23403G	S:V597A S:D614G	15	17872	0.000839	23335	23428
T23308C A23403G	S:L582L S:D614G	15	17678	0.000849	23269	23443
T23272C A23403G	S:A570A S:D614G	15	16542	0.000907	23270	23443
G25489A	ORF3a:A33T	15	24413	0.000614	25372	25552
G25409-A	NA	15	26287	0.000571	25372	25430
G25305+T	NA	15	91206	0.000164	25296	25321
G25218+T C25262-TT	NA NA	15	82676	0.000181	25130	25325
G25212A	S:W1217*	15	77411	0.000194	25205	25325
G25173+A	NA	15	63627	0.000236	25132	25194
G25126A	S:E1188E	15	56517	0.000265	25122	25196
G24868A C25000T	S:W1102* S:D1146D	15	26586	0.000564	24857	25065
G24497-A	NA	15	65477	0.000229	24465	24521
G24415A A24424T	S:V951V S:Q954H	15	62031	0.000242	24412	24564
G24301-A	NA	15	7568	0.001982	24286	24329
G23868-A	NA	15	40581	0.00037	23859	23873
G23522-A C23525T C23604A	NA S:H655Y S:P681H	15	77961	0.000192	23512	23642
G22813T T22882G T22896C G22898A A22924-T T22942G	S:K417N S:N440K S:V445A S:G446S NA S:N460K	15	18114	0.000828	22808	22949
G22813T T22882G T22891+A G22895C T22896C G22898A	S:K417N S:N440K NA S:V445P S:V445P S:G446R	15	22379	0.00067	22801	22917
G22813T T22882G T22891+A G22895C G22898A	S:K417N S:N440K NA S:V445R S:G446R	15	22379	0.00067	22798	22913
G22813T T22882G G22895C T22896C G22898A A22924-T	S:K417N S:N440K S:V445P S:V445P S:G446S NA	15	20635	0.000727	22793	22941
G22813T T22882G G22895C T22896C G22898A A22914-C T22942G	S:K417N S:N440K S:V445P S:V445P S:G446S NA S:N460K	15	18114	0.000828	22808	22967
G22813T T22882G A22893C T22917G A22941-T	S:K417N S:N440K S:K444T S:L452R NA	15	18196	0.000824	22793	22949
G22813T T22863C T22882G G22895C T22896C G22898A T22942G	S:K417N S:I434T S:N440K S:V445P S:V445P S:G446S S:N460K	15	18114	0.000828	22803	22944
G22813T T22848C T22882G G22895C T22896C G22898A T22942G	S:K417N S:F429S S:N440K S:V445P S:V445P S:G446S S:N460K	15	18114	0.000828	22797	22967
G22813T G22859+T T22882G A22893C T22917G	S:K417N NA S:N440Q S:K444S S:L452R	15	21262	0.000705	22807	22935
G22813T A22845-T T22882G	S:K417N NA S:N440K	15	23887	0.000628	22793	22889
G22317T T22392-A	S:G252V NA	15	3933	0.003814	22246	22414
G22302+T G22317T	NA S:G252L	15	4500	0.003333	22256	22325
C25416T C25544T	ORF3a:F8F ORF3a:A51V	15	21950	0.000683	25382	25552
C25416T A25503+C	ORF3a:F8F NA	15	23773	0.000631	25372	25518
C25380T	S:T1273I	15	26380	0.000569	25372	25426
C25318A	S:S1252S	15	91040	0.000165	25301	25325
C25308+A	NA	15	91415	0.000164	25300	25324
C25294T	S:L1244L	15	90346	0.000166	25260	25325
C25294+A	NA	15	90346	0.000166	25285	25325
C25292T	S:L1244F	15	90229	0.000166	25259	25324
C25262-T T25309C	NA S:S1249S	15	87702	0.000171	25130	25325
C25169-T C25262-TT G25278-T	NA NA NA	15	60887	0.000246	25122	25320
C25000T A25050G	S:D1146D S:D1163G	15	27095	0.000554	24858	25069
C25000T A25026-T	S:D1146D NA	15	27558	0.000544	24890	25061
C24981-T C25000T A25026+T	NA S:D1146D NA	15	27367	0.000548	24850	25068
C24964-A C24981-T	NA NA	15	28326	0.00053	24850	24995
C24672-AA A24684-T	NA NA	15	8343	0.001798	24620	24702
C24632+T C24672-A	NA NA	15	8629	0.001738	24612	24688
C24455-A G24488-T	NA NA	15	63173	0.000237	24412	24564
C24023T	S:L821L	15	1232	0.012175	23972	24098
C23854A A23890G	S:N764K S:K776K	15	37679	0.000398	23846	23895
C23745T C23854A	S:P728L S:N764K	15	37441	0.000401	23705	23895
C23730T C23854A	S:T723I S:N764K	15	37306	0.000402	23683	23895
C23525T T23602-C T23605A	S:H655Y NA S:P681P	15	77952	0.000192	23487	23632
C23525T T23599G C23603+A	S:H655Y S:N679K NA	15	77984	0.000192	23492	23636
C23525T T23590A T23599G C23604A	S:H655Y S:T676T S:N679K S:P681H	15	77968	0.000192	23487	23642
C23525T G23543A T23599G C23604A	S:H655Y S:E661K S:N679K S:P681H	15	77968	0.000192	23487	23634
C23525T C23591T T23599G C23604A	S:H655Y S:Q677* S:N679K S:P681H	15	77968	0.000192	23487	23624
C23525T C23538T T23599G C23604A	S:H655Y S:S659L S:N679K S:P681H	15	77968	0.000192	23487	23624
C23525T C23533-A A23558-T T23599G C23604A	S:H655Y NA NA S:N679K S:P681H	15	77968	0.000192	23501	23640
C23525T A23586T T23599G C23604A	S:H655Y S:Q675L S:N679K S:P681H	15	77968	0.000192	23501	23642
C23525T A23558G T23581C T23599G C23604A	S:H655Y S:I666V S:S673S S:N679K S:P681H	15	77968	0.000192	23487	23621
C23525T A23535C T23599G C23604A	S:H655Y S:N658T S:N679K S:P681H	15	77968	0.000192	23487	23624
C23367+A A23403G	NA S:D614G	15	17928	0.000837	23269	23443
C23280T C23334-T A23403G	S:T573I NA S:D614G	15	16741	0.000896	23269	23429
C21454+A	NA	15	908	0.01652	21451	21581
A25385G	S:T1275A	15	26506	0.000566	25372	25419
A25381G	S:T1273T	15	26420	0.000568	25372	25433
A25241T	S:I1227L	15	87419	0.000172	25130	25325
A25154G C25262-T	S:I1198V NA	15	60097	0.00025	25122	25325
A25137+T C25262-TT	NA NA	15	57746	0.00026	25130	25325
A24999G C25000T	S:D1146G S:D1146G	15	28254	0.000531	24974	25069
A24988G C25000T	S:Q1142Q S:D1146D	15	28143	0.000533	24857	25068
A24970G C25000T	S:T1136T S:D1146D	15	27884	0.000538	24850	25058
A24885+T A24922-T C24981-T C25000T	NA NA NA S:D1146S	15	26829	0.000559	24858	25068
A24860G C24981-T C25000T	S:T1100A NA S:D1146D	15	26464	0.000567	24856	25016
A24803G	S:I1081V	15	8064	0.00186	24742	24806
A24758G	S:T1066A	15	9119	0.001645	24738	24788
A24468G T24469A	S:N969R S:N969R	15	64585	0.000232	24441	24564
A24432G T24469A	S:Q957R S:N969K	15	62859	0.000239	24428	24532
A24424T T24492-A	S:Q954H NA	15	61424	0.000244	24413	24511
A24424T T24469A G24557C A24560T	S:Q954H S:N969K S:G999R S:R1000*	15	59530	0.000252	24412	24564
A24424T T24469A G24557C	S:Q954H S:N969K S:G999R	15	59660	0.000251	24412	24558
A24424T T24469A G24527A	S:Q954H S:N969K S:A989T	15	60783	0.000247	24412	24564
A24424T T24469A G24521+T	S:Q954H S:N969K NA	15	60885	0.000246	24412	24552
A24424T T24469A G24488A	S:Q954H S:N969K S:V976I	15	61451	0.000244	24412	24564
A24424T T24451C	S:Q954H S:V963V	15	62161	0.000241	24412	24555
A24424T G24474A	S:Q954H S:G971D	15	61614	0.000243	24412	24554
A24424T G24449A T24469A	S:Q954H S:V963I S:N969K	15	61712	0.000243	24415	24554
A24424T C24444T T24469A	S:Q954H S:T961M S:N969K	15	61712	0.000243	24412	24546
A24424T C24431-A T24469A	S:Q954H NA S:N969K	15	61712	0.000243	24412	24564
A24424T A24484G	S:Q954H S:S974S	15	61498	0.000244	24412	24563
A24424T A24461G	S:Q954H S:S967G	15	61878	0.000242	24413	24564
A24424T A24426C	S:Q954H S:N955T	15	62568	0.00024	24412	24555
A24423+T T24469A	NA S:N969Q	15	61706	0.000243	24412	24564
A23848+T	NA	15	40753	0.000368	23705	23868
A23800G C23887-A	S:S746S NA	15	35987	0.000417	23699	23895
A23786-T A23853-C	NA NA	15	37920	0.000396	23729	23890
A23702C C23854A	S:I714L S:N764K	15	36967	0.000406	23683	23895
A23403G T23431C	S:D614G S:A623A	15	17345	0.000865	23282	23443
A23403G A23442G	S:D614G S:D627G	15	17023	0.000881	23388	23443
A22914-C	NA	15	23708	0.000633	22905	22939
A21917-T	NA	15	7295	0.002056	21902	21961
T25476G	ORF3a:F28L	14	25156	0.000557	25372	25548
T25464+C	NA	14	25298	0.000553	25372	25496
T25415C	ORF3a:F8S	14	26156	0.000535	25372	25526
T25375C C25416T	S:H1271H ORF3a:F8F	14	25799	0.000543	25372	25481
T25322+A	NA	14	90423	0.000155	25302	25325
T25316+A	NA	14	91433	0.000153	25304	25324
T25310A	S:C1250S	14	91368	0.000153	25262	25316
T25301+G	NA	14	90869	0.000154	25292	25324
T25285-A	NA	14	89772	0.000156	25277	25322
T25268A	S:C1236S	14	88778	0.000158	25217	25324
T25232C C25262-T	S:L1224L NA	14	86592	0.000162	25122	25325
T25202+G C25262-T	NA NA	14	70012	0.0002	25130	25325
T25191-A C25262-T G25290T	NA NA S:C1243F	14	65611	0.000213	25130	25325
T25187+A G25290T	NA S:C1243L	14	63015	0.000222	25122	25317
T24991C C25000T	S:P1143P S:D1146D	14	28183	0.000497	24951	25069
T24982C	S:P1140P	14	28560	0.00049	24978	25065
T24940C C24981-T C25000T	S:C1126C NA S:D1146D	14	27465	0.00051	24850	25015
T24940C	S:C1126C	14	28799	0.000486	24934	25069
T24934-A	NA	14	28837	0.000485	24855	24960
T24869C C25000T	S:F1103L S:D1146D	14	26614	0.000526	24850	25004
T24716C	S:F1052L	14	8948	0.001565	24698	24788
T24622G	S:A1020A	14	8686	0.001612	24612	24676
T24469A T24529C	S:N969K S:A989A	14	63491	0.000221	24454	24564
T24469A T24482C	S:N969K S:S974P	14	64381	0.000217	24465	24564
T24469A G24521+T	S:N969K NA	14	63642	0.00022	24465	24554
T24469A A24551G	S:N969K S:I997V	14	63039	0.000222	24463	24564
T24469A A24508G	S:N969K S:S982S	14	63926	0.000219	24413	24554
T24464C	S:S968P	14	63723	0.00022	24412	24564
T23836C	S:S758S	14	40669	0.000344	23811	23861
T23803C C23854A A23870G	S:T747T S:N764K S:I770V	14	37743	0.000371	23755	23895
T23797C	S:D745D	14	40998	0.000341	23694	23820
T23697C C23854A	S:I712T S:N764K	14	36500	0.000384	23683	23895
T22882G T22896C T22942G	S:N440K S:V445A S:N460K	14	19018	0.000736	22864	22946
T22392-A	NA	14	4370	0.003204	22325	22407
G25424-A	NA	14	26031	0.000538	25372	25467
G25323+T	NA	14	90387	0.000155	25316	25325
G25197A	S:W1212*	14	68705	0.000204	25160	25325
G24547+T	NA	14	65679	0.000213	24465	24564
G24415A A24424T T24469A	S:V951V S:Q954H S:N969K	14	61136	0.000229	24412	24552
G24285-T	NA	14	7570	0.001849	24278	24357
G23808A C23854A	S:C749Y S:N764K	14	38514	0.000364	23790	23873
G23735+A C23887-A	NA NA	14	35015	0.0004	23706	23895
G23516T C23525T C23604A	S:G652W S:H655Y S:P681H	14	77885	0.00018	23505	23624
G23390A A23403G	S:V610I S:D614G	14	18158	0.000771	23285	23443
G23339T A23403G	S:G593C S:D614G	14	17831	0.000785	23269	23429
G22813T T22917G	S:K417N S:L452R	14	21262	0.000658	22793	22924
G22813T T22896C T22942G	S:K417N S:V445A S:N460K	14	18114	0.000773	22793	22949
G22813T T22882G G22895C T22896C G22898A T22942G C22950-T	S:K417N S:N440K S:V445P S:V445P S:G446S S:N460K NA	14	17402	0.000805	22793	22960
G22813T G22841T T22882G G22895C T22896C G22898A	S:K417N S:D427Y S:N440K S:V445P S:V445P S:G446S	14	22379	0.000626	22793	22941
G22813T A22893C T22942A	S:K417N S:K444T S:N460K	14	18114	0.000773	22793	22949
G22319T	S:D253Y	14	4571	0.003063	22306	22374
C25416T T25548C	ORF3a:F8F ORF3a:L52L	14	21905	0.000639	25372	25552
C25416T A25492G	ORF3a:F8F ORF3a:T34A	14	24262	0.000577	25372	25566
C25416T A25457G	ORF3a:F8F ORF3a:D22G	14	25443	0.00055	25372	25561
C25416T A25448G	ORF3a:F8F ORF3a:E19G	14	25609	0.000547	25372	25566
C25214+G G25290T	NA S:C1243L	14	76974	0.000182	25207	25307
C25156T	S:I1198I	14	63136	0.000222	25130	25320
C25000T T25027C	S:D1146D S:Y1155Y	14	27531	0.000509	24850	25069
C25000T T25005C	S:D1146D S:F1148S	14	28135	0.000498	24871	25036
C25000T T25004C	S:D1146D S:F1148L	14	28148	0.000497	24850	25069
C24981-T C25000T A25035G	NA S:D1146D S:N1158S	14	27178	0.000515	24850	25065
C24899-A G24971+T C24981-T C25000T	NA NA NA S:D1146S	14	27064	0.000517	24857	25034
C24878-A A24922-T C24981-T C25000T	NA NA NA S:D1146D	14	26781	0.000523	24850	25069
C24865T C24981-T C25000T	S:H1101H NA S:D1146D	14	26499	0.000528	24850	25007
C24852-A G24868-T C25000T	NA NA S:D1146D	14	25923	0.00054	24850	25069
C24672-A T24689G	NA S:C1043G	14	8037	0.001742	24612	24697
C24672-A A24684-T G24776-A	NA NA NA	14	6675	0.002097	24612	24788
C23854A C23865+G	S:N764K NA	14	40154	0.000349	23839	23895
C23854A C23855T	S:N764K S:R765C	14	40506	0.000346	23792	23861
C23816-T G23835-T	NA NA	14	39749	0.000352	23767	23849
C23816-T A23853-C	NA NA	14	38733	0.000361	23713	23873
C23533-A	NA	14	81510	0.000172	23493	23542
C23525T T23546C A23558G T23599G C23604A	S:H655Y S:C662R S:I666V S:N679K S:P681H	14	77968	0.00018	23487	23637
C23525T C23533T T23599G C23604A	S:H655Y S:N657N S:N679K S:P681H	14	77968	0.00018	23512	23642
C23525T C23533-A C23604A	S:H655Y NA S:P681H	14	77968	0.00018	23508	23642
C23525T A23598T T23599G C23604A	S:H655Y S:N679M S:N679M S:P681H	14	77968	0.00018	23487	23637
C23525T A23586C T23599G C23604A	S:H655Y S:Q675P S:N679K S:P681H	14	77968	0.00018	23487	23637
C23525T A23552G A23558G T23599G C23604A	S:H655Y S:I664V S:I666V S:N679K S:P681H	14	77968	0.00018	23487	23642
A25453G	ORF3a:K21E	14	25516	0.000549	25377	25490
A25225G C25262-T	S:I1221M NA	14	85809	0.000163	25130	25325
A25192G	S:I1210M	14	67670	0.000207	25186	25325
A25185G C25262-T	S:Q1208R NA	14	62766	0.000223	25130	25325
A25185-G	NA	14	64459	0.000217	25178	25325
A25137-T C25262-T G25278-T	NA NA NA	14	57485	0.000244	25130	25325
A24993G C25000T	S:E1144G S:D1146D	14	28206	0.000496	24872	25065
A24955G C25000T	S:G1131G S:D1146D	14	27700	0.000505	24881	25049
A24874G T24995C C25000T	S:V1104V S:L1145L S:D1146D	14	26759	0.000523	24850	25033
A24702+G	NA	14	9173	0.001526	24612	24714
A24560+T	NA	14	64791	0.000216	24524	24563
A24424T T24496-G	S:Q954H NA	14	61373	0.000228	24412	24564
A24424T T24469A T24544C	S:Q954H S:N969K S:D994D	14	60502	0.000231	24412	24564
A24424T T24469A T24472C	S:Q954H S:N969K S:F970F	14	61624	0.000227	24412	24564
A24424T T24469A A24556+G	S:Q954H S:N969K NA	14	59721	0.000234	24412	24564
A24424T T24460C T24469A	S:Q954H S:L966L S:N969K	14	61712	0.000227	24413	24564
A24424T G24535A	S:Q954H S:V991V	14	60640	0.000231	24412	24564
A24424T G24527A	S:Q954H S:A989T	14	60783	0.00023	24416	24564
A24424T G24445A	S:Q954H S:T961T	14	62301	0.000225	24414	24564
A24424T G24428+A	S:Q954H NA	14	62568	0.000224	24413	24551
A24424T C24429T	S:Q954H S:A956V	14	62564	0.000224	24412	24564
A24424T A24457G T24469A	S:Q954H S:Q965Q S:N969K	14	61712	0.000227	24412	24564
A23888G	S:K776E	14	38819	0.000361	23848	23892
A23786G C23854A	S:I742V S:N764K	14	37865	0.00037	23683	23895
A23770G C23854A	S:V736V S:N764K	14	37685	0.000372	23750	23881
A23720G C23854A	S:I720V S:N764K	14	37212	0.000376	23683	23873
A23712-T C23854A	NA S:N764K	14	37153	0.000377	23699	23873
A23515T C23525T T23599G C23604A	S:I651I S:H655Y S:N679K S:P681H	14	77860	0.00018	23487	23625
A23503T C23525T T23599G C23604A	S:A647A S:H655Y S:N679K S:P681H	14	77205	0.000181	23487	23624
A23403G T23421-C	S:D614G NA	14	18002	0.000778	23387	23442
A23357G A23403G	S:T599A S:D614G	14	17891	0.000783	23285	23443
A23324G A23403G	S:T588A S:D614G	14	17701	0.000791	23269	23443
A23312+T	NA	14	18873	0.000742	23285	23323
A23276G A23403G	S:T572A S:D614G	14	16699	0.000838	23269	23429
A23013C T23018G T23075C	S:E484A S:F486V S:Y505H	14	1840	0.007609	23008	23109
A23013C T23018G C23029-T A23055G T23075C	S:E484A S:F486V NA S:Q498R S:Y505H	14	1840	0.007609	23008	23089
A23013C T23018C T23019C T23031C A23055G A23063T	S:E484A S:F486P S:F486P S:F490S S:Q498R S:N501Y	14	1892	0.0074	23008	23071
T25554C	ORF3a:A54A	13	21373	0.000608	25372	25566
T25475C	ORF3a:F28S	13	25165	0.000517	25375	25489
T25422-G	NA	13	26063	0.000499	25372	25442
T25415C C25416T	ORF3a:F8S ORF3a:F8S	13	26144	0.000497	25372	25490
T25404C	ORF3a:F4F	13	26363	0.000493	25372	25455
T25376C	S:Y1272H	13	26254	0.000495	25372	25440
T25265A	S:C1235S	13	88618	0.000147	25251	25270
T25248C C25262-T	S:M1229T NA	13	87405	0.000149	25130	25325
T25242C C25262-T	S:I1227T NA	13	87100	0.000149	25122	25316
T25215-A	NA	13	80343	0.000162	25204	25325
T25210G	S:I1216M	13	76458	0.00017	25193	25325
T25202+G C25262-TT	NA NA	13	70012	0.000186	25122	25291
T25191-A G25218-T C25262-T G25278-T	NA NA NA NA	13	65720	0.000198	25130	25325
T25171+G C25262-TT	NA NA	13	61289	0.000212	25122	25316
T25155-C	NA	13	63124	0.000206	25143	25166
T25140C	S:L1193S	13	61158	0.000213	25130	25205
T25128C C25262-T	S:V1189A NA	13	53954	0.000241	25122	25325
T25123-G C25262-T	NA NA	13	52943	0.000246	25122	25325
T24995C C25000T	S:L1145L S:D1146D	13	28235	0.00046	24857	25065
T24938C C25000T	S:C1126R S:D1146D	13	27451	0.000474	24904	25064
T24934-A C24981-T C25000T	NA NA S:D1146D	13	27384	0.000475	24850	25014
T24873C C24981-T C25000T	S:V1104A NA S:D1146D	13	26746	0.000486	24850	25036
T24871C C24981-T C25000T	S:F1103F NA S:D1146D	13	26641	0.000488	24850	25046
T24866+G	NA	13	29580	0.000439	24855	24879
T24708C	S:L1049P	13	9034	0.001439	24689	24786
T24491C	S:L977L	13	65437	0.000199	24475	24511
T24469A G24476A	S:N969K S:A972T	13	64460	0.000202	24465	24564
T24469A A24525G	S:N969K S:E988G	13	63559	0.000205	24428	24564
T24184C	S:T874T	13	7603	0.00171	24148	24245
T23828C C23854A	S:Y756H S:N764K	13	39084	0.000333	23683	23895
T23807C C23854A	S:C749R S:N764K	13	38490	0.000338	23683	23895
T23788C C23854A	S:I742I S:N764K	13	37928	0.000343	23683	23868
T23776C	S:C738C	13	41435	0.000314	23683	23842
T23774C C23854A	S:C738R S:N764K	13	37719	0.000345	23699	23895
T23773C	S:D737D	13	41536	0.000313	23683	23832
T23740C C23854A	S:I726I S:N764K	13	37390	0.000348	23683	23895
T23703C	S:I714T	13	43093	0.000302	23683	23726
T23697C	S:I712T	13	42657	0.000305	23683	23782
T23693C C23887-A	S:S711P NA	13	34130	0.000381	23683	23895
T23599G T23600C C23604A	S:N679K S:S680P S:P681H	13	79197	0.000164	23487	23624
T23596+A T23599G C23604A	NA S:N679* S:P681Y	13	79180	0.000164	23508	23642
T23500+C	NA	13	81729	0.000159	23487	23509
T23488C T23599G C23604A	Unknown S:N679K S:P681H	13	75694	0.000172	23487	23624
T23487G	Unknown	13	46543	0.000279	23486	23506
T23355C A23403G	S:I598T S:D614G	13	17882	0.000727	23285	23443
T23336C A23403G	S:F592L S:D614G	13	17820	0.00073	23284	23438
T23333-CTT A23403G	S:DEL592 S:D614G	13	17712	0.000734	23318	23443
T23314C A23403G	S:I584I S:D614G	13	17687	0.000735	23269	23443
T23308-G	NA	13	18929	0.000687	23285	23316
T22882G G22895C T22896C T22942G	S:N440K S:V445P S:V445P S:N460K	13	19018	0.000684	22861	22966
T22882G G22895C	S:N440K S:V445L	13	24263	0.000536	22832	22913
T21775-G	NA	13	6864	0.001894	21757	21786
G25297A	S:K1245K	13	90627	0.000143	25285	25325
G25278-T G25302-T	NA NA	13	89127	0.000146	25263	25324
G25250+C	NA	13	87743	0.000148	25241	25316
G25166-A	NA	13	63511	0.000205	25151	25180
G25166+A C25262-T	NA NA	13	60982	0.000213	25122	25325
G25135-A	NA	13	60585	0.000215	25122	25149
G24933-T C25000T	NA S:D1146D	13	27380	0.000475	24887	25065
G24558+T	NA	13	64893	0.0002	24551	24564
G24488-T C24503-T	NA NA	13	65061	0.0002	24465	24549
G24277-T	NA	13	7526	0.001727	24270	24322
G23824A C23854A	S:L754L S:N764K	13	38921	0.000334	23816	23895
G23747A C23854A	S:V729M S:N764K	13	37463	0.000347	23683	23895
G23522+A C23525T	NA S:H655S	13	81907	0.000159	23492	23535
G23516T C23525T T23599G	S:G652W S:H655Y S:N679K	13	77924	0.000167	23487	23603
G22895C T22896C G22898A	S:V445P S:V445P S:G446S	13	23529	0.000553	22882	22917
G22813T T22882G G22898A T22942G A22948-C	S:K417N S:N440K S:G446S S:N460K NA	13	17553	0.000741	22793	22967
G22813T T22882G G22895C T22896C G22898A T22942G C22950+T	S:K417N S:N440K S:V445P S:V445P S:G446S S:N460K NA	13	17402	0.000747	22802	22967
G22813T T22882G A22910G	S:K417N S:N440K S:N450D	13	21911	0.000593	22793	22967
G22813T T22882G A22893C T22917G T22942A C22945-A	S:K417N S:N440K S:K444T S:L452R S:N460K NA	13	17645	0.000737	22800	22967
G22813T T22861C T22882G	S:K417N S:V433V S:N440K	13	23887	0.000544	22793	22888
G22813T T22848C T22882G G22895C T22896C G22898A	S:K417N S:F429S S:N440K S:V445P S:V445P S:G446S	13	22379	0.000581	22793	22933
G22813T T22831+A	S:K417N NA	13	24517	0.00053	22798	22843
G22813T A22877G T22882G G22895C T22896C G22898A T22942G	S:K417N S:N439D S:N440K S:V445P S:V445P S:G446S S:N460K	13	18114	0.000718	22801	22967
C25416T T25551C	ORF3a:F8F ORF3a:L53L	13	21813	0.000596	25372	25552
C25416T T25464C	ORF3a:F8F ORF3a:T24T	13	25298	0.000514	25372	25559
C25416T G25459A	ORF3a:F8F ORF3a:A23T	13	25396	0.000512	25372	25566
C25416T A25442G	ORF3a:F8F ORF3a:Q17R	13	25735	0.000505	25372	25493
C25416T A25420G	ORF3a:F8F ORF3a:I10V	13	26077	0.000499	25372	25552
C25308+T	NA	13	91415	0.000142	25294	25325
C25262-T T25319C	NA S:C1253R	13	87090	0.000149	25125	25320
C25262-T T25304C	NA S:C1248R	13	87891	0.000148	25130	25325
C25254-A	NA	13	87973	0.000148	25233	25325
C25169-T T25191-A	NA NA	13	62541	0.000208	25130	25264
C25169-T G25278-T	NA NA	13	60887	0.000214	25122	25323
C25163+A C25262-TT	NA NA	13	60832	0.000214	25122	25325
C25160T	S:L1200F	13	63349	0.000205	25145	25325
C25132T	S:A1190A	13	60269	0.000216	25122	25154
C25000T T25053C	S:D1146D S:V1164A	13	27049	0.000481	24990	25069
C25000T T25036C	S:D1146D S:N1158N	13	27355	0.000475	24910	25069
C25000T A25067G	S:D1146D S:I1169V	13	26118	0.000498	24906	25069
C24771+G	NA	13	9209	0.001412	24763	24788
C24422T A24424T	S:Q954Y S:Q954Y	13	62602	0.000208	24413	24564
C24421T A24424T	S:N953N S:Q954H	13	62587	0.000208	24413	24564
C24418+A	NA	13	62511	0.000208	24412	24458
C23778+A	NA	13	41374	0.000314	23695	23789
C23758T A23786-T C23854A	S:T732T NA S:N764K	13	37571	0.000346	23683	23895
C23525T T23599G C23604A A23636-T	S:H655Y S:N679K S:P681H NA	13	75184	0.000173	23487	23642
C23525T T23599G C23604A A23631T	S:H655Y S:N679K S:P681H S:Q690L	13	75817	0.000171	23487	23634
C23525T T23599G C23603+A C23604G	S:H655Y S:N679K NA S:P681S	13	77968	0.000167	23508	23624
C23525T T23599G A23639-T	S:H655Y S:N679K NA	13	73489	0.000177	23512	23642
C23525T G23593A T23599G C23604A	S:H655Y S:Q677Q S:N679K S:P681H	13	77968	0.000167	23487	23642
C23525T C23604A A23639-T	S:H655Y S:P681H NA	13	73489	0.000177	23503	23642
C23525T C23533-A A23558G T23599G C23604A	S:H655Y NA S:I666V S:N679K S:P681H	13	77968	0.000167	23487	23642
C23525T C23530+A	S:H655Y NA	13	81439	0.00016	23487	23539
C23525T A23558G T23599G C23604A A23623G	S:H655Y S:I666V S:N679K S:P681H S:V687V	13	77837	0.000167	23487	23637
C23525T A23558G A23558-T T23599G C23604A	S:H655Y S:I666V NA S:N679K S:P681H	13	77968	0.000167	23487	23605
C23525T A23544G A23558G T23599G C23604A	S:H655Y S:E661G S:I666V S:N679K S:P681H	13	77968	0.000167	23487	23642
C23520-T C23525T	NA S:H655Y	13	81887	0.000159	23487	23534
C23502+A	NA	13	82274	0.000158	23487	23518
C22120-A T22164-TA	NA NA	13	2719	0.004781	22025	22192
C21781-A	NA	13	7021	0.001852	21770	21960
A25491G	ORF3a:A33A	13	24323	0.000534	25372	25507
A25384G C25416T	S:*1274* ORF3a:F8F	13	26130	0.000498	25372	25478
A25374+T	NA	13	26149	0.000497	25372	25399
A25325C	Unknown	13	89770	0.000145	25295	25325
A25295T	S:K1245*	13	90470	0.000144	25285	25324
A25271+T	NA	13	88979	0.000146	25262	25323
A25243-G	NA	13	87506	0.000149	25217	25287
A25179G C25262-T	S:Y1206C NA	13	61779	0.00021	25122	25325
A25143+T	NA	13	61523	0.000211	25122	25158
A25125G C25262-T	S:E1188G NA	13	53524	0.000243	25122	25325
A25067-T	NA	13	26783	0.000485	25021	25069
A25065G	S:D1168G	13	27488	0.000473	25021	25069
A24950G C25000T	S:I1130V S:D1146D	13	27619	0.000471	24893	25069
A24942G C25000T	S:D1127G S:D1146D	13	27494	0.000473	24850	25069
A24936G C25000T	S:N1125S S:D1146D	13	27421	0.000474	24886	25069
A24918G C25000T	S:N1119S S:D1146D	13	27265	0.000477	24850	25069
A24917G C25000T	S:N1119D S:D1146D	13	27261	0.000477	24850	25069
A24875G C25000T	S:T1105A S:D1146D	13	26768	0.000486	24850	25069
A24735-T	NA	13	8975	0.001448	24717	24786
A24677G	S:R1039G	13	9235	0.001408	24641	24688
A24619G	S:R1019R	13	8563	0.001518	24612	24640
A24556G	S:T998T	13	64984	0.0002	24479	24564
A24456C	S:Q965P	13	63826	0.000204	24412	24506
A24443G	S:T961A	13	63914	0.000203	24412	24564
A24433G T24469A	S:Q957Q S:N969K	13	62898	0.000207	24428	24564
A24424T T24496C	S:Q954H S:N978N	13	61373	0.000212	24412	24564
A24424T T24469A T24472-G T24481C	S:Q954H S:N969K NA S:I973I	13	61536	0.000211	24412	24564
A24424T C24431T	S:Q954H S:Q957*	13	62562	0.000208	24412	24564
A24424T A24556T	S:Q954H S:T998T	13	59721	0.000218	24412	24564
A24424T A24467G T24469A	S:Q954H S:N969E S:N969E	13	61712	0.000211	24412	24564
A24424T A24439G	S:Q954H S:L959L	13	62411	0.000208	24412	24502
A24419G A24424T	S:N953D S:Q954H	13	62537	0.000208	24412	24557
A24232G	S:A890A	13	7500	0.001733	24173	24319
A23999G	S:S813G	13	1198	0.010851	23974	24106
A23843G	S:T761A	13	40662	0.00032	23705	23853
A23814-T	NA	13	40883	0.000318	23683	23823
A23772-T C23854A	NA S:N764K	13	37704	0.000345	23688	23895
A23760G	S:K733R	13	41769	0.000311	23697	23782
A23688G C23854A	S:N709S S:N764K	13	36295	0.000358	23683	23895
A23639-T	NA	13	75447	0.000172	23619	23642
A23558G C23604A	S:I666V S:P681H	13	78518	0.000166	23487	23642
A23552G T23599G C23604A	S:I664V S:N679K S:P681H	13	78414	0.000166	23487	23637
A23544G T23599G C23604A	S:E661G S:N679K S:P681H	13	78291	0.000166	23525	23634
A23403G T23434C	S:D614G S:I624I	13	17218	0.000755	23285	23443
A23403G T23425C	S:D614G S:P621P	13	17895	0.000726	23285	23429
A23403G G23438A	S:D614G S:A626T	13	17101	0.00076	23388	23441
A23403G G23417-A	S:D614G NA	13	18065	0.00072	23387	23443
A23299+C	NA	13	19038	0.000683	23285	23308
A23013C T23019C T23031C A23055G T23075C	S:E484A S:F486S S:F490S S:Q498R S:Y505H	13	1840	0.007065	23009	23089
A23013C T23019C T23031C	S:E484A S:F486S S:F490S	13	1919	0.006774	23008	23062
A23013C T23018G A23055G T23075C T23143-A	S:E484A S:F486V S:Q498R S:Y505H NA	13	1614	0.008055	23008	23168
A23013C T23018G A23055G A23063T	S:E484A S:F486V S:Q498R S:N501Y	13	1892	0.006871	23008	23066
A23013C T23018C T23019C T23031C A23055G T23075C	S:E484A S:F486P S:F486P S:F490S S:Q498R S:Y505H	13	1840	0.007065	23008	23116
A22924-T T22942A	NA S:N460K	13	21385	0.000608	22917	22967
A22924-T	NA	13	23937	0.000543	22917	22949
A22914-C T22942G	NA S:N460K	13	20204	0.000643	22907	22967
A21764-TACATG A21817-T C21888-T	S:DEL69/70 NA NA	13	6010	0.002163	21757	21973
T25514C	ORF3a:L41P	12	23286	0.000515	25372	25546
T25461C	ORF3a:A23A	12	25344	0.000473	25372	25529
T25430C	ORF3a:V13A	12	25926	0.000463	25375	25462
T25402C	ORF3a:F4L	12	26376	0.000455	25372	25505
T25400-G C25416T	NA ORF3a:F8F	12	26144	0.000459	25372	25566
T25312A	S:C1250*	12	91423	0.000131	25253	25325
T25304+G	NA	12	91154	0.000132	25294	25325
T25289A	S:C1243S	12	90027	0.000133	25220	25325
T25237C C25262-T	S:I1225I NA	12	86864	0.000138	25127	25325
T25209A	S:I1216N	12	74822	0.00016	25200	25325
T25189C C25262-T	S:Y1209Y NA	12	63718	0.000188	25130	25325
T25161-C	NA	12	63402	0.000189	25130	25325
T25152C C25262-TT	S:L1197P NA	12	59942	0.0002	25122	25325
T25129C C25262-TT	S:V1189V NA	12	54137	0.000222	25122	25317
T25063C	S:G1167G	12	27537	0.000436	25043	25069
T25039-A	NA	12	27863	0.000431	25025	25065
T24984C C25000T	S:L1141S S:D1146D	12	28097	0.000427	24883	25069
T24927C C24981-T C25000T	S:V1122A NA S:D1146D	12	27328	0.000439	24850	25069
T24925C C25000T	S:F1121F S:D1146D	12	27310	0.000439	24886	25065
T24763C	S:Y1067Y	12	9153	0.001311	24745	24788
T24739C	S:G1059G	12	8994	0.001334	24721	24788
T24706C	S:H1048H	12	9013	0.001331	24685	24791
T24689G	S:C1043G	12	9540	0.001258	24673	24806
T24513C	S:L984P	12	65728	0.000183	24484	24564
T24469A T24487C	S:N969K S:S975S	12	64313	0.000187	24465	24564
T24469A G24474A	S:N969K S:G971D	12	64478	0.000186	24430	24561
T24417C G24557C A24560T	S:V952A S:G999R S:R1000*	12	59381	0.000202	24412	24564
T24280+A	NA	12	7547	0.00159	24154	24312
T24218C	S:W886R	12	7514	0.001597	24148	24324
T24211C	S:T883T	12	7538	0.001592	24148	24222
T23871+G	NA	12	40553	0.000296	23864	23895
T23823C C23887-A	S:L754S NA	12	36520	0.000329	23683	23895
T23823C	S:L754S	12	40724	0.000295	23683	23834
T23748C C23887-A	S:V729A NA	12	35150	0.000341	23683	23895
T23725C	S:S721S	12	42661	0.000281	23705	23788
T23599G T23602-C T23605A	S:N679K NA S:P681P	12	79180	0.000152	23569	23614
T23599G C23604A C23609+G	S:N679K S:P681H NA	12	79171	0.000152	23492	23634
T23548C T23599G C23604A	S:C662C S:N679K S:P681H	12	78351	0.000153	23487	23642
T23509G C23525T T23599G C23604A	S:C649W S:H655Y S:N679K S:P681H	12	77777	0.000154	23501	23642
T23344C	S:G594G	12	18666	0.000643	23269	23443
T23332C A23403G	S:C590C S:D614G	12	17711	0.000678	23285	23420
T23330-G A23403G A23440C	NA S:D614G S:A626A	12	16537	0.000726	23283	23443
T23323C A23403G	S:I587I S:D614G	12	17700	0.000678	23269	23443
T23307C A23403G	S:L582P S:D614G	12	17678	0.000679	23285	23443
T23281C A23403G	S:T573T S:D614G	12	16745	0.000717	23269	23443
T22435C	S:C291C	12	4303	0.002789	22416	22446
T22291C G22317T	S:A243A S:G252V	12	4485	0.002676	22272	22328
G25409+A	NA	12	26287	0.000456	25372	25423
G25401-T	NA	12	26392	0.000455	25372	25414
G25287-T T25293C	NA S:L1244P	12	89830	0.000134	25225	25325
G25238+A	NA	12	87289	0.000137	25228	25325
G25052A	S:V1164I	12	27742	0.000433	25015	25069
G25033-A	NA	12	27914	0.00043	25013	25065
G24944+T C25000T	NA S:D1146S	12	27540	0.000436	24850	25065
G24558A	S:G999D	12	64893	0.000185	24530	24564
G24474A	S:G971D	12	64798	0.000185	24466	24508
G24201A	S:G880D	12	7573	0.001585	24164	24324
G23835+T C23854A	NA S:N764K	12	39448	0.000304	23699	23873
G23831A C23854A	S:G757S S:N764K	12	39237	0.000306	23806	23881
G23768-T A23786-T	NA NA	12	40945	0.000293	23687	23814
G23755+C C23854A	NA S:N764K	12	37542	0.00032	23735	23895
G23726A C23854A	S:V722I S:N764K	12	37262	0.000322	23699	23895
G23508+T T23599G C23604A	NA S:N679* S:P681Y	12	77572	0.000155	23487	23642
G23501+C	NA	12	81778	0.000147	23487	23511
G22813T T22882G T22896C	S:K417N S:N440K S:V445A	12	22393	0.000536	22793	22924
G22813T T22882G T22888C G22895C T22896C G22898A T22942G	S:K417N S:N440K S:D442D S:V445P S:V445P S:G446S S:N460K	12	18114	0.000662	22793	22949
G22813T G22859+T T22882G G22895C T22896C G22898A	S:K417N NA S:N440Q S:V445P S:V445P S:G446R	12	22379	0.000536	22793	22907
G22813T G22841T T22882G T22896C G22898A T22942G	S:K417N S:D427Y S:N440K S:V445A S:G446S S:N460K	12	18114	0.000662	22801	22944
G22813T A22893C T22917G T22942A	S:K417N S:K444T S:L452R S:N460K	12	18114	0.000662	22803	22949
G22809-A G22813T T22882G G22895C G22898A	NA S:K417N S:N440K S:V445L S:G446S	12	22321	0.000538	22793	22930
G22578A C22674T T22679C	S:G339D S:S371F S:S373P	12	234	0.051282	22570	22683
G22302+T	NA	12	4585	0.002617	22256	22314
G21796-T	NA	12	7163	0.001675	21776	21961
C25546+T G25555-T	NA NA	12	21364	0.000562	25372	25566
C25544T	ORF3a:A51V	12	21950	0.000547	25372	25559
C25441+A	NA	12	25749	0.000466	25372	25460
C25416T T25560C C25561A A25562T	ORF3a:F8F ORF3a:F56F ORF3a:Q57M ORF3a:Q57M	12	21144	0.000568	25372	25566
C25416T T25476G	ORF3a:F8F ORF3a:F28L	12	25156	0.000477	25372	25566
C25416T A25531-T G25555-T	ORF3a:F8F NA NA	12	21364	0.000562	25374	25566
C25416T A25426G	ORF3a:F8F ORF3a:T12A	12	25995	0.000462	25372	25503
C25416T A25425G	ORF3a:F8F ORF3a:G11G	12	26013	0.000461	25372	25552
C25294+T	NA	12	90346	0.000133	25286	25325
C25262-T G25305A	NA S:C1248Y	12	87887	0.000137	25122	25325
C25262-T C25282T	NA S:C1240C	12	88159	0.000136	25130	25325
C25231T	S:G1223G	12	86936	0.000138	25223	25325
C25000T T25021-A	S:D1146D NA	12	27670	0.000434	24850	25065
C25000T A25014T	S:D1146D S:E1151V	12	27934	0.00043	24898	25017
C24981-T C25000T G25052+T	NA S:D1146D NA	12	26874	0.000447	24850	25069
C24899-A A24922-T	NA NA	12	28706	0.000418	24857	24937
C24896T C24981-T C25000T	S:P1112S NA S:D1146D	12	27019	0.000444	24850	25007
C24896T	S:P1112S	12	29191	0.000411	24850	24909
C24852-A G24868-T	NA NA	12	28853	0.000416	24850	24885
C24517+G	NA	12	65740	0.000183	24506	24564
C24477T	S:A972V	12	64918	0.000185	24465	24564
C24422T A24424T T24469A	S:Q954Y S:Q954Y S:N969K	12	61699	0.000194	24412	24564
C23854A G23856A	S:N764K S:R765H	12	40442	0.000297	23683	23881
C23854A C23887A A23888C	S:N764K S:D775E S:K776Q	12	38152	0.000315	23843	23895
C23816-T C23854A C23887-A	NA S:N764K NA	12	36315	0.00033	23683	23895
C23778-A	NA	12	41374	0.00029	23683	23815
C23533-A T23599G C23604A	NA S:N679K S:P681H	12	78143	0.000154	23516	23638
C23525T T23582C C23604A	S:H655Y S:Y674H S:P681H	12	77968	0.000154	23487	23639
C23525T T23537C T23599G C23604A A23632G	S:H655Y S:S659P S:N679K S:P681H S:Q690Q	12	75782	0.000158	23487	23634
C23525T T23537C T23599G	S:H655Y S:S659P S:N679K	12	78007	0.000154	23487	23637
C23525T G23549A T23599G C23604A	S:H655Y S:D663N S:N679K S:P681H	12	77968	0.000154	23501	23634
C23525T C23589T T23599G C23604A	S:H655Y S:T676I S:N679K S:P681H	12	77968	0.000154	23487	23642
C23525T C23536+A T23599G C23604A	S:H655Y NA S:N679* S:P681Y	12	77968	0.000154	23498	23642
C23525T A23598+G C23604A	S:H655Y NA S:P681Y	12	77968	0.000154	23487	23624
C23525T A23558G T23599G C23604A T23629C	S:H655Y S:I666V S:N679K S:P681H S:S689S	12	76065	0.000158	23505	23642
C23525T A23558-T T23599G C23604A C23609+G	S:H655Y NA S:N679K S:P681H NA	12	77943	0.000154	23487	23642
C23525T A23558-T A23572G T23599G C23604A	S:H655Y NA S:I670M S:N679K S:P681H	12	77968	0.000154	23487	23642
C23525T A23558+T T23599G C23604A	S:H655Y NA S:N679* S:P681Y	12	77968	0.000154	23487	23642
C23393+T A23403G	NA S:D614G	12	18190	0.00066	23282	23443
C22802-A G22813T T22882G	NA S:K417N S:N440K	12	23652	0.000507	22793	22887
C21812T A21817-T	S:L84L NA	12	7142	0.00168	21780	21973
A25503G	ORF3a:I37M	12	23773	0.000505	25372	25552
A25405G	ORF3a:M5V	12	26354	0.000455	25372	25424
A25385G C25416T	S:T1275A ORF3a:F8F	12	26144	0.000459	25372	25550
A25377G	S:Y1272C	12	26309	0.000456	25372	25489
A25374-T C25416T	NA ORF3a:F8F	12	25780	0.000465	25372	25483
A25277+T	NA	12	89349	0.000134	25267	25323
A25253+T	NA	12	87937	0.000136	25235	25325
A25241G C25262-T	S:I1227V NA	12	87059	0.000138	25122	25325
A25216G	S:L1218L	12	80757	0.000149	25201	25325
A25206G C25262-T	S:Y1215C NA	12	71311	0.000168	25130	25324
A25176G C25262-TT	S:K1205R NA	12	61539	0.000195	25122	25325
A25174G C25262-T	S:G1204G NA	12	61427	0.000195	25122	25325
A25142G	S:N1194D	12	61472	0.000195	25122	25325
A25137-T T25191-A C25262-TT	NA NA NA	12	57746	0.000208	25130	25324
A25125+G	NA	12	56452	0.000213	25122	25180
A25011G	S:E1150G	12	28202	0.000426	25000	25026
A24935G C25000T	S:N1125D S:D1146D	12	27413	0.000438	24857	25068
A24922G	S:T1120T	12	28934	0.000415	24896	25065
A24918G	S:N1119S	12	28964	0.000414	24859	25065
A24905-T	NA	12	29070	0.000413	24886	24961
A24895G	S:E1111E	12	29194	0.000411	24872	24929
A24894G C24981-T C25000T	S:E1111G NA S:D1146D	12	26986	0.000445	24858	25069
A24885+T G24971+T C24981-T C25000T	NA NA NA S:D1146Y	12	26829	0.000447	24852	25065
A24537G	S:Q992R	12	65712	0.000183	24465	24564
A24531G	S:E990G	12	65759	0.000182	24507	24564
A24457G	S:Q965Q	12	63805	0.000188	24412	24564
A24430G T24469A	S:A956A S:N969K	12	62773	0.000191	24428	24564
A24424T T24522C	S:Q954H S:V987A	12	60870	0.000197	24412	24564
A24424T T24481C	S:Q954H S:I973I	12	61536	0.000195	24413	24564
A24424T T24469A T24522C	S:Q954H S:N969K S:V987A	12	60870	0.000197	24412	24564
A24424T T24469A T24491C	S:Q954H S:N969K S:L977L	12	61430	0.000195	24412	24564
A24424T T24469A T24490C	S:Q954H S:N969K S:V976V	12	61436	0.000195	24412	24564
A24424T T24469A T24470C	S:Q954H S:N969K S:F970L	12	61630	0.000195	24412	24554
A24424T T24469A C24536-A A24538G	S:Q954H S:N969K NA S:Q992Q	12	60587	0.000198	24415	24564
A24424T T24469A C24528T	S:Q954H S:N969K S:A989V	12	60775	0.000197	24412	24564
A24424T G24488-T C24503-T	S:Q954H NA NA	12	61219	0.000196	24412	24552
A24424T G24449+T	S:Q954H NA	12	62208	0.000193	24412	24523
A24424T C24553+G	S:Q954H NA	12	60272	0.000199	24412	24561
A24424T C24466T T24469A	S:Q954H S:S968S S:N969K	12	61712	0.000194	24412	24564
A24424T C24429T T24469A	S:Q954H S:A956V S:N969K	12	61712	0.000194	24412	24564
A24318G	S:N919S	12	7376	0.001627	24282	24324
A24260G	S:M900V	12	7440	0.001613	24159	24324
A24170+T	NA	12	7598	0.001579	24148	24214
A24165G	S:E868G	12	7575	0.001584	24149	24244
A23942-T G23948T G23955+T	NA S:D796Y NA	12	444	0.027027	23941	23968
A23777G	S:T739A	12	41404	0.00029	23683	23804
A23756G C23887-A	S:T732A NA	12	35232	0.000341	23683	23895
A23743G	S:L727L	12	42136	0.000285	23683	23754
A23524+T T23599G C23604A	NA S:N679* S:P681Y	12	77963	0.000154	23487	23624
A23497T C23525T T23599G C23604A	S:T645T S:H655Y S:N679K S:P681H	12	76401	0.000157	23487	23634
A23493T C23525T T23599G C23604A	S:Q644L S:H655Y S:N679K S:P681H	12	76159	0.000158	23487	23642
A23493G T23599G C23604A	S:Q644R S:N679K S:P681H	12	76159	0.000158	23487	23637
A23493G C23525T A23558G T23599G C23604A	S:Q644R S:H655Y S:I666V S:N679K S:P681H	12	76159	0.000158	23487	23642
A23403G G23412A	S:D614G S:C617Y	12	18160	0.000661	23398	23443
A23403G A23418G	S:D614G S:E619G	12	18053	0.000665	23282	23443
A23321G	S:I587V	12	18788	0.000639	23282	23350
A23299G A23403G	S:P579P S:D614G	12	17668	0.000679	23289	23443
A23274G A23403G	S:D571G S:D614G	12	16686	0.000719	23269	23443
A23055G T23075C	S:Q498R S:Y505H	12	2312	0.00519	23038	23083
A22798+G G22813T T22882G G22895C T22896C G22898A T22942G	NA S:K417N S:N440Q S:V445P S:V445P S:G446R S:N460*	12	17576	0.000683	22793	22967
A21764-TACATG A21875-T A21964-T	S:DEL69/70 NA NA	12	5850	0.002051	21757	21973
T25479C	ORF3a:V29V	11	25008	0.00044	25372	25566
T25474C	ORF3a:F28L	11	25173	0.000437	25372	25566
T25464C	ORF3a:T24T	11	25298	0.000435	25372	25566
T25422C	ORF3a:I10I	11	26063	0.000422	25376	25441
T25403C	ORF3a:F4S	11	26369	0.000417	25372	25483
T25394C C25416T	ORF3a:M1T ORF3a:F8F	11	26144	0.000421	25372	25513
T25283A	S:C1241S	11	89640	0.000123	25217	25325
T25268G	S:C1236G	11	88778	0.000124	25225	25325
T25264C G25278-T	S:L1234L NA	11	88406	0.000124	25217	25316
T25191-A G25229A C25262-T	NA S:G1223S NA	11	65994	0.000167	25130	25316
T25191-A G25218-T G25278-T	NA NA NA	11	65720	0.000167	25130	25324
T25191-A C25262-TT G25290T	NA NA S:C1243F	11	65611	0.000168	25122	25325
T25144+A	NA	11	61594	0.000179	25127	25152
T24976C C24981-T C25000T	S:Y1138Y NA S:D1146D	11	27981	0.000393	24850	25063
T24976C	S:Y1138Y	11	28553	0.000385	24954	25069
T24769C	S:P1069P	11	9201	0.001196	24691	24806
T24750C	S:L1063S	11	9061	0.001214	24699	24788
T24711C	S:M1050T	11	9015	0.00122	24690	24781
T24522C	S:V987A	11	65776	0.000167	24475	24552
T24496C	S:N978N	11	65485	0.000168	24428	24564
T24469A T24534C	S:N969K S:V991A	11	63410	0.000173	24429	24564
T24469A A24554G	S:N969K S:T998A	11	62782	0.000175	24412	24564
T24469A A24539+T	S:N969K NA	11	63303	0.000174	24412	24564
T24469A A24485G	S:N969K S:S975G	11	64322	0.000171	24465	24561
T24447C	S:L962P	11	63902	0.000172	24428	24564
T24417C A24424T G24557C A24560T	S:V952A S:Q954H S:G999R S:R1000*	11	59381	0.000185	24412	24564
T24414C	S:V951A	11	61993	0.000177	24412	24564
T24238C	S:A892A	11	7490	0.001469	24161	24318
T23877C	S:V772A	11	39969	0.000275	23857	23880
T23862+A	NA	11	40662	0.000271	23683	23871
T23840G C23854A	S:C760G S:N764K	11	39936	0.000275	23828	23881
T23840C C23854A	S:C760R S:N764K	11	39936	0.000275	23835	23895
T23837C C23887-A	S:F759L NA	11	37426	0.000294	23699	23895
T23815C C23854A	S:N751N S:N764K	11	38665	0.000284	23683	23895
T23794C C23887-A	S:G744G NA	11	35747	0.000308	23683	23895
T23781C	S:M740T	11	41310	0.000266	23683	23784
T23754C C23887-A	S:M731T NA	11	35206	0.000312	23683	23895
T23714C C23854A	S:F718L S:N764K	11	37184	0.000296	23705	23890
T23703C C23887-A	S:I714T NA	11	34674	0.000317	23683	23895
T23693+C	NA	11	42507	0.000259	23683	23711
T23599G T23602C C23604A	S:N679K S:S680S S:P681H	11	79197	0.000139	23582	23634
T23511+A A23515+G C23525T T23599G C23604A	NA NA S:H655Y S:N679L S:P681H	11	77809	0.000141	23486	23642
T23489C C23525T A23558G T23599G C23604A	S:F643L S:H655Y S:I666V S:N679K S:P681H	11	75851	0.000145	23486	23624
T23394C	S:L611P	11	18382	0.000598	23285	23432
T23352C	S:V597A	11	18607	0.000591	23270	23398
T23333C A23403G	S:S591P S:D614G	11	17712	0.000621	23278	23443
T23330-G C23334-T	NA NA	11	18628	0.000591	23269	23350
T23289C A23403G	S:V576A S:D614G	11	17547	0.000627	23270	23443
T23031C A23055G A23063T	S:F490S S:Q498R S:N501Y	11	2283	0.004818	23025	23085
T23018G A23063T T23075C	S:F486V S:N501Y S:Y505H	11	1933	0.005691	23015	23224
T22807+G G22813T T22882G G22895C T22896C G22898A	NA S:K417N S:N440Q S:V445P S:V445P S:G446R	11	22211	0.000495	22793	22907
T22291C	S:A243A	11	4621	0.00238	22254	22378
G25459A	ORF3a:A23T	11	25396	0.000433	25384	25474
G25273-A	NA	11	89120	0.000123	25248	25325
G25252A	S:V1230V	11	87886	0.000125	25217	25316
G25238-C	NA	11	87289	0.000126	25223	25325
G25145+A	NA	11	61674	0.000178	25136	25154
G25127A	S:V1189I	11	56707	0.000194	25122	25189
G24954-A	NA	11	28726	0.000383	24850	24963
G24947-T C25000T	NA S:D1146D	11	27578	0.000399	24850	25069
G24872+T	NA	11	29662	0.000371	24858	24880
G24690+T T24701+A	NA NA	11	8879	0.001239	24626	24709
G24510+T	NA	11	65712	0.000167	24465	24542
G24476A	S:A972T	11	64865	0.00017	24465	24513
G24415T A24424T T24469A	S:V951V S:Q954H S:N969K	11	61136	0.00018	24412	24564
G23835+T C23854A C23887-A	NA S:N764K NA	11	37061	0.000297	23683	23895
G23821+T C23887-A	NA NA	11	36446	0.000302	23683	23895
G23793A	S:G744D	11	40981	0.000268	23699	23812
G23775+T C23854A	NA S:N764K	11	37729	0.000292	23725	23881
G23768A C23854A	S:V736I S:N764K	11	37662	0.000292	23701	23881
G23761-A G23768-T	NA NA	11	41592	0.000264	23683	23786
G23522-A C23525T T23599G	NA S:H655Y S:N679K	11	78000	0.000141	23498	23637
G23505+C	NA	11	82340	0.000134	23487	23513
G22813T T22882G T22917G T22942A C22950-T	S:K417N S:N440K S:L452R S:N460K NA	11	17402	0.000632	22793	22967
G22813T T22882G T22888C G22895C T22896C G22898A	S:K417N S:N440K S:D442D S:V445P S:V445P S:G446S	11	22379	0.000492	22793	22909
G22813T T22882G G22895C T22896C G22898A T22900C T22942G	S:K417N S:N440K S:V445P S:V445P S:G446S S:G446S S:N460K	11	18114	0.000607	22793	22944
G22813T T22882G G22895C T22896C G22898A G22933+T T22942G	S:K417N S:N440K S:V445P S:V445P S:G446S NA S:N460*	11	18114	0.000607	22800	22951
G22813T T22831+A T22882G G22895C G22898A	S:K417N NA S:N440Q S:V445R S:G446R	11	22379	0.000492	22800	22909
G22813T G22854A T22882G G22895C T22896C G22898A T22942G	S:K417N S:G431D S:N440K S:V445P S:V445P S:G446S S:N460K	11	18114	0.000607	22793	22949
G22813T A22914-C T22917G T22942A	S:K417N NA S:L452R S:N460K	11	18114	0.000607	22793	22967
G22813T A22814+T	S:K417N NA	11	24661	0.000446	22793	22823
G22578A	S:G339D	11	265	0.041509	22531	22581
C25416T T25536C	ORF3a:F8F ORF3a:V48V	11	22066	0.000499	25372	25566
C25416T T25434C	ORF3a:F8F ORF3a:T14T	11	25882	0.000425	25372	25528
C25416T C25460T	ORF3a:F8F ORF3a:A23V	11	25374	0.000434	25372	25486
C25416T A25564G	ORF3a:F8F ORF3a:S58G	11	21039	0.000523	25372	25566
C25416T A25505G	ORF3a:F8F ORF3a:Q38R	11	23663	0.000465	25372	25566
C25416T A25472-T A25531-T	ORF3a:F8F NA NA	11	22192	0.000496	25372	25552
C25416T A25450G	ORF3a:F8F ORF3a:I20V	11	25585	0.00043	25372	25552
C25321G	S:C1253W	11	90924	0.000121	25300	25325
C25300T	S:G1246G	11	90804	0.000121	25271	25325
C25300+T	NA	11	90804	0.000121	25290	25325
C25292+A	NA	11	90229	0.000122	25284	25325
C25262-T G25299A	NA S:G1246D	11	87946	0.000125	25122	25325
C25262-T A25296-G	NA NA	11	87970	0.000125	25130	25320
C25262-T A25277G	NA S:S1239G	11	88191	0.000125	25130	25325
C25207+G G25290T	NA S:C1243L	11	71333	0.000154	25191	25325
C25169-T T25191-A C25262-T	NA NA NA	11	61160	0.00018	25130	25325
C25163T	S:Q1201*	11	63456	0.000173	25123	25325
C25000T T25054C	S:D1146D S:V1164V	11	27036	0.000407	24850	25069
C25000T T25051C	S:D1146D S:D1163D	11	27072	0.000406	24966	25069
C25000T T25039C	S:D1146D S:H1159H	11	27299	0.000403	24850	25069
C25000T T25017C	S:D1146D S:L1152S	11	27837	0.000395	24901	25066
C25000T A25042G	S:D1146D S:T1160T	11	27255	0.000404	24920	25069
C24981-T C25000T C25066T	NA S:D1146D S:D1168D	11	26554	0.000414	24850	25068
C24981-T C25000T A25007G	NA S:D1146D S:K1149E	11	27896	0.000394	24850	25043
C24852-A C24859T C25000T	NA S:G1099G S:D1146D	11	25923	0.000424	24850	25069
C24852-A A24994G C25000T	NA S:E1144E S:D1146D	11	25923	0.000424	24850	25041
C24507+T	NA	11	65652	0.000168	24483	24536
C24503-T C24517-A	NA NA	11	65275	0.000169	24465	24540
C24503+T	NA	11	65546	0.000168	24412	24514
C24477+A	NA	11	64918	0.000169	24412	24486
C24418T A24424T	S:V952V S:Q954H	11	62505	0.000176	24412	24564
C23859+T C23887-A	NA NA	11	38476	0.000286	23683	23895
C23854A T23862C	S:N764K S:L767S	11	40289	0.000273	23835	23895
C23854A G23873+A	S:N764K NA	11	39849	0.000276	23850	23891
C23854A G23868A	S:N764K S:G769E	11	40064	0.000275	23818	23895
C23854A C23887T	S:N764K S:D775D	11	38247	0.000288	23789	23895
C23854A C23865+A	S:N764K NA	11	40154	0.000274	23848	23895
C23854A A23883T	S:N764K S:Q774L	11	38632	0.000285	23683	23895
C23833+T C23854A	NA S:N764K	11	39320	0.00028	23816	23895
C23766+A	NA	11	41671	0.000264	23713	23775
C23758T A23848+T	S:T732T NA	11	37849	0.000291	23683	23891
C23757T C23854A	S:T732I S:N764K	11	37563	0.000293	23684	23895
C23745T	S:P728L	11	42081	0.000261	23699	23795
C23745-A C23854A	NA S:N764K	11	37441	0.000294	23690	23895
C23536+A T23599G C23604A	NA S:N679* S:P681Y	11	78182	0.000141	23514	23642
C23525T T23599G C23604A C23609+A	S:H655Y S:N679K S:P681H NA	11	77943	0.000141	23487	23637
C23525T T23560G T23599G C23604A	S:H655Y S:I666M S:N679K S:P681H	11	77968	0.000141	23487	23637
C23525T T23540+C T23599G C23604A	S:H655Y NA S:N679* S:P681Y	11	77968	0.000141	23499	23642
C23525T C23604A T23637-C	S:H655Y S:P681H NA	11	75085	0.000147	23501	23642
C23525T C23585T T23599G C23604A	S:H655Y S:Q675* S:N679K S:P681H	11	77968	0.000141	23487	23629
C23525T C23533-A A23558-T T23599G	S:H655Y NA NA S:N679K	11	78007	0.000141	23487	23611
C23525T C23533+A T23599G C23604A	S:H655Y NA S:N679* S:P681Y	11	77968	0.000141	23501	23642
C23525T C23530+A T23599G C23604A	S:H655Y NA S:N679* S:P681Y	11	77968	0.000141	23487	23642
C23525T A23558G T23599G C23604A T23617C	S:H655Y S:I666V S:N679K S:P681H S:R685R	11	77896	0.000141	23487	23624
C23525T A23558G T23571C T23599G C23604A	S:H655Y S:I666V S:I670T S:N679K S:P681H	11	77968	0.000141	23487	23626
C23525T A23558-T T23599G C23604A T23629C	S:H655Y NA S:N679K S:P681H S:S689S	11	76065	0.000145	23487	23639
C23525T A23552T T23599G C23604A	S:H655Y S:I664L S:N679K S:P681H	11	77968	0.000141	23487	23619
C23525T A23541+G T23599G C23604A	S:H655Y NA S:N679* S:P681Y	11	77968	0.000141	23487	23624
C23525T A23532G A23558G T23599G C23604A	S:H655Y S:N657S S:I666V S:N679K S:P681H	11	77968	0.000141	23487	23624
C23525T A23526+G T23599G C23604A	S:H655* NA S:N679* S:P681Y	11	77968	0.000141	23487	23642
C23520+T C23525T	NA S:H655S	11	81887	0.000134	23487	23532
C23334-T T23411-G	NA NA	11	17611	0.000625	23285	23424
C23334-T T23355-A	NA NA	11	18409	0.000598	23269	23366
C23334-T A23400+G	NA NA	11	17766	0.000619	23284	23413
C23327T A23403G	S:P589S S:D614G	11	17705	0.000621	23269	23441
C23275T C23334-T A23403G	S:D571D NA S:D614G	11	16693	0.000659	23273	23429
C22062+T	NA	11	2387	0.004608	22025	22074
C21549-A	NA	11	1311	0.008391	21451	21575
A25457G	ORF3a:D22G	11	25443	0.000432	25372	25476
A25443G	ORF3a:Q17Q	11	25716	0.000428	25372	25488
A25411G	ORF3a:I7V	11	26241	0.000419	25372	25487
A25374-T T25382-A	NA NA	11	26137	0.000421	25372	25406
A25223G	S:I1221V	11	85959	0.000128	25219	25320
A25141G	S:L1193L	11	61268	0.00018	25130	25189
A25137-T T25191-A C25262-TT G25278-T	NA NA NA NA	11	57485	0.000191	25122	25325
A25134+G	NA	11	60497	0.000182	25130	25144
A24987G C25000T	S:Q1142R S:D1146D	11	28137	0.000391	24850	25065
A24922+T C24981-T	NA NA	11	27773	0.000396	24867	24993
A24920G	S:T1120A	11	28944	0.00038	24850	24929
A24885+T G24971+T C25000T	NA NA S:D1146Y	11	26829	0.00041	24850	25011
A24885+T A24922-T C25000T	NA NA S:D1146S	11	26829	0.00041	24856	25069
A24884G C25000T	S:N1108D S:D1146D	11	26824	0.00041	24850	25069
A24881G	S:R1107G	11	29567	0.000372	24869	24885
A24855G C25000T	S:N1098S S:D1146D	11	26138	0.000421	24850	25038
A24779G	S:K1073E	11	9242	0.00119	24746	24806
A24519G	S:K986R	11	65787	0.000167	24483	24554
A24495G	S:N978S	11	65474	0.000168	24483	24564
A24485G	S:S975G	11	65260	0.000169	24412	24527
A24484G	S:S974S	11	65229	0.000169	24412	24552
A24443G T24469A	S:T961A S:N969K	11	63244	0.000174	24434	24554
A24439G T24469A	S:L959L S:N969K	11	63178	0.000174	24425	24505
A24433+G	NA	11	63770	0.000172	24412	24441
A24424T T24544C	S:Q954H S:D994D	11	60502	0.000182	24418	24564
A24424T T24469A G24473T	S:Q954H S:N969K S:G971C	11	61620	0.000179	24412	24527
A24424T T24469A C24517A A24543G	S:Q954H S:N969K S:D985E S:D994G	11	60530	0.000182	24412	24564
A24424T T24469A A24495G	S:Q954H S:N969K S:N978S	11	61383	0.000179	24412	24564
A24424T T24438C T24469A	S:Q954H S:L959S S:N969K	11	61712	0.000178	24412	24564
A24424T G24557C	S:Q954H S:G999R	11	59660	0.000184	24412	24564
A24424T G24488-T C24517-A	S:Q954H NA NA	11	60975	0.00018	24412	24564
A24424T C24503-T C24517-A	S:Q954H NA NA	11	60975	0.00018	24412	24564
A24424T C24477T	S:Q954H S:A972V	11	61588	0.000179	24412	24552
A24424T C24458-T T24469A	S:Q954H NA S:N969K	11	61712	0.000178	24412	24564
A24424T C24458+T	S:Q954H NA	11	61956	0.000178	24412	24511
A24424T C24455-A T24469A	S:Q954H NA S:N969K	11	61712	0.000178	24412	24564
A24424T C24455+A	S:Q954H NA	11	62079	0.000177	24412	24476
A24424T C24435-T G24488-T	S:Q954H NA NA	11	61451	0.000179	24412	24564
A24335G	S:N925D	11	4703	0.002339	24321	24357
A24325-T	NA	11	6664	0.001651	24249	24335
A23883G	S:Q774R	11	39302	0.00028	23683	23895
A23829G C23854A	S:Y756C S:N764K	11	39144	0.000281	23684	23895
A23826G	S:Q755R	11	40708	0.00027	23693	23839
A23805G	S:E748G	11	41013	0.000268	23683	23879
A23786-T C23887-A	NA NA	11	35529	0.00031	23690	23895
A23786-T C23854A C23887-A	NA S:N764K NA	11	35529	0.00031	23683	23895
A23753-T C23854A	NA S:N764K	11	37527	0.000293	23683	23895
A23729G	S:T723A	11	42574	0.000258	23694	23833
A23708T C23854A	S:T716S S:N764K	11	37132	0.000296	23683	23881
A23696G C23854A	S:I712V S:N764K	11	36482	0.000302	23683	23895
A23588G T23599G C23604A	S:T676A S:N679K S:P681H	11	79096	0.000139	23487	23642
A23503+G	NA	11	82301	0.000134	23487	23520
A23403G T23428C	S:D614G S:V622V	11	17836	0.000617	23366	23434
A23379G A23403G	S:N606S S:D614G	11	18014	0.000611	23269	23443
A23321+T C23334-T	NA NA	11	18618	0.000591	23285	23363
A23279G A23403G	S:T573A S:D614G	11	16737	0.000657	23269	23443
A23013C T23019C T23031C T23075C	S:E484A S:F486S S:F490S S:Y505H	11	1840	0.005978	23009	23168
A23013C T23018G A23063T	S:E484A S:F486V S:N501Y	11	1892	0.005814	23008	23224
A23013C T23018C T23019C T23031C A23055G A23063T T23075C T23143-A	S:E484A S:F486P S:F486P S:F490S S:Q498R S:N501Y S:Y505H NA	11	1614	0.006815	23008	23155
A22924-T T22942G	NA S:N460K	11	21385	0.000514	22915	22967
A22798-G G22813T T22882G A22893C T22917G T22942A	NA S:K417N S:N440K S:K444T S:L452R S:N460K	11	17576	0.000626	22793	22949
A22798+G G22813T T22882G A22893C T22917G T22942A	NA S:K417N S:N440Q S:K444S S:L452R S:N460*	11	17576	0.000626	22793	22967
A22798+G G22813T T22882G	NA S:K417N S:N440Q	11	23234	0.000473	22793	22892
A22259+T	NA	11	4621	0.00238	22246	22270
A21964-T	NA	11	7301	0.001507	21940	21973
T25560C C25561A	ORF3a:F56F ORF3a:Q57K	10	21233	0.000471	25372	25566
T25430+A	NA	10	25926	0.000386	25372	25440
T25428C	ORF3a:T12T	10	25970	0.000385	25372	25490
T25400C	ORF3a:L3S	10	26409	0.000379	25372	25513
T25394C	ORF3a:M1T	10	26466	0.000378	25372	25492
T25301+A	NA	10	90869	0.00011	25294	25323
T25291+GC C25292G	NA S:L1244V	10	90157	0.000111	25277	25325
T25291+A	NA	10	90173	0.000111	25276	25324
T25288G	S:S1242R	10	89958	0.000111	25238	25325
T25272-G	NA	10	89058	0.000112	25229	25323
T25210C C25262-T	S:I1216I NA	10	75831	0.000132	25122	25325
T25205C C25262-T	S:Y1215H NA	10	70882	0.000141	25122	25325
T25191+A C25262-TT	NA NA	10	65994	0.000152	25129	25324
T25178C C25262-T	S:Y1206H NA	10	61691	0.000162	25122	25325
T25144+C	NA	10	61594	0.000162	25135	25157
T25139C C25262-T	S:L1193L NA	10	57956	0.000173	25130	25325
T24996C C25000T	S:L1145S S:D1146D	10	28243	0.000354	24861	25069
T24974C	S:Y1138H	10	28617	0.000349	24948	25066
T24960C	S:V1133A	10	28690	0.000349	24910	24974
T24934C C25000T	S:G1124G S:D1146D	10	27384	0.000365	24850	25069
T24910C C25000T	S:T1116T S:D1146D	10	27203	0.000368	24850	25065
T24906C C25000T	S:I1115T S:D1146D	10	27155	0.000368	24850	25069
T24892C C25000T	S:Y1110Y S:D1146D	10	26935	0.000371	24850	25069
T24871C	S:F1103F	10	29670	0.000337	24858	24880
T24749C	S:L1063L	10	9057	0.001104	24695	24791
T24658-G C24672-A	NA NA	10	8811	0.001135	24620	24806
T24656C	S:C1032R	10	8917	0.001121	24612	24676
T24544C	S:D994D	10	65723	0.000152	24416	24564
T24469A T24549C	S:N969K S:L996S	10	63072	0.000159	24412	24564
T24469A T24514C	S:N969K S:L984L	10	63809	0.000157	24412	24564
T24469A T24471-TG	S:N969K NA	10	64498	0.000155	24412	24564
T24469A A24562G	S:N969K S:R1000R	10	62099	0.000161	24465	24564
T24469A A24556+G	S:N969K NA	10	62362	0.00016	24465	24564
T24469A A24545G	S:N969K S:R995G	10	63181	0.000158	24465	24564
T24464C T24469A	S:S968P S:N969K	10	63628	0.000157	24447	24564
T24459C T24469A	S:L966P S:N969K	10	63526	0.000157	24434	24564
T24451C T24469A	S:V963V S:N969K	10	63393	0.000158	24428	24564
T24451C	S:V963V	10	63886	0.000157	24428	24465
T24437C	S:L959L	10	63917	0.000156	24412	24449
T24436C T24469A	S:A958A S:N969K	10	63113	0.000158	24428	24564
T24306C	S:V915A	10	7559	0.001323	24273	24323
T24283C	S:N907N	10	7566	0.001322	24257	24322
T24267-G A24318-C	NA NA	10	7050	0.001418	24185	24357
T24254C	S:F898L	10	7450	0.001342	24154	24317
T24235C	S:G891G	10	7502	0.001333	24161	24314
T24163C T24267-G	S:D867D NA	10	7063	0.001416	24148	24357
T23839C C23854A	S:F759F S:N764K	10	39916	0.000251	23805	23881
T23838C C23854A	S:F759S S:N764K	10	39875	0.000251	23685	23874
T23830+G C23887-A	NA NA	10	36793	0.000272	23683	23895
T23798C	S:S746P	10	41000	0.000244	23791	23811
T23791C	S:C743C	10	41006	0.000244	23683	23807
T23765C	S:S735P	10	41680	0.00024	23684	23786
T23742C C23854A	S:L727P S:N764K	10	37406	0.000267	23699	23892
T23728-A	NA	10	42573	0.000235	23683	23742
T23599G C23604A T23622C	S:N679K S:P681H S:V687A	10	79075	0.000126	23595	23642
T23599G C23604A T23620C	S:N679K S:P681H S:S686S	10	79097	0.000126	23561	23641
T23521C C23525T A23558G T23599G C23604A	S:A653A S:H655Y S:I666V S:N679K S:P681H	10	77951	0.000128	23487	23642
T23510C C23525T A23558G T23599G C23604A	S:L650L S:H655Y S:I666V S:N679K S:P681H	10	77801	0.000129	23487	23642
T23500A C23525T T23599G C23604A	S:R646R S:H655Y S:N679K S:P681H	10	76592	0.000131	23487	23642
T23421+C	NA	10	18288	0.000547	23282	23443
T23411C	S:C617R	10	18371	0.000544	23388	23441
T23335C	S:S591S	10	18621	0.000537	23273	23369
T23330C	S:C590R	10	18664	0.000536	23277	23429
T23296+C	NA	10	18991	0.000527	23288	23310
T23019C T23031C A23055G A23063T T23075C	S:F486S S:F490S S:Q498R S:N501Y S:Y505H	10	2007	0.004983	23016	23121
T22942G A22948C	S:N460K S:K462N	10	21749	0.00046	22929	22967
T22807+G G22813T T22882G A22893C T22917G	NA S:K417N S:N440Q S:K444S S:L452R	10	21099	0.000474	22793	22925
G25447-A	NA	10	25644	0.00039	25372	25467
G25401T C25416T	ORF3a:L3F ORF3a:F8F	10	26144	0.000382	25372	25559
G25320T	S:C1253F	10	90946	0.00011	25297	25323
G25290T G25302-T	S:C1243F NA	10	89908	0.000111	25284	25324
G25278-T T25289C	NA S:C1243R	10	89300	0.000112	25251	25325
G25244-T G25302-T	NA NA	10	86659	0.000115	25237	25325
G25238+T	NA	10	87289	0.000115	25231	25325
G25234+A	NA	10	87117	0.000115	25223	25324
G25229A C25262-TT	S:G1223S NA	10	86343	0.000116	25126	25325
G25226+A	NA	10	86467	0.000116	25219	25323
G25130-C	NA	10	57300	0.000175	25122	25325
G25019+T	NA	10	28005	0.000357	25003	25069
G24933-T	NA	10	28848	0.000347	24896	24943
G24521+A	NA	10	65760	0.000152	24513	24564
G23835-T A23853-C	NA NA	10	39503	0.000253	23683	23883
G23795-A	NA	10	40987	0.000244	23686	23806
G23782+T	NA	10	41262	0.000242	23683	23832
G23749A C23854A	S:V729V S:N764K	10	37495	0.000267	23683	23895
G23519-C C23525T T23599G C23604A	NA S:H655Y S:N679K S:P681H	10	77928	0.000128	23508	23624
G23519+A C23525T T23599G C23604A	NA S:H655S S:N679* S:P681Y	10	77928	0.000128	23487	23637
G23516T T23599G C23604A	S:G652W S:N679K S:P681H	10	77885	0.000128	23487	23642
G23499+T C23525T	NA S:H655S	10	80392	0.000124	23487	23528
G23499+A C23525T T23599G C23604A	NA S:H655S S:N679* S:P681Y	10	76476	0.000131	23492	23642
G23417-A	NA	10	18303	0.000546	23407	23443
G23417+A	NA	10	18303	0.000546	23371	23434
G23331A A23403G	S:C590Y S:D614G	10	17706	0.000565	23285	23443
G22898A T22942G	S:G446S S:N460K	10	19283	0.000519	22868	22967
G22813T T22882G T22891-A T22917G	S:K417N S:N440K NA S:L452R	10	21262	0.00047	22793	22931
G22813T T22882G G22898A A22924-T T22942G	S:K417N S:N440K S:G446S NA S:N460K	10	18114	0.000552	22793	22949
G22813T T22882G G22895C T22896C G22898A A22911G T22942G	S:K417N S:N440K S:V445P S:V445P S:G446S S:N450S S:N460K	10	18114	0.000552	22793	22967
G22813T T22882G A22893C G22898A T22917G	S:K417N S:N440K S:K444T S:G446S S:L452R	10	21262	0.00047	22793	22923
G22813T T22876-A T22882G G22895C T22896C G22898A	S:K417N NA S:N440K S:V445P S:V445P S:G446S	10	22379	0.000447	22801	22913
G22813T T22868C T22882G G22895C T22896C G22898A T22942G	S:K417N S:W436R S:N440K S:V445P S:V445P S:G446S S:N460K	10	18114	0.000552	22793	22967
G22813T T22860C T22882G G22895C T22896C G22898A	S:K417N S:V433A S:N440K S:V445P S:V445P S:G446S	10	22379	0.000447	22793	22914
G22813T T22860C T22882G A22893C T22917G	S:K417N S:V433A S:N440K S:K444T S:L452R	10	21262	0.00047	22793	22939
G22813T T22816C T22882G G22895C T22896C G22898A T22942G	S:K417N S:I418I S:N440K S:V445P S:V445P S:G446S S:N460K	10	18114	0.000552	22793	22953
G22813T A22914-C T22942A	S:K417N NA S:N460K	10	18114	0.000552	22801	22966
G22813T A22893C	S:K417N S:K444T	10	23518	0.000425	22793	22910
G22813T A22845-T T22882G A22893C T22917G T22942A	S:K417N NA S:N440K S:K444T S:L452R S:N460K	10	18114	0.000552	22803	22949
G22578A T22679C	S:G339D S:S373P	10	234	0.042735	22495	22682
G22381-A	NA	10	4405	0.00227	22355	22446
G21941-T	NA	10	7452	0.001342	21934	21973
G21586+T	NA	10	1782	0.005612	21451	21594
C25466+T	NA	10	25281	0.000396	25372	25482
C25416T T25542C	ORF3a:F8F ORF3a:V50V	10	21975	0.000455	25372	25552
C25416T C25517-T G25555-T	ORF3a:F8F NA NA	10	21364	0.000468	25372	25566
C25416T C25466-T	ORF3a:F8F NA	10	25281	0.000396	25372	25490
C25380+A	NA	10	26380	0.000379	25372	25390
C25262-TT T25307C	NA S:S1249P	10	87870	0.000114	25122	25325
C25262-T G25278-T T25291C	NA NA S:C1243C	10	88062	0.000114	25122	25325
C25262-T C25321T	NA S:C1253C	10	87037	0.000115	25130	25325
C25131T C25262-T	S:A1190V NA	10	56966	0.000176	25122	25325
C25066T	S:D1168D	10	27415	0.000365	25007	25069
C25000T C25047T	S:D1146D S:P1162L	10	27188	0.000368	24850	25069
C25000T A25003G	S:D1146D S:S1147S	10	28148	0.000355	24883	25069
C24912T C25000T	S:T1117I S:D1146D	10	27226	0.000367	24850	25068
C24859T C24981-T C25000T	S:G1099G NA S:D1146D	10	26455	0.000378	24850	25069
C24852-A C24981-T C25000T	NA NA S:D1146D	10	25923	0.000386	24850	25069
C24748-T	NA	10	9054	0.001104	24726	24806
C24729T	S:A1056V	10	8935	0.001119	24709	24788
C24672-A T24713-C	NA NA	10	6984	0.001432	24612	24748
C24553+A	NA	10	65593	0.000152	24539	24564
C24422-A A24425T G24488-T	NA S:N955Y NA	10	61438	0.000163	24412	24564
C24418+A A24424T	NA S:Q954P	10	62505	0.00016	24412	24554
C23859-T	NA	10	40645	0.000246	23683	23870
C23854A G23876A	S:N764K S:V772I	10	39351	0.000254	23827	23895
C23854A G23873A	S:N764K S:A771T	10	39849	0.000251	23836	23892
C23854A A23880T	S:N764K S:E773V	10	39186	0.000255	23848	23895
C23854A A23870+G	S:N764K NA	10	39988	0.00025	23842	23895
C23833-A	NA	10	40558	0.000247	23800	23881
C23825T C23854A	S:Q755* S:N764K	10	38943	0.000257	23683	23895
C23809T C23887-A	S:C749C NA	10	36187	0.000276	23683	23895
C23785+A	NA	10	41163	0.000243	23767	23795
C23766T C23854A	S:S735L S:N764K	10	37619	0.000266	23683	23873
C23758+A C23854A C23887-A	NA S:N764K NA	10	35246	0.000284	23699	23895
C23751-T C23854A	NA S:N764K	10	37512	0.000267	23699	23881
C23744T C23854A	S:P728S S:N764K	10	37436	0.000267	23683	23895
C23731T C23854A	S:T723T S:N764K	10	37309	0.000268	23705	23881
C23709-A C23854A	NA S:N764K	10	37139	0.000269	23683	23895
C23707T C23854A	S:P715P S:N764K	10	37126	0.000269	23683	23895
C23525T T23599G T23629C	S:H655Y S:N679K S:S689S	10	76065	0.000131	23487	23642
C23525T T23599G C23604A A23627+C	S:H655Y S:N679K S:P681H NA	10	76134	0.000131	23487	23637
C23525T T23599G C23604A A23618T	S:H655Y S:N679K S:P681H S:S686C	10	77894	0.000128	23487	23642
C23525T T23599G C23604A A23614+G	S:H655Y S:N679K S:P681H NA	10	77918	0.000128	23487	23642
C23525T T23599G C23601T C23604A	S:H655Y S:N679K S:S680F S:P681H	10	77968	0.000128	23487	23642
C23525T T23578C T23599G C23604A T23622C	S:H655Y S:A672A S:N679K S:P681H S:V687A	10	77855	0.000128	23487	23642
C23525T T23529A T23599G C23604A	S:H655Y S:V656D S:N679K S:P681H	10	77968	0.000128	23487	23642
C23525T C23551+A T23599G C23604A	S:H655Y NA S:N679* S:P681Y	10	77968	0.000128	23487	23642
C23525T C23533-A T23599G	S:H655Y NA S:N679K	10	78007	0.000128	23493	23637
C23525T A23598C T23599G C23604A	S:H655Y S:N679T S:N679T S:P681H	10	77968	0.000128	23487	23642
C23525T A23558G A23586G T23599G C23604A	S:H655Y S:I666V S:Q675R S:N679K S:P681H	10	77968	0.000128	23487	23624
C23525T A23552G C23604A	S:H655Y S:I664V S:P681H	10	77968	0.000128	23487	23637
C23525T A23544T T23599G C23604A	S:H655Y S:E661V S:N679K S:P681H	10	77968	0.000128	23487	23637
C23525T A23541T T23599G C23604A	S:H655Y S:Y660F S:N679K S:P681H	10	77968	0.000128	23487	23624
C23525T A23526G	S:H655C S:H655C	10	81497	0.000123	23496	23538
C23506+T	NA	10	82588	0.000121	23487	23514
C23492+A T23599G C23604A	NA S:N679* S:P681Y	10	75942	0.000132	23486	23642
C23439T	S:A626V	10	17527	0.000571	23269	23443
C23334-T T23377+A	NA NA	10	18098	0.000553	23285	23388
C23334-T G23417+A	NA NA	10	17492	0.000572	23269	23428
C23334-T C23393+T	NA NA	10	17906	0.000558	23269	23443
C23334-T C23367+A	NA NA	10	18254	0.000548	23269	23413
C22802-A G22813T T22882G A22893C T22917G	NA S:K417N S:N440K S:K444T S:L452R	10	21039	0.000475	22793	22929
C22802+A G22813T T22882G A22893C T22917G	NA S:K417N S:N440Q S:K444S S:L452R	10	21039	0.000475	22793	22967
C22281+T G22317T	NA S:G252L	10	4477	0.002234	22249	22339
A25259G C25262-T	S:M1233V NA	10	88160	0.000113	25122	25325
A25247G C25262-T	S:M1229V NA	10	87361	0.000114	25122	25284
A25243+C	NA	10	87506	0.000114	25234	25325
A25225T	S:I1221I	10	86307	0.000116	25218	25325
A25201G C25262-TT	S:P1213P NA	10	69555	0.000144	25130	25320
A25195G C25262-T	S:K1211K NA	10	67123	0.000149	25130	25325
A25188+C	NA	10	65069	0.000154	25181	25325
A25188+AT T25189G	NA S:Y1209*	10	65015	0.000154	25174	25325
A25182+G	NA	10	64335	0.000155	25150	25191
A25176T	S:K1205M	10	63715	0.000157	25131	25325
A25146G C25262-T	S:E1195G NA	10	58739	0.00017	25130	25325
A25137+T G25278-T	NA NA	10	57485	0.000174	25130	25320
A25133G C25262-T	S:K1191E NA	10	57262	0.000175	25122	25325
A24965G C25000T	S:N1135D S:D1146D	10	27847	0.000359	24943	25069
A24949G C25000T	S:V1129V S:D1146D	10	27612	0.000362	24851	25069
A24915G	S:D1118G	10	28987	0.000345	24891	25069
A24901G C25000T	S:Q1113Q S:D1146D	10	27110	0.000369	24850	25069
A24885+T C24899-A C24981-T C25000T	NA NA NA S:D1146S	10	26829	0.000373	24850	25065
A24881+G	NA	10	29567	0.000338	24850	24890
A24855+T	NA	10	29208	0.000342	24850	24866
A24753G	S:H1064R	10	9085	0.001101	24728	24772
A24723-G	NA	10	8930	0.00112	24708	24806
A24543G	S:D994G	10	65728	0.000152	24538	24564
A24456G	S:Q965R	10	63826	0.000157	24412	24460
A24441G T24469A	S:N960S S:N969K	10	63206	0.000158	24412	24564
A24430G	S:A956A	10	63664	0.000157	24412	24449
A24424T T24492+A	S:Q954H NA	10	61424	0.000163	24415	24527
A24424T T24489G	S:Q954H S:V976G	10	61441	0.000163	24412	24499
A24424T T24469A T24481C	S:Q954H S:N969K S:I973I	10	61536	0.000163	24413	24564
A24424T T24469A G24550A	S:Q954H S:N969K S:L996L	10	60369	0.000166	24412	24564
A24424T T24469A C24509T	S:Q954H S:N969K S:R983C	10	61120	0.000164	24413	24564
A24424T T24469A A24556T	S:Q954H S:N969K S:T998T	10	59721	0.000167	24412	24564
A24424T T24469A A24545T	S:Q954H S:N969K S:R995W	10	60479	0.000165	24416	24564
A24424T T24427C	S:Q954H S:N955N	10	62568	0.00016	24412	24528
A24424T G24462A T24469A	S:Q954H S:S967N S:N969K	10	61712	0.000162	24412	24564
A24424T C24483-A	S:Q954H NA	10	61520	0.000163	24412	24564
A24424T C24463T T24469A	S:Q954H S:S967S S:N969K	10	61712	0.000162	24412	24555
A24424T C24435T T24469A	S:Q954H S:A958V S:N969K	10	61712	0.000162	24412	24564
A24424T A24554+G	S:Q954H NA	10	60109	0.000166	24412	24564
A24424T A24539G	S:Q954H S:I993V	10	60583	0.000165	24412	24564
A24424T A24452G T24469A	S:Q954H S:K964E S:N969K	10	61712	0.000162	24412	24564
A24329G	S:I923V	10	5094	0.001963	24292	24357
A24287+T	NA	10	7580	0.001319	24148	24318
A24253-T C24263-A	NA NA	10	7408	0.00135	24154	24323
A24209G	S:T883A	10	7541	0.001326	24154	24324
A24190G	S:A876A	10	7594	0.001317	24149	24324
A23886G	S:D775G	10	38973	0.000257	23868	23890
A23870+T	NA	10	40562	0.000247	23683	23887
A23864G	S:T768A	10	40609	0.000246	23859	23881
A23852G C23854A C23887-A	S:N764E S:N764E NA	10	38246	0.000261	23683	23895
A23810G	S:S750G	10	40934	0.000244	23796	23850
A23786-T C23816-TT C23854A	NA NA S:N764K	10	37865	0.000264	23683	23893
A23786+T C23854A C23887-A	NA S:N764K NA	10	35529	0.000281	23683	23895
A23779G	S:T739T	10	41346	0.000242	23683	23783
A23772G	S:D737G	10	41567	0.000241	23699	23800
A23770G	S:V736V	10	41586	0.00024	23705	23836
A23764-T	NA	10	41694	0.00024	23687	23791
A23732G	S:T724A	10	42432	0.000236	23683	23787
A23711-AT	NA	10	42978	0.000233	23699	23722
A23690G C23854A	S:N710D S:N764K	10	36335	0.000275	23683	23895
A23524G C23525T A23558G T23599G C23604A	S:E654E S:H655Y S:I666V S:N679K S:P681H	10	77963	0.000128	23487	23642
A23515-G T23599G C23604A	NA S:N679K S:P681H	10	77860	0.000128	23487	23641
A23436G	S:H625R	10	17543	0.00057	23419	23443
A23403G A23416G	S:D614G S:T618T	10	18082	0.000553	23292	23443
A23403G A23409G	S:D614G S:N616S	10	18226	0.000549	23296	23443
A23354G A23403G	S:I598V S:D614G	10	17879	0.000559	23269	23423
A23348G A23403G	S:S596G S:D614G	10	17852	0.00056	23269	23443
A23319G C23334-T	S:D586G NA	10	18617	0.000537	23269	23430
A23310G	S:E583G	10	18896	0.000529	23269	23322
A23295+C	NA	10	18997	0.000526	23269	23302
A23013C T23019C T23031C A23055G A23063T	S:E484A S:F486S S:F490S S:Q498R S:N501Y	10	1892	0.005285	23008	23081
A23013C T23019C T23031C A23055G	S:E484A S:F486S S:F490S S:Q498R	10	1907	0.005244	23008	23061
A23013C T23018C T23019C T23031C A23063T T23075C	S:E484A S:F486P S:F486P S:F490S S:N501Y S:Y505H	10	1840	0.005435	23008	23219
A23013C A23063T T23075C	S:E484A S:N501Y S:Y505H	10	1840	0.005435	23008	23224
A22948-C	NA	10	22183	0.000451	22937	22967
A22893C	S:K444T	10	24583	0.000407	22865	22899
A22296G	S:H245R	10	4601	0.002173	22278	22438
A21764-TACATG G21956-A	S:DEL69/70 NA	10	5933	0.001685	21757	21973
A21764-TACATG A21817-TT A21875-T	S:DEL69/70 NA NA	10	6028	0.001659	21757	21973
A21764-TACATG A21817-TT	S:DEL69/70 NA	10	6271	0.001595	21757	21973
A21764-TACATG A21817-T G21956A	S:DEL69/70 NA S:E132K	10	5933	0.001685	21757	21973
