nt_mutations	aa_mutations	cluster_depth	total_depth	frequency	coverage_start	coverage_end
T23599G C23604A	S:N679K S:P681H	32141	105406	0.304926	23596	23608
C23525T T23599G C23604A	S:H655Y S:N679K S:P681H	23950	48108	0.497838	23523	23608
C23854A	S:N764K	7124	25533	0.279011	23850	23867
C25262-T	NA	6852	51984	0.13181	25257	25272
A24424T T24469A	S:Q954H S:N969K	6382	27137	0.235177	24421	24477
C25000T	S:D1146D	5811	24655	0.235693	24998	25004
T24469A	S:N969K	5615	50493	0.111204	24465	24476
A23403G	S:D614G	4966	30495	0.162846	23399	23407
A23403G C23525T	S:D614G S:H655Y	4942	16015	0.308586	23399	23529
A24424T	S:Q954H	4854	30362	0.159871	24420	24424
C23525T	S:H655Y	3650	68566	0.053233	23521	23527
G21987A T21990-TTA C22000A	S:G142D S:DEL144 S:H146Q	3006	18659	0.161102	21975	22011
C24981-T C25000T	NA S:D1146D	2669	18119	0.147304	24910	25003
C24672-A	NA	2071	31837	0.06505	24626	24679
G21987A T21990-TTA A21999-C	S:G142D S:DEL144 NA	2041	18659	0.109384	21974	22015
G21987A	S:G142D	2030	22834	0.088903	21972	21990
T23599G	S:N679K	1976	105478	0.018734	23595	23602
C23604A	S:P681H	1698	105557	0.016086	23602	23608
G22813T T22882G G22895C T22896C G22898A T22942G	S:K417N S:N440K S:V445P S:V445P S:G446S S:N460K	1655	6498	0.254694	22809	22944
C25416T	ORF3a:F8F	1560	5385	0.289694	25384	25425
G22317T	S:G252V	1501	6880	0.218169	22315	22319
G22813T T22882G G22895C T22896C G22898A	S:K417N S:N440K S:V445P S:V445P S:G446S	1490	9929	0.150065	22809	22906
G22813T T22882G	S:K417N S:N440K	1337	13468	0.099272	22808	22885
C23334-T	NA	1292	11903	0.108544	23285	23346
C23525T C23604A	S:H655Y S:P681H	1202	48108	0.024985	23519	23620
C22000A	S:H146Q	1029	20403	0.050434	21996	22018
T22942G	S:N460K	956	9841	0.097145	22938	22944
T25191-A C25262-T	NA NA	896	40854	0.021932	25136	25281
C23887-A	NA	883	24519	0.036013	23859	23894
C23525T T23599G	S:H655Y S:N679K	779	48133	0.016184	23516	23603
G23948T	S:D796Y	632	3802	0.166228	23944	23951
T21990-TTA C22000A	S:DEL144 S:H146Q	535	18659	0.028672	21975	22007
T22882G	S:N440K	533	14785	0.03605	22877	22885
T22200A G22317T	S:V213E S:G252V	509	3447	0.147665	22196	22319
T24492-A	NA	497	56609	0.00878	24486	24535
A24253-T	NA	473	6325	0.074783	24233	24263
G22813T	S:K417N	470	14308	0.032849	22809	22816
A24424T T24469A T24472-G	S:Q954H S:N969K NA	437	27096	0.016128	24420	24564
G21987A A21993-TTACC A21999C	S:G142D NA S:H146P	420	18659	0.022509	21970	22017
C22109G T22200A G22317T	S:Q183E S:V213E S:G252V	418	2224	0.18795	22104	22319
C23525T A23558-T T23599G C23604A	S:H655Y NA S:N679K S:P681H	413	48108	0.008585	23514	23624
T23599G C23604A G23666-A	S:N679K S:P681H NA	412	55545	0.007417	23586	23682
C22109G T22200A	S:Q183E S:V213E	404	3552	0.113739	22104	22204
C24852-A C25000T	NA S:D1146D	383	16233	0.023594	24850	25007
A21979-T G21987A A21993-TTACC A21999C	NA S:G142D NA S:H146P	363	18654	0.01946	21959	22019
C25294-A	NA	362	53599	0.006754	25284	25315
T21934-A G21987A T21990-TTA C22000A	NA S:G142D S:DEL144 S:H146Q	356	15887	0.022408	21903	22052
G22813T T22882G G22895C G22898A	S:K417N S:N440K S:V445L S:G446S	350	9929	0.03525	22809	22906
C24536-A	NA	342	56348	0.006069	24524	24555
T24469A C24672-A	S:N969K NA	335	20260	0.016535	24465	24679
T24469A T24472-G	S:N969K NA	333	50447	0.006601	24465	24533
G22813T T22882G T22896C G22898A T22942G	S:K417N S:N440K S:V445A S:G446S S:N460K	332	6498	0.051093	22809	22944
C23334-T A23403G	NA S:D614G	331	11009	0.030066	23285	23423
T21990-TTA A21999-C	S:DEL144 NA	321	18659	0.017203	21974	22012
A23403G G23486-T C23525T	S:D614G NA S:H655Y	304	16015	0.018982	23397	23531
G23364-A A23403G C23525T	NA S:D614G S:H655Y	301	14626	0.02058	23355	23529
G21987A T21990-TTA	S:G142D S:DEL144	296	22339	0.01325	21973	22011
C23854A G23948T	S:N764K S:D796Y	295	2537	0.116279	23850	23951
G25198-C	NA	290	48406	0.005991	25191	25210
T21934-A G21987A T21990-TTA A21999-C	NA S:G142D S:DEL144 NA	287	15887	0.018065	21919	22058
G25302-T	NA	258	54082	0.004771	25295	25323
T24267-G	NA	256	6402	0.039988	24259	24319
T24469A T24492-A	S:N969K NA	245	50297	0.004871	24466	24564
T23599G C23604A A23712+T	S:N679K S:P681H NA	242	54315	0.004455	23590	23724
T23599G C23604A C23664T	S:N679K S:P681H S:A701V	240	55571	0.004319	23589	23693
T22882G G22895C T22896C G22898A	S:N440K S:V445P S:V445P S:G446S	240	11239	0.021354	22877	22906
C21618T T21632-TACCCCCTG	S:T19I S:DEL25/27	234	548	0.427007	21613	21657
C23854A C23887-A	S:N764K NA	233	23628	0.009861	23846	23894
G24488-T	NA	229	56439	0.004057	24486	24499
C23816-T	NA	228	26253	0.008685	23793	23827
T22200A	S:V213E	223	4828	0.046189	22196	22205
T23599G C23604A G23675-T	S:N679K S:P681H NA	221	55391	0.00399	23585	23705
A23786-T C23854A	NA S:N764K	220	23566	0.009335	23733	23881
C24852-A	NA	209	20556	0.010167	24850	24875
G23768-T	NA	208	27471	0.007572	23767	23776
T23599G C23604A T23680C	S:N679K S:P681H S:A706A	207	55319	0.003742	23592	23700
T23703-A	NA	203	84554	0.002401	23687	23711
G25218-T C25262-T	NA NA	201	46192	0.004351	25137	25294
C24981-T	NA	200	18463	0.010832	24943	24986
A24324-AT	NA	199	6491	0.030658	24230	24335
C25000T C25100-A	S:D1146D NA	195	5698	0.034223	24990	25112
A24110-T	NA	192	2850	0.067368	24101	24120
C23525T G23587T T23599G C23604A	S:H655Y S:Q675H S:N679K S:P681H	188	48108	0.003908	23505	23624
A23712+T	NA	188	84167	0.002234	23690	23723
T23596C T23599G C23604A	S:T678T S:N679K S:P681H	185	105397	0.001755	23581	23642
A23515+G C23525T T23599G C23604A	NA S:H655S S:N679* S:P681Y	184	47978	0.003835	23491	23612
T22882G G22895C T22896C G22898A T22942G	S:N440K S:V445P S:V445P S:G446S S:N460K	183	7733	0.023665	22877	22944
G25299-C	NA	179	53906	0.003321	25292	25324
T25191-A	NA	176	47818	0.003681	25181	25204
G25218-T	NA	172	46451	0.003703	25209	25233
T25263C	S:L1234P	166	52158	0.003183	25251	25275
T22882G T22896C G22898A T22942G	S:N440K S:V445A S:G446S S:N460K	161	7733	0.02082	22878	22944
T23599G C23604A C23709-A	S:N679K S:P681H NA	160	54409	0.002941	23583	23724
C23367+A	NA	160	32945	0.004857	23341	23377
C22109G	S:Q183E	156	3945	0.039544	22101	22120
A21875-T	NA	156	22759	0.006854	21870	21889
T23599G C23604A G23607A	S:N679K S:P681H S:R682Q	154	105371	0.001462	23581	23631
G25287-T	NA	153	53318	0.00287	25278	25320
T23599G T23602C C23604A	S:N679K S:S680S S:P681H	152	105406	0.001442	23586	23641
G22577C G22578A	S:G339H S:G339H	149	585	0.254701	22552	22581
T23511+A C23525T T23599G C23604A	NA S:H655S S:N679* S:P681Y	140	47903	0.002923	23487	23624
A23853-C	NA	139	25584	0.005433	23848	23862
T23599G C23604A A23665G	S:N679K S:P681H S:A701A	137	55559	0.002466	23593	23685
T23521C C23525T T23599G C23604A	S:A653A S:H655Y S:N679K S:P681H	137	48092	0.002849	23516	23637
C24119-A	NA	134	3106	0.043142	24111	24136
A21979-T G21987A T21990-TTA A21999-C	NA S:G142D S:DEL144 NA	133	18654	0.00713	21965	22017
T23599G C23604A A23712-T	S:N679K S:P681H NA	130	54315	0.002393	23587	23724
T23599G C23604A T23620C	S:N679K S:P681H S:S686S	129	105263	0.001226	23580	23642
T23599G C23604A C23701-A	S:N679K S:P681H NA	129	54886	0.00235	23590	23724
G22813T T22882G G22895C T22896C G22898A T22900-G	S:K417N S:N440K S:V445P S:V445P S:G446S NA	129	9929	0.012992	22801	22914
C25000T T25191-A	S:D1146D NA	129	5216	0.024732	24998	25206
T25140-A	NA	128	44212	0.002895	25133	25164
T23599G C23604A T23693C	S:N679K S:P681H S:S711P	128	55092	0.002323	23581	23724
T23599G C23604A T23662C	S:N679K S:P681H S:G700G	127	55588	0.002285	23585	23700
T23599G C23604A T23652C	S:N679K S:P681H S:M697T	127	55721	0.002279	23580	23697
T24469A C24536-A	S:N969K NA	125	49499	0.002525	24465	24554
T24471-TG	NA	124	53839	0.002303	24465	24492
C23525T T23542C T23599G C23604A	S:H655Y S:Y660Y S:N679K S:P681H	123	48108	0.002557	23501	23624
T23599G C23604A A23631G	S:N679K S:P681H S:Q690R	121	104389	0.001159	23593	23642
G25181+A	NA	121	46425	0.002606	25174	25192
T22882G G22895C G22898A	S:N440K S:V445L S:G446S	120	11239	0.010677	22877	22906
G21987A C22000A	S:G142D S:H146Q	118	18659	0.006324	21977	22011
C25000T G25091+A	S:D1146D NA	117	5749	0.020351	24990	25198
C23525T G23549-A T23599G C23604A	S:H655Y NA S:N679K S:P681H	117	48108	0.002432	23501	23624
C23525T A23550G T23599G C23604A	S:H655Y S:D663G S:N679K S:P681H	116	48108	0.002411	23505	23624
T23599G T23600C C23604A	S:N679K S:S680P S:P681H	115	105406	0.001091	23582	23641
T23599G C23604A T23684C	S:N679K S:P681H S:S708P	114	55277	0.002062	23580	23724
T23599G C23604A A23636G	S:N679K S:P681H S:I692V	114	103967	0.001097	23580	23642
G23508+T C23525T T23599G C23604A	NA S:H655S S:N679* S:P681Y	113	47821	0.002363	23496	23621
A24885+T C24981-T C25000T	NA NA S:D1146S	112	16908	0.006624	24858	25015
G24971+T C24981-T C25000T	NA NA S:D1146S	111	17957	0.006181	24851	25011
T23599G C23604A T23698C	S:N679K S:P681H S:I712I	110	55003	0.002	23580	23705
T23590C T23599G C23604A	S:T676T S:N679K S:P681H	110	105266	0.001045	23580	23640
T23599G C23604A G23611T	S:N679K S:P681H S:R683R	109	105348	0.001035	23586	23670
T23599G C23604A A23639-T	S:N679K S:P681H NA	109	103215	0.001056	23580	23642
C24503-T	NA	109	56586	0.001926	24484	24513
C24466+A	NA	108	50379	0.002144	24465	24482
T23596+A T23599G C23604A	NA S:N679* S:P681Y	107	105397	0.001015	23581	23615
G23593T T23599G C23604A	S:Q677H S:N679K S:P681H	107	105342	0.001016	23581	23631
T23599G C23604A T23659C	S:N679K S:P681H S:L699L	105	55623	0.001888	23580	23706
C23525T T23548C T23599G C23604A	S:H655Y S:C662C S:N679K S:P681H	105	48108	0.002183	23497	23624
G21969-T G21987A T21990-TTA C22000A	NA S:G142D S:DEL144 S:H146Q	104	18383	0.005657	21959	22052
C23525T T23529C T23599G C23604A	S:H655Y S:V656A S:N679K S:P681H	104	48108	0.002162	23501	23624
T24267-G A24424T	NA S:Q954H	103	1574	0.065438	24260	24424
T23599G C23604A T23650C	S:N679K S:P681H S:T696T	103	55747	0.001848	23581	23699
T23599G C23604A T23629-C	S:N679K S:P681H NA	103	104504	0.000986	23580	23724
G24140-T	NA	103	3329	0.03094	24128	24159
T23599G C23604A T23629C	S:N679K S:P681H S:S689S	102	104504	0.000976	23580	23642
T23599G C23604A A23702G	S:N679K S:P681H S:I714V	102	54685	0.001865	23580	23717
G24488-T C24672-A	NA NA	102	25042	0.004073	24480	24679
G23522-A C23525T T23599G C23604A	NA S:H655Y S:N679K S:P681H	102	48106	0.00212	23512	23624
C23525T T23599G T23600C C23604A	S:H655Y S:N679K S:S680P S:P681H	102	48108	0.00212	23501	23635
A24424T T24471-TG	S:Q954H NA	101	27097	0.003727	24417	24555
A23594G T23599G C23604A	S:T678A S:N679K S:P681H	101	105367	0.000959	23580	23637
C25151+A	NA	100	44900	0.002227	25144	25210
C23525T T23599G T23602C C23604A	S:H655Y S:N679K S:S680S S:P681H	100	48108	0.002079	23487	23624
T23599G C23604A T23654C	S:N679K S:P681H S:S698P	99	55692	0.001778	23581	23684
T23599G C23604A T23640C	S:N679K S:P681H S:I693T	99	103089	0.00096	23580	23642
C23525T A23594G T23599G C23604A	S:H655Y S:T678A S:N679K S:P681H	98	48108	0.002037	23505	23624
A25137-T C25262-T	NA NA	98	35605	0.002752	25130	25272
A24922-T C24981-T C25000T	NA NA S:D1146D	98	17247	0.005682	24866	25066
A23588G T23599G C23604A	S:T676A S:N679K S:P681H	98	105209	0.000931	23580	23642
T23599G C23604A T23695-AT	S:N679K S:P681H NA	97	55050	0.001762	23591	23708
C23525T T23540C T23599G C23604A	S:H655Y S:Y660H S:N679K S:P681H	97	48108	0.002016	23504	23624
A23592G T23599G C23604A	S:Q677R S:N679K S:P681H	97	105304	0.000921	23581	23635
T23599G C23604A A23704G	S:N679K S:P681H S:I714M	96	54613	0.001758	23580	23724
C23525T T23599G C23604A T23620C	S:H655Y S:N679K S:P681H S:S686S	96	48058	0.001998	23490	23624
C23525T T23563C T23599G C23604A	S:H655Y S:G667G S:N679K S:P681H	96	48108	0.001996	23498	23624
A23513G C23525T T23599G C23604A	S:I651V S:H655Y S:N679K S:P681H	96	47940	0.002003	23487	23624
G22813T T22882G T22896C G22898A	S:K417N S:N440K S:V445A S:G446S	95	9929	0.009568	22808	22906
A23586G T23599G C23604A	S:Q675R S:N679K S:P681H	95	105145	0.000904	23580	23633
T23599G C23604A A23669G	S:N679K S:P681H S:N703D	94	55511	0.001693	23580	23705
C24672-A A24684-T	NA NA	94	5740	0.016376	24623	24696
A24424T T24438+A	S:Q954H NA	94	27462	0.003423	24416	24464
C23525T T23546C T23599G C23604A	S:H655Y S:C662R S:N679K S:P681H	93	48108	0.001933	23508	23629
T25283C	S:C1241R	92	53161	0.001731	25267	25316
T24472-G	NA	92	53991	0.001704	24465	24556
T23599G C23604A A23711G	S:N679K S:P681H S:N717D	91	54338	0.001675	23580	23724
C23525T C23538-AT T23599G C23604A	S:H655Y NA S:N679K S:P681H	91	48108	0.001892	23501	23624
A25137-T	NA	91	44073	0.002065	25130	25147
A23848+T	NA	91	25628	0.003551	23767	23863
T23599G C23604A A23623G	S:N679K S:P681H S:V687V	90	105207	0.000855	23589	23640
C25000T T25072-G	S:D1146D NA	90	5975	0.015063	24995	25083
C23525T A23566G T23599G C23604A	S:H655Y S:A668A S:N679K S:P681H	90	48108	0.001871	23505	23637
A24424T G24488-T	S:Q954H NA	90	27013	0.003332	24412	24505
A23786+T	NA	90	26990	0.003335	23768	23797
C25262-T C25416T	NA ORF3a:F8F	89	2072	0.042954	25251	25429
C24320-A	NA	89	6617	0.01345	24274	24332
C23525T A23544G T23599G C23604A	S:H655Y S:E661G S:N679K S:P681H	89	48108	0.00185	23487	23637
A24684-T	NA	89	5911	0.015057	24639	24698
A21979-T G21987A T21990-TTA A21999-CAA	NA S:G142D S:DEL144 S:DEL147	89	18654	0.004771	21847	22024
T23599G C23604A A23656G	S:N679K S:P681H S:S698S	88	55680	0.00158	23580	23667
C21888-T	NA	88	22827	0.003855	21847	21900
A24424T T24469A C24536-A	S:Q954H S:N969K NA	88	26684	0.003298	24420	24554
A25208+T C25262-T	NA NA	87	43882	0.001983	25130	25292
A25256+T C25262-T	NA NA	86	51534	0.001669	25251	25299
A23598G T23599G C23604A	S:N679R S:N679R S:P681H	86	105398	0.000816	23581	23637
T24643-A	NA	85	32363	0.002626	24620	24654
T23599G C23604A G23699A	S:N679K S:P681H S:A713T	85	54973	0.001546	23580	23700
T22882G T22942G	S:N440K S:N460K	85	7733	0.010992	22871	22967
C25276-A	NA	85	52899	0.001607	25268	25325
A24253-T A24324-AT	NA NA	85	5353	0.015879	24236	24335
A23558-T T23599G C23604A	NA S:N679K S:P681H	85	48699	0.001745	23493	23608
T23637-C	NA	84	106272	0.00079	23630	23642
T23500C C23525T T23599G C23604A	S:R646R S:H655Y S:N679K S:P681H	84	47404	0.001772	23487	23634
G23835+T	NA	84	25635	0.003277	23769	23848
C25000T C25100-A T25191-A	S:D1146D NA NA	84	5216	0.016104	24990	25198
T23599G C23604A C23701T	S:N679K S:P681H S:A713A	83	54886	0.001512	23582	23717
T23599G C23604A C23609-GG	S:N679K S:P681H NA	83	105366	0.000788	23581	23716
C23525T A23588G T23599G C23604A	S:H655Y S:T676A S:N679K S:P681H	82	48108	0.001704	23487	23624
T23584C T23599G C23604A	S:Y674Y S:N679K S:P681H	81	105083	0.000771	23580	23642
T23599G C23604G	S:N679K S:P681R	80	105406	0.000759	23580	23612
T23599G C23604A T23672C	S:N679K S:P681H S:S704P	80	55440	0.001443	23580	23724
T23599G C23604A T23637C	S:N679K S:P681H S:I692T	80	103880	0.00077	23580	23642
T23599G C23604A T23626C	S:N679K S:P681H S:A688A	80	104632	0.000765	23580	23642
T23599G C23604A T23617C	S:N679K S:P681H S:R685R	80	105296	0.00076	23589	23642
T23599G C23604A G23663T	S:N679K S:P681H S:A701S	80	55585	0.001439	23581	23686
T23599G C23604A A23668G	S:N679K S:P681H S:E702E	80	55522	0.001441	23580	23697
G21987A A21999-C	S:G142D NA	80	18659	0.004287	21970	22015
C23525T T23527C T23599G C23604A	S:H655Y S:H655Y S:N679K S:P681H	80	48108	0.001663	23509	23624
T25272C	S:M1237T	79	52720	0.001498	25260	25318
T23599G C23604A C23609T	S:N679K S:P681H S:R683W	79	105366	0.00075	23587	23637
C23525T T23584C T23599G C23604A	S:H655Y S:Y674Y S:N679K S:P681H	79	48108	0.001642	23487	23624
A25274G	S:T1238A	79	52809	0.001496	25270	25325
T23599G C23604A C23635T	S:N679K S:P681H S:S691S	78	104154	0.000749	23587	23642
C23854A G23868-A	S:N764K NA	78	24781	0.003148	23841	23881
C23525T A23531G T23599G C23604A	S:H655Y S:N657D S:N679K S:P681H	78	48108	0.001621	23487	23634
T25319C	S:C1253R	77	54604	0.00141	25300	25325
G23486-T C23525T	NA S:H655Y	77	17807	0.004324	23443	23539
C23525T A23592G T23599G C23604A	S:H655Y S:Q677R S:N679K S:P681H	77	48108	0.001601	23492	23624
T25312C	S:C1250C	76	54647	0.001391	25294	25323
T25268C	S:C1236R	75	52481	0.001429	25251	25275
T24492-A C24536-A	NA NA	75	55462	0.001352	24483	24554
C23525T T23599G C23604A T23626C	S:H655Y S:N679K S:P681H S:A688A	75	47511	0.001579	23498	23637
C23525T T23599G C23604A T23617C	S:H655Y S:N679K S:P681H S:R685R	75	48067	0.00156	23487	23642
T25322C	S:C1254R	74	54399	0.00136	25301	25325
T23599G C23604A T23697C	S:N679K S:P681H S:I712T	74	55018	0.001345	23580	23700
T23599G C23604A A23674G	S:N679K S:P681H S:S704S	74	55410	0.001335	23580	23699
G22813T T22882G G22898A	S:K417N S:N440K S:G446S	74	9929	0.007453	22796	22906
T25191-A G25218-T C25262-T	NA NA NA	73	40854	0.001787	25130	25310
T23689-A	NA	73	84379	0.000865	23683	23703
T23599G C23604A T23622C	S:N679K S:P681H S:V687A	73	105237	0.000694	23581	23642
C25262-T G25364-T	NA NA	73	2748	0.026565	25251	25372
C23525T T23599G C23604A T23629C	S:H655Y S:N679K S:P681H S:S689S	73	47432	0.001539	23493	23637
C23525T T23553C T23599G C23604A	S:H655Y S:I664T S:N679K S:P681H	73	48108	0.001517	23487	23624
A23432+C	NA	73	29765	0.002453	23342	23439
T23599G C23604A T23645C	S:N679K S:P681H S:Y695H	72	55820	0.00129	23590	23715
C23525T A23586G T23599G C23604A	S:H655Y S:Q675R S:N679K S:P681H	72	48108	0.001497	23509	23624
T25293C	S:L1244P	71	53579	0.001325	25270	25325
T25140+A C25262-T	NA NA	71	35719	0.001988	25130	25324
T23599G C23604A T23676C	S:N679K S:P681H S:V705A	71	55383	0.001282	23581	23699
T23599G C23604A T23658C	S:N679K S:P681H S:L699P	71	55643	0.001276	23580	23670
C23525T T23590C T23599G C23604A	S:H655Y S:T676T S:N679K S:P681H	71	48108	0.001476	23487	23623
C23525T T23537C T23599G C23604A	S:H655Y S:S659P S:N679K S:P681H	71	48108	0.001476	23505	23637
T23599G C23604A A23646G	S:N679K S:P681H S:Y695C	70	55805	0.001254	23581	23700
A24424T T24438+A T24469A	S:Q954H NA S:N969Q	70	27137	0.00258	24412	24476
T23599G C23604A G23612A	S:N679K S:P681H S:A684T	69	105344	0.000655	23581	23621
G23768-T C23887-A	NA NA	69	21546	0.003202	23767	23895
G23522-A C23525T	NA S:H655Y	69	68552	0.001007	23512	23539
G22813T T22882G G22895C	S:K417N S:N440K S:V445L	69	12555	0.005496	22809	22906
C23525T T23599G C23604G	S:H655Y S:N679K S:P681R	69	48108	0.001434	23519	23624
C23496T C23525T T23599G C23604A	S:T645I S:H655Y S:N679K S:P681H	69	47190	0.001462	23489	23640
A23712-T	NA	69	84167	0.00082	23705	23724
A21979-T G21987A T21990-TTA	NA S:G142D S:DEL144	69	22334	0.003089	21847	22017
T25304C	S:C1248R	68	54265	0.001253	25295	25325
T23693C C23854A	S:S711P S:N764K	68	19172	0.003547	23683	23873
T23599G C23604A T23641-G	S:N679K S:P681H NA	68	102934	0.000661	23581	23652
T23599G C23604A A23651G	S:N679K S:P681H S:M697V	68	55736	0.00122	23590	23717
C24517-A	NA	68	56563	0.001202	24503	24525
C23525T A23572G T23599G C23604A	S:H655Y S:I670M S:N679K S:P681H	68	48108	0.001413	23487	23624
C23525T A23554G T23599G C23604A	S:H655Y S:I664M S:N679K S:P681H	68	48108	0.001413	23507	23624
C22109G C22120-A T22200A	S:Q183E NA S:V213E	68	3552	0.019144	22105	22211
A25216-G	NA	68	46111	0.001475	25208	25281
T25301C	S:C1247R	67	54018	0.00124	25271	25316
T23599G C23604A A23696-T	S:N679K S:P681H NA	67	55035	0.001217	23581	23720
T23511-A C23525T T23599G C23604A	NA S:H655Y S:N679K S:P681H	67	47903	0.001399	23502	23642
T25265C	S:C1235R	66	52280	0.001262	25251	25314
T23599G C23604A A23648G	S:N679K S:P681H S:T696A	66	55771	0.001183	23581	23724
T23509C C23525T T23599G C23604A	S:C649C S:H655Y S:N679K S:P681H	66	47869	0.001379	23487	23624
T23489C C23525T T23599G C23604A	S:F643L S:H655Y S:N679K S:P681H	66	46818	0.00141	23486	23624
T21990-TTA	S:DEL144	66	22339	0.002954	21974	22003
A25315G	S:G1251G	66	54698	0.001207	25309	25317
A24495G	S:N978S	66	56586	0.001166	24490	24503
A23493G C23525T T23599G C23604A	S:Q644R S:H655Y S:N679K S:P681H	66	47072	0.001402	23488	23637
T25307C	S:S1249P	65	54471	0.001193	25264	25325
T25291C	S:C1243C	65	53477	0.001215	25252	25324
T23599G C23604A T23633C	S:N679K S:P681H S:S691P	65	104313	0.000623	23581	23642
T23599G C23604A A23614G	S:N679K S:P681H S:A684A	65	105329	0.000617	23582	23624
G23501A C23525T T23599G C23604A	S:A647T S:H655Y S:N679K S:P681H	65	47445	0.00137	23487	23629
C23525T A23534G T23599G C23604A	S:H655Y S:N658D S:N679K S:P681H	65	48108	0.001351	23501	23624
A25253G	S:T1231A	65	51434	0.001264	25247	25324
C24026-T	NA	64	3672	0.017429	24021	24037
C23525T T23599G C23604A A23631G	S:H655Y S:N679K S:P681H S:Q690R	64	47351	0.001352	23501	23637
C23525T C23533T T23599G C23604A	S:H655Y S:N657N S:N679K S:P681H	64	48108	0.00133	23510	23624
A23403G A23432+C	S:D614G NA	64	28318	0.00226	23345	23440
A21875+T	NA	64	22759	0.002812	21866	21891
C23525T T23599G C23604A A23639-T	S:H655Y S:N679K S:P681H NA	63	46341	0.001359	23508	23642
C23525T C23533-A T23599G C23604A	S:H655Y NA S:N679K S:P681H	63	48108	0.00131	23487	23622
C23525T A23526G T23599G C23604A	S:H655C S:H655C S:N679K S:P681H	63	48108	0.00131	23501	23624
A24922+T C24981-T C25000T	NA NA S:D1146S	63	17247	0.003653	24878	25017
A24803-T	NA	63	7968	0.007907	24763	24806
T23599G C23604A G23610A	S:N679K S:P681H S:R683Q	62	105354	0.000588	23580	23615
T23599G C23604A A23688G	S:N679K S:P681H S:N709S	62	55200	0.001123	23580	23724
T23582C T23599G C23604A	S:Y674H S:N679K S:P681H	62	105001	0.00059	23580	23642
T21976-C G21987A T21990-TTA C22000A	NA S:G142D S:DEL144 S:H146Q	62	18650	0.003324	21967	22058
G22813T T22882G G22895C T22896C G22898A A22911T T22942G	S:K417N S:N440K S:V445P S:V445P S:G446S S:N450I S:N460K	62	6498	0.009541	22809	22944
C25262-TT	NA	62	51984	0.001193	25251	25274
C24536-AA	NA	62	56348	0.0011	24525	24563
C23525T T23599G C23604A A23623G	S:H655Y S:N679K S:P681H S:V687V	62	48038	0.001291	23504	23637
C23230-A	NA	62	2102	0.029496	23205	23242
A24424T C24536-A	S:Q954H NA	62	26684	0.002323	24412	24557
T25280C	S:C1240R	61	53090	0.001149	25267	25319
T23599G C23604A A23690G	S:N679K S:P681H S:N710D	61	55158	0.001106	23581	23708
T23507C C23525T T23599G C23604A	S:C649R S:H655Y S:N679K S:P681H	61	47796	0.001276	23487	23633
G25177+A	NA	61	46282	0.001318	25170	25210
T25310C	S:C1250R	60	54583	0.001099	25295	25320
T24438+A	NA	60	28274	0.002122	24428	24453
G23835-T C23854A	NA S:N764K	60	24538	0.002445	23825	23873
G23501T C23525T T23599G C23604A	S:A647S S:H655Y S:N679K S:P681H	60	47445	0.001265	23493	23639
C23887A A23888C	S:D775E S:K776Q	60	24460	0.002453	23877	23894
C23525T T23599G C23604A T23637C	S:H655Y S:N679K S:P681H S:I692T	60	46954	0.001278	23500	23640
T25270C	S:C1236C	59	52608	0.001122	25251	25312
T23599G C23604A T23681C	S:N679K S:P681H S:Y707H	59	55305	0.001067	23580	23705
T23599G C23604A A23687G	S:N679K S:P681H S:N709D	59	55212	0.001069	23592	23724
T23143-A	NA	59	2199	0.02683	23093	23159
G25249A	S:M1229I	59	48247	0.001223	25244	25256
C23525T C23575T T23599G C23604A	S:H655Y S:C671C S:N679K S:P681H	59	48108	0.001226	23508	23641
A23494G C23525T T23599G C23604A	S:Q644Q S:H655Y S:N679K S:P681H	59	47161	0.001251	23488	23637
T25260C	S:M1233T	58	51826	0.001119	25256	25320
T23599G C23604A C23700T	S:N679K S:P681H S:A713V	58	54956	0.001055	23580	23724
T23599G C23604A A23708G	S:N679K S:P681H S:T716A	58	54434	0.001066	23580	23717
T23599G C23604A A23639G	S:N679K S:P681H S:I693V	58	103215	0.000562	23581	23642
G21987A T21991-TA C22000A	S:G142D NA S:H146Q	58	18659	0.003108	21976	22058
C24150+T	NA	58	6525	0.008889	24148	24167
C23525T A23552G T23599G C23604A	S:H655Y S:I664V S:N679K S:P681H	58	48108	0.001206	23492	23624
A25176G	S:K1205R	58	46287	0.001253	25164	25181
A24677G	S:R1039G	58	31711	0.001829	24673	24679
A23738+T	NA	58	24245	0.002392	23683	23749
A21875-T A21979-T G21987A A21993-TTACC A21999C	NA NA S:G142D NA S:H146P	58	14757	0.00393	21867	22019
T23599G C23604A T23695C	S:N679K S:P681H S:S711S	57	55050	0.001035	23580	23704
T23599G C23604A A23618G	S:N679K S:P681H S:S686G	57	105289	0.000541	23580	23640
T22896C G22898A T22942G	S:V445A S:G446S S:N460K	57	7763	0.007343	22886	22949
G25278-T	NA	57	53008	0.001075	25267	25288
C23525T T23599G C23604A G23624A	S:H655Y S:N679K S:P681H S:A688T	57	48010	0.001187	23487	23637
C23525T A23532G T23599G C23604A	S:H655Y S:N657S S:N679K S:P681H	57	48108	0.001185	23487	23633
A23627-G	NA	57	106440	0.000536	23620	23642
A23362+C	NA	57	33499	0.001702	23339	23369
T23599G C23604A T23641C	S:N679K S:P681H S:I693I	56	102934	0.000544	23581	23700
G23364-A A23403G	NA S:D614G	56	28947	0.001935	23336	23438
C24981-T C25000T A25026-T	NA S:D1146D NA	56	17383	0.003222	24850	25042
C23525T G23580A T23599G C23604A	S:H655Y S:S673N S:N679K S:P681H	56	48108	0.001164	23497	23629
A25174G	S:G1204G	56	46186	0.001212	25162	25210
A24424T C24466+A	S:Q954H NA	56	27152	0.002062	24418	24480
T25303C	S:C1247C	55	54141	0.001016	25271	25325
T23599G C23604A G23666+A	S:N679K S:P681H NA	55	55545	0.00099	23587	23705
T23599G C23604A A23691G	S:N679K S:P681H S:N710S	55	55131	0.000998	23580	23710
C23859+T	NA	55	25499	0.002157	23767	23869
C23525T T23590-C T23599G C23604A	S:H655Y NA S:N679K S:P681H	55	48108	0.001143	23503	23624
T25306C	S:C1248C	54	54392	0.000993	25269	25325
T23742-A	NA	54	24120	0.002239	23693	23750
T23599G C23604A A23720G	S:N679K S:P681H S:I720V	54	54051	0.000999	23580	23724
T23394C A23403G C23525T	S:L611P S:D614G S:H655Y	54	15627	0.003456	23389	23532
G25284-T	NA	54	53188	0.001015	25277	25325
G22813T T22882G G22895C T22896C G22898A T22942G A22948-C	S:K417N S:N440K S:V445P S:V445P S:G446S S:N460K NA	54	6257	0.00863	22800	22966
G22813T T22882G G22895C T22896C	S:K417N S:N440K S:V445P S:V445P	54	9929	0.005439	22793	22904
C22109G C22120-A T22200A G22317T	S:Q183E NA S:V213E S:G252V	54	2224	0.024281	22103	22319
A23495G C23525T T23599G C23604A	S:T645A S:H655Y S:N679K S:P681H	54	47173	0.001145	23487	23642
T25257C	S:I1232T	53	51680	0.001026	25251	25264
G25305-T	NA	53	54317	0.000976	25298	25324
C23525T T23581C T23599G C23604A	S:H655Y S:S673S S:N679K S:P681H	53	48108	0.001102	23501	23637
C23525T A23539G T23599G C23604A	S:H655Y S:S659S S:N679K S:P681H	53	48108	0.001102	23508	23629
A25271T	S:M1237L	53	52658	0.001006	25213	25320
A24956-T C25000T	NA S:D1146D	53	17694	0.002995	24936	25066
A23597G T23599G C23604A	S:N679E S:N679E S:P681H	53	105398	0.000503	23581	23641
T25264C	S:L1234L	52	52211	0.000996	25251	25325
T23599G C23604A G23608A	S:N679K S:P681H S:R682R	52	105370	0.000493	23580	23642
T23599G C23604A C23613T	S:N679K S:P681H S:A684V	52	105341	0.000494	23580	23642
A25295G	S:K1245E	52	53677	0.000969	25293	25323
A24667G	S:G1035G	52	31955	0.001627	24642	24679
T25316C	S:S1252P	51	54698	0.000932	25294	25324
T24514C	S:L984L	51	56572	0.000902	24497	24523
T22882G G22898A T22942G	S:N440K S:G446S S:N460K	51	7733	0.006595	22876	22947
C24981-T C25000T A25056-T	NA S:D1146D NA	51	17044	0.002992	24850	25066
C23525T T23582C T23599G C23604A	S:H655Y S:Y674H S:N679K S:P681H	51	48108	0.00106	23496	23631
A23524G C23525T T23599G C23604A	S:E654E S:H655Y S:N679K S:P681H	51	48107	0.00106	23492	23624
A21917-T G21987A T21990-TTA C22000A	NA S:G142D S:DEL144 S:H146Q	51	15593	0.003271	21909	22058
T25309C	S:S1249S	50	54546	0.000917	25302	25320
T25237C	S:I1225I	50	47905	0.001044	25218	25325
T23599G C23604A G23678A	S:N679K S:P681H S:A706T	50	55346	0.000903	23581	23717
T23599G C23604A A23632G	S:N679K S:P681H S:Q690Q	50	104348	0.000479	23580	23642
G25311-T	NA	50	54612	0.000916	25288	25320
G23364-A C23525T	NA S:H655Y	50	14626	0.003419	23354	23539
G22813T G22895C T22896C G22898A T22942G	S:K417N S:V445P S:V445P S:G446S S:N460K	50	6498	0.007695	22793	22949
G22813T G22895C T22896C G22898A	S:K417N S:V445P S:V445P S:G446S	50	9929	0.005036	22793	22906
G21901-A	NA	50	23035	0.002171	21847	21911
C23525T T23599G C23604A C23606T	S:H655Y S:N679K S:P681H S:R682W	50	48096	0.00104	23505	23634
C23525T T23599G C23604A A23639G	S:H655Y S:N679K S:P681H S:I693V	50	46341	0.001079	23520	23642
A24479-T	NA	50	55617	0.000899	24476	24499
T23394C A23403G	S:L611P S:D614G	49	30068	0.00163	23386	23423
G23868-A	NA	49	25421	0.001928	23860	23873
G23835-T	NA	49	25635	0.001911	23767	23850
G21987A T21990-TTA A21999-CAA	S:G142D S:DEL144 S:DEL147	49	18659	0.002626	21959	22024
C23525T T23599G C23604A G23610A	S:H655Y S:N679K S:P681H S:R683Q	49	48090	0.001019	23487	23641
A23403G T23485C C23525T	S:D614G S:N641N S:H655Y	49	16015	0.00306	23389	23532
T23599G C23604A G23624A	S:N679K S:P681H S:A688T	48	105163	0.000456	23581	23642
G25130-C	NA	48	42196	0.001138	25122	25210
G22813T T22882G G22898A T22942G	S:K417N S:N440K S:G446S S:N460K	48	6498	0.007387	22801	22945
C24455-A	NA	48	28317	0.001695	24434	24485
C23525T T23599G C23604A A23614G	S:H655Y S:N679K S:P681H S:A684A	48	48079	0.000998	23488	23637
C23525T A23541-T T23599G C23604A	S:H655Y NA S:N679K S:P681H	48	48108	0.000998	23509	23633
C23393+T	NA	48	31262	0.001535	23336	23411
A23786-T	NA	48	26990	0.001778	23767	23798
A23403G T23434-C C23525T	S:D614G NA S:H655Y	48	16015	0.002997	23398	23539
T25251C	S:V1230A	47	48347	0.000972	25222	25325
T25129C	S:V1189V	47	42028	0.001118	25122	25143
T23817C C23854A	S:L752P S:N764K	47	24089	0.001951	23683	23893
T23599G C23604A G23663A	S:N679K S:P681H S:A701T	47	55585	0.000846	23580	23706
T23599G C23604A C23615T	S:N679K S:P681H S:R685C	47	105324	0.000446	23580	23642
T23581C T23599G C23604A	Unknown S:N679K S:P681H	47	104405	0.00045	23580	23641
T21934-A T21990-TTA C22000A	NA S:DEL144 S:H146Q	47	15887	0.002958	21918	22058
G22813T T22882G G22895C T22896C G22898A A22911T	S:K417N S:N440K S:V445P S:V445P S:G446S S:N450I	47	9466	0.004965	22793	22916
C25214+G	NA	47	45448	0.001034	25207	25325
C23854A A23869G	S:N764K S:G769G	47	24729	0.001901	23830	23881
C23525T T23599G C23604A A23636G	S:H655Y S:N679K S:P681H S:I692V	47	47017	0.001	23501	23642
C23525T C23530-A C23533G T23599G C23604A	S:H655Y NA S:N657K S:N679K S:P681H	47	48108	0.000977	23487	23638
C21978A G21987A T21990-TTA C22000A	S:P139Q S:G142D S:DEL144 S:H146Q	47	18653	0.00252	21959	22054
A25146G	S:E1195G	47	44732	0.001051	25133	25176
A24424T T24469A C24536-AA	S:Q954H S:N969K NA	47	26684	0.001761	24412	24564
A24424T T24451+A	S:Q954H NA	47	27314	0.001721	24415	24468
T25228C	S:A1222A	46	47604	0.000966	25217	25324
T25148+A	NA	46	44751	0.001028	25141	25198
T23434-C C23525T	NA S:H655Y	46	17157	0.002681	23427	23539
G24611+A	NA	46	26730	0.001721	24476	24634
G24521+T	NA	46	56523	0.000814	24473	24530
G23835+T C23887-A	NA NA	46	22644	0.002031	23767	23895
G23804-A C23854A	NA S:N764K	46	23909	0.001924	23797	23895
G21987A G21989A T21990G T21991-TA C22000A	S:G142D S:V143S S:V143S NA S:H146Q	46	18659	0.002465	21970	22058
C23525T T23599G C23604A G23621T G23624T	S:H655Y S:N679K S:P681H S:V687L S:A688S	46	48010	0.000958	23487	23642
C23525T A23598G T23599G C23604A	S:H655Y S:N679R S:N679R S:P681H	46	48108	0.000956	23487	23625
A24673G	S:S1037S	46	31798	0.001447	24612	24679
A24110-T C24119-A	NA NA	46	2774	0.016583	24027	24137
A23403G G23522-A C23525T	S:D614G NA S:H655Y	46	16015	0.002872	23397	23532
A21979-T G21987A	NA S:G142D	46	22829	0.002015	21951	22024
T25219C	S:G1219G	45	46611	0.000965	25131	25261
T23693C	S:S711P	45	84490	0.000533	23683	23710
T23599G C23604A G23661A	S:N679K S:P681H S:G700D	45	55596	0.000809	23580	23724
G23735+A	NA	45	24316	0.001851	23693	23745
G23522+A C23525T T23599G C23604A	NA S:H655S S:N679* S:P681Y	45	48106	0.000935	23487	23637
G22813T T22882G T22942G	S:K417N S:N440K S:N460K	45	6498	0.006925	22797	22947
G21969-T G21987A T21990-TTA A21999-C	NA S:G142D S:DEL144 NA	45	18383	0.002448	21959	22058
C25239T	S:A1226V	45	47948	0.000939	25217	25325
C25199T	S:P1213S	45	48517	0.000928	25192	25210
C25184T	S:Q1208*	45	47089	0.000956	25177	25194
C24899-A	NA	45	20898	0.002153	24858	24910
C23709-A	NA	45	84299	0.000534	23702	23722
C23525T T23599G C23604A G23619-T	S:H655Y S:N679K S:P681H NA	45	48062	0.000936	23508	23624
C23525T C23557T T23599G C23604A	S:H655Y S:P665P S:N679K S:P681H	45	48108	0.000935	23488	23642
C23525T A23535G T23599G C23604A	S:H655Y S:N658S S:N679K S:P681H	45	48108	0.000935	23492	23624
A25182G G25198-C	S:E1207G NA	45	46262	0.000973	25154	25210
A24110-T G24140-T	NA NA	45	2553	0.017626	24027	24153
A23503G C23525T T23599G C23604A	S:A647A S:H655Y S:N679K S:P681H	45	47634	0.000945	23487	23614
A21993-TTACC A21999C	NA S:H146P	45	18661	0.002411	21962	22018
A21875-T G21987A	NA S:G142D	45	18926	0.002378	21870	21992
T25306-TC	NA	44	54392	0.000809	25284	25320
T25233C	S:L1224S	44	47795	0.000921	25225	25324
T23599G T23602-C C23604A	S:N679K NA S:P681H	44	105406	0.000417	23581	23724
T23599G C23604A T23677C	S:N679K S:P681H S:V705V	44	55373	0.000795	23580	23700
T23599G C23604A C23634T	S:N679K S:P681H S:S691F	44	104283	0.000422	23580	23642
T23278-A A23403G	NA S:D614G	44	10563	0.004165	23270	23429
C23525T T23573C T23599G C23604A	S:H655Y S:C671R S:N679K S:P681H	44	48108	0.000915	23487	23624
C23525T G23576A T23599G C23604A	S:H655Y S:A672T S:N679K S:P681H	44	48108	0.000915	23494	23642
A25271G	S:M1237V	44	52658	0.000836	25254	25324
A25176G C25262-T	S:K1205R NA	44	38650	0.001138	25130	25324
A23497G C23525T T23599G C23604A	S:T645T S:H655Y S:N679K S:P681H	44	47228	0.000932	23487	23642
T23599G C23604A T23703C	S:N679K S:P681H S:I714T	43	54645	0.000787	23580	23705
T23599G C23604A C23706T	S:N679K S:P681H S:P715L	43	54575	0.000788	23580	23724
T22882G G22898A	S:N440K S:G446S	43	11239	0.003826	22876	22906
T21934-A T21990-TTA A21999-C	NA S:DEL144 NA	43	15887	0.002707	21918	22024
G25323A	S:C1254Y	43	54384	0.000791	25311	25325
G24992-A C25000T	NA S:D1146D	43	24513	0.001754	24990	25036
G23519A C23525T T23599G C23604A	S:A653T S:H655Y S:N679K S:P681H	43	48063	0.000895	23487	23625
G22317T G22403-A	S:G252V NA	43	1433	0.030007	22256	22414
C24517-A C24672-A	NA NA	43	25494	0.001687	24489	24679
C23816-T C23887-A	NA NA	43	22166	0.00194	23767	23895
C23525T T23563+C T23599G C23604A	S:H655Y NA S:N679* S:P681Y	43	48108	0.000894	23499	23624
C23525T A23570G T23599G C23604A	S:H655Y S:I670V S:N679K S:P681H	43	48108	0.000894	23492	23641
A25241G	S:I1227V	43	47989	0.000896	25205	25307
A22914-C T22942G	NA S:N460K	43	8276	0.005196	22906	22967
A21999-C	NA	43	20256	0.002123	21991	22015
T25171-G	NA	42	45982	0.000913	25164	25200
T23599G C23604A A23670G	S:N679K S:P681H S:N703S	42	55496	0.000757	23580	23700
T22882G T22896C G22898A	S:N440K S:V445A S:G446S	42	11239	0.003737	22877	22915
T21886-A G21987A T21990-TTA C22000A	NA S:G142D S:DEL144 S:H146Q	42	14906	0.002818	21850	22058
G25230A	S:G1223D	42	47668	0.000881	25224	25324
G24971+T C25000T	NA S:D1146S	42	17957	0.002339	24910	25012
C25262-T A25327-T	NA NA	42	3018	0.013917	25251	25354
C25000T T25072-G C25100-A	S:D1146D NA NA	42	5698	0.007371	24990	25126
C23525T T23599G C23604A T23622C	S:H655Y S:N679K S:P681H S:V687A	42	48047	0.000874	23487	23642
C23525T T23569C T23599G C23604A	S:H655Y S:G669G S:N679K S:P681H	42	48108	0.000873	23504	23637
C23525T C23555T T23599G C23604A	S:H655Y S:P665S S:N679K S:P681H	42	48108	0.000873	23501	23634
A25175G	S:K1205E	42	46276	0.000908	25163	25179
A23796+T	NA	42	26806	0.001567	23770	23806
A23720+T	NA	42	83662	0.000502	23684	23729
A23523G C23525T T23599G C23604A	S:E654G S:H655Y S:N679K S:P681H	42	48106	0.000873	23501	23624
T25285C A25286T	S:C1241C S:S1242C	41	53218	0.00077	25273	25325
T25140+A	NA	41	44212	0.000927	25130	25150
T23599G C23604A C23625T	S:N679K S:P681H S:A688V	41	105143	0.00039	23580	23640
T23510C C23525T T23599G C23604A	S:L650L S:H655Y S:N679K S:P681H	41	47894	0.000856	23505	23634
T23491C C23525T T23599G C23604A	S:F643F S:H655Y S:N679K S:P681H	41	46864	0.000875	23486	23637
T22882G T22896C G22898A A22914-C T22942G	S:N440K S:V445A S:G446S NA S:N460K	41	7733	0.005302	22869	22948
G25320A	S:C1253Y	41	54567	0.000751	25291	25325
G23402-A	NA	41	30502	0.001344	23372	23411
C23525T A23526-T T23599G C23604A	S:H655Y NA S:N679K S:P681H	41	48108	0.000852	23488	23642
C23399+T C23525T	NA S:H655S	41	15971	0.002567	23339	23539
C23103-T	NA	41	2188	0.018739	23089	23128
A25255G	S:T1231T	41	51540	0.000795	25236	25325
A25137+T C25262-T	NA NA	41	35605	0.001152	25126	25292
A23696-T	NA	41	84593	0.000485	23686	23707
T23599G T23602-C T23605A	S:N679K NA S:P681P	40	105373	0.00038	23580	23635
T23599G C23604A C23643T	S:N679K S:P681H S:A694V	40	101755	0.000393	23580	23671
G25299T	S:G1246V	40	53906	0.000742	25276	25307
G22813T T22882G G22895C G22898A T22900-G	S:K417N S:N440K S:V445L S:G446S NA	40	9929	0.004029	22793	22914
C25000T A25056-T	S:D1146D NA	40	23368	0.001712	24990	25065
C24503-T C24672-A	NA NA	40	25348	0.001578	24489	24679
C23525T T23599G C23604A G23621A	S:H655Y S:N679K S:P681H S:V687I	40	48054	0.000832	23487	23624
C23525T T23599G C23604A G23608A	S:H655Y S:N679K S:P681H S:R682R	40	48095	0.000832	23498	23624
C23525T G23593-ACTAAT C23604A	S:H655Y S:DEL678/679 S:P681H	40	48108	0.000831	23506	23642
C23525T C23565-AGGT T23599G C23604A	S:H655Y NA S:N679K S:P681H	40	48108	0.000831	23487	23642
A25133G	S:K1191E	40	43664	0.000916	25125	25159
A23403G A23474+T C23525T	S:D614G NA S:H655S	40	16015	0.002498	23399	23539
T25245-A	NA	39	48123	0.00081	25230	25325
T25161C	S:L1200P	39	45664	0.000854	25147	25164
T23689+A	NA	39	84379	0.000462	23683	23705
T23599G C23604A C23609-G	S:N679K S:P681H NA	39	105366	0.00037	23580	23642
T21632-TACCCCCTG	S:DEL25/27	39	548	0.071168	21604	21657
G25261A	S:M1233I	39	51913	0.000751	25251	25264
C24119-A G24140-T	NA NA	39	2885	0.013518	24111	24159
C23525T A23541G T23599G C23604A	S:H655Y S:Y660C S:N679K S:P681H	39	48108	0.000811	23487	23642
C23492-AA C23496T C23525T T23599G C23604A	NA S:T645I S:H655Y S:N679K S:P681H	39	46887	0.000832	23487	23637
C23399-A A23403G C23525T	NA S:D614G S:H655Y	39	15971	0.002442	23391	23539
A24885+T	NA	39	20997	0.001857	24858	24897
T25415-C	NA	38	5388	0.007053	25383	25471
T25248C	S:M1229T	38	48201	0.000788	25224	25325
T25150C	S:S1196S	38	44888	0.000847	25141	25160
T24660+A	NA	38	32114	0.001183	24612	24667
T24469A G24488-T	S:N969K NA	38	50334	0.000755	24465	24509
G22014-T	NA	38	22331	0.001702	22007	22058
C25262-T T25310C	NA S:C1250R	38	51563	0.000737	25251	25325
C23854A A23880G	S:N764K S:E773G	38	24089	0.001577	23786	23895
C23525T T23599G C23604A C23625T	S:H655Y S:N679K S:P681H S:A688V	38	48002	0.000792	23505	23638
C23525T T23599G C23604A C23609T	S:H655Y S:N679K S:P681H S:R683W	38	48093	0.00079	23487	23624
C23525T T23578C T23599G C23604A	S:H655Y S:A672A S:N679K S:P681H	38	48108	0.00079	23506	23637
C23525T T23560C T23599G C23604A	S:H655Y S:I666I S:N679K S:P681H	38	48108	0.00079	23516	23625
C23393-T A23403G C23525T	NA S:D614G S:H655Y	38	15589	0.002438	23385	23532
A24525G	S:E988G	38	56495	0.000673	24510	24563
A24468-T	NA	38	50492	0.000753	24465	24489
A23848+T C23887-A	NA NA	38	23429	0.001622	23767	23895
A23786+T C23887-A	NA NA	38	21697	0.001751	23767	23895
A23497-C C23525T T23599G C23604A	NA S:H655Y S:N679K S:P681H	38	47228	0.000805	23488	23638
T25319G	S:C1253G	37	54604	0.000678	25232	25324
T25221C	S:F1220S	37	47101	0.000786	25164	25325
T25155C	S:I1198T	37	45417	0.000815	25151	25182
T23599G C23604A T23671C	S:N679K S:P681H S:N703N	37	55460	0.000667	23580	23698
T23599G C23604A A23682G	S:N679K S:P681H S:Y707C	37	55296	0.000669	23580	23700
T23487C C23525T T23599G C23604A	Unknown S:H655Y S:N679K S:P681H	37	30386	0.001218	23486	23624
T22882G G22895C G22898A T22942G	S:N440K S:V445L S:G446S S:N460K	37	7733	0.004785	22877	22954
T22882G G22895C	S:N440K S:V445L	37	13869	0.002668	22877	22906
G25091+A	NA	37	5922	0.006248	25065	25210
G23499A C23525T T23599G C23604A	S:R646H S:H655Y S:N679K S:P681H	37	47343	0.000782	23487	23629
G21898-A G21987A T21990-TTA C22000A	NA S:G142D S:DEL144 S:H146Q	37	15171	0.002439	21890	22058
C25163-A	NA	37	45700	0.00081	25151	25185
C23709+A	NA	37	84299	0.000439	23686	23719
C23525T T23599G C23604A A23632T	S:H655Y S:N679K S:P681H S:Q690H	37	47330	0.000782	23516	23637
C23525T T23560-G T23599G C23604A	S:H655Y NA S:N679K S:P681H	37	48108	0.000769	23487	23624
C22109G C22120-A	S:Q183E NA	37	3941	0.009388	22105	22132
A22914-C	NA	37	11082	0.003339	22907	22926
T25232C	S:L1224L	36	47762	0.000754	25209	25242
T25202-G	NA	36	49071	0.000734	25192	25210
T24763C	S:Y1067Y	36	8054	0.00447	24732	24788
T23599G C23604A T23686C	S:N679K S:P681H S:S708S	36	55228	0.000652	23580	23724
T23599G C23604A A23670+T	S:N679K S:P681H NA	36	55496	0.000649	23581	23683
T23599G C23604A A23627G	S:N679K S:P681H S:S689G	36	104557	0.000344	23580	23724
T23507-GT C23525T T23599G C23604A	NA S:H655Y S:N679K S:P681H	36	47796	0.000753	23491	23639
T23488C C23525T T23599G C23604A	Unknown S:H655Y S:N679K S:P681H	36	46732	0.00077	23487	23642
T22882G G22895C T22896C G22898A T22900-G	S:N440K S:V445P S:V445P S:G446S NA	36	11239	0.003203	22793	22914
G23505A C23525T T23599G C23604A	S:G648D S:H655Y S:N679K S:P681H	36	47694	0.000755	23501	23626
G22813T T22831+A T22882G	S:K417N NA S:N440Q	36	13468	0.002673	22807	22889
G22813T G22895C G22898A	S:K417N S:V445L S:G446S	36	9929	0.003626	22797	22906
C25262-T T25291C	NA S:C1243C	36	51768	0.000695	25251	25325
C25000T A25026-T	S:D1146D NA	36	23867	0.001508	24990	25041
C23887A A23888C G23948T	S:D775E S:K776Q S:D796Y	36	2793	0.012889	23878	23978
C23799-A C23854A	NA S:N764K	36	23803	0.001512	23792	23879
C23525T T23599G C23604A T23633C	S:H655Y S:N679K S:P681H S:S691P	36	47309	0.000761	23487	23634
C23525T T23599G C23604A A23618G	S:H655Y S:N679K S:P681H S:S686G	36	48064	0.000749	23487	23634
C23525T T23596C T23599G C23604A	S:H655Y S:T678T S:N679K S:P681H	36	48108	0.000748	23500	23622
C23525T C23557-A T23599G C23604A	S:H655Y NA S:N679K S:P681H	36	48108	0.000748	23492	23634
A25327-T	NA	36	3487	0.010324	25291	25338
A25190+G	NA	36	47449	0.000759	25183	25325
A25125G	S:E1188G	36	41557	0.000866	25122	25151
A24610G	S:A1016A	36	26731	0.001347	24473	24676
A24516G	S:D985G	36	56552	0.000637	24497	24564
A24424T G24434T T24469A	S:Q954H S:A958S S:N969K	36	27137	0.001327	24412	24519
A23598+G C23604A	NA S:P681Y	36	105398	0.000342	23589	23626
A23515+G T23599G C23604A	NA S:N679* S:P681Y	36	47978	0.00075	23487	23624
A21958-T G21987A	NA S:G142D	36	21713	0.001658	21921	21992
A21875+T G21987A	NA S:G142E	36	18926	0.001902	21847	21992
T25161-C	NA	35	45664	0.000766	25151	25178
T24643-A C24672-A	NA NA	35	31693	0.001104	24625	24679
T24643+A	NA	35	32363	0.001081	24626	24655
T24492+A	NA	35	56609	0.000618	24482	24505
T24489C	S:V976A	35	56505	0.000619	24483	24506
T23599G C23604A C23606T	S:N679K S:P681H S:R682W	35	105371	0.000332	23580	23642
T23599G C23604A A23704+C	S:N679K S:P681H NA	35	54613	0.000641	23581	23716
T23599G C23604A A23667G	S:N679K S:P681H S:E702G	35	55535	0.00063	23580	23700
T23346C	S:V595A	35	33713	0.001038	23335	23355
G24992-A	NA	35	24680	0.001418	24990	25068
G23761-A	NA	35	23845	0.001468	23683	23772
G22813T T22882G G22895C T22896C G22898A G22933+T	S:K417N S:N440K S:V445P S:V445P S:G446S NA	35	7882	0.00444	22808	22940
C25321T	S:C1253C	35	54560	0.000641	25251	25325
C24896T C25000T	S:P1112S S:D1146D	35	17046	0.002053	24877	25061
C24026-T A24110-T	NA NA	35	2450	0.014286	24021	24121
C23854A T23916+A G23948T	S:N764K NA S:D796*	35	2537	0.013796	23845	23978
C23525T T23599G C23604A G23612A	S:H655Y S:N679K S:P681H S:A684T	35	48087	0.000728	23492	23641
C23525T T23571C T23599G C23604A	S:H655Y S:I670T S:N679K S:P681H	35	48108	0.000728	23487	23642
C23525T A23579G T23599G C23604A	S:H655Y S:S673G S:N679K S:P681H	35	48108	0.000728	23487	23634
C22109G T22200A G22218-T G22317T	S:Q183E S:V213E NA S:G252V	35	2224	0.015737	22100	22319
A25277G	S:S1239G	35	52952	0.000661	25214	25325
A24922-T	NA	35	20868	0.001677	24887	24935
A24253-T A24323-AAT	NA S:DEL922	35	5418	0.00646	24229	24337
T25289C	S:C1243R	34	53407	0.000637	25275	25324
T25171+G C25262-T	NA NA	34	38185	0.00089	25130	25324
T25150C C25262-T	S:S1196S NA	34	36440	0.000933	25123	25325
T23599G C23604A T23689C	S:N679K S:P681H S:N709N	34	55185	0.000616	23580	23700
T23599G C23604A G23621A	S:N679K S:P681H S:V687I	34	105254	0.000323	23582	23642
T23599G C23604A C23630-A	S:N679K S:P681H NA	34	104490	0.000325	23581	23637
G25299A	S:G1246D	34	53906	0.000631	25292	25325
G25269A	S:C1236Y	34	52550	0.000647	25217	25325
G25218+T C25262-T	NA NA	34	46192	0.000736	25122	25317
G25135+A C25262-T	NA NA	34	35442	0.000959	25125	25325
C24422-A	NA	34	30394	0.001119	24412	24424
C23525T T23599G C23604A A23632G	S:H655Y S:N679K S:P681H S:Q690Q	34	47330	0.000718	23492	23637
C23367-A	NA	34	32945	0.001032	23339	23378
C22109G T22200A G22218-T	S:Q183E S:V213E NA	34	3452	0.009849	22100	22232
A24670-TCAA	NA	34	31880	0.001066	24540	24679
A24518G	S:K986E	34	56578	0.000601	24482	24555
A24424T T24469A T24506C	S:Q954H S:N969K S:S982P	34	26917	0.001263	24413	24551
A24424T C24536-AA	S:Q954H NA	34	26684	0.001274	24412	24564
T25152C	S:L1197P	33	45300	0.000728	25141	25159
T24451+A	NA	33	28310	0.001166	24438	24468
T23599G C23604A C23707T	S:N679K S:P681H S:P715P	33	54483	0.000606	23580	23724
G25186T	S:Q1208H	33	47294	0.000698	25181	25200
G21987A T21991-TA	S:G142D NA	33	22339	0.001477	21970	22010
C24422-A T24469A	NA S:N969K	33	27126	0.001217	24412	24482
C23758+A	NA	33	23890	0.001381	23683	23791
C23525T C23556T T23599G C23604A	S:H655Y S:P665L S:N679K S:P681H	33	48108	0.000686	23487	23624
A25208-T	NA	33	50313	0.000656	25201	25210
A25154G	S:I1198V	33	45319	0.000728	25148	25159
A25137-T T25191-A C25262-T	NA NA NA	33	35605	0.000927	25122	25291
A24885-T C24981-T C25000T	NA NA S:D1146D	33	16908	0.001952	24850	25012
A24679G	S:R1039R	33	31329	0.001053	24627	24679
A23403G A23497G C23525T	S:D614G S:T645T S:H655Y	33	16015	0.002061	23335	23539
A21958-T	NA	33	24342	0.001356	21933	21969
T25245C	S:V1228A	32	48123	0.000665	25232	25325
T25215C	S:L1218P	32	45990	0.000696	25209	25325
T25209C	S:I1216T	32	50515	0.000633	25196	25255
T24991A C25000T	S:P1143P S:D1146D	32	24479	0.001307	24990	25054
T23346C A23403G	S:V595A S:D614G	32	28762	0.001113	23335	23415
T23344C A23403G	S:G594G S:D614G	32	28713	0.001114	23335	23421
G25305+T	NA	32	54317	0.000589	25279	25325
G24933-T	NA	32	20855	0.001534	24904	24943
G24570-T	NA	32	27189	0.001177	24561	24632
G23340A A23403G C23525T	S:G593D S:D614G S:H655Y	32	14359	0.002229	23335	23532
C25132+A C25262-T	NA NA	32	35171	0.00091	25122	25325
C23525T C23565T T23599G C23604A	S:H655Y S:A668V S:N679K S:P681H	32	48108	0.000665	23508	23641
C23334-T C23393+T	NA NA	32	11248	0.002845	23269	23413
A25147G	S:E1195E	32	44726	0.000715	25141	25178
A24551G	S:I997V	32	56163	0.00057	24539	24564
A24493T	S:L977F	32	56557	0.000566	24489	24558
A24424T T24472-G	S:Q954H NA	32	27096	0.001181	24420	24564
A24424T T24469A T24482C	S:Q954H S:N969K S:S974P	32	27054	0.001183	24412	24564
A24424T T24469A G24488-T	S:Q954H S:N969K NA	32	27013	0.001185	24412	24535
A24253-T C24320-A	NA NA	32	5549	0.005767	24236	24332
A23806+T	NA	32	26662	0.0012	23683	23814
T25288C	S:S1242S	31	53363	0.000581	25272	25325
T25285C	S:C1241C	31	53225	0.000582	25269	25313
T25258C	S:I1232I	31	51738	0.000599	25231	25325
T24565C	S:L1001L	31	55480	0.000559	24528	24581
T24506C	S:S982P	31	56616	0.000548	24491	24530
T23599G C23604A G23666-A G23675-T	S:N679K S:P681H NA NA	31	55391	0.00056	23580	23707
T23599G C23604A G23642A	S:N679K S:P681H S:A694T	31	102622	0.000302	23580	23722
T23599G C23604A C23679T	S:N679K S:P681H S:A706V	31	55340	0.00056	23580	23716
T23278-A	NA	31	13914	0.002228	23269	23290
G25238A	S:A1226T	31	47928	0.000647	25211	25252
G23518A C23525T T23599G C23604A	S:G652G S:H655Y S:N679K S:P681H	31	48061	0.000645	23501	23633
G22813T T22882G G22895C T22896C G22898A A22914-C T22942G	S:K417N S:N440K S:V445P S:V445P S:G446S NA S:N460K	31	6498	0.004771	22808	22946
G22813T T22882G G22895C G22898A T22942G	S:K417N S:N440K S:V445L S:G446S S:N460K	31	6498	0.004771	22793	22966
G22022-A	NA	31	22091	0.001403	22015	22052
C25282T	S:C1240C	31	53145	0.000583	25259	25324
C24878+A	NA	31	21124	0.001468	24862	24889
C23854A A23880T	S:N764K S:E773V	31	24089	0.001287	23838	23892
C23525T T23599G C23604A G23607A	S:H655Y S:N679K S:P681H S:R682Q	31	48096	0.000645	23487	23637
C23525T T23599G C23604A C23615T	S:H655Y S:N679K S:P681H S:R685C	31	48075	0.000645	23501	23641
C23525T C23577T T23599G C23604A	S:H655Y S:A672V S:N679K S:P681H	31	48108	0.000644	23487	23642
C23502T C23525T T23599G C23604A	S:A647V S:H655Y S:N679K S:P681H	31	47591	0.000651	23493	23622
A25253G C25262-T	S:T1231A NA	31	51355	0.000604	25251	25325
A25235G	S:I1225V	31	47858	0.000648	25225	25324
A25195G	S:K1211K	31	48183	0.000643	25171	25210
A24424T G24521+T	S:Q954H NA	31	26805	0.001157	24412	24541
A24424T G24434A T24469A	S:Q954H S:A958T S:N969K	31	27137	0.001142	24412	24558
A24424T A24441G T24469A	S:Q954H S:N960S S:N969K	31	27137	0.001142	24412	24564
A24423+T	NA	31	30391	0.00102	24412	24424
A24110-T C24119-A G24140-T	NA NA NA	31	2553	0.012143	24065	24171
A23853-C C23855A	NA S:R765S	31	25359	0.001222	23830	23890
A23806-T C23854A	NA S:N764K	31	23942	0.001295	23793	23892
A23800G C23854A	S:S746S S:N764K	31	23832	0.001301	23767	23895
A23756-C C23854A	NA S:N764K	31	19837	0.001563	23709	23895
A21875-T G21987A T21990-TTA A21999-C	NA S:G142D S:DEL144 NA	31	14757	0.002101	21867	22017
T25144C	S:N1194N	30	44646	0.000672	25122	25210
T24469A A24525G	S:N969K S:E988G	30	49693	0.000604	24465	24564
T23599G C23604A G23660A	S:N679K S:P681H S:G700S	30	55614	0.000539	23580	23724
T21856+A	NA	30	22621	0.001326	21847	21867
G25273T	S:M1237I	30	52761	0.000569	25264	25325
G25244T	S:V1228L	30	48103	0.000624	25208	25325
G23508+T C23525T	NA S:H655S	30	68097	0.000441	23487	23529
G23504A C23525T T23599G C23604A	S:G648S S:H655Y S:N679K S:P681H	30	47663	0.000629	23487	23633
C25276T	S:T1238T	30	52899	0.000567	25258	25325
C23854A A23888G	S:N764K S:K776E	30	23571	0.001273	23794	23895
C23525T T23599G C23604A A23627G	S:H655Y S:N679K S:P681H S:S689G	30	47460	0.000632	23487	23637
C23525T C23533-A	S:H655Y NA	30	68108	0.00044	23506	23539
C23525T A23566T T23599G C23604A	S:H655Y S:A668A S:N679K S:P681H	30	48108	0.000624	23501	23624
C23525T A23558G T23599G C23604A	S:H655Y S:I666V S:N679K S:P681H	30	48108	0.000624	23487	23634
C23399+T	NA	30	31088	0.000965	23340	23412
A25325G	Unknown	30	54191	0.000554	25302	25325
A25315+G	NA	30	54698	0.000548	25301	25324
A25247G	S:M1229V	30	48183	0.000623	25211	25324
A24539-T	NA	30	56342	0.000532	24514	24564
A24468-T T24470A	NA S:F970I	30	50444	0.000595	24465	24481
A23515-G C23525T T23599G C23604A	NA S:H655Y S:N679K S:P681H	30	47978	0.000625	23508	23637
A23403G C23525T T23529C	S:D614G S:H655Y S:V656A	30	15944	0.001882	23394	23539
A23403G A23440G C23525T	S:D614G S:A626A S:H655Y	30	16015	0.001873	23392	23539
T25301-G	NA	29	54018	0.000537	25222	25325
T25279C	S:S1239S	29	53057	0.000547	25251	25324
T25224C	S:I1221T	29	47365	0.000612	25220	25325
T25202C	S:W1214R	29	49071	0.000591	25195	25210
T25202+G C25262-T	NA NA	29	42509	0.000682	25122	25325
T25161C C25262-T	S:L1200P NA	29	37516	0.000773	25122	25320
T25159C	S:D1199D	29	45587	0.000636	25131	25210
T25128C	S:V1189A	29	41884	0.000692	25122	25147
T24585C	S:V1008A	29	26864	0.00108	24487	24648
T24511C	S:R983R	29	56591	0.000512	24498	24564
T23599G C23604A A23717G	S:N679K S:P681H S:T719A	29	54219	0.000535	23580	23722
T23487G C23525T T23599G C23604A	Unknown S:H655Y S:N679K S:P681H	29	30386	0.000954	23486	23629
T22942G A22948-C	S:N460K NA	29	9573	0.003029	22934	22967
G25281A	S:C1240Y	29	53121	0.000546	25251	25320
G25218-TT	NA	29	46451	0.000624	25195	25325
G23835-T C23887-A	NA NA	29	22644	0.001281	23767	23895
G23517A C23525T T23599G C23604A	S:G652E S:H655Y S:N679K S:P681H	29	48051	0.000604	23512	23642
G23508+T	NA	29	68768	0.000422	23487	23518
G22813T T22882G G22895C T22896C T22942G	S:K417N S:N440K S:V445P S:V445P S:N460K	29	6498	0.004463	22800	22947
C23525T T23599G T23602-C T23605A	S:H655Y S:N679K NA S:P681P	29	48096	0.000603	23503	23642
C23525T T23559C T23599G C23604A	S:H655Y S:I666T S:N679K S:P681H	29	48108	0.000603	23487	23634
C23525T A23526+G T23599G C23604A	S:H655* NA S:N679* S:P681Y	29	48108	0.000603	23492	23641
C23334-T C23367-A	NA NA	29	11576	0.002505	23285	23379
C21888-T G21987A	NA S:G142D	29	19117	0.001517	21847	21991
A25188G	S:Y1209C	29	47328	0.000613	25173	25325
A24956-T	NA	29	18474	0.00157	24948	25068
A24641G	S:T1027A	29	32388	0.000895	24626	24674
A24498G	S:D979G	29	56609	0.000512	24483	24564
A24424T T24469A A24551G	S:Q954H S:N969K S:I997V	29	26533	0.001093	24412	24564
A24424T C24455-A	S:Q954H NA	29	27281	0.001063	24412	24471
A23756G C23854A	S:T732A S:N764K	29	19837	0.001462	23683	23895
A23583G T23599G C23604A	S:Y674C S:N679K S:P681H	29	105046	0.000276	23580	23641
A23474+T C23525T	NA S:H655S	29	17653	0.001643	23447	23538
A23403G C23415T C23525T	S:D614G S:T618I S:H655Y	29	16015	0.001811	23335	23532
A23403G C23415T	S:D614G S:T618I	29	30046	0.000965	23335	23430
T25155C C25262-T	S:I1198T NA	28	37101	0.000755	25130	25324
T24623C	S:S1021P	28	32438	0.000863	24612	24679
T24529C	S:A989A	28	56467	0.000496	24524	24564
T24505C	S:L981L	28	56623	0.000494	24483	24518
T24504C	S:L981P	28	56601	0.000495	24494	24564
T24417C A24424T T24469A	S:V952A S:Q954H S:N969K	28	27012	0.001037	24412	24564
T23686-A	NA	28	84202	0.000333	23683	23708
T23599G C23604A T23719A	S:N679K S:P681H S:T719T	28	54077	0.000518	23580	23724
T23599G C23604A T23714C	S:N679K S:P681H S:F718L	28	54263	0.000516	23580	23724
T23599G C23604A G23619A	S:N679K S:P681H S:S686N	28	105279	0.000266	23580	23642
T23599G C23604A C23644T	S:N679K S:P681H S:A694A	28	55829	0.000502	23581	23724
G25186T C25262-T	S:Q1208H NA	28	40062	0.000699	25130	25324
G22813T T22896C G22898A T22942G	S:K417N S:V445A S:G446S S:N460K	28	6498	0.004309	22807	22949
C25262-T T25307C	NA S:S1249P	28	51627	0.000542	25251	25325
C25262-T G25311-T	NA NA	28	51554	0.000543	25122	25324
C23854A C23865T	S:N764K S:T768I	28	24879	0.001125	23767	23895
C23785+A	NA	28	27011	0.001037	23767	23794
C23694+G	NA	28	84537	0.000331	23687	23724
C23525T T23599G C23604A C23635T	S:H655Y S:N679K S:P681H S:S691S	28	47193	0.000593	23487	23642
C23525T G23564A T23599G C23604A	S:H655Y S:A668T S:N679K S:P681H	28	48108	0.000582	23487	23606
C23334-T G23402-A	NA NA	28	11011	0.002543	23269	23438
A25195G C25262-T	S:K1211K NA	28	41307	0.000678	25122	25286
A25137+T	NA	28	44073	0.000635	25130	25151
A25045-C	NA	28	24324	0.001151	25037	25065
A24885-T	NA	28	20997	0.001334	24858	24904
A24675G	S:K1038R	28	31794	0.000881	24614	24679
A24647G	S:M1029V	28	32347	0.000866	24612	24679
A24543G	S:D994G	28	56303	0.000497	24482	24564
A24424T T24469A A24516G	S:Q954H S:N969K S:D985G	28	26847	0.001043	24412	24564
A24318-C A24424T	NA S:Q954H	28	2251	0.012439	24298	24424
A23780G C23854A	S:M740V S:N764K	28	23522	0.00119	23761	23895
A23688+G	NA	28	84315	0.000332	23683	23705
A23359G A23403G C23525T	S:T599T S:D614G S:H655Y	28	14589	0.001919	23345	23532
A22948-C	NA	28	9910	0.002825	22936	22967
A21917-T G21987A T21990-TTA A21999-C	NA S:G142D S:DEL144 NA	28	15593	0.001796	21909	22016
T25251C C25262-T	S:V1230A NA	27	48256	0.00056	25130	25325
T25220C	S:F1220L	27	47028	0.000574	25194	25325
T24650C	S:S1030P	27	32274	0.000837	24635	24670
T24640C	S:A1026A	27	32397	0.000833	24612	24676
T24625C	S:S1021S	27	32422	0.000833	24612	24676
T24469A T24643-A	S:N969K NA	27	20683	0.001305	24465	24651
T24469A G24521+T	S:N969K NA	27	49752	0.000543	24465	24564
T24469A A24594-ATT	S:N969K S:DEL1012	27	21011	0.001285	24465	24620
T23850+A	NA	27	25632	0.001053	23767	23864
T23693+A	NA	27	84490	0.00032	23683	23716
T23599G C23604A T23715C	S:N679K S:P681H S:F718S	27	54255	0.000498	23580	23724
T23599G C23604A A23723G	S:N679K S:P681H Unknown	27	53984	0.0005	23580	23724
T23599G C23604A A23710G	S:N679K S:P681H S:T716T	27	54359	0.000497	23590	23724
T23511-A C23525T	NA S:H655Y	27	68214	0.000396	23502	23534
G25177-T C25262-T	NA NA	27	38680	0.000698	25122	25325
G24883-A C25000T	NA S:D1146D	27	16899	0.001598	24857	25069
G24488-T C24503-T	NA NA	27	56052	0.000482	24480	24513
G24486+T	NA	27	56351	0.000479	24470	24498
G23402-A T23404G C23525T	NA S:D614E S:H655Y	27	16015	0.001686	23387	23529
G23401T A23403G C23525T	S:Q613H S:D614G S:H655Y	27	16015	0.001686	23393	23532
G22895C T22896C G22898A T22942G	S:V445P S:V445P S:G446S S:N460K	27	7763	0.003478	22876	22959
C25262-T T25289C	NA S:C1243R	27	51780	0.000521	25251	25324
C25132+A	NA	27	43551	0.00062	25123	25149
C25000T A25034G	S:D1146D S:N1158D	27	23752	0.001137	24990	25069
C24964-A C24981-T C25000T	NA NA S:D1146D	27	17877	0.00151	24867	25016
C24672-AA	NA	27	31837	0.000848	24638	24679
C23525T T23599G C23604A G23616A	S:H655Y S:N679K S:P681H S:R685H	27	48072	0.000562	23487	23624
C23525T A23597G T23599G C23604A	S:H655Y S:N679E S:N679E S:P681H	27	48108	0.000561	23487	23637
C22109G C22120-A A22161-T T22200A	S:Q183E NA NA S:V213E	27	3552	0.007601	22100	22210
A25167G C25262-T	S:E1202G NA	27	37861	0.000713	25124	25325
A24922+T	NA	27	20868	0.001294	24867	24943
A24619G	S:R1019R	27	32396	0.000833	24612	24679
A24424T T24469A A24525G	S:Q954H S:N969K S:E988G	27	26779	0.001008	24412	24564
A24424T T24469A A24520G	S:Q954H S:N969K S:K986K	27	26821	0.001007	24412	24558
A24253-T A24324-AT A24424T	NA NA S:Q954H	27	1454	0.018569	24229	24424
A23810G C23854A	S:S750G S:N764K	27	23989	0.001126	23766	23895
A23723+C	NA	27	83522	0.000323	23703	23724
A23403G T23406C C23525T	S:D614G S:V615A S:H655Y	27	16015	0.001686	23349	23532
A23321+T	NA	27	12015	0.002247	23269	23341
A21979-T G21987A A21993-TTACC A21999C G22022-A	NA S:G142D NA S:H146P NA	27	18019	0.001498	21848	22058
A21875-T G21987A T21990-TTA C22000A	NA S:G142D S:DEL144 S:H146Q	27	14757	0.00183	21867	22058
A21875-T C21888-T	NA NA	27	22635	0.001193	21867	21901
T25202-G C25262-T	NA NA	26	42509	0.000612	25122	25324
T25191+A C25262-T	NA NA	26	40854	0.000636	25130	25284
T24656C	S:C1032R	26	32187	0.000808	24612	24679
T24637C	S:A1025A	26	32439	0.000802	24612	24645
T24523C	S:V987V	26	56513	0.00046	24495	24563
T24469A C24536-AA	S:N969K NA	26	49499	0.000525	24465	24564
T24469A A24516G	S:N969K S:D985G	26	49835	0.000522	24465	24564
T23822C C23854A	S:L754L S:N764K	26	24208	0.001074	23789	23895
T23754C C23854A	S:M731T S:N764K	26	19825	0.001311	23699	23881
T23599G C23604A T23716C	S:N679K S:P681H S:F718F	26	54241	0.000479	23580	23724
T23599G C23604A G23616A	S:N679K S:P681H S:R685H	26	105312	0.000247	23580	23625
T23599G C23604A C23705T	S:N679K S:P681H S:P715S	26	54597	0.000476	23580	23724
G25313A	S:G1251R	26	54660	0.000476	25308	25324
G25302A	S:C1247Y	26	54082	0.000481	25296	25312
G25281-C	NA	26	53121	0.000489	25243	25325
G25135+A	NA	26	43888	0.000592	25130	25144
G22809-A G22813T	NA S:K417N	26	14288	0.00182	22793	22830
G22317T A22407+T	S:G252V NA	26	1421	0.018297	22246	22446
C25262-T A25274G	NA S:T1238A	26	51862	0.000501	25251	25292
C25000T A25065G	S:D1146D S:D1168G	26	23097	0.001126	24990	25069
C24422-A A24425T	NA S:N955Y	26	30249	0.00086	24412	24437
C23854G	S:N764K	26	25533	0.001018	23830	23874
C23854A T23861C	S:N764K S:L767L	26	25138	0.001034	23846	23895
C23854A T23857C	S:N764K S:R765R	26	25252	0.00103	23819	23895
C23525T G23593A T23599G C23604A	S:H655Y S:Q677Q S:N679K S:P681H	26	48108	0.00054	23487	23641
C23498T C23525T T23599G C23604A	S:R646C S:H655Y S:N679K S:P681H	26	47243	0.00055	23487	23624
A24860G C25000T	S:T1100A S:D1146D	26	16718	0.001555	24857	25069
A24676G	S:K1038K	26	31770	0.000818	24612	24679
A24614G	S:I1018V	26	32387	0.000803	24507	24679
A24594G	S:Q1011R	26	26796	0.00097	24532	24653
A24538G	S:Q992Q	26	56341	0.000461	24478	24550
A24325-T	NA	26	6208	0.004188	24229	24334
A23845G C23854A	S:T761T S:N764K	26	25114	0.001035	23828	23895
A23515+G C23525T	NA S:H655S	26	68333	0.00038	23495	23532
A23403G T23434-C	S:D614G NA	26	27636	0.000941	23394	23443
A23403G C23525T T23527C	S:D614G S:H655Y S:H655Y	26	15945	0.001631	23375	23539
A21979-T G21987A T21990-TTA A21999-CAAA	NA S:G142D S:DEL144 NA	26	18654	0.001394	21847	22026
T25236C	S:I1225T	25	47885	0.000522	25231	25325
T25224-A	NA	25	47365	0.000528	25214	25325
T25210C	S:I1216I	25	50967	0.000491	25203	25325
T25196-G C25262-T	NA NA	25	41465	0.000603	25122	25296
T25171C	S:L1203L	25	45982	0.000544	25134	25210
T24664C	S:L1034L	25	31996	0.000781	24612	24676
T24660+A C24672-A	NA NA	25	31752	0.000787	24612	24679
T24658C	S:C1032C	25	32147	0.000778	24649	24671
T24548C	S:L996L	25	56223	0.000445	24538	24564
T23823C C23854A	S:L754S S:N764K	25	24226	0.001032	23767	23892
T23599G C23604A G23666-A C23709-A	S:N679K S:P681H NA NA	25	54409	0.000459	23580	23724
T23599G C23604A C23630T	S:N679K S:P681H S:Q690*	25	104490	0.000239	23580	23642
T23511+A C23525T A23558-T T23599G C23604A	NA S:H655S NA S:N679* S:P681Y	25	47903	0.000522	23487	23637
T22807+G G22813T T22882G	NA S:K417N S:N440Q	25	13405	0.001865	22798	22888
T21991-TA	NA	25	22339	0.001119	21969	22023
G25290T	S:C1243F	25	53440	0.000468	25253	25325
G25250A	S:V1230M	25	48273	0.000518	25244	25325
G24515-A	NA	25	56566	0.000442	24504	24539
G23508+T T23599G C23604A	NA S:N679* S:P681Y	25	47821	0.000523	23487	23624
G22813T T22882G T22896C T22942G	S:K417N S:N440K S:V445A S:N460K	25	6498	0.003847	22800	22966
G22813T T22882G T22896C G22898A A22914-C T22942G	S:K417N S:N440K S:V445A S:G446S NA S:N460K	25	6498	0.003847	22805	22950
G22813T T22831+A T22882G G22895C T22896C G22898A	S:K417N NA S:N440Q S:V445P S:V445P S:G446R	25	9929	0.002518	22808	22906
G22104-A C22109G T22200A	NA S:Q183E S:V213E	25	3517	0.007108	22100	22206
C25416T G25555-T	ORF3a:F8F NA	25	1105	0.022624	25372	25566
C25262-T T25283C	NA S:C1241R	25	51820	0.000482	25251	25321
C25184T C25262-T	S:Q1208* NA	25	39795	0.000628	25122	25325
C25131T	S:A1190V	25	43364	0.000577	25122	25170
C25000T T25072-G T25191-A	S:D1146D NA NA	25	5216	0.004793	24990	25210
C25000T A25008G	S:D1146D S:K1149R	25	24450	0.001022	24990	25066
C24899-A C24981-T C25000T	NA NA S:D1146D	25	17072	0.001464	24867	25014
C23854A G23903-T G23948T	S:N764K NA S:D796Y	25	2537	0.009854	23845	23978
C23854A A23870G	S:N764K S:I770V	25	24692	0.001012	23845	23895
C23816-T A23853-C	NA NA	25	24105	0.001037	23767	23862
C23604A G23666-A	S:P681H NA	25	55646	0.000449	23581	23691
C23595T T23599G C23604A	S:T678I S:N679K S:P681H	25	105376	0.000237	23580	23642
C23099-T	NA	25	2181	0.011463	23096	23118
C22109G A22161-T T22200A	S:Q183E NA S:V213E	25	3552	0.007038	22100	22217
A25165G	S:Q1201Q	25	45796	0.000546	25128	25169
A25164G	S:Q1201R	25	45731	0.000547	25141	25210
A25158G	S:D1199G	25	45586	0.000548	25151	25210
A24674G	S:K1038E	25	31806	0.000786	24612	24679
A24554G	S:T998A	25	56051	0.000446	24547	24558
A24424T T24469A T24513C	S:Q954H S:N969K S:L984P	25	26864	0.000931	24412	24564
A24424T T24447C T24469A	S:Q954H S:L962P S:N969K	25	27137	0.000921	24412	24564
A24323-AAT	S:DEL922	25	6548	0.003818	24229	24337
A23403G G23417T C23525T	S:D614G S:E619* S:H655Y	25	16015	0.001561	23335	23539
A23368G A23403G C23525T	S:T602T S:D614G S:H655Y	25	14682	0.001703	23358	23533
T25211C	S:W1217R	24	51125	0.000469	25192	25324
T25159C C25262-T	S:D1199D NA	24	37386	0.000642	25122	25292
T25152C C25262-T	S:L1197P NA	24	36879	0.000651	25122	25325
T24983C C25000T	S:L1141L S:D1146D	24	18144	0.001323	24853	25018
T24564C	Unknown	24	55750	0.00043	24537	24564
T24544+A	NA	24	56288	0.000426	24504	24552
T24480C	S:I973T	24	55777	0.00043	24476	24563
T24469A T24504C	S:N969K S:L981P	24	50045	0.00048	24465	24564
T24438+A T24469A	NA S:N969Q	24	27930	0.000859	24413	24564
T23750C C23854A	S:S730P S:N764K	24	19801	0.001212	23735	23873
T23748C C23854A	S:V729A S:N764K	24	19781	0.001213	23683	23873
T23698C	S:I712I	24	84616	0.000284	23690	23716
T23599G C23604A C23685T	S:N679K S:P681H S:S708F	24	55261	0.000434	23580	23724
T23490C C23525T T23599G C23604A	S:F643S S:H655Y S:N679K S:P681H	24	46839	0.000512	23487	23634
T23355-A	NA	24	33736	0.000711	23336	23369
T21991-TA C22000A	NA S:H146Q	24	18659	0.001286	21970	22058
G25244-T	NA	24	48103	0.000499	25219	25324
G24868-T	NA	24	21157	0.001134	24858	24880
G24547-T	NA	24	56226	0.000427	24517	24564
G23768-T C23816-T	NA NA	24	25597	0.000938	23689	23827
G23384-T A23403G C23525T	NA S:D614G S:H655Y	24	15170	0.001582	23335	23539
C25267T	S:C1235C	24	52390	0.000458	25186	25324
C25132G	S:A1190A	24	43551	0.000551	25130	25177
C25000T A25014G	S:D1146D S:E1151G	24	24301	0.000988	24990	25069
C24986T C25000T	S:Q1142* S:D1146D	24	18177	0.00132	24911	25058
C23854A T23878C	S:N764K S:V772V	24	24145	0.000994	23824	23887
C23854A C23887A A23888C	S:N764K S:D775E S:K776Q	24	23571	0.001018	23848	23895
C23854A A23890G	S:N764K S:K776K	24	23394	0.001026	23793	23895
C23854A A23886G	S:N764K S:D775G	24	23675	0.001014	23765	23895
C23685T C23854A	S:S708F S:N764K	24	19084	0.001258	23683	23895
C23525T T23599G C23604A C23613T	S:H655Y S:N679K S:P681H S:A684V	24	48087	0.000499	23487	23642
C23525T C23591T T23599G C23604A	S:H655Y S:Q677* S:N679K S:P681H	24	48108	0.000499	23487	23639
C23498+G C23525T T23599G C23604A	NA S:H655S S:N679* S:P681Y	24	47243	0.000508	23487	23624
A25179G	S:Y1206C	24	46403	0.000517	25164	25210
A24885+T C25000T	NA S:D1146S	24	16908	0.001419	24850	25014
A24594-ATT	S:DEL1012	24	26796	0.000896	24495	24664
A24562G	S:R1000R	24	55828	0.00043	24490	24564
A24520G	S:K986K	24	56576	0.000424	24481	24564
A24508G	S:S982S	24	56603	0.000424	24487	24564
A24479-T G24488-T	NA NA	24	55543	0.000432	24476	24505
A24424T T24469A T24549C	S:Q954H S:N969K S:L996S	24	26561	0.000904	24412	24564
A24424T T24469A A24508G	S:Q954H S:N969K S:S982S	24	26905	0.000892	24413	24564
A24424T C24435-T	S:Q954H NA	24	27481	0.000873	24412	24564
A24253-T A24424T	NA S:Q954H	24	1454	0.016506	24229	24424
A23805G C23854A	S:E748G S:N764K	24	23914	0.001004	23776	23873
A23720-T	NA	24	83662	0.000287	23701	23724
A23403G T23521C C23525T	S:D614G S:A653A S:H655Y	24	16015	0.001499	23371	23532
A23403G T23404C C23525T	S:D614G S:D614G S:H655Y	24	16015	0.001499	23387	23532
A23403G C23492-AA C23496G C23525T	S:D614G NA S:T645R S:H655Y	24	16015	0.001499	23375	23532
A23359G A23403G	S:T599T S:D614G	24	28904	0.00083	23335	23429
A21979-T G21987A T21990-TTA C22000A	NA S:G142D S:DEL144 S:H146Q	24	18654	0.001287	21965	22032
T25319A	S:C1253S	23	54604	0.000421	25298	25325
T25232C C25262-T	S:L1224L NA	23	47554	0.000484	25122	25325
T25170C	S:L1203P	23	45939	0.000501	25151	25325
T24765+A	NA	23	8076	0.002848	24758	24806
T24633C	S:L1024P	23	32497	0.000708	24612	24679
T24534C	S:V991A	23	56401	0.000408	24494	24564
T24522C	S:V987A	23	56516	0.000407	24490	24564
T24499+A	NA	23	56629	0.000406	24474	24508
T24469A T24506C	S:N969K S:S982P	23	50017	0.00046	24465	24558
T24469A T24492-A C24536-A	S:N969K NA NA	23	49499	0.000465	24465	24679
T24469A A24554G	S:N969K S:T998A	23	49093	0.000468	24465	24564
T23776C C23854A	S:C738C S:N764K	23	23487	0.000979	23683	23881
T23599G C23604A G23653A	S:N679K S:P681H S:M697I	23	55704	0.000413	23580	23724
T23599G C23604A C23683T	S:N679K S:P681H S:Y707Y	23	55285	0.000416	23580	23724
T23514-A C23525T T23599G C23604A	NA S:H655Y S:N679K S:P681H	23	47956	0.00048	23486	23637
T23308C A23403G	S:L582L S:D614G	23	10979	0.002095	23296	23441
T22882G A22914-C T22942G	S:N440K NA S:N460K	23	7733	0.002974	22868	22948
G25266A	S:C1235Y	23	52307	0.00044	25262	25324
G25130+T	NA	23	42196	0.000545	25123	25145
G24611+A C24672-A	NA NA	23	25861	0.000889	24470	24679
G21987A G21989A T21990G T21991-TA A21999-C	S:G142D S:V143S S:V143S NA NA	23	18659	0.001233	21969	22050
C25262-T T25293C	NA S:L1244P	23	51753	0.000444	25251	25324
C24672-A A24803-T	NA NA	23	4795	0.004797	24626	24806
C23887-A A23942-T G23948T	NA NA S:D796Y	23	2793	0.008235	23767	23955
C23525T T23599G C23601T C23604A	S:H655Y S:N679K S:S680F S:P681H	23	48108	0.000478	23499	23642
C23525T C23530T T23599G C23604A	S:H655Y S:V656V S:N679K S:P681H	23	48108	0.000478	23496	23642
A25194-AT G25197T C25262-T	NA S:W1212L NA	23	41157	0.000559	25122	25325
A25134G	S:K1191R	23	43811	0.000525	25122	25162
A25125G C25262-T	S:E1188G NA	23	33436	0.000688	25122	25325
A24922-T C25000T	NA S:D1146D	23	17247	0.001334	24850	25015
A24661G	S:V1033V	23	32081	0.000717	24623	24666
A24560G	S:R1000G	23	55861	0.000412	24490	24564
A24532G	S:E990E	23	56427	0.000408	24481	24552
A24478G	S:A972A	23	55463	0.000415	24474	24564
A24424T T24511C	S:Q954H S:R983R	23	26883	0.000856	24416	24563
A24424T T24469A T24514C	S:Q954H S:N969K S:L984L	23	26857	0.000856	24420	24554
A24424T T24469A T24504C	S:Q954H S:N969K S:L981P	23	26926	0.000854	24412	24564
A24424T T24469A G24474A	S:Q954H S:N969K S:G971D	23	27084	0.000849	24412	24563
A23853-CC	NA	23	25584	0.000899	23838	23891
A23760G C23854A	S:K733R S:N764K	23	19862	0.001158	23694	23881
A23704G C23854A	S:I714M S:N764K	23	19447	0.001183	23683	23892
A23704+C	NA	23	84531	0.000272	23687	23716
A23403G G23486-T	S:D614G NA	23	16226	0.001417	23385	23539
A23366G A23403G C23525T	S:T602A S:D614G S:H655Y	23	14662	0.001569	23342	23539
T25219C C25262-T	S:G1219G NA	22	46355	0.000475	25130	25325
T25180C	S:Y1206Y	22	46435	0.000474	25174	25210
T24622C	S:A1020A	22	32436	0.000678	24612	24679
T24607C	S:A1015A	22	26736	0.000823	24504	24676
T24487C	S:S975S	22	56410	0.00039	24473	24564
T24470-TTG	S:DEL971	22	50907	0.000432	24465	24537
T24469A A24495G	S:N969K S:N978S	22	50216	0.000438	24465	24564
T23684C	S:S708P	22	84053	0.000262	23683	23722
T23599G G23666-A	S:N679K NA	22	55545	0.000396	23581	23684
T23599G C23604A T23689-A	S:N679K S:P681H NA	22	55185	0.000399	23581	23697
T23599G C23604A T23641-G T23650C	S:N679K S:P681H NA S:T696T	22	55747	0.000395	23580	23706
T23599G C23604A G23611A	S:N679K S:P681H S:R683R	22	105348	0.000209	23581	23642
T23599G C23604A C23718+G	S:N679K S:P681H NA	22	54193	0.000406	23580	23724
T23599G C23604A C23709+A	S:N679K S:P681H NA	22	54409	0.000404	23581	23724
T23599G C23604A C23649T	S:N679K S:P681H S:T696I	22	55759	0.000395	23580	23724
T23599G C23604A A23696G	S:N679K S:P681H S:I712V	22	55035	0.0004	23593	23724
T23599G C23603+A C23604G	S:N679K NA S:P681S	22	105406	0.000209	23582	23637
T23596-A T23599G C23604A	NA S:N679K S:P681H	22	105397	0.000209	23581	23618
T23394C	S:L611P	22	31237	0.000704	23335	23399
T23392-C A23403G C23525T	NA S:D614G S:H655Y	22	15554	0.001414	23335	23532
T22882G T22896C T22942G	S:N440K S:V445A S:N460K	22	7733	0.002845	22872	22966
T21864+A	NA	22	22661	0.000971	21853	21879
G25249A C25262-T	S:M1229I NA	22	48141	0.000457	25129	25306
G25130+C	NA	22	42196	0.000521	25122	25140
G24434T T24469A	S:A958S S:N969K	22	27844	0.00079	24412	24564
G23519T C23525T T23599G C23604A	S:A653S S:H655Y S:N679K S:P681H	22	48063	0.000458	23487	23629
G22809-A G22813T T22882G	NA S:K417N S:N440K	22	13450	0.001636	22793	22889
G21987A T21990-TTA C22000A A22001G	S:G142D S:DEL144 S:H146Q S:K147E	22	18659	0.001179	21973	22054
C25308-T	NA	22	54517	0.000404	25294	25324
C25300G	S:G1246G	22	53946	0.000408	25286	25324
C25000T T25001C	S:D1146D S:S1147P	22	24531	0.000897	24990	25066
C24662-T	NA	22	32057	0.000686	24626	24679
C23854A T23860C	S:N764K S:A766A	22	25188	0.000873	23683	23895
C23854A C23887A A23888C G23948T	S:N764K S:D775E S:K776Q S:D796Y	22	2537	0.008672	23846	23978
C23854A A23891G	S:N764K S:N777D	22	23317	0.000944	23836	23895
C23854A A23881G	S:N764K S:E773E	22	24067	0.000914	23825	23895
C23758T C23854A	S:T732T S:N764K	22	19852	0.001108	23749	23895
C23709+T	NA	22	84299	0.000261	23702	23722
C23673+T	NA	22	59119	0.000372	23666	23718
C23591T T23599G C23604A	S:Q677* S:N679K S:P681H	22	105287	0.000209	23580	23642
C23525T T23599G C23604A T23640C	S:H655Y S:N679K S:P681H S:I693T	22	46234	0.000476	23487	23642
C23525T T23599G C23604A G23619A	S:H655Y S:N679K S:P681H S:S686N	22	48062	0.000458	23496	23624
C23525T T23599A C23604A	S:H655Y S:N679K S:P681H	22	48108	0.000457	23516	23642
C23525T C23551T T23599G C23604A	S:H655Y S:D663D S:N679K S:P681H	22	48108	0.000457	23501	23642
C23525T C23536T T23599G C23604A	S:H655Y S:N658N S:N679K S:P681H	22	48108	0.000457	23501	23624
C23506T C23525T T23599G C23604A	S:G648G S:H655Y S:N679K S:P681H	22	47766	0.000461	23487	23634
C23492-A C23525T T23599G C23604A	NA S:H655Y S:N679K S:P681H	22	46887	0.000469	23490	23624
C23393-T A23403G	NA S:D614G	22	30027	0.000733	23335	23432
A25225G	S:I1221M	22	47437	0.000464	25207	25323
A25182G	S:E1207G	22	46963	0.000468	25161	25196
A24902-T	NA	22	20942	0.001051	24890	24911
A24424T T24469A A24532G	S:Q954H S:N969K S:E990E	22	26725	0.000823	24412	24564
A24424T T24469A A24498G	S:Q954H S:N969K S:D979G	22	26957	0.000816	24412	24564
A23796G C23854A	S:D745G S:N764K	22	23757	0.000926	23683	23891
A23762G C23854A	S:T734A S:N764K	22	19867	0.001107	23704	23881
A23704-C	NA	22	84531	0.00026	23694	23724
A23403G T23500C C23525T	S:D614G S:R646R S:H655Y	22	16015	0.001374	23394	23532
A23403G T23443C C23525T	S:D614G S:D627D S:H655Y	22	16015	0.001374	23335	23532
A23403G T23433C C23525T	S:D614G S:I624T S:H655Y	22	16015	0.001374	23386	23539
A21957G G21987A T21990-TTA C22000A	S:E132G S:G142D S:DEL144 S:H146Q	22	17471	0.001259	21892	22014
T25316-C	NA	21	54698	0.000384	25307	25320
T25257C C25262-T	S:I1232T NA	21	51631	0.000407	25122	25325
T25242C	S:I1227T	21	48009	0.000437	25238	25325
T25228C C25262-T	S:A1222A NA	21	47375	0.000443	25197	25325
T25222C	S:F1220F	21	47194	0.000445	25177	25325
T25191-A C25262-TT	NA NA	21	40854	0.000514	25122	25307
T25189C C25262-T	S:Y1209Y NA	21	40312	0.000521	25126	25292
T24991C C25000T	S:P1143P S:D1146D	21	24479	0.000858	24990	25069
T24589C	S:T1009T	21	26831	0.000783	24525	24676
T24491-TA	NA	21	56612	0.000371	24481	24502
T24469A T24589C	S:N969K S:T1009T	21	21039	0.000998	24465	24679
T24469A A24587G	S:N969K S:T1009A	21	21054	0.000997	24465	24679
T23791C C23854A	S:C743C S:N764K	21	23650	0.000888	23729	23889
T23781C C23854A	S:M740T S:N764K	21	23533	0.000892	23684	23895
T23725C C23854A	S:S721S S:N764K	21	19581	0.001072	23683	23895
T23703C C23854A	S:I714T S:N764K	21	19440	0.00108	23683	23895
T23703-A C23816-T	NA NA	21	21453	0.000979	23683	23828
T23599G C23604A T23640C C23664T	S:N679K S:P681H S:I693T S:A701V	21	55571	0.000378	23581	23724
T23599G C23604A T23605C	S:N679K S:P681H S:P681H	21	105373	0.000199	23580	23642
T23599G C23604A C23657+T	S:N679K S:P681H NA	21	55659	0.000377	23580	23670
T23599G C23604A C23638T	S:N679K S:P681H S:I692I	21	103847	0.000202	23580	23641
T23599G C23604A A23711-AT	S:N679K S:P681H NA	21	54338	0.000386	23581	23721
T23511+A	NA	21	68832	0.000305	23487	23521
T23434-C	NA	21	29142	0.000721	23425	23443
T23375C A23403G	S:S605P S:D614G	21	29145	0.000721	23296	23443
G25287A	S:S1242N	21	53318	0.000394	25260	25325
G25269-T	NA	21	52550	0.0004	25262	25323
G25226A	S:A1222T	21	47502	0.000442	25217	25325
G24868-T C24981-T C25000T	NA NA S:D1146D	21	16788	0.001251	24850	25008
G22104-A C22109G C22120-A T22200A	NA S:Q183E NA S:V213E	21	3517	0.005971	22100	22204
G21987A T21991-TA A21999-C	S:G142D NA NA	21	18659	0.001125	21967	22017
C25262-T G25278-T	NA NA	21	51848	0.000405	25251	25325
C25240T	S:A1226A	21	47959	0.000438	25146	25325
C25000T T25063C	S:D1146D S:G1167G	21	23143	0.000907	24990	25069
C25000T A25042G	S:D1146D S:T1160T	21	23615	0.000889	24990	25064
C24878-A	NA	21	21124	0.000994	24850	24889
C24672+A	NA	21	31837	0.00066	24612	24679
C24536+A	NA	21	56348	0.000373	24470	24554
C23887-A G23948T	NA S:D796Y	21	2793	0.007519	23767	23954
C23854A T23877C	S:N764K S:V772A	21	24230	0.000867	23843	23881
C23525T T23599G C23604A C23609+G	S:H655Y S:N679K S:P681H NA	21	48093	0.000437	23487	23620
C23525T T23596-A T23599G C23604A	S:H655Y NA S:N679K S:P681H	21	48108	0.000437	23487	23641
C23525T T23596+A T23599G C23604A	S:H655Y NA S:N679* S:P681Y	21	48108	0.000437	23487	23637
C23525T G23549A T23599G C23604A	S:H655Y S:D663N S:N679K S:P681H	21	48108	0.000437	23487	23642
C23492-A C23525T	NA S:H655Y	21	66850	0.000314	23487	23539
A25216G C25262-T	S:L1218L NA	21	45837	0.000458	25130	25325
A25190G	S:I1210V	21	47449	0.000443	25186	25210
A25182G C25262-T	S:E1207G NA	21	39587	0.00053	25122	25285
A24780G	S:K1073R	21	8254	0.002544	24765	24796
A24617G	S:R1019G	21	32392	0.000648	24612	24657
A24556G	S:T998T	21	55946	0.000375	24486	24564
A24531G	S:E990G	21	56446	0.000372	24512	24564
A24424T T24504C	S:Q954H S:L981P	21	26926	0.00078	24418	24564
A24424T T24492-A	S:Q954H NA	21	26998	0.000778	24413	24564
A24424T T24489C	S:Q954H S:V976A	21	27008	0.000778	24417	24564
A24424T C24431+A	S:Q954H NA	21	27524	0.000763	24416	24441
A23942-T G23948T	NA S:D796Y	21	3761	0.005584	23941	23955
A23853G C23854A	S:N764R S:N764R	21	25533	0.000822	23772	23881
A23806+T C23816-T	NA NA	21	26141	0.000803	23683	23828
A23712+T C23887-A	NA NA	21	17759	0.001182	23683	23895
A23702G C23854A	S:I714V S:N764K	21	19430	0.001081	23692	23895
A23639-T	NA	21	105711	0.000199	23631	23642
A23403G T23482-A C23525T	S:D614G NA S:H655Y	21	16015	0.001311	23385	23539
A23403G T23452-CCTA C23525T	S:D614G NA S:H655Y	21	16015	0.001311	23370	23539
A23403G A23456C C23525T	S:D614G S:T632P S:H655Y	21	16015	0.001311	23382	23532
A23403G A23446G C23525T	S:D614G S:Q628Q S:H655Y	21	16015	0.001311	23335	23539
A23357G A23403G C23525T	S:T599A S:D614G S:H655Y	21	14578	0.001441	23335	23539
A22845-T T22882G	NA S:N440K	21	14102	0.001489	22801	22888
T25248C C25262-T	S:M1229T NA	20	48081	0.000416	25122	25316
T25245C C25262-T	S:V1228A NA	20	47975	0.000417	25122	25325
T25187C	S:Y1209H	20	47320	0.000423	25174	25210
T25148C	S:S1196P	20	44751	0.000447	25122	25167
T24982C C25000T	S:P1140P S:D1146D	20	18131	0.001103	24938	25069
T24631C	S:N1023N	20	32509	0.000615	24612	24670
T24552C	S:I997T	20	56132	0.000356	24470	24564
T24469A A24493T	S:N969K S:L977F	20	50259	0.000398	24465	24679
T23680C	S:A706A	20	59355	0.000337	23676	23722
T23599G C23604A T23721C	S:N679K S:P681H S:I720T	20	54030	0.00037	23580	23724
T23599G C23604A T23719C	S:N679K S:P681H S:T719T	20	54077	0.00037	23580	23724
T23599G C23604A T23633+C	S:N679K S:P681H NA	20	104313	0.000192	23580	23641
T23599G C23604A G23699-C	S:N679K S:P681H NA	20	54973	0.000364	23580	23712
T23599G C23604A G23628A	S:N679K S:P681H S:S689N	20	104525	0.000191	23580	23642
T23599G C23604A C23647T	S:N679K S:P681H S:Y695Y	20	55783	0.000359	23580	23717
T23391C A23403G C23525T	S:V610A S:D614G S:H655Y	20	15508	0.00129	23335	23535
T23164-A	NA	20	2189	0.009137	23089	23198
G25130A	S:A1190T	20	42196	0.000474	25123	25161
G24124-T	NA	20	3303	0.006055	24093	24140
G23508A C23525T T23599G C23604A	S:C649Y S:H655Y S:N679K S:P681H	20	47821	0.000418	23492	23634
G23499+T C23525T T23599G C23604A	NA S:H655S S:N679* S:P681Y	20	47343	0.000422	23486	23625
G22898A T22942G	S:G446S S:N460K	20	7766	0.002575	22884	22944
G22487-A G22577C G22578A	NA S:G339H S:G339H	20	528	0.037879	22382	22581
G21987A A21993-TTACC A21999C G22022-A	S:G142D NA S:H146P NA	20	18024	0.00111	21847	22043
C25240-A C25262-T	NA NA	20	47781	0.000419	25122	25325
C25000T A25003-T	S:D1146D NA	20	24529	0.000815	24990	25022
C24981-T C25000T T25001C	NA S:D1146D S:S1147P	20	18002	0.001111	24872	25013
C23854A C23859+T	S:N764K NA	20	25223	0.000793	23822	23874
C23825+A	NA	20	26015	0.000769	23683	23842
C23525T T23599G C23604A C23609-G	S:H655Y S:N679K S:P681H NA	20	48093	0.000416	23487	23626
C23525T T23529A T23599G C23604A	S:H655Y S:V656D S:N679K S:P681H	20	48108	0.000416	23492	23624
C23525T G23562A T23599G C23604A	S:H655Y S:G667D S:N679K S:P681H	20	48108	0.000416	23487	23642
C23525T G23561A T23599G C23604A	S:H655Y S:G667S S:N679K S:P681H	20	48108	0.000416	23487	23642
C23525T C23530-A T23599G C23604A	S:H655Y NA S:N679K S:P681H	20	48108	0.000416	23508	23642
C23492-A	NA	20	67737	0.000295	23488	23504
C22109G T22200A A22245-T	S:Q183E S:V213E NA	20	2974	0.006725	22100	22259
A25247-T	NA	20	48183	0.000415	25234	25325
A25165G C25262-T	S:Q1201Q NA	20	37790	0.000529	25130	25325
A25136G	S:N1192D	20	44010	0.000454	25122	25148
A24968G C25000T	S:T1136A S:D1146D	20	17923	0.001116	24850	25064
A24962G C25000T	S:N1134D S:D1146D	20	17852	0.00112	24950	25069
A24949G C25000T	S:V1129V S:D1146D	20	17561	0.001139	24896	25051
A24669G	S:Q1036R	20	31910	0.000627	24635	24679
A24591G	S:Q1010R	20	26823	0.000746	24489	24675
A24567G	S:Q1002R	20	27242	0.000734	24526	24675
A24539+T	NA	20	56342	0.000355	24465	24556
A24498+T	NA	20	56609	0.000353	24488	24513
A24468-TTT	S:DEL970	20	50492	0.000396	24465	24497
A24424T T24469A T24511C	S:Q954H S:N969K S:R983R	20	26883	0.000744	24412	24564
A24424T T24469A C24536+A	S:Q954H S:N969K NA	20	26684	0.00075	24412	24564
A24424T T24451+A T24469A	S:Q954H NA S:N969Q	20	27137	0.000737	24412	24564
A24424T G24434T	S:Q954H S:A958S	20	27500	0.000727	24412	24460
A24424T C24536+A	S:Q954H NA	20	26684	0.00075	24412	24558
A24424T C24435-T T24469A	S:Q954H NA S:N969K	20	27137	0.000737	24412	24564
A24424T A24551G	S:Q954H S:I997V	20	26533	0.000754	24412	24564
A24110-T C24150+T	NA NA	20	2518	0.007943	24021	24170
A23708G	S:T716A	20	84382	0.000237	23683	23724
A23598+G	NA	20	105480	0.00019	23587	23621
A23594+C T23599G C23604A	NA S:N679* S:P681Y	20	105367	0.00019	23581	23707
A23403G T23480C C23525T	S:D614G S:S640P S:H655Y	20	16015	0.001249	23381	23539
A23403G T23452C C23525T	S:D614G S:T630T S:H655Y	20	16015	0.001249	23399	23539
A23403G C23525T A23534G	S:D614G S:H655Y S:N658D	20	15711	0.001273	23376	23539
A22798+G G22813T T22882G	NA S:K417N S:N440Q	20	13203	0.001515	22793	22890
A22041+G	NA	20	22092	0.000905	22033	22058
T25237C C25262-T	S:I1225I NA	19	47716	0.000398	25130	25325
T25233C C25262-T	S:L1224S NA	19	47589	0.000399	25130	25310
T25178C	S:Y1206H	19	46345	0.00041	25163	25199
T24660C	S:V1033A	19	32114	0.000592	24612	24679
T24583C	S:Y1007Y	19	26882	0.000707	24470	24672
T24469A T24552C	S:N969K S:I997T	19	49170	0.000386	24465	24559
T24469A A24520G	S:N969K S:K986K	19	49790	0.000382	24465	24564
T24417C A24424T	S:V952A S:Q954H	19	30235	0.000628	24412	24424
T23862+A	NA	19	25557	0.000743	23826	23872
T23837C C23854A	S:F759L S:N764K	19	24725	0.000768	23767	23895
T23830C C23854A	S:Y756Y S:N764K	19	24400	0.000779	23804	23895
T23714C C23854A	S:F718L S:N764K	19	19527	0.000973	23699	23895
T23698C C23854A	S:I712I S:N764K	19	19245	0.000987	23683	23895
T23599G C23604A G23675+T	S:N679K S:P681H NA	19	55391	0.000343	23580	23722
T23599G C23604A G23666-A A23712+T	S:N679K S:P681H NA NA	19	54315	0.00035	23580	23722
T23599G C23604A A23704-C	S:N679K S:P681H NA	19	54613	0.000348	23580	23724
T23584+C T23599G C23604A	NA S:N679* S:P681Y	19	105083	0.000181	23580	23690
T23514C C23525T T23599G C23604A	S:I651T S:H655Y S:N679K S:P681H	19	47956	0.000396	23498	23624
T23511+A C23525T	NA S:H655S	19	68214	0.000279	23499	23530
T23352C	S:V597A	19	33728	0.000563	23336	23366
T22896C G22898A	S:V445A S:G446S	19	11272	0.001686	22883	22930
G24521+T C24672-A	NA NA	19	25520	0.000745	24474	24679
G23505-C C23525T T23599G C23604A	NA S:H655Y S:N679K S:P681H	19	47694	0.000398	23487	23642
G21987A T21990-TTA C22000A G22018T	S:G142D S:DEL144 S:H146Q S:W152C	19	18402	0.001032	21972	22032
G21987A T21990-TTA C22000A A22007G	S:G142D S:DEL144 S:H146Q S:N149D	19	18658	0.001018	21970	22058
G21987A T21990-TTA C22000A A22005G	S:G142D S:DEL144 S:H146Q S:N148S	19	18658	0.001018	21974	22016
G21987A A21993-TTAC C22000A	S:G142D NA S:H146Q	19	18659	0.001018	21970	22056
C25262-T A25296G	NA S:K1245R	19	51715	0.000367	25251	25324
C25199T C25262-T	S:P1213S NA	19	41825	0.000454	25130	25284
C25169-T C25262-T	NA NA	19	38002	0.0005	25130	25324
C25000T T25072-G C25100-A T25191-A	S:D1146D NA NA NA	19	5216	0.003643	24990	25210
C25000T T25054C	S:D1146D S:V1164V	19	23415	0.000811	24990	25069
C25000T T25043C	S:D1146D S:S1161P	19	23599	0.000805	24990	25069
C24896T C24981-T C25000T	S:P1112S NA S:D1146D	19	17046	0.001115	24850	25010
C24878-A C24981-T C25000T	NA NA S:D1146D	19	16881	0.001126	24850	25012
C24668T	S:Q1036*	19	31940	0.000595	24612	24679
C24616+A	NA	19	32382	0.000587	24612	24650
C24563T	S:L1001F	19	55769	0.000341	24479	24564
C23816-T G23835-T	NA NA	19	25151	0.000755	23767	23847
C23707+G	NA	19	84434	0.000225	23700	23724
C23701-A	NA	19	84719	0.000224	23683	23709
C23683+A	NA	19	59445	0.00032	23668	23716
C23664T	S:A701V	19	58886	0.000323	23658	23724
C23638-A	NA	19	106275	0.000179	23628	23724
C23525T T23599G C23604A T23605C	S:H655Y S:N679K S:P681H S:P681H	19	48096	0.000395	23509	23642
C23525T T23529C	S:H655Y S:V656A	19	68247	0.000278	23516	23539
C23525T G23545A T23599G C23604A	S:H655Y S:E661E S:N679K S:P681H	19	48108	0.000395	23501	23642
C23525T A23583G T23599G C23604A	S:H655Y S:Y674C S:N679K S:P681H	19	48108	0.000395	23501	23634
C23334-T T23421+C	NA NA	19	10812	0.001757	23270	23429
C23188+T	NA	19	2178	0.008724	23090	23199
C22109G T22200A A22245-T G22317T	S:Q183E S:V213E NA S:G252V	19	2224	0.008543	22100	22319
C22109G C22120-A T22200A G22218-T	S:Q183E NA S:V213E NA	19	3452	0.005504	22100	22233
C21618T	S:T19I	19	565	0.033628	21602	21621
A25246G	S:V1228V	19	48149	0.000395	25223	25325
A24999G C25000T	S:D1146G S:D1146G	19	24655	0.000771	24990	25069
A24922+T C25000T	NA S:D1146S	19	17247	0.001102	24857	25019
A24654G	S:E1031G	19	32234	0.000589	24622	24666
A24604G	S:R1014R	19	26751	0.00071	24542	24676
A24580G	S:T1006T	19	27064	0.000702	24478	24679
A24537G	S:Q992R	19	56323	0.000337	24507	24563
A24424T T24469A T24552C	S:Q954H S:N969K S:I997T	19	26514	0.000717	24413	24564
A24424T C24503-T	S:Q954H NA	19	26927	0.000706	24412	24542
A24424T C24455-A T24469A	S:Q954H NA S:N969K	19	27137	0.0007	24412	24564
A24424T C24435+T	S:Q954H NA	19	27481	0.000691	24412	24451
A23853-C G23948T	NA S:D796Y	19	2537	0.007489	23846	23977
A23801G C23854A	S:T747A S:N764K	19	23850	0.000797	23777	23895
A23734G C23854A	S:T724T S:N764K	19	19664	0.000966	23705	23895
A23729G C23854A	S:T723A S:N764K	19	19624	0.000968	23712	23893
A23403G T23466C C23525T	S:D614G S:V635A S:H655Y	19	16015	0.001186	23344	23532
A23403G T23434C C23525T	S:D614G S:I624I S:H655Y	19	16015	0.001186	23369	23532
A23403G T23428C C23525T	S:D614G S:V622V S:H655Y	19	16015	0.001186	23397	23539
A23403G T23425C C23525T	S:D614G S:P621P S:H655Y	19	16015	0.001186	23382	23539
A23403G C23525T A23531G	S:D614G S:H655Y S:N657D	19	15909	0.001194	23362	23539
A23403G A23440G	S:D614G S:A626A	19	27468	0.000692	23389	23443
A23403G A23436G C23525T	S:D614G S:H625R S:H655Y	19	16015	0.001186	23335	23539
A23403G A23436G	S:D614G S:H625R	19	27569	0.000689	23335	23443
A23403G A23416G	S:D614G S:T618T	19	30027	0.000633	23379	23429
A23403G A23409G C23525T	S:D614G S:N616S S:H655Y	19	16015	0.001186	23376	23539
A23400+G	NA	19	30902	0.000615	23335	23413
A23357G A23403G	S:T599A S:D614G	19	28891	0.000658	23335	23432
A21972-T G21987A T21990-TTA C22000A	NA S:G142D S:DEL144 S:H146Q	19	18513	0.001026	21962	22058
A21917-T T21934-A G21987A T21990-TTA C22000A	NA NA S:G142D S:DEL144 S:H146Q	19	15593	0.001218	21909	22058
T25265G	S:C1235G	18	52280	0.000344	25251	25298
T25205C	S:Y1215H	18	49369	0.000365	25178	25210
T25180-G	NA	18	46435	0.000388	25125	25210
T25171C C25262-T	S:L1203L NA	18	38185	0.000471	25122	25325
T25123+A	NA	18	41086	0.000438	25122	25324
T24648C	S:M1029T	18	32313	0.000557	24612	24679
T24549C	S:L996S	18	56212	0.00032	24504	24564
T24549-G	NA	18	56212	0.00032	24536	24564
T24544C	S:D994D	18	56288	0.00032	24509	24564
T24475C	S:G971G	18	55052	0.000327	24470	24527
T24469A T24583C	S:N969K S:Y1007Y	18	21084	0.000854	24465	24676
T24469A T24529C	S:N969K S:A989A	18	49627	0.000363	24465	24564
T24469A G24476A	S:N969K S:A972T	18	50425	0.000357	24465	24535
T24469A A24677G	S:N969K S:R1039G	18	20130	0.000894	24465	24679
T24469A A24576G	S:N969K S:Q1005R	18	21285	0.000846	24465	24676
T24469A A24518G	S:N969K S:K986E	18	49810	0.000361	24465	24564
T23742C C23854A	S:L727P S:N764K	18	19714	0.000913	23699	23895
T23739C C23854A	S:I726T S:N764K	18	19703	0.000914	23683	23894
T23716-A	NA	18	84030	0.000214	23683	23728
T23599G C23604A G23653-T	S:N679K S:P681H NA	18	55704	0.000323	23580	23724
T23599G C23604A C23655T	S:N679K S:P681H S:S698L	18	55685	0.000323	23580	23724
T23599G C23604A C23638-A	S:N679K S:P681H NA	18	103847	0.000173	23580	23642
T23599G C23604A A23712+G	S:N679K S:P681H NA	18	54315	0.000331	23581	23724
T23511C C23525T T23599G C23604A	S:L650S S:H655Y S:N679K S:P681H	18	47903	0.000376	23487	23642
T23353C A23403G C23525T	S:V597V S:D614G S:H655Y	18	14540	0.001238	23335	23533
T23350C	S:S596S	18	33712	0.000534	23336	23384
T23344C	S:G594G	18	33673	0.000535	23335	23367
T23143-A C23230-A	NA NA	18	1926	0.009346	23129	23290
T22882G G22898A A22914-C T22942G	S:N440K S:G446S NA S:N460K	18	7733	0.002328	22863	22967
T22200A G22218-T G22317T	S:V213E NA S:G252V	18	3447	0.005222	22193	22319
T21886-A G21987A T21990-TTA A21999-C	NA S:G142D S:DEL144 NA	18	14906	0.001208	21848	22058
G25311A	S:C1250Y	18	54612	0.00033	25262	25325
G25311+C	NA	18	54612	0.00033	25304	25325
G25218T C25262-T	S:G1219V NA	18	46192	0.00039	25130	25325
G25127-T	NA	18	41744	0.000431	25124	25320
G24816-A	NA	18	2293	0.00785	24777	24943
G24574+A	NA	18	27162	0.000663	24470	24581
G24527A	S:A989T	18	56477	0.000319	24473	24564
G23587T T23599G C23604A	S:Q675H S:N679K S:P681H	18	105180	0.000171	23580	23642
G23364-A A23403G G23486-T C23525T	NA S:D614G NA S:H655Y	18	14626	0.001231	23335	23539
G23343A A23403G C23525T	S:G594D S:D614G S:H655Y	18	14429	0.001247	23335	23539
G23343A	S:G594D	18	33663	0.000535	23335	23369
G22898A	S:G446S	18	11275	0.001596	22884	22908
G22813T T22882G T22896C G22898A T22942G A22948-C	S:K417N S:N440K S:V445A S:G446S S:N460K NA	18	6257	0.002877	22793	22966
G22809-A G22813T T22882G G22895C T22896C G22898A	NA S:K417N S:N440K S:V445P S:V445P S:G446S	18	9911	0.001816	22793	22907
G22037-T	NA	18	22094	0.000815	22030	22058
C25292+G	NA	18	53512	0.000336	25281	25323
C25262-T T25309C	NA S:S1249S	18	51572	0.000349	25251	25325
C25262-T A25277G	NA S:S1239G	18	51852	0.000347	25251	25325
C25163+A C25262-T	NA NA	18	37644	0.000478	25122	25325
C25000T A25045G	S:D1146D S:S1161S	18	23557	0.000764	24990	25069
C24981-T T24991A C25000T	NA S:P1143P S:D1146D	18	18119	0.000993	24872	25069
C24899-A C25000T	NA S:D1146D	18	17072	0.001054	24867	25039
C24896T	S:P1112S	18	20901	0.000861	24853	24937
C24536-A C24672-A	NA NA	18	25603	0.000703	24499	24679
C23854A A23884G	S:N764K S:Q774Q	18	23804	0.000756	23838	23886
C23854A A23883G	S:N764K S:Q774R	18	23890	0.000753	23837	23895
C23812T C23854A	S:S750S S:N764K	18	24015	0.00075	23765	23873
C23525T T23599G C23604A C23630-A	S:H655Y S:N679K S:P681H NA	18	47426	0.00038	23498	23637
C23525T A23526+G	S:H655* NA	18	68251	0.000264	23486	23535
C23358+A	NA	18	33688	0.000534	23336	23366
C22109G G22317T	S:Q183E S:G252V	18	2224	0.008094	22101	22319
C21978A G21987A T21990-TTA A21999-C	S:P139Q S:G142D S:DEL144 NA	18	18653	0.000965	21958	22058
A25286G	S:S1242G	18	53283	0.000338	25260	25325
A25256-T	NA	18	51592	0.000349	25237	25325
A25206G C25262-T	S:Y1215C NA	18	43075	0.000418	25135	25276
A25201G	S:P1213P	18	48937	0.000368	25184	25210
A25185-G	NA	18	47129	0.000382	25178	25210
A25175G C25262-T	S:K1205E NA	18	38620	0.000466	25130	25325
A25168G	S:E1202E	18	45835	0.000393	25156	25210
A25167G	S:E1202G	18	45780	0.000393	25131	25185
A25142G	S:N1194D	18	44562	0.000404	25130	25210
A25133G C25262-T	S:K1191E NA	18	35252	0.000511	25122	25320
A24905-T	NA	18	20912	0.000861	24857	24916
A24894G C25000T	S:E1111G S:D1146D	18	17023	0.001057	24853	25069
A24670G	S:Q1036Q	18	31880	0.000565	24612	24679
A24612G	S:E1017G	18	26725	0.000674	24504	24679
A24479G	S:I973V	18	55617	0.000324	24473	24564
A24424T T24469A A24556G	S:Q954H S:N969K S:T998T	18	26386	0.000682	24415	24564
A24424T T24459C T24469A	S:Q954H S:L966P S:N969K	18	27137	0.000663	24412	24564
A24424T T24437C T24469A	S:Q954H S:L959L S:N969K	18	27137	0.000663	24412	24564
A24424T C24463T T24469A	S:Q954H S:S967S S:N969K	18	27137	0.000663	24412	24563
A24424T A24457G T24469A	S:Q954H S:Q965Q S:N969K	18	27137	0.000663	24412	24518
A24424T A24443G T24469A	S:Q954H S:T961A S:N969K	18	27137	0.000663	24412	24564
A23853-C C23887-A	NA NA	18	23628	0.000762	23767	23895
A23779G C23854A	S:T739T S:N764K	18	23516	0.000765	23683	23895
A23777-CA C23854A	NA S:N764K	18	23494	0.000766	23752	23881
A23764G C23854A	S:T734T S:N764K	18	19876	0.000906	23690	23890
A23720+C	NA	18	83662	0.000215	23695	23724
A23592T T23599G C23604A	S:Q677L S:N679K S:P681H	18	105304	0.000171	23580	23636
A23403G T23507C C23525T	S:D614G S:C649R S:H655Y	18	16015	0.001124	23382	23539
A23403G T23489C C23525T	S:D614G S:F643L S:H655Y	18	16015	0.001124	23335	23532
A23403G T23434C	S:D614G S:I624I	18	27636	0.000651	23394	23443
A23403G T23411C	S:D614G S:C617R	18	30232	0.000595	23335	23443
A23366G A23403G	S:T602A S:D614G	18	28988	0.000621	23335	23432
A22056G	S:N165S	18	21781	0.000826	22034	22058
A22041-T	NA	18	22092	0.000815	22031	22052
A21866G	S:R102G	18	22672	0.000794	21847	21882
T25189C	S:Y1209Y	17	47364	0.000359	25171	25227
T25180C C25262-T	S:Y1206Y NA	17	38963	0.000436	25122	25325
T25123-G	NA	17	41086	0.000414	25122	25143
T24871C C25000T	S:F1103F S:D1146D	17	16812	0.001011	24853	25069
T24799C	S:P1079P	17	8032	0.002117	24724	24806
T24634C	S:L1024L	17	32471	0.000524	24612	24679
T24499C	S:D979D	17	56629	0.0003	24481	24520
T24482C	S:S974P	17	56138	0.000303	24474	24505
T24469A T24523C	S:N969K S:V987V	17	49721	0.000342	24465	24564
T24469A T24499C	S:N969K S:D979D	17	50143	0.000339	24465	24564
T24469A A24667G	S:N969K S:G1035G	17	20354	0.000835	24465	24679
T24469A A24610G	S:N969K S:A1016A	17	20937	0.000812	24465	24679
T23842C C23854A	S:C760C S:N764K	17	24956	0.000681	23817	23892
T23765C C23854A	S:S735P S:N764K	17	19879	0.000855	23683	23895
T23703+C	NA	17	84554	0.000201	23688	23715
T23681+C	NA	17	59366	0.000286	23669	23724
T23599G C23604A T23713C	S:N679K S:P681H S:N717N	17	54275	0.000313	23583	23724
T23599G C23604A T23686-A	S:N679K S:P681H NA	17	55228	0.000308	23581	23721
T23599G C23604A T23680A	S:N679K S:P681H S:A706A	17	55319	0.000307	23580	23724
T23599G C23604A G23675A	S:N679K S:P681H S:V705I	17	55391	0.000307	23580	23711
T23599G C23604A G23675-T C23709-A	S:N679K S:P681H NA NA	17	54409	0.000312	23580	23724
T23599G C23604A C23609-GG A23717G	S:N679K S:P681H NA S:T719A	17	54219	0.000314	23580	23724
T23599G C23603T C23604A	S:N679K S:P681Y S:P681Y	17	105406	0.000161	23580	23642
T23511-A	NA	17	68832	0.000247	23501	23524
T23375C	S:S605P	17	32034	0.000531	23336	23388
T23371+A	NA	17	32557	0.000522	23335	23382
T23352C A23403G C23525T	S:V597A S:D614G S:H655Y	17	14535	0.00117	23345	23539
T23350C A23403G	S:S596S S:D614G	17	28800	0.00059	23335	23429
T22882G G22895C T22896C G22898A A22914-C T22942G	S:N440K S:V445P S:V445P S:G446S NA S:N460K	17	7733	0.002198	22839	22967
T21934-A G21987A	NA S:G142D	17	20057	0.000848	21902	21993
G25364-T	NA	17	3539	0.004804	25328	25372
G25305A	S:C1248Y	17	54317	0.000313	25248	25320
G25198A	S:W1212*	17	48406	0.000351	25171	25210
G25166-A	NA	17	45785	0.000371	25159	25180
G25157A	S:D1199N	17	45431	0.000374	25130	25176
G25127+T	NA	17	41744	0.000407	25122	25137
G24743-T	NA	17	7774	0.002187	24736	24789
G24638A	S:A1026T	17	32421	0.000524	24612	24679
G24510+T	NA	17	56613	0.0003	24476	24543
G24497T	S:D979Y	17	56608	0.0003	24476	24564
G23821-T C23854A	NA S:N764K	17	24155	0.000704	23778	23890
G23699+A	NA	17	84607	0.000201	23692	23712
G23499+T	NA	17	68304	0.000249	23487	23507
G23486-T	NA	17	18043	0.000942	23471	23505
G22895C T22896C G22898A	S:V445P S:V445P S:G446S	17	11272	0.001508	22883	22906
G22813T T22896C G22898A	S:K417N S:V445A S:G446S	17	9929	0.001712	22802	22928
G22813T A22845-T T22882G	S:K417N NA S:N440K	17	13468	0.001262	22793	22889
G21987A A21993-TTACC A21999C G22037-T	S:G142D NA S:H146P NA	17	17516	0.000971	21850	22058
G21969-T T21990-TTA C22000A	NA S:DEL144 S:H146Q	17	18383	0.000925	21959	22058
C25207G	S:Y1215*	17	49810	0.000341	25200	25325
C25207+G	NA	17	49810	0.000341	25200	25307
C25132T	S:A1190A	17	43551	0.00039	25122	25167
C25000T T25068C	S:D1146D S:I1169T	17	22699	0.000749	24990	25069
C25000T A25038G	S:D1146D S:H1159R	17	23688	0.000718	24992	25059
C24455-A T24469A	NA S:N969K	17	28157	0.000604	24412	24564
C24435-T	NA	17	28228	0.000602	24428	24457
C23854A T23875C	S:N764K S:A771A	17	24298	0.0007	23835	23881
C23854A A23894G	S:N764K Unknown	17	21933	0.000775	23750	23895
C23705T C23854A	S:P715S S:N764K	17	19458	0.000874	23683	23895
C23604A G23675-T	S:P681H NA	17	55492	0.000306	23580	23694
C23525T T23599G C23604A C23638T	S:H655Y S:N679K S:P681H S:I692I	17	46941	0.000362	23487	23641
C23525T T23590G T23599G C23604A	S:H655Y S:T676T S:N679K S:P681H	17	48108	0.000353	23487	23642
C23492+A	NA	17	67737	0.000251	23486	23502
A25327-T C25416T	NA ORF3a:F8F	17	2491	0.006825	25318	25477
A25271-T	NA	17	52658	0.000323	25263	25325
A25206G	S:Y1215C	17	49564	0.000343	25190	25210
A25193G	S:K1211E	17	48030	0.000354	25184	25197
A25185G	S:Q1208R	17	47129	0.000361	25130	25325
A24978G C25000T	S:D1139G S:D1146D	17	18072	0.000941	24943	25069
A24917G C25000T	S:N1119D S:D1146D	17	17218	0.000987	24856	25059
A24913G C25000T	S:T1117T S:D1146D	17	17200	0.000988	24850	25069
A24556+G	NA	17	55946	0.000304	24546	24563
A24424T T24469A T24529C	S:Q954H S:N969K S:A989A	17	26745	0.000636	24412	24564
A24424T G24428+A	S:Q954H NA	17	27532	0.000617	24412	24555
A24424T A24539+T	S:Q954H NA	17	26657	0.000638	24412	24564
A24424T A24518G	S:Q954H S:K986E	17	26832	0.000634	24412	24564
A24424T A24516G	S:Q954H S:D985G	17	26847	0.000633	24412	24564
A24424T A24495G	S:Q954H S:N978S	17	26972	0.00063	24412	24518
A24424T A24452G T24469A	S:Q954H S:K964E S:N969K	17	27137	0.000626	24412	24564
A24424T A24430G T24469A	S:Q954H S:A956A S:N969K	17	27137	0.000626	24412	24564
A24420G A24424T T24469A	S:N953S S:Q954H S:N969K	17	27107	0.000627	24412	24564
A24419G A24424T	S:N953D S:Q954H	17	30318	0.000561	24412	24424
A23852G C23854A	S:N764E S:N764E	17	25533	0.000666	23817	23895
A23847G C23854A	S:Q762R S:N764K	17	25309	0.000672	23751	23895
A23767G C23854A	S:S735S S:N764K	17	19895	0.000854	23699	23892
A23760G	S:K733R	17	23860	0.000712	23683	23772
A23594C T23599G C23604A	S:T678P S:N679K S:P681H	17	105367	0.000161	23580	23724
A23515-G C23525T	NA S:H655Y	17	68333	0.000249	23498	23531
A23403G T23511-A C23525T	S:D614G NA S:H655Y	17	16015	0.001062	23383	23537
A23403G T23507-GT C23525T	S:D614G NA S:H655Y	17	16015	0.001062	23372	23537
A23403G T23448C C23525T	S:D614G S:L629P S:H655Y	17	16015	0.001062	23389	23538
A23403G T23433C	S:D614G S:I624T	17	28260	0.000602	23335	23443
A23403G T23406C	S:D614G S:V615A	17	30351	0.00056	23396	23429
A23403G A23495G C23525T	S:D614G S:T645A S:H655Y	17	16015	0.001062	23335	23539
A23403G A23414G	S:D614G S:T618A	17	30089	0.000565	23388	23443
A23366G	S:T602A	17	32985	0.000515	23342	23389
A23362+G	NA	17	33499	0.000507	23335	23374
A23359-C A23403G C23525T	NA S:D614G S:H655Y	17	14589	0.001165	23335	23539
A23354+T	NA	17	33725	0.000504	23340	23362
A23319G A23403G	S:D586G S:D614G	17	10986	0.001547	23296	23443
A23310G A23403G	S:E583G S:D614G	17	10979	0.001548	23296	23443
A23276G A23403G	S:T572A S:D614G	17	10560	0.00161	23269	23443
A22924-T T22942G	NA S:N460K	17	9018	0.001885	22916	22944
A21979-T	NA	17	25101	0.000677	21847	21993
A21866G G21987A T21990-TTA C22000A	S:R102G S:G142D S:DEL144 S:H146Q	17	14640	0.001161	21847	22012
T25301A	S:C1247S	16	54018	0.000296	25280	25305
T25280+A	NA	16	53090	0.000301	25267	25287
T25228C G25281-C	S:A1222A NA	16	47241	0.000339	25201	25324
T25221C C25262-T	S:F1220S NA	16	46846	0.000342	25122	25325
T25191C	S:I1210T	16	47818	0.000335	25171	25199
T25191-A A25256+T C25262-T	NA NA NA	16	40854	0.000392	25122	25316
T25152-C	NA	16	45300	0.000353	25145	25210
T24733C	S:P1057P	16	7665	0.002087	24724	24791
T24481C	S:I973I	16	56036	0.000286	24465	24490
T24469A T24487C	S:N969K S:S975S	16	50339	0.000318	24465	24564
T24469A T24475C	S:N969K S:G971G	16	50430	0.000317	24465	24564
T24469A A24562G	S:N969K S:R1000R	16	48842	0.000328	24465	24564
T24469A A24531G	S:N969K S:E990G	16	49602	0.000323	24465	24564
T24469A A24498G	S:N969K S:D979G	16	50151	0.000319	24465	24564
T23783C C23854A	S:Y741H S:N764K	16	23550	0.000679	23683	23895
T23599G C23664T	S:N679K S:A701V	16	55571	0.000288	23580	23724
T23599G C23604A G23675-T A23712+T	S:N679K S:P681H NA NA	16	54315	0.000295	23580	23724
T23599G C23604A G23616-T	S:N679K S:P681H NA	16	105312	0.000152	23581	23624
T23599G C23604A C23707+G	S:N679K S:P681H NA	16	54483	0.000294	23580	23724
T23599G C23604A A23712G	S:N679K S:P681H S:N717S	16	54315	0.000295	23580	23724
T23599G C23604A A23688G A23704G	S:N679K S:P681H S:N709S S:I714M	16	54613	0.000293	23581	23724
T23599G C23601T C23604A	S:N679K S:S680F S:P681H	16	105406	0.000152	23580	23641
T23584+C C23604A	NA S:P681Y	16	105083	0.000152	23580	23673
T23396C A23403G	S:Y612H S:D614G	16	30207	0.00053	23335	23443
T23392C A23403G	S:V610V S:D614G	16	29985	0.000534	23335	23432
T23389C A23403G	S:A609A S:D614G	16	29862	0.000536	23335	23424
T23346C C23525T	S:V595A S:H655Y	16	14473	0.001106	23335	23539
T23344+G	NA	16	33673	0.000475	23335	23370
T21886-A T21934-A G21987A T21990-TTA A21999-C	NA NA S:G142D S:DEL144 NA	16	14906	0.001073	21847	22058
G25218-TT C25262-T	NA NA	16	46192	0.000346	25122	25325
G25157A C25262-T	S:D1199N NA	16	37172	0.00043	25122	25292
G24776-A	NA	16	8208	0.001949	24735	24790
G24693-A	NA	16	5913	0.002706	24673	24703
G24488-T C24517-A C24672-A	NA NA NA	16	25042	0.000639	24470	24679
G24488-T C24517-A	NA NA	16	55710	0.000287	24480	24528
G23903-T	NA	16	4033	0.003967	23767	23922
G23593A T23599G C23604A	S:Q677Q S:N679K S:P681H	16	105342	0.000152	23580	23642
G23519+A C23525T T23599G C23604A	NA S:H655S S:N679* S:P681Y	16	48063	0.000333	23505	23642
G23516A C23525T T23599G C23604A	S:G652R S:H655Y S:N679K S:P681H	16	48002	0.000333	23487	23642
G23499+T C23525T	NA S:H655S	16	67461	0.000237	23487	23538
G22813T T22942G	S:K417N S:N460K	16	6498	0.002462	22799	22966
G22813T T22882G T22891+A G22895C G22898A	S:K417N S:N440K NA S:V445R S:G446R	16	9929	0.001611	22793	22916
G22813T G22898A	S:K417N S:G446S	16	9929	0.001611	22793	22906
G22813T G22859+T T22882G	S:K417N NA S:N440Q	16	13468	0.001188	22793	22889
G22813T A22872+T T22882G	S:K417N NA S:N440Q	16	13468	0.001188	22793	22889
G22487-A	NA	16	738	0.02168	22368	22499
G21987A T21990-TTA C22000A T22027C	S:G142D S:DEL144 S:H146Q S:S155S	16	17797	0.000899	21947	22058
G21987A T21990-TTA A21999-C A22023G	S:G142D S:DEL144 NA S:E154G	16	18020	0.000888	21957	22058
G21898-A G21987A T21990-TTA A21999-C	NA S:G142D S:DEL144 NA	16	15171	0.001055	21880	22024
G21569-T	NA	16	684	0.023392	21463	21581
C25292T	S:L1244F	16	53512	0.000299	25251	25325
C25262-T T25303C	NA S:C1247C	16	51651	0.00031	25251	25325
C25262-T T25288C	NA S:S1242S	16	51789	0.000309	25251	25325
C25169-T	NA	16	45867	0.000349	25154	25179
C25163-A C25262-T	NA NA	16	37644	0.000425	25141	25325
C25100-A	NA	16	5925	0.0027	25009	25140
C25000T T25051C	S:D1146D S:D1163D	16	23468	0.000682	24990	25069
C25000T T25005C	S:D1146D S:F1148S	16	24516	0.000653	24990	25034
C25000T A25050G	S:D1146D S:D1163G	16	23478	0.000681	24990	25065
C25000T A25007G	S:D1146D S:K1149E	16	24460	0.000654	24994	25068
C24878-A C25000T	NA S:D1146D	16	16881	0.000948	24850	25008
C24784-T	NA	16	8264	0.001936	24777	24943
C24559T	S:G999G	16	55914	0.000286	24509	24564
C24517+A	NA	16	56563	0.000283	24472	24534
C24223+T	NA	16	3211	0.004983	24161	24242
C23701-A C23854A	NA S:N764K	16	19416	0.000824	23683	23881
C23604A A23639-T	S:P681H NA	16	103361	0.000155	23599	23642
C23591+G T23599G C23604A	NA S:N679* S:P681Y	16	105287	0.000152	23580	23642
C23525T T23599G C23603+A C23604G	S:H655Y S:N679K NA S:P681S	16	48108	0.000333	23487	23637
C23525T G23528A T23599G C23604A	S:H655Y S:V656I S:N679K S:P681H	16	48108	0.000333	23487	23629
C23334-T T23377+A	NA NA	16	11448	0.001398	23282	23400
C22109G T22200A C22281+T G22317T	S:Q183E S:V213E NA S:G252L	16	2224	0.007194	22100	22319
C22109G C22120-A A22161-T T22200A G22317T	S:Q183E NA NA S:V213E S:G252V	16	2224	0.007194	22100	22319
C22109G A22161-T T22200A G22317T	S:Q183E NA S:V213E S:G252V	16	2224	0.007194	22100	22319
C21516+T C21618T T21632-TACCCCCTG	NA S:T19F S:DEL25/27	16	287	0.055749	21509	21653
A25259G	S:M1233V	16	51787	0.000309	25251	25325
A25235-T	NA	16	47858	0.000334	25224	25250
A25146G C25262-T	S:E1195G NA	16	36215	0.000442	25122	25324
A24962G C24981-T C25000T	S:N1134D NA S:D1146D	16	17852	0.000896	24850	25017
A24877G C25000T	S:T1105T S:D1146D	16	16872	0.000948	24853	25013
A24779G	S:K1073E	16	8248	0.00194	24757	24801
A24758G	S:T1066A	16	7994	0.002002	24744	24803
A24569G	S:S1003G	16	27209	0.000588	24500	24590
A24500G	S:I980V	16	56634	0.000283	24483	24564
A24479+T	NA	16	55617	0.000288	24470	24495
A24424T T24514C	S:Q954H S:L984L	16	26857	0.000596	24412	24564
A24424T T24506C	S:Q954H S:S982P	16	26917	0.000594	24412	24564
A24424T T24469A T24499C	S:Q954H S:N969K S:D979D	16	26955	0.000594	24412	24564
A24424T T24469A G24497T	S:Q954H S:N969K S:D979Y	16	26959	0.000593	24413	24564
A24424T T24469A A24562G	S:Q954H S:N969K S:R1000R	16	26275	0.000609	24412	24564
A24424T T24469A A24560G	S:Q954H S:N969K S:R1000G	16	26300	0.000608	24412	24564
A24424T T24469A A24538G	S:Q954H S:N969K S:Q992Q	16	26661	0.0006	24412	24564
A24424T T24438C T24469A	S:Q954H S:L959S S:N969K	16	27137	0.00059	24412	24564
A24424T G24428+A T24469A	S:Q954H NA S:N969Q	16	27137	0.00059	24412	24564
A24424T A24441G	S:Q954H S:N960S	16	27439	0.000583	24413	24564
A24424C T24469A	S:Q954H S:N969K	16	27137	0.00059	24412	24558
A24423G A24424T T24469A	S:Q954R S:Q954R S:N969K	16	27129	0.00059	24412	24564
A24110-T G24124-T	NA NA	16	2645	0.006049	24021	24151
A23813G C23854A	S:N751D S:N764K	16	24024	0.000666	23762	23895
A23806G C23854A	S:E748E S:N764K	16	23942	0.000668	23725	23895
A23770G C23854A	S:V736V S:N764K	16	23428	0.000683	23767	23895
A23712+T G23768-T	NA NA	16	23344	0.000685	23697	23780
A23690G C23854A	S:N710D S:N764K	16	19136	0.000836	23683	23895
A23572G T23599G C23604A	S:I670M S:N679K S:P681H	16	48941	0.000327	23567	23625
A23515+G C23525T A23558-T T23599G C23604A	NA S:H655S NA S:N679* S:P681Y	16	47978	0.000333	23487	23639
A23474+T	NA	16	18031	0.000887	23455	23539
A23403G T23470C C23525T	S:D614G S:Y636Y S:H655Y	16	16015	0.000999	23385	23533
A23403G T23437C C23525T	S:D614G S:H625H S:H655Y	16	16015	0.000999	23375	23539
A23403G A23474G C23525T	S:D614G S:T638A S:H655Y	16	16015	0.000999	23335	23539
A23403G A23414G C23525T	S:D614G S:T618A S:H655Y	16	16015	0.000999	23382	23539
A23403G A23408G	S:D614G S:N616D	16	30328	0.000528	23394	23443
A23303G A23403G	S:T581A S:D614G	16	10971	0.001458	23296	23443
A21964-T	NA	16	24742	0.000647	21847	21978
A21964+T G21987A	NA S:G142E	16	22210	0.00072	21847	21993
T25312+C	NA	15	54647	0.000274	25293	25323
T25268A	S:C1236S	15	52481	0.000286	25251	25325
T25129C C25262-T	S:V1189V NA	15	33832	0.000443	25122	25281
T25129A	S:V1189V	15	42028	0.000357	25122	25180
T24960C C25000T	S:V1133A S:D1146D	15	17775	0.000844	24910	25029
T24756+C	NA	15	7916	0.001895	24740	24943
T24628-A	NA	15	32495	0.000462	24612	24637
T24513C	S:L984P	15	56578	0.000265	24473	24564
T24469A T24643+A	S:N969K NA	15	20683	0.000725	24465	24679
T24469A T24622C	S:N969K S:A1020A	15	20872	0.000719	24465	24679
T24469A T24496C	S:N969K S:N978N	15	50203	0.000299	24465	24564
T24469A T24472-G T24492-A	S:N969K NA NA	15	50297	0.000298	24465	24564
T24469A C24517-A	S:N969K NA	15	49824	0.000301	24465	24564
T24469A C24503-T	S:N969K NA	15	50056	0.0003	24465	24544
T24469A A24580G	S:N969K S:T1006T	15	21248	0.000706	24465	24661
T24469A A24551G	S:N969K S:I997V	15	49200	0.000305	24465	24564
T24469A A24500G	S:N969K S:I980V	15	50131	0.000299	24465	24564
T24280+A	NA	15	6816	0.002201	24229	24293
T23916+A G23948T	NA S:D796*	15	3024	0.00496	23895	23978
T23850+A C23887-A	NA NA	15	23513	0.000638	23813	23895
T23721C C23854A	S:I720T S:N764K	15	19548	0.000767	23683	23895
T23716C C23854A	S:F718F S:N764K	15	19529	0.000768	23683	23895
T23698+C	NA	15	84616	0.000177	23691	23708
T23599G C23604A T23689C A23690T	S:N679K S:P681H S:N709N S:N710Y	15	55158	0.000272	23580	23724
T23599G C23604A T23645-A	S:N679K S:P681H NA	15	55820	0.000269	23592	23724
T23599G C23604A T23641-G C23664T	S:N679K S:P681H NA S:A701V	15	55571	0.00027	23580	23705
T23599G C23604A C23718T	S:N679K S:P681H S:T719I	15	54193	0.000277	23580	23722
T23599G C23604A C23609+G	S:N679K S:P681H NA	15	105366	0.000142	23581	23626
T23599G C23604A A23720-T	S:N679K S:P681H NA	15	54051	0.000278	23581	23724
T23563+C T23599G C23604A	NA S:N679* S:P681Y	15	48798	0.000307	23486	23639
T23542C T23599G C23604A	S:Y660Y S:N679K S:P681H	15	48442	0.00031	23526	23642
T23482-A C23525T	NA S:H655Y	15	17773	0.000844	23462	23537
T23411-G	NA	15	30898	0.000485	23335	23420
T23355C A23403G C23525T	S:I598T S:D614G S:H655Y	15	14558	0.00103	23335	23535
T22882G T22896C	S:N440K S:V445A	15	11239	0.001335	22850	22962
T22882G G22895C T22896C T22942G	S:N440K S:V445P S:V445P S:N460K	15	7733	0.00194	22876	22947
T21981C G21987A T21990-TTA C22000A	S:F140S S:G142D S:DEL144 S:H146Q	15	18659	0.000804	21957	22058
T21981C G21987A	S:F140S S:G142D	15	22834	0.000657	21926	21992
T21960C	S:F133S	15	24602	0.00061	21847	21981
T21934-A G21987A A21993-TTACC A21999C	NA S:G142D NA S:H146P	15	15887	0.000944	21847	22058
G25298A	S:G1246S	15	53849	0.000279	25274	25325
G25297A	S:K1245K	15	53792	0.000279	25276	25325
G25287-T G25302-T	NA NA	15	53179	0.000282	25277	25325
G25284C	S:C1241S	15	53188	0.000282	25248	25325
G25238A C25262-T	S:A1226T NA	15	47742	0.000314	25130	25325
G25229A	S:G1223S	15	47646	0.000315	25207	25325
G25212A	S:W1217*	15	45252	0.000331	25204	25325
G25204T C25262-T	S:W1214C NA	15	42660	0.000352	25122	25325
G25204A	S:W1214*	15	49180	0.000305	25166	25210
G25145+A	NA	15	44678	0.000336	25138	25161
G25130+C C25262-T	NA NA	15	33978	0.000441	25123	25325
G24998T C25000T	S:D1146Y S:D1146Y	15	24646	0.000609	24990	25069
G24883-A	NA	15	21019	0.000714	24869	24943
G24858A C25000T	S:G1099D S:D1146D	15	16673	0.0009	24850	25012
G24776+A	NA	15	8208	0.001827	24724	24805
G23699A C23854A	S:A713T S:N764K	15	19261	0.000779	23683	23895
G23663+T	NA	15	58808	0.000255	23655	23724
G23522+A C23525T	NA S:H655S	15	68552	0.000219	23486	23535
G23384-T A23403G	NA S:D614G	15	29564	0.000507	23335	23429
G23340A C23525T	S:G593D S:H655Y	15	14359	0.001045	23336	23539
G22961+T	NA	15	10100	0.001485	22954	22967
G22813T T22882G T22896C	S:K417N S:N440K S:V445A	15	9929	0.001511	22795	22907
G22813T T22882G G22895C T22896C G22898A A22924-T T22942G	S:K417N S:N440K S:V445P S:V445P S:G446S NA S:N460K	15	6498	0.002308	22793	22967
G22030+A	NA	15	22088	0.000679	22023	22045
G21987A T21990-TTA C22000A T22020C	S:G142D S:DEL144 S:H146Q S:M153T	15	18162	0.000826	21967	22058
G21987A T21990-TTA C22000A A22013G	S:G142D S:DEL144 S:H146Q S:S151G	15	18640	0.000805	21950	22058
C25318T	S:S1252S	15	54625	0.000275	25301	25325
C25294-A C25416T	NA ORF3a:F8F	15	2267	0.006617	25286	25477
C25262-T T25306C	NA S:C1248C	15	51637	0.00029	25251	25325
C25262-T T25306-TC	NA NA	15	51637	0.00029	25122	25325
C25262-T C25466-T	NA NA	15	1599	0.009381	25251	25477
C25262-T C25324+A	NA NA	15	51097	0.000294	25251	25325
C25227T	S:A1222V	15	47562	0.000315	25204	25325
C25163+A	NA	15	45700	0.000328	25153	25175
C25162T	S:L1200L	15	45686	0.000328	25156	25210
C25153-A	NA	15	45290	0.000331	25141	25161
C25000T T25036C	S:D1146D S:N1158N	15	23722	0.000632	24990	25069
C25000T G25052+T	S:D1146D NA	15	23455	0.00064	24990	25068
C25000T A25003G	S:D1146D S:S1147S	15	24529	0.000612	24990	25069
C24509T	S:R983C	15	56602	0.000265	24481	24527
C24483+A	NA	15	56217	0.000267	24474	24492
C24026-T A24110-T C24119-A	NA NA NA	15	2376	0.006313	24021	24139
C23887-AA	NA	15	24519	0.000612	23683	23895
C23887-A G23903-T	NA NA	15	3912	0.003834	23792	23915
C23887-A C23929-A	NA NA	15	3666	0.004092	23767	23942
C23854A C23874-T	S:N764K NA	15	24445	0.000614	23846	23895
C23825T C23854A	S:Q755* S:N764K	15	24270	0.000618	23683	23895
C23778+A	NA	15	27213	0.000551	23683	23789
C23525T T23599G C23604A T23622+G	S:H655Y S:N679K S:P681H NA	15	48047	0.000312	23487	23638
C23525T C23557T A23558-T T23599G C23604A	S:H655Y S:P665P NA S:N679K S:P681H	15	48108	0.000312	23486	23642
C23492+A C23525T T23599G C23604A	NA S:H655S S:N679* S:P681Y	15	46887	0.00032	23486	23641
C22000A G22014-T	S:H146Q NA	15	20333	0.000738	21996	22058
A25256+T	NA	15	51592	0.000291	25251	25323
A25243G	S:I1227M	15	48038	0.000312	25212	25325
A25216-G C25262-T	NA NA	15	45837	0.000327	25130	25325
A24936G C25000T	S:N1125S S:D1146D	15	17362	0.000864	24914	25014
A24918G C25000T	S:N1119S S:D1146D	15	17225	0.000871	24856	25069
A24915G C25000T	S:D1118G S:D1146D	15	17212	0.000871	24853	25069
A24774G	S:Q1071R	15	8197	0.00183	24756	24797
A24652G	S:S1030S	15	32260	0.000465	24626	24679
A24646G	S:K1028K	15	32358	0.000464	24612	24669
A24592G	S:Q1010Q	15	26811	0.000559	24473	24620
A24587G	S:T1009A	15	26849	0.000559	24495	24679
A24519G	S:K986R	15	56580	0.000265	24504	24564
A24424T T24487C	S:Q954H S:S975S	15	27016	0.000555	24412	24534
A24424T T24469A T24541C	S:Q954H S:N969K S:I993I	15	26645	0.000563	24413	24561
A24424T T24469A T24475C	S:Q954H S:N969K S:G971G	15	27081	0.000554	24412	24564
A24424T T24469A A24556-G	S:Q954H S:N969K NA	15	26386	0.000568	24412	24561
A24424T T24464C T24469A	S:Q954H S:S968P S:N969K	15	27137	0.000553	24413	24537
A24424T T24450C	S:Q954H S:V963A	15	27333	0.000549	24412	24564
A24424T A24556+G	S:Q954H NA	15	26386	0.000568	24412	24564
A24424T A24433G	S:Q954H S:Q957Q	15	27513	0.000545	24412	24500
A24424T A24432G T24469A	S:Q954H S:Q957R S:N969K	15	27137	0.000553	24417	24564
A24324-AT A24424T	NA S:Q954H	15	2345	0.006397	24229	24424
A23829G C23854A	S:Y756C S:N764K	15	24384	0.000615	23683	23895
A23827G C23854A	S:Q755Q S:N764K	15	24335	0.000616	23683	23873
A23732G C23854A	S:T724A S:N764K	15	19646	0.000764	23683	23895
A23712-T C23854A	NA S:N764K	15	19511	0.000769	23685	23895
A23712+G	NA	15	84167	0.000178	23704	23724
A23523T C23525T T23599G C23604A	S:E654V S:H655Y S:N679K S:P681H	15	48106	0.000312	23487	23622
A23515+G C23525T C23604A	NA S:H655S S:P681Y	15	47978	0.000313	23487	23624
A23515+G	NA	15	68785	0.000218	23487	23530
A23403G T23464C C23525T	S:D614G S:R634R S:H655Y	15	16015	0.000937	23385	23533
A23403G T23407C	S:D614G S:V615V	15	30351	0.000494	23365	23432
A23403G C23502T C23525T	S:D614G S:A647V S:H655Y	15	16015	0.000937	23335	23539
A23403G C23424-T	S:D614G NA	15	29691	0.000505	23393	23436
A23403G A23493G C23525T	S:D614G S:Q644R S:H655Y	15	16015	0.000937	23335	23532
A23382T	S:Q607L	15	31630	0.000474	23335	23387
A23368G	S:T602T	15	32880	0.000456	23336	23377
A23359-C G23364-A A23403G C23525T	NA NA S:D614G S:H655Y	15	14589	0.001028	23342	23539
A23321+T C23334-T	NA NA	15	11879	0.001263	23269	23370
A23299G A23403G	S:P579P S:D614G	15	10971	0.001367	23296	23443
A22036G	S:R158R	15	22126	0.000678	22030	22037
A21875-T G21987A A21993-TTACC A21999C	NA S:G142D NA S:H146P	15	14757	0.001016	21856	22017
T25293-C	NA	14	53579	0.000261	25271	25325
T25219G	S:G1219G	14	46611	0.0003	25211	25324
T25196-G	NA	14	48246	0.00029	25151	25210
T24979C C25000T	S:D1139D S:D1146D	14	18085	0.000774	24929	25069
T24927C C25000T	S:V1122A S:D1146D	14	17281	0.00081	24850	25069
T24663C	S:L1034P	14	31997	0.000438	24622	24679
T24628+A	NA	14	32495	0.000431	24625	24676
T24491C	S:L977L	14	56612	0.000247	24479	24549
T24469A T24660+A C24672-A	S:N969K NA NA	14	20260	0.000691	24465	24679
T24469A T24534C	S:N969K S:V991A	14	49549	0.000283	24465	24564
T24469A T24514C	S:N969K S:L984L	14	49864	0.000281	24465	24564
T24469A T24511C	S:N969K S:R983R	14	49920	0.00028	24465	24564
T24469A T24501C	S:N969K S:I980T	14	50089	0.00028	24465	24564
T24469A T24482C	S:N969K S:S974P	14	50392	0.000278	24465	24564
T24469A G24547-T	S:N969K NA	14	49281	0.000284	24465	24564
T24469A A24543G	S:N969K S:D994G	14	49376	0.000284	24465	24564
T24469A A24532G	S:N969K S:E990E	14	49587	0.000282	24465	24564
T24469A A24508G	S:N969K S:S982S	14	49974	0.00028	24465	24564
T23794C C23854A	S:G744G S:N764K	14	23722	0.00059	23683	23895
T23776-A C23854A	NA S:N764K	14	23487	0.000596	23728	23895
T23719+A	NA	14	83721	0.000167	23691	23724
T23686C	S:S708S	14	84202	0.000166	23683	23720
T23686+A	NA	14	84202	0.000166	23684	23703
T23599G C23604A T23637-C	S:N679K S:P681H NA	14	103880	0.000135	23582	23642
T23599G C23604A A23627-G	S:N679K S:P681H NA	14	104557	0.000134	23580	23642
T23590-C T23599G C23604A	NA S:N679K S:P681H	14	105266	0.000133	23580	23637
T23521C C23525T T23599G C23604A G23610A	S:A653A S:H655Y S:N679K S:P681H S:R683Q	14	48074	0.000291	23508	23642
T23500C C23525T	S:R646R S:H655Y	14	67540	0.000207	23496	23539
T23407+G C23525T	NA S:H655S	14	16398	0.000854	23336	23531
T23355+A	NA	14	33736	0.000415	23338	23370
T23335C A23403G	S:S591S S:D614G	14	11012	0.001271	23269	23443
T23289+C	NA	14	14160	0.000989	23282	23299
T22882G G22895C T22942G	S:N440K S:V445L S:N460K	14	7733	0.00181	22876	22952
T21934-A G21987A C22000A	NA S:G142D S:H146Q	14	15887	0.000881	21847	22054
G25284A	S:C1241Y	14	53188	0.000263	25270	25316
G25213A	S:W1217*	14	45378	0.000309	25190	25316
G25173A C25262-T	S:G1204E NA	14	38420	0.000364	25130	25325
G25172T	S:G1204*	14	45998	0.000304	25161	25309
G25145+A C25262-T	NA NA	14	36146	0.000387	25130	25324
G25126A	S:E1188E	14	41601	0.000337	25123	25165
G24665A	S:G1035R	14	31977	0.000438	24612	24679
G24635A	S:A1025T	14	32465	0.000431	24612	24679
G24488+T	NA	14	56439	0.000248	24470	24507
G24164-A	NA	14	6549	0.002138	24148	24179
G23726-T C23854A	NA S:N764K	14	19594	0.000715	23683	23895
G23508+T A23515+G C23525T T23599G C23604A	NA NA S:H655Y S:N679L S:P681H	14	47821	0.000293	23486	23619
G23501+C	NA	14	68411	0.000205	23493	23513
G23420-T	NA	14	30880	0.000453	23335	23428
G23345A	S:V595I	14	33694	0.000416	23335	23383
G23340A	S:G593D	14	33565	0.000417	23336	23357
G22898A A22914-C T22942G	S:G446S NA S:N460K	14	7766	0.001803	22858	22967
G22813T T22882G G22895C T22896C G22898A T22942G A22948C	S:K417N S:N440K S:V445P S:V445P S:G446S S:N460K S:K462N	14	6257	0.002237	22793	22966
G22809-A T22882G	NA S:N440K	14	13450	0.001041	22793	22893
G22104-A C22109G	NA S:Q183E	14	3904	0.003586	22100	22121
G22051-A	NA	14	21934	0.000638	22034	22058
G21987A A21993-TT C22000A	S:G142D NA S:H146Q	14	18659	0.00075	21968	22049
C25324T	S:C1254C	14	54373	0.000257	25303	25324
C25294-A G25302-T	NA NA	14	53528	0.000262	25277	25324
C25275T	S:T1238I	14	52853	0.000265	25214	25325
C25262-T T25280C	NA S:C1240R	14	51842	0.00027	25122	25325
C25262-T G25305+T	NA NA	14	51642	0.000271	25251	25324
C25262-T G25290T	NA S:C1243F	14	51772	0.00027	25130	25325
C25200T	S:P1213L	14	48778	0.000287	25188	25264
C25156T	S:I1198I	14	45420	0.000308	25151	25210
C25000T T25021-A	S:D1146D NA	14	23979	0.000584	24991	25032
C24878+A C24981-T C25000T	NA NA S:D1146S	14	16881	0.000829	24850	25011
C24672-A G24693-A	NA NA	14	5565	0.002516	24612	24705
C24575T	S:Q1005*	14	27156	0.000516	24505	24579
C24566-A	NA	14	27254	0.000514	24511	24576
C24477T	S:A972V	14	55419	0.000253	24470	24545
C24431+A	NA	14	28177	0.000497	24412	24441
C24418T A24424T T24469A	S:V952V S:Q954H S:N969K	14	27071	0.000517	24412	24564
C24150-T	NA	14	6525	0.002146	24148	24171
C24026-T G24140-T	NA NA	14	2162	0.006475	24021	24170
C23859+T C23887-A	NA NA	14	23902	0.000586	23683	23895
C23854A C23882T	S:N764K S:Q774*	14	24043	0.000582	23835	23895
C23816-T C23859+T	NA NA	14	23744	0.00059	23683	23868
C23731T C23854A	S:T723T S:N764K	14	19641	0.000713	23683	23895
C23718+G	NA	14	83861	0.000167	23709	23724
C23709-A C23854A	NA S:N764K	14	19498	0.000718	23683	23895
C23525T G23547A T23599G C23604A	S:H655Y S:C662Y S:N679K S:P681H	14	48108	0.000291	23487	23641
C23525T A23586T T23599G C23604A	S:H655Y S:Q675L S:N679K S:P681H	14	48108	0.000291	23487	23642
C23525T A23554-C T23599G C23604A	S:H655Y NA S:N679K S:P681H	14	48108	0.000291	23487	23633
C23367+A C23525T	NA S:H655S	14	14673	0.000954	23335	23539
C23334-T T23355-A	NA NA	14	11741	0.001192	23269	23382
C23103-T T23143-A	NA NA	14	2134	0.00656	23089	23156
C22109G T22200A G22302+T G22317T	S:Q183E S:V213E NA S:G252L	14	2224	0.006295	22102	22319
A25243C	S:I1227I	14	48038	0.000291	25220	25325
A25208G	S:I1216V	14	50313	0.000278	25183	25210
A25190G C25262-T	S:I1210V NA	14	40407	0.000346	25122	25325
A25137G	S:N1192S	14	44073	0.000318	25122	25206
A25134G C25262-T	S:K1191R NA	14	35377	0.000396	25127	25323
A24970G C25000T	S:T1136T S:D1146D	14	17943	0.00078	24866	25068
A24936G C24981-T C25000T	S:N1125S NA S:D1146D	14	17362	0.000806	24850	25059
A24782G	S:N1074D	14	8261	0.001695	24753	24806
A24753G	S:H1064R	14	7893	0.001774	24724	24782
A24629G	S:N1023D	14	32493	0.000431	24612	24679
A24614-T	NA	14	32387	0.000432	24612	24646
A24613G	S:E1017E	14	32386	0.000432	24612	24679
A24576G	S:Q1005R	14	27108	0.000516	24491	24579
A24494G	S:N978D	14	56577	0.000247	24479	24520
A24468-T C24672-A	NA NA	14	20257	0.000691	24465	24679
A24424T T24469A T24548C	S:Q954H S:N969K S:L996L	14	26568	0.000527	24413	24564
A24424T T24469A T24472C	S:Q954H S:N969K S:F970F	14	27096	0.000517	24412	24564
A24424T T24469A G24557T	S:Q954H S:N969K S:G999C	14	26363	0.000531	24412	24564
A24424T T24469A G24476A	S:Q954H S:N969K S:A972T	14	27077	0.000517	24412	24564
A24424T T24469A A24543G	S:Q954H S:N969K S:D994G	14	26631	0.000526	24412	24564
A24424T T24469A A24518G	S:Q954H S:N969K S:K986E	14	26832	0.000522	24412	24564
A24424T T24448C	S:Q954H S:L962L	14	27351	0.000512	24412	24564
A24424T T24438+A T24451+A	S:Q954H NA NA	14	27314	0.000513	24416	24563
A24424T G24445A T24469A	S:Q954H S:T961T S:N969K	14	27137	0.000516	24412	24476
A24424T A24457G	S:Q954H S:Q965Q	14	27242	0.000514	24412	24564
A24424T A24454G T24469A	S:Q954H S:K964K S:N969K	14	27137	0.000516	24413	24564
A24424T A24433G T24469A	S:Q954H S:Q957Q S:N969K	14	27137	0.000516	24417	24564
A24318-C	NA	14	6677	0.002097	24288	24336
A24253-T C24263-A	NA NA	14	6255	0.002238	24229	24280
A23881G	S:E773E	14	24918	0.000562	23867	23885
A23848G C23854A	S:Q762Q S:N764K	14	25332	0.000553	23791	23891
A23777G C23854A	S:T739A S:N764K	14	23494	0.000596	23683	23881
A23759G C23854A	S:K733E S:N764K	14	19854	0.000705	23683	23892
A23753G C23854A	S:M731V S:N764K	14	19820	0.000706	23748	23895
A23746G C23854A	S:P728P S:N764K	14	19769	0.000708	23683	23873
A23743G C23854A	S:L727L S:N764K	14	19731	0.00071	23683	23895
A23712+C	NA	14	84167	0.000166	23702	23719
A23702+T	NA	14	84544	0.000166	23685	23716
A23688G	S:N709S	14	84315	0.000166	23683	23711
A23544G T23599G C23604A	S:E661G S:N679K S:P681H	14	48473	0.000289	23530	23638
A23403G T23510C C23525T	S:D614G S:L650L S:H655Y	14	16015	0.000874	23381	23539
A23403G T23488C C23525T	S:D614G S:V642V S:H655Y	14	16015	0.000874	23335	23539
A23403G T23487C C23525T	S:D614G S:V642A S:H655Y	14	16015	0.000874	23355	23539
A23403G T23473C C23525T	S:D614G S:S637S S:H655Y	14	16015	0.000874	23335	23539
A23403G T23459C C23525T	S:D614G S:W633R S:H655Y	14	16015	0.000874	23335	23539
A23403G A23503G C23525T	S:D614G S:A647A S:H655Y	14	16015	0.000874	23382	23539
A23403G A23442G C23525T	S:D614G S:D627G S:H655Y	14	16015	0.000874	23387	23539
A23359-C	NA	14	33675	0.000416	23342	23382
A23295G A23403G	S:D578G S:D614G	14	10819	0.001294	23269	23443
A22023G	S:E154G	14	22098	0.000634	22015	22058
A21979-T G21987A A21993-TTACC A21999C G22037-T	NA S:G142D NA S:H146P NA	14	17511	0.000799	21847	22058
A21979-T A21993-TTACC A21999C	NA NA S:H146P	14	18654	0.000751	21847	22019
A21958-T G21987A T21990-TTA A21999-C	NA S:G142D S:DEL144 NA	14	17538	0.000798	21947	22022
T25414C C25416T	ORF3a:F8L ORF3a:F8L	13	5385	0.002414	25383	25477
T25312-G	NA	13	54647	0.000238	25279	25325
T25220C C25262-T	S:F1220L NA	13	46774	0.000278	25130	25325
T25211C C25262-T	S:W1217R NA	13	44733	0.000291	25122	25325
T25209C C25262-T	S:I1216T NA	13	44091	0.000295	25130	25323
T25187+A	NA	13	47320	0.000275	25171	25210
T25178C C25262-T	S:Y1206H NA	13	38799	0.000335	25122	25325
T25170A	S:L1203H	13	45939	0.000283	25143	25189
T25148C C25262-T	S:S1196P NA	13	36257	0.000359	25122	25325
T25063C	S:G1167G	13	23974	0.000542	25009	25065
T24744C	S:V1061A	13	7790	0.001669	24735	24784
T24739C	S:G1059G	13	7728	0.001682	24724	24775
T24713-C	NA	13	5811	0.002237	24612	24806
T24541C	S:I993I	13	56316	0.000231	24486	24564
T24496C	S:N978N	13	56631	0.00023	24473	24511
T24492-A C24672-A	NA NA	13	25159	0.000517	24473	24679
T24469A T24660+A	S:N969K NA	13	20476	0.000635	24465	24677
T24469A T24565C	S:N969K S:L1001L	13	48515	0.000268	24465	24640
T24469A T24564C	S:N969K S:L1001P	13	48767	0.000267	24465	24564
T24469A C24563T	S:N969K S:L1001F	13	48786	0.000266	24465	24679
T24469A C24536-A A24538G	S:N969K NA S:Q992Q	13	49454	0.000263	24465	24564
T24469A A24670-TCAA	S:N969K NA	13	20309	0.00064	24465	24679
T24469A A24568G	S:N969K S:Q1002Q	13	21364	0.000609	24465	24627
T24414C A24424T	S:V951A S:Q954H	13	30039	0.000433	24412	24424
T23818C C23854A	S:L752L S:N764K	13	24114	0.000539	23742	23895
T23798C C23854A	S:S746P S:N764K	13	23791	0.000546	23735	23895
T23774C C23854A	S:C738R S:N764K	13	23464	0.000554	23683	23895
T23728C C23854A	S:V722V S:N764K	13	19613	0.000663	23683	23886
T23714C	S:F718L	13	84075	0.000155	23703	23724
T23599G T23680C	S:N679K S:A706A	13	55319	0.000235	23580	23724
T23599G C23604A T23659A	S:N679K S:P681H S:L699L	13	55623	0.000234	23580	23724
T23599G C23604A G23624+T	S:N679K S:P681H NA	13	105163	0.000124	23586	23639
T23599G C23604A C23709T	S:N679K S:P681H S:T716I	13	54409	0.000239	23580	23724
T23599G C23604A C23694T	S:N679K S:P681H S:S711F	13	55077	0.000236	23580	23724
T23599G C23604A A23702T	S:N679K S:P681H S:I714L	13	54685	0.000238	23580	23724
T23599G C23604A A23665-G	S:N679K S:P681H NA	13	55559	0.000234	23580	23724
T23599G C23604A A23656+T	S:N679K S:P681H NA	13	55680	0.000233	23580	23724
T23599G C23603+A	S:N679K NA	13	105416	0.000123	23588	23630
T23590+C T23599G C23604A	NA S:N679* S:P681Y	13	105266	0.000123	23580	23724
T23584+C	NA	13	105342	0.000123	23580	23595
T23511-A C23525T C23604A	NA S:H655Y S:P681H	13	47903	0.000271	23493	23630
T23511+A A23515+G C23525T T23599G C23604A	NA NA S:H655Y S:N679L S:P681H	13	47903	0.000271	23487	23641
T23485C C23525T	S:N641N S:H655Y	13	17802	0.00073	23421	23539
T23482-A	NA	13	18065	0.00072	23474	23531
T23394C C23525T	S:L611P S:H655Y	13	15627	0.000832	23379	23539
T23374C A23403G	S:T604T S:D614G	13	29120	0.000446	23335	23429
T23355C A23403G	S:I598T S:D614G	13	28869	0.00045	23335	23432
T23346C A23403G C23525T	S:V595A S:D614G S:H655Y	13	14473	0.000898	23335	23539
T23341C	S:G593G	13	33584	0.000387	23335	23369
T23322C A23403G	S:I587T S:D614G	13	10987	0.001183	23269	23443
T23307C A23403G	S:L582P S:D614G	13	10978	0.001184	23269	23443
T23272C A23403G	S:A570A S:D614G	13	10516	0.001236	23269	23443
T22896C G22898A A22914-C T22942G	S:V445A S:G446S NA S:N460K	13	7763	0.001675	22855	22966
T22807+G G22813T T22882G G22895C T22896C G22898A	NA S:K417N S:N440Q S:V445P S:V445P S:G446R	13	9869	0.001317	22793	22907
T22200A A22206-T G22317T	S:V213E NA S:G252V	13	3447	0.003771	22194	22319
T21976C	S:D138D	13	25153	0.000517	21847	21982
T21934-A G21969-T G21987A T21990-TTA C22000A	NA NA S:G142D S:DEL144 S:H146Q	13	15887	0.000818	21914	22058
T21889C	S:T109T	13	22828	0.000569	21847	21931
G25273-A	NA	13	52761	0.000246	25262	25325
G25266-C	NA	13	52307	0.000249	25226	25324
G25244A	S:V1228I	13	48103	0.00027	25212	25325
G25238-C	NA	13	47928	0.000271	25228	25325
G25218+T	NA	13	46451	0.00028	25130	25325
G25166T	S:E1202*	13	45785	0.000284	25141	25181
G24666-A	NA	13	31967	0.000407	24653	24679
G24535A	S:V991V	13	56373	0.000231	24486	24564
G24510A	S:R983H	13	56613	0.00023	24493	24561
G24140-T C24150+T	NA NA	13	3294	0.003947	24021	24191
G23948T A23964-T	S:D796Y NA	13	3371	0.003856	23941	23974
G23804-A	NA	13	26703	0.000487	23788	23848
G23735-A	NA	13	24316	0.000535	23683	23751
G23587A T23599G C23604A	S:Q675Q S:N679K S:P681H	13	105180	0.000124	23580	23724
G23505-C C23525T	NA S:H655Y	13	67918	0.000191	23493	23537
G23438+C	NA	13	29114	0.000447	23280	23443
G23417+A	NA	13	30892	0.000421	23336	23431
G22895C G22898A	S:V445L S:G446S	13	11272	0.001153	22876	22907
G22813T T22882G G22895C T22896C G22898A T22942G C22950-T	S:K417N S:N440K S:V445P S:V445P S:G446S S:N460K NA	13	6238	0.002084	22793	22967
G22813T T22882G G22895C T22896C G22898A A22924-T	S:K417N S:N440K S:V445P S:V445P S:G446S NA	13	8368	0.001554	22793	22933
G22104-A C22109G C22120-A	NA S:Q183E NA	13	3900	0.003333	22100	22137
G21987A T21990-TTA C22000G	S:G142D S:DEL144 S:H146Q	13	18659	0.000697	21945	22019
G21987A T21990-TTA C22000A T22015C	S:G142D S:DEL144 S:H146Q S:S151S	13	18579	0.0007	21965	22058
G21987A T21990-TTA C22000A G22030-T	S:G142D S:DEL144 S:H146Q NA	13	17678	0.000735	21961	22058
G21987A T21990-TTA C22000A A22025G	S:G142D S:DEL144 S:H146Q S:S155G	13	17989	0.000723	21973	22058
G21987A T21990-TTA C22000A A22023G	S:G142D S:DEL144 S:H146Q S:E154G	13	18020	0.000721	21952	22058
G21987A T21990-TTA A21999-CAAA	S:G142D S:DEL144 NA	13	18659	0.000697	21847	22024
G21987A T21990-TTA A21999-C G22022-A	S:G142D S:DEL144 NA NA	13	18024	0.000721	21936	22058
G21987A T21990-TTA A21999-C A22025G	S:G142D S:DEL144 NA S:S155G	13	17989	0.000723	21847	22058
C25294+G	NA	13	53599	0.000243	25282	25322
C25262-T T25371+A	NA NA	13	2631	0.004941	25251	25381
C25262-T G25299T	NA S:G1246V	13	51687	0.000252	25124	25325
C25262-T G25278+T	NA NA	13	51848	0.000251	25251	25324
C25169-T T25191-A C25262-T	NA NA NA	13	38002	0.000342	25130	25325
C25131T C25262-T	S:A1190V NA	13	35050	0.000371	25122	25287
C25000T G25015-T	S:D1146D NA	13	24247	0.000536	24990	25045
C25000T A25035G	S:D1146D S:N1158S	13	23734	0.000548	24990	25055
C25000T A25023G	S:D1146D S:K1154R	13	23932	0.000543	24990	25046
C24981-T C24986T C25000T	NA S:Q1142* S:D1146D	13	18119	0.000717	24850	25065
C24672T	S:S1037L	13	31837	0.000408	24620	24679
C24636-T T24643C	NA S:T1027T	13	32342	0.000402	24629	24679
C24606T	S:A1015V	13	26739	0.000486	24572	24679
C24431-A	NA	13	28177	0.000461	24428	24450
C24338-A A24424T	NA S:Q954H	13	2530	0.005138	24331	24424
C23882-A	NA	13	24902	0.000522	23683	23890
C23854A A23864G	S:N764K S:T768A	13	24906	0.000522	23803	23873
C23816+T	NA	13	26253	0.000495	23767	23840
C23778T C23854A	S:T739I S:N764K	13	23502	0.000553	23767	23895
C23706T C23854A	S:P715L S:N764K	13	19484	0.000667	23683	23895
C23525T T23599G C23604A T23637A	S:H655Y S:N679K S:P681H S:I692N	13	46954	0.000277	23487	23642
C23525T T23599G C23604A T23633+C	S:H655Y S:N679K S:P681H NA	13	47309	0.000275	23487	23641
C23525T T23599G C23604A T23617+G	S:H655Y S:N679K S:P681H NA	13	48067	0.00027	23487	23642
C23525T T23599G C23604A G23611A	S:H655Y S:N679K S:P681H S:R683R	13	48089	0.00027	23487	23642
C23525T T23599G C23604A C23634T	S:H655Y S:N679K S:P681H S:S691F	13	47300	0.000275	23487	23642
C23525T T23599G C23604A A23627-G	S:H655Y S:N679K S:P681H NA	13	47460	0.000274	23503	23642
C23525T T23537G T23599G C23604A	S:H655Y S:S659A S:N679K S:P681H	13	48108	0.00027	23487	23642
C23525T G23580-T T23599G C23604A	S:H655Y NA S:N679K S:P681H	13	48108	0.00027	23487	23624
C23525T G23574A T23599G C23604A	S:H655Y S:C671Y S:N679K S:P681H	13	48108	0.00027	23487	23642
C23525T G23568A T23599G C23604A	S:H655Y S:G669D S:N679K S:P681H	13	48108	0.00027	23487	23642
C23525T A23558-T	S:H655Y NA	13	48781	0.000266	23516	23570
C22290T T22291C	S:A243V S:A243V	13	7251	0.001793	22246	22446
C22281+T G22317T	NA S:G252L	13	6700	0.00194	22249	22329
C22033+G	NA	13	22121	0.000588	22025	22058
A25408G C25416T	ORF3a:R6G ORF3a:F8F	13	5385	0.002414	25381	25477
A25243-G	NA	13	48038	0.000271	25230	25325
A25223G	S:I1221V	13	47266	0.000275	25208	25325
A25179G C25262-T	S:Y1206C NA	13	38900	0.000334	25122	25324
A25168-C	NA	13	45835	0.000284	25156	25325
A25158G C25262-T	S:D1199G NA	13	37357	0.000348	25130	25325
A25026-T	NA	13	24425	0.000532	25024	25069
A24922G C25000T	S:T1120T S:D1146D	13	17247	0.000754	24853	25069
A24875G C25000T	S:T1105A S:D1146D	13	16858	0.000771	24861	25064
A24630G	S:N1023S	13	32505	0.0004	24612	24679
A24578G	S:T1006A	13	27089	0.00048	24490	24679
A24484G	S:S974S	13	56277	0.000231	24470	24549
A24424T T24529C	S:Q954H S:A989A	13	26745	0.000486	24414	24564
A24424T T24523C	S:Q954H S:V987V	13	26793	0.000485	24413	24564
A24424T T24513C	S:Q954H S:L984P	13	26864	0.000484	24412	24564
A24424T T24499C	S:Q954H S:D979D	13	26955	0.000482	24412	24564
A24424T T24469A T24564C	S:Q954H S:N969K Unknown	13	26216	0.000496	24412	24564
A24424T T24469A T24544C	S:Q954H S:N969K S:D994D	13	26619	0.000488	24416	24564
A24424T T24469A T24501C	S:Q954H S:N969K S:I980T	13	26944	0.000482	24412	24564
A24424T T24469A T24487C	S:Q954H S:N969K S:S975S	13	27016	0.000481	24412	24564
A24424T T24469A T24472-G C24536-A	S:Q954H S:N969K NA NA	13	26684	0.000487	24412	24564
A24424T T24469A G24561T	S:Q954H S:N969K S:R1000I	13	26282	0.000495	24412	24564
A24424T T24469A A24531G	S:Q954H S:N969K S:E990G	13	26732	0.000486	24412	24564
A24424T T24469A A24500G	S:Q954H S:N969K S:I980V	13	26949	0.000482	24412	24519
A24424T T24469A A24495G	S:Q954H S:N969K S:N978S	13	26972	0.000482	24412	24564
A24424T T24469A A24485G	S:Q954H S:N969K S:S975G	13	27025	0.000481	24412	24564
A24424T T24447C	S:Q954H S:L962P	13	27360	0.000475	24412	24564
A24424T C24517-A	S:Q954H NA	13	26840	0.000484	24412	24527
A24424T C24517+A	S:Q954H NA	13	26840	0.000484	24412	24561
A24424T C24435+T T24469A	S:Q954H NA S:N969Q	13	27137	0.000479	24412	24564
A24424T C24431T T24469A	S:Q954H S:Q957* S:N969K	13	27137	0.000479	24412	24564
A24424T A24562G	S:Q954H S:R1000R	13	26275	0.000495	24416	24564
A24424T A24525G	S:Q954H S:E988G	13	26779	0.000485	24412	24564
A24424T A24508G	S:Q954H S:S982S	13	26905	0.000483	24412	24564
A24424T A24456G T24469A	S:Q954H S:Q965R S:N969K	13	27137	0.000479	24412	24564
A24423G A24424T	S:Q954R S:Q954R	13	30354	0.000428	24412	24424
A24420G A24424T	S:N953S S:Q954H	13	30332	0.000429	24412	24424
A24241+T	NA	13	6365	0.002042	24229	24252
A24162G	S:D867G	13	6557	0.001983	24148	24191
A23964-T	NA	13	3899	0.003334	23957	23978
A23784G C23854A	S:Y741C S:N764K	13	23558	0.000552	23774	23895
A23737G C23854A	S:E725E S:N764K	13	19692	0.00066	23705	23873
A23704G	S:I714M	13	84531	0.000154	23683	23724
A23702G	S:I714V	13	84544	0.000154	23683	23724
A23696+T	NA	13	84593	0.000154	23683	23706
A23515G C23525T T23599G C23604A	S:I651M S:H655Y S:N679K S:P681H	13	47978	0.000271	23487	23641
A23512G C23525T T23599G C23604A	S:L650L S:H655Y S:N679K S:P681H	13	47907	0.000271	23487	23635
A23403G T23437C	S:D614G S:H625H	13	27531	0.000472	23366	23443
A23403G T23404C	S:D614G S:D614G	13	30351	0.000428	23379	23414
A23403G A23523G C23525T	S:D614G S:E654G S:H655Y	13	16015	0.000812	23392	23539
A23403G A23456G C23525T	S:D614G S:T632A S:H655Y	13	16015	0.000812	23398	23539
A23403G A23445G C23525T	S:D614G S:Q628R S:H655Y	13	16015	0.000812	23335	23539
A23403G A23419G C23525T	S:D614G S:E619E S:H655Y	13	16015	0.000812	23336	23539
A23370G A23403G	S:N603S S:D614G	13	29026	0.000448	23335	23432
A23365G A23403G C23525T	S:G601G S:D614G S:H655Y	13	14634	0.000888	23335	23532
A23359G C23525T	S:T599T S:H655Y	13	14589	0.000891	23335	23539
A23354G	S:I598V	13	33725	0.000385	23335	23381
A23326G A23403G	S:T588T S:D614G	13	10997	0.001182	23269	23443
A23301G A23403G	S:Q580R S:D614G	13	10971	0.001185	23269	23443
A23274G A23403G	S:D571G S:D614G	13	10551	0.001232	23270	23423
A22845-T	NA	13	14448	0.0009	22793	22860
A21979-T G21987A T21990-TTA A21999-CAA G22022-A	NA S:G142D S:DEL144 S:DEL147 NA	13	18019	0.000721	21847	22039
A21979-T G21987A T21990-TTA A21999-CAA C22009-A	NA S:G142D S:DEL144 S:DEL147 NA	13	18652	0.000697	21847	22046
A21979-T G21987A A21993-TTACC A21999C C22009-A	NA S:G142D NA S:H146P NA	13	18652	0.000697	21847	22034
T25322A	S:C1254S	12	54399	0.000221	25189	25325
T25310+G	NA	12	54583	0.00022	25302	25325
T25265G G25266T	S:C1235V S:C1235V	12	52232	0.00023	25251	25295
T25258C C25262-T	S:I1232I NA	12	51693	0.000232	25122	25325
T25224C C25262-T	S:I1221T NA	12	47118	0.000255	25122	25325
T25215C C25262-T	S:L1218P NA	12	45713	0.000263	25122	25325
T25191-A G25218-T	NA NA	12	41112	0.000292	25130	25277
T25152+C	NA	12	45300	0.000265	25122	25160
T25123C	Unknown	12	41086	0.000292	25122	25186
T24940C	S:C1126C	12	20825	0.000576	24934	24943
T24910C C25000T	S:T1116T S:D1146D	12	17173	0.000699	24850	25040
T24873+A C24981-T C25000T	NA NA S:D1146S	12	16845	0.000712	24850	25047
T24866+G C24981-T C25000T	NA NA S:D1146S	12	16762	0.000716	24850	25010
T24749C	S:L1063L	12	7854	0.001528	24724	24806
T24721C	S:P1053P	12	5814	0.002064	24670	24722
T24671C	S:S1037P	12	31863	0.000377	24612	24676
T24581C	S:Y1007H	12	26937	0.000445	24473	24634
T24490C	S:V976V	12	56587	0.000212	24470	24538
T24489G	S:V976G	12	56505	0.000212	24480	24519
T24472-G T24492-A	NA NA	12	53835	0.000223	24465	24679
T24469A T24633C	S:N969K S:L1024P	12	20800	0.000577	24465	24679
T24469A T24631C	S:N969K S:N1023N	12	20811	0.000577	24465	24679
T24469A T24607C	S:N969K S:A1015A	12	20953	0.000573	24465	24679
T24469A T24513C	S:N969K S:L984P	12	49879	0.000241	24465	24564
T24469A T24472-G C24536-A	S:N969K NA NA	12	49499	0.000242	24465	24564
T24469A A24641G	S:N969K S:T1027A	12	20702	0.00058	24465	24678
T24469A A24592G	S:N969K S:Q1010Q	12	21022	0.000571	24465	24607
T24469A A24569G	S:N969K S:S1003G	12	21363	0.000562	24465	24581
T24469A A24560G	S:N969K S:R1000G	12	48883	0.000245	24465	24564
T24187C	S:S875S	12	6444	0.001862	24148	24191
T24175C	S:A871A	12	6523	0.00184	24148	24191
T23787C C23854A	S:I742T S:N764K	12	23575	0.000509	23683	23891
T23765C	S:S735P	12	23796	0.000504	23683	23812
T23750C	S:S730P	12	24043	0.000499	23683	23782
T23727C C23854A	S:V722A S:N764K	12	19602	0.000612	23683	23895
T23695+A	NA	12	84561	0.000142	23684	23703
T23684+C	NA	12	84053	0.000143	23683	23707
T23599G C23604A T23662A	S:N679K S:P681H S:G700G	12	55588	0.000216	23580	23724
T23599G C23604A T23659-G	S:N679K S:P681H NA	12	55623	0.000216	23580	23671
T23599G C23604A G23724A	S:N679K S:P681H Unknown	12	53911	0.000223	23580	23724
T23599G C23604A G23666-A A23711-AT	S:N679K S:P681H NA NA	12	54338	0.000221	23581	23724
T23599G C23604A G23610T	S:N679K S:P681H S:R683L	12	105354	0.000114	23580	23724
T23599G C23604A C23694+G	S:N679K S:P681H NA	12	55077	0.000218	23580	23724
T23599G C23604A A23670-T	S:N679K S:P681H NA	12	55496	0.000216	23581	23701
T23599G C23604A A23623+C	S:N679K S:P681H NA	12	105207	0.000114	23589	23642
T23599G A23712-T	S:N679K NA	12	54315	0.000221	23580	23724
T23599G A23712+T	S:N679K NA	12	54315	0.000221	23580	23724
T23599A C23604A	S:N679K S:P681H	12	105406	0.000114	23580	23613
T23521C C23525T	S:A653A S:H655Y	12	68523	0.000175	23507	23539
T23374C	S:T604T	12	32232	0.000372	23335	23397
T23371-A	NA	12	32557	0.000369	23339	23382
T23338G	S:F592L	12	33415	0.000359	23335	23345
T23337-TG	NA	12	33411	0.000359	23335	23361
T23330C A23403G	S:C590R S:D614G	12	11000	0.001091	23296	23429
T21959C G21987A T21990-TTA C22000A	S:F133L S:G142D S:DEL144 S:H146Q	12	17609	0.000681	21942	22011
T21937C G21987A T21990-TTA C22000A	S:N125N S:G142D S:DEL144 S:H146Q	12	16008	0.00075	21923	22058
T21934-A A21979-T G21987A T21990-TTA A21999-C	NA NA S:G142D S:DEL144 NA	12	15887	0.000755	21918	22058
T21886-A T21934-A G21987A T21990-TTA C22000A	NA NA S:G142D S:DEL144 S:H146Q	12	14906	0.000805	21847	22058
T21864+A G21987A	NA S:G142E	12	18764	0.00064	21847	21993
T21861-A	NA	12	22648	0.00053	21851	21873
G25555-T	NA	12	1105	0.01086	25372	25566
G25323+A	NA	12	54384	0.000221	25310	25325
G25314A	S:G1251E	12	54674	0.000219	25294	25325
G25305+A	NA	12	54317	0.000221	25296	25325
G25302-T C25416T	NA ORF3a:F8F	12	2303	0.005211	25287	25477
G25290A	S:C1243Y	12	53440	0.000225	25272	25325
G25244T C25262-T	S:V1228L NA	12	47949	0.00025	25122	25325
G24608A	S:A1016T	12	26740	0.000449	24537	24679
G24488-T C24503-T C24672-A	NA NA NA	12	25042	0.000479	24470	24679
G24476A	S:A972T	12	55139	0.000218	24465	24564
G24124-T G24140-T	NA NA	12	3211	0.003737	24102	24191
G23948T A23949-T	S:D796Y NA	12	3679	0.003262	23935	23978
G23832A C23854A	S:G757D S:N764K	12	24447	0.000491	23683	23895
G23824A C23854A	S:L754L S:N764K	12	24246	0.000495	23816	23895
G23821+T	NA	12	26026	0.000461	23767	23836
G23804A C23854A	S:E748K S:N764K	12	23909	0.000502	23683	23877
G23675-T	NA	12	59204	0.000203	23667	23724
G23666-A	NA	12	58955	0.000204	23647	23710
G23587+C T23599G C23604A	NA S:N679* S:P681Y	12	105180	0.000114	23580	23695
G23522A C23525T T23599G C23604A	S:E654K S:H655Y S:N679K S:P681H	12	48106	0.000249	23487	23642
G23364-A	NA	12	33071	0.000363	23351	23374
G23342A	S:G594S	12	33586	0.000357	23335	23399
G22813T T22849C T22882G	S:K417N S:F429F S:N440K	12	13468	0.000891	22793	22889
G22813T G22898A T22942G	S:K417N S:G446S S:N460K	12	6498	0.001847	22796	22967
G22809-A G22813T T22882G G22895C G22898A	NA S:K417N S:N440K S:V445L S:G446S	12	9911	0.001211	22793	22906
G22317T C22414+A	S:G252V NA	12	1393	0.008615	22246	22446
G22317T C22383+T	S:G252V NA	12	1575	0.007619	22249	22446
G22299-A G22317T	NA S:G252V	12	6838	0.001755	22279	22319
G22133-A T22200A G22317T	NA S:V213E S:G252V	12	2689	0.004463	22121	22319
G21987A T21990-TTA C22000A A22056G	S:G142D S:DEL144 S:H146Q S:N165S	12	17289	0.000694	21958	22058
G21987A T21990-TTA C22000A A22029G	S:G142D S:DEL144 S:H146Q S:E156G	12	17682	0.000679	21962	22058
G21987A T21990-TTA C22000A A22003G	S:G142D S:DEL144 S:H146Q S:K147K	12	18659	0.000643	21957	22058
G21987A A21993-TTACC A21999C C22009-A	S:G142D NA S:H146P NA	12	18657	0.000643	21867	22030
G21901-A G21987A	NA S:G142D	12	19425	0.000618	21847	21991
G21867+C	NA	12	22681	0.000529	21847	21876
C25416T A25503+C	ORF3a:F8F NA	12	1426	0.008415	25372	25515
C25262-T G25320-C	NA NA	12	51308	0.000234	25130	25325
C25156-G	NA	12	45420	0.000264	25126	25167
C25000T A25133G	S:D1146D S:K1191E	12	5529	0.00217	24990	25148
C25000T A25060G	S:D1146D S:L1166L	12	23255	0.000516	24990	25069
C25000T A25040G	S:D1146D S:T1160A	12	23644	0.000508	24990	25065
C25000T A25011G	S:D1146D S:E1150G	12	24375	0.000492	24990	25069
C24672-A A24684-T G24693-A	NA NA NA	12	5565	0.002156	24612	24719
C24636T	S:A1025V	12	32452	0.00037	24612	24668
C24559+A	NA	12	55914	0.000215	24536	24564
C24555T	S:T998I	12	56038	0.000214	24493	24564
C23854A T23871C	S:N764K S:I770T	12	24635	0.000487	23748	23894
C23854A G23873+A	S:N764K NA	12	24547	0.000489	23847	23893
C23854A C23929A A23930C G23948T	S:N764K S:Y789* S:K790Q S:D796Y	12	2537	0.00473	23845	23978
C23854A A23889G	S:N764K S:K776R	12	23425	0.000512	23767	23895
C23854A A23863G	S:N764K S:L767L	12	25073	0.000479	23833	23895
C23833T C23854A	S:G757G S:N764K	12	24465	0.00049	23818	23895
C23705T	S:P715S	12	84510	0.000142	23684	23783
C23604A T23641-G	S:P681H NA	12	103080	0.000116	23580	23650
C23536+G	NA	12	68296	0.000176	23525	23539
C23525T T23599G C23604A G23628A	S:H655Y S:N679K S:P681H S:S689N	12	47442	0.000253	23487	23637
C23525T T23527C	S:H655Y S:H655Y	12	68249	0.000176	23519	23539
C23525T G23587T C23604A	S:H655Y S:Q675H S:P681H	12	48108	0.000249	23487	23642
C23525T A23550T T23599G C23604A	S:H655Y S:D663V S:N679K S:P681H	12	48108	0.000249	23487	23642
C23492+A C23525T	NA S:H655S	12	66850	0.00018	23486	23528
C23393+T A23403G	NA S:D614G	12	30027	0.0004	23335	23432
C23367+A A23403G	NA S:D614G	12	29000	0.000414	23335	23410
C23334-T C23367+A	NA NA	12	11576	0.001037	23269	23382
C23306+T	NA	12	12172	0.000986	23269	23330
C22664A C22674T T22679C A22688G G22775A A22786C G22813T	S:L368I S:S371F S:S373P S:T376A S:D405N S:R408S S:K417N	12	114	0.105263	22623	22826
C22281+T	NA	12	7325	0.001638	22246	22293
C22251-A G22317T	NA S:G252V	12	6245	0.001922	22246	22319
C22120-A	NA	12	4250	0.002824	22111	22140
C22109G C22120-A T22200A A22245-T G22317T	S:Q183E NA S:V213E NA S:G252V	12	2224	0.005396	22100	22319
C21888-T G21987A T21990-TTA A21999-C	NA S:G142D S:DEL144 NA	12	14947	0.000803	21867	22017
C21871+T	NA	12	22788	0.000527	21847	21881
A25274-C	NA	12	52809	0.000227	25263	25296
A25241G C25262-T	S:I1227V NA	12	47816	0.000251	25122	25325
A25235+T C25262-T	NA NA	12	47660	0.000252	25130	25325
A25225G C25262-T	S:I1221M NA	12	47194	0.000254	25122	25325
A25154G C25262-T	S:I1198V NA	12	36966	0.000325	25122	25325
A24988G C25000T	S:Q1142Q S:D1146D	12	18199	0.000659	24903	25065
A24987G C25000T	S:Q1142R S:D1146D	12	18194	0.00066	24850	25069
A24942G C25000T	S:D1127G S:D1146D	12	17430	0.000688	24922	25069
A24920G C24981-T C25000T	S:T1120A NA S:D1146D	12	17233	0.000696	24850	25021
A24911G	S:T1117A	12	20899	0.000574	24867	24928
A24898G C25000T	S:P1112P S:D1146D	12	17064	0.000703	24887	25069
A24894G C24981-T C25000T	S:E1111G NA S:D1146D	12	17023	0.000705	24850	25014
A24885+T C24981-T	NA NA	12	17242	0.000696	24850	24999
A24862G C25000T	S:T1100T S:D1146D	12	16740	0.000717	24850	25069
A24860G C24981-T C25000T	S:T1100A NA S:D1146D	12	16718	0.000718	24850	25065
A24778G	S:E1072E	12	8248	0.001455	24751	24786
A24730-C	NA	12	7639	0.001571	24721	24806
A24723G	S:Q1054R	12	5822	0.002061	24698	24796
A24582G	S:Y1007C	12	26931	0.000446	24484	24679
A24545G	S:R995G	12	56265	0.000213	24493	24564
A24500+T	NA	12	56634	0.000212	24470	24511
A24424T T24552C	S:Q954H S:I997T	12	26514	0.000453	24412	24563
A24424T T24548C	S:Q954H S:L996L	12	26568	0.000452	24412	24564
A24424T T24475C	S:Q954H S:G971G	12	27081	0.000443	24415	24564
A24424T T24470-TTG	S:Q954H S:DEL971	12	27097	0.000443	24412	24564
A24424T T24469A T24534C	S:Q954H S:N969K S:V991A	12	26703	0.000449	24412	24562
A24424T T24469A T24489C	S:Q954H S:N969K S:V976A	12	27008	0.000444	24412	24550
A24424T T24469A G24558A	S:Q954H S:N969K S:G999D	12	26347	0.000455	24412	24563
A24424T T24469A G24521T	S:Q954H S:N969K S:V987F	12	26805	0.000448	24412	24564
A24424T T24469A G24510A	S:Q954H S:N969K S:R983H	12	26893	0.000446	24412	24564
A24424T T24469A C24517A	S:Q954H S:N969K S:D985E	12	26840	0.000447	24412	24564
A24424T T24469A C24517-A	S:Q954H S:N969K NA	12	26840	0.000447	24416	24558
A24424T T24469A C24502T	S:Q954H S:N969K S:I980I	12	26936	0.000446	24412	24564
A24424T T24469A C24477T	S:Q954H S:N969K S:A972V	12	27073	0.000443	24412	24564
A24424T T24469A A24545G	S:Q954H S:N969K S:R995G	12	26606	0.000451	24412	24564
A24424T T24469A A24537G	S:Q954H S:N969K S:Q992R	12	26665	0.00045	24412	24542
A24424T T24469A A24484G	S:Q954H S:N969K S:S974S	12	27029	0.000444	24412	24542
A24424T T24469A A24478G	S:Q954H S:N969K S:A972A	12	27066	0.000443	24412	24564
A24424T T24459C T24469A A24560C	S:Q954H S:L966P S:N969K S:R1000R	12	26300	0.000456	24412	24564
A24424T T24451-A T24469A	S:Q954H NA S:N969K	12	27137	0.000442	24412	24554
A24424T T24451-A	S:Q954H NA	12	27314	0.000439	24412	24563
A24424T A24543G	S:Q954H S:D994G	12	26631	0.000451	24412	24564
A24424T A24498G	S:Q954H S:D979G	12	26957	0.000445	24412	24564
A24424T A24461G T24469A	S:Q954H S:S967G S:N969K	12	27137	0.000442	24412	24564
A24424T A24461G	S:Q954H S:S967G	12	27198	0.000441	24412	24564
A24424T A24453G T24469A	S:Q954H S:K964R S:N969K	12	27137	0.000442	24412	24546
A24424T A24430G	S:Q954H S:A956A	12	27525	0.000436	24412	24447
A24253-T C24320-A A24424T	NA NA S:Q954H	12	1454	0.008253	24229	24424
A23942-T G23948T G23955+T	NA S:D796Y NA	12	3547	0.003383	23941	23968
A23848-TTA C23854A	S:DEL763 S:N764K	12	25332	0.000474	23800	23873
A23786G C23854A	S:I742V S:N764K	12	23566	0.000509	23683	23879
A23717G	S:T719A	12	83960	0.000143	23704	23724
A23712+T G23735+A	NA NA	12	24148	0.000497	23683	23808
A23712+T C23816-T	NA NA	12	21529	0.000557	23683	23831
A23711-AT	NA	12	84202	0.000143	23683	23724
A23702+G	NA	12	84544	0.000142	23689	23724
A23682+T	NA	12	59415	0.000202	23664	23715
A23503T C23525T T23599G C23604A	S:A647A S:H655Y S:N679K S:P681H	12	47634	0.000252	23487	23642
A23493T C23525T T23599G C23604A	S:Q644L S:H655Y S:N679K S:P681H	12	47072	0.000255	23487	23624
A23403G T23455C C23525T	S:D614G S:P631P S:H655Y	12	16015	0.000749	23386	23539
A23403G T23428C	S:D614G S:V622V	12	29448	0.000407	23335	23434
A23403G T23427C C23525T	S:D614G S:V622A S:H655Y	12	16015	0.000749	23336	23539
A23403G T23421-C	S:D614G NA	12	29812	0.000403	23334	23443
A23403G G23429A C23525T	S:D614G S:A623T S:H655Y	12	16015	0.000749	23335	23531
A23403G G23429A	S:D614G S:A623T	12	29353	0.000409	23335	23432
A23403G C23525T A23535G	S:D614G S:H655Y S:N658S	12	15699	0.000764	23399	23539
A23403G A23419G	S:D614G S:E619E	12	29900	0.000401	23335	23430
A23397G A23403G	S:Y612C S:D614G	12	30263	0.000397	23365	23443
A23382T A23403G	S:Q607L S:D614G	12	29440	0.000408	23335	23429
A23379G A23403G C23525T	S:N606S S:D614G S:H655Y	12	14928	0.000804	23335	23529
A23365G A23403G	S:G601G S:D614G	12	28956	0.000414	23335	23419
A23362G	S:P600P	12	33499	0.000358	23335	23400
A23359G	S:T599T	12	33675	0.000356	23335	23376
A23312G A23403G	S:I584V S:D614G	12	10980	0.001093	23269	23438
A22924-T	NA	12	10956	0.001095	22917	22966
A22034G	S:R158G	12	22120	0.000542	22011	22058
A22029G	S:E156G	12	22043	0.000544	22023	22058
A21964+T	NA	12	24742	0.000485	21847	21980
A21958-T G21987A T21990-TTA C22000A	NA S:G142D S:DEL144 S:H146Q	12	17538	0.000684	21949	22024
A21949G	S:K129K	12	23588	0.000509	21847	21983
A21902G G21987A T21990-TTA C22000A	S:T114A S:G142D S:DEL144 S:H146Q	12	15269	0.000786	21847	22058
T25312A	S:C1250*	11	54647	0.000201	25301	25325
T25303-TG T25306G	NA S:C1248W	11	54125	0.000203	25279	25325
T25170C C25262-T	S:L1203P NA	11	38098	0.000289	25130	25324
T25152A	S:L1197H	11	45300	0.000243	25130	25160
T25150+C	NA	11	44888	0.000245	25122	25158
T25140+A T25191-A C25262-T	NA NA NA	11	35719	0.000308	25122	25324
T25139C	S:L1193L	11	44188	0.000249	25123	25181
T24945C C25000T	S:V1128A S:D1146D	11	17483	0.000629	24850	25069
T24871C C24981-T C25000T	S:F1103F NA S:D1146D	11	16812	0.000654	24867	25012
T24866+G	NA	11	21140	0.00052	24850	24879
T24851C C24981-T C25000T	S:S1097P NA S:D1146D	11	16222	0.000678	24850	25046
T24806C	S:C1082R	11	7933	0.001387	24756	24806
T24741C	S:V1060A	11	7761	0.001417	24724	24806
T24681C	S:V1040A	11	5895	0.001866	24671	24788
T24650C C24672-A	S:S1030P NA	11	31723	0.000347	24612	24679
T24643C	S:T1027T	11	32363	0.00034	24629	24668
T24469A T24658C	S:N969K S:C1032C	11	20506	0.000536	24465	24679
T24469A T24656C	S:N969K S:C1032R	11	20530	0.000536	24465	24679
T24469A T24650C	S:N969K S:S1030P	11	20589	0.000534	24465	24679
T24469A T24549C	S:N969K S:L996S	11	49248	0.000223	24465	24564
T24469A T24548C	S:N969K S:L996L	11	49261	0.000223	24465	24564
T24469A T24492-A C24672-A	S:N969K NA NA	11	20260	0.000543	24465	24679
T24469A T24481C	S:N969K S:I973I	11	50398	0.000218	24465	24564
T24469A G24474T	S:N969K S:G971V	11	50434	0.000218	24465	24679
T24469A G24474A	S:N969K S:G971D	11	50434	0.000218	24465	24564
T24469A C24662-T	S:N969K NA	11	20433	0.000538	24465	24672
T24469A A24661G	S:N969K S:V1033V	11	20451	0.000538	24465	24679
T24469A A24652G	S:N969K S:S1030S	11	20575	0.000535	24465	24679
T24469A A24617G	S:N969K S:R1019G	11	20905	0.000526	24465	24679
T24469A A24604G	S:N969K S:R1014R	11	20971	0.000525	24465	24679
T24469A A24594G	S:N969K S:Q1011R	11	21011	0.000524	24465	24679
T24469A A24591G	S:N969K S:Q1010R	11	21031	0.000523	24465	24679
T24469A A24538G	S:N969K S:Q992Q	11	49454	0.000222	24465	24564
T24179C	S:Y873H	11	6504	0.001691	24154	24191
T23871+A	NA	11	25326	0.000434	23767	23887
T23823C	S:L754S	11	26023	0.000423	23767	23844
T23803C C23854A	S:T747T S:N764K	11	23892	0.00046	23790	23895
T23788C C23854A	S:I742I S:N764K	11	23602	0.000466	23683	23895
T23713G	S:N717K	11	84109	0.000131	23687	23724
T23697C	S:I712T	11	84606	0.00013	23693	23718
T23662C	S:G700G	11	58773	0.000187	23657	23724
T23599G T23620C	S:N679K S:S686S	11	105263	0.000105	23580	23658
T23599G T23600+C C23604A	S:N679K NA S:P681Y	11	105406	0.000104	23580	23614
T23599G C23604A T23713G	S:N679K S:P681H S:N717K	11	54275	0.000203	23580	23724
T23599G C23604A T23681-A	S:N679K S:P681H NA	11	55305	0.000199	23580	23706
T23599G C23604A T23652A	S:N679K S:P681H S:M697K	11	55721	0.000197	23580	23724
T23599G C23604A T23617+C	S:N679K S:P681H NA	11	105296	0.000104	23580	23642
T23599G C23604A G23666A	S:N679K S:P681H S:E702K	11	55545	0.000198	23580	23724
T23599G C23604A C23692+T	S:N679K S:P681H NA	11	55101	0.0002	23581	23723
T23599G C23604A C23679-T	S:N679K S:P681H NA	11	55340	0.000199	23580	23724
T23599G C23604A C23673T	S:N679K S:P681H S:S704L	11	55425	0.000198	23586	23724
T23599G C23604A C23664G	S:N679K S:P681H S:A701G	11	55571	0.000198	23580	23724
T23599G C23604A C23664+T	S:N679K S:P681H NA	11	55571	0.000198	23580	23724
T23599G C23604A C23615+T	S:N679K S:P681H NA	11	105324	0.000104	23580	23623
T23599G C23604A A23688+T	S:N679K S:P681H NA	11	55200	0.000199	23580	23700
T23596C T23599G	S:T678T S:N679K	11	105469	0.000104	23581	23684
T23404C	S:D614D	11	30657	0.000359	23385	23429
T23396C A23403G C23525T	S:Y612H S:D614G S:H655Y	11	15754	0.000698	23392	23539
T23391C A23403G	S:V610A S:D614G	11	29936	0.000367	23335	23443
T23377-A	NA	11	31909	0.000345	23336	23390
T23353C A23403G	S:V597V S:D614G	11	28847	0.000381	23335	23440
T23352C A23403G	S:V597A S:D614G	11	28839	0.000381	23335	23429
T23350C A23403G C23525T	S:S596S S:D614G S:H655Y	11	14500	0.000759	23335	23535
T23344C A23403G C23525T	S:G594G S:D614G S:H655Y	11	14438	0.000762	23335	23539
T23341C A23403G	S:G593G S:D614G	11	28616	0.000384	23335	23443
T23332C A23403G	S:C590C S:D614G	11	11002	0.001	23287	23443
T23284C A23403G	S:D574D S:D614G	11	10644	0.001033	23269	23443
T22896C	S:V445A	11	11272	0.000976	22883	22966
T22882G G22895C T22896C	S:N440K S:V445P S:V445P	11	11239	0.000979	22876	22906
T22831+A T22882G	NA S:N440Q	11	13794	0.000797	22793	22889
T22043+A	NA	11	22084	0.000498	22028	22054
T22040+G	NA	11	22106	0.000498	22032	22058
T21946-A	NA	11	23472	0.000469	21847	21957
T21940C	S:V126V	11	23315	0.000472	21847	21955
T21854C G21987A T21990-TTA C22000A	S:S98P S:G142D S:DEL144 S:H146Q	11	14565	0.000755	21847	22058
T21854C	S:S98P	11	22598	0.000487	21847	21880
G25278A	S:S1239N	11	53008	0.000208	25256	25324
G25250A C25262-T	S:V1230M NA	11	48173	0.000228	25122	25324
G25183A	S:E1207E	11	47020	0.000234	25177	25210
G25177-T	NA	11	46282	0.000238	25122	25186
G25019+T	NA	11	24492	0.000449	25009	25030
G24971+T C24981-T	NA NA	11	18301	0.000601	24850	24991
G24947-T C25000T	NA S:D1146D	11	17514	0.000628	24853	25069
G24868+T	NA	11	21157	0.00052	24852	24879
G24626A	S:A1022T	11	32419	0.000339	24612	24642
G24521T	S:V987F	11	56523	0.000195	24480	24540
G24474A	S:G971D	11	54904	0.0002	24469	24564
G24415A A24424T	S:V951V S:Q954H	11	30061	0.000366	24412	24424
G23948T G23955+T	S:D796Y NA	11	3588	0.003066	23941	23968
G23782A C23854A	S:M740I S:N764K	11	23537	0.000467	23683	23895
G23699-C	NA	11	84607	0.00013	23683	23724
G23699+T	NA	11	84607	0.00013	23685	23724
G23593-A T23599G C23604A	NA S:N679K S:P681H	11	105342	0.000104	23580	23642
G23549-A T23599G C23604A	NA S:N679K S:P681H	11	48574	0.000226	23519	23642
G23522-A C23525T C23604A	NA S:H655Y S:P681H	11	48106	0.000229	23496	23633
G23522+A T23599G C23604A	NA S:N679* S:P681Y	11	48106	0.000229	23486	23641
G23501+T C23525T	NA S:H655S	11	67600	0.000163	23492	23539
G23387A A23403G	S:A609T S:D614G	11	29737	0.00037	23335	23434
G23342A A23403G	S:G594S S:D614G	11	28622	0.000384	23335	23432
G22813T T22882G G22898A A22914-C T22942G	S:K417N S:N440K S:G446S NA S:N460K	11	6498	0.001693	22796	22944
G22813T T22882G G22895C T22896C G22898A T22942G C22943A	S:K417N S:N440K S:V445P S:V445P S:G446S S:N460K S:L461I	11	6293	0.001748	22793	22955
G22813T T22882G G22895C T22896C G22898A A22914-C	S:K417N S:N440K S:V445P S:V445P S:G446S NA	11	9223	0.001193	22801	22929
G22813T T22882G A22887+T G22895C T22896C G22898A	S:K417N S:N440K NA S:V445P S:V445P S:G446R	11	9929	0.001108	22793	22909
G22813T T22831+A	S:K417N NA	11	14103	0.00078	22808	22846
G22813T A22834-T T22882G	S:K417N NA S:N440K	11	13468	0.000817	22793	22890
G22302-T	NA	11	7180	0.001532	22289	22316
G22289+T G22317T	NA S:G252L	11	6773	0.001624	22258	22319
G21987A T21990-TTA C22000A T22043C	S:G142D S:DEL144 S:H146Q S:S161P	11	17466	0.00063	21970	22058
G21987A T21990-TTA C22000A A22011G	S:G142D S:DEL144 S:H146Q S:K150R	11	18657	0.00059	21959	22058
G21987A T21990-TTA A21999-C G22037-T	S:G142D S:DEL144 NA NA	11	17516	0.000628	21848	22058
C25416T C25546+T	ORF3a:F8F NA	11	1126	0.009769	25372	25558
C25300T	S:G1246G	11	53946	0.000204	25286	25325
C25262A	S:L1234I	11	51984	0.000212	25219	25325
C25262-T T25322C	NA S:C1254R	11	51137	0.000215	25251	25325
C25262-T T25312C	NA S:C1250C	11	51543	0.000213	25122	25325
C25262-T A25296-G	NA NA	11	51715	0.000213	25130	25306
C25254-A	NA	11	51489	0.000214	25251	25325
C25000T T25058C	S:D1146D S:L1166L	11	23335	0.000471	24990	25069
C25000T A25056G	S:D1146D S:D1165G	11	23368	0.000471	24990	25069
C25000T A25045-C	S:D1146D NA	11	23557	0.000467	24990	25068
C25000T A25020G	S:D1146D S:D1153G	11	24019	0.000458	24990	25065
C24981-T C25000T T25043C	NA S:D1146D S:S1161P	11	17182	0.00064	24850	25069
C24981-T C25000T T25030+A	NA S:D1146D NA	11	17340	0.000634	24850	25069
C24981-T C25000T A25056+T	NA S:D1146D NA	11	17044	0.000645	24850	25066
C24878T C25000T	S:Q1106* S:D1146D	11	16881	0.000652	24850	25066
C24784+T	NA	11	8264	0.001331	24724	24806
C24627T	S:A1022V	11	32495	0.000339	24612	24679
C24517T	S:D985D	11	56563	0.000194	24489	24564
C24435-T T24469A	NA S:N969K	11	27866	0.000395	24412	24564
C24418T A24424T	S:V952V S:Q954H	11	30296	0.000363	24412	24424
C24245+A	NA	11	6348	0.001733	24229	24290
C24119-A G24124-T	NA NA	11	2977	0.003695	24022	24153
C23882-A C23887-A	NA NA	11	24486	0.000449	23683	23895
C23854A G23873+A G23948T	S:N764K NA S:D796*	11	2537	0.004336	23845	23978
C23833-A C23854A	NA S:N764K	11	24465	0.00045	23816	23895
C23718+T	NA	11	83861	0.000131	23693	23724
C23707T C23854A	S:P715P S:N764K	11	19491	0.000564	23683	23895
C23685T	S:S708F	11	84170	0.000131	23683	23707
C23647+G	NA	11	58016	0.00019	23638	23718
C23604A A23712+T	S:P681H NA	11	54414	0.000202	23580	23724
C23589T T23599G C23604A	S:T676I S:N679K S:P681H	11	105240	0.000105	23580	23642
C23525T T23599G C23604A T23637-C	S:H655Y S:N679K S:P681H NA	11	46954	0.000234	23495	23642
C23525T T23599G C23604A C23630T	S:H655Y S:N679K S:P681H S:Q690*	11	47426	0.000232	23487	23637
C23525T C23585T T23599G C23604A	S:H655Y S:Q675* S:N679K S:P681H	11	48108	0.000229	23487	23624
C23525T A23586C T23599G C23604A	S:H655Y S:Q675P S:N679K S:P681H	11	48108	0.000229	23487	23642
C23525T A23558-T C23604A	S:H655Y NA S:P681H	11	48108	0.000229	23487	23637
C23525T A23531G	S:H655Y S:N657D	11	68180	0.000161	23496	23539
C23520T C23525T T23599G C23604A	S:A653V S:H655Y S:N679K S:P681H	11	48080	0.000229	23500	23642
C23520-T C23525T T23599G C23604A	NA S:H655Y S:N679K S:P681H	11	48080	0.000229	23487	23624
C23498G C23525T T23599G C23604A	S:R646G S:H655Y S:N679K S:P681H	11	47243	0.000233	23487	23642
C23496T C23525T C23604A	S:T645I S:H655Y S:P681H	11	47190	0.000233	23487	23642
C23393A A23403G C23439G C23525T	S:L611I S:D614G S:A626G S:H655Y	11	15589	0.000706	23382	23539
C23347+G	NA	11	33716	0.000326	23335	23365
C23334-T C23393+T A23403G	NA NA S:D614G	11	11009	0.000999	23269	23443
C22120-A T22200A	NA S:V213E	11	3849	0.002858	22111	22221
C22109G T22200A A22301+T	S:Q183E S:V213E NA	11	2496	0.004407	22100	22308
C22000A A22003G	S:H146Q S:K147K	11	20403	0.000539	21995	22058
A25397-T	NA	11	5650	0.001947	25381	25415
A25255G C25262-T	S:T1231T NA	11	51475	0.000214	25251	25325
A25243C C25262-T	S:I1227I NA	11	47875	0.00023	25122	25324
A25201G C25262-T	S:P1213P NA	11	42335	0.00026	25130	25325
A25175G T25301C	S:K1205E S:C1247R	11	38350	0.000287	25133	25324
A25164G C25262-T	S:Q1201R NA	11	37706	0.000292	25130	25325
A25147G C25262-T	S:E1195E NA	11	36230	0.000304	25122	25325
A25065G	S:D1168G	11	23927	0.00046	25020	25069
A24913G C24981-T C25000T	S:T1117T NA S:D1146D	11	17200	0.00064	24850	25069
A24898-CA C25000T	NA S:D1146D	11	17064	0.000645	24850	25069
A24885-T C25000T	NA S:D1146D	11	16908	0.000651	24850	25069
A24885-T C24981-T	NA NA	11	17242	0.000638	24850	24993
A24885+T G24971+T C24981-T C25000T	NA NA NA S:D1146Y	11	16908	0.000651	24850	25061
A24885+T A24922-T C24981-T C25000T	NA NA NA S:D1146S	11	16908	0.000651	24850	25069
A24881G	S:R1107G	11	21073	0.000522	24850	24888
A24881+G	NA	11	21073	0.000522	24850	24891
A24875G	S:T1105A	11	21160	0.00052	24859	24916
A24874G C25000T	S:V1104V S:D1146D	11	16854	0.000653	24865	25069
A24864G C25000T	S:H1101R S:D1146D	11	16754	0.000657	24853	25069
A24788G	S:T1076A	11	8256	0.001332	24772	24806
A24783G	S:N1074S	11	8261	0.001332	24728	24806
A24772G	S:A1070A	11	8170	0.001346	24724	24806
A24673C	S:S1037S	11	31798	0.000346	24612	24679
A24495G C24672-A	S:N978S NA	11	25216	0.000436	24470	24679
A24467G T24469A	S:N969E S:N969E	11	50478	0.000218	24430	24564
A24424T T24505C	S:Q954H S:L981L	11	26921	0.000409	24412	24511
A24424T T24469A T24505C	S:Q954H S:N969K S:L981L	11	26921	0.000409	24412	24564
A24424T T24469A T24470A	S:Q954H S:N969K S:F970I	11	27097	0.000406	24412	24564
A24424T T24469A G24521+T	S:Q954H S:N969K NA	11	26805	0.00041	24417	24564
A24424T T24469A C24503-T	S:Q954H S:N969K NA	11	26927	0.000409	24412	24564
A24424T T24469A A24554G	S:Q954H S:N969K S:T998A	11	26471	0.000416	24413	24564
A24424T T24448C T24469A	S:Q954H S:L962L S:N969K	11	27137	0.000405	24412	24564
A24424T T24436C T24469A	S:Q954H S:A958A S:N969K	11	27137	0.000405	24412	24564
A24424T T24436C	S:Q954H S:A958A	11	27472	0.0004	24413	24564
A24424T T24427C T24469A	S:Q954H S:N955N S:N969K	11	27137	0.000405	24412	24564
A24424T G24533+A	S:Q954H NA	11	26716	0.000412	24412	24564
A24424T G24434A	S:Q954H S:A958T	11	27500	0.0004	24412	24457
A24424T A24556-G	S:Q954H NA	11	26386	0.000417	24412	24564
A24424T A24538G	S:Q954H S:Q992Q	11	26661	0.000413	24416	24564
A24424T A24468G T24469A	S:Q954H S:N969R S:N969R	11	27137	0.000405	24412	24563
A24424T A24452G	S:Q954H S:K964E	11	27311	0.000403	24412	24564
A24424T A24440G T24469A	S:Q954H S:N960D S:N969K	11	27137	0.000405	24412	24564
A24423+T T24469A	NA S:N969Q	11	27129	0.000405	24414	24564
A24253-T C24320-AA	NA NA	11	5549	0.001982	24229	24338
A23853-C G23868-A	NA NA	11	24781	0.000444	23845	23881
A23845+T C23854A G23948T	NA S:N764K S:D796*	11	2379	0.004624	23836	23978
A23826G C23854A	S:Q755R S:N764K	11	24314	0.000452	23767	23895
A23780G	S:M740V	11	27153	0.000405	23683	23792
A23772G C23854A	S:D737G S:N764K	11	23442	0.000469	23767	23895
A23717+T	NA	11	83960	0.000131	23701	23724
A23712+T A23786+T	NA NA	11	22695	0.000485	23683	23807
A23704+C C23887-A	NA NA	11	17697	0.000622	23683	23895
A23670+G	NA	11	59096	0.000186	23661	23722
A23665G	S:A701A	11	58922	0.000187	23656	23724
A23586T T23599G C23604A	S:Q675L S:N679K S:P681H	11	105145	0.000105	23580	23642
A23531G T23599G C23604A	S:N657D S:N679K S:P681H	11	48314	0.000228	23491	23642
A23524G C23525T	S:E654E S:H655Y	11	68559	0.00016	23487	23539
A23432+C C23481+T	NA NA	11	17395	0.000632	23335	23489
A23403G T23491C C23525T	S:D614G S:F643F S:H655Y	11	16015	0.000687	23343	23539
A23403G T23468C C23525T	S:D614G S:Y636H S:H655Y	11	16015	0.000687	23335	23539
A23403G T23425C	S:D614G S:P621P	11	29645	0.000371	23335	23443
A23403G T23411C C23525T	S:D614G S:C617R S:H655Y	11	16015	0.000687	23396	23539
A23403G G23522+A C23525T	S:D614G NA S:H655S	11	16015	0.000687	23335	23539
A23403G C23424T C23525T	S:D614G S:P621L S:H655Y	11	16015	0.000687	23340	23539
A23403G A23418G	S:D614G S:E619G	11	29948	0.000367	23342	23443
A23403G A23409G	S:D614G S:N616S	11	30300	0.000363	23357	23443
A23357G	S:T599A	11	33716	0.000326	23335	23387
A23354G A23403G C23525T	S:I598V S:D614G S:H655Y	11	14546	0.000756	23347	23532
A23354G A23403G	S:I598V S:D614G	11	28853	0.000381	23335	23432
A23295G C23334-T	S:D578G NA	11	11711	0.000939	23278	23360
A23283G A23403G	S:D574G S:D614G	11	10641	0.001034	23269	23443
A22798+G G22813T	NA S:K417N	11	14028	0.000784	22793	22867
A21949G G21987A T21990-TTA A21999-C	S:K129K S:G142D S:DEL144 NA	11	16517	0.000666	21847	22023
A21902G	S:T114A	11	23031	0.000478	21847	21959
A21875-T G21987A T21990-TTA	NA S:G142D S:DEL144	11	18432	0.000597	21870	22016
A21852G	S:K97R	11	22573	0.000487	21847	21905
T25382+A	NA	10	5754	0.001738	25372	25466
T25319+A	NA	10	54604	0.000183	25311	25325
T25309A	S:S1249S	10	54546	0.000183	25131	25325
T25260C C25262-T	S:M1233T NA	10	51810	0.000193	25251	25325
T25237A	S:I1225I	10	47905	0.000209	25192	25325
T25236C C25262-T	S:I1225T NA	10	47690	0.00021	25130	25325
T25228A	S:A1222A	10	47604	0.00021	25194	25325
T25202+G	NA	10	49071	0.000204	25122	25318
T25187C C25262-T	S:Y1209H NA	10	40148	0.000249	25122	25325
T25155-C	NA	10	45417	0.00022	25148	25197
T25138C	S:N1192N	10	44124	0.000227	25122	25285
T25123-G C25262-T	NA NA	10	33029	0.000303	25122	25324
T24995C C25000T	S:L1145L S:D1146D	10	24596	0.000407	24990	25069
T24960C C24981-T C25000T	S:V1133A NA S:D1146D	10	17775	0.000563	24850	25015
T24940C C25000T	S:C1126C S:D1146D	10	17402	0.000575	24934	25069
T24940C C24981-T C25000T	S:C1126C NA S:D1146D	10	17402	0.000575	24910	25007
T24934-A C25000T	NA S:D1146D	10	17338	0.000577	24900	25069
T24931C	S:S1123S	10	20854	0.00048	24858	24943
T24929C C24981-T C25000T	S:S1123P NA S:D1146D	10	17295	0.000578	24850	25069
T24856C C25000T	S:N1098N S:D1146D	10	16561	0.000604	24850	25069
T24760C	S:T1066T	10	8019	0.001247	24724	24780
T24585C C24672-A	S:V1008A NA	10	25806	0.000388	24470	24679
T24540C	S:I993T	10	56325	0.000178	24479	24564
T24492-A A24498G	NA S:D979G	10	56402	0.000177	24473	24564
T24492+A C24672-A	NA NA	10	25159	0.000397	24480	24679
T24471-TG C24536-A	NA NA	10	52615	0.00019	24465	24564
T24469A T24664C	S:N969K S:L1034L	10	20386	0.000491	24465	24679
T24469A T24660C	S:N969K S:V1033A	10	20476	0.000488	24465	24679
T24469A T24625C	S:N969K S:S1021S	10	20844	0.00048	24465	24679
T24469A T24572C	S:N969K S:L1004L	10	21334	0.000469	24465	24679
T24469A T24505C	S:N969K S:L981L	10	50030	0.0002	24465	24564
T24469A T24492+A	S:N969K NA	10	50297	0.000199	24465	24564
T24469A T24472C	S:N969K S:F970F	10	50447	0.000198	24465	24564
T24469A G24611+A	S:N969K NA	10	20934	0.000478	24465	24629
T24469A C24668T	S:N969K S:Q1036*	10	20349	0.000491	24465	24679
T24469A A24647G	S:N969K S:M1029V	10	20651	0.000484	24465	24679
T24469A A24494G	S:N969K S:N978D	10	50231	0.000199	24465	24545
T24438+A T24451+A	NA NA	10	28126	0.000356	24412	24564
T24414C A24424T T24469A	S:V951A S:Q954H S:N969K	10	26819	0.000373	24412	24564
T23849A C23854A	S:L763I S:N764K	10	25392	0.000394	23683	23895
T23815C C23854A	S:N751N S:N764K	10	24051	0.000416	23683	23891
T23807C C23854A	S:C749R S:N764K	10	23949	0.000418	23683	23895
T23798C	S:S746P	10	26785	0.000373	23767	23816
T23797C C23854A	S:D745D S:N764K	10	23778	0.000421	23683	23873
T23752C C23854A	S:S730S S:N764K	10	19814	0.000505	23683	23895
T23740C C23854A	S:I726I S:N764K	10	19708	0.000507	23699	23895
T23728-A	NA	10	24494	0.000408	23683	23737
T23713A	S:N717K	10	84109	0.000119	23687	23721
T23686C C23854A	S:S708S S:N764K	10	19098	0.000524	23683	23895
T23599G T23693C	S:N679K S:S711P	10	55092	0.000182	23580	23724
T23599G C23604A T23722C	S:N679K S:P681H S:I720I	10	54007	0.000185	23580	23724
T23599G C23604A T23698A	S:N679K S:P681H S:I712I	10	55003	0.000182	23580	23724
T23599G C23604A T23650+A	S:N679K S:P681H NA	10	55747	0.000179	23585	23697
T23599G C23604A T23645+A	S:N679K S:P681H NA	10	55820	0.000179	23580	23653
T23599G C23604A T23626G	S:N679K S:P681H S:A688A	10	104632	0.000096	23580	23724
T23599G C23604A G23663+T	S:N679K S:P681H NA	10	55585	0.00018	23580	23724
T23599G C23604A G23612+T	S:N679K S:P681H NA	10	105344	0.000095	23588	23621
T23599G C23604A C23657+A	S:N679K S:P681H NA	10	55659	0.00018	23581	23724
T23599G C23604A A23690T	S:N679K S:P681H S:N710Y	10	55158	0.000181	23580	23724
T23599G C23604A A23688+G	S:N679K S:P681H NA	10	55200	0.000181	23589	23723
T23599G C23604A A23627T	S:N679K S:P681H S:S689C	10	104557	0.000096	23580	23724
T23599G C23604+A	S:N679K NA	10	105406	0.000095	23580	23642
T23582+A T23599G C23604A	NA S:N679* S:P681Y	10	105001	0.000095	23580	23637
T23563C T23599G C23604A	S:G667G S:N679K S:P681H	10	48798	0.000205	23487	23642
T23548C T23599G C23604A	S:C662C S:N679K S:P681H	10	48553	0.000206	23487	23637
T23542-G T23599G C23604A	NA S:N679K S:P681H	10	48442	0.000206	23487	23624
T23521A C23525T T23599G C23604A	S:A653A S:H655Y S:N679K S:P681H	10	48092	0.000208	23487	23642
T23511-A T23599G C23604A	NA S:N679K S:P681H	10	47903	0.000209	23505	23639
T23487G C23525T	Unknown S:H655Y	10	49935	0.0002	23486	23535
T23421+C	NA	10	30848	0.000324	23335	23432
T23386C A23403G	S:V608V S:D614G	10	29662	0.000337	23363	23443
T23377-A A23403G C23525T	NA S:D614G S:H655Y	10	14865	0.000673	23351	23539
T23353C	S:V597V	10	33727	0.000296	23336	23367
T23337C A23403G C23525T	S:F592S S:D614G S:H655Y	10	14285	0.0007	23335	23532
T23308C	S:L582L	10	12151	0.000823	23285	23318
T23308-G	NA	10	12151	0.000823	23269	23316
T23281C A23403G	S:T573T S:D614G	10	10587	0.000945	23269	23443
T23164-A C23230-A	NA NA	10	1950	0.005128	23089	23290
T23143-A T23164-A	NA NA	10	2165	0.004619	23089	23230
T22882G G22895C T22896C G22898A A22911T T22942G	S:N440K S:V445P S:V445P S:G446S S:N450I S:N460K	10	7733	0.001293	22876	22964
T21991-TA A21999-C	NA NA	10	18659	0.000536	21964	22058
T21955C G21987A T21990-TTA C22000A	S:C131C S:G142D S:DEL144 S:H146Q	10	17297	0.000578	21949	22058
T21942C	S:V127A	10	23401	0.000427	21847	21983
T21922+A	NA	10	23189	0.000431	21847	21935
T21921C	S:V120A	10	23187	0.000431	21847	21960
T21895C G21987A T21990-TTA A21999-C	S:D111D S:G142D S:DEL144 NA	10	15097	0.000662	21847	22014
T21889C G21987A	S:T109T S:G142D	10	19130	0.000523	21847	21991
T21880C G21987A	S:F106F S:G142D	10	19019	0.000526	21847	21991
T21880C	S:F106F	10	22819	0.000438	21847	21929
T21861+A	NA	10	22648	0.000442	21848	21873
T21856+A G21987A	NA S:G142E	10	18714	0.000534	21847	21990
T21854C G21987A	S:S98P S:G142D	10	18692	0.000535	21847	21993
G25287-T T25289C	NA S:C1243R	10	53301	0.000188	25189	25325
G25273A	S:M1237I	10	52761	0.00019	25210	25325
G25203A	S:W1214*	10	49136	0.000204	25186	25210
G25173A	S:G1204E	10	46135	0.000217	25130	25200
G25166+A C25262-T	NA NA	10	37812	0.000264	25122	25295
G25166+A	NA	10	45785	0.000218	25122	25175
G24971+T	NA	10	18485	0.000541	24850	24981
G24933T	S:G1124V	10	20855	0.00048	24850	24936
G24858A	S:G1099D	10	21069	0.000475	24850	24887
G24649-T	NA	10	32294	0.00031	24613	24666
G24558A	S:G999D	10	55909	0.000179	24473	24564
G24474T	S:G971V	10	54904	0.000182	24470	24499
G24445+T	NA	10	28284	0.000354	24429	24462
G24434+C	NA	10	28225	0.000354	24413	24485
G24415T A24424T G24462T T24469A	S:V951V S:Q954H S:S967I S:N969K	10	26840	0.000373	24412	24564
G23790+A C23854A	NA S:N764K	10	23627	0.000423	23772	23891
G23726+T	NA	10	24520	0.000408	23684	23737
G23699A	S:A713T	10	84607	0.000118	23684	23724
G23699+C	NA	10	84607	0.000118	23683	23709
G23522-A C23525T T23599G	NA S:H655Y S:N679K	10	48131	0.000208	23512	23634
G23402A A23403G C23525T	S:D614S S:D614S S:H655Y	10	16015	0.000624	23349	23539
G23401T A23403G	S:Q613H S:D614G	10	30494	0.000328	23355	23429
G23364+A	NA	10	33071	0.000302	23335	23377
G23345A A23403G C23525T	S:V595I S:D614G S:H655Y	10	14457	0.000692	23335	23539
G23273-A A23403G	NA S:D614G	10	10520	0.000951	23270	23443
G22813T T22882G G22895C T22942G	S:K417N S:N440K S:V445L S:N460K	10	6498	0.001539	22800	22967
G22813T T22882G G22895C T22896C G22898A T22942G T22951C	S:K417N S:N440K S:V445P S:V445P S:G446S S:N460K S:P463P	10	6195	0.001614	22808	22967
G22813T T22882G G22895C T22896C G22898A T22913+A	S:K417N S:N440K S:V445P S:V445P S:G446S NA	10	9310	0.001074	22793	22926
G22813T T22882G G22895C T22896C G22898A T22912C T22942G	S:K417N S:N440K S:V445P S:V445P S:G446S S:N450N S:N460K	10	6498	0.001539	22793	22967
G22813T T22882G G22895C T22896C G22898A A22948-C	S:K417N S:N440K S:V445P S:V445P S:G446S NA	10	6257	0.001598	22793	22967
G22813T T22868C T22882G G22895C T22896C G22898A	S:K417N S:W436R S:N440K S:V445P S:V445P S:G446S	10	9929	0.001007	22793	22909
G22289+T	NA	10	7288	0.001372	22246	22319
G22104-A C22109G C22120-A A22161-T T22200A	NA S:Q183E NA NA S:V213E	10	3517	0.002843	22100	22215
G21987A T21990-TTA C22000A T22042C	S:G142D S:DEL144 S:H146Q S:Y160Y	10	17468	0.000572	21960	22058
G21987A T21990-TTA C22000A T22032C	S:G142D S:DEL144 S:H146Q S:F157S	10	17639	0.000567	21967	22058
G21987A T21990-TTA C22000A A22008G	S:G142D S:DEL144 S:H146Q S:N149S	10	18658	0.000536	21957	22058
G21987A T21990-TTA A21999-CAA G22022-A	S:G142D S:DEL144 S:DEL147 NA	10	18024	0.000555	21847	22054
G21987A T21990-TTA A21999-C T22020C	S:G142D S:DEL144 NA S:M153T	10	18162	0.000551	21946	22058
G21987A T21990-TTA A21999-C G22030-T	S:G142D S:DEL144 NA NA	10	17678	0.000566	21959	22058
G21987A T21990-TTA A21999-C A22029G	S:G142D S:DEL144 NA S:E156G	10	17682	0.000566	21950	22058
G21987A T21990-TTA A21999-C A22002G	S:G142D S:DEL144 NA S:K147R	10	18659	0.000536	21970	22058
G21987A A21999-CAA	S:G142D S:DEL147	10	18659	0.000536	21867	22027
G21987A A21993-TT A21999-C	S:G142D NA NA	10	18659	0.000536	21965	22037
G21898-A	NA	10	22964	0.000435	21847	21959
C25466-T	NA	10	4826	0.002072	25381	25477
C25416T G25527+C	ORF3a:F8F NA	10	1180	0.008475	25372	25539
C25416T C25466-T	ORF3a:F8F NA	10	4826	0.002072	25372	25477
C25317T	S:S1252F	10	54708	0.000183	25250	25325
C25262-T C25321+T	NA NA	10	51297	0.000195	25251	25325
C25262-T C25308+T	NA NA	10	51615	0.000194	25251	25318
C25262-T A25296+G	NA NA	10	51715	0.000193	25251	25318
C25262-T A25286G	NA S:S1242G	10	51807	0.000193	25251	25325
C25214T C25262-T	S:L1218L NA	10	45165	0.000221	25145	25298
C25207T	S:Y1215Y	10	49810	0.000201	25189	25210
C25200T C25262-T	S:P1213L NA	10	42138	0.000237	25130	25325
C25132G C25262-T	S:A1190A NA	10	35171	0.000284	25130	25325
C25066-A	NA	10	23873	0.000419	25040	25069
C25000T T25150C	S:D1146D S:S1196S	10	5458	0.001832	24990	25210
C25000T T25039C	S:D1146D S:H1159H	10	23664	0.000423	24990	25069
C25000T G25186T	S:D1146D S:Q1208H	10	5262	0.0019	24990	25210
C25000T C25120+A	S:D1146D NA	10	5567	0.001796	24990	25129
C25000T C25006-A	S:D1146D NA	10	24480	0.000408	24992	25066
C24981-T C25000T G25052+T	NA S:D1146D NA	10	17100	0.000585	24850	25064
C24981-T C25000T A25045G	NA S:D1146D S:S1161S	10	17155	0.000583	24850	25069
C24981-T C25000T A25042G	NA S:D1146D S:T1160T	10	17192	0.000582	24850	25058
C24981-T C25000T A25034G	NA S:D1146D S:N1158D	10	17291	0.000578	24850	25069
C24964-A C25000T	NA S:D1146D	10	17877	0.000559	24957	25004
C24714T	S:S1051F	10	5818	0.001719	24671	24788
C24668-A	NA	10	31940	0.000313	24631	24679
C24632+A	NA	10	32501	0.000308	24612	24648
C24621T	S:A1020V	10	32435	0.000308	24470	24679
C24555-A	NA	10	56038	0.000178	24537	24679
C24536+A C24672-A	NA NA	10	25603	0.000391	24465	24679
C24528T	S:A989V	10	56476	0.000177	24465	24564
C24378-T A24424T	NA S:Q954H	10	2754	0.003631	24339	24424
C24064-A	NA	10	3789	0.002639	24043	24092
C23865+G	NA	10	25410	0.000394	23858	23890
C23854A T23866C	S:N764K S:T768T	10	24825	0.000403	23699	23895
C23854A G23885+A G23948T	S:N764K NA S:D796*	10	2537	0.003942	23847	23964
C23758T	S:T732T	10	23890	0.000419	23728	23799
C23707T	S:P715P	10	84434	0.000118	23683	23716
C23673+A	NA	10	59119	0.000169	23664	23724
C23604A A23712-T	S:P681H NA	10	54414	0.000184	23593	23724
C23604A A23704G	S:P681H S:I714M	10	54712	0.000183	23580	23719
C23525T T23599G T23602G C23604A	S:H655Y S:N679K S:S680S S:P681H	10	48108	0.000208	23501	23641
C23525T T23599G C23604A T23641C	S:H655Y S:N679K S:P681H S:I693I	10	46097	0.000217	23487	23642
C23525T T23599G C23604A A23614+G	S:H655Y S:N679K S:P681H NA	10	48079	0.000208	23498	23642
C23525T T23599G C23601+G C23604A	S:H655Y S:N679K NA S:P681Y	10	48108	0.000208	23487	23636
C23525T T23548C C23604A	S:H655Y S:C662C S:P681H	10	48108	0.000208	23487	23642
C23525T T23548A T23599G C23604A	S:H655Y S:C662* S:N679K S:P681H	10	48108	0.000208	23487	23642
C23525T T23542-G T23599G C23604A	S:H655Y NA S:N679K S:P681H	10	48108	0.000208	23487	23641
C23525T C23538T T23599G C23604A	S:H655Y S:S659L S:N679K S:P681H	10	48108	0.000208	23499	23642
C23525T A23534G	S:H655Y S:N658D	10	67892	0.000147	23518	23539
C23492+T C23525T T23599G C23604A	NA S:H655S S:N679* S:P681Y	10	46887	0.000213	23486	23642
C23415T	S:T618I	10	30896	0.000324	23382	23419
C23393T C23525T	S:L611F S:H655Y	10	15589	0.000641	23335	23539
C23381+A	NA	10	31672	0.000316	23336	23391
C23373-T	NA	10	32278	0.00031	23335	23383
C23291-G	NA	10	14148	0.000707	23269	23299
C23103-T C23230-A	NA NA	10	1864	0.005365	23089	23246
C22802+A G22813T T22882G	NA S:K417N S:N440Q	10	13358	0.000749	22793	22894
C22109G T22200A C22281+T	S:Q183E S:V213E NA	10	2701	0.003702	22100	22301
C22109G C22120-A T22200A G22218-T G22317T	S:Q183E NA S:V213E NA S:G252V	10	2224	0.004496	22100	22319
C22000A A22023G	S:H146Q S:E154G	10	19764	0.000506	21993	22058
C21888+T	NA	10	22827	0.000438	21847	21900
A25325T	Unknown	10	54191	0.000185	25300	25325
A25296G	S:K1245R	10	53758	0.000186	25251	25325
A25296-G	NA	10	53758	0.000186	25284	25320
A25256+C C25416T	NA ORF3a:F8L	10	1991	0.005023	25251	25477
A25243T	S:I1227I	10	48038	0.000208	25207	25324
A25225T	S:I1221I	10	47437	0.000211	25217	25325
A25208+T	NA	10	50313	0.000199	25122	25218
A25194G C25262-T	S:K1211R NA	10	41157	0.000243	25122	25325
A25194G	S:K1211R	10	48055	0.000208	25147	25325
A25143G C25262-T	S:N1194S NA	10	36048	0.000277	25122	25325
A25042G	S:T1160T	10	24358	0.000411	25029	25061
A25020G	S:D1153G	10	24489	0.000408	25010	25069
A24999-C	NA	10	24683	0.000405	24991	25048
A24963G C25000T	S:N1134S S:D1146D	10	17865	0.00056	24946	25069
A24956G C24981-T C25000T	S:I1132V NA S:D1146D	10	17694	0.000565	24850	25069
A24955G C25000T	S:G1131G S:D1146D	10	17686	0.000565	24850	25069
A24949G C24981-T C25000T	S:V1129V NA S:D1146D	10	17561	0.000569	24850	25003
A24920G C25000T	S:T1120A S:D1146D	10	17233	0.00058	24899	25069
A24905G C25000T	S:I1115V S:D1146D	10	17145	0.000583	24850	25069
A24902-T C25000T	NA S:D1146D	10	17127	0.000584	24893	25017
A24900G C25000T	S:Q1113R S:D1146D	10	17088	0.000585	24869	25069
A24884G C25000T	S:N1108D S:D1146D	10	16904	0.000592	24850	25069
A24880G C25000T	S:Q1106Q S:D1146D	10	16893	0.000592	24857	25069
A24879G	S:Q1106R	10	21117	0.000474	24850	24897
A24862G	S:T1100T	10	21136	0.000473	24850	24943
A24820G	S:K1086K	10	2306	0.004337	24749	24943
A24730G	S:A1056A	10	7639	0.001309	24710	24806
A24670-TCAAA	NA	10	31880	0.000314	24473	24679
A24647G C24672-A	S:M1029V NA	10	31718	0.000315	24612	24679
A24424T T24469A T24496C	S:Q954H S:N969K S:N978N	10	26968	0.000371	24412	24564
A24424T T24469A T24481C	S:Q954H S:N969K S:I973I	10	27058	0.00037	24412	24564
A24424T T24469A T24480C	S:Q954H S:N969K S:I973T	10	27062	0.00037	24412	24555
A24424T T24469A T24472-G C24536-AA	S:Q954H S:N969K NA NA	10	26684	0.000375	24412	24564
A24424T T24469A G24535A	S:Q954H S:N969K S:V991V	10	26698	0.000375	24412	24564
A24424T T24469A C24555+G	S:Q954H S:N969K NA	10	26462	0.000378	24412	24564
A24424T T24469A C24536T	S:Q954H S:N969K S:Q992*	10	26684	0.000375	24412	24564
A24424T T24469A A24556+G	S:Q954H S:N969K NA	10	26386	0.000379	24412	24564
A24424T T24469A A24539G	S:Q954H S:N969K S:I993V	10	26657	0.000375	24412	24564
A24424T T24451C T24469A	S:Q954H S:V963V S:N969K	10	27137	0.000369	24412	24564
A24424T T24450C T24469A	S:Q954H S:V963A S:N969K	10	27137	0.000369	24412	24564
A24424T T24437C	S:Q954H S:L959L	10	27464	0.000364	24412	24564
A24424T C24502T	S:Q954H S:I980I	10	26936	0.000371	24412	24564
A24424T A24560G	S:Q954H S:R1000G	10	26300	0.00038	24412	24562
A24424T A24545G	S:Q954H S:R995G	10	26606	0.000376	24412	24564
A24424T A24500G	S:Q954H S:I980V	10	26949	0.000371	24412	24515
A24424T A24479+T	S:Q954H NA	10	27064	0.000369	24412	24564
A24424T A24467C	S:Q954H Unknown	10	27150	0.000368	24412	24468
A24424T A24426G	S:Q954H S:N955S	10	27532	0.000363	24417	24564
A24110-T C24119-A G24124-T G24140-T	NA NA NA NA	10	2553	0.003917	24021	24157
A23834G C23854A	S:S758G S:N764K	10	24513	0.000408	23805	23895
A23829+T	NA	10	25880	0.000386	23767	23839
A23786-T A23853-C	NA NA	10	23617	0.000423	23767	23890
A23743-C C23854A	NA S:N764K	10	19731	0.000507	23733	23895
A23723G C23854A	S:S721G S:N764K	10	19557	0.000511	23683	23895
A23717G C23854A	S:T719A S:N764K	10	19531	0.000512	23683	23895
A23636-T	NA	10	106297	0.000094	23627	23642
A23598-T T23600G C23604A	NA S:S680A S:P681H	10	105398	0.000095	23580	23618
A23598+G T23599A C23604A	NA S:N679R S:P681Y	10	105398	0.000095	23580	23642
A23592G T23599G	S:Q677R S:N679K	10	105376	0.000095	23580	23724
A23515+G C23525T T23599G	NA S:H655S S:N679*	10	48003	0.000208	23487	23612
A23440G C23525T	S:A626A S:H655Y	10	17255	0.00058	23398	23539
A23403G T23487G C23525T	S:D614G S:V642G S:H655Y	10	16015	0.000624	23335	23529
A23403G T23433C T23434-C C23525T	S:D614G S:I624T NA S:H655Y	10	16015	0.000624	23355	23539
A23403G G23519A C23525T	S:D614G S:A653T S:H655Y	10	16015	0.000624	23335	23539
A23403G G23505-C C23525T	S:D614G NA S:H655Y	10	16015	0.000624	23384	23539
A23403G G23426T	S:D614G S:V622F	10	29591	0.000338	23269	23443
A23403G G23417-A	S:D614G NA	10	29975	0.000334	23335	23443
A23403G C23525T T23537C	S:D614G S:H655Y S:S659P	10	15638	0.000639	23335	23539
A23403G C23492-A C23525T	S:D614G NA S:H655Y	10	16015	0.000624	23397	23539
A23403G C23413T	S:D614G S:C617C	10	30123	0.000332	23335	23443
A23403G A23494G C23525T	S:D614G S:Q644Q S:H655Y	10	16015	0.000624	23335	23539
A23403G A23476G C23525T	S:D614G S:T638T S:H655Y	10	16015	0.000624	23335	23539
A23403G A23432G C23525T	S:D614G S:I624V S:H655Y	10	16015	0.000624	23335	23539
A23403G A23432+C C23481+T	S:D614G NA NA	10	16294	0.000614	23335	23490
A23403G A23418G C23525T	S:D614G S:E619G S:H655Y	10	16015	0.000624	23372	23532
A23382T A23403G C23525T	S:Q607L S:D614G S:H655Y	10	15056	0.000664	23335	23537
A23368G A23403G	S:T602T S:D614G	10	29010	0.000345	23363	23443
A23362G A23403G C23525T	S:P600P S:D614G S:H655Y	10	14612	0.000684	23335	23529
A22872+T T22882G	NA S:N440Q	10	14419	0.000694	22793	22889
A22810G G22813T T22882G G22895C T22896C G22898A T22942G	S:G416G S:K417N S:N440K S:V445P S:V445P S:G446S S:N460K	10	6498	0.001539	22793	22966
A22034+C	NA	10	22120	0.000452	22016	22058
A22024G	S:E154E	10	22222	0.00045	22004	22057
A22019G	S:M153V	10	22191	0.000451	22015	22058
A21972G G21987A T21990-TTA C22000A	S:N137S S:G142D S:DEL144 S:H146Q	10	18513	0.00054	21964	22054
A21972G	S:N137S	10	25085	0.000399	21847	21980
A21957G G21987A T21990-TTA A21999-C	S:E132G S:G142D S:DEL144 NA	10	17471	0.000572	21938	22019
A21932G G21987A T21990-TTA C22000A	S:T124A S:G142D S:DEL144 S:H146Q	10	15804	0.000633	21847	22058
A21900G	S:K113R	10	23028	0.000434	21847	21910
A21884G	S:T108A	10	22798	0.000439	21847	21910
A21875-T A21979-T G21987A T21990-TTA A21999-C	NA NA S:G142D S:DEL144 NA	10	14757	0.000678	21867	22030
A21875-T A21979-T G21987A T21990-TTA	NA NA S:G142D S:DEL144	10	18432	0.000543	21869	22029
A21852G G21987A T21990-TTA C22000A	S:K97R S:G142D S:DEL144 S:H146Q	10	14544	0.000688	21847	22058
