nt_mutations	aa_mutations	cluster_depth	total_depth	frequency	coverage_start	coverage_end
T23599G C23604A	S:N679K S:P681H	17279	63248	0.273194	23595	23605
C23525T T23599G C23604A	S:H655Y S:N679K S:P681H	15595	32383	0.48158	23522	23607
A24424T T24469A	S:Q954H S:N969K	6704	27864	0.240597	24421	24476
A24424T	S:Q954H	5425	30369	0.178636	24421	24424
C23854A	S:N764K	5302	18509	0.286455	23850	23858
A23403G C23525T	S:D614G S:H655Y	4543	13346	0.340402	23399	23528
A23403G	S:D614G	4346	25440	0.170833	23399	23405
C25000T	S:D1146D	4184	15897	0.263194	24998	25004
T24469A	S:N969K	3728	42268	0.088199	24465	24481
C25262-T	NA	3627	28596	0.126836	25258	25275
C23525T	S:H655Y	3309	49422	0.066954	23521	23528
G21987A T21990-TTA C22000A	S:G142D S:DEL144 S:H146Q	2283	13507	0.169023	21975	22011
C25416T	ORF3a:F8F	1891	8893	0.212639	25384	25419
G21987A T21990-TTA A21999-C	S:G142D S:DEL144 NA	1843	13507	0.136448	21974	22015
G22317T	S:G252V	1753	8627	0.203199	22315	22319
C23604A	S:P681H	1722	63365	0.027176	23602	23609
G22813T T22882G G22895C T22896C G22898A T22942G	S:K417N S:N440K S:V445P S:V445P S:G446S S:N460K	1501	5987	0.25071	22809	22944
C24981-T C25000T	NA S:D1146D	1439	11488	0.125261	24929	25004
G22813T T22882G G22895C T22896C G22898A	S:K417N S:N440K S:V445P S:V445P S:G446S	1058	8402	0.125922	22808	22906
T23599G	S:N679K	1057	63330	0.01669	23595	23602
C24672-A	NA	1013	21164	0.047864	24641	24679
C23525T C23604A	S:H655Y S:P681H	1012	32383	0.031251	23517	23614
C23334-T	NA	853	10708	0.07966	23285	23347
C25416T G25565A	ORF3a:F8F ORF3a:S58N	849	4537	0.187128	25384	25566
G21987A	S:G142D	816	14990	0.054436	21980	21990
G22813T T22882G	S:K417N S:N440K	750	10464	0.071674	22808	22885
G23948T	S:D796Y	665	3565	0.186536	23944	23951
C22000A	S:H146Q	661	14547	0.045439	21996	22012
C23887-A	NA	656	18163	0.036117	23860	23894
C23525T T23599G	S:H655Y S:N679K	628	32405	0.01938	23516	23602
C22109G T22200A G22317T	S:Q183E S:V213E S:G252V	628	3282	0.191347	22105	22319
T22942G	S:N460K	590	8169	0.072224	22938	22949
C24536-A	NA	493	46970	0.010496	24524	24546
T21990-TTA C22000A	S:DEL144 S:H146Q	484	13507	0.035833	21975	22011
G22813T T22882G T22896C G22898A T22942G	S:K417N S:N440K S:V445A S:G446S S:N460K	474	5987	0.079172	22805	22944
A24424T A24495G	S:Q954H S:N978S	422	27636	0.01527	24413	24544
C21618T T21632-TACCCCCTG	S:T19I S:DEL25/27	415	1068	0.388577	21605	21653
A21979-T G21987A A21993-TTACC A21999C	NA S:G142D NA S:H146P	415	13504	0.030732	21867	22019
T22200A G22317T	S:V213E S:G252V	414	4415	0.093771	22195	22319
C23334-T A23403G	NA S:D614G	409	10004	0.040884	23285	23409
A23515+G C23525T T23599G C23604A	NA S:H655S S:N679* S:P681Y	391	32321	0.012097	23505	23623
C23854A G23948T	S:N764K S:D796Y	387	2172	0.178177	23849	23954
C22109G T22200A	S:Q183E S:V213E	376	4507	0.083426	22105	22203
A24424T T24469A A24495G	S:Q954H S:N969K S:N978S	375	27636	0.013569	24416	24531
G22813T	S:K417N	314	11159	0.028139	22809	22816
G21987A T21990-TTA	S:G142D S:DEL144	311	14820	0.020985	21970	22011
A24253-T	NA	279	5783	0.048245	24234	24265
T24469A C24672-A	S:N969K NA	258	11898	0.021684	24465	24679
G21987A A21993-TTACC A21999C	S:G142D NA S:H146P	248	13507	0.018361	21968	22017
T22882G	S:N440K	245	11419	0.021455	22876	22885
T21990-TTA A21999-C	S:DEL144 NA	243	13507	0.017991	21973	22015
A21979-T G21987A T21990-TTA A21999-C	NA S:G142D S:DEL144 NA	237	13504	0.01755	21950	22017
G22813T T22882G G22895C G22898A	S:K417N S:N440K S:V445L S:G446S	235	8402	0.02797	22808	22906
T24267-G	NA	219	5821	0.037622	24260	24332
C23525T A23558-T T23599G C23604A	S:H655Y NA S:N679K S:P681H	218	32383	0.006732	23487	23623
T22200A	S:V213E	214	5708	0.037491	22196	22207
G23501A C23525T T23599G C23604A	S:A647T S:H655Y S:N679K S:P681H	207	31968	0.006475	23493	23625
C23854A C23887-A	S:N764K NA	207	17537	0.011804	23850	23895
T21934-A G21987A T21990-TTA C22000A	NA S:G142D S:DEL144 S:H146Q	206	11589	0.017775	21923	22058
C24320-A	NA	206	5953	0.034604	24229	24332
C22109G	S:Q183E	204	5067	0.040261	22105	22113
T24492-A	NA	202	47573	0.004246	24486	24502
G25218-T C25262-T	NA NA	202	25135	0.008037	25130	25311
A24424T T24469A C24536-A	S:Q954H S:N969K NA	198	27203	0.007279	24415	24550
A24495G	S:N978S	197	47521	0.004146	24490	24535
G23504T C23525T T23599G C23604A	S:G648C S:H655Y S:N679K S:P681H	187	32115	0.005823	23493	23624
C25294-A	NA	182	29841	0.006099	25285	25303
T22882G G22895C T22896C G22898A	S:N440K S:V445P S:V445P S:G446S	177	9346	0.018939	22876	22906
T25191-A C25262-T	NA NA	175	22993	0.007611	25130	25307
T22882G G22895C T22896C G22898A T22942G	S:N440K S:V445P S:V445P S:G446S S:N460K	168	6793	0.024731	22876	22944
G23364-A A23403G C23525T	NA S:D614G S:H655Y	166	12347	0.013445	23352	23532
C24981-T	NA	166	11750	0.014128	24856	24991
T23599G C23604A A23648T	S:N679K S:P681H S:T696S	165	29864	0.005525	23580	23668
T23599G C23604A T23662C	S:N679K S:P681H S:G700G	156	29767	0.005241	23591	23678
A23403G G23486-T C23525T	S:D614G NA S:H655Y	156	13346	0.011689	23398	23529
A24110-T	NA	153	1903	0.080399	24040	24121
C24852-A C25000T	NA S:D1146D	151	10325	0.014625	24850	25015
G24488-T	NA	149	47418	0.003142	24480	24499
C24852-A	NA	140	13592	0.0103	24850	24875
A24424T T24469A T24472-G	S:Q954H S:N969K NA	140	27828	0.005031	24419	24493
A23712+T	NA	140	49393	0.002834	23706	23723
C23367+A	NA	137	27954	0.004901	23345	23377
C23506-T C23525T T23599G C23604A	NA S:H655Y S:N679K S:P681H	136	32193	0.004225	23487	23624
C25000T C25100-A	S:D1146D NA	132	3714	0.035541	24990	25112
T24643+A	NA	130	21512	0.006043	24612	24656
T23599G C23604A A23639-T	S:N679K S:P681H NA	129	61637	0.002093	23590	23642
T22882G G22895C G22898A	S:N440K S:V445L S:G446S	129	9346	0.013803	22876	22906
T23599G C23604A A23648T A23682G	S:N679K S:P681H S:T696S S:Y707C	127	29593	0.004292	23580	23704
T24469A C24536-A	S:N969K NA	126	41069	0.003068	24465	24548
G25284-T	NA	125	29482	0.00424	25277	25323
G25565A	ORF3a:S58N	124	4537	0.027331	25384	25566
C24150+T	NA	124	5607	0.022115	24148	24163
G21987A C22000A	S:G142D S:H146Q	123	13507	0.009106	21975	22012
C25000T G25091+A	S:D1146D NA	123	3759	0.032721	24992	25198
T23596+A T23599G C23604A	NA S:N679* S:P681Y	122	63226	0.00193	23582	23633
T23599G C23604A A23669G	S:N679K S:P681H S:N703D	121	29713	0.004072	23581	23707
T24469A T24472-G	S:N969K NA	119	42226	0.002818	24465	24562
T23599G C23604A A23712+T	S:N679K S:P681H NA	117	28867	0.004053	23581	23724
G23768-T	NA	117	19210	0.006091	23767	23776
A24424T C24444-G T24469A	S:Q954H NA S:N969K	117	27864	0.004199	24415	24563
A24667-C	NA	116	21269	0.005454	24635	24679
T23599G C23604A T23681C	S:N679K S:P681H S:Y707H	115	29599	0.003885	23589	23705
A25137-T	NA	114	25913	0.004399	25130	25147
A24324-AT	NA	110	5850	0.018803	24293	24335
T24267-G A24424T	NA S:Q954H	109	1224	0.089052	24260	24424
T21632-TACCCCCTG	S:DEL25/27	108	1068	0.101124	21605	21653
A24424T T24438+A	S:Q954H NA	104	28304	0.003674	24412	24451
C25151+A	NA	102	26509	0.003848	25144	25175
A21979-T G21987A T21990-TTA	NA S:G142D S:DEL144	101	14817	0.006816	21949	22011
T23599G C23604A G23666-A	S:N679K S:P681H NA	99	29732	0.00333	23580	23684
A23515+G T23599G C23604A	NA S:N679* S:P681Y	99	32321	0.003063	23486	23613
T23599G C23604A G23666+A	S:N679K S:P681H NA	98	29732	0.003296	23581	23691
T23599G C23604A G23607T	S:N679K S:P681H S:R682L	98	63214	0.00155	23584	23724
T23599G C23604A A23712-T	S:N679K S:P681H NA	98	28867	0.003395	23581	23721
T21934-A G21987A T21990-TTA A21999-C	NA S:G142D S:DEL144 NA	98	11589	0.008456	21919	22026
G22813T T22882G G22895C T22896C G22898A T22900-G	S:K417N S:N440K S:V445P S:V445P S:G446S NA	98	8401	0.011665	22793	22914
C23816-T	NA	96	18817	0.005102	23767	23827
C23525T T23599G C23604A C23634-CAT	S:H655Y S:N679K S:P681H S:DEL692	95	31821	0.002985	23512	23642
A23013C T23018C T23019C T23031C A23055G A23063T T23075C	S:E484A S:F486P S:F486P S:F490S S:Q498R S:N501Y S:Y505H	93	752	0.12367	23008	23095
A24424T G24488-T	S:Q954H NA	92	27696	0.003322	24413	24517
A24424T C24536-A	S:Q954H NA	92	27203	0.003382	24415	24550
G23508+T C23525T T23599G C23604A	NA S:H655S S:N679* S:P681Y	91	32232	0.002823	23487	23634
T23507-G C23525T T23599G C23604A	NA S:H655Y S:N679K S:P681H	90	32215	0.002794	23501	23624
C23709+A	NA	87	49558	0.001756	23699	23719
T25263C	S:L1234P	86	28700	0.002997	25251	25307
C23492T C23525T A23586T T23599G C23604A	S:Q644* S:H655Y S:Q675L S:N679K S:P681H	86	31632	0.002719	23488	23624
T25140-A	NA	84	26047	0.003225	25133	25170
A24424T T24469A C24536-AA	S:Q954H S:N969K NA	84	27203	0.003088	24419	24558
A24424T T24436C T24469A	S:Q954H S:A958A S:N969K	84	27864	0.003015	24416	24564
T24469A T24643+A	S:N969K NA	82	12143	0.006753	24465	24661
T23637-C	NA	82	63926	0.001283	23630	23642
T23278-A	NA	81	15170	0.005339	23269	23290
C24672-A A24684-T	NA NA	80	4644	0.017227	24612	24698
G25198-C	NA	79	27696	0.002852	25191	25210
C25300T	S:G1246G	78	30093	0.002592	25290	25325
G22813T G22895C T22896C G22898A T22942G	S:K417N S:V445P S:V445P S:G446S S:N460K	77	5987	0.012861	22806	22966
G22813T T22882G T22942G	S:K417N S:N440K S:N460K	76	5987	0.012694	22808	22944
A24424T T24451+A	S:Q954H NA	76	28130	0.002702	24416	24461
G25124A	S:E1188K	75	24133	0.003108	25122	25147
T23143-A	NA	74	5482	0.013499	23089	23157
G22813T T22882G T22896C G22898A	S:K417N S:N440K S:V445A S:G446S	74	8402	0.008807	22808	22909
C23525T A23586T T23599G C23604A	S:H655Y S:Q675L S:N679K S:P681H	74	32383	0.002285	23501	23631
A23403G A23493G C23525T	S:D614G S:Q644R S:H655Y	73	13346	0.00547	23349	23533
T23599G C23604A A23665G	S:N679K S:P681H S:A701A	72	29742	0.002421	23580	23705
A21875+T	NA	72	14892	0.004835	21847	21887
T22882G T22896C G22898A T22942G	S:N440K S:V445A S:G446S S:N460K	71	6793	0.010452	22876	22949
G25218-T	NA	71	25252	0.002812	25209	25247
T23511+A C23525T T23599G C23604A	NA S:H655S S:N679* S:P681Y	70	32275	0.002169	23487	23624
G25555-T	NA	70	4809	0.014556	25372	25562
G25249A	S:M1229I	70	26139	0.002678	25231	25325
G23401T A23403G A23416T	S:Q613H S:D614G S:T618T	70	25107	0.002788	23292	23442
C25416T G25555-T	ORF3a:F8F NA	70	4809	0.014556	25372	25566
C23525T A23550G T23599G C23604A	S:H655Y S:D663G S:N679K S:P681H	70	32383	0.002162	23508	23629
A24424T C24466+A	S:Q954H NA	70	27894	0.00251	24413	24476
T24469A A24495G	S:N969K S:N978S	69	41963	0.001644	24465	24564
T23599G C23604A A23656G	S:N679K S:P681H S:S698S	69	29814	0.002314	23594	23699
C23525T T23599G C23604A T23637C	S:H655Y S:N679K S:P681H S:I692T	69	31564	0.002186	23506	23642
A25137-T C25262-T	NA NA	69	20299	0.003399	25130	25325
T24472-G	NA	68	44503	0.001528	24465	24564
G24193A	S:L877L	68	3854	0.017644	24161	24207
G22813T T22882G G22898A T22942G	S:K417N S:N440K S:G446S S:N460K	68	5987	0.011358	22808	22966
C23202T	S:T547I	68	5509	0.012343	23196	23224
T24492+A	NA	67	47573	0.001408	24482	24503
T23742-A	NA	67	16436	0.004076	23690	23754
T23599G C23604A T23652C	S:N679K S:P681H S:M697T	67	29837	0.002246	23581	23700
T23599G C23604A G23699A	S:N679K S:P681H S:A713T	67	29438	0.002276	23580	23700
G22577C G22578A G22599C C22664A C22674T T22679C	S:G339H S:G339H S:R346T S:L368I S:S371F S:S373P	67	296	0.226351	22514	22684
G21987A A21999-C	S:G142D NA	67	13507	0.00496	21970	22015
C23525T T23548C T23599G C23604A	S:H655Y S:C662C S:N679K S:P681H	67	32383	0.002069	23501	23624
A24684-T	NA	67	4789	0.01399	24657	24702
A24424T A24440-AC T24469A	S:Q954H NA S:N969K	67	27864	0.002405	24416	24546
A23523G C23525T T23599G C23604A	S:E654G S:H655Y S:N679K S:P681H	67	32382	0.002069	23487	23624
G22813T T22896C G22898A T22942G	S:K417N S:V445A S:G446S S:N460K	66	5987	0.011024	22803	22966
A24253-T C24320-A	NA NA	66	5182	0.012736	24229	24332
G23835+T	NA	65	18484	0.003517	23767	23847
C23123T	S:P521S	65	5501	0.011816	23089	23143
A23515+G C23525T	NA S:H655S	65	49276	0.001319	23487	23530
T23599G C23604A T23640C	S:N679K S:P681H S:I693T	64	61561	0.00104	23587	23642
G25302-T	NA	64	30178	0.002121	25295	25317
C22109G T22200A G22218-T G22317T	S:Q183E S:V213E NA S:G252V	64	3282	0.0195	22105	22319
T25191-A	NA	63	27503	0.002291	25156	25207
C23525T T23599G C23604A T23629C	S:H655Y S:N679K S:P681H S:S689S	63	31942	0.001972	23493	23637
T25382+A	NA	62	9295	0.00667	25372	25410
T25303C	S:C1247C	62	30214	0.002052	25287	25325
T23599G C23604A A23704+C	S:N679K S:P681H NA	61	29160	0.002092	23580	23724
C25276-A	NA	61	29235	0.002087	25262	25323
C23525T A23541G T23599G C23604A	S:H655Y S:Y660C S:N679K S:P681H	61	32383	0.001884	23487	23613
T23815C C23854A	S:N751N S:N764K	60	17546	0.00342	23795	23881
G24611+A	NA	60	16863	0.003558	24476	24637
A25295G	S:K1245E	60	29895	0.002007	25293	25316
A24424T T24438+A T24469A	S:Q954H NA S:N969Q	60	27864	0.002153	24413	24484
T25211-G C25214T	NA S:L1218L	59	24669	0.002392	25191	25305
T24660+A	NA	58	21398	0.002711	24612	24676
C24503-T	NA	58	47402	0.001224	24476	24513
C23525T T23584C T23599G C23604A	S:H655Y S:Y674Y S:N679K S:P681H	58	32383	0.001791	23501	23624
C23525T T23529C T23599G C23604A	S:H655Y S:V656A S:N679K S:P681H	58	32383	0.001791	23502	23624
C23099-T	NA	58	5486	0.010572	23097	23111
T23689-A	NA	57	49668	0.001148	23684	23706
T23599G C23604A T23693C	S:N679K S:P681H S:S711P	57	29491	0.001933	23581	23718
A24885+T C24981-T C25000T	NA NA S:D1146S	57	10717	0.005319	24868	25011
T23590C T23599G C23604A	S:T676T S:N679K S:P681H	56	63076	0.000888	23586	23640
G25299-C	NA	56	30060	0.001863	25290	25324
G21987A T21991-TA C22000A	S:G142D NA S:H146Q	56	13507	0.004146	21976	22015
C23525T A23535G T23599G C23604A	S:H655Y S:N658S S:N679K S:P681H	56	32383	0.001729	23501	23637
T23599G C23604G	S:N679K S:P681R	55	63248	0.00087	23580	23642
T22882G G22895C G22898A T22942G	S:N440K S:V445L S:G446S S:N460K	55	6793	0.008097	22877	22945
A23403G A23432+C	S:D614G NA	55	24237	0.002269	23345	23440
T21990-TTA	S:DEL144	54	14820	0.003644	21974	22015
G22577C G22578A	S:G339H S:G339H	54	631	0.085578	22470	22580
A23848+T	NA	54	18536	0.002913	23767	23861
A23588G T23599G C23604A	S:T676A S:N679K S:P681H	54	63035	0.000857	23580	23642
T23599G C23604A A23631G	S:N679K S:P681H S:Q690R	53	62541	0.000847	23580	23642
A24424T T24469A T24472-G A24495G	S:Q954H S:N969K NA S:N978S	53	27636	0.001918	24412	24554
A24424T C24435-T	S:Q954H NA	53	28355	0.001869	24412	24450
A24424T A24443G T24469A	S:Q954H S:T961A S:N969K	53	27864	0.001902	24412	24564
A23848G C23854A	S:Q762Q S:N764K	53	18367	0.002886	23833	23892
T24492-A C24536-A	NA NA	52	46231	0.001125	24479	24661
T23599G C23604A T23698C	S:N679K S:P681H S:I712I	52	29454	0.001765	23581	23700
T23599G C23604A C23709+A	S:N679K S:P681H NA	52	28966	0.001795	23580	23724
C24536-AA	NA	52	46970	0.001107	24527	24563
C23525T A23552G T23599G C23604A	S:H655Y S:I664V S:N679K S:P681H	52	32383	0.001606	23489	23623
C23399-A A23403G C23525T	NA S:D614G S:H655Y	52	13315	0.003905	23386	23539
A24423+T	NA	52	30392	0.001711	24412	24424
A21875-T A21979-T G21987A A21993-TTACC A21999C	NA NA S:G142D NA S:H146P	52	10917	0.004763	21867	22019
A21875-T	NA	52	14892	0.003492	21867	21890
G22813T T22882G T22896C T22942G	S:K417N S:N440K S:V445A S:N460K	51	5987	0.008518	22808	22966
C23525T A23544G T23599G C23604A	S:H655Y S:E661G S:N679K S:P681H	51	32383	0.001575	23505	23624
T23507C C23525T T23599G C23604A	S:C649R S:H655Y S:N679K S:P681H	50	32215	0.001552	23492	23637
T23489C C23525T T23599G C23604A	S:F643L S:H655Y S:N679K S:P681H	50	31581	0.001583	23486	23626
G25177+A	NA	50	27031	0.00185	25170	25210
C23525T T23537C T23599G C23604A	S:H655Y S:S659P S:N679K S:P681H	50	32383	0.001544	23487	23639
C23525T T23527C T23599G C23604A	S:H655Y S:H655Y S:N679K S:P681H	50	32383	0.001544	23499	23626
C23277T A23403G	S:T572I S:D614G	50	9642	0.005186	23273	23423
C22109G C22120-A T22200A G22317T	S:Q183E NA S:V213E S:G252V	50	3282	0.015235	22105	22319
A23493G C23525T T23599G C23604A	S:Q644R S:H655Y S:N679K S:P681H	50	31715	0.001577	23487	23634
T23599G T23602C C23604A	S:N679K S:S680S S:P681H	49	63248	0.000775	23580	23642
G23364-A A23403G	NA S:D614G	49	24224	0.002023	23356	23438
G23294A A23403G	S:D578N S:D614G	49	9902	0.004948	23288	23413
C25262-T C25300T	NA S:G1246G	49	28445	0.001723	25251	25320
C24422-A	NA	49	30400	0.001612	24412	24424
C23525T T23599G T23600C C23604A	S:H655Y S:N679K S:S680P S:P681H	49	32383	0.001513	23501	23637
C23525T T23599G C23604A A23631G	S:H655Y S:N679K S:P681H S:Q690R	49	31856	0.001538	23493	23634
C23230-A	NA	49	4388	0.011167	23204	23242
C23103-T	NA	49	5482	0.008938	23089	23115
A25253G	S:T1231A	49	28248	0.001735	25233	25305
T25140+A C25262-T	NA NA	48	20406	0.002352	25130	25320
T23599G T23600C C23604A	S:N679K S:S680P S:P681H	48	63248	0.000759	23580	23642
T23599G C23604A T23654C	S:N679K S:P681H S:S698P	48	29826	0.001609	23580	23678
T23584C T23599G C23604A	S:Y674Y S:N679K S:P681H	48	62920	0.000763	23580	23642
G23486-T C23525T	NA S:H655Y	48	14710	0.003263	23412	23532
G22813T G22841T T22876A T22882G G22895C T22896C G22898A T22942G	S:K417N S:D427Y S:S438S S:N440K S:V445P S:V445P S:G446S S:N460K	48	5987	0.008017	22793	22966
C23525T T23599G C23604A A23639-T	S:H655Y S:N679K S:P681H NA	48	31078	0.001545	23509	23642
A23558-T T23599G C23604A	NA S:N679K S:P681H	48	32731	0.001466	23493	23624
C23525T T23599G T23602C C23604A	S:H655Y S:N679K S:S680S S:P681H	47	32383	0.001451	23487	23639
A24922+T C24981-T C25000T	NA NA S:D1146S	47	10957	0.004289	24857	25009
A24424T T24436C	S:Q954H S:A958A	47	28330	0.001659	24416	24453
A24424T C24444-G	S:Q954H NA	47	28231	0.001665	24412	24491
T24471-TG	NA	46	44441	0.001035	24465	24555
G25181+A	NA	46	27073	0.001699	25174	25310
G24521+T	NA	46	47234	0.000974	24476	24530
C24466+A	NA	46	42167	0.001091	24465	24479
C23854A G23868-A	S:N764K NA	46	18125	0.002538	23843	23891
C22109G T22200A A22245-T G22317T	S:Q183E S:V213E NA S:G252V	46	3282	0.014016	22100	22319
T23599G C23604A T23637C	S:N679K S:P681H S:I692T	45	62162	0.000724	23580	23642
T22200A A22206-T G22317T	S:V213E NA S:G252V	45	4415	0.010193	22194	22319
G21987A A21993-TTAC C22000A	S:G142D NA S:H146Q	45	13507	0.003332	21972	22015
C23525T A23594G T23599G C23604A	S:H655Y S:T678A S:N679K S:P681H	45	32383	0.00139	23518	23624
C23525T A23566G T23599G C23604A	S:H655Y S:A668A S:N679K S:P681H	45	32383	0.00139	23501	23629
A24424T T24469A T24499C	S:Q954H S:N969K S:D979D	45	27608	0.00163	24416	24501
A23786-T C23854A	NA S:N764K	45	17101	0.002631	23684	23873
A23786+T	NA	45	19037	0.002364	23775	23798
A22101T C22109G T22200A G22317T	Unknown S:Q183E S:V213E S:G252V	45	3169	0.0142	22100	22319
T25322C	S:C1254R	44	30258	0.001454	25307	25325
T25148+A	NA	44	26414	0.001666	25141	25210
T23394C A23403G C23525T	S:L611P S:D614G S:H655Y	44	13099	0.003359	23388	23532
G25124A C25262-T	S:E1188K NA	44	18734	0.002349	25122	25324
G23522-A C23525T T23599G C23604A	NA S:H655Y S:N679K S:P681H	44	32380	0.001359	23512	23635
G23522-A C23525T	NA S:H655Y	44	49413	0.00089	23510	23535
C24422-A T24469A	NA S:N969K	44	27855	0.00158	24412	24563
C23525T T23581C T23599G C23604A	S:H655Y S:S673S S:N679K S:P681H	44	32383	0.001359	23487	23635
C23525T A23588G T23599G C23604A	S:H655Y S:T676A S:N679K S:P681H	44	32383	0.001359	23501	23624
C23525T A23534G T23599G C23604A	S:H655Y S:N658D S:N679K S:P681H	44	32383	0.001359	23493	23637
C21888-T	NA	44	14859	0.002961	21848	21900
A21979-T G21987A	NA S:G142D	44	14987	0.002936	21867	22017
T25272C	S:M1237T	43	29097	0.001478	25256	25316
T24438+A	NA	43	28897	0.001488	24412	24449
T22882G G22895C	S:N440K S:V445L	43	10986	0.003914	22876	22907
G22813T T22882G G22895T T22896C G22898A T22928C T22942G	S:K417N S:N440K S:V445S S:V445S S:G446S S:F456L S:N460K	43	5987	0.007182	22801	22945
C23525T T23599G C23604A T23620C	S:H655Y S:N679K S:P681H S:S686S	43	32339	0.00133	23487	23637
C23525T T23546C T23599G C23604A	S:H655Y S:C662R S:N679K S:P681H	43	32383	0.001328	23504	23624
C23525T A23531G T23599G C23604A	S:H655Y S:N657D S:N679K S:P681H	43	32383	0.001328	23499	23636
A23853-C	NA	43	18531	0.00232	23844	23871
A21999-C	NA	43	14480	0.00297	21969	22016
T25191+A C25262-T	NA NA	42	22993	0.001827	25140	25325
T23599G C23604A T23617C	S:N679K S:P681H S:R685R	42	63153	0.000665	23580	23642
T21886-A G21987A T21990-TTA C22000A	NA S:G142D S:DEL144 S:H146Q	42	11008	0.003815	21865	22058
T21856+A	NA	42	14752	0.002847	21850	21866
G25135+A C25262-T	NA NA	42	20152	0.002084	25127	25324
A24479-T	NA	42	46752	0.000898	24476	24496
A24424T C24503-T	S:Q954H NA	42	27555	0.001524	24413	24563
T25268C	S:C1236R	41	28922	0.001418	25251	25325
T23599G C23604A T23676C	S:N679K S:P681H S:V705A	41	29646	0.001383	23580	23724
T23599G C23604A T23620C	S:N679K S:P681H S:S686S	41	63134	0.000649	23580	23637
G22813T G22895C T22896C G22898A	S:K417N S:V445P S:V445P S:G446S	41	8402	0.00488	22808	22908
C25262-T G25364-T	NA NA	41	1667	0.024595	25251	25372
C23525T T23542C T23599G C23604A	S:H655Y S:Y660Y S:N679K S:P681H	41	32383	0.001266	23487	23642
C23525T A23586G T23599G C23604A	S:H655Y S:Q675R S:N679K S:P681H	41	32383	0.001266	23487	23629
C23525T A23570G T23599G C23604A	S:H655Y S:I670V S:N679K S:P681H	41	32383	0.001266	23493	23637
C23498A C23525T T23599G C23604A	S:R646S S:H655Y S:N679K S:P681H	41	31862	0.001287	23487	23637
C23498+G C23525T T23599G C23604A	NA S:H655S S:N679* S:P681Y	41	31862	0.001287	23487	23637
C23399+T C23525T	NA S:H655S	41	13315	0.003079	23335	23532
C23277T	S:T572I	41	15173	0.002702	23272	23290
C22109G C22120-A T22200A	S:Q183E NA S:V213E	41	4507	0.009097	22105	22220
A23432+C	NA	41	25400	0.001614	23336	23439
T25293C	S:L1244P	40	29820	0.001341	25274	25325
T25211C	S:W1217R	40	28652	0.001396	25205	25251
T23703-A	NA	40	49804	0.000803	23685	23712
G23735A C23854A	S:E725K S:N764K	40	13912	0.002875	23729	23881
G23508+T C23525T	NA S:H655S	40	49099	0.000815	23487	23530
G23401A A23403G	S:Q613Q S:D614G	40	25440	0.001572	23354	23429
G23383T A23403G	S:Q607H S:D614G	40	24701	0.001619	23379	23429
C25262-T A25327-T	NA NA	40	1908	0.020964	25251	25339
C23854A A23891G	S:N764K S:N777D	40	17378	0.002302	23832	23892
C23525T T23596C T23599G C23604A	S:H655Y S:T678T S:N679K S:P681H	40	32383	0.001235	23503	23625
A25241G	S:I1227V	40	26009	0.001538	25219	25325
A24730T A24742G	S:A1056A S:V1060V	40	5969	0.006701	24683	24791
A24424T G24521+T	S:Q954H NA	40	27385	0.001461	24413	24548
A24110-T C24150+T	NA NA	40	1649	0.024257	24021	24191
T23582C T23599G C23604A	S:Y674H S:N679K S:P681H	39	62849	0.000621	23580	23615
C25416T G25555-T G25565A	ORF3a:F8F NA ORF3a:S58N	39	4537	0.008596	25383	25566
C22109G T22200A G22218-T	S:Q183E S:V213E NA	39	4410	0.008844	22100	22231
C21618T	S:T19I	39	1099	0.035487	21588	21621
A23598G T23599G C23604A	S:N679R S:N679R S:P681H	39	63228	0.000617	23581	23642
A23594G T23599G C23604A	S:T678A S:N679K S:P681H	39	63171	0.000617	23580	23642
A22798+G G22813T T22882G	NA S:K417N S:N440Q	39	10223	0.003815	22793	22886
T23599G C23604A T23633C	S:N679K S:P681H S:S691P	38	62480	0.000608	23580	23642
T23599G C23604A A23670+T	S:N679K S:P681H NA	38	29704	0.001279	23580	23688
G22813T T22882G G22898A	S:K417N S:N440K S:G446S	38	8402	0.004523	22801	22906
G22813T T22873C T22882G G22895C T22896C G22898A T22942G	S:K417N S:N437N S:N440K S:V445P S:V445P S:G446S S:N460K	38	5987	0.006347	22808	22960
G22317T G22403-A	S:G252V NA	38	1469	0.025868	22246	22446
C23854A A23888G	S:N764K S:K776E	38	17500	0.002171	23830	23895
C23525T T23599G C23604A A23623G	S:H655Y S:N679K S:P681H S:V687V	38	32326	0.001176	23487	23624
A24803-T	NA	38	6242	0.006088	24767	24806
A23712+T C23887-A	NA NA	38	12907	0.002944	23697	23895
A23403G A23436G	S:D614G S:H625R	38	23875	0.001592	23378	23443
A22472C G22577C G22578A	S:K304Q S:G339H S:G339H	38	294	0.129252	22459	22580
T25301C	S:C1247R	37	30132	0.001228	25222	25325
T25265C	S:C1235R	37	28784	0.001285	25251	25324
T24489G	S:V976G	37	47507	0.000779	24479	24505
T24470-TTG	S:DEL971	37	42644	0.000868	24465	24564
T23599G C23604A T23677C	S:N679K S:P681H S:V705V	37	29639	0.001248	23580	23717
T23599G C23604A G23675-T	S:N679K S:P681H NA	37	29655	0.001248	23580	23687
T23599G C23604A A23702G	S:N679K S:P681H S:I714V	37	29227	0.001266	23581	23724
G24971+T C25000T	NA S:D1146S	37	11363	0.003256	24850	25012
C25416T C25469T	ORF3a:F8F ORF3a:S26L	37	8076	0.004581	25383	25491
C24320-A A24424T	NA S:Q954H	37	1582	0.023388	24236	24424
C23525T T23599G C23604G	S:H655Y S:N679K S:P681R	37	32383	0.001143	23507	23624
C23525T T23582C T23599G C23604A	S:H655Y S:Y674H S:N679K S:P681H	37	32383	0.001143	23487	23642
C23290T A23403G G23429T	S:V576V S:D614G S:A623S	37	9634	0.003841	23274	23443
A24913G C25000T	S:T1117T S:D1146D	37	10909	0.003392	24853	25016
A24110-T C24119-A	NA NA	37	1835	0.020163	24023	24144
A22101T C22109G T22200A	Unknown S:Q183E S:V213E	37	4365	0.008477	22100	22204
T25291C	S:C1243C	36	29737	0.001211	25280	25325
T25233C	S:L1224S	36	25897	0.00139	25218	25324
T25191-A G25218-T C25262-T	NA NA NA	36	22993	0.001566	25125	25325
T25144C	S:N1194N	36	26368	0.001365	25135	25200
T23599G C23604A T23680C	S:N679K S:P681H S:A706A	36	29606	0.001216	23580	23724
T23599G C23604A T23641C	S:N679K S:P681H S:I693I	36	61434	0.000586	23580	23642
T23599G C23604A A23636G	S:N679K S:P681H S:I692V	36	62244	0.000578	23580	23642
T23599G C23604A A23623G	S:N679K S:P681H S:V687V	36	63099	0.000571	23580	23641
T23511-A C23525T	NA S:H655Y	36	49187	0.000732	23503	23539
G23401T A23403G	S:Q613H S:D614G	36	25440	0.001415	23285	23441
G22813T G22841T T22882G G22895C T22896C G22898A T22942G	S:K417N S:D427Y S:N440K S:V445P S:V445P S:G446S S:N460K	36	5987	0.006013	22793	22949
C25000T T25072-G	S:D1146D NA	36	3904	0.009221	24992	25081
C23525T T23590C T23599G C23604A	S:H655Y S:T676T S:N679K S:P681H	36	32383	0.001112	23487	23634
C23399+T	NA	36	26240	0.001372	23335	23415
A25247G	S:M1229V	36	26114	0.001379	25224	25320
A23696-T	NA	36	49858	0.000722	23683	23710
A23688+G	NA	36	49597	0.000726	23683	23706
A23627-G	NA	36	64089	0.000562	23619	23642
A23403G T23434-C C23525T	S:D614G NA S:H655Y	36	13346	0.002697	23399	23535
A21875+T G21987A	NA S:G142E	36	12397	0.002904	21847	21991
T25306C	S:C1248C	35	30357	0.001153	25300	25323
T24656C	S:C1032R	35	21427	0.001633	24612	24661
T24643+A C24672-A	NA NA	35	21036	0.001664	24612	24679
T23599G C23604A T23629C	S:N679K S:P681H S:S689S	35	62638	0.000559	23580	23642
T23599G C23604A T23622C	S:N679K S:P681H S:V687A	35	63112	0.000555	23580	23642
T23511-A C23525T T23599G C23604A	NA S:H655Y S:N679K S:P681H	35	32275	0.001084	23487	23624
G22813T T22882G G22895C T22896C T22942G	S:K417N S:N440K S:V445P S:V445P S:N460K	35	5987	0.005846	22809	22949
C23525T T23599G C23604A A23614G	S:H655Y S:N679K S:P681H S:A684A	35	32358	0.001082	23487	23624
C23525T T23569C T23599G C23604A	S:H655Y S:G669G S:N679K S:P681H	35	32383	0.001081	23487	23624
C23525T A23592G T23599G C23604A	S:H655Y S:Q677R S:N679K S:P681H	35	32383	0.001081	23487	23624
C22109G T22118C T22200A G22317T	S:Q183E S:F186L S:V213E S:G252V	35	3282	0.010664	22101	22319
A25137+T C25262-T	NA NA	35	20299	0.001724	25130	25325
A24673G	S:S1037S	35	21094	0.001659	24612	24679
A24630G	S:N1023S	35	21622	0.001619	24612	24647
A24424T T24469A T24552C	S:Q954H S:N969K S:I997T	35	26986	0.001297	24416	24563
A24424T T24469A T24548C	S:Q954H S:N969K S:L996L	35	27066	0.001293	24413	24564
A23403G T23482-A C23525T	S:D614G NA S:H655Y	35	13346	0.002623	23388	23531
A23362+C	NA	35	28247	0.001239	23344	23369
T23815C	S:N751N	34	18831	0.001806	23767	23818
T23599G C23604A A23691G	S:N679K S:P681H S:N710S	34	29515	0.001152	23580	23697
T23521C C23525T T23599G C23604A	S:A653A S:H655Y S:N679K S:P681H	34	32373	0.00105	23516	23613
G23508+T	NA	34	49915	0.000681	23487	23518
G23402-A	NA	34	25451	0.001336	23387	23410
G23364-A C23525T	NA S:H655Y	34	12347	0.002754	23335	23532
G21969-T G21987A T21990-TTA C22000A	NA S:G142D S:DEL144 S:H146Q	34	13299	0.002557	21956	22058
C25416T G25527+C	ORF3a:F8F NA	34	5119	0.006642	25372	25536
C23525T A23532G T23599G C23604A	S:H655Y S:N657S S:N679K S:P681H	34	32383	0.00105	23501	23637
C22109G G22317T	S:Q183E S:G252V	34	3282	0.01036	22104	22319
A25274G	S:T1238A	34	29173	0.001165	25257	25316
A24885-T C24981-T C25000T	NA NA S:D1146D	34	10717	0.003173	24850	25006
A24424T A24441G T24469A	S:Q954H S:N960S S:N969K	34	27864	0.00122	24412	24563
A23515+G	NA	34	49856	0.000682	23486	23531
A23513G C23525T T23599G C23604A	S:I651V S:H655Y S:N679K S:P681H	34	32297	0.001053	23491	23624
A23494G C23525T T23599G C23604A	S:Q644Q S:H655Y S:N679K S:P681H	34	31836	0.001068	23487	23642
A23400T A23403G	S:Q613L S:D614G	34	25440	0.001336	23335	23443
A22798+G G22813T T22882G G22895C T22896C G22898A	NA S:K417N S:N440Q S:V445P S:V445P S:G446R	34	8185	0.004154	22793	22907
T25415-C	NA	33	8899	0.003708	25378	25453
T25319C	S:C1253R	33	30411	0.001085	25305	25323
T25211-G	NA	33	28652	0.001152	25181	25325
T23599G C23604A A23668G	S:N679K S:P681H S:E702E	33	29720	0.00111	23580	23724
T23487C C23525T T23599G C23604A	Unknown S:H655Y S:N679K S:P681H	33	21437	0.001539	23486	23624
T22896C G22898A T22942G	S:V445A S:G446S S:N460K	33	6826	0.004834	22883	22967
T21991-TA C22000A	NA S:H146Q	33	13507	0.002443	21969	22058
T21934-A T21990-TTA C22000A	NA S:DEL144 S:H146Q	33	11589	0.002848	21847	22058
G25218+T C25262-T	NA NA	33	25135	0.001313	25140	25324
G24992-A	NA	33	15883	0.002078	24975	25069
G23835+T C23887-A	NA NA	33	16903	0.001952	23767	23895
G22577C G22578A G22599C C22664A T22679C	S:G339H S:G339H S:R346T S:L368I S:S373P	33	296	0.111486	22494	22684
C24119-A	NA	33	1916	0.017223	24111	24138
C23525T A23539G T23599G C23604A	S:H655Y S:S659S S:N679K S:P681H	33	32383	0.001019	23487	23634
A25190+G	NA	33	27378	0.001205	25183	25325
A24424T T24471-TG	S:Q954H NA	33	27828	0.001186	24416	24521
A24424T T24469A A24551G	S:Q954H S:N969K S:I997V	33	27020	0.001221	24415	24564
A24424T T24469A A24525G	S:Q954H S:N969K S:E988G	33	27354	0.001206	24412	24562
A24424T G24488-T A24495G	S:Q954H NA S:N978S	33	27636	0.001194	24412	24520
A23592G T23599G C23604A	S:Q677R S:N679K S:P681H	33	63107	0.000523	23580	23637
A23586G T23599G C23604A	S:Q675R S:N679K S:P681H	33	62970	0.000524	23580	23642
T25307C	S:S1249P	32	30382	0.001053	25300	25316
T25283C	S:C1241R	32	29443	0.001087	25251	25325
T23599G C23604A T23659C	S:N679K S:P681H S:L699L	32	29780	0.001075	23593	23724
T23599G C23604A A23690G	S:N679K S:P681H S:N710D	32	29526	0.001084	23580	23724
T23509C C23525T T23599G C23604A	S:C649C S:H655Y S:N679K S:P681H	32	32257	0.000992	23487	23641
G21898-A G21987A T21990-TTA C22000A	NA S:G142D S:DEL144 S:H146Q	32	11190	0.00286	21890	22058
C25416T C25546+T	ORF3a:F8F NA	32	4905	0.006524	25372	25558
A25174G	S:G1204G	32	27021	0.001184	25128	25210
A23403G A23414G	S:D614G S:T618A	32	25155	0.001272	23335	23429
T25312C	S:C1250C	31	30452	0.001018	25297	25325
T25289C	S:C1243R	31	29672	0.001045	25270	25325
T23599G C23604A T23703C	S:N679K S:P681H S:I714T	31	29188	0.001062	23580	23724
T23075C	S:Y505H	31	1012	0.030632	23071	23101
T21976-C G21987A T21990-TTA C22000A	NA S:G142D S:DEL144 S:H146Q	31	13499	0.002296	21967	22043
G25135+A	NA	31	25759	0.001203	25130	25144
G22813T T22882G A22893C G22898A T22917G T22942G	S:K417N S:N440K S:K444T S:G446S S:L452R S:N460K	31	5987	0.005178	22793	22961
C25466-T	NA	31	8126	0.003815	25378	25476
C25262-T G25284-T	NA NA	31	28524	0.001087	25135	25324
C25000T T25191-A	S:D1146D NA	31	3311	0.009363	24990	25210
C23525T T23599G C23604A G23610A	S:H655Y S:N679K S:P681H S:R683Q	31	32366	0.000958	23487	23624
C23525T T23599G C23604A C23609T	S:H655Y S:N679K S:P681H S:R683W	31	32373	0.000958	23487	23633
C23525T G23561A T23599G C23604A	S:H655Y S:G667S S:N679K S:P681H	31	32383	0.000957	23487	23639
C23525T A23598G T23599G C23604A	S:H655Y S:N679R S:N679R S:P681H	31	32383	0.000957	23487	23637
A25195G	S:K1211K	31	27630	0.001122	25169	25210
A24424T C24517+A	S:Q954H NA	31	27429	0.00113	24412	24542
A24424T A24426G T24469A	S:Q954H S:N955S S:N969K	31	27864	0.001113	24413	24564
A23704+C	NA	31	49785	0.000623	23693	23714
A23503G C23525T T23599G C23604A	S:A647A S:H655Y S:N679K S:P681H	31	32097	0.000966	23487	23642
A23493G C23525T	S:Q644R S:H655Y	31	48274	0.000642	23487	23535
A23403G C23423T	S:D614G S:P621S	31	24926	0.001244	23269	23443
T24469A G24488-T	S:N969K NA	30	42074	0.000713	24465	24502
T24436C T24469A	S:A958A S:N969K	30	28415	0.001056	24428	24564
T23599G C23604A T23684C	S:N679K S:P681H S:S708P	30	29574	0.001014	23580	23724
T23599G C23604A C23709-A	S:N679K S:P681H NA	30	28966	0.001036	23580	23724
T23599G C23604A A23708G	S:N679K S:P681H S:T716A	30	28986	0.001035	23580	23724
T23143-A T23164-A	NA NA	30	5351	0.005606	23110	23178
T22882G T22942G	S:N440K S:N460K	30	6793	0.004416	22877	22961
C25000T A25056-T	S:D1146D NA	30	14939	0.002008	24990	25069
C24483+A	NA	30	47193	0.000636	24473	24492
C23859+T	NA	30	18558	0.001617	23683	23870
C23525T T23553C T23599G C23604A	S:H655Y S:I664T S:N679K S:P681H	30	32383	0.000926	23487	23635
C23525T A23531T T23599G C23604A	S:H655Y S:N657Y S:N679K S:P681H	30	32383	0.000926	23505	23624
C23300A A23403G	S:Q580K S:D614G	30	9972	0.003008	23296	23443
C21516+T C21618T T21632-TACCCCCTG	NA S:T19F S:DEL25/27	30	673	0.044577	21509	21664
A25420+T	NA	30	8844	0.003392	25372	25440
A24875G C25000T	S:T1105A S:D1146D	30	10685	0.002808	24850	25069
A24424T A24440-AC	S:Q954H NA	30	28286	0.001061	24412	24564
A23800G C23854A	S:S746S S:N764K	30	17349	0.001729	23785	23881
A23013C T23019C T23031C A23055G A23063T T23075C	S:E484A S:F486S S:F490S S:Q498R S:N501Y S:Y505H	30	752	0.039894	23008	23179
T25382+A C25416T	NA ORF3a:F8L	29	8773	0.003306	25372	25477
T25150C	S:S1196S	29	26507	0.001094	25139	25176
T24469A C24536-AA	S:N969K NA	29	41069	0.000706	24465	24563
T23689+A	NA	29	49668	0.000584	23683	23700
T23599G C23604A T23658C	S:N679K S:P681H S:L699P	29	29789	0.000974	23580	23700
T23599G C23604A G23608A	S:N679K S:P681H S:R682R	29	63214	0.000459	23580	23642
T23599G C23604A C23701T	S:N679K S:P681H S:A713A	29	29397	0.000986	23580	23724
T23599G C23604A A23688G	S:N679K S:P681H S:N709S	29	29548	0.000981	23580	23705
T23510C C23525T T23599G C23604A	S:L650L S:H655Y S:N679K S:P681H	29	32270	0.000899	23493	23624
T23031C	S:F490S	29	1230	0.023577	23025	23047
G25244-T	NA	29	26068	0.001112	25230	25316
G24992-A C25000T	NA S:D1146D	29	15783	0.001837	24974	25020
G23505A C23525T T23599G C23604A	S:G648D S:H655Y S:N679K S:P681H	29	32133	0.000902	23493	23642
G22813T T22882G G22895C T22896C G22898A G22933+T	S:K417N S:N440K S:V445P S:V445P S:G446S NA	29	6988	0.00415	22801	22940
G22813T T22882G G22895C T22896C	S:K417N S:N440K S:V445P S:V445P	29	8408	0.003449	22802	22906
G22813T T22882G G22895C	S:K417N S:N440K S:V445L	29	10038	0.002889	22793	22906
C23854A T23877C	S:N764K S:V772A	29	17885	0.001621	23735	23895
C23854A G23868A	S:N764K S:G769E	29	18125	0.0016	23825	23881
C23816-T C23854A	NA S:N764K	29	17558	0.001652	23767	23873
C23707+G	NA	29	49686	0.000584	23698	23724
C23525T T23599G C23604A T23626C	S:H655Y S:N679K S:P681H S:A688A	29	31987	0.000907	23505	23642
C23525T T23599G C23604A T23622C	S:H655Y S:N679K S:P681H S:V687A	29	32329	0.000897	23487	23624
C23525T T23599G C23604A G23612A	S:H655Y S:N679K S:P681H S:A684T	29	32362	0.000896	23505	23624
C23525T T23584A T23599G C23604A	S:H655Y S:Y674* S:N679K S:P681H	29	32383	0.000896	23501	23638
C23525T G23547A T23599G C23604A	S:H655Y S:C662Y S:N679K S:P681H	29	32383	0.000896	23507	23624
C22109G A22161-T T22200A G22317T	S:Q183E NA S:V213E S:G252V	29	3282	0.008836	22105	22319
A24885+T	NA	29	13835	0.002096	24852	24897
A24424T T24469A G24488-T	S:Q954H S:N969K NA	29	27696	0.001047	24413	24563
A24424T A24443G	S:Q954H S:T961A	29	28248	0.001027	24412	24457
A24325-T	NA	29	5730	0.005061	24278	24334
A24253-T A24324-AT	NA NA	29	5022	0.005775	24229	24335
A23403G T23485C C23525T	S:D614G S:N641N S:H655Y	29	13346	0.002173	23335	23535
A23403G T23404C C23525T	S:D614G S:D614G S:H655Y	29	13346	0.002173	23342	23539
T25310C	S:C1250R	28	30429	0.00092	25291	25324
T25280C	S:C1240R	28	29350	0.000954	25219	25325
T25148C	S:S1196P	28	26414	0.00106	25130	25195
T24643-A	NA	28	21512	0.001302	24620	24660
T24469A A24667-C	S:N969K NA	28	11984	0.002336	24465	24679
T23693C C23854A	S:S711P S:N764K	28	13554	0.002066	23683	23887
T23599G C23604A T23605C	S:N679K S:P681H S:P681H	28	63217	0.000443	23580	23724
T23599G C23604A C23705T	S:N679K S:P681H S:P715S	28	29145	0.000961	23580	23724
T23599G C23604A A23674G	S:N679K S:P681H S:S704S	28	29665	0.000944	23580	23724
T23599G C23604A A23639G	S:N679K S:P681H S:I693V	28	61637	0.000454	23583	23642
T21886-A G21987A T21990-TTA A21999-C	NA S:G142D S:DEL144 NA	28	11008	0.002544	21847	22058
G24868-T	NA	28	13974	0.002004	24858	24880
G22813T T22882G G22895C T22896C G22898A A22914-C T22942G	S:K417N S:N440K S:V445P S:V445P S:G446S NA S:N460K	28	5987	0.004677	22793	22966
C25292+G	NA	28	29763	0.000941	25285	25325
C25132+A C25262-T	NA NA	28	19964	0.001403	25125	25324
C24517-A	NA	28	47277	0.000592	24509	24529
C23525T T23599G C23604A T23617C	S:H655Y S:N679K S:P681H S:R685R	28	32346	0.000866	23487	23642
C23525T T23599G C23604A C23615T	S:H655Y S:N679K S:P681H S:R685C	28	32351	0.000866	23493	23624
C23525T T23599G C23604A A23627C	S:H655Y S:N679K S:P681H S:S689R	28	31965	0.000876	23487	23642
C23525T T23599G C23604A A23618G	S:H655Y S:N679K S:P681H S:S686G	28	32344	0.000866	23498	23620
C23525T A23579G T23599G C23604A	S:H655Y S:S673G S:N679K S:P681H	28	32383	0.000865	23487	23641
A25146G	S:E1195G	28	26403	0.00106	25138	25210
A25137+T	NA	28	25913	0.001081	25122	25147
A24885+T C25000T	NA S:D1146S	28	10717	0.002613	24850	25065
A24539+T	NA	28	46963	0.000596	24475	24552
A24424T T24469A T24523C	S:Q954H S:N969K S:V987V	28	27371	0.001023	24412	24546
A24424T T24469A T24506C	S:Q954H S:N969K S:S982P	28	27540	0.001017	24412	24564
A23403G T23489C C23525T	S:D614G S:F643L S:H655Y	28	13346	0.002098	23335	23532
A23403G G23522-A C23525T	S:D614G NA S:H655Y	28	13346	0.002098	23399	23539
T25161C	S:L1200P	27	26853	0.001005	25151	25181
T25148C C25262-T	S:S1196P NA	27	20827	0.001296	25130	25325
T24957-TG C25000T	NA S:D1146D	27	11203	0.00241	24869	25016
T24514C	S:L984L	27	47312	0.000571	24507	24519
T23828C C23854A	S:Y756H S:N764K	27	17724	0.001523	23817	23882
T23599G C23604A T23689C	S:N679K S:P681H S:N709N	27	29541	0.000914	23581	23708
T23599G C23604A T23686C	S:N679K S:P681H S:S708S	27	29556	0.000914	23580	23697
T23599G C23604A C23609T	S:N679K S:P681H S:R683W	27	63211	0.000427	23581	23642
T23599G C23604A A23648G	S:N679K S:P681H S:T696A	27	29864	0.000904	23580	23673
T22882G G22898A T22942G	S:N440K S:G446S S:N460K	27	6793	0.003975	22876	22944
G25166-A	NA	27	26909	0.001003	25159	25210
G24971+T C24981-T C25000T	NA NA S:D1146S	27	11363	0.002376	24850	25013
G24926A	S:V1122M	27	13464	0.002005	24908	24936
G23835-T	NA	27	18484	0.001461	23767	23848
G23519A C23525T T23599G C23604A	S:A653T S:H655Y S:N679K S:P681H	27	32359	0.000834	23487	23623
G22813T T22831+A T22882G G22895C T22896C G22898A	S:K417N NA S:N440Q S:V445P S:V445P S:G446R	27	8402	0.003214	22793	22907
G22104-A C22109G T22200A	NA S:Q183E S:V213E	27	4439	0.006082	22100	22211
C23525T T23573C T23599G C23604A	S:H655Y S:C671R S:N679K S:P681H	27	32383	0.000834	23498	23642
C22109G T22118C T22200A	S:Q183E S:F186L S:V213E	27	4507	0.005991	22100	22213
A25325G	Unknown	27	30067	0.000898	25307	25325
A25182G	S:E1207G	27	27265	0.00099	25157	25323
A25164G	S:Q1201R	27	26881	0.001004	25144	25210
A24667G	S:G1035G	27	21269	0.001269	24612	24679
A24484G	S:S974S	27	47244	0.000572	24474	24511
A24424T T24469A T24511C	S:Q954H S:N969K S:R983R	27	27476	0.000983	24412	24564
A24424T A24453G T24469A	S:Q954H S:K964R S:N969K	27	27864	0.000969	24413	24564
A23497G C23525T T23599G C23604A	S:T645T S:H655Y S:N679K S:P681H	27	31853	0.000848	23487	23637
A23403G T23467G C23525T	S:D614G S:V635V S:H655Y	27	13346	0.002023	23397	23535
A23403G G23429T	S:D614G S:A623S	27	24708	0.001093	23383	23443
A23403G C23525T T23529C	S:D614G S:H655Y S:V656A	27	13262	0.002036	23380	23532
T25316C	S:S1252P	26	30471	0.000853	25293	25325
T25270C	S:C1236C	26	29008	0.000896	25200	25325
T24929C	S:S1123P	26	13443	0.001934	24850	24943
T24552C	S:I997T	26	46769	0.000556	24483	24564
T23599G C23604A T23626C	S:N679K S:P681H S:A688A	26	62719	0.000415	23580	23642
T23599G C23604A A23614G	S:N679K S:P681H S:A684A	26	63177	0.000412	23580	23642
T23500C C23525T T23599G C23604A	S:R646R S:H655Y S:N679K S:P681H	26	31948	0.000814	23487	23624
G25323A	S:C1254Y	26	30241	0.00086	25293	25325
G25278-T	NA	26	29310	0.000887	25270	25299
G23835-T C23854A	NA S:N764K	26	17869	0.001455	23805	23881
G22895C T22896C G22898A T22942G	S:V445P S:V445P S:G446S S:N460K	26	6826	0.003809	22884	22966
G22813T T22942G	S:K417N S:N460K	26	5987	0.004343	22803	22949
G22813T T22831+A T22882G	S:K417N NA S:N440Q	26	10464	0.002485	22798	22890
C25517-T	NA	26	5551	0.004684	25372	25528
C25000T G25073A	S:D1146D S:G1171S	26	3899	0.006668	24998	25094
C24026-T	NA	26	2934	0.008862	24021	24043
C23604A A23639-T	S:P681H NA	26	61749	0.000421	23581	23642
C23525T T23599G C23604A A23636G	S:H655Y S:N679K S:P681H S:I692V	26	31630	0.000822	23487	23642
C23525T T23571C T23599G C23604A	S:H655Y S:I670T S:N679K S:P681H	26	32383	0.000803	23501	23624
C23525T A23583G T23599G C23604A	S:H655Y S:Y674C S:N679K S:P681H	26	32383	0.000803	23487	23637
C23525T A23552T T23599G C23604A	S:H655Y S:I664L S:N679K S:P681H	26	32383	0.000803	23510	23624
C23334-T G23402-A	NA NA	26	10010	0.002597	23282	23433
C23230+A	NA	26	4388	0.005925	23089	23254
A25277G	S:S1239G	26	29266	0.000888	25233	25325
A25133G	S:K1191E	26	25620	0.001015	25122	25151
A24424T T24469A G24558A	S:Q954H S:N969K S:G999D	26	26735	0.000973	24412	24561
A24424T T24469A A24532G	S:Q954H S:N969K S:E990E	26	27274	0.000953	24412	24564
A24424T T24448C	S:Q954H S:L962L	26	28168	0.000923	24412	24471
A24424T A24556+G	S:Q954H NA	26	26773	0.000971	24412	24563
A23403G T23511-A C23525T	S:D614G NA S:H655Y	26	13346	0.001948	23399	23539
T25257C	S:I1232T	25	28403	0.00088	25252	25320
T23850+A	NA	25	18534	0.001349	23767	23866
T23599G C23604A T23689-A	S:N679K S:P681H NA	25	29541	0.000846	23581	23701
T23599G C23604A A23696G	S:N679K S:P681H S:I712V	25	29468	0.000848	23581	23708
T23599G C23604A A23682G	S:N679K S:P681H S:Y707C	25	29593	0.000845	23580	23724
T23599G C23604A A23627G	S:N679K S:P681H S:S689G	25	62682	0.000399	23594	23642
T23596C T23599G C23604A	S:T678T S:N679K S:P681H	25	63226	0.000395	23580	23642
T23491C C23525T T23599G C23604A	S:F643F S:H655Y S:N679K S:P681H	25	31613	0.000791	23487	23641
T23394C C23525T	S:L611P S:H655Y	25	13099	0.001909	23335	23539
T23164-A	NA	25	5484	0.004559	23089	23193
G23768-T C23887-A	NA NA	25	15987	0.001564	23767	23895
G22813T G22895C G22898A	S:K417N S:V445L S:G446S	25	8402	0.002975	22793	22906
C25416T C25517-T	ORF3a:F8F NA	25	5551	0.004504	25372	25531
C24455-A	NA	25	28902	0.000865	24428	24482
C23334-T C23367+A	NA NA	25	10428	0.002397	23278	23419
C22109G A22161-T T22200A	S:Q183E NA S:V213E	25	4507	0.005547	22105	22214
A25315G	S:G1251G	25	30471	0.00082	25290	25325
A25176G	S:K1205R	25	27045	0.000924	25151	25202
A24674G	S:K1038E	25	21108	0.001184	24612	24679
A24667-CA	NA	25	21269	0.001175	24581	24679
A24424T T24469A T24504C	S:Q954H S:N969K S:L981P	25	27550	0.000907	24412	24564
A24424T T24469A A24516G	S:Q954H S:N969K S:D985G	25	27440	0.000911	24412	24561
A24424T T24451+A T24469A	S:Q954H NA S:N969Q	25	27864	0.000897	24412	24561
A24420G A24424T T24469A	S:N953S S:Q954H S:N969K	25	27834	0.000898	24412	24564
A23764G C23854A	S:T734T S:N764K	25	14067	0.001777	23734	23891
A23712-T	NA	25	49393	0.000506	23700	23724
A21979-T G21987A T21990-TTA A21999-CAA	NA S:G142D S:DEL144 S:DEL147	25	13504	0.001851	21847	22024
T25285C	S:C1241C	24	29520	0.000813	25272	25325
T25251C	S:V1230A	24	26208	0.000916	25219	25325
T25211-G C25214T C25262-T	NA S:L1218L NA	24	24536	0.000978	25130	25325
T24658C	S:C1032C	24	21407	0.001121	24612	24679
T24585C	S:V1008A	24	16972	0.001414	24564	24593
T24469A T24660+A	S:N969K NA	24	12074	0.001988	24465	24671
T23599G C23604A G23610A	S:N679K S:P681H S:R683Q	24	63197	0.00038	23580	23642
T23599G C23604A C23625T	S:N679K S:P681H S:A688V	24	63059	0.000381	23580	23642
T23599G C23604A A23618G	S:N679K S:P681H S:S686G	24	63148	0.00038	23581	23642
T23434-C C23525T	NA S:H655Y	24	14152	0.001696	23425	23539
T22882G G22898A	S:N440K S:G446S	24	9346	0.002568	22877	22906
G24488-T C24672-A	NA NA	24	15919	0.001508	24486	24679
G23948T G23955+T	S:D796Y NA	24	3340	0.007186	23941	23963
G22022-A	NA	24	15594	0.001539	22015	22049
C25000T C25046T	S:D1146D S:P1162S	24	15108	0.001589	24996	25058
C23816-T C23887-A	NA NA	24	16600	0.001446	23792	23895
C23709+T	NA	24	49558	0.000484	23701	23724
C23525T T23559C T23599G C23604A	S:H655Y S:I666T S:N679K S:P681H	24	32383	0.000741	23489	23624
C23525T G23528A T23599G C23604A	S:H655Y S:V656I S:N679K S:P681H	24	32383	0.000741	23487	23642
C23492+T C23525T T23599G C23604A	NA S:H655S S:N679* S:P681Y	24	31632	0.000759	23486	23633
C23367+A C23525T	NA S:H655S	24	12380	0.001939	23351	23532
C22109G C22120-A	S:Q183E NA	24	5060	0.004743	22105	22137
A25175G	S:K1205E	24	27053	0.000887	25153	25210
A24885-T	NA	24	13835	0.001735	24850	24898
A24677G	S:R1039G	24	21068	0.001139	24612	24679
A24424T T24469A A24562G	S:Q954H S:N969K S:R1000R	24	26645	0.000901	24412	24564
A23403G T23425C C23525T	S:D614G S:P621P S:H655Y	24	13346	0.001798	23380	23539
A23403G A23495G C23525T	S:D614G S:T645A S:H655Y	24	13346	0.001798	23335	23527
A21875-T G21987A	NA S:G142D	24	12397	0.001936	21869	21991
T25309C	S:S1249S	23	30410	0.000756	25217	25324
T25304C	S:C1248R	23	30269	0.00076	25288	25320
T25237C	S:I1225I	23	25949	0.000886	25225	25325
T25205C	S:Y1215H	23	28011	0.000821	25192	25210
T25171-G	NA	23	26932	0.000854	25158	25210
T24660+A C24672-A	NA NA	23	21083	0.001091	24612	24679
T24499+A	NA	23	47470	0.000485	24486	24509
T24469A T24492+A	S:N969K NA	23	42041	0.000547	24465	24506
T23599G C23604A C23615T	S:N679K S:P681H S:R685C	23	63167	0.000364	23580	23642
T23599G C23604A A23720G	S:N679K S:P681H S:I720V	23	28627	0.000803	23580	23724
T23599G C23604A A23704G	S:N679K S:P681H S:I714M	23	29160	0.000789	23580	23724
T23581C T23599G C23604A	Unknown S:N679K S:P681H	23	62464	0.000368	23580	23642
T23434-C	NA	23	25146	0.000915	23424	23443
T23289+C	NA	23	15410	0.001493	23270	23290
T23221C	S:T553T	23	5444	0.004225	23193	23274
T22882G T22896C G22898A	S:N440K S:V445A S:G446S	23	9346	0.002461	22850	22912
T21864+A	NA	23	14783	0.001556	21847	21874
G25299A	S:G1246D	23	30060	0.000765	25284	25323
G25287-T	NA	23	29612	0.000777	25277	25320
G25130A	S:A1190T	23	24760	0.000929	25122	25168
G23735+A	NA	23	16533	0.001391	23699	23766
G23699+A	NA	23	49895	0.000461	23686	23708
G22813T T22882G G22895C T22896C G22898A T22942G C22949G	S:K417N S:N440K S:V445P S:V445P S:G446S S:N460K S:P463A	23	5727	0.004016	22793	22967
G22813T T22882G G22895C T22896C G22898A A22920T T22942G	S:K417N S:N440K S:V445P S:V445P S:G446S S:Y453F S:N460K	23	5987	0.003842	22808	22949
G22809-A G22813T	NA S:K417N	23	11146	0.002064	22797	22824
G22577C G22578A G22599C C22664A C22674T	S:G339H S:G339H S:R346T S:L368I S:S371F	23	307	0.074919	22551	22676
C25262-T T25291C	NA S:C1243C	23	28499	0.000807	25251	25325
C25000T G25088-T	S:D1146D NA	23	3778	0.006088	24990	25104
C25000T C25100-A T25191-A	S:D1146D NA NA	23	3311	0.006947	24990	25210
C24668+A	NA	23	21256	0.001082	24612	24679
C24444-G T24469A	NA S:N969K	23	28509	0.000807	24428	24564
C23854A G23903-T G23948T	S:N764K NA S:D796Y	23	2172	0.010589	23829	23978
C23854A A23880G	S:N764K S:E773G	23	17815	0.001291	23848	23881
C23758+A	NA	23	16240	0.001416	23683	23778
C23525T T23599G C23604A C23613T	S:H655Y S:N679K S:P681H S:A684V	23	32360	0.000711	23487	23642
C23525T G23580A T23599G C23604A	S:H655Y S:S673N S:N679K S:P681H	23	32383	0.00071	23487	23624
C23525T A23554-C T23599G C23604A	S:H655Y NA S:N679K S:P681H	23	32383	0.00071	23487	23624
C23502T C23525T T23599G C23604A	S:A647V S:H655Y S:N679K S:P681H	23	32066	0.000717	23487	23624
C23244-T	NA	23	4321	0.005323	23089	23274
C21978A G21987A T21990-TTA C22000A	S:P139Q S:G142D S:DEL144 S:H146Q	23	13504	0.001703	21960	22058
C21978A G21987A T21990-TTA A21999-C	S:P139Q S:G142D S:DEL144 NA	23	13504	0.001703	21959	22058
A25397-T	NA	23	9223	0.002494	25375	25408
A25374-T	NA	23	9104	0.002526	25372	25391
A25208+T C25262-T	NA NA	23	24210	0.00095	25140	25323
A24922-T C24981-T C25000T	NA NA S:D1146D	23	10957	0.002099	24857	25069
A24885-T C25000T	NA S:D1146D	23	10717	0.002146	24850	25009
A24554G	S:T998A	23	46677	0.000493	24548	24564
A24520G	S:K986K	23	47270	0.000487	24508	24545
A24424T T24469A T24489C	S:Q954H S:N969K S:V976A	23	27686	0.000831	24412	24563
A24424T T24469A A24508G	S:Q954H S:N969K S:S982S	23	27507	0.000836	24412	24564
A24424T T24464C T24469A	S:Q954H S:S968P S:N969K	23	27864	0.000825	24412	24552
A24424T T24447C T24469A	S:Q954H S:L962P S:N969K	23	27864	0.000825	24412	24498
A23598+G C23604A	NA S:P681Y	23	63228	0.000364	23581	23641
A23523G C23525T A23541G T23599G C23604A	S:E654G S:H655Y S:Y660C S:N679K S:P681H	23	32382	0.00071	23487	23642
A23495G C23525T T23599G C23604A	S:T645A S:H655Y S:N679K S:P681H	23	31837	0.000722	23487	23642
A23359G A23403G	S:T599T S:D614G	23	24197	0.000951	23335	23412
A22101T C22109G	Unknown S:Q183E	23	4912	0.004682	22100	22146
T25189C	S:Y1209Y	22	27370	0.000804	25185	25210
T24480C	S:I973T	22	46868	0.000469	24473	24564
T24469A G24611+A	S:N969K NA	22	12275	0.001792	24465	24647
T24451+A	NA	22	28897	0.000761	24436	24461
T23599G C23604A G23612A	S:N679K S:P681H S:A684T	22	63188	0.000348	23580	23637
T23599G C23604A C23685T	S:N679K S:P681H S:S708F	22	29565	0.000744	23580	23724
T23599G C23604A A23717G	S:N679K S:P681H S:T719A	22	28799	0.000764	23580	23724
T23599G C23604A A23632G	S:N679K S:P681H S:Q690Q	22	62505	0.000352	23580	23705
T23511+A C23525T	NA S:H655S	22	49187	0.000447	23487	23529
T23482-A C23525T	NA S:H655Y	22	14659	0.001501	23472	23539
T22882G G22895C T22942G	S:N440K S:V445L S:N460K	22	6793	0.003239	22877	22957
G24488+T	NA	22	47418	0.000464	24480	24500
G24476+A	NA	22	46293	0.000475	24469	24495
G23351-T	NA	22	28405	0.000775	23339	23360
G22813T T22896C T22942G	S:K417N S:V445A S:N460K	22	5987	0.003675	22793	22966
G22813T T22882G G22895C T22896C G22898A T22930A T22942G	S:K417N S:N440K S:V445P S:V445P S:G446S S:F456L S:N460K	22	5987	0.003675	22808	22966
C25416T C25466-T	ORF3a:F8F NA	22	8126	0.002707	25383	25481
C25262-T C25416T	NA ORF3a:F8F	22	1165	0.018884	25251	25429
C25214+G	NA	22	24875	0.000884	25207	25325
C25132+A	NA	22	25533	0.000862	25122	25152
C24878+A	NA	22	13935	0.001579	24852	24888
C23854A T23860C	S:N764K S:A766A	22	18333	0.0012	23809	23892
C23799-A C23854A	NA S:N764K	22	17325	0.00127	23745	23895
C23694+G	NA	22	49801	0.000442	23686	23715
C23604A A23648T	S:P681H S:T696S	22	29939	0.000735	23592	23724
C23536+G	NA	22	48976	0.000449	23529	23539
A25147G	S:E1195E	22	26401	0.000833	25130	25321
A24424T A24468-T	S:Q954H NA	22	27874	0.000789	24413	24559
A24424T A24426G	S:Q954H S:N955S	22	28415	0.000774	24412	24564
A23702G C23854A	S:I714V S:N764K	22	13710	0.001605	23683	23895
A23515+G C23525T A23558-T T23599G C23604A	NA S:H655S NA S:N679* S:P681Y	22	32321	0.000681	23487	23637
A23403G T23452C C23525T	S:D614G S:T630T S:H655Y	22	13346	0.001648	23398	23532
A23403G T23406C	S:D614G S:V615A	22	25332	0.000868	23389	23427
T25264C	S:L1234L	21	28754	0.00073	25251	25324
T25248C	S:M1229T	21	26117	0.000804	25205	25325
T25152C	S:L1197P	21	26715	0.000786	25145	25155
T24634C	S:L1024L	21	21589	0.000973	24612	24679
T24628C	S:A1022A	21	21611	0.000972	24612	24675
T24589C	S:T1009T	21	16934	0.00124	24475	24679
T24585G	S:V1008G	21	16972	0.001237	24571	24661
T24469A T24499C	S:N969K S:D979D	21	41869	0.000502	24465	24531
T23599G C23604A T23695C	S:N679K S:P681H S:S711S	21	29476	0.000712	23580	23724
T23599G C23604A G23624A	S:N679K S:P681H S:A688T	21	63080	0.000333	23580	23642
T23599G C23604A C23706T	S:N679K S:P681H S:P715L	21	29123	0.000721	23587	23724
T23599G C23604A C23643T	S:N679K S:P681H S:A694V	21	60876	0.000345	23580	23700
T23599G C23604A C23609+G	S:N679K S:P681H NA	21	63211	0.000332	23582	23620
T23596-A T23599G C23604A	NA S:N679K S:P681H	21	63226	0.000332	23580	23642
T22942G G22992A C22995A A23013C T23018C T23019C T23031C	S:N460K S:S477N S:T478K S:E484A S:F486P S:F486P S:F490S	21	154	0.136364	22938	23047
G25198A	S:W1212*	21	27696	0.000758	25190	25210
G25130+T	NA	21	24760	0.000848	25123	25154
G23383T G23384+T A23403G	S:Q607H NA S:D614G	21	24701	0.00085	23269	23443
G23224A	S:E554E	21	5440	0.00386	23182	23290
G22813T T22882G T22896C G22898A A22914-C T22942G	S:K417N S:N440K S:V445A S:G446S NA S:N460K	21	5987	0.003508	22802	22967
G21987A T21990-TTA C22000A A22023G	S:G142D S:DEL144 S:H146Q S:E154G	21	12887	0.00163	21967	22043
G21901-A	NA	21	14941	0.001406	21855	21911
C25000T A25038G	S:D1146D S:H1159R	21	15241	0.001378	24990	25069
C24512+T	NA	21	47335	0.000444	24480	24523
C24477+A	NA	21	46618	0.00045	24470	24496
C24435-T	NA	21	28878	0.000727	24428	24450
C23859+T C23887-A	NA NA	21	17727	0.001185	23683	23895
C23854G	S:N764K	21	18509	0.001135	23836	23895
C23709+A C23887-A	NA NA	21	12894	0.001629	23683	23895
C23525T T23599G C23604A T23633C	S:H655Y S:N679K S:P681H S:S691P	21	31827	0.00066	23487	23637
C23525T T23599G C23604A G23607A	S:H655Y S:N679K S:P681H S:R682Q	21	32375	0.000649	23487	23640
C23525T T23560C T23599G C23604A	S:H655Y S:I666I S:N679K S:P681H	21	32383	0.000648	23487	23634
C23525T G23576A T23599G C23604A	S:H655Y S:A672T S:N679K S:P681H	21	32383	0.000648	23501	23638
C23188+T	NA	21	5551	0.003783	23104	23197
C22109G C22120-A T22200A G22218-T G22317T	S:Q183E NA S:V213E NA S:G252V	21	3282	0.006399	22105	22319
A25315+G	NA	21	30471	0.000689	25301	25324
A25256+T C25262-T	NA NA	21	28349	0.000741	25251	25279
A24424T T24552C	S:Q954H S:I997T	21	26986	0.000778	24412	24564
A24424T T24499C	S:Q954H S:D979D	21	27608	0.000761	24412	24564
A24424T T24469A T24482C	S:Q954H S:N969K S:S974P	21	27753	0.000757	24412	24564
A24424T T24448C T24469A	S:Q954H S:L962L S:N969K	21	27864	0.000754	24412	24558
A24424T C24455-A	S:Q954H NA	21	28078	0.000748	24412	24514
A24424T C24431+A	S:Q954H NA	21	28397	0.00074	24412	24443
A23723G C23854A	S:S721G S:N764K	21	13802	0.001522	23683	23881
A23403G A23474+T C23525T	S:D614G NA S:H655S	21	13346	0.001574	23383	23539
A23403G A23442G	S:D614G S:D627G	21	23697	0.000886	23386	23443
A23013C T23018C T23019C T23031C	S:E484A S:F486P S:F486P S:F490S	21	1056	0.019886	23008	23047
T25220C	S:F1220L	20	25480	0.000785	25122	25324
T24650C	S:S1030P	20	21482	0.000931	24612	24679
T24417C A24424T T24469A	S:V952A S:Q954H S:N969K	20	27765	0.00072	24412	24564
T24417C A24424T	S:V952A S:Q954H	20	30269	0.000661	24412	24424
T23599G C23604A T23716C	S:N679K S:P681H S:F718F	20	28814	0.000694	23580	23717
T23599G C23604A T23697C	S:N679K S:P681H S:I712T	20	29464	0.000679	23580	23724
T23599G C23604A T23622-A	S:N679K S:P681H NA	20	63112	0.000317	23580	23724
T23599G C23604A G23678A	S:N679K S:P681H S:A706T	20	29632	0.000675	23580	23706
T23599G C23604A G23661A	S:N679K S:P681H S:G700D	20	29771	0.000672	23580	23665
T23599G C23604A C23664T	S:N679K S:P681H S:A701V	20	29757	0.000672	23580	23697
T23599G C23604A C23609-G	S:N679K S:P681H NA	20	63211	0.000316	23580	23624
T23599G C23604A A23711G	S:N679K S:P681H S:N717D	20	28886	0.000692	23580	23724
T23599G C23604A A23651G	S:N679K S:P681H S:M697V	20	29844	0.00067	23580	23724
T23599G C23604A A23646G	S:N679K S:P681H S:Y695C	20	29889	0.000669	23580	23724
T23511-A	NA	20	49943	0.0004	23497	23524
T23031C A23055G A23063T T23075C	S:F490S S:Q498R S:N501Y S:Y505H	20	883	0.02265	23025	23124
T22293-A G22317T	NA S:G252V	20	8528	0.002345	22279	22319
G24743-T	NA	20	6100	0.003279	24728	24806
G23699A	S:A713T	20	49895	0.000401	23686	23705
G23508+T A23515+G C23525T T23599G C23604A	NA NA S:H655Y S:N679L S:P681H	20	32232	0.000621	23486	23624
G23499A C23525T T23599G C23604A	S:R646H S:H655Y S:N679K S:P681H	20	31916	0.000627	23487	23624
G23294A	S:D578N	20	11125	0.001798	23282	23299
G22813T T22896C G22898A	S:K417N S:V445A S:G446S	20	8402	0.00238	22793	22966
G22813T T22882G G22895C G22898A T22900-G	S:K417N S:N440K S:V445L S:G446S NA	20	8401	0.002381	22793	22915
G22813T T22882G A22887G G22895C T22896C G22898A T22942G	S:K417N S:N440K S:D442G S:V445P S:V445P S:G446S S:N460K	20	5987	0.003341	22793	22967
G21987A T21991-TA A21999-C	S:G142D NA NA	20	13507	0.001481	21959	22019
C25546+T	NA	20	4905	0.004077	25372	25555
C25267T	S:C1235C	20	28882	0.000692	25251	25325
C25262-T C25466-T	NA NA	20	839	0.023838	25251	25477
C25239T	S:A1226V	20	25980	0.00077	25223	25324
C25000T G25198A	S:D1146D S:W1212*	20	3265	0.006126	24990	25210
C25000T G25013-A G25015T	S:D1146D NA S:E1151D	20	15649	0.001278	24950	25045
C25000T A25045G	S:D1146D S:S1161S	20	15122	0.001323	24993	25069
C25000T A25026-T	S:D1146D NA	20	15404	0.001298	24990	25053
C24672+A	NA	20	21164	0.000945	24612	24679
C24632+T	NA	20	21613	0.000925	24612	24647
C24431+A	NA	20	28846	0.000693	24412	24441
C23525T T23599G C23604A G23624A	S:H655Y S:N679K S:P681H S:A688T	20	32317	0.000619	23500	23642
C23525T T23563C T23599G C23604A	S:H655Y S:G667G S:N679K S:P681H	20	32383	0.000618	23487	23642
C23525T C23575T T23599G C23604A	S:H655Y S:C671C S:N679K S:P681H	20	32383	0.000618	23501	23634
C23492+A C23525T T23599G C23604A	NA S:H655S S:N679* S:P681Y	20	31632	0.000632	23486	23634
C23393+T	NA	20	26644	0.000751	23335	23412
C23367+A A23403G	NA S:D614G	20	24264	0.000824	23335	23420
A25168G	S:E1202E	20	26884	0.000744	25137	25210
A24922G C25000T	S:T1120T S:D1146D	20	10957	0.001825	24850	25041
A24922+T C25000T	NA S:D1146S	20	10957	0.001825	24850	25036
A24543G	S:D994G	20	46955	0.000426	24538	24564
A24424T T24475C	S:Q954H S:G971G	20	27811	0.000719	24412	24524
A24424T T24469A A24500G	S:Q954H S:N969K S:I980V	20	27599	0.000725	24412	24554
A24424T T24464C	S:Q954H S:S968P	20	27911	0.000717	24412	24564
A23497-C C23525T T23599G C23604A	NA S:H655Y S:N679K S:P681H	20	31853	0.000628	23487	23630
A23157-T	NA	20	5477	0.003652	23093	23170
A23013C T23018C T23019C T23031C A23055G A23063T	S:E484A S:F486P S:F486P S:F490S S:Q498R S:N501Y	20	776	0.025773	23008	23068
A21993-TTACC A21999C	NA S:H146P	20	13507	0.001481	21959	22019
T25288C	S:S1242S	19	29656	0.000641	25266	25325
T25209C	S:I1216T	19	28417	0.000669	25125	25227
T25123+A	NA	19	23839	0.000797	25122	25210
T24544+A	NA	19	46940	0.000405	24487	24553
T24489C	S:V976A	19	47507	0.0004	24475	24515
T24469A A24484G	S:N969K S:S974S	19	42110	0.000451	24465	24528
T24414C A24424T T24469A	S:V951A S:Q954H S:N969K	19	27561	0.000689	24412	24564
T23599G C23604A T23672C	S:N679K S:P681H S:S704P	19	29680	0.00064	23580	23699
T23599G C23604A T23650C	S:N679K S:P681H S:T696T	19	29851	0.000636	23580	23704
T23599G C23604A T23645C	S:N679K S:P681H S:Y695H	19	29906	0.000635	23580	23724
T23599G C23604A G23653A	S:N679K S:P681H S:M697I	19	29830	0.000637	23580	23717
T23599G C23604A G23611A	S:N679K S:P681H S:R683R	19	63192	0.000301	23581	23642
T23599G C23604A C23700T	S:N679K S:P681H S:A713V	19	29425	0.000646	23581	23724
T23599G C23604A C23613T	S:N679K S:P681H S:A684V	19	63185	0.000301	23580	23642
T23488C C23525T T23599G C23604A	Unknown S:H655Y S:N679K S:P681H	19	31521	0.000603	23487	23637
T23350C A23403G	S:S596S S:D614G	19	24078	0.000789	23335	23427
T23344C	S:G594G	19	28364	0.00067	23339	23367
T23100C	S:L513P	19	5487	0.003463	23089	23189
T22282C G22317T	S:T240T S:G252V	19	8351	0.002275	22277	22319
G23726+T	NA	19	16643	0.001142	23697	23741
G23699A C23854A	S:A713T S:N764K	19	13606	0.001396	23683	23890
G23587T T23599G C23604A	S:Q675H S:N679K S:P681H	19	62993	0.000302	23580	23724
G22813T G22898A T22942G	S:K417N S:G446S S:N460K	19	5987	0.003174	22793	22967
G22299-A G22317T	NA S:G252V	19	8587	0.002213	22281	22319
G21987A T21990-TTA A21999-C G22022-A	S:G142D S:DEL144 NA NA	19	12895	0.001473	21959	22058
C25000T C25163-AA G25166T T25178C	S:D1146D NA S:E1202* S:Y1206H	19	3408	0.005575	24990	25210
C24981-T C25000T A25038G	NA S:D1146D S:H1159R	19	10931	0.001738	24850	25068
C24517+A	NA	19	47277	0.000402	24470	24540
C23525T T23599G C23604A C23634T	S:H655Y S:N679K S:P681H S:S691F	19	31821	0.000597	23487	23642
C23525T T23599G C23604A C23609+G	S:H655Y S:N679K S:P681H NA	19	32373	0.000587	23487	23634
C23525T G23562A T23599G C23604A	S:H655Y S:G667D S:N679K S:P681H	19	32383	0.000587	23487	23634
C23525T C23533-A T23599G C23604A	S:H655Y NA S:N679K S:P681H	19	32383	0.000587	23487	23624
C23525T A23526G T23599G C23604A	S:H655C S:H655C S:N679K S:P681H	19	32383	0.000587	23487	23642
C23381+A	NA	19	26974	0.000704	23335	23393
C23373+A	NA	19	27462	0.000692	23335	23381
C23306+T	NA	19	11009	0.001726	23282	23326
A25271G	S:M1237V	19	29066	0.000654	25255	25325
A25271-T	NA	19	29066	0.000654	25262	25325
A25256+T	NA	19	28365	0.00067	25251	25275
A25165G	S:Q1201Q	19	26900	0.000706	25145	25176
A24679G	S:R1039R	19	20854	0.000911	24623	24679
A24652G	S:S1030S	19	21466	0.000885	24625	24676
A24560G	S:R1000G	19	46399	0.000409	24522	24564
A24518G	S:K986E	19	47287	0.000402	24488	24564
A24493T	S:L977F	19	47528	0.0004	24489	24564
A24440-AC T24469A	NA S:N969K	19	28466	0.000667	24428	24564
A24424T T24548C	S:Q954H S:L996L	19	27066	0.000702	24417	24564
A24424T A24454G T24469A	S:Q954H S:K964K S:N969K	19	27864	0.000682	24413	24476
A23942-T G23948T	NA S:D796Y	19	3513	0.005408	23941	23956
A23845G C23854A	S:T761T S:N764K	19	18252	0.001041	23750	23873
A23786-T	NA	19	19037	0.000998	23767	23798
A23756-C C23854A	NA S:N764K	19	14033	0.001354	23748	23895
A23013C T23018C T23019C T23031C A23055G	S:E484A S:F486P S:F486P S:F490S S:Q498R	19	792	0.02399	23008	23058
T25279C	S:S1239S	18	29330	0.000614	25273	25291
T25242C	S:I1227T	18	26028	0.000692	25231	25325
T25232C	S:L1224L	18	25881	0.000695	25216	25323
T25159C	S:D1199D	18	26810	0.000671	25129	25200
T25155C	S:I1198T	18	26756	0.000673	25122	25177
T25150C C25262-T	S:S1196S NA	18	20942	0.00086	25122	25325
T25140+A	NA	18	26047	0.000691	25130	25156
T24713-C	NA	18	4740	0.003797	24612	24788
T24631C	S:N1023N	18	21620	0.000833	24612	24678
T24511C	S:R983R	18	47331	0.00038	24489	24564
T24506C	S:S982P	18	47410	0.00038	24474	24515
T24469A T24514C	S:N969K S:L984L	18	41514	0.000434	24465	24531
T23850+A C23887-A	NA NA	18	17448	0.001032	23767	23895
T23817C C23854A	S:L752P S:N764K	18	17572	0.001024	23789	23895
T23791C C23854A	S:C743C S:N764K	18	17175	0.001048	23771	23873
T23716-A	NA	18	49297	0.000365	23700	23724
T23599G C23604A C23707T	S:N679K S:P681H S:P715P	18	29039	0.00062	23580	23724
T23599G C23601T C23604A	S:N679K S:S680F S:P681H	18	63248	0.000285	23580	23724
T23511C C23525T T23599G C23604A	S:L650S S:H655Y S:N679K S:P681H	18	32275	0.000558	23487	23642
T23511+A	NA	18	49943	0.00036	23488	23521
T23389C A23403G	S:A609A S:D614G	18	24980	0.000721	23335	23443
T23143-A C23230-A	NA NA	18	4003	0.004497	23132	23242
T22882G G22895C T22896C G22898A T22900-G	S:N440K S:V445P S:V445P S:G446S NA	18	9345	0.001926	22813	22914
G25320A	S:C1253Y	18	30384	0.000592	25296	25325
G24611+A C24672-A	NA NA	18	16328	0.001102	24488	24679
G24199T	S:A879A	18	3824	0.004707	24168	24217
G23868-A	NA	18	18574	0.000969	23860	23885
G23508+T T23599G C23604A	NA S:N679* S:P681Y	18	32232	0.000558	23486	23638
G23345-T	NA	18	28377	0.000634	23338	23356
G22895C T22896C G22898A	S:V445P S:V445P S:G446S	18	9380	0.001919	22886	22906
G22813T T22882G T22896C	S:K417N S:N440K S:V445A	18	8408	0.002141	22797	22967
G22809A G22813T T22882G G22895C T22896C G22898A	S:G416E S:K417N S:N440K S:V445P S:V445P S:G446S	18	8391	0.002145	22793	22907
G22809-A G22813T T22882G	NA S:K417N S:N440K	18	10453	0.001722	22793	22888
G22104-A C22109G C22120-A T22200A G22317T	NA S:Q183E NA S:V213E S:G252V	18	3231	0.005571	22100	22319
G21987A T21990-TTA C22000A A22025G	S:G142D S:DEL144 S:H146Q S:S155G	18	12851	0.001401	21954	22058
C25153-A	NA	18	26704	0.000674	25145	25325
C25000T T25053C	S:D1146D S:V1164A	18	15003	0.0012	24992	25069
C25000T A25097-T	S:D1146D NA	18	3724	0.004834	24990	25190
C25000T A25065G	S:D1146D S:D1168G	18	14712	0.001223	24990	25069
C24639A	S:A1026D	18	21543	0.000836	24473	24674
C24422-A A24425T	NA S:N955Y	18	30233	0.000595	24412	24442
C23854A C23887A A23888C G23948T	S:N764K S:D775E S:K776Q S:D796Y	18	2172	0.008287	23846	23977
C23525T T23599G T23602-C T23605A	S:H655Y S:N679K NA S:P681P	18	32376	0.000556	23498	23638
C23525T T23599G C23604A T23633+C	S:H655Y S:N679K S:P681H NA	18	31827	0.000566	23487	23637
C23525T T23599G C23604A G23621A	S:H655Y S:N679K S:P681H S:V687I	18	32337	0.000557	23487	23642
C23525T T23599G C23604A C23625T	S:H655Y S:N679K S:P681H S:A688V	18	32310	0.000557	23487	23637
C23525T T23599G C23604A C23606T	S:H655Y S:N679K S:P681H S:R682W	18	32376	0.000556	23505	23642
C23525T T23599G C23604A A23632G	S:H655Y S:N679K S:P681H S:Q690Q	18	31841	0.000565	23491	23642
C23525T T23540C T23599G C23604A	S:H655Y S:Y660H S:N679K S:P681H	18	32383	0.000556	23487	23642
C23525T C23555T T23599G C23604A	S:H655Y S:P665S S:N679K S:P681H	18	32383	0.000556	23487	23637
C23492+A	NA	18	49177	0.000366	23486	23505
C23393-T A23403G C23525T	NA S:D614G S:H655Y	18	13072	0.001377	23376	23539
C23376+T	NA	18	27093	0.000664	23335	23388
C23358+A	NA	18	28411	0.000634	23340	23367
C23334-T G23401A A23403G	NA S:Q613Q S:D614G	18	10004	0.001799	23269	23443
A25216-G	NA	18	25135	0.000716	25209	25324
A24551G	S:I997V	18	46808	0.000385	24488	24564
A24516G	S:D985G	18	47270	0.000381	24479	24564
A24468-T	NA	18	42275	0.000426	24465	24491
A24424T T24514C	S:Q954H S:L984L	18	27454	0.000656	24412	24564
A24424T T24469A T24480C	S:Q954H S:N969K S:I973T	18	27766	0.000648	24412	24564
A24424T T24469A T24475C	S:Q954H S:N969K S:G971G	18	27811	0.000647	24412	24564
A24424T T24469A A24498G	S:Q954H S:N969K S:D979G	18	27609	0.000652	24412	24564
A24424T C24536-AA	S:Q954H NA	18	27203	0.000662	24412	24564
A24424T A24457G T24469A	S:Q954H S:Q965Q S:N969K	18	27864	0.000646	24413	24563
A24424T A24454G	S:Q954H S:K964K	18	28086	0.000641	24412	24554
A24424T A24440G T24469A	S:Q954H S:N960D S:N969K	18	27864	0.000646	24416	24564
A24424T A24430G T24469A	S:Q954H S:A956A S:N969K	18	27864	0.000646	24412	24519
A24318-C	NA	18	6013	0.002994	24304	24328
A23847G C23854A	S:Q762R S:N764K	18	18354	0.000981	23842	23892
A23767G C23854A	S:S735S S:N764K	18	14083	0.001278	23735	23893
A23524G C23525T T23599G C23604A	S:E654E S:H655Y S:N679K S:P681H	18	32382	0.000556	23487	23624
A23474+T C23525T	NA S:H655S	18	14553	0.001237	23466	23539
A23403G T23427C C23525T	S:D614G S:V622A S:H655Y	18	13346	0.001349	23335	23532
A23403G C23525T A23534G	S:D614G S:H655Y S:N658D	18	12935	0.001392	23393	23539
A23403G C23502T C23525T	S:D614G S:A647V S:H655Y	18	13346	0.001349	23391	23539
A23403G A23436G C23525T	S:D614G S:H625R S:H655Y	18	13346	0.001349	23384	23532
A23359+C	NA	18	28399	0.000634	23340	23373
A21979-T G21987A A21993-TTACC A21999C G22022-A	NA S:G142D NA S:H146P NA	18	12892	0.001396	21847	22037
A21957G G21987A T21990-TTA C22000A	S:E132G S:G142D S:DEL144 S:H146Q	18	12724	0.001415	21941	22012
A21875-T G21987A T21990-TTA A21999-C	NA S:G142D S:DEL144 NA	18	10917	0.001649	21847	22016
T25260C	S:M1233T	17	28495	0.000597	25251	25282
T25245-A	NA	17	26078	0.000652	25234	25325
T25228C	S:A1222A	17	25779	0.000659	25217	25325
T25171C	S:L1203L	17	26932	0.000631	25122	25189
T24628+A	NA	17	21611	0.000787	24612	24640
T24583C	S:Y1007Y	17	16992	0.001	24476	24594
T24523C	S:V987V	17	47216	0.00036	24488	24535
T24469A T24628C	S:N969K S:A1022A	17	12212	0.001392	24465	24679
T23693C	S:S711P	17	49761	0.000342	23683	23708
T23599G C23604A A23687G	S:N679K S:P681H S:N709D	17	29551	0.000575	23580	23724
T23590+C T23599G C23604A	NA S:N679* S:P681Y	17	63076	0.00027	23580	23701
T23490C C23525T T23599G C23604A	S:F643S S:H655Y S:N679K S:P681H	17	31604	0.000538	23486	23634
T23385C A23403G A23442G	S:V608A S:D614G S:D627G	17	23013	0.000739	23285	23443
T23293C A23403G	S:R577R S:D614G	17	9902	0.001717	23269	23443
T23019C T23031C A23055G A23063T T23075C	S:F486S S:F490S S:Q498R S:N501Y S:Y505H	17	754	0.022546	23008	23224
G25527+C	NA	17	5119	0.003321	25372	25542
G25313A	S:G1251R	17	30460	0.000558	25308	25324
G23804-A C23854A	NA S:N764K	17	17404	0.000977	23795	23895
G23351+T	NA	17	28405	0.000598	23335	23362
G22992A C22995A A23013C T23019C T23031C	S:S477N S:T478K S:E484A S:F486S S:F490S	17	239	0.07113	22980	23047
G22813T T22873C T22882G G22895C T22896C G22898A	S:K417N S:N437N S:N440K S:V445P S:V445P S:G446S	17	8402	0.002023	22793	22907
C25262-T T25306C	NA S:C1248C	17	28409	0.000598	25251	25325
C25000T A25003-T	S:D1146D NA	17	15823	0.001074	24990	25020
C24981-T C25000T G25013-A G25015T	NA S:D1146D NA S:E1151D	17	11251	0.001511	24850	25059
C24878-A	NA	17	13935	0.00122	24859	24889
C24672-A A24803-T	NA NA	17	3972	0.00428	24616	24806
C24210T	S:T883I	17	3777	0.004501	24154	24213
C24096T	S:A845V	17	3170	0.005363	24079	24106
C23887-A G23948T	NA S:D796Y	17	2346	0.007246	23767	23951
C23854A T23878C	S:N764K S:V772V	17	17850	0.000952	23850	23895
C23709-A	NA	17	49558	0.000343	23700	23724
C23525T T23599G C23604A C23630-A	S:H655Y S:N679K S:P681H NA	17	31936	0.000532	23506	23637
C23525T T23578C T23599G C23604A	S:H655Y S:A672A S:N679K S:P681H	17	32383	0.000525	23503	23642
C23525T G23568A T23599G C23604A	S:H655Y S:G669D S:N679K S:P681H	17	32383	0.000525	23487	23637
C23525T C23556T T23599G C23604A	S:H655Y S:P665L S:N679K S:P681H	17	32383	0.000525	23487	23642
C23525T A23572G T23599G C23604A	S:H655Y S:I670M S:N679K S:P681H	17	32383	0.000525	23487	23638
C23525T A23558G T23599G C23604A	S:H655Y S:I666V S:N679K S:P681H	17	32383	0.000525	23487	23624
C23373-T	NA	17	27462	0.000619	23339	23382
C23367-A	NA	17	27954	0.000608	23340	23381
C23277T C23334-T A23403G	S:T572I NA S:D614G	17	9642	0.001763	23269	23443
C22109G T22200A A22245-T	S:Q183E S:V213E NA	17	3999	0.004251	22100	22260
A25327-T	NA	17	2160	0.00787	25313	25335
A25255G	S:T1231T	17	28331	0.0006	25240	25325
A25241G C25262-T	S:I1227V NA	17	25956	0.000655	25124	25325
A25182G C25262-T	S:E1207G NA	17	22465	0.000757	25126	25324
A24860G C25000T	S:T1100A S:D1146D	17	10613	0.001602	24853	25069
A24675G	S:K1038R	17	21107	0.000805	24612	24678
A24661G	S:V1033V	17	21376	0.000795	24612	24679
A24604G	S:R1014R	17	16885	0.001007	24486	24679
A24424T T24529C	S:Q954H S:A989A	17	27303	0.000623	24412	24563
A24424T T24506C	S:Q954H S:S982P	17	27540	0.000617	24416	24563
A24424T T24504C	S:Q954H S:L981P	17	27550	0.000617	24412	24532
A24424T T24469A A24560G	S:Q954H S:N969K S:R1000G	17	26675	0.000637	24412	24564
A24424T T24469A A24484G	S:Q954H S:N969K S:S974S	17	27726	0.000613	24412	24564
A24424T T24450C T24469A	S:Q954H S:V963A S:N969K	17	27864	0.00061	24413	24550
A24424T G24434+C	S:Q954H NA	17	28376	0.000599	24412	24473
A24424T C24512+T	S:Q954H NA	17	27474	0.000619	24412	24544
A24253-T A24424T	NA S:Q954H	17	1155	0.014719	24229	24424
A23853-C C23855A	NA S:R765S	17	18414	0.000923	23843	23892
A23586T T23599G C23604A	S:Q675L S:N679K S:P681H	17	62970	0.00027	23580	23642
A23403G T23514-A C23525T	S:D614G NA S:H655Y	17	13346	0.001274	23349	23532
A23403G T23482-A	S:D614G NA	17	13596	0.00125	23392	23539
A23403G A23494G C23525T	S:D614G S:Q644Q S:H655Y	17	13346	0.001274	23344	23530
A23403G A23440G C23525T	S:D614G S:A626A S:H655Y	17	13346	0.001274	23394	23539
A23400T	S:Q613L	17	26094	0.000651	23335	23443
A23359G A23403G C23525T	S:T599T S:D614G S:H655Y	17	12331	0.001379	23342	23532
A23055G A23063T T23075C	S:Q498R S:N501Y S:Y505H	17	941	0.018066	23053	23224
A23013C T23018C T23019C T23031C A23055G T23075C	S:E484A S:F486P S:F486P S:F490S S:Q498R S:Y505H	17	752	0.022606	23008	23092
T25161C C25262-T	S:L1200P NA	16	21519	0.000744	25140	25323
T25144C C25262-T	S:N1194N NA	16	20724	0.000772	25126	25325
T25129C	S:V1189V	16	24628	0.00065	25122	25153
T24763C	S:Y1067Y	16	6290	0.002544	24740	24791
T24637C	S:A1025A	16	21560	0.000742	24612	24679
T24504C	S:L981P	16	47414	0.000337	24481	24564
T24469A T24475C	S:N969K S:G971G	16	42208	0.000379	24465	24564
T24469A A24520G	S:N969K S:K986K	16	41420	0.000386	24465	24564
T23698C	S:I712I	16	49881	0.000321	23683	23702
T23697C	S:I712T	16	49873	0.000321	23683	23710
T23599G C23604A G23663A	S:N679K S:P681H S:A701T	16	29763	0.000538	23580	23724
T23599G C23604A C23635T	S:N679K S:P681H S:S691S	16	62384	0.000256	23580	23642
T23599G C23604A C23630T	S:N679K S:P681H S:Q690*	16	62629	0.000255	23580	23642
T23599G C23604A C23630-A	S:N679K S:P681H NA	16	62629	0.000255	23580	23639
T23407+G C23525T	NA S:H655S	16	13598	0.001177	23338	23532
T23394C A23403G	S:L611P S:D614G	16	25133	0.000637	23385	23438
T23371+A	NA	16	27704	0.000578	23335	23381
G25177-T C25262-T	NA NA	16	22061	0.000725	25122	25325
G24933-T	NA	16	13412	0.001193	24895	24943
G24868+T	NA	16	13974	0.001145	24852	24880
G24776+A	NA	16	6412	0.002495	24737	24793
G24116T	S:A852S	16	1910	0.008377	24037	24148
G23885+A	NA	16	18208	0.000879	23866	23893
G22992A C22995A A23013C T23018C T23019C T23031C	S:S477N S:T478K S:E484A S:F486P S:F486P S:F490S	16	239	0.066946	22986	23047
G22317T C22383+T	S:G252V NA	16	1596	0.010025	22273	22399
G22014-T	NA	16	15893	0.001007	22000	22048
G21987A T21991-TA	S:G142D NA	16	14820	0.00108	21976	22019
C25254T	S:T1231I	16	28294	0.000565	25251	25325
C25214T	S:L1218L	16	24875	0.000643	25160	25228
C25199T	S:P1213S	16	27755	0.000576	25190	25210
C25100-A	NA	16	3867	0.004138	25009	25112
C25000T G25116A	S:D1146D S:R1185H	16	3638	0.004398	24991	25139
C24026-T A24110-T	NA NA	16	1671	0.009575	24021	24122
C23854A A23881G	S:N764K S:E773E	16	17800	0.000899	23822	23895
C23525T A23566T T23599G C23604A	S:H655Y S:A668A S:N679K S:P681H	16	32383	0.000494	23487	23642
C23525T A23554G T23599G C23604A	S:H655Y S:I664M S:N679K S:P681H	16	32383	0.000494	23498	23642
C23334-T A23403G C23423T	NA S:D614G S:P621S	16	9796	0.001633	23269	23443
A25259G	S:M1233V	16	28469	0.000562	25206	25325
A25206G	S:Y1215C	16	28104	0.000569	25190	25210
A25176G C25262-T	S:K1205R NA	16	22039	0.000726	25130	25325
A24922+T	NA	16	13482	0.001187	24850	24943
A24902-T C25000T	NA S:D1146D	16	10848	0.001475	24887	25058
A24875G	S:T1105A	16	13965	0.001146	24850	24890
A24641G	S:T1027A	16	21528	0.000743	24612	24679
A24619G	S:R1019R	16	21544	0.000743	24612	24679
A24562G	S:R1000R	16	46371	0.000345	24535	24564
A24424T T24489C	S:Q954H S:V976A	16	27686	0.000578	24412	24501
A24424T T24480C	S:Q954H S:I973T	16	27766	0.000576	24412	24564
A24424T T24469A T24549C	S:Q954H S:N969K S:L996S	16	27058	0.000591	24412	24564
A24424T T24469A T24514C	S:Q954H S:N969K S:L984L	16	27454	0.000583	24412	24564
A24424T T24469A T24487C	S:Q954H S:N969K S:S975S	16	27703	0.000578	24412	24564
A24424T T24469A A24556G	S:Q954H S:N969K S:T998T	16	26773	0.000598	24412	24564
A24424T T24469A A24545G	S:Q954H S:N969K S:R995G	16	27113	0.00059	24412	24564
A24424T C24483+A	S:Q954H NA	16	27749	0.000577	24412	24502
A24424T A24545G	S:Q954H S:R995G	16	27113	0.00059	24412	24564
A23848+T C23887-A	NA NA	16	17396	0.00092	23767	23899
A23801G C23854A	S:T747A S:N764K	16	17369	0.000921	23765	23895
A23723+C	NA	16	48849	0.000328	23703	23724
A23702G	S:I714V	16	49812	0.000321	23693	23718
A23512G C23525T T23599G C23604A	S:L650L S:H655Y S:N679K S:P681H	16	32281	0.000496	23487	23642
A23403G T23511-A	S:D614G NA	16	13457	0.001189	23386	23538
A23403G T23487C C23525T	S:D614G S:V642A S:H655Y	16	13346	0.001199	23374	23529
A23403G T23467C C23525T	S:D614G S:V635V S:H655Y	16	13346	0.001199	23371	23532
A23403G T23448C C23525T	S:D614G S:L629P S:H655Y	16	13346	0.001199	23335	23532
A23403G T23428C C23525T	S:D614G S:V622V S:H655Y	16	13346	0.001199	23351	23539
A23403G A23414G C23525T	S:D614G S:T618A S:H655Y	16	13346	0.001199	23335	23539
A23310G A23403G	S:E583G S:D614G	16	9979	0.001603	23285	23409
A23122G	S:A520A	16	5503	0.002908	23089	23152
A21958-T G21987A	NA S:G142D	16	14254	0.001122	21847	21990
T25414C C25416T	ORF3a:F8L ORF3a:F8L	15	8893	0.001687	25372	25477
T25316-C	NA	15	30471	0.000492	25300	25324
T25210C	S:I1216I	15	28577	0.000525	25199	25325
T25202+G C25262-T	NA NA	15	23653	0.000634	25123	25325
T25191+A	NA	15	27503	0.000545	25125	25208
T25178C	S:Y1206H	15	27042	0.000555	25166	25210
T24991C C25000T	S:P1143P S:D1146D	15	15761	0.000952	24990	25065
T24534C	S:V991A	15	47002	0.000319	24477	24564
T24505C	S:L981L	15	47408	0.000316	24482	24551
T24499C	S:D979D	15	47470	0.000316	24477	24564
T24469A T24511C	S:N969K S:R983R	15	41562	0.000361	24465	24564
T24469A A24562G	S:N969K S:R1000R	15	40275	0.000372	24465	24564
T24469A A24525G	S:N969K S:E988G	15	41321	0.000363	24465	24564
T23728C C23854A	S:V722V S:N764K	15	13855	0.001083	23683	23895
T23599G T23600+C C23604A	S:N679K NA S:P681Y	15	63248	0.000237	23581	23614
T23599G C23604A T23633+C	S:N679K S:P681H NA	15	62480	0.00024	23580	23642
T23377+A	NA	15	27047	0.000555	23342	23386
T23344C A23403G C23525T	S:G594G S:D614G S:H655Y	15	12176	0.001232	23335	23532
T23341C A23403G	S:G593G S:D614G	15	23870	0.000628	23335	23443
T23335C A23403G	S:S591S S:D614G	15	10007	0.001499	23270	23443
T23019C T23031C A23063T T23075C	S:F486S S:F490S S:N501Y S:Y505H	15	754	0.019894	23008	23224
T21991-TA	NA	15	14820	0.001012	21970	22058
G25284A	S:C1241Y	15	29482	0.000509	25276	25323
G25281A	S:C1240Y	15	29383	0.00051	25215	25325
G25091+A	NA	15	3864	0.003882	25019	25210
G24497+A	NA	15	47485	0.000316	24474	24511
G23795-A	NA	15	19009	0.000789	23683	23803
G23501A C23525T	S:A647T S:H655Y	15	48719	0.000308	23493	23529
G22813T A22845-T T22882G	S:K417N NA S:N440K	15	10464	0.001433	22801	22894
G22317T C22323T	S:G252V S:S254F	15	1921	0.007808	22305	22446
G22030+A	NA	15	15515	0.000967	22022	22054
C25416T C25511T	ORF3a:F8F ORF3a:S40L	15	5701	0.002631	25372	25550
C25262-T T25289C	NA S:C1243R	15	28506	0.000526	25122	25325
C25207+G	NA	15	28196	0.000532	25200	25325
C25000T A25042G	S:D1146D S:T1160T	15	15171	0.000989	24990	25069
C24632-T	NA	15	21613	0.000694	24612	24679
C24444-G	NA	15	28901	0.000519	24428	24564
C24418+A A24424T	NA S:Q954P	15	30296	0.000495	24412	24424
C23854A A23883G	S:N764K S:Q774R	15	17670	0.000849	23683	23891
C23833-A C23854A	NA S:N764K	15	17824	0.000842	23743	23895
C23604A A23712+T	S:P681H NA	15	28940	0.000518	23581	23724
C23525T T23599G C23604A T23617+G	S:H655Y S:N679K S:P681H NA	15	32346	0.000464	23487	23632
C23525T T23599G C23604A G23608A	S:H655Y S:N679K S:P681H S:R682R	15	32375	0.000463	23487	23633
C23525T T23563+C T23599G C23604A	S:H655Y NA S:N679* S:P681Y	15	32383	0.000463	23487	23634
C23525T T23542-G T23599G C23604A	S:H655Y NA S:N679K S:P681H	15	32383	0.000463	23487	23634
C23525T C23565T T23599G C23604A	S:H655Y S:A668V S:N679K S:P681H	15	32383	0.000463	23487	23638
C23525T C23533-A	S:H655Y NA	15	49009	0.000306	23486	23539
C22109G T22200A T22282C G22317T	S:Q183E S:V213E S:T240T S:G252V	15	3282	0.00457	22100	22319
C22109G T22200A C22281+T G22317T	S:Q183E S:V213E NA S:G252L	15	3282	0.00457	22105	22319
C22033+G	NA	15	15518	0.000967	22025	22058
A25472-T	NA	15	8049	0.001864	25372	25477
A25472+T	NA	15	8049	0.001864	25372	25489
A25179G	S:Y1206C	15	27060	0.000554	25131	25183
A24962G C25000T	S:N1134D S:D1146D	15	11285	0.001329	24850	25069
A24913G C24981-T C25000T	S:T1117T NA S:D1146D	15	10909	0.001375	24850	25065
A24913G	S:T1117T	15	13528	0.001109	24850	24929
A24877G C25000T	S:T1105T S:D1146D	15	10690	0.001403	24858	25060
A24777G	S:E1072G	15	6427	0.002334	24763	24806
A24594G	S:Q1011R	15	16904	0.000887	24483	24679
A24569G	S:S1003G	15	17255	0.000869	24478	24679
A24424T T24471-TG A24495G	S:Q954H NA S:N978S	15	27636	0.000543	24415	24564
A24424T T24469A T24534C	S:Q954H S:N969K S:V991A	15	27238	0.000551	24412	24564
A24424T T24469A G24488-T A24495G	S:Q954H S:N969K NA S:N978S	15	27636	0.000543	24412	24564
A24424T T24469A C24503-T	S:Q954H S:N969K NA	15	27555	0.000544	24412	24523
A24424T T24469A A24556+G	S:Q954H S:N969K NA	15	26773	0.00056	24412	24564
A24424T T24469A A24554G	S:Q954H S:N969K S:T998A	15	26919	0.000557	24412	24564
A24424T T24469A A24518G	S:Q954H S:N969K S:K986E	15	27423	0.000547	24419	24560
A24424T T24459C T24469A	S:Q954H S:L966P S:N969K	15	27864	0.000538	24412	24564
A24424T T24437C T24469A	S:Q954H S:L959L S:N969K	15	27864	0.000538	24412	24476
A24424T A24498G	S:Q954H S:D979G	15	27609	0.000543	24413	24564
A24424T A24433G T24469A	S:Q954H S:Q957Q S:N969K	15	27864	0.000538	24413	24564
A24424T A24432G T24469A	S:Q954H S:Q957R S:N969K	15	27864	0.000538	24412	24558
A24324-AT A24424T	NA S:Q954H	15	1610	0.009317	24236	24424
A23786+T C23887-A	NA NA	15	16157	0.000928	23683	23895
A23756G C23854A	S:T732A S:N764K	15	14033	0.001069	23683	23895
A23743G C23854A	S:L727L S:N764K	15	13960	0.001074	23683	23895
A23738+T	NA	15	16495	0.000909	23712	23747
A23712+G	NA	15	49393	0.000304	23702	23724
A23702+G	NA	15	49812	0.000301	23694	23713
A23403G T23464C C23525T	S:D614G S:R634R S:H655Y	15	13346	0.001124	23335	23532
A23403G T23434-C	S:D614G NA	15	23942	0.000627	23399	23443
A23403G A23445G C23525T	S:D614G S:Q628R S:H655Y	15	13346	0.001124	23395	23538
A23378G A23403G C23525T	S:N606D S:D614G S:H655Y	15	12558	0.001194	23339	23532
A23013C T23018C T23019C T23031C A23063T T23075C	S:E484A S:F486P S:F486P S:F490S S:N501Y S:Y505H	15	752	0.019947	23008	23147
A21979-T A21993-TTACC A21999C	NA NA S:H146P	15	13504	0.001111	21870	22026
A21958-T	NA	15	15786	0.00095	21847	21971
T25283A	S:C1241S	14	29443	0.000475	25275	25325
T25258C	S:I1232I	14	28424	0.000493	25252	25325
T25245C	S:V1228A	14	26078	0.000537	25206	25325
T25236C	S:I1225T	14	25939	0.00054	25194	25325
T25221C	S:F1220S	14	25505	0.000549	25203	25325
T25219C	S:G1219G	14	25345	0.000552	25126	25325
T25202C	S:W1214R	14	27879	0.000502	25188	25210
T25196-G T25211-G C25214T C25262-T	NA NA S:L1218L NA	14	23260	0.000602	25130	25323
T25161-C	NA	14	26853	0.000521	25155	25183
T24749C	S:L1063L	14	6150	0.002276	24699	24791
T24548C	S:L996L	14	46872	0.000299	24522	24564
T24529C	S:A989A	14	47116	0.000297	24478	24563
T24472-G C24536-A	NA NA	14	43096	0.000325	24465	24679
T24469A T24585C	S:N969K S:V1008A	14	12367	0.001132	24465	24661
T24469A T24504C	S:N969K S:L981P	14	41732	0.000335	24465	24564
T24469A T24472-G C24536-A	S:N969K NA NA	14	41069	0.000341	24465	24564
T24469A A24516G	S:N969K S:D985G	14	41475	0.000338	24465	24564
T24438+A T24469A	NA S:N969Q	14	28432	0.000492	24428	24476
T24414C A24424T	S:V951A S:Q954H	14	30057	0.000466	24412	24424
T24331-G	NA	14	5087	0.002752	24303	24345
T23783C C23854A	S:Y741H S:N764K	14	17078	0.00082	23699	23881
T23725C C23854A	S:S721S S:N764K	14	13824	0.001013	23683	23895
T23698C C23854A	S:I712I S:N764K	14	13592	0.00103	23687	23895
T23693+A	NA	14	49761	0.000281	23686	23717
T23599G C23604A G23616A	S:N679K S:P681H S:R685H	14	63159	0.000222	23580	23636
T23599G C23604A C23707+G	S:N679K S:P681H NA	14	29039	0.000482	23580	23724
T23599G C23604A C23638T	S:N679K S:P681H S:I692I	14	62125	0.000225	23580	23724
T23599G C23604A C23606+G	S:N679K S:P681H NA	14	63215	0.000221	23580	23638
T23599G C23604A A23648C	S:N679K S:P681H S:T696P	14	29864	0.000469	23580	23693
T23491-C C23525T A23586T T23599G C23604A	NA S:H655Y S:Q675L S:N679K S:P681H	14	31613	0.000443	23486	23639
T23391C A23403G C23525T	S:V610A S:D614G S:H655Y	14	13024	0.001075	23335	23539
T23289C	S:V576A	14	15410	0.000909	23273	23290
T22942G G22992A C22995A A23013C T23019C T23031C	S:N460K S:S477N S:T478K S:E484A S:F486S S:F490S	14	154	0.090909	22931	23047
T21861-A	NA	14	14769	0.000948	21848	21871
G25290A	S:C1243Y	14	29690	0.000472	25245	25324
G25181A	S:E1207K	14	27073	0.000517	25154	25188
G24570-T	NA	14	17250	0.000812	24483	24579
G24535A	S:V991V	14	46975	0.000298	24478	24538
G24515-A	NA	14	47286	0.000296	24502	24554
G24332A	S:A924T	14	5087	0.002752	24318	24337
G22813T T22882G G22895C G22898A T22942G	S:K417N S:N440K S:V445L S:G446S S:N460K	14	5987	0.002338	22801	22947
G22813T T22873C T22882G	S:K417N S:N437N S:N440K	14	10464	0.001338	22793	22893
G22813T G22841T T22882G T22896C G22898A T22942G	S:K417N S:D427Y S:N440K S:V445A S:G446S S:N460K	14	5987	0.002338	22793	22967
G21987A T21990-TTA C22000A A22007G	S:G142D S:DEL144 S:H146Q S:N149D	14	13507	0.001036	21973	22058
C25416T C25521T	ORF3a:F8F ORF3a:F43F	14	5309	0.002637	25372	25565
C25294-A C25416T	NA ORF3a:F8F	14	1291	0.010844	25287	25477
C25275T	S:T1238I	14	29207	0.000479	25251	25325
C25262-T T25293C	NA S:L1244P	14	28488	0.000491	25251	25320
C25262-T G25323A	NA S:C1254Y	14	28068	0.000499	25130	25325
C25200T	S:P1213L	14	27808	0.000503	25195	25210
C25163+A	NA	14	26855	0.000521	25137	25174
C25000T C25069T	S:D1146D S:I1169I	14	14421	0.000971	24992	25069
C25000T A25007G	S:D1146D S:K1149E	14	15786	0.000887	24990	25069
C24981-T C25000T A25026-T	NA S:D1146D NA	14	11033	0.001269	24850	25046
C24899-A	NA	14	13619	0.001028	24850	24909
C24536-A A24667-C	NA NA	14	16327	0.000857	24498	24679
C24477T	S:A972V	14	46618	0.0003	24470	24564
C23887A A23888C	S:D775E S:K776Q	14	18125	0.000772	23874	23894
C23854A G23948T A23964-T	S:N764K S:D796Y NA	14	1894	0.007392	23828	23978
C23854A A23886G	S:N764K S:D775G	14	17568	0.000797	23821	23895
C23785+A	NA	14	19044	0.000735	23767	23795
C23673+T	NA	14	32433	0.000432	23661	23724
C23525T T23599G C23604A C23615A	S:H655Y S:N679K S:P681H S:R685S	14	32351	0.000433	23487	23642
C23525T T23599G C23604A A23639G	S:H655Y S:N679K S:P681H S:I693V	14	31078	0.00045	23487	23640
C23525T C23585T T23599G C23604A	S:H655Y S:Q675* S:N679K S:P681H	14	32383	0.000432	23487	23642
A25253G C25262-T	S:T1231A NA	14	28228	0.000496	25251	25325
A25247G C25262-T	S:M1229V NA	14	26074	0.000537	25208	25325
A25190G	S:I1210V	14	27378	0.000511	25186	25205
A25188G	S:Y1209C	14	27359	0.000512	25181	25210
A25182G G25198-C	S:E1207G NA	14	26775	0.000523	25130	25325
A24999-C	NA	14	15911	0.00088	24992	25025
A24918G	S:N1119S	14	13499	0.001037	24881	24937
A24894G C25000T	S:E1111G S:D1146D	14	10766	0.0013	24850	25069
A24885+T C24981-T	NA NA	14	10963	0.001277	24858	24990
A24881G	S:R1107G	14	13902	0.001007	24850	24892
A24730T	S:A1056A	14	5992	0.002336	24685	24806
A24591G	S:Q1010R	14	16922	0.000827	24480	24679
A24578G	S:T1006A	14	17158	0.000816	24470	24664
A24424T T24469A G24476A	S:Q954H S:N969K S:A972T	14	27804	0.000504	24412	24552
A24424T T24469A A24531G	S:Q954H S:N969K S:E990G	14	27287	0.000513	24412	24563
A24424T T24438+A T24451+A	S:Q954H NA NA	14	28130	0.000498	24412	24564
A24424T T24427+C	S:Q954H NA	14	28415	0.000493	24412	24444
A24424T A24543G	S:Q954H S:D994G	14	27141	0.000516	24412	24563
A24424T A24539+T	S:Q954H NA	14	27167	0.000515	24412	24563
A24424T A24516G	S:Q954H S:D985G	14	27440	0.00051	24412	24564
A24424T A24468G T24469A	S:Q954H S:N969R S:N969R	14	27864	0.000502	24412	24564
A24424T A24453G	S:Q954H S:K964R	14	28098	0.000498	24416	24563
A24423+T T24469A	NA S:N969Q	14	27858	0.000503	24412	24564
A24253-T C24320-A A24424T	NA NA S:Q954H	14	1155	0.012121	24236	24424
A23848+T G23948T	NA S:D796*	14	2148	0.006518	23838	23961
A23826G C23854A	S:Q755R S:N764K	14	17705	0.000791	23816	23886
A23723G	S:S721G	14	48849	0.000287	23683	23724
A23648T	S:T696S	14	31580	0.000443	23640	23724
A23597G T23599G C23604A	S:N679E S:N679E S:P681H	14	63227	0.000221	23580	23724
A23594+C T23599G	NA S:N679*	14	63253	0.000221	23581	23642
A23515-G C23525T T23599G C23604A	NA S:H655Y S:N679K S:P681H	14	32321	0.000433	23504	23637
A23515+G C23525T T23599G	NA S:H655S S:N679*	14	32343	0.000433	23486	23642
A23403G T23509G C23525T	S:D614G S:C649W S:H655Y	14	13346	0.001049	23335	23539
A23403G T23470C C23525T	S:D614G S:Y636Y S:H655Y	14	13346	0.001049	23395	23539
A23403G T23406C C23525T	S:D614G S:V615A S:H655Y	14	13346	0.001049	23351	23532
A23403G T23404C	S:D614G S:D614G	14	25332	0.000553	23335	23443
A23403G C23525T T23527C	S:D614G S:H655Y S:H655Y	14	13263	0.001056	23349	23539
A23382G	S:Q607R	14	26964	0.000519	23336	23390
A23366G A23403G	S:T602A S:D614G	14	24246	0.000577	23335	23429
A21875-T G21987A T21990-TTA C22000A	NA S:G142D S:DEL144 S:H146Q	14	10917	0.001282	21847	22043
T25233C C25262-T	S:L1224S NA	13	25820	0.000503	25122	25324
T25224C	S:I1221T	13	25636	0.000507	25211	25325
T25170C	S:L1203P	13	26922	0.000483	25153	25210
T25150+C	NA	13	26507	0.00049	25122	25158
T24960C C25000T	S:V1133A S:D1146D	13	11240	0.001157	24850	25069
T24871C	S:F1103F	13	13977	0.00093	24850	24883
T24660C	S:V1033A	13	21398	0.000608	24612	24679
T24643-A C24672-A	NA NA	13	21036	0.000618	24612	24679
T24607C	S:A1015A	13	16878	0.00077	24473	24679
T24482C	S:S974P	13	47121	0.000276	24473	24498
T24469A T24585G	S:N969K S:V1008G	13	12367	0.001051	24465	24620
T24469A T24552C	S:N969K S:I997T	13	40694	0.000319	24465	24563
T24469A C24672+A	S:N969K NA	13	11898	0.001093	24465	24679
T23837C C23854A	S:F759L S:N764K	13	18009	0.000722	23831	23891
T23823C C23854A	S:L754S S:N764K	13	17665	0.000736	23683	23895
T23776C C23854A	S:C738C S:N764K	13	17024	0.000764	23767	23895
T23754C C23854A	S:M731T S:N764K	13	14025	0.000927	23683	23895
T23750C C23854A	S:S730P S:N764K	13	14004	0.000928	23683	23890
T23662C	S:G700G	13	32184	0.000404	23657	23702
T23599G C23604A G23660A	S:N679K S:P681H S:G700S	13	29774	0.000437	23580	23717
T23599G C23604A G23621A	S:N679K S:P681H S:V687I	13	63130	0.000206	23581	23646
T23599G C23604A C23649T	S:N679K S:P681H S:T696I	13	29857	0.000435	23581	23724
T23599G C23604A C23647T	S:N679K S:P681H S:Y695Y	13	29876	0.000435	23580	23717
T23599G C23604A C23606T	S:N679K S:P681H S:R682W	13	63215	0.000206	23580	23643
T23599G C23601+G C23604A	S:N679K NA S:P681Y	13	63248	0.000206	23581	23642
T23511-A T23599G C23604A	NA S:N679K S:P681H	13	32275	0.000403	23493	23642
T23511+A A23515+G C23525T T23599G C23604A	NA NA S:H655Y S:N679L S:P681H	13	32275	0.000403	23486	23635
T23352C A23403G C23525T	S:V597A S:D614G S:H655Y	13	12296	0.001057	23342	23535
T23350C	S:S596S	13	28407	0.000458	23335	23387
T23341C A23403G C23525T	S:G593G S:D614G S:H655Y	13	12074	0.001077	23335	23529
T22882G T22896C T22942G	S:N440K S:V445A S:N460K	13	6793	0.001914	22876	22955
T22293-A	NA	13	9043	0.001438	22268	22305
T21991-TA A21999-C	NA NA	13	13507	0.000962	21969	22058
G25298A	S:G1246S	13	30031	0.000433	25281	25307
G25249A C25262-T	S:M1229I NA	13	26111	0.000498	25122	25325
G25213A	S:W1217*	13	24828	0.000524	25204	25325
G25130-C	NA	13	24760	0.000525	25122	25168
G25033-A	NA	13	15799	0.000823	25014	25069
G24626A	S:A1022T	13	21576	0.000603	24620	24668
G23903-T	NA	13	3235	0.004019	23895	23924
G23821+T	NA	13	18734	0.000694	23767	23830
G23699+C	NA	13	49895	0.000261	23683	23712
G23663+T	NA	13	32223	0.000403	23654	23724
G23587A T23599G C23604A	S:Q675Q S:N679K S:P681H	13	62993	0.000206	23580	23724
G23522-A C23525T C23604A	NA S:H655Y S:P681H	13	32380	0.000401	23493	23632
G23501A T23599G C23604A	S:A647T S:N679K S:P681H	13	31968	0.000407	23487	23642
G23402A A23403G C23496T C23525T	S:D614S S:D614S S:T645I S:H655Y	13	13346	0.000974	23335	23532
G22813T T22882G G22895C T22896C G22898A T22930A	S:K417N S:N440K S:V445P S:V445P S:G446S S:F456L	13	7117	0.001827	22793	22933
G22813T T22882G G22895C T22896C G22898A A22924-T	S:K417N S:N440K S:V445P S:V445P S:G446S NA	13	7372	0.001763	22808	22933
G22104-A C22109G C22120-A	NA S:Q183E NA	13	4982	0.002609	22100	22137
G22104-A C22109G	NA S:Q183E	13	4989	0.002606	22100	22138
G21569-T	NA	13	1262	0.010301	21451	21581
C25469T	ORF3a:S26L	13	8076	0.00161	25383	25490
C25416T T25422C	ORF3a:F8F ORF3a:I10I	13	8831	0.001472	25372	25439
C25416T A25439G	ORF3a:F8F ORF3a:K16R	13	8591	0.001513	25376	25477
C25131T	S:A1190V	13	25409	0.000512	25122	25210
C25000T T25054C	S:D1146D S:V1164V	13	14984	0.000868	24990	25068
C25000T T25021-A	S:D1146D NA	13	15491	0.000839	24990	25047
C25000T T25005C	S:D1146D S:F1148S	13	15816	0.000822	24990	25037
C24981-T C25000T T25021-A	NA S:D1146D NA	13	11108	0.00117	24867	25044
C24899+A C24981-T C25000T	NA NA S:D1146S	13	10817	0.001202	24850	25017
C24642A	S:T1027N	13	21520	0.000604	24488	24679
C24517-A C24672-A	NA NA	13	16158	0.000805	24470	24679
C24263-A	NA	13	5786	0.002247	24229	24286
C23854A T23875C	S:N764K S:A771A	13	17908	0.000726	23782	23881
C23854A T23871C	S:N764K S:I770T	13	18078	0.000719	23705	23891
C23854A A23894G	S:N764K Unknown	13	16413	0.000792	23831	23895
C23854A A23884G	S:N764K S:Q774Q	13	17631	0.000737	23683	23895
C23854A A23869G	S:N764K S:G769G	13	18109	0.000718	23838	23895
C23718+G	NA	13	49164	0.000264	23704	23724
C23701-A	NA	13	49976	0.00026	23683	23716
C23604A T23681C	S:P681H S:Y707H	13	29673	0.000438	23580	23724
C23525T T23599G C23604A C23635T	S:H655Y S:N679K S:P681H S:S691S	13	31754	0.000409	23487	23642
C23525T G23593A T23599G C23604A	S:H655Y S:Q677Q S:N679K S:P681H	13	32383	0.000401	23487	23629
C23525T G23564A T23599G C23604A	S:H655Y S:A668T S:N679K S:P681H	13	32383	0.000401	23487	23624
C23525T G23549A T23599G C23604A	S:H655Y S:D663N S:N679K S:P681H	13	32383	0.000401	23487	23624
C23525T C23530T T23599G C23604A	S:H655Y S:V656V S:N679K S:P681H	13	32383	0.000401	23487	23621
C23498T C23525T T23599G C23604A	S:R646C S:H655Y S:N679K S:P681H	13	31862	0.000408	23487	23642
C23492-A	NA	13	49177	0.000264	23487	23508
C23423T	S:P621S	13	25847	0.000503	23417	23443
C23290T	S:V576V	13	15407	0.000844	23269	23290
C23099-T C23103-T	NA NA	13	5458	0.002382	23093	23120
C22120-A	NA	13	5376	0.002418	22111	22139
C22109G T22200A T22293-A G22317T	S:Q183E S:V213E NA S:G252V	13	3282	0.003961	22100	22319
C22109G G22113T T22200A	S:Q183E S:G184V S:V213E	13	4507	0.002884	22100	22229
A25235G	S:I1225V	13	25929	0.000501	25226	25325
A25158G	S:D1199G	13	26827	0.000485	25149	25210
A25154G	S:I1198V	13	26716	0.000487	25129	25210
A25125G	S:E1188G	13	24282	0.000535	25122	25179
A24993G C25000T	S:E1144G S:D1146D	13	15822	0.000822	24990	25069
A24676G	S:K1038K	13	21094	0.000616	24612	24679
A24578G A24667-C	S:T1006A NA	13	16413	0.000792	24486	24679
A24556G	S:T998T	13	46525	0.000279	24537	24564
A24424T T24549C	S:Q954H S:L996S	13	27058	0.00048	24412	24554
A24424T T24469A C24559T	S:Q954H S:N969K S:G999G	13	26727	0.000486	24412	24564
A24424T T24469A C24509T	S:Q954H S:N969K S:R983C	13	27499	0.000473	24412	24563
A24424T T24469A C24477T	S:Q954H S:N969K S:A972V	13	27794	0.000468	24415	24564
A24424T G24428A T24469A	S:Q954H S:A956T S:N969K	13	27864	0.000467	24412	24564
A24424T A24479+T	S:Q954H NA	13	27774	0.000468	24412	24554
A24424T A24461G T24469A	S:Q954H S:S967G S:N969K	13	27864	0.000467	24412	24554
A24423G A24424T T24469A	S:Q954R S:Q954R S:N969K	13	27858	0.000467	24412	24564
A24423G A24424T	S:Q954R S:Q954R	13	30362	0.000428	24412	24466
A24420G A24424T	S:N953S S:Q954H	13	30338	0.000429	24412	24424
A24287+T	NA	13	6116	0.002126	24229	24303
A24265-AT G24268T A24424T	NA S:M902I S:Q954H	13	1213	0.010717	24242	24424
A23796+T	NA	13	19015	0.000684	23767	23814
A23777G C23854A	S:T739A S:N764K	13	17028	0.000763	23683	23881
A23734-G C23854A	NA S:N764K	13	13906	0.000935	23705	23895
A23729+T C23854A	NA S:N764K	13	13862	0.000938	23719	23895
A23720-T	NA	13	48956	0.000266	23683	23724
A23704+C C23887-A	NA NA	13	12862	0.001011	23684	23895
A23583G T23599G C23604A	S:Y674C S:N679K S:P681H	13	62880	0.000207	23580	23642
A23403G T23521C C23525T	S:D614G S:A653A S:H655Y	13	13346	0.000974	23394	23539
A23403G T23509C C23525T	S:D614G S:C649C S:H655Y	13	13346	0.000974	23381	23539
A23403G T23468C C23525T	S:D614G S:Y636H S:H655Y	13	13346	0.000974	23398	23539
A23403G T23428C	S:D614G S:V622V	13	24761	0.000525	23335	23438
A23403G T23425C	S:D614G S:P621P	13	24876	0.000523	23269	23443
A23403G G23412A	S:D614G S:C617Y	13	25207	0.000516	23396	23443
A23403G C23481+T	S:D614G NA	13	13608	0.000955	23345	23490
A23403G A23419G C23525T	S:D614G S:E619E S:H655Y	13	13346	0.000974	23371	23528
A23370G A23403G C23525T	S:N603S S:D614G S:H655Y	13	12413	0.001047	23335	23532
A23354G A23403G C23525T	S:I598V S:D614G S:H655Y	13	12311	0.001056	23335	23539
A23276G A23403G	S:T572A S:D614G	13	9638	0.001349	23269	23443
A23263G	S:R567R	13	4281	0.003037	23242	23290
A23235G	S:K558R	13	4392	0.00296	23089	23290
A23186G	S:N542D	13	5559	0.002339	23089	23224
A22472C	S:K304Q	13	387	0.033592	22452	22525
A22041+G	NA	13	15505	0.000838	22030	22054
A21979-T G21987A T21990-TTA C22000A	NA S:G142D S:DEL144 S:H146Q	13	13504	0.000963	21854	22013
A21979-T G21987A A21993-TTACC A21999C C22009-A	NA S:G142D NA S:H146P NA	13	13504	0.000963	21847	22058
A21875+T G21987A T21990-TTA	NA S:G142E S:DEL144	13	12228	0.001063	21847	22012
T25260C C25262-T	S:M1233T NA	12	28490	0.000421	25251	25325
T25251A	S:V1230E	12	26208	0.000458	25141	25325
T25215C	S:L1218P	12	25063	0.000479	25201	25325
T25123-G	NA	12	23839	0.000503	25122	25143
T24871C C25000T	S:F1103F S:D1146D	12	10660	0.001126	24850	25065
T24706C	S:H1048H	12	4745	0.002529	24644	24791
T24664C	S:L1034L	12	21291	0.000564	24612	24679
T24628-A	NA	12	21611	0.000555	24612	24670
T24623C	S:S1021P	12	21582	0.000556	24612	24679
T24469A T24492-A	S:N969K NA	12	42041	0.000285	24465	24564
T24469A A24543G	S:N969K S:D994G	12	40948	0.000293	24465	24564
T24280-A	NA	12	6066	0.001978	24271	24302
T23781C C23854A	S:M740T S:N764K	12	17053	0.000704	23683	23892
T23686+A	NA	12	49499	0.000242	23683	23701
T23599G C23604A T23719A	S:N679K S:P681H S:T719T	12	28644	0.000419	23580	23724
T23599G C23604A T23686-A	S:N679K S:P681H NA	12	29556	0.000406	23587	23701
T23599G C23604A G23653-T	S:N679K S:P681H NA	12	29830	0.000402	23580	23718
T23599G C23604A G23642A	S:N679K S:P681H S:A694T	12	61249	0.000196	23580	23724
T23599G C23604A A23670G	S:N679K S:P681H S:N703S	12	29704	0.000404	23580	23724
T23599G C23604A A23623+C	S:N679K S:P681H NA	12	63099	0.00019	23581	23630
T23582+A T23599G C23604A	NA S:N679* S:P681Y	12	62849	0.000191	23580	23676
T23521C C23525T	S:A653A S:H655Y	12	49392	0.000243	23497	23530
T23487G C23525T T23599G C23604A	Unknown S:H655Y S:N679K S:P681H	12	21437	0.00056	23486	23624
T23385C	S:V608A	12	26854	0.000447	23335	23399
T23353C A23403G C23525T	S:V597V S:D614G S:H655Y	12	12303	0.000975	23342	23532
T23352C C23525T	S:V597A S:H655Y	12	12296	0.000976	23335	23539
T23346C	S:V595A	12	28403	0.000422	23335	23395
T23160C	S:L533S	12	5487	0.002187	23109	23229
T23031C A23055G T23075C	S:F490S S:Q498R S:Y505H	12	883	0.01359	23025	23082
T22200A A22206-T	S:V213E NA	12	5679	0.002113	22194	22319
T21934-A T21990-TTA A21999-C	NA S:DEL144 NA	12	11589	0.001035	21861	22058
T21861+A	NA	12	14769	0.000813	21847	21873
G25305A	S:C1248Y	12	30308	0.000396	25295	25325
G25287A	S:S1242N	12	29612	0.000405	25268	25325
G25278A	S:S1239N	12	29310	0.000409	25198	25291
G25269A	S:C1236Y	12	28963	0.000414	25131	25325
G25238A	S:A1226T	12	25963	0.000462	25183	25325
G25166+A	NA	12	26909	0.000446	25134	25176
G25049-A	NA	12	15661	0.000766	25016	25069
G24868-T C24981-T C25000T	NA NA S:D1146D	12	10648	0.001127	24853	25019
G24693-A	NA	12	4816	0.002492	24612	24720
G24605A	S:A1015T	12	16884	0.000711	24578	24679
G24558A	S:G999D	12	46471	0.000258	24538	24564
G24510+T	NA	12	47367	0.000253	24470	24521
G24486+T	NA	12	47315	0.000254	24470	24506
G23735A	S:E725K	12	16533	0.000726	23684	23751
G23518A C23525T T23599G C23604A	S:G652G S:H655Y S:N679K S:P681H	12	32353	0.000371	23487	23638
G23517A C23525T T23599G C23604A	S:G652E S:H655Y S:N679K S:P681H	12	32348	0.000371	23487	23638
G23501A C23525T C23604A	S:A647T S:H655Y S:P681H	12	31968	0.000375	23487	23642
G22813T T22882G G22895C T22896C G22898A T22942G A22948-C	S:K417N S:N440K S:V445P S:V445P S:G446S S:N460K NA	12	5735	0.002092	22800	22966
G22813T T22882G A22893C G22898A T22917G	S:K417N S:N440K S:K444T S:G446S S:L452R	12	7660	0.001567	22793	22939
G22813T T22882G A22887G G22895C T22896C G22898A	S:K417N S:N440K S:D442G S:V445P S:V445P S:G446S	12	8402	0.001428	22793	22917
G22302+T G22317T	NA S:G252L	12	8591	0.001397	22246	22371
G21969-T T21990-TTA C22000A	NA S:DEL144 S:H146Q	12	13299	0.000902	21959	22058
G21586+T	NA	12	1238	0.009693	21451	21593
G21569-T C21618T T21632-TACCCCCTG	NA S:T19I S:DEL25/27	12	947	0.012672	21533	21659
C25416T A25503+C	ORF3a:F8F NA	12	5996	0.002001	25372	25512
C25416T A25450G	ORF3a:F8F ORF3a:I20V	12	8398	0.001429	25382	25459
C25324T	S:C1254C	12	30227	0.000397	25299	25325
C25321T	S:C1253C	12	30376	0.000395	25217	25325
C25184T	S:Q1208*	12	27306	0.000439	25147	25185
C25169-T C25262-T	NA NA	12	21733	0.000552	25145	25323
C25163+A C25262-T	NA NA	12	21573	0.000556	25127	25325
C25000T T25063C	S:D1146D S:G1167G	12	14751	0.000814	24990	25069
C25000T C25120+A	S:D1146D NA	12	3616	0.003319	24990	25153
C25000T A25067G	S:D1146D S:I1169V	12	14508	0.000827	24990	25068
C25000T A25034G	S:D1146D S:N1158D	12	15299	0.000784	24990	25065
C24981-T C25000T G25052+T	NA S:D1146D NA	12	10796	0.001112	24850	25068
C24899-A C25000T	NA S:D1146D	12	10817	0.001109	24850	25018
C24878-A C24981-T C25000T	NA NA S:D1146D	12	10698	0.001122	24850	25046
C24789-A	NA	12	6461	0.001857	24724	24806
C24672-AA	NA	12	21164	0.000567	24612	24679
C24616+A	NA	12	21525	0.000557	24612	24639
C24320-AA	NA	12	5953	0.002016	24229	24342
C24223-T	NA	12	3730	0.003217	24164	24234
C23917+A	NA	12	3257	0.003684	23767	23933
C23887A A23888C G23948T	S:D775E S:K776Q S:D796Y	12	2346	0.005115	23879	23978
C23887-A G23903-T	NA NA	12	3123	0.003842	23767	23923
C23854A T23871+G	S:N764K NA	12	18078	0.000664	23817	23895
C23854A G23885+A G23948T	S:N764K NA S:D796*	12	2172	0.005525	23767	23978
C23854A G23858A	S:N764K S:A766T	12	18382	0.000653	23683	23895
C23778+A	NA	12	19119	0.000628	23767	23807
C23683+A	NA	12	32642	0.000368	23666	23724
C23525T T23599G C23604A T23605C	S:H655Y S:N679K S:P681H S:P681H	12	32376	0.000371	23487	23624
C23525T T23599G C23604A G23628A	S:H655Y S:N679K S:P681H S:S689N	12	31946	0.000376	23499	23629
C23525T G23580-T T23599G C23604A	S:H655Y NA S:N679K S:P681H	12	32383	0.000371	23487	23641
C23373+A C23376+T	NA NA	12	27022	0.000444	23339	23387
C23277T C23334-T	S:T572I NA	12	10302	0.001165	23269	23428
C22290-T G22317T	NA S:G252V	12	8475	0.001416	22246	22319
C22109G A22161-T	S:Q183E NA	12	4863	0.002468	22100	22172
A25271C	S:M1237L	12	29066	0.000413	25209	25325
A25225G	S:I1221M	12	25676	0.000467	25186	25325
A25179G C25262-T	S:Y1206C NA	12	22170	0.000541	25122	25320
A24956-T C25000T	NA S:D1146D	12	11199	0.001072	24909	25069
A24902-T C24981-T C25000T	NA NA S:D1146D	12	10848	0.001106	24850	25016
A24902-T	NA	12	13628	0.000881	24865	24959
A24880G C25000T	S:Q1106Q S:D1146D	12	10707	0.001121	24850	25069
A24780G	S:K1073R	12	6444	0.001862	24724	24805
A24758G	S:T1066A	12	6233	0.001925	24745	24806
A24667-C C24672-A	NA NA	12	21109	0.000568	24470	24679
A24576G	S:Q1005R	12	17174	0.000699	24476	24679
A24537G	S:Q992R	12	46935	0.000256	24510	24549
A24508G	S:S982S	12	47376	0.000253	24488	24540
A24500G	S:I980V	12	47447	0.000253	24488	24512
A24479+T	NA	12	46752	0.000257	24470	24492
A24424T T24511C	S:Q954H S:R983R	12	27476	0.000437	24412	24564
A24424T T24487C	S:Q954H S:S975S	12	27703	0.000433	24412	24564
A24424T T24469A T24529C	S:Q954H S:N969K S:A989A	12	27303	0.00044	24412	24563
A24424T T24469A T24513C	S:Q954H S:N969K S:L984P	12	27466	0.000437	24412	24515
A24424T T24469A G24527A	S:Q954H S:N969K S:A989T	12	27325	0.000439	24412	24564
A24424T T24469A G24488A	S:Q954H S:N969K S:V976I	12	27696	0.000433	24412	24564
A24424T T24469A C24536-A A24538G	S:Q954H S:N969K NA S:Q992Q	12	27173	0.000442	24412	24564
A24424T T24469A A24520G	S:Q954H S:N969K S:K986K	12	27405	0.000438	24412	24564
A24424T T24469A A24485G	S:Q954H S:N969K S:S975G	12	27718	0.000433	24412	24564
A24424T C24458+T	S:Q954H NA	12	28007	0.000428	24412	24474
A24424T C24446+T	S:Q954H NA	12	28198	0.000426	24412	24458
A24424T C24435T T24469A	S:Q954H S:A958V S:N969K	12	27864	0.000431	24412	24564
A24424T A24525G	S:Q954H S:E988G	12	27354	0.000439	24420	24564
A24424T A24457G	S:Q954H S:Q965Q	12	28022	0.000428	24413	24564
A24424T A24441G	S:Q954H S:N960S	12	28284	0.000424	24412	24447
A24424T A24425G T24469A	S:Q954H S:N955D S:N969K	12	27864	0.000431	24412	24564
A24423+T A24426C	NA S:N955T	12	28408	0.000422	24412	24434
A24167G	S:M869V	12	5693	0.002108	24148	24191
A23891G	S:N777D	12	18031	0.000666	23767	23894
A23852G C23854A	S:N764E S:N764E	12	18508	0.000648	23839	23895
A23834G C23854A	S:S758G S:N764K	12	17855	0.000672	23791	23895
A23810G C23854A	S:S750G S:N764K	12	17492	0.000686	23683	23881
A23806G C23854A	S:E748E S:N764K	12	17445	0.000688	23724	23895
A23779G C23854A	S:T739T S:N764K	12	17038	0.000704	23733	23895
A23767+T C23854A	NA S:N764K	12	14083	0.000852	23745	23895
A23720+T	NA	12	48956	0.000245	23683	23742
A23708G C23854A	S:T716A S:N764K	12	13751	0.000873	23699	23895
A23544G T23599G C23604A	S:E661G S:N679K S:P681H	12	32612	0.000368	23530	23642
A23414G	S:T618A	12	25766	0.000466	23403	23426
A23403G T23437C C23525T	S:D614G S:H625H S:H655Y	12	13346	0.000899	23394	23532
A23403G T23411C C23525T	S:D614G S:C617R S:H655Y	12	13346	0.000899	23339	23539
A23403G G23417-A	S:D614G NA	12	25074	0.000479	23372	23429
A23403G C23413T C23525T	S:D614G S:C617C S:H655Y	12	13346	0.000899	23385	23539
A23403G A23408G C23525T	S:D614G S:N616D S:H655Y	12	13346	0.000899	23380	23539
A23354G C23525T	S:I598V S:H655Y	12	12311	0.000975	23335	23539
A23299G A23403G	S:P579P S:D614G	12	9972	0.001203	23269	23443
A23276G	S:T572A	12	15171	0.000791	23269	23290
A23171G A23234G	S:K537E S:K558E	12	4084	0.002938	23089	23290
A21979-T T21990-TTA A21999-C	NA S:DEL144 NA	12	13504	0.000889	21847	22017
A21875-T C21888-T	NA NA	12	14739	0.000814	21867	21900
A21875-T A21979-T G21987A T21990-TTA A21999-C	NA NA S:G142D S:DEL144 NA	12	10917	0.001099	21870	22025
A21868+G	NA	12	14913	0.000805	21847	21880
T25322+C	NA	11	30258	0.000364	25295	25325
T25211C C25262-T	S:W1217R NA	11	24536	0.000448	25140	25325
T25155-C	NA	11	26756	0.000411	25144	25165
T25148+A G25166-A	NA NA	11	26006	0.000423	25140	25325
T24960C C24981-T C25000T	S:V1133A NA S:D1146D	11	11240	0.000979	24850	25069
T24943C C25000T	S:D1127D S:D1146D	11	11063	0.000994	24909	25069
T24856+G	NA	11	13844	0.000795	24850	24871
T24633C	S:L1024P	11	21610	0.000509	24612	24679
T24571C	S:S1003S	11	17234	0.000638	24475	24679
T24549C	S:L996S	11	46864	0.000235	24534	24564
T24513C	S:L984P	11	47322	0.000232	24476	24537
T24475C	S:G971G	11	46217	0.000238	24470	24509
T24469A T24656C	S:N969K S:C1032R	11	12092	0.00091	24465	24679
T24469A T24564C	S:N969K S:L1001P	11	40188	0.000274	24465	24564
T24469A G24474A	S:N969K S:G971D	11	42215	0.000261	24465	24564
T24469A A24554G	S:N969K S:T998A	11	40601	0.000271	24465	24564
T24469A A24498G	S:N969K S:D979G	11	41879	0.000263	24465	24564
T24438+A T24451+A	NA NA	11	28721	0.000383	24412	24468
T24436C	S:A958A	11	28904	0.000381	24413	24457
T23836C C23854A	S:S758S S:N764K	11	17955	0.000613	23695	23878
T23727C C23854A	S:V722A S:N764K	11	13847	0.000794	23683	23895
T23599G T23602-C C23604A	S:N679K NA S:P681H	11	63248	0.000174	23580	23642
T23599G C23604A T23715C	S:N679K S:P681H S:F718S	11	28821	0.000382	23580	23724
T23599G C23604A T23713C	S:N679K S:P681H S:N717N	11	28844	0.000381	23580	23724
T23599G C23604A T23641-G	S:N679K S:P681H NA	11	61434	0.000179	23581	23674
T23599G C23604A T23605-C	S:N679K S:P681H NA	11	63217	0.000174	23580	23642
T23599G C23604A G23607A	S:N679K S:P681H S:R682Q	11	63214	0.000174	23580	23724
T23599G C23604A C23718T	S:N679K S:P681H S:T719I	11	28786	0.000382	23580	23724
T23599G C23604A C23709T	S:N679K S:P681H S:T716I	11	28966	0.00038	23580	23724
T23599G C23604A C23634T	S:N679K S:P681H S:S691F	11	62465	0.000176	23580	23642
T23599G C23604A A23723G	S:N679K S:P681H Unknown	11	28582	0.000385	23580	23724
T23599G C23604A A23720-T	S:N679K S:P681H NA	11	28627	0.000384	23585	23724
T23599G C23604A A23696-T	S:N679K S:P681H NA	11	29468	0.000373	23580	23724
T23584+C	NA	11	63160	0.000174	23580	23592
T23521A C23525T T23599G C23604A	S:A653A S:H655Y S:N679K S:P681H	11	32373	0.00034	23487	23637
T23507A C23525T T23599G C23604A	S:C649S S:H655Y S:N679K S:P681H	11	32215	0.000341	23487	23624
T23491C C23525T	S:F643F S:H655Y	11	48152	0.000228	23487	23539
T23377-A A23403G C23525T	NA S:D614G S:H655Y	11	12540	0.000877	23369	23539
T23355-A	NA	11	28452	0.000387	23342	23369
T23350C C23525T	S:S596S S:H655Y	11	12226	0.0009	23335	23539
T23350C A23403G C23525T	S:S596S S:D614G S:H655Y	11	12226	0.0009	23339	23539
T23337C A23403G C23525T	S:F592S S:D614G S:H655Y	11	11971	0.000919	23335	23532
T23278-A A23403G	NA S:D614G	11	9645	0.00114	23269	23443
T23164+A	NA	11	5484	0.002006	23089	23185
T22896C T22942G	S:V445A S:N460K	11	6826	0.001611	22883	22944
T22831+A	NA	11	11172	0.000985	22793	22844
T22291C G22317T	S:A243A S:G252V	11	8485	0.001296	22246	22319
T22200A T22204-G G22317T	S:V213E NA S:G252V	11	4415	0.002492	22193	22319
T22040+G	NA	11	15510	0.000709	22033	22058
T21976-C G21987A T21990-TTA A21999-C	NA S:G142D S:DEL144 NA	11	13499	0.000815	21959	22034
T21946+A	NA	11	15117	0.000728	21847	21978
T21883C G21987A T21990-TTA C22000A	S:G107G S:G142D S:DEL144 S:H146Q	11	10996	0.001	21847	22058
G25305-T	NA	11	30308	0.000363	25292	25316
G25226A	S:A1222T	11	25711	0.000428	25214	25325
G25186-T	NA	11	27378	0.000402	25175	25210
G25173+A C25262-T	NA NA	11	21926	0.000502	25122	25325
G25130+C C25262-T	NA NA	11	19253	0.000571	25124	25325
G25127-T	NA	11	24439	0.00045	25122	25152
G24944+T C25000T	NA S:D1146S	11	11075	0.000993	24850	25011
G24944+T C24981-T C25000T	NA NA S:D1146S	11	11075	0.000993	24850	25048
G24649A	S:M1029I	11	21498	0.000512	24612	24679
G24570+T	NA	11	17250	0.000638	24470	24584
G24530+A	NA	11	47085	0.000234	24476	24564
G24193A T24267-G	S:L877L NA	11	3553	0.003096	24150	24357
G24164-A	NA	11	5658	0.001944	24161	24182
G23868A	S:G769E	11	18574	0.000592	23683	23872
G23824A C23854A	S:L754L S:N764K	11	17672	0.000622	23796	23893
G23761-A	NA	11	16207	0.000679	23683	23776
G23587+C	NA	11	63192	0.000174	23581	23595
G23504T T23599G C23604A	S:G648C S:N679K S:P681H	11	32115	0.000343	23487	23634
G23501+C	NA	11	49645	0.000222	23487	23511
G23499+T	NA	11	49582	0.000222	23487	23507
G23364-A	NA	11	28059	0.000392	23341	23380
G23294A C23334-T	S:D578N NA	11	10596	0.001038	23285	23363
G22813T T22882G G22895T T22896C G22898A T22942G	S:K417N S:N440K S:V445S S:V445S S:G446S S:N460K	11	5987	0.001837	22793	22967
G22813T T22882G G22895C T22896C G22898A A22914-C	S:K417N S:N440K S:V445P S:V445P S:G446S NA	11	7955	0.001383	22793	22928
G22809-A G22813T T22882G G22895C T22896C G22898A	NA S:K417N S:N440K S:V445P S:V445P S:G446S	11	8391	0.001311	22793	22906
G22104-A C22109G T22200A G22317T	NA S:Q183E S:V213E S:G252V	11	3231	0.003405	22100	22319
G21987A T21990-TTA C22000A T22054-A	S:G142D S:DEL144 S:H146Q NA	11	12234	0.000899	21974	22058
G21987A T21990-TTA C22000A A22003G	S:G142D S:DEL144 S:H146Q S:K147K	11	13507	0.000814	21973	22058
G21898-A G21987A T21990-TTA A21999-C	NA S:G142D S:DEL144 NA	11	11190	0.000983	21847	22058
C25416T C25490A	ORF3a:F8F ORF3a:A33E	11	6384	0.001723	25372	25566
C25282T	S:C1240C	11	29412	0.000374	25251	25299
C25240T	S:A1226A	11	25988	0.000423	25211	25325
C25156T	S:I1198I	11	26756	0.000411	25122	25176
C25000T T25072-G C25100-A	S:D1146D NA NA	11	3714	0.002962	24990	25200
C25000T T25036C	S:D1146D S:N1158N	11	15277	0.00072	24990	25069
C25000T A25011G	S:D1146D S:E1150G	11	15737	0.000699	24990	25069
C25000T A25003G	S:D1146D S:S1147S	11	15823	0.000695	24990	25035
C24964-A C24981-T C25000T	NA NA S:D1146D	11	11308	0.000973	24850	25069
C24731T	S:P1057S	11	6003	0.001832	24682	24801
C24566+A	NA	11	17334	0.000635	24558	24584
C24503-T C24672-A	NA NA	11	16096	0.000683	24470	24679
C24503+T	NA	11	47402	0.000232	24470	24513
C24422T A24424T T24469A	S:Q954Y S:Q954Y S:N969K	11	27855	0.000395	24412	24563
C23854A G23873+A G23948T	S:N764K NA S:D796*	11	2172	0.005064	23767	23978
C23854A C23859+T	S:N764K NA	11	18367	0.000599	23767	23890
C23854A A23890G	S:N764K S:K776K	11	17413	0.000632	23813	23895
C23707+A	NA	11	49686	0.000221	23683	23716
C23692+T	NA	11	49734	0.000221	23683	23716
C23685+T	NA	11	49465	0.000222	23683	23707
C23525T T23599G C23604A T23637-C	S:H655Y S:N679K S:P681H NA	11	31564	0.000348	23487	23642
C23525T T23599G C23604A G23619A	S:H655Y S:N679K S:P681H S:S686N	11	32340	0.00034	23487	23642
C23525T T23599G C23604A G23616A	S:H655Y S:N679K S:P681H S:R685H	11	32349	0.00034	23487	23637
C23525T T23599G C23604A C23609-G	S:H655Y S:N679K S:P681H NA	11	32373	0.00034	23488	23624
C23525T T23599G C23604A A23627G	S:H655Y S:N679K S:P681H S:S689G	11	31965	0.000344	23487	23642
C23520-T C23525T T23599G C23604A	NA S:H655Y S:N679K S:P681H	11	32365	0.00034	23486	23637
C23506-T T23599G C23604A	NA S:N679K S:P681H	11	32193	0.000342	23489	23624
C23506-T C23525T	NA S:H655Y	11	49037	0.000224	23487	23536
C23496T C23525T T23599G C23604A	S:T645I S:H655Y S:N679K S:P681H	11	31842	0.000345	23487	23642
C23481+T	NA	11	14941	0.000736	23345	23490
C23300A	S:Q580K	11	11108	0.00099	23269	23323
C23290T A23403G	S:V576V S:D614G	11	9899	0.001111	23269	23443
C23191-A	NA	11	5546	0.001983	23176	23223
C22281+T G22317T	NA S:G252L	11	8317	0.001323	22254	22325
C22109G T22118C	S:Q183E S:F186L	11	5062	0.002173	22100	22143
C21888-T G21987A	NA S:G142D	11	12516	0.000879	21847	21993
A25325C	Unknown	11	30067	0.000366	25301	25325
A25256-T	NA	11	28365	0.000388	25251	25323
A25223G	S:I1221V	11	25584	0.00043	25211	25325
A25164G C25262-T	S:Q1201R NA	11	21609	0.000509	25122	25325
A25133G C25262-T	S:K1191E NA	11	20029	0.000549	25122	25324
A25125+G C25262-T	NA NA	11	18856	0.000583	25122	25284
A24978G C25000T	S:D1139G S:D1146D	11	11444	0.000961	24952	25069
A24915G C25000T	S:D1118G S:D1146D	11	10924	0.001007	24850	25069
A24900G C25000T	S:Q1113R S:D1146D	11	10826	0.001016	24854	25065
A24790G	S:T1076T	11	6429	0.001711	24724	24806
A24647G	S:M1029V	11	21517	0.000511	24612	24679
A24617G	S:R1019G	11	21534	0.000511	24612	24668
A24614-T	NA	11	21523	0.000511	24612	24634
A24613G	Unknown	11	21525	0.000511	24612	24679
A24599G	S:I1013V	11	16893	0.000651	24560	24679
A24595+T	NA	11	16900	0.000651	24470	24661
A24587G	S:T1009A	11	16946	0.000649	24480	24661
A24556+G	NA	11	46525	0.000236	24465	24564
A24539-T	NA	11	46963	0.000234	24470	24564
A24538G	S:Q992Q	11	46969	0.000234	24504	24564
A24532G	S:E990E	11	47044	0.000234	24480	24564
A24531G	S:E990G	11	47070	0.000234	24503	24564
A24525G	S:E988G	11	47185	0.000233	24470	24564
A24485G	S:S975G	11	47290	0.000233	24473	24561
A24424T T24505C	S:Q954H S:L981L	11	27543	0.000399	24412	24564
A24424T T24492+A	S:Q954H NA	11	27674	0.000397	24415	24519
A24424T T24482C	S:Q954H S:S974P	11	27753	0.000396	24412	24530
A24424T T24469A G24535A	S:Q954H S:N969K S:V991V	11	27218	0.000404	24412	24563
A24424T T24469A A24478G	S:Q954H S:N969K S:A972A	11	27780	0.000396	24412	24563
A24424T T24460C T24469A	S:Q954H S:L966L S:N969K	11	27864	0.000395	24412	24552
A24424T T24451C	S:Q954H S:V963V	11	28130	0.000391	24413	24564
A24424T T24427C T24469A	S:Q954H S:N955N S:N969K	11	27864	0.000395	24412	24564
A24424T C24435T	S:Q954H S:A958V	11	28355	0.000388	24416	24564
A24424T C24435-T T24469A	S:Q954H NA S:N969K	11	27864	0.000395	24412	24542
A24424T C24431T T24469A	S:Q954H S:Q957* S:N969K	11	27864	0.000395	24412	24564
A24424T A24562G	S:Q954H S:R1000R	11	26645	0.000413	24412	24564
A24424T A24554G	S:Q954H S:T998A	11	26919	0.000409	24412	24564
A24424T A24520G	S:Q954H S:K986K	11	27405	0.000401	24416	24563
A24424T A24508G	S:Q954H S:S982S	11	27507	0.0004	24412	24564
A24424T A24495G C24536-A	S:Q954H S:N978S NA	11	27203	0.000404	24412	24564
A24424T A24430G	S:Q954H S:A956A	11	28402	0.000387	24413	24564
A24424C T24469A	S:Q954H S:N969K	11	27864	0.000395	24412	24563
A24177G	S:Q872R	11	5602	0.001964	24169	24191
A23851T C23854A G23948T	S:L763F S:N764K S:D796Y	11	2172	0.005064	23767	23958
A23796G C23854A	S:D745G S:N764K	11	17282	0.000637	23683	23895
A23702+T	NA	11	49812	0.000221	23692	23720
A23670+G	NA	11	32397	0.00034	23657	23719
A23648T A23682G	S:T696S S:Y707C	11	31301	0.000351	23637	23724
A23583+T T23599G C23604A	NA S:N679* S:P681Y	11	62880	0.000175	23580	23624
A23541G T23599G C23604A	S:Y660C S:N679K S:P681H	11	32581	0.000338	23487	23642
A23403G T23473C C23525T	S:D614G S:S637S S:H655Y	11	13346	0.000824	23388	23539
A23403G T23434C C23525T	S:D614G S:I624I S:H655Y	11	13346	0.000824	23342	23539
A23362G A23403G C23525T	S:P600P S:D614G S:H655Y	11	12339	0.000891	23335	23539
A23357G A23403G C23525T	S:T599A S:D614G S:H655Y	11	12324	0.000893	23341	23539
A23354+T	NA	11	28450	0.000387	23335	23362
A23321+T	NA	11	10824	0.001016	23272	23331
A23279G A23403G	S:T573A S:D614G	11	9655	0.001139	23269	23443
A23234G	S:K558E	11	4395	0.002503	23200	23290
A23193-T	NA	11	5526	0.001991	23170	23224
A23180G	S:N540D	11	5517	0.001994	23164	23224
A22914-C T22942G	NA S:N460K	11	7189	0.00153	22905	22967
A22845-T T22882G	NA S:N440K	11	10755	0.001023	22793	22887
A22845-T	NA	11	11034	0.000997	22820	22856
A22206-T G22317T	NA S:G252V	11	4509	0.00244	22195	22319
A22206-T	NA	11	5777	0.001904	22194	22319
A21958+T G21987A	NA S:G142E	11	14254	0.000772	21847	21993
A21875+T G21987A T21990-TTA A21999-C	NA S:G142E S:DEL144 NA	11	10917	0.001008	21847	22015
T25319A	S:C1253S	10	30411	0.000329	25226	25325
T25310+G	NA	10	30429	0.000329	25300	25325
T25237C C25262-T	S:I1225I NA	10	25887	0.000386	25122	25325
T25191C	S:I1210T	10	27503	0.000364	25122	25325
T25187C	S:Y1209H	10	27376	0.000365	25163	25325
T25171+G C25262-T	NA NA	10	21827	0.000458	25122	25324
T25171+G	NA	10	26932	0.000371	25150	25184
T25155C C25262-T	S:I1198T NA	10	21280	0.00047	25130	25325
T25129C C25262-T	S:V1189V NA	10	19141	0.000522	25124	25325
T25128C	S:V1189A	10	24527	0.000408	25122	25190
T24973C C25000T	S:V1137V S:D1146D	10	11387	0.000878	24914	25060
T24957C C25000T	S:I1132T S:D1146D	10	11203	0.000893	24850	25069
T24957-TG	NA	10	11810	0.000847	24853	24983
T24946C C25000T	S:V1128V S:D1146D	10	11091	0.000902	24904	25052
T24929C C25000T	S:S1123P S:D1146D	10	10990	0.00091	24853	25069
T24873+A	NA	10	13973	0.000716	24850	24891
T24849C	S:V1096A	10	1503	0.006653	24843	24943
T24769C	S:P1069P	10	6340	0.001577	24754	24806
T24663C	S:L1034P	10	21295	0.00047	24612	24679
T24648C	S:M1029T	10	21515	0.000465	24612	24679
T24564C	S:L1001P	10	46284	0.000216	24513	24564
T24496C	S:N978N	10	47537	0.00021	24473	24564
T24487C	S:S975S	10	47397	0.000211	24476	24508
T24469A T24549C	S:N969K S:L996S	10	40802	0.000245	24465	24563
T24469A T24548C	S:N969K S:L996L	10	40812	0.000245	24465	24564
T24469A T24489G	S:N969K S:V976G	10	42064	0.000238	24465	24679
T24469A T24482C	S:N969K S:S974P	10	42141	0.000237	24465	24564
T24469A T24480C	S:N969K S:I973T	10	42157	0.000237	24465	24564
T24469A G24527A	S:N969K S:A989T	10	41274	0.000242	24465	24564
T24469A A24556G	S:N969K S:T998T	10	40437	0.000247	24465	24564
T24469A A24532G	S:N969K S:E990E	10	41169	0.000243	24465	24564
T23842C C23854A	S:C760C S:N764K	10	18139	0.000551	23814	23881
T23818C C23854A	S:L752L S:N764K	10	17595	0.000568	23683	23895
T23798C	S:S746P	10	18997	0.000526	23767	23822
T23748C C23854A	S:V729A S:N764K	10	13994	0.000715	23683	23895
T23716+A	NA	10	49297	0.000203	23699	23724
T23703C	S:I714T	10	49804	0.000201	23688	23716
T23698+C	NA	10	49881	0.0002	23691	23707
T23698+A C23854A	NA S:N764K	10	13592	0.000736	23683	23895
T23599G T23622-A	S:N679K NA	10	63112	0.000158	23580	23642
T23599G C23604A T23719C	S:N679K S:P681H S:T719T	10	28644	0.000349	23580	23724
T23599G C23604A T23714C	S:N679K S:P681H S:F718L	10	28831	0.000347	23580	23724
T23599G C23604A T23622C A23648T	S:N679K S:P681H S:V687A S:T696S	10	29864	0.000335	23580	23724
T23599G C23604A G23675+T	S:N679K S:P681H NA	10	29655	0.000337	23580	23717
T23599G C23604A G23619A	S:N679K S:P681H S:S686N	10	63140	0.000158	23593	23724
T23599G C23604A C23683T	S:N679K S:P681H S:Y707Y	10	29583	0.000338	23580	23692
T23599G C23604A C23679T	S:N679K S:P681H S:A706V	10	29624	0.000338	23580	23724
T23599G C23604A C23638-A	S:N679K S:P681H NA	10	62125	0.000161	23595	23642
T23599G C23604A A23710G	S:N679K S:P681H S:T716T	10	28900	0.000346	23581	23724
T23599G C23604A A23627-G	S:N679K S:P681H NA	10	62682	0.00016	23580	23724
T23599G C23603+A C23604G	S:N679K NA S:P681S	10	63248	0.000158	23580	23635
T23511+A T23599G C23604A	NA S:N679* S:P681Y	10	32275	0.00031	23487	23635
T23468C C23525T	S:Y636H S:H655Y	10	14480	0.000691	23413	23539
T23394C	S:L611P	10	26595	0.000376	23387	23398
T23391C A23403G	S:V610A S:D614G	10	25036	0.000399	23335	23443
T23355+A	NA	10	28452	0.000351	23335	23367
T23344C A23403G	S:G594G S:D614G	10	23995	0.000417	23335	23443
T23337C	S:F592S	10	28070	0.000356	23335	23394
T23313C A23403G	S:I584T S:D614G	10	9980	0.001002	23269	23443
T23308C A23403G	S:L582L S:D614G	10	9976	0.001002	23269	23441
T23293C	S:R577R	10	11140	0.000898	23269	23378
T23289C A23403G	S:V576A S:D614G	10	9898	0.00101	23269	23443
T23287C A23403G	S:A575A S:D614G	10	9879	0.001012	23269	23418
T23284C A23403G	S:D574D S:D614G	10	9715	0.001029	23269	23431
T23278+A	NA	10	15170	0.000659	23269	23287
T23255C	S:F565L	10	4263	0.002346	23196	23290
T23176C	S:C538C	10	5499	0.001819	23089	23224
T23143-A T23164-A C23230-A	NA NA NA	10	4003	0.002498	23089	23246
T23143+A	NA	10	5482	0.001824	23089	23155
T22882G G22895C G22898A T22942G A22964-T	S:N440K S:V445L S:G446S S:N460K NA	10	6275	0.001594	22876	22975
T21970C G21987A T21990-TTA C22000A	S:C136C S:G142D S:DEL144 S:H146Q	10	13308	0.000751	21924	22058
T21970-A G21987A T21990-TTA C22000A	NA S:G142D S:DEL144 S:H146Q	10	13308	0.000751	21959	22058
T21598-A C21618T T21632-TACCCCCTG	NA S:T19I S:DEL25/27	10	1057	0.009461	21579	21664
G25401+T	NA	10	9140	0.001094	25376	25411
G25311+C	NA	10	30443	0.000328	25301	25325
G25305+A	NA	10	30308	0.00033	25297	25325
G25302A	S:C1247Y	10	30178	0.000331	25207	25325
G25297A	S:K1245K	10	29981	0.000334	25287	25312
G25252A T25303C	S:V1230V S:C1247C	10	28011	0.000357	25122	25320
G25250A	S:V1230M	10	26174	0.000382	25229	25325
G25177-T	NA	10	27031	0.00037	25140	25187
G25130+C	NA	10	24760	0.000404	25122	25139
G24665A	S:G1035R	10	21291	0.00047	24614	24679
G24550A	S:L996L	10	46855	0.000213	24473	24574
G24533+A	NA	10	47023	0.000213	24507	24556
G24488-T A24495G	NA S:N978S	10	47272	0.000212	24412	24564
G24476A	S:A972T	10	46293	0.000216	24470	24502
G24434+C	NA	10	28886	0.000346	24412	24451
G23948T A23964-T	S:D796Y NA	10	3162	0.003163	23941	23971
G23835-T C23887-A	NA NA	10	16903	0.000592	23767	23895
G23832A C23854A	S:G757D S:N764K	10	17813	0.000561	23767	23895
G23821-T C23854A G23948T	NA S:N764K S:D796Y	10	2042	0.004897	23790	23978
G23593+A T23599G C23604A	NA S:N679* S:P681Y	10	63141	0.000158	23580	23638
G23508T C23525T T23599G C23604A	S:C649F S:H655Y S:N679K S:P681H	10	32232	0.00031	23493	23637
G23508A C23525T T23599G C23604A	S:C649Y S:H655Y S:N679K S:P681H	10	32232	0.00031	23487	23629
G23504A C23525T T23599G C23604A	S:G648S S:H655Y S:N679K S:P681H	10	32115	0.000311	23487	23637
G23501A C23525T T23599G	S:A647T S:H655Y S:N679K	10	31989	0.000313	23487	23642
G23383T G23384+T	S:Q607H NA	10	26864	0.000372	23285	23399
G23364+A	NA	10	28059	0.000356	23336	23374
G22813T T22896C	S:K417N S:V445A	10	8408	0.001189	22800	22967
G22813T T22882G A22893C G22898A T22942G	S:K417N S:N440K S:K444T S:G446S S:N460K	10	5987	0.00167	22793	22966
G22813T T22831+A	S:K417N NA	10	10997	0.000909	22793	22865
G22317T T22392-A	S:G252V NA	10	1545	0.006472	22246	22446
G22317T G22434T	S:G252V S:C291F	10	1435	0.006969	22246	22436
G22299-A	NA	10	8998	0.001111	22290	22319
G21987A T21990-TTA C22000A A22005G	S:G142D S:DEL144 S:H146Q S:N148S	10	13507	0.00074	21973	22058
G21987A T21990-TTA A21999-C G22014-T	S:G142D S:DEL144 NA NA	10	13422	0.000745	21950	22024
G21987A G21989A T21990G T21991-TA C22000A	S:G142D S:V143S S:V143S NA S:H146Q	10	13507	0.00074	21968	22058
G21987A A21999-CA	S:G142D NA	10	13507	0.00074	21961	22054
G21987A A21993-TTAC A21999-C	S:G142D NA NA	10	13507	0.00074	21949	22058
G21969-T G21987A T21990-TTA A21999-C	NA S:G142D S:DEL144 NA	10	13299	0.000752	21959	22058
G21508-A	NA	10	969	0.01032	21451	21573
C25433+T	NA	10	8680	0.001152	25372	25445
C25416T G25540+T	ORF3a:F8F NA	10	4943	0.002023	25372	25566
C25416T A25472-T	ORF3a:F8F NA	10	8049	0.001242	25372	25477
C25413+T	NA	10	8942	0.001118	25372	25449
C25300G	S:G1246G	10	30093	0.000332	25259	25325
C25276T	S:T1238T	10	29235	0.000342	25251	25325
C25262-T T25310C	NA S:C1250R	10	28357	0.000353	25122	25325
C25262-T T25307C	NA S:S1249P	10	28400	0.000352	25122	25325
C25262-T T25301C	NA S:C1247R	10	28430	0.000352	25122	25325
C25262-T G25278-T	NA NA	10	28542	0.00035	25251	25302
C25262-T C25357+A	NA NA	10	1741	0.005744	25252	25381
C25199T C25262-T	S:P1213S NA	10	23426	0.000427	25130	25325
C25000T T25043C	S:D1146D S:S1161P	10	15162	0.00066	24990	25069
C25000T T25021+A	S:D1146D NA	10	15491	0.000646	24990	25044
C25000T G25049-A	S:D1146D NA	10	15067	0.000664	24990	25058
C25000T A25105G	S:D1146D S:K1181K	10	3695	0.002706	24990	25180
C25000T A25040G	S:D1146D S:T1160A	10	15200	0.000658	24990	25065
C25000T A25024+T	S:D1146D NA	10	15434	0.000648	24990	25036
C24726-A	NA	10	5950	0.001681	24724	24806
C24662+T	NA	10	21358	0.000468	24616	24671
C24559T	S:G999G	10	46463	0.000215	24545	24564
C24536+A	NA	10	46970	0.000213	24493	24547
C24422T A24424T	S:Q954Y S:Q954Y	10	30359	0.000329	24412	24424
C24422-A A24424T T24469A	NA S:Q954H S:N969K	10	27855	0.000359	24412	24564
C24223T	S:T887T	10	3730	0.002681	24148	24249
C24064-A	NA	10	3045	0.003284	24021	24095
C23854A T23866C	S:N764K S:T768T	10	18153	0.000551	23683	23895
C23854A T23861C	S:N764K S:L767L	10	18293	0.000547	23800	23895
C23854A T23857C	S:N764K S:R765R	10	18382	0.000544	23687	23892
C23854A C23859+G	S:N764K NA	10	18367	0.000544	23847	23895
C23854A A23892G	S:N764K S:N777S	10	17053	0.000586	23683	23895
C23825+A	NA	10	18680	0.000535	23767	23842
C23758T C23854A	S:T732T S:N764K	10	14045	0.000712	23727	23895
C23630-A	NA	10	64174	0.000156	23619	23642
C23604A G23666-A	S:P681H NA	10	29807	0.000335	23600	23689
C23604A A23648T A23682G	S:P681H S:T696S S:Y707C	10	29667	0.000337	23580	23724
C23585+T T23599G C23604A	NA S:N679* S:P681Y	10	62942	0.000159	23580	23623
C23525T T23599G C23604A T23640C	S:H655Y S:N679K S:P681H S:I693T	10	31011	0.000322	23487	23642
C23525T T23599G C23604A A23639+C	S:H655Y S:N679K S:P681H NA	10	31078	0.000322	23504	23642
C23525T T23560A T23599G C23604A	S:H655Y S:I666I S:N679K S:P681H	10	32383	0.000309	23493	23635
C23525T G23545A T23599G C23604A	S:H655Y S:E661E S:N679K S:P681H	10	32383	0.000309	23487	23637
C23525T C23555G T23599G C23604A	S:H655Y S:P665A S:N679K S:P681H	10	32383	0.000309	23487	23642
C23525T A23554+C T23599G C23604A	S:H655Y NA S:N679* S:P681Y	10	32383	0.000309	23493	23640
C23520-T C23525T	NA S:H655Y	10	49374	0.000203	23493	23534
C23506T C23525T T23599G C23604A	S:G648G S:H655Y S:N679K S:P681H	10	32193	0.000311	23486	23634
C23399-A A23403G	NA S:D614G	10	25395	0.000394	23339	23539
C23393-T	NA	10	26644	0.000375	23336	23418
C23334-T C23423T	NA S:P621S	10	9796	0.001021	23269	23443
C23334-T C23367+A A23403G	NA NA S:D614G	10	10004	0.001	23269	23443
C23306+T C23334-T	NA NA	10	10668	0.000937	23269	23395
C22664A C22674T	S:L368I S:S371F	10	439	0.022779	22640	22685
C22000A G22022-A	S:H146Q NA	10	13935	0.000718	21995	22058
A25201G	S:P1213P	10	27852	0.000359	25135	25207
A25185G	S:Q1208R	10	27313	0.000366	25178	25325
A25185-G	NA	10	27313	0.000366	25149	25210
A25154+T	NA	10	26716	0.000374	25134	25165
A25147G C25262-T	S:E1195E NA	10	20815	0.00048	25122	25320
A25136G	S:N1192D	10	25868	0.000387	25129	25159
A25038G	S:H1159R	10	15758	0.000635	25030	25069
A24999G C25000T	S:D1146G S:D1146G	10	15897	0.000629	24990	25069
A24922-T C25000T	NA S:D1146D	10	10957	0.000913	24872	25012
A24920G C25000T	S:T1120A S:D1146D	10	10946	0.000914	24850	25069
A24905-T	NA	10	13583	0.000736	24873	24943
A24875G C24981-T C25000T	S:T1105A NA S:D1146D	10	10685	0.000936	24850	25030
A24783G	S:N1074S	10	6457	0.001549	24742	24791
A24753G	S:H1064R	10	6177	0.001619	24747	24788
A24723-G	NA	10	4757	0.002102	24707	24791
A24612G	S:E1017G	10	16856	0.000593	24475	24676
A24580G	S:T1006T	10	17134	0.000584	24516	24679
A24567G	S:Q1002R	10	17323	0.000577	24521	24676
A24554+G	NA	10	46677	0.000214	24547	24563
A24500+T	NA	10	47447	0.000211	24469	24515
A24498+T	NA	10	47464	0.000211	24479	24506
A24479-T G24488-T	NA NA	10	46660	0.000214	24472	24505
A24424T T24492-A	S:Q954H NA	10	27674	0.000361	24412	24554
A24424T T24491C	S:Q954H S:L977L	10	27676	0.000361	24412	24554
A24424T T24469A T24564C	S:Q954H S:N969K Unknown	10	26572	0.000376	24412	24564
A24424T T24469A G24521+T	S:Q954H S:N969K NA	10	27385	0.000365	24412	24564
A24424T T24469A A24543G	S:Q954H S:N969K S:D994G	10	27141	0.000368	24412	24564
A24424T T24469A A24479G	S:Q954H S:N969K S:I973V	10	27774	0.00036	24412	24558
A24424T G24558A	S:Q954H S:G999D	10	26735	0.000374	24412	24564
A24424T G24449-T	S:Q954H NA	10	28155	0.000355	24412	24468
A24424T G24428A	S:Q954H S:A956T	10	28415	0.000352	24412	24564
A24424T C24536+A	S:Q954H NA	10	27203	0.000368	24413	24564
A24424T A24560G	S:Q954H S:R1000G	10	26675	0.000375	24412	24564
A24424T A24551G	S:Q954H S:I997V	10	27020	0.00037	24412	24564
A24424T A24538G	S:Q954H S:Q992Q	10	27173	0.000368	24412	24564
A24424T A24532G	S:Q954H S:E990E	10	27274	0.000367	24412	24564
A24424T A24439G T24469A	S:Q954H S:L959L S:N969K	10	27864	0.000359	24412	24564
A24424T A24433+C	S:Q954H NA	10	28384	0.000352	24412	24441
A24287G	S:I909V	10	6116	0.001635	24269	24324
A23942-T	NA	10	4067	0.002459	23941	23956
A23848+G C23854A	NA S:N764K	10	18367	0.000544	23841	23895
A23814+G C23854A	NA S:N764K	10	17527	0.000571	23805	23895
A23772G C23854A	S:D737G S:N764K	10	16977	0.000589	23752	23895
A23760G C23854A	S:K733R S:N764K	10	14047	0.000712	23683	23895
A23759G C23854A	S:K733E S:N764K	10	14046	0.000712	23733	23881
A23737G C23854A	S:E725E S:N764K	10	13931	0.000718	23725	23895
A23734G C23854A	S:T724T S:N764K	10	13906	0.000719	23683	23895
A23729G C23854A	S:T723A S:N764K	10	13862	0.000721	23705	23895
A23712+C	NA	10	49393	0.000202	23694	23722
A23696+T	NA	10	49858	0.000201	23683	23707
A23688G C23854A	S:N709S S:N764K	10	13527	0.000739	23683	23895
A23688G	S:N709S	10	49597	0.000202	23683	23712
A23474+T	NA	10	14903	0.000671	23434	23539
A23436G C23525T	S:H625R S:H655Y	10	14191	0.000705	23335	23532
A23403G T23455C C23525T	S:D614G S:P631P S:H655Y	10	13346	0.000749	23386	23539
A23403G T23433C	S:D614G S:I624T	10	24204	0.000413	23335	23443
A23403G G23501A C23525T	S:D614G S:A647T S:H655Y	10	13346	0.000749	23387	23532
A23403G G23429A C23525T	S:D614G S:A623T S:H655Y	10	13346	0.000749	23386	23539
A23403G C23536+G	S:D614G NA	10	12915	0.000774	23388	23539
A23403G C23525T A23531G	S:D614G S:H655Y S:N657D	10	13218	0.000757	23394	23539
A23403G A23456G C23525T	S:D614G S:T632A S:H655Y	10	13346	0.000749	23382	23539
A23403G A23446G C23525T	S:D614G S:Q628Q S:H655Y	10	13346	0.000749	23363	23539
A23403G A23409G C23525T	S:D614G S:N616S S:H655Y	10	13346	0.000749	23351	23532
A23403G A23409G	S:D614G S:N616S	10	25294	0.000395	23390	23443
A23366+C	NA	10	27991	0.000357	23335	23374
A23359G C23525T	S:T599T S:H655Y	10	12331	0.000811	23335	23539
A23357G C23525T	S:T599A S:H655Y	10	12324	0.000811	23335	23539
A23305G A23403G	S:T581T S:D614G	10	9973	0.001003	23269	23443
A23200G	S:L546L	10	5509	0.001815	23157	23250
A23063T T23075C	S:N501Y S:Y505H	10	957	0.010449	23059	23224
A21972G G21987A T21990-TTA C22000A	S:N137S S:G142D S:DEL144 S:H146Q	10	13400	0.000746	21889	22035
A21964-T	NA	10	16082	0.000622	21847	21983
A21958-T G21987A T21990-TTA A21999-C	NA S:G142D S:DEL144 NA	10	12771	0.000783	21943	22015
A21917-T G21987A T21990-TTA A21999-C	NA S:G142D S:DEL144 NA	10	11431	0.000875	21847	22024
