nt_mutations	aa_mutations	cluster_depth	total_depth	frequency	coverage_start	coverage_end
C23525T T23599G C23604A	S:H655Y S:N679K S:P681H	18794	34870	0.538973	23521	23608
T23599G C23604A	S:N679K S:P681H	15040	59761	0.251669	23596	23608
A24424T	S:Q954H	6720	35272	0.190519	24421	24424
A24424T T24469A	S:Q954H S:N969K	6580	31797	0.206938	24420	24476
C25416T	ORF3a:F8F	4842	17094	0.283257	25384	25424
C25000T	S:D1146D	4183	16512	0.253331	24998	25001
A23403G	S:D614G	3902	24409	0.159859	23399	23405
G22317T	S:G252V	3330	13528	0.246156	22315	22319
G22813T T22882G G22895C T22896C G22898A T22942G	S:K417N S:N440K S:V445P S:V445P S:G446S S:N460K	3246	11677	0.277982	22809	22944
A23403G C23525T	S:D614G S:H655Y	3177	10362	0.306601	23399	23528
C23854A	S:N764K	3153	12750	0.247294	23850	23861
T24469A	S:N969K	2926	44819	0.065285	24465	24482
C23525T	S:H655Y	2492	47502	0.052461	23521	23528
C25262-T	NA	2038	29636	0.068768	25255	25272
G22813T T22882G G22895C T22896C G22898A	S:K417N S:N440K S:V445P S:V445P S:G446S	1978	16507	0.119828	22808	22906
C24672-A	NA	1733	19251	0.090021	24638	24679
C24981-T C25000T	NA S:D1146D	1391	11812	0.117762	24914	25002
A24424T G24488-T	S:Q954H NA	1338	31634	0.042296	24416	24500
G21987A T21990-TTA A21999-C	S:G142D S:DEL144 NA	1207	8597	0.140398	21974	22012
G21987A	S:G142D	1199	10643	0.112656	21972	21990
G22813T T22882G	S:K417N S:N440K	1151	19768	0.058225	22809	22886
C23334-T	NA	1138	13146	0.086566	23285	23347
G21987A T21990-TTA C22000A	S:G142D S:DEL144 S:H146Q	1131	8597	0.131558	21975	22011
T23599G	S:N679K	1100	59796	0.018396	23595	23602
C22109G T22200A G22317T	S:Q183E S:V213E S:G252V	949	4834	0.196318	22105	22319
C23604A	S:P681H	927	59841	0.015491	23600	23607
G22813T T22882G T22896C G22898A T22942G	S:K417N S:N440K S:V445A S:G446S S:N460K	901	11677	0.07716	22809	22944
T22942G	S:N460K	817	14744	0.055412	22938	22944
G23948T	S:D796Y	778	3699	0.210327	23944	23951
C21618T T21632-TACCCCCTG	S:T19I S:DEL25/27	690	1769	0.390051	21603	21653
T22200A G22317T	S:V213E S:G252V	687	6237	0.110149	22195	22319
C22000A	S:H146Q	641	9604	0.066743	21996	22034
C23887-A	NA	639	12534	0.050981	23823	23894
C23525T C23604A	S:H655Y S:P681H	634	34870	0.018182	23508	23624
A24424T T24469A G24488-T	S:Q954H S:N969K NA	631	31634	0.019947	24416	24507
A24424T T24469A T24472-G	S:Q954H S:N969K NA	622	31756	0.019587	24415	24552
C23525T T23599G	S:H655Y S:N679K	618	34886	0.017715	23521	23603
G24488-T	NA	517	48398	0.010682	24482	24499
G22813T T22882G G22895C G22898A	S:K417N S:N440K S:V445L S:G446S	473	16507	0.028655	22809	22906
A24253-T	NA	471	8226	0.057257	24236	24263
T22882G	S:N440K	470	21332	0.022033	22877	22885
C23334-T A23403G	NA S:D614G	461	12181	0.037846	23296	23411
G22813T	S:K417N	424	20568	0.020615	22798	22816
C22109G T22200A	S:Q183E S:V213E	414	6277	0.065955	22105	22205
T22882G G22895C T22896C G22898A	S:N440K S:V445P S:V445P S:G446S	410	18045	0.022721	22877	22906
T24469A C24672-A	S:N969K NA	381	10817	0.035222	24465	24679
T24469A T24472-G	S:N969K NA	379	44773	0.008465	24465	24528
C25262-TT	NA	356	29636	0.012012	25252	25294
C23525T A23558-T T23599G C23604A	S:H655Y NA S:N679K S:P681H	349	34870	0.010009	23501	23623
T22882G G22895C T22896C G22898A T22942G	S:N440K S:V445P S:V445P S:G446S S:N460K	327	13032	0.025092	22877	22946
A23497-C C23525T T23599G C23604A	NA S:H655Y S:N679K S:P681H	315	34353	0.00917	23489	23624
T21990-TTA C22000A	S:DEL144 S:H146Q	313	8597	0.036408	21975	22012
A23403G G23486-T C23525T	S:D614G NA S:H655Y	309	10362	0.02982	23393	23529
T24267-G	NA	279	8267	0.033749	24257	24332
G22577C G22578A G22599C C22664A C22674T T22679C	S:G339H S:G339H S:R346T S:L368I S:S371F S:S373P	274	1166	0.234991	22567	22684
T21990-TTA A21999-C	S:DEL144 NA	267	8597	0.031057	21974	22015
C23854A G23948T	S:N764K S:D796Y	255	1985	0.128463	23848	23951
T22200A	S:V213E	248	7773	0.031905	22194	22212
A24110-T	NA	239	4223	0.056595	24103	24120
C25416T G25555-T	ORF3a:F8F NA	234	8132	0.028775	25382	25566
T25191-A	NA	230	25695	0.008951	25181	25202
G22577C G22578A	S:G339H S:G339H	227	1923	0.118045	22555	22580
T24267-G A24424T	NA S:Q954H	226	2111	0.107058	24260	24424
T22882G G22895C G22898A	S:N440K S:V445L S:G446S	223	18045	0.012358	22877	22906
G22813T T22882G G22895C T22896C G22898A T22900-G	S:K417N S:N440K S:V445P S:V445P S:G446S NA	221	16507	0.013388	22801	22914
A23013C T23018C T23019C T23031C A23055G A23063T T23075C	S:E484A S:F486P S:F486P S:F490S S:Q498R S:N501Y S:Y505H	220	1673	0.1315	23008	23081
T23599G C23604A G23666-A	S:N679K S:P681H NA	218	23967	0.009096	23581	23674
G25218-T	NA	217	23526	0.009224	25209	25224
C24852-A C25000T	NA S:D1146D	211	10769	0.019593	24850	25005
C25000T C25100-A	S:D1146D NA	207	4132	0.050097	24998	25112
C24981-T	NA	204	12110	0.016846	24914	24986
T23599G C23604A C23638T	S:N679K S:P681H S:I692I	201	58854	0.003415	23587	23678
A24424T C24536-A	S:Q954H NA	198	31221	0.006342	24418	24546
G21987A A21993-TTACC A21999C	S:G142D NA S:H146P	196	8597	0.022799	21960	22017
C24536-A	NA	193	48113	0.004011	24529	24551
T25191-A C25262-T	NA NA	184	20774	0.008857	25140	25291
A24424T T24471-TG	S:Q954H NA	182	31758	0.005731	24417	24564
T24469A G24488-T	S:N969K NA	179	44634	0.00401	24465	24499
C23854A C23887-A	S:N764K NA	176	12098	0.014548	23805	23895
C23525T A23583G T23599G C23604A	S:H655Y S:Y674C S:N679K S:P681H	173	34870	0.004961	23501	23634
C23277T A23403G	S:T572I S:D614G	171	11807	0.014483	23270	23431
G22813T T22882G T22896C G22898A	S:K417N S:N440K S:V445A S:G446S	167	16507	0.010117	22808	22906
C22109G	S:Q183E	165	6752	0.024437	22105	22113
C24119-A	NA	164	4488	0.036542	24112	24135
C22109G C22120-A T22200A G22317T	S:Q183E NA S:V213E S:G252V	155	4834	0.032065	22105	22319
A24324-AT	NA	155	8027	0.01931	24295	24335
G23486-T C23525T	NA S:H655Y	153	11233	0.013621	23471	23539
T23143-A	NA	150	7318	0.020497	23126	23156
C25000T G25091+A	S:D1146D NA	150	4164	0.036023	24990	25198
T25415-C	NA	148	17106	0.008652	25381	25445
A21979-T G21987A A21993-TTACC A21999C	NA S:G142D NA S:H146P	148	8597	0.017215	21962	22019
T23599G C23604A T23617C	S:N679K S:P681H S:R685R	145	59706	0.002429	23580	23638
C24672-A A24684-T	NA NA	145	5079	0.028549	24626	24696
A24424T T24469A C24536-A	S:Q954H S:N969K NA	144	31221	0.004612	24416	24552
C23525T A23531G T23599G C23604A	S:H655Y S:N657D S:N679K S:P681H	142	34870	0.004072	23504	23624
G21987A T21990-TTA	S:G142D S:DEL144	141	10476	0.013459	21972	22011
T22882G T22896C G22898A T22942G	S:N440K S:V445A S:G446S S:N460K	140	13032	0.010743	22866	22949
G24140-T	NA	140	4679	0.029921	24130	24153
C24852-A	NA	139	14015	0.009918	24850	24863
G25555-T	NA	138	8132	0.01697	25381	25565
T24471-TG	NA	136	46446	0.002928	24465	24554
C23277T C23334-T	S:T572I NA	136	12732	0.010682	23273	23358
C24150+T	NA	134	8818	0.015196	24148	24168
T24492-A	NA	133	48511	0.002742	24480	24564
T23599G C23604A A23712-T	S:N679K S:P681H NA	133	23445	0.005673	23581	23724
C23367+A	NA	133	25843	0.005146	23342	23377
T24472-G	NA	131	46487	0.002818	24465	24517
T21632-TACCCCCTG	S:DEL25/27	131	1770	0.074011	21604	21657
G25302-T	NA	130	30463	0.004267	25295	25324
C22109G T22200A G22218-T G22317T	S:Q183E S:V213E NA S:G252V	130	4834	0.026893	22105	22319
T23599G C23604A C23609-G	S:N679K S:P681H NA	127	59739	0.002126	23582	23637
C25000T C25100-A T25191-A	S:D1146D NA NA	126	3750	0.0336	24990	25199
G22577C G22578A G22599C C22664A T22679C	S:G339H S:G339H S:R346T S:L368I S:S373P	120	1166	0.102916	22509	22683
T22882G G22895C G22898A T22942G	S:N440K S:V445L S:G446S S:N460K	119	13032	0.009131	22877	22946
G22813T T22882G G22898A	S:K417N S:N440K S:G446S	118	16507	0.007148	22807	22906
C23525T T23527C T23599G C23604A	S:H655Y S:H655Y S:N679K S:P681H	118	34870	0.003384	23493	23624
C25262-T C25416T	NA ORF3a:F8F	116	3548	0.032694	25252	25422
C23399+T C23525T	NA S:H655S	115	10338	0.011124	23341	23529
C23277T	S:T572I	111	18137	0.00612	23272	23285
G22813T G22895C T22896C G22898A T22942G	S:K417N S:V445P S:V445P S:G446S S:N460K	110	11677	0.00942	22803	22957
T23143-A T23164-A	NA NA	109	7137	0.015273	23092	23185
G25299A	S:G1246D	109	30396	0.003586	25291	25307
G22317T G22403-A	S:G252V NA	108	3581	0.030159	22309	22414
G23505-C C23525T T23599G C23604A	NA S:H655Y S:N679K S:P681H	105	34651	0.00303	23493	23624
A24684-T	NA	105	5316	0.019752	24673	24700
A24424T T24469A C24536-AA	S:Q954H S:N969K NA	105	31221	0.003363	24412	24564
T23511+A C23525T T23599G C23604A	NA S:H655S S:N679* S:P681Y	102	34793	0.002932	23487	23622
T23164-A	NA	102	7313	0.013948	23100	23176
G22813T T22882G T22942G	S:K417N S:N440K S:N460K	102	11677	0.008735	22809	22944
A24110-T C24119-A	NA NA	101	4068	0.024828	24078	24133
C23525T A23550G T23599G C23604A	S:H655Y S:D663G S:N679K S:P681H	99	34870	0.002839	23515	23624
T25140-A	NA	97	23825	0.004071	25131	25170
C25000T T25191-A	S:D1146D NA	95	3750	0.025333	24992	25210
C23525T T23548C T23599G C23604A	S:H655Y S:C662C S:N679K S:P681H	94	34870	0.002696	23510	23633
C23525T T23599G C23604A T23617C	S:H655Y S:N679K S:P681H S:R685R	93	34845	0.002669	23490	23629
T23599G C23604A C23709+A	S:N679K S:P681H NA	92	23524	0.003911	23581	23724
A21875-T	NA	91	11116	0.008186	21869	21889
G22813T T22882G G22898A T22942G	S:K417N S:N440K S:G446S S:N460K	90	11677	0.007707	22801	22946
A23786-T C23854A	NA S:N764K	89	11889	0.007486	23773	23880
T23143-A T23164-A C23230-A	NA NA NA	88	4715	0.018664	23089	23246
T21934-A G21987A T21990-TTA A21999-C	NA S:G142D S:DEL144 NA	88	7040	0.0125	21892	22058
G23402-A	NA	88	24416	0.003604	23391	23411
C23230-A	NA	88	5052	0.017419	23204	23242
C22109G C22120-A T22200A	S:Q183E NA S:V213E	88	6277	0.014019	22105	22204
T21934-A G21987A T21990-TTA C22000A	NA S:G142D S:DEL144 S:H146Q	85	7040	0.012074	21909	22058
T23599G C23604A G23666+A	S:N679K S:P681H NA	84	23967	0.003505	23581	23700
G22813T T22882G T22896C T22942G	S:K417N S:N440K S:V445A S:N460K	84	11677	0.007194	22803	22966
T23599G C23604A A23712+T	S:N679K S:P681H NA	83	23445	0.00354	23581	23724
A23712+T	NA	83	36000	0.002306	23683	23724
G25244C	S:V1228L	82	24433	0.003356	25219	25323
G25218-T C25262-T	NA NA	82	23403	0.003504	25130	25301
G25213A	S:W1217*	82	22956	0.003572	25209	25323
A23515+G C23525T T23599G C23604A	NA S:H655S S:N679* S:P681Y	82	34819	0.002355	23487	23637
G22813T T22882G G22895C	S:K417N S:N440K S:V445L	81	19174	0.004224	22802	22906
C25262-T A25327-T	NA NA	81	4782	0.016939	25251	25338
C23525T T23529C T23599G C23604A	S:H655Y S:V656A S:N679K S:P681H	81	34870	0.002323	23487	23624
A24424T T24438+A	S:Q954H NA	81	32169	0.002518	24412	24448
G22813T T22882G G22895C T22896C G22898A A22914-C T22942G	S:K417N S:N440K S:V445P S:V445P S:G446S NA S:N460K	80	11677	0.006851	22801	22949
G22813T C22858T T22882G G22895C T22896C G22898A T22942G	S:K417N S:C432C S:N440K S:V445P S:V445P S:G446S S:N460K	80	11677	0.006851	22808	22949
C25294-A	NA	79	30296	0.002608	25287	25306
C24536-AA	NA	77	48113	0.0016	24526	24553
C24517-A	NA	77	48333	0.001593	24493	24533
C22109G T22200A G22218-T	S:Q183E S:V213E NA	77	6159	0.012502	22105	22232
T23514C C23525T T23599G C23604A	S:I651T S:H655Y S:N679K S:P681H	76	34813	0.002183	23505	23637
T25382+A	NA	75	17760	0.004223	25372	25408
T23599G T23600C C23604A	S:N679K S:S680P S:P681H	75	59761	0.001255	23581	23640
T22882G G22895C	S:N440K S:V445L	75	20726	0.003619	22877	22906
A24424T T24472-G	S:Q954H NA	75	31756	0.002362	24417	24564
C24320-A	NA	74	8222	0.009	24234	24332
G23364-A A23403G C23525T	NA S:D614G S:H655Y	73	9734	0.007499	23335	23532
G22813T T22896C G22898A T22942G	S:K417N S:V445A S:G446S S:N460K	73	11677	0.006252	22803	22946
G22813T T22882G G22895C T22896C G22898A G22933+T	S:K417N S:N440K S:V445P S:V445P S:G446S NA	73	13632	0.005355	22801	22940
C24517-A C24672-A	NA NA	73	13815	0.005284	24486	24679
C23525T T23599G C23604A T23620C	S:H655Y S:N679K S:P681H S:S686S	73	34840	0.002095	23502	23624
T24643-A C24672-A	NA NA	72	19121	0.003765	24612	24679
A24424T T24469A A24525G	S:Q954H S:N969K S:E988G	72	31321	0.002299	24419	24564
G23402-A C23525T	NA S:H655Y	71	10362	0.006852	23381	23532
C25184-A	NA	71	25445	0.00279	25170	25194
C21618T	S:T19I	71	1816	0.039097	21604	21623
A25256T	S:I1232F	71	29480	0.002408	25228	25324
A25253G	S:T1231A	70	29425	0.002379	25251	25307
C23525T A23531T T23599G C23604A	S:H655Y S:N657Y S:N679K S:P681H	69	34870	0.001979	23504	23641
G22813T T22882G G22895C T22896C G22898A T22928C T22942G	S:K417N S:N440K S:V445P S:V445P S:G446S S:F456L S:N460K	68	11677	0.005823	22808	22966
G22813T T22882G G22895C G22898A T22942G	S:K417N S:N440K S:V445L S:G446S S:N460K	68	11677	0.005823	22808	22949
G22577C G22578A G22599C C22664A C22674T	S:G339H S:G339H S:R346T S:L368I S:S371F	68	1201	0.056619	22538	22676
C23525T T23599G C23604G	S:H655Y S:N679K S:P681R	68	34870	0.00195	23501	23634
C23525T A23552G T23599G C23604A	S:H655Y S:I664V S:N679K S:P681H	68	34870	0.00195	23487	23634
C23277T C23334-T A23403G	S:T572I NA S:D614G	68	11807	0.005759	23269	23428
G22813T G22895C T22896C G22898A	S:K417N S:V445P S:V445P S:G446S	67	16507	0.004059	22801	22906
G22809-A G22813T T22882G G22895C T22896C G22898A	NA S:K417N S:N440K S:V445P S:V445P S:G446S	67	16482	0.004065	22801	22906
C25416T T25422C	ORF3a:F8F ORF3a:I10I	67	16976	0.003947	25383	25477
G25145C	S:E1195Q	66	24215	0.002726	25134	25156
C25151+A	NA	66	24364	0.002709	25144	25210
C23202T C23277T	S:T547I S:T572I	66	4669	0.014136	23195	23290
G24488-T C24672-A	NA NA	65	13613	0.004775	24471	24679
G21987A C22000A	S:G142D S:H146Q	65	8597	0.007561	21977	22014
C25416T C25517-T	ORF3a:F8F NA	65	9488	0.006851	25381	25528
C23525T A23594G T23599G C23604A	S:H655Y S:T678A S:N679K S:P681H	65	34870	0.001864	23509	23611
A23403G G23417T C23525T	S:D614G S:E619* S:H655Y	65	10362	0.006273	23379	23539
T24469A C24536-A	S:N969K NA	63	43811	0.001438	24465	24563
T23489C C23525T T23599G C23604A	S:F643L S:H655Y S:N679K S:P681H	63	34072	0.001849	23487	23640
T22200A A22206-T G22317T	S:V213E NA S:G252V	63	6237	0.010101	22195	22319
G25198-C	NA	63	25949	0.002428	25191	25210
G23508+T C23525T T23599G C23604A	NA S:H655S S:N679* S:P681Y	63	34741	0.001813	23487	23625
G22813T T22882G G22895C T22896C G22898A T22930A T22942G	S:K417N S:N440K S:V445P S:V445P S:G446S S:F456L S:N460K	63	11677	0.005395	22793	22944
G22813T T22882G G22895C G22898A T22900-G	S:K417N S:N440K S:V445L S:G446S NA	63	16507	0.003817	22793	22914
C23103-T	NA	63	7371	0.008547	23090	23115
A22101T C22109G T22200A G22317T	Unknown S:Q183E S:V213E S:G252V	63	4652	0.013543	22100	22319
T24470-TTG	S:DEL971	62	44999	0.001378	24465	24564
T23599G C23604A T23662C	S:N679K S:P681H S:G700G	62	23985	0.002585	23581	23710
C24026-T	NA	62	5519	0.011234	24021	24044
C23525T T23599G C23604A T23629C	S:H655Y S:N679K S:P681H S:S689S	61	34479	0.001769	23505	23635
T25150C	S:S1196S	60	24359	0.002463	25143	25175
T23599G C23604A A23704+C	S:N679K S:P681H NA	60	23639	0.002538	23581	23723
T23278-A	NA	60	18130	0.003309	23269	23289
T22882G T22942G	S:N440K S:N460K	60	13032	0.004604	22877	22944
G25299-C	NA	60	30396	0.001974	25292	25324
G23499A C23525T T23599G C23604A	S:R646H S:H655Y S:N679K S:P681H	60	34411	0.001744	23487	23642
C22109G C22120-A T22200A G22218-T G22317T	S:Q183E NA S:V213E NA S:G252V	60	4834	0.012412	22105	22319
A23493G C23525T T23599G C23604A	S:Q644R S:H655Y S:N679K S:P681H	60	34203	0.001754	23487	23642
G22813T T22882G G22895C T22896C	S:K417N S:N440K S:V445P S:V445P	59	16516	0.003572	22801	22906
T25272C	S:M1237T	58	29927	0.001938	25251	25292
G22813T A22845-T T22882G G22895C T22896C G22898A	S:K417N NA S:N440K S:V445P S:V445P S:G446S	58	16507	0.003514	22801	22908
G22104-A C22109G C22120-A T22200A G22317T	NA S:Q183E NA S:V213E S:G252V	58	4715	0.012301	22100	22319
G22104-A C22109G C22120-A T22200A G22218-T G22317T	NA S:Q183E NA S:V213E NA S:G252V	58	4715	0.012301	22100	22319
C23525T A23566G T23599G C23604A	S:H655Y S:A668A S:N679K S:P681H	58	34870	0.001663	23487	23642
A24424T C24536-AA	S:Q954H NA	58	31221	0.001858	24417	24564
A23594G T23599G C23604A	S:T678A S:N679K S:P681H	58	59742	0.000971	23580	23642
A24424T C24466+A	S:Q954H NA	57	31817	0.001791	24420	24475
A21979-T G21987A T21990-TTA A21999-CAA	NA S:G142D S:DEL144 S:DEL147	57	8597	0.00663	21847	22024
T25268C	S:C1236R	56	29816	0.001878	25251	25309
T24643+A	NA	56	19538	0.002866	24612	24658
G23835-T C23854A	NA S:N764K	56	12341	0.004538	23794	23881
C25416T C25546+T	ORF3a:F8F NA	56	8326	0.006726	25372	25555
C23525T T23590C T23599G C23604A	S:H655Y S:T676T S:N679K S:P681H	56	34870	0.001606	23487	23624
C23525T T23563C T23599G C23604A	S:H655Y S:G667G S:N679K S:P681H	56	34870	0.001606	23499	23637
T23599G C23604A T23633C	S:N679K S:P681H S:S691P	55	59137	0.00093	23581	23673
C25517-T	NA	55	9488	0.005797	25381	25527
A24424T T24438+A T24469A	S:Q954H NA S:N969Q	55	31797	0.00173	24413	24483
T25191-A C25262-TT	NA NA	54	20774	0.002599	25133	25308
T23509C C23525T T23599G C23604A	S:C649C S:H655Y S:N679K S:P681H	54	34777	0.001553	23487	23642
C23525T A23588G T23599G C23604A	S:H655Y S:T676A S:N679K S:P681H	54	34870	0.001549	23498	23618
C22664A C22674T T22679C	S:L368I S:S371F S:S373P	54	1470	0.036735	22646	22684
A24253-T A24324-AT	NA NA	54	7054	0.007655	24229	24335
A22798+G G22813T T22882G G22895C T22896C G22898A	NA S:K417N S:N440Q S:V445P S:V445P S:G446R	54	16143	0.003345	22793	22906
T23599G C23604A T23641-G	S:N679K S:P681H NA	53	58349	0.000908	23581	23682
T22896C G22898A T22942G	S:V445A S:G446S S:N460K	53	13068	0.004056	22886	22967
G25177+A	NA	53	25074	0.002114	25170	25210
G22813T T22882G T22896C G22898A A22914-C T22942G	S:K417N S:N440K S:V445A S:G446S NA S:N460K	53	11677	0.004539	22809	22944
C24503-T	NA	53	48430	0.001094	24493	24514
G22487-A G22577C G22578A	NA S:G339H S:G339H	52	615	0.084553	22451	22581
A23403G G23417T	S:D614G S:E619*	52	24069	0.00216	23387	23432
A21875+T	NA	52	11116	0.004678	21847	21887
T25265C	S:C1235R	51	29743	0.001715	25251	25320
T23599G C23604A A23639-T	S:N679K S:P681H NA	51	58473	0.000872	23588	23642
G22104-A C22109G T22200A G22317T	NA S:Q183E S:V213E S:G252V	51	4715	0.010817	22100	22319
C23525T T23599G T23602C C23604A	S:H655Y S:N679K S:S680S S:P681H	51	34870	0.001463	23487	23642
A23013C T23019C T23031C A23055G A23063T T23075C	S:E484A S:F486S S:F490S S:Q498R S:N501Y S:Y505H	51	1673	0.030484	23008	23106
T25263C	S:L1234P	50	29688	0.001684	25254	25269
T23394C A23403G	S:L611P S:D614G	50	24170	0.002069	23382	23426
C25416T G25527+C	ORF3a:F8F NA	50	8782	0.005693	25372	25538
C23525T T23553C T23599G C23604A	S:H655Y S:I664T S:N679K S:P681H	50	34870	0.001434	23501	23629
C23525T T23546C T23599G C23604A	S:H655Y S:C662R S:N679K S:P681H	50	34870	0.001434	23487	23642
G25287-T	NA	49	30198	0.001623	25269	25324
G22813T T22882G G22895C T22896C G22898A A22924-T T22942G	S:K417N S:N440K S:V445P S:V445P S:G446S NA S:N460K	49	11677	0.004196	22793	22949
C24466+A	NA	49	44763	0.001095	24465	24475
A24110-T C24150+T	NA NA	49	3685	0.013297	24021	24160
A23013C T23018C T23019C T23031C A23055G T23075C	S:E484A S:F486P S:F486P S:F490S S:Q498R S:Y505H	49	1673	0.029289	23008	23080
A22798+G G22813T T22882G	NA S:K417N S:N440Q	49	19378	0.002529	22793	22888
T25171-G	NA	48	24888	0.001929	25157	25210
G22813T A22845-T T22882G G22895C T22896C G22898A T22942G	S:K417N NA S:N440K S:V445P S:V445P S:G446S S:N460K	48	11677	0.004111	22793	22949
C25262-T G25364-T	NA NA	48	4410	0.010884	25251	25373
C23816-T	NA	48	12780	0.003756	23779	23828
C23525T T23584C T23599G C23604A	S:H655Y S:Y674Y S:N679K S:P681H	48	34870	0.001377	23502	23637
C23525T T23542C T23599G C23604A	S:H655Y S:Y660Y S:N679K S:P681H	48	34870	0.001377	23520	23637
C23525T A23586G T23599G C23604A	S:H655Y S:Q675R S:N679K S:P681H	48	34870	0.001377	23492	23624
C23525T A23544G T23599G C23604A	S:H655Y S:E661G S:N679K S:P681H	48	34870	0.001377	23488	23620
A24885-T C24981-T C25000T	NA NA S:D1146D	48	11216	0.00428	24850	25014
T25319C	S:C1253R	47	30540	0.001539	25300	25320
T25161C	S:L1200P	47	24781	0.001897	25145	25182
T23031C	S:F490S	47	2352	0.019983	23027	23047
G22809-A G22813T T22882G	NA S:K417N S:N440K	47	19741	0.002381	22793	22887
G21987A A21999-C	S:G142D NA	47	8597	0.005467	21972	22012
C23525T T23599G C23604A A23636G	S:H655Y S:N679K S:P681H S:I692V	47	34205	0.001374	23487	23642
A25256-T	NA	47	29480	0.001594	25251	25322
A24424T A24525G	S:Q954H S:E988G	47	31321	0.001501	24413	24564
T24643-A	NA	46	19538	0.002354	24620	24656
T23599G T23602C C23604A	S:N679K S:S680S S:P681H	46	59761	0.00077	23580	23642
T23488C C23525T T23599G C23604A	Unknown S:H655Y S:N679K S:P681H	46	34000	0.001353	23487	23629
T23487C C23525T T23599G C23604A	Unknown S:H655Y S:N679K S:P681H	46	20806	0.002211	23486	23637
A25397-T	NA	46	17570	0.002618	25381	25407
A24424T T24469A A24531G	S:Q954H S:N969K S:E990G	46	31278	0.001471	24412	24561
A24424T C24429T	S:Q954H S:A956V	46	32257	0.001426	24418	24444
T25310C	S:C1250R	45	30615	0.00147	25297	25323
T23637-C	NA	45	60095	0.000749	23629	23642
T21877C	S:I105I	45	11133	0.004042	21847	21880
G23835+T	NA	45	12650	0.003557	23824	23850
C25546+T	NA	45	8326	0.005405	25372	25557
C23525T T23599G C23604A A23639-T	S:H655Y S:N679K S:P681H NA	45	33775	0.001332	23512	23642
C23525T T23599G C23604A A23631G	S:H655Y S:N679K S:P681H S:Q690R	45	34413	0.001308	23501	23637
C23525T C23533-A T23599G C23604A	S:H655Y NA S:N679K S:P681H	45	34870	0.001291	23493	23637
C23525T A23572G T23599G C23604A	S:H655Y S:I670M S:N679K S:P681H	45	34870	0.001291	23487	23642
C23525T A23539G T23599G C23604A	S:H655Y S:S659S S:N679K S:P681H	45	34870	0.001291	23501	23642
C22109G T22200A A22245-T G22317T	S:Q183E S:V213E NA S:G252V	45	4834	0.009309	22101	22319
A24803-T	NA	45	6745	0.006672	24790	24806
A24424T T24469A T24472-G C24536-A	S:Q954H S:N969K NA NA	45	31221	0.001441	24412	24564
A24424T C24435-T	S:Q954H NA	45	32206	0.001397	24412	24448
A23403G C23415-A	S:D614G NA	45	24124	0.001865	23296	23434
T24660+A	NA	44	19421	0.002266	24612	24671
T23521C C23525T T23599G C23604A	S:A653A S:H655Y S:N679K S:P681H	44	34864	0.001262	23499	23637
G23522-A C23525T T23599G C23604A	NA S:H655Y S:N679K S:P681H	44	34870	0.001262	23509	23633
C23525T A23534G T23599G C23604A	S:H655Y S:N658D S:N679K S:P681H	44	34870	0.001262	23501	23627
C22109G A22161-T T22200A G22317T	S:Q183E NA S:V213E S:G252V	44	4834	0.009102	22100	22319
A25295G	S:K1245E	44	30322	0.001451	25293	25325
T24910-A C25000T	NA S:D1146D	43	11372	0.003781	24901	25068
T23725G C23854A	S:S721R S:N764K	43	8914	0.004824	23692	23881
T23590C T23599G C23604A	S:T676T S:N679K S:P681H	43	59692	0.00072	23580	23642
G24971+T C24981-T C25000T	NA NA S:D1146S	43	11712	0.003671	24925	25010
G23417T	S:E619*	43	24554	0.001751	23335	23423
G22813T T22882G G22895C T22896C T22942G	S:K417N S:N440K S:V445P S:V445P S:N460K	43	11677	0.003682	22809	22947
C23525T T23599G T23600C C23604A	S:H655Y S:N679K S:S680P S:P681H	43	34870	0.001233	23490	23624
C23525T T23599G C23604A A23614G	S:H655Y S:N679K S:P681H S:A684A	43	34851	0.001234	23487	23624
C23525T G23576A T23599G C23604A	S:H655Y S:A672T S:N679K S:P681H	43	34870	0.001233	23493	23624
C23202T	S:T547I	43	7300	0.00589	23197	23205
A25274G	S:T1238A	43	29980	0.001434	25265	25325
A25182T	S:E1207V	43	25405	0.001693	25151	25230
A24922+T C24981-T C25000T	NA NA S:D1146S	43	11409	0.003769	24851	25010
A24885-T C25000T	NA S:D1146D	43	11216	0.003834	24870	25023
A24424T A24531G	S:Q954H S:E990G	43	31278	0.001375	24413	24559
A23558-T T23599G C23604A	NA S:N679K S:P681H	43	35194	0.001222	23514	23628
A23013C T23018C T23019C T23031C A23063T T23075C	S:E484A S:F486P S:F486P S:F490S S:N501Y S:Y505H	43	1673	0.025702	23008	23096
T25319A	S:C1253S	42	30540	0.001375	25296	25324
T23599G C23604A T23681C	S:N679K S:P681H S:Y707H	42	23885	0.001758	23580	23700
T23599G C23604A T23654C	S:N679K S:P681H S:S698P	42	24042	0.001747	23581	23658
T23599G C23604A G23624A	S:N679K S:P681H S:A688T	42	59652	0.000704	23591	23642
T23599G C23604A A23665G	S:N679K S:P681H S:A701A	42	23972	0.001752	23580	23701
T23596+A T23599G C23604A	NA S:N679* S:P681Y	42	59754	0.000703	23580	23630
T23296-C A23403G	NA S:D614G	42	12069	0.00348	23271	23443
G25278-T	NA	42	30074	0.001397	25267	25293
G24857A C25000T	S:G1099S S:D1146D	42	10987	0.003823	24850	25065
G22014-T	NA	42	10831	0.003878	22006	22025
C25416T G25429T	ORF3a:F8F ORF3a:V13L	42	16780	0.002503	25373	25511
C23525T T23599G C23604A T23626C	S:H655Y S:N679K S:P681H S:A688A	42	34532	0.001216	23493	23637
C23525T T23537C T23599G C23604A	S:H655Y S:S659P S:N679K S:P681H	42	34870	0.001204	23499	23641
C23525T A23532G T23599G C23604A	S:H655Y S:N657S S:N679K S:P681H	42	34870	0.001204	23488	23642
A25190+G	NA	42	25544	0.001644	25183	25232
A24885+T C24981-T C25000T	NA NA S:D1146S	42	11216	0.003745	24850	25008
A24424T A24537G	S:Q954H S:Q992R	42	31207	0.001346	24412	24540
A23503G C23525T T23599G C23604A	S:A647A S:H655Y S:N679K S:P681H	42	34622	0.001213	23487	23624
A23494G C23525T T23599G C23604A	S:Q644Q S:H655Y S:N679K S:P681H	42	34320	0.001224	23487	23642
T25148+A	NA	41	24258	0.00169	25141	25210
T23507C C23525T T23599G C23604A	S:C649R S:H655Y S:N679K S:P681H	41	34724	0.001181	23505	23624
T23031C A23055G A23063T T23075C	S:F490S S:Q498R S:N501Y S:Y505H	41	1926	0.021288	23025	23112
T22882G T22896C G22898A	S:N440K S:V445A S:G446S	41	18045	0.002272	22876	22912
G23364-A A23403G	NA S:D614G	41	23609	0.001737	23335	23443
A25420+T	NA	41	17004	0.002411	25381	25433
A24885-T	NA	41	14329	0.002861	24867	24903
A23013C T23018C T23019C T23031C	S:E484A S:F486P S:F486P S:F490S	41	2044	0.020059	23008	23037
A21875+T G21987A	NA S:G142E	41	8692	0.004717	21847	21991
G24611+A	NA	40	14401	0.002778	24480	24633
G22813T A22845-T T22882G	S:K417N NA S:N440K	40	19768	0.002023	22793	22886
C23525T A23598G T23599G C23604A	S:H655Y S:N679R S:N679R S:P681H	40	34870	0.001147	23487	23642
T25293C	S:L1244P	39	30297	0.001287	25277	25307
T23599G C23604A T23693C	S:N679K S:P681H S:S711P	39	23830	0.001637	23580	23724
T23599G C23604A A23631G	S:N679K S:P681H S:Q690R	39	59181	0.000659	23580	23642
G24521+T	NA	39	48298	0.000807	24476	24548
G23735+A	NA	39	10241	0.003808	23690	23748
G22813T T22882G G22895C T22896C G22898A G22927T T22928C T22942G	S:K417N S:N440K S:V445P S:V445P S:G446S S:L455F S:F456L S:N460K	39	11677	0.00334	22801	22944
G22813T C22858T T22882G G22895C T22896C G22898A	S:K417N S:C432C S:N440K S:V445P S:V445P S:G446S	39	16507	0.002363	22793	22906
C23525T T23560C T23599G C23604A	S:H655Y S:I666I S:N679K S:P681H	39	34870	0.001118	23509	23642
C23525T A23535G T23599G C23604A	S:H655Y S:N658S S:N679K S:P681H	39	34870	0.001118	23492	23637
A25195G	S:K1211K	39	25828	0.00151	25191	25210
A24479-T	NA	39	47848	0.000815	24476	24497
A23588G T23599G C23604A	S:T676A S:N679K S:P681H	39	59674	0.000654	23580	23642
A23013C T23018C T23019C T23031C A23055G	S:E484A S:F486P S:F486P S:F490S S:Q498R	39	1738	0.02244	23008	23058
A21875-T G21987A T21990-TTA C22000A	NA S:G142D S:DEL144 S:H146Q	39	6654	0.005861	21847	22019
T25251C	S:V1230A	38	24527	0.001549	25213	25325
T25191-A G25218-T	NA NA	38	20897	0.001818	25141	25325
T25152C	S:L1197P	38	24555	0.001548	25137	25177
T24866-G C25000T	NA S:D1146D	38	11125	0.003416	24850	25038
T23599G C23604A G23610A	S:N679K S:P681H S:R683Q	38	59728	0.000636	23580	23642
T23143-A C23230-A	NA NA	38	4715	0.008059	23089	23251
T22882G G22898A	S:N440K S:G446S	38	18045	0.002106	22877	22906
G25091+A	NA	38	4287	0.008864	25073	25210
G22895C T22896C G22898A T22942G	S:V445P S:V445P S:G446S S:N460K	38	13068	0.002908	22883	22966
C25416T A25472-T	ORF3a:F8F NA	38	15688	0.002422	25381	25477
C24672-A A24803-T	NA NA	38	4212	0.009022	24626	24806
C23525T T23599G C23604A A23623G	S:H655Y S:N679K S:P681H S:V687V	38	34828	0.001091	23487	23642
A24424T C24429T T24469A	S:Q954H S:A956V S:N969K	38	31797	0.001195	24412	24486
A24324-AT A24424T	NA S:Q954H	38	2644	0.014372	24229	24424
T24438+A	NA	37	32802	0.001128	24412	24449
T23599G C23604A T23629C	S:N679K S:P681H S:S689S	37	59257	0.000624	23580	23642
T23599G C23604A G23675-T	S:N679K S:P681H NA	37	23919	0.001547	23581	23699
T23599G C23604A A23690G	S:N679K S:P681H S:N710D	37	23852	0.001551	23581	23724
T23510C C23525T T23599G C23604A	S:L650L S:H655Y S:N679K S:P681H	37	34788	0.001064	23487	23642
T22882G T22896C T22942G	S:N440K S:V445A S:N460K	37	13032	0.002839	22876	22967
T22882G G22895C T22896C G22898A T22900-G	S:N440K S:V445P S:V445P S:G446S NA	37	18045	0.00205	22876	22914
G23519A C23525T T23599G C23604A	S:A653T S:H655Y S:N679K S:P681H	37	34847	0.001062	23498	23634
G22317T C22383+T	S:G252V NA	37	3934	0.009405	22306	22396
G21987A T21991-TA C22000A	S:G142D NA S:H146Q	37	8597	0.004304	21970	22037
C25416T C25433-TT G25437C	ORF3a:F8F NA ORF3a:L15F	37	16541	0.002237	25378	25493
C25000T A25045G	S:D1146D S:S1161S	37	15538	0.002381	24990	25068
C24119-A G24140-T	NA NA	37	4144	0.008929	24111	24156
C23854A C23887A A23888C G23948T	S:N764K S:D775E S:K776Q S:D796Y	37	1985	0.01864	23845	23978
C23525T T23578C T23599G C23604A	S:H655Y S:A672A S:N679K S:P681H	37	34870	0.001061	23487	23624
C23525T T23573C T23599G C23604A	S:H655Y S:C671R S:N679K S:P681H	37	34870	0.001061	23487	23637
C23188+T	NA	37	7342	0.005039	23089	23200
C22664A C22674T	S:L368I S:S371F	37	1506	0.024568	22645	22678
C21516+T C21618T T21632-TACCCCCTG	NA S:T19F S:DEL25/27	37	975	0.037949	21509	21664
A25472+T	NA	37	15688	0.002358	25382	25477
A24531G	S:E990G	37	48191	0.000768	24489	24564
T23599G C23604A T23658C	S:N679K S:P681H S:L699P	36	24005	0.0015	23580	23724
G25269A	S:C1236Y	36	29847	0.001206	25251	25325
C23525T T23599G C23604A T23637C	S:H655Y S:N679K S:P681H S:I692T	36	34163	0.001054	23487	23642
C23525T T23599G C23604A T23633C	S:H655Y S:N679K S:P681H S:S691P	36	34387	0.001047	23501	23637
C23525T T23599G C23604A G23616A	S:H655Y S:N679K S:P681H S:R685H	36	34846	0.001033	23487	23642
C23525T T23599G C23604A A23632G	S:H655Y S:N679K S:P681H S:Q690Q	36	34399	0.001047	23507	23634
C23334-T G23402-A	NA NA	36	12187	0.002954	23282	23413
A25154G	S:I1198V	36	24591	0.001464	25145	25169
A24423+T	NA	36	35320	0.001019	24415	24424
A24318-C	NA	36	8332	0.004321	24303	24333
A21999-C	NA	36	9507	0.003787	21960	22017
A21875-T G21987A T21990-TTA A21999-C	NA S:G142D S:DEL144 NA	36	6654	0.00541	21869	22015
T25307C	S:S1249P	35	30587	0.001144	25286	25324
T25304C	S:C1248R	35	30523	0.001147	25296	25325
T25283C	S:C1241R	35	30131	0.001162	25251	25325
T23075C	S:Y505H	35	2170	0.016129	23070	23096
T21976-C G21987A T21990-TTA C22000A	NA S:G142D S:DEL144 S:H146Q	35	8594	0.004073	21966	22058
G24971+T C25000T	NA S:D1146S	35	11712	0.002988	24857	25010
G24933-T	NA	35	14008	0.002499	24898	24943
G23331T	S:C590F	35	13162	0.002659	23269	23337
G21569-T C21618T T21632-TACCCCCTG	NA S:T19I S:DEL25/27	35	1516	0.023087	21554	21664
C25214+G	NA	35	23016	0.001521	25207	25325
C24981-T C25000T A25056-T	NA S:D1146D NA	35	10888	0.003215	24850	25065
C23525T T23599G C23604A A23618G	S:H655Y S:N679K S:P681H S:S686G	35	34844	0.001004	23487	23629
C23399+T	NA	35	25096	0.001395	23336	23407
C21978A G21987A T21990-TTA C22000A	S:P139Q S:G142D S:DEL144 S:H146Q	35	8597	0.004071	21960	22023
A24922-T C24981-T C25000T	NA NA S:D1146D	35	11409	0.003068	24858	25009
A24879G C25000T	S:Q1106R S:D1146D	35	11206	0.003123	24872	25069
A24424T G24521+T	S:Q954H NA	35	31352	0.001116	24412	24553
A23403G T23434-C C23525T	S:D614G NA S:H655Y	35	10362	0.003378	23398	23539
A21817-T T21877C	NA S:I105I	35	179	0.195531	21757	21911
T25322C	Unknown	34	30419	0.001118	25261	25323
T25312C	S:C1250C	34	30617	0.00111	25294	25325
T23850+A	NA	34	12730	0.002671	23790	23866
T23689-A	NA	34	36117	0.000941	23683	23704
T23500C C23525T T23599G C23604A	S:R646R S:H655Y S:N679K S:P681H	34	34464	0.000987	23487	23642
T23434-C C23525T	NA S:H655Y	34	10887	0.003123	23422	23539
T22882G G22898A T22942G	S:N440K S:G446S S:N460K	34	13032	0.002609	22876	22961
G23835-T	NA	34	12650	0.002688	23767	23850
G23768-T	NA	34	12980	0.002619	23767	23784
G23351-T A23403G C23525T	NA S:D614G S:H655Y	34	9665	0.003518	23342	23531
G23292A A23403G	S:R577H S:D614G	34	12058	0.00282	23285	23418
G22813T C22879T T22882G G22895C T22896C G22898A T22942G	S:K417N S:N439N S:N440K S:V445P S:V445P S:G446S S:N460K	34	11677	0.002912	22801	22958
C25416T C25504T	ORF3a:F8F ORF3a:Q38*	34	10145	0.003351	25374	25519
C23525T T23599G C23604A T23633+C	S:H655Y S:N679K S:P681H NA	34	34387	0.000989	23487	23637
C23525T T23599G C23604A T23622C	S:H655Y S:N679K S:P681H S:V687A	34	34833	0.000976	23487	23637
C23525T A23541G T23599G C23604A	S:H655Y S:Y660C S:N679K S:P681H	34	34870	0.000975	23516	23642
C23381+A	NA	34	25481	0.001334	23344	23389
A24922+T	NA	34	14082	0.002414	24852	24933
A24424T T24448C	S:Q954H S:L962L	34	32055	0.001061	24412	24544
A24424T A24468-T	S:Q954H NA	34	31804	0.001069	24413	24563
T25237C	S:I1225I	33	24342	0.001356	25233	25324
T25219C	S:G1219G	33	23616	0.001397	25136	25320
T24469A C24536-AA	S:N969K NA	33	43811	0.000753	24465	24564
T23491C C23525T T23599G C23604A	S:F643F S:H655Y S:N679K S:P681H	33	34099	0.000968	23487	23624
G25429T	ORF3a:V13L	33	16780	0.001967	25376	25446
G22813T T22831+A T22882G G22895C T22896C G22898A	S:K417N NA S:N440Q S:V445P S:V445P S:G446R	33	16507	0.001999	22801	22910
G22809-A G22813T	NA S:K417N	33	20541	0.001607	22793	22823
C24878-A	NA	33	14414	0.002289	24864	24888
C24668+A	NA	33	19311	0.001709	24612	24677
C23525T A23526G T23599G C23604A	S:H655C S:H655C S:N679K S:P681H	33	34870	0.000946	23487	23642
C22109G G22317T	S:Q183E S:G252V	33	4834	0.006827	22105	22319
A24661T	S:V1033V	33	19398	0.001701	24489	24679
A24424T C24503-T	S:Q954H NA	33	31513	0.001047	24412	24522
A23853-C	NA	33	12761	0.002586	23843	23870
A23515-G C23525T T23599G C23604A	NA S:H655Y S:N679K S:P681H	33	34819	0.000948	23493	23625
A23513G C23525T T23599G C23604A	S:I651V S:H655Y S:N679K S:P681H	33	34807	0.000948	23487	23642
A23497G C23525T T23599G C23604A	S:T645T S:H655Y S:N679K S:P681H	33	34353	0.000961	23493	23624
A23432+C	NA	33	23821	0.001385	23340	23439
T25399C C25416T	ORF3a:L3L ORF3a:F8F	32	17094	0.001872	25381	25477
T25301C	S:C1247R	32	30443	0.001051	25266	25325
T24534-G	NA	32	48150	0.000665	24517	24663
T24504C	S:L981P	32	48434	0.000661	24488	24564
T23599G C23604A T23652C	S:N679K S:P681H S:M697T	32	24055	0.00133	23580	23724
T23104C	S:S514S	32	7374	0.00434	23096	23168
G22992A C22995A A23013C T23018C T23019C T23031C	S:S477N S:T478K S:E484A S:F486P S:F486P S:F490S	32	275	0.116364	22986	23047
G22813T G22895C G22898A	S:K417N S:V445L S:G446S	32	16507	0.001939	22793	22906
C25466-T	NA	32	15834	0.002021	25382	25475
C25262-T G25299A	NA S:G1246D	32	29418	0.001088	25251	25314
C23525T T23582C T23599G C23604A	S:H655Y S:Y674H S:N679K S:P681H	32	34870	0.000918	23501	23624
C23525T T23581C T23599G C23604A	S:H655Y S:S673S S:N679K S:P681H	32	34870	0.000918	23487	23624
C23525T A23554G T23599G C23604A	S:H655Y S:I664M S:N679K S:P681H	32	34870	0.000918	23487	23642
C23367+A A23403G	NA S:D614G	32	23626	0.001354	23335	23416
A24677G	S:R1039G	32	19220	0.001665	24612	24679
A24610G	S:A1016A	32	14406	0.002221	24593	24676
A23263G	S:R567R	32	4809	0.006654	23256	23290
T25209C	S:I1216T	31	26864	0.001154	25197	25323
T23599G C23604A C23609T	S:N679K S:P681H S:R683W	31	59739	0.000519	23580	23724
T23599G C23604A A23704G	S:N679K S:P681H S:I714M	31	23639	0.001311	23580	23724
T23599G C23604A A23674G	S:N679K S:P681H S:S704S	31	23927	0.001296	23580	23724
G25218-T C25262-TT	NA NA	31	23403	0.001325	25131	25318
G25181+A	NA	31	25198	0.00123	25174	25290
G24992T C25000T	S:E1144* S:D1146D	31	16407	0.001889	24983	25066
G23345-T	NA	31	26103	0.001188	23285	23386
G22317T A22407+T	S:G252V NA	31	3559	0.00871	22246	22414
G22104-A C22109G C22120-A T22200A	NA S:Q183E NA S:V213E	31	6106	0.005077	22100	22205
G21987A T21990-TTA A21999-CAA	S:G142D S:DEL144 S:DEL147	31	8597	0.003606	21847	22021
C25163T	S:Q1201*	31	24793	0.00125	25153	25316
C25000T A25056-T	S:D1146D NA	31	15406	0.002012	24991	25065
C24455-A	NA	31	32771	0.000946	24428	24466
C23887A A23888C G23948T	S:D775E S:K776Q S:D796Y	31	2205	0.014059	23879	23974
C23525T T23596C T23599G C23604A	S:H655Y S:T678T S:N679K S:P681H	31	34870	0.000889	23501	23637
C23525T A23592G T23599G C23604A	S:H655Y S:Q677R S:N679K S:P681H	31	34870	0.000889	23500	23642
C22109G T22200A G22302+T G22317T	S:Q183E S:V213E NA S:G252L	31	4834	0.006413	22100	22319
A25137+T	NA	31	23703	0.001308	25130	25147
A23786+T	NA	31	12869	0.002409	23767	23799
A23583G T23599G C23604A	S:Y674C S:N679K S:P681H	31	59582	0.00052	23580	23624
A23515T C23525T T23599G C23604A	S:I651I S:H655Y S:N679K S:P681H	31	34819	0.00089	23501	23627
A23495G C23525T T23599G C23604A	S:T645A S:H655Y S:N679K S:P681H	31	34325	0.000903	23487	23624
A23403G T23482-A C23525T	S:D614G NA S:H655Y	31	10362	0.002992	23397	23532
A23055G A23063T T23075C	S:Q498R S:N501Y S:Y505H	31	2034	0.015241	23051	23121
A23013C T23018C T23019C T23031C A23055G A23063T	S:E484A S:F486P S:F486P S:F490S S:Q498R S:N501Y	31	1718	0.018044	23008	23098
A22101T C22109G	Unknown S:Q183E	31	6491	0.004776	22100	22129
T25382+A C25416T	NA ORF3a:F8L	30	16962	0.001769	25372	25480
T25291C	S:C1243C	30	30268	0.000991	25262	25320
T25236C	S:I1225T	30	24332	0.001233	25225	25325
T23599G C23604A T23698C	S:N679K S:P681H S:I712I	30	23800	0.001261	23580	23700
T23599G C23604A T23684C	S:N679K S:P681H S:S708P	30	23871	0.001257	23580	23724
T23599G C23604A A23636G	S:N679K S:P681H S:I692V	30	58933	0.000509	23580	23642
T22882G G22895C T22942G	S:N440K S:V445L S:N460K	30	13032	0.002302	22877	22946
G25527+C	NA	30	8782	0.003416	25381	25535
G25302-T C25416T	NA ORF3a:F8F	30	3733	0.008036	25286	25477
G25135+A	NA	30	23534	0.001275	25122	25144
G24124-T	NA	30	4643	0.006461	24021	24136
G23288T A23403G	S:V576F S:D614G	30	12045	0.002491	23282	23443
G22813T T22831+A T22882G	S:K417N NA S:N440Q	30	19768	0.001518	22793	22892
G22487-A	NA	30	973	0.030832	22478	22500
G22104-A C22109G T22200A	NA S:Q183E S:V213E	30	6106	0.004913	22100	22211
C25416T A25443G	ORF3a:F8F ORF3a:Q17Q	30	16382	0.001831	25381	25465
C25000T T25072-G	S:D1146D NA	30	4311	0.006959	24998	25082
C23887-A G23948T	NA S:D796Y	30	2205	0.013605	23767	23951
C23854A G23868-A	S:N764K NA	30	12518	0.002397	23850	23895
C23525T T23571C T23599G C23604A	S:H655Y S:I670T S:N679K S:P681H	30	34870	0.00086	23487	23633
C23399+T G23417+A C23525T	NA NA S:H655Y	30	10338	0.002902	23335	23539
C21978A G21987A T21990-TTA A21999-C	S:P139Q S:G142D S:DEL144 NA	30	8597	0.00349	21959	22058
A25503+C	NA	30	10194	0.002943	25372	25512
A24922+T C25000T	NA S:D1146S	30	11409	0.00263	24857	25003
A24661G	S:V1033V	30	19398	0.001547	24612	24676
A24424T T24436C T24469A	S:Q954H S:A958A S:N969K	30	31797	0.000943	24412	24556
A23523G C23525T T23599G C23604A	S:E654G S:H655Y S:N679K S:P681H	30	34870	0.00086	23487	23642
A21875-T A21979-T G21987A A21993-TTACC A21999C	NA NA S:G142D NA S:H146P	30	6654	0.004509	21847	22022
T25560C	ORF3a:F56F	29	8090	0.003585	25372	25566
T25232C	S:L1224L	29	24262	0.001195	25221	25324
T23599G C23604A T23620C	S:N679K S:P681H S:S686S	29	59691	0.000486	23580	23642
T23599G C23604A G23699A	S:N679K S:P681H S:A713T	29	23792	0.001219	23580	23700
T23599G C23604A A23702G	S:N679K S:P681H S:I714V	29	23663	0.001226	23580	23724
G24867A C25000T	S:W1102* S:D1146D	29	11127	0.002606	24850	25008
G23331T A23403G	S:C590F S:D614G	29	12175	0.002382	23288	23429
G22895C G22898A	S:V445L S:G446S	29	18087	0.001603	22886	22906
C25416T T25560C	ORF3a:F8F ORF3a:F56F	29	8090	0.003585	25372	25566
C25416T A25472+T	ORF3a:F8F NA	29	15688	0.001849	25381	25499
C25416T A25454G	ORF3a:F8F ORF3a:K21R	29	16100	0.001801	25381	25477
C25199T	S:P1213S	29	26002	0.001115	25190	25210
C23730T C23854A	S:T723I S:N764K	29	8946	0.003242	23688	23880
C23525T T23599G C23604A G23624A	S:H655Y S:N679K S:P681H S:A688T	29	34818	0.000833	23487	23634
C23525T T23599G C23604A A23627G	S:H655Y S:N679K S:P681H S:S689G	29	34506	0.00084	23487	23639
C23525T C23556T T23599G C23604A	S:H655Y S:P665L S:N679K S:P681H	29	34870	0.000832	23487	23637
C23367-A	NA	29	25843	0.001122	23336	23382
C23099-T	NA	29	7380	0.00393	23096	23114
C22802+A G22813T T22882G G22895C T22896C G22898A	NA S:K417N S:N440Q S:V445P S:V445P S:G446R	29	16348	0.001774	22793	22906
C22109G T22200A C22281+T G22317T	S:Q183E S:V213E NA S:G252L	29	4834	0.005999	22100	22319
C22109G A22161-T T22200A	S:Q183E NA S:V213E	29	6277	0.00462	22105	22222
A24424T T24470-TTG	S:Q954H S:DEL971	29	31758	0.000913	24412	24564
A24424T A24556+G	S:Q954H NA	29	30881	0.000939	24412	24564
A24253-T C24263-A	NA NA	29	8138	0.003564	24229	24278
A23712-T	NA	29	36000	0.000806	23690	23724
A23702G C23854A	S:I714V S:N764K	29	8837	0.003282	23683	23873
A23512G C23525T T23599G C23604A	S:L650L S:H655Y S:N679K S:P681H	29	34798	0.000833	23501	23624
T25280C	S:C1240R	28	30095	0.00093	25251	25324
T23599G C23604A A23668G	S:N679K S:P681H S:E702E	28	23956	0.001169	23580	23712
T23599G C23604A A23623G	S:N679K S:P681H S:V687V	28	59667	0.000469	23580	23642
T21990-TTA	S:DEL144	28	10476	0.002673	21959	22012
G22813T T22882G G22895C T22896C G22898A T22942G C22950-T	S:K417N S:N440K S:V445P S:V445P S:G446S S:N460K NA	28	11265	0.002486	22801	22966
C23525T T23599G C23604A C23615T	S:H655Y S:N679K S:P681H S:R685C	28	34848	0.000803	23508	23633
C23525T T23599G C23604A C23609T	S:H655Y S:N679K S:P681H S:R683W	28	34860	0.000803	23487	23624
C23525T T23569C T23599G C23604A	S:H655Y S:G669G S:N679K S:P681H	28	34870	0.000803	23487	23642
C23502T C23525T T23599G C23604A	S:A647V S:H655Y S:N679K S:P681H	28	34601	0.000809	23487	23624
A24885+T	NA	28	14329	0.001954	24868	24898
A24424T T24469A A24562G	S:Q954H S:N969K S:R1000R	28	30768	0.00091	24413	24564
A24424T C24455-A	S:Q954H NA	28	31971	0.000876	24412	24485
A24424T A24443G	S:Q954H S:T961A	28	32117	0.000872	24412	24564
A24325-T	NA	28	7661	0.003655	24249	24334
A24253-T A24424T	NA S:Q954H	28	2007	0.013951	24229	24424
A23848+T	NA	28	12728	0.0022	23767	23871
A23592G T23599G C23604A	S:Q677R S:N679K S:P681H	28	59709	0.000469	23580	23642
A23403G G23477T C23525T	S:D614G S:G639C S:H655Y	28	10362	0.002702	23381	23531
A21979-T G21987A T21990-TTA A21999-C	NA S:G142D S:DEL144 NA	28	8597	0.003257	21954	22017
T25309C	S:S1249S	27	30610	0.000882	25299	25325
T23599G C23604A C23709-A	S:N679K S:P681H NA	27	23524	0.001148	23580	23724
T23584C T23599G C23604A	S:Y674Y S:N679K S:P681H	27	59604	0.000453	23580	23642
T23490C C23525T T23599G C23604A	S:F643S S:H655Y S:N679K S:P681H	27	34085	0.000792	23486	23642
T21856+A	NA	27	11039	0.002446	21847	21877
G25172A	S:G1204R	27	24905	0.001084	25144	25325
G21987A T21991-TA A21999-C	S:G142D NA NA	27	8597	0.003141	21974	22058
C25416T A25503+C	ORF3a:F8F NA	27	10194	0.002649	25378	25516
C25276-A	NA	27	30028	0.000899	25256	25323
C25262-T A25420+T	NA NA	27	3497	0.007721	25251	25430
C23887A A23888C	S:D775E S:K776Q	27	12517	0.002157	23876	23894
C23887-A C23929-A	NA NA	27	2797	0.009653	23767	23942
C23709+A	NA	27	36100	0.000748	23683	23724
C23393+T	NA	27	25326	0.001066	23335	23413
C22120-A T22200A	NA S:V213E	27	6682	0.004041	22113	22213
A25374-T	NA	27	16867	0.001601	25372	25392
A25277G	S:S1239G	27	30059	0.000898	25263	25325
A25176G	S:K1205R	27	25074	0.001077	25132	25210
A25174G	S:G1204G	27	25019	0.001079	25160	25323
A24518G	S:K986E	27	48344	0.000558	24503	24537
A24468-T	NA	27	44827	0.000602	24465	24490
A24424T T24469A C24536-A A24538G	S:Q954H S:N969K NA S:Q992Q	27	31201	0.000865	24412	24564
A24424T T24437C	S:Q954H S:L959L	27	32174	0.000839	24412	24459
A24424T A24498G	S:Q954H S:D979G	27	31573	0.000855	24413	24564
A24424T A24454G T24469A	S:Q954H S:K964K S:N969K	27	31797	0.000849	24412	24554
A24110-T C24119-A G24140-T	NA NA NA	27	3724	0.00725	24021	24171
A23474+T C23525T	NA S:H655S	27	11121	0.002428	23449	23539
T25289C	S:C1243R	26	30234	0.00086	25250	25324
T24469A A24525G	S:N969K S:E988G	26	43995	0.000591	24465	24564
T23599G C23604A T23622C	S:N679K S:P681H S:V687A	26	59680	0.000436	23580	23642
T23599G C23604A A23670+T	S:N679K S:P681H NA	26	23951	0.001086	23581	23724
T23599G C23604A A23646G	S:N679K S:P681H S:Y695C	26	24099	0.001079	23580	23724
T22896C G22898A	S:V445A S:G446S	26	18087	0.001437	22884	22931
G22813T T22896C G22898A	S:K417N S:V445A S:G446S	26	16507	0.001575	22796	22944
G22599C C22664A C22674T T22679C	S:R346T S:L368I S:S371F S:S373P	26	1204	0.021595	22586	22684
G22577C G22578A G22599C C22664A	S:G339H S:G339H S:R346T S:L368I	26	1229	0.021155	22507	22665
G21969-T G21987A T21990-TTA A21999-C	NA S:G142D S:DEL144 NA	26	8443	0.003079	21951	22058
C24422-A	NA	26	35333	0.000736	24413	24437
C23525T A23597G T23599G C23604A	S:H655Y S:N679E S:N679E S:P681H	26	34870	0.000746	23499	23642
A25472-T	NA	26	15688	0.001657	25381	25477
A25327-T	NA	26	5166	0.005033	25265	25335
A25194G	S:K1211R	26	25781	0.001008	25175	25210
A24667G	S:G1035G	26	19326	0.001345	24612	24676
A24645G	S:K1028R	26	19540	0.001331	24620	24675
A24424T T24469A T24487C	S:Q954H S:N969K S:S975S	26	31640	0.000822	24412	24558
A24424T T24469A A24554G	S:Q954H S:N969K S:T998A	26	30981	0.000839	24412	24564
A24424T T24469A A24537G	S:Q954H S:N969K S:Q992R	26	31207	0.000833	24412	24564
A24424T T24469A A24532G	S:Q954H S:N969K S:E990E	26	31270	0.000831	24412	24556
A24253-T C24320-A	NA NA	26	7302	0.003561	24229	24332
A24253-T A24323-AAT	NA S:DEL922	26	7135	0.003644	24229	24337
A23403G T23500-G C23525T	S:D614G NA S:H655Y	26	10362	0.002509	23386	23539
A23403G A23432+C	S:D614G NA	26	23112	0.001125	23335	23439
A23295G A23403G	S:D578G S:D614G	26	12067	0.002155	23269	23443
A21979-T G21987A T21990-TTA A21999-CAA C22009-A	NA S:G142D S:DEL144 S:DEL147 NA	26	8595	0.003025	21847	22058
T25422C	ORF3a:I10I	25	16976	0.001473	25382	25477
T25221C	S:F1220S	25	23930	0.001045	25130	25248
T25191-A G25218-T C25262-T	NA NA NA	25	20774	0.001203	25146	25307
T23599G C23604A T23703C	S:N679K S:P681H S:I714T	25	23647	0.001057	23580	23724
T23599G C23604A T23676C	S:N679K S:P681H S:V705A	25	23915	0.001045	23580	23724
T23599G C23604A T23637C	S:N679K S:P681H S:I692T	25	58885	0.000425	23580	23642
T23599G C23604A A23691G	S:N679K S:P681H S:N710S	25	23845	0.001048	23580	23724
T23599G C23604A A23632G	S:N679K S:P681H S:Q690Q	25	59152	0.000423	23580	23642
T23599G C23604A A23618G	S:N679K S:P681H S:S686G	25	59703	0.000419	23580	23642
T22942G G22992A C22995A A23013C T23018C T23019C T23031C	S:N460K S:S477N S:T478K S:E484A S:F486P S:F486P S:F490S	25	168	0.14881	22936	23036
G24515-A	NA	25	48332	0.000517	24508	24564
G24486+T	NA	25	48319	0.000517	24476	24495
G24164-A	NA	25	8862	0.002821	24151	24188
G23948T G23955+T	S:D796Y NA	25	3426	0.007297	23941	23968
G23522-A C23525T	NA S:H655Y	25	47500	0.000526	23511	23539
G23508+T C23525T	NA S:H655S	25	47298	0.000529	23486	23539
G22813T T22882G G22895C T22896C G22898A G22936T T22942G	S:K417N S:N440K S:V445P S:V445P S:G446S S:K458N S:N460K	25	11677	0.002141	22800	22967
G22813T C22858T T22882G	S:K417N S:C432C S:N440K	25	19768	0.001265	22793	22889
G22104-A C22109G C22120-A	NA S:Q183E NA	25	6572	0.003804	22100	22137
C25416T A25438G	ORF3a:F8F ORF3a:K16E	25	16512	0.001514	25381	25477
C25132+A	NA	25	23353	0.001071	25122	25143
C24981-T C25000T T25021-A	NA S:D1146D NA	25	11269	0.002218	24850	25066
C24422-A A24425T	NA S:N955Y	25	35098	0.000712	24412	24437
C23854A G23903-T G23948T	S:N764K NA S:D796Y	25	1985	0.012594	23845	23978
C23525T T23599G T23602-C T23605A	S:H655Y S:N679K NA S:P681P	25	34860	0.000717	23487	23635
C23525T T23599G C23604A G23610A	S:H655Y S:N679K S:P681H S:R683Q	25	34854	0.000717	23487	23642
C23525T T23540C T23599G C23604A	S:H655Y S:Y660H S:N679K S:P681H	25	34870	0.000717	23499	23624
C23525T G23547A T23599G C23604A	S:H655Y S:C662Y S:N679K S:P681H	25	34870	0.000717	23493	23624
C23525T A23558G T23599G C23604A	S:H655Y S:I666V S:N679K S:P681H	25	34870	0.000717	23487	23624
C22281+T G22317T	NA S:G252L	25	13246	0.001887	22246	22325
C22109G C22120-A T22200A G22218-T	S:Q183E NA S:V213E NA	25	6159	0.004059	22105	22230
A25188G	S:Y1209C	25	25508	0.00098	25181	25325
A24966G C25000T	S:N1135S S:D1146D	25	11671	0.002142	24950	25061
A24525G	S:E988G	25	48250	0.000518	24519	24561
A24424T T24487C	S:Q954H S:S975S	25	31640	0.00079	24416	24564
A24424T T24469A A24516G	S:Q954H S:N969K S:D985G	25	31396	0.000796	24416	24564
A24424T T24437C T24469A	S:Q954H S:L959L S:N969K	25	31797	0.000786	24412	24564
A24110-T C24119-A G24124-T	NA NA NA	25	3858	0.00648	24021	24153
A23586G T23599G C23604A	S:Q675R S:N679K S:P681H	25	59639	0.000419	23580	23630
A21979-T G21987A A21993-TTACC A21999C G22022-A	NA S:G142D NA S:H146P NA	25	8339	0.002998	21847	22058
T25260C	S:M1233T	24	29559	0.000812	25249	25320
T23703-A	NA	24	36202	0.000663	23683	23715
T23599G C23604A T23659C	S:N679K S:P681H S:L699L	24	23999	0.001	23580	23701
T23599G C23604A A23688G	S:N679K S:P681H S:N709S	24	23859	0.001006	23580	23724
T23599G C23604A A23682G	S:N679K S:P681H S:Y707C	24	23883	0.001005	23581	23724
T23511C C23525T T23599G C23604A	S:L650S S:H655Y S:N679K S:P681H	24	34793	0.00069	23487	23642
T23487G C23525T T23599G C23604A	Unknown S:H655Y S:N679K S:P681H	24	20806	0.001154	23486	23630
T23394C	S:L611P	24	25285	0.000949	23335	23398
T23164-A C23230-A	NA NA	24	4796	0.005004	23089	23244
T22293-A G22317T	NA S:G252V	24	13391	0.001792	22266	22319
G23351-T C23525T	NA S:H655Y	24	9665	0.002483	23339	23539
G23292A	S:R577H	24	13570	0.001769	23282	23301
G22813T T22882G G22895C T22942G	S:K417N S:N440K S:V445L S:N460K	24	11677	0.002055	22793	22967
G22813T C22866T T22882G G22895C T22896C G22898A T22942G	S:K417N S:A435V S:N440K S:V445P S:V445P S:G446S S:N460K	24	11677	0.002055	22793	22962
G22289+T G22317T	NA S:G252L	24	13363	0.001796	22246	22319
G21969-T G21987A T21990-TTA C22000A	NA S:G142D S:DEL144 S:H146Q	24	8443	0.002843	21959	22058
C25416T G25429C	ORF3a:F8F ORF3a:V13L	24	16780	0.00143	25372	25497
C25275T	S:T1238I	24	30003	0.0008	25251	25325
C25262-T C25366-A	NA NA	24	4355	0.005511	25254	25379
C24784-T	NA	24	6987	0.003435	24777	24801
C24483+A	NA	24	48237	0.000498	24475	24503
C24064-A	NA	24	5653	0.004246	24023	24106
C23816-T C23887-A	NA NA	24	11494	0.002088	23790	23894
C23525T T23599G C23604A C23613T	S:H655Y S:N679K S:P681H S:A684V	24	34851	0.000689	23487	23637
C23123T	S:P521S	24	7336	0.003272	23114	23224
C22802+A G22813T T22882G G22895C T22896C G22898A T22942G	NA S:K417N S:N440Q S:V445P S:V445P S:G446R S:N460*	24	11534	0.002081	22793	22967
C21888-T	NA	24	11135	0.002155	21847	21908
A25408G C25416T	ORF3a:R6G ORF3a:F8F	24	17094	0.001404	25380	25441
A25206G	S:Y1215C	24	26466	0.000907	25179	25210
A24619G	S:R1019R	24	19530	0.001229	24612	24639
A24554G	S:T998A	24	47817	0.000502	24515	24564
A24424T T24469A A24508G	S:Q954H S:N969K S:S982S	24	31473	0.000763	24416	24564
A24424T C24517-A	S:Q954H NA	24	31395	0.000764	24413	24535
A24424T C24431+A	S:Q954H NA	24	32248	0.000744	24416	24441
A24424T A24518G	S:Q954H S:K986E	24	31392	0.000765	24412	24564
A23013C T23018C T23019C T23031C A23055G A23063T T23075C T23143-A	S:E484A S:F486P S:F486P S:F490S S:Q498R S:N501Y S:Y505H NA	24	1462	0.016416	23008	23157
A22101T C22109G T22200A	Unknown S:Q183E S:V213E	24	6029	0.003981	22100	22215
A21875-T G21987A	NA S:G142D	24	8692	0.002761	21867	21991
T25306C	S:C1248C	23	30557	0.000753	25216	25325
T25303C	S:C1247C	23	30475	0.000755	25264	25325
T25242C	S:I1227T	23	24401	0.000943	25219	25325
T25123+A	NA	23	22007	0.001045	25122	25210
T24469A T24504C	S:N969K S:L981P	23	44365	0.000518	24465	24564
T23599G C23604A T23640C	S:N679K S:P681H S:I693T	23	58418	0.000394	23580	23642
T23599G C23604A C23679T	S:N679K S:P681H S:A706V	23	23907	0.000962	23581	23700
T23599G C23604A C23630-A	S:N679K S:P681H NA	23	59251	0.000388	23590	23642
T23599G C23604A A23651G	S:N679K S:P681H S:M697V	23	24068	0.000956	23580	23724
T23599G C23604A A23614G	S:N679K S:P681H S:A684A	23	59716	0.000385	23580	23642
G25130A	S:A1190T	23	22706	0.001013	25124	25147
G24857A	S:G1099S	23	14285	0.00161	24852	24877
G22895C T22896C G22898A	S:V445P S:V445P S:G446S	23	18087	0.001272	22877	22914
G22813T T22942G	S:K417N S:N460K	23	11677	0.00197	22795	22967
C25416T C25498T	ORF3a:F8F ORF3a:P36S	23	10424	0.002206	25384	25528
C25239T	S:A1226V	23	24365	0.000944	25224	25325
C24899-A C24981-T C25000T	NA NA S:D1146D	23	11300	0.002035	24850	25016
C24422-A T24469A	NA S:N969K	23	31794	0.000723	24412	24490
C23758+A	NA	23	10144	0.002267	23709	23773
C23525T T23599G C23604A G23607A	S:H655Y S:N679K S:P681H S:R682Q	23	34860	0.00066	23487	23642
C23525T T23599G C23604A A23639G	S:H655Y S:N679K S:P681H S:I693V	23	33775	0.000681	23487	23642
C23525T C23565T T23599G C23604A	S:H655Y S:A668V S:N679K S:P681H	23	34870	0.00066	23487	23624
C23525T A23570G T23599G C23604A	S:H655Y S:I670V S:N679K S:P681H	23	34870	0.00066	23487	23642
C23492-A C23525T T23599G C23604A	NA S:H655Y S:N679K S:P681H	23	34117	0.000674	23488	23640
C23399+T G23486-T C23525T	NA NA S:H655S	23	10338	0.002225	23335	23539
C22109G C22120-A	S:Q183E NA	23	6749	0.003408	22105	22133
A25256+T C25262-T	NA NA	23	29450	0.000781	25251	25316
A25247G	S:M1229V	23	24463	0.00094	25218	25296
A24911-C C25000T	NA S:D1146D	23	11379	0.002021	24853	25048
A24775-GA	NA	23	6959	0.003305	24763	24791
A24562G	S:R1000R	23	47554	0.000484	24554	24564
A24424T T24548C	S:Q954H S:L996L	23	31079	0.00074	24413	24564
A24424T T24541C	S:Q954H S:I993I	23	31174	0.000738	24412	24564
A24424T T24506C	S:Q954H S:S982P	23	31498	0.00073	24412	24536
A24424T T24469A T24541C	S:Q954H S:N969K S:I993I	23	31174	0.000738	24412	24564
A24424T T24438+A G24488-T	S:Q954H NA NA	23	31634	0.000727	24412	24528
A24424T C24435-T G24488-T	S:Q954H NA NA	23	31634	0.000727	24412	24564
A24110-T G24140-T	NA NA	23	3724	0.006176	24021	24158
A23598G T23599G C23604A	S:N679R S:N679R S:P681H	23	59756	0.000385	23580	23641
A23370G A23403G	S:N603S S:D614G	23	23644	0.000973	23365	23434
A23321+T	NA	23	13266	0.001734	23306	23330
A22798+G G22813T T22882G G22895C G22898A	NA S:K417N S:N440Q S:V445R S:G446R	23	16143	0.001425	22793	22906
T25258C	S:I1232I	22	29529	0.000745	25227	25325
T25228C	S:A1222A	22	24186	0.00091	25217	25325
T24656C	S:C1032R	22	19464	0.00113	24612	24679
T23599G C23604A T23680A	S:N679K S:P681H S:A706A	22	23888	0.000921	23580	23724
T23391C A23403G	S:V610A S:D614G	22	24091	0.000913	23363	23443
G23782T C23854A	S:M740I S:N764K	22	11868	0.001854	23767	23895
G22813T T22882G G22895C T22896C G22898A T22930A	S:K417N S:N440K S:V445P S:V445P S:G446S S:F456L	22	13923	0.00158	22793	22933
G22809-A G22813T T22882G G22895C G22898A	NA S:K417N S:N440K S:V445L S:G446S	22	16482	0.001335	22793	22906
G22577C G22578A C22664A C22674T T22679C	S:G339H S:G339H S:L368I S:S371F S:S373P	22	1166	0.018868	22532	22685
C25262-T C25466-T	NA NA	22	2830	0.007774	25251	25477
C24119-A G24124-T	NA NA	22	4278	0.005143	24073	24138
C23525T C23575T T23599G C23604A	S:H655Y S:C671C S:N679K S:P681H	22	34870	0.000631	23499	23619
C23525T C23530T T23599G C23604A	S:H655Y S:V656V S:N679K S:P681H	22	34870	0.000631	23505	23642
C23367+A C23525T	NA S:H655S	22	9749	0.002257	23335	23539
C22802+A G22813T T22882G	NA S:K417N S:N440Q	22	19601	0.001122	22793	22888
C22109G C22120-A A22161-T T22200A G22317T	S:Q183E NA NA S:V213E S:G252V	22	4834	0.004551	22105	22319
A25175G	S:K1205E	22	25067	0.000878	25138	25189
A25133G	S:K1191E	22	23417	0.000939	25123	25152
A24911-C C24981-T C25000T	NA NA S:D1146D	22	11379	0.001933	24850	25046
A24604G	S:R1014R	22	14446	0.001523	24502	24676
A24479+T	NA	22	47848	0.00046	24474	24498
A24424T T24489C	S:Q954H S:V976A	22	31629	0.000696	24412	24564
A24424T T24469A A24518G	S:Q954H S:N969K S:K986E	22	31392	0.000701	24412	24564
A24424T T24469A A24500G	S:Q954H S:N969K S:I980V	22	31555	0.000697	24413	24517
A24424T T24451+A	S:Q954H NA	22	32012	0.000687	24413	24506
A24424T A24562G	S:Q954H S:R1000R	22	30768	0.000715	24415	24564
A23403G A23474G C23525T	S:D614G S:T638A S:H655Y	22	10362	0.002123	23385	23539
A23312+T	NA	22	13390	0.001643	23278	23325
T25224C	S:I1221T	21	24053	0.000873	25219	25325
T24910-A C24981-T C25000T	NA NA S:D1146D	21	11372	0.001847	24850	25033
T24660C	S:V1033A	21	19421	0.001081	24612	24667
T24514C	S:L984L	21	48349	0.000434	24473	24519
T24506C	S:S982P	21	48432	0.000434	24486	24533
T24469A T24492-A	S:N969K NA	21	44598	0.000471	24465	24564
T24469A A24604G	S:N969K S:R1014R	21	11171	0.00188	24465	24679
T24469A A24531G	S:N969K S:E990G	21	43905	0.000478	24465	24564
T23599G C23604G	S:N679K S:P681R	21	59761	0.000351	23588	23642
T23599G C23604A T23680C	S:N679K S:P681H S:A706A	21	23888	0.000879	23580	23724
T23599G C23604A G23612A	S:N679K S:P681H S:A684T	21	59723	0.000352	23580	23642
T23377+A	NA	21	25503	0.000823	23342	23386
T22807C G22813T T22882G G22895C T22896C G22898A T22942G	S:T415T S:K417N S:N440K S:V445P S:V445P S:G446S S:N460K	21	11601	0.00181	22801	22944
G24992-A C25000T	NA S:D1146D	21	16407	0.00128	24990	25069
G24488-T C24517-A	NA NA	21	47774	0.00044	24480	24534
G23885+A G23948T	NA S:D796*	21	2188	0.009598	23875	23978
G23501A C23525T T23599G C23604A	S:A647T S:H655Y S:N679K S:P681H	21	34479	0.000609	23487	23624
G22809A G22813T T22882G G22895C T22896C G22898A	S:G416E S:K417N S:N440K S:V445P S:V445P S:G446S	21	16482	0.001274	22793	22906
G22809-A G22813T T22882G G22895C T22896C G22898A T22942G	NA S:K417N S:N440K S:V445P S:V445P S:G446S S:N460K	21	11654	0.001802	22793	22966
C25433-TT G25437C	NA ORF3a:L15F	21	16541	0.00127	25377	25449
C25416T T25542C	ORF3a:F8F ORF3a:V50V	21	8364	0.002511	25378	25566
C25416T A25426G	ORF3a:F8F ORF3a:T12A	21	16856	0.001246	25381	25477
C25262-T T25371+A	NA NA	21	4287	0.004899	25251	25385
C25262-T C25324-A	NA NA	21	29004	0.000724	25260	25338
C25000T A25003-T	S:D1146D NA	21	16424	0.001279	24990	25023
C24672-A G24693-A	NA NA	21	4813	0.004363	24626	24712
C24263-A	NA	21	8240	0.002549	24229	24277
C24245-A	NA	21	8259	0.002543	24229	24255
C24026-T A24110-T	NA NA	21	3529	0.005951	24021	24120
C23525T T23599G C23604A G23612A	S:H655Y S:N679K S:P681H S:A684T	21	34852	0.000603	23487	23624
C23525T T23599G C23604A C23625T	S:H655Y S:N679K S:P681H S:A688V	21	34812	0.000603	23487	23642
C23334-T C23415-A	NA NA	21	12034	0.001745	23269	23429
C23334-T C23367-A	NA NA	21	12778	0.001643	23269	23387
A25410G C25416T	ORF3a:R6R ORF3a:F8F	21	17094	0.001229	25381	25477
A25185G	S:Q1208R	21	25461	0.000825	25178	25190
A25137-T	NA	21	23703	0.000886	25122	25155
A24779G	S:K1073E	21	6982	0.003008	24755	24806
A24652G	S:S1030S	21	19491	0.001077	24627	24676
A24424T T24450C T24469A	S:Q954H S:V963A S:N969K	21	31797	0.00066	24412	24564
A23497-C T23599G C23604A	NA S:N679K S:P681H	21	34353	0.000611	23487	23634
A23403G T23433C	S:D614G S:I624T	21	23078	0.00091	23277	23434
A23403G A23419G C23525T	S:D614G S:E619E S:H655Y	21	10362	0.002027	23392	23532
A23312+T A23403G	NA S:D614G	21	12162	0.001727	23269	23416
A23303G A23403G	S:T581A S:D614G	21	12148	0.001729	23296	23443
T25279C	S:S1239S	20	30088	0.000665	25259	25324
T25270C	S:C1236C	20	29879	0.000669	25251	25306
T25171+G	NA	20	24888	0.000804	25122	25183
T25128C	S:V1189A	20	22540	0.000887	25123	25181
T24469A T24472-G T24492-A	S:N969K NA NA	20	44598	0.000448	24465	24563
T24469A C24517-A	S:N969K NA	20	44137	0.000453	24465	24551
T23725G	S:S721R	20	35625	0.000561	23683	23729
T23599G C23604A T23633+C	S:N679K S:P681H NA	20	59137	0.000338	23581	23642
T23599G C23604A G23675+T	S:N679K S:P681H NA	20	23919	0.000836	23580	23703
T23599G C23604A G23607A	S:N679K S:P681H S:R682Q	20	59742	0.000335	23580	23642
T23599G C23604A A23656G	S:N679K S:P681H S:S698S	20	24032	0.000832	23580	23724
T23287C	S:A575A	20	18355	0.00109	23269	23290
T21991-TA C22000A	NA S:H146Q	20	8597	0.002326	21977	22058
G25284A	S:C1241Y	20	30148	0.000663	25278	25288
G24867A C24981-T C25000T	S:W1102* NA S:D1146D	20	11127	0.001797	24850	25010
G23835+T C23887-A	NA NA	20	11691	0.001711	23767	23895
G23768-T C23887-A	NA NA	20	11160	0.001792	23767	23895
G23505A C23525T T23599G C23604A	S:G648D S:H655Y S:N679K S:P681H	20	34651	0.000577	23487	23642
G23364-A C23525T	NA S:H655Y	20	9734	0.002055	23335	23539
G22317T A22330-G	S:G252V NA	20	4410	0.004535	22246	22341
G21508-A	NA	20	1285	0.015564	21451	21564
C25416T T25436C	ORF3a:F8F ORF3a:L15S	20	16569	0.001207	25381	25477
C25282T	S:C1240C	20	30127	0.000664	25251	25325
C25000T T25072-G C25100-A	S:D1146D NA NA	20	4132	0.00484	24990	25112
C25000T C25046T	S:D1146D S:P1162S	20	15523	0.001288	24992	25067
C24503-T C24672-A	NA NA	20	13757	0.001454	24476	24679
C23816-T C23854A	NA S:N764K	20	12141	0.001647	23740	23891
C23525T T23599G C23604A G23619A	S:H655Y S:N679K S:P681H S:S686N	20	34842	0.000574	23487	23629
C23525T T23559C T23599G C23604A	S:H655Y S:I666T S:N679K S:P681H	20	34870	0.000574	23499	23637
C23525T C23557-A T23599G C23604A	S:H655Y NA S:N679K S:P681H	20	34870	0.000574	23508	23634
C23525T C23551T T23599G C23604A	S:H655Y S:D663D S:N679K S:P681H	20	34870	0.000574	23487	23642
C23525T A23579G T23599G C23604A	S:H655Y S:S673G S:N679K S:P681H	20	34870	0.000574	23487	23642
C23498T C23525T T23599G C23604A	S:R646C S:H655Y S:N679K S:P681H	20	34364	0.000582	23487	23624
C23399-A A23403G C23525T	NA S:D614G S:H655Y	20	10338	0.001935	23383	23533
C23103-T T23143-A T23164-A C23230-A	NA NA NA NA	20	4612	0.004337	23089	23242
A24922-T	NA	20	14082	0.00142	24857	24934
A24679G	S:R1039R	20	18928	0.001057	24612	24679
A24676G	S:K1038K	20	19256	0.001039	24620	24679
A24675G	S:K1038R	20	19265	0.001038	24612	24679
A24673G	S:S1037S	20	19191	0.001042	24612	24676
A24641G	S:T1027A	20	19535	0.001024	24626	24646
A24493T	S:L977F	20	48468	0.000413	24489	24564
A24424T T24471-TG C24536-A	S:Q954H NA NA	20	31221	0.000641	24412	24564
A24424T T24469G	S:Q954H S:N969K	20	31797	0.000629	24412	24533
A24424T T24469A T24548C	S:Q954H S:N969K S:L996L	20	31079	0.000644	24412	24564
A24424T T24469A T24475C	S:Q954H S:N969K S:G971G	20	31745	0.00063	24412	24564
A24424T T24469A A24538G	S:Q954H S:N969K S:Q992Q	20	31201	0.000641	24412	24564
A24424T T24447C T24469A	S:Q954H S:L962P S:N969K	20	31797	0.000629	24413	24564
A24424T G24488-T C24517-A	S:Q954H NA NA	20	31395	0.000637	24413	24564
A24424T A24457G	S:Q954H S:Q965Q	20	31921	0.000627	24418	24558
A24424T A24443G T24469A	S:Q954H S:T961A S:N969K	20	31797	0.000629	24412	24564
A24424T A24432G T24469A	S:Q954H S:Q957R S:N969K	20	31797	0.000629	24418	24564
A24423+T T24469A	NA S:N969Q	20	31794	0.000629	24412	24564
A23800G C23854A	S:S746S S:N764K	20	12033	0.001662	23747	23895
A23597G T23599G C23604A	S:N679E S:N679E S:P681H	20	59756	0.000335	23580	23624
A23403G G23486-T	S:D614G NA	20	10514	0.001902	23378	23539
A21979-T G21987A T21990-TTA	NA S:G142D S:DEL144	20	10476	0.001909	21870	22024
A21979-T G21987A A21993-TTACC A21999C C22009-A	NA S:G142D NA S:H146P NA	20	8595	0.002327	21847	22031
A21958-T G21987A T21990-TTA A21999-C	NA S:G142D S:DEL144 NA	20	7955	0.002514	21949	22058
T25414C C25416T	ORF3a:F8L ORF3a:F8L	19	17094	0.001112	25381	25477
T25245C	S:V1228A	19	24437	0.000778	25207	25314
T25245-A	NA	19	24437	0.000778	25225	25324
T25215C	S:L1218P	19	23214	0.000818	25159	25316
T25180C	S:Y1206Y	19	25186	0.000754	25159	25200
T25159C	S:D1199D	19	24728	0.000768	25141	25314
T24866-G C24981-T C25000T	NA NA S:D1146D	19	11125	0.001708	24850	25030
T24417C A24424T T24469A	S:V952A S:Q954H S:N969K	19	31713	0.000599	24412	24554
T24327C	S:L922S	19	6256	0.003037	24290	24332
T23599G T23602-C T23605A	S:N679K NA S:P681P	19	59743	0.000318	23581	23642
T23599G C23604A C23615T	S:N679K S:P681H S:R685C	19	59713	0.000318	23580	23642
T23599G C23604A A23696-T	S:N679K S:P681H NA	19	23810	0.000798	23580	23723
T23599G C23604A A23627G	S:N679K S:P681H S:S689G	19	59293	0.00032	23580	23724
T23596C T23599G C23604A	S:T678T S:N679K S:P681H	19	59754	0.000318	23580	23642
T23434-C	NA	19	23515	0.000808	23421	23443
T23375C A23403G	S:S605P S:D614G	19	23698	0.000802	23335	23432
T21991-TA A21999-C	NA NA	19	8597	0.00221	21968	22012
T21934-A T21990-TTA C22000A	NA S:DEL144 S:H146Q	19	7040	0.002699	21911	22058
G25305-T	NA	19	30542	0.000622	25282	25320
G23948T A23964-T	S:D796Y NA	19	3249	0.005848	23941	23978
G23508+T	NA	19	47625	0.000399	23492	23519
G23292A C23334-T	S:R577H NA	19	13017	0.00146	23273	23362
G22813T T22882G G22895C T22896C G22898A T22942G A22948-C	S:K417N S:N440K S:V445P S:V445P S:G446S S:N460K NA	19	11289	0.001683	22793	22966
G22577C G22578A G22599C	S:G339H S:G339H S:R346T	19	1282	0.014821	22522	22613
G22317T T22392-A	S:G252V NA	19	3799	0.005001	22256	22446
C25416T T25434C	ORF3a:F8F ORF3a:T14T	19	16610	0.001144	25381	25477
C25416T G25552T	ORF3a:F8F ORF3a:A54S	19	8298	0.00229	25372	25566
C25416T A25562+T	ORF3a:F8F NA	19	7981	0.002381	25381	25566
C25413+T	NA	19	17196	0.001105	25381	25427
C25131T	S:A1190V	19	23256	0.000817	25123	25178
C25100-A	NA	19	4298	0.004421	25009	25147
C25000T A25034G	S:D1146D S:N1158D	19	15725	0.001208	24990	25066
C24878-A C24981-T C25000T	NA NA S:D1146D	19	11202	0.001696	24850	25016
C24223T	S:T887T	19	4176	0.00455	24148	24279
C23991-A	NA	19	1675	0.011343	23970	24095
C23929-A	NA	19	3149	0.006034	23916	23941
C23525T T23599G C23604A C23606T	S:H655Y S:N679K S:P681H S:R682W	19	34860	0.000545	23487	23642
C23525T G23587A T23599G C23604A	S:H655Y S:Q675Q S:N679K S:P681H	19	34870	0.000545	23487	23624
C23334-T T23391C	NA S:V610A	19	12419	0.00153	23269	23443
C22290T T22291C	S:A243V S:A243V	19	13999	0.001357	22246	22446
C22120-A	NA	19	7197	0.00264	22111	22138
C21721T	S:D53D	19	80	0.2375	21597	21789
A25271G	S:M1237V	19	29901	0.000635	25251	25325
A25255G	S:T1231T	19	29462	0.000645	25251	25325
A25164G	S:Q1201R	19	24807	0.000766	25130	25210
A25158G	S:D1199G	19	24734	0.000768	25152	25210
A25136G	S:N1192D	19	23645	0.000804	25123	25200
A24520G	S:K986K	19	48334	0.000393	24506	24564
A24498G	S:D979G	19	48483	0.000392	24480	24554
A24424T T24552C	S:Q954H S:I997T	19	31033	0.000612	24421	24564
A24424T T24514C	S:Q954H S:L984L	19	31415	0.000605	24412	24564
A24424T A24538G	S:Q954H S:Q992Q	19	31201	0.000609	24412	24564
A24323-AAT	S:DEL922	19	8103	0.002345	24229	24337
A24265-AT G24268T A24424T	NA S:M902I S:Q954H	19	2103	0.009035	24253	24424
A23848+T C23887-A	NA NA	19	11982	0.001586	23767	23922
A23829G C23854A	S:Y756C S:N764K	19	12279	0.001547	23767	23895
A23753G C23854A	S:M731V S:N764K	19	9044	0.002101	23683	23895
A23403G T23434-C	S:D614G NA	19	22778	0.000834	23398	23443
A23403G A23474+T C23525T	S:D614G NA S:H655S	19	10362	0.001834	23397	23539
A23403G A23436G	S:D614G S:H625R	19	22706	0.000837	23270	23443
A23403G A23419G	S:D614G S:E619E	19	24008	0.000791	23379	23443
A23400T G23401A C23525T	S:Q613L S:Q613L S:H655Y	19	10362	0.001834	23335	23532
A22845-T T22882G	NA S:N440K	19	20261	0.000938	22817	22891
A22206-T G22317T	NA S:G252V	19	6325	0.003004	22194	22319
A21875-T A21979-T G21987A T21990-TTA A21999-CAA	NA NA S:G142D S:DEL144 S:DEL147	19	6654	0.002855	21847	22026
T25399C	ORF3a:L3L	18	17534	0.001027	25372	25456
T25148C	S:S1196P	18	24258	0.000742	25122	25186
T25129C	S:V1189V	18	22615	0.000796	25122	25210
T24660+A C24672-A	NA NA	18	19169	0.000939	24476	24679
T24625C	S:S1021S	18	19555	0.00092	24612	24676
T24529C	S:A989A	18	48211	0.000373	24484	24564
T24469A G24521+T	S:N969K NA	18	44066	0.000408	24465	24531
T23599G C23604A T23686C	S:N679K S:P681H S:S708S	18	23863	0.000754	23581	23705
T23599G C23604A T23672C	S:N679K S:P681H S:S704P	18	23934	0.000752	23580	23713
T23599G C23604A C23700T	S:N679K S:P681H S:A713V	18	23789	0.000757	23580	23708
T23599G C23604A A23648G	S:N679K S:P681H S:T696A	18	24084	0.000747	23580	23700
T23599G C23604A A23639G	S:N679K S:P681H S:I693V	18	58473	0.000308	23580	23724
T23582C T23599G C23604A	S:Y674H S:N679K S:P681H	18	59565	0.000302	23580	23642
T23338+G	NA	18	25986	0.000693	23335	23349
T23330C A23403G	S:C590R S:D614G	18	12175	0.001478	23285	23443
T22882G G22895C T22896C G22898A A22914-C T22942G	S:N440K S:V445P S:V445P S:G446S NA S:N460K	18	13032	0.001381	22874	22945
T22200A T22204-G G22317T	S:V213E NA S:G252V	18	6237	0.002886	22190	22319
T21934-A T21990-TTA A21999-C	NA S:DEL144 NA	18	7040	0.002557	21847	22058
G25494-A	NA	18	10617	0.001695	25375	25502
G23835-T C23887-A	NA NA	18	11691	0.00154	23767	23895
G23612A	S:A684T	18	60150	0.000299	23556	23642
G23505-C C23525T	NA S:H655Y	18	47183	0.000381	23498	23539
G23351-T	NA	18	26097	0.00069	23339	23367
G22813T T22882G T22896C	S:K417N S:N440K S:V445A	18	16516	0.00109	22797	22907
G22813T T22882G G22895C T22896C G22898A A22914-C	S:K417N S:N440K S:V445P S:V445P S:G446S NA	18	15651	0.00115	22793	22925
G22813T T22882G G22895C T22896C G22898A A22904G T22942G	S:K417N S:N440K S:V445P S:V445P S:G446S S:N448D S:N460K	18	11677	0.001541	22793	22949
G22813T G22898A	S:K417N S:G446S	18	16507	0.00109	22803	22906
G22813T C22879T T22882G T22896C G22898A T22942G	S:K417N S:N439N S:N440K S:V445A S:G446S S:N460K	18	11677	0.001541	22793	22967
G21881A	S:G107S	18	11132	0.001617	21847	21938
C25416T T25560C C25561A A25562T	ORF3a:F8F ORF3a:F56F ORF3a:Q57M ORF3a:Q57M	18	7981	0.002255	25372	25566
C25416T T25428C	ORF3a:F8F ORF3a:T12T	18	16810	0.001071	25381	25477
C25416T C25466-T	ORF3a:F8F NA	18	15834	0.001137	25372	25477
C25416T A25442G	ORF3a:F8F ORF3a:Q17R	18	16416	0.001096	25372	25477
C25267T	S:C1235C	18	29783	0.000604	25251	25291
C25262-T T25382+A	NA NA	18	4123	0.004366	25251	25413
C25000T T25036C	S:D1146D S:N1158N	18	15679	0.001148	24990	25069
C25000T T25021-A	S:D1146D NA	18	15948	0.001129	24990	25032
C25000T C25117T	S:D1146D S:R1185R	18	4052	0.004442	24990	25124
C25000T A25026-T	S:D1146D NA	18	15867	0.001134	24993	25042
C24981-T G24992T C25000T	NA S:E1144* S:D1146D	18	11812	0.001524	24867	25022
C24981-T C25000T A25026-T	NA S:D1146D NA	18	11197	0.001608	24850	25064
C24964-A C24981-T C25000T	NA NA S:D1146D	18	11658	0.001544	24850	25008
C24536-A C24672-A	NA NA	18	13879	0.001297	24481	24679
C23887-A G23903-T	NA NA	18	3007	0.005986	23767	23921
C23525T T23599G C23604A T23640C	S:H655Y S:N679K S:P681H S:I693T	18	33728	0.000534	23487	23642
C23525T T23599G C23604A T23637-C	S:H655Y S:N679K S:P681H NA	18	34163	0.000527	23503	23642
C23525T T23599G C23604A T23622+G	S:H655Y S:N679K S:P681H NA	18	34833	0.000517	23487	23642
C23525T C23585T T23599G C23604A	S:H655Y S:Q675* S:N679K S:P681H	18	34870	0.000516	23487	23641
C23525T C23577T T23599G C23604A	S:H655Y S:A672V S:N679K S:P681H	18	34870	0.000516	23487	23642
C23525T A23554-C T23599G C23604A	S:H655Y NA S:N679K S:P681H	18	34870	0.000516	23499	23641
C23306+T	NA	18	13462	0.001337	23270	23319
C22281+T	NA	18	14068	0.001279	22246	22298
A25246G	S:V1228V	18	24446	0.000736	25174	25261
A25241G	S:I1227V	18	24384	0.000738	25214	25325
A25216-G	NA	18	23311	0.000772	25209	25325
A25133C	S:K1191Q	18	23417	0.000769	25130	25175
A25125G	S:E1188G	18	22323	0.000806	25122	25262
A24479-T C24672-A	NA NA	18	13211	0.001363	24470	24679
A24424T T24469A T24552C	S:Q954H S:N969K S:I997T	18	31033	0.00058	24421	24564
A24424T T24469A T24511C	S:Q954H S:N969K S:R983R	18	31433	0.000573	24412	24564
A24424T T24469A T24504C	S:Q954H S:N969K S:L981P	18	31510	0.000571	24412	24564
A24424T T24469A A24543G	S:Q954H S:N969K S:D994G	18	31153	0.000578	24412	24563
A24424T T24469A A24498G	S:Q954H S:N969K S:D979G	18	31573	0.00057	24412	24564
A24253-T A24324-AT A24424T	NA NA S:Q954H	18	2007	0.008969	24229	24424
A24105+T	NA	18	5961	0.00302	24098	24112
A23688+G	NA	18	36090	0.000499	23683	23724
A23627-G	NA	18	60239	0.000299	23619	23642
A23403G A23495G C23525T	S:D614G S:T645A S:H655Y	18	10362	0.001737	23363	23532
A23013C T23019C T23031C A23055G A23063T	S:E484A S:F486S S:F490S S:Q498R S:N501Y	18	1718	0.010477	23008	23224
A21993-TTACC A21999C	NA S:H146P	18	8598	0.002094	21959	22017
T25382-A	NA	17	17760	0.000957	25372	25394
T25257C	S:I1232T	17	29509	0.000576	25221	25323
T25152-C	NA	17	24555	0.000692	25142	25210
T24643-A C24672-A A24684-T	NA NA NA	17	4959	0.003428	24612	24703
T24469A T24643+A	S:N969K NA	17	11041	0.00154	24465	24661
T24469A G24611+A	S:N969K NA	17	11146	0.001525	24465	24625
T24438+A T24469A	NA S:N969Q	17	32411	0.000525	24412	24564
T23850+A C23887-A	NA NA	17	12013	0.001415	23767	23895
T23830C C23854A	S:Y756Y S:N764K	17	12284	0.001384	23802	23895
T23742-A	NA	17	10206	0.001666	23683	23751
T23599G C23604A C23643T	S:N679K S:P681H S:A694V	17	58051	0.000293	23580	23724
T23511+A C23525T	NA S:H655S	17	47369	0.000359	23487	23531
T23293C A23403G	S:R577R S:D614G	17	12063	0.001409	23269	23443
T22896C T22942G	S:V445A S:N460K	17	13068	0.001301	22882	22954
T22200A A22206-T	S:V213E NA	17	7750	0.002194	22194	22310
G25401-T	NA	17	17469	0.000973	25378	25411
G25229A	S:G1223S	17	24206	0.000702	25213	25323
G25130-C	NA	17	22706	0.000749	25124	25166
G25130+T	NA	17	22706	0.000749	25123	25210
G24816-A	NA	17	1560	0.010897	24733	24822
G24611+A C24672-A	NA NA	17	13975	0.001216	24476	24679
G24285-T A24424T	NA S:Q954H	17	2404	0.007072	24278	24424
G23804-A C23854A	NA S:N764K	17	12072	0.001408	23787	23895
G23516A C23525T T23599G C23604A	S:G652R S:H655Y S:N679K S:P681H	17	34830	0.000488	23487	23642
G22813T T22882G G22895C T22896C G22898A T22900-G T22942G	S:K417N S:N440K S:V445P S:V445P S:G446S NA S:N460K	17	11677	0.001456	22793	22958
G22813T G22898A T22942G	S:K417N S:G446S S:N460K	17	11677	0.001456	22795	22964
G22813T A22845-T T22882G G22895C G22898A	S:K417N NA S:N440K S:V445L S:G446S	17	16507	0.00103	22793	22908
G22813T A22845-T	S:K417N NA	17	20134	0.000844	22793	22860
G22809A G22813T T22882G G22895C T22896C G22898A T22942G	S:G416E S:K417N S:N440K S:V445P S:V445P S:G446S S:N460K	17	11654	0.001459	22793	22949
G22299-A G22317T	NA S:G252V	17	13433	0.001266	22291	22319
G22244+T G22317T	NA S:G252L	17	7740	0.002196	22236	22319
G22104-A C22109G C22120-A T22200A G22218-T	NA S:Q183E NA S:V213E NA	17	5993	0.002837	22100	22232
C25321T	S:C1253C	17	30524	0.000557	25310	25324
C25262-T C25357+A	NA NA	17	4496	0.003781	25251	25368
C25262-T A25295G	NA S:K1245E	17	29439	0.000577	25130	25321
C24672T A24673C	S:S1037F S:S1037F	17	19180	0.000886	24612	24679
C24672-A A24684-T G24693-A	NA NA NA	17	4813	0.003532	24612	24788
C24320-AA	NA	17	8222	0.002068	24236	24337
C23638T	S:I692I	17	60091	0.000283	23627	23724
C23525T T23599G C23604A A23631T	S:H655Y S:N679K S:P681H S:Q690L	17	34413	0.000494	23487	23642
C23525T T23599G C23604A A23627-G	S:H655Y S:N679K S:P681H NA	17	34506	0.000493	23487	23637
C23525T G23574A T23599G C23604A	S:H655Y S:C671Y S:N679K S:P681H	17	34870	0.000488	23487	23637
C23525T G23568A T23599G C23604A	S:H655Y S:G669D S:N679K S:P681H	17	34870	0.000488	23487	23637
C23525T G23543A T23599G C23604A	S:H655Y S:E661K S:N679K S:P681H	17	34870	0.000488	23492	23642
C23525T C23536T T23599G C23604A	S:H655Y S:N658N S:N679K S:P681H	17	34870	0.000488	23487	23642
C22000A G22014-T	S:H146Q NA	17	9570	0.001776	21994	22058
A25216G	S:L1218L	17	23311	0.000729	25122	25264
A25147G	S:E1195E	17	24246	0.000701	25122	25190
A24780G	S:K1073R	17	6983	0.002434	24756	24806
A24617G	S:R1019G	17	19528	0.000871	24612	24672
A24516G	S:D985G	17	48319	0.000352	24499	24564
A24508G	S:S982S	17	48410	0.000351	24495	24564
A24500+T	NA	17	48488	0.000351	24477	24513
A24424T T24534C	S:Q954H S:V991A	17	31245	0.000544	24412	24564
A24424T T24499C	S:Q954H S:D979D	17	31571	0.000538	24412	24564
A24424T T24469A T24506C	S:Q954H S:N969K S:S982P	17	31498	0.00054	24412	24564
A24424T T24469A T24499C	S:Q954H S:N969K S:D979D	17	31571	0.000538	24412	24561
A24424T T24469A T24482C	S:Q954H S:N969K S:S974P	17	31689	0.000536	24412	24564
A24424T T24469A T24472C	S:Q954H S:N969K S:F970F	17	31756	0.000535	24412	24564
A24424T T24469A G24474A	S:Q954H S:N969K S:G971D	17	31751	0.000535	24412	24564
A24424T C24517+A	S:Q954H NA	17	31395	0.000541	24412	24564
A24424T A24520G	S:Q954H S:K986K	17	31377	0.000542	24412	24564
A24420G A24424T T24469A	S:N953S S:Q954H S:N969K	17	31779	0.000535	24412	24564
A24317G	S:N919D	17	8364	0.002033	24301	24324
A24253-T C24320-AA	NA NA	17	7302	0.002328	24229	24334
A24165G	S:E868G	17	8913	0.001907	24148	24191
A24110-T G24124-T	NA NA	17	3858	0.004406	24021	24137
A24014-T	NA	17	1738	0.009781	23981	24106
A23853-C C23855A	NA S:R765S	17	12675	0.001341	23843	23895
A23362G	S:P600P	17	25983	0.000654	23335	23375
A23310G A23403G	S:E583G S:D614G	17	12157	0.001398	23296	23443
A23193-T	NA	17	7318	0.002323	23186	23224
A23063T T23075C	S:N501Y S:Y505H	17	2065	0.008232	23057	23223
T25402C C25416T	ORF3a:F4L ORF3a:F8F	16	17094	0.000936	25372	25477
T25155C	S:I1198T	16	24647	0.000649	25130	25210
T25155-C	NA	16	24647	0.000649	25148	25179
T24866-G	NA	16	14426	0.001109	24850	24887
T24643+A C24672-A	NA NA	16	19121	0.000837	24612	24679
T24487C	S:S975S	16	48383	0.000331	24473	24563
T24469A T24660+A	S:N969K NA	16	10967	0.001459	24465	24678
T24469A T24472-G C24536-A	S:N969K NA NA	16	43811	0.000365	24465	24564
T24469A A24610G	S:N969K S:A1016A	16	11147	0.001435	24465	24679
T24417C A24424T	S:V952A S:Q954H	16	35183	0.000455	24412	24424
T24280+A	NA	16	8559	0.001869	24229	24296
T24115+A	NA	16	4409	0.003629	24107	24191
T23599G C23604A G23642A	S:N679K S:P681H S:A694T	16	58242	0.000275	23580	23724
T23599G C23604A C23613T	S:N679K S:P681H S:A684V	16	59721	0.000268	23580	23642
T23599G C23604A A23708G	S:N679K S:P681H S:T716A	16	23537	0.00068	23580	23724
T23599G C23604A A23669G	S:N679K S:P681H S:N703D	16	23954	0.000668	23580	23724
T23599G A23712-T	S:N679K NA	16	23445	0.000682	23581	23724
T23374C A23403G	S:T604T S:D614G	16	23687	0.000675	23335	23443
T23346C A23403G	S:V595A S:D614G	16	23490	0.000681	23335	23429
T23296-C	NA	16	13546	0.001181	23285	23313
T23031C A23063T T23075C	S:F490S S:N501Y S:Y505H	16	1926	0.008307	23024	23120
T22200A G22218-T G22317T	S:V213E NA S:G252V	16	6237	0.002565	22167	22319
T21864+A	NA	16	11062	0.001446	21847	21887
G25049-A	NA	16	15946	0.001003	25027	25065
G24693-A	NA	16	5307	0.003015	24630	24710
G23955+T	NA	16	3896	0.004107	23941	23968
G23518A C23525T T23599G C23604A	S:G652G S:H655Y S:N679K S:P681H	16	34846	0.000459	23487	23642
G23517A C23525T T23599G C23604A	S:G652E S:H655Y S:N679K S:P681H	16	34843	0.000459	23487	23624
G23505-C T23599G C23604A	NA S:N679K S:P681H	16	34651	0.000462	23499	23634
G22813T T22882G G22895C G22898A G22933+T	S:K417N S:N440K S:V445L S:G446S NA	16	13632	0.001174	22793	22941
G22813T G22859+T T22882G G22895C T22896C G22898A	S:K417N NA S:N440Q S:V445P S:V445P S:G446R	16	16507	0.000969	22799	22910
G22813T A22881G T22882G G22895C T22896C G22898A T22942G	S:K417N S:N440R S:N440R S:V445P S:V445P S:G446S S:N460K	16	11677	0.00137	22795	22961
G22317T G22410-A	S:G252V NA	16	3535	0.004526	22246	22446
G22317T C22383-T	S:G252V NA	16	3934	0.004067	22246	22397
G22289+T	NA	16	14030	0.00114	22266	22446
G22104-A C22109G	NA S:Q183E	16	6575	0.002433	22100	22125
G21987A A21993-TTACC A21999C G22022-A	S:G142D NA S:H146P NA	16	8339	0.001919	21847	22032
G21987A A21993-TT A21999-C	S:G142D NA NA	16	8597	0.001861	21949	22058
G21586+T	NA	16	1910	0.008377	21451	21594
C25498T	ORF3a:P36S	16	10424	0.001535	25375	25519
C25416T T25541C	ORF3a:F8F ORF3a:V50A	16	8369	0.001912	25378	25566
C25416T C25452-A	ORF3a:F8F NA	16	16133	0.000992	25381	25477
C25416T A25505G	ORF3a:F8F ORF3a:Q38R	16	10068	0.001589	25372	25514
C25416T A25449G	ORF3a:F8F ORF3a:E19E	16	16217	0.000987	25381	25467
C25416T A25448G	ORF3a:F8F ORF3a:E19G	16	16234	0.000986	25381	25486
C25262-T G25278-T	NA NA	16	29539	0.000542	25251	25296
C25207T	S:Y1215Y	16	26568	0.000602	25203	25266
C25184T	S:Q1208*	16	25445	0.000629	25161	25210
C25000T T25063C	S:D1146D S:G1167G	16	15273	0.001048	24990	25069
C25000T C25044T	S:D1146D S:S1161L	16	15564	0.001028	24990	25069
C24119-A C24150+T	NA NA	16	4104	0.003899	24021	24164
C23854A G23948T A23949-T	S:N764K S:D796Y NA	16	1906	0.008395	23767	23978
C23854A A23883G	S:N764K S:Q774R	16	12188	0.001313	23786	23895
C23854A A23870G	S:N764K S:I770V	16	12492	0.001281	23819	23895
C23604A C23638T	S:P681H S:I692I	16	58933	0.000271	23580	23700
C23525T T23599G C23604A G23608A	S:H655Y S:N679K S:P681H S:R682R	16	34860	0.000459	23487	23624
C23525T C23595T T23599G C23604A	S:H655Y S:T678I S:N679K S:P681H	16	34870	0.000459	23487	23642
C23525T C23533-A	S:H655Y NA	16	47289	0.000338	23487	23539
C23415-A	NA	16	24581	0.000651	23403	23426
C22109G A22161-T T22200A G22218-T G22317T	S:Q183E NA S:V213E NA S:G252V	16	4834	0.00331	22100	22319
A25243G	S:I1227M	16	24413	0.000655	25212	25325
A25235G	S:I1225V	16	24313	0.000658	25219	25323
A25179G	S:Y1206C	16	25160	0.000636	25165	25325
A25146G	S:E1195G	16	24250	0.00066	25135	25210
A24788G	S:T1076A	16	6988	0.00229	24724	24806
A24654G	S:E1031G	16	19481	0.000821	24612	24679
A24424T T24544C	S:Q954H S:D994D	16	31141	0.000514	24421	24554
A24424T T24529C	S:Q954H S:A989A	16	31293	0.000511	24412	24564
A24424T T24491-TA	S:Q954H NA	16	31623	0.000506	24412	24564
A24424T T24475C	S:Q954H S:G971G	16	31745	0.000504	24416	24482
A24424T T24469A T24549C	S:Q954H S:N969K S:L996S	16	31075	0.000515	24412	24564
A24424T T24469A G24521+T	S:Q954H S:N969K NA	16	31352	0.00051	24412	24547
A24424T T24469A A24556+G	S:Q954H S:N969K NA	16	30881	0.000518	24412	24564
A24424T T24469A A24551G	S:Q954H S:N969K S:I997V	16	31053	0.000515	24415	24564
A24424T T24448C T24469A	S:Q954H S:L962L S:N969K	16	31797	0.000503	24412	24564
A24424T T24436C	S:Q954H S:A958A	16	32183	0.000497	24412	24558
A24424T C24455-A G24488-T	S:Q954H NA NA	16	31634	0.000506	24412	24564
A24424T A24554G	S:Q954H S:T998A	16	30981	0.000516	24413	24564
A24424T A24454G	S:Q954H S:K964K	16	31979	0.0005	24412	24564
A24424T A24430G T24469A	S:Q954H S:A956A S:N969K	16	31797	0.000503	24412	24564
A24298G	S:T912T	16	8625	0.001855	24229	24309
A24287+T	NA	16	8611	0.001858	24229	24301
A23786+T C23887-A	NA NA	16	11245	0.001423	23690	23895
A23767+T C23854A	NA S:N764K	16	9076	0.001763	23748	23886
A23524G C23525T T23599G C23604A	S:E654E S:H655Y S:N679K S:P681H	16	34870	0.000459	23487	23642
A23403G T23411C	S:D614G S:C617R	16	24230	0.00066	23335	23443
A23403G T23406C	S:D614G S:V615A	16	24314	0.000658	23373	23419
A23403G A23440G	S:D614G S:A626A	16	22594	0.000708	23269	23443
A23400T C23525T	S:Q613L S:H655Y	16	10362	0.001544	23335	23539
A23013C T23019C T23031C A23063T T23075C	S:E484A S:F486S S:F490S S:N501Y S:Y505H	16	1673	0.009564	23008	23094
A21875-TT G21987A T21990-TTA A21999-C	NA S:G142D S:DEL144 NA	16	6654	0.002405	21847	22058
T25288C	S:S1242S	15	30209	0.000497	25280	25316
T25285C	S:C1241C	15	30166	0.000497	25258	25323
T25233C	S:L1224S	15	24277	0.000618	25128	25323
T25220C	S:F1220L	15	23892	0.000628	25154	25325
T25161C C25262-T	S:L1200P NA	15	19249	0.000779	25122	25314
T24756C	S:V1065A	15	6814	0.002201	24730	24791
T24658C	S:C1032C	15	19444	0.000771	24612	24679
T24511C	S:R983R	15	48374	0.00031	24474	24554
T24414C A24424T	S:V951A S:Q954H	15	34972	0.000429	24412	24424
T24141G	S:V860G	15	4675	0.003209	24120	24157
T24073-G	NA	15	5689	0.002637	24021	24107
T23956-G	NA	15	3911	0.003835	23949	23978
T23599G C23604A T23677C	S:N679K S:P681H S:V705V	15	23913	0.000627	23580	23724
T23599G C23604A T23671C	S:N679K S:P681H S:N703N	15	23943	0.000626	23580	23723
T23599G C23604A T23650C	S:N679K S:P681H S:T696T	15	24076	0.000623	23580	23724
T23599G C23604A T23645C	S:N679K S:P681H S:Y695H	15	24115	0.000622	23580	23724
T23599G C23604A T23626C	S:N679K S:P681H S:A688A	15	59337	0.000253	23580	23642
T23599G C23604A G23653A	S:N679K S:P681H S:M697I	15	24047	0.000624	23580	23700
T23599G C23603+A C23604G	S:N679K NA S:P681S	15	59761	0.000251	23584	23642
T23355-A	NA	15	26099	0.000575	23335	23365
T23344C	S:G594G	15	26098	0.000575	23335	23359
T23287C A23403G	S:A575A S:D614G	15	12044	0.001245	23285	23429
T23178C	S:V539A	15	7317	0.00205	23154	23224
G25477-T	NA	15	15586	0.000962	25381	25485
G24992-A	NA	15	16516	0.000908	24978	25069
G24868-T C24981-T C25000T	NA NA S:D1146D	15	11149	0.001345	24860	25017
G24488-T C24503-T	NA NA	15	48078	0.000312	24480	24513
G22992A C22995A A23013C T23019C T23031C	S:S477N S:T478K S:E484A S:F486S S:F490S	15	275	0.054545	22982	23042
G22898A T22942G	S:G446S S:N460K	15	13073	0.001147	22883	22966
G22813T T22896C T22942G	S:K417N S:V445A S:N460K	15	11677	0.001285	22804	22953
G22813T T22882G G22895C T22896C G22898A A22924-T	S:K417N S:N440K S:V445P S:V445P S:G446S NA	15	14421	0.00104	22793	22933
G22813T C22858T T22882G G22895C G22898A	S:K417N S:C432C S:N440K S:V445L S:G446S	15	16507	0.000909	22793	22909
G22577C G22578A C22664A C22674T	S:G339H S:G339H S:L368I S:S371F	15	1201	0.01249	22570	22676
G22487-A C22502-A G22577C G22578A	NA NA S:G339H S:G339H	15	615	0.02439	22369	22581
G22104-A C22109G C22120-A A22161-T T22200A G22218-T G22317T	NA S:Q183E NA NA S:V213E NA S:G252V	15	4715	0.003181	22100	22319
G22022-A	NA	15	10777	0.001392	22015	22057
G21987A G21989A T21990G T21991-TA C22000A	S:G142D S:V143S S:V143S NA S:H146Q	15	8597	0.001745	21970	22058
C25416T A25531-T	ORF3a:F8F NA	15	8564	0.001752	25380	25565
C25416T A25450G	ORF3a:F8F ORF3a:I20V	15	16202	0.000926	25381	25477
C25262-TT G25278-T	NA NA	15	29539	0.000508	25251	25297
C25262-T T25306C	NA S:C1248C	15	29378	0.000511	25251	25323
C25262-T T25293C	NA S:L1244P	15	29463	0.000509	25251	25324
C25254T	S:T1231I	15	29439	0.00051	25218	25325
C25227T	S:A1222V	15	24153	0.000621	25133	25325
C25000T A25035G	S:D1146D S:N1158S	15	15698	0.000956	24990	25069
C25000T A25014T	S:D1146D S:E1151V	15	16219	0.000925	24943	25017
C24672-AA	NA	15	19251	0.000779	24612	24679
C24435-T	NA	15	32790	0.000457	24428	24448
C24422-A A24425T T24469A	NA S:N955Y S:N969K	15	31794	0.000472	24412	24481
C23778+A	NA	15	12921	0.001161	23767	23795
C23709-A	NA	15	36100	0.000416	23686	23719
C23525T T23548A T23599G C23604A	S:H655Y S:C662* S:N679K S:P681H	15	34870	0.00043	23500	23637
C23525T G23580A T23599G C23604A	S:H655Y S:S673N S:N679K S:P681H	15	34870	0.00043	23493	23642
C23525T G23564A T23599G C23604A	S:H655Y S:A668T S:N679K S:P681H	15	34870	0.00043	23487	23625
C23334-T C23367+A	NA NA	15	12778	0.001174	23270	23438
C22290T T22291C G22317T	S:A243V S:A243V S:G252V	15	13370	0.001122	22249	22446
A25296-G	NA	15	30357	0.000494	25268	25314
A25286G	S:S1242G	15	30185	0.000497	25251	25325
A25193G	S:K1211E	15	25765	0.000582	25188	25325
A25142G	S:N1194D	15	24081	0.000623	25138	25154
A25056-T	NA	15	15873	0.000945	25041	25067
A24885+T C25000T	NA S:D1146S	15	11216	0.001337	24850	25009
A24424T T24469A T24529C	S:Q954H S:N969K S:A989A	15	31293	0.000479	24412	24564
A24424T T24469A T24496C	S:Q954H S:N969K S:N978N	15	31580	0.000475	24412	24564
A24424T T24469A C24503-T	S:Q954H S:N969K NA	15	31513	0.000476	24416	24564
A24424T T24469A C24477T	S:Q954H S:N969K S:A972V	15	31729	0.000473	24412	24564
A24424T T24469A A24560G	S:Q954H S:N969K S:R1000G	15	30804	0.000487	24412	24564
A24424T T24464C T24469A	S:Q954H S:S968P S:N969K	15	31797	0.000472	24412	24524
A24424T T24450C	S:Q954H S:V963A	15	32035	0.000468	24412	24482
A24424T G24428+A	S:Q954H NA	15	32260	0.000465	24412	24449
A24424T C24435-T T24469A	S:Q954H NA S:N969K	15	31797	0.000472	24412	24558
A24424T A24468-T T24470A	S:Q954H NA S:F970I	15	31758	0.000472	24412	24564
A24424T A24439G T24469A	S:Q954H S:L959L S:N969K	15	31797	0.000472	24412	24564
A24424T A24439G	S:Q954H S:L959L	15	32157	0.000466	24412	24446
A24167G	S:M869V	15	8913	0.001683	24163	24191
A23964-T	NA	15	3966	0.003782	23954	23978
A23712+T C23887-A	NA NA	15	8326	0.001802	23683	23895
A23598+G C23604A	NA S:P681Y	15	59756	0.000251	23580	23622
A23515+G T23599G C23604A	NA S:N679* S:P681Y	15	34819	0.000431	23486	23640
A23403G G23522-A C23525T	S:D614G NA S:H655Y	15	10362	0.001448	23396	23531
A23013C T23018C T23019C T23031C T23075C	S:E484A S:F486P S:F486P S:F490S S:Y505H	15	1673	0.008966	23008	23085
A21964-T	NA	15	12176	0.001232	21848	21980
T25202C	S:W1214R	14	26177	0.000535	25189	25210
T25189C	S:Y1209Y	14	25519	0.000549	25165	25214
T25187C	S:Y1209H	14	25524	0.000549	25172	25210
T24552C	S:I997T	14	47878	0.000292	24476	24564
T24548C	S:L996L	14	47946	0.000292	24480	24564
T24541C	S:I993I	14	48063	0.000291	24522	24564
T24504C C24672-A	S:L981P NA	14	13761	0.001017	24470	24679
T24492+A	NA	14	48511	0.000289	24470	24513
T24489C	S:V976A	14	48471	0.000289	24481	24564
T24475C	S:G971G	14	47501	0.000295	24470	24506
T24471-TG C24536-A	NA NA	14	45324	0.000309	24465	24564
T24469A T24643-A	S:N969K NA	14	11041	0.001268	24465	24661
T24469A C24517-A C24672-A	S:N969K NA NA	14	10817	0.001294	24465	24679
T24414C A24424T T24469A	S:V951A S:Q954H S:N969K	14	31509	0.000444	24412	24564
T23689+A	NA	14	36117	0.000388	23683	23708
T23599G C23604A G23619A	S:N679K S:P681H S:S686N	14	59698	0.000235	23580	23642
T23599G C23604A A23696G	S:N679K S:P681H S:I712V	14	23810	0.000588	23580	23700
T23350C	S:S596S	14	26102	0.000536	23335	23360
T23308C A23403G	S:L582L S:D614G	14	12153	0.001152	23285	23443
T23307C A23403G	S:L582P S:D614G	14	12152	0.001152	23269	23439
T22882G T22896C G22898A A22914-C T22942G	S:N440K S:V445A S:G446S NA S:N460K	14	13032	0.001074	22866	22967
T22291C G22317T	S:A243A S:G252V	14	13373	0.001047	22254	22319
G25323A	S:C1254Y	14	30401	0.000461	25251	25325
G25320A	S:C1253Y	14	30532	0.000459	25302	25325
G25313A	S:G1251R	14	30619	0.000457	25308	25325
G25238A	S:A1226T	14	24354	0.000575	25218	25325
G25218+T	NA	14	23526	0.000595	25145	25247
G25198A	S:W1212*	14	25949	0.00054	25190	25210
G25166-A	NA	14	24843	0.000564	25158	25210
G24933T C24981-T C25000T	S:G1124V NA S:D1146D	14	11445	0.001223	24925	25014
G24857A C24981-T C25000T	S:G1099S NA S:D1146D	14	10987	0.001274	24850	25015
G23508+T T23599G C23604A	NA S:N679* S:P681Y	14	34741	0.000403	23486	23629
G23504A C23525T T23599G C23604A	S:G648S S:H655Y S:N679K S:P681H	14	34631	0.000404	23487	23642
G23288T	S:V576F	14	18352	0.000763	23269	23304
G23090A	S:V510I	14	7322	0.001912	23089	23238
G22813T T22882G T22896C G22898A A22924-T T22942G	S:K417N S:N440K S:V445A S:G446S NA S:N460K	14	11677	0.001199	22793	22966
G22813T C22858T T22882G T22896C G22898A T22942G	S:K417N S:C432C S:N440K S:V445A S:G446S S:N460K	14	11677	0.001199	22795	22966
G21987A T21990-TTA C22000A G22014-T	S:G142D S:DEL144 S:H146Q NA	14	8563	0.001635	21962	22058
G21901-A	NA	14	11179	0.001252	21847	21912
C25416T G25540+T	ORF3a:F8F NA	14	8397	0.001667	25381	25555
C25416T G25507A	ORF3a:F8F ORF3a:A39T	14	9901	0.001414	25383	25539
C25416T C25433T	ORF3a:F8F ORF3a:T14I	14	16652	0.000841	25381	25485
C25416T A25439G	ORF3a:F8F ORF3a:K16R	14	16480	0.00085	25372	25477
C25184-A C25262-T	NA NA	14	20348	0.000688	25135	25325
C24981-T C25000T A25045G	NA S:D1146D S:S1161S	14	10962	0.001277	24850	25069
C24878+A	NA	14	14414	0.000971	24850	24890
C24431+A	NA	14	32756	0.000427	24412	24441
C24026-T C24119-A	NA NA	14	3381	0.004141	24021	24150
C23854A C23887-A G23948T	S:N764K NA S:D796Y	14	1985	0.007053	23803	23956
C23525T T23599G C23604A G23628A	S:H655Y S:N679K S:P681H S:S689N	14	34488	0.000406	23501	23634
C23525T T23599G C23604A C23630-A	S:H655Y S:N679K S:P681H NA	14	34475	0.000406	23490	23642
C23525T T23542-G T23599G C23604A	S:H655Y NA S:N679K S:P681H	14	34870	0.000401	23487	23641
C23525T G23528A T23599G C23604A	S:H655Y S:V656I S:N679K S:P681H	14	34870	0.000401	23487	23642
C23103-T T23143-A	NA NA	14	7104	0.001971	23089	23167
C22674T	S:S371F	14	1507	0.00929	22664	22678
C22109G T22200A A22206-T G22317T	S:Q183E S:V213E NA S:G252V	14	4834	0.002896	22101	22319
C22109G C22120-A A22161-T T22200A G22218-T G22317T	S:Q183E NA NA S:V213E NA S:G252V	14	4834	0.002896	22105	22319
C22109G C22120-A A22161-T T22200A	S:Q183E NA NA S:V213E	14	6277	0.00223	22101	22216
C22109G A22194G T22200A G22317T	S:Q183E S:N211S S:V213E S:G252V	14	4834	0.002896	22100	22319
A25454G	ORF3a:K21R	14	16100	0.00087	25372	25478
A25379G C25416T	S:T1273A ORF3a:F8F	14	16161	0.000866	25372	25477
A25374+T	NA	14	16867	0.00083	25372	25422
A25315G	S:G1251G	14	30612	0.000457	25233	25325
A25256+T	NA	14	29480	0.000475	25252	25321
A25235-T	NA	14	24313	0.000576	25219	25325
A25208+T	NA	14	26760	0.000523	25122	25210
A25182T C25262-T	S:E1207V NA	14	20268	0.000691	25137	25325
A25182G G25198-C	S:E1207G NA	14	25038	0.000559	25126	25325
A24956-T C25000T	NA S:D1146D	14	11569	0.00121	24856	25069
A24922-T C25000T	NA S:D1146D	14	11409	0.001227	24853	25065
A24551G	S:I997V	14	47905	0.000292	24521	24564
A24539+T	NA	14	48101	0.000291	24470	24564
A24468-T T24470A	NA S:F970I	14	44774	0.000313	24465	24524
A24424T T24496C	S:Q954H S:N978N	14	31580	0.000443	24413	24564
A24424T T24469A T24505C	S:Q954H S:N969K S:L981L	14	31504	0.000444	24412	24564
A24424T T24469A T24470C	S:Q954H S:N969K S:F970L	14	31758	0.000441	24412	24519
A24424T G24497+A	S:Q954H NA	14	31578	0.000443	24412	24505
A24424T G24488-T G24521+T	S:Q954H NA NA	14	31352	0.000447	24412	24564
A24424T G24488-T A24525G	S:Q954H NA S:E988G	14	31321	0.000447	24412	24564
A24424T C24536-A A24538G	S:Q954H NA S:Q992Q	14	31201	0.000449	24412	24564
A24424T A24556G	S:Q954H S:T998T	14	30881	0.000453	24412	24563
A24424T A24539+T	S:Q954H NA	14	31195	0.000449	24412	24554
A24424T A24516G	S:Q954H S:D985G	14	31396	0.000446	24412	24564
A24424T A24508G	S:Q954H S:S982S	14	31473	0.000445	24412	24564
A24424T A24433G T24469A	S:Q954H S:Q957Q S:N969K	14	31797	0.00044	24412	24564
A24424T A24432G	S:Q954H S:Q957R	14	32240	0.000434	24412	24444
A24424T A24426G T24469A	S:Q954H S:N955S S:N969K	14	31797	0.00044	24412	24564
A24423G A24424T	S:Q954R S:Q954R	14	35269	0.000397	24412	24424
A24253-T A24323-AAT A24424T	NA S:DEL922 S:Q954H	14	2007	0.006976	24229	24424
A24110-T C24119-A C24150+T	NA NA NA	14	3685	0.003799	24021	24191
A24005G	S:R815G	14	1710	0.008187	23974	24106
A23826G C23854A	S:Q755R S:N764K	14	12250	0.001143	23683	23895
A23786-T	NA	14	12869	0.001088	23767	23805
A23696-T	NA	14	36227	0.000386	23683	23711
A23403G G23417-A	S:D614G NA	14	24069	0.000582	23378	23443
A23378G A23403G	S:N606D S:D614G	14	23756	0.000589	23335	23443
A23357G	S:T599A	14	26083	0.000537	23335	23371
A23321G A23403G	S:I587V S:D614G	14	12167	0.001151	23296	23441
A23301G A23403G	S:Q580R S:D614G	14	12145	0.001153	23269	23443
A23013C T23018C T23031C A23055G	S:E484A S:F486L S:F490S S:Q498R	14	1738	0.008055	23008	23059
A23013C T23018C T23031C	S:E484A S:F486L S:F490S	14	2044	0.006849	23008	23047
A22412G	S:T284A	14	5227	0.002678	22401	22438
A21979-T G21987A A21993-TTACC A21999C G22037-T	NA S:G142D NA S:H146P NA	14	8138	0.00172	21847	22058
A21917-T G21987A T21990-TTA C22000A	NA S:G142D S:DEL144 S:H146Q	14	6937	0.002018	21867	22058
T25560C C25561A A25562T	ORF3a:F56F ORF3a:Q57M ORF3a:Q57M	13	7981	0.001629	25372	25566
T25415-C G25555-T	NA NA	13	8132	0.001599	25372	25566
T25356C C25416T	S:L1265P ORF3a:F8F	13	4038	0.003219	25300	25477
T25316C	S:S1252P	13	30599	0.000425	25209	25325
T25248C	S:M1229T	13	24474	0.000531	25209	25325
T25191-A G25218-T C25262-TT	NA NA NA	13	20774	0.000626	25122	25323
T25140+A	NA	13	23825	0.000546	25132	25194
T24739C	S:G1059G	13	6711	0.001937	24724	24806
T24544+A	NA	13	48027	0.000271	24470	24552
T24523C	S:V987V	13	48294	0.000269	24506	24564
T24115C	S:C851C	13	4409	0.002949	24039	24191
T23818C C23854A	S:L752L S:N764K	13	12168	0.001068	23737	23895
T23817C C23854A	S:L752P S:N764K	13	12146	0.00107	23683	23895
T23815C C23854A	S:N751N S:N764K	13	12134	0.001071	23791	23894
T23599G C23604A G23608A	S:N679K S:P681H S:R682R	13	59742	0.000218	23580	23642
T23599G C23604A C23707T	S:N679K S:P681H S:P715P	13	23565	0.000552	23580	23724
T23507C C23525T	S:C649R S:H655Y	13	47272	0.000275	23493	23530
T23482-A C23525T	NA S:H655Y	13	11203	0.00116	23415	23539
T23433C	S:I624T	13	23809	0.000546	23281	23443
T23389C A23403G	S:A609A S:D614G	13	24047	0.000541	23373	23443
T23375C	S:S605P	13	25552	0.000509	23335	23393
T23374C	S:T604T	13	25607	0.000508	23335	23399
T23350C C23525T	S:S596S S:H655Y	13	9662	0.001345	23335	23532
T23289C A23403G	S:V576A S:D614G	13	12057	0.001078	23269	23443
T23212C	S:G550G	13	7217	0.001801	23163	23224
T22942G G22992A C22995A A23013C T23019C T23031C	S:N460K S:S477N S:T478K S:E484A S:F486S S:F490S	13	168	0.077381	22938	23047
T22882G G22895C T22896C	S:N440K S:V445P S:V445P	13	18054	0.00072	22876	22907
T22882G G22895C G22898A T22900-G	S:N440K S:V445L S:G446S NA	13	18045	0.00072	22793	22914
T21886-A G21987A T21990-TTA A21999-C	NA S:G142D S:DEL144 NA	13	6715	0.001936	21847	22058
G25540+T	NA	13	8397	0.001548	25372	25566
G25302A	S:C1247Y	13	30463	0.000427	25251	25325
G25284-T	NA	13	30148	0.000431	25269	25325
G25281A	S:C1240Y	13	30111	0.000432	25251	25321
G25226A	S:A1222T	13	24121	0.000539	25208	25325
G25145C C25262-T	S:E1195Q NA	13	18531	0.000702	25122	25325
G24868-T	NA	13	14446	0.0009	24857	24878
G24867A	S:W1102*	13	14421	0.000901	24850	24874
G23948T A23949-T	S:D796Y NA	13	3561	0.003651	23941	23968
G22317T T22318C	S:G252V S:G252V	13	13439	0.000967	22291	22319
G22104-A C22109G C22120-A A22161-T T22200A G22317T	NA S:Q183E NA NA S:V213E S:G252V	13	4715	0.002757	22100	22319
G21987A T21991-TA	S:G142D NA	13	10476	0.001241	21970	22058
G21987A T21990-TTA A21999-C G22014-T	S:G142D S:DEL144 NA NA	13	8563	0.001518	21959	22058
G21987A A21993-TT C22000A	S:G142D NA S:H146Q	13	8597	0.001512	21969	22043
C25433T	ORF3a:T14I	13	16652	0.000781	25372	25451
C25416T G25477-T	ORF3a:F8F NA	13	15586	0.000834	25372	25491
C25416T A25453G	ORF3a:F8F ORF3a:K21E	13	16116	0.000807	25381	25477
C25416T A25420+T	ORF3a:F8F NA	13	17004	0.000765	25372	25436
C25324T	S:C1254C	13	30392	0.000428	25305	25325
C25292+G	NA	13	30280	0.000429	25285	25315
C25276T	S:T1238T	13	30028	0.000433	25242	25325
C25262-T G25361C	NA S:G1267R	13	4462	0.002913	25251	25372
C25262-T A25393+T	NA NA	13	3966	0.003278	25251	25406
C25169-T	NA	13	24854	0.000523	25145	25194
C25000T C25120+A	S:D1146D NA	13	4047	0.003212	24990	25140
C25000T A25105G	S:D1146D S:K1181K	13	4117	0.003158	24992	25113
C25000T A25035-T	S:D1146D NA	13	15698	0.000828	24990	25069
C24429T	S:A956V	13	32724	0.000397	24412	24564
C24358-A A24424T	NA S:Q954H	13	2861	0.004544	24342	24424
C24320-A A24424T	NA S:Q954H	13	2604	0.004992	24268	24424
C24245+A	NA	13	8259	0.001574	24229	24257
C23854A T23916+A G23948T	S:N764K NA S:D796*	13	1985	0.006549	23780	23978
C23854A G23885+A G23948T	S:N764K NA S:D796*	13	1985	0.006549	23845	23978
C23854A A23888G	S:N764K S:K776E	13	12081	0.001076	23743	23895
C23525T T23599G C23604A C23638T	S:H655Y S:N679K S:P681H S:I692I	13	34144	0.000381	23487	23642
C23525T T23596+A T23599G C23604A	S:H655Y NA S:N679* S:P681Y	13	34870	0.000373	23487	23637
C23525T G23562A T23599G C23604A	S:H655Y S:G667D S:N679K S:P681H	13	34870	0.000373	23513	23642
C23525T G23561A T23599G C23604A	S:H655Y S:G667S S:N679K S:P681H	13	34870	0.000373	23487	23642
C23525T C23557T T23599G C23604A	S:H655Y S:P665P S:N679K S:P681H	13	34870	0.000373	23493	23642
C23492+A	NA	13	46890	0.000277	23486	23507
C23334-T T23394C	NA S:L611P	13	12374	0.001051	23269	23443
C23230+A	NA	13	5052	0.002573	23089	23290
C23208+A	NA	13	7261	0.00179	23089	23244
C23103-T T23143-A T23164-A	NA NA NA	13	6924	0.001878	23089	23183
C22120-A T22200A G22317T	NA S:V213E S:G252V	13	5188	0.002506	22112	22319
A25397G C25416T	ORF3a:D2G ORF3a:F8F	13	17094	0.000761	25381	25440
A25381G C25416T	S:T1273T ORF3a:F8F	13	16206	0.000802	25372	25477
A25271-T	NA	13	29901	0.000435	25257	25320
A25259G	S:M1233V	13	29551	0.00044	25251	25278
A25256T C25262-T	S:I1232F NA	13	29450	0.000441	25122	25325
A25208-T	NA	13	26760	0.000486	25169	25210
A25165G	S:Q1201Q	13	24833	0.000523	25130	25200
A25143G	S:N1194S	13	24112	0.000539	25130	25175
A24942G C25000T	S:D1127G S:D1146D	13	11475	0.001133	24929	25069
A24580G	S:T1006T	13	14751	0.000881	24545	24671
A24424T T24513C	S:Q954H S:L984P	13	31423	0.000414	24412	24564
A24424T T24505C	S:Q954H S:L981L	13	31504	0.000413	24412	24564
A24424T T24504C	S:Q954H S:L981P	13	31510	0.000413	24412	24563
A24424T T24501C	S:Q954H S:I980T	13	31536	0.000412	24412	24552
A24424T T24482C	S:Q954H S:S974P	13	31689	0.00041	24412	24564
A24424T T24469A T24522C	S:Q954H S:N969K S:V987A	13	31345	0.000415	24412	24564
A24424T T24469A T24513C	S:Q954H S:N969K S:L984P	13	31423	0.000414	24412	24564
A24424T T24469A C24559T	S:Q954H S:N969K S:G999G	13	30850	0.000421	24412	24564
A24424T G24488-T C24503-T	S:Q954H NA NA	13	31513	0.000413	24412	24538
A24424T A24551G	S:Q954H S:I997V	13	31053	0.000419	24412	24564
A24424T A24441G T24469A	S:Q954H S:N960S S:N969K	13	31797	0.000409	24412	24554
A24424C	S:Q954H	13	35272	0.000369	24417	24564
A24318-C A24424T	NA S:Q954H	13	2589	0.005021	24306	24424
A23942-T G23948T	NA S:D796Y	13	3633	0.003578	23941	23955
A23729+T C23854A	NA S:N764K	13	8934	0.001455	23683	23873
A23515+G C23525T	NA S:H655S	13	47414	0.000274	23493	23539
A23403G T23427C C23525T	S:D614G S:V622A S:H655Y	13	10362	0.001255	23335	23539
A23403G A23442G	S:D614G S:D627G	13	22530	0.000577	23384	23443
A23359G A23403G	S:T599T S:D614G	13	23586	0.000551	23335	23423
A23312+T C23334-T	NA NA	13	13125	0.00099	23285	23361
A23295+C	NA	13	13549	0.000959	23278	23302
A23283G A23403G	S:D574G S:D614G	13	11886	0.001094	23269	23438
A22265G G22317T	S:I235V S:G252V	13	12874	0.00101	22246	22319
A22101T C22109G C22120-A T22200A G22317T	Unknown S:Q183E NA S:V213E S:G252V	13	4652	0.002794	22100	22319
A21979-T G21987A T21990-TTA A21999-CAA G22022-A	NA S:G142D S:DEL144 S:DEL147 NA	13	8339	0.001559	21847	22045
T25404C C25416T	ORF3a:F4F ORF3a:F8F	12	17094	0.000702	25372	25477
T25403C C25416T	ORF3a:F4S ORF3a:F8F	12	17094	0.000702	25372	25477
T25210C	S:I1216I	12	27123	0.000442	25195	25325
T25191+A	NA	12	25695	0.000467	25130	25248
T25144C	S:N1194N	12	24163	0.000497	25122	25159
T24982C C25000T	S:P1140P S:D1146D	12	11817	0.001015	24930	25007
T24910-A	NA	12	14161	0.000847	24850	24940
T24709C	S:L1049L	12	5259	0.002282	24688	24806
T24628C	S:A1022A	12	19600	0.000612	24612	24679
T24622C	S:A1020A	12	19550	0.000614	24612	24679
T24607C	S:A1015A	12	14423	0.000832	24476	24679
T24534C	S:V991A	12	48150	0.000249	24498	24564
T24534-G C24672-A	NA NA	12	13873	0.000865	24470	24679
T24523+C	NA	12	48294	0.000248	24470	24530
T24513C	S:L984P	12	48366	0.000248	24484	24525
T24491-TA	NA	12	48525	0.000247	24480	24512
T24470-TTG C24536-A	S:DEL971 NA	12	44021	0.000273	24465	24564
T24469A G24476A	S:N969K S:A972T	12	44752	0.000268	24465	24554
T24469A C24668+A	S:N969K NA	12	10888	0.001102	24465	24679
T24469A A24619G	S:N969K S:R1019R	12	11120	0.001079	24465	24676
T24187C	S:S875S	12	8707	0.001378	24148	24191
T23686-A	NA	12	36031	0.000333	23684	23724
T23599G C23604A G23660A	S:N679K S:P681H S:G700S	12	23995	0.0005	23580	23724
T23599G C23604A G23621A	S:N679K S:P681H S:V687I	12	59688	0.000201	23580	23642
T23599G C23604A G23616A	S:N679K S:P681H S:R685H	12	59711	0.000201	23581	23642
T23599G C23604A C23706T	S:N679K S:P681H S:P715L	12	23611	0.000508	23580	23724
T23599G C23604A C23701T	S:N679K S:P681H S:A713A	12	23778	0.000505	23580	23724
T23599G C23604A C23694T	S:N679K S:P681H S:S711F	12	23825	0.000504	23580	23724
T23599G C23604A C23647T	S:N679K S:P681H S:Y695Y	12	24089	0.000498	23580	23724
T23599G C23604A C23635T	S:N679K S:P681H S:S691S	12	59053	0.000203	23580	23724
T23599G C23604A C23625T	S:N679K S:P681H S:A688V	12	59637	0.000201	23580	23642
T23599G C23604A A23720G	S:N679K S:P681H S:I720V	12	23316	0.000515	23580	23724
T23599G C23604A A23711G	S:N679K S:P681H S:N717D	12	23479	0.000511	23580	23724
T23584+C T23599G C23604A	NA S:N679* S:P681Y	12	59604	0.000201	23580	23642
T23581C T23599G C23604A	Unknown S:N679K S:P681H	12	59331	0.000202	23580	23642
T23143+A	NA	12	7318	0.00164	23089	23166
T23019C T23031C A23055G A23063T T23075C	S:F486S S:F490S S:Q498R S:N501Y S:Y505H	12	1674	0.007168	23008	23224
T23018C T23019C T23031C A23055G A23063T T23075C	S:F486P S:F486P S:F490S S:Q498R S:N501Y S:Y505H	12	1673	0.007173	23008	23199
T22807C G22813T T22882G G22895C T22896C G22898A	S:T415T S:K417N S:N440K S:V445P S:V445P S:G446S	12	16419	0.000731	22793	22907
T22408-G	NA	12	5188	0.002313	22395	22446
G25311A	S:C1250Y	12	30618	0.000392	25230	25325
G25266A	S:C1235Y	12	29726	0.000404	25251	25325
G25250A	S:V1230M	12	24510	0.00049	25226	25325
G25244C C25262-T	S:V1228L NA	12	24356	0.000493	25122	25320
G25244-T	NA	12	24433	0.000491	25227	25325
G25230A	S:G1223D	12	24225	0.000495	25181	25324
G25213A C25262-T	S:W1217* NA	12	22813	0.000526	25122	25325
G24868-T C25000T	NA S:D1146D	12	11149	0.001076	24850	25012
G24776+A	NA	12	6961	0.001724	24724	24806
G24561A A24587T	S:R1000K S:T1009S	12	14439	0.000831	24486	24606
G24530+A	NA	12	48193	0.000249	24471	24552
G24488+T	NA	12	48398	0.000248	24470	24500
G23508-T C23525T T23599G C23604A	NA S:H655Y S:N679K S:P681H	12	34741	0.000345	23487	23642
G23505-C C23525T T23599G	NA S:H655Y S:N679K	12	34667	0.000346	23487	23642
G23417T C23525T	S:E619* S:H655Y	12	10724	0.001119	23335	23539
G23417+A C23525T	NA S:H655S	12	10724	0.001119	23335	23539
G23384-T A23403G C23525T	NA S:D614G S:H655Y	12	9974	0.001203	23373	23539
G22813T T22882G T22896C G22898A T22942G C22950-T	S:K417N S:N440K S:V445A S:G446S S:N460K NA	12	11265	0.001065	22795	22966
G22813T T22882G G22895C T22896C G22898A T22942G T22953C	S:K417N S:N440K S:V445P S:V445P S:G446S S:N460K S:F464S	12	11179	0.001073	22793	22966
G22813T T22882G G22895C T22896C G22898A T22900C T22942G	S:K417N S:N440K S:V445P S:V445P S:G446S S:G446S S:N460K	12	11677	0.001028	22793	22967
G22813T T22882G G22895C T22896C G22898A G22933+T G22936+A	S:K417N S:N440K S:V445P S:V445P S:G446S NA NA	12	11940	0.001005	22793	22956
G22813T T22867C T22882G G22895C T22896C G22898A T22942G	S:K417N S:A435A S:N440K S:V445P S:V445P S:G446S S:N460K	12	11677	0.001028	22802	22967
G22813T T22836-A T22882G G22895C T22896C G22898A	S:K417N NA S:N440K S:V445P S:V445P S:G446S	12	16507	0.000727	22793	22913
G22813T G22895C T22896C G22898A A22914-C T22942G	S:K417N S:V445P S:V445P S:G446S NA S:N460K	12	11677	0.001028	22797	22967
G22813T G22854A T22882G G22895C T22896C G22898A T22942G	S:K417N S:G431D S:N440K S:V445P S:V445P S:G446S S:N460K	12	11677	0.001028	22793	22966
G22813T A22852G T22882G G22895C T22896C G22898A	S:K417N S:T430T S:N440K S:V445P S:V445P S:G446S	12	16507	0.000727	22793	22915
G22316A G22317T	S:G252I S:G252I	12	13528	0.000887	22294	22319
G22104-A C22109G T22200A G22218-T	NA S:Q183E S:V213E NA	12	5993	0.002002	22100	22232
G21881A G21987A	S:G107S S:G142D	12	8731	0.001374	21869	21990
G21578-T C21618T T21632-TACCCCCTG	NA S:T19I S:DEL25/27	12	1598	0.007509	21570	21661
G21569-T	NA	12	1873	0.006407	21451	21581
C25517-T G25555-T	NA NA	12	8132	0.001476	25372	25566
C25504T	ORF3a:Q38*	12	10145	0.001183	25372	25516
C25433+T	NA	12	16652	0.000721	25372	25450
C25416T T25533C T25554-G	ORF3a:F8F ORF3a:I47I NA	12	8134	0.001475	25372	25566
C25416T T25514C	ORF3a:F8F ORF3a:L41P	12	9656	0.001243	25372	25566
C25416T T25475C	ORF3a:F8F ORF3a:F28S	12	15641	0.000767	25372	25477
C25416T T25461C	ORF3a:F8F ORF3a:A23A	12	15935	0.000753	25381	25477
C25318T	S:S1252S	12	30552	0.000393	25251	25325
C25262-T T25283C	NA S:C1241R	12	29523	0.000406	25251	25325
C25100-A T25191-A	NA NA	12	3911	0.003068	24990	25210
C25000T A25056G	S:D1146D S:D1165G	12	15406	0.000779	24990	25069
C25000T A25008G	S:D1146D S:K1149R	12	16374	0.000733	24990	25069
C24899-A	NA	12	14192	0.000846	24850	24924
C24852-A C24981-T C25000T	NA NA S:D1146D	12	10769	0.001114	24850	25069
C24672-A T24713-C	NA NA	12	4578	0.002621	24612	24806
C24632-T	NA	12	19594	0.000612	24612	24679
C24621-T	NA	12	19553	0.000614	24612	24634
C23887-A A23942-T G23948T	NA NA S:D796Y	12	2205	0.005442	23767	23956
C23854G	S:N764K	12	12750	0.000941	23844	23895
C23854A A23880G	S:N764K S:E773G	12	12283	0.000977	23842	23895
C23591T T23599G C23604A	S:Q677* S:N679K S:P681H	12	59700	0.000201	23580	23637
C23525T T23599G C23604A T23605C	S:H655Y S:N679K S:P681H S:P681H	12	34860	0.000344	23487	23625
C23525T T23599G C23601T C23604A	S:H655Y S:N679K S:S680F S:P681H	12	34870	0.000344	23487	23642
C23525T T23596-A T23599G C23604A	S:H655Y NA S:N679K S:P681H	12	34870	0.000344	23487	23642
C23525T T23563A T23599G C23604A	S:H655Y S:G667G S:N679K S:P681H	12	34870	0.000344	23487	23637
C23525T G23580-T T23599G C23604A	S:H655Y NA S:N679K S:P681H	12	34870	0.000344	23504	23642
C23525T C23555T T23599G C23604A	S:H655Y S:P665S S:N679K S:P681H	12	34870	0.000344	23487	23642
C23525T A23550T T23599G C23604A	S:H655Y S:D663V S:N679K S:P681H	12	34870	0.000344	23487	23642
C23492-A C23525T	NA S:H655Y	12	46474	0.000258	23487	23531
C23492+T C23525T T23599G C23604A	NA S:H655S S:N679* S:P681Y	12	34117	0.000352	23486	23637
C23334-T C23393+T A23403G	NA NA S:D614G	12	12181	0.000985	23269	23443
C23286T	S:A575V	12	18365	0.000653	23269	23290
C23244-T	NA	12	4919	0.00244	23196	23290
C22664A C22674T T22679C C22686T A22688G G22775A A22786C G22813T	S:L368I S:S371F S:S373P S:S375F S:T376A S:D405N S:R408S S:K417N	12	146	0.082192	22623	22834
C22109G T22200A T22291C G22317T	S:Q183E S:V213E S:A243A S:G252V	12	4834	0.002482	22100	22319
C21552+A C21618T T21632-TACCCCCTG	NA S:T19F S:DEL25/27	12	1358	0.008837	21545	21664
A25208G	S:I1216V	12	26760	0.000448	25141	25325
A25201G	S:P1213P	12	26151	0.000459	25123	25325
A25167G	S:E1202G	12	24826	0.000483	25157	25210
A25134G	S:K1191R	12	23480	0.000511	25130	25165
A24978G C25000T	S:D1139G S:D1146D	12	11780	0.001019	24932	25069
A24966G C24981-T C25000T	S:N1135S NA S:D1146D	12	11671	0.001028	24850	25016
A24647G	S:M1029V	12	19538	0.000614	24612	24676
A24629G	S:N1023D	12	19598	0.000612	24612	24679
A24604G C24672-A	S:R1014R NA	12	13971	0.000859	24470	24679
A24576G	S:Q1005R	12	14770	0.000812	24484	24614
A24569G	S:S1003G	12	14831	0.000809	24493	24670
A24543G	S:D994G	12	48041	0.00025	24489	24554
A24538G	S:Q992Q	12	48100	0.000249	24507	24564
A24424T T24491C	S:Q954H S:L977L	12	31623	0.000379	24412	24546
A24424T T24480C	S:Q954H S:I973T	12	31703	0.000379	24412	24564
A24424T T24469A T24514C	S:Q954H S:N969K S:L984L	12	31415	0.000382	24412	24556
A24424T T24469A T24501C	S:Q954H S:N969K S:I980T	12	31536	0.000381	24413	24564
A24424T T24469A C24536T	S:Q954H S:N969K S:Q992*	12	31221	0.000384	24412	24564
A24424T T24469A A24520G	S:Q954H S:N969K S:K986K	12	31377	0.000382	24412	24564
A24424T T24451C T24469A	S:Q954H S:V963V S:N969K	12	31797	0.000377	24412	24564
A24424T G24535A	S:Q954H S:V991V	12	31233	0.000384	24412	24564
A24424T G24488-T A24531G	S:Q954H NA S:E990G	12	31278	0.000384	24412	24549
A24424T G24476A	S:Q954H S:A972T	12	31737	0.000378	24412	24564
A24424T C24458+T	S:Q954H NA	12	31906	0.000376	24412	24498
A24424T C24455-A T24469A	S:Q954H NA S:N969K	12	31797	0.000377	24412	24564
A24424T C24455+A	S:Q954H NA	12	31971	0.000375	24413	24487
A24424T A24543G	S:Q954H S:D994G	12	31153	0.000385	24412	24564
A24424T A24538C	S:Q954H S:Q992H	12	31201	0.000385	24412	24564
A24424T A24500G	S:Q954H S:I980V	12	31555	0.00038	24412	24564
A24424T A24479G	S:Q954H S:I973V	12	31707	0.000378	24412	24564
A24424T A24479+T	S:Q954H NA	12	31707	0.000378	24412	24498
A24424T A24456G T24469A	S:Q954H S:Q965R S:N969K	12	31797	0.000377	24412	24564
A24424T A24453G	S:Q954H S:K964R	12	31984	0.000375	24412	24564
A24424T A24425G T24469A	S:Q954H S:N955D S:N969K	12	31797	0.000377	24412	24564
A24424T A24425G	S:Q954H S:N955D	12	35101	0.000342	24412	24563
A24423G A24424T T24469A	S:Q954R S:Q954R S:N969K	12	31794	0.000377	24412	24500
A24423+T G24488-T	NA NA	12	31631	0.000379	24413	24564
A24160G	S:T866T	12	8848	0.001356	24148	24191
A24105G	S:D848G	12	5961	0.002013	24090	24106
A24032G	S:N824D	12	5569	0.002155	24021	24106
A23845G C23854A	S:T761T S:N764K	12	12545	0.000957	23821	23895
A23515G C23525T T23599G C23604A	S:I651M S:H655Y S:N679K S:P681H	12	34819	0.000345	23490	23640
A23515-G C23525T	NA S:H655Y	12	47414	0.000253	23499	23537
A23403G T23489C C23525T	S:D614G S:F643L S:H655Y	12	10362	0.001158	23382	23539
A23403G T23458C C23525T	S:D614G S:T632T S:H655Y	12	10362	0.001158	23335	23539
A23403G A23418G C23525T	S:D614G S:E619G S:H655Y	12	10362	0.001158	23379	23539
A23403G A23414G	S:D614G S:T618A	12	24149	0.000497	23335	23432
A23357G A23403G	S:T599A S:D614G	12	23584	0.000509	23335	23429
A23312G A23403G	S:I584V S:D614G	12	12162	0.000987	23269	23443
A23299G A23403G	S:P579P S:D614G	12	12144	0.000988	23269	23434
A23276G	S:T572A	12	18136	0.000662	23269	23290
A23274G	S:D571G	12	18134	0.000662	23269	23290
A22914-C T22942G	NA S:N460K	12	13569	0.000884	22905	22967
A22798+G G22813T	NA S:K417N	12	20168	0.000595	22793	22847
A22320G	S:D253G	12	13495	0.000889	22256	22346
A21917-T G21987A T21990-TTA A21999-C	NA S:G142D S:DEL144 NA	12	6937	0.00173	21847	22058
T25196-G	NA	11	25856	0.000425	25181	25210
T25170C	S:L1203P	11	24877	0.000442	25144	25210
T24931C C25000T	S:S1123S S:D1146D	11	11438	0.000962	24888	25069
T24870C	S:F1103S	11	14459	0.000761	24853	24902
T24769C	S:P1069P	11	6908	0.001592	24673	24789
T24633C	S:L1024P	11	19593	0.000561	24612	24676
T24623C	S:S1021P	11	19554	0.000563	24612	24654
T24492-A C24536-A	NA NA	11	47504	0.000232	24481	24679
T24482C	S:S974P	11	48196	0.000228	24465	24512
T24480C	S:I973T	11	47946	0.000229	24473	24538
T24472-G T24492-A	NA NA	11	46311	0.000238	24465	24679
T24469A T24475C	S:N969K S:G971G	11	44762	0.000246	24465	24564
T24469A A24661G	S:N969K S:V1033V	11	10954	0.001004	24465	24679
T24469A A24554G	S:N969K S:T998A	11	43434	0.000253	24465	24564
T24469A A24551G	S:N969K S:I997V	11	43535	0.000253	24465	24564
T24469A A24516G	S:N969K S:D985G	11	44141	0.000249	24465	24564
T24469A A24508G	S:N969K S:S982S	11	44293	0.000248	24465	24564
T24306C	S:V915A	11	8572	0.001283	24163	24323
T24295C	S:V911V	11	8621	0.001276	24229	24309
T23794C C23854A	S:G744G S:N764K	11	11970	0.000919	23699	23881
T23716A	S:F718L	11	35948	0.000306	23703	23724
T23698+C	NA	11	36235	0.000304	23691	23722
T23599G T23617C	S:N679K S:R685R	11	59706	0.000184	23580	23724
T23599G C23604A T23715C	S:N679K S:P681H S:F718S	11	23423	0.00047	23580	23724
T23599G C23604A C23718+G	S:N679K S:P681H NA	11	23395	0.00047	23580	23724
T23599G C23604A A23720-T	S:N679K S:P681H NA	11	23316	0.000472	23580	23724
T23599G C23604A A23687G	S:N679K S:P681H S:N709D	11	23862	0.000461	23580	23724
T23599G C23604A A23670G	S:N679K S:P681H S:N703S	11	23951	0.000459	23580	23705
T23511+A	NA	11	47667	0.000231	23487	23520
T23350C A23403G C23525T	S:S596S S:D614G S:H655Y	11	9662	0.001138	23335	23539
T23346C	S:V595A	11	26123	0.000421	23335	23359
T23332C A23403G	S:C590C S:D614G	11	12175	0.000903	23269	23443
T23164-A C23202T C23277T	NA S:T547I S:T572I	11	4473	0.002459	23089	23290
T23031C A23055G T23075C	S:F490S S:Q498R S:Y505H	11	1926	0.005711	23024	23108
T22882G G22895C T22896C G22898A T22942G A22964-T	S:N440K S:V445P S:V445P S:G446S S:N460K NA	11	12182	0.000903	22876	22967
T22831+A T22882G	NA S:N440Q	11	20059	0.000548	22793	22894
T22306C G22317T	S:Y248Y S:G252V	11	13468	0.000817	22246	22319
T22282C G22317T	S:T240T S:G252V	11	13282	0.000828	22247	22319
T22200A G22218-T	S:V213E NA	11	7649	0.001438	22161	22230
T22200A A22296G G22317T	S:V213E S:H245R S:G252V	11	6237	0.001764	22177	22319
T21991-TA	NA	11	10476	0.00105	21967	22058
G25429C	ORF3a:V13L	11	16780	0.000656	25372	25469
G25401+T	NA	11	17469	0.00063	25375	25426
G25361C C25416T	S:G1267R ORF3a:F8F	11	4070	0.002703	25321	25477
G25177-T	NA	11	25074	0.000439	25141	25194
G24933T C25000T	S:G1124V S:D1146D	11	11445	0.000961	24850	25025
G24521+T C24672-A	NA NA	11	13830	0.000795	24491	24679
G24510+T	NA	11	48398	0.000227	24476	24546
G24488-T C24517-A C24672-A	NA NA NA	11	13613	0.000808	24480	24679
G24415A A24424T	S:V951V S:Q954H	11	35003	0.000314	24412	24424
G24277-T	NA	11	8496	0.001295	24268	24314
G24145A	S:L861L	11	4679	0.002351	24120	24191
G23903-T	NA	11	3129	0.003516	23895	23926
G23505-C C23525T C23604A	NA S:H655Y S:P681H	11	34651	0.000317	23487	23642
G23477T C23525T	S:G639C S:H655Y	11	11153	0.000986	23461	23539
G23417+A	NA	11	24554	0.000448	23335	23435
G23387A A23403G C23525T	S:A609T S:D614G S:H655Y	11	10031	0.001097	23335	23532
G23318A A23403G	S:D586N S:D614G	11	12167	0.000904	23288	23443
G23236-T	NA	11	4984	0.002207	23129	23290
G23204T	S:G548C	11	7294	0.001508	23108	23234
G22813T T22882G T22896C G22898A T22942G A22948-C	S:K417N S:N440K S:V445A S:G446S S:N460K NA	11	11289	0.000974	22793	22967
G22813T T22882G T22884C G22895C T22896C G22898A T22942G	S:K417N S:N440K S:L441P S:V445P S:V445P S:G446S S:N460K	11	11677	0.000942	22793	22966
G22813T T22882G G22895C T22896C G22898A T22906C T22942G	S:K417N S:N440K S:V445P S:V445P S:G446S S:N448N S:N460K	11	11677	0.000942	22808	22967
G22813T G22895C	S:K417N S:V445L	11	19174	0.000574	22793	22906
G22813T A22842G T22882G G22895C T22896C G22898A T22942G	S:K417N S:D427G S:N440K S:V445P S:V445P S:G446S S:N460K	11	11677	0.000942	22793	22967
G22403-A	NA	11	5118	0.002149	22384	22446
G22317T T22408-G	S:G252V NA	11	3547	0.003101	22246	22438
G22317T T22392-A G22403-A	S:G252V NA NA	11	3581	0.003072	22246	22446
G22317T T22324C	S:G252V S:S254S	11	4457	0.002468	22246	22361
G22273-T	NA	11	14026	0.000784	22249	22305
G22147-A T22200A G22317T	NA S:V213E S:G252V	11	5536	0.001987	22136	22319
G22030+A	NA	11	10837	0.001015	22023	22054
G21987A T21990-TTA C22000A A22007G	S:G142D S:DEL144 S:H146Q S:N149D	11	8596	0.00128	21968	22058
G21508-A C21618T T21632-TACCCCCTG	NA S:T19I S:DEL25/27	11	916	0.012009	21487	21659
C25416T T25464C	ORF3a:F8F ORF3a:T24T	11	15874	0.000693	25372	25477
C25416T G25494-A	ORF3a:F8F NA	11	10617	0.001036	25380	25505
C25416T A25419G	ORF3a:F8F ORF3a:T9T	11	17005	0.000647	25381	25481
C25262-T T25291C	NA S:C1243C	11	29480	0.000373	25251	25325
C25262-T G25447-A	NA NA	11	3026	0.003635	25251	25457
C25214T	S:L1218L	11	23016	0.000478	25206	25323
C25163+A	NA	11	24793	0.000444	25122	25173
C25000T A25067G	S:D1146D S:I1169V	11	15037	0.000732	24990	25069
C24672-A A24684-T A24803-T	NA NA NA	11	4212	0.002612	24626	24806
C24176+A	NA	11	8820	0.001247	24164	24196
C23854A A23891G	S:N764K S:N777D	11	12015	0.000916	23845	23895
C23854A A23881G	S:N764K S:E773E	11	12272	0.000896	23683	23895
C23718+A	NA	11	35877	0.000307	23689	23724
C23525T T23599G C23604A C23609-G	S:H655Y S:N679K S:P681H NA	11	34860	0.000316	23493	23624
C23525T T23599G C23604A C23609+G	S:H655Y S:N679K S:P681H NA	11	34860	0.000316	23486	23624
C23520T C23525T T23599G C23604A	S:A653V S:H655Y S:N679K S:P681H	11	34855	0.000316	23487	23640
C23520-T C23525T T23599G C23604A	NA S:H655Y S:N679K S:P681H	11	34855	0.000316	23486	23642
C23393+T A23403G	NA S:D614G	11	24142	0.000456	23345	23410
C23334-T C23393+T	NA NA	11	12398	0.000887	23269	23443
C23306+T C23334-T	NA NA	11	13111	0.000839	23269	23359
C23277+T	NA	11	18137	0.000606	23269	23290
C23188+T C23230-A	NA NA	11	4919	0.002236	23089	23244
C22802-A G22813T T22882G G22895C T22896C G22898A	NA S:K417N S:N440K S:V445P S:V445P S:G446S	11	16348	0.000673	22793	22907
C22251A G22317T	S:P230Q S:G252V	11	12415	0.000886	22246	22359
C22109G T22200A G22218-T G22302+T G22317T	S:Q183E S:V213E NA NA S:G252L	11	4834	0.002276	22104	22319
C22109G C22120-A T22200A A22245-T G22317T	S:Q183E NA S:V213E NA S:G252V	11	4834	0.002276	22105	22319
A25443G	ORF3a:Q17Q	11	16382	0.000671	25372	25484
A25408G	ORF3a:R6G	11	17329	0.000635	25381	25477
A25397+T	NA	11	17570	0.000626	25382	25415
A25393+T	NA	11	17704	0.000621	25381	25409
A25384G C25416T	S:*1274* ORF3a:F8F	11	17070	0.000644	25372	25516
A25035G	S:N1158S	11	16080	0.000684	24990	25069
A25020G	S:D1153G	11	16209	0.000679	25016	25069
A24956-T	NA	11	12219	0.0009	24946	25069
A24955G C25000T	S:G1131G S:D1146D	11	11566	0.000951	24853	25069
A24905G C25000T	S:I1115V S:D1146D	11	11345	0.00097	24850	25060
A24595+T	NA	11	14472	0.00076	24470	24648
A24556G	S:T998T	11	47707	0.000231	24470	24564
A24537G	S:Q992R	11	48088	0.000229	24521	24564
A24479-T G24488-T	NA NA	11	47765	0.00023	24470	24514
A24424T T24481C	S:Q954H S:I973I	11	31693	0.000347	24412	24564
A24424T T24469A T24523C	S:Q954H S:N969K S:V987V	11	31343	0.000351	24412	24564
A24424T T24469A T24489C	S:Q954H S:N969K S:V976A	11	31629	0.000348	24412	24564
A24424T T24469A T24481C	S:Q954H S:N969K S:I973I	11	31693	0.000347	24412	24492
A24424T T24469A G24535A	S:Q954H S:N969K S:V991V	11	31233	0.000352	24412	24564
A24424T T24469A A24545G	S:Q954H S:N969K S:R995G	11	31127	0.000353	24412	24564
A24424T T24469A A24494G	S:Q954H S:N969K S:N978D	11	31588	0.000348	24412	24553
A24424T T24469A A24478G	S:Q954H S:N969K S:A972A	11	31711	0.000347	24412	24564
A24424T T24427C T24469A	S:Q954H S:N955N S:N969K	11	31797	0.000346	24413	24564
A24424T G24488-T A24556+G	S:Q954H NA NA	11	30881	0.000356	24413	24564
A24424T G24449+T	S:Q954H NA	11	32047	0.000343	24412	24472
A24424T A24457G T24469A	S:Q954H S:Q965Q S:N969K	11	31797	0.000346	24412	24564
A24424T A24452G	S:Q954H S:K964E	11	32005	0.000344	24412	24513
A24424T A24433G	S:Q954H S:Q957Q	11	32232	0.000341	24412	24564
A24424T A24426G	S:Q954H S:N955S	11	32260	0.000341	24412	24554
A24148G	S:P862P	11	4669	0.002356	24134	24191
A24103+T	NA	11	5921	0.001858	24094	24106
A23942-T G23948T G23955+T	NA S:D796Y NA	11	3360	0.003274	23941	23968
A23777G C23854A	S:T739A S:N764K	11	11849	0.000928	23740	23895
A23704+C	NA	11	36212	0.000304	23683	23716
A23702G	S:I714V	11	36200	0.000304	23699	23724
A23497-C	NA	11	47189	0.000233	23487	23519
A23403G T23428C	S:D614G S:V622V	11	23749	0.000463	23335	23443
A23403G A23515-G C23525T	S:D614G NA S:H655Y	11	10362	0.001062	23388	23535
A23403G A23440G C23525T	S:D614G S:A626A S:H655Y	11	10362	0.001062	23335	23535
A23400+G	NA	11	25026	0.00044	23346	23416
A23359+C	NA	11	26045	0.000422	23335	23381
A23354G A23403G	S:I598V S:D614G	11	23557	0.000467	23335	23443
A23319G A23403G	S:D586G S:D614G	11	12167	0.000904	23311	23443
A23305G A23403G	S:T581T S:D614G	11	12151	0.000905	23269	23434
A23283+C	NA	11	18202	0.000604	23276	23299
A23157-T	NA	11	7295	0.001508	23112	23168
A23013C T23031C A23055G A23063T T23075C	S:E484A S:F490S S:Q498R S:N501Y S:Y505H	11	1673	0.006575	23008	23224
A23013C T23018C T23031C A23055G A23063T T23075C	S:E484A S:F486L S:F490S S:Q498R S:N501Y S:Y505H	11	1673	0.006575	23008	23085
A22845-T T22882G G22895C G22898A	NA S:N440K S:V445L S:G446S	11	16984	0.000648	22813	22906
A22845-T	NA	11	20633	0.000533	22805	22860
A22101T C22109G C22120-A T22200A	Unknown S:Q183E NA S:V213E	11	6029	0.001825	22100	22222
A21975-T	NA	11	12202	0.000901	21847	21983
A21964+T G21987A	NA S:G142E	11	10318	0.001066	21847	21993
A21875-T G21987A A21993-TTACC A21999C	NA S:G142D NA S:H146P	11	6654	0.001653	21847	22026
T25550C	ORF3a:L53P	10	8307	0.001204	25372	25566
T25322+C	NA	10	30419	0.000329	25303	25325
T25316-C	NA	10	30599	0.000327	25295	25325
T25293-C	NA	10	30297	0.00033	25277	25325
T25211C	S:W1217R	10	27218	0.000367	25149	25325
T25161-C	NA	10	24781	0.000404	25148	25210
T24960C C25000T	S:V1133A S:D1146D	10	11603	0.000862	24853	25017
T24754C	S:H1064H	10	6806	0.001469	24724	24806
T24637C	S:A1025A	10	19563	0.000511	24612	24652
T24634C	S:L1024L	10	19584	0.000511	24612	24669
T24589C	S:T1009T	10	14505	0.000689	24479	24679
T24470-TTG T24492-A	S:DEL971 NA	10	44821	0.000223	24465	24564
T24469A T24658C	S:N969K S:C1032C	10	10986	0.00091	24465	24669
T24469A T24552C	S:N969K S:I997T	10	43505	0.00023	24465	24564
T24469A T24506C	S:N969K S:S982P	10	44338	0.000226	24465	24564
T24469A T24487C	S:N969K S:S975S	10	44640	0.000224	24465	24525
T24469A T24472-G T24475C	S:N969K NA S:G971G	10	44762	0.000223	24432	24564
T24469A A24652G	S:N969K S:S1030S	10	11012	0.000908	24465	24679
T24464-C T24470-TTG	NA S:DEL971	10	32624	0.000307	24447	24564
T24179C	S:Y873H	10	8777	0.001139	24148	24191
T24055C	S:A831A	10	5643	0.001772	24021	24065
T23783C C23854A	S:Y741H S:N764K	10	11880	0.000842	23683	23895
T23765C C23854A	S:S735P S:N764K	10	9074	0.001102	23683	23895
T23693C	S:S711P	10	36174	0.000276	23683	23724
T23599G T23602-C C23604A	S:N679K NA S:P681H	10	59761	0.000167	23580	23642
T23599G C23604A C23705T	S:N679K S:P681H S:P715S	10	23625	0.000423	23580	23724
T23599G C23604A C23692T	S:N679K S:P681H S:N710N	10	23837	0.00042	23580	23724
T23599G C23604A C23664T	S:N679K S:P681H S:A701V	10	23974	0.000417	23580	23700
T23599G C23604A C23606T	S:N679K S:P681H S:R682W	10	59742	0.000167	23580	23642
T23599G C23604A A23710G	S:N679K S:P681H S:T716T	10	23489	0.000426	23580	23724
T23582+A T23599G C23604A	NA S:N679* S:P681Y	10	59565	0.000168	23580	23625
T23511+A C23525T A23558-T T23599G C23604A	NA S:H655S NA S:N679* S:P681Y	10	34793	0.000287	23486	23642
T23491C C23525T	S:F643F S:H655Y	10	46445	0.000215	23486	23537
T23391C	S:V610A	10	25360	0.000394	23269	23443
T23389C A23403G C23525T	S:A609A S:D614G S:H655Y	10	10077	0.000992	23335	23539
T23355C A23403G C23525T	S:I598T S:D614G S:H655Y	10	9703	0.001031	23335	23539
T23355+A	NA	10	26099	0.000383	23335	23366
T23338G	S:F592L	10	25986	0.000385	23335	23370
T23317C A23403G	S:L585L S:D614G	10	12167	0.000822	23296	23443
T23272C	S:A570A	10	18069	0.000553	23269	23290
T23031C A23055G A23063T	S:F490S S:Q498R S:N501Y	10	1978	0.005056	23026	23224
T22882G G22895C T22896C T22942G	S:N440K S:V445P S:V445P S:N460K	10	13032	0.000767	22876	22944
T22795C G22813T T22882G G22895C T22896C G22898A T22942G	Unknown S:K417N S:N440K S:V445P S:V445P S:G446S S:N460K	10	11323	0.000883	22793	22966
T22303C G22317T	S:S247S S:G252V	10	13454	0.000743	22246	22319
T22291C	S:A243A	10	14002	0.000714	22282	22319
T21861+A	NA	10	11048	0.000905	21847	21905
G25305A	S:C1248Y	10	30542	0.000327	25217	25316
G25298A	S:G1246S	10	30382	0.000329	25289	25323
G25261A	S:M1233I	10	29591	0.000338	25224	25325
G25244A	S:V1228I	10	24433	0.000409	25209	25325
G25203A	S:W1214*	10	26201	0.000382	25122	25261
G25157A	S:D1199N	10	24677	0.000405	25122	25173
G24933T	S:G1124V	10	14008	0.000714	24906	24943
G24626A	S:A1022T	10	19564	0.000511	24612	24659
G24570-T	NA	10	14824	0.000675	24518	24585
G23948T T23956-G	S:D796Y NA	10	3403	0.002939	23944	23971
G23873+A G23948T	NA S:D796*	10	2109	0.004742	23860	23978
G23735+A C23887-A	NA NA	10	8412	0.001189	23683	23895
G23699A	S:A713T	10	36248	0.000276	23688	23724
G23699+A	NA	10	36248	0.000276	23677	23715
G23522-A	NA	10	47598	0.00021	23486	23539
G23486-T	NA	10	11402	0.000877	23464	23522
G23288T C23334-T	S:V576F NA	10	13004	0.000769	23273	23351
G22813T T22882G T22896C G22898A G22927T T22928C T22942G	S:K417N S:N440K S:V445A S:G446S S:L455F S:F456L S:N460K	10	11677	0.000856	22793	22967
G22813T T22882G T22885C G22895C T22896C G22898A T22942G	S:K417N S:N440K S:L441L S:V445P S:V445P S:G446S S:N460K	10	11677	0.000856	22800	22956
G22813T T22882G G22895C T22896C G22898A T22942G T22951C	S:K417N S:N440K S:V445P S:V445P S:G446S S:N460K S:P463P	10	11197	0.000893	22793	22967
G22813T T22882G G22895C T22896C G22898A T22937C T22942G	S:K417N S:N440K S:V445P S:V445P S:G446S S:S459P S:N460K	10	11677	0.000856	22807	22957
G22813T T22882G G22895C T22896C G22898A T22917C T22942G	S:K417N S:N440K S:V445P S:V445P S:G446S S:L452P S:N460K	10	11677	0.000856	22799	22967
G22813T T22873C T22882G G22895C T22896C G22898A T22942G	S:K417N S:N437N S:N440K S:V445P S:V445P S:G446S S:N460K	10	11677	0.000856	22793	22967
G22813T T22868C T22882G G22895C T22896C G22898A T22942G	S:K417N S:W436R S:N440K S:V445P S:V445P S:G446S S:N460K	10	11677	0.000856	22793	22967
G22813T T22867A T22882G G22895C T22896C G22898A	S:K417N S:A435A S:N440K S:V445P S:V445P S:G446S	10	16507	0.000606	22793	22906
G22813T T22848C T22882G G22895C T22896C G22898A T22942G	S:K417N S:F429S S:N440K S:V445P S:V445P S:G446S S:N460K	10	11677	0.000856	22793	22944
G22813T T22831+A T22882G G22895C G22898A	S:K417N NA S:N440Q S:V445R S:G446R	10	16507	0.000606	22793	22907
G22813T C22818T T22882G G22895C T22896C G22898A T22942G	S:K417N S:A419V S:N440K S:V445P S:V445P S:G446S S:N460K	10	11677	0.000856	22793	22967
G22813T A22880G T22882G G22895C T22896C G22898A T22942G	S:K417N S:N440E S:N440E S:V445P S:V445P S:G446S S:N460K	10	11677	0.000856	22793	22967
G22813T A22852G T22882G G22895C T22896C G22898A T22942G	S:K417N S:T430T S:N440K S:V445P S:V445P S:G446S S:N460K	10	11677	0.000856	22793	22967
G22578A G22599C C22664A C22674T T22679C	S:G339D S:R346T S:L368I S:S371F S:S373P	10	1166	0.008576	22533	22685
G22317T T22441C	S:G252V S:L293L	10	3323	0.003009	22246	22446
G22104-A C22109G T22200A G22218-T G22317T	NA S:Q183E S:V213E NA S:G252V	10	4715	0.002121	22100	22319
C25416T T25536C	ORF3a:F8F ORF3a:V48V	10	8445	0.001184	25376	25566
C25416T T25518C	ORF3a:F8F ORF3a:P42P	10	9389	0.001065	25381	25566
C25416T T25485C	ORF3a:F8F ORF3a:A31A	10	11491	0.00087	25381	25515
C25416T T25473C	ORF3a:F8F ORF3a:D27D	10	15670	0.000638	25381	25477
C25416T C25441T	ORF3a:F8F ORF3a:Q17*	10	16443	0.000608	25381	25477
C25416T A25462G	ORF3a:F8F ORF3a:T24A	10	15923	0.000628	25381	25477
C25416T A25457G	ORF3a:F8F ORF3a:D22G	10	16029	0.000624	25372	25477
C25262-T T25322C	NA S:C1254R	10	29039	0.000344	25251	25325
C25262-T T25289C	NA S:C1243R	10	29490	0.000339	25251	25325
C25262-T T25272C	NA S:M1237T	10	29560	0.000338	25122	25307
C25000T T25072-G C25100-A T25191-A	S:D1146D NA NA NA	10	3750	0.002667	24990	25210
C25000T T25053C	S:D1146D S:V1164A	10	15439	0.000648	24990	25069
C25000T T25004C	S:D1146D S:F1148L	10	16422	0.000609	24994	25029
C25000T A25113-C	S:D1146D NA	10	4065	0.00246	24990	25210
C25000T A25056-T C25100-A	S:D1146D NA NA	10	4132	0.00242	24990	25144
C25000T A25014G	S:D1146D S:E1151G	10	16219	0.000617	24990	25034
C24899-A C25000T	NA S:D1146D	10	11300	0.000885	24853	25013
C24632+T	NA	10	19594	0.00051	24612	24647
C24477T	S:A972V	10	47757	0.000209	24470	24564
C24418T A24424T	S:V952V S:Q954H	10	35221	0.000284	24412	24424
C24223+T	NA	10	4176	0.002395	24148	24236
C24150-T	NA	10	8818	0.001134	24148	24191
C23887-A G23903-T C23929-A	NA NA NA	10	2797	0.003575	23767	23942
C23859+T C23887-A	NA NA	10	12237	0.000817	23683	23895
C23854A T23860C	S:N764K S:A766A	10	12624	0.000792	23835	23895
C23833-A C23854A	NA S:N764K	10	12307	0.000813	23683	23895
C23730T	S:T723I	10	10270	0.000974	23683	23768
C23683+A	NA	10	25733	0.000389	23673	23704
C23525T T23599G C23604A T23641C	S:H655Y S:N679K S:P681H S:I693I	10	33669	0.000297	23505	23642
C23525T T23599G C23604A A23636T	S:H655Y S:N679K S:P681H S:I692F	10	34205	0.000292	23487	23642
C23525T T23599G C23601+A C23604A	S:H655Y S:N679K NA S:P681Y	10	34870	0.000287	23487	23642
C23525T C23604A T23622+G	S:H655Y S:P681H NA	10	34833	0.000287	23494	23642
C23525T C23591T T23599G C23604A	S:H655Y S:Q677* S:N679K S:P681H	10	34870	0.000287	23487	23642
C23525T A23598G T23599G C23604A C23625T	S:H655Y S:N679R S:N679R S:P681H S:A688V	10	34812	0.000287	23505	23642
C23525T A23558-T T23599G	S:H655Y NA S:N679K	10	34886	0.000287	23508	23603
C23525T A23544T T23599G C23604A	S:H655Y S:E661V S:N679K S:P681H	10	34870	0.000287	23487	23642
C23492+A C23525T T23599G C23604A	NA S:H655S S:N679* S:P681Y	10	34117	0.000293	23486	23642
C23393-T A23403G	NA S:D614G	10	24142	0.000414	23376	23443
C23381+A C23525T	NA S:H655S	10	9906	0.001009	23335	23539
C23191-A	NA	10	7347	0.001361	23162	23290
C23099-T T23143-A T23164-A	NA NA NA	10	6896	0.00145	23089	23232
C22802+A G22813T T22882G G22895C G22898A	NA S:K417N S:N440Q S:V445R S:G446R	10	16348	0.000612	22793	22906
C22664A	S:L368I	10	1545	0.006472	22646	22667
C22502-A	NA	10	2232	0.00448	22494	22514
C22290-T G22317T	NA S:G252V	10	13370	0.000748	22269	22319
C22264+T G22317T	NA S:G252L	10	12793	0.000782	22257	22319
C22251-A G22317T	NA S:G252V	10	12415	0.000805	22246	22319
C22109G T22200A G22273-T G22317T	S:Q183E S:V213E NA S:G252V	10	4834	0.002069	22105	22319
C22109G T22200A C22311+T G22317T	S:Q183E S:V213E NA S:G252L	10	4834	0.002069	22100	22319
C22109G T22200A A22296G G22317T	S:Q183E S:V213E S:H245R S:G252V	10	4834	0.002069	22100	22319
C21888-T G21987A	NA S:G142D	10	8770	0.00114	21850	21992
A25438G	ORF3a:K16E	10	16512	0.000606	25378	25477
A25385G	S:T1275A	10	17837	0.000561	25372	25391
A25315+G	NA	10	30612	0.000327	25305	25324
A25256G	S:I1232V	10	29480	0.000339	25225	25325
A25241T	S:I1227L	10	24384	0.00041	25206	25325
A25225G	S:I1221M	10	24084	0.000415	25151	25325
A24999G C25000T	S:D1146G S:D1146G	10	16512	0.000606	24990	25069
A24956G C25000T	S:I1132V S:D1146D	10	11569	0.000864	24930	25069
A24913G C25000T	S:T1117T S:D1146D	10	11383	0.000879	24850	25054
A24875G C25000T	S:T1105A S:D1146D	10	11196	0.000893	24853	25069
A24860G	S:T1100A	10	14422	0.000693	24850	24889
A24782G	S:N1074D	10	6982	0.001432	24749	24806
A24758G	S:T1066A	10	6836	0.001463	24724	24802
A24735G	S:H1058R	10	6667	0.0015	24724	24806
A24730G	S:A1056A	10	6640	0.001506	24724	24791
A24674G	S:K1038E	10	19280	0.000519	24612	24679
A24669G	S:Q1036R	10	19295	0.000518	24612	24671
A24661G C24672-A	S:V1033V NA	10	19173	0.000522	24612	24679
A24594G	S:Q1011R	10	14475	0.000691	24520	24679
A24556+G	NA	10	47707	0.00021	24532	24564
A24424T T24549C	S:Q954H S:L996S	10	31075	0.000322	24412	24564
A24424T T24523C	S:Q954H S:V987V	10	31343	0.000319	24412	24545
A24424T T24469A T24489G	S:Q954H S:N969K S:V976G	10	31629	0.000316	24412	24564
A24424T T24469A T24472-G C24536-AA	S:Q954H S:N969K NA NA	10	31221	0.00032	24412	24564
A24424T T24469A T24472-G A24525G	S:Q954H S:N969K NA S:E988G	10	31321	0.000319	24412	24564
A24424T T24469A G24497A	S:Q954H S:N969K S:D979N	10	31578	0.000317	24412	24564
A24424T T24469A G24473A	S:Q954H S:N969K S:G971S	10	31754	0.000315	24412	24564
A24424T T24469A C24517-A	S:Q954H S:N969K NA	10	31395	0.000319	24412	24531
A24424T T24469A A24538C	S:Q954H S:N969K S:Q992H	10	31201	0.000321	24412	24564
A24424T T24469A A24485G	S:Q954H S:N969K S:S975G	10	31658	0.000316	24413	24564
A24424T T24464-C T24471-TG	S:Q954H NA NA	10	31758	0.000315	24412	24564
A24424T T24464-C T24470-TTG	S:Q954H NA S:DEL971	10	31758	0.000315	24412	24563
A24424T T24459C	S:Q954H S:L966P	10	31889	0.000314	24415	24564
A24424T T24427+C	S:Q954H NA	10	32260	0.00031	24413	24442
A24424T G24488-T T24534C	S:Q954H NA S:V991A	10	31245	0.00032	24412	24564
A24424T G24434A T24469A	S:Q954H S:A958T S:N969K	10	31797	0.000314	24413	24564
A24424T A24532G	S:Q954H S:E990E	10	31270	0.00032	24412	24564
A24424T A24453G T24469A	S:Q954H S:K964R S:N969K	10	31797	0.000314	24412	24564
A24424T A24443+C	S:Q954H NA	10	32117	0.000311	24412	24457
A24420G A24424T	S:N953S S:Q954H	10	35254	0.000284	24412	24564
A24121G	S:Q853Q	10	4774	0.002095	24021	24158
A23764G C23854A	S:T734T S:N764K	10	9072	0.001102	23685	23895
A23759G C23854A	S:K733E S:N764K	10	9061	0.001104	23683	23879
A23756-C C23854A	NA S:N764K	10	9054	0.001104	23744	23882
A23656+T	NA	10	25343	0.000395	23649	23720
A23594T T23599G C23604A	S:T678S S:N679K S:P681H	10	59742	0.000167	23580	23717
A23440G C23525T	S:A626A S:H655Y	10	10927	0.000915	23404	23539
A23419G C23525T	S:E619E S:H655Y	10	10747	0.00093	23377	23539
A23403G T23507C C23525T	S:D614G S:C649R S:H655Y	10	10362	0.000965	23335	23532
A23403G T23482-A	S:D614G NA	10	10554	0.000948	23383	23539
A23403G T23479C C23525T	S:D614G S:G639G S:H655Y	10	10362	0.000965	23339	23532
A23403G T23437C	S:D614G S:H625H	10	22659	0.000441	23269	23441
A23403G T23434C C23525T	S:D614G S:I624I S:H655Y	10	10362	0.000965	23394	23539
A23403G T23404C C23525T	S:D614G S:D614G S:H655Y	10	10362	0.000965	23342	23532
A23403G G23505-C C23525T	S:D614G NA S:H655Y	10	10362	0.000965	23335	23539
A23403G A23409G C23525T	S:D614G S:N616S S:H655Y	10	10362	0.000965	23335	23532
A23366G	S:T602A	10	25866	0.000387	23335	23397
A23279+C	NA	10	18142	0.000551	23269	23303
A23276G A23403G	S:T572A S:D614G	10	11804	0.000847	23269	23443
A23254-T	NA	10	4810	0.002079	23089	23290
A23169C	S:N536T	10	7323	0.001366	23150	23224
A23013C T23019C T23031C T23075C	S:E484A S:F486S S:F490S S:Y505H	10	1673	0.005977	23008	23224
A22845-T T22882G G22895C T22896C G22898A	NA S:N440K S:V445P S:V445P S:G446S	10	16984	0.000589	22793	22906
A22310G G22317T	S:T250A S:G252V	10	13495	0.000741	22246	22319
A22285-C G22317T	NA S:G252V	10	13309	0.000751	22276	22319
A22259+T	NA	10	13761	0.000727	22249	22269
A22101T T22200A G22317T	Unknown S:V213E S:G252V	10	4652	0.00215	22100	22319
A22101T C22109G T22200A G22218-T G22317T	Unknown S:Q183E S:V213E NA S:G252V	10	4652	0.00215	22100	22319
A21979-T G21987A T21990-TTA A21999-CAAA	NA S:G142D S:DEL144 NA	10	8597	0.001163	21847	22036
A21923G	S:N121D	10	11197	0.000893	21847	21936
A21875-T C21888-T	NA NA	10	11051	0.000905	21847	21914
A21860G	S:I100V	10	11045	0.000905	21847	21877
A21817-T A21834-T T21877C	NA NA S:I105I	10	179	0.055866	21757	21973
