nt_mutations	aa_mutations	cluster_depth	total_depth	frequency	coverage_start	coverage_end
C23525T T23599G C23604A	S:H655Y S:N679K S:P681H	15214	28499	0.533843	23520	23608
T23599G C23604A	S:N679K S:P681H	15061	57149	0.263539	23596	23608
A24424T	S:Q954H	5887	27487	0.214174	24418	24424
C23854A	S:N764K	3968	15043	0.263777	23850	23858
A24424T T24469A	S:Q954H S:N969K	3944	25029	0.157577	24420	24476
T24469A	S:N969K	3934	41408	0.095006	24467	24477
C25262-T	NA	3878	34870	0.111213	25252	25270
A23403G	S:D614G	3222	17299	0.186254	23398	23409
C25416T	ORF3a:F8F	2399	7687	0.312085	25384	25417
A23403G C23525T	S:D614G S:H655Y	2310	8141	0.283749	23398	23529
C23525T	S:H655Y	1866	38893	0.047978	23521	23528
C24672-A	NA	1588	22661	0.070076	24639	24679
C25000T A25045G	S:D1146D S:S1161S	1572	10781	0.145812	24998	25048
T23599G	S:N679K	1284	57187	0.022453	23595	23603
A24424T T24469A T24472-G	S:Q954H S:N969K NA	1209	24985	0.048389	24417	24476
C23604A	S:P681H	1140	57237	0.019917	23600	23608
G21987A	S:G142D	981	7530	0.130279	21980	21990
C25000T	S:D1146D	980	11160	0.087814	24998	25002
C22000A	S:H146Q	961	6960	0.138075	21996	22034
G22317T	S:G252V	819	4687	0.174739	22315	22319
C23525T C23604A	S:H655Y S:P681H	740	28499	0.025966	23519	23618
C23887-A	NA	715	14403	0.049642	23875	23895
G22813T T22882G G22895C T22896C G22898A T22942G	S:K417N S:N440K S:V445P S:V445P S:G446S S:N460K	659	2941	0.224073	22808	22945
C24981-T C25000T A25045G	NA S:D1146D S:S1161S	646	7398	0.087321	24910	25046
C23334-T	NA	589	7465	0.078902	23288	23351
G21987A T21990-TTA A21999-C	S:G142D S:DEL144 NA	555	5514	0.100653	21973	22012
G21987A T21990-TTA C22000A	S:G142D S:DEL144 S:H146Q	553	5514	0.10029	21975	22035
G23587T T23599G C23604A	S:Q675H S:N679K S:P681H	525	56999	0.009211	23582	23624
G22813T T22882G	S:K417N S:N440K	513	5288	0.097012	22809	22885
G22813T T22882G G22895C T22896C G22898A	S:K417N S:N440K S:V445P S:V445P S:G446S	504	4143	0.121651	22808	22906
A24253-T	NA	504	5394	0.093437	24242	24264
C23123T	S:P521S	500	5491	0.091058	23108	23128
A24424T T24471-TG	S:Q954H NA	493	24990	0.019728	24416	24554
C24981-T C25000T	NA S:D1146D	452	7681	0.058847	24883	25004
T24469A T24472-G	S:N969K NA	419	41356	0.010132	24465	24552
C23525T G23587T T23599G C23604A	S:H655Y S:Q675H S:N679K S:P681H	412	28499	0.014457	23509	23622
G23948T	S:D796Y	396	1979	0.200101	23944	23951
T25191-A C25262-T	NA NA	386	24623	0.015676	25144	25277
A25045G	S:S1161S	375	11024	0.034017	25039	25047
C23525T T23599G	S:H655Y S:N679K	358	28507	0.012558	23517	23603
T24471-TG	NA	325	44594	0.007288	24465	24506
C22109G T22200A G22317T	S:Q183E S:V213E S:G252V	275	1869	0.147138	22105	22319
G24488-T	NA	273	46609	0.005857	24486	24499
T22942G	S:N460K	270	3959	0.068199	22938	22962
C23334-T A23403G	NA S:D614G	268	7021	0.038171	23300	23410
C23525T A23558-T T23599G C23604A	S:H655Y NA S:N679K S:P681H	250	28499	0.008772	23507	23624
G25302-T	NA	241	35889	0.006715	25295	25311
G25218-T C25262-T	NA NA	226	29668	0.007618	25130	25287
T23599G C23604A C23673T	S:N679K S:P681H S:S704L	224	27561	0.008127	23587	23700
T24267-G	NA	210	5410	0.038817	24256	24286
T23599G C23604A C23664T	S:N679K S:P681H S:A701V	209	27621	0.007567	23581	23699
T21990-TTA C22000A	S:DEL144 S:H146Q	208	5514	0.037722	21977	22028
T22200A G22317T	S:V213E S:G252V	202	2528	0.079905	22194	22319
A21875-T	NA	192	9348	0.020539	21870	21890
A24424T G24488-T	S:Q954H NA	185	24907	0.007428	24415	24502
T23599G C23604A G23666-A	S:N679K S:P681H NA	184	27607	0.006665	23582	23678
C21618T T21632-TACCCCCTG	S:T19I S:DEL25/27	182	395	0.460759	21597	21657
A23786-T C23854A	NA S:N764K	181	14230	0.01272	23772	23882
T23599G C23604A C23701T	S:N679K S:P681H S:A713A	177	27319	0.006479	23580	23717
T24469A C24672-A	S:N969K NA	176	13739	0.01281	24465	24679
C24119-A	NA	170	2532	0.067141	24112	24138
C25000T C25075T	S:D1146D S:G1171G	169	3171	0.053295	24998	25086
T25191-A	NA	165	29145	0.005661	25159	25199
A24424T C24536-A	S:Q954H NA	164	24637	0.006657	24412	24558
G25198-C	NA	163	29634	0.0055	25192	25210
G25218-T	NA	155	29808	0.0052	25210	25234
C25416T C25515T	ORF3a:F8F ORF3a:L41L	155	2045	0.075795	25378	25552
C23525T T23581C T23599G C23604A	S:H655Y S:S673S S:N679K S:P681H	155	28499	0.005439	23516	23624
T21990-TTA A21999-C	S:DEL144 NA	153	5514	0.027748	21974	22015
T21976-C G21987A T21990-TTA C22000A	NA S:G142D S:DEL144 S:H146Q	153	5500	0.027818	21967	22028
T23599G C23604A T23641-G	S:N679K S:P681H NA	152	55840	0.002722	23581	23657
T24267-G A24424T	NA S:Q954H	150	1470	0.102041	24260	24424
C24536-A	NA	149	45760	0.003256	24529	24547
G23835-T	NA	145	15218	0.009528	23780	23848
C23854A C23887-A	S:N764K NA	144	13995	0.010289	23822	23895
G22813T T22882G T22896C G22898A T22942G	S:K417N S:N440K S:V445A S:G446S S:N460K	141	2941	0.047943	22808	22949
G22813T	S:K417N	141	5539	0.025456	22809	22816
A24424T T24472-G	S:Q954H NA	138	24985	0.005523	24415	24552
G22813T T22882G G22895C G22898A	S:K417N S:N440K S:V445L S:G446S	137	4143	0.033068	22800	22906
C24852-A C25000T A25045G	NA S:D1146D S:S1161S	135	6744	0.020018	24850	25065
G25287-T	NA	133	35481	0.003748	25277	25303
C23525T T23599G C23604A C23613T	S:H655Y S:N679K S:P681H S:A684V	128	28490	0.004493	23516	23637
A24424T C24466+A	S:Q954H NA	128	25054	0.005109	24416	24481
T22882G	S:N440K	127	5838	0.021754	22877	22887
G22813T T22882G G22895C T22896C G22898A G22927T T22928C T22942G	S:K417N S:N440K S:V445P S:V445P S:G446S S:L455F S:F456L S:N460K	126	2941	0.042843	22808	22966
C25262-TT	NA	124	34870	0.003556	25251	25292
A23403G G23486-T C23525T	S:D614G NA S:H655Y	124	8141	0.015232	23387	23529
T23637-C	NA	121	57988	0.002087	23627	23722
A24110-T	NA	119	2280	0.052193	24097	24121
C24672-A A24684-T	NA NA	118	4148	0.028447	24626	24698
G23364-A A23403G C23525T	NA S:D614G S:H655Y	117	7494	0.015612	23345	23532
A23853-C	NA	114	15076	0.007562	23846	23864
T22200A	S:V213E	113	3116	0.036264	22194	22211
T24492-A	NA	110	46750	0.002353	24483	24550
T24472-G	NA	106	44707	0.002371	24465	24560
C23816-T C23854A	NA S:N764K	105	14478	0.007252	23772	23871
C23816-T	NA	105	15476	0.006785	23779	23827
G23835-T C23854A	NA S:N764K	102	14669	0.006953	23811	23882
C22109G T22200A	S:Q183E S:V213E	102	2427	0.042027	22104	22208
A24498+T	NA	101	46584	0.002168	24474	24508
A24110-T C24119-A	NA NA	100	2207	0.04531	24021	24131
T22882G G22895C T22896C G22898A	S:N440K S:V445P S:V445P S:G446S	99	4683	0.02114	22876	22906
T24469A T24492-A	S:N969K NA	98	41217	0.002378	24465	24630
G24488-T C24672-A	NA NA	97	17648	0.005496	24486	24679
T25316C	S:S1252P	96	36095	0.00266	25274	25322
C23202T	S:T547I	96	5408	0.017751	23196	23210
C21978A G21987A T21990-TTA C22000A	S:P139Q S:G142D S:DEL144 S:H146Q	96	5508	0.017429	21960	22058
G21987A A21993-TTACC A21999C	S:G142D NA S:H146P	95	5514	0.017229	21962	22017
A24424T T24470-TTG	S:Q954H S:DEL971	95	24990	0.003802	24416	24564
A22320G	S:D253G	94	4664	0.020154	22306	22329
T23599G C23604A A23712-T	S:N679K S:P681H NA	93	26819	0.003468	23580	23724
C22109G	S:Q183E	93	2696	0.034496	22104	22112
A23712+T	NA	93	44218	0.002103	23697	23724
A24684-T	NA	92	4300	0.021395	24673	24698
A24674G	S:K1038E	92	22643	0.004063	24628	24679
C24852-A C25000T	NA S:D1146D	91	7011	0.01298	24850	25007
A24424T T24438+A	S:Q954H NA	91	25274	0.003601	24413	24468
C25294-A	NA	90	35639	0.002525	25285	25313
C25000T A25045G C25100-A	S:D1146D S:S1161S NA	88	3039	0.028957	24990	25111
C23525T T23599G T23602C C23604A	S:H655Y S:N679K S:S680S S:P681H	88	28499	0.003088	23516	23624
A25216-G	NA	88	29207	0.003013	25209	25307
A24424T T24469A T24472-G C24536-A	S:Q954H S:N969K NA NA	88	24637	0.003572	24413	24558
T25191-A G25218-T C25262-T	NA NA NA	83	24623	0.003371	25130	25290
T23143-A	NA	82	5521	0.014852	23109	23155
G25299-C	NA	82	35794	0.002291	25290	25306
T23599G C23604A T23662C	S:N679K S:P681H S:G700G	80	27638	0.002895	23580	23716
T21934-A G21987A T21990-TTA C22000A	NA S:G142D S:DEL144 S:H146Q	80	4125	0.019394	21867	22058
C22109G T22200A G22201T	S:Q183E S:V213D S:V213D	80	2417	0.033099	22100	22217
A24324-AT	NA	80	5158	0.01551	24236	24335
T25312C	S:C1250C	79	36116	0.002187	25288	25324
T25263C	S:L1234P	79	34912	0.002263	25259	25319
T25140-A	NA	79	27003	0.002926	25131	25155
T24470-TTG	S:DEL971	77	41658	0.001848	24465	24493
C23525T A23531G T23599G C23604A	S:H655Y S:N657D S:N679K S:P681H	77	28499	0.002702	23487	23637
T23599G T23600C C23604A	S:N679K S:S680P S:P681H	76	57149	0.00133	23580	23625
G22813T T22882G G22895C T22896C G22898A T22900-G	S:K417N S:N440K S:V445P S:V445P S:G446S NA	76	4143	0.018344	22793	22914
C25214+G	NA	75	28531	0.002629	25207	25307
T25272C	S:M1237T	74	35208	0.002102	25257	25311
T23511+A C23525T T23599G C23604A	NA S:H655S S:N679* S:P681Y	74	28385	0.002607	23487	23624
G23505-C C23525T T23599G C23604A	NA S:H655Y S:N679K S:P681H	74	28260	0.002619	23498	23642
C23525T T23542C T23599G C23604A	S:H655Y S:Y660Y S:N679K S:P681H	74	28499	0.002597	23498	23642
C24852-A	NA	73	9174	0.007957	24850	24862
C21888-T	NA	73	9299	0.00785	21850	21908
A23515+G C23525T T23599G C23604A	NA S:H655S S:N679* S:P681Y	73	28420	0.002569	23487	23624
T23599G C23604A C23609-G	S:N679K S:P681H NA	72	57124	0.00126	23580	23635
G24140-T	NA	72	2875	0.025043	24125	24158
A24424T T24469A C24536-A	S:Q954H S:N969K NA	72	24637	0.002922	24413	24554
A23786+T	NA	72	15691	0.004589	23767	23800
C23525T A23550G T23599G C23604A	S:H655Y S:D663G S:N679K S:P681H	71	28499	0.002491	23492	23642
T23599G C23604A T23640C	S:N679K S:P681H S:I693T	70	55893	0.001252	23580	23642
G23835-T C23887-A	NA NA	70	13628	0.005136	23767	23894
T23703-A	NA	69	44540	0.001549	23684	23711
T23596+A T23599G C23604A	NA S:N679* S:P681Y	69	57136	0.001208	23580	23636
C24466+A	NA	69	41304	0.001671	24465	24508
C23525T A23544G T23599G C23604A	S:H655Y S:E661G S:N679K S:P681H	69	28499	0.002421	23501	23624
A24479-T	NA	69	46055	0.001498	24476	24498
A24424T T24464-C T24471-TG	S:Q954H NA NA	69	24990	0.002761	24412	24564
T23599G C23604A A23712+T	S:N679K S:P681H NA	68	26819	0.002536	23581	23724
T22882G G22895C T22896C G22898A T22942G	S:N440K S:V445P S:V445P S:G446S S:N460K	68	3414	0.019918	22876	22948
C23525T T23546C T23599G C23604A	S:H655Y S:C662R S:N679K S:P681H	68	28499	0.002386	23501	23624
T23599G T23602C C23604A	S:N679K S:S680S S:P681H	67	57149	0.001172	23590	23637
T21934-A G21987A T21990-TTA A21999-C	NA S:G142D S:DEL144 NA	67	4125	0.016242	21913	22043
C24517-A	NA	67	46139	0.001452	24513	24527
C23367+A	NA	67	19257	0.003479	23339	23377
C24150+T	NA	66	5040	0.013095	24148	24177
A23688+G	NA	66	44383	0.001487	23683	23699
T25283C	S:C1241R	65	35406	0.001836	25251	25312
T23590C T23599G C23604A	S:T676T S:N679K S:P681H	65	57053	0.001139	23580	23642
A24423+T	NA	65	27504	0.002363	24417	24424
A21875+T	NA	65	9348	0.006953	21850	21891
G25181+A	NA	64	28139	0.002274	25174	25208
C23525T C23533-A T23599G C23604A	S:H655Y NA S:N679K S:P681H	64	28499	0.002246	23495	23624
A25208-T	NA	64	31208	0.002051	25199	25210
T24643-A C24672-A	NA NA	63	22559	0.002793	24637	24679
T23689-A	NA	63	44442	0.001418	23683	23706
T25285-AG	NA	61	35431	0.001722	25260	25323
G23522-A C23525T T23599G C23604A	NA S:H655Y S:N679K S:P681H	61	28499	0.00214	23512	23624
C23525T T23548C T23599G C23604A	S:H655Y S:C662C S:N679K S:P681H	60	28499	0.002105	23487	23624
T23599G C23604A T23637C	S:N679K S:P681H S:I692T	59	56319	0.001048	23580	23642
T23599G C23604A G23675-T	S:N679K S:P681H NA	59	27547	0.002142	23580	23690
G23364-A A23403G	NA S:D614G	59	16544	0.003566	23341	23441
C25515T	ORF3a:L41L	59	2045	0.028851	25383	25519
C23525T A23594G T23599G C23604A	S:H655Y S:T678A S:N679K S:P681H	59	28499	0.00207	23488	23624
C23525T A23552G T23599G C23604A	S:H655Y S:I664V S:N679K S:P681H	59	28499	0.00207	23499	23624
T23599G C23604A G23666+A	S:N679K S:P681H NA	58	27607	0.002101	23580	23678
T23599G C23604A C23643T	S:N679K S:P681H S:A694V	58	55715	0.001041	23580	23704
T25301C	S:C1247R	57	35854	0.00159	25279	25325
T24492+A	NA	57	46750	0.001219	24483	24503
T23599G C23604A A23704+C	S:N679K S:P681H NA	57	27101	0.002103	23596	23724
T25268C	S:C1236R	56	35095	0.001596	25254	25324
T23511A C23525T T23599G C23604A	S:L650* S:H655Y S:N679K S:P681H	56	28385	0.001973	23493	23624
C23525T T23599G T23600C C23604A	S:H655Y S:N679K S:S680P S:P681H	56	28499	0.001965	23487	23624
C23525T T23599G C23604A A23639-T	S:H655Y S:N679K S:P681H NA	56	27510	0.002036	23507	23642
C23525T T23590C T23599G C23604A	S:H655Y S:T676T S:N679K S:P681H	56	28499	0.001965	23502	23633
T25293C	S:L1244P	55	35626	0.001544	25228	25324
T23599G C23604A A23704G	S:N679K S:P681H S:I714M	55	27101	0.002029	23580	23724
T23599G C23604A A23631G	S:N679K S:P681H S:Q690R	55	56613	0.000972	23580	23642
C25416T G25555-T	ORF3a:F8F NA	55	1849	0.029746	25372	25566
A24253-T A24323-AAT	NA S:DEL922	55	4711	0.011675	24229	24337
G23402-A	NA	54	17306	0.00312	23389	23410
T24469A C24555-AG	S:N969K NA	53	39812	0.001331	24465	24564
G24510+T	NA	53	46261	0.001146	24480	24518
A25327-T	NA	53	3424	0.015479	25311	25345
G24611+A	NA	52	18856	0.002758	24476	24626
C23525T T23529C T23599G C23604A	S:H655Y S:V656A S:N679K S:P681H	52	28499	0.001825	23506	23642
A25137-T	NA	52	26789	0.001941	25130	25147
C24555-AG	NA	51	45426	0.001123	24533	24582
C23367-A	NA	51	19257	0.002648	23347	23378
T25191+A C25262-T	NA NA	50	24623	0.002031	25130	25325
T23599G C23604A A23656G	S:N679K S:P681H S:S698S	50	27695	0.001805	23580	23699
T23164-A	NA	50	5543	0.00902	23155	23187
G25278-T	NA	50	35326	0.001415	25268	25299
G25157T	S:D1199Y	50	27646	0.001809	25135	25164
A25137-T C25262-T	NA NA	50	21807	0.002293	25130	25324
A23513G C23525T T23599G C23604A	S:I651V S:H655Y S:N679K S:P681H	50	28399	0.001761	23487	23624
T25322C	S:C1254R	49	35912	0.001364	25299	25324
T25319C	S:C1253R	49	36037	0.00136	25302	25325
G23486-T C23525T	NA S:H655Y	49	9099	0.005385	23471	23539
G22813T T22882G G22895C T22896C G22898A T22912C T22942G	S:K417N S:N440K S:V445P S:V445P S:G446S S:N450N S:N460K	49	2941	0.016661	22799	22949
A24803-T	NA	49	5343	0.009171	24776	24806
A24424T T24438+A T24469A	S:Q954H NA S:N969Q	49	25029	0.001958	24412	24564
A23403G A23474+T C23525T	S:D614G NA S:H655S	49	8141	0.006019	23399	23539
T24643-A	NA	48	22959	0.002091	24633	24657
T23599G C23604A T23629C	S:N679K S:P681H S:S689S	48	56662	0.000847	23580	23642
T23599G C23604A A23639-T	S:N679K S:P681H NA	48	55937	0.000858	23581	23642
G24486+T	NA	48	46485	0.001033	24474	24495
A24424T T24471-TG C24536-A	S:Q954H NA NA	48	24637	0.001948	24416	24557
A24424T C24435-T	S:Q954H NA	48	25303	0.001897	24412	24458
T25415-C	NA	47	7690	0.006112	25382	25451
T25251C	S:V1230A	47	31463	0.001494	25223	25320
T24469A A24674G	S:N969K S:K1038E	47	13673	0.003437	24465	24679
T23521C C23525T T23599G C23604A	S:A653A S:H655Y S:N679K S:P681H	47	28494	0.001649	23516	23642
C23525T T23537C T23599G C23604A	S:H655Y S:S659P S:N679K S:P681H	47	28499	0.001649	23493	23633
C23525T A23588G T23599G C23604A	S:H655Y S:T676A S:N679K S:P681H	47	28499	0.001649	23487	23642
C22109G C22120-A T22200A G22317T	S:Q183E NA S:V213E S:G252V	47	1869	0.025147	22100	22319
A25315G	S:G1251G	47	36120	0.001301	25302	25320
A24424T C24503-T	S:Q954H NA	47	24834	0.001893	24413	24513
A23474+T C23525T	NA S:H655S	47	8984	0.005232	23464	23539
T25303C	S:C1247C	46	35910	0.001281	25251	25320
T23599G C23604A T23693C	S:N679K S:P681H S:S711P	46	27421	0.001678	23580	23717
G24521+T	NA	46	46052	0.000999	24476	24532
C24418T A24424T	Unknown S:Q954H	46	27448	0.001676	24416	24424
C23525T A23592G T23599G C23604A	S:H655Y S:Q677R S:N679K S:P681H	46	28499	0.001614	23487	23624
A24253-T A24324-AT	NA NA	46	4642	0.00991	24230	24335
T24469A G24497T	S:N969K S:D979Y	45	41072	0.001096	24465	24671
T23599G C23604A T23654C	S:N679K S:P681H S:S698P	45	27706	0.001624	23581	23705
T23143-A T23164-A	NA NA	45	5444	0.008266	23093	23177
T21856+A	NA	45	9258	0.004861	21847	21868
G25183C	S:E1207D	45	28498	0.001579	25130	25205
C24981-T	NA	45	7788	0.005778	24943	24986
C21978A G21987A T21990-TTA A21999-C	S:P139Q S:G142D S:DEL144 NA	45	5508	0.00817	21959	22043
A25175G	S:K1205E	45	28033	0.001605	25165	25206
A24424T A24518G	S:Q954H S:K986E	45	24756	0.001818	24412	24554
A23432+C	NA	45	16732	0.002689	23398	23439
A23403G G23522-A C23525T	S:D614G NA S:H655Y	45	8141	0.005528	23398	23535
T25171-G	NA	44	27833	0.001581	25164	25210
T23599G C23604A T23652C	S:N679K S:P681H S:M697T	44	27727	0.001587	23588	23704
T23599G C23604A A23665G	S:N679K S:P681H S:A701A	44	27617	0.001593	23581	23705
T23584C T23599G C23604A	S:Y674Y S:N679K S:P681H	44	56953	0.000773	23580	23638
T23509C C23525T T23599G C23604A	S:C649C S:H655Y S:N679K S:P681H	44	28362	0.001551	23501	23635
G23522-A C23525T	NA S:H655Y	44	38889	0.001131	23507	23538
C23525T T23584C T23599G C23604A	S:H655Y S:Y674Y S:N679K S:P681H	44	28499	0.001544	23516	23622
A24654G	S:E1031G	44	22917	0.00192	24620	24667
A23588G T23599G C23604A	S:T676A S:N679K S:P681H	44	57024	0.000772	23580	23642
T25310C	S:C1250R	43	36093	0.001191	25300	25316
T24499+A	NA	43	46583	0.000923	24476	24509
T23599G C23604A A23691G	S:N679K S:P681H S:N710S	43	27438	0.001567	23587	23724
C25262-T C25416T	NA ORF3a:F8F	43	2357	0.018244	25252	25432
C25000T C25075T C25100-A	S:D1146D S:G1171G NA	43	3039	0.014149	24990	25132
C24517-A C24672-A	NA NA	43	17968	0.002393	24502	24679
C24422-A	NA	43	27514	0.001563	24412	24424
A25295G	S:K1245E	43	35675	0.001205	25244	25307
A25274G	S:T1238A	43	35245	0.00122	25256	25325
A24922-T C24981-T C25000T A25045G	NA NA S:D1146D S:S1161S	43	7125	0.006035	24868	25063
A23712-T	NA	43	44218	0.000972	23699	23723
A23494G C23525T T23599G C23604A	S:Q644Q S:H655Y S:N679K S:P681H	43	27994	0.001536	23489	23624
C25000T C25100-A	S:D1146D NA	42	3039	0.01382	24991	25135
C24026-T	NA	42	2395	0.017537	24021	24046
C23230-A	NA	42	5111	0.008218	23200	23242
A24424T T24469A G24488-T	S:Q954H S:N969K NA	42	24907	0.001686	24412	24500
A24318-C A24424T	NA S:Q954H	42	1765	0.023796	24310	24424
A23848+T C23887-A	NA NA	42	13901	0.003021	23767	23895
T25309C	S:S1249S	41	36071	0.001137	25296	25324
T23599G C23604G	S:N679K S:P681R	41	57149	0.000717	23580	23642
T23599G C23604A T23659C	S:N679K S:P681H S:L699L	41	27659	0.001482	23580	23705
T23143-A T23164-A C23230-A	NA NA NA	41	4697	0.008729	23090	23242
G25127-T	NA	41	25086	0.001634	25122	25210
G23835-T A23853-C	NA NA	41	14702	0.002789	23683	23862
G23508+T C23525T T23599G C23604A	NA S:H655S S:N679* S:P681Y	41	28338	0.001447	23487	23642
C24483+A	NA	41	46387	0.000884	24474	24492
C23525T T23599G C23604A T23620C	S:H655Y S:N679K S:P681H S:S686S	41	28476	0.00144	23487	23622
A24885+T C24981-T C25000T A25045G	NA NA S:D1146S S:S1161M	41	7019	0.005841	24857	25069
A23493G C23525T T23599G C23604A	S:Q644R S:H655Y S:N679K S:P681H	41	27887	0.00147	23487	23625
A21875+T G21987A	NA S:G142E	41	5827	0.007036	21848	21990
T23599G C23604A C23709+A	S:N679K S:P681H NA	40	26927	0.001485	23580	23724
T22882G G22895C G22898A	S:N440K S:V445L S:G446S	40	4683	0.008542	22876	22906
C23525T T23599G C23604A T23629C	S:H655Y S:N679K S:P681H S:S689S	40	28140	0.001421	23513	23637
A23627-G	NA	40	58013	0.00069	23620	23724
A23524G C23525T T23599G C23604A	S:E654E S:H655Y S:N679K S:P681H	40	28499	0.001404	23501	23624
T23599G C23604A T23684C	S:N679K S:P681H S:S708P	39	27488	0.001419	23580	23705
T23278-A	NA	39	12303	0.00317	23248	23290
T22882G T22896C G22898A T22942G	S:N440K S:V445A S:G446S S:N460K	39	3414	0.011424	22862	22966
T22200A G22201T	S:V213D S:V213D	39	3106	0.012556	22189	22319
G25249A	S:M1229I	39	31403	0.001242	25229	25325
G22813T T22882G T22942G	S:K417N S:N440K S:N460K	39	2941	0.013261	22805	22967
C24621T	S:A1020V	39	23010	0.001695	24571	24635
A25253G	S:T1231A	39	34574	0.001128	25235	25325
A24424T A24556-G	S:Q954H NA	39	24357	0.001601	24416	24561
T25265C	S:C1235R	38	34998	0.001086	25240	25325
T23599G C23604A T23641-G C23664T	S:N679K S:P681H NA S:A701V	38	27621	0.001376	23581	23700
T23599G C23604A A23674G	S:N679K S:P681H S:S704S	38	27555	0.001379	23580	23724
T23599G C23604A A23639G	S:N679K S:P681H S:I693V	38	55937	0.000679	23580	23642
T23581C T23599G C23604A	Unknown S:N679K S:P681H	38	56700	0.00067	23580	23624
T21951C	S:V130A	38	9399	0.004043	21867	21954
G23587T C23604A	S:Q675H S:P681H	38	56999	0.000667	23580	23642
C25239T	S:A1226V	38	31257	0.001216	25228	25325
C24119-A C24150+T	NA NA	38	2337	0.01626	24021	24191
C23525T T23599G C23604A A23631G	S:H655Y S:N679K S:P681H S:Q690R	38	28103	0.001352	23501	23642
C23525T T23569C T23599G C23604A	S:H655Y S:G669G S:N679K S:P681H	38	28499	0.001333	23487	23637
C23099-T	NA	38	5496	0.006914	23093	23111
A25190+G	NA	38	28767	0.001321	25183	25325
T24469A C24536-A	S:N969K NA	37	40208	0.00092	24465	24564
G24933-T	NA	37	8929	0.004144	24900	24943
C23854A G23948T	S:N764K S:D796Y	37	1145	0.032314	23848	23954
C23709-A	NA	37	44352	0.000834	23699	23720
C23525T T23599G C23604A G23612A	S:H655Y S:N679K S:P681H S:A684T	37	28490	0.001299	23515	23642
C23525T T23599G C23604A A23623G	S:H655Y S:N679K S:P681H S:V687V	37	28466	0.0013	23488	23624
A25472-T	NA	37	7204	0.005136	25382	25477
A23848+T	NA	37	15126	0.002446	23767	23873
T24471-TG C24536-A	NA NA	36	42972	0.000838	24465	24564
C23277T A23403G	S:T572I S:D614G	36	6781	0.005309	23270	23442
A24424T T24436C T24469A	S:Q954H S:A958A S:N969K	36	25029	0.001438	24413	24564
A23806G C23854A	S:E748E S:N764K	36	14425	0.002496	23695	23882
A21964-T	NA	36	9917	0.00363	21847	21975
T25304C	S:C1248R	35	35991	0.000972	25297	25325
T23599G C23604A T23698C	S:N679K S:P681H S:I712I	35	27387	0.001278	23581	23700
T23599G C23604A A23646G	S:N679K S:P681H S:Y695C	35	27764	0.001261	23580	23724
T23507C C23525T T23599G C23604A	S:C649R S:H655Y S:N679K S:P681H	35	28315	0.001236	23487	23624
G24557A	S:G999S	35	45304	0.000773	24507	24564
G23401T A23403G	S:Q613H S:D614G	35	17299	0.002023	23289	23441
G22577C G22578A	S:G339H S:G339H	35	291	0.120275	22553	22581
C23525T A23539G T23599G C23604A	S:H655Y S:S659S S:N679K S:P681H	35	28499	0.001228	23488	23637
C23123A	S:P521T	35	5491	0.006374	23108	23290
A24518C A24519C A24520T G24521C T24522C T24523C	S:K986P S:K986P S:K986P S:V987P S:V987P S:V987P	35	45981	0.000761	24417	24554
A24424T G24521+T	S:Q954H NA	35	24722	0.001416	24412	24546
T25285C	S:C1241C	34	35431	0.00096	25262	25325
T25232C	S:L1224L	34	31138	0.001092	25225	25325
T24658C	S:C1032C	34	22891	0.001485	24639	24668
T24469A C24621T	S:N969K S:A1020V	34	14129	0.002406	24465	24676
T23599G C23604A A23702G	S:N679K S:P681H S:I714V	34	27136	0.001253	23580	23724
G25244-T	NA	34	31339	0.001085	25223	25325
C24672-AA	NA	34	22661	0.0015	24626	24679
C24503-T	NA	34	46335	0.000734	24490	24517
C23525T T23599G C23604A T23633C	S:H655Y S:N679K S:P681H S:S691P	34	28070	0.001211	23487	23637
C23525T T23527C T23599G C23604A	S:H655Y S:H655Y S:N679K S:P681H	34	28499	0.001193	23500	23642
C23525T A23570G T23599G C23604A	S:H655Y S:I670V S:N679K S:P681H	34	28499	0.001193	23487	23617
C23103-T	NA	34	5488	0.006195	23096	23116
A23786-T	NA	34	15691	0.002167	23767	23796
A23592G T23599G C23604A	S:Q677R S:N679K S:P681H	34	57068	0.000596	23580	23642
T25291C	S:C1243C	33	35570	0.000928	25262	25319
T25289C	S:C1243R	33	35536	0.000929	25251	25320
T25228C	S:A1222A	33	31045	0.001063	25212	25307
T24464-C T24471-TG	NA NA	33	25806	0.001279	24429	24564
T23599G C23604A T23622C	S:N679K S:P681H S:V687A	33	57058	0.000578	23580	23642
T23599G C23604A T23617C	S:N679K S:P681H S:R685R	33	57079	0.000578	23582	23642
T23599G C23604A C23709-A	S:N679K S:P681H NA	33	26927	0.001226	23580	23717
G23768-T	NA	33	15795	0.002089	23767	23785
G22014-T	NA	33	8140	0.004054	22006	22054
C23525T T23599G C23604A T23617C	S:H655Y S:N679K S:P681H S:R685R	33	28479	0.001159	23511	23624
C23123T T23143-A	S:P521S NA	33	5447	0.006058	23096	23164
C22109G T22200A G22218-T G22317T	S:Q183E S:V213E NA S:G252V	33	1869	0.017657	22100	22319
A25256+T C25262-T	NA NA	33	34639	0.000953	25130	25325
A24424T T24436C	S:Q954H S:A958A	33	25284	0.001305	24412	24440
A24424T C24503+T	S:Q954H NA	33	24834	0.001329	24412	24564
A23523G C23525T T23599G C23604A	S:E654G S:H655Y S:N679K S:P681H	33	28499	0.001158	23487	23642
A23354+T	NA	33	19749	0.001671	23339	23362
T25279C	S:S1239S	32	35339	0.000906	25251	25318
T25270C	S:C1236C	32	35153	0.00091	25256	25275
T25219C	S:G1219G	32	29913	0.00107	25134	25274
T24469A A24654G	S:N969K S:E1031G	32	13917	0.002299	24465	24679
T23599G C23604A T23658C	S:N679K S:P681H S:L699P	32	27671	0.001156	23580	23700
T23599G C23604A C23613T	S:N679K S:P681H S:A684V	32	57111	0.00056	23580	23642
T23599G C23604A A23668G	S:N679K S:P681H S:E702E	32	27593	0.00116	23580	23724
T23599G C23603+A C23604G	S:N679K NA S:P681S	32	57149	0.00056	23581	23624
T23590C T23599G C23604A C23701T	S:T676T S:N679K S:P681H S:A713A	32	27250	0.001174	23580	23724
C24672-A G24693-A	NA NA	32	3804	0.008412	24626	24707
A24424T C24455-A	S:Q954H NA	32	25156	0.001272	24412	24465
A23594G T23599G C23604A	S:T678A S:N679K S:P681H	32	57108	0.00056	23580	23642
A23403G T23490C C23525T	S:D614G S:F643S S:H655Y	32	8141	0.003931	23355	23532
T24469A G24557A	S:N969K S:G999S	31	39701	0.000781	24465	24564
T23599G C23604A A23711G	S:N679K S:P681H S:N717D	31	26846	0.001155	23580	23724
G25305-T	NA	31	36004	0.000861	25294	25314
G25281A	S:C1240Y	31	35372	0.000876	25262	25325
G22813T T22882G G22898A T22942G	S:K417N S:N440K S:G446S S:N460K	31	2941	0.010541	22804	22966
G21987A T21990-TTA	S:G142D S:DEL144	31	7361	0.004211	21973	22012
C24536-AA	NA	31	45760	0.000677	24526	24554
C23525T T23599G C23604A T23622C	S:H655Y S:N679K S:P681H S:V687A	31	28472	0.001089	23512	23624
C23525T T23599G C23604A C23630-A	S:H655Y S:N679K S:P681H NA	31	28137	0.001102	23487	23642
C23525T T23599G C23604A C23609T	S:H655Y S:N679K S:P681H S:R683W	31	28492	0.001088	23487	23637
C23525T A23558G T23599G C23604A	S:H655Y S:I666V S:N679K S:P681H	31	28499	0.001088	23487	23642
C22109G C22120-A T22200A G22201T	S:Q183E NA S:V213D S:V213D	31	2417	0.012826	22100	22223
A25146G	S:E1195G	31	27363	0.001133	25141	25202
A24424T A24520G	S:Q954H S:K986K	31	24742	0.001253	24412	24564
A21875-T C21888-T	NA NA	31	9244	0.003354	21870	21913
T25280C	S:C1240R	30	35356	0.000849	25252	25314
T25161C	S:L1200P	30	27724	0.001082	25137	25196
T24643+A	NA	30	22959	0.001307	24612	24654
T23599G C23604A T23620C	S:N679K S:P681H S:S686S	30	57067	0.000526	23580	23642
T23599G C23604A A23670+T	S:N679K S:P681H NA	30	27587	0.001087	23580	23688
T23599G C23604A A23627G	S:N679K S:P681H S:S689G	30	56692	0.000529	23580	23642
T23293-G A23403G	NA S:D614G	30	6936	0.004325	23285	23443
G25173A C25262-T	S:G1204E NA	30	23061	0.001301	25130	25324
G25135+A C25262-T	NA NA	30	21719	0.001381	25130	25324
G23364-A C23525T	NA S:H655Y	30	7494	0.004003	23345	23539
G22813T T22882G G22895C T22896C G22898A A22914-C T22942G	S:K417N S:N440K S:V445P S:V445P S:G446S NA S:N460K	30	2941	0.010201	22807	22967
C24852-A A25045G	NA S:S1161S	30	6744	0.004448	24850	25069
C24435-T	NA	30	25866	0.00116	24428	24452
C23525T T23563C T23599G C23604A	S:H655Y S:G667G S:N679K S:P681H	30	28499	0.001053	23487	23624
C23525T A23541G T23599G C23604A	S:H655Y S:Y660C S:N679K S:P681H	30	28499	0.001053	23487	23642
A24675G	S:K1038R	30	22640	0.001325	24612	24679
A24424T C24536+A	S:Q954H NA	30	24637	0.001218	24412	24564
A23495G C23525T T23599G C23604A	S:T645A S:H655Y S:N679K S:P681H	30	28006	0.001071	23488	23637
T25237C	S:I1225I	29	31229	0.000929	25223	25325
T25233C	S:L1224S	29	31151	0.000931	25222	25325
T24660+A C24672-A	NA NA	29	22622	0.001282	24476	24679
T23599G C23604A T23689C	S:N679K S:P681H S:N709N	29	27455	0.001056	23580	23724
T23599G C23604A T23680C	S:N679K S:P681H S:A706A	29	27507	0.001054	23580	23700
T23599G C23604A A23648G	S:N679K S:P681H S:T696A	29	27745	0.001045	23580	23724
T23489C C23525T T23599G C23604A	S:F643L S:H655Y S:N679K S:P681H	29	27737	0.001046	23486	23642
G24497T	S:D979Y	29	46607	0.000622	24486	24676
G23835+T	NA	29	15218	0.001906	23767	23850
G23804-A C23854A	NA S:N764K	29	14411	0.002012	23794	23890
G23402T A23403G C23525T	S:D614C S:D614C S:H655Y	29	8141	0.003562	23335	23527
G22813T T22882G G22898A	S:K417N S:N440K S:G446S	29	4143	0.007	22795	22906
C25262-T C25300T	NA S:G1246G	29	34668	0.000837	25252	25310
C24672-A A24684-T G24693-A	NA NA NA	29	3804	0.007624	24612	24704
C23816-T G23835-T	NA NA	29	15027	0.00193	23767	23847
C23741T C23854A	S:L727L S:N764K	29	12104	0.002396	23694	23895
C23525T A23586G T23599G C23604A	S:H655Y S:Q675R S:N679K S:P681H	29	28499	0.001018	23501	23642
C23525T A23534G T23599G C23604A	S:H655Y S:N658D S:N679K S:P681H	29	28499	0.001018	23487	23642
A25255G	S:T1231T	29	34640	0.000837	25234	25323
A24922-T C24981-T C25000T	NA NA S:D1146D	29	7403	0.003917	24868	25017
A24677G	S:R1039G	29	22571	0.001285	24671	24679
A24673G	S:S1037S	29	22602	0.001283	24494	24679
A24424T A24532G	S:Q954H S:E990E	29	24666	0.001176	24412	24564
A23598G T23599G C23604A	S:N679R S:N679R S:P681H	29	57138	0.000508	23580	23642
A23474+T	NA	29	9192	0.003155	23462	23539
T25304-G	NA	28	35991	0.000778	25297	25324
T25264C	S:L1234L	28	34963	0.000801	25219	25325
T24469A A24610G	S:N969K S:A1016A	28	14195	0.001973	24465	24679
T24464-C T24470-TTG	NA S:DEL971	28	25807	0.001085	24435	24564
T23599G C23604A T23676C	S:N679K S:P681H S:V705A	28	27544	0.001017	23580	23685
T23599G C23604A G23699A	S:N679K S:P681H S:A713T	28	27374	0.001023	23580	23700
T23599G C23604A A23682G	S:N679K S:P681H S:Y707C	28	27497	0.001018	23580	23715
T23491C C23525T T23599G C23604A	S:F643F S:H655Y S:N679K S:P681H	28	27772	0.001008	23487	23633
T23487C C23525T T23599G C23604A	Unknown S:H655Y S:N679K S:P681H	28	14358	0.00195	23486	23634
T21632-TACCCCCTG	S:DEL25/27	28	395	0.070886	21595	21664
G23735+A	NA	28	13962	0.002005	23683	23747
G22813T T22882G G22895C T22896C G22898A T22928C T22942G	S:K417N S:N440K S:V445P S:V445P S:G446S S:F456L S:N460K	28	2941	0.009521	22793	22966
C25075T	S:G1171G	28	3253	0.008607	25051	25085
C24455-A	NA	28	25920	0.00108	24413	24470
C24418T A24424T T24469A	S:V952V S:Q954H S:N969K	28	24992	0.00112	24412	24564
C23778-A C23854A	NA S:N764K	28	14184	0.001974	23728	23895
C23525T T23599G C23604G	S:H655Y S:N679K S:P681R	28	28499	0.000982	23487	23622
C23525T T23599G C23604A T23637C	S:H655Y S:N679K S:P681H S:I692T	28	27867	0.001005	23509	23642
C23525T T23599G C23604A A23614G	S:H655Y S:N679K S:P681H S:A684A	28	28487	0.000983	23508	23624
C23525T A23572G T23599G C23604A	S:H655Y S:I670M S:N679K S:P681H	28	28499	0.000982	23487	23642
A25271G	S:M1237V	28	35184	0.000796	25266	25318
A24885+T C24981-T C25000T	NA NA S:D1146S	28	7296	0.003838	24850	25019
A24424T T24464-C T24470-TTG	S:Q954H NA S:DEL971	28	24990	0.00112	24412	24561
A24424T T24451+A	S:Q954H NA	28	25183	0.001112	24415	24468
A24424T G24428+A	S:Q954H NA	28	25328	0.001105	24416	24554
A24424T A24551G	S:Q954H S:I997V	28	24510	0.001142	24412	24562
A23403G C23525T A23531G	S:D614G S:H655Y S:N657D	28	8072	0.003469	23390	23539
A21979-T G21987A A21993-TTACC A21999C	NA S:G142D NA S:H146P	28	5508	0.005084	21902	22019
T25307C	S:S1249P	27	36061	0.000749	25292	25325
T25260C	S:M1233T	27	34775	0.000776	25251	25325
T25257C	S:I1232T	27	34699	0.000778	25214	25325
T25248C	S:M1229T	27	31365	0.000861	25235	25325
T25150C	S:S1196S	27	27437	0.000984	25130	25162
T24438+A	NA	27	25882	0.001043	24417	24476
T23599G C23604A G23610A	S:N679K S:P681H S:R683Q	27	57115	0.000473	23580	23642
T23599G C23604A A23696G	S:N679K S:P681H S:I712V	27	27404	0.000985	23580	23724
T23599G C23604A A23614G	S:N679K S:P681H S:A684A	27	57103	0.000473	23580	23642
T22882G T22942G	S:N440K S:N460K	27	3414	0.007909	22876	22967
T21934-A T21990-TTA C22000A	NA S:DEL144 S:H146Q	27	4125	0.006545	21847	22058
G25305T	S:C1248F	27	36004	0.00075	25273	25325
C23525T T23599G C23604A A23636G	S:H655Y S:N679K S:P681H S:I692V	27	27912	0.000967	23501	23642
C23525T T23573C T23599G C23604A	S:H655Y S:C671R S:N679K S:P681H	27	28499	0.000947	23487	23642
C23525T A23532G T23599G C23604A	S:H655Y S:N657S S:N679K S:P681H	27	28499	0.000947	23499	23624
C23399+T C23525T	NA S:H655S	27	8115	0.003327	23344	23539
C23123T T23143-A T23164-A	S:P521S NA NA	27	5370	0.005028	23119	23186
A25247G	S:M1229V	27	31365	0.000861	25230	25317
A24520G	S:K986K	27	46121	0.000585	24507	24564
A24495G	S:N978S	27	46665	0.000579	24490	24510
A24479-T G24488-T	NA NA	27	45992	0.000587	24476	24505
A24318-C	NA	27	5392	0.005007	24301	24357
A23497-C C23525T T23599G C23604A	NA S:H655Y S:N679K S:P681H	27	28029	0.000963	23488	23624
T25224C	S:I1221T	26	30859	0.000843	25209	25325
T24469A A24551G	S:N969K S:I997V	26	39918	0.000651	24465	24564
T23599G C23604A G23678A	S:N679K S:P681H S:A706T	26	27538	0.000944	23580	23724
T23599G C23604A G23628A	S:N679K S:P681H S:S689N	26	56676	0.000459	23580	23710
T23599G C23604A A23632G	S:N679K S:P681H S:Q690Q	26	56587	0.000459	23580	23642
T23599G C23604A A23623G	S:N679K S:P681H S:V687V	26	57040	0.000456	23580	23642
T23434-C C23525T	NA S:H655Y	26	8724	0.00298	23418	23539
T21864+A	NA	26	9271	0.002804	21847	21874
G25299A	S:G1246D	26	35794	0.000726	25278	25324
G25217A	S:G1219S	26	29267	0.000888	25207	25325
C25262-T A25327-T	NA NA	26	3014	0.008626	25252	25335
C25151+A	NA	26	27452	0.000947	25143	25180
C23525T T23560C T23599G C23604A	S:H655Y S:I666I S:N679K S:P681H	26	28499	0.000912	23487	23642
C23525T T23553C T23599G C23604A	S:H655Y S:I664T S:N679K S:P681H	26	28499	0.000912	23487	23637
C23525T T23540C T23599G C23604A	S:H655Y S:Y660H S:N679K S:P681H	26	28499	0.000912	23501	23624
C23525T A23526G T23599G C23604A	S:H655C S:H655C S:N679K S:P681H	26	28499	0.000912	23487	23624
C23399+T	NA	26	17687	0.00147	23340	23410
C23123T T23164-A	S:P521S NA	26	5370	0.004842	23113	23176
A25206G	S:Y1215C	26	30588	0.00085	25190	25210
A25164G	S:Q1201R	26	27755	0.000937	25145	25210
A24525G	S:E988G	26	46005	0.000565	24517	24564
A24508G	S:S982S	26	46292	0.000562	24493	24555
A24498+T C24672-A	NA NA	26	17830	0.001458	24489	24679
A24424T T24469A T24471-TG	S:Q954H S:N969K NA	26	24990	0.00104	24412	24564
A24424T T24469A C24503+T	S:Q954H S:N969K NA	26	24834	0.001047	24412	24554
A24424T T24469A A24520G	S:Q954H S:N969K S:K986K	26	24742	0.001051	24412	24555
A24424T A24539+T	S:Q954H NA	26	24618	0.001056	24415	24564
A23720G C23854A	S:I720V S:N764K	26	12030	0.002161	23707	23895
T25155C	S:I1198T	25	27652	0.000904	25131	25160
T24267-G A24318-C A24424T	NA NA S:Q954H	25	1470	0.017007	24229	24424
T23599G C23604A T23697C	S:N679K S:P681H S:I712T	25	27396	0.000913	23580	23724
T23599G C23604A T23633C	S:N679K S:P681H S:S691P	25	56565	0.000442	23580	23637
T23599G C23604A A23670G	S:N679K S:P681H S:N703S	25	27587	0.000906	23580	23717
T23599G C23604A A23667G	S:N679K S:P681H S:E702G	25	27599	0.000906	23587	23700
T23582C T23599G C23604A	S:Y674H S:N679K S:P681H	25	56893	0.000439	23580	23642
T21934-A T21990-TTA A21999-C	NA S:DEL144 NA	25	4125	0.006061	21916	22043
G25364-T	NA	25	3404	0.007344	25251	25375
G25323A	S:C1254Y	25	35909	0.000696	25313	25325
G25157T C25262-T	S:D1199Y NA	25	22489	0.001112	25130	25325
G23499A C23525T T23599G C23604A	S:R646H S:H655Y S:N679K S:P681H	25	28082	0.00089	23487	23642
G22813T T22882G T22896C G22898A A22914-C T22942G	S:K417N S:N440K S:V445A S:G446S NA S:N460K	25	2941	0.008501	22801	22967
G22809-A G22813T T22882G G22895C T22896C G22898A	NA S:K417N S:N440K S:V445P S:V445P S:G446S	25	4139	0.00604	22801	22906
G21987A C22000A	S:G142D S:H146Q	25	5514	0.004534	21980	22051
C25262-T T25291C	NA S:C1243C	25	34733	0.00072	25251	25324
C25000T A25045G G25052T	S:D1146D S:S1161S S:V1164F	25	10743	0.002327	24990	25069
C24632-T	NA	25	23021	0.001086	24612	24679
C23525T T23599G C23604A C23609-G	S:H655Y S:N679K S:P681H NA	25	28492	0.000877	23501	23635
C23525T T23596C T23599G C23604A	S:H655Y S:T678T S:N679K S:P681H	25	28499	0.000877	23487	23642
C23525T A23566G T23599G C23604A	S:H655Y S:A668A S:N679K S:P681H	25	28499	0.000877	23487	23624
C23525T A23535G T23599G C23604A	S:H655Y S:N658S S:N679K S:P681H	25	28499	0.000877	23487	23624
C23393+T	NA	25	17853	0.0014	23341	23414
A25420+T	NA	25	7652	0.003267	25381	25429
A25235G	S:I1225V	25	31194	0.000801	25223	25325
A25182G G25198-C	S:E1207G NA	25	28142	0.000888	25145	25210
A24468-T	NA	25	41414	0.000604	24465	24491
A24424T T24469A C24536+A	S:Q954H S:N969K NA	25	24637	0.001015	24412	24564
A24324T	S:K921I	25	5158	0.004847	24229	24327
A23597G T23599G C23604A	S:N679E S:N679E S:P681H	25	57138	0.000438	23581	23636
A23586G T23599G C23604A	S:Q675R S:N679K S:P681H	25	56981	0.000439	23580	23642
A23497G C23525T T23599G C23604A	S:T645T S:H655Y S:N679K S:P681H	25	28029	0.000892	23488	23624
A21875-T G21987A	NA S:G142D	25	5827	0.00429	21867	21990
T25140+A C25262-T	NA NA	24	21873	0.001097	25122	25290
T24487C	S:S975S	24	46598	0.000515	24482	24564
T24469A T24504C	S:N969K S:L981P	24	40831	0.000588	24465	24564
T23850+A	NA	24	15111	0.001588	23790	23864
T23599G T23602-C C23604A	S:N679K NA S:P681H	24	57149	0.00042	23580	23642
T23599G C23604A C23609T	S:N679K S:P681H S:R683W	24	57124	0.00042	23580	23642
T21934-A C21978A G21987A T21990-TTA C22000A	NA S:P139Q S:G142D S:DEL144 S:H146Q	24	4125	0.005818	21903	22058
G25238A	S:A1226T	24	31238	0.000768	25217	25324
G25183C C25262-T	S:E1207D NA	24	23801	0.001008	25133	25325
G23587T T23599G	S:Q675H S:N679K	24	57037	0.000421	23580	23642
G23508+T C23525T	NA S:H655S	24	38607	0.000622	23487	23535
G22813T T22882G T22896C G22898A	S:K417N S:N440K S:V445A S:G446S	24	4143	0.005793	22800	22912
C25000T A25045G T25072-G	S:D1146D S:S1161S NA	24	3198	0.007505	24990	25083
C23525T T23599G C23604A G23610A	S:H655Y S:N679K S:P681H S:R683Q	24	28490	0.000842	23487	23624
C23525T T23582C T23599G C23604A	S:H655Y S:Y674H S:N679K S:P681H	24	28499	0.000842	23487	23640
C22109G C22120-A T22200A	S:Q183E NA S:V213E	24	2427	0.009889	22105	22205
A25315+G	NA	24	36120	0.000664	25303	25324
A25174G	S:G1204G	24	27988	0.000858	25139	25210
A25147G	S:E1195E	24	27363	0.000877	25138	25163
A24556-G	NA	24	45317	0.00053	24521	24562
A24518G	S:K986E	24	46144	0.00052	24490	24531
A24424T T24472-G C24536-A	S:Q954H NA NA	24	24637	0.000974	24412	24564
A24424T T24469A A24556-G	S:Q954H S:N969K NA	24	24357	0.000985	24412	24564
A24424C	S:Q954H	24	27487	0.000873	24417	24451
A24110-T C24119-A G24124-T	NA NA NA	24	2104	0.011407	24021	24145
A23515-G C23525T T23599G C23604A	NA S:H655Y S:N679K S:P681H	24	28420	0.000844	23493	23642
A23403G A23432+C	S:D614G NA	24	16016	0.001499	23345	23440
T25288C	S:S1242S	23	35517	0.000648	25265	25307
T25180-G	NA	23	28123	0.000818	25163	25204
T24544+A	NA	23	45649	0.000504	24489	24558
T24514C	S:L984L	23	46157	0.000498	24486	24532
T24238C	S:A892A	23	5403	0.004257	24229	24309
T23599G C23604A T23672C	S:N679K S:P681H S:S704P	23	27568	0.000834	23580	23724
T23599G C23604A G23663A	S:N679K S:P681H S:A701T	23	27631	0.000832	23580	23700
T23599G C23604A G23608A	S:N679K S:P681H S:R682R	23	57126	0.000403	23580	23642
T23599G C23604A C23700T	S:N679K S:P681H S:A713V	23	27362	0.000841	23580	23724
T23599G C23604A C23638T	S:N679K S:P681H S:I692I	23	56300	0.000409	23580	23642
T23599G C23604A A23688G	S:N679K S:P681H S:N709S	23	27461	0.000838	23580	23724
T23599G C23604A A23636G	S:N679K S:P681H S:I692V	23	56372	0.000408	23580	23642
G23093T	S:V511L	23	5429	0.004237	23089	23144
G21974T	S:D138Y	23	10172	0.002261	21847	21983
C25262-T T25285-AG	NA NA	23	34764	0.000662	25122	25325
C24422-A A24425T	NA S:N955Y	23	27382	0.00084	24412	24445
C24119-A G24124-T	NA NA	23	2429	0.009469	24021	24146
C24026-T A24110-T C24119-A	NA NA NA	23	1874	0.012273	24021	24137
C23525T A23554G T23599G C23604A	S:H655Y S:I664M S:N679K S:P681H	23	28499	0.000807	23487	23637
C23334-T C23367-A	NA NA	23	7285	0.003157	23285	23389
A25286G	S:S1242G	23	35466	0.000649	25266	25325
A25246G	S:V1228V	23	31355	0.000734	25218	25325
A24777G	S:E1072G	23	5577	0.004124	24724	24791
A24424T T24480C	S:Q954H S:I973T	23	24945	0.000922	24416	24564
A24424T T24470-TTG C24536-A	S:Q954H S:DEL971 NA	23	24637	0.000934	24412	24563
A24424T A24468-T	S:Q954H NA	23	25036	0.000919	24412	24554
A24424C T24469A	S:Q954H S:N969K	23	25029	0.000919	24417	24564
A21993-TTACC A21999C	NA S:H146P	23	5515	0.00417	21947	22058
T25306C	S:C1248C	22	36027	0.000611	25222	25325
T25191-A C25262-TT	NA NA	22	24623	0.000893	25122	25307
T24660+A	NA	22	22888	0.000961	24612	24670
T23599G C23604A T23686C	S:N679K S:P681H S:S708S	22	27466	0.000801	23580	23700
T23599G C23604A C23635T	S:N679K S:P681H S:S691S	22	56473	0.00039	23580	23642
T23599G C23604A A23651G	S:N679K S:P681H S:M697V	22	27736	0.000793	23580	23724
G24971+T C24981-T C25000T A25045G	NA NA S:D1146S S:S1161M	22	7323	0.003004	24850	25069
G23804A C23854A	S:E748K S:N764K	22	14411	0.001527	23693	23895
G22813T T22882G G22895C T22896C G22898A G22933+T	S:K417N S:N440K S:V445P S:V445P S:G446S NA	22	3367	0.006534	22793	22940
C25418A	ORF3a:T9K	22	7655	0.002874	25382	25433
C25416T C25418A	ORF3a:F8F ORF3a:T9K	22	7655	0.002874	25372	25477
C25292+G	NA	22	35592	0.000618	25281	25325
C25262-T T25289C	NA S:C1243R	22	34741	0.000633	25251	25325
C23887A A23888C G23948T	S:D775E S:K776Q S:D796Y	22	1335	0.016479	23875	23978
C23709+A	NA	22	44352	0.000496	23683	23719
C23525T T23599G C23604A A23632G	S:H655Y S:N679K S:P681H S:Q690Q	22	28085	0.000783	23487	23633
C23525T G23564A T23599G C23604A	S:H655Y S:A668T S:N679K S:P681H	22	28499	0.000772	23502	23639
C23502T C23525T T23599G C23604A	S:A647V S:H655Y S:N679K S:P681H	22	28218	0.00078	23493	23637
C22120-A	NA	22	2829	0.007777	22112	22142
A25225G	S:I1221M	22	30908	0.000712	25219	25298
A25201G	S:P1213P	22	30072	0.000732	25190	25210
A25190G	S:I1210V	22	28767	0.000765	25186	25210
A24604G	S:R1014R	22	18880	0.001165	24544	24624
A24531G	S:E990G	22	45876	0.00048	24514	24543
A24424T T24469A T24504C	S:Q954H S:N969K S:L981P	22	24831	0.000886	24416	24549
A24424T A24525G	S:Q954H S:E988G	22	24698	0.000891	24417	24564
A24110-T C24150+T	NA NA	22	2012	0.010934	24030	24181
A23704+C	NA	22	44524	0.000494	23683	23724
A23558-T T23599G C23604A	NA S:N679K S:P681H	22	28841	0.000763	23525	23634
A23503G C23525T T23599G C23604A	S:A647A S:H655Y S:N679K S:P681H	22	28244	0.000779	23487	23634
T25209C	S:I1216T	21	31344	0.00067	25200	25210
T25191-A G25218-T	NA NA	21	24762	0.000848	25130	25264
T25159C	S:D1199D	21	27694	0.000758	25141	25210
T24565C	S:L1001L	21	44996	0.000467	24550	24679
T24469A G24611A	S:N969K S:E1017K	21	14188	0.00148	24465	24679
T24469A A24604G	S:N969K S:R1014R	21	14213	0.001478	24465	24679
T24417C A24424T	S:V952A S:Q954H	21	27419	0.000766	24412	24424
T23599G C23604A T23650C	S:N679K S:P681H S:T696T	21	27740	0.000757	23580	23724
T23599G C23604A T23641C	S:N679K S:P681H S:I693I	21	55840	0.000376	23590	23642
T23599G C23604A A23690G	S:N679K S:P681H S:N710D	21	27445	0.000765	23580	23708
T23511-A C23525T T23599G C23604A	NA S:H655Y S:N679K S:P681H	21	28385	0.00074	23493	23624
T23344C	S:G594G	21	19652	0.001069	23335	23373
T21976-C G21987A T21990-TTA A21999-C	NA S:G142D S:DEL144 NA	21	5500	0.003818	21966	22058
G25320A	S:C1253Y	21	36020	0.000583	25275	25324
G25269A	S:C1236Y	21	35115	0.000598	25219	25325
G25177+A	NA	21	28036	0.000749	25167	25325
G25173A	S:G1204E	21	27944	0.000752	25127	25178
G25130-C	NA	21	25451	0.000825	25122	25210
G24611A	S:E1017K	21	18856	0.001114	24586	24679
G23519A C23525T T23599G C23604A	S:A653T S:H655Y S:N679K S:P681H	21	28484	0.000737	23501	23633
G22104-A C22109G C22120-A	NA S:Q183E NA	21	2652	0.007919	22100	22132
C25308-T	NA	21	36075	0.000582	25299	25324
C24964-A C24981-T C25000T A25045G	NA NA S:D1146D S:S1161S	21	7298	0.002878	24850	25068
C23799T C23854A	S:S746L S:N764K	21	14369	0.001461	23796	23887
C23525T T23599G C23604A C23615T	S:H655Y S:N679K S:P681H S:R685C	21	28483	0.000737	23487	23642
C23525T T23599G C23604A A23639G	S:H655Y S:N679K S:P681H S:I693V	21	27510	0.000763	23487	23642
C23525T T23571C T23599G C23604A	S:H655Y S:I670T S:N679K S:P681H	21	28499	0.000737	23505	23624
C23525T G23587T C23604A	S:H655Y S:Q675H S:P681H	21	28499	0.000737	23487	23642
C23525T G23576A T23599G C23604A	S:H655Y S:A672T S:N679K S:P681H	21	28499	0.000737	23487	23634
C23525T C23556T T23599G C23604A	S:H655Y S:P665L S:N679K S:P681H	21	28499	0.000737	23487	23642
C23525T A23579G T23599G C23604A	S:H655Y S:S673G S:N679K S:P681H	21	28499	0.000737	23487	23642
C23123T C23286T	S:P521S S:A575V	21	4240	0.004953	23089	23290
A25241G	S:I1227V	21	31290	0.000671	25208	25325
A25208+T C25262-T	NA NA	21	26985	0.000778	25135	25324
A25176G	S:K1205R	21	28037	0.000749	25136	25210
A25137+T C25262-T	NA NA	21	21807	0.000963	25122	25325
A25133G	S:K1191E	21	26355	0.000797	25122	25291
A24537G	S:Q992R	21	45714	0.000459	24521	24564
A24424T T24469A T24470C	S:Q954H S:N969K S:F970L	21	24990	0.00084	24412	24564
A24424T T24469A A24518G	S:Q954H S:N969K S:K986E	21	24756	0.000848	24412	24564
A24424T A24508G	S:Q954H S:S982S	21	24810	0.000846	24412	24564
A23756-C C23854A	NA S:N764K	21	12150	0.001728	23745	23895
A23403G T23434-C	S:D614G NA	21	15567	0.001349	23396	23443
A21999-C	NA	21	6833	0.003073	21955	22015
A21979-T G21987A T21990-TTA A21999-CAA	NA S:G142D S:DEL144 S:DEL147	21	5508	0.003813	21847	22024
T25187+A	NA	20	28675	0.000697	25130	25205
T25170C	S:L1203P	20	27825	0.000719	25130	25210
T25140+A	NA	20	27003	0.000741	25130	25151
T24628-A	NA	20	23025	0.000869	24612	24679
T24564C	S:L1001P	20	45145	0.000443	24537	24564
T24489C	S:V976A	20	46675	0.000428	24475	24496
T24469A T24658C	S:N969K S:C1032C	20	13900	0.001439	24465	24676
T24469A A24525G	S:N969K S:E988G	20	40433	0.000495	24465	24563
T24469A A24516G	S:N969K S:D985G	20	40594	0.000493	24465	24564
T23803-G C23854A	NA S:N764K	20	14406	0.001388	23683	23895
T23599G T23600+C C23604A	S:N679K NA S:P681Y	20	57149	0.00035	23580	23614
T23599G C23604A T23645C	S:N679K S:P681H S:Y695H	20	27779	0.00072	23580	23724
T23599G C23604A C23615T	S:N679K S:P681H S:R685C	20	57095	0.00035	23580	23642
T23599G C23604A A23687G	S:N679K S:P681H S:N709D	20	27462	0.000728	23580	23724
T23599G C23604A A23618G	S:N679K S:P681H S:S686G	20	57075	0.00035	23580	23642
T23500C C23525T T23599G C23604A	S:R646R S:H655Y S:N679K S:P681H	20	28123	0.000711	23493	23642
G25555-T	NA	20	1849	0.010817	25372	25566
G23587T	S:Q675H	20	57134	0.00035	23580	23642
G22813T T22882G G22895C T22896C G22898A T22942G A22948-C	S:K417N S:N440K S:V445P S:V445P S:G446S S:N460K NA	20	2849	0.00702	22808	22967
C25276-A	NA	20	35288	0.000567	25266	25325
C25132+A C25262-T	NA NA	20	21585	0.000927	25122	25290
C25000T A25045G T25072-G C25100-A	S:D1146D S:S1161S NA NA	20	3039	0.006581	24990	25173
C24878-A	NA	20	9449	0.002117	24853	24890
C23859+T	NA	20	15017	0.001332	23767	23873
C23854G	S:N764K	20	15043	0.00133	23767	23875
C23854A T23860C	S:N764K S:A766A	20	14880	0.001344	23838	23894
C23123T C23230-A	S:P521S NA	20	4635	0.004315	23089	23240
C22109G C22120-A T22200A G22218-T G22317T	S:Q183E NA S:V213E NA S:G252V	20	1869	0.010701	22100	22319
A24554G	S:T998A	20	45433	0.00044	24480	24564
A24493T	S:L977F	20	46679	0.000428	24489	24564
A24424T T24549C	S:Q954H S:L996S	20	24524	0.000816	24412	24564
A24424T T24469A A24562G	S:Q954H S:N969K S:R1000R	20	24282	0.000824	24412	24564
A24424T T24448C	S:Q954H S:L962L	20	25200	0.000794	24412	24515
A24423+T T24469A	NA S:N969Q	20	25017	0.000799	24412	24519
A23403G T23434-C C23525T	S:D614G NA S:H655Y	20	8141	0.002457	23399	23535
A23403G A23474+T	S:D614G NA	20	8343	0.002397	23390	23539
T25414C C25416T	ORF3a:F8L ORF3a:F8L	19	7687	0.002472	25383	25477
T25316-C	NA	19	36095	0.000526	25300	25320
T25171+G C25262-T	NA NA	19	22923	0.000829	25132	25312
T25152C	S:L1197P	19	27604	0.000688	25122	25314
T25129C	S:V1189V	19	25358	0.000749	25122	25162
T24529C	S:A989A	19	45949	0.000414	24518	24564
T24469A T24472-G C24536-A	S:N969K NA NA	19	40208	0.000473	24426	24564
T23599G C23604A T23681C	S:N679K S:P681H S:Y707H	19	27498	0.000691	23580	23699
T23599G C23604A T23677C	S:N679K S:P681H S:V705V	19	27543	0.00069	23580	23708
T23394C A23403G	S:L611P S:D614G	19	17063	0.001114	23373	23429
G24611+A C24672-A	NA NA	19	18280	0.001039	24482	24679
G22813T T22882G G22895C G22898A T22900-G	S:K417N S:N440K S:V445L S:G446S NA	19	4143	0.004586	22799	22914
G22104-A C22109G T22200A G22317T	NA S:Q183E S:V213E S:G252V	19	1837	0.010343	22100	22319
C25416T G25507A	ORF3a:F8F ORF3a:A39T	19	2104	0.00903	25376	25566
C25416T A25472-T	ORF3a:F8F NA	19	7204	0.002637	25381	25477
C25156T	S:I1198I	19	27649	0.000687	25140	25187
C23525T T23599G C23604A C23625T	S:H655Y S:N679K S:P681H S:A688V	19	28453	0.000668	23501	23641
C23525T C23565T T23599G C23604A	S:H655Y S:A668V S:N679K S:P681H	19	28499	0.000667	23487	23642
C23381+A	NA	19	18279	0.001039	23339	23391
C23123T T23143-A T23164-A C23230-A	S:P521S NA NA NA	19	4635	0.004099	23089	23289
A25277G	S:S1239G	19	35304	0.000538	25239	25325
A25179G	S:Y1206C	19	28099	0.000676	25156	25210
A25176G C25262-T	S:K1205R NA	19	23198	0.000819	25122	25325
A25125G	S:E1188G	19	24947	0.000762	25122	25196
A24885+T	NA	19	9422	0.002017	24850	24901
A24661G	S:V1033V	19	22871	0.000831	24644	24676
A24551G	S:I997V	19	45528	0.000417	24488	24564
A24532G	S:E990E	19	45858	0.000414	24488	24545
A24424T T24552C	S:Q954H S:I997T	19	24491	0.000776	24412	24564
A24424T T24514C	S:Q954H S:L984L	19	24777	0.000767	24412	24530
A24424T T24513C	S:Q954H S:L984P	19	24782	0.000767	24412	24564
A24424T T24469A T24482C	S:Q954H S:N969K S:S974P	19	24935	0.000762	24412	24564
A24424T A24443G	S:Q954H S:T961A	19	25242	0.000753	24412	24491
A23847T C23854A	S:Q762L S:N764K	19	14941	0.001272	23684	23890
A23786+T C23887-A	NA NA	19	13198	0.00144	23705	23895
A23720-T	NA	19	43927	0.000433	23713	23724
A23013C T23018C T23019C T23031C A23055G A23063T T23075C	S:E484A S:F486P S:F486P S:F490S S:Q498R S:N501Y S:Y505H	19	166	0.114458	23008	23099
A22101T C22109G T22200A G22317T	Unknown S:Q183E S:V213E S:G252V	19	1810	0.010497	22100	22319
A21875-T A21964-T	NA NA	19	8586	0.002213	21847	21982
T25221C	S:F1220S	18	30655	0.000587	25205	25325
T25215C	S:L1218P	18	29067	0.000619	25177	25240
T25196-G C25262-T	NA NA	18	25048	0.000719	25122	25293
T24504C	S:L981P	18	46341	0.000388	24478	24564
T24469A G24488-T	S:N969K NA	18	41256	0.000436	24465	24501
T24469A A24617G	S:N969K S:R1019G	18	14149	0.001272	24465	24679
T23599G C23604A T23637-C	S:N679K S:P681H NA	18	56319	0.00032	23582	23642
T23599G C23604A A23708G	S:N679K S:P681H S:T716A	18	26946	0.000668	23580	23724
T23599G C23601T C23604A	S:N679K S:S680F S:P681H	18	57149	0.000315	23580	23642
T23344+G	NA	18	19652	0.000916	23336	23360
T22200A G22218-T G22317T	S:V213E NA S:G252V	18	2528	0.00712	22190	22319
G24124-T	NA	18	2752	0.006541	24105	24148
G23735-A	NA	18	13962	0.001289	23683	23750
G22813T T22882G T22896C T22942G	S:K417N S:N440K S:V445A S:N460K	18	2941	0.00612	22793	22966
G22813T T22882G T22896C G22898A G22927T T22928C T22942G	S:K417N S:N440K S:V445A S:G446S S:L455F S:F456L S:N460K	18	2941	0.00612	22797	22953
G22809-A G22813T T22882G	NA S:K417N S:N440K	18	5282	0.003408	22793	22891
G22104-A C22109G C22120-A T22200A	NA S:Q183E NA S:V213E	18	2391	0.007528	22100	22211
G22022-A	NA	18	8242	0.002184	22015	22058
C25262-T G25305T	NA S:C1248F	18	34644	0.00052	25122	25324
C24981-T A25045G	NA S:S1161S	18	7398	0.002433	24850	25069
C23854A T23916+A G23948T	S:N764K NA S:D796*	18	1145	0.015721	23843	23978
C23854A A23890G	S:N764K S:K776K	18	13630	0.001321	23837	23895
C23525T T23599G C23604A T23626C	S:H655Y S:N679K S:P681H S:A688A	18	28178	0.000639	23500	23642
C23127T	S:A522V	18	5501	0.003272	23089	23153
A25243G	S:I1227M	18	31324	0.000575	25208	25304
A25195G	S:K1211K	18	29423	0.000612	25188	25210
A25182G	S:E1207G	18	28479	0.000632	25141	25210
A24922+T C24981-T C25000T A25045G	NA NA S:D1146S S:S1161M	18	7125	0.002526	24850	25069
A24667G	S:G1035G	18	22770	0.000791	24644	24679
A24652G	S:S1030S	18	22916	0.000785	24612	24669
A24629G	S:N1023D	18	23034	0.000781	24547	24638
A24539+T	NA	18	45729	0.000394	24476	24558
A24479-T G24488-T C24672-A	NA NA NA	18	17251	0.001043	24470	24679
A24468-T T24470A	NA S:F970I	18	41361	0.000435	24465	24481
A24424T T24499C	S:Q954H S:D979D	18	24862	0.000724	24415	24564
A24424T T24469A T24514C	S:Q954H S:N969K S:L984L	18	24777	0.000726	24412	24564
A23756G C23854A	S:T732A S:N764K	18	12150	0.001481	23683	23889
A23523T C23525T T23599G C23604A	S:E654V S:H655Y S:N679K S:P681H	18	28499	0.000632	23487	23634
A23515+G T23599G C23604A	NA S:N679* S:P681Y	18	28420	0.000633	23487	23642
A23403G G23477T C23525T	S:D614G S:G639C S:H655Y	18	8141	0.002211	23339	23535
A23403G A23495G C23525T	S:D614G S:T645A S:H655Y	18	8141	0.002211	23335	23539
A23400G	S:Q613R	18	17554	0.001025	23335	23429
A23362+C	NA	18	19608	0.000918	23335	23370
A22101T C22109G T22200A	Unknown S:Q183E S:V213E	18	2358	0.007634	22100	22222
T25224C C25262-T	S:I1221T NA	17	30728	0.000553	25122	25276
T25211C	S:W1217R	17	32057	0.00053	25190	25325
T24660C	S:V1033A	17	22888	0.000743	24612	24679
T24499+A C24672-A	NA NA	17	17839	0.000953	24472	24679
T24492+A C24672-A	NA NA	17	17767	0.000957	24470	24679
T24482C	S:S974P	17	46367	0.000367	24476	24505
T24469A T24583C	S:N969K S:Y1007Y	17	14278	0.001191	24465	24679
T24469A T24552C	S:N969K S:I997T	17	39884	0.000426	24465	24564
T24294C	S:V911A	17	5571	0.003052	24268	24323
T23742-A	NA	17	13868	0.001226	23683	23760
T23599G T23602-C T23605A	S:N679K NA S:P681P	17	57127	0.000298	23580	23637
T23599G C23604A G23661A	S:N679K S:P681H S:G700D	17	27647	0.000615	23581	23699
T23599G C23604A G23642A	S:N679K S:P681H S:A694T	17	55781	0.000305	23580	23699
T23599G C23604A G23607A	S:N679K S:P681H S:R682Q	17	57126	0.000298	23580	23642
T23599G C23604A C23706T	S:N679K S:P681H S:P715L	17	27080	0.000628	23580	23724
T23599G C23604A C23630T	S:N679K S:P681H S:Q690*	17	56654	0.0003	23580	23642
T23599G C23604A C23625T	S:N679K S:P681H S:A688V	17	57010	0.000298	23580	23642
T23599G C23604A A23717G	S:N679K S:P681H S:T719A	17	26779	0.000635	23581	23724
T23599G C23604A A23696-T	S:N679K S:P681H NA	17	27404	0.00062	23589	23706
T23596C T23599G C23604A	S:T678T S:N679K S:P681H	17	57136	0.000298	23580	23642
T23510C C23525T T23599G C23604A	S:L650L S:H655Y S:N679K S:P681H	17	28380	0.000599	23487	23637
T23488C C23525T T23599G C23604A	Unknown S:H655Y S:N679K S:P681H	17	27599	0.000616	23487	23642
T23487G C23525T T23599G C23604A	Unknown S:H655Y S:N679K S:P681H	17	14358	0.001184	23486	23626
T23374C A23403G	S:T604T S:D614G	17	16627	0.001022	23269	23443
T23346C	S:V595A	17	19705	0.000863	23339	23361
T21951C G21987A	S:V130A S:G142D	17	6504	0.002614	21850	21993
G25313A	S:G1251R	17	36117	0.000471	25309	25325
G25302A	S:C1247Y	17	35889	0.000474	25262	25325
G25284-T	NA	17	35413	0.00048	25270	25325
G24868-T	NA	17	9450	0.001799	24857	24880
G24488-T C24517-A C24672-A	NA NA NA	17	17648	0.000963	24486	24679
G23417+A	NA	17	17548	0.000969	23351	23432
G23342A A23403G	S:G594S S:D614G	17	16249	0.001046	23335	23429
G22813T T22882G G22895C T22896C G22898A T22913C T22942G	S:K417N S:N440K S:V445P S:V445P S:G446S S:Y451H S:N460K	17	2941	0.00578	22801	22949
G22577C G22578A G22599C C22664A C22674T T22679C	S:G339H S:G339H S:R346T S:L368I S:S371F S:S373P	17	91	0.186813	22514	22682
G21974T G21987A	S:D138Y S:G142D	17	7477	0.002274	21847	21993
C25321T	S:C1253C	17	36012	0.000472	25304	25325
C25267T	S:C1235C	17	35064	0.000485	25251	25301
C25169-T C25262-T	NA NA	17	22848	0.000744	25130	25325
C24026-T A24110-T	NA NA	17	1945	0.00874	24021	24122
C23825+A	NA	17	15418	0.001103	23767	23839
C23816-T C23887-A	NA NA	17	13439	0.001265	23767	23895
C23603+A C23604G	NA S:P681S	17	57230	0.000297	23580	23642
C23525T T23599G C23604A G23624A	S:H655Y S:N679K S:P681H S:A688T	17	28455	0.000597	23498	23642
C23525T T23599G C23601T C23604A	S:H655Y S:N679K S:S680F S:P681H	17	28499	0.000597	23487	23624
C23525T C23575T T23599G C23604A	S:H655Y S:C671C S:N679K S:P681H	17	28499	0.000597	23487	23624
C23525T C23533-A	S:H655Y NA	17	38686	0.000439	23520	23539
C23525T A23597G T23599G C23604A	S:H655Y S:N679E S:N679E S:P681H	17	28499	0.000597	23487	23635
C23525T A23583G T23599G C23604A	S:H655Y S:Y674C S:N679K S:P681H	17	28499	0.000597	23501	23642
C23492-A C23525T T23599G C23604A	NA S:H655Y S:N679K S:P681H	17	27781	0.000612	23488	23642
C23399-A A23403G C23525T	NA S:D614G S:H655Y	17	8115	0.002095	23377	23536
C22109G G22317T	S:Q183E S:G252V	17	1869	0.009096	22103	22319
C22109G C22120-A	S:Q183E NA	17	2690	0.00632	22101	22143
A25259G	S:M1233V	17	34749	0.000489	25213	25324
A25154G	S:I1198V	17	27619	0.000616	25131	25210
A24780G	S:K1073R	17	5581	0.003046	24724	24806
A24498G	S:D979G	17	46584	0.000365	24473	24564
A24424T T24529C	S:Q954H S:A989A	17	24678	0.000689	24412	24564
A24424T T24469A T24506C	S:Q954H S:N969K S:S982P	17	24826	0.000685	24412	24564
A24424T C24512+T	S:Q954H NA	17	24786	0.000686	24418	24563
A24424T A24562G	S:Q954H S:R1000R	17	24282	0.0007	24412	24564
A24424T A24554G	S:Q954H S:T998A	17	24449	0.000695	24412	24564
A24424T A24538G	S:Q954H S:Q992Q	17	24625	0.00069	24415	24564
A24424T A24457G	S:Q954H S:Q965Q	17	25132	0.000676	24412	24564
A24323-AAT	S:DEL922	17	5223	0.003255	24229	24337
A24110-T C24119-A C24150+T	NA NA NA	17	2012	0.008449	24021	24173
A23810G C23854A	S:S750G S:N764K	17	14445	0.001177	23767	23873
A23762G C23854A	S:T734A S:N764K	17	12170	0.001397	23730	23873
A23702G	S:I714V	17	44538	0.000382	23698	23715
A23403G T23507-G C23525T	S:D614G NA S:H655Y	17	8141	0.002088	23335	23539
A23403G G23486-T	S:D614G NA	17	8256	0.002059	23335	23497
A23254-T	NA	17	4876	0.003486	23165	23290
T25191+A	NA	16	29145	0.000549	25122	25320
T25189C	S:Y1209Y	16	28704	0.000557	25181	25210
T24643-A C24672-A A24684-T	NA NA NA	16	4073	0.003928	24612	24697
T24541C	S:I993I	16	45699	0.00035	24518	24564
T24499C	S:D979D	16	46583	0.000343	24470	24526
T24475C	S:G971G	16	45556	0.000351	24473	24496
T24469A A24629G	S:N969K S:N1023D	16	14076	0.001137	24465	24671
T24469A A24576G	S:N969K S:Q1005R	16	14432	0.001109	24465	24650
T23599G C23664T	S:N679K S:A701V	16	27621	0.000579	23580	23709
T23599G C23604A T23695C	S:N679K S:P681H S:S711S	16	27410	0.000584	23580	23724
T23599G C23604A T23626C	S:N679K S:P681H S:A688A	16	56717	0.000282	23581	23642
T23599G C23604A G23675+T	S:N679K S:P681H NA	16	27547	0.000581	23580	23697
T23599G C23604A G23666-A A23712-T	S:N679K S:P681H NA NA	16	26819	0.000597	23580	23724
T23599G C23604A G23612A	S:N679K S:P681H S:A684T	16	57113	0.00028	23580	23642
T23599G C23604A C23707T	S:N679K S:P681H S:P715P	16	26976	0.000593	23580	23724
T23599G C23604A C23655T	S:N679K S:P681H S:S698L	16	27699	0.000578	23580	23724
T23599G C23604A A23688+G	S:N679K S:P681H NA	16	27461	0.000583	23587	23724
T23599G C23604A A23669G	S:N679K S:P681H S:N703D	16	27590	0.00058	23580	23724
T23487A C23525T T23599G C23604A	Unknown S:H655Y S:N679K S:P681H	16	14358	0.001114	23486	23624
T22882G G22898A T22942G	S:N440K S:G446S S:N460K	16	3414	0.004687	22850	22967
T21990-TTA	S:DEL144	16	7361	0.002174	21965	22012
T21861+A	NA	16	9264	0.001727	21847	21871
G25269-T	NA	16	35115	0.000456	25259	25325
G24558A	S:G999D	16	45295	0.000353	24492	24564
G23401T A23403G A23416T	S:Q613H S:D614G S:T618T	16	17044	0.000939	23269	23429
G23364+A	NA	16	19402	0.000825	23335	23375
G22813T T22882G G22895C G22898A T22942G	S:K417N S:N440K S:V445L S:G446S S:N460K	16	2941	0.00544	22793	22966
C25466-T	NA	16	7257	0.002205	25381	25477
C25262-T T25312C	NA S:C1250C	16	34574	0.000463	25122	25325
C25262-T G25364-T	NA NA	16	2831	0.005652	25251	25372
C25262-T G25278-T	NA NA	16	34785	0.00046	25251	25290
C25200T	S:P1213L	16	29946	0.000534	25151	25210
C25184T	S:Q1208*	16	28558	0.00056	25165	25210
C25163+A C25262-T	NA NA	16	22683	0.000705	25122	25285
C25000T A25045G C25100-A T25196-G	S:D1146D S:S1161S NA NA	16	2742	0.005835	24990	25210
C24899-A C24981-T C25000T A25045G	NA NA S:D1146D S:S1161S	16	7067	0.002264	24850	25052
C24672-AA A24684-T	NA NA	16	4148	0.003857	24626	24697
C24609T	S:A1016V	16	18871	0.000848	24481	24679
C24119-A G24140-T	NA NA	16	2370	0.006751	24111	24182
C23694+G	NA	16	44558	0.000359	23686	23718
C23525T T23599G C23604A G23621A	S:H655Y S:N679K S:P681H S:V687I	16	28474	0.000562	23487	23624
C23525T T23563+C T23599G C23604A	S:H655Y NA S:N679* S:P681Y	16	28499	0.000561	23499	23637
C23525T C23557T T23599G C23604A	S:H655Y S:P665P S:N679K S:P681H	16	28499	0.000561	23501	23634
C23525T A23598G T23599G C23604A	S:H655Y S:N679R S:N679R S:P681H	16	28499	0.000561	23487	23637
C23498T C23525T T23599G C23604A	S:R646C S:H655Y S:N679K S:P681H	16	28037	0.000571	23487	23624
C23393-T A23403G C23525T	NA S:D614G S:H655Y	16	7911	0.002023	23359	23539
C22109G G22113T T22200A	S:Q183E S:G184V S:V213E	16	2427	0.006593	22100	22220
C22000A A22005C	S:H146Q S:N148T	16	6960	0.002299	21993	22058
A25325G	Unknown	16	35782	0.000447	25287	25325
A25256-T	NA	16	34659	0.000462	25251	25324
A25165G	S:Q1201Q	16	27793	0.000576	25144	25175
A24576G	S:Q1005R	16	19112	0.000837	24489	24579
A24424T T24489C	S:Q954H S:V976A	16	24899	0.000643	24415	24564
A24424T T24469A T24501C	S:Q954H S:N969K S:I980T	16	24850	0.000644	24412	24564
A24424T T24469A A24551G	S:Q954H S:N969K S:I997V	16	24510	0.000653	24412	24564
A24424T T24469A A24543G	S:Q954H S:N969K S:D994G	16	24592	0.000651	24412	24564
A24424T T24469A A24532G	S:Q954H S:N969K S:E990E	16	24666	0.000649	24412	24564
A24424T T24469A A24516G	S:Q954H S:N969K S:D985G	16	24766	0.000646	24412	24564
A24424T C24536-AA	S:Q954H NA	16	24637	0.000649	24412	24564
A24424T A24485G	S:Q954H S:S975G	16	24914	0.000642	24412	24564
A23845G C23854A	S:T761T S:N764K	16	14879	0.001075	23705	23881
A23702G C23854A	S:I714V S:N764K	16	11969	0.001337	23686	23895
A23403G T23404C	S:D614G S:D614G	16	17235	0.000928	23355	23443
A23403G A23436G	S:D614G S:H625R	16	15527	0.00103	23335	23441
A23366G A23403G	S:T602A S:D614G	16	16558	0.000966	23335	23429
T25202C	S:W1214R	15	30131	0.000498	25195	25210
T25161-C	NA	15	27724	0.000541	25151	25325
T25150C C25262-T	S:S1196S NA	15	22228	0.000675	25122	25291
T24589C	S:T1009T	15	18906	0.000793	24539	24679
T24511C	S:R983R	15	46222	0.000325	24473	24546
T24506C	S:S982P	15	46339	0.000324	24470	24564
T24469A T24643-A	S:N969K NA	15	13979	0.001073	24465	24670
T24469A A24560G	S:N969K S:R1000G	15	39636	0.000378	24465	24564
T24469A A24508G	S:N969K S:S982S	15	40757	0.000368	24465	24564
T23916+A G23948T	NA S:D796*	15	1614	0.009294	23905	23978
T23850+A C23887-A	NA NA	15	13936	0.001076	23767	23895
T23842C C23854A	S:C760C S:N764K	15	14806	0.001013	23787	23886
T23830-G C23854A	NA S:N764K	15	14632	0.001025	23820	23880
T23750C C23854A	S:S730P S:N764K	15	12134	0.001236	23683	23873
T23599G C23604A A23702T	S:N679K S:P681H S:I714L	15	27136	0.000553	23580	23724
T23482-A C23525T	NA S:H655Y	15	9069	0.001654	23414	23539
T23377+A	NA	15	18538	0.000809	23335	23388
T23350-G	NA	15	19707	0.000761	23269	23369
T23164-A C23230-A	NA NA	15	4785	0.003135	23158	23254
T22882G G22895C G22898A T22942G	S:N440K S:V445L S:G446S S:N460K	15	3414	0.004394	22876	22952
T21934-A T21976-C G21987A T21990-TTA C22000A	NA NA S:G142D S:DEL144 S:H146Q	15	4125	0.003636	21921	22058
G25284A	S:C1241Y	15	35413	0.000424	25251	25325
G25230A	S:G1223D	15	31090	0.000482	25214	25325
G25213A	S:W1217*	15	28436	0.000528	25208	25325
G25130A	S:A1190T	15	25451	0.000589	25122	25186
G24488-T A24498+T	NA NA	15	46271	0.000324	24473	24508
G23761-A	NA	15	13719	0.001093	23683	23770
G22813T T22882G G22895C	S:K417N S:N440K S:V445L	15	5079	0.002953	22793	22907
G22813T T22831+A T22882G	S:K417N NA S:N440Q	15	5288	0.002837	22793	22887
G22104-A C22109G	NA S:Q183E	15	2658	0.005643	22100	22133
G22021T	S:M153I	15	8232	0.001822	22014	22049
G21901-A	NA	15	9276	0.001617	21847	21915
C25416T A25420+T	ORF3a:F8F NA	15	7652	0.00196	25381	25429
C25282T	S:C1240C	15	35386	0.000424	25251	25320
C25262-T T25283C	NA S:C1241R	15	34773	0.000431	25251	25324
C25262-T A25286G	NA S:S1242G	15	34759	0.000432	25251	25325
C25000T C25096T	S:D1146D S:N1178N	15	3056	0.004908	24990	25210
C24263-A	NA	15	5390	0.002783	24229	24279
C23887-AA	NA	15	14403	0.001041	23769	23895
C23854A A23883G	S:N764K S:Q774R	15	14205	0.001056	23683	23892
C23854A A23880G	S:N764K S:E773G	15	14336	0.001046	23821	23895
C23854A A23870G	S:N764K S:I770V	15	14675	0.001022	23843	23895
C23718+A	NA	15	44103	0.00034	23690	23724
C23525T T23599G C23604A G23607A	S:H655Y S:N679K S:P681H S:R682Q	15	28493	0.000526	23487	23642
C23525T T23578C T23599G C23604A	S:H655Y S:A672A S:N679K S:P681H	15	28499	0.000526	23487	23630
C23525T C23555T T23599G C23604A	S:H655Y S:P665S S:N679K S:P681H	15	28499	0.000526	23487	23642
C23099-T C23123T	NA S:P521S	15	5411	0.002772	23096	23165
C22109G T22200A G22218-T	S:Q183E S:V213E NA	15	2376	0.006313	22100	22234
A25235-T	NA	15	31194	0.000481	25221	25324
A25164T	S:Q1201L	15	27755	0.00054	25131	25325
A24646G	S:K1028K	15	22969	0.000653	24612	24670
A24645G	S:K1028R	15	22975	0.000653	24612	24661
A24619G	S:R1019R	15	22991	0.000652	24612	24676
A24560G	S:R1000G	15	45240	0.000332	24547	24564
A24479-T C24672-A	NA NA	15	17251	0.00087	24471	24679
A24424T T24506C	S:Q954H S:S982P	15	24826	0.000604	24412	24560
A24424T T24475C	S:Q954H S:G971G	15	24971	0.000601	24416	24482
A24424T T24469A T24529C	S:Q954H S:N969K S:A989A	15	24678	0.000608	24412	24564
A24424T T24469A T24472-G C24536-AA	S:Q954H S:N969K NA NA	15	24637	0.000609	24412	24564
A24424T T24469A G24474A	S:Q954H S:N969K S:G971D	15	24973	0.000601	24412	24564
A24424T T24469A C24503-T	S:Q954H S:N969K NA	15	24834	0.000604	24412	24563
A24424T A24516G	S:Q954H S:D985G	15	24766	0.000606	24412	24564
A24424T A24441G T24469A	S:Q954H S:N960S S:N969K	15	25029	0.000599	24412	24499
A24253-T C24263-A	NA NA	15	5339	0.00281	24229	24282
A23806+T	NA	15	15588	0.000962	23767	23816
A23734G C23854A	S:T724T S:N764K	15	12079	0.001242	23684	23895
A23696-T	NA	15	44594	0.000336	23683	23711
A23598+G C23604A	NA S:P681Y	15	57138	0.000263	23580	23618
A23400+G	NA	15	17554	0.000855	23335	23419
T25382+A	NA	14	7968	0.001757	25372	25411
T25245C C25262-T	S:V1228A NA	14	31282	0.000448	25122	25324
T25245C	S:V1228A	14	31342	0.000447	25225	25325
T25245-A	NA	14	31342	0.000447	25226	25325
T25242C	S:I1227T	14	31307	0.000447	25217	25323
T25236C	S:I1225T	14	31209	0.000449	25212	25325
T25205C	S:Y1215H	14	30425	0.00046	25122	25323
T25161C C25262-T	S:L1200P NA	14	22624	0.000619	25130	25325
T24643+A C24672-A	NA NA	14	22559	0.000621	24620	24679
T24623C	S:S1021P	14	23011	0.000608	24612	24675
T24523C	S:V987V	14	46041	0.000304	24489	24543
T24469A C24624T	S:N969K S:S1021F	14	14107	0.000992	24465	24661
T23698C C23854A	S:I712I S:N764K	14	11851	0.001181	23683	23895
T23599G C23604A C23705T	S:N679K S:P681H S:P715S	14	27093	0.000517	23581	23724
T23599G C23604A C23647T	S:N679K S:P681H S:Y695Y	14	27754	0.000504	23580	23660
T23389C A23403G	S:A609A S:D614G	14	16945	0.000826	23335	23429
T23371+A	NA	14	19000	0.000737	23342	23382
T23143-A C23230-A	NA NA	14	4697	0.002981	23089	23290
T22882G T22896C G22898A	S:N440K S:V445A S:G446S	14	4683	0.00299	22866	22907
T21861-A	NA	14	9264	0.001511	21847	21876
G25314A	S:G1251E	14	36119	0.000388	25286	25325
G25287-T T25289C	NA S:C1243R	14	35469	0.000395	25269	25325
G25203A	S:W1214*	14	30203	0.000464	25188	25210
G24510+T C24672-A	NA NA	14	17926	0.000781	24470	24679
G24428+A	NA	14	25468	0.00055	24412	24564
G23885+A G23948T	NA S:D796*	14	1319	0.010614	23875	23978
G23518A C23525T T23599G C23604A	S:G652G S:H655Y S:N679K S:P681H	14	28481	0.000492	23487	23637
G23504A C23525T T23599G C23604A	S:G648S S:H655Y S:N679K S:P681H	14	28248	0.000496	23501	23629
G22813T G22895C T22896C G22898A T22942G	S:K417N S:V445P S:V445P S:G446S S:N460K	14	2941	0.00476	22793	22967
C25416T T25467C	ORF3a:F8F ORF3a:P25P	14	7250	0.001931	25381	25477
C25416T T25434C	ORF3a:F8F ORF3a:T14T	14	7532	0.001859	25383	25477
C25416T C25515T G25555-T	ORF3a:F8F ORF3a:L41L NA	14	1849	0.007572	25372	25566
C25318T	S:S1252S	14	36046	0.000388	25282	25325
C25276T	S:T1238T	14	35288	0.000397	25216	25325
C25262-TT C25416T	NA ORF3a:F8F	14	2357	0.00594	25251	25463
C25262-T T25306C	NA S:C1248C	14	34638	0.000404	25252	25324
C25199T	S:P1213S	14	29740	0.000471	25172	25325
C25169-T	NA	14	27799	0.000504	25151	25183
C25000T A25045G T25196-G	S:D1146D S:S1161S NA	14	2742	0.005106	24992	25210
C24672T A24673C	S:S1037F S:S1037F	14	22597	0.00062	24471	24679
C24672-A A24803-T	NA NA	14	3249	0.004309	24612	24806
C24512+T	NA	14	46216	0.000303	24476	24533
C24483+A C24672-A	NA NA	14	17466	0.000802	24473	24679
C23887A A23888C	S:D775E S:K776Q	14	14365	0.000975	23875	23894
C23854A T23878C	S:N764K S:V772V	14	14373	0.000974	23724	23895
C23854A A23886G	S:N764K S:D775G	14	14019	0.000999	23683	23895
C23816+T	NA	14	15476	0.000905	23767	23840
C23525T T23599G C23604A T23637A	S:H655Y S:N679K S:P681H S:I692N	14	27867	0.000502	23487	23642
C23525T T23599G C23604A T23637-C	S:H655Y S:N679K S:P681H NA	14	27867	0.000502	23487	23642
C23525T T23599G C23604A G23608A	S:H655Y S:N679K S:P681H S:R682R	14	28493	0.000491	23511	23642
C23525T G23587T T23599G C23604A C23615T	S:H655Y S:Q675H S:N679K S:P681H S:R685C	14	28483	0.000492	23487	23642
C23525T A23558-T C23604A	S:H655Y NA S:P681H	14	28499	0.000491	23493	23642
C23525T A23554-C T23599G C23604A	S:H655Y NA S:N679K S:P681H	14	28499	0.000491	23503	23626
C23393-T A23403G	NA S:D614G	14	17033	0.000822	23335	23443
C23358+A	NA	14	19721	0.00071	23339	23366
C23334-T G23402-A	NA NA	14	7023	0.001993	23284	23429
C22109G T22200A G22302+T G22317T	S:Q183E S:V213E NA S:G252L	14	1869	0.007491	22100	22319
A25271-T	NA	14	35184	0.000398	25261	25325
A25194-AT G25197T C25262-T	NA S:W1212L NA	14	24842	0.000564	25122	25325
A24922+T C24981-T C25000T	NA NA S:D1146S	14	7403	0.001891	24850	25020
A24885-T C24981-T C25000T	NA NA S:D1146D	14	7296	0.001919	24850	25010
A24679G	S:R1039R	14	22228	0.00063	24612	24679
A24543G	S:D994G	14	45668	0.000307	24511	24564
A24539-T	NA	14	45729	0.000306	24512	24548
A24424T T24523C	S:Q954H S:V987V	14	24712	0.000567	24412	24564
A24424T T24511C	S:Q954H S:R983R	14	24790	0.000565	24414	24564
A24424T T24492-A	S:Q954H NA	14	24895	0.000562	24415	24523
A24424T T24469A A24531G	S:Q954H S:N969K S:E990G	14	24670	0.000567	24412	24546
A24424T A24495G	S:Q954H S:N978S	14	24882	0.000563	24412	24564
A24420G A24424T	S:N953S S:Q954H	14	27466	0.00051	24412	24424
A23938-C G23948T	NA S:D796Y	14	1772	0.007901	23931	23969
A23796+T	NA	14	15642	0.000895	23767	23806
A23403G C23525T T23529C	S:D614G S:H655Y S:V656A	14	8107	0.001727	23339	23532
A23359G A23403G	S:T599T S:D614G	14	16522	0.000847	23335	23438
A23013C T23019C T23031C A23055G A23063T T23075C	S:E484A S:F486S S:F490S S:Q498R S:N501Y S:Y505H	14	166	0.084337	23008	23224
A22845-T T22882G	NA S:N440K	14	5508	0.002542	22823	22889
A22101T C22109G	Unknown S:Q183E	14	2621	0.005341	22100	22137
A21958-T	NA	14	9739	0.001438	21847	21983
A21875-T G21987A T21990-TTA A21999-C	NA S:G142D S:DEL144 NA	14	3818	0.003667	21847	22054
T25268A	S:C1236S	13	35095	0.00037	25252	25320
T25220C	S:F1220L	13	30584	0.000425	25161	25325
T25196-G	NA	13	29485	0.000441	25172	25210
T25187C	S:Y1209H	13	28675	0.000453	25142	25194
T25171C	S:L1203L	13	27833	0.000467	25147	25325
T25144C	S:N1194N	13	27293	0.000476	25128	25166
T24650C	S:S1030P	13	22926	0.000567	24612	24676
T24648C	S:M1029T	13	22952	0.000566	24612	24679
T24633C	S:L1024P	13	23019	0.000565	24612	24663
T24628C	S:A1022A	13	23025	0.000565	24528	24679
T24585C	S:V1008A	13	18925	0.000687	24579	24676
T24552C	S:I997T	13	45491	0.000286	24470	24564
T24548C	S:L996L	13	45569	0.000285	24480	24564
T24513C	S:L984P	13	46171	0.000282	24478	24564
T24469A T24628C	S:N969K S:A1022A	13	14078	0.000923	24465	24679
T24469A T24511C	S:N969K S:R983R	13	40690	0.000319	24465	24564
T24469A T24505C	S:N969K S:L981L	13	40819	0.000318	24465	24564
T24469A T24487C	S:N969K S:S975S	13	41262	0.000315	24465	24564
T24469A T24482C	S:N969K S:S974P	13	41300	0.000315	24465	24679
T24469A G24474A	S:N969K S:G971D	13	41344	0.000314	24465	24564
T24469A C24503-T	S:N969K NA	13	40850	0.000318	24465	24550
T24469A A24673G	S:N969K S:S1037S	13	13691	0.00095	24465	24679
T24469A A24592G	S:N969K S:Q1010Q	13	14246	0.000913	24465	24655
T24469A A24591G	S:N969K S:Q1010R	13	14246	0.000913	24465	24679
T24469A A24556G	S:N969K S:T998T	13	39715	0.000327	24465	24564
T24469A A24498G	S:N969K S:D979G	13	41036	0.000317	24465	24558
T23839C C23854A	S:F759F S:N764K	13	14767	0.00088	23795	23895
T23817C C23854A	S:L752P S:N764K	13	14483	0.000898	23683	23895
T23791C C23854A	S:C743C S:N764K	13	14279	0.00091	23683	23895
T23686-A	NA	13	44320	0.000293	23683	23704
T23599G C23604A T23689-A	S:N679K S:P681H NA	13	27455	0.000474	23580	23724
T23599G C23604A G23616A	S:N679K S:P681H S:R685H	13	57084	0.000228	23580	23724
T23599G C23604A C23630-A	S:N679K S:P681H NA	13	56654	0.000229	23580	23642
T23599G C23604A A23720-T	S:N679K S:P681H NA	13	26621	0.000488	23581	23724
T23599G C23603+A	S:N679K NA	13	57152	0.000227	23580	23642
T23599A C23604A	S:N679K S:P681H	13	57149	0.000227	23582	23624
T23511+A	NA	13	38898	0.000334	23487	23520
T23434-C	NA	13	16315	0.000797	23421	23443
T23377-A	NA	13	18538	0.000701	23336	23387
T23355+A	NA	13	19751	0.000658	23336	23373
T23352C	S:V597A	13	19747	0.000658	23335	23374
T23350C	S:S596S	13	19707	0.00066	23342	23370
T22882G G22895C T22896C G22898A G22927T T22928C T22942G	S:N440K S:V445P S:V445P S:G446S S:L455F S:F456L S:N460K	13	3414	0.003808	22876	22967
G25305A	S:C1248Y	13	36004	0.000361	25293	25325
G25204A	S:W1214*	13	30242	0.00043	25160	25210
G25183A	S:E1207E	13	28498	0.000456	25172	25206
G25173-A	NA	13	27944	0.000465	25130	25183
G24971+T C25000T A25045G	NA S:D1146S S:S1161M	13	7323	0.001775	24850	25069
G24515-A	NA	13	46139	0.000282	24506	24564
G24488-T C24517-A	NA NA	13	45526	0.000286	24480	24528
G23835-T C23854A C23887-A	NA S:N764K NA	13	13628	0.000954	23683	23895
G23666-A	NA	13	29922	0.000434	23629	23724
G23508A C23525T T23599G C23604A	S:C649Y S:H655Y S:N679K S:P681H	13	28338	0.000459	23487	23630
G23505A C23525T T23599G C23604A	S:G648D S:H655Y S:N679K S:P681H	13	28260	0.00046	23501	23642
G23501A C23525T T23599G C23604A	S:A647T S:H655Y S:N679K S:P681H	13	28134	0.000462	23487	23642
G23384-T A23403G	NA S:D614G	13	16839	0.000772	23335	23443
G22927T T22928C T22942G	S:L455F S:F456L S:N460K	13	3830	0.003394	22917	22967
G22813T T22882G G22895C T22896C G22898A T22942G A22948C	S:K417N S:N440K S:V445P S:V445P S:G446S S:N460K S:K462N	13	2849	0.004563	22793	22966
G22813T T22882G G22895C T22896C G22898A T22930A T22942G	S:K417N S:N440K S:V445P S:V445P S:G446S S:F456L S:N460K	13	2941	0.00442	22795	22967
G22813T T22831+A T22882G G22895C T22896C G22898A	S:K417N NA S:N440Q S:V445P S:V445P S:G446R	13	4143	0.003138	22793	22909
G22104-A C22109G C22120-A T22200A G22218-T G22317T	NA S:Q183E NA S:V213E NA S:G252V	13	1837	0.007077	22100	22319
G21987A T21990-TTA A21999-C G22021T	S:G142D S:DEL144 NA S:M153I	13	5484	0.002371	21955	22058
G21578-T C21618T T21632-TACCCCCTG	NA S:T19I S:DEL25/27	13	370	0.035135	21562	21664
C25300T	S:G1246G	13	35814	0.000363	25251	25325
C25262-T T25293C	NA S:L1244P	13	34716	0.000374	25251	25325
C25254T	S:T1231I	13	34609	0.000376	25251	25289
C25000T T25021-A	S:D1146D NA	13	10946	0.001188	24990	25034
C24899-A	NA	13	9385	0.001385	24850	24918
C24320-A	NA	13	5315	0.002446	24229	24332
C24026-T C24119-A	NA NA	13	1874	0.006937	24021	24150
C23929-A	NA	13	2341	0.005553	23818	23941
C23887-AAA	S:DEL776	13	14403	0.000903	23699	23895
C23887-A G23903-T	NA NA	13	2162	0.006013	23767	23915
C23887-A C23929-A	NA NA	13	2004	0.006487	23767	23943
C23854A C23887A A23888C G23948T	S:N764K S:D775E S:K776Q S:D796Y	13	1145	0.011354	23842	23978
C23816-T A23853-C	NA NA	13	14511	0.000896	23767	23862
C23707+G	NA	13	44423	0.000293	23698	23724
C23700T	S:A713V	13	44734	0.000291	23683	23711
C23604A G23666-A	S:P681H NA	13	27665	0.00047	23580	23724
C23525T T23599G C23604A C23634T	S:H655Y S:N679K S:P681H S:S691F	13	28062	0.000463	23487	23637
C23525T T23599G C23604A C23606T	S:H655Y S:N679K S:P681H S:R682W	13	28493	0.000456	23492	23624
C23525T T23599G C23604A A23627G	S:H655Y S:N679K S:P681H S:S689G	13	28162	0.000462	23487	23642
C23525T A23531G	S:H655Y S:N657D	13	38728	0.000336	23493	23539
C23099-T T23143-A T23164-A C23230-A	NA NA NA NA	13	4573	0.002843	23089	23290
C23099-T T23143-A	NA NA	13	5368	0.002422	23090	23168
A25411T C25416T	ORF3a:I7F ORF3a:F8F	13	7687	0.001691	25372	25477
A25327-T C25416T	NA ORF3a:F8F	13	2721	0.004778	25311	25477
A25296-G	NA	13	35718	0.000364	25274	25325
A25256+T	NA	13	34659	0.000375	25251	25325
A25190G C25262-T	S:I1210V NA	13	24219	0.000537	25122	25325
A25168G	S:E1202E	13	27789	0.000468	25141	25210
A25165G C25262-T	S:Q1201Q NA	13	22763	0.000571	25122	25325
A25143G	S:N1194S	13	27267	0.000477	25136	25206
A25142G	S:N1194D	13	27251	0.000477	25130	25165
A25137+T	NA	13	26789	0.000485	25122	25157
A24567G	S:Q1002R	13	19206	0.000677	24530	24661
A24516G	S:D985G	13	46133	0.000282	24474	24562
A24424T T24504C	S:Q954H S:L981P	13	24831	0.000524	24412	24564
A24424T T24501C	S:Q954H S:I980T	13	24850	0.000523	24412	24563
A24424T T24469A T24511C	S:Q954H S:N969K S:R983R	13	24790	0.000524	24420	24564
A24424T T24469A T24499C	S:Q954H S:N969K S:D979D	13	24862	0.000523	24412	24546
A24424T T24469A A24556G	S:Q954H S:N969K S:T998T	13	24357	0.000534	24412	24564
A24424T T24464C T24469A	S:Q954H S:S968P S:N969K	13	25029	0.000519	24412	24564
A24424T G24476A	S:Q954H S:A972T	13	24966	0.000521	24412	24564
A24424T C24458+T	S:Q954H NA	13	25119	0.000518	24412	24504
A24424T A24454G	S:Q954H S:K964K	13	25164	0.000517	24412	24564
A24424T A24433G	S:Q954H S:Q957Q	13	25314	0.000514	24416	24543
A24424T A24426G	S:Q954H S:N955S	13	25328	0.000513	24412	24465
A24129+T	NA	13	2836	0.004584	24120	24190
A24110-T C24119-A G24140-T	NA NA NA	13	2045	0.006357	24021	24180
A23403G G23505-C C23525T	S:D614G NA S:H655Y	13	8141	0.001597	23375	23539
A23400G A23403G	S:Q613R S:D614G	13	17299	0.000751	23335	23429
A23362-G	NA	13	19608	0.000663	23339	23371
A23295G A23403G	S:D578G S:D614G	13	6940	0.001873	23270	23429
T25258C	S:I1232I	12	34722	0.000346	25245	25325
T25237C C25262-T	S:I1225I NA	12	31139	0.000385	25130	25325
T25222C	S:F1220F	12	30722	0.000391	25141	25325
T25159C C25262-T	S:D1199D NA	12	22572	0.000532	25122	25316
T25128C	S:V1189A	12	25179	0.000477	25122	25264
T24663C	S:L1034P	12	22789	0.000527	24644	24679
T24534C	S:V991A	12	45831	0.000262	24513	24564
T24523-G	NA	12	46041	0.000261	24470	24532
T24492-A C24536-A	NA NA	12	45119	0.000266	24475	24564
T24480C	S:I973T	12	46154	0.00026	24470	24564
T24469A T24529C	S:N969K S:A989A	12	40375	0.000297	24465	24679
T24469A T24514C	S:N969K S:L984L	12	40621	0.000295	24465	24676
T24469A T24471-TG	S:N969K NA	12	41362	0.00029	24465	24564
T24469A A24667G	S:N969K S:G1035G	12	13806	0.000869	24465	24679
T24469A A24587G	S:N969K S:T1009A	12	14257	0.000842	24465	24676
T24469A A24578G	S:N969K S:T1006A	12	14427	0.000832	24465	24679
T24469A A24554G	S:N969K S:T998A	12	39829	0.000301	24465	24588
T24469A A24537G	S:N969K S:Q992R	12	40173	0.000299	24465	24564
T24469A A24518G	S:N969K S:K986E	12	40578	0.000296	24465	24564
T24451+A	NA	12	25922	0.000463	24423	24468
T24280+A	NA	12	5538	0.002167	24233	24305
T23727C C23854A	S:V722A S:N764K	12	12054	0.000996	23683	23878
T23645-A	NA	12	29347	0.000409	23635	23724
T23599G C23604A G23624A	S:N679K S:P681H S:A688T	12	57020	0.00021	23580	23642
T23599G C23604A G23621A	S:N679K S:P681H S:V687I	12	57065	0.00021	23580	23724
T23599G C23604A C23707+G	S:N679K S:P681H NA	12	26976	0.000445	23580	23724
T23599G C23604A C23657+T	S:N679K S:P681H NA	12	27682	0.000433	23580	23676
T23599G C23604A C23644T	S:N679K S:P681H S:A694A	12	27786	0.000432	23580	23724
T23599G C23604A A23720G	S:N679K S:P681H S:I720V	12	26621	0.000451	23580	23724
T23599G A23688+G	S:N679K NA	12	27461	0.000437	23580	23724
T23584+C C23604A	NA S:P681Y	12	56953	0.000211	23580	23724
T23548C T23599G C23604A	S:C662C S:N679K S:P681H	12	28764	0.000417	23507	23642
T23511C C23525T T23599G C23604A	S:L650S S:H655Y S:N679K S:P681H	12	28385	0.000423	23487	23642
T23490C C23525T T23599G C23604A	S:F643S S:H655Y S:N679K S:P681H	12	27758	0.000432	23486	23624
T23487G C23525T	S:V642G S:H655Y	12	24116	0.000498	23486	23539
T23482-A	NA	12	9229	0.0013	23471	23533
T23350C A23403G	S:S596S S:D614G	12	16435	0.00073	23335	23443
T23341C	S:G593G	12	19531	0.000614	23336	23364
T23289+C	NA	12	12438	0.000965	23269	23290
T22882G G22898A	S:N440K S:G446S	12	4683	0.002562	22876	22909
T22058C	Unknown	12	8271	0.001451	22016	22058
T21946+A	NA	12	9296	0.001291	21847	21983
T21934-A G21987A A21993-TTACC A21999C	NA S:G142D NA S:H146P	12	4125	0.002909	21847	22058
T21856+A G21987A	NA S:G142E	12	5713	0.0021	21847	21993
G25302-T C25416T	NA ORF3a:F8F	12	2575	0.00466	25274	25477
G25287-T G25302-T	NA NA	12	35383	0.000339	25266	25319
G24971+T C24981-T C25000T	NA NA S:D1146S	12	7605	0.001578	24850	25005
G24570-T	NA	12	19150	0.000627	24555	24579
G24521+T C24672-A	NA NA	12	17993	0.000667	24474	24679
G24415A A24424T	S:V951V S:Q954H	12	27256	0.00044	24412	24564
G24399-A A24424T	NA S:Q954H	12	2127	0.005642	24378	24424
G24188A	S:A876T	12	4946	0.002426	24161	24191
G23517A C23525T T23599G C23604A	S:G652E S:H655Y S:N679K S:P681H	12	28474	0.000421	23487	23642
G23516A C23525T T23599G C23604A	S:G652R S:H655Y S:N679K S:P681H	12	28440	0.000422	23487	23630
G22104-A C22109G T22200A	NA S:Q183E S:V213E	12	2391	0.005019	22100	22215
G21987A T21991-TA C22000A	S:G142D NA S:H146Q	12	5514	0.002176	21977	22058
C25433-T	NA	12	7546	0.00159	25381	25460
C25416T C25517-T	ORF3a:F8F NA	12	2025	0.005926	25372	25566
C25324T	S:C1254C	12	35895	0.000334	25301	25325
C25262-TT A25327-T	NA NA	12	3014	0.003981	25251	25353
C25262-T T25272C	NA S:M1237T	12	34798	0.000345	25251	25325
C25227T	S:A1222V	12	31003	0.000387	25141	25324
C25000T A25045G C25100-A T25191-A	S:D1146D S:S1161S NA NA	12	2775	0.004324	24990	25199
C24981-T C25000T T25021-A A25045G	NA S:D1146D NA S:S1161S	12	7398	0.001622	24850	25065
C24981-T C25000T A25026-T A25045G	NA S:D1146D NA S:S1161S	12	7398	0.001622	24850	25058
C24964-A C25000T A25045G	NA S:D1146D S:S1161S	12	7298	0.001644	24850	25069
C24789-A	NA	12	5558	0.002159	24724	24806
C24668+A	NA	12	22760	0.000527	24626	24679
C24616+A C24672-A	NA NA	12	22334	0.000537	24612	24679
C24503-T C24672-A	NA NA	12	17865	0.000672	24473	24679
C24422-A T24469A	NA S:N969K	12	25015	0.00048	24412	24545
C23882-A	NA	12	14699	0.000816	23866	23886
C23854A A23881G	S:N764K S:E773E	12	14326	0.000838	23838	23891
C23816-T G23835-T A23853-C	NA NA NA	12	14511	0.000827	23767	23862
C23741T	S:L727L	12	13875	0.000865	23683	23759
C23604A T23641-G	S:P681H NA	12	55923	0.000215	23593	23664
C23525T T23599G C23604A T23605C	S:H655Y S:N679K S:P681H S:P681H	12	28493	0.000421	23487	23642
C23525T T23599G C23604A C23635T	S:H655Y S:N679K S:P681H S:S691S	12	28003	0.000429	23487	23637
C23525T T23599G C23604A A23618G	S:H655Y S:N679K S:P681H S:S686G	12	28479	0.000421	23487	23642
C23525T T23596-A T23599G C23604A	S:H655Y NA S:N679K S:P681H	12	28499	0.000421	23487	23622
C23525T T23542-G T23599G C23604A	S:H655Y NA S:N679K S:P681H	12	28499	0.000421	23493	23624
C23525T G23574A T23599G C23604A	S:H655Y S:C671Y S:N679K S:P681H	12	28499	0.000421	23487	23642
C23525T A23552G T23599G C23604A C23613T	S:H655Y S:I664V S:N679K S:P681H S:A684V	12	28490	0.000421	23487	23642
C23492+A C23525T T23599G C23604A	NA S:H655S S:N679* S:P681Y	12	27781	0.000432	23486	23624
C23244-T	NA	12	4955	0.002422	23089	23274
C23188+T	NA	12	5534	0.002168	23093	23203
C23123T T23143-A C23230-A	S:P521S NA NA	12	4635	0.002589	23089	23290
C22109G C22120-A T22200A G22218-T	S:Q183E NA S:V213E NA	12	2376	0.005051	22100	22239
C22109G A22115-ATT T22200A	S:Q183E S:DEL186 S:V213E	12	2427	0.004944	22100	22273
C22000A G22021T	S:H146Q S:M153I	12	6930	0.001732	21996	22058
A25397-T	NA	12	7887	0.001521	25372	25410
A25194G	S:K1211R	12	29341	0.000409	25160	25210
A25188G	S:Y1209C	12	28682	0.000418	25181	25210
A25182G C25262-T	S:E1207G NA	12	23754	0.000505	25129	25325
A25137-T T25191-A C25262-T	NA NA NA	12	21807	0.00055	25122	25325
A25136G	S:N1192D	12	26606	0.000451	25122	25152
A24922-T C25000T A25045G	NA S:D1146D S:S1161S	12	7125	0.001684	24914	25069
A24885-T	NA	12	9422	0.001274	24857	24898
A24641G	S:T1027A	12	22975	0.000522	24616	24679
A24562G	S:R1000R	12	45214	0.000265	24476	24564
A24424T T24481C	S:Q954H S:I973I	12	24937	0.000481	24412	24564
A24424T T24469A T24549C	S:Q954H S:N969K S:L996S	12	24524	0.000489	24412	24564
A24424T T24469A A24525G	S:Q954H S:N969K S:E988G	12	24698	0.000486	24412	24564
A24424T T24469A A24498G	S:Q954H S:N969K S:D979G	12	24865	0.000483	24416	24564
A24424T T24469A A24495G	S:Q954H S:N969K S:N978S	12	24882	0.000482	24412	24564
A24424T G24434+C	S:Q954H NA	12	25312	0.000474	24413	24449
A24424T C24517-A	S:Q954H NA	12	24762	0.000485	24418	24564
A24424T C24517+A	S:Q954H NA	12	24762	0.000485	24412	24564
A24424T C24431+A	S:Q954H NA	12	25321	0.000474	24412	24451
A24424T A24543G	S:Q954H S:D994G	12	24592	0.000488	24412	24564
A24424T A24531G	S:Q954H S:E990G	12	24670	0.000486	24413	24546
A24424T A24498G	S:Q954H S:D979G	12	24865	0.000483	24412	24564
A24424T A24441G	S:Q954H S:N960S	12	25259	0.000475	24412	24564
A24424T A24432G	S:Q954H S:Q957R	12	25321	0.000474	24412	24564
A24424T A24425G	S:Q954H S:N955D	12	27396	0.000438	24412	24564
A24324-AT A24424T	NA S:Q954H	12	1811	0.006626	24229	24424
A24121G	S:Q853Q	12	2803	0.004281	24022	24191
A24110-T G24140-T	NA NA	12	2045	0.005868	24073	24152
A23942-T G23948T	NA S:D796Y	12	1946	0.006166	23941	23956
A23784G C23854A	S:Y741C S:N764K	12	14223	0.000844	23699	23891
A23738G C23854A	S:I726V S:N764K	12	12097	0.000992	23683	23873
A23729G C23854A	S:T723A S:N764K	12	12059	0.000995	23683	23892
A23720G	S:I720V	12	43927	0.000273	23683	23723
A23711-AT	NA	12	44259	0.000271	23690	23724
A23403G T23437C C23525T	S:D614G S:H625H S:H655Y	12	8141	0.001474	23335	23535
A23403G T23425C C23525T	S:D614G S:P621P S:H655Y	12	8141	0.001474	23335	23539
A23403G A23445G C23525T	S:D614G S:Q628R S:H655Y	12	8141	0.001474	23382	23532
A23403G A23440G	S:D614G S:A626A	12	15467	0.000776	23335	23443
A23403G A23414G C23525T	S:D614G S:T618A S:H655Y	12	8141	0.001474	23379	23532
A23397+T	NA	12	17776	0.000675	23335	23409
A23203G	S:T547T	12	5405	0.00222	23178	23208
A23118G	S:H519R	12	5495	0.002184	23089	23166
T25319A	S:C1253S	11	36037	0.000305	25289	25325
T25257C C25262-T	S:I1232T NA	11	34680	0.000317	25122	25324
T25228C C25262-T	S:A1222A NA	11	30928	0.000356	25122	25324
T25171+G	NA	11	27833	0.000395	25140	25185
T25148C	S:S1196P	11	27366	0.000402	25122	25162
T25148+A	NA	11	27366	0.000402	25136	25325
T25129C C25262-T	S:V1189V NA	11	20861	0.000527	25122	25292
T25123-G	NA	11	24708	0.000445	25122	25157
T24796C	S:A1078A	11	5405	0.002035	24724	24803
T24754C	S:H1064H	11	5463	0.002014	24724	24806
T24637C	S:A1025A	11	22982	0.000479	24612	24679
T24628+A	NA	11	23025	0.000478	24621	24646
T24544+A C24672-A	NA NA	11	18098	0.000608	24470	24679
T24469A T24628-A	S:N969K NA	11	14078	0.000781	24465	24679
T24469A T24625C	S:N969K S:S1021S	11	14099	0.00078	24465	24676
T24469A T24596C	S:N969K S:L1012L	11	14233	0.000773	24465	24679
T24469A T24585C	S:N969K S:V1008A	11	14270	0.000771	24465	24607
T24469A T24564C	S:N969K S:L1001P	11	39551	0.000278	24465	24679
T24469A T24489C C24555-AG	S:N969K S:V976A NA	11	39812	0.000276	24465	24679
T24469A T24489C	S:N969K S:V976A	11	41245	0.000267	24465	24528
T24469A G24611+A	S:N969K NA	11	14188	0.000775	24465	24641
T24469A A24669G	S:N969K S:Q1036R	11	13776	0.000798	24465	24679
T24469A A24543G	S:N969K S:D994G	11	40081	0.000274	24465	24564
T24469A A24532G	S:N969K S:E990E	11	40303	0.000273	24465	24564
T24469A A24520G	S:N969K S:K986K	11	40543	0.000271	24465	24564
T24469A A24493T	S:N969K S:L977F	11	41183	0.000267	24465	24679
T24438+A T24469A	NA S:N969Q	11	25628	0.000429	24412	24498
T24417C A24424T T24469A	S:V952A S:Q954H S:N969K	11	24963	0.000441	24412	24564
T23798C C23854A	S:S746P S:N764K	11	14353	0.000766	23767	23895
T23794C C23854A	S:G744G S:N764K	11	14320	0.000768	23782	23881
T23703+C	NA	11	44540	0.000247	23693	23711
T23698C	S:I712I	11	44607	0.000247	23690	23715
T23599G G23666-A	S:N679K NA	11	27607	0.000398	23593	23724
T23599G C23604A T23716C	S:N679K S:P681H S:F718F	11	26792	0.000411	23580	23724
T23599G C23604A T23715C	S:N679K S:P681H S:F718S	11	26799	0.00041	23580	23716
T23599G C23604A T23671C	S:N679K S:P681H S:N703N	11	27580	0.000399	23580	23724
T23599G C23604A G23653A	S:N679K S:P681H S:M697I	11	27717	0.000397	23580	23724
T23599G C23604A C23609-G G23666-A	S:N679K S:P681H NA NA	11	27607	0.000398	23580	23684
T23599G C23604A C23606T	S:N679K S:P681H S:R682W	11	57127	0.000193	23580	23642
T23599G C23604A A23712+G	S:N679K S:P681H NA	11	26819	0.00041	23580	23724
T23599G C23604A A23674C	S:N679K S:P681H S:S704S	11	27555	0.000399	23580	23705
T23596-A T23599G C23604A	NA S:N679K S:P681H	11	57136	0.000193	23580	23642
T23511+A C23525T	NA S:H655S	11	38687	0.000284	23487	23532
T23391C A23403G C23525T	S:V610A S:D614G S:H655Y	11	7869	0.001398	23335	23539
T23389C A23403G C23525T	S:A609A S:D614G S:H655Y	11	7835	0.001404	23335	23532
T23374C	S:T604T	11	18801	0.000585	23335	23382
T23293-G	NA	11	7579	0.001451	23269	23443
T23289C	S:V576A	11	12438	0.000884	23285	23290
T22896C G22898A T22942G	S:V445A S:G446S S:N460K	11	3425	0.003212	22859	22966
T22882G T22896C G22898A A22914-C T22942G	S:N440K S:V445A S:G446S NA S:N460K	11	3414	0.003222	22850	22967
T22882G G22895C T22896C G22898A T22928C	S:N440K S:V445P S:V445P S:G446S S:F456L	11	3957	0.00278	22876	22940
T22882G G22895C	S:N440K S:V445L	11	5624	0.001956	22876	22908
T22200A T22204-G G22317T	S:V213E NA S:G252V	11	2528	0.004351	22193	22319
G25266A	S:C1235Y	11	34996	0.000314	25227	25325
G25250A	S:V1230M	11	31427	0.00035	25214	25325
G25234A	S:L1224L	11	31171	0.000353	25179	25325
G25218-T C25262-TT	NA NA	11	29668	0.000371	25130	25307
G25198A	S:W1212*	11	29634	0.000371	25181	25210
G24971+T C25000T	NA S:D1146S	11	7605	0.001446	24853	25001
G24657T G24755-T	S:C1032F NA	11	3412	0.003224	24638	24781
G24164-A	NA	11	5072	0.002169	24154	24191
G23735+A C23887-A	NA NA	11	11132	0.000988	23703	23895
G23699+A	NA	11	44618	0.000247	23688	23718
G23593A T23599G C23604A	S:Q677Q S:N679K S:P681H	11	57085	0.000193	23580	23699
G23508-T C23525T T23599G C23604A	NA S:H655Y S:N679K S:P681H	11	28338	0.000388	23493	23637
G23090T C23123A	S:V510L S:P521T	11	5313	0.00207	23089	23139
G22813T T22896C G22898A T22942G	S:K417N S:V445A S:G446S S:N460K	11	2941	0.00374	22795	22966
G22813T A22845-T T22882G G22895C T22896C G22898A	S:K417N NA S:N440K S:V445P S:V445P S:G446S	11	4143	0.002655	22793	22906
G22813T A22845-T T22882G	S:K417N NA S:N440K	11	5288	0.00208	22799	22894
G22317T C22383+T	S:G252V NA	11	842	0.013064	22246	22446
G21969-T G21987A T21990-TTA C22000A	NA S:G142D S:DEL144 S:H146Q	11	5360	0.002052	21959	22058
G21569-T C21618T T21632-TACCCCCTG	NA S:T19I S:DEL25/27	11	327	0.033639	21555	21664
C25517-T	NA	11	2025	0.005432	25376	25566
C25413+T	NA	11	7726	0.001424	25381	25450
C25262-T T25309C	NA S:S1249S	11	34592	0.000318	25122	25325
C25262-T A25295G	NA S:K1245E	11	34695	0.000317	25251	25325
C25163+A	NA	11	27744	0.000396	25143	25176
C25153T	S:L1197L	11	27613	0.000398	25137	25175
C25132+A	NA	11	26260	0.000419	25122	25156
C25131T	S:A1190V	11	26089	0.000422	25122	25325
C25000T T25196-G	S:D1146D NA	11	2742	0.004012	24990	25210
C25000T T25072-G	S:D1146D NA	11	3198	0.00344	24990	25086
C25000T C25047T	S:D1146D S:P1162L	11	10767	0.001022	24951	25068
C25000T A25003-T	S:D1146D NA	11	11123	0.000989	24991	25020
C24981-T C25000T A25045G A25056-T	NA S:D1146D S:S1161S NA	11	7361	0.001494	24852	25061
C24672-A T24713-C	NA NA	11	3539	0.003108	24620	24806
C24672+A	NA	11	22661	0.000485	24612	24679
C24621T C24672-A	S:A1020V NA	11	22395	0.000491	24612	24679
C24555-AG C24672-A	NA NA	11	18129	0.000607	24470	24679
C24418+A A24424T	NA S:Q954P	11	27448	0.000401	24412	24564
C23929A A23930C G23948T	S:Y789* S:K790Q S:D796Y	11	1662	0.006619	23905	23978
C23887-A G23948T	NA S:D796Y	11	1335	0.00824	23767	23956
C23854A T23861C	S:N764K S:L767L	11	14867	0.00074	23843	23895
C23854A G23868-A	S:N764K NA	11	14723	0.000747	23833	23895
C23854A A23888G	S:N764K S:K776E	11	13957	0.000788	23811	23895
C23718+G	NA	11	44103	0.000249	23704	23724
C23709+T	NA	11	44352	0.000248	23702	23722
C23673+A	NA	11	30047	0.000366	23661	23723
C23525T T23599G C23604A T23626A	S:H655Y S:N679K S:P681H S:A688A	11	28178	0.00039	23501	23642
C23525T T23559C T23599G C23604A	S:H655Y S:I666T S:N679K S:P681H	11	28499	0.000386	23487	23624
C23525T G23568A T23599G C23604A	S:H655Y S:G669D S:N679K S:P681H	11	28499	0.000386	23487	23642
C23525T G23549A T23599G C23604A	S:H655Y S:D663N S:N679K S:P681H	11	28499	0.000386	23487	23642
C23525T C23577T T23599G C23604A	S:H655Y S:A672V S:N679K S:P681H	11	28499	0.000386	23487	23642
C23525T A23566T T23599G C23604A	S:H655Y S:A668A S:N679K S:P681H	11	28499	0.000386	23487	23625
C23525T A23558-T G23587T T23599G C23604A	S:H655Y NA S:Q675H S:N679K S:P681H	11	28499	0.000386	23487	23642
C23525T A23552T T23599G C23604A	S:H655Y S:I664L S:N679K S:P681H	11	28499	0.000386	23487	23642
C23520T C23525T T23599G C23604A	S:A653V S:H655Y S:N679K S:P681H	11	28488	0.000386	23487	23642
C23496T C23525T T23599G C23604A	S:T645I S:H655Y S:N679K S:P681H	11	28020	0.000393	23487	23635
C23393+T A23403G	NA S:D614G	11	17033	0.000646	23335	23418
C23123T G23236-T	S:P521S NA	11	4531	0.002428	23089	23248
C23103-T C23123T	NA S:P521S	11	5425	0.002028	23096	23140
C23099-T T23143-A T23164-A	NA NA NA	11	5293	0.002078	23097	23190
C23099-T C23103-T T23143-A T23164-A C23230-A	NA NA NA NA NA	11	4573	0.002405	23089	23290
C21888-T G21987A	NA S:G142D	11	5878	0.001871	21867	21991
C21618T	S:T19I	11	402	0.027363	21601	21629
A25374-T	NA	11	5850	0.00188	25372	25396
A25253G C25262-T	S:T1231A NA	11	34544	0.000318	25251	25325
A25201G C25262-T	S:P1213P NA	11	25743	0.000427	25122	25325
A24922-T	NA	11	9054	0.001215	24888	24933
A24879G C24981-T C25000T A25045G	S:Q1106R NA S:D1146D S:S1161S	11	7012	0.001569	24850	25069
A24783G	S:N1074S	11	5575	0.001973	24694	24791
A24753G	S:H1064R	11	5460	0.002015	24724	24806
A24647G	S:M1029V	11	22966	0.000479	24612	24679
A24614G	S:I1018V	11	22988	0.000479	24612	24679
A24610-G	NA	11	18862	0.000583	24476	24679
A24498+T G24510+T	NA NA	11	46044	0.000239	24474	24523
A24478G	S:A972A	11	45964	0.000239	24465	24564
A24424T T24549C A24562G	S:Q954H S:L996S S:R1000R	11	24282	0.000453	24412	24564
A24424T T24492+A	S:Q954H NA	11	24895	0.000442	24412	24519
A24424T T24487C	S:Q954H S:S975S	11	24910	0.000442	24412	24563
A24424T T24469G	S:Q954H S:N969K	11	25029	0.000439	24412	24564
A24424T T24469A T24552C	S:Q954H S:N969K S:I997T	11	24491	0.000449	24412	24564
A24424T T24469A T24523C	S:Q954H S:N969K S:V987V	11	24712	0.000445	24412	24564
A24424T T24469A T24480C	S:Q954H S:N969K S:I973T	11	24945	0.000441	24412	24564
A24424T T24469A A24545G	S:Q954H S:N969K S:R995G	11	24568	0.000448	24412	24564
A24424T T24469A A24508G	S:Q954H S:N969K S:S982S	11	24810	0.000443	24412	24564
A24424T T24459C	S:Q954H S:L966P	11	25102	0.000438	24412	24564
A24424T A24479G	S:Q954H S:I973V	11	24950	0.000441	24412	24564
A24424T A24430G	S:Q954H S:A956A	11	25324	0.000434	24412	24564
A24287+T	NA	11	5582	0.001971	24229	24297
A24253-T A24324T	NA S:K921I	11	4642	0.00237	24229	24328
A23805G C23854A	S:E748G S:N764K	11	14418	0.000763	23683	23881
A23786-T C23816-T C23854A	NA NA S:N764K	11	14230	0.000773	23709	23895
A23777G C23854A	S:T739A S:N764K	11	14181	0.000776	23683	23889
A23760G C23854A	S:K733R S:N764K	11	12165	0.000904	23683	23881
A23704-C	NA	11	44524	0.000247	23688	23715
A23594+C T23599G C23604A	NA S:N679* S:P681Y	11	57108	0.000193	23581	23616
A23592T T23599G C23604A	S:Q677L S:N679K S:P681H	11	57068	0.000193	23580	23642
A23515+G C23525T	NA S:H655S	11	38765	0.000284	23487	23532
A23403G T23521C C23525T	S:D614G S:A653A S:H655Y	11	8141	0.001351	23351	23539
A23403G T23482-A C23525T	S:D614G NA S:H655Y	11	8141	0.001351	23380	23532
A23403G T23431C C23525T	S:D614G S:A623A S:H655Y	11	8141	0.001351	23339	23539
A23403G T23406C	S:D614G S:V615A	11	17235	0.000638	23398	23427
A23403G C23525T T23527C	S:D614G S:H655Y S:H655Y	11	8108	0.001357	23335	23539
A23403G C23424-T C23525T	S:D614G NA S:H655Y	11	8141	0.001351	23394	23539
A23319G A23403G	S:D586G S:D614G	11	7004	0.001571	23269	23443
A23274G A23403G	S:D571G S:D614G	11	6776	0.001623	23269	23443
A21979-T G21987A T21990-TTA A21999-CAA C22009-A	NA S:G142D S:DEL144 S:DEL147 NA	11	5508	0.001997	21847	22032
A21958+T	NA	11	9739	0.001129	21867	21983
A21875-T A21979-T G21987A T21990-TTA A21999-CAA	NA NA S:G142D S:DEL144 S:DEL147	11	3818	0.002881	21847	22058
A21875-T A21917C	NA S:I119L	11	9048	0.001216	21847	21981
T25312A	S:C1250*	10	36116	0.000277	25272	25325
T25272-G	NA	10	35208	0.000284	25260	25325
T25260C C25262-T	S:M1233T NA	10	34769	0.000288	25122	25325
T25251C C25262-T	S:V1230A NA	10	31430	0.000318	25132	25314
T25210C	S:I1216I	10	31865	0.000314	25193	25325
T25180C	S:Y1206Y	10	28123	0.000356	25138	25210
T25155-C	NA	10	27652	0.000362	25148	25169
T24946C C25000T	S:V1128V S:D1146D	10	7470	0.001339	24850	25069
T24793-G	NA	10	5420	0.001845	24673	24805
T24664C	S:L1034L	10	22791	0.000439	24612	24669
T24658C C24672-A	S:C1032C NA	10	22614	0.000442	24612	24679
T24634C	S:L1024L	10	22999	0.000435	24625	24637
T24631C	S:N1023N	10	23032	0.000434	24612	24670
T24549-G	NA	10	45556	0.00022	24542	24564
T24522C	S:V987A	10	46048	0.000217	24473	24551
T24496C	S:N978N	10	46661	0.000214	24488	24499
T24469A T24650C	S:N969K S:S1030P	10	13930	0.000718	24465	24679
T24469A T24541C	S:N969K S:I993I	10	40123	0.000249	24465	24679
T24469A T24499C	S:N969K S:D979D	10	41026	0.000244	24465	24546
T24469A A24630G	S:N969K S:N1023S	10	14070	0.000711	24465	24679
T24414C A24424T	S:V951A S:Q954H	10	27232	0.000367	24412	24424
T23822C C23854A	S:L754L S:N764K	10	14546	0.000687	23699	23873
T23769C C23854A	S:V736A S:N764K	10	14137	0.000707	23683	23881
T23748C C23854A	S:V729A S:N764K	10	12125	0.000825	23734	23891
T23725C C23854A	S:S721S S:N764K	10	12051	0.00083	23699	23895
T23689+A	NA	10	44442	0.000225	23683	23721
T23599G C23604A T23703C	S:N679K S:P681H S:I714T	10	27116	0.000369	23580	23724
T23599G C23604A T23662A C23701T	S:N679K S:P681H S:G700G S:A713A	10	27319	0.000366	23580	23724
T23599G C23604A C23718T	S:N679K S:P681H S:T719I	10	26770	0.000374	23580	23724
T23599G C23604A C23679T	S:N679K S:P681H S:A706V	10	27532	0.000363	23580	23700
T23599G C23604A C23649T	S:N679K S:P681H S:T696I	10	27742	0.00036	23580	23724
T23599G C23604A A23711-AT	S:N679K S:P681H NA	10	26846	0.000372	23580	23724
T23599G C23604A A23702+G	S:N679K S:P681H NA	10	27136	0.000369	23580	23724
T23514C C23525T T23599G C23604A	S:I651T S:H655Y S:N679K S:P681H	10	28411	0.000352	23487	23642
T23511-A C23525T	NA S:H655Y	10	38687	0.000258	23491	23539
T23507A C23525T T23599G C23604A	S:C649S S:H655Y S:N679K S:P681H	10	28315	0.000353	23487	23642
T23394C A23403G C23525T	S:L611P S:D614G S:H655Y	10	7937	0.00126	23335	23539
T23386C A23403G	S:V608V S:D614G	10	16874	0.000593	23296	23429
T23385C A23403G C23525T	S:V608A S:D614G S:H655Y	10	7752	0.00129	23335	23539
T23341C A23403G	S:G593G S:D614G	10	16240	0.000616	23335	23442
T23337-TG	NA	10	19271	0.000519	23335	23366
T23323C A23403G	S:I587I S:D614G	10	7007	0.001427	23296	23443
T23317C A23403G	S:L585L S:D614G	10	7003	0.001428	23285	23429
T22882G T22896C G22898A G22927T T22928C T22942G	S:N440K S:V445A S:G446S S:L455F S:F456L S:N460K	10	3414	0.002929	22836	22967
T22882G G22895C T22896C G22898A T22900-G	S:N440K S:V445P S:V445P S:G446S NA	10	4683	0.002135	22820	22915
T22882G A22914-C T22942G	S:N440K NA S:N460K	10	3414	0.002929	22846	22967
T21854C	S:S98P	10	9252	0.001081	21847	21948
G25299T	S:G1246V	10	35794	0.000279	25288	25325
G25299-C G25302-T	NA NA	10	35775	0.00028	25260	25324
G25250A C25262-T	S:V1230M NA	10	31391	0.000319	25195	25325
G25157A	S:D1199N	10	27646	0.000362	25130	25325
G24992-A C25000T A25045G	NA S:D1146D S:S1161S	10	10704	0.000934	24990	25069
G24816-A	NA	10	1416	0.007062	24724	24855
G24743-T	NA	10	5414	0.001847	24730	24806
G24693-A	NA	10	4180	0.002392	24685	24704
G24547-T	NA	10	45586	0.000219	24534	24554
G24285-T A24424T	NA S:Q954H	10	1655	0.006042	24278	24424
G23948T A23949-T	S:D796Y NA	10	1918	0.005214	23936	23977
G23824A C23854A	S:L754L S:N764K	10	14569	0.000686	23767	23873
G23768-T C23887-A	NA NA	10	13104	0.000763	23767	23895
G23699A	S:A713T	10	44618	0.000224	23689	23722
G23663+T	NA	10	29837	0.000335	23655	23724
G23522-A	NA	10	38946	0.000257	23503	23539
G23508+T T23599G C23604A	NA S:N679* S:P681Y	10	28338	0.000353	23486	23642
G23505-C T23599G C23604A	NA S:N679K S:P681H	10	28260	0.000354	23488	23642
G23486-T	NA	10	9221	0.001084	23412	23524
G23236-T	NA	10	5027	0.001989	23089	23246
G22813T T22882G G22898A A22914-C T22942G	S:K417N S:N440K S:G446S NA S:N460K	10	2941	0.0034	22800	22967
G22813T T22882G G22895C T22896C G22898A T22930A	S:K417N S:N440K S:V445P S:V445P S:G446S S:F456L	10	3417	0.002927	22808	22933
G22809-A G22813T	NA S:K417N	10	5532	0.001808	22793	22823
G22104-A C22109G C22120-A T22200A G22317T	NA S:Q183E NA S:V213E S:G252V	10	1837	0.005444	22100	22319
G22104-A C22109G C22120-A T22200A G22218-T	NA S:Q183E NA S:V213E NA	10	2342	0.00427	22100	22234
G21987A T21990-TTA A21999-CAA	S:G142D S:DEL144 S:DEL147	10	5514	0.001814	21848	22021
G21974T G21987A T21990-TTA C22000A	S:D138Y S:G142D S:DEL144 S:H146Q	10	5461	0.001831	21955	22058
G21974T G21987A T21990-TTA A21999-C	S:D138Y S:G142D S:DEL144 NA	10	5461	0.001831	21925	22058
G21969-T T21990-TTA C22000A	NA S:DEL144 S:H146Q	10	5360	0.001866	21961	22058
G21969-T G21987A T21990-TTA A21999-C	NA S:G142D S:DEL144 NA	10	5360	0.001866	21950	22058
G21850+A	NA	10	9209	0.001086	21847	21860
C25452+A	NA	10	7374	0.001356	25383	25473
C25416T C25452+A	ORF3a:F8F NA	10	7374	0.001356	25381	25477
C25416T A25503+C	ORF3a:F8F NA	10	2164	0.004621	25372	25514
C25318-T	NA	10	36046	0.000277	25309	25325
C25262-T T25310C	NA S:C1250R	10	34585	0.000289	25122	25317
C25262-T T25288C	NA S:S1242S	10	34750	0.000288	25251	25325
C25262-T A25274G	NA S:T1238A	10	34793	0.000287	25251	25325
C25239T C25262-T	S:A1226V NA	10	31174	0.000321	25130	25325
C25199T C25262-T	S:P1213S NA	10	25343	0.000395	25122	25325
C25156T C25262-T	S:I1198I NA	10	22482	0.000445	25122	25323
C25000T C25100-A T25191-A	S:D1146D NA NA	10	2775	0.003604	24990	25205
C25000T A25045G T25191-A	S:D1146D S:S1161S NA	10	2775	0.003604	24990	25210
C25000T A25045G G25091+A	S:D1146D S:S1161S NA	10	3075	0.003252	24990	25210
C25000T A25045G C25100-A A25194-AT G25197T	S:D1146D S:S1161S NA NA S:W1212L	10	2741	0.003648	24992	25210
C25000T A25045G C25046T	S:D1146D S:S1161S S:P1162S	10	10769	0.000929	24966	25069
C25000T A25045G A25194-AT G25197T	S:D1146D S:S1161S NA S:W1212L	10	2741	0.003648	24990	25210
C24964-A C24981-T C25000T	NA NA S:D1146D	10	7580	0.001319	24850	25004
C24899-A C24981-T C25000T	NA NA S:D1146D	10	7345	0.001361	24850	25018
C24672-A T24717-C	NA NA	10	3522	0.002839	24612	24806
C24245-A A24253-T	NA NA	10	5386	0.001857	24233	24264
C23816-T G23835-T C23854A	NA NA S:N764K	10	14478	0.000691	23730	23881
C23758+A	NA	10	13737	0.000728	23683	23777
C23757T C23854A	S:T732I S:N764K	10	12156	0.000823	23742	23895
C23706T C23854A	S:P715L S:N764K	10	11998	0.000833	23683	23895
C23701T	S:A713A	10	44699	0.000224	23687	23716
C23683+A	NA	10	30248	0.000331	23667	23704
C23664T	S:A701V	10	29885	0.000335	23647	23724
C23630-A	NA	10	58122	0.000172	23609	23642
C23604G	S:P681R	10	57237	0.000175	23580	23642
C23604A C23664T	S:P681H S:A701V	10	27679	0.000361	23580	23699
C23604A A23712-T	S:P681H NA	10	26876	0.000372	23580	23724
C23525T T23599G C23604A G23619A	S:H655Y S:N679K S:P681H S:S686N	10	28477	0.000351	23487	23624
C23525T T23599G C23604A C23638T	S:H655Y S:N679K S:P681H S:I692I	10	27858	0.000359	23487	23642
C23525T G23580A T23599G C23604A	S:H655Y S:S673N S:N679K S:P681H	10	28499	0.000351	23487	23642
C23525T G23528A T23599G C23604A	S:H655Y S:V656I S:N679K S:P681H	10	28499	0.000351	23488	23633
C23492-A C23525T	NA S:H655Y	10	37848	0.000264	23487	23531
C23492+A	NA	10	38160	0.000262	23486	23511
C23334-T A23400G	NA S:Q613R	10	7048	0.001419	23269	23443
C23277T C23334-T A23403G	S:T572I NA S:D614G	10	6781	0.001475	23269	23443
C23123T T23278-A	S:P521S NA	10	4249	0.002353	23089	23290
A25247G C25262-T	S:M1229V NA	10	31310	0.000319	25122	25325
A25243G C25262-T	S:I1227M NA	10	31252	0.00032	25130	25325
A25194-AT G25197T	NA S:W1212L	10	29269	0.000342	25122	25325
A25175G C25262-T	S:K1205E NA	10	23182	0.000431	25122	25325
A25147G C25262-T	S:E1195E NA	10	22135	0.000452	25135	25325
A24894G C25000T A25045G	S:E1111G S:D1146D S:S1161S	10	7052	0.001418	24850	25069
A24612G	S:E1017G	10	18851	0.00053	24470	24679
A24610G	S:A1016A	10	18862	0.00053	24470	24665
A24592G	S:Q1010Q	10	18906	0.000529	24576	24679
A24578G	S:T1006A	10	19107	0.000523	24556	24661
A24556G	S:T998T	10	45317	0.000221	24473	24564
A24519G	S:K986R	10	46139	0.000217	24475	24523
A24484G	S:S974S	10	46427	0.000215	24473	24533
A24425T	S:N955Y	10	27448	0.000364	24413	24547
A24424T T24548C	S:Q954H S:L996L	10	24532	0.000408	24416	24564
A24424T T24491C	S:Q954H S:L977L	10	24897	0.000402	24412	24564
A24424T T24482C	S:Q954H S:S974P	10	24935	0.000401	24412	24484
A24424T T24469A T24472C	S:Q954H S:N969K S:F970F	10	24985	0.0004	24412	24564
A24424T T24469A C24536-AA	S:Q954H S:N969K NA	10	24637	0.000406	24412	24564
A24424T T24469A C24477T	S:Q954H S:N969K S:A972V	10	24963	0.000401	24412	24564
A24424T T24469A A24485T	S:Q954H S:N969K S:S975C	10	24914	0.000401	24412	24564
A24424T T24464C	S:Q954H S:S968P	10	25066	0.000399	24416	24564
A24424T T24451+A T24469A	S:Q954H NA S:N969Q	10	25029	0.0004	24412	24542
A24424T G24488-T C24503-T	S:Q954H NA NA	10	24834	0.000403	24412	24563
A24424T G24428+C	S:Q954H NA	10	25328	0.000395	24414	24456
A24424T G24428+A T24471-TG	S:Q954H NA NA	10	24990	0.0004	24412	24564
A24424T A24539-T	S:Q954H NA	10	24618	0.000406	24412	24549
A24424T A24468-T T24470A	S:Q954H NA S:F970I	10	24990	0.0004	24412	24564
A24424T A24454G T24469A	S:Q954H S:K964K S:N969K	10	25029	0.0004	24412	24564
A24424T A24453G	S:Q954H S:K964R	10	25171	0.000397	24412	24564
A24424T A24426G T24469A	S:Q954H S:N955S S:N969K	10	25029	0.0004	24412	24564
A24423G A24424T	S:Q954R S:Q954R	10	27475	0.000364	24412	24564
A24253-T A24424T	NA S:Q954H	10	1405	0.007117	24236	24424
A24110-T G24124-T	NA NA	10	2104	0.004753	24021	24191
A23852G C23854A	S:N764E S:N764E	10	15042	0.000665	23818	23891
A23779G C23854A	S:T739T S:N764K	10	14192	0.000705	23683	23895
A23764G C23854A	S:T734T S:N764K	10	12176	0.000821	23683	23895
A23753G C23854A	S:M731V S:N764K	10	12140	0.000824	23748	23895
A23732G C23854A	S:T724A S:N764K	10	12071	0.000828	23683	23895
A23712+T G23835-T	NA NA	10	12491	0.000801	23683	23882
A23712+T C23887-A	NA NA	10	11068	0.000904	23683	23895
A23656+T	NA	10	29669	0.000337	23648	23724
A23594-C T23599G C23604A	NA S:N679K S:P681H	10	57108	0.000175	23580	23642
A23515+G C23525T A23558-T T23599G C23604A	NA S:H655S NA S:N679* S:P681Y	10	28420	0.000352	23487	23642
A23403G T23507C C23525T	S:D614G S:C649R S:H655Y	10	8141	0.001228	23344	23534
A23403G T23489C C23525T	S:D614G S:F643L S:H655Y	10	8141	0.001228	23342	23539
A23403G T23437C	S:D614G S:H625H	10	15498	0.000645	23335	23443
A23403G T23434C C23525T	S:D614G S:I624I S:H655Y	10	8141	0.001228	23335	23539
A23403G G23417-A	S:D614G NA	10	17027	0.000587	23272	23428
A23403G A23432G C23525T	S:D614G S:I624V S:H655Y	10	8141	0.001228	23393	23539
A23403G A23414G	S:D614G S:T618A	10	17081	0.000585	23335	23430
A23403G A23408G C23525T	S:D614G S:N616D S:H655Y	10	8141	0.001228	23366	23532
A23366G A23403G C23525T	S:T602A S:D614G S:H655Y	10	7506	0.001332	23335	23529
A23362+G	NA	10	19608	0.00051	23335	23380
A23235G	S:K558R	10	5091	0.001964	23189	23290
A21979-T G21987A A21993-TTACC A21999C C22009-A	NA S:G142D NA S:H146P NA	10	5508	0.001816	21847	22043
