nt_mutations	aa_mutations	cluster_depth	total_depth	frequency	coverage_start	coverage_end
C23525T T23599G C23604A	S:H655Y S:N679K S:P681H	15785	34516	0.457324	23521	23608
T23599G C23604A	S:N679K S:P681H	14966	60447	0.247589	23596	23609
A24424T	S:Q954H	6317	30227	0.208985	24421	24424
C23854A	S:N764K	4593	16509	0.278212	23850	23855
A24424T T24469A	S:Q954H S:N969K	4477	28986	0.154454	24421	24475
A23403G	S:D614G	4177	16467	0.253659	23401	23410
C25000T	S:D1146D	3514	14406	0.243926	24998	25003
C25262-T	NA	3451	29813	0.115755	25252	25272
C25416T	ORF3a:F8F	1983	7156	0.27711	25384	25424
C24672-A	NA	1589	13682	0.116138	24653	24679
C23525T	S:H655Y	1395	40908	0.034101	23521	23528
C24981-T C25000T	NA S:D1146D	1330	11209	0.118655	24929	25004
T24469A	S:N969K	1294	36011	0.035933	24465	24486
A23403G C23525T	S:D614G S:H655Y	1244	4558	0.272927	23399	23529
G22813T T22882G G22895C T22896C G22898A T22942G	S:K417N S:N440K S:V445P S:V445P S:G446S S:N460K	1219	6190	0.196931	22809	22944
C23604A	S:P681H	1166	60522	0.019266	23602	23613
A24424T T24469A T24472-G	S:Q954H S:N969K NA	1039	28934	0.035909	24421	24538
C22000A	S:H146Q	1004	6433	0.15607	21996	22032
C23334-T	NA	948	11275	0.08408	23296	23345
C23887-A	NA	904	15992	0.056528	23858	23894
G22813T T22882G G22895C T22896C G22898A	S:K417N S:N440K S:V445P S:V445P S:G446S	852	8703	0.097897	22808	22906
T23599G C23604A A23670-T	S:N679K S:P681H NA	834	24683	0.033788	23581	23680
G22813T T22882G	S:K417N S:N440K	732	10880	0.067279	22809	22885
T23599G	S:N679K	718	60481	0.011871	23595	23602
C23525T C23604A	S:H655Y S:P681H	676	34516	0.019585	23517	23614
G21987A T21990-TTA C22000A	S:G142D S:DEL144 S:H146Q	655	4873	0.134414	21975	22010
C23334-T A23403G	NA S:D614G	621	10649	0.058315	23285	23413
G22317T	S:G252V	608	2906	0.209222	22310	22319
T22942G	S:N460K	571	7878	0.07248	22938	22944
C23525T T23599G	S:H655Y S:N679K	528	34535	0.015289	23521	23602
A24424T T24471-TG	S:Q954H NA	486	28936	0.016796	24418	24546
G21987A T21990-TTA A21999-C	S:G142D S:DEL144 NA	452	4873	0.092756	21974	22015
C23123T	S:P521S	449	3460	0.129769	23119	23131
C22033T	S:F157F	409	8579	0.047675	22029	22043
G21987A	S:G142D	397	5719	0.069418	21975	21990
C23525T C23585A T23599G C23604A	S:H655Y S:Q675K S:N679K S:P681H	380	34516	0.011009	23516	23624
T24469A T24472-G	S:N969K NA	370	35956	0.01029	24465	24531
G23948T	S:D796Y	351	1556	0.225578	23944	23951
T25191-A C25262-T	NA NA	333	21682	0.015358	25138	25275
A24253-T	NA	327	4096	0.079834	24239	24265
C21618T T21632-TACCCCCTG	S:T19I S:DEL25/27	311	720	0.431944	21598	21656
T22882G	S:N440K	306	11497	0.026616	22864	22887
G22813T T22882G T22896C G22898A T22942G	S:K417N S:N440K S:V445A S:G446S S:N460K	284	6190	0.04588	22809	22944
T23599G C23604A C23664T	S:N679K S:P681H S:A701V	283	24723	0.011447	23581	23692
T24471-TG	NA	282	38233	0.007376	24465	24563
A24424T G24488-T	S:Q954H NA	280	28842	0.009708	24415	24500
G25302-T	NA	260	30958	0.008398	25295	25311
G22813T T22882G G22895C G22898A	S:K417N S:N440K S:V445L S:G446S	259	8703	0.02976	22809	22906
G22813T	S:K417N	255	11341	0.022485	22809	22816
G25218-T C25262-T	NA NA	237	26393	0.00898	25130	25292
G25127-T	NA	230	21860	0.010522	25122	25157
T23599G C23604A C23673T	S:N679K S:P681H S:S704L	228	24656	0.009247	23586	23682
A24424T C24536-A	S:Q954H NA	224	28494	0.007861	24420	24552
C23525T A23558-T T23599G C23604A	S:H655Y NA S:N679K S:P681H	221	34516	0.006403	23505	23624
G22813T T22882G G22895C T22896C G22898A T22930A T22942G	S:K417N S:N440K S:V445P S:V445P S:G446S S:F456L S:N460K	218	6190	0.035218	22809	22949
C24536-A	NA	217	39691	0.005467	24525	24552
T21990-TTA C22000A	S:DEL144 S:H146Q	216	4873	0.044326	21977	22043
C23854A C23887-A	S:N764K NA	214	15556	0.013757	23836	23894
C23525T T23563C T23599G C23604A	S:H655Y S:G667G S:N679K S:P681H	208	34516	0.006026	23519	23622
T22882G G22895C T22896C G22898A	S:N440K S:V445P S:V445P S:G446S	205	9314	0.02201	22876	22906
C25000T C25100-A	S:D1146D NA	178	2713	0.06561	24998	25116
T24267-G	NA	174	4095	0.042491	24260	24323
G24488-T	NA	161	39828	0.004042	24476	24499
C25416T G25555-T	ORF3a:F8F NA	154	3651	0.04218	25376	25566
G25218-T	NA	151	26522	0.005693	25209	25231
C24852-A C25000T	NA S:D1146D	151	10170	0.014848	24850	25019
C24672-A A24684-T	NA NA	148	4781	0.030956	24634	24695
A24424T T24438+A	S:Q954H NA	146	29391	0.004968	24417	24449
A24424T C24435-T	S:Q954H NA	141	29425	0.004792	24412	24451
A23786-T C23854A	NA S:N764K	138	15438	0.008939	23761	23881
G22813T T22882G G22895C T22896C G22898A T22928C T22942G	S:K417N S:N440K S:V445P S:V445P S:G446S S:F456L S:N460K	137	6190	0.022132	22808	22949
T23599G C23604A A23639-T	S:N679K S:P681H NA	134	59108	0.002267	23593	23642
A23515+G C23525T T23599G C23604A	NA S:H655S S:N679* S:P681Y	128	34440	0.003717	23508	23624
T23599G C23604A A23712-T	S:N679K S:P681H NA	126	23874	0.005278	23580	23724
T21990-TTA A21999-C	S:DEL144 NA	126	4873	0.025857	21974	22058
T23599G C23604A A23690G	S:N679K S:P681H S:N710D	125	24564	0.005089	23593	23699
G25299-C	NA	118	30867	0.003823	25292	25323
A24684-T	NA	118	4991	0.023643	24673	24701
T22882G G22895C T22896C G22898A T22942G	S:N440K S:V445P S:V445P S:G446S S:N460K	115	6789	0.016939	22880	22950
G23522-A C23525T T23599G C23604A	NA S:H655Y S:N679K S:P681H	115	34514	0.003332	23512	23637
G25198-C	NA	110	25826	0.004259	25188	25210
A24424T T24438+A T24469A	S:Q954H NA S:N969Q	108	28986	0.003726	24416	24564
A23712+T	NA	107	41755	0.002563	23687	23724
T24469A C24672-A	S:N969K NA	106	5353	0.019802	24465	24679
T25191-A	NA	105	25414	0.004132	25141	25199
T25189C	S:Y1209Y	104	25057	0.004151	25181	25201
G22813T T22882G G22895C T22896C G22898A T22930A	S:K417N S:N440K S:V445P S:V445P S:G446S S:F456L	103	7212	0.014282	22808	22933
T24470-TTG	S:DEL971	102	36084	0.002827	24465	24564
G25555-T	NA	102	3651	0.027938	25372	25566
A24424T T24469A C24536-A	S:Q954H S:N969K NA	102	28494	0.00358	24415	24554
C23525T T23529C T23599G C23604A	S:H655Y S:V656A S:N679K S:P681H	100	34516	0.002897	23515	23638
A23853-C	NA	99	16532	0.005988	23845	23862
C23525T G23593C T23599G C23604A	S:H655Y S:Q677H S:N679K S:P681H	98	34516	0.002839	23493	23624
T23599G T23602C C23604A C23679-T	S:N679K S:S680S S:P681H NA	97	24631	0.003938	23580	23700
C23525T C23575T T23599G C23604A	S:H655Y S:C671C S:N679K S:P681H	96	34516	0.002781	23506	23637
T22882G T22896C G22898A T22942G	S:N440K S:V445A S:G446S S:N460K	94	6789	0.013846	22860	22944
C25294-A	NA	94	30715	0.00306	25285	25318
A23805T C23854A	S:E748V S:N764K	94	15674	0.005997	23803	23891
T22200A	S:V213E	93	1217	0.076417	22196	22222
G23364-A A23403G C23525T	NA S:D614G S:H655Y	93	4173	0.022286	23349	23532
T25191-A G25218-T C25262-T	NA NA NA	91	21682	0.004197	25130	25302
C24852-A	NA	91	12104	0.007518	24850	24870
C23525T C23533-A T23599G C23604A	S:H655Y NA S:N679K S:P681H	90	34516	0.002607	23493	23638
T23599G C23604A T23672-C	S:N679K S:P681H NA	89	24666	0.003608	23580	23700
T23599G C23604A G23621T	S:N679K S:P681H S:V687L	89	60360	0.001474	23580	23624
T23511+A C23525T T23599G C23604A	NA S:H655S S:N679* S:P681Y	88	34397	0.002558	23501	23624
C23525T C23575-G T23599G C23604A	S:H655Y NA S:N679K S:P681H	88	34516	0.00255	23505	23622
C23525T T23599G C23604A G23612A	S:H655Y S:N679K S:P681H S:A684T	87	34504	0.002521	23488	23624
C23525T C23595A T23599G C23604A	S:H655Y S:T678N S:N679K S:P681H	87	34516	0.002521	23487	23624
A24424T T24472-G	S:Q954H NA	87	28934	0.003007	24420	24564
T23599G C23604A A23704+C	S:N679K S:P681H NA	86	24168	0.003558	23581	23724
C23525T A23554-C T23599G C23604A	S:H655Y NA S:N679K S:P681H	85	34516	0.002463	23501	23624
C23492-A C23525T C23585A T23599G C23604A	NA S:H655Y S:Q675K S:N679K S:P681H	85	33505	0.002537	23487	23637
C25000T G25091+A	S:D1146D NA	84	2741	0.030646	24990	25210
C24981-T	NA	84	11407	0.007364	24954	24991
C23525T T23599G C23604A G23621T	S:H655Y S:N679K S:P681H S:V687L	83	34470	0.002408	23499	23624
T22882G T22942G	S:N440K S:N460K	81	6789	0.011931	22877	22967
C25276T	S:T1238T	80	30290	0.002641	25258	25324
C24435-T	NA	79	30050	0.002629	24428	24445
C23525T T23599G T23602-C	S:H655Y S:N679K NA	79	34520	0.002289	23492	23614
T24472-G	NA	78	38290	0.002037	24465	24499
T23703-A	NA	78	42160	0.00185	23683	23711
T23599G C23604A T23681C	S:N679K S:P681H S:Y707H	78	24604	0.00317	23582	23700
T22200A G22317T	S:V213E S:G252V	78	953	0.081847	22194	22318
C23525T T23599G C23604A T23620C	S:H655Y S:N679K S:P681H S:S686S	78	34474	0.002263	23487	23624
A24424T T24469A T24472-G C24536-A	S:Q954H S:N969K NA NA	78	28494	0.002737	24417	24564
T23599G C23604A G23666-A	S:N679K S:P681H NA	77	24703	0.003117	23580	23678
T23599G C23604A C23709+A	S:N679K S:P681H NA	77	23970	0.003212	23580	23719
C23595A T23599G C23604A	S:T678N S:N679K S:P681H	77	60424	0.001274	23580	23637
C23525T T23599G C23604A T23633C	S:H655Y S:N679K S:P681H S:S691P	77	33958	0.002268	23501	23637
A24922-T C24981-T C25000T	NA NA S:D1146D	77	10758	0.007157	24860	25004
T24643-A C24672-A	NA NA	76	13584	0.005595	24619	24679
G23835-T	NA	76	16525	0.004599	23775	23847
G22813T T22882G G22895C T22896C G22898A T22900-G	S:K417N S:N440K S:V445P S:V445P S:G446S NA	76	8703	0.008733	22809	22914
C23816-T	NA	76	16825	0.004517	23802	23827
C23525T A23550G T23599G C23604A	S:H655Y S:D663G S:N679K S:P681H	76	34516	0.002202	23515	23624
T23599G C23604A G23666+A	S:N679K S:P681H NA	75	24703	0.003036	23581	23700
T23599G C23604A A23665G	S:N679K S:P681H S:A701A	75	24712	0.003035	23580	23699
C23525T T23542G T23599G C23604A	S:H655Y S:Y660* S:N679K S:P681H	75	34516	0.002173	23487	23624
G21987A T21990-TTA	S:G142D S:DEL144	74	5601	0.013212	21974	22011
C23525T A23535G T23599G C23604A	S:H655Y S:N658S S:N679K S:P681H	74	34516	0.002144	23499	23637
A23594G T23599G C23604A	S:T678A S:N679K S:P681H	74	60420	0.001225	23581	23639
C23816-T C23854A	NA S:N764K	72	15762	0.004568	23807	23881
C21978A G21987A T21990-TTA C22000A	S:P139Q S:G142D S:DEL144 S:H146Q	72	4866	0.014797	21960	22058
C23525T T23599G C23604A A23631G	S:H655Y S:N679K S:P681H S:Q690R	71	34008	0.002088	23501	23637
C23525T T23599G T23602C C23604A	S:H655Y S:N679K S:S680S S:P681H	70	34516	0.002028	23506	23626
C23525T G23568-TA T23599G C23604A	S:H655Y NA S:N679K S:P681H	70	34516	0.002028	23487	23624
C23525T A23558G G23568T T23599G C23604A	S:H655Y S:I666V S:G669V S:N679K S:P681H	70	34516	0.002028	23487	23630
T21934-A G21987A T21990-TTA C22000A	NA S:G142D S:DEL144 S:H146Q	69	3219	0.021435	21908	22058
G23401T A23403G	S:Q613H S:D614G	69	16466	0.00419	23344	23430
A24424T T24470-TTG	S:Q954H S:DEL971	69	28936	0.002385	24417	24564
C23525T T23599G C23604G	S:H655Y S:N679K S:P681R	68	34516	0.00197	23492	23614
C23525T A23552G T23599G C23604A	S:H655Y S:I664V S:N679K S:P681H	68	34516	0.00197	23506	23624
T25415-C	NA	67	7162	0.009355	25382	25435
T23599G C23604A A23631G	S:N679K S:P681H S:Q690R	67	59842	0.00112	23580	23642
T23596+A T23599G C23604A	NA S:N679* S:P681Y	66	60438	0.001092	23581	23629
G25287-T	NA	66	30537	0.002161	25280	25316
G22813T T22882G T22942G	S:K417N S:N440K S:N460K	66	6190	0.010662	22804	22967
C23525T C23555A T23599G C23604A	S:H655Y S:P665T S:N679K S:P681H	66	34516	0.001912	23487	23624
T22882G G22895C G22898A	S:N440K S:V445L S:G446S	65	9314	0.006979	22877	22906
G21987A C22000A	S:G142D S:H146Q	65	4873	0.013339	21980	22056
G21987A A21993-TTACC A21999C	S:G142D NA S:H146P	65	4873	0.013339	21962	22058
T25304C	S:C1248R	64	31038	0.002062	25295	25308
T24438+A	NA	64	30083	0.002127	24423	24451
T23599G C23604A T23693C	S:N679K S:P681H S:S711P	64	24541	0.002608	23581	23699
C23525T T23560-G T23599G C23604A C23613-A	S:H655Y NA S:N679K S:P681H NA	64	34502	0.001855	23505	23629
A24424T T24471-TG C24536-A	S:Q954H NA NA	64	28494	0.002246	24417	24564
G24971+T C24981-T C25000T	NA NA S:D1146S	63	11108	0.005672	24852	25011
C23525T T23548C T23599G C23604A	S:H655Y S:C662C S:N679K S:P681H	63	34516	0.001825	23501	23615
A24424T C24455-A	S:Q954H NA	63	29156	0.002161	24412	24471
A24424T C24444T	S:Q954H S:T961M	63	29293	0.002151	24413	24460
T23599G C23604A T23652C	S:N679K S:P681H S:M697T	62	24781	0.002502	23580	23710
T21632-TACCCCCTG	S:DEL25/27	60	720	0.083333	21592	21663
G22813T T22882G T22896C G22898A	S:K417N S:N440K S:V445A S:G446S	59	8703	0.006779	22795	22906
A22320G	S:D253G	59	2886	0.020444	22306	22333
T21934-A G21987A T21990-TTA A21999-C	NA S:G142D S:DEL144 NA	58	3219	0.018018	21924	22058
C23525T T23546C T23599G C23604A	S:H655Y S:C662R S:N679K S:P681H	58	34516	0.00168	23487	23624
C23525T A23531G T23599G C23604A	S:H655Y S:N657D S:N679K S:P681H	58	34516	0.00168	23488	23632
T25140-A	NA	57	23772	0.002398	25133	25161
C24517-A	NA	57	39833	0.001431	24504	24531
C23525T T23599G C23604A C23630-A	S:H655Y S:N679K S:P681H NA	57	34057	0.001674	23505	23641
A24424T T24469A G24488-T	S:Q954H S:N969K NA	57	28842	0.001976	24412	24564
T24643-A	NA	56	13902	0.004028	24612	24654
T23599G T23602C C23604A	S:N679K S:S680S S:P681H	56	60447	0.000926	23585	23632
G23768-T	NA	56	17230	0.00325	23767	23780
G23508+T C23525T T23599G C23604A	NA S:H655S S:N679* S:P681Y	56	34334	0.001631	23487	23634
A24424T C24444T T24469A	S:Q954H S:T961M S:N969K	56	28986	0.001932	24413	24553
T25251C	S:V1230A	55	28133	0.001955	25232	25307
C25214+G	NA	55	25354	0.002169	25207	25325
C22109G T22200A G22317T	S:Q183E S:V213E S:G252V	55	603	0.091211	22105	22319
T23599G C23604A G23661A	S:N679K S:P681H S:G700D	54	24733	0.002183	23580	23671
G22813T T22882G G22898A	S:K417N S:N440K S:G446S	54	8703	0.006205	22793	22906
C25262-TT	NA	54	29813	0.001811	25251	25289
T24499C	S:D979D	53	39942	0.001327	24495	24508
C25282-TG	NA	53	30422	0.001742	25230	25320
C23525T G23587T T23599G C23604A	S:H655Y S:Q675H S:N679K S:P681H	53	34516	0.001536	23488	23638
C23525T A23588G T23599G C23604A	S:H655Y S:T676A S:N679K S:P681H	53	34516	0.001536	23487	23634
C23525T A23539G T23599G C23604A	S:H655Y S:S659S S:N679K S:P681H	53	34516	0.001536	23487	23640
A25216-G	NA	53	25972	0.002041	25209	25325
A24424T C24435-T T24469A	S:Q954H NA S:N969K	53	28986	0.001828	24412	24563
G23835-T C23887-A	NA NA	52	15053	0.003454	23792	23895
C24503-T	NA	52	39857	0.001305	24488	24513
A24424T C24466+A	S:Q954H NA	52	29008	0.001793	24412	24498
G23835+T	NA	51	16525	0.003086	23767	23851
C25000T A25045G	S:D1146D S:S1161S	51	13865	0.003678	24990	25066
A24885+T C24981-T C25000T	NA NA S:D1146S	51	10578	0.004821	24857	25011
T25263C	S:L1234P	50	29881	0.001673	25251	25316
T23599G C23604A C23706T	S:N679K S:P681H S:P715L	50	24144	0.002071	23580	23724
C23202T	S:T547I	50	3526	0.01418	23181	23205
A24424T T24529C	S:Q954H S:A989A	50	28566	0.00175	24413	24554
A23786+T	NA	50	17048	0.002933	23767	23803
A23494G C23525T T23599G C23604A	S:Q644Q S:H655Y S:N679K S:P681H	50	33816	0.001479	23488	23637
A23403G G23486-T C23525T	S:D614G NA S:H655Y	50	4558	0.01097	23374	23532
T25272C	S:M1237T	49	30192	0.001623	25263	25325
G23835-T C23854A	NA S:N764K	49	16000	0.003063	23818	23870
C24536-AA	NA	49	39691	0.001235	24524	24552
C23525T T23599G T23600C C23604A	S:H655Y S:N679K S:S680P S:P681H	49	34516	0.00142	23500	23637
T25268C	S:C1236R	48	30056	0.001597	25253	25324
T23689-A	NA	48	42271	0.001136	23683	23707
T23599G C23604A T23680C	S:N679K S:P681H S:A706A	48	24607	0.001951	23580	23705
T23599G C23604A T23620C	S:N679K S:P681H S:S686S	48	60364	0.000795	23581	23642
T23590C T23599G C23604A	S:T676T S:N679K S:P681H	48	60343	0.000795	23580	23642
G24488-T C24672-A	NA NA	48	8373	0.005733	24486	24679
C23525T T23584C T23599G C23604A	S:H655Y S:Y674Y S:N679K S:P681H	48	34516	0.001391	23515	23629
C23525T A23594G T23599G C23604A	S:H655Y S:T678A S:N679K S:P681H	48	34516	0.001391	23515	23624
A25208-T	NA	48	27287	0.001759	25199	25210
T25283C	S:C1241R	47	30435	0.001544	25266	25307
T23599G C23604A A23623G	S:N679K S:P681H S:V687V	47	60338	0.000779	23592	23642
G25181+A	NA	47	24634	0.001908	25174	25210
G23364-A A23403G	NA S:D614G	47	15914	0.002953	23335	23433
C23525T T23590C T23599G C23604A	S:H655Y S:T676T S:N679K S:P681H	47	34516	0.001362	23504	23637
A25274G	S:T1238A	47	30241	0.001554	25262	25324
A24803-T	NA	47	4990	0.009419	24780	24806
A24424T C24503-T	S:Q954H NA	47	28748	0.001635	24412	24519
T24492-A	NA	46	39946	0.001152	24486	24564
T23637-C	NA	46	60649	0.000758	23628	23642
T22882G G22898A T22942G	S:N440K S:G446S S:N460K	46	6789	0.006776	22867	22947
T21976-C G21987A T21990-TTA C22000A	NA S:G142D S:DEL144 S:H146Q	46	4861	0.009463	21966	22058
G25278-T	NA	46	30346	0.001516	25271	25324
G23735+A	NA	46	16251	0.002831	23705	23746
G22813T T22882G G22898A T22942G	S:K417N S:N440K S:G446S S:N460K	46	6190	0.007431	22803	22967
C23525T T23599G C23604A T23617C	S:H655Y S:N679K S:P681H S:R685R	46	34481	0.001334	23487	23639
C23525T A23541G T23599G C23604A	S:H655Y S:Y660C S:N679K S:P681H	46	34516	0.001333	23492	23624
C22000A C22033A	S:H146Q S:F157L	46	6404	0.007183	21993	22058
A25315G	S:G1251G	46	31202	0.001474	25310	25325
A25253G	S:T1231A	46	29536	0.001557	25251	25312
A24423+T	NA	46	30232	0.001522	24412	24430
T25293C	S:L1244P	45	30704	0.001466	25289	25316
T25189C C25262-T	S:Y1209Y NA	45	21282	0.002114	25135	25323
T24267-G A24424T	NA S:Q954H	45	474	0.094937	24260	24424
T23599G C23604A T23662C	S:N679K S:P681H S:G700G	45	24730	0.00182	23586	23682
G21987A T21990-TTA C22000A C22033T	S:G142D S:DEL144 S:H146Q S:F157F	45	4844	0.00929	21974	22058
C25227T	S:A1222V	45	27626	0.001629	25219	25320
C23854A A23880G	S:N764K S:E773G	45	15831	0.002843	23823	23891
C23757T C23854A	S:T732I S:N764K	45	14096	0.003192	23750	23873
T25319C	S:C1253R	44	31129	0.001413	25303	25324
T25257C	S:I1232T	44	29660	0.001483	25219	25325
T23599G C23604G	S:N679K S:P681R	44	60447	0.000728	23580	23642
G23835+T C23887-A	NA NA	44	15053	0.002923	23767	23895
C25416T A25472-T	ORF3a:F8F NA	44	6626	0.006641	25381	25477
C23585A T23599G C23604A	S:Q675K S:N679K S:P681H	44	60278	0.00073	23580	23625
A23848+T	NA	44	16561	0.002657	23767	23861
A23796G C23854A	S:D745G S:N764K	44	15563	0.002827	23767	23895
T25291C	S:C1243C	43	30636	0.001404	25281	25325
T23599G C23604A T23629C	S:N679K S:P681H S:S689S	43	59907	0.000718	23580	23642
T23599G C23604A C23630-A	S:N679K S:P681H NA	43	59899	0.000718	23580	23642
G22813T T22882G G22895C T22896C G22898A A22914-C T22942G	S:K417N S:N440K S:V445P S:V445P S:G446S NA S:N460K	43	6190	0.006947	22808	22949
C22033A	S:F157L	43	8579	0.005012	22023	22058
A23597G T23599G C23604A	S:N679E S:N679E S:P681H	43	60440	0.000711	23580	23642
T25322C	S:C1254R	42	31019	0.001354	25284	25325
T23599G T23600C C23604A	S:N679K S:S680P S:P681H	42	60447	0.000695	23580	23642
T23599G C23604A G23608-C	S:N679K S:P681H NA	42	60431	0.000695	23581	23708
T23507C C23525T T23599G C23604A	S:C649R S:H655Y S:N679K S:P681H	42	34309	0.001224	23487	23637
C23525T T23527C T23599G C23604A	S:H655Y S:H655Y S:N679K S:P681H	42	34516	0.001217	23501	23624
A24424T G24558-C	S:Q954H NA	42	28144	0.001492	24419	24564
A24324-AT	NA	42	3802	0.011047	24229	24335
A22108T C22109G T22200A	S:K182N S:Q183E S:V213E	42	824	0.050971	22100	22215
T23599G C23604A G23607A	S:N679K S:P681H S:R682Q	41	60431	0.000678	23581	23642
G22813T T22882G G22895C T22896C G22898A T22912C T22942G	S:K417N S:N440K S:V445P S:V445P S:G446S S:N450N S:N460K	41	6190	0.006624	22800	22966
C23280T A23403G	S:T573I S:D614G	41	10234	0.004006	23270	23429
C22109G T22200A	S:Q183E S:V213E	41	824	0.049757	22101	22206
A21875-T	NA	41	4353	0.009419	21870	21918
T23599G C23604A T23698C	S:N679K S:P681H S:I712I	40	24510	0.001632	23581	23700
T23599G C23604A A23656G	S:N679K S:P681H S:S698S	40	24766	0.001615	23580	23700
T23278-A	NA	40	14219	0.002813	23259	23290
T23143-A	NA	40	3484	0.011481	23108	23159
C25000T T25072-G	S:D1146D NA	40	2865	0.013962	24992	25087
C24455-A	NA	40	30008	0.001333	24428	24472
A25137-T C25262-T	NA NA	40	19050	0.0021	25122	25325
A24424T T24469A T24471C	S:Q954H S:N969K S:F970S	40	28936	0.001382	24412	24564
A22798+G G22813T T22882G G22895C T22896C G22898A	NA S:K417N S:N440Q S:V445P S:V445P S:G446R	40	8495	0.004709	22793	22906
T24471-TG C24536-A	NA NA	39	37317	0.001045	24465	24561
T23599G C23604A A23648G	S:N679K S:P681H S:T696A	39	24797	0.001573	23580	23724
C24899-A C24981-T C25000T	NA NA S:D1146D	39	10657	0.00366	24892	25015
C23745T C23854A	S:P728L S:N764K	39	14041	0.002778	23708	23886
A23592G T23599G C23604A	S:Q677R S:N679K S:P681H	39	60365	0.000646	23580	23642
T25237C	S:I1225I	38	27874	0.001363	25219	25320
T23742-A	NA	38	16156	0.002352	23700	23755
T23599G C23604A A23688G	S:N679K S:P681H S:N709S	38	24578	0.001546	23580	23724
T23487C C23525T T23599G C23604A	Unknown S:H655Y S:N679K S:P681H	38	17724	0.002144	23486	23641
G21987A A21993-TTAC C22000A C22033T	S:G142D NA S:H146Q S:F157F	38	4844	0.007845	21975	22058
C23525T T23599G C23604A T23629C	S:H655Y S:N679K S:P681H S:S689S	38	34064	0.001116	23492	23641
C23525T G23576A T23599G C23604A	S:H655Y S:A672T S:N679K S:P681H	38	34516	0.001101	23501	23634
C23525T A23544G T23599G C23604A	S:H655Y S:E661G S:N679K S:P681H	38	34516	0.001101	23487	23629
A25243-G	NA	38	27961	0.001359	25221	25316
T25306C	S:C1248C	37	31087	0.00119	25286	25324
T24438+A T24469A	NA S:N969Q	37	29641	0.001248	24428	24482
T23599G C23604A T23676C	S:N679K S:P681H S:V705A	37	24642	0.001502	23580	23701
T23599G C23604A T23617C	S:N679K S:P681H S:R685R	37	60380	0.000613	23581	23635
T23489C C23525T T23599G C23604A	S:F643L S:H655Y S:N679K S:P681H	37	33448	0.001106	23486	23637
C23502T C23525T T23599G C23604A	S:A647V S:H655Y S:N679K S:P681H	37	34155	0.001083	23487	23624
A23712-T	NA	37	41755	0.000886	23699	23724
T23599G C23604A T23677C	S:N679K S:P681H S:V705V	36	24638	0.001461	23580	23699
T23599G C23604A T23637C	S:N679K S:P681H S:I692T	36	59559	0.000604	23580	23642
T23599G C23604A T23626C	S:N679K S:P681H S:A688A	36	59977	0.0006	23589	23642
C25151+A	NA	36	24098	0.001494	25143	25325
C23604A A23670-T	S:P681H NA	36	24719	0.001456	23581	23700
C23525T T23582C T23599G C23604A	S:H655Y S:Y674H S:N679K S:P681H	36	34516	0.001043	23501	23624
C23525T A23598G T23599G C23604A	S:H655Y S:N679R S:N679R S:P681H	36	34516	0.001043	23487	23633
C23367+A	NA	36	17040	0.002113	23336	23382
A25137-T	NA	36	23627	0.001524	25123	25151
A24424T G24521+T	S:Q954H NA	36	28615	0.001258	24415	24549
A23848+T C23887-A	NA NA	36	15445	0.002331	23767	23895
A23403G A23474+T C23525T	S:D614G NA S:H655S	36	4558	0.007898	23397	23539
T25301C	S:C1247R	35	30923	0.001132	25263	25323
T24469A C24536-A	S:N969K NA	35	35218	0.000994	24465	24561
T23599G C23604A T23686C	S:N679K S:P681H S:S708S	35	24580	0.001424	23580	23699
G25305-T	NA	35	31063	0.001127	25298	25323
G24971+T C25000T	NA S:D1146S	35	11108	0.003151	24889	25018
G24521+T	NA	35	39807	0.000879	24488	24545
C23525T T23599G C23604A C23609T	S:H655Y S:N679K S:P681H S:R683W	35	34509	0.001014	23509	23642
C23525T T23599G C23604A A23623G	S:H655Y S:N679K S:P681H S:V687V	35	34456	0.001016	23487	23639
C23525T A23532G T23599G C23604A	S:H655Y S:N657S S:N679K S:P681H	35	34516	0.001014	23509	23624
A24424T G24428+A	S:Q954H NA	35	29483	0.001187	24415	24438
A24424T C24536-AA	S:Q954H NA	35	28494	0.001228	24413	24564
A23805G C23854A	S:E748G S:N764K	35	15674	0.002233	23790	23894
A23524G C23525T T23599G C23604A	S:E654E S:H655Y S:N679K S:P681H	35	34514	0.001014	23487	23624
A23497G C23525T T23599G C23604A	S:T645T S:H655Y S:N679K S:P681H	35	33866	0.001033	23487	23624
T25312C	S:C1250C	34	31186	0.00109	25298	25325
T23817C C23854A	S:L752P S:N764K	34	15775	0.002155	23807	23895
T23599G C23604A T23659C	S:N679K S:P681H S:L699L	34	24744	0.001374	23580	23690
T23599G C23604A G23699A	S:N679K S:P681H S:A713T	34	24506	0.001387	23580	23708
T23599G C23604A C23609-G	S:N679K S:P681H NA	34	60428	0.000563	23588	23634
T23599G C23604A A23674G	S:N679K S:P681H S:S704S	34	24650	0.001379	23587	23700
T23581C T23599G C23604A	Unknown S:N679K S:P681H	34	60020	0.000566	23580	23614
G22022-A	NA	34	8431	0.004033	22015	22051
C25416T G25507A	ORF3a:F8F ORF3a:A39T	34	4188	0.008118	25372	25552
C25416T C25441T	ORF3a:F8F ORF3a:Q17*	34	6947	0.004894	25381	25477
C24878-A	NA	34	12432	0.002735	24857	24889
C23709+A	NA	34	41896	0.000812	23702	23719
A24885-T	NA	34	12335	0.002756	24860	24898
A24424T T24464C	S:Q954H S:S968P	34	29025	0.001171	24412	24544
A23588G T23599G C23604A	S:T676A S:N679K S:P681H	34	60323	0.000564	23580	23625
A23013C T23018C T23019C T23031C A23055G A23063T T23075C	S:E484A S:F486P S:F486P S:F490S S:Q498R S:N501Y S:Y505H	34	287	0.118467	23008	23098
T25307C	S:S1249P	33	31139	0.00106	25299	25325
T25150C	S:S1196S	33	24088	0.00137	25130	25169
T23599G C23604A A23639G	S:N679K S:P681H S:I693V	33	59108	0.000558	23580	23642
G25284-T	NA	33	30466	0.001083	25277	25323
G25244T	S:V1228L	33	27999	0.001179	25219	25255
G22577C G22578A	S:G339H S:G339H	33	291	0.113402	22498	22580
C24422-A	NA	33	30241	0.001091	24412	24424
C23525T T23599G C23604A A23618G	S:H655Y S:N679K S:P681H S:S686G	33	34480	0.000957	23501	23633
C23525T T23581C T23599G C23604A	S:H655Y S:S673S S:N679K S:P681H	33	34516	0.000956	23487	23633
C23525T T23571C T23599G C23604A	S:H655Y S:I670T S:N679K S:P681H	33	34516	0.000956	23511	23634
C23525T A23558G T23599G C23604A	S:H655Y S:I666V S:N679K S:P681H	33	34516	0.000956	23487	23624
A24424T T24469A G24497+A	S:Q954H S:N969K NA	33	28805	0.001146	24413	24561
A24253-T A24323-AAT	NA S:DEL922	33	3458	0.009543	24229	24337
A23720-T	NA	33	41407	0.000797	23707	23724
A23493G C23525T T23599G C23604A	S:Q644R S:H655Y S:N679K S:P681H	33	33608	0.000982	23487	23641
T25279C	S:S1239S	32	30370	0.001054	25220	25324
T25228C	S:A1222A	32	27665	0.001157	25219	25320
T23599G C23604A T23622C	S:N679K S:P681H S:V687A	32	60351	0.00053	23580	23642
T23599G C23604A A23691G	S:N679K S:P681H S:N710S	32	24552	0.001303	23580	23724
T23596-A T23599G C23604A	NA S:N679K S:P681H	32	60438	0.000529	23580	23634
T23521C C23525T T23599G C23604A	S:A653A S:H655Y S:N679K S:P681H	32	34505	0.000927	23500	23634
G22813T T22882G G22895C T22896C G22898A G22933+T	S:K417N S:N440K S:V445P S:V445P S:G446S NA	32	7095	0.00451	22801	22940
G22813T T22882G G22895C T22896C	S:K417N S:N440K S:V445P S:V445P	32	8706	0.003676	22793	22906
G22813T T22882G G22895C	S:K417N S:N440K S:V445L	32	10427	0.003069	22793	22907
G22809-A G22813T T22882G	NA S:K417N S:N440K	32	10858	0.002947	22793	22890
C24672-A G24693-A	NA NA	32	4320	0.007407	24612	24709
C24119-A	NA	32	597	0.053601	24111	24152
C23525T T23599G C23604A T23605C	S:H655Y S:N679K S:P681H S:P681H	32	34510	0.000927	23487	23624
C23525T T23599G C23604A A23639-T	S:H655Y S:N679K S:P681H NA	32	33337	0.00096	23487	23642
C23525T T23599G C23604A A23614G	S:H655Y S:N679K S:P681H S:A684A	32	34496	0.000928	23493	23642
C23525T A23592G T23599G C23604A	S:H655Y S:Q677R S:N679K S:P681H	32	34516	0.000927	23487	23624
A25175G	S:K1205E	32	24592	0.001301	25160	25185
A24922+T C24981-T C25000T	NA NA S:D1146S	32	10758	0.002975	24850	25069
A24885-T C25000T	NA S:D1146D	32	10578	0.003025	24857	25069
A23704+C	NA	32	42142	0.000759	23686	23716
A23558-T T23599G C23604A	NA S:N679K S:P681H	32	35076	0.000912	23525	23637
A21875+T	NA	32	4353	0.007351	21847	21913
T25309C	S:S1249S	31	31152	0.000995	25278	25325
T25171-G	NA	31	24430	0.001269	25164	25210
T24499+A	NA	31	39942	0.000776	24488	24509
T24469A T24472-G C24536-A	S:N969K NA NA	31	35218	0.00088	24465	24558
T23599G C23604A T23684C	S:N679K S:P681H S:S708P	31	24588	0.001261	23580	23724
T23599G C23604A T23654C	S:N679K S:P681H S:S698P	31	24772	0.001251	23580	23684
T23599G C23604A A23668G	S:N679K S:P681H S:E702E	31	24694	0.001255	23580	23709
T23599G C23604A A23614G	S:N679K S:P681H S:A684A	31	60399	0.000513	23580	23642
G22813T T22896C G22898A T22942G	S:K417N S:V445A S:G446S S:N460K	31	6190	0.005008	22796	22966
G22813T T22882G T22896C G22898A T22930A T22942G	S:K417N S:N440K S:V445A S:G446S S:F456L S:N460K	31	6190	0.005008	22793	22944
G22813T G22895C T22896C G22898A T22942G	S:K417N S:V445P S:V445P S:G446S S:N460K	31	6190	0.005008	22793	22949
G22014-T	NA	31	8340	0.003717	22007	22049
C24981-T C25000T T25021-A	NA S:D1146D NA	31	10901	0.002844	24867	25065
C24981-T C25000T A25026-T	NA S:D1146D NA	31	10854	0.002856	24869	25052
C23854A G23948T	S:N764K S:D796Y	31	698	0.044413	23850	23954
C23525T T23569C T23599G C23604A	S:H655Y S:G669G S:N679K S:P681H	31	34516	0.000898	23487	23624
C23525T T23537C T23599G C23604A	S:H655Y S:S659P S:N679K S:P681H	31	34516	0.000898	23487	23641
C23367-A	NA	31	17040	0.001819	23345	23382
C23334-T C23367-A	NA NA	31	11021	0.002813	23282	23377
A25271G	S:M1237V	31	30158	0.001028	25252	25324
A25190+G	NA	31	25103	0.001235	25183	25325
A24885-T C24981-T C25000T	NA NA S:D1146D	31	10578	0.002931	24858	25004
A24424T T24514C	S:Q954H S:L984L	31	28675	0.001081	24413	24564
A23805T	S:E748V	31	16963	0.001828	23693	23817
A23712+T C23887-A	NA NA	31	12994	0.002386	23683	23895
A23503G C23525T T23599G C23604A	S:A647A S:H655Y S:N679K S:P681H	31	34183	0.000907	23488	23624
T25310C	S:C1250R	30	31166	0.000963	25267	25325
T25280C	S:C1240R	30	30382	0.000987	25276	25323
T23509C C23525T T23599G C23604A	S:C649C S:H655Y S:N679K S:P681H	30	34370	0.000873	23501	23624
G25269A	S:C1236Y	30	30081	0.000997	25219	25281
G22813T T22882G T22896C T22942G	S:K417N S:N440K S:V445A S:N460K	30	6190	0.004847	22807	22949
C24566+A	NA	30	9206	0.003259	24517	24586
C24422-A A24425T	NA S:N955Y	30	30175	0.000994	24412	24442
C23525T A23572G T23599G C23604A	S:H655Y S:I670M S:N679K S:P681H	30	34516	0.000869	23487	23624
C23525T A23566G T23599G C23604A	S:H655Y S:A668A S:N679K S:P681H	30	34516	0.000869	23487	23642
A25259G	S:M1233V	30	29710	0.00101	25218	25325
A25256+T C25262-T	NA NA	30	29598	0.001014	25130	25325
A24922-T	NA	30	12084	0.002483	24854	24932
A24424T T24511C	S:Q954H S:R983R	30	28691	0.001046	24413	24564
A24424T T24469A T24471-TG	S:Q954H S:N969K NA	30	28936	0.001037	24412	24564
A24424T T24469A G24558-C	S:Q954H S:N969K NA	30	28144	0.001066	24416	24564
A24253-T A24324-AT	NA NA	30	3404	0.008813	24229	24335
A23523G C23525T T23599G C23604A	S:E654G S:H655Y S:N679K S:P681H	30	34514	0.000869	23487	23641
A23515-G C23525T T23599G C23604A	NA S:H655Y S:N679K S:P681H	30	34440	0.000871	23501	23630
A23403G A23440G	S:D614G S:A626A	30	15192	0.001975	23387	23443
T25382+A	NA	29	7344	0.003949	25372	25407
T24643+A	NA	29	13902	0.002086	24626	24670
T24492+A	NA	29	39946	0.000726	24486	24506
T23599G C23604A C23609T	S:N679K S:P681H S:R683W	29	60428	0.00048	23580	23642
T23599G C23604A A23632G	S:N679K S:P681H S:Q690Q	29	59806	0.000485	23580	23642
T23584C T23599G C23604A	S:Y674Y S:N679K S:P681H	29	60269	0.000481	23580	23642
T22882G G22898A	S:N440K S:G446S	29	9314	0.003114	22875	22906
G23486-T C23525T	NA S:H655Y	29	5053	0.005739	23403	23539
C25156T	S:I1198I	29	24340	0.001191	25143	25210
C25000T T25072-G C25100-A	S:D1146D NA NA	29	2713	0.010689	24990	25198
C23854A G23868-A	S:N764K NA	29	16168	0.001794	23837	23895
C23525T A23586G T23599G C23604A	S:H655Y S:Q675R S:N679K S:P681H	29	34516	0.00084	23487	23631
C23525T A23583G T23599G C23604A	S:H655Y S:Y674C S:N679K S:P681H	29	34516	0.00084	23498	23641
A25174G	S:G1204G	29	24559	0.001181	25169	25210
A24424T C24517-A	S:Q954H NA	29	28656	0.001012	24413	24535
A24424T C24435-T G24488-T	S:Q954H NA NA	29	28842	0.001005	24412	24552
A22914-C T22942G	NA S:N460K	29	7113	0.004077	22905	22944
T25289C	S:C1243R	28	30589	0.000915	25274	25325
T25219C	S:G1219G	28	26632	0.001051	25150	25325
T25191+A C25262-T	NA NA	28	21682	0.001291	25132	25325
T23599G C23604A A23636G	S:N679K S:P681H S:I692V	28	59615	0.00047	23580	23642
T23582C T23599G C23604A	S:Y674H S:N679K S:P681H	28	60239	0.000465	23580	23630
T23490C C23525T T23599G C23604A	S:F643S S:H655Y S:N679K S:P681H	28	33476	0.000836	23487	23642
G24868-T	NA	28	12467	0.002246	24857	24880
C25000T C25100-A T25191-A	S:D1146D NA NA	28	2434	0.011504	24990	25205
C24899-A	NA	28	12199	0.002295	24852	24916
C24517-A C24672-A	NA NA	28	8540	0.003279	24476	24679
C24503-T C24672-A	NA NA	28	8511	0.00329	24470	24679
C24150+T	NA	28	3588	0.007804	24148	24182
C23525T T23599G C23604A T23622C	S:H655Y S:N679K S:P681H S:V687A	28	34464	0.000812	23487	23624
C23525T T23599G C23604A A23636G	S:H655Y S:N679K S:P681H S:I692V	28	33814	0.000828	23487	23641
C23525T T23540C T23599G C23604A	S:H655Y S:Y660H S:N679K S:P681H	28	34516	0.000811	23492	23642
A24479-T	NA	28	39454	0.00071	24476	24498
A24424T T24464-C T24471-TG	S:Q954H NA NA	28	28936	0.000968	24412	24563
A24424T A24468-T	S:Q954H NA	28	28995	0.000966	24413	24501
T25303C	S:C1247C	27	30979	0.000872	25291	25325
T25232C	S:L1224L	27	27778	0.000972	25225	25321
T23765C C23854A	S:S735P S:N764K	27	14126	0.001911	23722	23881
T23599G C23604A T23672C	S:N679K S:P681H S:S704P	27	24666	0.001095	23590	23700
T23599G C23604A G23616A	S:N679K S:P681H S:R685H	27	60387	0.000447	23580	23642
T23599G C23604A G23612A	S:N679K S:P681H S:A684T	27	60420	0.000447	23580	23637
T23599G C23604A C23613T	S:N679K S:P681H S:A684V	27	60416	0.000447	23580	23642
T23599G C23604A A23669G	S:N679K S:P681H S:N703D	27	24688	0.001094	23581	23700
T22896C G22898A T22942G	S:V445A S:G446S S:N460K	27	6819	0.00396	22886	22967
T22882G T22896C G22898A A22914-C T22942G	S:N440K S:V445A S:G446S NA S:N460K	27	6789	0.003977	22858	22967
G23517A C23525T T23599G C23604A	S:G652E S:H655Y S:N679K S:P681H	27	34476	0.000783	23507	23625
G22813T G22895C T22896C G22898A	S:K417N S:V445P S:V445P S:G446S	27	8703	0.003102	22801	22907
G21987A A21999-C	S:G142D NA	27	4873	0.005541	21966	22058
C25000T A25026-T	S:D1146D NA	27	14030	0.001924	24990	25052
C23525T T23599G C23604A C23609-G	S:H655Y S:N679K S:P681H NA	27	34509	0.000782	23501	23641
C21618T	S:T19I	27	738	0.036585	21584	21623
A24922-T C25000T	NA S:D1146D	27	10758	0.00251	24868	25018
A24468-T	NA	27	36020	0.00075	24465	24479
A24424T T24448C	S:Q954H S:L962L	27	29256	0.000923	24413	24532
A24318-C	NA	27	4026	0.006706	24299	24357
A24110-T	NA	27	556	0.048561	24103	24121
A23586G T23599G C23604A	S:Q675R S:N679K S:P681H	27	60287	0.000448	23581	23642
A22798+G G22813T T22882G	NA S:K417N S:N440Q	27	10656	0.002534	22793	22889
T25270C	S:C1236C	26	30129	0.000863	25231	25325
T23599G C23604A T23703C	S:N679K S:P681H S:I714T	26	24180	0.001075	23580	23724
T23599G C23604A G23616-T	S:N679K S:P681H NA	26	60387	0.000431	23581	23640
T23599G C23604A A23708G	S:N679K S:P681H S:T716A	26	23983	0.001084	23580	23724
T23599G C23604A A23670-T A23704+C	S:N679K S:P681H NA NA	26	24168	0.001076	23581	23724
T23599G C23604A A23669-AT	S:N679K S:P681H NA	26	24688	0.001053	23587	23705
T23599G C23604A A23618G	S:N679K S:P681H S:S686G	26	60377	0.000431	23580	23642
T23491C C23525T T23599G C23604A	S:F643F S:H655Y S:N679K S:P681H	26	33491	0.000776	23487	23642
G25305A	S:C1248Y	26	31063	0.000837	25260	25325
G25177+A	NA	26	24573	0.001058	25169	25325
G23519A C23525T T23599G C23604A	S:A653T S:H655Y S:N679K S:P681H	26	34484	0.000754	23487	23641
G22813T T22882G G22895C G22898A T22942G	S:K417N S:N440K S:V445L S:G446S S:N460K	26	6190	0.0042	22794	22967
G22577C G22578A G22599C C22664A C22674T T22679C	S:G339H S:G339H S:R346T S:L368I S:S371F S:S373P	26	151	0.172185	22555	22685
C25416T G25423A	ORF3a:F8F ORF3a:G11R	26	7111	0.003656	25372	25497
C25282T	S:C1240C	26	30422	0.000855	25219	25325
C25199T	S:P1213S	26	25928	0.001003	25167	25210
C23816-T C23887-A	NA NA	26	14823	0.001754	23767	23895
C23525T T23599G C23604A T23637-C	S:H655Y S:N679K S:P681H NA	26	33770	0.00077	23493	23642
C23525T T23581-TA T23599G C23604A	S:H655Y NA S:N679K S:P681H	26	34516	0.000753	23487	23637
C23525T T23553C T23599G C23604A	S:H655Y S:I664T S:N679K S:P681H	26	34516	0.000753	23487	23621
C23525T A23534G T23599G C23604A	S:H655Y S:N658D S:N679K S:P681H	26	34516	0.000753	23487	23633
C23492-A C23525T T23599G C23604A	NA S:H655Y S:N679K S:P681H	26	33505	0.000776	23488	23642
C23230-A	NA	26	3092	0.008409	23213	23244
A25241G	S:I1227V	26	27931	0.000931	25219	25325
A25154G	S:I1198V	26	24324	0.001069	25141	25168
A25137+T C25262-T	NA NA	26	19050	0.001365	25123	25324
A24424T T24469A T24499G	S:Q954H S:N969K S:D979E	26	28792	0.000903	24412	24564
A23495G C23525T T23599G C23604A	S:T645A S:H655Y S:N679K S:P681H	26	33831	0.000769	23487	23642
A21875+T G21987A	NA S:G142E	26	3705	0.007018	21867	21993
T25265C	S:C1235R	25	29950	0.000835	25221	25325
T25260C	S:M1233T	25	29726	0.000841	25223	25316
T25191-A G25218-T	NA NA	25	21811	0.001146	25122	25258
T25171+G C25262-T	NA NA	25	20216	0.001237	25122	25306
T24469A T24499C	S:N969K S:D979D	25	35733	0.0007	24465	24564
T23599G C23604A A23702G	S:N679K S:P681H S:I714V	25	24199	0.001033	23581	23714
T23599G C23604A A23670G	S:N679K S:P681H S:N703S	25	24683	0.001013	23580	23687
T23599G C23604A A23651G	S:N679K S:P681H S:M697V	25	24787	0.001009	23580	23706
G25320A	S:C1253Y	25	31124	0.000803	25281	25325
G24611+A	NA	25	8913	0.002805	24488	24640
C24466+A	NA	25	35996	0.000695	24465	24484
C23525T T23560C T23599G C23604A	S:H655Y S:I666I S:N679K S:P681H	25	34516	0.000724	23487	23637
C21978A G21987A T21990-TTA A21999-C	S:P139Q S:G142D S:DEL144 NA	25	4866	0.005138	21959	22057
A25472-T	NA	25	6626	0.003773	25382	25477
A25208+T C25262-T	NA NA	25	23894	0.001046	25122	25324
A24424T T24534C	S:Q954H S:V991A	25	28516	0.000877	24413	24564
A24424T A24518G	S:Q954H S:K986E	25	28651	0.000873	24412	24564
A23786+T C23887-A	NA NA	25	14510	0.001723	23699	23895
A23598G T23599G C23604A	S:N679R S:N679R S:P681H	25	60441	0.000414	23580	23642
A23515+G T23599G C23604A	NA S:N679* S:P681Y	25	34440	0.000726	23501	23637
A23513G C23525T T23599G C23604A	S:I651V S:H655Y S:N679K S:P681H	25	34418	0.000726	23487	23624
A23474+T C23525T	NA S:H655S	25	4994	0.005006	23463	23535
T25316C	S:S1252P	24	31188	0.00077	25211	25325
T24414C A24424T	S:V951A S:Q954H	24	29942	0.000802	24412	24424
T23599G C23604A T23640C	S:N679K S:P681H S:I693T	24	59043	0.000406	23580	23642
T23511C C23525T T23599G C23604A	S:L650S S:H655Y S:N679K S:P681H	24	34397	0.000698	23487	23641
T23500C C23525T T23599G C23604A	S:R646R S:H655Y S:N679K S:P681H	24	34007	0.000706	23487	23642
G23735+A C23887-A	NA NA	24	13092	0.001833	23699	23894
G23522-A C23525T	NA S:H655Y	24	40905	0.000587	23506	23539
G22813T T22882G T22896C G22898A T22928C T22942G	S:K417N S:N440K S:V445A S:G446S S:F456L S:N460K	24	6190	0.003877	22793	22966
G22813T T22882G T22896C G22898A A22914-C T22942G	S:K417N S:N440K S:V445A S:G446S NA S:N460K	24	6190	0.003877	22807	22948
G22813T T22882G G22895C T22896C G22898A T22942G A22948-C	S:K417N S:N440K S:V445P S:V445P S:G446S S:N460K NA	24	5948	0.004035	22793	22966
G22809-A G22813T T22882G G22895C T22896C G22898A	NA S:K417N S:N440K S:V445P S:V445P S:G446S	24	8686	0.002763	22793	22907
C25441T	ORF3a:Q17*	24	6947	0.003455	25381	25477
C25276-A	NA	24	30290	0.000792	25267	25325
C24878-A C24981-T C25000T	NA NA S:D1146D	24	10563	0.002272	24850	25050
C24773-A	NA	24	5200	0.004615	24765	24788
C24483+A	NA	24	39643	0.000605	24476	24503
C23833-A C23854A	NA S:N764K	24	15963	0.001503	23824	23895
C23525T T23599G C23604A A23627G	S:H655Y S:N679K S:P681H S:S689G	24	34093	0.000704	23487	23642
C23525T T23599A C23604A	S:H655Y S:N679K S:P681H	24	34516	0.000695	23493	23642
C23525T T23596C T23599G C23604A	S:H655Y S:T678T S:N679K S:P681H	24	34516	0.000695	23499	23637
C23525T T23542C T23599G C23604A	S:H655Y S:Y660Y S:N679K S:P681H	24	34516	0.000695	23487	23624
A25327-T	NA	24	1486	0.016151	25261	25352
A25295G	S:K1245E	24	30748	0.000781	25267	25325
A25277G	S:S1239G	24	30318	0.000792	25219	25325
A25247G	S:M1229V	24	28042	0.000856	25235	25316
A24424T T24549C	S:Q954H S:L996S	24	28348	0.000847	24412	24564
A24424T T24469A T24529C	S:Q954H S:N969K S:A989A	24	28566	0.00084	24412	24564
A24424T T24469A T24506C	S:Q954H S:N969K S:S982P	24	28738	0.000835	24412	24564
A24424T T24469A A24525G	S:Q954H S:N969K S:E988G	24	28588	0.00084	24412	24564
A24424T G24497+A	S:Q954H NA	24	28805	0.000833	24412	24530
A24424T A24554G	S:Q954H S:T998A	24	28256	0.000849	24412	24564
A24424T A24454G	S:Q954H S:K964K	24	29166	0.000823	24412	24492
T25288C	S:S1242S	23	30570	0.000752	25273	25325
T25264C	S:L1234L	23	29923	0.000769	25251	25325
T25245-A	NA	23	28011	0.000821	25231	25307
T25228-G	NA	23	27665	0.000831	25219	25325
T25205C	S:Y1215H	23	26533	0.000867	25194	25210
T25161C	S:L1200P	23	24424	0.000942	25132	25210
T25148+A	NA	23	24035	0.000957	25141	25307
T23599G C23604A G23663A	S:N679K S:P681H S:A701T	23	24729	0.00093	23580	23678
T23599G C23604A C23683T	S:N679K S:P681H S:Y707Y	23	24596	0.000935	23580	23724
T23599G C23604A A23712+T	S:N679K S:P681H NA	23	23874	0.000963	23580	23717
T23164-A	NA	23	3527	0.006521	23138	23184
T22882G G22895C T22896C G22898A T22900-G	S:N440K S:V445P S:V445P S:G446S NA	23	9314	0.002469	22793	22915
G25323A	S:C1254Y	23	31004	0.000742	25283	25325
G25313A	S:G1251R	23	31191	0.000737	25308	25324
G22809-A G22813T	NA S:K417N	23	11318	0.002032	22793	22824
C25416T C25517-T	ORF3a:F8F NA	23	4075	0.005644	25375	25528
C25239T	S:A1226V	23	27908	0.000824	25222	25320
C25227T C25262-T	S:A1222V NA	23	27518	0.000836	25134	25325
C25000T A25056-T	S:D1146D NA	23	13760	0.001672	24990	25067
C24621T	S:A1020V	23	13905	0.001654	24612	24672
C23887A A23888C G23948T	S:D775E S:K776Q S:D796Y	23	844	0.027251	23875	23978
C23525T T23599G T23602-C T23605A	S:H655Y S:N679K NA S:P681P	23	34510	0.000666	23493	23629
C23525T T23599G C23604A T23637C	S:H655Y S:N679K S:P681H S:I692T	23	33770	0.000681	23487	23641
C23525T T23599G C23604A T23626C	S:H655Y S:N679K S:P681H S:A688A	23	34117	0.000674	23487	23642
C23525T T23599G C23604A G23624A	S:H655Y S:N679K S:P681H S:A688T	23	34437	0.000668	23487	23634
C23123T C23230-A	S:P521S NA	23	2782	0.008267	23089	23244
A24677G	S:R1039G	23	13680	0.001681	24626	24679
A24674G	S:K1038E	23	13718	0.001677	24654	24679
A24424T T24499G	S:Q954H S:D979E	23	28792	0.000799	24412	24564
A24424T T24482C	S:Q954H S:S974P	23	28875	0.000797	24412	24563
A24424T T24469A C24536-AA	S:Q954H S:N969K NA	23	28494	0.000807	24412	24564
A24424T T24464-C T24470-TTG	S:Q954H NA S:DEL971	23	28936	0.000795	24414	24564
A24420G A24424T	S:N953S S:Q954H	23	30198	0.000762	24412	24564
A24253-T C24263-A	NA NA	23	4053	0.005675	24229	24304
A23786-T	NA	23	17048	0.001349	23767	23794
A23403G A23414G	S:D614G S:T618A	23	16277	0.001413	23388	23443
A22101T C22109G T22200A G22317T	Unknown S:Q183E S:V213E S:G252V	23	576	0.039931	22100	22319
T25248C	S:M1229T	22	28053	0.000784	25219	25325
T25233C	S:L1224S	22	27797	0.000791	25208	25324
T23599G C23604A T23633C	S:N679K S:P681H S:S691P	22	59775	0.000368	23580	23642
T23599G C23604A G23610A	S:N679K S:P681H S:R683Q	22	60424	0.000364	23580	23642
T23599G C23604A C23634T	S:N679K S:P681H S:S691F	22	59763	0.000368	23580	23642
T23330C A23403G	S:C590R S:D614G	22	10636	0.002068	23296	23443
T21934-A T21990-TTA C22000A	NA S:DEL144 S:H146Q	22	3219	0.006834	21918	22058
G25244-T	NA	22	27999	0.000786	25219	25298
G23384-T A23403G	NA S:D614G	22	16132	0.001364	23372	23443
C25262-T C25282-TG	NA NA	22	29753	0.000739	25131	25325
C25000T T25191-A	S:D1146D NA	22	2434	0.009039	24990	25210
C25000T T25021-A	S:D1146D NA	22	14090	0.001561	24990	25038
C24964-A C24981-T C25000T	NA NA S:D1146D	22	11061	0.001989	24850	25037
C23887A A23888C	S:D775E S:K776Q	22	15946	0.00138	23879	23894
C23709-A	NA	22	41896	0.000525	23690	23723
C23525T T23599G C23604A C23606T	S:H655Y S:N679K S:P681H S:R682W	22	34510	0.000637	23492	23633
C23525T A23526G T23599G C23604A	S:H655C S:H655C S:N679K S:P681H	22	34516	0.000637	23487	23642
C23123T T23143-A	S:P521S NA	22	3435	0.006405	23093	23155
A25146G	S:E1195G	22	24030	0.000916	25139	25164
A23359G A23403G	S:T599T S:D614G	22	15893	0.001384	23335	23432
T25242C	S:I1227T	21	27944	0.000752	25226	25325
T23599G C23604A T23697C	S:N679K S:P681H S:I712T	21	24514	0.000857	23580	23724
T23599G C23604A G23642A	S:N679K S:P681H S:A694T	21	58815	0.000357	23580	23724
T23599G C23604A C23643T	S:N679K S:P681H S:A694V	21	58001	0.000362	23580	23700
G25203A	S:W1214*	21	26289	0.000799	25195	25210
G24488+T	NA	21	39828	0.000527	24474	24499
G23516A C23525T T23599G C23604A	S:G652R S:H655Y S:N679K S:P681H	21	34455	0.000609	23504	23641
G22813T T22882G G22895C G22898A T22930A	S:K417N S:N440K S:V445L S:G446S S:F456L	21	7212	0.002912	22793	22933
G22813T T22873C T22882G G22895C T22896C G22898A T22942G	S:K417N S:N437N S:N440K S:V445P S:V445P S:G446S S:N460K	21	6190	0.003393	22793	22966
C25000T C25006T	S:D1146D S:F1148F	21	14338	0.001465	24990	25069
C24672-A A24684-T G24693-A	NA NA NA	21	4320	0.004861	24612	24704
C23575T T23599G C23604A	S:C671C S:N679K S:P681H	21	35358	0.000594	23491	23634
C23099-T	NA	21	3423	0.006135	23096	23134
A25165G	S:Q1201Q	21	24445	0.000859	25123	25168
A24645G	S:K1028R	21	13903	0.00151	24612	24678
A24424T T24469A G24473A	S:Q954H S:N969K S:G971S	21	28927	0.000726	24412	24564
A24424T T24436C	S:Q954H S:A958A	21	29411	0.000714	24412	24548
A24424T A24443G	S:Q954H S:T961A	21	29316	0.000716	24421	24554
A23432+C	NA	21	16128	0.001302	23335	23439
A23403G G23429T	S:D614G S:A623S	21	15971	0.001315	23269	23443
T25258C	S:I1232I	20	29687	0.000674	25216	25324
T25152C	S:L1197P	20	24309	0.000823	25131	25210
T25150C C25262-T	S:S1196S NA	20	19485	0.001026	25130	25290
T23599G C23604A T23641C	S:N679K S:P681H S:I693I	20	58969	0.000339	23580	23642
T23599G C23604A T23641-G C23664T	S:N679K S:P681H NA S:A701V	20	24723	0.000809	23580	23698
T23599G C23604A G23624A	S:N679K S:P681H S:A688T	20	60313	0.000332	23580	23642
T23599G C23604A C23709-A	S:N679K S:P681H NA	20	23970	0.000834	23580	23717
T23599G C23604A C23701T	S:N679K S:P681H S:A713A	20	24456	0.000818	23580	23716
T23563C T23599G C23604A	S:G667G S:N679K S:P681H	20	35178	0.000569	23487	23642
T23510C C23525T T23599G C23604A	S:L650L S:H655Y S:N679K S:P681H	20	34387	0.000582	23487	23624
T22882G T22896C G22898A	S:N440K S:V445A S:G446S	20	9314	0.002147	22862	22906
T22882G G22895C T22896C G22898A T22930A T22942G	S:N440K S:V445P S:V445P S:G446S S:F456L S:N460K	20	6789	0.002946	22876	22949
T22882G G22895C	S:N440K S:V445L	20	11041	0.001811	22832	22906
G25299A	S:G1246D	20	30867	0.000648	25231	25324
G23804-A C23854A	NA S:N764K	20	15665	0.001277	23788	23873
G23768-T C23887-A	NA NA	20	14404	0.001389	23767	23895
G23568-TA T23599G C23604A	NA S:N679K S:P681H	20	35253	0.000567	23527	23639
G22895C T22896C G22898A T22942G	S:V445P S:V445P S:G446S S:N460K	20	6819	0.002933	22875	22966
G22813T T22882G G22895C T22896C G22898A T22930G T22942G	S:K417N S:N440K S:V445P S:V445P S:G446S S:F456L S:N460K	20	6190	0.003231	22800	22954
G22813T T22882G G22895C G22898A T22900-G	S:K417N S:N440K S:V445L S:G446S NA	20	8703	0.002298	22801	22915
C25262-T T25291C	NA S:C1243C	20	29721	0.000673	25251	25325
C25000T A25007G	S:D1146D S:K1149E	20	14327	0.001396	24990	25069
C24672-A A24803-T	NA NA	20	3598	0.005559	24612	24806
C23825+A	NA	20	16702	0.001197	23767	23835
C23630-A	NA	20	60890	0.000328	23615	23637
C23525T T23560-G T23599G C23604A	S:H655Y NA S:N679K S:P681H	20	34516	0.000579	23498	23642
C23525T T23559C T23599G C23604A	S:H655Y S:I666T S:N679K S:P681H	20	34516	0.000579	23500	23637
C23525T A23579G T23599G C23604A	S:H655Y S:S673G S:N679K S:P681H	20	34516	0.000579	23487	23642
C23399+T C23525T	NA S:H655S	20	4543	0.004402	23339	23532
C23103-T	NA	20	3428	0.005834	23089	23208
A25243G	S:I1227M	20	27961	0.000715	25214	25325
A24424T T24504C	S:Q954H S:L981P	20	28743	0.000696	24413	24564
A24424T T24487C	S:Q954H S:S975S	20	28844	0.000693	24412	24535
A24424T T24469A C24503-T	S:Q954H S:N969K NA	20	28748	0.000696	24412	24519
A24424T T24469A A24518G	S:Q954H S:N969K S:K986E	20	28651	0.000698	24412	24564
A24424T T24469A A24516G	S:Q954H S:N969K S:D985G	20	28663	0.000698	24412	24564
A24424T C24431+A	S:Q954H NA	20	29474	0.000679	24412	24447
A24424T A24562G	S:Q954H S:R1000R	20	28066	0.000713	24412	24564
A24424T A24556+G	S:Q954H NA	20	28160	0.00071	24414	24564
A23853-C C23887-A	NA NA	20	15555	0.001286	23823	23895
A23826G C23854A	S:Q755R S:N764K	20	15881	0.001259	23802	23886
A23805T C23887-A	S:E748V NA	20	14737	0.001357	23789	23895
T25221C	S:F1220S	19	27230	0.000698	25199	25323
T24643-A C24672-A A24684-T	NA NA NA	19	4691	0.00405	24612	24702
T24534C	S:V991A	19	39718	0.000478	24495	24562
T24505C	S:L981L	19	39884	0.000476	24500	24527
T24492+A C24672-A	NA NA	19	8466	0.002244	24486	24679
T23830-G C23854A	NA S:N764K	19	15930	0.001193	23814	23885
T23599G C23604A T23671C	S:N679K S:P681H S:N703N	19	24673	0.00077	23580	23724
T23599G C23604A T23659A	S:N679K S:P681H S:L699L	19	24744	0.000768	23580	23706
T23599G C23604A T23658C	S:N679K S:P681H S:L699P	19	24747	0.000768	23580	23717
T23599G C23604A G23608A	S:N679K S:P681H S:R682R	19	60431	0.000314	23580	23642
T23599G C23604A C23700T	S:N679K S:P681H S:A713V	19	24499	0.000776	23580	23703
T23599G C23604A C23625T	S:N679K S:P681H S:A688V	19	60300	0.000315	23580	23642
T23596C T23599G C23604A	S:T678T S:N679K S:P681H	19	60438	0.000314	23581	23642
T23514C C23525T T23599G C23604A	S:I651T S:H655Y S:N679K S:P681H	19	34430	0.000552	23487	23629
T23488C C23525T T23599G C23604A	Unknown S:H655Y S:N679K S:P681H	19	33255	0.000571	23487	23642
T23487G C23525T T23599G C23604A	Unknown S:H655Y S:N679K S:P681H	19	17724	0.001072	23486	23642
G23508+T T23599G C23604A	NA S:N679* S:P681Y	19	34334	0.000553	23486	23624
G21987A A21993-TTAC A21999-C C22033T	S:G142D NA NA S:F157F	19	4844	0.003922	21959	22058
C25000T A25065G	S:D1146D S:D1168G	19	13634	0.001394	24990	25069
C24320-A	NA	19	3939	0.004824	24229	24332
C23854A A23892G	S:N764K S:N777S	19	14379	0.001321	23830	23895
C23816-T G23835-T	NA NA	19	16286	0.001167	23767	23853
C23525T G23580-T T23599G C23604A	S:H655Y NA S:N679K S:P681H	19	34516	0.00055	23496	23642
C23525T C23565T T23599G C23604A	S:H655Y S:A668V S:N679K S:P681H	19	34516	0.00055	23490	23634
C23525T C23533-A	S:H655Y NA	19	40689	0.000467	23493	23539
C23525T A23554G T23599G C23604A	S:H655Y S:I664M S:N679K S:P681H	19	34516	0.00055	23493	23641
C23271-T A23403G	NA S:D614G	19	10141	0.001874	23269	23424
A25255G	S:T1231T	19	29592	0.000642	25216	25325
A24675G	S:K1038R	19	13705	0.001386	24612	24679
A24560G	S:R1000G	19	39294	0.000484	24522	24564
A24518G	S:K986E	19	39839	0.000477	24504	24563
A24424T T24469A T24534C	S:Q954H S:N969K S:V991A	19	28516	0.000666	24413	24564
A24424T A24456G	S:Q954H S:Q965R	19	29133	0.000652	24412	24564
A23691T C23854A	S:N710I S:N764K	19	13626	0.001394	23683	23895
A23497-C C23525T T23599G C23604A	NA S:H655Y S:N679K S:P681H	19	33866	0.000561	23488	23642
A23403G T23482-A C23525T	S:D614G NA S:H655Y	19	4558	0.004168	23368	23535
A23403G A23416-GA C23525T	S:D614G NA S:H655Y	19	4558	0.004168	23385	23539
A23312-TTC A23403G	S:DEL585 S:D614G	19	10610	0.001791	23269	23443
A23301G A23403G	S:Q580R S:D614G	19	10602	0.001792	23293	23429
A23013C T23018C T23019C T23031C A23055G A23063T T23075C C23123T	S:E484A S:F486P S:F486P S:F490S S:Q498R S:N501Y S:Y505H S:P521S	19	262	0.072519	23008	23136
A21875-T G21987A	NA S:G142D	19	3705	0.005128	21870	21992
T25257C C25262-T	S:I1232T NA	18	29637	0.000607	25122	25325
T25224C	S:I1221T	18	27457	0.000656	25219	25323
T25209C	S:I1216T	18	27421	0.000656	25200	25325
T25202C	S:W1214R	18	26237	0.000686	25197	25210
T25161C C25262-T	S:L1200P NA	18	19978	0.000901	25122	25323
T25155C	S:I1198T	18	24339	0.00074	25130	25210
T25129C C25262-T	S:V1189V NA	18	17978	0.001001	25122	25324
T24514C	S:L984L	18	39832	0.000452	24500	24517
T24511C	S:R983R	18	39846	0.000452	24500	24564
T24470-TTG C24536-A	S:DEL971 NA	18	35334	0.000509	24465	24564
T24469A G24488-T	S:N969K NA	18	35845	0.000502	24465	24564
T23599G C23604A T23695C	S:N679K S:P681H S:S711S	18	24526	0.000734	23580	23717
T23599G C23604A T23689C	S:N679K S:P681H S:N709N	18	24569	0.000733	23581	23700
T23599G C23604A G23678A	S:N679K S:P681H S:A706T	18	24636	0.000731	23580	23700
T23599G C23604A A23639-T A23670-T	S:N679K S:P681H NA NA	18	24683	0.000729	23587	23724
T23599G C23604A A23627G	S:N679K S:P681H S:S689G	18	59940	0.0003	23580	23642
T22882G G22895C T22896C G22898A T22930A	S:N440K S:V445P S:V445P S:G446S S:F456L	18	7816	0.002303	22876	22933
T21934-A C21978A G21987A T21990-TTA C22000A	NA S:P139Q S:G142D S:DEL144 S:H146Q	18	3219	0.005592	21901	22058
G25273A	S:M1237I	18	30216	0.000596	25217	25325
G25238A	S:A1226T	18	27891	0.000645	25223	25264
G24992-A C25000T	NA S:D1146D	18	14331	0.001256	24976	25069
G24164-A	NA	18	3665	0.004911	24148	24174
G23518A C23525T T23599G C23604A	S:G652G S:H655Y S:N679K S:P681H	18	34482	0.000522	23487	23637
G23501A C23525T T23599G C23604A	S:A647T S:H655Y S:N679K S:P681H	18	34025	0.000529	23487	23641
G23402-A	NA	18	16470	0.001093	23335	23410
G23294A A23403G	S:D578N S:D614G	18	10479	0.001718	23285	23443
G22813T T22882G G22895C T22896C G22898A G22927T T22928C T22942G	S:K417N S:N440K S:V445P S:V445P S:G446S S:L455F S:F456L S:N460K	18	6190	0.002908	22793	22966
G21987A T21991-TA C22000A	S:G142D NA S:H146Q	18	4873	0.003694	21974	22058
G21987A T21990-TTA C22000A C22033A	S:G142D S:DEL144 S:H146Q S:F157L	18	4844	0.003716	21974	22058
C25546+T	NA	18	3723	0.004835	25372	25558
C25517-T	NA	18	4075	0.004417	25372	25530
C25000T C25047T	S:D1146D S:P1162L	18	13850	0.0013	24990	25065
C24981-T C25000T A25056-T	NA S:D1146D NA	18	10681	0.001685	24850	25069
C24672-AA	NA	18	13682	0.001316	24612	24679
C23525T T23599G C23604A G23610A	S:H655Y S:N679K S:P681H S:R683Q	18	34506	0.000522	23487	23642
C23525T T23599G C23604A C23615T	S:H655Y S:N679K S:P681H S:R685C	18	34494	0.000522	23487	23634
C23525T T23578C T23599G C23604A	S:H655Y S:A672A S:N679K S:P681H	18	34516	0.000521	23508	23637
C22109G G22113T T22200A G22317T	S:Q183E S:G184V S:V213E S:G252V	18	603	0.029851	22100	22319
A25225G	S:I1221M	18	27521	0.000654	25219	25324
A25176G C25262-T	S:K1205R NA	18	20459	0.00088	25122	25325
A25164G	S:Q1201R	18	24434	0.000737	25150	25210
A24922+T	NA	18	12084	0.00149	24852	24934
A24520G	S:K986K	18	39835	0.000452	24480	24564
A24424T T24469A T24514C	S:Q954H S:N969K S:L984L	18	28675	0.000628	24415	24564
A24424T T24469A T24504C	S:Q954H S:N969K S:L981P	18	28743	0.000626	24412	24564
A24424T T24469A G24488+T G24558-C	S:Q954H S:N969K NA NA	18	28144	0.00064	24412	24564
A24424T T24469A C24507-A	S:Q954H S:N969K NA	18	28730	0.000627	24412	24564
A24424T T24469A A24508G	S:Q954H S:N969K S:S982S	18	28719	0.000627	24412	24563
A24424T T24464C T24469A	S:Q954H S:S968P S:N969K	18	28986	0.000621	24412	24552
A24424T T24451C	S:Q954H S:V963V	18	29215	0.000616	24412	24564
A24424T T24451+A	S:Q954H NA	18	29215	0.000616	24414	24487
A24424T A24560G	S:Q954H S:R1000G	18	28096	0.000641	24412	24564
A24424T A24426G	S:Q954H S:N955S	18	29483	0.000611	24412	24444
A24110-T C24119-A	NA NA	18	542	0.03321	24022	24149
A23853-C C23855A	NA S:R765S	18	16428	0.001096	23843	23895
A23762G C23854A	S:T734A S:N764K	18	14112	0.001276	23723	23895
A23588T T23599G C23604A	S:T676S S:N679K S:P681H	18	60323	0.000298	23580	23724
A23403G A23416G	S:D614G S:T618T	18	16252	0.001108	23351	23434
A23366G A23403G	S:T602A S:D614G	18	15926	0.00113	23285	23443
T25265G	S:C1235G	17	29950	0.000568	25251	25294
T25140+A	NA	17	23772	0.000715	25132	25151
T24660+A	NA	17	13826	0.00123	24612	24672
T24529C	S:A989A	17	39779	0.000427	24478	24535
T24499C A24674G	S:D979D S:K1038E	17	8433	0.002016	24480	24679
T24417C A24424T T24469A	S:V952A S:Q954H S:N969K	17	28884	0.000589	24413	24564
T23862-A	NA	17	16563	0.001026	23855	23870
T23599G C23604A A23646G	S:N679K S:P681H S:Y695C	17	24805	0.000685	23581	23724
T23599G C23601T C23604A	S:N679K S:S680F S:P681H	17	60447	0.000281	23580	23642
T23434-C C23525T	NA S:H655Y	17	4864	0.003495	23415	23539
T22882G A22914-C T22942G	S:N440K NA S:N460K	17	6789	0.002504	22862	22967
G25305+T	NA	17	31063	0.000547	25209	25325
G25284A	S:C1241Y	17	30466	0.000558	25260	25325
G25269-T	NA	17	30081	0.000565	25262	25325
G25173A C25262-T	S:G1204E NA	17	20348	0.000835	25130	25325
G24858A C25000T	S:G1099D S:D1146D	17	10437	0.001629	24850	25065
G24693-A	NA	17	4793	0.003547	24685	24704
G24515-A	NA	17	39830	0.000427	24508	24527
G23505A C23525T T23599G C23604A	S:G648D S:H655Y S:N679K S:P681H	17	34217	0.000497	23487	23641
G23504A C23525T T23599G C23604A	S:G648S S:H655Y S:N679K S:P681H	17	34197	0.000497	23501	23642
G23499A C23525T T23599G C23604A	S:R646H S:H655Y S:N679K S:P681H	17	33955	0.000501	23487	23624
G22813T T22882G G22895C T22896C G22898A T22928C	S:K417N S:N440K S:V445P S:V445P S:G446S S:F456L	17	7259	0.002342	22800	22941
G22813T T22831+A T22882G G22895C T22896C G22898A	S:K417N NA S:N440Q S:V445P S:V445P S:G446R	17	8703	0.001953	22800	22908
G22813T T22831+A T22882G	S:K417N NA S:N440Q	17	10880	0.001563	22793	22893
G22813T A22845-T T22882G	S:K417N NA S:N440K	17	10880	0.001563	22793	22889
C25262-T T25310C	NA S:C1250R	17	29612	0.000574	25122	25325
C25132+A C25262-T	NA NA	17	18770	0.000906	25122	25325
C24981-T C25000T A25045G	NA S:D1146D S:S1161S	17	10736	0.001583	24857	25069
C24909-T C25000T	NA S:D1146D	17	10713	0.001587	24850	25069
C24899-A C25000T	NA S:D1146D	17	10657	0.001595	24871	25016
C24444T	S:T961M	17	30052	0.000566	24412	24564
C23887-A C23929-A	NA NA	17	1297	0.013107	23824	23940
C23525T T23573C T23599G C23604A	S:H655Y S:C671R S:N679K S:P681H	17	34516	0.000493	23512	23642
C23525T C23577T T23599G C23604A	S:H655Y S:A672V S:N679K S:P681H	17	34516	0.000493	23487	23642
C23393+T	NA	17	16740	0.001016	23335	23430
C22000A G22014-T	S:H146Q NA	17	6426	0.002646	21993	22058
A25045G	S:S1161S	17	14317	0.001187	25026	25069
A24673G	S:S1037S	17	13627	0.001248	24612	24679
A24545G	S:R995G	17	39629	0.000429	24492	24564
A24424T T24552C	S:Q954H S:I997T	17	28302	0.000601	24412	24563
A24424T T24469A T24472C	S:Q954H S:N969K S:F970F	17	28934	0.000588	24412	24554
A24424T G24488-TT T24492A	S:Q954H NA S:L977*	17	28823	0.00059	24412	24564
A24424T A24452G	S:Q954H S:K964E	17	29200	0.000582	24413	24461
A24424T A24441G T24469A	S:Q954H S:N960S S:N969K	17	28986	0.000586	24412	24564
A23810G C23854A	S:S750G S:N764K	17	15723	0.001081	23683	23895
A23756-C C23854A	NA S:N764K	17	14093	0.001206	23683	23895
A23583G T23599G C23604A	S:Y674C S:N679K S:P681H	17	60257	0.000282	23580	23640
T25414C C25416T	ORF3a:F8L ORF3a:F8L	16	7156	0.002236	25383	25447
T25316-C	NA	16	31188	0.000513	25287	25324
T25285C	S:C1241C	16	30486	0.000525	25251	25325
T25152C C25262-T	S:L1197P NA	16	19717	0.000811	25122	25325
T25129C	S:V1189V	16	22289	0.000718	25122	25200
T24633C	S:L1024P	16	13955	0.001147	24612	24679
T24552C	S:I997T	16	39537	0.000405	24495	24564
T24504C	S:L981P	16	39868	0.000401	24488	24564
T23818C C23854A	S:L752L S:N764K	16	15798	0.001013	23683	23891
T23750C	S:S730P	16	16098	0.000994	23683	23756
T23599G C23604A T23645C	S:N679K S:P681H S:Y695H	16	24812	0.000645	23580	23707
T23599G C23604A A23704G	S:N679K S:P681H S:I714M	16	24168	0.000662	23580	23724
T23346C A23403G	S:V595A S:D614G	16	15825	0.001011	23336	23419
T23337-TG	NA	16	17026	0.00094	23335	23359
T22882G G22895C T22896C G22898A T22928C T22942G	S:N440K S:V445P S:V445P S:G446S S:F456L S:N460K	16	6789	0.002357	22876	22963
T22040C	S:Y160H	16	8615	0.001857	22033	22058
G25230A	S:G1223D	16	27723	0.000577	25219	25239
G25198A	S:W1212*	16	25826	0.00062	25190	25206
G25135+A C25262-T	NA NA	16	18949	0.000844	25122	25325
G23508+T C23525T	NA S:H655S	16	40676	0.000393	23493	23534
G23364-A C23525T	NA S:H655Y	16	4173	0.003834	23335	23539
G22813T T22942G	S:K417N S:N460K	16	6190	0.002585	22793	22966
G22813T T22882G G22895C T22942G	S:K417N S:N440K S:V445L S:N460K	16	6190	0.002585	22808	22967
G22813T T22882G G22895C T22896C T22942G	S:K417N S:N440K S:V445P S:V445P S:N460K	16	6190	0.002585	22795	22966
G22813T T22882G G22895C T22896C G22898A T22942G A22948C	S:K417N S:N440K S:V445P S:V445P S:G446S S:N460K S:K462N	16	5948	0.00269	22793	22966
G21578-T C21618T T21632-TACCCCCTG	NA S:T19I S:DEL25/27	16	659	0.024279	21571	21659
C25292+G	NA	16	30662	0.000522	25284	25324
C25163+A C25262-T	NA NA	16	20021	0.000799	25122	25325
C23758T C23854A	S:T732T S:N764K	16	14100	0.001135	23705	23895
C23757T	S:T732I	16	16024	0.000999	23747	23769
C23664T	S:A701V	16	25638	0.000624	23651	23724
C23525T T23599G C23604A G23616A	S:H655Y S:N679K S:P681H S:R685H	16	34488	0.000464	23487	23642
C23525T T23599G C23604A C23613T	S:H655Y S:N679K S:P681H S:A684V	16	34502	0.000464	23487	23634
C23525T T23599G C23604A A23632G	S:H655Y S:N679K S:P681H S:Q690Q	16	33980	0.000471	23487	23642
C23525T G23562A T23599G C23604A	S:H655Y S:G667D S:N679K S:P681H	16	34516	0.000464	23501	23638
C23525T A23570G T23599G C23604A	S:H655Y S:I670V S:N679K S:P681H	16	34516	0.000464	23487	23642
C23492+A C23525T T23599G C23604A	NA S:H655S S:N679* S:P681Y	16	33505	0.000478	23486	23641
C23123T T23164-A	S:P521S NA	16	3394	0.004714	23089	23203
C21552+A C21618T T21632-TACCCCCTG	NA S:T19F S:DEL25/27	16	459	0.034858	21545	21664
A25420+T	NA	16	7125	0.002246	25381	25431
A25325G	Unknown	16	30862	0.000518	25297	25325
A25176G	S:K1205R	16	24594	0.000651	25162	25182
A25137+T	NA	16	23627	0.000677	25122	25147
A24679G	S:R1039R	16	13460	0.001189	24673	24679
A24424T T24492+A	S:Q954H NA	16	28823	0.000555	24412	24507
A24424T T24469A T24482C	S:Q954H S:N969K S:S974P	16	28875	0.000554	24412	24564
A24424T T24469A C24517-A	S:Q954H S:N969K NA	16	28656	0.000558	24412	24554
A24424T T24469A A24543G	S:Q954H S:N969K S:D994G	16	28432	0.000563	24412	24564
A24424T T24469A A24500G	S:Q954H S:N969K S:I980V	16	28784	0.000556	24412	24507
A24424T T24427C T24469A	S:Q954H S:N955N S:N969K	16	28986	0.000552	24412	24564
A24424T C24507-A	S:Q954H NA	16	28730	0.000557	24412	24564
A24424T A24525G	S:Q954H S:E988G	16	28588	0.00056	24412	24564
A24424T A24516G	S:Q954H S:D985G	16	28663	0.000558	24413	24564
A24424T A24500G	S:Q954H S:I980V	16	28784	0.000556	24412	24564
A24424T A24485G	S:Q954H S:S975G	16	28856	0.000554	24413	24564
A24424T A24457G	S:Q954H S:Q965Q	16	29118	0.000549	24412	24532
A24423+T A24426C	NA S:N955T	16	29473	0.000543	24413	24434
A24323-AAT	S:DEL922	16	3856	0.004149	24279	24337
A23756G C23854A	S:T732A S:N764K	16	14093	0.001135	23699	23895
A23696-T	NA	16	42349	0.000378	23683	23704
A23691T	S:N710I	16	42312	0.000378	23683	23737
A23403G T23507-G C23525T	S:D614G NA S:H655Y	16	4558	0.00351	23367	23539
A23403G T23434-C C23525T	S:D614G NA S:H655Y	16	4558	0.00351	23335	23539
A23403G T23411C	S:D614G S:C617R	16	16338	0.000979	23335	23443
A23403G C23525T A23531G	S:D614G S:H655Y S:N657D	16	4519	0.003541	23345	23532
A23310G A23403G	S:E583G S:D614G	16	10608	0.001508	23285	23443
A22798+G G22813T	NA S:K417N	16	11111	0.00144	22793	22838
T25215C	S:L1218P	15	25847	0.00058	25211	25322
T25161-C	NA	15	24424	0.000614	25153	25189
T24499C C24672-A	S:D979D NA	15	8499	0.001765	24489	24679
T24469A T24492+A	S:N969K NA	15	35814	0.000419	24465	24515
T23850+A C23887-A	NA NA	15	15491	0.000968	23767	23895
T23599G C23604A T23641-G	S:N679K S:P681H NA	15	58969	0.000254	23581	23717
T23599G C23604A C23664T A23670-T	S:N679K S:P681H S:A701V NA	15	24683	0.000608	23580	23724
T23599G C23604A A23696G	S:N679K S:P681H S:I712V	15	24519	0.000612	23580	23717
T23599G A23670-T	S:N679K NA	15	24683	0.000608	23580	23705
T23596C T23599G C23604A G23621T	S:T678T S:N679K S:P681H S:V687L	15	60351	0.000249	23580	23705
T23374C A23403G	S:T604T S:D614G	15	15968	0.000939	23335	23432
T22896C G22898A	S:V445A S:G446S	15	9344	0.001605	22886	22941
T21991-TA C22000A	NA S:H146Q	15	4873	0.003078	21977	22058
T21990-TTA	S:DEL144	15	5601	0.002678	21962	22054
G25229A	S:G1223S	15	27705	0.000541	25212	25324
G25124C T25189C	S:E1188Q S:Y1209Y	15	20558	0.00073	25122	25325
G24743-T	NA	15	5059	0.002965	24735	24806
G24521+T C24672-A	NA NA	15	8547	0.001755	24476	24679
G24486+T	NA	15	39728	0.000378	24470	24500
G22813T T22882G G22895C T22896C G22898A A22924-T T22942G	S:K417N S:N440K S:V445P S:V445P S:G446S NA S:N460K	15	6190	0.002423	22799	22967
G22813T A22845-T T22882G G22895C T22896C G22898A	S:K417N NA S:N440K S:V445P S:V445P S:G446S	15	8703	0.001724	22793	22906
C25169-T C25262-T	NA NA	15	20153	0.000744	25130	25325
C24150-T	NA	15	3588	0.004181	24148	24182
C23854G	S:N764K	15	16509	0.000909	23842	23881
C23854A A23886G	S:N764K S:D775G	15	15583	0.000963	23683	23895
C23525T T23599G C23604A T23640C	S:H655Y S:N679K S:P681H S:I693T	15	33280	0.000451	23487	23642
C23525T T23599G C23604A G23621A	S:H655Y S:N679K S:P681H S:V687I	15	34470	0.000435	23487	23641
C23525T T23599G C23604A C23634T	S:H655Y S:N679K S:P681H S:S691F	15	33954	0.000442	23508	23637
C23525T G23574A T23599G C23604A	S:H655Y S:C671Y S:N679K S:P681H	15	34516	0.000435	23487	23638
C23525T C23557-A T23599G C23604A	S:H655Y NA S:N679K S:P681H	15	34516	0.000435	23487	23640
C23525T C23530T T23599G C23604A	S:H655Y S:V656V S:N679K S:P681H	15	34516	0.000435	23487	23642
C23525T A23597G T23599G C23604A	S:H655Y S:N679E S:N679E S:P681H	15	34516	0.000435	23489	23624
C23280T	S:T573I	15	14232	0.001054	23269	23290
C22109G	S:Q183E	15	920	0.016304	22100	22117
A25296-G	NA	15	30781	0.000487	25270	25306
A25142G	S:N1194D	15	23962	0.000626	25138	25206
A24920G C25000T	S:T1120A S:D1146D	15	10747	0.001396	24850	25069
A24913G C25000T	S:T1117T S:D1146D	15	10725	0.001399	24850	25069
A24902-T C24981-T C25000T	NA NA S:D1146D	15	10674	0.001405	24850	25013
A24498G	S:D979G	15	39936	0.000376	24476	24564
A24424T T24548C	S:Q954H S:L996L	15	28351	0.000529	24412	24564
A24424T T24506C	S:Q954H S:S982P	15	28738	0.000522	24412	24564
A24424T T24496C	S:Q954H S:N978N	15	28810	0.000521	24413	24546
A24424T T24489C	S:Q954H S:V976A	15	28831	0.00052	24416	24564
A24424T T24469G	S:Q954H S:N969K	15	28986	0.000517	24415	24495
A24424T T24469A T24541C	S:Q954H S:N969K S:I993I	15	28450	0.000527	24412	24564
A24424T T24469A T24487C	S:Q954H S:N969K S:S975S	15	28844	0.00052	24412	24564
A24424T G24488+T	S:Q954H NA	15	28842	0.00052	24412	24564
A24424T A24443G T24469A	S:Q954H S:T961A S:N969K	15	28986	0.000517	24412	24564
A24424T A24441G	S:Q954H S:N960S	15	29366	0.000511	24412	24459
A23827G C23854A	S:Q755Q S:N764K	15	15894	0.000944	23695	23895
A23627-G	NA	15	60857	0.000246	23613	23724
A23515G C23525T T23599G C23604A	S:I651M S:H655Y S:N679K S:P681H	15	34440	0.000436	23487	23641
A23403G A23436G	S:D614G S:H625R	15	15268	0.000982	23335	23441
A23303G A23403G	S:T581A S:D614G	15	10604	0.001415	23270	23443
A21999-C	NA	15	6320	0.002373	21962	22058
A21993-TTACC A21999C	NA S:H146P	15	4873	0.003078	21963	22058
T25211C	S:W1217R	14	28143	0.000497	25195	25324
T25187C	S:Y1209H	14	25048	0.000559	25180	25210
T25140+A C25262-T	NA NA	14	19132	0.000732	25130	25325
T24623C	S:S1021P	14	13910	0.001006	24612	24676
T24615-C	NA	14	13865	0.00101	24477	24679
T24506C	S:S982P	14	39881	0.000351	24487	24519
T24499G	S:D979E	14	39942	0.000351	24488	24564
T24487C	S:S975S	14	39809	0.000352	24481	24564
T24481C	S:I973I	14	39565	0.000354	24474	24564
T24464-C T24471-TG	NA NA	14	29826	0.000469	24438	24564
T23797C C23854A	S:D745D S:N764K	14	15580	0.000899	23748	23894
T23693C	S:S711P	14	42321	0.000331	23683	23701
T23689+A	NA	14	42271	0.000331	23683	23703
T23686+A	NA	14	42207	0.000332	23683	23701
T23599G T23602-C	S:N679K NA	14	60453	0.000232	23555	23641
T23599G C23604A T23637-C	S:N679K S:P681H NA	14	59559	0.000235	23580	23642
T23599G C23604A T23620C C23664T	S:N679K S:P681H S:S686S S:A701V	14	24723	0.000566	23580	23724
T23599G C23604A C23679T	S:N679K S:P681H S:A706V	14	24631	0.000568	23580	23724
T23599G C23604A C23615T	S:N679K S:P681H S:R685C	14	60396	0.000232	23580	23642
T23599G C23604A A23710G	S:N679K S:P681H S:T716T	14	23936	0.000585	23580	23724
T23599G C23604A A23670-T A23712-T	S:N679K S:P681H NA NA	14	23874	0.000586	23580	23724
T23434-C	NA	14	15929	0.000879	23419	23438
T23375-C A23403G C23525T	NA S:D614G S:H655Y	14	4208	0.003327	23364	23529
T23344C A23403G	S:G594G S:D614G	14	15785	0.000887	23335	23432
T23289+C	NA	14	14451	0.000969	23269	23298
T22882G T22896C T22942G	S:N440K S:V445A S:N460K	14	6789	0.002062	22846	22947
T22054-A	NA	14	8568	0.001634	22023	22058
T21934-A T21990-TTA A21999-C	NA S:DEL144 NA	14	3219	0.004349	21923	22058
T21934-A G21987A A21993-TTACC A21999C	NA S:G142D NA S:H146P	14	3219	0.004349	21847	22058
G25298A	S:G1246S	14	30839	0.000454	25251	25325
G25281A	S:C1240Y	14	30399	0.000461	25265	25325
G24558-C	NA	14	39362	0.000356	24537	24564
G24434+C	NA	14	30048	0.000466	24412	24451
G23868-A	NA	14	16487	0.000849	23859	23890
G23821+T	NA	14	16756	0.000836	23683	23836
G23508-T C23525T T23599G C23604A	NA S:H655Y S:N679K S:P681H	14	34334	0.000408	23487	23638
G23499+T C23525T T23599G C23604A	NA S:H655S S:N679* S:P681Y	14	33955	0.000412	23487	23640
G21987A T21991-TA A21999-C	S:G142D NA NA	14	4873	0.002873	21966	22012
C25466-T	NA	14	6677	0.002097	25381	25477
C25413T	ORF3a:I7I	14	7189	0.001947	25381	25477
C25275T	S:T1238I	14	30271	0.000462	25267	25324
C25262-T C25416T	NA ORF3a:F8F	14	981	0.014271	25251	25426
C25000T T25004C	S:D1146D S:F1148L	14	14365	0.000975	24990	25065
C24878-A C25000T	NA S:D1146D	14	10563	0.001325	24856	25069
C24852-A C24981-T C25000T	NA NA S:D1146D	14	10170	0.001377	24850	25020
C24672+A	NA	14	13682	0.001023	24612	24679
C24223-T	NA	14	2900	0.004828	24148	24273
C23854A T23866C	S:N764K S:T768T	14	16191	0.000865	23816	23890
C23854A C23887A A23888C	S:N764K S:D775E S:K776Q	14	15513	0.000902	23846	23895
C23854A A23883G	S:N764K S:Q774R	14	15698	0.000892	23794	23895
C23854A A23881G	S:N764K S:E773E	14	15822	0.000885	23846	23892
C23525T T23599G C23604A G23608A	S:H655Y S:N679K S:P681H S:R682R	14	34510	0.000406	23487	23641
C23525T T23599G C23604A C23625T	S:H655Y S:N679K S:P681H S:A688V	14	34426	0.000407	23487	23642
C23525T G23593A T23599G C23604A	S:H655Y S:Q677Q S:N679K S:P681H	14	34516	0.000406	23487	23642
C23525T A23550T T23599G C23604A	S:H655Y S:D663V S:N679K S:P681H	14	34516	0.000406	23487	23642
C23334-T C23367+A A23403G	NA NA S:D614G	14	10649	0.001315	23269	23443
C23280T C23334-T	S:T573I NA	14	10825	0.001293	23270	23381
C23277T C23380T A23403G	S:T572I S:N606N S:D614G	14	10221	0.00137	23269	23443
C23202T A23223T	S:T547I S:E554V	14	3443	0.004066	23092	23242
C22530T G22577C G22578A	S:T323I S:G339H S:G339H	14	285	0.049123	22505	22581
A25397-T	NA	14	7320	0.001913	25381	25409
A25374-T	NA	14	6265	0.002235	25372	25403
A25256G	S:I1232V	14	29622	0.000473	25217	25325
A25246G	S:V1228V	14	28030	0.000499	25237	25325
A25201G	S:P1213P	14	26184	0.000535	25190	25210
A25188G	S:Y1209C	14	25038	0.000559	25181	25210
A25182G C25262-T	S:E1207G NA	14	20893	0.00067	25130	25325
A25137G	S:N1192S	14	23627	0.000593	25135	25194
A25137-T G25218-T C25262-T	NA NA NA	14	19050	0.000735	25122	25323
A25136G	S:N1192D	14	23551	0.000594	25122	25184
A25056-T	NA	14	14253	0.000982	25035	25065
A24993G C25000T	S:E1144G S:D1146D	14	14362	0.000975	24971	25069
A24922+T C25000T	NA S:D1146S	14	10758	0.001301	24867	25011
A24424T T24544C	S:Q954H S:D994D	14	28418	0.000493	24414	24564
A24424T T24541C	S:Q954H S:I993I	14	28450	0.000492	24412	24564
A24424T T24469A G24488-TT T24492A	S:Q954H S:N969K NA S:L977*	14	28823	0.000486	24412	24564
A24424T T24469A A24556G	S:Q954H S:N969K S:T998T	14	28160	0.000497	24412	24564
A24424T T24450C	S:Q954H S:V963A	14	29235	0.000479	24413	24554
A24424T T24427C	S:Q954H S:N955N	14	29483	0.000475	24412	24558
A24424T G24488-T C24503-T	S:Q954H NA NA	14	28748	0.000487	24412	24515
A24424T C24512+T	S:Q954H NA	14	28688	0.000488	24413	24564
A24424T C24455-A T24469A	S:Q954H NA S:N969K	14	28986	0.000483	24412	24564
A24424T A24537G	S:Q954H S:Q992R	14	28480	0.000492	24412	24564
A24424T A24520G	S:Q954H S:K986K	14	28640	0.000489	24415	24564
A24424T A24508G	S:Q954H S:S982S	14	28719	0.000487	24412	24513
A24424T A24468G T24469A	S:Q954H S:N969R S:N969R	14	28986	0.000483	24412	24564
A24424T A24432G T24469A	S:Q954H S:Q957R S:N969K	14	28986	0.000483	24412	24564
A24424T A24425G	S:Q954H S:N955D	14	30186	0.000464	24412	24564
A24420+C A24424T	NA S:Q954P	14	30198	0.000464	24412	24433
A24419G A24424T	S:N953D S:Q954H	14	30182	0.000464	24412	24564
A23796-T C23854A A23891G	NA S:N764K S:N777D	14	14315	0.000978	23683	23895
A23796-T C23854A	NA S:N764K	14	15563	0.0009	23785	23890
A23734G C23854A	S:T724T S:N764K	14	13972	0.001002	23711	23895
A23572G T23599G C23604A	S:I670M S:N679K S:P681H	14	35324	0.000396	23556	23642
A23403G G23417-A	S:D614G NA	14	16234	0.000862	23362	23429
A23276G A23403G	S:T572A S:D614G	14	10216	0.00137	23269	23429
A23013C T23019C T23031C A23055G A23063T T23075C	S:E484A S:F486S S:F490S S:Q498R S:N501Y S:Y505H	14	287	0.04878	23008	23224
T25382+A C25416T	NA ORF3a:F8L	13	7084	0.001835	25372	25477
T25301A	S:C1247S	13	30923	0.00042	25258	25324
T25251C C25262-T	S:V1230A NA	13	28098	0.000463	25130	25325
T25220C	S:F1220L	13	27180	0.000478	25154	25325
T25159C C25262-T	S:D1199D NA	13	19917	0.000653	25122	25325
T25155C C25262-T	S:I1198T NA	13	19789	0.000657	25122	25325
T24469A C24536-AA	S:N969K NA	13	35218	0.000369	24439	24564
T24280+A	NA	13	4160	0.003125	24229	24290
T23599G C23604A T23677-G	S:N679K S:P681H NA	13	24638	0.000528	23580	23724
T23599G C23604A T23650C	S:N679K S:P681H S:T696T	13	24791	0.000524	23580	23724
T23599G C23604A G23621A	S:N679K S:P681H S:V687I	13	60360	0.000215	23580	23642
T23599G C23604A C23709T	S:N679K S:P681H S:T716I	13	23970	0.000542	23580	23724
T23599G C23604A A23723G	S:N679K S:P681H Unknown	13	23660	0.000549	23580	23724
T23599G C23604A A23687G	S:N679K S:P681H S:N709D	13	24580	0.000529	23580	23717
T23599G C23604A A23682G	S:N679K S:P681H S:Y707C	13	24601	0.000528	23580	23700
T23596+A T23599G C23604A A23670-T	NA S:N679* S:P681Y NA	13	24678	0.000527	23581	23700
T23511-A T23599G C23604A	NA S:N679K S:P681H	13	34397	0.000378	23487	23637
T23391C A23403G	S:V610A S:D614G	13	16265	0.000799	23296	23443
T23355-A	NA	13	17187	0.000756	23340	23370
T22928C T22942G	S:F456L S:N460K	13	7656	0.001698	22923	22967
T22831+A T22882G	NA S:N440Q	13	11079	0.001173	22793	22894
G25266A	S:C1235Y	13	29968	0.000434	25214	25316
G25197A	S:W1212*	13	25719	0.000505	25161	25210
G25135+A	NA	13	23458	0.000554	25127	25145
G24680-T	NA	13	13441	0.000967	24612	24702
G24611+A C24672-A	NA NA	13	8651	0.001503	24560	24679
G24558A	S:G999D	13	39362	0.00033	24508	24561
G23522-A C23525T T23599G	NA S:H655Y S:N679K	13	34533	0.000376	23492	23629
G23522-A C23525T C23604A	NA S:H655Y S:P681H	13	34514	0.000377	23493	23642
G23417C C23525T	S:E619Q S:H655Y	13	4791	0.002713	23335	23539
G23285+C	NA	13	14280	0.00091	23269	23295
G22813T T22882G T22896C G22898A T22912C T22942G	S:K417N S:N440K S:V445A S:G446S S:N450N S:N460K	13	6190	0.0021	22793	22966
G22813T T22882G G22895C T22896C G22898A T22942G C22950-T	S:K417N S:N440K S:V445P S:V445P S:G446S S:N460K NA	13	5928	0.002193	22793	22966
G22813T G22895C G22898A	S:K417N S:V445L S:G446S	13	8703	0.001494	22798	22906
G22813T A22821-T T22882G G22895C T22896C G22898A T22942G	S:K417N NA S:N440K S:V445P S:V445P S:G446S S:N460K	13	6190	0.0021	22793	22967
G22317T T22392-A	S:G252V NA	13	1059	0.012276	22261	22414
G21987A T21990-TTA A21999-C C22033A	S:G142D S:DEL144 NA S:F157L	13	4844	0.002684	21961	22058
C25132+A	NA	13	23216	0.00056	25122	25150
C25100-A	NA	13	2825	0.004602	25013	25119
C25000T T25001C	S:D1146D S:S1147P	13	14365	0.000905	24990	25069
C25000T G25061C	S:D1146D S:G1167R	13	13692	0.000949	24983	25068
C25000T G25012T	S:D1146D S:E1150D	13	14270	0.000911	24906	25066
C25000T A25056-T C25100-A	S:D1146D NA NA	13	2713	0.004792	24990	25116
C24672-A G24776-A	NA NA	13	3811	0.003411	24618	24806
C24536T	S:Q992*	13	39691	0.000328	24501	24564
C24422-A T24469A	NA S:N969K	13	28976	0.000449	24412	24564
C23887-AA	NA	13	15992	0.000813	23792	23895
C23854A T23875C	S:N764K S:A771A	13	15928	0.000816	23741	23895
C23854A T23861C	S:N764K S:L767L	13	16339	0.000796	23828	23895
C23854A T23860C	S:N764K S:A766A	13	16364	0.000794	23683	23895
C23816-T A23853-C	NA NA	13	15786	0.000824	23683	23863
C23679-T	NA	13	25708	0.000506	23666	23724
C23575-G T23599G C23604A	NA S:N679K S:P681H	13	35358	0.000368	23563	23642
C23525T T23599G C23604A G23607A	S:H655Y S:N679K S:P681H S:R682Q	13	34510	0.000377	23487	23641
C23525T T23599G C23604A C23630T	S:H655Y S:N679K S:P681H S:Q690*	13	34057	0.000382	23487	23642
C23525T T23596-A T23599G C23604A	S:H655Y NA S:N679K S:P681H	13	34516	0.000377	23487	23634
C23525T G23549A T23599G C23604A	S:H655Y S:D663N S:N679K S:P681H	13	34516	0.000377	23487	23641
C22109G G22113T T22200A	S:Q183E S:G184V S:V213E	13	824	0.015777	22100	22218
A25235-T	NA	13	27833	0.000467	25214	25316
A25206G	S:Y1215C	13	26686	0.000487	25192	25210
A25193G	S:K1211E	13	25549	0.000509	25160	25210
A25190G	S:I1210V	13	25103	0.000518	25186	25210
A25168G	S:E1202E	13	24438	0.000532	25151	25210
A25158G	S:D1199G	13	24414	0.000532	25141	25210
A24956-T C25000T	NA S:D1146D	13	10973	0.001185	24946	25069
A24894G C25000T	S:E1111G S:D1146D	13	10627	0.001223	24850	25069
A24885+T	NA	13	12335	0.001054	24850	24901
A24676G	S:K1038K	13	13701	0.000949	24661	24679
A24554G	S:T998A	13	39483	0.000329	24537	24563
A24543G	S:D994G	13	39665	0.000328	24486	24564
A24424T T24505C	S:Q954H S:L981L	13	28742	0.000452	24412	24564
A24424T T24480C	S:Q954H S:I973T	13	28888	0.00045	24412	24564
A24424T T24471-TG C24536-AA	S:Q954H NA NA	13	28494	0.000456	24412	24558
A24424T T24469A A24554G	S:Q954H S:N969K S:T998A	13	28256	0.00046	24412	24564
A24424T T24459C	S:Q954H S:L966P	13	29077	0.000447	24412	24564
A24424T T24438+A T24451+A	S:Q954H NA NA	13	29215	0.000445	24412	24462
A24424T G24535A	S:Q954H S:V991V	13	28505	0.000456	24412	24564
A24424T G24488+T G24558-C	S:Q954H NA NA	13	28144	0.000462	24412	24564
A24424T A24556G	S:Q954H S:T998T	13	28160	0.000462	24417	24564
A24424T A24545G	S:Q954H S:R995G	13	28398	0.000458	24412	24564
A24424T A24539-T	S:Q954H NA	13	28470	0.000457	24412	24564
A24424T A24456G T24469A	S:Q954H S:Q965R S:N969K	13	28986	0.000448	24412	24564
A23852G C23854A	S:N764E S:N764E	13	16507	0.000788	23683	23895
A23403G G23417C C23525T	S:D614G S:E619Q S:H655Y	13	4558	0.002852	23372	23539
A23403G G23417A C23525T	S:D614G S:E619K S:H655Y	13	4558	0.002852	23398	23532
A23403G C23439-AG	S:D614G NA	13	15228	0.000854	23269	23443
A22108T C22109G	S:K182N S:Q183E	13	920	0.01413	22100	22131
A22056G	S:N165S	13	8554	0.00152	22024	22058
T25221C C25262-T	S:F1220S NA	12	27109	0.000443	25122	25325
T25123-G	NA	12	21430	0.00056	25122	25152
T24851C C25000T	S:S1097P S:D1146D	12	10163	0.001181	24850	25043
T24739C	S:G1059G	12	5040	0.002381	24724	24791
T24664C	S:L1034L	12	13772	0.000871	24612	24669
T24658C	S:C1032C	12	13836	0.000867	24612	24671
T24637C	S:A1025A	12	13929	0.000862	24612	24661
T24622C	S:A1020A	12	13908	0.000863	24612	24679
T24548C	S:L996L	12	39592	0.000303	24500	24563
T24522C	S:V987A	12	39805	0.000301	24473	24564
T24417C A24424T	S:V952A S:Q954H	12	30122	0.000398	24412	24424
T24267-G A24318-C	NA NA	12	3717	0.003228	24148	24357
T23794C C23854A	S:G744G S:N764K	12	15541	0.000772	23683	23895
T23599G T23602-C T23605A	S:N679K NA S:P681P	12	60434	0.000199	23580	23634
T23599G C23604A T23689-A	S:N679K S:P681H NA	12	24569	0.000488	23592	23724
T23599G C23604A T23654A	S:N679K S:P681H S:S698T	12	24772	0.000484	23580	23724
T23599G C23604A T23633+C	S:N679K S:P681H NA	12	59775	0.000201	23581	23637
T23599G C23604A T23605C	S:N679K S:P681H S:P681H	12	60434	0.000199	23581	23642
T23599G C23604A G23608-CG	S:N679K S:P681H NA	12	60431	0.000199	23580	23717
T23599G C23604A C23705T	S:N679K S:P681H S:P715S	12	24154	0.000497	23580	23724
T23599G C23604A A23711G	S:N679K S:P681H S:N717D	12	23927	0.000502	23580	23724
T23599G C23604A A23670-T C23709+A	S:N679K S:P681H NA NA	12	23970	0.000501	23581	23724
T23599G C23601+A C23604A	S:N679K NA S:P681Y	12	60447	0.000199	23581	23642
T23511+A C23525T	NA S:H655S	12	40753	0.000294	23493	23529
T23344C	S:G594G	12	17168	0.000699	23335	23382
T23317C A23403G	S:L585L S:D614G	12	10621	0.00113	23269	23443
T23281C A23403G	S:T573T S:D614G	12	10234	0.001173	23269	23443
T22882G G22898A A22914-C T22942G	S:N440K S:G446S NA S:N460K	12	6789	0.001768	22861	22967
T22882G G22895C T22896C G22898A A22914-C T22942G	S:N440K S:V445P S:V445P S:G446S NA S:N460K	12	6789	0.001768	22858	22967
T22807+G G22813T T22882G	NA S:K417N S:N440Q	12	10821	0.001109	22793	22892
T21990-TTA C22000A C22033T	S:DEL144 S:H146Q S:F157F	12	4844	0.002477	21966	22058
G25423A	ORF3a:G11R	12	7111	0.001688	25372	25426
G25287-T T25289C	NA S:C1243R	12	30528	0.000393	25256	25325
G25166-A	NA	12	24437	0.000491	25151	25175
G24858A C25000T G25010T	S:G1099D S:D1146D S:E1150*	12	10334	0.001161	24853	25069
G24858A	S:G1099D	12	12421	0.000966	24852	24864
G24690+T	NA	12	4831	0.002484	24626	24702
G24665A	S:G1035R	12	13771	0.000871	24631	24679
G24428+A	NA	12	29627	0.000405	24412	24564
G23726+T	NA	12	16379	0.000733	23683	23735
G23499+T	NA	12	40627	0.000295	23487	23513
G23364-A	NA	12	17077	0.000703	23335	23399
G22895C T22896C G22898A	S:V445P S:V445P S:G446S	12	9344	0.001284	22883	22908
G22813T T22882G G22895C T22896C G22898A A22910G T22942G	S:K417N S:N440K S:V445P S:V445P S:G446S S:N450D S:N460K	12	6190	0.001939	22793	22955
G22813T A22845-T T22882G G22895C T22896C G22898A T22942G	S:K417N NA S:N440K S:V445P S:V445P S:G446S S:N460K	12	6190	0.001939	22808	22967
G22577C G22578A G22599C C22664A T22679C	S:G339H S:G339H S:R346T S:L368I S:S373P	12	151	0.07947	22494	22682
G21569-T C21618T T21632-TACCCCCTG	NA S:T19I S:DEL25/27	12	570	0.021053	21553	21664
C25517-T G25555-T	NA NA	12	3651	0.003287	25375	25566
C25416T A25472+T	ORF3a:F8F NA	12	6626	0.001811	25381	25485
C25262-T G25364-T	NA NA	12	1245	0.009639	25251	25372
C25262-T A25296-G	NA NA	12	29694	0.000404	25251	25309
C25047T	S:P1162L	12	14310	0.000839	25034	25069
C25000T T25196-G	S:D1146D NA	12	2408	0.004983	24990	25210
C25000T T25189C	Unknown S:Y1209Y	12	2444	0.00491	24998	25195
C25000T T25051C	Unknown S:D1163D	12	13815	0.000869	24998	25069
C25000T T25043C	S:D1146D S:S1161P	12	13883	0.000864	24998	25069
C24909-T	NA	12	12157	0.000987	24894	24943
C24512+T	NA	12	39844	0.000301	24473	24524
C24435-T T24469A	NA S:N969K	12	29575	0.000406	24412	24521
C24026-T	NA	12	1033	0.011617	24021	24099
C23854A C23865+G	S:N764K NA	12	16218	0.00074	23848	23895
C23854A C23855T	S:N764K S:R765C	12	16429	0.00073	23704	23895
C23854A A23894G	S:N764K Unknown	12	14027	0.000855	23719	23895
C23854A A23890G	S:N764K S:K776K	12	15361	0.000781	23833	23895
C23854A A23886-CA	S:N764K NA	12	15583	0.00077	23769	23895
C23816-T C23854A C23887-A	NA S:N764K NA	12	14823	0.00081	23767	23895
C23745T	S:P728L	12	16143	0.000743	23699	23761
C23604A C23664T	S:P681H S:A701V	12	24759	0.000485	23580	23724
C23555A T23599G C23604A	S:P665T S:N679K S:P681H	12	35037	0.000342	23487	23629
C23533-A T23599G C23604A	NA S:N679K S:P681H	12	34732	0.000346	23493	23622
C23525T T23599G C23604A G23619A	S:H655Y S:N679K S:P681H S:S686N	12	34476	0.000348	23487	23635
C23525T T23599G C23604A C23635T	S:H655Y S:N679K S:P681H S:S691S	12	33905	0.000354	23487	23642
C23525T T23529A T23599G C23604A	S:H655Y S:V656D S:N679K S:P681H	12	34516	0.000348	23487	23642
C23525T T23529+A T23599G C23604A	S:H655Y NA S:N679* S:P681Y	12	34516	0.000348	23507	23642
C23525T G23568A T23599G C23604A	S:H655Y S:G669D S:N679K S:P681H	12	34516	0.000348	23493	23642
C23525T G23564A T23599G C23604A	S:H655Y S:A668T S:N679K S:P681H	12	34516	0.000348	23487	23624
C23525T G23561A T23599G C23604A	S:H655Y S:G667S S:N679K S:P681H	12	34516	0.000348	23505	23642
C23525T G23547A T23599G C23604A	S:H655Y S:C662Y S:N679K S:P681H	12	34516	0.000348	23487	23637
C23525T C23585A C23604A	S:H655Y S:Q675K S:P681H	12	34516	0.000348	23487	23642
C23525T C23556-CA T23559A T23599G C23604A	S:H655Y NA S:I666N S:N679K S:P681H	12	34516	0.000348	23487	23642
C23525T C23551T T23599G C23604A	S:H655Y S:D663D S:N679K S:P681H	12	34516	0.000348	23487	23641
C23498T C23525T T23599G C23604A	S:R646C S:H655Y S:N679K S:P681H	12	33874	0.000354	23487	23642
C23492-A T23599G C23604A	NA S:N679K S:P681H	12	33505	0.000358	23488	23642
C23393-T A23403G	NA S:D614G	12	16298	0.000736	23335	23443
C23248T	S:F562F	12	2987	0.004017	23209	23290
C23151T	S:S530F	12	3493	0.003435	23089	23184
C22000A G22022-A	S:H146Q NA	12	6417	0.00187	21993	22058
A25256+T	NA	12	29622	0.000405	25251	25310
A25253G C25262-T	S:T1231A NA	12	29507	0.000407	25122	25325
A25241G C25262-T	S:I1227V NA	12	27863	0.000431	25126	25325
A25208G	S:I1216V	12	27287	0.00044	25181	25210
A25195G	S:K1211K	12	25620	0.000468	25144	25210
A25185G	S:Q1208R	12	24956	0.000481	25128	25195
A25182G G25198-C	S:E1207G NA	12	24475	0.00049	25178	25325
A24978G C25000T	S:D1139G S:D1146D	12	11191	0.001072	24930	25068
A24922-TT C25000T	NA S:D1146D	12	10758	0.001115	24872	25069
A24862G C25000T	S:T1100T S:D1146D	12	10475	0.001146	24850	25069
A24617G	S:R1019G	12	13864	0.000866	24612	24673
A24531G	S:E990G	12	39768	0.000302	24521	24564
A24525G	S:E988G	12	39794	0.000302	24497	24564
A24516G	S:D985G	12	39834	0.000301	24486	24564
A24424T T24523C	S:Q954H S:V987V	12	28609	0.000419	24412	24562
A24424T T24522C	S:Q954H S:V987A	12	28612	0.000419	24413	24564
A24424T T24475C	S:Q954H S:G971G	12	28918	0.000415	24413	24493
A24424T T24469A T24505C	S:Q954H S:N969K S:L981L	12	28742	0.000418	24412	24564
A24424T T24469A T24489C	S:Q954H S:N969K S:V976A	12	28831	0.000416	24412	24564
A24424T T24469A T24472-G T24529C	S:Q954H S:N969K NA S:A989A	12	28566	0.00042	24413	24564
A24424T T24469A T24470C	S:Q954H S:N969K S:F970L	12	28936	0.000415	24412	24564
A24424T T24438+A G24488-T	S:Q954H NA NA	12	28842	0.000416	24413	24531
A24424T G24434+C	S:Q954H NA	12	29442	0.000408	24413	24451
A24424T C24444T T24469A T24472-G	S:Q954H S:T961M S:N969K NA	12	28934	0.000415	24412	24564
A24424T A24539+T	S:Q954H NA	12	28470	0.000421	24415	24564
A24424T A24531G	S:Q954H S:E990G	12	28554	0.00042	24412	24564
A24424T A24478G	S:Q954H S:A972A	12	28902	0.000415	24412	24564
A24424T A24461G T24469A	S:Q954H S:S967G S:N969K	12	28986	0.000414	24412	24564
A24424T A24433G	S:Q954H S:Q957Q	12	29460	0.000407	24412	24454
A24424T A24432G	S:Q954H S:Q957R	12	29468	0.000407	24412	24564
A24424T A24425G T24469A	S:Q954H S:N955D S:N969K	12	28986	0.000414	24412	24518
A24423G A24424T	S:Q954R S:Q954R	12	30217	0.000397	24412	24440
A24253-T C24320-A	NA NA	12	3564	0.003367	24231	24332
A23796G C23887-A	S:D745G NA	12	14629	0.00082	23767	23895
A23784G C23854A	S:Y741C S:N764K	12	15425	0.000778	23699	23895
A23779G C23854A	S:T739T S:N764K	12	15396	0.000779	23736	23881
A23764G C23854A	S:T734T S:N764K	12	14120	0.00085	23706	23895
A23712+T G23835-T	NA NA	12	14353	0.000836	23683	23863
A23639-T	NA	12	60214	0.000199	23629	23642
A23588G T23599G C23604A C23664T	S:T676A S:N679K S:P681H S:A701V	12	24646	0.000487	23580	23724
A23515+G C23525T	NA S:H655S	12	40810	0.000294	23487	23538
A23515+G	NA	12	41060	0.000292	23487	23530
A23512G C23525T T23599G C23604A	S:L650L S:H655Y S:N679K S:P681H	12	34406	0.000349	23487	23641
A23403G A23432+C	S:D614G NA	12	15536	0.000772	23345	23440
A23403G A23418G	S:D614G S:E619G	12	16212	0.00074	23335	23443
A23378G A23403G	S:N606D S:D614G	12	16019	0.000749	23288	23443
A23354G	S:I598V	12	17186	0.000698	23335	23389
A23321+T	NA	12	11332	0.001059	23280	23333
A23013C T23019C T23031C A23055G A23063T T23075C C23123T	S:E484A S:F486S S:F490S S:Q498R S:N501Y S:Y505H S:P521S	12	262	0.045802	23008	23153
A22798+G G22813T T22882G G22895C G22898A	NA S:K417N S:N440Q S:V445R S:G446R	12	8495	0.001413	22793	22909
A22036G	S:R158R	12	8607	0.001394	22024	22058
T25319A	S:C1253S	11	31129	0.000353	25251	25325
T25224C C25262-T	S:I1221T NA	11	27341	0.000402	25123	25323
T25210C	S:I1216I	11	27964	0.000393	25143	25210
T25180-G	NA	11	24632	0.000447	25128	25325
T25148C C25262-T	S:S1196P NA	11	19413	0.000567	25122	25325
T25144C	S:N1194N	11	23998	0.000458	25122	25160
T24983C C25000T	S:L1141L S:D1146D	11	11231	0.000979	24850	25013
T24663C	S:L1034P	11	13767	0.000799	24612	24679
T24658A	S:C1032*	11	13836	0.000795	24612	24676
T24634C	S:L1024L	11	13949	0.000789	24612	24679
T24628-A	NA	11	13971	0.000787	24620	24642
T24628+A	NA	11	13971	0.000787	24612	24639
T24615C	S:I1018T	11	13865	0.000793	24612	24671
T24607C	S:A1015A	11	8914	0.001234	24486	24661
T24544+A	NA	11	39655	0.000277	24470	24564
T24523C	S:V987V	11	39817	0.000276	24476	24564
T24499+A C24672-A	NA NA	11	8499	0.001294	24470	24679
T24472-G C24536-A	NA NA	11	37373	0.000294	24455	24564
T24469A T24471-TG	S:N969K NA	11	35959	0.000306	24443	24564
T24469A C24503-T	S:N969K NA	11	35618	0.000309	24465	24535
T24451+A	NA	11	30045	0.000366	24412	24462
T24438+A T24451+A	NA NA	11	29905	0.000368	24412	24471
T23823C C23854A	S:L754S S:N764K	11	15844	0.000694	23810	23895
T23807C C23854A	S:C749R S:N764K	11	15688	0.000701	23683	23895
T23803C C23854A	S:T747T S:N764K	11	15657	0.000703	23726	23895
T23769C C23854A	S:V736A S:N764K	11	15335	0.000717	23763	23895
T23765C	S:S735P	11	15978	0.000688	23683	23796
T23750C C23854A	S:S730P S:N764K	11	14073	0.000782	23683	23895
T23719C C23854A	S:T719T S:N764K	11	13895	0.000792	23683	23895
T23686-A	NA	11	42207	0.000261	23683	23708
T23599G C23604A C23638T	S:N679K S:P681H S:I692I	11	59538	0.000185	23580	23642
T23599G C23604A C23635T	S:N679K S:P681H S:S691S	11	59709	0.000184	23580	23724
T23599G C23604A C23606T	S:N679K S:P681H S:R682W	11	60431	0.000182	23580	23642
T23599G C23604A A23696-T	S:N679K S:P681H NA	11	24519	0.000449	23580	23724
T23599G A23639-T	S:N679K NA	11	59108	0.000186	23580	23642
T23582C T23599G C23604A G23621T	S:Y674H S:N679K S:P681H S:V687L	11	60152	0.000183	23580	23681
T23511-A C23525T T23599G C23604A	NA S:H655Y S:N679K S:P681H	11	34397	0.00032	23500	23642
T23352C A23403G	S:V597A S:D614G	11	15862	0.000693	23335	23443
T23350C A23403G	S:S596S S:D614G	11	15841	0.000694	23335	23443
T23341C A23403G	S:G593G S:D614G	11	15735	0.000699	23335	23432
T23336C A23403G	S:F592L S:D614G	11	15590	0.000706	23335	23443
T23143-A T23164-A	NA NA	11	3443	0.003195	23090	23183
T22942G A22948-C	S:N460K NA	11	7627	0.001442	22934	22967
G25364-T	NA	11	1409	0.007807	25263	25372
G25302A	S:C1247Y	11	30958	0.000355	25251	25316
G25278T	S:S1239I	11	30346	0.000362	25214	25325
G25244T C25262-T	S:V1228L NA	11	27937	0.000394	25122	25325
G25173-A	NA	11	24531	0.000448	25131	25187
G25130A	S:A1190T	11	22409	0.000491	25126	25182
G25130+C	NA	11	22409	0.000491	25123	25140
G24858A C24981-T C25000T	S:G1099D NA S:D1146D	11	10437	0.001054	24850	25007
G24527A	S:A989T	11	39793	0.000276	24517	24564
G24497+A	NA	11	39943	0.000275	24474	24520
G24488-T C24517-A	NA NA	11	39299	0.00028	24482	24531
G23885+A G23948T	NA S:D796*	11	831	0.013237	23875	23978
G23835-T A23853-C	NA NA	11	16024	0.000686	23726	23887
G23821+T C23887-A	NA NA	11	14871	0.00074	23683	23895
G23735-A	NA	11	16251	0.000677	23699	23750
G23699+C	NA	11	42374	0.00026	23683	23708
G23508+T	NA	11	41024	0.000268	23486	23519
G22813T T22882G G22895C T22896C G22898A T22912C	S:K417N S:N440K S:V445P S:V445P S:G446S S:N450N	11	8226	0.001337	22808	22928
G22317T G22403-A	S:G252V NA	11	986	0.011156	22272	22446
G22317T A22443-C	S:G252V NA	11	912	0.012061	22246	22446
C25452+A	NA	11	6800	0.001618	25383	25473
C25318T	S:S1252S	11	31139	0.000353	25217	25325
C25294-A G25302-T	NA NA	11	30683	0.000359	25266	25324
C25267T	S:C1235C	11	30036	0.000366	25251	25325
C25207+G	NA	11	26892	0.000409	25199	25325
C25200T	S:P1213L	11	26080	0.000422	25188	25325
C25163-A	NA	11	24423	0.00045	25153	25210
C25131T	S:A1190V	11	23063	0.000477	25122	25243
C25000T T25028C C25047T	S:D1146D S:F1156L S:P1162L	11	13850	0.000794	24853	25069
C25000T G25010T	S:D1146D S:E1150*	11	14301	0.000769	24990	25045
C25000T C25120+A	S:D1146D NA	11	2637	0.004171	24990	25161
C25000T C25100-A T25196-G	S:D1146D NA NA	11	2408	0.004568	24990	25210
C24632-T	NA	11	13955	0.000788	24622	24679
C23854A T23857C	S:N764K S:R765R	11	16399	0.000671	23845	23895
C23854A A23888G	S:N764K S:K776E	11	15513	0.000709	23842	23895
C23854A A23869G	S:N764K S:G769G	11	16149	0.000681	23836	23895
C23604A G23666-A	S:P681H NA	11	24739	0.000445	23580	23724
C23525T T23599G C23604A T23617+G	S:H655Y S:N679K S:P681H NA	11	34481	0.000319	23489	23637
C23525T T23599G C23604A A23636-T	S:H655Y S:N679K S:P681H NA	11	33814	0.000325	23506	23642
C23525T T23599G C23604A A23631G C23634T	S:H655Y S:N679K S:P681H S:Q690R S:S691F	11	33954	0.000324	23487	23642
C23525T C23585T T23599G C23604A	S:H655Y S:Q675* S:N679K S:P681H	11	34516	0.000319	23487	23637
C23525T C23555T T23599G C23604A	S:H655Y S:P665S S:N679K S:P681H	11	34516	0.000319	23488	23641
C23525T A23586T T23599G C23604A	S:H655Y S:Q675L S:N679K S:P681H	11	34516	0.000319	23487	23633
C23399+T	NA	11	16691	0.000659	23335	23410
C23393-T A23403G C23525T	NA S:D614G S:H655Y	11	4425	0.002486	23342	23539
C23376T A23403G	S:S605F S:D614G	11	15992	0.000688	23285	23443
C23334-T A23400G	NA S:Q613R	11	10682	0.00103	23269	23443
A25472+T	NA	11	6626	0.00166	25372	25486
A25410G C25416T	ORF3a:R6R ORF3a:F8F	11	7156	0.001537	25381	25477
A25243-G C25262-T	NA NA	11	27898	0.000394	25130	25325
A25235G C25262-T	S:I1225V NA	11	27743	0.000396	25122	25325
A25235G	S:I1225V	11	27833	0.000395	25217	25325
A25165G C25262-T	S:Q1201Q NA	11	20066	0.000548	25130	25325
A24917G C25000T	S:N1119D S:D1146D	11	10737	0.001024	24858	25069
A24913G C24981-T C25000T	S:T1117T NA S:D1146D	11	10725	0.001026	24850	25057
A24879G C25000T	S:Q1106R S:D1146D	11	10565	0.001041	24850	25069
A24630C C24672-A	S:N1023T NA	11	13554	0.000812	24614	24687
A24569G	S:S1003G	11	9162	0.001201	24473	24679
A24537G	S:Q992R	11	39672	0.000277	24525	24564
A24479G	S:I973V	11	39454	0.000279	24473	24564
A24424T T24513C	S:Q954H S:L984P	11	28682	0.000384	24412	24564
A24424T T24492-A	S:Q954H NA	11	28823	0.000382	24412	24564
A24424T T24471C	S:Q954H S:F970S	11	28936	0.00038	24412	24506
A24424T T24470-TTG C24536-A	S:Q954H S:DEL971 NA	11	28494	0.000386	24412	24564
A24424T T24469A T24552C	S:Q954H S:N969K S:I997T	11	28302	0.000389	24412	24564
A24424T T24469A T24549C	S:Q954H S:N969K S:L996S	11	28348	0.000388	24412	24564
A24424T T24469A T24511C	S:Q954H S:N969K S:R983R	11	28691	0.000383	24412	24564
A24424T T24469A A24551G	S:Q954H S:N969K S:I997V	11	28322	0.000388	24412	24564
A24424T T24469A A24531G	S:Q954H S:N969K S:E990G	11	28554	0.000385	24412	24563
A24424T T24469A A24520G	S:Q954H S:N969K S:K986K	11	28640	0.000384	24412	24564
A24424T T24437C	S:Q954H S:L959L	11	29399	0.000374	24412	24543
A24424T G24488-T C24517-A	S:Q954H NA NA	11	28656	0.000384	24412	24543
A24424T G24476A	S:Q954H S:A972T	11	28913	0.00038	24412	24505
A24424T C24536T	S:Q954H S:Q992*	11	28494	0.000386	24412	24564
A24424T A24551G	S:Q954H S:I997V	11	28322	0.000388	24412	24564
A24424T A24498G	S:Q954H S:D979G	11	28794	0.000382	24412	24554
A24424T A24453G	S:Q954H S:K964R	11	29178	0.000377	24412	24564
A23942-T G23948T	NA S:D796Y	11	1521	0.007232	23941	23968
A23834G C23854A	S:S758G S:N764K	11	15984	0.000688	23772	23895
A23796G C23854A A23880G	S:D745G S:N764K S:E773G	11	14891	0.000739	23683	23890
A23796+T	NA	11	16994	0.000647	23767	23812
A23786-T C23816-T C23854A	NA NA S:N764K	11	15438	0.000713	23683	23895
A23729G C23854A	S:T723A S:N764K	11	13952	0.000788	23720	23892
A23729+T C23854A	NA S:N764K	11	13952	0.000788	23683	23895
A23670-T	NA	11	25669	0.000429	23614	23709
A23598-T T23600G C23604A	NA S:S680A S:P681H	11	60441	0.000182	23580	23633
A23554-C T23599G C23604A	NA S:N679K S:P681H	11	35013	0.000314	23487	23642
A23474+T	NA	11	5108	0.002153	23466	23539
A23403G T23427C	S:D614G S:V622A	11	16042	0.000686	23335	23443
A23403G A23524-C	S:D614G NA	11	4563	0.002411	23376	23535
A23403G A23436-T	S:D614G NA	11	15268	0.00072	23269	23443
A23403G A23432G	S:D614G S:I624V	11	15536	0.000708	23345	23433
A23403G A23409G	S:D614G S:N616S	11	16380	0.000672	23378	23443
A23400+G	NA	11	16639	0.000661	23335	23416
A23354G A23403G	S:I598V S:D614G	11	15868	0.000693	23335	23429
A23348G A23403G	S:S596G S:D614G	11	15829	0.000695	23269	23441
A22805G G22813T T22882G	S:T415A S:K417N S:N440K	11	10814	0.001017	22793	22894
T25293-C	NA	10	30704	0.000326	25219	25325
T25289A	S:C1243S	10	30589	0.000327	25266	25325
T25237C C25262-T	S:I1225I NA	10	27790	0.00036	25130	25298
T25222C	S:F1220F	10	27312	0.000366	25211	25325
T25211C C25262-T	S:W1217R NA	10	24760	0.000404	25122	25325
T25209C C25262-T	S:I1216T NA	10	24033	0.000416	25122	25324
T25189C T25319C	S:Y1209Y S:C1253R	10	21015	0.000476	25122	25325
T25170C	S:L1203P	10	24438	0.000409	25143	25325
T25150+C	NA	10	24088	0.000415	25122	25158
T25028A	S:F1156I	10	14351	0.000697	25002	25069
T24892C C25000T	S:Y1110Y S:D1146D	10	10613	0.000942	24850	25069
T24873+A	NA	10	12468	0.000802	24851	24883
T24717-C	NA	10	4599	0.002174	24612	24806
T24664C C24672-A	S:L1034L NA	10	13646	0.000733	24612	24679
T24625C	S:S1021S	10	13925	0.000718	24612	24679
T24589C	S:T1009T	10	8945	0.001118	24474	24679
T24480C	S:I973T	10	39494	0.000253	24473	24564
T24469A T24471C	S:N969K S:F970S	10	35959	0.000278	24465	24564
T24414C A24424T T24469A	S:V951A S:Q954H S:N969K	10	28711	0.000348	24412	24564
T23830+G	NA	10	16593	0.000603	23767	23842
T23822C C23854A	S:L754L S:N764K	10	15836	0.000631	23683	23895
T23815C C23854A	S:N751N S:N764K	10	15756	0.000635	23683	23895
T23798C C23854A	S:S746P S:N764K	10	15588	0.000642	23775	23895
T23776C C23854A	S:C738C S:N764K	10	15384	0.00065	23683	23890
T23716-A	NA	10	41698	0.00024	23683	23731
T23698C C23854A	S:I712I S:N764K	10	13676	0.000731	23683	23895
T23599G C23673T	S:N679K S:S704L	10	24656	0.000406	23580	23723
T23599G C23604A T23686-A	S:N679K S:P681H NA	10	24580	0.000407	23580	23724
T23599G C23604A G23666-A A23712-T	S:N679K S:P681H NA NA	10	23874	0.000419	23580	23724
T23599G C23604A C23685T	S:N679K S:P681H S:S708F	10	24585	0.000407	23580	23700
T23599G C23604A C23649T	S:N679K S:P681H S:T696I	10	24795	0.000403	23580	23717
T23599G C23604A A23688+G	S:N679K S:P681H NA	10	24578	0.000407	23580	23724
T23599A C23604A	S:N679K S:P681H	10	60447	0.000165	23581	23642
T23521A C23525T T23599G C23604A	S:A653A S:H655Y S:N679K S:P681H	10	34505	0.00029	23488	23642
T23355C	S:I598T	10	17187	0.000582	23335	23369
T23313C A23403G	S:I584T S:D614G	10	10611	0.000942	23269	23443
T23293C A23403G	S:R577R S:D614G	10	10475	0.000955	23269	23439
T23143-A T23164-A C23230-A	NA NA NA	10	2816	0.003551	23089	23290
T23143-A C23230-A	NA NA	10	2816	0.003551	23089	23244
G25323+A	NA	10	31004	0.000323	25312	25325
G25250A	S:V1230M	10	28108	0.000356	25218	25325
G25230A C25262-T	S:G1223D NA	10	27620	0.000362	25122	25325
G25226A	S:A1222T	10	27584	0.000363	25221	25325
G25204A	S:W1214*	10	26348	0.00038	25188	25325
G25173-A C25262-T	NA NA	10	20348	0.000491	25127	25325
G25049-A	NA	10	14313	0.000699	25033	25060
G24872-T	NA	10	12463	0.000802	24850	24880
G24868-T C24981-T C25000T	NA NA S:D1146D	10	10505	0.000952	24850	25034
G24574+A	NA	10	9143	0.001094	24470	24581
G24570+T	NA	10	9160	0.001092	24490	24581
G24530+A	NA	10	39773	0.000251	24476	24564
G24488-T C24503-T C24672-A	NA NA NA	10	8373	0.001194	24486	24679
G23955+T	NA	10	1706	0.005862	23941	23968
G23835-T C23854A C23887-A	NA S:N764K NA	10	15053	0.000664	23767	23895
G23593A T23599G C23604A	S:Q677Q S:N679K S:P681H	10	60397	0.000166	23580	23642
G23587A T23599G C23604A	S:Q675Q S:N679K S:P681H	10	60305	0.000166	23580	23642
G23522A C23525T T23599G C23604A	S:E654K S:H655Y S:N679K S:P681H	10	34514	0.00029	23487	23624
G23417+A	NA	10	16618	0.000602	23335	23443
G23273-A A23403G	NA S:D614G	10	10150	0.000985	23270	23443
G22898A T22942G	S:G446S S:N460K	10	6821	0.001466	22883	22966
G22813T T22882G T22891+A G22895C G22898A	S:K417N S:N440K NA S:V445R S:G446R	10	8703	0.001149	22793	22913
G22813T T22882G G22898A T22930A T22942G	S:K417N S:N440K S:G446S S:F456L S:N460K	10	6190	0.001616	22799	22946
G22813T T22882G G22895C T22896C G22898A T22942G C22950-TT	S:K417N S:N440K S:V445P S:V445P S:G446S S:N460K NA	10	5928	0.001687	22793	22967
G22813T T22831+A	S:K417N NA	10	11235	0.00089	22793	22841
G22577C G22578A G22599C C22664A C22674T	S:G339H S:G339H S:R346T S:L368I S:S371F	10	158	0.063291	22494	22676
C25416T G25527+C	ORF3a:F8F NA	10	3878	0.002579	25372	25555
C25416T G25459T	ORF3a:F8F ORF3a:A23S	10	6738	0.001484	25372	25477
C25416T C25546+T	ORF3a:F8F NA	10	3723	0.002686	25372	25559
C25262-T T25288C	NA S:S1242S	10	29737	0.000336	25122	25325
C25262-T T25283C	NA S:C1241R	10	29749	0.000336	25251	25325
C25262-T C25276T	NA S:T1238T	10	29764	0.000336	25130	25325
C25254-A	NA	10	29558	0.000338	25251	25325
C25169-T	NA	10	24431	0.000409	25151	25187
C25156-G	NA	10	24340	0.000411	25130	25175
C25000T A25040G	S:D1146D S:T1160A	10	13915	0.000719	24990	25044
C25000T A25038G	S:D1146D S:H1159R	10	13933	0.000718	24990	25069
C25000T A25032G	S:D1146D S:K1157R	10	13992	0.000715	24990	25056
C24981-T C25000T C25047T	NA S:D1146D S:P1162L	10	10729	0.000932	24850	25069
C24964-A C25000T	NA S:D1146D	10	11061	0.000904	24850	25042
C24878+A C24981-T C25000T	NA NA S:D1146S	10	10563	0.000947	24850	25043
C24878+A	NA	10	12432	0.000804	24859	24890
C24748-T	NA	10	5087	0.001966	24714	24791
C24566+A C24672-A	NA NA	10	8604	0.001162	24470	24679
C24444T T24469A	S:T961M S:N969K	10	29708	0.000337	24412	24564
C24418+A A24424T	NA S:Q954P	10	30166	0.000331	24412	24564
C24263-A	NA	10	4086	0.002447	24254	24277
C23887-A G23903-T	NA NA	10	1401	0.007138	23767	23921
C23859+T	NA	10	16548	0.000604	23683	23869
C23854A T23878C	S:N764K S:V772V	10	15863	0.00063	23741	23895
C23854A G23873+A	S:N764K NA	10	16048	0.000623	23837	23885
C23854A A23891G	S:N764K S:N777D	10	15226	0.000657	23733	23895
C23854A A23870G	S:N764K S:I770V	10	16136	0.00062	23683	23895
C23833+G C23854A	NA S:N764K	10	15963	0.000626	23803	23892
C23758+A	NA	10	16013	0.000624	23705	23832
C23744T C23854A	S:P728S S:N764K	10	14035	0.000713	23683	23881
C23701-A	NA	10	42437	0.000236	23683	23716
C23595T T23599G C23604A	S:T678I S:N679K S:P681H	10	60424	0.000165	23580	23642
C23595A T23599G C23604A A23670-T	S:T678N S:N679K S:P681H NA	10	24669	0.000405	23580	23724
C23591T T23599G C23604A	S:Q677* S:N679K S:P681H	10	60355	0.000166	23580	23642
C23589T T23599G C23604A	S:T676I S:N679K S:P681H	10	60330	0.000166	23580	23700
C23525T T23599G T23602-C C23604A	S:H655Y S:N679K NA S:P681H	10	34516	0.00029	23505	23642
C23525T T23599G C23604A T23605-C	S:H655Y S:N679K S:P681H NA	10	34510	0.00029	23487	23642
C23525T T23599G C23604A A23639G	S:H655Y S:N679K S:P681H S:I693V	10	33337	0.0003	23487	23642
C23525T T23599G C23604A A23623+G	S:H655Y S:N679K S:P681H NA	10	34456	0.00029	23487	23637
C23525T T23542-G T23599G C23604A	S:H655Y NA S:N679K S:P681H	10	34516	0.00029	23487	23639
C23525T A23572G A23594G T23599G C23604A	S:H655Y S:I670M S:T678A S:N679K S:P681H	10	34516	0.00029	23487	23629
C23525T A23558-T T23599G	S:H655Y NA S:N679K	10	34535	0.00029	23510	23633
C23525T A23558-T C23604A	S:H655Y NA S:P681H	10	34516	0.00029	23493	23640
C23525T A23558-T	S:H655Y NA	10	34904	0.000287	23498	23570
C23520T C23525T T23599G C23604A	S:A653V S:H655Y S:N679K S:P681H	10	34497	0.00029	23487	23642
C23492-A	NA	10	40121	0.000249	23488	23505
C23381-A A23403G	NA S:D614G	10	16061	0.000623	23269	23443
C23334-T T23392C	NA S:V610V	10	10790	0.000927	23269	23443
C23334-T G23402-A	NA NA	10	10651	0.000939	23269	23417
C23123T T23143-A C23230-A	S:P521S NA NA	10	2782	0.003595	23096	23247
C22000A A22056G	S:H146Q S:N165S	10	6354	0.001574	21995	22058
C21978A G21987A T21990-TTA C22000A C22033T	S:P139Q S:G142D S:DEL144 S:H146Q S:F157F	10	4837	0.002067	21951	22048
C21978A G21987A C22000A	S:P139Q S:G142D S:H146Q	10	4866	0.002055	21959	22058
A25243G C25262-T	S:I1227M NA	10	27898	0.000358	25122	25325
A25185G C25262-T	S:Q1208R NA	10	21042	0.000475	25130	25314
A25147G C25262-T	S:E1195E NA	10	19406	0.000515	25135	25325
A25125G	S:E1188G	10	21687	0.000461	25122	25325
A24999G C25000T	S:D1146G S:D1146G	10	14406	0.000694	24990	25068
A24956-T	NA	10	11532	0.000867	24945	25069
A24955G C25000T	S:G1131G S:D1146D	10	10967	0.000912	24850	25069
A24915G C24981-T C25000T	S:D1118G NA S:D1146D	10	10735	0.000932	24850	25069
A24780G	S:K1073R	10	5225	0.001914	24763	24806
A24758G	S:T1066A	10	5139	0.001946	24736	24800
A24753G	S:H1064R	10	5108	0.001958	24724	24788
A24735-T	NA	10	5012	0.001995	24728	24806
A24673T	S:S1037S	10	13627	0.000734	24644	24680
A24619G	S:R1019R	10	13876	0.000721	24612	24667
A24614-T	NA	10	13864	0.000721	24612	24634
A24539-T	NA	10	39680	0.000252	24470	24564
A24500G	S:I980V	10	39921	0.00025	24466	24564
A24493T	S:L977F	10	39934	0.00025	24489	24564
A24479-T G24488-T	NA NA	10	39388	0.000254	24470	24505
A24468-T T24470A	NA S:F970I	10	35959	0.000278	24465	24564
A24424T T24469A T24472-G G24558-C	S:Q954H S:N969K NA NA	10	28144	0.000355	24412	24564
A24424T T24469A A24562G	S:Q954H S:N969K S:R1000R	10	28066	0.000356	24412	24564
A24424T T24469A A24498G	S:Q954H S:N969K S:D979G	10	28794	0.000347	24412	24564
A24424T T24451+A T24469A	S:Q954H NA S:N969Q	10	28986	0.000345	24413	24564
A24424T T24436C T24469A	S:Q954H S:A958A S:N969K	10	28986	0.000345	24412	24564
A24424T G24515-A	S:Q954H NA	10	28670	0.000349	24412	24562
A24424T C24483+A	S:Q954H NA	10	28868	0.000346	24412	24564
A24424T C24458+T	S:Q954H NA	10	29101	0.000344	24412	24515
A24424T A24467C	S:Q954H Unknown	10	29002	0.000345	24412	24468
A24424T A24454G T24469A	S:Q954H S:K964K S:N969K	10	28986	0.000345	24412	24544
A24424T A24433G T24469A	S:Q954H S:Q957Q S:N969K	10	28986	0.000345	24412	24564
A24423+T T24469A	NA S:N969Q	10	28977	0.000345	24412	24488
A23938-C G23948T	NA S:D796Y	10	1197	0.008354	23930	23977
A23801G C23854A	S:T747A S:N764K	10	15632	0.00064	23736	23895
A23717G C23854A	S:T719A S:N764K	10	13892	0.00072	23683	23895
A23702G	S:I714V	10	42176	0.000237	23683	23715
A23696+T	NA	10	42349	0.000236	23683	23709
A23550G T23599G C23604A	S:D663G S:N679K S:P681H	10	34980	0.000286	23546	23642
A23403G T23434-C	S:D614G NA	10	15315	0.000653	23394	23443
A23403G T23433C	S:D614G S:I624T	10	15509	0.000645	23372	23443
A23403G T23407C	S:D614G S:V615V	10	16401	0.00061	23335	23443
A23403G G23486-T	S:D614G NA	10	4619	0.002165	23382	23539
A23372G A23403G	S:T604A S:D614G	10	15948	0.000627	23335	23429
A23365G	S:G601G	10	17068	0.000586	23335	23385
A23359G	S:T599T	10	17155	0.000583	23335	23412
A23326G A23403G	S:T588T S:D614G	10	10630	0.000941	23285	23440
A23319G A23403G	S:D586G S:D614G	10	10621	0.000942	23269	23443
A23279G A23403G	S:T573A S:D614G	10	10231	0.000977	23269	23443
A23274G A23403G	S:D571G S:D614G	10	10198	0.000981	23269	23409
A22914-C	NA	10	9047	0.001105	22907	22967
A22101T C22109G T22200A	Unknown S:Q183E S:V213E	10	789	0.012674	22100	22218
