nt_mutations	aa_mutations	cluster_depth	total_depth	frequency	coverage_start	coverage_end
T23599G C23604A	S:N679K S:P681H	27776	98817	0.281085	23593	23605
C23525T T23599G C23604A	S:H655Y S:N679K S:P681H	16510	35002	0.471687	23520	23612
A24424T	S:Q954H	4906	24144	0.203197	24420	24424
C23525T	S:H655Y	3909	54722	0.071434	23521	23528
G22317T	S:G252V	2972	9516	0.312316	22315	22319
C25000T	S:D1146D	2791	15594	0.178979	24998	25003
A23403G C23525T	S:D614G S:H655Y	2449	12117	0.202113	23399	23529
C25416T	ORF3a:F8F	2248	11328	0.198446	25384	25421
T23599G	S:N679K	2245	98883	0.022704	23596	23602
A23403G	S:D614G	2202	20613	0.106826	23399	23406
C23604A	S:P681H	1853	98945	0.018728	23600	23608
C22000A	S:H146Q	1430	3723	0.384099	21996	22032
T23599G C23604A C23664T	S:N679K S:P681H S:A701V	1413	62361	0.022658	23593	23668
C24672-A	NA	1395	19640	0.071029	24626	24679
T23599G C23604A G23666-A	S:N679K S:P681H NA	1253	62318	0.020107	23592	23678
T23599G C23604A A23712-T	S:N679K S:P681H NA	1185	60784	0.019495	23594	23718
A24253-T	NA	1115	6352	0.175535	24237	24263
A24424T T24469A	S:Q954H S:N969K	1103	21053	0.052392	24417	24476
C23525T C23604A	S:H655Y S:P681H	945	35002	0.026998	23516	23620
C24517-A	NA	890	45629	0.019505	24504	24527
G25302-T	NA	834	29306	0.028458	25295	25324
C25262-T	NA	777	27199	0.028567	25260	25272
C23854A	S:N764K	683	13700	0.049854	23850	23868
G24488-T	NA	655	47407	0.013817	24486	24499
T23599G C23604A T23641-G	S:N679K S:P681H NA	621	97208	0.006388	23593	23649
C23334-T	NA	613	6779	0.090426	23289	23345
T22882G	S:N440K	588	8183	0.071856	22877	22887
C24981-T C25000T	NA S:D1146D	580	8985	0.064552	24893	25003
C24536-A	NA	571	44059	0.01296	24524	24546
C23525T T23599G	S:H655Y S:N679K	570	35013	0.01628	23519	23600
T24470-TTG	S:DEL971	562	31317	0.017946	24466	24491
C23887-A	NA	557	17136	0.032505	23871	23895
T22942G	S:N460K	532	5570	0.095512	22938	22966
C23367-A	NA	532	21150	0.025154	23342	23377
A23853-C	NA	529	13801	0.038331	23846	23862
G22813T T22882G	S:K417N S:N440K	514	7332	0.070104	22802	22885
T24469A	S:N969K	512	31305	0.016355	24467	24476
C24517-A C24672-A	NA NA	445	16238	0.027405	24489	24679
G25287-T	NA	440	28502	0.015438	25279	25301
T24471-TG	NA	427	41717	0.010236	24465	24483
T23143-A	NA	424	9336	0.045416	23133	23155
T23637-C	NA	405	101348	0.003996	23630	23642
T23599G C23604A C23673T	S:N679K S:P681H S:S704L	389	62164	0.006258	23581	23705
T23599G C23604A C23609-G	S:N679K S:P681H NA	381	98782	0.003857	23593	23621
T23599G C23604A T23722-A	S:N679K S:P681H NA	378	60348	0.006264	23591	23724
A23712-T	NA	377	82808	0.004553	23697	23723
C23525T A23558-T T23599G C23604A	S:H655Y NA S:N679K S:P681H	376	35002	0.010742	23519	23624
G23587T T23599G C23604A	S:Q675H S:N679K S:P681H	374	98541	0.003795	23580	23630
T23599G C23604A G23675-T	S:N679K S:P681H NA	373	62132	0.006003	23583	23690
C23334-T A23403G	NA S:D614G	364	6106	0.059613	23322	23415
A24803-T	NA	363	4358	0.083295	24789	24806
C23525T G23587C T23599G C23604A	S:H655Y S:Q675H S:N679K S:P681H	361	35002	0.010314	23516	23614
T23599G C23604A T23641-G C23664T	S:N679K S:P681H NA S:A701V	353	62361	0.005661	23581	23678
G22813T T22882G G22895C T22896C G22898A	S:K417N S:N440K S:V445P S:V445P S:G446S	336	4850	0.069278	22808	22906
G22813T T22882G G22895C T22896C G22898A T22942G	S:K417N S:N440K S:V445P S:V445P S:G446S S:N460K	318	3272	0.097188	22808	22947
T24464-C T24470-TTG	NA S:DEL971	313	23336	0.013413	24449	24546
T23599G C23604A C23625T	S:N679K S:P681H S:A688V	313	98587	0.003175	23595	23640
G23364-A A23403G C23525T	NA S:D614G S:H655Y	295	10489	0.028125	23351	23532
C21888-T	NA	287	5611	0.05115	21867	21900
T24643-A	NA	286	20245	0.014127	24640	24654
G24140-T	NA	279	5505	0.050681	24133	24173
A25216-G	NA	277	11688	0.0237	25209	25320
G23835-T	NA	268	13673	0.019601	23791	23847
T23599G C23604A C23709-A	S:N679K S:P681H NA	260	60941	0.004266	23581	23717
A24110-T	NA	258	4406	0.058557	24071	24120
A21875-T	NA	255	5689	0.044823	21870	21889
T24492-A	NA	252	47599	0.005294	24481	24503
T24469A T24472-G	S:N969K NA	248	31158	0.007959	24465	24546
C21618T T21632-TACCCCCTG	S:T19I S:DEL25/27	244	564	0.432624	21605	21657
A24424T T24471-TG	S:Q954H NA	242	21013	0.011517	24417	24555
T23143-A T23164-A	NA NA	233	8922	0.026115	23115	23176
C23525T C23533-A T23599G C23604A	S:H655Y NA S:N679K S:P681H	230	35002	0.006571	23519	23631
G23587C T23599G C23604A	S:Q675H S:N679K S:P681H	229	98541	0.002324	23581	23634
A24424T T24469A T24472-G	S:Q954H S:N969K NA	221	21012	0.010518	24417	24555
T23599G C23604A A23704C	S:N679K S:P681H S:I714I	219	61268	0.003574	23595	23716
C24455-A	NA	217	23525	0.009224	24428	24466
C24852-A	NA	214	11856	0.01805	24850	24870
A24498+T	NA	214	47254	0.004529	24480	24506
A24479-T	NA	213	45895	0.004641	24476	24489
C23099-T T23143-A	NA NA	211	8861	0.023812	23096	23155
G23501T C23525T T23599G C23604A	S:A647S S:H655Y S:N679K S:P681H	206	34518	0.005968	23495	23624
A24253-T C24263-A	NA NA	205	6272	0.032685	24236	24273
T22882G G22895C T22896C G22898A	S:N440K S:V445P S:V445P S:G446S	201	5686	0.03535	22877	22906
T23689-A	NA	199	83163	0.002393	23683	23701
C23525T T23599G C23604A G23624A	S:H655Y S:N679K S:P681H S:A688T	197	34951	0.005636	23493	23626
T23590C T23599G C23604A	S:T676T S:N679K S:P681H	193	98616	0.001957	23581	23642
T25191-A	NA	191	14696	0.012997	25176	25202
C24119-A	NA	191	4261	0.044825	24111	24132
C23103-T	NA	189	9100	0.020769	23094	23114
A23852-AC	NA	187	13852	0.0135	23843	23869
A24424T G24488-T	S:Q954H NA	186	20946	0.00888	24412	24514
C23525T T23599G C23604A C23625T	S:H655Y S:N679K S:P681H S:A688V	183	34946	0.005237	23510	23629
G25305-T	NA	181	29559	0.006123	25298	25316
A24424T C24536-A	S:Q954H NA	178	20700	0.008599	24416	24552
G24488-T C24517-A	NA NA	175	44702	0.003915	24486	24527
T23599G C23604A A23711-AT	S:N679K S:P681H NA	172	60850	0.002827	23592	23722
T23599G C23604A G23666-A A23712-T	S:N679K S:P681H NA NA	169	60784	0.00278	23581	23724
C25416T G25555-T	ORF3a:F8F NA	168	4039	0.041594	25378	25566
A25208-T	NA	168	15542	0.010809	25201	25210
A24110-T C24119-A	NA NA	167	4155	0.040193	24071	24132
A24424T C24455-A	S:Q954H NA	165	21221	0.007775	24412	24472
T23337-TG	NA	163	20774	0.007846	23335	23356
T23599G C23604A G23621T	S:N679K S:P681H S:V687L	160	98695	0.001621	23593	23637
A23403G T23482-A C23525T	S:D614G NA S:H655Y	159	12117	0.013122	23394	23529
C25294-A	NA	156	28763	0.005424	25285	25307
C23816-T	NA	154	14183	0.010858	23792	23827
A23474+T C23525T	NA S:H655S	152	14782	0.010283	23466	23539
C25416T A25472-T	ORF3a:F8F NA	149	10296	0.014472	25383	25477
C25262-T A25327-T	NA NA	149	3916	0.038049	25251	25335
A23403G G23486-T C23525T	S:D614G NA S:H655Y	148	12117	0.012214	23398	23532
T25415-C	NA	145	11343	0.012783	25384	25472
G22813T T22882G G22895C T22896C G22898A T22942G A22948C	S:K417N S:N440K S:V445P S:V445P S:G446S S:N460K S:K462N	145	3129	0.046341	22808	22966
T23599G C23604A A23704+C	S:N679K S:P681H NA	144	61268	0.00235	23593	23721
C23099-T	NA	144	9111	0.015805	23096	23109
T23599G C23604A C23609-G G23666-A	S:N679K S:P681H NA NA	143	62318	0.002295	23580	23684
C23664T	S:A701V	143	68211	0.002096	23660	23704
A24424T C24517-A	S:Q954H NA	142	20835	0.006815	24416	24544
G23948T	S:D796Y	141	993	0.141994	23944	23952
C23099-T T23143-A T23164-A	NA NA NA	141	8454	0.016678	23093	23176
T23599G C23604A T23662C	S:N679K S:P681H S:G700G	138	62400	0.002212	23582	23669
T23703-A	NA	136	83405	0.001631	23690	23711
T23482-A C23525T	NA S:H655Y	136	15553	0.008744	23474	23535
C23709-A	NA	136	83011	0.001638	23706	23720
A24922-T	NA	136	12580	0.010811	24908	24929
A21875-T C21888-T	NA NA	136	5585	0.024351	21867	21904
G22813T	S:K417N	135	7842	0.017215	22809	22816
G24933-T	NA	133	12557	0.010592	24920	24943
T25191-A C25262-T	NA NA	132	7351	0.017957	25138	25280
C23525T T23563+C T23599G C23604A	S:H655Y NA S:N679* S:P681Y	132	35002	0.003771	23499	23621
A23711-AT	NA	130	82905	0.001568	23700	23724
C25000T C25100-A	S:D1146D NA	129	5516	0.023387	24992	25108
C25000T T25021-A	S:D1146D NA	128	14993	0.008537	24993	25035
T24464-C T24471-TG	NA NA	127	23336	0.005442	24447	24561
T23599G C23604A T23641-G A23712-T	S:N679K S:P681H NA NA	127	60784	0.002089	23581	23720
G25127-T	NA	127	12297	0.010328	25122	25194
A23474+T	NA	127	14916	0.008514	23466	23539
T22882G G22895C G22898A	S:N440K S:V445L S:G446S	126	5686	0.02216	22877	22906
G21987A	S:G142D	126	1715	0.073469	21980	21990
C24672-AA	NA	123	19640	0.006263	24622	24679
T24470-TTG C24536-A	S:DEL971 NA	122	29670	0.004112	24465	24554
A24424T T24470-TTG	S:Q954H S:DEL971	122	21013	0.005806	24419	24557
T25382-A	NA	121	11987	0.010094	25375	25392
C24422-A A24425T	NA S:N955Y	121	24058	0.00503	24413	24445
G25198-C	NA	120	14903	0.008052	25191	25210
G23522-A C23525T	NA S:H655Y	120	54695	0.002194	23513	23531
A23627-G	NA	120	100880	0.00119	23619	23712
C24536-AA	NA	119	44059	0.002701	24526	24554
A25327-T	NA	119	4372	0.027219	25306	25335
C24852-A C25000T	NA S:D1146D	118	7814	0.015101	24850	25011
C22033A	S:F157L	118	7138	0.016531	22024	22058
T22200A G22317T	S:V213E S:G252V	117	2114	0.055345	22194	22319
A24324T	S:K921I	117	5658	0.020679	24229	24327
T23599G C23604A A23639-T	S:N679K S:P681H NA	114	97388	0.001171	23589	23642
G24488-T C24672-A	NA NA	113	15655	0.007218	24486	24679
A22056-T	NA	113	7016	0.016106	22030	22058
T23599G C23604A G23666-A C23709-A	S:N679K S:P681H NA NA	112	60941	0.001838	23581	23717
G22104-A C22109G C22120-A T22200A	NA S:Q183E NA S:V213E	111	2725	0.040734	22100	22208
C23393-T A23403G C23525T	NA S:D614G S:H655Y	111	11551	0.00961	23385	23532
G22104-A C22109G C22120-A	NA S:Q183E NA	110	3836	0.028676	22100	22132
T23599G C23604A T23652C	S:N679K S:P681H S:M697T	109	62564	0.001742	23581	23673
C24503-T	NA	108	46454	0.002325	24490	24513
A23588G T23599G C23604A	S:T676A S:N679K S:P681H	108	98582	0.001096	23580	23642
A23254-T	NA	107	6927	0.015447	23247	23290
T25309C	S:S1249S	106	29755	0.003562	25303	25324
C23846T C23854A	S:Q762* S:N764K	106	13146	0.008063	23842	23895
C22109G C22120-A	S:Q183E NA	106	3927	0.026993	22105	22138
T23599G C23604A C23701T	S:N679K S:P681H S:A713A	103	61596	0.001672	23580	23724
G24488-T C24517-A C24672-A	NA NA NA	103	15655	0.006579	24486	24679
T23434-C C23525T	NA S:H655Y	102	13999	0.007286	23427	23535
T22200A	S:V213E	102	3771	0.027049	22195	22206
C24899-A	NA	102	12565	0.008118	24888	24913
T24267-G	NA	101	6401	0.015779	24259	24288
T23599G C23604A G23666+A	S:N679K S:P681H NA	101	62318	0.001621	23580	23687
G24510+T	NA	101	46123	0.00219	24500	24518
T24643-A C24672-A	NA NA	100	19577	0.005108	24612	24679
T23599G C23604A T23617C	S:N679K S:P681H S:R685R	100	98725	0.001013	23580	23625
G25299-C	NA	100	29129	0.003433	25292	25317
A23848+T C23887-A	NA NA	100	11041	0.009057	23767	23895
T23599G T23602C C23604A	S:N679K S:S680S S:P681H	99	98817	0.001002	23581	23642
T23599G C23604A G23666-A A23711-AT	S:N679K S:P681H NA NA	99	60850	0.001627	23581	23724
G23768-T	NA	99	14864	0.00666	23767	23778
G23501A C23525T T23599G C23604A	S:A647T S:H655Y S:N679K S:P681H	99	34518	0.002868	23493	23624
C24026-T	NA	99	4986	0.019856	24021	24044
C22120-A	NA	99	4082	0.024253	22113	22138
C22109G	S:Q183E	99	3939	0.025133	22105	22112
T24472-G	NA	98	42760	0.002292	24465	24504
T23722-A	NA	98	82039	0.001195	23704	23724
T25189C	S:Y1209Y	97	14581	0.006652	25183	25194
A25137-T	NA	96	13546	0.007087	25130	25149
T24643-A C24672-AA	NA NA	95	19577	0.004853	24626	24679
G22022-A	NA	95	7023	0.013527	22015	22042
C23334-T C23367-A	NA NA	95	6531	0.014546	23285	23382
T23599G T23600C C23604A	S:N679K S:S680P S:P681H	94	98817	0.000951	23580	23642
T23599G C23664T	S:N679K S:A701V	94	62361	0.001507	23590	23674
G25218-T	NA	94	14951	0.006287	25210	25244
T23599G C23604A T23654C	S:N679K S:P681H S:S698P	93	62526	0.001487	23583	23669
C25262-TT	NA	93	27199	0.003419	25251	25306
G22037-T	NA	92	7138	0.012889	22030	22043
C22109G C22120-A T22200A	S:Q183E NA S:V213E	92	2799	0.032869	22105	22204
A23786-T	NA	92	14576	0.006312	23771	23806
C24981-T	NA	91	9246	0.009842	24958	24991
C23846T A23847C T23849A A23853-C	S:Q762S S:Q762S S:L763I NA	90	13247	0.006794	23834	23873
A24253-T A24324T	NA S:K921I	90	4287	0.020994	24229	24327
T23599G C23604A T23620C	S:N679K S:P681H S:S686S	89	98701	0.000902	23595	23637
C23525T T23599G C23604A A23623G	S:H655Y S:N679K S:P681H S:V687V	89	34969	0.002545	23492	23630
T23599G C23604A A23696-T	S:N679K S:P681H NA	88	61763	0.001425	23581	23705
G24486+T	NA	88	47269	0.001862	24477	24495
T23599G C23604A T23693C	S:N679K S:P681H S:S711P	87	61807	0.001408	23581	23701
C23525T G23587T T23599G C23604A	S:H655Y S:Q675H S:N679K S:P681H	87	35002	0.002486	23499	23637
A25472-T	NA	87	10296	0.00845	25383	25477
A24318-C A24424T	NA S:Q954H	87	1606	0.054172	24310	24424
T23599G C23604A T23686C	S:N679K S:P681H S:S708S	86	61922	0.001389	23581	23705
G22813T T22882G G22895C G22898A	S:K417N S:N440K S:V445L S:G446S	86	4850	0.017732	22807	22906
T23599G C23604A G23608-C C23664T	S:N679K S:P681H NA S:A701V	85	62361	0.001363	23580	23687
G22809-A T22882G	NA S:N440K	85	7319	0.011614	22793	22888
A24468-T T24470A	NA S:F970I	85	31166	0.002727	24465	24480
A24318-C	NA	85	6193	0.013725	24311	24333
A23696-T	NA	85	83600	0.001017	23687	23711
A23592G T23599G C23604A	S:Q677R S:N679K S:P681H	85	98657	0.000862	23580	23624
A24479-T C24517-A	NA NA	84	43006	0.001953	24476	24527
T23599G C23604A G23608-CGG	S:N679K S:P681H S:DEL683	83	98784	0.00084	23581	23700
T23599G C23604A T23698C	S:N679K S:P681H S:I712I	82	61732	0.001328	23580	23708
T23599G C23604A A23636G	S:N679K S:P681H S:I692V	82	97804	0.000838	23580	23642
G23364-A C23525T	NA S:H655Y	82	10489	0.007818	23351	23539
G23364-A A23403G	NA S:D614G	82	18858	0.004348	23342	23443
A24110-T C24119-A T24126-TA	NA NA NA	82	3563	0.023014	24021	24145
C23525T A23550G T23599G C23604A	S:H655Y S:D663G S:N679K S:P681H	81	35002	0.002314	23501	23624
A24922-T C24981-T C25000T	NA NA S:D1146D	81	8637	0.009378	24857	25005
T23584C T23599G C23604A	S:Y674Y S:N679K S:P681H	80	98458	0.000813	23581	23642
G23401T A23403G C23525T	S:Q613H S:D614G S:H655Y	80	12117	0.006602	23395	23529
C24899-A C24981-T C25000T	NA NA S:D1146D	80	8538	0.00937	24850	25004
C23525T T23599G C23604A G23621T	S:H655Y S:N679K S:P681H S:V687L	80	34978	0.002287	23516	23624
A23786+T	NA	80	14576	0.005488	23767	23799
T25263C	S:L1234P	79	27325	0.002891	25257	25324
G22813T T22882G G22895C T22896C G22898A T22928C T22942G	S:K417N S:N440K S:V445P S:V445P S:G446S S:F456L S:N460K	79	3272	0.024144	22809	22966
C24422-A	NA	79	24176	0.003268	24413	24424
C23525T A23594-C T23599G C23604A	S:H655Y NA S:N679K S:P681H	79	35002	0.002257	23499	23624
C23202T	S:T547I	79	8616	0.009169	23196	23222
A23720-T	NA	79	82156	0.000962	23710	23724
T23599G C23604A A23668G	S:N679K S:P681H S:E702E	77	62275	0.001236	23580	23704
C24517-A T24643-A C24672-A	NA NA NA	77	16238	0.004742	24513	24679
C23525T T23540-A T23599G C23604A	S:H655Y NA S:N679K S:P681H	77	35002	0.0022	23487	23637
G24535T	S:V991V	76	44131	0.001722	24524	24564
C23604A A23712-T	S:P681H NA	76	60889	0.001248	23598	23724
C23525T T23548C T23599G C23604A	S:H655Y S:C662C S:N679K S:P681H	76	35002	0.002171	23488	23630
C22000A A22056-T	S:H146Q NA	76	3640	0.020879	21995	22058
A23586G T23599G C23604A	S:Q675R S:N679K S:P681H	76	98519	0.000771	23582	23642
T23599G C23604A A23631G	S:N679K S:P681H S:Q690R	75	98104	0.000764	23580	23642
A24424T T24438+A	S:Q954H NA	75	21385	0.003507	24413	24451
T23599G T23602-C C23604A	S:N679K NA S:P681H	74	98817	0.000749	23581	23642
G23222C	S:E554Q	74	8550	0.008655	23217	23233
C24483+A	NA	74	47049	0.001573	24475	24499
A23515-G C23525T T23599G C23604A	NA S:H655Y S:N679K S:P681H	74	34928	0.002119	23505	23637
A23403G A23474+T C23525T	S:D614G NA S:H655S	74	12117	0.006107	23398	23539
T24471-TG C24536-A	NA NA	73	37675	0.001938	24465	24563
C23604A C23664T	S:P681H S:A701V	73	62471	0.001169	23600	23674
C23123A C23266T	S:P521T S:D568D	73	4985	0.014644	23118	23274
A23594G T23599G C23604A	S:T678A S:N679K S:P681H	73	98746	0.000739	23581	23630
A23558-T T23599G C23604A	NA S:N679K S:P681H	73	35333	0.002066	23527	23624
T23599G C23604G	S:N679K S:P681R	72	98817	0.000729	23580	23633
T23599G C23604A T23637C	S:N679K S:P681H S:I692T	72	97754	0.000737	23581	23642
T23599G C23604A G23675-T A23712-T	S:N679K S:P681H NA NA	72	60784	0.001185	23580	23724
T23599G C23604A A23618G	S:N679K S:P681H S:S686G	72	98720	0.000729	23581	23642
G25278-T	NA	72	28260	0.002548	25271	25298
C25000T C25047T	S:D1146D S:P1162L	72	14582	0.004938	24992	25069
C23525T T23599G T23600C C23604A	S:H655Y S:N679K S:S680P S:P681H	72	35002	0.002057	23516	23624
C23393-T A23403G	NA S:D614G	72	19999	0.0036	23386	23443
T24628-A	NA	71	20374	0.003485	24612	24659
T23278-A	NA	71	13961	0.005086	23261	23289
G24570-T	NA	71	17938	0.003958	24550	24583
C25276T	S:T1238T	71	28157	0.002522	25261	25307
C24026-T A24110-T	NA NA	71	4286	0.016566	24021	24120
C23525T C23538-AT T23599G C23604A	S:H655Y NA S:N679K S:P681H	71	35002	0.002028	23501	23624
A24479-T G24488-T	NA NA	71	45679	0.001554	24476	24505
T24491-TA	NA	70	47629	0.00147	24480	24502
T23599G C23604A T23689C	S:N679K S:P681H S:N709N	70	61878	0.001131	23580	23700
T23599G C23604A C23609-G G23666-A A23711-AT	S:N679K S:P681H NA NA NA	70	60850	0.00115	23580	23724
C25262-T C25416T	NA ORF3a:F8F	70	2481	0.028214	25251	25423
T23599G C23604A T23680C	S:N679K S:P681H S:A706A	69	62012	0.001113	23580	23700
T23599G C23604A A23665G	S:N679K S:P681H S:A701A	69	62334	0.001107	23580	23700
C23525T T23529C T23599G C23604A	S:H655Y S:V656A S:N679K S:P681H	69	35002	0.001971	23487	23624
C23525T A23531G T23599G C23604A	S:H655Y S:N657D S:N679K S:P681H	69	35002	0.001971	23512	23634
G24428+A	NA	68	21584	0.00315	24417	24552
C23099-T C23103-T T23143-A	NA NA NA	68	8861	0.007674	23089	23155
T23599G C23604A T23626C	S:N679K S:P681H S:A688A	67	98258	0.000682	23583	23637
T23599G C23604A A23702G	S:N679K S:P681H S:I714V	67	61345	0.001092	23581	23724
T23599G C23604A A23656G	S:N679K S:P681H S:S698S	67	62503	0.001072	23580	23711
C24150-T	NA	67	8077	0.008295	24148	24173
C23525T C23577T T23599G C23604A	S:H655Y S:A672V S:N679K S:P681H	67	35002	0.001914	23502	23637
A24468-TTT	S:DEL970	67	31317	0.002139	24465	24485
A24424T G24535T	S:Q954H S:V991V	67	20705	0.003236	24415	24561
G23735-A	NA	66	12701	0.005196	23705	23745
G22809-A G22813T T22882G	NA S:K417N S:N440K	66	7319	0.009018	22793	22888
C23525T T23599G C23604A A23639-T	S:H655Y S:N679K S:P681H NA	66	33997	0.001941	23509	23642
A24110-T C24119-A G24124-T	NA NA NA	66	3572	0.018477	24038	24138
A22101T G22104-A C22109G C22120-A	Unknown NA S:Q183E NA	66	3821	0.017273	22100	22138
C23657-T	NA	65	67542	0.000962	23649	23721
A24424T G24428+A	S:Q954H NA	65	21452	0.00303	24416	24441
A23515+G C23525T T23599G C23604A	NA S:H655S S:N679* S:P681Y	65	34928	0.001861	23508	23634
T23599G C23604A T23684C	S:N679K S:P681H S:S708P	64	61960	0.001033	23581	23705
T23599G C23604A G23666-A G23675-T	S:N679K S:P681H NA NA	64	62132	0.00103	23581	23687
T23599G C23604A C23664T G23666-A	S:N679K S:P681H S:A701V NA	64	62318	0.001027	23587	23690
T23599G C23604A A23670G	S:N679K S:P681H S:N703S	64	62256	0.001028	23594	23700
T21632-TACCCCCTG	S:DEL25/27	64	564	0.113475	21605	21656
C23525T T23599G T23602C C23604A	S:H655Y S:N679K S:S680S S:P681H	64	35002	0.001828	23488	23642
C23103-T T23143-A	NA NA	64	8892	0.007197	23089	23155
T25303-TG T25306G	NA S:C1248W	63	29303	0.00215	25286	25324
T23599G C23604A G23699A	S:N679K S:P681H S:A713T	63	61691	0.001021	23580	23700
T23599G C23604A G23624A	S:N679K S:P681H S:A688T	63	98610	0.000639	23584	23642
G25555-T	NA	63	4039	0.015598	25380	25566
C23525T T23590C T23599G C23604A	S:H655Y S:T676T S:N679K S:P681H	63	35002	0.0018	23494	23629
C23525T A23594G T23599G C23604A	S:H655Y S:T678A S:N679K S:P681H	63	35002	0.0018	23491	23624
A24253-T A24287+T	NA NA	63	6129	0.010279	24238	24300
T23599G C23604A T23629C	S:N679K S:P681H S:S689S	62	98177	0.000632	23580	23641
G23486-T C23525T	NA S:H655Y	62	15790	0.003927	23474	23531
C25267T	S:C1235C	62	27681	0.00224	25256	25304
C23525T T23527C T23599G C23604A	S:H655Y S:H655Y S:N679K S:P681H	62	35002	0.001771	23512	23642
T23599G C23604A T23676C	S:N679K S:P681H S:V705A	61	62116	0.000982	23581	23699
T23482-A	NA	61	15670	0.003893	23474	23508
A23688+G	NA	61	83037	0.000735	23683	23698
T23599G C23604A T23641-G G23666-A	S:N679K S:P681H NA NA	60	62318	0.000963	23580	23695
T23599G C23604A A23691G	S:N679K S:P681H S:N710S	60	61850	0.00097	23580	23724
G23222A	S:E554K	60	8550	0.007018	23205	23224
G22813T T22882G G22895C T22896C G22898A T22942G A22948C A22948-CCT	S:K417N S:N440K S:V445P S:V445P S:G446S S:N460K S:K462N S:DEL463	60	3129	0.019175	22801	22966
C24263-A	NA	60	6357	0.009438	24239	24287
C23525T G23587T T23599G C23604A T23605C	S:H655Y S:Q675H S:N679K S:P681H S:P681H	60	34995	0.001715	23516	23624
C23525T C23556T T23599G C23604A	S:H655Y S:P665L S:N679K S:P681H	60	35002	0.001714	23493	23634
A23503-G C23525T T23599G C23604A	NA S:H655Y S:N679K S:P681H	60	34663	0.001731	23493	23642
T25283C	S:C1241R	59	28381	0.002079	25276	25324
T23599G C23604A T23659C	S:N679K S:P681H S:L699L	59	62430	0.000945	23580	23724
T23143-A T23164-A C23230-A	NA NA NA	59	6595	0.008946	23089	23242
G25287-T G25302-T	NA NA	59	28443	0.002074	25277	25324
G23868-A	NA	59	18381	0.00321	23860	23891
G22317T G22403-A	S:G252V NA	59	1318	0.044765	22255	22414
C25276-A	NA	58	28157	0.00206	25268	25325
C23525T A23544G T23599G C23604A	S:H655Y S:E661G S:N679K S:P681H	58	35002	0.001657	23493	23624
C21859T	S:N99N	58	5645	0.010275	21850	21875
A24424T T24471-TG C24536-A	S:Q954H NA NA	58	20700	0.002802	24412	24564
A24287+T	NA	58	6866	0.008447	24229	24297
T25191-A C25262-TT	NA NA	57	7351	0.007754	25130	25325
T23599G C23604A A23708G	S:N679K S:P681H S:T716A	57	60976	0.000935	23581	23723
T22882G G22895C T22896C G22898A T22942G	S:N440K S:V445P S:V445P S:G446S S:N460K	57	3963	0.014383	22877	22947
G25238A	S:A1226T	57	21847	0.002609	25222	25316
A23403G T23482-A	S:D614G NA	57	12221	0.004664	23398	23514
T23599G C23604A A23648G	S:N679K S:P681H S:T696A	56	62618	0.000894	23593	23701
T23599G C23604A A23632G	S:N679K S:P681H S:Q690Q	56	98056	0.000571	23580	23642
G22813T T22882G T22896C G22898A T22942G	S:K417N S:N440K S:V445A S:G446S S:N460K	56	3272	0.017115	22803	22949
C25000T C25100-A G25106-A	S:D1146D NA NA	56	5306	0.010554	24990	25121
C23604A G23666-A	S:P681H NA	56	62428	0.000897	23581	23680
C23525T T23599G C23604A C23609-G	S:H655Y S:N679K S:P681H NA	56	34992	0.0016	23505	23620
C23123A	S:P521T	56	9221	0.006073	23104	23131
A25274G	S:T1238A	56	28081	0.001994	25267	25325
T23164-A	NA	55	9283	0.005925	23145	23176
C25000T A25026-T	S:D1146D NA	55	14886	0.003695	24990	25042
C23525T T23573-G T23599G C23604A	S:H655Y NA S:N679K S:P681H	55	35002	0.001571	23508	23642
T24464-C	NA	54	23418	0.002306	24447	24563
T23599G C23604A T23672C	S:N679K S:P681H S:S704P	54	62181	0.000868	23581	23724
T23599G C23604A C23609T	S:N679K S:P681H S:R683W	54	98782	0.000547	23580	23623
T23599G C23604A A23623G	S:N679K S:P681H S:V687V	54	98651	0.000547	23580	23642
T23582C T23599G C23604A	S:Y674H S:N679K S:P681H	54	98388	0.000549	23580	23642
G24521+T	NA	54	45130	0.001197	24501	24531
C23123T	S:P521S	54	9221	0.005856	23112	23146
A23786-T C23854A	NA S:N764K	54	11659	0.004632	23767	23887
T24492-A C24536-A	NA NA	53	43251	0.001225	24486	24564
T24438+A	NA	53	23400	0.002265	24412	24451
T23599G C23604A T23677C	S:N679K S:P681H S:V705V	53	62098	0.000853	23582	23715
T23599G C23604A C23657-T	S:N679K S:P681H NA	53	62482	0.000848	23580	23714
T23599G C23604A A23651G	S:N679K S:P681H S:M697V	53	62583	0.000847	23580	23724
T23599G C23604A A23614G	S:N679K S:P681H S:A684A	53	98755	0.000537	23580	23642
G23508+T C23525T T23599G C23604A	NA S:H655S S:N679* S:P681Y	53	34810	0.001523	23487	23624
G23384-T A23403G C23525T	NA S:D614G S:H655Y	53	11127	0.004763	23368	23529
C25000T C25006T	S:D1146D S:F1148F	53	15453	0.00343	24990	25068
C24026-T A24110-T C24119-A	NA NA NA	53	4042	0.013112	24021	24136
C23854A C23887-A	S:N764K NA	53	11470	0.004621	23849	23895
C23525T T23584C T23599G C23604A	S:H655Y S:Y674Y S:N679K S:P681H	53	35002	0.001514	23487	23625
C23266T	S:D568D	53	7084	0.007482	23254	23279
T23599G C23604A T23645C	S:N679K S:P681H S:Y695H	52	62671	0.00083	23580	23724
T23599G C23604A T23622C	S:N679K S:P681H S:V687A	52	98681	0.000527	23581	23642
T23599G C23604A G23612A	S:N679K S:P681H S:A684T	52	98774	0.000526	23580	23642
T22882G G22895C	S:N440K S:V445L	52	7635	0.006811	22877	22906
G23522-A C23525T T23599G C23604A	NA S:H655Y S:N679K S:P681H	52	35000	0.001486	23501	23624
C23589T T23599G C23604A	S:T676I S:N679K S:P681H	52	98599	0.000527	23580	23708
C23525T T23546C T23599G C23604A	S:H655Y S:C662R S:N679K S:P681H	52	35002	0.001486	23504	23637
C22109G T22200A	S:Q183E S:V213E	52	2799	0.018578	22105	22214
T25191-A G25218-T	NA NA	51	7450	0.006846	25132	25245
T24267-G A24424T	NA S:Q954H	51	940	0.054255	24260	24424
T23599G C23604A T23641-G G23675-T	S:N679K S:P681H NA NA	51	62132	0.000821	23580	23705
T23599G C23604A A23646G	S:N679K S:P681H S:Y695C	51	62644	0.000814	23580	23700
C23525T A23572G T23599G C23604A	S:H655Y S:I670M S:N679K S:P681H	51	35002	0.001457	23505	23605
T23599G C23604A T23633C	S:N679K S:P681H S:S691P	50	98025	0.00051	23580	23642
T23599G A23712-T	S:N679K NA	50	60784	0.000823	23586	23724
G23666-A	NA	50	68374	0.000731	23658	23724
C25000T A25208-T	S:D1146D NA	50	4707	0.010622	24990	25210
C25000T A25045G	S:D1146D S:S1161S	50	14601	0.003424	24996	25069
C23525T T23581C T23599G C23604A	S:H655Y S:S673S S:N679K S:P681H	50	35002	0.001428	23492	23638
C23099-T C23103-T	NA NA	50	9068	0.005514	23089	23117
C22109G T22200A G22317T	S:Q183E S:V213E S:G252V	50	1259	0.039714	22105	22319
A23403G T23434-C C23525T	S:D614G NA S:H655Y	50	12117	0.004126	23399	23532
T23599G C23604A A23712+T	S:N679K S:P681H NA	49	60784	0.000806	23580	23724
T23599G C23604A A23627G	S:N679K S:P681H S:S689G	49	98223	0.000499	23580	23642
T23480+A C23525T	NA S:H655S	49	15207	0.003222	23471	23539
C23525T A23592G T23599G C23604A	S:H655Y S:Q677R S:N679K S:P681H	49	35002	0.0014	23487	23624
C23525T A23588G T23599G C23604A	S:H655Y S:T676A S:N679K S:P681H	49	35002	0.0014	23488	23630
T25322C	S:C1254R	48	29680	0.001617	25306	25324
T23599G C23604A T23695C	S:N679K S:P681H S:S711S	48	61774	0.000777	23580	23709
T23599G C23604A T23658C	S:N679K S:P681H S:L699P	48	62449	0.000769	23580	23680
T23599G C23604A T23641-G C23664T G23666-A	S:N679K S:P681H NA S:A701V NA	48	62318	0.00077	23580	23698
T23599G C23604A C23609-G A23712-T	S:N679K S:P681H NA NA	48	60784	0.00079	23581	23724
T23509C C23525T T23599G C23604A	S:C649C S:H655Y S:N679K S:P681H	48	34853	0.001377	23492	23642
T23434-C	NA	48	20485	0.002343	23425	23443
G25284-T	NA	48	28404	0.00169	25275	25323
G24488-T A24498+T	NA NA	48	46692	0.001028	24480	24506
C25047T	S:P1162L	48	14887	0.003224	25026	25066
C24503-T C24517-A	NA NA	48	45373	0.001058	24489	24528
C23525T T23582C T23599G C23604A	S:H655Y S:Y674H S:N679K S:P681H	48	35002	0.001371	23505	23614
A24539-T	NA	48	43799	0.001096	24513	24549
A23848+T	NA	48	13825	0.003472	23792	23856
A23598G T23599G C23604A	S:N679R S:N679R S:P681H	48	98789	0.000486	23580	23642
A23403G G23429A C23525T	S:D614G S:A623T S:H655Y	48	12117	0.003961	23393	23529
T25310C	S:C1250R	47	29815	0.001576	25288	25324
T25140-A	NA	47	13876	0.003387	25126	25155
T23599G C23604A T23713C	S:N679K S:P681H S:N717N	47	60704	0.000774	23581	23724
T23599G C23604A G23608A	S:N679K S:P681H S:R682R	47	98784	0.000476	23580	23642
T23596C T23599G C23604A	S:T678T S:N679K S:P681H	47	98786	0.000476	23580	23621
G24868-T	NA	47	12493	0.003762	24857	24880
G23835-T A23853-C	NA NA	47	12557	0.003743	23767	23863
C24119-A G24124-T	NA NA	47	3678	0.012779	24067	24140
C23525T T23560C T23599G C23604A	S:H655Y S:I666I S:N679K S:P681H	47	35002	0.001343	23488	23642
C23525T G23545T T23599G C23604A	S:H655Y S:E661D S:N679K S:P681H	47	35002	0.001343	23487	23622
C23525T A23586G T23599G C23604A	S:H655Y S:Q675R S:N679K S:P681H	47	35002	0.001343	23501	23641
C23525T A23541G T23599G C23604A	S:H655Y S:Y660C S:N679K S:P681H	47	35002	0.001343	23487	23624
A25374-T	NA	47	10799	0.004352	25372	25397
A23786-T A23852-AC	NA NA	47	11813	0.003979	23747	23881
T25265C	S:C1235R	46	27515	0.001672	25255	25296
T23599G C23604A C23700T	S:N679K S:P681H S:A713V	46	61668	0.000746	23580	23724
T23599G C23604A A23669G	S:N679K S:P681H S:N703D	46	62266	0.000739	23580	23700
T23599G C23604A A23667G	S:N679K S:P681H S:E702G	46	62300	0.000738	23581	23724
T23596+A T23599G C23604A	NA S:N679* S:P681Y	46	98786	0.000466	23581	23621
C25413T	ORF3a:I7I	46	11433	0.004023	25372	25431
C25000T A25056-T	S:D1146D NA	46	14443	0.003185	24990	25065
C24878-A	NA	46	12452	0.003694	24850	24889
C24503-T C24517-A C24672-A	NA NA NA	46	16098	0.002857	24493	24679
C24223-T A24253-T	NA NA	46	2162	0.021277	24161	24280
C24119-A T24126-TA	NA NA	46	3669	0.012537	24021	24173
C23525T A23539G T23599G C23604A	S:H655Y S:S659S S:N679K S:P681H	46	35002	0.001314	23498	23642
A24525G	S:E988G	46	45007	0.001022	24509	24530
A24424T T24464-C T24470-TTG	S:Q954H NA S:DEL971	46	21013	0.002189	24417	24563
A23403G A23474+T	S:D614G NA	46	12238	0.003759	23399	23539
T25312C	S:C1250C	45	29818	0.001509	25299	25324
T25260C	S:M1233T	45	26995	0.001667	25254	25324
T23599G C23604A T23641-G C23664T A23712-T	S:N679K S:P681H NA S:A701V NA	45	60784	0.00074	23581	23724
T23599G C23604A T23640C	S:N679K S:P681H S:I693T	45	97317	0.000462	23580	23642
T23488C C23525T T23599G C23604A	Unknown S:H655Y S:N679K S:P681H	45	33248	0.001353	23487	23624
G23735+A	NA	45	12701	0.003543	23697	23745
G23508-T C23525T T23599G C23604A	NA S:H655Y S:N679K S:P681H	45	34810	0.001293	23498	23642
G22813T T22882G T22896C G22898A	S:K417N S:N440K S:V445A S:G446S	45	4850	0.009278	22803	22907
G22302-T	NA	45	9783	0.0046	22289	22319
G22104-A C22109G C22120-A T22200A G22317T	NA S:Q183E NA S:V213E S:G252V	45	1227	0.036675	22100	22319
C23525T A23552G T23599G C23604A	S:H655Y S:I664V S:N679K S:P681H	45	35002	0.001286	23516	23625
A24479-T G24488-T C24517-A	NA NA NA	45	43006	0.001046	24471	24528
A24424T C24536-AA	S:Q954H NA	45	20700	0.002174	24412	24550
T25319C	S:C1253R	44	29796	0.001477	25309	25324
T23599G C23604A A23687G	S:N679K S:P681H S:N709D	44	61912	0.000711	23580	23724
T23581C T23599G C23604A	Unknown S:N679K S:P681H	44	97641	0.000451	23580	23642
G25269T	S:C1236F	44	27874	0.001579	25251	25324
A22101T C22109G C22120-A	Unknown S:Q183E NA	44	3821	0.011515	22100	22138
T24522C	S:V987A	43	45104	0.000953	24504	24531
T23742-A	NA	43	12570	0.003421	23700	23751
T23599G C23604A C23706T	S:N679K S:P681H S:P715L	43	61221	0.000702	23580	23723
T23599G C23604A A23639G	S:N679K S:P681H S:I693V	43	97388	0.000442	23580	23642
T23489C C23525T T23599G C23604A	S:F643L S:H655Y S:N679K S:P681H	43	33717	0.001275	23486	23641
C25000T C25100-A A25194-AT G25197T	S:D1146D NA NA S:W1212L	43	4796	0.008966	24990	25210
C23887-A C23929-A	NA NA	43	1438	0.029903	23767	23942
C23525T T23542C T23599G C23604A	S:H655Y S:Y660Y S:N679K S:P681H	43	35002	0.001229	23492	23634
C23525T A23566G T23599G C23604A	S:H655Y S:A668A S:N679K S:P681H	43	35002	0.001229	23487	23622
C23099-T C23103-T T23143-A T23164-A	NA NA NA NA	43	8454	0.005086	23091	23176
A25397-T	NA	43	11777	0.003651	25383	25413
A24922-T C25000T	NA S:D1146D	43	8637	0.004979	24886	25004
A24424T T24469A T24472-G C24536-A	S:Q954H S:N969K NA NA	43	20700	0.002077	24412	24559
T23599G C23604A T23714C	S:N679K S:P681H S:F718L	42	60686	0.000692	23580	23724
T23599G C23604A C23664T A23712-T	S:N679K S:P681H S:A701V NA	42	60784	0.000691	23587	23724
T23599G C23604A A23688G	S:N679K S:P681H S:N709S	42	61893	0.000679	23580	23724
C24517-A C24536-A	NA NA	42	43880	0.000957	24489	24548
C23525T T23599G C23604A T23637C	S:H655Y S:N679K S:P681H S:I692T	42	34310	0.001224	23487	23642
C23525T A23534G T23599G C23604A	S:H655Y S:N658D S:N679K S:P681H	42	35002	0.0012	23516	23629
C23502T C23525T T23599G C23604A	S:A647V S:H655Y S:N679K S:P681H	42	34626	0.001213	23493	23642
C21952T	S:V130V	42	4977	0.008439	21867	21966
A25295G	S:K1245E	42	28825	0.001457	25279	25324
A23597G T23599G C23604A	S:N679E S:N679E S:P681H	42	98789	0.000425	23580	23642
A21875+T	NA	42	5689	0.007383	21848	21904
T25307C	S:S1249P	41	29723	0.001379	25293	25324
T23599G C23604A A23682G	S:N679K S:P681H S:Y707C	41	61981	0.000661	23580	23705
T23599G C23604A A23670+T	S:N679K S:P681H NA	41	62256	0.000659	23581	23699
T23521C C23525T T23599G C23604A	S:A653A S:H655Y S:N679K S:P681H	41	34998	0.001171	23507	23641
T23337-TG C23367-A	NA NA	41	20285	0.002021	23335	23378
G22813T T22882G G22895C T22896C G22898A A22948C	S:K417N S:N440K S:V445P S:V445P S:G446S S:K462N	41	3129	0.013103	22793	22966
G21901-A	NA	41	5569	0.007362	21847	21913
C23887-AA	NA	41	17136	0.002393	23857	23895
C23525T T23599G C23604A T23629C	S:H655Y S:N679K S:P681H S:S689S	41	34614	0.001184	23512	23642
C23525T T23596C T23599G C23604A	S:H655Y S:T678T S:N679K S:P681H	41	35002	0.001171	23508	23631
C23525T T23537C T23599G C23604A	S:H655Y S:S659P S:N679K S:P681H	41	35002	0.001171	23505	23630
A24956-T C25000T	NA S:D1146D	41	8815	0.004651	24934	25065
A23474+T T23480+A C23525T	NA NA S:H655Y	41	14782	0.002774	23466	23539
A22948-C	NA	41	5635	0.007276	22937	22967
T25272C	S:M1237T	40	28027	0.001427	25261	25313
T24499C	S:D979D	40	47254	0.000846	24481	24517
T23599G C23604A C23707T	S:N679K S:P681H S:P715P	40	61048	0.000655	23594	23724
T23599G C23604A A23674G	S:N679K S:P681H S:S704S	40	62148	0.000644	23581	23724
T22392-A	NA	40	2792	0.014327	22376	22406
G24164-A	NA	40	7998	0.005001	24161	24182
C23525T A23558G T23599G C23604A G23624T	S:H655Y S:I666V S:N679K S:P681H S:A688S	40	34951	0.001144	23504	23642
C22120-A T22200A	NA S:V213E	40	2908	0.013755	22109	22204
C22109G C22120-A T22200A G22317T	S:Q183E NA S:V213E S:G252V	40	1259	0.031771	22100	22319
A24673G	S:S1037S	40	19552	0.002046	24571	24679
A24424T C24503-T	S:Q954H NA	40	20882	0.001916	24412	24546
A23712-T G23835-T	NA NA	40	10005	0.003998	23690	23848
A22914-C T22942G	NA S:N460K	40	4336	0.009225	22907	22967
A21958-T	NA	40	4944	0.008091	21909	21968
T23599G C23604A T23703C	S:N679K S:P681H S:I714T	39	61297	0.000636	23580	23719
G22813T T22882G G22895C T22896C G22898A T22900-G	S:K417N S:N440K S:V445P S:V445P S:G446S NA	39	4850	0.008041	22800	22914
C24245-A A24253-T	NA NA	39	6332	0.006159	24236	24267
C23816-T G23835-T	NA NA	39	13445	0.002901	23767	23847
C23757T	S:T732I	39	12367	0.003154	23732	23782
C23525T T23599G C23604A C23613T	S:H655Y S:N679K S:P681H S:A684V	39	34990	0.001115	23487	23624
C23525T T23599G C23604A A23614G	S:H655Y S:N679K S:P681H S:A684A	39	34989	0.001115	23504	23635
C23492-A C23525T T23599G C23604A	NA S:H655Y S:N679K S:P681H	39	33782	0.001154	23490	23624
C23099-T T23143-A T23164-A C23230-A	NA NA NA NA	39	6178	0.006313	23089	23242
A24424T C24466T	S:Q954H S:S968S	39	21073	0.001851	24412	24535
A24110-T C24119-AA	NA NA	39	4155	0.009386	24029	24147
A23853-C C23887-A	NA NA	39	11470	0.0034	23846	23895
A23497-C C23525T T23599G C23604A	NA S:H655Y S:N679K S:P681H	39	34378	0.001134	23487	23637
T25268C	S:C1236R	38	27801	0.001367	25261	25324
T25251C	S:V1230A	38	22433	0.001694	25242	25324
T25191-A G25218-T C25262-T	NA NA NA	38	7351	0.005169	25135	25324
T24544+A	NA	38	43404	0.000875	24473	24552
T24469A C24536-A	S:N969K NA	38	29525	0.001287	24465	24564
T23599G C23604A T23689-A	S:N679K S:P681H NA	38	61878	0.000614	23585	23699
T23599G C23604A C23609G C23664T	S:N679K S:P681H S:R683G S:A701V	38	62361	0.000609	23580	23691
T23599G C23604A A23696G	S:N679K S:P681H S:I712V	38	61763	0.000615	23583	23702
G24883-A C25000T	NA S:D1146D	38	8288	0.004585	24850	25069
G23835+T	NA	38	13673	0.002779	23792	23850
G23384-T A23403G	NA S:D614G	38	19540	0.001945	23347	23443
G21987A T21990-TTA A21999-C	S:G142D S:DEL144 NA	38	1044	0.036398	21966	22043
C24431-A	NA	38	23138	0.001642	24427	24444
C23604A C23609-G	S:P681H NA	38	98910	0.000384	23581	23634
C23525T T23599G C23604A T23620C	S:H655Y S:N679K S:P681H S:S686S	38	34980	0.001086	23504	23634
C23525T T23599G C23604A T23617C	S:H655Y S:N679K S:P681H S:R685R	38	34985	0.001086	23488	23624
C23525T T23573C T23599G C23604A	S:H655Y S:C671R S:N679K S:P681H	38	35002	0.001086	23512	23642
C23525T C23533-A	S:H655Y NA	38	54471	0.000698	23499	23539
C23525T A23598G T23599G C23604A	S:H655Y S:N679R S:N679R S:P681H	38	35002	0.001086	23503	23634
C22000A C22033A	S:H146Q S:F157L	38	3719	0.010218	21995	22058
A25253G	S:T1231A	38	26575	0.00143	25234	25324
A24424T C24466T T24469A	S:Q954H S:S968S S:N969K	38	21053	0.001805	24412	24564
A23403G T23431-AT C23525T	S:D614G NA S:H655Y	38	12117	0.003136	23394	23538
T23599G C23604A T23697C	S:N679K S:P681H S:I712T	37	61748	0.000599	23580	23715
T23599G C23604A T23650C	S:N679K S:P681H S:T696T	37	62598	0.000591	23581	23699
T23599G C23604A C23630T	S:N679K S:P681H S:Q690*	37	98167	0.000377	23580	23642
T23599G C23604A C23615T	S:N679K S:P681H S:R685C	37	98750	0.000375	23580	23624
T23599G C23604A A23720G	S:N679K S:P681H S:I720V	37	60404	0.000613	23580	23724
T23599G C23604A A23704G	S:N679K S:P681H S:I714M	37	61268	0.000604	23580	23724
T22942G A22948C	S:N460K S:K462N	37	5390	0.006865	22929	22966
G24428A	S:A956T	37	21584	0.001714	24412	24564
G22813T A22845-T T22882G	S:K417N NA S:N440K	37	7332	0.005046	22793	22889
C25214+G	NA	37	11060	0.003345	25207	25325
C25000T T25021-A A25026-T	S:D1146D NA NA	37	14886	0.002486	24990	25033
C25000T G25091+A	S:D1146D NA	37	5615	0.006589	24990	25207
C24981-T C25000T T25021-A	NA S:D1146D NA	37	8432	0.004388	24855	25054
C23525T T23599G C23604G	S:H655Y S:N679K S:P681R	37	35002	0.001057	23505	23624
C23525T T23599G C23604A C23609T	S:H655Y S:N679K S:P681H S:R683W	37	34992	0.001057	23492	23641
C23525T G23576A T23599G C23604A	S:H655Y S:A672T S:N679K S:P681H	37	35002	0.001057	23487	23642
C23367-A A23403G	NA S:D614G	37	18910	0.001957	23342	23411
C22210G G22317T	S:L216L S:G252V	37	2624	0.014101	22204	22319
A25194-AT G25197T	NA S:W1212L	37	14778	0.002504	25122	25210
A24498+T C24517-A	NA NA	37	45262	0.000817	24479	24528
A24479-T C24672-A	NA NA	37	14462	0.002558	24473	24679
A24424T T24469A C24536-A	S:Q954H S:N969K NA	37	20700	0.001787	24412	24546
A23786-T A23853-C	NA NA	37	11760	0.003146	23767	23873
A23495G C23525T T23599G C23604A	S:T645A S:H655Y S:N679K S:P681H	37	34349	0.001077	23487	23642
T25415-C A25472-T	NA NA	36	10296	0.003497	25383	25477
T25303C	S:C1247C	36	29322	0.001228	25290	25325
T24469A T24472-G C24536-A	S:N969K NA NA	36	29525	0.001219	24465	24564
T23599G G23666-A	S:N679K NA	36	62318	0.000578	23589	23683
T23599G C23604A T23721C	S:N679K S:P681H S:I720T	36	60371	0.000596	23580	23724
T23599G C23604A C23609-G T23641-G	S:N679K S:P681H NA NA	36	97208	0.00037	23580	23676
T21861-A	NA	36	5643	0.00638	21850	21877
C24964-A C24981-T C25000T	NA NA S:D1146D	36	8887	0.004051	24910	25003
C24536-A C24672-A	NA NA	36	16333	0.002204	24480	24679
C24026-T C24119-A	NA NA	36	4042	0.008906	24021	24153
A24468-T	NA	36	31317	0.00115	24465	24481
A22245-T G22317T	NA S:G252V	36	5482	0.006567	22237	22319
T25304C	S:C1248R	35	29533	0.001185	25289	25324
T23599G C23604A T23681C	S:N679K S:P681H S:Y707H	35	62001	0.000565	23580	23715
T23599G C23604A T23622+G	S:N679K S:P681H NA	35	98681	0.000355	23580	23724
T23599G C23604A A23690G	S:N679K S:P681H S:N710D	35	61863	0.000566	23581	23711
T22942G A22948-C	S:N460K NA	35	5390	0.006494	22935	22966
G23876+A	NA	35	17922	0.001953	23792	23883
G22014-T	NA	35	6893	0.005078	22006	22032
C24878-A C24981-T C25000T	NA NA S:D1146D	35	8284	0.004225	24850	25069
C24517-A C24536-A C24672-A	NA NA NA	35	16238	0.002155	24490	24679
C24503+T	NA	35	46454	0.000753	24497	24514
A24554G	S:T998A	35	42698	0.00082	24503	24561
A24479-T C24517-A C24672-A	NA NA NA	35	14462	0.00242	24471	24679
A24424T T24470-TTG C24536-A	S:Q954H S:DEL971 NA	35	20700	0.001691	24412	24554
A23494G C23525T T23599G C23604A	S:Q644Q S:H655Y S:N679K S:P681H	35	34334	0.001019	23487	23624
A23474+T T23480+A	NA NA	35	14900	0.002349	23464	23539
A22101T C22120-A	Unknown NA	35	3821	0.00916	22100	22138
T23849A A23853-C	S:L763I NA	34	13387	0.00254	23834	23889
T23693+A	NA	34	83442	0.000407	23685	23718
T23511C C23525T T23599G C23604A	S:L650S S:H655Y S:N679K S:P681H	34	34879	0.000975	23487	23642
G24776-A	NA	34	4557	0.007461	24769	24787
G24574+A C24672-A	NA NA	34	16486	0.002062	24474	24679
G23364-A	NA	34	21213	0.001603	23350	23406
C25000T T25189C	S:D1146D S:Y1209Y	34	4881	0.006966	24990	25198
C25000T T25072-G C25100-A	S:D1146D NA NA	34	5516	0.006164	24990	25118
C23525T G23580-T T23599G C23604A	S:H655Y NA S:N679K S:P681H	34	35002	0.000971	23507	23624
C23525T A23532G T23599G C23604A	S:H655Y S:N657S S:N679K S:P681H	34	35002	0.000971	23487	23634
A24885-T	NA	34	12329	0.002758	24864	24898
A24674G	S:K1038E	34	19535	0.00174	24612	24679
A24424T T24464-C T24471-TG	S:Q954H NA NA	34	21013	0.001618	24412	24564
A23497G C23525T T23599G C23604A	S:T645T S:H655Y S:N679K S:P681H	34	34378	0.000989	23492	23624
T25021-A	NA	33	15204	0.00217	25007	25032
T23599G C23604A G23663A	S:N679K S:P681H S:A701T	33	62385	0.000529	23591	23669
T23599G C23604A G23610A	S:N679K S:P681H S:R683Q	33	98778	0.000334	23581	23642
T23599G C23604A C23613T	S:N679K S:P681H S:A684V	33	98763	0.000334	23596	23642
G24574+A	NA	33	17728	0.001861	24475	24581
G23505A C23525T T23599G C23604A	S:G648D S:H655Y S:N679K S:P681H	33	34701	0.000951	23493	23637
G22813T T22882G G22895C T22896C G22898A T22930A	S:K417N S:N440K S:V445P S:V445P S:G446S S:F456L	33	3805	0.008673	22808	22933
G22104-A C22109G	NA S:Q183E	33	3848	0.008576	22100	22119
C25000T T25072-G	S:D1146D NA	33	6021	0.005481	24990	25081
C24503-T C24672-A	NA NA	33	16098	0.00205	24482	24679
C24026-T C24034-A	NA NA	33	4984	0.006621	24021	24055
C23683+A	NA	33	69540	0.000475	23676	23710
C23604A G23675-T	S:P681H NA	33	62242	0.00053	23599	23705
C23525T T23599G C23604A C23635-A	S:H655Y S:N679K S:P681H NA	33	34464	0.000958	23487	23642
C23103-T T23143-A T23164-A	NA NA NA	33	8483	0.00389	23089	23176
A25256-T	NA	33	26793	0.001232	25251	25309
A24498G	S:D979G	33	47254	0.000698	24493	24513
A24424T G24521+T	S:Q954H NA	33	20788	0.001587	24412	24549
A24424T A24468-T	S:Q954H NA	33	21059	0.001567	24415	24531
A23598+G C23604A	NA S:P681Y	33	98789	0.000334	23580	23621
T23599G C23604A G23616A	S:N679K S:P681H S:R685H	32	98735	0.000324	23580	23642
T23599G C23604A G23611A	S:N679K S:P681H S:R683R	32	98774	0.000324	23580	23724
T23599G C23604A C23638T	S:N679K S:P681H S:I692I	32	97710	0.000327	23581	23642
T22928C	S:F456L	32	5791	0.005526	22922	22944
G23364-A A23403G A23474+T C23525T	NA S:D614G NA S:H655S	32	10489	0.003051	23351	23539
G22302-T G22317T	NA S:G252V	32	9445	0.003388	22284	22319
C23525T T23599G C23604A T23622C	S:H655Y S:N679K S:P681H S:V687A	32	34972	0.000915	23498	23630
C23525T C23575T T23599G C23604A	S:H655Y S:C671C S:N679K S:P681H	32	35002	0.000914	23492	23623
A24880-AG C25000T	NA S:D1146D	32	8287	0.003861	24858	25069
A24424T G24445T	S:Q954H S:T961T	32	21337	0.0015	24412	24558
A24110-T C24119-AA T24126-TA	NA NA NA	32	3563	0.008981	24050	24149
A24110-T C24119-A C24150+T	NA NA NA	32	3415	0.00937	24021	24161
A23886G	S:D775G	32	17183	0.001862	23864	23895
A23853-C T23857C	NA S:R765R	32	13317	0.002403	23842	23895
A23403G G23465-T C23525T	S:D614G NA S:H655Y	32	12117	0.002641	23397	23532
T25306C	S:C1248C	31	29579	0.001048	25289	25325
T24505C	S:L981L	31	46411	0.000668	24499	24513
T23599G T23722-A	S:N679K NA	31	60348	0.000514	23580	23724
T23599G C23604A G23661A	S:N679K S:P681H S:G700D	31	62411	0.000497	23580	23704
T23599G C23604A G23607A	S:N679K S:P681H S:R682Q	31	98784	0.000314	23581	23700
T23500C C23525T T23599G C23604A	S:R646R S:H655Y S:N679K S:P681H	31	34502	0.000898	23492	23634
T23480+A	NA	31	15326	0.002023	23471	23539
T23338-G	NA	31	20790	0.001491	23335	23347
T22882G G22898A	S:N440K S:G446S	31	5686	0.005452	22877	22906
G25218-T C25262-T	NA NA	31	14851	0.002087	25138	25314
G24488-T C24503-T C24517-A	NA NA NA	31	44702	0.000693	24480	24527
G23519A C23525T T23599G C23604A	S:A653T S:H655Y S:N679K S:P681H	31	34981	0.000886	23501	23642
G22813T A22845-T T22882G G22895C T22896C G22898A T22942G	S:K417N NA S:N440K S:V445P S:V445P S:G446S S:N460K	31	3272	0.009474	22793	22966
G22809-A G22813T	NA S:K417N	31	7829	0.00396	22793	22823
C25416T A25503+C	ORF3a:F8F NA	31	5215	0.005944	25372	25511
C23525T T23563C T23599G C23604A	S:H655Y S:G667G S:N679K S:P681H	31	35002	0.000886	23493	23637
C23525T A23583G T23599G C23604A	S:H655Y S:Y674C S:N679K S:P681H	31	35002	0.000886	23487	23641
C23525T A23554G T23599G C23604A	S:H655Y S:I664M S:N679K S:P681H	31	35002	0.000886	23488	23642
C21618T	S:T19I	31	572	0.054196	21597	21629
A24493T	S:L977F	31	47393	0.000654	24490	24668
A22243T G22317T	S:V227V S:G252V	31	5308	0.00584	22232	22319
T24504C	S:L981P	30	46424	0.000646	24480	24509
T23599G T23602-C T23605A	S:N679K NA S:P681P	30	98789	0.000304	23580	23637
T23599G C23604A T23641C	S:N679K S:P681H S:I693I	30	97208	0.000309	23580	23642
G24611+A	NA	30	17293	0.001735	24475	24641
G23587T T23599G	S:Q675H S:N679K	30	98607	0.000304	23580	23642
G23401T A23403G	S:Q613H S:D614G	30	20613	0.001455	23394	23434
C24026-T A24110-T C24119-AA	NA NA NA	30	4042	0.007422	24021	24143
C23854A T23857C	S:N764K S:R765R	30	13317	0.002253	23844	23895
C23525T T23599G C23604A T23626C	S:H655Y S:N679K S:P681H S:A688A	30	34647	0.000866	23487	23642
C23525T T23599G C23604A A23631G	S:H655Y S:N679K S:P681H S:Q690R	30	34563	0.000868	23487	23639
C23525T T23599G C23604A A23627G	S:H655Y S:N679K S:P681H S:S689G	30	34635	0.000866	23487	23637
C23525T T23569C T23599G C23604A	S:H655Y S:G669G S:N679K S:P681H	30	35002	0.000857	23498	23625
C23230T	S:N556N	30	8190	0.003663	23190	23290
C23099-T T23143-AA	NA NA	30	8861	0.003386	23089	23159
C22802-A T22882G	NA S:N440K	30	7282	0.00412	22793	22889
A24424T C24435-T	S:Q954H NA	30	21409	0.001401	24412	24455
A24253-T G24277+T	NA NA	30	6190	0.004847	24229	24289
A23523G C23525T T23599G C23604A	S:E654G S:H655Y S:N679K S:P681H	30	35001	0.000857	23487	23642
A23493G C23525T T23599G C23604A	S:Q644R S:H655Y S:N679K S:P681H	30	33992	0.000883	23487	23635
A22845-T T22882G	NA S:N440K	30	7586	0.003955	22793	22893
T25257C	S:I1232T	29	26845	0.00108	25251	25324
T25242C	S:I1227T	29	21965	0.00132	25226	25318
T24469A T24471-TG	S:N969K NA	29	31166	0.000931	24465	24548
T23862-A	NA	29	18516	0.001566	23854	23872
T23689-A A23712-T	NA NA	29	81657	0.000355	23683	23724
T23599G C23604A C23643T	S:N679K S:P681H S:A694V	29	96839	0.000299	23581	23724
T23599G C23604A C23630-A	S:N679K S:P681H NA	29	98167	0.000295	23580	23642
T23599G C23604A C23606T	S:N679K S:P681H S:R682W	29	98787	0.000294	23581	23642
T23510C C23525T T23599G C23604A	S:L650L S:H655Y S:N679K S:P681H	29	34872	0.000832	23487	23633
T23344+G	NA	29	21210	0.001367	23336	23365
T22882G G22895C T22896C G22898A T22900-G	S:N440K S:V445P S:V445P S:G446S NA	29	5686	0.0051	22793	22914
G25269-T	NA	29	27874	0.00104	25262	25325
G24883A C25000T	S:R1107R S:D1146D	29	8288	0.003499	24857	25069
G23499A C23525T T23599G C23604A	S:R646H S:H655Y S:N679K S:P681H	29	34460	0.000842	23493	23641
G22809-A	NA	29	7865	0.003687	22793	22832
C24512+T	NA	29	46011	0.00063	24476	24522
C23707+G	NA	29	83177	0.000349	23700	23723
C23525T T23599G C23604A A23632G	S:H655Y S:N679K S:P681H S:Q690Q	29	34540	0.00084	23487	23642
A24495G	S:N978S	29	47395	0.000612	24489	24499
A23852-AC C23887-A	NA NA	29	11468	0.002529	23843	23895
A23796+T	NA	29	14538	0.001995	23775	23806
A23702G	S:I714V	29	83417	0.000348	23691	23717
A23493G C23525T	S:Q644R S:H655Y	29	52431	0.000553	23489	23539
A23403G G23522-A C23525T	S:D614G NA S:H655Y	29	12117	0.002393	23398	23532
A23267-T	NA	29	7092	0.004089	23258	23285
T25191-A G25218-T C25262-TT	NA NA NA	28	7351	0.003809	25122	25320
T23599G C23604A T23716C	S:N679K S:P681H S:F718F	28	60661	0.000462	23590	23724
T23599G C23604A T23641-G A23711-AT	S:N679K S:P681H NA NA	28	60850	0.00046	23580	23724
T23599G C23604A C23709T	S:N679K S:P681H S:T716I	28	60941	0.000459	23580	23724
T23599G C23604A A23720-T	S:N679K S:P681H NA	28	60404	0.000464	23581	23724
T23596-A T23599G C23604A	NA S:N679K S:P681H	28	98786	0.000283	23584	23627
G24971+T C24981-T C25000T	NA NA S:D1146S	28	8913	0.003141	24850	25006
G24488-T C24503-T	NA NA	28	45781	0.000612	24480	24513
G24445+A	NA	28	23489	0.001192	24438	24564
G23465-T C23525T	NA S:H655Y	28	14577	0.001921	23450	23534
G23402-A	NA	28	20627	0.001357	23394	23410
G22104-A C22109G C22120-AA	NA S:Q183E NA	28	3836	0.007299	22100	22141
C25466-T	NA	28	10408	0.00269	25379	25475
C24435-T	NA	28	23274	0.001203	24428	24451
C23525T T23599G C23604A G23610A	S:H655Y S:N679K S:P681H S:R683Q	28	34992	0.0008	23487	23642
C23525T T23599G C23604A A23636G	S:H655Y S:N679K S:P681H S:I692V	28	34345	0.000815	23493	23642
C23525T T23553C T23599G C23604A	S:H655Y S:I664T S:N679K S:P681H	28	35002	0.0008	23488	23642
C23525T C23565T T23599G C23604A	S:H655Y S:A668V S:N679K S:P681H	28	35002	0.0008	23487	23624
C23525T C23533-A A23558-T T23599G C23604A	S:H655Y NA NA S:N679K S:P681H	28	35002	0.0008	23501	23624
C22000T	S:H146H	28	3723	0.007521	21993	22054
A24424T T24469A T24471-TG	S:Q954H S:N969K NA	28	21013	0.001333	24413	24564
T25291C	S:C1243C	27	28652	0.000942	25283	25325
T25264C	S:L1234L	27	27438	0.000984	25252	25324
T24511C	S:R983R	27	46036	0.000586	24493	24519
T24487C	S:S975S	27	47401	0.00057	24475	24499
T23599G C23604A G23621A	S:N679K S:P681H S:V687I	27	98695	0.000274	23581	23695
T23599G C23604A C23609-G G23666-A A23712-T	S:N679K S:P681H NA NA NA	27	60784	0.000444	23581	23724
T23491C C23525T T23599G C23604A	S:F643F S:H655Y S:N679K S:P681H	27	33763	0.0008	23487	23642
G25401+T	NA	27	11689	0.00231	25381	25411
G25320A	S:C1253Y	27	29781	0.000907	25297	25325
G24882A C25000T	S:R1107K S:D1146D	27	8288	0.003258	24853	25069
G24510+T C24672-A	NA NA	27	16189	0.001668	24474	24679
G22104-A C22109G C22120-A T22200A G22218-T	NA S:Q183E NA S:V213E NA	27	2577	0.010477	22100	22230
C25000T T25072-G C25100-A A25194-AT G25197T	S:D1146D NA NA NA S:W1212L	27	4796	0.00563	24990	25210
C24904T C25000T	S:I1114I S:D1146D	27	8571	0.00315	24892	25069
C23887-AA C23929-A	NA NA	27	1438	0.018776	23767	23940
C23816-T A23853-C	NA NA	27	12329	0.00219	23790	23862
C23604A T23722-A	S:P681H NA	27	60452	0.000447	23599	23724
C23525T A23535G T23599G C23604A	S:H655Y S:N658S S:N679K S:P681H	27	35002	0.000771	23487	23624
C23230-A	NA	27	8190	0.003297	23208	23244
C22290-T G22317T	NA S:G252V	27	9210	0.002932	22274	22319
A24508G	S:S982S	27	46217	0.000584	24493	24516
A22234-C G22317T	NA S:G252V	27	4831	0.005589	22227	22319
T25280C	S:C1240R	26	28323	0.000918	25251	25324
T23599G C23604A T23715C	S:N679K S:P681H S:F718S	26	60679	0.000428	23580	23724
T23599G C23604A G23619A	S:N679K S:P681H S:S686N	26	98715	0.000263	23581	23642
T23599G C23604A G23608-C	S:N679K S:P681H NA	26	98784	0.000263	23585	23635
T23599G C23604A C23705T	S:N679K S:P681H S:P715S	26	61247	0.000425	23580	23724
T23599G C23604A A23717G	S:N679K S:P681H S:T719A	26	60580	0.000429	23580	23724
T23599G C23604A A23704-C	S:N679K S:P681H NA	26	61268	0.000424	23580	23724
G25249C	S:M1229I	26	22226	0.00117	25234	25324
G22299-A G22317T	NA S:G252V	26	9439	0.002755	22291	22319
G21987A T21990-TTA C22000A	S:G142D S:DEL144 S:H146Q	26	1044	0.024904	21965	22011
C25416T A25531-T	ORF3a:F8F NA	26	4201	0.006189	25384	25552
C25262-T G25364-T	NA NA	26	3552	0.00732	25251	25372
C25000T T25021-A C25100-A	S:D1146D NA NA	26	5516	0.004714	24990	25120
C24455-A G24488-T	NA NA	26	23212	0.00112	24412	24564
C23887-A G23903-T	NA NA	26	1877	0.013852	23767	23919
C23525T G23528A T23599G C23604A	S:H655Y S:V656I S:N679K S:P681H	26	35002	0.000743	23488	23642
C23525T A23558G T23599G C23604A	S:H655Y S:I666V S:N679K S:P681H	26	35002	0.000743	23501	23642
A25420+T	NA	26	11247	0.002312	25382	25440
A25315G	S:G1251G	26	29829	0.000872	25301	25325
A25026-T	NA	26	15123	0.001719	25011	25039
A24956-T	NA	26	9468	0.002746	24939	25069
A24684-T	NA	26	2199	0.011824	24620	24714
A24518G	S:K986E	26	45587	0.00057	24504	24544
A23964-T	NA	26	2177	0.011943	23951	23978
A23524G C23525T T23599G C23604A	S:E654E S:H655Y S:N679K S:P681H	26	35002	0.000743	23492	23634
A22914-C	NA	26	5658	0.004595	22907	22967
T25293C	S:L1244P	25	28733	0.00087	25275	25324
T25279C	S:S1239S	25	28289	0.000884	25251	25324
T25237C	S:I1225I	25	21799	0.001147	25226	25325
T25196-G	NA	25	14852	0.001683	25150	25210
T24506C	S:S982P	25	46378	0.000539	24474	24511
T23599G C23604A T23671C	S:N679K S:P681H S:N703N	25	62195	0.000402	23580	23724
T23599G C23604A T23659-G	S:N679K S:P681H NA	25	62430	0.0004	23580	23675
T23599G C23604A T23641-G G23675-T A23712-T	S:N679K S:P681H NA NA NA	25	60784	0.000411	23580	23724
T23599G C23604A G23678A	S:N679K S:P681H S:A706T	25	62066	0.000403	23580	23707
T23599G C23604A C23644T	S:N679K S:P681H S:A694A	25	62679	0.000399	23580	23657
T23599G C23604A C23609-G G23675-T	S:N679K S:P681H NA NA	25	62132	0.000402	23580	23707
T23599G C23604A C23609-G G23666-A C23709-A	S:N679K S:P681H NA NA NA	25	60941	0.00041	23581	23724
T23511+A C23525T T23599G C23604A	NA S:H655S S:N679* S:P681Y	25	34879	0.000717	23487	23642
T23507C C23525T T23599G C23604A	S:C649R S:H655Y S:N679K S:P681H	25	34785	0.000719	23493	23642
T23346C	S:V595A	25	21279	0.001175	23342	23362
T22882G G22895C T22896C G22898A T22930A	S:N440K S:V445P S:V445P S:G446S S:F456L	25	4573	0.005467	22876	22933
T21946-A	NA	25	5035	0.004965	21867	21961
G23517A C23525T T23599G C23604A	S:G652E S:H655Y S:N679K S:P681H	25	34978	0.000715	23509	23642
G23508+T T23599G C23604A	NA S:N679* S:P681Y	25	34810	0.000718	23487	23624
G23401T C23525T	S:Q613H S:H655Y	25	12117	0.002063	23385	23539
C25416T G25447A	ORF3a:F8F ORF3a:E19K	25	10729	0.00233	25382	25477
C25308-T	NA	25	29745	0.00084	25300	25324
C25000T C25100-A T25196-G	S:D1146D NA NA	25	4797	0.005212	24991	25210
C24912T C25000T	S:T1117I S:D1146D	25	8615	0.002902	24884	25056
C24466T T24469A	S:S968S S:N969K	25	31279	0.000799	24436	24564
C24119-A G24140-T	NA NA	25	3586	0.006972	24111	24153
C23709+A	NA	25	83011	0.000301	23683	23723
C23536+G	NA	25	54784	0.000456	23528	23539
C23525T T23599G C23604A G23612A	S:H655Y S:N679K S:P681H S:A684T	25	34992	0.000714	23488	23622
C23525T A23554-C T23599G C23604A	S:H655Y NA S:N679K S:P681H	25	35002	0.000714	23488	23637
C23492-A	NA	25	52547	0.000476	23487	23507
C23334-TT A23403G	NA S:D614G	25	6106	0.004094	23296	23443
C23277T	S:T572I	25	13961	0.001791	23269	23289
C22290-T	NA	25	9678	0.002583	22267	22319
A25137-T T25191-A	NA NA	25	12808	0.001952	25130	25202
A25056-T	NA	25	14765	0.001693	25049	25065
A24520G	S:K986K	25	45503	0.000549	24473	24528
A23712+T	NA	25	82808	0.000302	23683	23724
A22948C	S:K462N	25	5635	0.004437	22929	22966
A22253G G22317T	S:I231V S:G252V	25	7793	0.003208	22246	22319
A22025G	S:S155G	25	7088	0.003527	22019	22057
A22024G	S:E154E	25	7075	0.003534	22015	22058
T25382-A C25416T	NA ORF3a:F8F	24	11183	0.002146	25372	25446
T25288C	S:S1242S	24	28526	0.000841	25277	25324
T25285C	S:C1241C	24	28421	0.000844	25251	25325
T25233C	S:L1224S	24	21620	0.00111	25219	25324
T24660+A	NA	24	20073	0.001196	24476	24669
T24658C	S:C1032C	24	20108	0.001194	24612	24676
T24499+A	NA	24	47254	0.000508	24486	24511
T23599G T23641-G	S:N679K NA	24	97208	0.000247	23580	23652
T23599G C23604A C23634T	S:N679K S:P681H S:S691F	24	98004	0.000245	23580	23724
T23599G A23639-T	S:N679K NA	24	97388	0.000246	23592	23642
T23487C C23525T T23599G C23604A	Unknown S:H655Y S:N679K S:P681H	24	11146	0.002153	23486	23642
T22928C T22942G	S:F456L S:N460K	24	5128	0.00468	22923	22967
G24428+A T24464-C T24470-TTG	NA NA S:DEL971	24	21134	0.001136	24414	24563
G23621T	S:V687L	24	100809	0.000238	23616	23642
G23522-A	NA	24	54806	0.000438	23513	23539
G23401T A23403G A23416T C23525T	S:Q613H S:D614G S:T618T S:H655Y	24	12117	0.001981	23393	23532
G23345-T	NA	24	21243	0.00113	23269	23361
G22813T T22882G G22895C T22896C G22898A T22913C T22942G	S:K417N S:N440K S:V445P S:V445P S:G446S S:Y451H S:N460K	24	3272	0.007335	22793	22967
G22809-A G22813T T22882G G22895C T22896C G22898A	NA S:K417N S:N440K S:V445P S:V445P S:G446S	24	4838	0.004961	22801	22906
G22487-A	NA	24	909	0.026403	22472	22500
G22104-A C22120-A	NA NA	24	3836	0.006257	22100	22144
C25000T T25140-A	S:D1146D NA	24	5130	0.004678	24990	25151
C24981-T C25000T A25026-T	NA S:D1146D NA	24	8359	0.002871	24850	25069
C24899-A C25000T	NA S:D1146D	24	8538	0.002811	24850	25003
C24852-A G24933-T	NA NA	24	10944	0.002193	24840	24943
C24517-A C24536-A T24643-A C24672-A	NA NA NA NA	24	16238	0.001478	24471	24679
C24245-A A24253-T C24263-A	NA NA NA	24	6252	0.003839	24229	24294
C24064-A	NA	24	5018	0.004783	24021	24084
C24034-A	NA	24	5033	0.004769	24027	24049
C23846T A23847C T23849A A23852-AC	S:Q762S S:Q762S S:L763I NA	24	13300	0.001805	23812	23891
C23604A A23711-AT	S:P681H NA	24	60955	0.000394	23581	23724
C23591+G T23599G C23604A	NA S:N679* S:P681Y	24	98639	0.000243	23580	23724
C23525T T23599G C23604A C23615T	S:H655Y S:N679K S:P681H S:R685C	24	34988	0.000686	23487	23642
C23525T T23559C T23599G C23604A	S:H655Y S:I666T S:N679K S:P681H	24	35002	0.000686	23493	23637
C23123T T23143-A	S:P521S NA	24	9120	0.002632	23089	23166
C23123A T23143-A	S:P521T NA	24	9120	0.002632	23089	23161
C22480T	S:F306F	24	941	0.025505	22466	22569
A25045G	S:S1161S	24	14904	0.00161	25032	25069
A24479-T G24488-T C24517-A C24672-A	NA NA NA NA	24	14462	0.00166	24471	24679
A24424T T24511C	S:Q954H S:R983R	24	20854	0.001151	24412	24554
A24353-T	NA	24	3522	0.006814	24341	24357
A24165G	S:E868G	24	8017	0.002994	24148	24191
A23881G	S:E773E	24	17710	0.001355	23859	23888
A23704-C	NA	24	83404	0.000288	23687	23724
A23403G C23525T T23527C	S:D614G S:H655Y S:H655Y	24	12094	0.001984	23386	23534
T24513C	S:L984P	23	45844	0.000502	24484	24515
T24489C	S:V976A	23	47494	0.000484	24477	24513
T24482C	S:S974P	23	46947	0.00049	24473	24500
T24480C	S:I973T	23	46089	0.000499	24476	24490
T24464-C T24470-TTG C24536-A	NA S:DEL971 NA	23	22977	0.001001	24428	24564
T23599G C23604A T23722C	S:N679K S:P681H S:I720I	23	60348	0.000381	23580	23724
T23599G C23604A C23679T	S:N679K S:P681H S:A706V	23	62055	0.000371	23580	23700
T23599G C23604A C23647T	S:N679K S:P681H S:Y695Y	23	62629	0.000367	23580	23724
T23487G C23525T T23599G C23604A	Unknown S:H655Y S:N679K S:P681H	23	11146	0.002064	23486	23637
T21856+A	NA	23	5644	0.004075	21848	21866
G23675-T	NA	23	69091	0.000333	23659	23723
G22289T G22317T	S:A243S S:G252V	23	9188	0.002503	22265	22319
C25100-A	NA	23	5737	0.004009	25010	25143
C24553T	S:I997I	23	42785	0.000538	24481	24563
C24517-A T24643-A	NA NA	23	16725	0.001375	24493	24656
C24517-A T24544+A	NA NA	23	43130	0.000533	24504	24552
C24119-A C24150+T	NA NA	23	3521	0.006532	24021	24191
C23604A A23639-T	S:P681H NA	23	97514	0.000236	23599	23642
C23533-A T23599G C23604A	NA S:N679K S:P681H	23	35101	0.000655	23508	23625
C23525T T23599G C23604A A23618G	S:H655Y S:N679K S:P681H S:S686G	23	34984	0.000657	23488	23638
C23525T G23587C C23604A	S:H655Y S:Q675H S:P681H	23	35002	0.000657	23492	23642
C21910A	S:S116S	23	5517	0.004169	21848	21935
A24516G	S:D985G	23	45646	0.000504	24486	24552
A24468-TTT G24488-T	S:DEL970 NA	23	30915	0.000744	24465	24499
A24424T T24499C	S:Q954H S:D979D	23	20905	0.0011	24412	24564
A24424T T24460C	S:Q954H S:L966L	23	21123	0.001089	24412	24564
A24424T C24435+T	S:Q954H NA	23	21409	0.001074	24412	24468
A24424T A24556+G	S:Q954H NA	23	20434	0.001126	24412	24564
A24424T A24432C	S:Q954H S:Q957P	23	21445	0.001073	24412	24539
A23712-TT	NA	23	82808	0.000278	23683	23724
A23416T C23525T	S:T618T S:H655Y	23	13363	0.001721	23397	23539
A23403G T23480+A C23525T	S:D614G NA S:H655S	23	12117	0.001898	23398	23539
A23397+T	NA	23	21056	0.001092	23336	23409
A21964-T	NA	23	4877	0.004716	21847	21975
T25232C	S:L1224L	22	21544	0.001021	25220	25324
T24514C	S:L984L	22	45807	0.00048	24496	24522
T23916+A G23948T	NA S:D796*	22	744	0.02957	23905	23978
T23875C	S:A771A	22	17949	0.001226	23859	23884
T23684C	S:S708P	22	82746	0.000266	23683	23712
T23602-C C23604A	NA S:P681H	22	98936	0.000222	23581	23642
T23599G C23604A T23637-C	S:N679K S:P681H NA	22	97754	0.000225	23585	23642
T23599G C23604A G23675-T C23709-A	S:N679K S:P681H NA NA	22	60941	0.000361	23580	23724
T23599G C23604A G23642A	S:N679K S:P681H S:A694T	22	97084	0.000227	23580	23724
T23599G C23604A C23655T	S:N679K S:P681H S:S698L	22	62510	0.000352	23581	23724
G25445T	ORF3a:G18V	22	10756	0.002045	25378	25455
G25287-T T25289C	NA S:C1243R	22	28498	0.000772	25253	25325
G25244-T	NA	22	22076	0.000997	25226	25324
G24488-T C24517-A T24643-A C24672-A	NA NA NA NA	22	15655	0.001405	24471	24679
G24277+T	NA	22	6643	0.003312	24229	24290
G23699+A	NA	22	83614	0.000263	23686	23721
G23508-T C23525T	NA S:H655Y	22	54068	0.000407	23493	23539
G23508-T	NA	22	54381	0.000405	23487	23518
G23508+T C23525T	NA S:H655S	22	54068	0.000407	23493	23532
G22813T T22882G G22895C T22896C G22898A A22947-AC	S:K417N S:N440K S:V445P S:V445P S:G446S NA	22	3131	0.007027	22793	22966
C25517-T	NA	22	4726	0.004655	25372	25528
C25416T G25445T	ORF3a:F8F ORF3a:G18V	22	10756	0.002045	25372	25501
C25416T A25472-T G25555-T	ORF3a:F8F NA NA	22	4039	0.005447	25384	25566
C25262-T A25326-AT	NA NA	22	25490	0.000863	25251	25359
C25000T A25003-T	S:D1146D NA	22	15494	0.00142	24990	25019
C24919T	S:N1119N	22	12589	0.001748	24887	24943
C24119-AA	NA	22	4261	0.005163	24035	24153
C23887-AAA	S:DEL776	22	17136	0.001284	23798	23895
C23604A T23641-G	S:P681H NA	22	97334	0.000226	23580	23670
C23525T T23599G C23604A T23633C	S:H655Y S:N679K S:P681H S:S691P	22	34524	0.000637	23487	23642
C23525T T23540C T23599G C23604A	S:H655Y S:Y660H S:N679K S:P681H	22	35002	0.000629	23487	23637
C23525T G23564A T23599G C23604A	S:H655Y S:A668T S:N679K S:P681H	22	35002	0.000629	23488	23629
C23424-T C23525T	NA S:H655Y	22	13622	0.001615	23413	23539
C23399T A23403G C23525T	S:Q613* S:D614G S:H655Y	22	12060	0.001824	23382	23535
C23280T A23403G	S:T573I S:D614G	22	5907	0.003724	23270	23439
C23252-A	NA	22	6936	0.003172	23203	23290
C22802-A	NA	22	7836	0.002808	22793	22817
C22383-T	NA	22	2845	0.007733	22368	22395
A24556+G	NA	22	42562	0.000517	24489	24564
A24498+T C24672-A	NA NA	22	16029	0.001373	24471	24679
A24110-T G24124-T	NA NA	22	3572	0.006159	24021	24137
A23890G	S:K776K	22	16398	0.001342	23859	23895
A23848+T C23887-A C23929-A	NA NA NA	22	1371	0.016047	23767	23943
A23704+C	NA	22	83404	0.000264	23683	23719
A23513G C23525T T23599G C23604A	S:I651V S:H655Y S:N679K S:P681H	22	34905	0.00063	23501	23642
A23503G C23525T T23599G C23604A	S:A647A S:H655Y S:N679K S:P681H	22	34663	0.000635	23493	23619
T25289C	S:C1243R	21	28586	0.000735	25276	25323
T25270C	S:C1236C	21	27922	0.000752	25264	25321
T25245-A	NA	21	22097	0.00095	25227	25320
T24529C	S:A989A	21	44854	0.000468	24515	24564
T24470-TTG T24492-A	S:DEL971 NA	21	30984	0.000678	24465	24507
T24470-TTG C24536-AA	S:DEL971 NA	21	29670	0.000708	24443	24564
T23849A	S:L763I	21	13771	0.001525	23833	23895
T23686-A	NA	21	82897	0.000253	23683	23706
T23599G C23673T	S:N679K S:S704L	21	62164	0.000338	23580	23723
T23599G C23604A T23605-C	S:N679K S:P681H NA	21	98789	0.000213	23580	23642
T23599G C23604A G23666-A G23675-T A23712-T	S:N679K S:P681H NA NA NA	21	60784	0.000345	23580	23724
T23599G C23604A G23660A	S:N679K S:P681H S:G700S	21	62423	0.000336	23580	23724
T23599G C23604A G23653A	S:N679K S:P681H S:M697I	21	62543	0.000336	23580	23678
T23511-A C23525T	NA S:H655Y	21	54249	0.000387	23499	23532
T22882G G22895C G22898A T22942G	S:N440K S:V445L S:G446S S:N460K	21	3963	0.005299	22876	22951
G25314A	S:G1251E	21	29825	0.000704	25224	25324
G22813T T22882G T22896C G22898A T22942G A22948C	S:K417N S:N440K S:V445A S:G446S S:N460K S:K462N	21	3129	0.006711	22797	22966
C25318T	S:S1252S	21	29801	0.000705	25287	25320
C25000T T25191-A	S:D1146D NA	21	4872	0.00431	24990	25210
C24981-T C25000T C25047T	NA S:D1146D S:P1162L	21	8186	0.002565	24850	25053
C24981-T C25000T A25056-T	NA S:D1146D NA	21	8117	0.002587	24857	25069
C24899-A A24922-T C24981-T C25000T	NA NA NA S:D1146D	21	8538	0.00246	24857	25015
C24899-A A24922-T	NA NA	21	12364	0.001698	24890	24934
C24878-A C24899-A	NA NA	21	11921	0.001762	24850	24914
C24422-A A24425T C24455-A	NA S:N955Y NA	21	21217	0.00099	24412	24530
C23785+A	NA	21	14604	0.001438	23683	23794
C23393-T C23525T	NA S:H655Y	21	11551	0.001818	23382	23539
C23123A T23143-A T23164-A	S:P521T NA NA	21	8706	0.002412	23089	23176
C22251-A	NA	21	8489	0.002474	22246	22268
C22000A G22022-A	S:H146Q NA	21	3719	0.005647	21994	22058
A25503+C	NA	21	5215	0.004027	25372	25511
A25274-C	NA	21	28081	0.000748	25267	25320
A25137-T C25262-T	NA NA	21	6495	0.003233	25130	25286
A24879+G G24882A C25000T	NA S:R1107K S:D1146S	21	8285	0.002535	24867	25069
A24619G	S:R1019R	21	20375	0.001031	24612	24668
A24610-G	NA	21	17299	0.001214	24518	24669
A24551G	S:I997V	21	42955	0.000489	24539	24564
A24424T T24489C	S:Q954H S:V976A	21	20941	0.001003	24413	24564
A24424T T24472-G	S:Q954H NA	21	21012	0.000999	24412	24562
A24424T C24431-A	S:Q954H NA	21	21451	0.000979	24412	24458
A24424T A24425G	S:Q954H S:N955D	21	24062	0.000873	24413	24468
A24110-T C24119-AA G24124-T	NA NA NA	21	3572	0.005879	24044	24153
A23806+T	NA	21	14491	0.001449	23767	23817
A23583G T23599G C23604A	S:Y674C S:N679K S:P681H	21	98419	0.000213	23580	23642
A23403G G23405A C23525T	S:D614G S:V615I S:H655Y	21	12117	0.001733	23374	23539
A23403G C23525T T23529C	S:D614G S:H655Y S:V656A	21	12094	0.001736	23386	23537
A23193-T	NA	21	8448	0.002486	23186	23224
T25228C	S:A1222A	20	21241	0.000942	25219	25324
T25224C	S:I1221T	20	20635	0.000969	25219	25324
T25187+A	NA	20	14536	0.001376	25176	25210
T24471-TG C24536-AA	NA NA	20	37675	0.000531	24451	24564
T23861C	S:L767L	20	18528	0.001079	23854	23882
T23728-A	NA	20	12851	0.001556	23683	23737
T23645-A	NA	20	66518	0.000301	23638	23724
T23599G G23675-T	S:N679K NA	20	62132	0.000322	23580	23702
T23599G C23657-T	S:N679K NA	20	62482	0.00032	23581	23720
T23599G C23604A T23686-A	S:N679K S:P681H NA	20	61922	0.000323	23581	23724
T23599G C23604A A23723G	S:N679K S:P681H Unknown	20	60315	0.000332	23580	23724
T23599G C23604A A23711G	S:N679K S:P681H S:N717D	20	60850	0.000329	23580	23724
T23511-A C23525T T23599G C23604A	NA S:H655Y S:N679K S:P681H	20	34879	0.000573	23499	23642
T23355-A	NA	20	21412	0.000934	23342	23367
T22291C G22317T	S:A243A S:G252V	20	9226	0.002168	22273	22319
G25447A	ORF3a:E19K	20	10729	0.001864	25381	25481
G25299A	S:G1246D	20	29129	0.000687	25272	25325
G25127-T G25302-T	NA NA	20	5821	0.003436	25122	25324
G24992-A C25000T	NA S:D1146D	20	15510	0.001289	24990	25035
G24577A	S:Q1005Q	20	17616	0.001135	24497	24679
G24488-T A24498+T C24517-A	NA NA NA	20	44702	0.000447	24480	24529
G24488+T	NA	20	47407	0.000422	24473	24499
G23699-C	NA	20	83614	0.000239	23690	23723
G23384-T C23525T	NA S:H655Y	20	11127	0.001797	23375	23539
G23132-T	NA	20	9237	0.002165	23094	23290
G22813T T22882G G22895C T22896C G22898A T22930A T22942G	S:K417N S:N440K S:V445P S:V445P S:G446S S:F456L S:N460K	20	3272	0.006112	22809	22947
G22403-A	NA	20	2667	0.007499	22393	22414
C25416T C25517-T	ORF3a:F8F NA	20	4726	0.004232	25372	25528
C25262-T G25278-T	NA NA	20	27109	0.000738	25251	25318
C25000T T25196-G	S:D1146D NA	20	4797	0.004169	24990	25210
C25000T C25100-A T25191-A	S:D1146D NA NA	20	4872	0.004105	24990	25210
C24566-A	NA	20	18073	0.001107	24550	24608
C24517-A G24574+A	NA NA	20	17460	0.001145	24471	24676
C24319A A24424T	S:N919K S:Q954H	20	1609	0.01243	24299	24424
C24223-T	NA	20	2210	0.00905	24164	24248
C23595T T23599G C23604A	S:T678I S:N679K S:P681H	20	98755	0.000203	23580	23624
C23585A T23599G C23604A	S:Q675K S:N679K S:P681H	20	98491	0.000203	23580	23724
C23525T T23599G C23604A C23635T	S:H655Y S:N679K S:P681H S:S691S	20	34464	0.00058	23487	23642
C23525T T23596-A T23599G C23604A	S:H655Y NA S:N679K S:P681H	20	35002	0.000571	23498	23642
C23525T T23571C T23599G C23604A	S:H655Y S:I670T S:N679K S:P681H	20	35002	0.000571	23498	23642
C23525T C23557T T23599G C23604A	S:H655Y S:P665P S:N679K S:P681H	20	35002	0.000571	23487	23633
C23525T A23579G T23599G C23604A	S:H655Y S:S673G S:N679K S:P681H	20	35002	0.000571	23487	23642
C23525T A23558-T T23599G	S:H655Y NA S:N679K	20	35013	0.000571	23503	23637
C23525T A23526G T23599G C23604A	S:H655C S:H655C S:N679K S:P681H	20	35002	0.000571	23492	23642
C23525+T	NA	20	54722	0.000365	23516	23539
C23393T	S:L611F	20	20949	0.000955	23335	23396
C23277T A23403G	S:T572I S:D614G	20	5898	0.003391	23269	23443
C23191-A	NA	20	8454	0.002366	23170	23290
C23154+A	NA	20	9327	0.002144	23145	23290
C22264T G22317T	S:N234N S:G252V	20	8095	0.002471	22249	22319
C22000A G22037-T	S:H146Q NA	20	3709	0.005392	21993	22058
C21859T A21875-T	S:N99N NA	20	5585	0.003581	21847	21900
A25397-T C25416T	NA ORF3a:F8F	20	11328	0.001766	25381	25474
A24676G	S:K1038K	20	19458	0.001028	24612	24679
A24424T T24470-TTG C24536-AA	S:Q954H S:DEL971 NA	20	20700	0.000966	24412	24564
A23880G	S:E773G	20	17727	0.001128	23854	23889
A23852T C23854A	S:N764* S:N764*	20	13698	0.00146	23836	23895
A23767+T C23854A	NA S:N764K	20	9281	0.002155	23753	23895
A23512G C23525T T23599G C23604A	S:L650L S:H655Y S:N679K S:P681H	20	34887	0.000573	23497	23642
A23403G T23482-A G23486-T C23525T	S:D614G NA NA S:H655Y	20	12117	0.001651	23378	23532
A23403G A23494G C23525T	S:D614G S:Q644Q S:H655Y	20	12117	0.001651	23393	23539
A22101T G22104-A C22109G	Unknown NA S:Q183E	20	3833	0.005218	22100	22133
T25316C	S:S1252P	19	29827	0.000637	25294	25324
T25258C	S:I1232I	19	26925	0.000706	25219	25285
T24534C	S:V991A	19	44292	0.000429	24484	24562
T24280+A	NA	19	6759	0.002811	24229	24290
T23725C	S:S721S	19	81686	0.000233	23705	23728
T23599G C23604A G23628A	S:N679K S:P681H S:S689N	19	98194	0.000193	23580	23724
T23599G C23604A C23683T	S:N679K S:P681H S:Y707Y	19	61973	0.000307	23580	23724
T23398C A23403G G23417C C23525T	S:Y612Y S:D614G S:E619Q S:H655Y	19	11940	0.001591	23342	23531
T22882G G22895C G22898A T22930A	S:N440K S:V445L S:G446S S:F456L	19	4573	0.004155	22877	22933
G25218-T C25262-TT	NA NA	19	14851	0.001279	25130	25316
G24947T C25000T	S:V1129L S:D1146D	19	8752	0.002171	24938	25069
G24510+T C24517-A	NA NA	19	45544	0.000417	24480	24527
G24314+A A24424T	NA S:Q954P	19	1568	0.012117	24303	24424
G23516A C23525T T23599G C23604A	S:G652R S:H655Y S:N679K S:P681H	19	34936	0.000544	23501	23624
G22813T T22882G G22895C T22896C G22898A T22928C	S:K417N S:N440K S:V445P S:V445P S:G446S S:F456L	19	3836	0.004953	22793	22933
G22813T A22872-T T22882G G22895C T22896C G22898A T22942G	S:K417N NA S:N440K S:V445P S:V445P S:G446S S:N460K	19	3272	0.005807	22804	22949
G22289T	S:A243S	19	9678	0.001963	22277	22319
C25433-T	NA	19	10987	0.001729	25381	25473
C25413+T	NA	19	11433	0.001662	25381	25429
C25294-A G25302-T	NA NA	19	28730	0.000661	25276	25325
C25000T A25194-AT G25197T	S:D1146D NA S:W1212L	19	4796	0.003962	24990	25210
C24455-A C24517-A	NA NA	19	23070	0.000824	24412	24564
C24183-T	NA	19	7849	0.002421	24156	24191
C24026-T A24110-T C24119-AA G24124-T	NA NA NA NA	19	3470	0.005476	24021	24158
C23816-T C23854A	NA S:N764K	19	12228	0.001554	23757	23881
C23812-A	NA	19	14308	0.001328	23787	23839
C23525T T23542-G T23599G C23604A	S:H655Y NA S:N679K S:P681H	19	35002	0.000543	23487	23641
C23525T A23531G	S:H655Y S:N657D	19	54518	0.000349	23494	23539
C23334-T C23367-A A23403G	NA NA S:D614G	19	6106	0.003112	23269	23435
C23280T	S:T573I	19	13973	0.00136	23269	23286
A25271G	S:M1237V	19	27972	0.000679	25251	25324
A25175G	S:K1205E	19	14440	0.001316	25164	25198
A24905-T	NA	19	12573	0.001511	24889	24934
A24880G G24882A C25000T	S:Q1106Q S:R1107K S:D1146D	19	8287	0.002293	24853	25069
A24675G	S:K1038R	19	19513	0.000974	24632	24679
A24424T G24488-T C24517-A	S:Q954H NA NA	19	20835	0.000912	24412	24554
A24424T G24428A	S:Q954H S:A956T	19	21452	0.000886	24412	24442
A23598+C T23599G C23604A	NA S:N679T S:P681Y	19	98789	0.000192	23581	23626
A23403G T23434-C	S:D614G NA	19	18437	0.001031	23394	23443
A23403G A23495G C23525T	S:D614G S:T645A S:H655Y	19	12117	0.001568	23382	23532
A22245-T	NA	19	6263	0.003034	22237	22319
A22101T C22109G	Unknown S:Q183E	19	3833	0.004957	22100	22129
T24765+A	NA	18	4418	0.004074	24758	24943
T24585C	S:V1008A	18	17420	0.001033	24505	24660
T24552C	S:I997T	18	42890	0.00042	24473	24562
T24115C C24130T	S:C851C S:N856N	18	3594	0.005008	24111	24148
T23689-A A23711-AT	NA NA	18	81759	0.00022	23683	23726
T23686C	S:S708S	18	82897	0.000217	23683	23722
T23599G C23604A T23605C	S:N679K S:P681H S:P681H	18	98789	0.000182	23580	23637
T23599G C23604A G23624T	S:N679K S:P681H S:A688S	18	98610	0.000183	23580	23642
T23599G C23604A C23718+G	S:N679K S:P681H NA	18	60565	0.000297	23593	23724
T23599G C23604A C23635T	S:N679K S:P681H S:S691S	18	97940	0.000184	23580	23638
T23599G C23604A A23712G	S:N679K S:P681H S:N717S	18	60784	0.000296	23581	23722
T23599G C23604A A23710G	S:N679K S:P681H S:T716T	18	60878	0.000296	23580	23724
T23599G A23711-AT	S:N679K NA	18	60850	0.000296	23580	23724
T23377-A	NA	18	20845	0.000864	23337	23392
T22882G T22896C G22898A T22942G	S:N440K S:V445A S:G446S S:N460K	18	3963	0.004542	22863	22967
T22882G G22895C T22896C G22898A T22928C T22942G	S:N440K S:V445P S:V445P S:G446S S:F456L S:N460K	18	3963	0.004542	22876	22947
T22048C	S:S162S	18	7075	0.002544	22013	22058
G25281A	S:C1240Y	18	28342	0.000635	25254	25324
G24476A	S:A972T	18	44965	0.0004	24471	24499
G24428+A T24470-TTG	NA S:DEL971	18	21134	0.000852	24417	24564
G24428+A C24536-A	NA NA	18	20815	0.000865	24417	24552
G23835+T C23887-A	NA NA	18	10234	0.001759	23767	23895
G23093A	S:V511I	18	9022	0.001995	23089	23171
G22813T T22882G G22895C G22898A T22900-G	S:K417N S:N440K S:V445L S:G446S NA	18	4850	0.003711	22801	22915
C25262-T G25340-A	NA NA	18	3799	0.004738	25251	25360
C24852-A A24922-T	NA NA	18	11014	0.001634	24850	24943
C24588T	S:T1009I	18	17389	0.001035	24479	24659
C24536-A T24643-A	NA NA	18	16821	0.00107	24489	24661
C24119-A T24126-TA G24140-T	NA NA NA	18	3586	0.00502	24065	24161
C24026-T A24110-T C24119-A G24124-T	NA NA NA NA	18	3470	0.005187	24021	24153
C23757T C23887-A	S:T732I NA	18	7276	0.002474	23683	23895
C23604A C23709-A	S:P681H NA	18	61047	0.000295	23580	23724
C23525T T23599G C23604A T23617+G	S:H655Y S:N679K S:P681H NA	18	34985	0.000515	23493	23642
C23525T T23599G C23604A A23636-T A23639G	S:H655Y S:N679K S:P681H NA S:I693V	18	33997	0.000529	23487	23642
C23525T A23558-T C23604A	S:H655Y NA S:P681H	18	35002	0.000514	23488	23629
C23502-A C23525T T23599G C23604A	NA S:H655Y S:N679K S:P681H	18	34626	0.00052	23487	23642
C22264T	S:N234N	18	8785	0.002049	22258	22311
A25255G	S:T1231T	18	26730	0.000673	25240	25325
A24484G	S:S974S	18	47123	0.000382	24480	24492
A24424T T24492-A	S:Q954H NA	18	20931	0.00086	24414	24564
A24424T T24469A C24517-A	S:Q954H S:N969K NA	18	20835	0.000864	24412	24564
A24424T T24450C	S:Q954H S:V963A	18	21292	0.000845	24412	24564
A24424T A24525G	S:Q954H S:E988G	18	20773	0.000867	24412	24564
A24340-T	NA	18	3374	0.005335	24330	24354
A24253-T T24280+A	NA NA	18	6180	0.002913	24229	24289
A23883G	S:Q774R	18	17602	0.001023	23856	23887
A23639-T	NA	18	101171	0.000178	23628	23642
A23169C	S:N536T	18	9076	0.001983	23160	23290
A22101T G22104-A C22120-A	Unknown NA NA	18	3821	0.004711	22100	22138
T25189C C25262-T	S:Y1209Y NA	17	7193	0.002363	25122	25325
T24267-G A24318-C	NA NA	17	5240	0.003244	24229	24357
T24152C	S:L864L	17	8095	0.0021	24148	24191
T23641-G	NA	17	101137	0.000168	23630	23655
T23599G C23604A T23681-A	S:N679K S:P681H NA	17	62001	0.000274	23580	23706
T23599G C23604A T23641-G G23666-A A23712-T	S:N679K S:P681H NA NA NA	17	60784	0.00028	23581	23724
T23599G C23604A T23641-G C23664T G23666-A A23712-T	S:N679K S:P681H NA S:A701V NA NA	17	60784	0.00028	23580	23724
T23599G C23604A C23657T	S:N679K S:P681H S:L699F	17	62482	0.000272	23580	23700
T23599G C23604A C23649T	S:N679K S:P681H S:T696I	17	62607	0.000272	23580	23653
T23599G C23604A A23704C A23712-T	S:N679K S:P681H S:I714I NA	17	60784	0.00028	23580	23724
T23599G C23601T C23604A	S:N679K S:S680F S:P681H	17	98817	0.000172	23580	23710
T23443C C23525T	S:D627D S:H655Y	17	14223	0.001195	23421	23539
T23143-A T23164-A C23230-AA	NA NA NA	17	6595	0.002578	23089	23246
G25311A	S:C1250Y	17	29819	0.00057	25305	25325
G25302-T C25416T	NA ORF3a:F8F	17	2716	0.006259	25286	25477
G25290A	S:C1243Y	17	28616	0.000594	25270	25316
G24535A	S:V991V	17	44131	0.000385	24478	24538
G24488-T C24517-A C24536-A C24672-A	NA NA NA NA	17	15655	0.001086	24486	24679
G24474A	S:G971D	17	44481	0.000382	24470	24505
G23663+T	NA	17	68042	0.00025	23656	23704
G23505-C C23525T	NA S:H655Y	17	53882	0.000316	23498	23539
G22992A C22995A A23013C T23018C T23019C T23031C	S:S477N S:T478K S:E484A S:F486P S:F486P S:F490S	17	155	0.109677	22974	23037
G22813T T22882G G22895C	S:K417N S:N440K S:V445L	17	6791	0.002503	22800	22906
G22813T A22845-T T22882G G22895C T22896C G22898A	S:K417N NA S:N440K S:V445P S:V445P S:G446S	17	4850	0.003505	22793	22910
G22809-A T22882G G22895C T22896C G22898A	NA S:N440K S:V445P S:V445P S:G446S	17	4838	0.003514	22793	22906
G22317T T22392-A	S:G252V NA	17	1485	0.011448	22297	22406
G22299-A	NA	17	9813	0.001732	22291	22319
C25324-A	NA	17	29665	0.000573	25297	25335
C25000T G25106-A	S:D1146D NA	17	5306	0.003204	24990	25122
C25000T C25100-A G25106-A A25194-AT G25197T	S:D1146D NA NA NA S:W1212L	17	4796	0.003545	24990	25210
C24878-A C24899-A C24981-T C25000T	NA NA NA S:D1146D	17	8284	0.002052	24850	25009
C24319A	S:N919K	17	6005	0.002831	24286	24357
C23825+A	NA	17	13970	0.001217	23690	23839
C23647+G	NA	17	66674	0.000255	23640	23658
C23525T T23578C T23599G C23604A	S:H655Y S:A672A S:N679K S:P681H	17	35002	0.000486	23487	23642
C23525T G23562A T23599G C23604A	S:H655Y S:G667D S:N679K S:P681H	17	35002	0.000486	23499	23624
C23525T C23555T T23599G C23604A	S:H655Y S:P665S S:N679K S:P681H	17	35002	0.000486	23487	23642
C23525T C23533-A C23604A	S:H655Y NA S:P681H	17	35002	0.000486	23493	23622
C23367-A C23525T	NA S:H655Y	17	10540	0.001613	23351	23529
C23347-A	NA	17	21279	0.000799	23335	23355
C23099-T T23164-A	NA NA	17	8454	0.002011	23096	23176
C23099-T T23143-AA T23164-A	NA NA NA	17	8454	0.002011	23089	23183
C23099-T T23143-A T23164-A C23230-AA	NA NA NA NA	17	6178	0.002752	23089	23245
C22383+T	NA	17	2845	0.005975	22368	22395
C22000A A22005G	S:H146Q S:N148S	17	3723	0.004566	21995	22058
A25410G C25416T	ORF3a:R6R ORF3a:F8F	17	11328	0.001501	25382	25477
A25374-T T25382-A	NA NA	17	10606	0.001603	25372	25399
A25247G	S:M1229V	17	22178	0.000767	25220	25324
A25137-T T25191-A C25262-TT	NA NA NA	17	6495	0.002617	25122	25324
A25137-T T25191-A C25262-T	NA NA NA	17	6495	0.002617	25122	25325
A24885-T C24981-T C25000T	NA NA S:D1146D	17	8299	0.002048	24850	25003
A24684-TT	NA	17	2199	0.007731	24626	24789
A24520G G24521T	S:K986K S:V987F	17	45126	0.000377	24486	24530
A24519G	S:K986R	17	45553	0.000373	24484	24554
A24500G	S:I980V	17	47194	0.00036	24493	24528
A24468-TTT A24479-T	S:DEL970 NA	17	31131	0.000546	24465	24501
A24425T	S:N955Y	17	24094	0.000706	24412	24434
A24424T T24506C	S:Q954H S:S982P	17	20878	0.000814	24412	24518
A24424T A24545G	S:Q954H S:R995G	17	20617	0.000825	24416	24564
A24424T A24433G	S:Q954H S:Q957Q	17	21432	0.000793	24412	24563
A23848+T C23887-A G23903-T	NA NA NA	17	1810	0.009392	23767	23919
A23636-T	NA	17	101340	0.000168	23629	23642
A23403G T23489C C23525T	S:D614G S:F643L S:H655Y	17	12117	0.001403	23351	23538
A23403G A23474+T T23480+A C23525T	S:D614G NA NA S:H655Y	17	12117	0.001403	23398	23539
A23357G	S:T599A	17	21396	0.000795	23335	23362
A22924-T	NA	17	5680	0.002993	22917	22967
T25560C	ORF3a:F56F	16	4017	0.003983	25372	25566
T25316-C	NA	16	29827	0.000536	25306	25324
T25248C	S:M1229T	16	22191	0.000721	25232	25325
T25150C	S:S1196S	16	14503	0.001103	25130	25164
T24643-A C24672-AA A24684-T	NA NA NA	16	2040	0.007843	24612	24699
T24544+A C24672-A	NA NA	16	16378	0.000977	24470	24679
T24523C	S:V987V	16	45087	0.000355	24484	24539
T24496C	S:N978N	16	47378	0.000338	24480	24499
T24475C	S:G971G	16	44842	0.000357	24471	24493
T24472-G C24536-A	NA NA	16	38423	0.000416	24465	24564
T23878C	S:V772V	16	17749	0.000901	23854	23883
T23849A A23852-AC	S:L763I NA	16	13440	0.00119	23800	23895
T23716A	S:F718L	16	82556	0.000194	23690	23724
T23713A	S:N717K	16	82667	0.000194	23705	23724
T23698C	S:I712I	16	83636	0.000191	23694	23724
T23599G C23604A T23652G	S:N679K S:P681H S:M697R	16	62564	0.000256	23581	23669
T23599G C23604A T23652C C23664T	S:N679K S:P681H S:M697T S:A701V	16	62361	0.000257	23580	23724
T23599G C23604A T23645-A	S:N679K S:P681H NA	16	62671	0.000255	23581	23724
T23599G C23604A C23718T	S:N679K S:P681H S:T719I	16	60565	0.000264	23580	23724
T23599G C23604A C23709+A	S:N679K S:P681H NA	16	60941	0.000263	23580	23724
T23599G A23696-T	S:N679K NA	16	61763	0.000259	23581	23710
T23511-A	NA	16	54542	0.000293	23487	23522
T21990-TTA A21999-C	S:DEL144 NA	16	1044	0.015326	21954	22043
T21925-A	NA	16	5288	0.003026	21847	21957
T21861-A A21875-T C21888-T	NA NA NA	16	5484	0.002918	21848	21947
T21861-A A21875-T	NA NA	16	5588	0.002863	21847	21935
G25302-T C25308-T	NA NA	16	29270	0.000547	25286	25324
G25226A	S:A1222T	16	20950	0.000764	25220	25324
G24680-T	NA	16	18065	0.000886	24673	24702
G24515-A	NA	16	45700	0.00035	24504	24564
G24486+T A24498+T	NA NA	16	46505	0.000344	24471	24506
G24316A A24317G C24319A A24424T	S:E918E S:N919E S:N919E S:Q954H	16	1590	0.010063	24299	24424
G24277-T	NA	16	6643	0.002409	24269	24297
G23761-A	NA	16	12328	0.001298	23697	23773
G23587T T23599G C23604A A23712-T	S:Q675H S:N679K S:P681H NA	16	60561	0.000264	23580	23724
G23587C C23604A	S:Q675H S:P681H	16	98541	0.000162	23580	23642
G23508-T A23515-G C23525T T23599G C23604A	NA NA S:H655Y S:N679K S:P681H	16	34810	0.00046	23493	23624
G23351+A A23403G C23525T	NA S:D614G S:H655S	16	10286	0.001556	23335	23539
G22895C G22898A	S:V445L S:G446S	16	5708	0.002803	22876	22907
G22244+T G22317T	NA S:G252L	16	5321	0.003007	22237	22319
C25262-TT A25327-T	NA NA	16	3916	0.004086	25251	25340
C24878-A A24922-T C24981-T C25000T	NA NA NA S:D1146D	16	8284	0.001931	24850	25069
C24672-AA A24684-T	NA NA	16	2077	0.007703	24613	24699
C24536-A T24628-A	NA NA	16	16958	0.000944	24504	24679
C24517-A C24672-AA	NA NA	16	16238	0.000985	24487	24679
C24422-A T24469A	NA S:N969K	16	21049	0.00076	24412	24496
C24150-T A24253-T	NA NA	16	2052	0.007797	24148	24309
C24119-A T24127-A	NA NA	16	3664	0.004367	24021	24150
C23846T T23849-TAA C23854A	S:Q762* S:DEL764 S:N764K	16	13146	0.001217	23806	23891
C23816-TT	NA	16	14183	0.001128	23794	23830
C23718+A	NA	16	82354	0.000194	23690	23724
C23525T T23599G T23602-C T23605A	S:H655Y S:N679K NA S:P681P	16	34995	0.000457	23501	23642
C23525T G23549A T23599G C23604A	S:H655Y S:D663N S:N679K S:P681H	16	35002	0.000457	23487	23637
C23525T C23533T T23599G C23604A	S:H655Y S:N657N S:N679K S:P681H	16	35002	0.000457	23498	23642
C23498T C23525T T23599G C23604A	S:R646C S:H655Y S:N679K S:P681H	16	34390	0.000465	23493	23642
C23424-T T23434-C C23525T	NA NA S:H655Y	16	13622	0.001175	23408	23539
C23424-T	NA	16	21323	0.00075	23416	23539
C23393-T	NA	16	20949	0.000764	23382	23415
A25326-AT	NA	16	28337	0.000565	25287	25341
A25194-AT G25197T C25262-T	NA S:W1212L NA	16	7646	0.002093	25123	25284
A24999G C25000T	S:D1146G S:D1146G	16	15594	0.001026	24990	25065
A24922-T G24933-T	NA NA	16	12502	0.00128	24900	24943
A24885-T C24899-A	NA NA	16	11961	0.001338	24850	24926
A24562G	S:R1000R	16	42283	0.000378	24481	24563
A24532G	S:E990E	16	44492	0.00036	24481	24545
A24498+T G24510+T	NA NA	16	45841	0.000349	24473	24519
A24479-T G24488-T C24672-A	NA NA NA	16	14462	0.001106	24470	24679
A24424T T24469A G24535T	S:Q954H S:N969K S:V991V	16	20705	0.000773	24412	24563
A24110-T T24126-TA	NA NA	16	3563	0.004491	24021	24145
A24110-T C24150+T	NA NA	16	3415	0.004685	24021	24167
A23888G	S:K776E	16	17085	0.000936	23864	23895
A23848-T C23854A	NA S:N764K	16	13266	0.001206	23840	23895
A23786-T C23887-A	NA NA	16	9447	0.001694	23767	23895
A23738+T	NA	16	12661	0.001264	23714	23749
A23682G	S:Y707C	16	69467	0.00023	23673	23724
A23594-C T23599G C23604A	NA S:N679K S:P681H	16	98746	0.000162	23580	23639
A23503+G C23525T	NA S:H655S	16	53624	0.000298	23488	23539
A23403G T23443C C23525T	S:D614G S:D627D S:H655Y	16	12117	0.00132	23385	23539
A23403G C23423T	S:D614G S:P621S	16	19731	0.000811	23274	23441
A23354G	S:I598V	16	21391	0.000748	23335	23369
A23276G	S:T572A	16	13960	0.001146	23269	23290
A22320G	S:D253G	16	9492	0.001686	22307	22373
A22036G	S:R158R	16	7143	0.00224	22012	22058
A21875-T A21964-T	NA NA	16	4654	0.003438	21847	21982
T25319A	S:C1253S	15	29796	0.000503	25298	25324
T24660+A C24672-A	NA NA	15	19623	0.000764	24482	24679
T24522C C24672-A	S:V987A NA	15	16272	0.000922	24479	24679
T24417C A24424T	S:V952A S:Q954H	15	24081	0.000623	24412	24424
T23965A	S:N801K	15	2184	0.006868	23959	23978
T23703-A A23712-T	NA NA	15	82599	0.000182	23683	23723
T23703+C	NA	15	83405	0.00018	23696	23714
T23599G C23709-A	S:N679K NA	15	60941	0.000246	23580	23724
T23599G C23604A T23654A	S:N679K S:P681H S:S698T	15	62526	0.00024	23580	23700
T23599G C23604A T23641-G C23709-A	S:N679K S:P681H NA NA	15	60941	0.000246	23580	23724
T23599G C23604A G23675+T	S:N679K S:P681H NA	15	62132	0.000241	23581	23708
T23599G C23604A G23653-T	S:N679K S:P681H NA	15	62543	0.00024	23581	23724
T23599G C23604A C23673T A23712-T	S:N679K S:P681H S:S704L NA	15	60784	0.000247	23580	23724
T23599G C23604A C23664T G23675-T	S:N679K S:P681H S:A701V NA	15	62132	0.000241	23580	23724
T23599G C23604A C23609-G T23640C	S:N679K S:P681H NA S:I693T	15	97317	0.000154	23581	23724
T23599G C23604A A23688+G	S:N679K S:P681H NA	15	61893	0.000242	23580	23705
T23599G C23604A A23665T	S:N679K S:P681H S:A701A	15	62334	0.000241	23580	23724
T23284C	S:D574D	15	14005	0.001071	23269	23290
T23143-A A23157-T	NA NA	15	9151	0.001639	23120	23167
G25305A	S:C1248Y	15	29559	0.000507	25276	25307
G25127A	S:V1189I	15	12297	0.00122	25122	25159
G24570-T C24672-A	NA NA	15	16460	0.000911	24486	24679
G24558A	S:G999D	15	42505	0.000353	24489	24564
G24542-A	NA	15	43490	0.000345	24481	24561
G24488-T T24643-A C24672-A	NA NA NA	15	15655	0.000958	24471	24679
G24486+T C24517-A	NA NA	15	44516	0.000337	24473	24528
G24428A T24464-C T24470-TTG	S:A956T NA S:DEL971	15	21134	0.00071	24412	24564
G24428+A T24471-TG	NA NA	15	21134	0.00071	24417	24564
G24124-T	NA	15	4164	0.003602	24021	24144
G23593A T23599G C23604A	S:Q677Q S:N679K S:P681H	15	98704	0.000152	23581	23724
G23401T A23403G T23427C C23525T	S:Q613H S:D614G S:V622A S:H655Y	15	12117	0.001238	23372	23532
G23364-A C23393-T A23403G C23525T	NA NA S:D614G S:H655Y	15	10489	0.00143	23336	23539
G22813T T22882G G22898A	S:K417N S:N440K S:G446S	15	4850	0.003093	22808	22906
G22104-A C22109G C22120-A T22200A G22218-T G22317T	NA S:Q183E NA S:V213E NA S:G252V	15	1227	0.012225	22100	22319
G22022-A G22037-T	NA NA	15	7004	0.002142	22005	22043
G21987A C22000A	S:G142D S:H146Q	15	1044	0.014368	21980	22057
C25416T G25507A	ORF3a:F8F ORF3a:A39T	15	4988	0.003007	25383	25566
C25262-T C25324-A	NA NA	15	26704	0.000562	25252	25341
C25262-T A25327-T G25340-A	NA NA NA	15	3799	0.003948	25251	25348
C24517-A T24544+A C24672-A	NA NA NA	15	16238	0.000924	24474	24679
C24517-A G24574+A C24672-A	NA NA NA	15	16238	0.000924	24470	24679
C24455-A G24521+T	NA NA	15	23022	0.000652	24412	24564
C24210T	S:T883I	15	2250	0.006667	24164	24285
C23816-T G23835-T A23853-C	NA NA NA	15	12329	0.001217	23683	23862
C23816-T A23852-AC	NA NA	15	12382	0.001211	23802	23883
C23730T	S:T723I	15	12804	0.001172	23699	23765
C23694+G	NA	15	83514	0.00018	23685	23724
C23604A C23625T	S:P681H S:A688V	15	98715	0.000152	23580	23642
C23525T T23599G C23604A G23616A	S:H655Y S:N679K S:P681H S:R685H	15	34985	0.000429	23487	23642
C23525T T23599G C23604A G23608A	S:H655Y S:N679K S:P681H S:R682R	15	34992	0.000429	23492	23637
C23525T C23551T T23599G C23604A	S:H655Y S:D663D S:N679K S:P681H	15	35002	0.000429	23487	23642
C23280T C23334-T	S:T573I NA	15	6537	0.002295	23269	23360
C23099-T T23143-AA A23157-T	NA NA NA	15	8679	0.001728	23093	23167
C23099-T T23143-A A23157-T	NA NA NA	15	8679	0.001728	23096	23168
C23099-T C23103-T T23143-AA	NA NA NA	15	8861	0.001693	23089	23159
C21888-T G21901-A	NA NA	15	5545	0.002705	21847	21915
A25472+T	NA	15	10296	0.001457	25381	25486
A25327-T G25340-A	NA NA	15	4244	0.003534	25264	25360
A25327-T C25416T	NA ORF3a:F8F	15	2876	0.005216	25315	25454
A25325G	Unknown	15	29588	0.000507	25303	25325
A25247-T	NA	15	22178	0.000676	25233	25324
A25136-AT	NA	15	13403	0.001119	25123	25151
A24677G	S:R1039G	15	19163	0.000783	24645	24679
A24604G	S:R1014R	15	17338	0.000865	24565	24679
A24478G	S:A972A	15	45474	0.00033	24476	24501
A24468-TTT C24672-A	S:DEL970 NA	15	5317	0.002821	24465	24679
A24424T T24504C	S:Q954H S:L981P	15	20881	0.000718	24412	24564
A24424T T24451+A	S:Q954H NA	15	21278	0.000705	24413	24462
A24424T T24448C	S:Q954H S:L962L	15	21305	0.000704	24412	24564
A24424T T24437C	S:Q954H S:L959L	15	21389	0.000701	24416	24564
A24424T C24435T	S:Q954H S:A958V	15	21409	0.000701	24412	24463
A24424T A24562G	S:Q954H S:R1000R	15	20357	0.000737	24412	24563
A24424T A24443G	S:Q954H S:T961A	15	21354	0.000702	24412	24564
A24423+T	NA	15	24170	0.000621	24412	24424
A23847+T T23849A A23853-C	NA S:L763I NA	15	13356	0.001123	23835	23895
A23723+C	NA	15	81973	0.000183	23706	23724
A23586T T23599G C23604A	S:Q675L S:N679K S:P681H	15	98519	0.000152	23580	23724
A23403G T23428C C23525T	S:D614G S:V622V S:H655Y	15	12117	0.001238	23335	23535
A23403G T23406C C23525T	S:D614G S:V615A S:H655Y	15	12117	0.001238	23394	23539
A23403G G23486-T	S:D614G NA	15	12207	0.001229	23397	23535
A22101T	Unknown	15	3863	0.003883	22100	22139
A22029G	S:E156G	15	7108	0.00211	22015	22053
T25479C	ORF3a:V29V	14	6825	0.002051	25372	25487
T25415-C G25555-T	NA NA	14	4039	0.003466	25378	25566
T25303G	S:C1247W	14	29322	0.000477	25297	25324
T25257G	S:I1232S	14	26845	0.000522	25219	25317
T25219C	S:G1219G	14	15200	0.000921	25131	25324
T24660C	S:V1033A	14	20073	0.000697	24612	24676
T24637C	S:A1025A	14	20311	0.000689	24612	24669
T24564C	Unknown	14	42102	0.000333	24495	24564
T24549C	S:L996S	14	43060	0.000325	24516	24564
T24492-A T24643-A	NA NA	14	16342	0.000857	24480	24661
T24489G	S:V976G	14	47494	0.000295	24473	24507
T24469A T24492-A	S:N969K NA	14	30834	0.000454	24465	24679
T23860C	S:A766A	14	18482	0.000757	23855	23870
T23849-TAA C23854A	S:DEL764 S:N764K	14	13286	0.001054	23836	23895
T23721C	S:I720T	14	82101	0.000171	23683	23724
T23697C	S:I712T	14	83611	0.000167	23690	23724
T23689-A A23786+T	NA NA	14	11299	0.001239	23683	23809
T23680C	S:A706A	14	69368	0.000202	23652	23724
T23599G C23609-G	S:N679K NA	14	98782	0.000142	23581	23624
T23599G C23604A T23719C	S:N679K S:P681H S:T719T	14	60427	0.000232	23580	23724
T23599G C23604A T23659A	S:N679K S:P681H S:L699L	14	62430	0.000224	23580	23724
T23599G C23604A T23641-G T23650C	S:N679K S:P681H NA S:T696T	14	62598	0.000224	23581	23724
T23599G C23604A T23641-G G23666-A A23711-AT	S:N679K S:P681H NA NA NA	14	60850	0.00023	23580	23724
T23599G C23604A T23641-G A23646G	S:N679K S:P681H NA S:Y695C	14	62644	0.000223	23581	23702
T23599G C23604A G23699-C	S:N679K S:P681H NA	14	61691	0.000227	23581	23724
T23599G C23604A G23675-T A23704+C	S:N679K S:P681H NA NA	14	61268	0.000229	23580	23723
T23599G C23604A G23666-A T23722-A	S:N679K S:P681H NA NA	14	60348	0.000232	23580	23724
T23599G C23604A G23666-A A23704C	S:N679K S:P681H NA S:I714I	14	61268	0.000229	23582	23724
T23599G C23604A G23642A C23664T	S:N679K S:P681H S:A694T S:A701V	14	62361	0.000224	23580	23724
T23599G C23604A G23619+A	S:N679K S:P681H NA	14	98715	0.000142	23581	23724
T23599G C23604A C23625T G23666-A	S:N679K S:P681H S:A688V NA	14	62318	0.000225	23580	23680
T23599G C23604A C23609-G C23709-A	S:N679K S:P681H NA NA	14	60941	0.00023	23580	23724
T23599G C23604A C23606A	S:N679K S:P681H S:R682R	14	98787	0.000142	23580	23724
T23599G C23604A A23639-T G23666-A	S:N679K S:P681H NA NA	14	62318	0.000225	23580	23686
T23599G C23604A A23623+C	S:N679K S:P681H NA	14	98651	0.000142	23585	23630
T23394C A23403G C23525T	S:L611P S:D614G S:H655Y	14	11638	0.001203	23370	23532
T23287C	S:A575A	14	14083	0.000994	23269	23290
T22882G T22942G	S:N440K S:N460K	14	3963	0.003533	22853	22967
T22312-C G22317T	NA S:G252V	14	9503	0.001473	22295	22319
T22312-C	NA	14	9641	0.001452	22296	22319
G25261A	S:M1233I	14	27100	0.000517	25251	25320
G25238-C	NA	14	21847	0.000641	25229	25325
G25230A	S:G1223D	14	21409	0.000654	25223	25325
G24611+A C24672-A	NA NA	14	16546	0.000846	24471	24679
G24527A	S:A989T	14	44929	0.000312	24484	24564
G24000A	S:S813N	14	382	0.036649	23978	24106
G23619+A	NA	14	100586	0.000139	23610	23642
G23364-A A23403G T23482-A C23525T	NA S:D614G NA S:H655Y	14	10489	0.001335	23335	23535
G23364-A A23403G G23486-T C23525T	NA S:D614G NA S:H655Y	14	10489	0.001335	23338	23539
G22813T T22882G G22895C T22896C G22898A G22927-T T22942G	S:K417N S:N440K S:V445P S:V445P S:G446S NA S:N460K	14	3272	0.004279	22793	22947
G22809-A G22813T T22882G G22895C G22898A	NA S:K417N S:N440K S:V445L S:G446S	14	4838	0.002894	22793	22907
G22317T T22318C	S:G252V S:G252V	14	9465	0.001479	22288	22319
G22273-T	NA	14	9174	0.001526	22264	22291
G22104-A C22109G A22116-T C22120-A	NA S:Q183E NA NA	14	3836	0.00365	22100	22147
C25416T A25472+T	ORF3a:F8F NA	14	10296	0.00136	25372	25485
C25416T A25470G	ORF3a:F8F ORF3a:S26S	14	10333	0.001355	25381	25477
C25262-T T25382-A	NA NA	14	3136	0.004464	25251	25395
C25262-T C25433-T	NA NA	14	2240	0.00625	25251	25447
C25000T A25094G	S:D1146D S:N1178D	14	5589	0.002505	24990	25210
C25000T A25003-T T25021-A	S:D1146D NA NA	14	14993	0.000934	24990	25035
C24981-T C25000T T25021-A A25026-T	NA S:D1146D NA NA	14	8359	0.001675	24850	25040
C24964-A C24967T C25000T	NA S:N1135N S:D1146D	14	8887	0.001575	24886	25069
C24899-A C24981-T	NA NA	14	8781	0.001594	24850	24991
C24789-A	NA	14	4463	0.003137	24724	24799
C24509T	S:R983C	14	46197	0.000303	24483	24527
C24466+A	NA	14	31307	0.000447	24465	24492
C24245-A	NA	14	6375	0.002196	24229	24255
C24064-A A24110-T	NA NA	14	4346	0.003221	24035	24121
C23859-T	NA	14	18301	0.000765	23832	23869
C23673T	S:S704L	14	68829	0.000203	23669	23715
C23625T	S:A688V	14	101103	0.000138	23617	23642
C23591T T23599G C23604A	S:Q677* S:N679K S:P681H	14	98639	0.000142	23580	23724
C23525T T23599G C23604A C23606T	S:H655Y S:N679K S:P681H S:R682W	14	34994	0.0004	23487	23642
C23525T T23599G A23639-T	S:H655Y S:N679K NA	14	33997	0.000412	23492	23642
C23525T G23574A T23599G C23604A	S:H655Y S:C671Y S:N679K S:P681H	14	35002	0.0004	23492	23642
C23525T A23566T T23599G C23604A	S:H655Y S:A668A S:N679K S:P681H	14	35002	0.0004	23507	23634
C23525T A23558-T	S:H655Y NA	14	35412	0.000395	23488	23578
C23525T A23535G	S:H655Y S:N658S	14	54181	0.000258	23516	23539
C23492-A C23525T	NA S:H655Y	14	52162	0.000268	23487	23534
C23123T T23143-A T23164-A	S:P521S NA NA	14	8706	0.001608	23089	23176
C22802-A G22813T T22882G	NA S:K417N S:N440K	14	7282	0.001923	22793	22888
C22120-A T22200A G22317T	NA S:V213E S:G252V	14	1341	0.01044	22113	22319
A25241G	S:I1227V	14	21938	0.000638	25219	25324
A25174G	S:G1204G	14	14406	0.000972	25138	25202
A25154G	S:I1198V	14	14500	0.000966	25139	25166
A25137-T C25262-TT	NA NA	14	6495	0.002156	25122	25325
A24780G	S:K1073R	14	4558	0.003072	24743	24788
A24560+G	NA	14	42401	0.00033	24470	24570
A24538G	S:Q992Q	14	43838	0.000319	24484	24552
A24468-TTT C24517-A	S:DEL970 NA	14	30049	0.000466	24465	24528
A24424T T24529C	S:Q954H S:A989A	14	20754	0.000675	24412	24564
A24424T T24480C	S:Q954H S:I973T	14	20987	0.000667	24412	24564
A24424T T24471-TG C24536-AA	S:Q954H NA NA	14	20700	0.000676	24412	24564
A24424T T24469A T24472C	S:Q954H S:N969K S:F970F	14	21012	0.000666	24412	24564
A24424T T24438+A T24469A	S:Q954H NA S:N969Q	14	21053	0.000665	24413	24564
A24424T G24428+A T24471-TG	S:Q954H NA NA	14	21013	0.000666	24413	24564
A24424T C24536+A	S:Q954H NA	14	20700	0.000676	24412	24564
A24424T C24517-A C24536-A	S:Q954H NA NA	14	20700	0.000676	24412	24564
A24424T A24426G	S:Q954H S:N955S	14	21452	0.000653	24412	24444
A24253-T A24323-AAT	NA S:DEL922	14	4592	0.003049	24229	24337
A23870G	S:I770V	14	18302	0.000765	23860	23887
A23869G	S:G769G	14	18315	0.000764	23859	23895
A23712+G	NA	14	82808	0.000169	23702	23720
A23432+C	NA	14	20669	0.000677	23335	23439
A23403G A23409G C23525T	S:D614G S:N616S S:H655Y	14	12117	0.001155	23393	23532
A23359G A23403G	S:T599T S:D614G	14	18789	0.000745	23335	23443
A22845-T	NA	14	7809	0.001793	22815	22858
A22108T C22109G C22120-A	S:K182N S:Q183E NA	14	3927	0.003565	22100	22138
T25245C	S:V1228A	13	22097	0.000588	25234	25325
T25236C	S:I1225T	13	21772	0.000597	25223	25325
T25155C	S:I1198T	13	14501	0.000896	25146	25194
T24663C	S:L1034P	13	19934	0.000652	24612	24676
T24501C	S:I980T	13	46618	0.000279	24493	24512
T24491-TA C24517-A	NA NA	13	44986	0.000289	24480	24528
T24464-C T24471-TG C24536-A	NA NA NA	13	22977	0.000566	24447	24564
T24414C A24424T	S:V951A S:Q954H	13	23940	0.000543	24412	24424
T23820G	S:L753W	13	14120	0.000921	23803	23895
T23750C	S:S730P	13	12473	0.001042	23683	23764
T23703C	S:I714T	13	83405	0.000156	23695	23717
T23689-A C23816-T	NA NA	13	10413	0.001248	23683	23832
T23602-C T23605A	NA S:P681P	13	98908	0.000131	23587	23642
T23599G C23604A T23672-C	S:N679K S:P681H NA	13	62181	0.000209	23580	23724
T23599G C23604A T23650A	S:N679K S:P681H S:T696T	13	62598	0.000208	23580	23724
T23599G C23604A T23641-G T23722-A	S:N679K S:P681H NA NA	13	60348	0.000215	23580	23724
T23599G C23604A G23621T G23666-A	S:N679K S:P681H S:V687L NA	13	62318	0.000209	23580	23695
T23599G C23604A C23692+T	S:N679K S:P681H NA	13	61821	0.00021	23580	23724
T23599G C23604A A23670-T	S:N679K S:P681H NA	13	62256	0.000209	23580	23721
T23599G C23603T C23604A	S:N679K S:P681Y S:P681Y	13	98817	0.000132	23580	23642
T23584+C C23604A	NA S:P681Y	13	98458	0.000132	23580	23626
T23563+C T23599G C23604A	NA S:N679* S:P681Y	13	35425	0.000367	23487	23622
T23514C C23525T T23599G C23604A	S:I651T S:H655Y S:N679K S:P681H	13	34921	0.000372	23488	23642
T23255C	S:F565L	13	6932	0.001875	23242	23290
T23245C	S:P561P	13	7015	0.001853	23215	23290
T23143-A T23164-A C23230-A G23236-T	NA NA NA NA	13	5524	0.002353	23089	23249
T23075C	S:Y505H	13	211	0.061611	23071	23224
T23031C	S:F490S	13	334	0.038922	23027	23047
T22882G G22895C G22898A T22900-G	S:N440K S:V445L S:G446S NA	13	5686	0.002286	22793	22915
T22209+G G22317T	NA S:G252L	13	2465	0.005274	22201	22319
G25409-A	NA	13	11532	0.001127	25381	25464
G25287-T G25305-T	NA NA	13	28424	0.000457	25276	25325
G25273A	S:M1237I	13	28052	0.000463	25231	25298
G25269A	S:C1236Y	13	27874	0.000466	25251	25309
G25135-A	NA	13	13345	0.000974	25128	25152
G24665A	S:G1035R	13	19918	0.000653	24635	24679
G23835-T C23887-A	NA NA	13	10234	0.00127	23767	23895
G23508A C23525T T23599G C23604A	S:C649Y S:H655Y S:N679K S:P681H	13	34810	0.000373	23487	23637
G23465-T	NA	13	14744	0.000882	23457	23539
G23364+A	NA	13	21213	0.000613	23336	23375
G23343A	S:G594D	13	21195	0.000613	23335	23377
G22813T T22882G G22895C T22896C G22898A T22942G A22947-AC	S:K417N S:N440K S:V445P S:V445P S:G446S S:N460K NA	13	3131	0.004152	22793	22966
G22813T T22882G G22895C T22896C	S:K417N S:N440K S:V445P S:V445P	13	4852	0.002679	22793	22907
G22813T G22895C T22896C G22898A T22942G	S:K417N S:V445P S:V445P S:G446S S:N460K	13	3272	0.003973	22793	22947
G22104-A C22109G C22120-AA T22200A	NA S:Q183E NA S:V213E	13	2725	0.004771	22100	22203
C25416T T25560C	ORF3a:F8F ORF3a:F56F	13	4017	0.003236	25372	25566
C25416T T25479C	ORF3a:F8F ORF3a:V29V	13	6825	0.001905	25372	25566
C25416T A25432G	ORF3a:F8F ORF3a:T14A	13	10996	0.001182	25381	25477
C25275T	S:T1238I	13	28105	0.000463	25251	25325
C25239T	S:A1226V	13	21880	0.000594	25219	25325
C25047T C25066T	S:P1162L S:D1168D	13	14509	0.000896	25026	25068
C25000T T25191-A G25197-GC	S:D1146D NA NA	13	4796	0.002711	24990	25210
C25000T C25047T C25066T	S:D1146D S:P1162L S:D1168D	13	14212	0.000915	24990	25069
C25000T A25040G	S:D1146D S:T1160A	13	14685	0.000885	24990	25062
C25000T A25026-T C25100-A	S:D1146D NA NA	13	5516	0.002357	24990	25184
C24981-T C25000T A25045G	NA S:D1146D S:S1161S	13	8192	0.001587	24850	25069
C24878-A C25000T	NA S:D1146D	13	8284	0.001569	24850	25009
C24878-A A24885-T C24981-T C25000T	NA NA NA S:D1146D	13	8284	0.001569	24850	25007
C24672-A T24689G G24690T	NA S:C1043V S:C1043V	13	1305	0.009962	24612	24700
C24672-A A24684-T	NA NA	13	2077	0.006259	24612	24703
C24503+T C24672-A	NA NA	13	16098	0.000808	24492	24679
C24477-A	NA	13	45432	0.000286	24470	24487
C24466T	S:S968S	13	31307	0.000415	24455	24554
C24422-A A24425T T24469A	NA S:N955Y S:N969K	13	21049	0.000618	24412	24564
C24119-AA G24124-T	NA NA	13	3678	0.003535	24021	24145
C24026-T C24119-AA	NA NA	13	4042	0.003216	24024	24135
C23882-A	NA	13	17685	0.000735	23860	23887
C23874-T	NA	13	18051	0.00072	23865	23890
C23846T A23848-T C23854A	S:Q762* NA S:N764K	13	13146	0.000989	23837	23895
C23758-A	NA	13	12372	0.001051	23716	23770
C23525T T23599G C23604A T23605-C	S:H655Y S:N679K S:P681H NA	13	34995	0.000371	23516	23641
C23525T T23599G C23604A G23619A	S:H655Y S:N679K S:P681H S:S686N	13	34983	0.000372	23502	23642
C23525T T23599G C23604A G23607A	S:H655Y S:N679K S:P681H S:R682Q	13	34992	0.000372	23487	23642
C23525T T23599G C23604A C23634T	S:H655Y S:N679K S:P681H S:S691F	13	34518	0.000377	23487	23642
C23525T T23599G C23604A C23630-A	S:H655Y S:N679K S:P681H NA	13	34612	0.000376	23493	23642
C23525T G23587T T23599G C23604A G23628A	S:H655Y S:Q675H S:N679K S:P681H S:S689N	13	34619	0.000376	23487	23642
C23525T G23580A T23599G C23604A	S:H655Y S:S673N S:N679K S:P681H	13	35002	0.000371	23487	23642
C23525T A23597G T23599G C23604A	S:H655Y S:N679E S:N679E S:P681H	13	35002	0.000371	23487	23616
C23525T A23570G T23599G C23604A	S:H655Y S:I670V S:N679K S:P681H	13	35002	0.000371	23487	23642
C21978A G21987A T21990-TTA C22000A	S:P139Q S:G142D S:DEL144 S:H146Q	13	1013	0.012833	21954	22054
C21618T T21632-TACCCCCTG T21649-A	S:T19I S:DEL25/27 NA	13	547	0.023766	21586	21659
A25408G C25416T	ORF3a:R6G ORF3a:F8F	13	11328	0.001148	25383	25429
A25374-T C25416T	NA ORF3a:F8F	13	9805	0.001326	25372	25448
A25277G	S:S1239G	13	28197	0.000461	25266	25325
A25246G	S:V1228V	13	22138	0.000587	25227	25324
A24885-T C25000T	NA S:D1146D	13	8299	0.001566	24853	25025
A24885+T	NA	13	12329	0.001054	24850	24904
A24654G	S:E1031G	13	20157	0.000645	24649	24667
A24556G	S:T998T	13	42562	0.000305	24517	24564
A24539-T C24672-A	NA NA	13	16359	0.000795	24524	24679
A24531G	S:E990G	13	44545	0.000292	24523	24564
A24479-T G24488-T C24517-A T24643-A C24672-A	NA NA NA NA NA	13	14462	0.000899	24470	24679
A24479+T	NA	13	45895	0.000283	24470	24499
A24424T T24549C	S:Q954H S:L996S	13	20583	0.000632	24412	24564
A24424T T24534C	S:Q954H S:V991A	13	20716	0.000628	24412	24564
A24424T T24469A G24488-T	S:Q954H S:N969K NA	13	20946	0.000621	24412	24564
A24424T T24438+A C24536+A	S:Q954H NA NA	13	20700	0.000628	24412	24564
A24424T C24463T	S:Q954H S:S967S	13	21094	0.000616	24412	24482
A24424T C24455-A G24488-T	S:Q954H NA NA	13	20946	0.000621	24412	24504
A24424T A24556G	S:Q954H S:T998T	13	20434	0.000636	24412	24564
A24424T A24539-T	S:Q954H NA	13	20674	0.000629	24413	24563
A24424T A24520G	S:Q954H S:K986K	13	20818	0.000624	24413	24564
A24424T A24508G	S:Q954H S:S982S	13	20869	0.000623	24413	24564
A24424C	S:Q954H	13	24144	0.000538	24417	24424
A24110-T C24119-A T24126-TA G24140-T	NA NA NA NA	13	3480	0.003736	24021	24189
A24110-T C24119-A T24126-TA C24150+T	NA NA NA NA	13	3415	0.003807	24021	24191
A23938-C G23948T	NA S:D796Y	13	903	0.014396	23930	23978
A23894G	Unknown	13	14190	0.000916	23854	23895
A23786-T C23816-T	NA NA	13	13608	0.000955	23767	23830
A23756-C C23854A	NA S:N764K	13	9243	0.001406	23683	23894
A23702+G	NA	13	83417	0.000156	23694	23721
A23515+G C23525T	NA S:H655S	13	54410	0.000239	23487	23534
A23403G T23421-C	S:D614G NA	13	19817	0.000656	23374	23443
A23403G C23525T A23531G	S:D614G S:H655Y S:N657D	13	12042	0.00108	23390	23539
A23403G A23418G C23525T	S:D614G S:E619G S:H655Y	13	12117	0.001073	23368	23539
A23223G	S:E554G	13	8551	0.00152	23194	23234
A23181-T	NA	13	8364	0.001554	23170	23234
A22964-T	NA	13	6225	0.002088	22951	22967
A22947-AC	NA	13	5632	0.002308	22932	22967
A22013G	S:S151G	13	6873	0.001891	22000	22032
T25301C	S:C1247R	12	29255	0.00041	25231	25324
T25301A	S:C1247S	12	29255	0.00041	25251	25320
T25221C	S:F1220S	12	20023	0.000599	25144	25324
T24622C	S:A1020A	12	20368	0.000589	24612	24676
T24541C	S:I993I	12	43635	0.000275	24482	24564
T24492-A C24672-A	NA NA	12	15867	0.000756	24480	24679
T24471-TG T24492-A	NA NA	12	41363	0.00029	24465	24564
T24469G	S:N969K	12	31305	0.000383	24465	24541
T24469A C24672-A	S:N969K NA	12	5317	0.002257	24465	24679
T23916+A	NA	12	2221	0.005403	23905	23974
T23719+C	NA	12	82209	0.000146	23695	23724
T23693C	S:S711P	12	83442	0.000144	23683	23708
T23689C	S:N709N	12	83163	0.000144	23683	23724
T23599G C23604A T23719A	S:N679K S:P681H S:T719T	12	60427	0.000199	23580	23724
T23599G C23604A C23694T	S:N679K S:P681H S:S711F	12	61800	0.000194	23581	23717
T23599G C23604A A23708T	S:N679K S:P681H S:T716S	12	60976	0.000197	23581	23724
T23599G C23604A A23669G G23675-T	S:N679K S:P681H S:N703D NA	12	62132	0.000193	23580	23724
T23599G C23603+A	S:N679K NA	12	98836	0.000121	23580	23618
T23584+C T23599G C23604A	NA S:N679* S:P681Y	12	98458	0.000122	23580	23631
T23375C	S:S605P	12	20873	0.000575	23335	23384
T23355C A23403G C23525T	S:I598T S:D614G S:H655Y	12	10392	0.001155	23335	23539
T23350C	S:S596S	12	21304	0.000563	23335	23371
T23289C A23403G	S:V576A S:D614G	12	6020	0.001993	23269	23443
T23221-GA	NA	12	8555	0.001403	23203	23290
T22882G G22895C T22896C	S:N440K S:V445P S:V445P	12	5688	0.00211	22877	22906
T22315-G	NA	12	9538	0.001258	22296	22319
T22282C G22317T	S:T240T S:G252V	12	8950	0.001341	22272	22319
T22054-A	NA	12	7046	0.001703	22023	22058
G25447-A	NA	12	10729	0.001118	25381	25462
G25364-T	NA	12	4288	0.002799	25251	25373
G25323A	S:C1254Y	12	29671	0.000404	25303	25325
G24883A	S:R1107R	12	12331	0.000973	24860	24892
G24868-T C25000T	NA S:D1146D	12	8241	0.001456	24850	25035
G24680-T A24803-T	NA NA	12	1062	0.011299	24646	24806
G24535+A	NA	12	44131	0.000272	24504	24543
G24530+A	NA	12	44619	0.000269	24476	24541
G24510A	S:R983H	12	46123	0.00026	24503	24552
G24332+A A24424T	NA S:Q954P	12	2054	0.005842	24321	24424
G24316A A24317G C24319A	S:E918E S:N919E S:N919E	12	5981	0.002006	24297	24351
G24236-C	NA	12	6368	0.001884	24229	24253
G23873+A	NA	12	18149	0.000661	23856	23891
G23835-T C23854A	NA S:N764K	12	12456	0.000963	23767	23876
G23804-A	NA	12	14488	0.000828	23795	23833
G23587T C23604A	S:Q675H S:P681H	12	98541	0.000122	23580	23642
G23587C T23599G C23604A G23666-A	S:Q675H S:N679K S:P681H NA	12	62089	0.000193	23580	23710
G23587C T23599G	S:Q675H S:N679K	12	98607	0.000122	23580	23642
G23587A T23599G C23604A	S:Q675Q S:N679K S:P681H	12	98541	0.000122	23580	23642
G23508+T	NA	12	54381	0.000221	23487	23519
G23486-T	NA	12	15892	0.000755	23471	23521
G23236-T	NA	12	7147	0.001679	23216	23290
G23132+T	NA	12	9237	0.001299	23089	23157
G23132+A	NA	12	9237	0.001299	23125	23290
G22992A C22995A A23013C T23019C T23031C	S:S477N S:T478K S:E484A S:F486S S:F490S	12	155	0.077419	22984	23042
G22813T T22882G T22896C G22898A T22942G A22948C A22948-CCT	S:K417N S:N440K S:V445A S:G446S S:N460K S:K462N S:DEL463	12	3129	0.003835	22793	22966
G22813T T22882G T22896C G22898A T22928C T22942G	S:K417N S:N440K S:V445A S:G446S S:F456L S:N460K	12	3272	0.003667	22809	22964
G22813T T22882G G22895C T22896C G22898A T22942G A22948-C	S:K417N S:N440K S:V445P S:V445P S:G446S S:N460K NA	12	3129	0.003835	22803	22967
G22813T T22882G G22895C T22896C G22898A A22948C A22948-CCT	S:K417N S:N440K S:V445P S:V445P S:G446S S:K462N S:DEL463	12	3129	0.003835	22793	22966
G22813T A22872-T T22882G	S:K417N NA S:N440K	12	7332	0.001637	22793	22889
G22577C G22578A	S:G339H S:G339H	12	218	0.055046	22519	22580
G22289+T	NA	12	9678	0.00124	22246	22319
G22104-A C22109G T22200A	NA S:Q183E S:V213E	12	2725	0.004404	22100	22217
G22017A	S:W152*	12	6968	0.001722	22000	22058
C25416T C25466-T	ORF3a:F8F NA	12	10408	0.001153	25381	25475
C25321T	S:C1253C	12	29772	0.000403	25313	25324
C25262-T A25327-T T25382-A	NA NA NA	12	3136	0.003827	25251	25392
C25262-T A25327-T C25416T	NA NA ORF3a:F8F	12	2481	0.004837	25251	25435
C25254+A	NA	12	26647	0.00045	25220	25316
C25227T	S:A1222V	12	21135	0.000568	25219	25261
C25044-A	NA	12	14940	0.000803	25031	25069
C25006T	S:F1148F	12	15537	0.000772	24990	25069
C25000T T25021-A C25100-AA	S:D1146D NA NA	12	5516	0.002175	24990	25119
C25000T C25100-AA	S:D1146D NA	12	5516	0.002175	24990	25122
C24878-A A24885-T	NA NA	12	12289	0.000976	24857	24901
C24435-T C24455-A	NA NA	12	23081	0.00052	24428	24499
C24431+A	NA	12	23138	0.000519	24428	24451
C24119-AA T24126-TA	NA NA	12	3669	0.003271	24021	24157
C23887-AA G23903-T	NA NA	12	1877	0.006393	23767	23919
C23887-A A23924-T C23929-A	NA NA NA	12	1438	0.008345	23768	23943
C23854G	S:N764K	12	13700	0.000876	23845	23890
C23844T	S:T761I	12	13534	0.000887	23821	23853
C23707T	S:P715P	12	83177	0.000144	23685	23724
C23657+A	NA	12	67542	0.000178	23650	23687
C23604A G23621T	S:P681H S:V687L	12	98823	0.000121	23580	23642
C23604A C23707T	S:P681H S:P715P	12	61154	0.000196	23580	23724
C23604A A23696-T	S:P681H NA	12	61870	0.000194	23600	23724
C23525T T23599G C23604A G23621A	S:H655Y S:N679K S:P681H S:V687I	12	34978	0.000343	23487	23642
C23525T G23593A T23599G C23604A	S:H655Y S:Q677Q S:N679K S:P681H	12	35002	0.000343	23487	23642
C23525T C23533-A T23599G	S:H655Y NA S:N679K	12	35013	0.000343	23493	23622
C23334-T C23393-T A23403G	NA NA S:D614G	12	6106	0.001965	23322	23441
C22290T T22291C G22317T	S:A243V S:A243V S:G252V	12	9210	0.001303	22246	22319
C22281+T	NA	12	9429	0.001273	22246	22297
C22109G C22120-A A22161-T T22200A	S:Q183E NA NA S:V213E	12	2799	0.004287	22100	22212
C22000A A22025G	S:H146Q S:S155G	12	3719	0.003227	21993	22058
C21978A G21987A T21990-TTA A21999-C	S:P139Q S:G142D S:DEL144 NA	12	1013	0.011846	21952	22058
C21859T G21987A	S:N99N S:G142D	12	1408	0.008523	21847	21993
A25531-T	NA	12	4201	0.002856	25384	25566
A25408G	ORF3a:R6G	12	11551	0.001039	25372	25477
A25235-T	NA	12	21738	0.000552	25220	25324
A25182G	S:E1207G	12	14558	0.000824	25150	25199
A25020-T	NA	12	15228	0.000788	25001	25069
A24885-T C24899-A C24981-T C25000T	NA NA NA S:D1146D	12	8299	0.001446	24850	25018
A24667G	S:G1035G	12	19888	0.000603	24476	24679
A24661G	S:V1033V	12	20045	0.000599	24612	24675
A24587G	S:T1009A	12	17397	0.00069	24479	24671
A24576G	S:Q1005R	12	17620	0.000681	24499	24579
A24545G	S:R995G	12	43368	0.000277	24497	24553
A24485G	S:S975G	12	47250	0.000254	24470	24532
A24479G	S:I973V	12	45895	0.000261	24473	24498
A24479-T T24491-TA	NA NA	12	45615	0.000263	24471	24513
A24479-T C24503-T	NA NA	12	44061	0.000272	24471	24513
A24468-TT	NA	12	31317	0.000383	24465	24492
A24424T T24514C	S:Q954H S:L984L	12	20847	0.000576	24412	24526
A24424T T24496C	S:Q954H S:N978N	12	20913	0.000574	24412	24564
A24424T T24469A T24499C	S:Q954H S:N969K S:D979D	12	20905	0.000574	24412	24554
A24424T T24436C	S:Q954H S:A958A	12	21396	0.000561	24412	24451
A24424T A24531G	S:Q954H S:E990G	12	20741	0.000579	24412	24564
A24424T A24454G	S:Q954H S:K964K	12	21235	0.000565	24412	24564
A23889G	S:K776R	12	16465	0.000729	23868	23895
A23848+T C23887-AA	NA NA	12	11041	0.001087	23767	23918
A23845+T A23853-C	NA NA	12	12998	0.000923	23838	23895
A23834-G	NA	12	13710	0.000875	23767	23847
A23786-T C23854A C23887-A	NA S:N764K NA	12	9447	0.00127	23757	23895
A23786-T C23816-T A23852-AC	NA NA NA	12	11813	0.001016	23683	23895
A23786-T A23852-AC C23887-A	NA NA NA	12	9447	0.00127	23683	23895
A23756-C	NA	12	12372	0.00097	23699	23851
A23712-T G23768-T	NA NA	12	11998	0.001	23690	23806
A23712-T A23853-C	NA NA	12	9140	0.001313	23690	23863
A23711-ATT	S:DEL718	12	82905	0.000145	23697	23724
A23515G C23525T T23599G C23604A	S:I651M S:H655Y S:N679K S:P681H	12	34928	0.000344	23487	23642
A23403G T23511-A C23525T	S:D614G NA S:H655Y	12	12117	0.00099	23381	23539
A23403G T23427C C23525T	S:D614G S:V622A S:H655Y	12	12117	0.00099	23394	23535
A23403G T23404C	S:D614G S:D614G	12	20447	0.000587	23335	23443
A23403G C23525T A23535G	S:D614G S:H655Y S:N658S	12	11793	0.001018	23382	23539
A23403G A23456G C23525T	S:D614G S:T632A S:H655Y	12	12117	0.00099	23373	23532
A23403G A23446G C23525T	S:D614G S:Q628Q S:H655Y	12	12117	0.00099	23384	23531
A23403G A23436G	S:D614G S:H625R	12	18405	0.000652	23366	23441
A23354G A23403G	S:I598V S:D614G	12	18728	0.000641	23335	23429
A23321+T	NA	12	6839	0.001755	23269	23332
A22243T	S:V227V	12	6143	0.001953	22238	22319
A22234-C	NA	12	5821	0.002062	22223	22319
A22101T C22109G T22200A	Unknown S:Q183E S:V213E	12	2713	0.004423	22100	22213
A22101T C22109G C22120-A T22200A G22317T	Unknown S:Q183E NA S:V213E S:G252V	12	1220	0.009836	22100	22319
A22101T C22109G C22120-A T22200A	Unknown S:Q183E NA S:V213E	12	2713	0.004423	22100	22219
T25414C C25416T	ORF3a:F8L ORF3a:F8L	11	11328	0.000971	25383	25477
T25293-C	NA	11	28733	0.000383	25284	25325
T25196-G C25262-T	NA NA	11	7713	0.001426	25130	25321
T25159C	S:D1199D	11	14470	0.00076	25141	25210
T25152C	S:L1197P	11	14520	0.000758	25135	25153
T25129C	S:V1189V	11	12497	0.00088	25122	25147
T24658C C24672-A	S:C1032C NA	11	19623	0.000561	24612	24679
T24643-AA	NA	11	20245	0.000543	24622	24661
T24625C	S:S1021S	11	20360	0.00054	24612	24676
T24571C	S:S1003S	11	17874	0.000615	24484	24630
T24549-G	NA	11	43060	0.000255	24494	24564
T24506C C24672-A	S:S982P NA	11	16153	0.000681	24496	24679
T24492-A C24517-A	NA NA	11	44996	0.000244	24470	24529
T24469A T24472-G T24492-A	S:N969K NA NA	11	30834	0.000357	24465	24671
T24469A T24471-TG C24536-A	S:N969K NA NA	11	29525	0.000373	24428	24564
T24451+A	NA	11	23546	0.000467	24412	24475
T24267-G A24318-C A24424T	NA NA S:Q954H	11	940	0.011702	24250	24424
T24187C	S:S875S	11	7798	0.001411	24148	24191
T23916+A A23922T T23927A G23948T	NA S:Q787I S:Y789I S:D796*	11	744	0.014785	23905	23978
T23877C	S:V772A	11	17888	0.000615	23858	23895
T23875+A	NA	11	17949	0.000613	23863	23895
T23849-TA C23854A	NA S:N764K	11	13286	0.000828	23835	23895
T23713C	S:N717N	11	82667	0.000133	23688	23724
T23689-A G23835-T	NA NA	11	9764	0.001127	23683	23850
T23681+C	NA	11	69389	0.000159	23674	23724
T23599G T23637-C	S:N679K NA	11	97754	0.000113	23580	23642
T23599G T23602A C23604A	S:N679K S:S680S S:P681H	11	98817	0.000111	23580	23724
T23599G C23604A T23659G	S:N679K S:P681H S:L699L	11	62430	0.000176	23580	23724
T23599G C23604A T23641-G A23704+C	S:N679K S:P681H NA NA	11	61268	0.00018	23580	23724
T23599G C23604A G23675A	S:N679K S:P681H S:V705I	11	62132	0.000177	23580	23724
T23599G C23604A G23666-A G23675-T A23711-AT	S:N679K S:P681H NA NA NA	11	60850	0.000181	23580	23724
T23599G C23604A C23664T C23709-A	S:N679K S:P681H S:A701V NA	11	60941	0.000181	23580	23724
T23599G C23604A C23657+T	S:N679K S:P681H NA	11	62482	0.000176	23581	23724
T23599G C23604A C23625T A23712-T	S:N679K S:P681H S:A688V NA	11	60784	0.000181	23580	23724
T23599G C23604A C23609-G G23666-A A23704-C A23711-AT	S:N679K S:P681H NA NA NA NA	11	60850	0.000181	23580	23724
T23599G C23604A A23712-T T23722-A	S:N679K S:P681H NA NA	11	60348	0.000182	23580	23724
T23599G C23604A A23702T	S:N679K S:P681H S:I714L	11	61345	0.000179	23580	23724
T23599G C23604A A23639-T A23712-T	S:N679K S:P681H NA NA	11	60784	0.000181	23590	23724
T23599A C23604A	S:N679K S:P681H	11	98817	0.000111	23580	23724
T23590C T23599G C23604A A23712-T	S:T676T S:N679K S:P681H NA	11	60619	0.000181	23580	23724
T23490C C23525T T23599G C23604A	S:F643S S:H655Y S:N679K S:P681H	11	33744	0.000326	23486	23634
T23488G C23525T T23599G C23604A	Unknown S:H655Y S:N679K S:P681H	11	33248	0.000331	23487	23642
T23487G C23525T	S:V642G S:H655Y	11	27905	0.000394	23480	23539
T23434-C A23474+T C23525T	NA NA S:H655S	11	13999	0.000786	23425	23539
T23394C A23403G	S:L611P S:D614G	11	20098	0.000547	23376	23443
T23394C	S:L611P	11	20986	0.000524	23361	23424
T23344C	S:G594G	11	21210	0.000519	23335	23376
T23337C A23403G C23525T	S:F592S S:D614G S:H655Y	11	9923	0.001109	23335	23532
T22882G A22914-C T22942G	S:N440K NA S:N460K	11	3963	0.002776	22874	22967
T22831+A T22882G	NA S:N440Q	11	7454	0.001476	22793	22889
T22200A T22204+C G22317T	S:V213E NA S:G252L	11	2114	0.005203	22193	22319
T22032C	S:F157S	11	7137	0.001541	22000	22058
T21934-A G21987A T21990-TTA A21999-C	NA S:G142D S:DEL144 NA	11	866	0.012702	21847	22058
T21861-A C21888-T	NA NA	11	5484	0.002006	21850	21925
G25471C	ORF3a:D27H	11	10325	0.001065	25372	25477
G25340-A	NA	11	4309	0.002553	25251	25364
G25313T	S:G1251*	11	29821	0.000369	25222	25325
G25287A	S:S1242N	11	28502	0.000386	25271	25325
G25287-T T25303-TG T25306G	NA NA S:C1248W	11	28416	0.000387	25264	25325
G25287-T G25299-C	NA NA	11	28462	0.000386	25277	25324
G25284A	S:C1241Y	11	28404	0.000387	25262	25319
G25229A	S:G1223S	11	21326	0.000516	25221	25324
G25198-C G25302-T	NA NA	11	7679	0.001432	25191	25324
G25173-A	NA	11	14408	0.000763	25141	25210
G25127-T G25198-C	NA NA	11	11305	0.000973	25122	25324
G25091+A	NA	11	5781	0.001903	25065	25210
G24971+T C25000T	NA S:D1146S	11	8913	0.001234	24850	25013
G24883-A	NA	11	12331	0.000892	24858	24943
G24577-A	NA	11	17616	0.000624	24470	24667
G24535T C24536-A	S:V991V NA	11	44052	0.00025	24518	24564
G24521+T C24672-A	NA NA	11	16268	0.000676	24470	24679
G24473T	S:G971C	11	42801	0.000257	24435	24564
G24428A T24471-TG	S:A956T NA	11	21134	0.00052	24412	24564
G24285-T	NA	11	6843	0.001607	24278	24357
G23841+A	NA	11	13582	0.00081	23827	23895
G23821+T	NA	11	14047	0.000783	23767	23842
G23768-T G23835-T	NA NA	11	12764	0.000862	23683	23849
G23587T T23599G C23604A T23641-G	S:Q675H S:N679K S:P681H NA	11	96939	0.000113	23580	23677
G23587T	S:Q675H	11	98735	0.000111	23580	23603
G23518A C23525T T23599G C23604A	S:G652G S:H655Y S:N679K S:P681H	11	34980	0.000314	23492	23642
G23505-C C23525T T23599G C23604A	NA S:H655Y S:N679K S:P681H	11	34701	0.000317	23487	23634
G23401T	S:Q613H	11	20704	0.000531	23370	23443
G22895C T22896C G22898A	S:V445P S:V445P S:G446S	11	5708	0.001927	22876	22906
G22813T T22896C G22898A	S:K417N S:V445A S:G446S	11	4850	0.002268	22793	22926
G22813T T22882G G22895C T22896C G22898A A22914-C T22942G	S:K417N S:N440K S:V445P S:V445P S:G446S NA S:N460K	11	3272	0.003362	22793	22949
G22813T G22895C T22896C G22898A	S:K417N S:V445P S:V445P S:G446S	11	4850	0.002268	22793	22908
G22813T A22845-T T22882G G22895C T22896C G22898A T22942G A22948C	S:K417N NA S:N440K S:V445P S:V445P S:G446S S:N460K S:K462N	11	3129	0.003516	22793	22966
G22403-A G22487-A	NA NA	11	787	0.013977	22368	22499
G22289+T G22317T	NA S:G252L	11	9188	0.001197	22246	22319
G22104-A C22120-A T22200A	NA NA S:V213E	11	2725	0.004037	22100	22205
G22104-A C22109G C22120-A A22161-T T22200A G22218-T G22317T	NA S:Q183E NA NA S:V213E NA S:G252V	11	1227	0.008965	22100	22319
C25416T T25434C	ORF3a:F8F ORF3a:T14T	11	10965	0.001003	25381	25477
C25416T G25471C	ORF3a:F8F ORF3a:D27H	11	10325	0.001065	25372	25477
C25416T A25472-T A25531-T	ORF3a:F8F NA NA	11	4201	0.002618	25372	25566
C25366-A	NA	11	4249	0.002589	25354	25384
C25262-T A25327-T G25364-T	NA NA NA	11	3552	0.003097	25251	25372
C25254-A	NA	11	26647	0.000413	25242	25325
C25199T	S:P1213S	11	14919	0.000737	25192	25210
C25000T T25129C	S:D1146D S:V1189V	11	5187	0.002121	24992	25206
C25000T G25052-T	S:D1146D NA	11	14519	0.000758	24990	25085
C24921T C25000T	S:T1120I S:D1146D	11	8634	0.001274	24858	25019
C24878-A C24899-A A24922-T C24981-T C25000T	NA NA NA NA S:D1146D	11	8284	0.001328	24850	25018
C24878-A A24885-T C24899-A	NA NA NA	11	11921	0.000923	24867	24911
C24865-T	NA	11	12479	0.000881	24853	24929
C24863A	S:H1101N	11	12473	0.000882	24855	24917
C24668-A	NA	11	19873	0.000554	24482	24679
C24632-T	NA	11	20365	0.00054	24612	24679
C24517-A C24528+A	NA NA	11	44775	0.000246	24472	24535
C24483-A	NA	11	47049	0.000234	24473	24563
C24422-A A24425T G24488-T	NA S:N955Y NA	11	20942	0.000525	24412	24543
C24378-T A24424T	NA S:Q954H	11	2573	0.004275	24354	24424
C24130T	S:N856N	11	5106	0.002154	24126	24143
C24026-T C24064-A A24110-T C24119-A	NA NA NA NA	11	4042	0.002721	24021	24173
C24026-T C24034-A A24110-T	NA NA NA	11	4286	0.002566	24021	24120
C23846T T23849-TA C23854A	S:Q762* NA S:N764K	11	13146	0.000837	23835	23895
C23816-T C23887-AA	NA NA	11	10007	0.001099	23767	23908
C23816+T	NA	11	14183	0.000776	23767	23827
C23673+A	NA	11	68829	0.00016	23665	23724
C23638-A	NA	11	101360	0.000109	23631	23724
C23604A C23657-T	S:P681H NA	11	62592	0.000176	23580	23724
C23585T T23599G C23604A	S:Q675* S:N679K S:P681H	11	98491	0.000112	23580	23642
C23585+G T23599G C23604A	NA S:N679* S:P681Y	11	98491	0.000112	23580	23641
C23525T T23599G C23604A T23640C	S:H655Y S:N679K S:P681H S:I693T	11	33946	0.000324	23487	23642
C23525T T23560G T23599G C23604A	S:H655Y S:I666M S:N679K S:P681H	11	35002	0.000314	23487	23637
C23525T G23547A T23599G C23604A	S:H655Y S:C662Y S:N679K S:P681H	11	35002	0.000314	23487	23642
C23525T C23557-A T23599G C23604A	S:H655Y NA S:N679K S:P681H	11	35002	0.000314	23487	23620
C23525T C23556-CA T23559A T23599G C23604A	S:H655Y NA S:I666N S:N679K S:P681H	11	35002	0.000314	23508	23636
C23525T C23536T T23599G C23604A	S:H655Y S:N658N S:N679K S:P681H	11	35002	0.000314	23488	23622
C23525T C23536+G	S:H655Y NA	11	54134	0.000203	23506	23539
C23525T A23550T T23599G C23604A	S:H655Y S:D663V S:N679K S:P681H	11	35002	0.000314	23487	23642
C23502T C23525T	S:A647V S:H655Y	11	53555	0.000205	23486	23538
C23393+T	NA	11	20949	0.000525	23345	23432
C23367+A	NA	11	21150	0.00052	23335	23379
C23347+G	NA	11	21279	0.000517	23339	23369
C23291-G	NA	11	14023	0.000784	23269	23304
C23206T	S:G548G	11	8577	0.001282	23188	23274
C23179-A	NA	11	8370	0.001314	23156	23224
C22802-A G22813T T22882G G22895C T22896C G22898A	NA S:K417N S:N440K S:V445P S:V445P S:G446S	11	4803	0.00229	22793	22909
C22281+T G22317T	NA S:G252L	11	8863	0.001241	22246	22329
C22264+T G22317T	NA S:G252L	11	8095	0.001359	22256	22319
C22210G	S:L216L	11	4212	0.002612	22204	22319
A25562+T	NA	11	3968	0.002772	25375	25566
A25472-T G25555-T	NA NA	11	4039	0.002723	25372	25566
A25470G	ORF3a:S26S	11	10333	0.001065	25382	25477
A25315+G	NA	11	29829	0.000369	25302	25324
A25256-T G25302-T	NA NA	11	26570	0.000414	25251	25325
A25256+T	NA	11	26793	0.000411	25251	25325
A25235G	S:I1225V	11	21738	0.000506	25226	25253
A25125G	S:E1188G	11	12256	0.000898	25122	25183
A24905-T C25000T	NA S:D1146D	11	8574	0.001283	24853	25069
A24735-T	NA	11	4138	0.002658	24727	24781
A24679G	S:R1039R	11	18100	0.000608	24493	24679
A24652G	S:S1030S	11	20165	0.000545	24612	24675
A24646G	S:K1028K	11	20236	0.000544	24626	24658
A24560G	S:R1000G	11	42401	0.000259	24482	24563
A24498+T C24517-A C24672-A	NA NA NA	11	16029	0.000686	24470	24679
A24424T T24487C	S:Q954H S:S975S	11	20952	0.000525	24412	24564
A24424T T24469A C24536-AA	S:Q954H S:N969K NA	11	20700	0.000531	24412	24564
A24424T T24464C	S:Q954H S:S968P	11	21080	0.000522	24412	24564
A24424T C24466+A	S:Q954H NA	11	21073	0.000522	24412	24482
A24424T C24455-A C24517-A	S:Q954H NA NA	11	20835	0.000528	24412	24564
A24424T A24554G	S:Q954H S:T998A	11	20504	0.000536	24413	24564
A24424T A24551G	S:Q954H S:I997V	11	20562	0.000535	24412	24564
A24424T A24495G	S:Q954H S:N978S	11	20918	0.000526	24412	24564
A24424T A24456G	S:Q954H S:Q965R	11	21205	0.000519	24412	24564
A24424T A24453G	S:Q954H S:K964R	11	21248	0.000518	24414	24558
A24424T A24432G	S:Q954H S:Q957R	11	21445	0.000513	24412	24441
A24420G A24424T	S:N953S S:Q954H	11	24133	0.000456	24412	24424
A24129+T	NA	11	4894	0.002248	24122	24191
A23884G	S:Q774Q	11	17411	0.000632	23856	23889
A23851-AAC	S:DEL764	11	14009	0.000785	23800	23870
A23708G	S:T716A	11	83087	0.000132	23699	23724
A23670G	S:N703S	11	68743	0.00016	23661	23678
A23598C T23599G C23604A	S:N679T S:N679T S:P681H	11	98789	0.000111	23580	23670
A23598-T T23600G C23604A	NA S:S680A S:P681H	11	98789	0.000111	23580	23642
A23524G C23525T	S:E654E S:H655Y	11	54704	0.000201	23511	23539
A23493T C23525T T23599G C23604A	S:Q644L S:H655Y S:N679K S:P681H	11	33992	0.000324	23487	23642
A23403G G23441-A	S:D614G NA	11	18349	0.000599	23269	23443
A23403G G23429A	S:D614G S:A623T	11	19422	0.000566	23335	23443
A23403G G23417C C23525T	S:D614G S:E619Q S:H655Y	11	12117	0.000908	23374	23539
A23366G A23403G C23525T	S:T602A S:D614G S:H655Y	11	10530	0.001045	23342	23532
A23326G A23403G	S:T588T S:D614G	11	6095	0.001805	23269	23443
A23147-AG T23150G	NA S:S530A	11	9278	0.001186	23089	23163
A22924-T T22942G	NA S:N460K	11	4891	0.002249	22916	22967
A22845-T T22882G G22895C T22896C G22898A	NA S:N440K S:V445P S:V445P S:G446S	11	5099	0.002157	22793	22907
A22108T C22109G	S:K182N S:Q183E	11	3939	0.002793	22100	22124
A22101T G22104-A C22109G C22120-AA	Unknown NA S:Q183E NA	11	3821	0.002879	22100	22154
A22101T G22104-A C22109G C22120-A T22200A	Unknown NA S:Q183E NA S:V213E	11	2713	0.004055	22100	22217
A22019G	S:M153V	11	6983	0.001575	22012	22058
A21964+T	NA	11	4877	0.002255	21847	21983
A21875-T T21946-A	NA NA	11	4904	0.002243	21847	21967
A21875-T G21987A	NA S:G142D	11	1445	0.007612	21867	21990
A21875-T C21952T	NA S:V130V	11	4827	0.002279	21867	21983
T25123-G	NA	10	12181	0.000821	25122	25147
T25025-AT	NA	10	15133	0.000661	24957	25069
T24946C C25000T	S:V1128V S:D1146D	10	8745	0.001144	24884	25069
T24856-G	NA	10	12278	0.000814	24850	24867
T24804A	S:I1081N	10	4356	0.002296	24793	24943
T24656C	S:C1032R	10	20131	0.000497	24612	24679
T24548C	S:L996L	10	43092	0.000232	24498	24564
T24501-C	NA	10	46618	0.000215	24481	24516
T24492A	S:L977*	10	47599	0.00021	24474	24499
T24491C	S:L977L	10	47629	0.00021	24473	24499
T24481C	S:I973I	10	46780	0.000214	24474	24564
T24469A C24536-AA	S:N969K NA	10	29525	0.000339	24465	24564
T24460C	S:L966L	10	23447	0.000426	24449	24564
T24243-A	NA	10	6378	0.001568	24229	24255
T24126-TA	NA	10	4557	0.002194	24022	24153
T23871C	S:I770T	10	18273	0.000547	23854	23882
T23866C	S:T768T	10	18390	0.000544	23856	23895
T23862C	S:L767S	10	18516	0.00054	23857	23881
T23840C	S:C760R	10	13760	0.000727	23806	23851
T23830-G C23854A	NA S:N764K	10	12361	0.000809	23817	23895
T23698+C	NA	10	83636	0.00012	23691	23708
T23689-A C23709-A	NA NA	10	81912	0.000122	23683	23724
T23662C	S:G700G	10	67985	0.000147	23650	23724
T23599G C23604A T23641-G G23666-A G23675-T	S:N679K S:P681H NA NA NA	10	62132	0.000161	23580	23710
T23599G C23604A G23666-A C23673T	S:N679K S:P681H NA S:S704L	10	62164	0.000161	23580	23718
T23599G C23604A G23608-C C23664T G23666-A	S:N679K S:P681H NA S:A701V NA	10	62318	0.00016	23580	23704
T23599G C23604A C23664+T	S:N679K S:P681H NA	10	62361	0.00016	23580	23724
T23599G C23604A C23609-G T23641-G G23666-A A23711-AT	S:N679K S:P681H NA NA NA NA	10	60850	0.000164	23580	23724
T23599G C23604A C23609-G A23711-AT	S:N679K S:P681H NA NA	10	60850	0.000164	23580	23724
T23599G C23604A A23696-T A23712-T	S:N679K S:P681H NA NA	10	60784	0.000165	23580	23724
T23599G C23604A A23668G T23722-A	S:N679K S:P681H S:E702E NA	10	60348	0.000166	23581	23724
T23599G C23604A A23651+T	S:N679K S:P681H NA	10	62583	0.00016	23584	23671
T23599G C23604A A23623G G23624T	S:N679K S:P681H S:V687V S:A688S	10	98610	0.000101	23580	23724
T23599G C23603+G C23604A	S:N679K NA S:P681D	10	98817	0.000101	23580	23724
T23590C T23599G	S:T676T S:N679K	10	98682	0.000101	23580	23724
T23590-C T23599G C23604A	NA S:N679K S:P681H	10	98616	0.000101	23581	23701
T23353C A23403G	S:V597V S:D614G	10	18712	0.000534	23335	23443
T23341C	S:G593G	10	21039	0.000475	23335	23358
T23337C C23525T	S:F592S S:H655Y	10	9923	0.001008	23335	23539
T23336C A23403G C23525T	S:F592L S:D614G S:H655Y	10	9809	0.001019	23335	23539
T23281C	S:T573T	10	13973	0.000716	23269	23290
T23278C	S:T572T	10	13961	0.000716	23269	23290
T23143-AA	NA	10	9336	0.001071	23104	23158
T23143-A C23230-A	NA NA	10	6595	0.001516	23090	23243
T23143-A A23157-T T23164-A	NA NA NA	10	8922	0.001121	23089	23177
T22942G G22992A C22995A A23013C T23018C T23019C T23031C	S:N460K S:S477N S:T478K S:E484A S:F486P S:F486P S:F490S	10	95	0.105263	22937	23038
T22882G T22896C G22898A	S:N440K S:V445A S:G446S	10	5686	0.001759	22868	22906
T22291C	S:A243A	10	9688	0.001032	22273	22319
T22045C	S:S161S	10	7078	0.001413	22002	22058
T22031C	S:F157L	10	7136	0.001401	22016	22058
G25313A	S:G1251R	10	29821	0.000335	25308	25323
G25302A	S:C1247Y	10	29306	0.000341	25278	25325
G25299-C G25302-T	NA NA	10	29110	0.000344	25281	25324
G25298A	S:G1246S	10	29071	0.000344	25281	25325
G25278A	S:S1239N	10	28260	0.000354	25223	25325
G25218-TT	NA	10	14951	0.000669	25209	25324
G25198-C A25216-G	NA NA	10	7890	0.001267	25191	25324
G24992-A	NA	10	15654	0.000639	24990	25069
G24743-T	NA	10	4218	0.002371	24729	24800
G24550A	S:L996L	10	43016	0.000232	24488	24564
G24488A	S:V976I	10	47407	0.000211	24470	24503
G24488-T C24517-A C24536-A	NA NA NA	10	42961	0.000233	24471	24551
G24488-T C24503-T C24672-A	NA NA NA	10	15655	0.000639	24482	24679
G24486+T G24510+T	NA NA	10	45093	0.000222	24474	24519
G24368A A24424T	S:D936N S:Q954H	10	2518	0.003971	24351	24424
G24140T T24141G	S:V860C S:V860C	10	5498	0.001819	24131	24188
G23835-T G23876+A	NA NA	10	11009	0.000908	23767	23885
G23726+T	NA	10	12886	0.000776	23683	23738
G23699A	S:A713T	10	83614	0.00012	23683	23724
G23501+T	NA	10	53776	0.000186	23487	23539
G23429A C23525T	S:A623T S:H655Y	10	13782	0.000726	23414	23539
G23364-A T23482-A C23525T	NA NA S:H655Y	10	10489	0.000953	23335	23539
G23364-A C23393-T A23403G	NA NA S:D614G	10	18858	0.00053	23335	23539
G23285A	S:A575T	10	14010	0.000714	23269	23290
G22813T T22882G G22895C T22896C G22898A T22929-TA G22932A T22942G A22948C	S:K417N S:N440K S:V445P S:V445P S:G446S NA S:R457K S:N460K S:K462N	10	3129	0.003196	22793	22966
G22809-A G22813T A22845-T T22882G	NA S:K417N NA S:N440K	10	7319	0.001366	22801	22892
G22317T T22333C	S:G252V S:G257G	10	1845	0.00542	22304	22350
G22317T G22403-A A22443-C	S:G252V NA NA	10	1228	0.008143	22246	22446
G22317T C22383-T	S:G252V NA	10	1588	0.006297	22311	22442
G22273-T G22317T	NA S:G252V	10	8548	0.00117	22252	22319
G21987A A21993-TT C22000A	S:G142D NA S:H146Q	10	1044	0.009579	21980	22058
G21974A	S:D138N	10	4688	0.002133	21847	21983
G21578-T C21618T T21632-TACCCCCTG	NA S:T19I S:DEL25/27	10	257	0.038911	21571	21664
C25416T T25475-TG T25478G	ORF3a:F8F NA ORF3a:V29G	10	10105	0.00099	25372	25552
C25416T C25452T	ORF3a:F8F ORF3a:I20I	10	10641	0.00094	25376	25500
C25416T A25562+T	ORF3a:F8F NA	10	3968	0.00252	25372	25566
C25254T	S:T1231I	10	26647	0.000375	25232	25325
C25000T T25053C	S:D1146D S:V1164A	10	14502	0.00069	24990	25067
C25000T A25056G	S:D1146D S:D1165G	10	14443	0.000692	24990	25069
C24964-A	NA	10	9401	0.001064	24869	24974
C24912T	S:T1117I	10	12612	0.000793	24895	24939
C24852-A C24899-A	NA NA	10	11209	0.000892	24850	24941
C24507+T	NA	10	46255	0.000216	24488	24532
C24455-A T24469A	NA S:N969K	10	23339	0.000428	24412	24518
C24431-A C24455-A	NA NA	10	22904	0.000437	24412	24563
C24421T A24424T	S:N953N S:Q954H	10	24140	0.000414	24412	24451
C24119-A G24164-A	NA NA	10	3326	0.003007	24021	24191
C24068-A	NA	10	5001	0.002	24040	24080
C24026-T A24110-T C24119-A T24126-TA	NA NA NA NA	10	3461	0.002889	24021	24149
C23859+T	NA	10	18301	0.000546	23767	23873
C23846T	S:Q762*	10	13760	0.000727	23835	23885
C23700T	S:A713V	10	83713	0.000119	23683	23724
C23609-G	NA	10	99486	0.000101	23592	23640
C23525T T23599G C23604A T23637-C	S:H655Y S:N679K S:P681H NA	10	34310	0.000291	23501	23642
C23525T T23599G C23604A G23612T	S:H655Y S:N679K S:P681H S:A684S	10	34992	0.000286	23492	23642
C23525T T23599G C23604A G23607T	S:H655Y S:N679K S:P681H S:R682L	10	34992	0.000286	23492	23642
C23525T T23599G C23603T C23604A	S:H655Y S:N679K S:P681Y S:P681Y	10	35002	0.000286	23487	23642
C23525T G23587C T23599G	S:H655Y S:Q675H S:N679K	10	35013	0.000286	23492	23629
C23525T G23567A T23599G C23604A	S:H655Y S:G669S S:N679K S:P681H	10	35002	0.000286	23488	23642
C23525T G23547+T T23599G C23604A	S:H655Y NA S:N679* S:P681Y	10	35002	0.000286	23502	23642
C23525T C23577A T23599G C23604A	S:H655Y S:A672D S:N679K S:P681H	10	35002	0.000286	23493	23642
C23496T C23525T T23599G C23604A	S:T645I S:H655Y S:N679K S:P681H	10	34361	0.000291	23488	23642
C23399-A A23403G C23525T	NA S:D614G S:H655Y	10	12060	0.000829	23335	23539
C23367-A T23377-A	NA NA	10	20594	0.000486	23335	23395
C23367-A G23402-A	NA NA	10	18924	0.000528	23335	23415
C23277T C23334-T	S:T572I NA	10	6526	0.001532	23269	23356
C23099-T T23143-A T23164-A C23230-AA G23236-T	NA NA NA NA NA	10	5116	0.001955	23089	23285
C23099-T T23143-A C23230-A	NA NA NA	10	6178	0.001619	23089	23242
C23099-T C23123A T23143-A	NA S:P521T NA	10	8861	0.001129	23089	23159
C22802+A T22882G	NA S:N440Q	10	7282	0.001373	22793	22889
C22000A G22014-T	S:H146Q NA	10	3719	0.002689	21996	22035
C21859T C21888-T	S:N99N NA	10	5481	0.001824	21847	21906
A25176G	S:K1205R	10	14447	0.000692	25141	25197
A25137-T T25191-A G25218-T C25262-TT	NA NA NA NA	10	6495	0.00154	25130	25320
A25137-T T25191-A G25218-T	NA NA NA	10	6590	0.001517	25130	25257
A24978G C25000T	S:D1139G S:D1146D	10	8970	0.001115	24943	25069
A24901-AT	NA	10	12604	0.000793	24850	24927
A24885-T A24922-T C24981-T C25000T	NA NA NA S:D1146D	10	8299	0.001205	24850	25011
A24753G	S:H1064R	10	4303	0.002324	24724	24790
A24591G	S:Q1010R	10	17386	0.000575	24513	24678
A24543G	S:D994G	10	43474	0.00023	24512	24563
A24539G	S:I993V	10	43799	0.000228	24470	24562
A24500+T	NA	10	47194	0.000212	24478	24528
A24479-T G24488-T C24503-T C24517-A	NA NA NA NA	10	43006	0.000233	24470	24527
A24439G	S:L959L	10	23450	0.000426	24412	24564
A24424T T24552C	S:Q954H S:I997T	10	20548	0.000487	24412	24564
A24424T T24501C	S:Q954H S:I980T	10	20896	0.000479	24416	24513
A24424T G24428+A C24536-A	S:Q954H NA NA	10	20700	0.000483	24416	24564
A24424T A24539G	S:Q954H S:I993V	10	20674	0.000484	24412	24564
A24424T A24539+T	S:Q954H NA	10	20674	0.000484	24412	24554
A24424T A24498G	S:Q954H S:D979G	10	20906	0.000478	24412	24564
A24424T A24479+T	S:Q954H NA	10	20992	0.000476	24412	24519
A24424T A24439G	S:Q954H S:L959L	10	21374	0.000468	24412	24543
A24170G	S:I870V	10	7983	0.001253	24151	24191
A24110-T C24119-A T24127-A	NA NA NA	10	3558	0.002811	24021	24191
A24110-T C24119-A G24140-T	NA NA NA	10	3480	0.002874	24057	24173
A24110-T C24119-A G24124-T C24150+T	NA NA NA NA	10	3415	0.002928	24021	24191
A23892G	S:N777S	10	14515	0.000689	23863	23895
A23853-C C23887-AA	NA NA	10	11470	0.000872	23767	23923
A23847+TC T23849A A23853-C	NA S:L763N NA	10	13356	0.000749	23790	23895
A23845G C23854A	S:T761T S:N764K	10	12897	0.000775	23835	23873
A23826G	S:Q755R	10	13963	0.000716	23772	23833
A23772-T	NA	10	14837	0.000674	23767	23794
A23767+T	NA	10	12246	0.000817	23723	23895
A23712G	S:N717S	10	82808	0.000121	23691	23724
A23712-T C23816-T G23835-T	NA NA NA	10	10005	0.001	23683	23854
A23711-AT G23735-A	NA NA	10	12630	0.000792	23690	23745
A23691G	S:N710S	10	83364	0.00012	23683	23724
A23598G C23604A	S:N679S S:P681H	10	98789	0.000101	23580	23642
A23588G T23599G	S:T676A S:N679K	10	98648	0.000101	23580	23642
A23456G C23525T	S:T632A S:H655Y	10	14416	0.000694	23403	23539
A23403G T23431-AT	S:D614G NA	10	18813	0.000532	23391	23443
A23403G T23425C C23525T	S:D614G S:P621P S:H655Y	10	12117	0.000825	23335	23532
A23403G A23440G	S:D614G S:A626A	10	18359	0.000545	23270	23443
A23403G A23436G C23525T	S:D614G S:H625R S:H655Y	10	12117	0.000825	23335	23539
A23382+C	NA	10	20860	0.000479	23335	23389
A23368C	S:T602T	10	21112	0.000474	23336	23376
A23359G	S:T599T	10	21379	0.000468	23335	23377
A23357G A23403G C23525T	S:T599A S:D614G S:H655Y	10	10408	0.000961	23335	23539
A23357G A23403G	S:T599A S:D614G	10	18768	0.000533	23335	23429
A23356G A23403G C23525T	S:I598M S:D614G S:H655Y	10	10404	0.000961	23342	23538
A23354+T	NA	10	21391	0.000467	23344	23362
A23329G A23403G	S:P589P S:D614G	10	6099	0.00164	23269	23443
A23233G	S:K557K	10	8135	0.001229	23089	23290
A23165T	S:K535*	10	9277	0.001078	23102	23290
A22872-T T22882G	NA S:N440K	10	7773	0.001287	22793	22889
A22798+G T22882G	NA S:N440Q	10	7212	0.001387	22793	22889
A22253G	S:I231V	10	8575	0.001166	22246	22319
A22052G	S:N164D	10	7061	0.001416	22000	22058
A21894+T	NA	10	5581	0.001792	21847	21909
A21875-T C21888-T A21964-T	NA NA NA	10	4654	0.002149	21867	21978
A21875-T C21888-T A21958-T	NA NA NA	10	4734	0.002112	21853	21981
