nt_mutations	aa_mutations	cluster_depth	total_depth	frequency	coverage_start	coverage_end
C23525T T23599G C23604A	S:H655Y S:N679K S:P681H	25947	45280	0.573034	23523	23605
T23599G C23604A	S:N679K S:P681H	12449	68849	0.180816	23594	23608
A24424T T24469A	S:Q954H S:N969K	7499	29538	0.253876	24422	24477
C25416T	ORF3a:F8F	6863	20085	0.341698	25384	25420
A24424T	S:Q954H	5634	31080	0.181274	24418	24424
A23403G	S:D614G	5502	23705	0.232103	23399	23407
C23854A	S:N764K	5297	16525	0.320545	23850	23871
C25000T	S:D1146D	4922	19674	0.250178	24998	25004
G22317T	S:G252V	3983	13209	0.301537	22315	22319
T24469A	S:N969K	3163	45763	0.069117	24465	24479
A23403G C23525T	S:D614G S:H655Y	2349	7579	0.309935	23399	23528
C24672-A	NA	2183	26038	0.083839	24631	24679
C23525T	S:H655Y	2138	54926	0.038925	23517	23528
G22813T T22882G G22895C T22896C G22898A T22942G	S:K417N S:N440K S:V445P S:V445P S:G446S S:N460K	2130	11442	0.186156	22809	22944
C24981-T C25000T	NA S:D1146D	2073	15147	0.136859	24930	25004
C25262-T	NA	2001	28371	0.07053	25252	25278
C21618T T21632-TACCCCCTG	S:T19I S:DEL25/27	1997	5173	0.386043	21609	21653
C23334-T	NA	1277	15966	0.079982	23288	23345
G22813T T22882G G22895C T22896C G22898A	S:K417N S:N440K S:V445P S:V445P S:G446S	1272	14956	0.085049	22808	22906
G21987A T21990-TTA C22000A	S:G142D S:DEL144 S:H146Q	1216	9697	0.1254	21975	22011
G22813T T22882G	S:K417N S:N440K	1191	18099	0.065805	22808	22886
G21987A	S:G142D	1171	11691	0.100163	21970	21990
G21987A T21990-TTA A21999-C	S:G142D S:DEL144 NA	1117	9697	0.11519	21974	22012
C23525T C23604A	S:H655Y S:P681H	1079	45280	0.02383	23517	23613
G23948T	S:D796Y	1078	4397	0.245167	23944	23951
T23599G	S:N679K	1016	68890	0.014748	23595	23603
G22813T T22882G G22895C T22896C G22898A T22930A T22942G	S:K417N S:N440K S:V445P S:V445P S:G446S S:F456L S:N460K	926	11442	0.08093	22808	22944
C23604A	S:P681H	827	68931	0.011998	23602	23613
C23525T T23599G	S:H655Y S:N679K	784	45304	0.017305	23520	23600
C23334-T A23403G	NA S:D614G	684	14996	0.045612	23296	23420
C23816-T	NA	635	19299	0.032903	23796	23827
T23599G C23604A C23664T	S:N679K S:P681H S:A701V	613	22618	0.027102	23581	23676
G22813T T22882G G22895C T22896C G22898A T22928C T22942G	S:K417N S:N440K S:V445P S:V445P S:G446S S:F456L S:N460K	599	11442	0.052351	22809	22949
T25189C	S:Y1209Y	595	25881	0.02299	25185	25199
C25416T G25555-T	ORF3a:F8F NA	575	12587	0.045682	25383	25566
A24424T T24469A T24472-G	S:Q954H S:N969K NA	573	29511	0.019416	24416	24547
C22000A	S:H146Q	558	10675	0.052272	21996	22032
T22942G	S:N460K	529	13454	0.039319	22938	22947
G22813T T22882G T22896C G22898A T22942G	S:K417N S:N440K S:V445A S:G446S S:N460K	497	11442	0.043436	22808	22944
T24469A C24672-A	S:N969K NA	485	14182	0.034198	24465	24679
C22109G T22200A G22317T	S:Q183E S:V213E S:G252V	455	2768	0.164379	22105	22319
T21632-TACCCCCTG	S:DEL25/27	435	5173	0.08409	21604	21657
C23816-T C23887-A	NA NA	432	15291	0.028252	23767	23895
T22882G	S:N440K	424	18902	0.022431	22876	22885
A24253-T	NA	419	7901	0.053031	24230	24265
G22813T T22882G G22895C T22896C G22898A T22930A	S:K417N S:N440K S:V445P S:V445P S:G446S S:F456L	384	12648	0.030361	22808	22933
G22813T	S:K417N	380	18755	0.020261	22808	22816
T24267-G	NA	378	7948	0.047559	24259	24303
C24536-A	NA	339	50892	0.006661	24525	24551
A24424T T24469A C24536-A	S:Q954H S:N969K NA	337	29101	0.01158	24415	24551
A23013C T23018C T23019C T23031C A23055G A23063T T23075C	S:E484A S:F486P S:F486P S:F490S S:Q498R S:N501Y S:Y505H	327	2653	0.123257	23008	23082
C23525T A23558-T T23599G C23604A	S:H655Y NA S:N679K S:P681H	326	45280	0.0072	23505	23624
G22813T T22882G G22895C G22898A	S:K417N S:N440K S:V445L S:G446S	323	14956	0.021597	22801	22906
T24469A T24472-G	S:N969K NA	304	45734	0.006647	24465	24560
T23599G C23604A C23673T	S:N679K S:P681H S:S704L	303	22575	0.013422	23593	23700
T21990-TTA C22000A	S:DEL144 S:H146Q	291	9697	0.030009	21975	22011
C24852-A C25000T	NA S:D1146D	261	14056	0.018569	24850	25009
C23887-A	NA	261	16306	0.016006	23854	23894
T22200A G22317T	S:V213E S:G252V	257	3517	0.073074	22196	22319
C25262-TT	NA	250	28371	0.008812	25252	25285
T22882G G22895C T22896C G22898A	S:N440K S:V445P S:V445P S:G446S	237	15753	0.015045	22877	22906
A24424T C24536-A	S:Q954H NA	237	29101	0.008144	24416	24546
C24981-T	NA	230	15504	0.014835	24949	24986
C25000T C25100-A	S:D1146D NA	224	3980	0.056281	24998	25113
T21990-TTA A21999-C	S:DEL144 NA	219	9697	0.022584	21974	22015
C23525T T23540C T23599G C23604A	S:H655Y S:Y660H S:N679K S:P681H	212	45280	0.004682	23499	23624
C25000T G25091+A	S:D1146D NA	204	4011	0.05086	24990	25198
C23854A G23948T	S:N764K S:D796Y	203	1620	0.125309	23849	23952
A23403G G23486-T C23525T	S:D614G NA S:H655Y	202	7579	0.026653	23397	23528
G25555-T	NA	198	12587	0.015731	25377	25566
T25191-A C25262-T	NA NA	197	20721	0.009507	25135	25289
A22320G	S:D253G	195	13151	0.014828	22311	22325
G24488-T	NA	190	51195	0.003711	24480	24499
C24672-A A24684-T	NA NA	190	6547	0.029021	24626	24698
C23525T A23586G T23599G C23604A	S:H655Y S:Q675R S:N679K S:P681H	187	45280	0.00413	23487	23611
C22109G T22200A	S:Q183E S:V213E	187	3459	0.054062	22105	22205
A24424T T24460C T24469A	S:Q954H S:L966L S:N969K	185	29538	0.006263	24413	24476
T25191-A	NA	184	26191	0.007025	25186	25199
G25218-T	NA	181	24167	0.00749	25209	25302
G21987A A21993-TTACC A21999C	S:G142D NA S:H146P	177	9697	0.018253	21965	22017
A24424T G24488-T	S:Q954H NA	176	29430	0.00598	24412	24518
C23123T	S:P521S	174	7678	0.022662	23115	23143
T25415-C	NA	171	20103	0.008506	25384	25429
C21618T	S:T19I	169	5323	0.031749	21600	21620
G23401T A23403G	S:Q613H S:D614G	168	23705	0.007087	23371	23429
C23525T T23599G C23604A G23624A	S:H655Y S:N679K S:P681H S:A688T	164	45204	0.003628	23516	23635
G22317T G22403-A	S:G252V NA	163	6612	0.024652	22315	22442
T24492-A	NA	162	51343	0.003155	24486	24562
C23525T T23599G C23604A G23608A	S:H655Y S:N679K S:P681H S:R682R	155	45264	0.003424	23492	23622
T23599G C23604A G23666-A	S:N679K S:P681H NA	153	22606	0.006768	23581	23689
C23525T C23575T T23599G C23604A	S:H655Y S:C671C S:N679K S:P681H	152	45280	0.003357	23487	23624
A23013C T23019C T23031C A23055G A23063T T23075C	S:E484A S:F486S S:F490S S:Q498R S:N501Y S:Y505H	151	2653	0.056917	23008	23131
T24472-G	NA	149	47856	0.003114	24465	24564
G22813T T22882G G22895C T22896C G22898A T22917G T22930A T22942G	S:K417N S:N440K S:V445P S:V445P S:G446S S:L452R S:F456L S:N460K	149	11442	0.013022	22809	22949
G22577C G22578A G22599C C22664A C22674T T22679C	S:G339H S:G339H S:R346T S:L368I S:S371F S:S373P	148	625	0.2368	22558	22682
T24470-TTG	S:DEL971	147	46021	0.003194	24466	24491
C23525T T23527G T23599G C23604A	S:H655* S:H655* S:N679K S:P681H	147	45280	0.003246	23501	23624
C23525T G23564A T23599G C23604A	S:H655Y S:A668T S:N679K S:P681H	147	45280	0.003246	23493	23624
G25302-T	NA	144	29322	0.004911	25294	25323
C23525T C23595T T23599G C23604A	S:H655Y S:T678I S:N679K S:P681H	144	45280	0.00318	23505	23624
A23515+G C23525T T23599G C23604A	NA S:H655S S:N679* S:P681Y	143	45212	0.003163	23492	23620
C23525T G23574A T23599G C23604A	S:H655Y S:C671Y S:N679K S:P681H	142	45280	0.003136	23501	23624
C23525T A23566G T23599G C23604A	S:H655Y S:A668A S:N679K S:P681H	142	45280	0.003136	23492	23624
T22200A	S:V213E	141	4263	0.033075	22195	22209
T22882G G22895C T22896C G22898A T22942G	S:N440K S:V445P S:V445P S:G446S S:N460K	139	12181	0.011411	22876	22946
A24684-T	NA	139	6805	0.020426	24673	24700
T25189C C25262-T	S:Y1209Y NA	138	20371	0.006774	25171	25299
C25416T G25429C	ORF3a:F8F ORF3a:V13L	137	19847	0.006903	25383	25445
C25294-A	NA	137	29137	0.004702	25286	25325
T24471-TG	NA	135	47811	0.002824	24465	24519
C23525T T23599G C23604A C23606T	S:H655Y S:N679K S:P681H S:R682W	135	45267	0.002982	23502	23637
T24469A C24536-A	S:N969K NA	132	44904	0.00294	24465	24563
T23599G C23604A C23683T	S:N679K S:P681H S:Y707Y	132	22526	0.00586	23581	23700
G23508-T C23525T T23599G C23604A	NA S:H655Y S:N679K S:P681H	132	45138	0.002924	23499	23615
G22813T T22882G T22896C G22898A T22930A T22942G	S:K417N S:N440K S:V445A S:G446S S:F456L S:N460K	132	11442	0.011536	22804	22944
C24536-AA	NA	132	50892	0.002594	24518	24558
A21979-T G21987A A21993-TTACC A21999C	NA S:G142D NA S:H146P	132	9697	0.013612	21913	22019
C25151+A	NA	130	23787	0.005465	25144	25210
C23585T T23599G C23604A	S:Q675* S:N679K S:P681H	130	68688	0.001893	23580	23642
C23525T C23585T T23599G C23604A	S:H655Y S:Q675* S:N679K S:P681H	130	45280	0.002871	23493	23624
T23599G C23604A A23712-T	S:N679K S:P681H NA	129	21931	0.005882	23589	23724
A23786-T C23854A	NA S:N764K	127	15641	0.00812	23772	23891
A24885+T C24981-T C25000T	NA NA S:D1146S	126	14587	0.008638	24852	25013
G22813T T22882G G22895C T22896C G22898A T22900-G	S:K417N S:N440K S:V445P S:V445P S:G446S NA	124	14956	0.008291	22801	22914
T21934-A G21987A T21990-TTA A21999-C	NA S:G142D S:DEL144 NA	123	7793	0.015783	21914	22032
G25218-T C25262-T	NA NA	119	24086	0.004941	25134	25287
T23599G C23604A G23699T	S:N679K S:P681H S:A713S	118	22414	0.005265	23580	23700
A24324-AT	NA	118	7702	0.015321	24262	24335
C23525T T23599G T23600C C23604A	S:H655Y S:N679K S:S680P S:P681H	117	45280	0.002584	23505	23633
T21934-A G21987A T21990-TTA C22000A	NA S:G142D S:DEL144 S:H146Q	116	7793	0.014885	21906	22043
C23525T A23550G T23599G C23604A	S:H655Y S:D663G S:N679K S:P681H	115	45280	0.00254	23498	23622
A21875-T	NA	115	11626	0.009892	21869	21890
T23599G C23604A G23611T	S:N679K S:P681H S:R683R	114	68814	0.001657	23593	23692
T22882G G22895C G22898A	S:N440K S:V445L S:G446S	114	15753	0.007237	22876	22906
T24267-G A24424T	NA S:Q954H	112	868	0.129032	24259	24424
G21586+T	NA	112	6269	0.017866	21451	21593
C25000T A25045G	S:D1146D S:S1161S	112	18710	0.005986	24998	25065
C23525T T23599G C23604A T23605A	S:H655Y S:N679K S:P681Q S:P681Q	110	45267	0.00243	23510	23624
C24852-A	NA	108	16938	0.006376	24850	24876
C23854A C23887-A	S:N764K NA	107	15898	0.00673	23792	23895
C23525T A23544G T23599G C23604A	S:H655Y S:E661G S:N679K S:P681H	107	45280	0.002363	23501	23624
A24424T T24469A C24536-AA	S:Q954H S:N969K NA	107	29101	0.003677	24417	24558
A24424T T24460C	S:Q954H S:L966L	107	29599	0.003615	24412	24468
A22101T C22109G T22200A G22317T	Unknown S:Q183E S:V213E S:G252V	107	2587	0.041361	22100	22319
G22813T T22882G T22896C G22898A	S:K417N S:N440K S:V445A S:G446S	106	14956	0.007087	22793	22906
A23712+T	NA	104	41849	0.002485	23705	23723
G21987A T21990-TTA	S:G142D S:DEL144	103	11572	0.008901	21974	22012
C23525T A23594G T23599G C23604A	S:H655Y S:T678A S:N679K S:P681H	103	45280	0.002275	23487	23633
C24517-A C24672-A	NA NA	101	19075	0.005295	24504	24679
C25239T	S:A1226V	99	25071	0.003949	25217	25247
C24320-A	NA	99	7884	0.012557	24313	24332
C25000T C25100-A T25191-A	S:D1146D NA NA	97	3491	0.027786	24998	25198
G24488-T C24672-A	NA NA	96	18813	0.005103	24486	24679
T23511+A C23525T T23599G C23604A	NA S:H655S S:N679* S:P681Y	95	45183	0.002103	23493	23630
T24660C	S:V1033A	92	26252	0.003504	24612	24669
C25000T T25191-A	S:D1146D NA	92	3491	0.026353	24998	25198
C24517-A	NA	92	51114	0.0018	24489	24529
C23525T T23599G C23604A C23635T	S:H655Y S:N679K S:P681H S:S691S	92	44641	0.002061	23520	23637
A23796G C23854A	S:D745G S:N764K	92	15758	0.005838	23733	23881
C25416T C25517-T	ORF3a:F8F NA	90	13963	0.006446	25372	25527
C23367+A	NA	90	25185	0.003574	23335	23377
T25382+A	NA	89	20608	0.004319	25372	25406
T23143-A	NA	89	7692	0.01157	23097	23159
G25127-T	NA	89	21186	0.004201	25122	25144
C23525T A23531G T23599G C23604A	S:H655Y S:N657D S:N679K S:P681H	89	45280	0.001966	23505	23629
A23013C T23018C T23019C T23031C A23055G T23075C	S:E484A S:F486P S:F486P S:F490S S:Q498R S:Y505H	89	2653	0.033547	23008	23079
G22813T G22895C T22896C G22898A T22942G	S:K417N S:V445P S:V445P S:G446S S:N460K	88	11442	0.007691	22804	22946
C23525T T23548C T23599G C23604A	S:H655Y S:C662C S:N679K S:P681H	88	45280	0.001943	23492	23637
A23497G C23525T T23599G C23604A	S:T645T S:H655Y S:N679K S:P681H	88	44740	0.001967	23492	23624
T25189C T25303A	S:Y1209Y S:C1247*	87	20244	0.004298	25182	25325
G24971+T C24981-T C25000T	NA NA S:D1146S	87	15072	0.005772	24857	25014
G23835-T C23854A	NA S:N764K	87	16110	0.0054	23811	23881
G22813T T22882G T22896C G22898A T22928C T22942G	S:K417N S:N440K S:V445A S:G446S S:F456L S:N460K	87	11442	0.007604	22804	22966
G21569-T C21618T T21632-TACCCCCTG	NA S:T19I S:DEL25/27	85	4710	0.018047	21553	21659
C23525T A23588G T23599G C23604A	S:H655Y S:T676A S:N679K S:P681H	85	45280	0.001877	23487	23624
G24000A	S:S813N	84	2634	0.031891	23988	24089
A24424T T24469A G24488-T	S:Q954H S:N969K NA	84	29430	0.002854	24412	24546
A24424T T24438+A	S:Q954H NA	84	29826	0.002816	24412	24448
A24318-C	NA	84	7998	0.010503	24301	24332
C23525T T23599G T23602C C23604A	S:H655Y S:N679K S:S680S S:P681H	83	45280	0.001833	23487	23637
T23031C A23055G A23063T T23075C	S:F490S S:Q498R S:N501Y S:Y505H	82	3076	0.026658	23025	23095
G23735+A	NA	82	17703	0.004632	23685	23746
C23525T A23552G T23599G C23604A	S:H655Y S:I664V S:N679K S:P681H	82	45280	0.001811	23487	23624
C22109G	S:Q183E	82	3748	0.021878	22105	22125
T23599G C23604A T23641-G C23664T	S:N679K S:P681H NA S:A701V	81	22618	0.003581	23581	23686
T23075C	S:Y505H	81	3469	0.02335	23071	23130
G25181+A	NA	81	25281	0.003204	25174	25325
G22813T T22882G G22895C T22896C G22898A G22927T T22928C T22942G	S:K417N S:N440K S:V445P S:V445P S:G446S S:L455F S:F456L S:N460K	81	11442	0.007079	22806	22949
C23280T A23403G	S:T573I S:D614G	81	14543	0.00557	23272	23423
A23497-C C23525T T23599G C23604A	NA S:H655Y S:N679K S:P681H	81	44740	0.00181	23488	23625
T25316-C	NA	80	29416	0.00272	25305	25320
C23525T T23599G C23604A A23639-T	S:H655Y S:N679K S:P681H NA	80	44063	0.001816	23493	23642
C23525T A23539G T23599G C23604A	S:H655Y S:S659S S:N679K S:P681H	80	45280	0.001767	23505	23637
C25416T T25461-A	ORF3a:F8F NA	79	19074	0.004142	25381	25477
C23525T G23547A T23599G C23604A	S:H655Y S:C662Y S:N679K S:P681H	79	45280	0.001745	23509	23637
A23013C T23018C T23019C T23031C A23055G	S:E484A S:F486P S:F486P S:F490S S:Q498R	78	2809	0.027768	23008	23060
T23164-A	NA	77	7560	0.010185	23158	23181
G23768-T	NA	77	19747	0.003899	23767	23778
A24803-T	NA	77	7980	0.009649	24770	24806
C23525T T23529C T23599G C23604A	S:H655Y S:V656A S:N679K S:P681H	76	45280	0.001678	23505	23634
C23280T	S:T573I	76	20023	0.003796	23274	23290
A24424T C24536-AA	S:Q954H NA	76	29101	0.002612	24415	24564
G24971+T C25000T	NA S:D1146S	75	15072	0.004976	24856	25005
C21552+A C21618T T21632-TACCCCCTG	NA S:T19F S:DEL25/27	75	4075	0.018405	21545	21664
T23599G C23604A A23704+C	S:N679K S:P681H NA	74	22171	0.003338	23580	23716
G24140-T	NA	74	810	0.091358	24120	24164
A24424T T24471-TG	S:Q954H NA	74	29511	0.002508	24418	24558
T23599G C23604A C23615A	S:N679K S:P681H S:R685S	73	68793	0.001061	23581	23700
T22882G G22895C T22896C G22898A T22930A	S:N440K S:V445P S:V445P S:G446S S:F456L	73	13422	0.005439	22876	22933
C24503-T	NA	73	51215	0.001425	24493	24513
C23399+T C23525T	NA S:H655S	73	7555	0.009662	23336	23532
A24424T T24469A T24472-G C24536-A	S:Q954H S:N969K NA NA	73	29101	0.002509	24412	24559
A23786+T	NA	72	19657	0.003663	23767	23796
G22813T T22882G G22895C G22898A T22930A	S:K417N S:N440K S:V445L S:G446S S:F456L	71	12648	0.005614	22793	22933
C23123A C23266T	S:P521T S:D568D	71	3672	0.019336	23112	23276
A21979-T G21987A T21990-TTA A21999-CAA	NA S:G142D S:DEL144 S:DEL147	71	9697	0.007322	21962	22024
G22809-A G22813T T22882G	NA S:K417N S:N440K	70	18088	0.00387	22799	22887
C23525T T23537C T23599G C23604A	S:H655Y S:S659P S:N679K S:P681H	70	45280	0.001546	23507	23624
G22317T C22383+T	S:G252V NA	69	7163	0.009633	22272	22395
C23525T T23599G C23604A A23623G	S:H655Y S:N679K S:P681H S:V687V	69	45228	0.001526	23494	23634
C23525T T23584C T23599G C23604A	S:H655Y S:Y674Y S:N679K S:P681H	69	45280	0.001524	23501	23633
G24933T C25000T	S:G1124V S:D1146D	68	14801	0.004594	24862	25015
G22813T T22882G G22895C T22896C G22898A T22913C T22942G	S:K417N S:N440K S:V445P S:V445P S:G446S S:Y451H S:N460K	68	11442	0.005943	22793	22948
G22577C G22578A G22599C C22664A T22679C	S:G339H S:G339H S:R346T S:L368I S:S373P	68	625	0.1088	22495	22682
C22109G C22120-A T22200A G22317T	S:Q183E NA S:V213E S:G252V	68	2768	0.024566	22105	22319
A24424T C24466+A	S:Q954H NA	68	29554	0.002301	24420	24476
T22882G T22896C G22898A T22942G	S:N440K S:V445A S:G446S S:N460K	67	12181	0.0055	22875	22956
G25198-C	NA	67	26602	0.002519	25190	25210
G24293A	S:V911I	67	8231	0.00814	24241	24313
G23948T G23955+T	S:D796Y NA	67	3999	0.016754	23941	23963
G22813T T22882G G22898A T22942G	S:K417N S:N440K S:G446S S:N460K	67	11442	0.005856	22806	22966
C23525T T23599G C23604A T23629C	S:H655Y S:N679K S:P681H S:S689S	67	44832	0.001494	23492	23637
C23525T T23582C T23599G C23604A	S:H655Y S:Y674H S:N679K S:P681H	66	45280	0.001458	23487	23642
A24424T T24469A A24551-T	S:Q954H S:N969K NA	66	28954	0.002279	24412	24563
A24424T C24435-T T24469A	S:Q954H NA S:N969K	66	29538	0.002234	24412	24564
T22882G G22895C T22896C G22898A T22930A T22942G	S:N440K S:V445P S:V445P S:G446S S:F456L S:N460K	65	12181	0.005336	22876	22945
T21976-C G21987A T21990-TTA C22000A	NA S:G142D S:DEL144 S:H146Q	65	9690	0.006708	21967	22040
G23401T A23403G C23525T	S:Q613H S:D614G S:H655Y	65	7579	0.008576	23349	23532
C23854A G23867A	S:N764K S:G769R	65	16319	0.003983	23833	23874
C21516+T C21618T T21632-TACCCCCTG	NA S:T19F S:DEL25/27	65	2911	0.022329	21509	21653
T23599G C23604A A23651G	S:N679K S:P681H S:M697V	64	22687	0.002821	23581	23696
C25416T C25546+T	ORF3a:F8F NA	64	12756	0.005017	25372	25559
C23525T C23533-A T23599G C23604A	S:H655Y NA S:N679K S:P681H	64	45280	0.001413	23493	23624
T25140-A	NA	63	22982	0.002741	25133	25210
G25135T C25207T	S:K1191N S:Y1215Y	63	21451	0.002937	25130	25244
T23599G C23604A C23679-T	S:N679K S:P681H NA	62	22552	0.002749	23581	23717
G22813T T22896C G22898A T22942G	S:K417N S:V445A S:G446S S:N460K	62	11442	0.005419	22799	22944
G21578-T C21618T T21632-TACCCCCTG	NA S:T19I S:DEL25/27	62	4946	0.012535	21570	21659
A24922+T C24981-T C25000T	NA NA S:D1146S	62	14765	0.004199	24850	25010
A24424T C24435-T	S:Q954H NA	62	29847	0.002077	24414	24461
A23013C T23018C T23019C T23031C A23055G A23063T	S:E484A S:F486P S:F486P S:F490S S:Q498R S:N501Y	62	2770	0.022383	23008	23067
T23599G C23604A T23641-G	S:N679K S:P681H NA	61	67207	0.000908	23581	23659
G25429C	ORF3a:V13L	61	19847	0.003074	25383	25454
G25287-T	NA	61	29027	0.002101	25278	25316
G24655T	S:E1031D	61	26282	0.002321	24497	24659
C23525T T23599G C23604G	S:H655Y S:N679K S:P681R	61	45280	0.001347	23501	23625
C23525T T23590C T23599G C23604A	S:H655Y S:T676T S:N679K S:P681H	61	45280	0.001347	23521	23624
C23525T A23532G T23599G C23604A	S:H655Y S:N657S S:N679K S:P681H	61	45280	0.001347	23487	23642
C22033A	S:F157L	61	12005	0.005081	22027	22054
T25303A	S:C1247*	60	29332	0.002046	25282	25324
T23637-C	NA	60	69256	0.000866	23630	23642
T23599G C23604A A23712+T	S:N679K S:P681H NA	60	21931	0.002736	23580	23724
T23596+A T23599G C23604A	NA S:N679* S:P681Y	60	68846	0.000872	23581	23622
G21987A T21991-TA C22000A	S:G142D NA S:H146Q	60	9697	0.006187	21977	22043
G21987A T21990-TTA C22000A C22033A	S:G142D S:DEL144 S:H146Q S:F157L	60	9356	0.006413	21973	22051
C24981-T C25000T A25045G	NA S:D1146D S:S1161S	60	14292	0.004198	24857	25069
C23525T T23546C T23599G C23604A	S:H655Y S:C662R S:N679K S:P681H	60	45280	0.001325	23487	23635
A23513G C23525T T23599G C23604A	S:I651V S:H655Y S:N679K S:P681H	60	45194	0.001328	23499	23629
T25148+A	NA	59	23643	0.002495	25141	25210
G21987A T21990-TTA A21999-C C22033A	S:G142D S:DEL144 NA S:F157L	59	9356	0.006306	21971	22043
C23525T T23542C T23599G C23604A	S:H655Y S:Y660Y S:N679K S:P681H	59	45280	0.001303	23501	23638
A23588G T23599G C23604A	S:T676A S:N679K S:P681H	59	68741	0.000858	23580	23642
G25177+A	NA	58	25132	0.002308	25170	25210
G24933T C24981-T C25000T	S:G1124V NA S:D1146D	58	14801	0.003919	24850	25010
G23486-T C23525T	NA S:H655Y	58	8196	0.007077	23471	23532
G22813T T22882G G22898A	S:K417N S:N440K S:G446S	58	14956	0.003878	22800	22906
C25416T T25496A	ORF3a:F8F ORF3a:I35K	58	14996	0.003868	25372	25566
C25416T C25460T	ORF3a:F8F ORF3a:A23V	58	19114	0.003034	25372	25521
G23519A C23525T T23599G C23604A	S:A653T S:H655Y S:N679K S:P681H	56	45261	0.001237	23496	23637
G23364-A A23403G C23525T	NA S:D614G S:H655Y	56	7079	0.007911	23351	23537
G22813T T22882G T22942G	S:K417N S:N440K S:N460K	56	11442	0.004894	22806	22966
T23491C C23525T T23599G C23604A	S:F643F S:H655Y S:N679K S:P681H	55	44325	0.001241	23487	23629
G22813T T22882G G22895C T22896C G22898A A22914-C T22942G	S:K417N S:N440K S:V445P S:V445P S:G446S NA S:N460K	55	11442	0.004807	22801	22966
G22813T T22882G G22895C	S:K417N S:N440K S:V445L	55	17459	0.00315	22793	22906
C23280T C23334-T	S:T573I NA	55	15456	0.003558	23276	23361
T25382+A C25416T	NA ORF3a:F8L	54	19958	0.002706	25372	25430
T23521C C23525T T23599G C23604A	S:A653A S:H655Y S:N679K S:P681H	54	45277	0.001193	23501	23642
T23143-A T23164-A	NA NA	54	7382	0.007315	23126	23182
G22813T G22895C T22896C G22898A	S:K417N S:V445P S:V445P S:G446S	54	14956	0.003611	22795	22906
C25416T A25472+T	ORF3a:F8F NA	54	18882	0.00286	25372	25485
A24424T T24472-G	S:Q954H NA	54	29511	0.00183	24417	24564
T23599G C23604A T23693C	S:N679K S:P681H S:S711P	53	22458	0.00236	23593	23699
C25416T G25527+C	ORF3a:F8F NA	53	13234	0.004005	25372	25535
C23525T T23599G C23604A T23620C	S:H655Y S:N679K S:P681H S:S686S	53	45238	0.001172	23501	23637
C23525T T23581C T23599G C23604A	S:H655Y S:S673S S:N679K S:P681H	53	45280	0.00117	23501	23642
C23525T A23534G T23599G C23604A	S:H655Y S:N658D S:N679K S:P681H	53	45280	0.00117	23499	23625
C22109G T22200A G22218-T G22317T	S:Q183E S:V213E NA S:G252V	53	2768	0.019147	22105	22319
A25420+T	NA	53	20012	0.002648	25383	25429
A23013C T23018C T23019C T23031C A23063T T23075C	S:E484A S:F486P S:F486P S:F490S S:N501Y S:Y505H	53	2653	0.019977	23008	23078
T24643-A C24672-A	NA NA	52	25873	0.00201	24616	24679
T23599G C23604A G23628A	S:N679K S:P681H S:S689N	52	68308	0.000761	23580	23700
C25416T A25472-T	ORF3a:F8F NA	52	18882	0.002754	25381	25477
G21569-T	NA	51	6288	0.008111	21464	21581
A21979-T G21987A T21990-TTA A21999-C	NA S:G142D S:DEL144 NA	51	9697	0.005259	21965	22017
G25278-T	NA	50	28876	0.001732	25266	25312
G23508+T C23525T T23599G C23604A	NA S:H655S S:N679* S:P681Y	50	45138	0.001108	23487	23622
G22813T T22882G G22895C T22896C G22898A T22917G T22942G	S:K417N S:N440K S:V445P S:V445P S:G446S S:L452R S:N460K	50	11442	0.00437	22793	22964
G21508-A	NA	50	4386	0.0114	21451	21564
C23525T T23599G C23604A A23631G	S:H655Y S:N679K S:P681H S:Q690R	50	44758	0.001117	23504	23642
A25188G	S:Y1209C	50	25869	0.001933	25181	25210
T25414C C25416T	ORF3a:F8L ORF3a:F8L	49	20085	0.00244	25381	25459
T23716C C23854A	S:F718F S:N764K	49	13190	0.003715	23702	23895
T23509C C23525T T23599G C23604A	S:C649C S:H655Y S:N679K S:P681H	49	45162	0.001085	23487	23637
T22882G G22895C T22896C G22898A T22928C T22942G	S:N440K S:V445P S:V445P S:G446S S:F456L S:N460K	49	12181	0.004023	22877	22952
C23525T T23599G C23604A T23617C	S:H655Y S:N679K S:P681H S:R685R	49	45243	0.001083	23496	23624
C23525T T23569C T23599G C23604A	S:H655Y S:G669G S:N679K S:P681H	49	45280	0.001082	23488	23642
A25397-T	NA	49	20518	0.002388	25381	25408
A24677G	S:R1039G	49	25974	0.001887	24638	24679
T25171-G	NA	48	24877	0.001929	25164	25210
T24643+A	NA	48	26320	0.001824	24626	24676
G23955+T	NA	48	4536	0.010582	23941	23968
C25169T	S:L1203F	48	24778	0.001937	25151	25190
C24503-T C24672-A	NA NA	48	19019	0.002524	24473	24679
C23816-T C23854A	NA S:N764K	48	15917	0.003016	23767	23872
C23230-A	NA	48	4168	0.011516	23108	23248
C21618T C21622A T21632-TACCCCCTG	S:T19I S:T20T S:DEL25/27	48	5173	0.009279	21576	21659
A24424T T24469A A24479-T	S:Q954H S:N969K NA	48	29484	0.001628	24421	24519
A23403G C23430T	S:D614G S:A623V	48	23207	0.002068	23296	23443
T24414-G T24469A	NA S:N969K	47	29312	0.001603	24412	24564
T23599G T23600C C23604A	S:N679K S:S680P S:P681H	47	68849	0.000683	23581	23640
T23599G C23604A T23654C	S:N679K S:P681H S:S698P	47	22663	0.002074	23580	23664
T23599G C23604A G23675-T	S:N679K S:P681H NA	47	22566	0.002083	23586	23699
G25299-C	NA	47	29248	0.001607	25289	25324
G23505A C23525T T23599G C23604A	S:G648D S:H655Y S:N679K S:P681H	47	45043	0.001043	23487	23637
G22813T T22882G G22895C T22896C G22898A T22942G A22948-C	S:K417N S:N440K S:V445P S:V445P S:G446S S:N460K NA	47	11082	0.004241	22793	22966
C23525T T23527C T23599G C23604A	S:H655Y S:H655Y S:N679K S:P681H	47	45280	0.001038	23487	23634
A24424T A24551-T	S:Q954H NA	47	28954	0.001623	24412	24564
T24643-A	NA	46	26320	0.001748	24638	24654
G22813T T22882G G22895C T22896C G22898A T22928C	S:K417N S:N440K S:V445P S:V445P S:G446S S:F456L	46	12725	0.003615	22804	22934
C23664T	S:A701V	46	24260	0.001896	23660	23715
C23525T T23599G C23604A A23618G	S:H655Y S:N679K S:P681H S:S686G	46	45242	0.001017	23487	23633
T23507C C23525T T23599G C23604A	S:C649R S:H655Y S:N679K S:P681H	45	45123	0.000997	23493	23637
T23500C C23525T T23599G C23604A	S:R646R S:H655Y S:N679K S:P681H	45	44844	0.001003	23487	23631
G24524A	S:E988K	45	51049	0.000882	24488	24564
G22813T T22882G T22896C T22942G	S:K417N S:N440K S:V445A S:N460K	45	11442	0.003933	22803	22966
C23525T T23599G C23604A C23625T	S:H655Y S:N679K S:P681H S:A688V	45	45194	0.000996	23492	23639
A25190+G	NA	45	25930	0.001735	25183	25325
A23523G C23525T T23599G C23604A	S:E654G S:H655Y S:N679K S:P681H	45	45279	0.000994	23487	23624
T23599G C23604A C23609-G	S:N679K S:P681H NA	44	68821	0.000639	23590	23631
G22809-A G22813T T22882G G22895C T22896C G22898A	NA S:K417N S:N440K S:V445P S:V445P S:G446S	44	14946	0.002944	22793	22906
G22809-A G22813T	NA S:K417N	44	18744	0.002347	22800	22823
C23525T T23599G C23604A T23622C	S:H655Y S:N679K S:P681H S:V687A	44	45232	0.000973	23505	23637
C23525T T23599G C23604A C23613T	S:H655Y S:N679K S:P681H S:A684V	44	45257	0.000972	23487	23625
C23525T A23592G T23599G C23604A	S:H655Y S:Q677R S:N679K S:P681H	44	45280	0.000972	23487	23626
C23525T A23572G T23599G C23604A	S:H655Y S:I670M S:N679K S:P681H	44	45280	0.000972	23487	23637
C23360T G23401T A23403G	S:P600S S:Q613H S:D614G	44	22909	0.001921	23302	23443
C23298T A23403G	S:P579L S:D614G	44	14937	0.002946	23296	23443
A23503G C23525T T23599G C23604A	S:A647A S:H655Y S:N679K S:P681H	44	45023	0.000977	23487	23641
A21875-T A21979-T G21987A A21993-TTACC A21999C	NA NA S:G142D NA S:H146P	44	7275	0.006048	21867	22023
T24499+A	NA	43	51316	0.000838	24488	24525
T24438+A	NA	43	30280	0.00142	24413	24451
T23278-A	NA	43	20007	0.002149	23269	23290
G22813T T22882G T22896C G22898A A22914-C T22942G	S:K417N S:N440K S:V445A S:G446S NA S:N460K	43	11442	0.003758	22805	22949
G22317T T22392-A	S:G252V NA	43	6947	0.00619	22246	22406
C25517-T	NA	43	13963	0.00308	25372	25534
C24466+A	NA	43	45662	0.000942	24465	24477
C23525T T23599G C23604A C23609T	S:H655Y S:N679K S:P681H S:R683W	43	45263	0.00095	23493	23642
C23525T A23554G T23599G C23604A	S:H655Y S:I664M S:N679K S:P681H	43	45280	0.00095	23488	23642
C23103-T	NA	43	7689	0.005592	23093	23133
A25274G	S:T1238A	43	28769	0.001495	25265	25325
A24424T T24469A T24548C	S:Q954H S:N969K S:L996L	43	28978	0.001484	24412	24564
A23013C T23018C T23019C T23031C A23055G A23063T T23075C T23143-A	S:E484A S:F486P S:F486P S:F490S S:Q498R S:N501Y S:Y505H NA	43	2351	0.01829	23008	23155
T25263C	S:L1234P	42	28434	0.001477	25259	25321
T23599G C23604A A23623G	S:N679K S:P681H S:V687V	42	68746	0.000611	23580	23642
T23489C C23525T T23599G C23604A	S:F643L S:H655Y S:N679K S:P681H	42	44297	0.000948	23487	23624
T23143-A T23164-A C23230-A	NA NA NA	42	3908	0.010747	23129	23242
G22927T T22942G	S:L455F S:N460K	42	13087	0.003209	22922	22967
C25466-T	NA	42	18992	0.002211	25381	25475
C23525T T23553C T23599G C23604A	S:H655Y S:I664T S:N679K S:P681H	42	45280	0.000928	23487	23634
A25295G	S:K1245E	42	29166	0.00144	25278	25325
A24885+T	NA	42	17371	0.002418	24867	24898
A23013C T23018C T23019C T23031C	S:E484A S:F486P S:F486P S:F490S	42	2901	0.014478	23008	23033
A22798+G G22813T T22882G	NA S:K417N S:N440Q	42	17820	0.002357	22793	22893
A22101T C22109G T22200A	Unknown S:Q183E S:V213E	42	3223	0.013031	22100	22204
T25191-A C25262-TT	NA NA	41	20721	0.001979	25122	25320
T24469A C24536-AA	S:N969K NA	41	44904	0.000913	24465	24564
T23599G C23604A T23686C	S:N679K S:P681H S:S708S	41	22500	0.001822	23580	23700
T23599G C23604A T23652C	S:N679K S:P681H S:M697T	41	22681	0.001808	23580	23724
G21987A T21991-TA A21999-C	S:G142D NA NA	41	9697	0.004228	21975	22011
C24672-A A24803-T	NA NA	41	5698	0.007196	24612	24806
C23525T T23599G C23604A T23637C	S:H655Y S:N679K S:P681H S:I692T	41	44486	0.000922	23487	23641
C23525T T23560C T23599G C23604A	S:H655Y S:I666I S:N679K S:P681H	41	45280	0.000905	23487	23640
C21978A G21987A T21990-TTA C22000A	S:P139Q S:G142D S:DEL144 S:H146Q	41	9697	0.004228	21960	22058
A25253G	S:T1231A	41	28165	0.001456	25219	25325
T25187C	S:Y1209H	40	25892	0.001545	25172	25190
T23019C T23031C A23055G A23063T T23075C	S:F486S S:F490S S:Q498R S:N501Y S:Y505H	40	2655	0.015066	23008	23224
G22813T T22882G G22895C G22898A T22930A T22942G	S:K417N S:N440K S:V445L S:G446S S:F456L S:N460K	40	11442	0.003496	22801	22944
C24223T	S:T887T	40	6309	0.00634	24161	24237
A25327-T	NA	40	3070	0.013029	25306	25338
A24885-T C24981-T C25000T	NA NA S:D1146D	40	14587	0.002742	24850	25065
A23786+T C23816-T	NA NA	40	19020	0.002103	23683	23827
A23055G A23063T T23075C	S:Q498R S:N501Y S:Y505H	40	3241	0.012342	23051	23092
A21971-ATGATCCATTTTTGGGTGTTTATT A21999-C	S:DEL138/145 NA	40	9560	0.004184	21891	22058
T24514C	S:L984L	39	51144	0.000763	24493	24552
T24469A G24488-T	S:N969K NA	39	45648	0.000854	24465	24505
T23599G C23604A T23680C	S:N679K S:P681H S:A706A	39	22536	0.001731	23580	23709
T23599G C23604A A23656G	S:N679K S:P681H S:S698S	39	22659	0.001721	23580	23701
G22813T T22882G G22895C G22898A T22942G	S:K417N S:N440K S:V445L S:G446S S:N460K	39	11442	0.003408	22793	22966
G22813T T22863C T22882G G22895C T22896C G22898A T22942G	S:K417N S:I434T S:N440K S:V445P S:V445P S:G446S S:N460K	39	11442	0.003408	22796	22957
G22014-T	NA	39	11897	0.003278	22007	22054
C25416T A25448G	ORF3a:F8F ORF3a:E19G	39	19381	0.002012	25381	25477
C23525T T23599G C23604A A23614G	S:H655Y S:N679K S:P681H S:A684A	39	45252	0.000862	23487	23634
A24479-T	NA	39	50491	0.000772	24476	24499
A24424T C24455-A	S:Q954H NA	39	29681	0.001314	24412	24474
A24110-T	NA	39	759	0.051383	24075	24122
A23403G A23436G C23525T	S:D614G S:H625R S:H655Y	39	7579	0.005146	23335	23532
A23354T A23403G	S:I598L S:D614G	39	22879	0.001705	23285	23443
A23063T T23075C	S:N501Y S:Y505H	39	3285	0.011872	23059	23224
T25319C	S:C1253R	38	29350	0.001295	25291	25325
T25268C	S:C1236R	38	28615	0.001328	25251	25325
T25237C	S:I1225I	38	25036	0.001518	25219	25264
T23817C C23854A	S:L752P S:N764K	38	15926	0.002386	23775	23895
T23689-A	NA	38	42101	0.000903	23683	23707
T23487C C23525T T23599G C23604A	Unknown S:H655Y S:N679K S:P681H	38	27625	0.001376	23486	23642
T22200A A22206-T G22317T	S:V213E NA S:G252V	38	3517	0.010805	22195	22319
C25262-T A25327-T	NA NA	38	2800	0.013571	25251	25350
C23887A A23888C G23948T	S:D775E S:K776Q S:D796Y	38	1779	0.02136	23876	23978
C23525T T23599G C23604A T23626C	S:H655Y S:N679K S:P681H S:A688A	38	44901	0.000846	23493	23642
C23525T T23599G C23604A A23632G	S:H655Y S:N679K S:P681H S:Q690Q	38	44738	0.000849	23487	23642
C22109G C22120-A T22200A	S:Q183E NA S:V213E	38	3459	0.010986	22105	22206
A24885-T C25000T	NA S:D1146D	38	14587	0.002605	24865	25015
A24323-AAT	S:DEL922	38	7768	0.004892	24233	24337
A23495G C23525T T23599G C23604A	S:T645A S:H655Y S:N679K S:P681H	38	44713	0.00085	23487	23642
A23403G C23525T T23529-C	S:D614G S:H655Y NA	38	7562	0.005025	23380	23535
T25307C	S:S1249P	37	29405	0.001258	25300	25323
T25191-A G25218-T C25262-T	NA NA NA	37	20721	0.001786	25130	25324
T23599G T23602C C23604A	S:N679K S:S680S S:P681H	37	68849	0.000537	23581	23612
T23599G C23604A C23685T	S:N679K S:P681H S:S708F	37	22509	0.001644	23580	23708
C23525T T23599G C23604A A23636G	S:H655Y S:N679K S:P681H S:I692V	37	44538	0.000831	23511	23642
C23525T T23563C T23599G C23604A	S:H655Y S:G667G S:N679K S:P681H	37	45280	0.000817	23495	23642
A24922-T C24981-T C25000T	NA NA S:D1146D	37	14765	0.002506	24858	25065
A24667G	S:G1035G	37	26129	0.001416	24612	24679
A24493T	S:L977F	37	51319	0.000721	24489	24564
A24424T T24469A A24560G	S:Q954H S:N969K S:R1000G	37	28718	0.001288	24412	24564
A24424T A24441-C T24469A	S:Q954H NA S:N969K	37	29538	0.001253	24412	24540
A23493G C23525T T23599G C23604A	S:Q644R S:H655Y S:N679K S:P681H	37	44472	0.000832	23488	23642
T25322C	S:C1254R	36	29251	0.001231	25251	25325
T24480C	S:I973T	36	50616	0.000711	24473	24564
T22882G T22942G	S:N440K S:N460K	36	12181	0.002955	22873	22967
G22813T T22882G G22895C T22896C	S:K417N S:N440K S:V445P S:V445P	36	14960	0.002406	22797	22906
G21969-T G21987A T21990-TTA C22000A	NA S:G142D S:DEL144 S:H146Q	36	9500	0.003789	21967	22058
C25416T G25540+T	ORF3a:F8F NA	36	12821	0.002808	25372	25547
C25100-A	NA	36	4174	0.008625	25073	25113
C24536-A C24672-A	NA NA	36	19136	0.001881	24476	24679
C23816-T T23850+A C23887-A	NA NA NA	36	15291	0.002354	23683	23895
C23785T C23854A	S:Y741Y S:N764K	36	15633	0.002303	23717	23881
C23604A C23664T	S:P681H S:A701V	36	22663	0.001588	23582	23724
C23525T G23576A T23599G C23604A	S:H655Y S:A672T S:N679K S:P681H	36	45280	0.000795	23487	23642
A25216-G	NA	36	23903	0.001506	25209	25285
A24885+T C25000T	NA S:D1146S	36	14587	0.002468	24850	25007
A24424T T24491C	S:Q954H S:L977L	36	29424	0.001223	24413	24519
A24423+T	NA	36	31089	0.001158	24412	24424
A23586G T23599G C23604A	S:Q675R S:N679K S:P681H	36	68706	0.000524	23580	23611
A23362+C	NA	36	25417	0.001416	23335	23369
A23312-T A23403G	NA S:D614G	36	14961	0.002406	23288	23420
A23013C T23018C T23031C A23055G	S:E484A S:F486L S:F490S S:Q498R	36	2809	0.012816	23008	23059
A21875-T G21987A	NA S:G142D	36	9260	0.003888	21867	21991
T24733C	S:P1057P	35	7954	0.0044	24724	24806
T23031C A23063T T23075C	S:F490S S:N501Y S:Y505H	35	3076	0.011378	23025	23224
G24611+A	NA	35	19806	0.001767	24476	24635
G22813T T22882G G22895C T22896C G22898A T22900-G T22930A	S:K417N S:N440K S:V445P S:V445P S:G446S NA S:F456L	35	12648	0.002767	22793	22933
G22577C G22578A	S:G339H S:G339H	35	866	0.040416	22519	22581
G22104-A C22109G C22120-A T22200A G22317T	NA S:Q183E NA S:V213E S:G252V	35	2631	0.013303	22100	22319
C24672-A G24693-A	NA NA	35	6279	0.005574	24612	24706
C24559T	S:G999G	35	50449	0.000694	24496	24564
C23816-TT	NA	35	19299	0.001814	23690	23829
A25472-T	NA	35	18882	0.001854	25381	25477
A25472+T	NA	35	18882	0.001854	25382	25477
A24424T T24469A T24491C	S:Q954H S:N969K S:L977L	35	29424	0.00119	24412	24564
A24424T T24469A A24525G	S:Q954H S:N969K S:E988G	35	29199	0.001199	24415	24563
A24424T G24521+T	S:Q954H NA	35	29229	0.001197	24413	24543
A24253-T A24323-AAT	NA S:DEL922	35	7084	0.004941	24229	24337
A23494G C23525T T23599G C23604A	S:Q644Q S:H655Y S:N679K S:P681H	35	44704	0.000783	23487	23629
A21979-T G21987A T21990-TTA A21999-CAA C22009-A	NA S:G142D S:DEL144 S:DEL147 NA	35	9697	0.003609	21860	22032
T25260C	S:M1233T	34	28298	0.001201	25252	25325
T23830-G C23833T C23854A	NA S:G757G S:N764K	34	16046	0.002119	23799	23895
T23599G C23604A T23662C	S:N679K S:P681H S:G700G	34	22628	0.001503	23580	23697
T22882G G22898A T22942G	S:N440K S:G446S S:N460K	34	12181	0.002791	22877	22944
G23948T G24000A	S:D796Y S:S813N	34	1636	0.020782	23941	24033
C24668+A	NA	34	26114	0.001302	24612	24679
C23854A T23878C	S:N764K S:V772V	34	16101	0.002112	23797	23882
C23525T C23565T T23599G C23604A	S:H655Y S:A668V S:N679K S:P681H	34	45280	0.000751	23487	23642
C23525T A23598G T23599G C23604A	S:H655Y S:N679R S:N679R S:P681H	34	45280	0.000751	23504	23624
C23334-T G23402-A	NA NA	34	15002	0.002266	23269	23422
C22281+T G22317T	NA S:G252L	34	13013	0.002613	22254	22319
A25225G	S:I1221M	34	24763	0.001373	25205	25316
A25045G	S:S1161S	34	19038	0.001786	25041	25069
A24424T C24435+T T24469A	S:Q954H NA S:N969Q	34	29538	0.001151	24412	24564
A24253-T A24324-AT	NA NA	34	7015	0.004847	24229	24335
A23786+T C23816-T C23887-A	NA NA NA	34	15018	0.002264	23683	23895
A23524G C23525T T23599G C23604A	S:E654E S:H655Y S:N679K S:P681H	34	45280	0.000751	23487	23637
T25310C	S:C1250R	33	29420	0.001122	25285	25325
T25301C	S:C1247R	33	29285	0.001127	25285	25325
T24511C	S:R983R	33	51150	0.000645	24482	24564
T23599G C23604A T23698C	S:N679K S:P681H S:I712I	33	22425	0.001472	23581	23705
T22896C G22898A T22942G	S:V445A S:G446S S:N460K	33	12224	0.0027	22886	22966
G23499A C23525T T23599G C23604A	S:R646H S:H655Y S:N679K S:P681H	33	44798	0.000737	23487	23637
G23402-A	NA	33	23716	0.001391	23394	23414
G22317T G22346T	S:G252V S:A262S	33	7781	0.004241	22256	22400
G21987A T21990-TTA A21999-C T22015C	S:G142D S:DEL144 NA S:S151S	33	9648	0.00342	21965	22024
G21987A C22000A	S:G142D S:H146Q	33	9697	0.003403	21971	22014
C25276-A	NA	33	28821	0.001145	25263	25307
C25207T	S:Y1215Y	33	27421	0.001203	25200	25320
C24899-A C24981-T C25000T	NA NA S:D1146D	33	14680	0.002248	24850	25011
C24517+A	NA	33	51114	0.000646	24486	24564
C23709+A	NA	33	41946	0.000787	23683	23726
C23525T G23568A T23599G C23604A	S:H655Y S:G669D S:N679K S:P681H	33	45280	0.000729	23487	23624
C23525T A23541G T23599G C23604A	S:H655Y S:Y660C S:N679K S:P681H	33	45280	0.000729	23487	23629
A25190-T	NA	33	25930	0.001273	25151	25325
A24424T T24438+A T24469A	S:Q954H NA S:N969Q	33	29538	0.001117	24413	24563
A23853-C	NA	33	16544	0.001995	23836	23876
A21875+T G21987A	NA S:G142E	33	9260	0.003564	21847	21991
T25293C	S:L1244P	32	29133	0.001098	25273	25320
T25150C	S:S1196S	32	23776	0.001346	25140	25210
T23599G C23604A T23629C	S:N679K S:P681H S:S689S	32	68290	0.000469	23580	23642
T23581C T23599G C23604A	Unknown S:N679K S:P681H	32	68411	0.000468	23580	23625
G23768-T C23816-T	NA NA	32	18908	0.001692	23683	23827
G22813T T22882G G22895C G22898A T22928C T22942G	S:K417N S:N440K S:V445L S:G446S S:F456L S:N460K	32	11442	0.002797	22803	22963
G22317T C22326-T	S:G252V NA	32	8017	0.003992	22256	22335
G22302+T G22317T	NA S:G252L	32	13135	0.002436	22256	22346
G21987A T21990-TTA C22000A T22015C	S:G142D S:DEL144 S:H146Q S:S151S	32	9648	0.003317	21973	22047
C25416T T25560C	ORF3a:F8F ORF3a:F56F	32	12545	0.002551	25373	25566
C25416T A25562+T	ORF3a:F8F NA	32	12458	0.002569	25372	25566
C24989T C25000T	S:P1143S S:D1146D	32	15202	0.002105	24977	25069
C23854A G23873A	S:N764K S:A771T	32	16237	0.001971	23683	23895
C23854A G23868-A	S:N764K NA	32	16302	0.001963	23849	23895
C23525T T23599G C23604A A23627G	S:H655Y S:N679K S:P681H S:S689G	32	44862	0.000713	23487	23637
C23525T T23596+A T23599G C23604A	S:H655Y NA S:N679* S:P681Y	32	45280	0.000707	23501	23639
C23525T T23578C T23599G C23604A	S:H655Y S:A672A S:N679K S:P681H	32	45280	0.000707	23487	23639
C23525T T23573C T23599G C23604A	S:H655Y S:C671R S:N679K S:P681H	32	45280	0.000707	23487	23621
C23099-T	NA	32	7702	0.004155	23096	23110
C21978A G21987A T21990-TTA A21999-C	S:P139Q S:G142D S:DEL144 NA	32	9697	0.0033	21959	22058
A25271G	S:M1237V	32	28693	0.001115	25251	25325
T25382-A	NA	31	20608	0.001504	25372	25403
T25303C	S:C1247C	31	29332	0.001057	25269	25325
T25272C	S:M1237T	31	28713	0.00108	25251	25320
T25265C	S:C1235R	31	28500	0.001088	25251	25303
T25251C	S:V1230A	31	25253	0.001228	25226	25316
T25248C	S:M1229T	31	25175	0.001231	25219	25325
T24658C	S:C1032C	31	26258	0.001181	24612	24665
T24656C	S:C1032R	31	26273	0.00118	24612	24671
T24460C T24469A	S:L966L S:N969K	31	30140	0.001029	24434	24563
T23599G C23604A T23684C	S:N679K S:P681H S:S708P	31	22518	0.001377	23580	23700
T23599G C23604A G23607A	S:N679K S:P681H S:R682Q	31	68822	0.00045	23580	23642
T23599G C23604A A23639-T	S:N679K S:P681H NA	31	67441	0.00046	23580	23642
T23511-A C23525T T23599G C23604A	NA S:H655Y S:N679K S:P681H	31	45183	0.000686	23487	23642
G25091+A	NA	31	4130	0.007506	25060	25210
G23517A C23525T T23599G C23604A	S:G652E S:H655Y S:N679K S:P681H	31	45251	0.000685	23501	23640
G23222A	S:E554K	31	7361	0.004211	23191	23272
C25546+T	NA	31	12756	0.00243	25372	25562
C25416T G25477A	ORF3a:F8F ORF3a:V29I	31	18771	0.001651	25382	25495
C25416T A25503+C	ORF3a:F8F NA	31	14675	0.002112	25372	25514
C25416T A25449G	ORF3a:F8F ORF3a:E19E	31	19366	0.001601	25381	25477
C25000T A25056-T	S:D1146D NA	31	18519	0.001674	24990	25066
C24672-AA	NA	31	26038	0.001191	24612	24679
C24455-A	NA	31	30262	0.001024	24412	24520
C23525T A23570G T23599G C23604A	S:H655Y S:I670V S:N679K S:P681H	31	45280	0.000685	23487	23637
C22000A C22033A	S:H146Q S:F157L	31	10334	0.003	21993	22058
A25208-T	NA	31	27721	0.001118	25197	25210
A25174G	S:G1204G	31	25061	0.001237	25160	25198
A24922+T C25000T	NA S:D1146S	31	14765	0.0021	24850	25011
A24551G	S:I997V	31	50701	0.000611	24488	24562
A24424T T24469A T24472-G C24536-AA	S:Q954H S:N969K NA NA	31	29101	0.001065	24413	24554
A23942-T G23948T	NA S:D796Y	31	4326	0.007166	23941	23956
T25291C	S:C1243C	30	29103	0.001031	25209	25325
T25161C	S:L1200P	30	24563	0.001221	25144	25210
T24414-G	NA	30	30907	0.000971	24412	24445
T23599G C23664T	S:N679K S:A701V	30	22618	0.001326	23580	23724
T23590C T23599G C23604A	S:T676T S:N679K S:P681H	30	68768	0.000436	23580	23642
G25401+T	NA	30	20446	0.001467	25381	25411
G21987A A21993-TTAC C22000A	S:G142D NA S:H146Q	30	9697	0.003094	21973	22058
C25214+G	NA	30	23515	0.001276	25207	25325
C25169T C25262-T	S:L1203F NA	30	18933	0.001585	25130	25307
C23812-A C23854A	NA S:N764K	30	15896	0.001887	23786	23895
C23525T A23597G T23599G C23604A	S:H655Y S:N679E S:N679E S:P681H	30	45280	0.000663	23501	23641
C23277T A23403G	S:T572I S:D614G	30	14530	0.002065	23270	23443
C22664A C22674T	S:L368I S:S371F	30	770	0.038961	22641	22676
A25195G	S:K1211K	30	26407	0.001136	25191	25210
A24424T T24469A T24487C	S:Q954H S:N969K S:S975S	30	29437	0.001019	24412	24546
A24424T T24469A A24516G	S:Q954H S:N969K S:D985G	30	29287	0.001024	24413	24564
A24424T C24446-T T24492A	S:Q954H NA S:L977*	30	29418	0.00102	24412	24564
A24424T A24479-T	S:Q954H NA	30	29484	0.001018	24412	24564
A24253-T C24320-A	NA NA	30	7235	0.004147	24229	24332
A23717T C23854A	S:T719S S:N764K	30	13197	0.002273	23683	23895
A23712-T	NA	30	41849	0.000717	23683	23724
A23193-T	NA	30	7556	0.00397	23182	23224
A22101T C22109G	Unknown S:Q183E	30	3497	0.008579	22100	22133
A21979-T G21987A A21993-TTACC A21999C C22009-A	NA S:G142D NA S:H146P NA	30	9697	0.003094	21848	22043
A21875-T G21987A T21990-TTA A21999-C	NA S:G142D S:DEL144 NA	30	7275	0.004124	21848	22015
T25461-A	NA	29	19074	0.00152	25375	25475
T25306C	S:C1248C	29	29389	0.000987	25290	25325
T25304C	S:C1248R	29	29368	0.000987	25297	25325
T24548C	S:L996L	29	50752	0.000571	24525	24561
T24492+A	NA	29	51343	0.000565	24486	24505
T23689+A	NA	29	42101	0.000689	23683	23707
G25284-T	NA	29	28974	0.001001	25277	25319
G23948T T23986C	S:D796Y S:D808D	29	1649	0.017586	23944	24095
G22813T T22882G G22895C T22896C T22942G	S:K417N S:N440K S:V445P S:V445P S:N460K	29	11442	0.002535	22793	22949
G22813T T22882G G22895C G22898A T22900-G	S:K417N S:N440K S:V445L S:G446S NA	29	14956	0.001939	22799	22914
G22813T T22815C T22882G G22895C T22896C G22898A T22942G	S:K417N S:I418T S:N440K S:V445P S:V445P S:G446S S:N460K	29	11442	0.002535	22803	22967
G22317T G22410-A	S:G252V NA	29	6566	0.004417	22246	22446
C25199T	S:P1213S	29	26673	0.001087	25191	25210
C23525T T23599G C23604A G23610A	S:H655Y S:N679K S:P681H S:R683Q	29	45260	0.000641	23487	23633
C23525T T23599G C23604A C23615T	S:H655Y S:N679K S:P681H S:R685C	29	45250	0.000641	23487	23642
C23525T A23583G T23599G C23604A	S:H655Y S:Y674C S:N679K S:P681H	29	45280	0.00064	23487	23637
C22109G T22200A G22218-T	S:Q183E S:V213E NA	29	3394	0.008544	22105	22231
A24582G	S:Y1007C	29	19948	0.001454	24560	24679
A23592G T23599G C23604A	S:Q677R S:N679K S:P681H	29	68793	0.000422	23580	23642
A23558-T T23599G C23604A	NA S:N679K S:P681H	29	45599	0.000636	23487	23624
A21617C C21618T T21632-TACCCCCTG	S:T19L S:T19L S:DEL25/27	29	5173	0.005606	21598	21664
T25283C	S:C1241R	28	28950	0.000967	25278	25325
T25280C	S:C1240R	28	28917	0.000968	25251	25325
T23599G C23604A T23641C	S:N679K S:P681H S:I693I	28	67207	0.000417	23580	23724
T23599G C23604A C23709-A	S:N679K S:P681H NA	28	22000	0.001273	23580	23723
T23599G C23604A A23670G	S:N679K S:P681H S:N703S	28	22588	0.00124	23580	23724
T23510C C23525T T23599G C23604A	S:L650L S:H655Y S:N679K S:P681H	28	45178	0.00062	23487	23642
T23434-C	NA	28	23432	0.001195	23419	23443
T21934-A T21990-TTA C22000A	NA S:DEL144 S:H146Q	28	7793	0.003593	21897	22058
G24926A C25000T	S:V1122M S:D1146D	28	14782	0.001894	24853	25068
G24570-T	NA	28	20091	0.001394	24544	24663
G23518A C23525T T23599G C23604A	S:G652G S:H655Y S:N679K S:P681H	28	45258	0.000619	23487	23633
G22813T T22882G G22898A T22930A T22942G	S:K417N S:N440K S:G446S S:F456L S:N460K	28	11442	0.002447	22793	22947
G22813T G22895C T22896C G22898A T22928C T22942G	S:K417N S:V445P S:V445P S:G446S S:F456L S:N460K	28	11442	0.002447	22808	22966
G22813T G22844-ATT T22882G G22895C T22896C G22898A T22942G	S:K417N S:DEL429 S:N440K S:V445P S:V445P S:G446S S:N460K	28	11442	0.002447	22804	22967
G22331A	S:G257S	28	8034	0.003485	22318	22377
G22317T A22407+T	S:G252V NA	28	6583	0.004253	22261	22446
G21578-T	NA	28	6361	0.004402	21570	21596
C25000T C25006T	S:D1146D S:F1148F	28	19529	0.001434	24929	25069
C24899-A	NA	28	17230	0.001625	24890	24916
C24422-A T24469A	NA S:N969K	28	29529	0.000948	24412	24564
C23525T T23599G C23604A T23633C	S:H655Y S:N679K S:P681H S:S691P	28	44717	0.000626	23487	23637
C23525T T23599G C23604A G23612A	S:H655Y S:N679K S:P681H S:A684T	28	45259	0.000619	23498	23624
C23525T A23526G T23599G C23604A	S:H655C S:H655C S:N679K S:P681H	28	45280	0.000618	23487	23641
C23367+A A23403G	NA S:D614G	28	22938	0.001221	23269	23434
A24679G	S:R1039R	28	25598	0.001094	24636	24679
A24673G	S:S1037S	28	25958	0.001079	24612	24679
A24508G	S:S982S	28	51189	0.000547	24483	24564
A24424T T24469A T24480C	S:Q954H S:N969K S:I973T	28	29480	0.00095	24413	24564
A23796G	S:D745G	28	19662	0.001424	23767	23808
A23515-G C23525T T23599G C23604A	NA S:H655Y S:N679K S:P681H	28	45212	0.000619	23505	23641
A23013C T23019C T23031C A23063T T23075C	S:E484A S:F486S S:F490S S:N501Y S:Y505H	28	2653	0.010554	23008	23224
T25415C C25416T	ORF3a:F8S ORF3a:F8S	27	20085	0.001344	25372	25477
T25219C	S:G1219G	27	24274	0.001112	25122	25325
T24469A T24472-G C24536-A	S:N969K NA NA	27	44904	0.000601	24465	24564
T23599G C23604A G23666+A	S:N679K S:P681H NA	27	22606	0.001194	23593	23700
T23599G C23604A A23639G	S:N679K S:P681H S:I693V	27	67441	0.0004	23580	23642
T23488C C23525T T23599G C23604A	Unknown S:H655Y S:N679K S:P681H	27	44205	0.000611	23486	23642
T22882G G22898A	S:N440K S:G446S	27	15753	0.001714	22877	22906
T21934-A T21990-TTA A21999-C	NA S:DEL144 NA	27	7793	0.003465	21848	22058
G24521+T	NA	27	51055	0.000529	24476	24530
G23401T	S:Q613H	27	23768	0.001136	23345	23423
G22813T T22882G G22895C T22896C G22898A G22933+T	S:K417N S:N440K S:V445P S:V445P S:G446S NA	27	12516	0.002157	22793	22940
G22813T T22882G G22895C T22896C G22898A A22924-T T22942G	S:K417N S:N440K S:V445P S:V445P S:G446S NA S:N460K	27	11442	0.00236	22793	22949
G22577C G22578A G22599C C22664A C22674T	S:G339H S:G339H S:R346T S:L368I S:S371F	27	646	0.041796	22494	22676
G21508-A C21618T T21632-TACCCCCTG	NA S:T19I S:DEL25/27	27	2749	0.009822	21489	21664
C25416T G25507A	ORF3a:F8F ORF3a:A39T	27	14357	0.001881	25374	25566
C25000T T25189C	S:D1146D S:Y1209Y	27	3517	0.007677	24998	25210
C24707T	S:L1049F	27	6861	0.003935	24696	24751
C23816-T T23850+A	NA NA	27	15989	0.001689	23683	23876
C23525T T23596C T23599G C23604A	S:H655Y S:T678T S:N679K S:P681H	27	45280	0.000596	23487	23642
C23525T A23554-C T23599G C23604A	S:H655Y NA S:N679K S:P681H	27	45280	0.000596	23487	23624
C23525T A23535G T23599G C23604A	S:H655Y S:N658S S:N679K S:P681H	27	45280	0.000596	23487	23642
C23430T	S:A623V	27	23852	0.001132	23335	23438
C23334-T C23367+A	NA NA	27	15588	0.001732	23269	23395
A25374-T	NA	27	19537	0.001382	25372	25394
A24970G C25000T	S:T1136T S:D1146D	27	15069	0.001792	24857	25069
A24902-T C24981-T C25000T	NA NA S:D1146D	27	14702	0.001836	24850	25013
A24424T C24503-T	S:Q954H NA	27	29353	0.00092	24412	24538
A24424T C24446-T T24469A T24492A	S:Q954H NA S:N969K S:L977*	27	29418	0.000918	24412	24564
A23756G C23854A	S:T732A S:N764K	27	13403	0.002014	23684	23895
A23403G G23405A	S:D614G S:V615I	27	23637	0.001142	23379	23442
A23370G A23403G	S:N603S S:D614G	27	22957	0.001176	23309	23434
T25205C	S:Y1215H	26	27133	0.000958	25196	25210
T24660+A	NA	26	26252	0.00099	24476	24674
T24469A G24524A	S:N969K S:E988K	26	45107	0.000576	24465	24679
T24469A C24517-A	S:N969K NA	26	45220	0.000575	24465	24551
T23599G C23604A A23704G	S:N679K S:P681H S:I714M	26	22171	0.001173	23580	23724
T23599G C23604A A23648G	S:N679K S:P681H S:T696A	26	22702	0.001145	23580	23724
T23584C T23599G C23604A	S:Y674Y S:N679K S:P681H	26	68668	0.000379	23580	23642
T23434-C C23525T	NA S:H655Y	26	7980	0.003258	23419	23538
T22930A T22942G	S:F456L S:N460K	26	13187	0.001972	22926	22967
T21990-TTA	S:DEL144	26	11572	0.002247	21960	22012
T21966G	S:F135C	26	13318	0.001952	21867	21981
G24933T	S:G1124V	26	17056	0.001524	24857	24941
G21987A T21990-TTA A21999-CAA	S:G142D S:DEL144 S:DEL147	26	9697	0.002681	21847	22022
C25413+T	NA	26	20190	0.001288	25381	25450
C24503+T	NA	26	51215	0.000508	24476	24528
C24422-A	NA	26	31095	0.000836	24412	24424
C23854A A23888G	S:N764K S:K776E	26	15863	0.001639	23828	23895
C23525T G23562A T23599G C23604A	S:H655Y S:G667D S:N679K S:P681H	26	45280	0.000574	23487	23641
C23525T G23549A T23599G C23604A	S:H655Y S:D663N S:N679K S:P681H	26	45280	0.000574	23501	23635
C23525T C23556T T23599G C23604A	S:H655Y S:P665L S:N679K S:P681H	26	45280	0.000574	23501	23642
C23502T C23525T T23599G C23604A	S:A647V S:H655Y S:N679K S:P681H	26	44999	0.000578	23493	23622
C23334-T C23367-A	NA NA	26	15588	0.001668	23269	23378
C22480T G22577C G22578A	S:F306F S:G339H S:G339H	26	177	0.146893	22429	22581
A25408-G C25416T	NA ORF3a:F8F	26	20085	0.001294	25372	25494
A25408-G	NA	26	20317	0.00128	25383	25466
A25146G	S:E1195G	26	23607	0.001101	25138	25170
A24922+T	NA	26	17123	0.001518	24861	24933
A24539+T	NA	26	50882	0.000511	24470	24564
A24520G	S:K986K	26	51103	0.000509	24488	24564
A24424T T24471-TG C24536-A	S:Q954H NA NA	26	29101	0.000893	24412	24564
A24424T T24469A T24549-G T24552A	S:Q954H S:N969K NA S:I997N	26	28926	0.000899	24416	24564
A24424T T24469A T24489C	S:Q954H S:N969K S:V976A	26	29429	0.000883	24416	24564
A24424T T24469A T24470C	S:Q954H S:N969K S:F970L	26	29511	0.000881	24412	24558
A24424T T24469A C24528T	S:Q954H S:N969K S:A989V	26	29183	0.000891	24412	24564
A24424T T24464C T24469A	S:Q954H S:S968P S:N969K	26	29538	0.00088	24412	24564
A24424T A24430G T24469A	S:Q954H S:A956A S:N969K	26	29538	0.00088	24412	24563
A23762-CAT C23854A	S:DEL735 S:N764K	26	13417	0.001938	23699	23895
A23688+G	NA	26	42075	0.000618	23683	23704
A23594G T23599G C23604A	S:T678A S:N679K S:P681H	26	68825	0.000378	23581	23642
A23403G T23434-C	S:D614G NA	26	22741	0.001143	23397	23443
A23403G T23428-G	S:D614G NA	26	23256	0.001118	23344	23434
A23403G A23493G C23525T	S:D614G S:Q644R S:H655Y	26	7579	0.003431	23335	23539
A23403G A23416T C23525T	S:D614G S:T618T S:H655Y	26	7579	0.003431	23379	23529
A23013C T23031C A23055G A23063T T23075C	S:E484A S:F490S S:Q498R S:N501Y S:Y505H	26	2653	0.0098	23008	23224
A22798+G G22813T T22882G G22895C T22896C G22898A	NA S:K417N S:N440Q S:V445P S:V445P S:G446R	26	14696	0.001769	22793	22909
T25233C	S:L1224S	25	24975	0.001001	25208	25324
T25228C	S:A1222A	25	24886	0.001005	25205	25244
T25170C	S:L1203P	25	24850	0.001006	25154	25210
T24469A C24536-A C24672-A	S:N969K NA NA	25	14182	0.001763	24465	24679
T23599G C23604A T23637C	S:N679K S:P681H S:I692T	25	67889	0.000368	23580	23642
T23599G C23604A G23624A	S:N679K S:P681H S:A688T	25	68711	0.000364	23580	23637
T23599G C23604A A23636G	S:N679K S:P681H S:I692V	25	67945	0.000368	23580	23642
T23143-A C23230-A	NA NA	25	3908	0.006397	23089	23274
T22882G T22896C G22898A	S:N440K S:V445A S:G446S	25	15753	0.001587	22875	22914
T22882G G22895C G22898A T22930A	S:N440K S:V445L S:G446S S:F456L	25	13422	0.001863	22876	22933
G24933-T	NA	25	17056	0.001466	24900	24943
G24868-T	NA	25	17457	0.001432	24850	24878
G23735+A C23816-T	NA NA	25	16606	0.001505	23697	23829
G23364-A A23403G	NA S:D614G	25	22921	0.001091	23335	23443
G22813T T22831+A T22882G G22895C T22896C G22898A	S:K417N NA S:N440Q S:V445P S:V445P S:G446R	25	14956	0.001672	22800	22906
G22813T G22895C G22898A	S:K417N S:V445L S:G446S	25	14956	0.001672	22793	22906
C25416T T25496C	ORF3a:F8F ORF3a:I35T	25	14996	0.001667	25375	25511
C23887A A23888C	S:D775E S:K776Q	25	16270	0.001537	23879	23894
C23846-A C23854A	NA S:N764K	25	16356	0.001528	23784	23895
C23816-T G23835-T C23887-A	NA NA NA	25	15291	0.001635	23705	23895
C23816-T G23835-T	NA NA	25	16410	0.001523	23772	23850
C23525T T23599G C23604A G23607A	S:H655Y S:N679K S:P681H S:R682Q	25	45264	0.000552	23516	23642
C23525T T23596G T23599G C23604A	S:H655Y S:T678T S:N679K S:P681H	25	45280	0.000552	23487	23642
C23525T T23571C T23599G C23604A	S:H655Y S:I670T S:N679K S:P681H	25	45280	0.000552	23487	23642
C23525T C23557-A T23599G C23604A	S:H655Y NA S:N679K S:P681H	25	45280	0.000552	23487	23624
C23525T A23579G T23599G C23604A	S:H655Y S:S673G S:N679K S:P681H	25	45280	0.000552	23487	23634
C23399+T	NA	25	24148	0.001035	23339	23429
C22664A C22674T T22679C	S:L368I S:S371F S:S373P	25	749	0.033378	22641	22683
C22281+T	NA	25	13643	0.001832	22246	22297
C21454+A	NA	25	3535	0.007072	21451	21565
A25315G	S:G1251G	25	29422	0.00085	25285	25324
A25241G	S:I1227V	25	25086	0.000997	25236	25325
A24661G	S:V1033V	25	26222	0.000953	24612	24679
A24424T T24469A T24504C	S:Q954H S:N969K S:L981P	25	29348	0.000852	24412	24564
A24424T T24469A G24535A	S:Q954H S:N969K S:V991V	25	29111	0.000859	24413	24554
A24424T A24443G T24469A	S:Q954H S:T961A S:N969K	25	29538	0.000846	24412	24564
A21875+T	NA	25	11626	0.00215	21847	21894
T25316C	S:S1252P	24	29416	0.000816	25214	25324
T24923C T24996-A C25000T	S:F1121L NA S:D1146D	24	14765	0.001625	24905	25012
T24288C	S:I909T	24	8214	0.002922	24283	24317
T23599G C23604A T23672C	S:N679K S:P681H S:S704P	24	22575	0.001063	23580	23724
T23599G C23604A T23640C	S:N679K S:P681H S:I693T	24	67353	0.000356	23581	23642
T23599G C23604A A23670+T	S:N679K S:P681H NA	24	22588	0.001063	23580	23700
T22882G G22895C	S:N440K S:V445L	24	18259	0.001314	22877	22906
G23948T A23964-T	S:D796Y NA	24	3825	0.006275	23941	23971
G22813T T22882G G22895C T22896C G22898A T22930A G22933+T	S:K417N S:N440K S:V445P S:V445P S:G446S S:F456L NA	24	12516	0.001918	22793	22940
G22813T T22831+A T22882G	S:K417N NA S:N440Q	24	18099	0.001326	22793	22889
G22813T G22895C T22896C G22898A T22930A T22942G	S:K417N S:V445P S:V445P S:G446S S:F456L S:N460K	24	11442	0.002098	22804	22966
G22317T A22339G	S:G252V S:T259T	24	7864	0.003052	22246	22360
G22104-A C22109G T22200A G22317T	NA S:Q183E S:V213E S:G252V	24	2631	0.009122	22100	22319
C25416T C25452T C25463T	ORF3a:F8F ORF3a:I20I ORF3a:T24I	24	19048	0.00126	25383	25487
C25416T A25439G	ORF3a:F8F ORF3a:K16R	24	19601	0.001224	25381	25477
C24981-T C25000T A25056-T	NA S:D1146D NA	24	14168	0.001694	24850	25065
C24981-T C25000T A25026-T	NA S:D1146D NA	24	14509	0.001654	24850	25050
C24878+A	NA	24	17443	0.001376	24855	24890
C24503+T C24672-A	NA NA	24	19019	0.001262	24476	24679
C23854A A23886G	S:N764K S:D775G	24	15917	0.001508	23785	23895
C23525T A23558G T23599G C23604A	S:H655Y S:I666V S:N679K S:P681H	24	45280	0.00053	23487	23642
A25179G	S:Y1206C	24	25247	0.000951	25153	25184
A24675G	S:K1038R	24	26030	0.000922	24612	24679
A24424T T24469A T24482C	S:Q954H S:N969K S:S974P	24	29468	0.000814	24412	24564
A24424T T24437C	S:Q954H S:L959L	24	29829	0.000805	24412	24563
A24424T C24528T	S:Q954H S:A989V	24	29183	0.000822	24413	24564
A23826G C23854A	S:Q755R S:N764K	24	16014	0.001499	23699	23881
A23372G A23403G	S:T604A S:D614G	24	22975	0.001045	23335	23443
A23354T	S:I598L	24	25564	0.000939	23335	23383
T25312C	S:C1250C	23	29432	0.000781	25218	25323
T25270C	S:C1236C	23	28671	0.000802	25251	25325
T25232C	S:L1224L	23	24968	0.000921	25226	25325
T24460C	S:L966L	23	30204	0.000761	24437	24527
T23703-A	NA	23	42112	0.000546	23683	23714
T23599G T23602-C T23605A	S:N679K NA S:P681P	23	68826	0.000334	23580	23642
T23599G C23604A T23626C	S:N679K S:P681H S:A688A	23	68373	0.000336	23580	23642
T23599G C23604A T23620C	S:N679K S:P681H S:S686S	23	68773	0.000334	23580	23642
T23599G C23604A G23661A	S:N679K S:P681H S:G700D	23	22631	0.001016	23580	23665
T23490C C23525T T23599G C23604A	S:F643S S:H655Y S:N679K S:P681H	23	44314	0.000519	23487	23626
T23031C A23055G A23063T	S:F490S S:Q498R S:N501Y	23	3202	0.007183	23025	23089
G25540+T	NA	23	12821	0.001794	25372	25562
G25218-T C25262-TT	NA NA	23	24086	0.000955	25122	25325
G24524A C24672-A	S:E988K NA	23	19096	0.001204	24489	24679
G24488-T C24517-A C24672-A	NA NA NA	23	18813	0.001223	24486	24679
G23835+T	NA	23	16603	0.001385	23792	23850
G23501A C23525T T23599G C23604A	S:A647T S:H655Y S:N679K S:P681H	23	44859	0.000513	23493	23624
G22813T T22882G G22895C T22896C G22898A G22927-T T22942G	S:K417N S:N440K S:V445P S:V445P S:G446S NA S:N460K	23	11442	0.00201	22793	22955
G21987A A21999-C	S:G142D NA	23	9697	0.002372	21965	22017
C25416T T25434C	ORF3a:F8F ORF3a:T14T	23	19721	0.001166	25381	25477
C25276T	S:T1238T	23	28821	0.000798	25266	25320
C24483+A	NA	23	50956	0.000451	24474	24519
C23854A T23875C	S:N764K S:A771A	23	16155	0.001424	23685	23895
C23498T C23525T T23599G C23604A	S:R646C S:H655Y S:N679K S:P681H	23	44749	0.000514	23487	23642
C22109G C22120-A T22200A G22218-T G22317T	S:Q183E NA S:V213E NA S:G252V	23	2768	0.008309	22105	22319
A24525G	S:E988G	23	51024	0.000451	24517	24564
A24516G	S:D985G	23	51117	0.00045	24481	24564
A24424T T24451+A	S:Q954H NA	23	29721	0.000774	24412	24462
A24424T T24447C T24469A	S:Q954H S:L962P S:N969K	23	29538	0.000779	24413	24542
A24424T C24446-T T24469A	S:Q954H NA S:N969K	23	29538	0.000779	24415	24482
A24424T A24468-T	S:Q954H NA	23	29544	0.000778	24415	24564
A23403G T23434-C C23525T	S:D614G NA S:H655Y	23	7579	0.003035	23399	23535
A23321+T	NA	23	16062	0.001432	23269	23330
T25245C	S:V1228A	22	25150	0.000875	25217	25325
T25191C	S:I1210T	22	26191	0.00084	25185	25210
T24529C	S:A989A	22	51007	0.000431	24473	24564
T24506C	S:S982P	22	51217	0.00043	24473	24546
T24504C	S:L981P	22	51215	0.00043	24480	24516
T23599G C23604A T23658C	S:N679K S:P681H S:L699P	22	22644	0.000972	23580	23717
T23599G C23604A T23650C	S:N679K S:P681H S:T696T	22	22690	0.00097	23590	23724
T23599G C23604A A23691G	S:N679K S:P681H S:N710S	22	22474	0.000979	23580	23724
T23599G C23604A A23674G	S:N679K S:P681H S:S704S	22	22570	0.000975	23580	23717
T23346C	S:V595A	22	25567	0.00086	23335	23356
T23314C A23368G A23403G	S:I584I S:T602T S:D614G	22	14963	0.00147	23274	23433
T21991-TA C22000A	NA S:H146Q	22	9697	0.002269	21977	22058
G25364-T	NA	22	2942	0.007478	25251	25372
G22895C T22896C G22898A	S:V445P S:V445P S:G446S	22	15796	0.001393	22863	22907
G21586T	S:L8F	22	6269	0.003509	21451	21598
C25416T T25422C	ORF3a:F8F ORF3a:I10I	22	19990	0.001101	25381	25477
C25207+G	NA	22	27421	0.000802	25196	25325
C24422-A A24425T	NA S:N955Y	22	31017	0.000709	24413	24442
C24223-T	NA	22	6309	0.003487	24148	24281
C23525T T23599G C23604A G23621A	S:H655Y S:N679K S:P681H S:V687I	22	45238	0.000486	23487	23624
C23525T T23563+C T23599G C23604A	S:H655Y NA S:N679* S:P681Y	22	45280	0.000486	23487	23638
C23525T C23555T T23599G C23604A	S:H655Y S:P665S S:N679K S:P681H	22	45280	0.000486	23501	23624
C23188+T	NA	22	7578	0.002903	23093	23197
A25408G C25416T	ORF3a:R6G ORF3a:F8F	22	20085	0.001095	25381	25477
A25165G	S:Q1201Q	22	24708	0.00089	25148	25176
A24604G	S:R1014R	22	19845	0.001109	24486	24614
A24479+T	NA	22	50491	0.000436	24475	24496
A24468-T	NA	22	45770	0.000481	24465	24492
A24424T T24548C	S:Q954H S:L996L	22	28978	0.000759	24412	24564
A24424T T24437C T24469A	S:Q954H S:L959L S:N969K	22	29538	0.000745	24412	24564
A24424T C24444A T24469A	S:Q954H S:T961K S:N969K	22	29538	0.000745	24412	24563
A24424T C24431+A	S:Q954H NA	22	29875	0.000736	24412	24440
A24424T A24539+T	S:Q954H NA	22	29077	0.000757	24412	24562
A24424T A24508G	S:Q954H S:S982S	22	29328	0.00075	24412	24564
A23712+T C23816-T	NA NA	22	16483	0.001335	23683	23827
A23403G A23524G C23525T	S:D614G S:E654E S:H655Y	22	7579	0.002903	23339	23539
A23013C T23018C T23019C T23031C T23075C	S:E484A S:F486P S:F486P S:F490S S:Y505H	22	2653	0.008292	23008	23078
T25560C	ORF3a:F56F	21	12545	0.001674	25372	25566
T25309C	S:S1249S	21	29413	0.000714	25273	25324
T25289C	S:C1243R	21	29056	0.000723	25270	25325
T25209C	S:I1216T	21	27815	0.000755	25199	25210
T24637C	S:A1025A	21	26361	0.000797	24612	24679
T24631C	S:N1023N	21	26403	0.000795	24612	24675
T24565C	S:L1001L	21	50060	0.000419	24546	24676
T24267-G A24318-C	NA NA	21	7480	0.002807	24229	24357
T23599G C23604G	S:N679K S:P681R	21	68849	0.000305	23580	23628
T23599G C23604A C23643T	S:N679K S:P681H S:A694V	21	66781	0.000314	23580	23655
T23599G C23604A A23631G	S:N679K S:P681H S:Q690R	21	68201	0.000308	23580	23642
T23599G C23604A A23614G	S:N679K S:P681H S:A684A	21	68797	0.000305	23581	23630
T23394C A23403G	S:L611P S:D614G	21	23493	0.000894	23335	23432
G25409A C25416T	ORF3a:R6K ORF3a:F8F	21	20085	0.001046	25372	25566
G25166-A	NA	21	24716	0.00085	25157	25210
G25130+T	NA	21	21591	0.000973	25123	25325
G24992-A C25000T	NA S:D1146D	21	19540	0.001075	24990	25039
G24693-A	NA	21	6870	0.003057	24612	24704
G23516A C23525T T23599G C23604A	S:G652R S:H655Y S:N679K S:P681H	21	45225	0.000464	23487	23642
G22813T T22882G G22895C T22896C G22898A A22914-C T22930A T22942G	S:K417N S:N440K S:V445P S:V445P S:G446S NA S:F456L S:N460K	21	11442	0.001835	22793	22967
G22809-A G22813T T22882G G22895C G22898A	NA S:K417N S:N440K S:V445L S:G446S	21	14946	0.001405	22793	22906
C25416T T25541C	ORF3a:F8F ORF3a:V50A	21	12801	0.00164	25376	25552
C24878-A	NA	21	17443	0.001204	24857	24888
C24435-T	NA	21	30256	0.000694	24412	24563
C24119-A	NA	21	783	0.02682	24111	24152
C23887-A G23948T	NA S:D796Y	21	1779	0.011804	23875	23953
C23854G	S:N764K	21	16525	0.001271	23846	23879
C23525T C23530T T23599G C23604A	S:H655Y S:V656V S:N679K S:P681H	21	45280	0.000464	23487	23642
C23506T C23525T T23599G C23604A	S:G648G S:H655Y S:N679K S:P681H	21	45114	0.000465	23492	23642
C23244-TT T23247C	NA S:F562S	21	4032	0.005208	23103	23289
C23244-T	NA	21	4072	0.005157	23089	23290
C22251-A	NA	21	13248	0.001585	22246	22286
C21888-T	NA	21	11653	0.001802	21847	21900
C21549-A	NA	21	5680	0.003697	21451	21564
A25137-T C25262-T	NA NA	21	16899	0.001243	25127	25325
A24758G	S:T1066A	21	8117	0.002587	24740	24806
A24654G	S:E1031G	21	26289	0.000799	24612	24679
A24613G	S:E1017E	21	26360	0.000797	24503	24670
A24424T T24469A T24501C	S:Q954H S:N969K S:I980T	21	29371	0.000715	24412	24536
A24424T T24450C T24469A	S:Q954H S:V963A S:N969K	21	29538	0.000711	24412	24563
A24424T C24435+T	S:Q954H NA	21	29847	0.000704	24412	24521
A24424T A24454G T24469A	S:Q954H S:K964K S:N969K	21	29538	0.000711	24412	24564
A24424T A24433G T24469A	S:Q954H S:Q957Q S:N969K	21	29538	0.000711	24412	24564
A23800G C23854A	S:S746S S:N764K	21	15810	0.001328	23699	23895
A23515+G T23599G C23604A	NA S:N679* S:P681Y	21	45212	0.000464	23508	23639
A23319G A23403G	S:D586G S:D614G	21	14968	0.001403	23269	23443
A23013C T23019C T23031C A23055G A23063T	S:E484A S:F486S S:F490S S:Q498R S:N501Y	21	2770	0.007581	23008	23224
A21563+T C21618T T21632-TACCCCCTG	NA S:T19F S:DEL25/27	21	4530	0.004636	21553	21664
T25415-C G25555-T	NA NA	20	12587	0.001589	25372	25566
T25140+A	NA	20	22982	0.00087	25122	25154
T24660C C24672-A	S:V1033A NA	20	25938	0.000771	24474	24679
T24487C	S:S975S	20	51182	0.000391	24473	24564
T24470-TTG T24492-A	S:DEL971 NA	20	45906	0.000436	24466	24679
T24469A C24503-T	S:N969K NA	20	45405	0.00044	24465	24564
T24414C A24424T T24469A	S:V951A S:Q954H S:N969K	20	29312	0.000682	24412	24564
T23822C C23854A	S:L754L S:N764K	20	15976	0.001252	23813	23895
T23716C	S:F718F	20	41797	0.000479	23705	23724
T23697C C23854A	S:I712T S:N764K	20	13031	0.001535	23683	23895
T23031C A23055G T23075C	S:F490S S:Q498R S:Y505H	20	3076	0.006502	23025	23089
T22928C T22942G	S:F456L S:N460K	20	13122	0.001524	22924	22967
G25244-T	NA	20	25139	0.000796	25219	25275
G25135+A	NA	20	22477	0.00089	25127	25151
G24626A	S:A1022T	20	26371	0.000758	24612	24632
G22895C T22896C G22898A T22942G	S:V445P S:V445P S:G446S S:N460K	20	12224	0.001636	22886	22967
G22273-T G22317T	NA S:G252V	20	12906	0.00155	22264	22319
G21569-T G21586+T	NA NA	20	5895	0.003393	21451	21593
C25416T T25560C C25561A A25562T	ORF3a:F8F ORF3a:F56F ORF3a:Q57M ORF3a:Q57M	20	12458	0.001605	25372	25566
C25416T T25446C	ORF3a:F8F ORF3a:G18G	20	19459	0.001028	25377	25477
C25416T A25438G	ORF3a:F8F ORF3a:K16E	20	19637	0.001018	25382	25477
C25416T A25420+T	ORF3a:F8F NA	20	20012	0.000999	25372	25436
C25132+A	NA	20	22180	0.000902	25122	25144
C24981-T C25000T T25021-A	NA S:D1146D NA	20	14593	0.001371	24910	25062
C24896T C25000T	S:P1112S S:D1146D	20	14661	0.001364	24874	25068
C24878-A C24981-T C25000T	NA NA S:D1146D	20	14559	0.001374	24867	25065
C23854A A23880G	S:N764K S:E773G	20	16076	0.001244	23841	23895
C23758+A	NA	20	17605	0.001136	23699	23779
C23525T T23599G T23602-C T23605A	S:H655Y S:N679K NA S:P681P	20	45267	0.000442	23487	23629
C23525T G23567A T23599G C23604A	S:H655Y S:G669S S:N679K S:P681H	20	45280	0.000442	23487	23637
C23393-T A23403G	NA S:D614G	20	23461	0.000852	23378	23442
C22109G G22317T	S:Q183E S:G252V	20	2768	0.007225	22105	22319
A25206G	S:Y1215C	20	27276	0.000733	25191	25210
A25164G	S:Q1201R	20	24653	0.000811	25161	25210
A25137+T	NA	20	22728	0.00088	25122	25147
A24956-T C25000T	NA S:D1146D	20	14957	0.001337	24948	25069
A24922-T	NA	20	17123	0.001168	24857	24933
A24885-T	NA	20	17371	0.001151	24850	24899
A24617G	S:R1019G	20	26353	0.000759	24612	24679
A24560G	S:R1000G	20	50391	0.000397	24496	24564
A24531G	S:E990G	20	50969	0.000392	24517	24564
A24518G	S:K986E	20	51117	0.000391	24499	24564
A24424T T24480C	S:Q954H S:I973T	20	29480	0.000678	24412	24564
A24424T T24469A T24511A	S:Q954H S:N969K S:R983R	20	29310	0.000682	24412	24564
A24424T T24469A T24506C	S:Q954H S:N969K S:S982P	20	29342	0.000682	24412	24564
A24424T T24469A A24554G	S:Q954H S:N969K S:T998A	20	28868	0.000693	24412	24564
A24424T A24560G	S:Q954H S:R1000G	20	28718	0.000696	24412	24564
A24423+T T24469A	NA S:N969Q	20	29532	0.000677	24412	24535
A23964-T	NA	20	4600	0.004348	23955	24106
A23734G C23854A	S:T724T S:N764K	20	13293	0.001505	23683	23895
A23598G T23599G C23604A	S:N679R S:N679R S:P681H	20	68847	0.00029	23580	23642
A23515+G C23525T	NA S:H655S	20	54841	0.000365	23487	23533
A23403G T23470G C23525T	S:D614G S:Y636* S:H655Y	20	7579	0.002639	23398	23533
A23403G A23414G C23525T	S:D614G S:T618A S:H655Y	20	7579	0.002639	23393	23539
A23274G A23403G	S:D571G S:D614G	20	14513	0.001378	23269	23443
A21999-C	NA	20	10562	0.001894	21969	22058
T25496A	ORF3a:I35K	19	14996	0.001267	25372	25519
T25242C	S:I1227T	19	25101	0.000757	25221	25325
T24607C	S:A1015A	19	19822	0.000959	24473	24659
T24469A T24660C	S:N969K S:V1033A	19	14353	0.001324	24465	24679
T23742-A	NA	19	17671	0.001075	23689	23764
T23599G C23604A T23633C	S:N679K S:P681H S:S691P	19	68152	0.000279	23581	23642
T23599G C23604A C23647T	S:N679K S:P681H S:Y695Y	19	22708	0.000837	23580	23667
T23599G C23604A C23635T	S:N679K S:P681H S:S691S	19	68054	0.000279	23585	23642
T23599G C23604A C23609T	S:N679K S:P681H S:R683W	19	68821	0.000276	23589	23633
T23599G C23604A A23702G	S:N679K S:P681H S:I714V	19	22197	0.000856	23580	23724
T23599G C23604A A23690G	S:N679K S:P681H S:N710D	19	22482	0.000845	23580	23700
T23599G C23604A A23688G	S:N679K S:P681H S:N709S	19	22493	0.000845	23583	23724
T23599G C23604A A23646G	S:N679K S:P681H S:Y695C	19	22716	0.000836	23580	23724
T23582C T23599G C23604A	S:Y674H S:N679K S:P681H	19	68632	0.000277	23580	23642
T23511+A C23525T	NA S:H655S	19	54801	0.000347	23493	23536
T23314C A23403G	S:I584I S:D614G	19	14963	0.00127	23269	23441
T23278-A A23403G	NA S:D614G	19	14530	0.001308	23269	23443
T22942G A22948-C	S:N460K NA	19	13084	0.001452	22935	22957
G25218+T C25262-T	NA NA	19	24086	0.000789	25122	25279
G22813T T22882G T22896C G22898A T22930A	S:K417N S:N440K S:V445A S:G446S S:F456L	19	12648	0.001502	22793	22933
C25416T T25479A	ORF3a:F8F ORF3a:V29V	19	16456	0.001155	25372	25505
C25000T T25058C	S:D1146D S:L1166L	19	18495	0.001027	24990	25069
C25000T G25049A	S:D1146D S:D1163N	19	18641	0.001019	24990	25069
C25000T A25032G	S:D1146D S:K1157R	19	18906	0.001005	24990	25063
C25000T A25026-T	S:D1146D NA	19	19008	0.001	24990	25049
C24964-A C24981-T C25000T	NA NA S:D1146D	19	15039	0.001263	24850	25069
C24672-A A24684-T G24693-A	NA NA NA	19	6279	0.003026	24612	24805
C24672-A A24684-T A24695-AG	NA NA NA	19	6267	0.003032	24612	24713
C24263-A	NA	19	7928	0.002397	24229	24276
C24150+T	NA	19	7054	0.002694	24148	24167
C23854A T23860C	S:N764K S:A766A	19	16429	0.001156	23848	23895
C23854A A23892G	S:N764K S:N777S	19	15444	0.00123	23683	23895
C23785T	S:Y741Y	19	19662	0.000966	23683	23793
C23525T T23599G C23604A T23640C	S:H655Y S:N679K S:P681H S:I693T	19	43984	0.000432	23487	23642
C23525T T23599G C23604A T23637-C	S:H655Y S:N679K S:P681H NA	19	44486	0.000427	23487	23642
C23492+A C23525T T23599G C23604A	NA S:H655S S:N679* S:P681Y	19	44334	0.000429	23486	23642
C23367-A	NA	19	25185	0.000754	23339	23378
C23123A	S:P521T	19	7678	0.002475	23109	23151
C22109G A22161-T T22200A G22317T	S:Q183E NA S:V213E S:G252V	19	2768	0.006864	22100	22319
A25381G C25416T	S:T1273T ORF3a:F8F	19	19061	0.000997	25372	25477
A25256+T C25262-T	NA NA	19	28208	0.000674	25251	25320
A25201G	S:P1213P	19	26893	0.000707	25185	25210
A24902-T	NA	19	17232	0.001103	24855	24929
A24780G	S:K1073R	19	8214	0.002313	24724	24806
A24753G	S:H1064R	19	8087	0.002349	24665	24784
A24676G	S:K1038K	19	26013	0.00073	24652	24679
A24424T T24529C	S:Q954H S:A989A	19	29172	0.000651	24412	24564
A24424T T24469A A24556G	S:Q954H S:N969K S:T998T	19	28784	0.00066	24412	24564
A24424T T24469A A24531G	S:Q954H S:N969K S:E990G	19	29158	0.000652	24412	24564
A24424T T24469A A24498G	S:Q954H S:N969K S:D979G	19	29388	0.000647	24412	24564
A24424T A24545G	S:Q954H S:R995G	19	29018	0.000655	24417	24564
A24424T A24441G T24469A	S:Q954H S:N960S S:N969K	19	29538	0.000643	24412	24554
A24253-T C24263-A	NA NA	19	7848	0.002421	24236	24284
A23756-C C23854A	NA S:N764K	19	13403	0.001418	23748	23895
A23696-T	NA	19	42230	0.00045	23683	23709
A23403G A23442G C23525T	S:D614G S:D627G S:H655Y	19	7579	0.002507	23382	23535
A23403G A23419G	S:D614G S:E619E	19	23428	0.000811	23269	23443
A23013C T23018C T23019C T23031C A23055G T23075C T23143-A	S:E484A S:F486P S:F486P S:F490S S:Q498R S:Y505H NA	19	2351	0.008082	23008	23155
A22206-T G22317T	NA S:G252V	19	3589	0.005294	22195	22319
A21958-T G21987A T21990-TTA A21999-C	NA S:G142D S:DEL144 NA	19	8931	0.002127	21949	22058
A21875-T G21987A T21990-TTA C22000A	NA S:G142D S:DEL144 S:H146Q	19	7275	0.002612	21847	22035
T25189C C25262-T T25303A	S:Y1209Y NA S:C1247*	18	20244	0.000889	25122	25318
T25123C	Unknown	18	20700	0.00087	25122	25152
T24957-TG C25000T	NA S:D1146D	18	14960	0.001203	24872	25066
T24650C	S:S1030P	18	26294	0.000685	24612	24676
T24634C	S:L1024L	18	26377	0.000682	24612	24676
T24544+A	NA	18	50810	0.000354	24495	24564
T24513C	S:L984P	18	51143	0.000352	24497	24564
T24489C	S:V976A	18	51296	0.000351	24473	24496
T24475C	S:G971G	18	49928	0.000361	24470	24483
T24417C A24424T T24469A	S:V952A S:Q954H S:N969K	18	29452	0.000611	24412	24554
T24280-A	NA	18	8136	0.002212	24272	24312
T24156C	S:L865P	18	7115	0.00253	24148	24191
T23599G C23604A T23681C	S:N679K S:P681H S:Y707H	18	22535	0.000799	23580	23724
T23599G C23604A T23659C	S:N679K S:P681H S:L699L	18	22638	0.000795	23580	23709
T23599G C23604A C23701T	S:N679K S:P681H S:A713A	18	22376	0.000804	23581	23719
T23599G C23604A C23606T	S:N679K S:P681H S:R682W	18	68825	0.000262	23580	23642
T23344C A23403G	S:G594G S:D614G	18	22751	0.000791	23269	23429
T23344C	S:G594G	18	25550	0.000705	23335	23354
T23031C	S:F490S	18	3350	0.005373	23023	23047
T22291C G22317T	S:A243A S:G252V	18	13094	0.001375	22268	22319
T21966G G21987A T21990-TTA A21999-C	S:F135C S:G142D S:DEL144 NA	18	9403	0.001914	21954	22043
G25494-A	NA	18	15130	0.00119	25375	25503
G25477-T	NA	18	18771	0.000959	25383	25486
G25305-T	NA	18	29374	0.000613	25282	25325
G22813T T22942G	S:K417N S:N460K	18	11442	0.001573	22795	22966
G22813T T22896C G22898A T22928C T22942G	S:K417N S:V445A S:G446S S:F456L S:N460K	18	11442	0.001573	22793	22966
G22813T T22896C G22898A	S:K417N S:V445A S:G446S	18	14956	0.001204	22803	22966
G22813T T22882G T22896C G22898A G22927T T22928C T22942G	S:K417N S:N440K S:V445A S:G446S S:L455F S:F456L S:N460K	18	11442	0.001573	22800	22967
G22813T T22882G T22896C G22898A A22914-C T22930A T22942G	S:K417N S:N440K S:V445A S:G446S NA S:F456L S:N460K	18	11442	0.001573	22801	22965
G22577C G22578A G22599C C22664A	S:G339H S:G339H S:R346T S:L368I	18	667	0.026987	22494	22665
G21987A T21990-TTA C22000A A22005C	S:G142D S:DEL144 S:H146Q S:N148T	18	9697	0.001856	21968	22043
G21987A A21993-TTAC A21999-C	S:G142D NA NA	18	9697	0.001856	21963	22019
G21848T G21987A T21990-TTA A21999-C	S:E96* S:G142D S:DEL144 NA	18	7051	0.002553	21847	22015
G21848T	S:E96*	18	11284	0.001595	21847	21867
C25416T T25519C	ORF3a:F8F ORF3a:F43L	18	13755	0.001309	25372	25565
C25416T T25428C	ORF3a:F8F ORF3a:T12T	18	19862	0.000906	25381	25477
C25416T C25517-T G25555-T	ORF3a:F8F NA NA	18	12587	0.00143	25372	25566
C25184T	S:Q1208*	18	25737	0.000699	25157	25210
C25000T C25047-A	S:D1146D NA	18	18677	0.000964	24986	25069
C24865T C25000T	S:H1101H S:D1146D	18	14478	0.001243	24850	25065
C24237T	S:A892V	18	7918	0.002273	24148	24317
C23525T T23599G C23604A T23633+C	S:H655Y S:N679K S:P681H NA	18	44717	0.000403	23487	23642
C23525T T23599G C23604A C23630-A	S:H655Y S:N679K S:P681H NA	18	44829	0.000402	23501	23642
C23525T T23599G C23604A A23639G	S:H655Y S:N679K S:P681H S:I693V	18	44063	0.000409	23487	23642
C23525T A23531T T23599G C23604A	S:H655Y S:N657Y S:N679K S:P681H	18	45280	0.000398	23487	23637
C23393+T A23403G	NA S:D614G	18	23461	0.000767	23335	23408
C23393+T	NA	18	24289	0.000741	23335	23409
C22109G T22200A G22232C G22317T	S:Q183E S:V213E S:E224Q S:G252V	18	2768	0.006503	22100	22319
C22000A G22014-T	S:H146Q NA	18	10631	0.001693	21993	22058
A25325G	Unknown	18	29124	0.000618	25301	25325
A25256+T	NA	18	28232	0.000638	25251	25325
A25255G	S:T1231T	18	28207	0.000638	25218	25325
A25143G	S:N1194S	18	23418	0.000769	25138	25150
A25137+T C25262-T	NA NA	18	16899	0.001065	25122	25325
A25133G	S:K1191E	18	22273	0.000808	25123	25164
A24962G C25000T	S:N1134D S:D1146D	18	15026	0.001198	24871	25069
A24922-T C25000T	NA S:D1146D	18	14765	0.001219	24900	25003
A24917G A24997T C25000T	S:N1119D S:L1145F S:D1146D	18	14758	0.00122	24853	25065
A24902-T C25000T	NA S:D1146D	18	14702	0.001224	24850	25010
A24881+G C24981-T C25000T	NA NA S:D1146S	18	14572	0.001235	24850	25020
A24778G	S:E1072E	18	8210	0.002192	24724	24806
A24673+T A24674C	NA S:K1038Q	18	25916	0.000695	24638	24706
A24498G	S:D979G	18	51307	0.000351	24488	24516
A24424T T24489C	S:Q954H S:V976A	18	29429	0.000612	24412	24564
A24424T T24469A T24513C	S:Q954H S:N969K S:L984P	18	29306	0.000614	24416	24564
A24424T T24469A T24472-G T24491C	S:Q954H S:N969K NA S:L977L	18	29424	0.000612	24412	24564
A24424T T24469A A24562G	S:Q954H S:N969K S:R1000R	18	28686	0.000627	24412	24564
A24424T T24448C	S:Q954H S:L962L	18	29745	0.000605	24412	24461
A24424T A24516G	S:Q954H S:D985G	18	29287	0.000615	24412	24564
A24424T A24454G	S:Q954H S:K964K	18	29688	0.000606	24412	24544
A24353-T	NA	18	4828	0.003728	24328	24357
A23848+T	NA	18	16507	0.00109	23767	23885
A23827G C23854A	S:Q755Q S:N764K	18	16022	0.001123	23684	23890
A23805G C23854A	S:E748G S:N764K	18	15853	0.001135	23770	23895
A23786-T	NA	18	19657	0.000916	23772	23796
A23767G C23854A	S:S735S S:N764K	18	13438	0.001339	23747	23895
A23627-G	NA	18	69449	0.000259	23619	23637
A23597G T23599G C23604A	S:N679E S:N679E S:P681H	18	68846	0.000261	23580	23642
A23403G T23434C	S:D614G S:I624I	18	22741	0.000792	23333	23443
A23403G T23427C	S:D614G S:V622A	18	23284	0.000773	23387	23438
A23403G A23436G	S:D614G S:H625R	18	22676	0.000794	23390	23443
A23321G A23403G	S:I587V S:D614G	18	14970	0.001202	23285	23443
A23312-T	NA	18	16164	0.001114	23273	23324
A23303G A23403G	S:T581A S:D614G	18	14948	0.001204	23282	23443
A23279G A23403G	S:T573A S:D614G	18	14537	0.001238	23269	23443
A22845-T T22882G	NA S:N440K	18	18503	0.000973	22793	22889
A21979-T G21987A T21990-TTA A21999-CAAA	NA S:G142D S:DEL144 NA	18	9697	0.001856	21847	22050
T25285C	S:C1241C	17	28992	0.000586	25217	25323
T25221C	S:F1220S	17	24568	0.000692	25171	25325
T24991A C25000T	Unknown S:D1146D	17	19532	0.00087	24990	25090
T24689C	S:C1043R	17	6966	0.00244	24612	24695
T24583C	S:Y1007Y	17	19931	0.000853	24484	24675
T24499+A C24672-A	NA NA	17	19000	0.000895	24477	24679
T24480C C24672-A	S:I973T NA	17	18330	0.000927	24470	24679
T24472-G C24536-A	NA NA	17	46862	0.000363	24465	24564
T24469A T24504C	S:N969K S:L981P	17	45392	0.000375	24465	24516
T24469A G24655T	S:N969K S:E1031D	17	14380	0.001182	24465	24676
T24469A G24521+T	S:N969K NA	17	45136	0.000377	24465	24550
T23850+A	NA	17	16523	0.001029	23767	23870
T23765C C23854A	S:S735P S:N764K	17	13425	0.001266	23683	23895
T23693C	S:S711P	17	42165	0.000403	23683	23700
T23599G C23604A G23699A	S:N679K S:P681H S:A713T	17	22414	0.000758	23580	23724
T23599G C23604A G23616A	S:N679K S:P681H S:R685H	17	68788	0.000247	23580	23642
T23599G C23604A A23708G	S:N679K S:P681H S:T716A	17	22005	0.000773	23580	23712
T23599G C23604A A23668G	S:N679K S:P681H S:E702E	17	22593	0.000752	23580	23699
T23599G C23604A A23665G	S:N679K S:P681H S:A701A	17	22612	0.000752	23581	23724
T23599G C23603+A C23604G	S:N679K NA S:P681S	17	68849	0.000247	23580	23642
T23289+C	NA	17	20290	0.000838	23270	23297
T21864+A	NA	17	11468	0.001482	21856	21887
G25135T C25207T C25262-T	S:K1191N S:Y1215Y NA	17	16759	0.001014	25130	25325
G24971+T C24981-T	NA NA	17	15427	0.001102	24850	24996
G24834T	S:R1091L	17	1213	0.014015	24740	24866
G23508+T C23525T	NA S:H655S	17	54741	0.000311	23486	23529
G23505-C C23525T T23599G C23604A	NA S:H655Y S:N679K S:P681H	17	45043	0.000377	23487	23642
G23345-T	NA	17	25549	0.000665	23335	23357
G23294A A23403G	S:D578N S:D614G	17	14834	0.001146	23282	23443
G23149T	S:K529N	17	7612	0.002233	23096	23251
G22927T T22930A T22942G	S:L455F S:F456L S:N460K	17	13087	0.001299	22921	22967
G22813T T22882G G22895C T22896C G22898A T22917G T22930A	S:K417N S:N440K S:V445P S:V445P S:G446S S:L452R S:F456L	17	12648	0.001344	22793	22934
G22813T G22895C T22896C G22898A T22930A	S:K417N S:V445P S:V445P S:G446S S:F456L	17	12648	0.001344	22798	22933
G22317T A22443-C	S:G252V NA	17	6401	0.002656	22256	22446
G22317T A22356-T	S:G252V NA	17	7644	0.002224	22246	22370
G22302-T G22317T	NA S:G252V	17	13135	0.001294	22269	22319
C25416T A25492G	ORF3a:F8F ORF3a:T34A	17	15233	0.001116	25372	25566
C25416T A25462G	ORF3a:F8F ORF3a:T24A	17	19064	0.000892	25372	25477
C25416T A25442G	ORF3a:F8F ORF3a:Q17R	17	19553	0.000869	25383	25477
C23854A C23887A A23888C G23948T	S:N764K S:D775E S:K776Q S:D796Y	17	1620	0.010494	23846	23978
C23816-T C23854A C23887-A	NA S:N764K NA	17	15291	0.001112	23767	23895
C23536+A T23599G C23604A	NA S:N679* S:P681Y	17	45399	0.000374	23527	23625
C23525T T23599G C23604A T23617+G	S:H655Y S:N679K S:P681H NA	17	45243	0.000376	23487	23634
C23525T T23599G C23604A T23605C	S:H655Y S:N679K S:P681H S:P681H	17	45267	0.000376	23487	23642
C23525T T23599G C23604A G23619A	S:H655Y S:N679K S:P681H S:S686N	17	45240	0.000376	23492	23642
C23525T T23599G C23604A G23616A	S:H655Y S:N679K S:P681H S:R685H	17	45248	0.000376	23487	23642
C23525T T23599G C23604A C23630T	S:H655Y S:N679K S:P681H S:Q690*	17	44829	0.000379	23487	23637
C23525T T23559C T23599G C23604A	S:H655Y S:I666T S:N679K S:P681H	17	45280	0.000375	23487	23642
C23525T G23561A T23599G C23604A	S:H655Y S:G667S S:N679K S:P681H	17	45280	0.000375	23487	23642
C23525T C23557T T23599G C23604A	S:H655Y S:P665P S:N679K S:P681H	17	45280	0.000375	23487	23642
C21618T C21622T T21632-TACCCCCTG	S:T19I S:T20T S:DEL25/27	17	5173	0.003286	21581	21664
A25503+C	NA	17	14675	0.001158	25372	25514
A25410G C25416T	ORF3a:R6R ORF3a:F8F	17	20085	0.000846	25381	25477
A25397-T C25416T	NA ORF3a:F8F	17	20085	0.000846	25383	25466
A25286G	S:S1242G	17	29019	0.000586	25217	25316
A25247G	S:M1229V	17	25169	0.000675	25217	25325
A24674G	S:K1038E	17	26030	0.000653	24612	24679
A24670G	S:Q1036Q	17	26056	0.000652	24612	24679
A24619G	S:R1019R	17	26357	0.000645	24612	24666
A24591G	S:Q1010R	17	19886	0.000855	24575	24620
A24580G	S:T1006T	17	20014	0.000849	24571	24679
A24495G	S:N978S	17	51331	0.000331	24479	24498
A24424T T24549-G T24552A	S:Q954H NA S:I997N	17	28926	0.000588	24412	24563
A24424T T24514C	S:Q954H S:L984L	17	29301	0.00058	24412	24518
A24424T T24469A T24511C	S:Q954H S:N969K S:R983R	17	29310	0.00058	24412	24564
A24424T G24428+A	S:Q954H NA	17	29881	0.000569	24412	24564
A24253-T C24320-AA	NA NA	17	7235	0.00235	24229	24334
A24110-T G24140-T	NA NA	17	696	0.024425	24103	24191
A23806G C23854A	S:E748E S:N764K	17	15859	0.001072	23699	23881
A23712+T C23816-T C23887-A	NA NA NA	17	12609	0.001348	23683	23895
A23403G T23452C C23525T	S:D614G S:T630T S:H655Y	17	7579	0.002243	23386	23535
A23403G A23474+T C23525T	S:D614G NA S:H655S	17	7579	0.002243	23388	23539
A23366G A23403G	S:T602A S:D614G	17	22931	0.000741	23269	23443
A23295G A23403G	S:D578G S:D614G	17	14835	0.001146	23284	23434
A23013C T23018C T23031C A23055G A23063T	S:E484A S:F486L S:F490S S:Q498R S:N501Y	17	2770	0.006137	23008	23069
A23013C T23018C T23019C T23031C A23055G A23063T T23075C C23123T	S:E484A S:F486P S:F486P S:F490S S:Q498R S:N501Y S:Y505H S:P521S	17	2425	0.00701	23008	23152
A21592-G C21618T T21632-TACCCCCTG	NA S:T19I S:DEL25/27	17	5132	0.003313	21570	21664
A21469-T	NA	17	3826	0.004443	21451	21570
T25406C C25416T	ORF3a:M5T ORF3a:F8F	16	20085	0.000797	25381	25477
T25293-C	NA	16	29133	0.000549	25281	25325
T25155-C	NA	16	24287	0.000659	25148	25165
T25152C	S:L1197P	16	24172	0.000662	25135	25173
T24761C	S:Y1067H	16	8141	0.001965	24726	24806
T24691C	S:C1043C	16	6881	0.002325	24673	24801
T24640C	S:A1026A	16	26329	0.000608	24625	24642
T24625C	S:S1021S	16	26369	0.000607	24612	24645
T24523C	S:V987V	16	51052	0.000313	24476	24564
T24505C	S:L981L	16	51220	0.000312	24486	24519
T24499C	S:D979D	16	51316	0.000312	24473	24508
T24492-A C24536-A	NA NA	16	50392	0.000318	24482	24564
T24471-TG C24536-A	NA NA	16	46818	0.000342	24465	24564
T24469A T24480C	S:N969K S:I973T	16	45702	0.00035	24465	24564
T24469A C24559T	S:N969K S:G999G	16	44352	0.000361	24465	24679
T24469A A24677G	S:N969K S:R1039G	16	14053	0.001139	24465	24679
T23986C	S:D808D	16	2615	0.006119	23965	24106
T23820G G23821T	S:L753C S:L753C	16	17206	0.00093	23705	23828
T23693+A	NA	16	42165	0.000379	23686	23723
T23599G C23604A T23703C	S:N679K S:P681H S:I714T	16	22181	0.000721	23580	23724
T23599G C23604A T23697C	S:N679K S:P681H S:I712T	16	22437	0.000713	23580	23724
T23599G C23604A T23677C	S:N679K S:P681H S:V705V	16	22563	0.000709	23580	23700
T23599G C23604A G23666-A A23712-T	S:N679K S:P681H NA NA	16	21931	0.00073	23581	23724
T23599G C23604A C23709+A	S:N679K S:P681H NA	16	22000	0.000727	23580	23719
T23599G C23604A C23700T	S:N679K S:P681H S:A713V	16	22408	0.000714	23580	23724
T23599G C23604A C23644T	S:N679K S:P681H S:A694A	16	22727	0.000704	23580	23717
T23511C C23525T T23599G C23604A	S:L650S S:H655Y S:N679K S:P681H	16	45183	0.000354	23487	23642
T23346C A23403G	S:V595A S:D614G	16	22788	0.000702	23269	23443
T23337C A23403G	S:F592S S:D614G	16	22565	0.000709	23296	23443
T23018C T23019C T23031C A23055G A23063T T23075C	S:F486P S:F486P S:F490S S:Q498R S:N501Y S:Y505H	16	2653	0.006031	23008	23224
T21580C C21618T T21632-TACCCCCTG	S:V6V S:T19I S:DEL25/27	16	5006	0.003196	21463	21659
G25527+C	NA	16	13234	0.001209	25372	25542
G25287C	S:S1242T	16	29027	0.000551	25222	25325
G25226A	S:A1222T	16	24803	0.000645	25214	25325
G25135T	S:K1191N	16	22477	0.000712	25131	25325
G24971+T	NA	16	15623	0.001024	24910	24981
G24743-T	NA	16	8027	0.001993	24727	24805
G24738T	S:G1059V	16	7994	0.002002	24703	24806
G24655T C24672-A	S:E1031D NA	16	25920	0.000617	24470	24679
G24277-T	NA	16	8086	0.001979	24255	24317
G23804-A C23854A	NA S:N764K	16	15843	0.00101	23762	23895
G23292A A23403G	S:R577H S:D614G	16	14828	0.001079	23285	23438
G22813T T22896C T22942G	S:K417N S:V445A S:N460K	16	11442	0.001398	22793	22967
G22403-A	NA	16	7515	0.002129	22368	22446
G22104-A C22109G C22120-A T22200A	NA S:Q183E NA S:V213E	16	3277	0.004883	22100	22211
G21969-T G21987A T21990-TTA A21999-C	NA S:G142D S:DEL144 NA	16	9500	0.001684	21955	22058
C25416T T25547C	ORF3a:F8F ORF3a:L52P	16	12749	0.001255	25377	25566
C25416T T25468C	ORF3a:F8F ORF3a:S26P	16	18950	0.000844	25372	25520
C25416T G25494-A	ORF3a:F8F NA	16	15130	0.001058	25382	25506
C25416T A25512G	ORF3a:F8F ORF3a:S40S	16	14196	0.001127	25372	25566
C25321T	S:C1253C	16	29325	0.000546	25251	25325
C25292+G	NA	16	29120	0.000549	25277	25325
C25000T T25021-A	S:D1146D NA	16	19103	0.000838	24990	25036
C24575T	S:Q1005*	16	20053	0.000798	24545	24659
C24528T	S:A989V	16	51016	0.000314	24510	24564
C24435-T T24469A	NA S:N969K	16	29935	0.000534	24412	24564
C23887-A A23942-T G23948T	NA NA S:D796Y	16	1779	0.008994	23767	23957
C23854A G23885+A G23948T	S:N764K NA S:D796*	16	1620	0.009877	23849	23978
C23854A A23883G	S:N764K S:Q774R	16	15981	0.001001	23683	23895
C23854A A23870G	S:N764K S:I770V	16	16283	0.000983	23790	23895
C23525T T23599G C23604A T23641C	S:H655Y S:N679K S:P681H S:I693I	16	43853	0.000365	23487	23642
C23525T T23599G C23604A C23609-G	S:H655Y S:N679K S:P681H NA	16	45263	0.000353	23493	23624
C23525T T23590C T23599G C23604A C23625T	S:H655Y S:T676T S:N679K S:P681H S:A688V	16	45194	0.000354	23487	23642
C23525T T23542-G T23599G C23604A	S:H655Y NA S:N679K S:P681H	16	45280	0.000353	23501	23641
C23298T	S:P579L	16	16315	0.000981	23282	23309
C23277T C23334-T A23403G	S:T572I NA S:D614G	16	14530	0.001101	23269	23443
C23277T	S:T572I	16	20012	0.0008	23269	23315
C23266T	S:D568D	16	4053	0.003948	23210	23290
C22251-A G22317T	NA S:G252V	16	12417	0.001289	22246	22319
C21911T G21987A T21990-TTA A21999-C	S:L117L S:G142D S:DEL144 NA	16	7573	0.002113	21847	22015
C21911T G21987A	S:L117L S:G142D	16	9562	0.001673	21867	21993
A25216-G T25316-C	NA NA	16	23616	0.000678	25209	25325
A25154G	S:I1198V	16	24200	0.000661	25134	25193
A24788G	S:T1076A	16	8190	0.001954	24754	24806
A24578G	S:T1006A	16	20029	0.000799	24488	24676
A24562G	S:R1000R	16	50351	0.000318	24544	24564
A24478G	S:A972A	16	50434	0.000317	24473	24509
A24424T T24469A T24534C	S:Q954H S:N969K S:V991A	16	29123	0.000549	24412	24564
A24424T T24469A A24508G	S:Q954H S:N969K S:S982S	16	29328	0.000546	24412	24557
A24424T T24459C T24469A	S:Q954H S:L966P S:N969K	16	29538	0.000542	24412	24564
A24424T A24441-C	S:Q954H NA	16	29812	0.000537	24412	24554
A24424C T24469A	S:Q954H S:N969K	16	29538	0.000542	24417	24564
A24325-T	NA	16	7305	0.00219	24292	24334
A23843G C23854A	S:T761A S:N764K	16	16290	0.000982	23833	23894
A23779G C23854A	S:T739T S:N764K	16	15601	0.001026	23775	23895
A23403G T23437C	S:D614G S:H625H	16	22648	0.000706	23269	23443
A23403G T23406C	S:D614G S:V615A	16	23637	0.000677	23373	23443
A23403G A23440G	S:D614G S:A626A	16	22591	0.000708	23335	23443
A23354G A23403G	S:I598V S:D614G	16	22879	0.000699	23269	23443
A23310G A23403G	S:E583G S:D614G	16	14959	0.00107	23269	23443
A21979-T G21987A T21990-TTA A21999-CAA G22022-A	NA S:G142D S:DEL144 S:DEL147 NA	16	9478	0.001688	21847	22039
A21548G C21618T T21632-TACCCCCTG	ORF1b:N2694S S:T19I S:DEL25/27	16	4028	0.003972	21525	21664
T25398C C25416T	ORF3a:D2D ORF3a:F8F	15	20085	0.000747	25381	25427
T25264C	S:L1234L	15	28459	0.000527	25251	25325
T25224C	S:I1221T	15	24731	0.000607	25197	25325
T25140+A C25262-T	NA NA	15	17061	0.000879	25122	25284
T24671C	S:S1037P	15	26036	0.000576	24612	24679
T24643-A C24672-A A24684-T	NA NA NA	15	6405	0.002342	24612	24703
T24622C	S:A1020A	15	26375	0.000569	24612	24679
T24615-C	NA	15	26361	0.000569	24612	24644
T24514C C24672-A	S:L984L NA	15	19071	0.000787	24470	24679
T24470-TTG C24536-A	S:DEL971 NA	15	45170	0.000332	24465	24564
T24469A T24514C	S:N969K S:L984L	15	45254	0.000331	24465	24564
T24469A G24488-T C24672-A	S:N969K NA NA	15	14182	0.001058	24465	24679
T24417C A24424T	S:V952A S:Q954H	15	30993	0.000484	24412	24424
T23794C C23854A	S:G744G S:N764K	15	15737	0.000953	23765	23895
T23750C C23854A	S:S730P S:N764K	15	13384	0.001121	23683	23895
T23599G C23604A T23622C	S:N679K S:P681H S:V687A	15	68758	0.000218	23580	23724
T23599G C23604A G23612A	S:N679K S:P681H S:A684T	15	68813	0.000218	23580	23641
T23599G C23604A G23610A	S:N679K S:P681H S:R683Q	15	68816	0.000218	23580	23642
T23599G C23604A C23625T	S:N679K S:P681H S:A688V	15	68694	0.000218	23580	23642
T23599G C23604A C23615T	S:N679K S:P681H S:R685C	15	68793	0.000218	23580	23642
T23599G C23604A A23704-C	S:N679K S:P681H NA	15	22171	0.000677	23581	23715
T23599G C23604A A23632G	S:N679K S:P681H S:Q690Q	15	68176	0.00022	23580	23642
T23599G C23604A A23627G	S:N679K S:P681H S:S689G	15	68329	0.00022	23581	23642
T23511+A	NA	15	55115	0.000272	23487	23520
T23487G C23525T T23599G C23604A	Unknown S:H655Y S:N679K S:P681H	15	27625	0.000543	23486	23642
T23470G C23525T	S:Y636* S:H655Y	15	8104	0.001851	23428	23534
T23350C	S:S596S	15	25553	0.000587	23335	23373
T23307C A23403G	S:L582P S:D614G	15	14953	0.001003	23269	23443
T23287C A23403G	S:A575A S:D614G	15	14810	0.001013	23269	23419
T23031C A23063T	S:F490S S:N501Y	15	3202	0.004685	23023	23101
T23019C T23031C A23055G A23063T	S:F486S S:F490S S:Q498R S:N501Y	15	2772	0.005411	23008	23224
T22882G T22896C G22898A T22930A T22942G	S:N440K S:V445A S:G446S S:F456L S:N460K	15	12181	0.001231	22859	22967
T22882G T22896C G22898A A22914-C T22942G	S:N440K S:V445A S:G446S NA S:N460K	15	12181	0.001231	22868	22966
T22882G G22895C G22898A T22942G	S:N440K S:V445L S:G446S S:N460K	15	12181	0.001231	22876	22952
T21990-TTA C22000A C22033A	S:DEL144 S:H146Q S:F157L	15	9356	0.001603	21975	22049
G25401-T C25416T	NA ORF3a:F8F	15	20085	0.000747	25377	25498
G25230A	S:G1223D	15	24924	0.000602	25214	25325
G25218+T	NA	15	24167	0.000621	25122	25325
G24926A C24981-T C25000T	S:V1122M NA S:D1146D	15	14782	0.001015	24850	25011
G24535A	S:V991V	15	50904	0.000295	24517	24564
G24510+T	NA	15	51182	0.000293	24479	24519
G24428+A	NA	15	30014	0.0005	24412	24564
G23522-A C23525T	NA S:H655Y	15	54923	0.000273	23509	23539
G22898A T22942G	S:G446S S:N460K	15	12225	0.001227	22882	22947
G22813T G22844-ATT T22882G G22895C T22896C G22898A	S:K417N S:DEL429 S:N440K S:V445P S:V445P S:G446S	15	14956	0.001003	22793	22912
G22813T A22872G T22882G G22895C T22896C G22898A T22942G	S:K417N S:N437S S:N440K S:V445P S:V445P S:G446S S:N460K	15	11442	0.001311	22793	22949
G22813T A22845-T T22882G	S:K417N NA S:N440K	15	18099	0.000829	22793	22888
G22317T T22392-A G22403-A	S:G252V NA NA	15	6612	0.002269	22256	22436
G22317T A22418G	S:G252V S:T286A	15	6508	0.002305	22246	22446
G22022-A	NA	15	11890	0.001262	22015	22058
G21901-A	NA	15	11751	0.001276	21847	21929
C25416T T25510C	ORF3a:F8F ORF3a:S40P	15	14240	0.001053	25372	25519
C25416T T25461-A G25555-T	ORF3a:F8F NA NA	15	12587	0.001192	25372	25566
C25416T G25459A	ORF3a:F8F ORF3a:A23T	15	19134	0.000784	25381	25477
C25416T G25429C G25522-GAT	ORF3a:F8F ORF3a:V13L ORF3a:DEL45	15	13421	0.001118	25372	25552
C25262-T C25416T	NA ORF3a:F8F	15	1948	0.0077	25251	25477
C25000T T25063C	S:D1146D S:G1167G	15	18339	0.000818	24990	25069
C25000T A25065G	S:D1146D S:D1168G	15	18286	0.00082	24990	25069
C25000T A25026-T C25100-A	S:D1146D NA NA	15	3980	0.003769	24990	25165
C24981-T C25000T G25052+T	NA S:D1146D NA	15	14222	0.001055	24850	25063
C24896T C24981-T C25000T	S:P1112S NA S:D1146D	15	14661	0.001023	24850	25059
C23887-A C23929-A	NA NA	15	2245	0.006682	23767	23940
C23825T C23854A	S:Q755* S:N764K	15	16002	0.000937	23683	23895
C23525T G23580A T23599G C23604A	S:H655Y S:S673N S:N679K S:P681H	15	45280	0.000331	23487	23642
C23525T C23533T T23599G C23604A	S:H655Y S:N657N S:N679K S:P681H	15	45280	0.000331	23487	23624
C23520T C23525T T23599G C23604A	S:A653V S:H655Y S:N679K S:P681H	15	45268	0.000331	23501	23642
C23185T	S:F541F	15	7567	0.001982	23173	23224
C23123T T23143-A	S:P521S NA	15	7576	0.00198	23089	23183
C22109G C22120-A	S:Q183E NA	15	3746	0.004004	22105	22146
A25449G	ORF3a:E19E	15	19366	0.000775	25381	25462
A25379G C25416T	S:T1273A ORF3a:F8F	15	19022	0.000789	25372	25477
A25185G	S:Q1208R	15	25754	0.000582	25179	25206
A24997T C25000T	S:L1145F S:D1146D	15	19645	0.000764	24960	25040
A24970G C24981-T C25000T	S:T1136T NA S:D1146D	15	15069	0.000995	24867	25029
A24935G C25000T	S:N1125D S:D1146D	15	14810	0.001013	24850	25024
A24913G C25000T	S:T1117T S:D1146D	15	14748	0.001017	24853	25069
A24647G	S:M1029V	15	26322	0.00057	24612	24672
A24576G	S:Q1005R	15	20035	0.000749	24473	24679
A24424T T24505C	S:Q954H S:L981L	15	29345	0.000511	24412	24564
A24424T T24469A A24538G	S:Q954H S:N969K S:Q992Q	15	29080	0.000516	24412	24554
A24424T T24469A A24520G	S:Q954H S:N969K S:K986K	15	29261	0.000513	24412	24563
A24424T A24518G	S:Q954H S:K986E	15	29278	0.000512	24412	24564
A24424T A24432G T24469A	S:Q954H S:Q957R S:N969K	15	29538	0.000508	24412	24564
A24424T A24432G	S:Q954H S:Q957R	15	29869	0.000502	24412	24564
A24424T A24430G	S:Q954H S:A956A	15	29876	0.000502	24412	24564
A24110-T C24119-A	NA NA	15	737	0.020353	24050	24131
A23729+T C23854A	NA S:N764K	15	13254	0.001132	23683	23895
A23403G A23409G	S:D614G S:N616S	15	23611	0.000635	23269	23443
A23359G A23403G	S:T599T S:D614G	15	22907	0.000655	23335	23443
A23312G A23403G	S:I584V S:D614G	15	14961	0.001003	23288	23443
A23276G A23403G	S:T572A S:D614G	15	14529	0.001032	23269	23443
A22101T C22109G C22120-A T22200A G22317T	Unknown S:Q183E NA S:V213E S:G252V	15	2587	0.005798	22100	22319
A21469-T C21618T T21632-TACCCCCTG	NA S:T19I S:DEL25/27	15	2191	0.006846	21463	21659
A21464+T C21618T T21632-TACCCCCTG	NA S:T19F S:DEL25/27	15	2101	0.007139	21452	21664
T25288C	S:S1242S	14	29042	0.000482	25235	25295
T25258C	S:I1232I	14	28263	0.000495	25241	25325
T25210C	S:I1216I	14	28128	0.000498	25176	25210
T25152-C	NA	14	24172	0.000579	25145	25210
T24796-C	NA	14	8058	0.001737	24679	24800
T24769C	S:P1069P	14	8176	0.001712	24713	24791
T24660+A C24672-A	NA NA	14	25938	0.00054	24476	24679
T24623C	S:S1021P	14	26375	0.000531	24612	24679
T24581C	S:Y1007H	14	19949	0.000702	24493	24676
T24571C	S:S1003S	14	20079	0.000697	24473	24579
T24564C	S:L1001P	14	50271	0.000278	24493	24564
T24469A T24660+A	S:N969K NA	14	14353	0.000975	24465	24672
T24469A T24499+A	S:N969K NA	14	45510	0.000308	24465	24564
T24469A T24472-G C24536-AA	S:N969K NA NA	14	44904	0.000312	24465	24564
T24469A G24611+A	S:N969K NA	14	14560	0.000962	24465	24626
T24469A C24668+A	S:N969K NA	14	14256	0.000982	24465	24679
T24469A A24479-T	S:N969K NA	14	45706	0.000306	24465	24508
T24309C	S:L916P	14	8190	0.001709	24229	24316
T23725C C23854A	S:S721S S:N764K	14	13231	0.001058	23683	23895
T23693C C23854A	S:S711P S:N764K	14	13002	0.001077	23683	23873
T23599G G23699T	S:N679K S:A713S	14	22414	0.000625	23580	23724
T23599G C23604A T23716C	S:N679K S:P681H S:F718F	14	21906	0.000639	23580	23724
T23599G C23604A T23676C	S:N679K S:P681H S:V705A	14	22565	0.00062	23580	23700
T23599G C23604A G23675+T	S:N679K S:P681H NA	14	22566	0.00062	23580	23696
T23599G C23604A A23667G	S:N679K S:P681H S:E702G	14	22600	0.000619	23580	23724
T23599G C23604A A23646G C23673T	S:N679K S:P681H S:Y695C S:S704L	14	22575	0.00062	23580	23705
T23514C C23525T T23599G C23604A	S:I651T S:H655Y S:N679K S:P681H	14	45203	0.00031	23487	23642
T23394C A23403G C23525T	S:L611P S:D614G S:H655Y	14	7429	0.001885	23382	23529
T23316C A23403G	S:L585P S:D614G	14	14965	0.000936	23269	23443
T23314C	S:I584I	14	16130	0.000868	23269	23328
T23284C A23403G	S:D574D S:D614G	14	14623	0.000957	23269	23443
T23019C T23031C A23063T T23075C	S:F486S S:F490S S:N501Y S:Y505H	14	2655	0.005273	23008	23224
T22882G T22896C G22898A T22928C T22942G	S:N440K S:V445A S:G446S S:F456L S:N460K	14	12181	0.001149	22843	22947
T22882G G22895C T22896C G22898A T22900-G	S:N440K S:V445P S:V445P S:G446S NA	14	15753	0.000889	22793	22915
T22392-A	NA	14	7695	0.001819	22368	22403
T21966G G21987A T21990-TTA C22000A	S:F135C S:G142D S:DEL144 S:H146Q	14	9403	0.001489	21959	22058
T21553+A	NA	14	5899	0.002373	21451	21564
G25299A	S:G1246D	14	29248	0.000479	25207	25325
G25281A	S:C1240Y	14	28928	0.000484	25251	25325
G25238A	S:A1226T	14	25057	0.000559	25207	25325
G24611+A C24672-A	NA NA	14	19290	0.000726	24479	24679
G24574+A	NA	14	20062	0.000698	24470	24620
G24164+A	NA	14	7157	0.001956	24154	24196
G23948T A23949-T	S:D796Y NA	14	4236	0.003305	23941	23971
G23504A C23525T T23599G C23604A	S:G648S S:H655Y S:N679K S:P681H	14	45027	0.000311	23487	23642
G23401T C23525T	S:Q613H S:H655Y	14	7579	0.001847	23335	23535
G22813T T22882G G22898A T22930A	S:K417N S:N440K S:G446S S:F456L	14	12648	0.001107	22794	22933
G22813T T22882G G22895C T22896C G22898A T22942G C22950-T	S:K417N S:N440K S:V445P S:V445P S:G446S S:N460K NA	14	11051	0.001267	22809	22966
G22813T T22882G G22895C T22896C G22898A T22930A A22941+G T22942A	S:K417N S:N440K S:V445P S:V445P S:G446S S:F456L NA S:N460R	14	11442	0.001224	22793	22952
G22813T T22882G G22895C T22896C G22898A T22900-G T22930A T22942G	S:K417N S:N440K S:V445P S:V445P S:G446S NA S:F456L S:N460K	14	11442	0.001224	22793	22966
G22813T A22845-T T22882G G22895C T22896C G22898A	S:K417N NA S:N440K S:V445P S:V445P S:G446S	14	14956	0.000936	22808	22909
G22317T C22439+T	S:G252V NA	14	6432	0.002177	22246	22446
G22317T A22390-T	S:G252V NA	14	6986	0.002004	22249	22403
G21987A T21990-TTA A21999-C G22014-T	S:G142D S:DEL144 NA NA	14	9653	0.00145	21958	22036
G21969-T T21990-TTA C22000A	NA S:DEL144 S:H146Q	14	9500	0.001474	21954	22058
G21604T C21618T T21632-TACCCCCTG	S:Q14H S:T19I S:DEL25/27	14	5168	0.002709	21580	21664
G21569-T T21632-TACCCCCTG	NA S:DEL25/27	14	4710	0.002972	21540	21664
C25433+T	NA	14	19752	0.000709	25383	25443
C25416T T25458C	ORF3a:F8F ORF3a:D22D	14	19166	0.00073	25381	25477
C25416T A25562G	ORF3a:F8F ORF3a:Q57R	14	12458	0.001124	25372	25566
C25416T A25524G	ORF3a:F8F ORF3a:G44G	14	13343	0.001049	25381	25566
C25416T A25497G	ORF3a:F8F ORF3a:I35M	14	14952	0.000936	25383	25552
C25416T A25426G	ORF3a:F8F ORF3a:T12A	14	19891	0.000704	25381	25473
C25416T A25419G	ORF3a:F8F ORF3a:T9T	14	20013	0.0007	25381	25477
C25262-T A25296G	NA S:K1245R	14	28230	0.000496	25251	25324
C25000T T25072-G	S:D1146D NA	14	4136	0.003385	24998	25104
C25000T G25052+T	S:D1146D NA	14	18594	0.000753	24990	25064
C24616+A	NA	14	26347	0.000531	24612	24642
C24422-A A24425T T24469A	NA S:N955Y S:N969K	14	29529	0.000474	24412	24564
C23854A G23903-T G23948T	S:N764K NA S:D796Y	14	1620	0.008642	23775	23978
C23854A C23887A A23888C	S:N764K S:D775E S:K776Q	14	15863	0.000883	23843	23894
C23595T T23599G C23604A	S:T678I S:N679K S:P681H	14	68831	0.000203	23590	23642
C23525T T23599G C23604A C23634T	S:H655Y S:N679K S:P681H S:S691F	14	44710	0.000313	23487	23642
C23525T A23558-T	S:H655Y NA	14	45711	0.000306	23487	23567
C23525T A23550T T23599G C23604A	S:H655Y S:D663V S:N679K S:P681H	14	45280	0.000309	23487	23642
C23492-A C23525T T23599G C23604A	NA S:H655Y S:N679K S:P681H	14	44334	0.000316	23488	23629
C23347-A	NA	14	25563	0.000548	23335	23371
C23306+T C23334-T	NA NA	14	15910	0.00088	23269	23350
C23277T C23334-T	S:T572I NA	14	15439	0.000907	23269	23363
C22326-T	NA	14	8080	0.001733	22317	22346
C22109G A22161-T T22200A	S:Q183E NA S:V213E	14	3459	0.004047	22105	22214
C21602T A21603T C21618T T21632-TACCCCCTG	S:Q14L S:Q14L S:T19I S:DEL25/27	14	5165	0.002711	21550	21659
A25397+T	NA	14	20518	0.000682	25381	25407
A25225G C25262-T	S:I1221M NA	14	24689	0.000567	25122	25325
A25182G G25198-C	S:E1207G NA	14	25324	0.000553	25169	25210
A25176G	S:K1205R	14	25139	0.000557	25130	25210
A24999G C25000T	S:D1146G S:D1146G	14	19674	0.000712	24990	25048
A24885+T G24971+T C24981-T C25000T	NA NA NA S:D1146Y	14	14587	0.00096	24850	25021
A24669G	S:Q1036R	14	26071	0.000537	24612	24679
A24545G	S:R995G	14	50804	0.000276	24476	24563
A24424T T24470-TTG	S:Q954H S:DEL971	14	29511	0.000474	24412	24564
A24424T T24469A T24541C	S:Q954H S:N969K S:I993I	14	29058	0.000482	24412	24552
A24424T T24469A T24529C	S:Q954H S:N969K S:A989A	14	29172	0.00048	24412	24564
A24424T T24469A T24514C	S:Q954H S:N969K S:L984L	14	29301	0.000478	24412	24564
A24424T T24469A G24526A	S:Q954H S:N969K S:E988E	14	29192	0.00048	24412	24564
A24424T T24469A C24503-T	S:Q954H S:N969K NA	14	29353	0.000477	24412	24535
A24424T T24469A C24477T	S:Q954H S:N969K S:A972V	14	29499	0.000475	24412	24564
A24424T T24447C	S:Q954H S:L962P	14	29751	0.000471	24413	24564
A24424T T24436C T24469A	S:Q954H S:A958A S:N969K	14	29538	0.000474	24415	24564
A24424T G24428+A T24469A	S:Q954H NA S:N969Q	14	29538	0.000474	24417	24562
A24424T C24458+T	S:Q954H NA	14	29640	0.000472	24412	24467
A24424T C24455-A T24469A	S:Q954H NA S:N969K	14	29538	0.000474	24412	24564
A24424T A24554G	S:Q954H S:T998A	14	28868	0.000485	24412	24564
A24424T A24538G	S:Q954H S:Q992Q	14	29080	0.000481	24412	24564
A24424T A24439G T24469A	S:Q954H S:L959L S:N969K	14	29538	0.000474	24416	24552
A24424T A24439G	S:Q954H S:L959L	14	29822	0.000469	24412	24453
A24420G A24424T T24469A	S:N953S S:Q954H S:N969K	14	29517	0.000474	24412	24564
A24317G	S:N919D	14	8037	0.001742	24280	24324
A24298G	S:T912T	14	8232	0.001701	24254	24314
A23805G	S:E748G	14	19632	0.000713	23767	23812
A23436G C23525T	S:H625R S:H655Y	14	7994	0.001751	23374	23539
A23432+C	NA	14	23571	0.000594	23425	23440
A23403G A23432+T	S:D614G NA	14	22897	0.000611	23269	23443
A23357G A23403G	S:T599A S:D614G	14	22900	0.000611	23335	23429
A23055G A23063T	S:Q498R S:N501Y	14	3367	0.004158	23050	23208
A23013C T23031C A23063T T23075C	S:E484A S:F490S S:N501Y S:Y505H	14	2653	0.005277	23008	23224
A23013C T23019C T23031C A23063T	S:E484A S:F486S S:F490S S:N501Y	14	2770	0.005054	23008	23224
A22798+G G22813T T22882G G22895C G22898A	NA S:K417N S:N440Q S:V445R S:G446R	14	14696	0.000953	22793	22907
A22101T C22109G T22200A G22218-T G22317T	Unknown S:Q183E S:V213E NA S:G252V	14	2587	0.005412	22100	22319
A21979-T G21987A A21993-TTACC A21999C G22022-A	NA S:G142D NA S:H146P NA	14	9478	0.001477	21847	22038
A21972-TGATCCATTTTTGGGTGTTTATTACC A21999C	NA S:H146P	14	9593	0.001459	21847	22049
A21971-ATGATCCATTTTTGGGTGTTTATT C22000A	S:DEL138/145 S:H146Q	14	9560	0.001464	21851	22058
A21875-T C21888-T	NA NA	14	11579	0.001209	21847	21922
A21875-T A21979-T G21987A T21990-TTA A21999-CAA	NA NA S:G142D S:DEL144 S:DEL147	14	7275	0.001924	21847	22024
T25479A	ORF3a:V29V	13	16456	0.00079	25380	25495
T25375C C25416T	S:H1271H ORF3a:F8F	13	18829	0.00069	25372	25440
T25245-A	NA	13	25150	0.000517	25228	25325
T25189C T25322C	S:Y1209Y S:C1254R	13	20038	0.000649	25122	25325
T25189C G25218-T	S:Y1209Y NA	13	20451	0.000636	25141	25325
T25189C C25262-TT	S:Y1209Y NA	13	20371	0.000638	25124	25313
T25180C	S:Y1206Y	13	25282	0.000514	25151	25264
T25123+A	NA	13	20700	0.000628	25122	25325
T24943C C25000T	S:D1127D S:D1146D	13	14843	0.000876	24919	25069
T24927C C24981-T C25000T	S:V1122A NA S:D1146D	13	14784	0.000879	24850	25066
T24869C C25000T	S:F1103L S:D1146D	13	14518	0.000895	24853	25055
T24658C C24672-A	S:C1032C NA	13	25928	0.000501	24612	24679
T24643+A C24672-A	NA NA	13	25873	0.000502	24476	24679
T24589C	S:T1009T	13	19890	0.000654	24505	24605
T24534C	S:V991A	13	50925	0.000255	24473	24564
T24496C	S:N978N	13	51343	0.000253	24488	24544
T24482C	S:S974P	13	50907	0.000255	24465	24502
T24469A T24643+A	S:N969K NA	13	14421	0.000901	24465	24672
T24469A T24492+A	S:N969K NA	13	45623	0.000285	24465	24551
T24469A C24503+T	S:N969K NA	13	45405	0.000286	24465	24590
T24469A A24551G	S:N969K S:I997V	13	44610	0.000291	24465	24564
T24469A A24525G	S:N969K S:E988G	13	45079	0.000288	24465	24564
T24469A A24493T	S:N969K S:L977F	13	45601	0.000285	24465	24564
T24438+A T24469A	NA S:N969Q	13	29980	0.000434	24428	24481
T24187C	S:S875S	13	7122	0.001825	24148	24191
T23850+A C23887-A	NA NA	13	15824	0.000822	23775	23895
T23842C C23854A	S:C760C S:N764K	13	16254	0.0008	23832	23895
T23789C C23854A	S:C743R S:N764K	13	15675	0.000829	23683	23895
T23789C	S:C743R	13	19663	0.000661	23683	23803
T23752C C23854A	S:S730S S:N764K	13	13388	0.000971	23683	23895
T23742-A C23816-T	NA NA	13	16646	0.000781	23683	23828
T23599G T23602-C C23604A	S:N679K NA S:P681H	13	68849	0.000189	23580	23665
T23599G C23604A T23689C	S:N679K S:P681H S:N709N	13	22491	0.000578	23580	23724
T23599G C23604A T23617C	S:N679K S:P681H S:R685R	13	68782	0.000189	23580	23642
T23599G C23604A C23664T G23666-A	S:N679K S:P681H S:A701V NA	13	22606	0.000575	23580	23697
T23599G C23604A A23710G	S:N679K S:P681H S:T716T	13	21950	0.000592	23580	23724
T23389C A23403G	S:A609A S:D614G	13	23365	0.000556	23381	23429
T23374C A23403G	S:T604T S:D614G	13	23007	0.000565	23269	23443
T23355-A	NA	13	25562	0.000509	23336	23365
T23317C	S:L585L	13	16101	0.000807	23270	23324
T23289C A23403G	S:V576A S:D614G	13	14824	0.000877	23269	23443
T23164-A C23230-A	NA NA	13	3959	0.003284	23089	23244
T22896C G22898A	S:V445A S:G446S	13	15796	0.000823	22883	22967
T22831+A T22882G	NA S:N440Q	13	18310	0.00071	22793	22889
T22807+G G22813T T22882G	NA S:K417N S:N440Q	13	18028	0.000721	22793	22889
T21991-TA	NA	13	11572	0.001123	21968	22058
T21856+A G21987A	NA S:G142E	13	9095	0.001429	21847	21992
T21540+A C21618T T21632-TACCCCCTG	NA S:T19F S:DEL25/27	13	3642	0.003569	21533	21664
G25477A	ORF3a:V29I	13	18771	0.000693	25372	25490
G25305A	S:C1248Y	13	29374	0.000443	25284	25314
G24665A	S:G1035R	13	26134	0.000497	24612	24679
G24488-T C24517-A	NA NA	13	50607	0.000257	24480	24533
G24476+A	NA	13	49987	0.00026	24469	24505
G23508+T	NA	13	55075	0.000236	23493	23519
G23364-A C23525T	NA S:H655Y	13	7079	0.001836	23346	23539
G22895C G22898A	S:V445L S:G446S	13	15796	0.000823	22876	22906
G22813T T22882G T22896C G22898A T22928C	S:K417N S:N440K S:V445A S:G446S S:F456L	13	12725	0.001022	22793	22941
G22813T T22882G T22891+A G22895C G22898A	S:K417N S:N440K NA S:V445R S:G446R	13	14956	0.000869	22793	22913
G22813T T22882G G22895C T22896C G22898A T22942G A22948C	S:K417N S:N440K S:V445P S:V445P S:G446S S:N460K S:K462N	13	11082	0.001173	22793	22966
G22813T T22882G G22895C G22898A T22917G T22930A T22942G	S:K417N S:N440K S:V445L S:G446S S:L452R S:F456L S:N460K	13	11442	0.001136	22793	22967
G22813T A22877G T22882G G22895C T22896C G22898A T22930A T22942G	S:K417N S:N439D S:N440K S:V445P S:V445P S:G446S S:F456L S:N460K	13	11442	0.001136	22793	22967
G22809A G22813T T22882G G22895C T22896C G22898A T22942G	S:G416E S:K417N S:N440K S:V445P S:V445P S:G446S S:N460K	13	11432	0.001137	22793	22967
G22809-A T22882G	NA S:N440K	13	18088	0.000719	22793	22889
G22577C G22578A C22664A C22674T	S:G339H S:G339H S:L368I S:S371F	13	646	0.020124	22564	22676
G21987A G21989A T21990G T21991-TA A21999-C	S:G142D S:V143S S:V143S NA NA	13	9697	0.001341	21965	22058
G21578-T T21632-TACCCCCTG	NA S:DEL25/27	13	4946	0.002628	21552	21664
G21569-T G21578-T C21618T T21632-TACCCCCTG	NA NA S:T19I S:DEL25/27	13	4710	0.00276	21545	21664
G21508-A T21632-TACCCCCTG	NA S:DEL25/27	13	2749	0.004729	21487	21657
C25460T	ORF3a:A23V	13	19114	0.00068	25372	25477
C25416T T25556C	ORF3a:F8F ORF3a:V55A	13	12578	0.001034	25372	25566
C25416T T25542C	ORF3a:F8F ORF3a:V50V	13	12794	0.001016	25372	25566
C25416T T25473C	ORF3a:F8F ORF3a:D27D	13	18858	0.000689	25376	25477
C25416T T25461C	ORF3a:F8F ORF3a:A23A	13	19074	0.000682	25381	25477
C25416T G25477-T	ORF3a:F8F NA	13	18771	0.000693	25372	25486
C25416T A25453G	ORF3a:F8F ORF3a:K21E	13	19279	0.000674	25381	25477
C25416T A25450G	ORF3a:F8F ORF3a:I20V	13	19354	0.000672	25381	25477
C25416T A25431G	ORF3a:F8F ORF3a:V13V	13	19783	0.000657	25372	25477
C25416T A25420G	ORF3a:F8F ORF3a:I10V	13	20012	0.00065	25375	25477
C25262-T T25371+A	NA NA	13	2469	0.005265	25251	25392
C25000T C25120+A	S:D1146D NA	13	3858	0.00337	24990	25135
C25000T A25050G	S:D1146D S:D1163G	13	18625	0.000698	24990	25069
C24981-T C25000T T25058C	NA S:D1146D S:L1166L	13	14150	0.000919	24850	25069
C24899-A C25000T	NA S:D1146D	13	14680	0.000886	24886	25009
C24672-A G24738T	NA S:G1059V	13	5955	0.002183	24612	24806
C24512+T	NA	13	51155	0.000254	24489	24527
C24418+A A24424T	NA S:Q954P	13	31031	0.000419	24412	24471
C23854A A23881G	S:N764K S:E773E	13	16067	0.000809	23798	23895
C23816-T G23841+T C23887-A	NA NA NA	13	15291	0.00085	23683	23895
C23816-T G23824+T	NA NA	13	17117	0.000759	23683	23835
C23758+A C23816-T	NA NA	13	16722	0.000777	23683	23829
C23525T T23599G C23604A A23636-T A23639G	S:H655Y S:N679K S:P681H NA S:I693V	13	44063	0.000295	23487	23642
C23525T T23599G C23604A A23614+G	S:H655Y S:N679K S:P681H NA	13	45252	0.000287	23487	23625
C23525T T23590A T23599G C23604A	S:H655Y S:T676T S:N679K S:P681H	13	45280	0.000287	23508	23637
C23525T A23526G T23599G C23604A G23624A	S:H655C S:H655C S:N679K S:P681H S:A688T	13	45204	0.000288	23487	23637
C23373+A	NA	13	24896	0.000522	23339	23382
C22120-A T22200A G22317T	NA S:V213E S:G252V	13	2942	0.004419	22112	22319
C22109G T22200A A22245-T G22317T	S:Q183E S:V213E NA S:G252V	13	2768	0.004697	22100	22319
C22109G T22200A A22206-T G22317T	S:Q183E S:V213E NA S:G252V	13	2768	0.004697	22105	22319
C21618T C21627A T21632-TACCCCCTG	S:T19I S:T22N S:DEL25/27	13	5173	0.002513	21563	21659
A25374+T	NA	13	19537	0.000665	25372	25405
A25271-T	NA	13	28693	0.000453	25264	25325
A25223G	S:I1221V	13	24658	0.000527	25219	25325
A25193G	S:K1211E	13	26302	0.000494	25189	25210
A25182G C25262-T	S:E1207G NA	13	19985	0.00065	25122	25324
A24978G C25000T	S:D1139G S:D1146D	13	15128	0.000859	24951	25069
A24885+T C24981-T	NA NA	13	14937	0.00087	24852	24999
A24860G	S:T1100A	13	17415	0.000746	24850	24889
A24645G	S:K1028R	13	26323	0.000494	24612	24671
A24594G	S:Q1011R	13	19872	0.000654	24488	24679
A24569G	S:S1003G	13	20094	0.000647	24546	24676
A24556G	S:T998T	13	50483	0.000258	24473	24564
A24554G	S:T998A	13	50581	0.000257	24537	24564
A24532G	S:E990E	13	50948	0.000255	24473	24542
A24479-T C24672-A	NA NA	13	18247	0.000712	24470	24679
A24479+T C24672-A	NA NA	13	18247	0.000712	24470	24679
A24424T T24506C	S:Q954H S:S982P	13	29342	0.000443	24412	24528
A24424T T24469A T24505C	S:Q954H S:N969K S:L981L	13	29345	0.000443	24412	24564
A24424T T24469A A24545G	S:Q954H S:N969K S:R995G	13	29018	0.000448	24412	24564
A24424T G24535A	S:Q954H S:V991V	13	29111	0.000447	24412	24564
A24424T C24431T T24469A	S:Q954H S:Q957* S:N969K	13	29538	0.00044	24412	24564
A24424T A24531G	S:Q954H S:E990G	13	29158	0.000446	24412	24564
A24424T A24525G	S:Q954H S:E988G	13	29199	0.000445	24412	24564
A24318-C A24424T	NA S:Q954H	13	1052	0.012357	24283	24424
A23853-C C23855A	NA S:R765S	13	16466	0.00079	23843	23895
A23738+T	NA	13	17689	0.000735	23690	23765
A23704+C	NA	13	42102	0.000309	23683	23723
A23515G C23525T T23599G C23604A	S:I651M S:H655Y S:N679K S:P681H	13	45212	0.000288	23487	23642
A23403G A23414G	S:D614G S:T618A	13	23505	0.000553	23390	23443
A23359G A23403G C23525T	S:T599T S:D614G S:H655Y	13	7072	0.001838	23335	23532
A23354+T	NA	13	25564	0.000509	23335	23362
A23063T	S:N501Y	13	3411	0.003811	23059	23224
A23013C T23018C T23031C A23055G T23075C	S:E484A S:F486L S:F490S S:Q498R S:Y505H	13	2653	0.0049	23008	23085
A23013C T23018C T23031C A23055G A23063T T23075C	S:E484A S:F486L S:F490S S:Q498R S:N501Y S:Y505H	13	2653	0.0049	23008	23096
T25560C C25561A A25562T	ORF3a:F56F ORF3a:Q57M ORF3a:Q57M	12	12458	0.000963	25375	25566
T25403C C25416T	ORF3a:F4S ORF3a:F8F	12	20085	0.000597	25372	25477
T25382-A C25416T	NA ORF3a:F8F	12	19958	0.000601	25375	25480
T25257C	S:I1232T	12	28248	0.000425	25251	25325
T25215C	S:L1218P	12	23817	0.000504	25151	25325
T25202C	S:W1214R	12	26947	0.000445	25147	25210
T25191-A G25218-T	NA NA	12	20801	0.000577	25122	25286
T25159C	S:D1199D	12	24476	0.00049	25122	25210
T24982C C25000T	S:P1140P S:D1146D	12	15152	0.000792	24850	25069
T24946-G C25000T	NA S:D1146D	12	14869	0.000807	24850	25069
T24650C C24672-A	S:S1030P NA	12	25896	0.000463	24626	24679
T24648C	S:M1029T	12	26311	0.000456	24612	24679
T24633C	S:L1024P	12	26387	0.000455	24612	24679
T24628C	S:A1022A	12	26401	0.000455	24612	24679
T24585C	S:V1008A	12	19918	0.000602	24473	24661
T24552C	S:I997T	12	50659	0.000237	24473	24585
T24469A T24472C	S:N969K S:F970F	12	45734	0.000262	24465	24564
T24469A G24655T C24672-A	S:N969K S:E1031D NA	12	14182	0.000846	24465	24679
T24469A A24560G	S:N969K S:R1000G	12	44297	0.000271	24465	24564
T24469A A24520G	S:N969K S:K986K	12	45184	0.000266	24465	24564
T24469A A24498G	S:N969K S:D979G	12	45515	0.000264	24465	24564
T24451+A	NA	12	30293	0.000396	24412	24476
T24280+A	NA	12	8136	0.001475	24229	24292
T24151C	S:P863P	12	7079	0.001695	24148	24191
T23716-A C23854A	NA S:N764K	12	13190	0.00091	23709	23895
T23686-A	NA	12	42033	0.000285	23683	23707
T23684C	S:S708P	12	41966	0.000286	23683	23702
T23599G C23604A T23659G	S:N679K S:P681H S:L699L	12	22638	0.00053	23580	23724
T23599G C23604A T23645C	S:N679K S:P681H S:Y695H	12	22723	0.000528	23580	23717
T23599G C23604A T23633+C	S:N679K S:P681H NA	12	68152	0.000176	23580	23642
T23599G C23604A C23705T	S:N679K S:P681H S:P715S	12	22161	0.000541	23590	23724
T23599G C23604A C23644A	S:N679K S:P681H S:A694A	12	22727	0.000528	23580	23700
T23599G C23604A A23618G	S:N679K S:P681H S:S686G	12	68781	0.000174	23580	23642
T23599G A23712-T	S:N679K NA	12	21931	0.000547	23580	23724
T23511-A C23525T	NA S:H655Y	12	54801	0.000219	23487	23539
T23428-G	NA	12	23882	0.000502	23269	23443
T23335C A23403G	S:S591S S:D614G	12	15000	0.0008	23269	23443
T23317C A23403G	S:L585L S:D614G	12	14965	0.000802	23269	23443
T23031C A23055G A23063T T23075C T23143-A	S:F490S S:Q498R S:N501Y S:Y505H NA	12	2739	0.004381	23019	23154
T23031C A23055G	S:F490S S:Q498R	12	3249	0.003693	23025	23062
T23019C T23031C A23055G T23075C	S:F486S S:F490S S:Q498R S:Y505H	12	2655	0.00452	23008	23224
T22926-G T22942G	NA S:N460K	12	13046	0.00092	22917	22967
T22882G G22895C G22898A T22928C T22942G	S:N440K S:V445L S:G446S S:F456L S:N460K	12	12181	0.000985	22876	22966
T22261+A G22317T	NA S:G252L	12	12686	0.000946	22246	22330
T21991-TA A21999-C	NA NA	12	9697	0.001237	21965	22058
T21990-TTA A21999-C C22033A	S:DEL144 NA S:F157L	12	9356	0.001283	21972	22058
T21856+A	NA	12	11440	0.001049	21847	21936
G25401-T	NA	12	20446	0.000587	25372	25411
G25340-A	NA	12	3012	0.003984	25256	25359
G25323A	S:C1254Y	12	29241	0.00041	25236	25325
G25320A	S:C1253Y	12	29338	0.000409	25122	25325
G25287A	S:S1242N	12	29027	0.000413	25283	25325
G25173-A	NA	12	25011	0.00048	25138	25194
G25135-A	NA	12	22477	0.000534	25128	25156
G24776-A	NA	12	8197	0.001464	24724	24803
G24776+A	NA	12	8197	0.001464	24737	24806
G24659A	S:V1033I	12	26259	0.000457	24612	24679
G24515-A	NA	12	51132	0.000235	24507	24564
G24486+T	NA	12	51060	0.000235	24476	24506
G24164-A	NA	12	7157	0.001677	24151	24174
G23835+T C23887-A	NA NA	12	15484	0.000775	23767	23895
G23735+A C23816-T C23887-A	NA NA NA	12	12729	0.000943	23683	23895
G23519+A C23525T T23599G C23604A	NA S:H655S S:N679* S:P681Y	12	45261	0.000265	23501	23642
G23508A C23525T T23599G C23604A	S:C649Y S:H655Y S:N679K S:P681H	12	45138	0.000266	23487	23642
G23405A	S:V615I	12	23855	0.000503	23286	23443
G23401A A23403G	S:Q613Q S:D614G	12	23705	0.000506	23269	23443
G23294A	S:D578N	12	16274	0.000737	23269	23434
G23236-T	NA	12	4124	0.00291	23089	23290
G22813T T22896C G22898A T22930A T22942G	S:K417N S:V445A S:G446S S:F456L S:N460K	12	11442	0.001049	22793	22967
G22813T T22882G G22895C T22942G	S:K417N S:N440K S:V445L S:N460K	12	11442	0.001049	22793	22966
G22813T T22882G G22895C T22896C G22898A G22927T T22942G	S:K417N S:N440K S:V445P S:V445P S:G446S S:L455F S:N460K	12	11442	0.001049	22793	22967
G22813T T22825+A T22882G	S:K417N NA S:N440Q	12	18099	0.000663	22808	22887
G22813T T22815C T22882G G22895C T22896C G22898A	S:K417N S:I418T S:N440K S:V445P S:V445P S:G446S	12	14956	0.000802	22800	22907
G22809A G22813T T22882G G22895C T22896C G22898A	S:G416E S:K417N S:N440K S:V445P S:V445P S:G446S	12	14946	0.000803	22801	22907
G22317T T22391C	S:G252V S:L277L	12	6964	0.001723	22249	22446
G22317T G22336-A	S:G252V NA	12	7894	0.00152	22246	22393
G22317T C22414+A	S:G252V NA	12	6547	0.001833	22246	22446
G22317T A22406-AT G22409T	S:G252V NA S:G283*	12	6570	0.001826	22246	22446
G21987A T21990-TTA A21999-C A22029G	S:G142D S:DEL144 NA S:E156G	12	9368	0.001281	21847	22058
G21987A T21990-TTA A21999-C A22005C	S:G142D S:DEL144 NA S:N148T	12	9697	0.001237	21925	22058
C25517-T G25555-T	NA NA	12	12587	0.000953	25372	25566
C25416T T25536C	ORF3a:F8F ORF3a:V48V	12	12883	0.000931	25373	25552
C25416T G25429C A25462G	ORF3a:F8F ORF3a:V13L ORF3a:T24A	12	19064	0.000629	25383	25477
C25416T A25470G	ORF3a:F8F ORF3a:S26S	12	18902	0.000635	25372	25552
C25416T A25432G	ORF3a:F8F ORF3a:T14A	12	19762	0.000607	25381	25477
C25262-T G25278-T	NA NA	12	28315	0.000424	25251	25325
C25131T	S:A1190V	12	22018	0.000545	25122	25210
C25000T T25098C	S:D1146D S:I1179T	12	3986	0.003011	24992	25132
C25000T T25072-G C25100-A	S:D1146D NA NA	12	3980	0.003015	24990	25113
C25000T A25034G	S:D1146D S:N1158D	12	18882	0.000636	24990	25069
C25000T A25026+T	S:D1146D NA	12	19008	0.000631	24990	25055
C25000T A25003-T	S:D1146D NA	12	19584	0.000613	24992	25037
C24896T	S:P1112S	12	17236	0.000696	24850	24924
C24715T	S:S1051S	12	6864	0.001748	24698	24806
C24700-TA	NA	12	6873	0.001746	24673	24762
C24632-T	NA	12	26393	0.000455	24612	24679
C24559T C24672-A	S:G999G NA	12	19196	0.000625	24470	24679
C24517+A C24672-A	NA NA	12	19075	0.000629	24476	24679
C24477+A	NA	12	50373	0.000238	24470	24499
C24431+A	NA	12	30241	0.000397	24423	24448
C24119-A G24140-T	NA NA	12	742	0.016173	24039	24188
C24068T	S:Q836*	12	3566	0.003365	24021	24106
C23887-A G23903-T	NA NA	12	2381	0.00504	23767	23932
C23854A G23873+A	S:N764K NA	12	16237	0.000739	23843	23895
C23799-A C23854A	NA S:N764K	12	15790	0.00076	23757	23895
C23683+A	NA	12	24435	0.000491	23666	23711
C23525T T23599G C23604A C23638T	S:H655Y S:N679K S:P681H S:I692I	12	44466	0.00027	23487	23642
C23525T T23599G C23604A A23627-G	S:H655Y S:N679K S:P681H NA	12	44862	0.000267	23496	23642
C23525T T23540C C23604A	S:H655Y S:Y660H S:P681H	12	45280	0.000265	23501	23642
C23525T G23593A T23599G C23604A	S:H655Y S:Q677Q S:N679K S:P681H	12	45280	0.000265	23487	23637
C23525T G23580-T T23599G C23604A	S:H655Y NA S:N679K S:P681H	12	45280	0.000265	23487	23642
C23525T C23585T T23596C T23599G C23604A	S:H655Y S:Q675* S:T678T S:N679K S:P681H	12	45280	0.000265	23487	23642
C23525T C23577T T23599G C23604A	S:H655Y S:A672V S:N679K S:P681H	12	45280	0.000265	23487	23638
C23525T C23536+A T23599G C23604A	S:H655Y NA S:N679* S:P681Y	12	45280	0.000265	23487	23642
C23525T C23533-A	S:H655Y NA	12	54691	0.000219	23487	23539
C23492-A	NA	12	54133	0.000222	23487	23510
C23334-T C23393+T	NA NA	12	15226	0.000788	23269	23428
C23334-T C23367+A A23403G	NA NA S:D614G	12	14996	0.0008	23269	23434
C23334-T A23370G	NA S:N603S	12	15545	0.000772	23269	23428
C23123T T23164-A	S:P521S NA	12	7266	0.001652	23093	23190
C23099-T T23143-A	NA NA	12	7387	0.001624	23089	23161
C22277+A G22317T	NA S:G252L	12	12955	0.000926	22246	22446
A25562+T	NA	12	12458	0.000963	25372	25566
A25408-G T25415-C	NA NA	12	20103	0.000597	25372	25565
A25188G C25262-T	S:Y1209C NA	12	20337	0.00059	25122	25325
A25175G	S:K1205E	12	25131	0.000477	25141	25210
A25137-T	NA	12	22728	0.000528	25122	25155
A24942G C25000T	S:D1127G S:D1146D	12	14840	0.000809	24898	25069
A24920G C25000T	S:T1120A S:D1146D	12	14764	0.000813	24850	25069
A24880G C25000T	S:Q1106Q S:D1146D	12	14566	0.000824	24850	25017
A24790G	S:T1076T	12	8161	0.00147	24770	24800
A24777G	S:E1072G	12	8203	0.001463	24734	24806
A24652G	S:S1030S	12	26289	0.000456	24612	24670
A24610G	S:A1016A	12	19811	0.000606	24484	24679
A24537G	S:Q992R	12	50861	0.000236	24478	24564
A24485G	S:S975G	12	51033	0.000235	24473	24564
A24424T T24534C	S:Q954H S:V991A	12	29123	0.000412	24412	24564
A24424T T24471-TG C24536-AA	S:Q954H NA NA	12	29101	0.000412	24412	24564
A24424T T24469A T24552C	S:Q954H S:N969K S:I997T	12	28926	0.000415	24412	24564
A24424T T24469A T24549C	S:Q954H S:N969K S:L996S	12	28973	0.000414	24412	24564
A24424T T24469A T24496C	S:Q954H S:N969K S:N978N	12	29402	0.000408	24413	24564
A24424T T24469A G24521+T	S:Q954H S:N969K NA	12	29229	0.000411	24412	24564
A24424T T24469A G24474A	S:Q954H S:N969K S:G971D	12	29509	0.000407	24412	24564
A24424T T24469A A24551G	S:Q954H S:N969K S:I997V	12	28954	0.000414	24412	24554
A24424T T24469A A24532G	S:Q954H S:N969K S:E990E	12	29147	0.000412	24412	24564
A24424T T24469A A24518G	S:Q954H S:N969K S:K986E	12	29278	0.00041	24412	24564
A24424T T24460C T24469A C24536-A	S:Q954H S:L966L S:N969K NA	12	29101	0.000412	24412	24564
A24424T A24551G	S:Q954H S:I997V	12	28954	0.000414	24412	24564
A24424T A24456G T24469A	S:Q954H S:Q965R S:N969K	12	29538	0.000406	24412	24564
A24424T A24453G T24469A	S:Q954H S:K964R S:N969K	12	29538	0.000406	24412	24518
A24424T A24452G T24469A	S:Q954H S:K964E S:N969K	12	29538	0.000406	24412	24564
A24424T A24440G T24469A	S:Q954H S:N960D S:N969K	12	29538	0.000406	24412	24564
A24424T A24426G	S:Q954H S:N955S	12	29881	0.000402	24412	24564
A24423G A24424T T24469A	S:Q954R S:Q954R S:N969K	12	29532	0.000406	24412	24564
A24167G	S:M869V	12	7215	0.001663	24148	24229
A23942-T G23948T G23955+T	NA S:D796Y NA	12	3928	0.003055	23941	23968
A23848+T C23887-A	NA NA	12	15779	0.000761	23767	23895
A23780G C23854A	S:M740V S:N764K	12	15601	0.000769	23683	23895
A23777G C23854A	S:T739A S:N764K	12	15598	0.000769	23745	23895
A23704G C23854A	S:I714M S:N764K	12	13140	0.000913	23683	23895
A23702G C23854A	S:I714V S:N764K	12	13127	0.000914	23683	23895
A23651G	S:M697V	12	24026	0.000499	23638	23724
A23639-T	NA	12	68876	0.000174	23621	23642
A23416T C23525T	S:T618T S:H655Y	12	7865	0.001526	23403	23539
A23403G T23404C	S:D614G S:D614G	12	23637	0.000508	23353	23429
A23403G C23525T A23539T	S:D614G S:H655Y S:S659S	12	7240	0.001657	23335	23539
A23403G A23432+C	S:D614G NA	12	22897	0.000524	23335	23439
A23382G A23403G	S:Q607R S:D614G	12	23158	0.000518	23269	23443
A23295+C	NA	12	16265	0.000738	23269	23302
A23274G	S:D571G	12	20015	0.0006	23269	23290
A23055G T23075C	S:Q498R S:Y505H	12	3241	0.003703	23051	23084
A23013C T23019C T23031C T23075C	S:E484A S:F486S S:F490S S:Y505H	12	2653	0.004523	23008	23224
A23013C T23019C T23031C A23055G A23063T T23075C C23123T	S:E484A S:F486S S:F490S S:Q498R S:N501Y S:Y505H S:P521S	12	2425	0.004948	23008	23224
A23013C T23018C T23031C	S:E484A S:F486L S:F490S	12	2901	0.004137	23008	23050
A22296G G22317T	S:H245R S:G252V	12	13119	0.000915	22269	22386
A22268G G22317T	S:T236A S:G252V	12	12810	0.000937	22256	22319
A21964-T	NA	12	13191	0.00091	21867	21982
T25496C	ORF3a:I35T	11	14996	0.000734	25372	25565
T25473C	ORF3a:D27D	11	18858	0.000583	25372	25485
T25236C	S:I1225T	11	25018	0.00044	25226	25325
T25189C G25218-T C25262-T	S:Y1209Y NA NA	11	20371	0.00054	25140	25323
T25171C	S:L1203L	11	24877	0.000442	25141	25201
T25161-C	NA	11	24563	0.000448	25151	25210
T25148C C25262-T	S:S1196P NA	11	17604	0.000625	25122	25325
T25129C	S:V1189V	11	21484	0.000512	25122	25175
T24940C C25000T	S:C1126C S:D1146D	11	14830	0.000742	24857	25017
T24927C C25000T	S:V1122A S:D1146D	11	14784	0.000744	24887	25013
T24923C C24981-T T24996-A C25000T	S:F1121L NA NA S:D1146D	11	14765	0.000745	24850	25011
T24711C	S:M1050T	11	6865	0.001602	24689	24806
T24663C	S:L1034P	11	26136	0.000421	24612	24679
T24549C	S:L996S	11	50741	0.000217	24473	24564
T24544C	S:D994D	11	50810	0.000216	24473	24563
T24491-TA	NA	11	51348	0.000214	24480	24511
T24481C	S:I973I	11	50823	0.000216	24473	24564
T24469A T24472A	S:N969K S:F970L	11	45734	0.000241	24465	24564
T24469A G24524A C24672-A	S:N969K S:E988K NA	11	14182	0.000776	24465	24679
T24469A A24508G	S:N969K S:S982S	11	45328	0.000243	24465	24564
T23830C C23854A	S:Y756Y S:N764K	11	16046	0.000686	23767	23895
T23823C C23854A	S:L754S S:N764K	11	15982	0.000688	23683	23895
T23791C C23854A	S:C743C S:N764K	11	15690	0.000701	23683	23895
T23750C	S:S730P	11	17651	0.000623	23683	23759
T23599G C23683T	S:N679K S:Y707Y	11	22526	0.000488	23580	23724
T23599G C23604A G23663A	S:N679K S:P681H S:A701T	11	22625	0.000486	23580	23724
T23599G C23604A G23642A	S:N679K S:P681H S:A694T	11	67067	0.000164	23580	23717
T23599G C23604A G23608A	S:N679K S:P681H S:R682R	11	68822	0.00016	23580	23642
T23599G C23604A C23649T	S:N679K S:P681H S:T696I	11	22696	0.000485	23580	23724
T23599G C23604A A23720+T	S:N679K S:P681H NA	11	21703	0.000507	23580	23723
T23599G C23604A A23682G	S:N679K S:P681H S:Y707C	11	22531	0.000488	23580	23724
T23599G C23604A A23669G	S:N679K S:P681H S:N703D	11	22589	0.000487	23580	23700
T23398C A23403G	S:Y612Y S:D614G	11	23630	0.000466	23269	23441
T23391C A23403G	S:V610A S:D614G	11	23412	0.00047	23335	23443
T23371+A	NA	11	25007	0.00044	23335	23381
T23352C	S:V597A	11	25585	0.00043	23345	23379
T23350C A23403G	S:S596S S:D614G	11	22819	0.000482	23339	23443
T23293C A23403G	S:R577R S:D614G	11	14829	0.000742	23269	23420
T22928C	S:F456L	11	14442	0.000762	22923	22967
T22882G G22895C T22896C G22898A T22917G T22930A T22942G	S:N440K S:V445P S:V445P S:G446S S:L452R S:F456L S:N460K	11	12181	0.000903	22876	22967
T22882G G22895C T22896C G22898A A22914-C T22942G	S:N440K S:V445P S:V445P S:G446S NA S:N460K	11	12181	0.000903	22842	22967
T22882G G22895C T22896C	S:N440K S:V445P S:V445P	11	15757	0.000698	22817	22906
T21976C	S:D138D	11	13489	0.000815	21847	21982
G25429C G25522-GAT	ORF3a:V13L ORF3a:DEL45	11	13421	0.00082	25372	25552
G25213A	S:W1217*	11	23454	0.000469	25197	25325
G25204A	S:W1214*	11	27022	0.000407	25162	25210
G25177-T	NA	11	25132	0.000438	25122	25200
G24944+T C24981-T C25000T	NA NA S:D1146S	11	14852	0.000741	24850	25047
G24638A	S:A1026T	11	26354	0.000417	24612	24679
G24521+T C24672-A	NA NA	11	19088	0.000576	24476	24679
G24488-T C24503-T C24672-A	NA NA NA	11	18813	0.000585	24470	24679
G24488-T C24503-T	NA NA	11	50869	0.000216	24470	24519
G24415A A24424T T24469A	S:V951V S:Q954H S:N969K	11	29331	0.000375	24412	24564
G24285-T	NA	11	8195	0.001342	24277	24357
G24164A	S:E868K	11	7157	0.001537	24148	24193
G24040T	S:V826V	11	3452	0.003187	24021	24106
G23832A C23854A	S:G757D S:N764K	11	16072	0.000684	23810	23895
G23726-T C23854A	NA S:N764K	11	13239	0.000831	23683	23895
G23663+T	NA	11	24236	0.000454	23649	23696
G23504T C23525T T23599G C23604A	S:G648C S:H655Y S:N679K S:P681H	11	45027	0.000244	23487	23642
G23384-T A23403G	NA S:D614G	11	23218	0.000474	23344	23443
G23343A A23403G	S:G594D S:D614G	11	22742	0.000484	23335	23443
G23342T A23403G	S:G594C S:D614G	11	22669	0.000485	23269	23443
G22813T T22882G G22895C T22896C G22898A T22930A T22942G C22950-T	S:K417N S:N440K S:V445P S:V445P S:G446S S:F456L S:N460K NA	11	11051	0.000995	22793	22966
G22813T T22882G G22895C T22896C G22898A T22917C T22942G	S:K417N S:N440K S:V445P S:V445P S:G446S S:L452P S:N460K	11	11442	0.000961	22793	22966
G22813T T22882G G22895C T22896C G22898A T22900-G T22942G	S:K417N S:N440K S:V445P S:V445P S:G446S NA S:N460K	11	11442	0.000961	22793	22967
G22813T T22882G G22895C T22896C G22898A T22900-G T22928C T22942G	S:K417N S:N440K S:V445P S:V445P S:G446S NA S:F456L S:N460K	11	11442	0.000961	22793	22967
G22813T T22867C T22882G G22895C T22896C G22898A T22942G	S:K417N S:A435A S:N440K S:V445P S:V445P S:G446S S:N460K	11	11442	0.000961	22793	22967
G22813T T22831+A T22882G G22895C G22898A	S:K417N NA S:N440Q S:V445R S:G446R	11	14956	0.000735	22793	22909
G22813T G22898A	S:K417N S:G446S	11	14956	0.000735	22802	22907
G22813T G22859+T T22882G	S:K417N NA S:N440Q	11	18099	0.000608	22793	22890
G22809-A T22882G G22895C T22896C G22898A	NA S:N440K S:V445P S:V445P S:G446S	11	14946	0.000736	22793	22914
G22809-A G22813T T22882G G22895C T22896C G22898A T22942G	NA S:K417N S:N440K S:V445P S:V445P S:G446S S:N460K	11	11432	0.000962	22793	22966
G22809-A G22813T T22882G G22895C T22896C G22898A T22930A T22942G	NA S:K417N S:N440K S:V445P S:V445P S:G446S S:F456L S:N460K	11	11432	0.000962	22793	22966
G22577C G22578A G22599C	S:G339H S:G339H S:R346T	11	686	0.016035	22494	22603
G22317T T22426C	S:G252V S:A288A	11	6495	0.001694	22246	22446
G22317T T22402-G	S:G252V NA	11	6635	0.001658	22246	22446
G22317T T22318C	S:G252V S:G252V	11	13133	0.000838	22304	22319
G22317T C22373-A	S:G252V NA	11	7402	0.001486	22246	22386
G22317C	S:G252A	11	13209	0.000833	22246	22396
G22104-A C22109G T22200A G22218-T G22317T	NA S:Q183E S:V213E NA S:G252V	11	2631	0.004181	22100	22319
G22104-A C22109G T22200A	NA S:Q183E S:V213E	11	3277	0.003357	22100	22208
G21987A G21989A T21990G T21991-TA C22000A	S:G142D S:V143S S:V143S NA S:H146Q	11	9697	0.001134	21969	22058
G21848T G21987A	S:E96* S:G142D	11	8961	0.001228	21847	21990
G21578-T C21618T	NA S:T19I	11	5095	0.002159	21552	21621
C25416T T25558C	ORF3a:F8F ORF3a:F56L	11	12560	0.000876	25372	25566
C25416T T25518C	ORF3a:F8F ORF3a:P42P	11	13842	0.000795	25382	25566
C25416T T25496+A	ORF3a:F8F NA	11	14996	0.000734	25372	25504
C25416T T25475C	ORF3a:F8F ORF3a:F28S	11	18831	0.000584	25381	25485
C25416T T25474C	ORF3a:F8F ORF3a:F28L	11	18844	0.000584	25372	25513
C25416T T25467C	ORF3a:F8F ORF3a:P25P	11	18975	0.00058	25381	25477
C25416T C25466-T	ORF3a:F8F NA	11	18992	0.000579	25372	25475
C25416T C25441T	ORF3a:F8F ORF3a:Q17*	11	19574	0.000562	25381	25477
C25416T A25531-T	ORF3a:F8F NA	11	13019	0.000845	25372	25550
C25416T A25454G	ORF3a:F8F ORF3a:K21R	11	19263	0.000571	25372	25477
C25282T	S:C1240C	11	28947	0.00038	25251	25325
C25275T	S:T1238I	11	28791	0.000382	25218	25324
C25262-T T25306C	NA S:C1248C	11	28185	0.00039	25251	25325
C25262-T T25288C	NA S:S1242S	11	28273	0.000389	25251	25325
C25262-T G25364-T	NA NA	11	2560	0.004297	25251	25376
C25239T C25262-T	S:A1226V NA	11	25015	0.00044	25122	25325
C25100-A T25191-A	NA NA	11	3677	0.002992	24990	25210
C25047-A	NA	11	19010	0.000579	25032	25069
C25000T T25001C	S:D1146D S:S1147P	11	19586	0.000562	24990	25069
C25000T C25100-A G25106-A	S:D1146D NA NA	11	3927	0.002801	24990	25176
C25000T A25067G	S:D1146D S:I1169V	11	18142	0.000606	24990	25069
C25000T A25011G	S:D1146D S:E1150G	11	19449	0.000566	24990	25065
C24981-T C25000T C25047-A	NA S:D1146D NA	11	14277	0.00077	24850	25068
C24878+A C24981-T C25000T	NA NA S:D1146S	11	14559	0.000756	24850	25015
C24789-A	NA	11	8187	0.001344	24724	24794
C24672-A C24715+T	NA NA	11	6047	0.001819	24612	24805
C24636T	S:A1025V	11	26374	0.000417	24612	24673
C24507+T	NA	11	51192	0.000215	24486	24564
C24435+T	NA	11	30256	0.000364	24412	24450
C24320-AA	NA	11	7884	0.001395	24229	24335
C23991-A	NA	11	2620	0.004198	23966	24066
C23854A T23862C	S:N764K S:L767S	11	16398	0.000671	23845	23895
C23809T C23854A	S:C749C S:N764K	11	15879	0.000693	23683	23867
C23758T C23854A	S:T732T S:N764K	11	13413	0.00082	23683	23895
C23718+A	NA	11	41717	0.000264	23682	23724
C23709+A C23816-T	NA NA	11	16477	0.000668	23683	23829
C23683T	S:Y707Y	11	24435	0.00045	23663	23717
C23603+A C23604G	NA S:P681S	11	68922	0.00016	23580	23642
C23536+G	NA	11	54632	0.000201	23525	23539
C23525T T23599G C23604A G23642A	S:H655Y S:N679K S:P681H Unknown	11	43728	0.000252	23487	23642
C23525T G23574A C23604A	S:H655Y S:C671Y S:P681H	11	45280	0.000243	23487	23629
C23525T G23528A T23599G C23604A	S:H655Y S:V656I S:N679K S:P681H	11	45280	0.000243	23487	23642
C23525T C23604A G23608A	S:H655Y S:P681H S:R682R	11	45264	0.000243	23498	23642
C23525T C23551T T23599G C23604A	S:H655Y S:D663D S:N679K S:P681H	11	45280	0.000243	23487	23642
C23525T C23536T T23599G C23604A	S:H655Y S:N658N S:N679K S:P681H	11	45280	0.000243	23487	23624
C23525T A23586T T23599G C23604A	S:H655Y S:Q675L S:N679K S:P681H	11	45280	0.000243	23487	23637
C23525T A23558-T C23604A	S:H655Y NA S:P681H	11	45280	0.000243	23487	23633
C23525T A23541C T23599G C23604A	S:H655Y S:Y660S S:N679K S:P681H	11	45280	0.000243	23487	23634
C23492+A	NA	11	54133	0.000203	23486	23502
C23376+T	NA	11	24666	0.000446	23335	23384
C23358+A	NA	11	25519	0.000431	23335	23367
C23334-T G23401T A23403G	NA S:Q613H S:D614G	11	14996	0.000734	23269	23443
C23306+T	NA	11	16222	0.000678	23269	23324
C23103-T T23143-A	NA NA	11	7415	0.001483	23089	23167
C22120-A	NA	11	3969	0.002771	22112	22137
C22109G T22200A G22273+T G22317T	S:Q183E S:V213E NA S:G252L	11	2768	0.003974	22100	22319
C22109G G22141-T T22200A G22317T	S:Q183E NA S:V213E S:G252V	11	2768	0.003974	22100	22319
C22109G C22120-A T22200A A22245-T G22317T	S:Q183E NA S:V213E NA S:G252V	11	2768	0.003974	22100	22319
C22109G C22120-A A22161-T T22200A G22317T	S:Q183E NA NA S:V213E S:G252V	11	2768	0.003974	22105	22319
C22109G A22161-T T22200A G22218-T G22317T	S:Q183E NA S:V213E NA S:G252V	11	2768	0.003974	22105	22319
C21911T	S:L117L	11	11808	0.000932	21847	21940
C21618T T21632-TACCCCCTG C21654-T	S:T19I S:DEL25/27 NA	11	5031	0.002186	21451	21664
C21618T T21632-TACCCCCTG C21646T	S:T19I S:DEL25/27 S:Y28Y	11	5031	0.002186	21564	21664
A25408G	ORF3a:R6G	11	20317	0.000541	25372	25439
A25377G C25416T	S:Y1272C ORF3a:F8F	11	18950	0.00058	25372	25477
A25190G	S:I1210V	11	25930	0.000424	25186	25210
A25182G	S:E1207G	11	25642	0.000429	25138	25210
A25158G	S:D1199G	11	24458	0.00045	25122	25210
A25125G	S:E1188G	11	21039	0.000523	25122	25160
A24968G C25000T	S:T1136A S:D1146D	11	15058	0.000731	24850	25010
A24917G C25000T	S:N1119D S:D1146D	11	14758	0.000745	24895	25069
A24860G C25000T	S:T1100A S:D1146D	11	14457	0.000761	24853	25069
A24775G	S:Q1071Q	11	8194	0.001342	24755	24796
A24723-G	NA	11	6858	0.001604	24708	24806
A24646G	S:K1028K	11	26322	0.000418	24633	24671
A24602G	S:R1014G	11	19854	0.000554	24473	24676
A24551-T	NA	11	50701	0.000217	24522	24564
A24539-T	NA	11	50882	0.000216	24480	24564
A24538G	S:Q992Q	11	50877	0.000216	24474	24564
A24484G	S:S974S	11	51002	0.000216	24479	24529
A24424T T24492+A	S:Q954H NA	11	29418	0.000374	24412	24564
A24424T T24475C	S:Q954H S:G971G	11	29504	0.000373	24412	24483
A24424T T24451+A T24469A	S:Q954H NA S:N969Q	11	29538	0.000372	24413	24564
A24424T G24445A T24469A	S:Q954H S:T961T S:N969K	11	29538	0.000372	24412	24564
A24424T C24517-A	S:Q954H NA	11	29283	0.000376	24412	24537
A24424T C24465T T24469A	S:Q954H S:S968F S:N969K	11	29538	0.000372	24412	24564
A24424T A24556G	S:Q954H S:T998T	11	28784	0.000382	24412	24564
A24424T A24539G	S:Q954H S:I993V	11	29077	0.000378	24412	24564
A24424T A24498G	S:Q954H S:D979G	11	29388	0.000374	24412	24564
A24424T A24484G	S:Q954H S:S974S	11	29452	0.000373	24412	24564
A24424T A24461G T24469A	S:Q954H S:S967G S:N969K	11	29538	0.000372	24412	24564
A24424T A24426G T24469A	S:Q954H S:N955S S:N969K	11	29538	0.000372	24412	24564
A24165G	S:E868G	11	7210	0.001526	24148	24323
A23786G C23854A	S:I742V S:N764K	11	15641	0.000703	23762	23895
A23762G C23854A	S:T734A S:N764K	11	13417	0.00082	23699	23895
A23756G	S:T732A	11	17609	0.000625	23683	23809
A23720+T	NA	11	41541	0.000265	23698	23731
A23414G	S:T618A	11	23930	0.00046	23389	23427
A23403G T23482-A C23525T	S:D614G NA S:H655Y	11	7579	0.001451	23393	23539
A23403G T23433C	S:D614G S:I624T	11	22872	0.000481	23335	23441
A23403G T23425C	S:D614G S:P621P	11	23315	0.000472	23360	23443
A23403G T23411C	S:D614G S:C617R	11	23575	0.000467	23335	23428
A23403G T23406C C23525T	S:D614G S:V615A S:H655Y	11	7579	0.001451	23335	23532
A23403G G23429A	S:D614G S:A623T	11	23232	0.000473	23269	23443
A23403G C23525T A23531G	S:D614G S:H655Y S:N657D	11	7518	0.001463	23335	23539
A23403G A23408G	S:D614G S:N616D	11	23626	0.000466	23272	23443
A23400+G	NA	11	24041	0.000458	23335	23421
A23365G A23403G	S:G601G S:D614G	11	22924	0.00048	23285	23434
A23359G	S:T599T	11	25500	0.000431	23335	23395
A23013C T23018C T23019C A23055G A23063T T23075C	S:E484A S:F486P S:F486P S:Q498R S:N501Y S:Y505H	11	2653	0.004146	23008	23100
A22280G G22317T	S:T240A S:G252V	11	13002	0.000846	22246	22319
A22101T G22104-A C22109G T22200A G22317T	Unknown NA S:Q183E S:V213E S:G252V	11	2587	0.004252	22100	22319
A21902-C	NA	11	11760	0.000935	21867	21946
A21875-T A21979-T G21987A T21990-TTA A21999-CAA C22009-A	NA NA S:G142D S:DEL144 S:DEL147 NA	11	7275	0.001512	21867	22058
A21875-T A21979-T G21987A A21993-TTACC A21999C C22009-A	NA NA S:G142D NA S:H146P NA	11	7275	0.001512	21867	22058
T25468C	ORF3a:S26P	10	18950	0.000528	25381	25477
T25434C	ORF3a:T14T	10	19721	0.000507	25372	25442
T25376C C25416T	S:Y1272H ORF3a:F8F	10	18883	0.00053	25372	25477
T25189C C25262-TT T25303A	S:Y1209Y NA S:C1247*	10	20244	0.000494	25122	25325
T25187C C25262-T	S:Y1209H NA	10	20312	0.000492	25122	25325
T25171+G	NA	10	24877	0.000402	25122	25325
T25155C	S:I1198T	10	24287	0.000412	25127	25173
T24983C C25000T	S:L1141L S:D1146D	10	15161	0.00066	24850	25069
T24972C C25000T	S:V1137A S:D1146D	10	15081	0.000663	24850	25064
T24940C C24981-T C25000T	S:C1126C NA S:D1146D	10	14830	0.000674	24850	25069
T24873+A	NA	10	17469	0.000572	24850	24888
T24804C	S:I1081T	10	7970	0.001255	24757	24806
T24763C	S:Y1067Y	10	8160	0.001225	24612	24784
T24739C	S:G1059G	10	7998	0.00125	24724	24806
T24706C	S:H1048H	10	6856	0.001459	24612	24806
T24682C	S:V1040V	10	6777	0.001476	24673	24806
T24664+G	NA	10	26136	0.000383	24653	24675
T24469A C24517-A C24672-A	S:N969K NA NA	10	14182	0.000705	24465	24679
T24469A C24517+A	S:N969K NA	10	45220	0.000221	24465	24646
T24469A A24518G	S:N969K S:K986E	10	45206	0.000221	24465	24564
T24469A A24516G	S:N969K S:D985G	10	45228	0.000221	24465	24564
T24464-C T24470-TTG	NA S:DEL971	10	30159	0.000332	24434	24564
T24414C A24424T	S:V951A S:Q954H	10	30853	0.000324	24412	24424
T23837C C23854A	S:F759L S:N764K	10	16187	0.000618	23699	23895
T23817C	S:L752P	10	19234	0.00052	23767	23823
T23783C	S:Y741H	10	19665	0.000509	23767	23786
T23776C C23854A	S:C738C S:N764K	10	15595	0.000641	23683	23895
T23754C C23854A	S:M731T S:N764K	10	13392	0.000747	23683	23891
T23728C C23854A	S:V722V S:N764K	10	13249	0.000755	23683	23895
T23722C C23854A	S:I720I S:N764K	10	13209	0.000757	23683	23895
T23721C	S:I720T	10	41523	0.000241	23683	23817
T23698+C	NA	10	42238	0.000237	23691	23724
T23689-A C23854A	NA S:N764K	10	12974	0.000771	23683	23895
T23602-C C23604A	NA S:P681H	10	68921	0.000145	23580	23724
T23599G T23600+C C23604A	S:N679K NA S:P681Y	10	68849	0.000145	23588	23614
T23599G C23604A T23695C	S:N679K S:P681H S:S711S	10	22451	0.000445	23580	23724
T23599G C23604A G23666-A A23711-AT	S:N679K S:P681H NA NA	10	21935	0.000456	23580	23724
T23599G C23604A G23660A	S:N679K S:P681H S:G700S	10	22636	0.000442	23580	23724
T23599G C23604A G23611A	S:N679K S:P681H S:R683R	10	68814	0.000145	23580	23625
T23599G C23604A C23692T	S:N679K S:P681H S:N710N	10	22463	0.000445	23580	23724
T23599G C23604A C23657+T	S:N679K S:P681H NA	10	22652	0.000441	23580	23684
T23599G C23604A C23630-A	S:N679K S:P681H NA	10	68283	0.000146	23581	23642
T23599G C23604A C23613T	S:N679K S:P681H S:A684V	10	68810	0.000145	23580	23642
T23599G C23604A A23712C	S:N679K S:P681H S:N717T	10	21931	0.000456	23580	23724
T23482-A C23525T	NA S:H655Y	10	8177	0.001223	23425	23539
T23389C A23403G C23525T	S:A609A S:D614G S:H655Y	10	7357	0.001359	23377	23532
T23352C A23403G	S:V597A S:D614G	10	22873	0.000437	23285	23443
T23317C C23334-T	S:L585L NA	10	15926	0.000628	23269	23443
T23308C A23403G	S:L582L S:D614G	10	14954	0.000669	23269	23443
T23137C	S:C525C	10	7688	0.001301	23089	23290
T22882G T22896C T22942G	S:N440K S:V445A S:N460K	10	12181	0.000821	22843	22966
T22882G T22896C	S:N440K S:V445A	10	15757	0.000635	22872	22906
T22882G G22895C G22898A T22930A T22942G	S:N440K S:V445L S:G446S S:F456L S:N460K	10	12181	0.000821	22876	22951
T22308C G22317T	S:L249S S:G252V	10	13166	0.00076	22254	22319
T22283C G22317T	S:L241L S:G252V	10	13038	0.000767	22246	22319
T21976-C G21987A T21990-TTA A21999-C	NA S:G142D S:DEL144 NA	10	9690	0.001032	21958	22034
T21961C G21987A	S:F133F S:G142D	10	11172	0.000895	21847	21993
T21861-A	NA	10	11455	0.000873	21847	21875
T21576C C21618T T21632-TACCCCCTG	S:L5P S:T19I S:DEL25/27	10	4921	0.002032	21565	21664
G25409A	ORF3a:R6K	10	20302	0.000493	25372	25516
G25314A	S:G1251E	10	29427	0.00034	25251	25325
G25313A	S:G1251R	10	29432	0.00034	25308	25325
G25302A	S:C1247Y	10	29322	0.000341	25276	25325
G25302-T C25416T	NA ORF3a:F8F	10	2092	0.00478	25269	25477
G25298A	S:G1246S	10	29236	0.000342	25223	25320
G25284A	S:C1241Y	10	28974	0.000345	25240	25325
G25250A	S:V1230M	10	25225	0.000396	25141	25325
G25229A	S:G1223S	10	24906	0.000402	25219	25324
G25218T T25316-C	S:G1219V NA	10	23889	0.000419	25122	25325
G25127-T C25262-T	NA NA	10	15819	0.000632	25122	25281
G24926A	S:V1122M	10	17115	0.000584	24850	24949
G24868-T C25000T	NA S:D1146D	10	14512	0.000689	24857	25015
G24574A	S:L1004L	10	20062	0.000498	24479	24679
G24530+A	NA	10	50986	0.000196	24483	24539
G24488-T C24503-T C24517-A C24672-A	NA NA NA NA	10	18813	0.000532	24470	24679
G24476A	S:A972T	10	49987	0.0002	24465	24496
G23885+A	NA	10	16313	0.000613	23873	23895
G23808A C23854A	S:C749Y S:N764K	10	15865	0.00063	23772	23895
G23768-T C23816-T C23887-A	NA NA NA	10	14913	0.000671	23683	23895
G23699+C	NA	10	42239	0.000237	23683	23713
G23574A T23599G C23604A	S:C671Y S:N679K S:P681H	10	45804	0.000218	23498	23624
G23522+A C23525T T23599G C23604A	NA S:H655S S:N679* S:P681Y	10	45279	0.000221	23494	23641
G23508+T T23599G C23604A	NA S:N679* S:P681Y	10	45138	0.000222	23486	23642
G23417+A	NA	10	23929	0.000418	23335	23435
G23285A A23403G	S:A575T S:D614G	10	14644	0.000683	23269	23443
G22813T T22882G T22930A T22942G	S:K417N S:N440K S:F456L S:N460K	10	11442	0.000874	22793	22967
G22813T T22882G G22895C T22896C G22898A T22917G	S:K417N S:N440K S:V445P S:V445P S:G446S S:L452R	10	13593	0.000736	22799	22923
G22813T T22882G G22895C T22896C G22898A A22914-C	S:K417N S:N440K S:V445P S:V445P S:G446S NA	10	14170	0.000706	22793	22924
G22813T T22876C T22882G	S:K417N S:S438S S:N440K	10	18099	0.000553	22793	22893
G22813T T22831+A	S:K417N NA	10	18626	0.000537	22793	22841
G22813T G22895C	S:K417N S:V445L	10	17459	0.000573	22793	22906
G22813T A22872G T22882G G22895C T22896C G22898A	S:K417N S:N437S S:N440K S:V445P S:V445P S:G446S	10	14956	0.000669	22793	22912
G22813T A22872+T T22882G	S:K417N NA S:N440Q	10	18099	0.000553	22793	22889
G22813T A22845-T	S:K417N NA	10	18439	0.000542	22793	22861
G22813T A22814-T T22882G	S:K417N NA S:N440K	10	18099	0.000553	22793	22889
G22317T T22441C	S:G252V S:L293L	10	6406	0.001561	22246	22446
G22317T T22408-G	S:G252V NA	10	6571	0.001522	22246	22446
G22317T T22399-A	S:G252V NA	10	6731	0.001486	22246	22442
G22299-A	NA	10	13521	0.00074	22282	22319
C25452T C25463T	ORF3a:I20I ORF3a:T24I	10	19048	0.000525	25372	25490
C25452-A	NA	10	19294	0.000518	25381	25477
C25416T T25551C	ORF3a:F8F ORF3a:L53L	10	12718	0.000786	25372	25566
C25416T T25535C	ORF3a:F8F ORF3a:V48A	10	12905	0.000775	25372	25566
C25416T T25464C	ORF3a:F8F ORF3a:T24T	10	19034	0.000525	25372	25477
C25416T C25460T G25555-T	ORF3a:F8F ORF3a:A23V NA	10	12587	0.000794	25372	25566
C25416T C25452-A	ORF3a:F8F NA	10	19294	0.000518	25381	25477
C25416T A25501G	ORF3a:F8F ORF3a:I37V	10	14752	0.000678	25383	25519
C25416T A25472-T G25555-T	ORF3a:F8F NA NA	10	12587	0.000794	25376	25566
C25324T	S:C1254C	10	29230	0.000342	25250	25325
C25262-T T25309C	NA S:S1249S	10	28154	0.000355	25122	25325
C25262-T T25303C	NA S:C1247C	10	28201	0.000355	25129	25320
C25000T T25053C	S:D1146D S:V1164A	10	18583	0.000538	24990	25069
C25000T T25036C	S:D1146D S:N1158N	10	18857	0.00053	24990	25069
C25000T C25100-A T25189C	S:D1146D NA S:Y1209Y	10	3517	0.002843	24990	25210
C25000T A25045G G25091+A	S:D1146D S:S1161S NA	10	4011	0.002493	24990	25210
C25000T A25020G	S:D1146D S:D1153G	10	19130	0.000523	24990	25069
C24981-T T24995C C25000T	NA S:L1145L S:D1146D	10	15147	0.00066	24857	25009
C24899+A C24981-T C25000T	NA NA S:D1146S	10	14680	0.000681	24850	25015
C24852-A C24981-T C25000T	NA NA S:D1146D	10	14056	0.000711	24850	25065
C24672-A A24684-T A24803-T	NA NA NA	10	5698	0.001755	24612	24806
C24503-T C24517-A C24672-A	NA NA NA	10	19019	0.000526	24470	24679
C24026-T	NA	10	3385	0.002954	24021	24106
C23854A T23916+A G23948T	S:N764K NA S:D796*	10	1620	0.006173	23792	23978
C23854A T23857C	S:N764K S:R765R	10	16449	0.000608	23824	23895
C23854A G23948T A23964-T	S:N764K S:D796Y NA	10	1428	0.007003	23782	23976
C23854A A23891G	S:N764K S:N777D	10	15744	0.000635	23765	23895
C23854A A23884G	S:N764K S:Q774Q	10	15954	0.000627	23830	23895
C23833T C23854A	S:G757G S:N764K	10	16082	0.000622	23683	23895
C23816-T G23835-T C23854A	NA NA S:N764K	10	15917	0.000628	23683	23895
C23816-T C23859+T C23887-A	NA NA NA	10	15291	0.000654	23683	23895
C23525T T23599G C23604A T23622+G	S:H655Y S:N679K S:P681H NA	10	45232	0.000221	23487	23642
C23525T T23599G C23604A C23638-A	S:H655Y S:N679K S:P681H NA	10	44466	0.000225	23487	23642
C23525T T23599G C23601T C23604A	S:H655Y S:N679K S:S680F S:P681H	10	45280	0.000221	23487	23634
C23525T T23596-A T23599G C23604A	S:H655Y NA S:N679K S:P681H	10	45280	0.000221	23487	23642
C23525T T23584C C23604A	S:H655Y S:Y674Y S:P681H	10	45280	0.000221	23501	23642
C23525T T23529-C	S:H655Y NA	10	54791	0.000183	23486	23539
C23525T C23538T T23599G C23604A	S:H655Y S:S659L S:N679K S:P681H	10	45280	0.000221	23519	23642
C23525T A23598+G T23599A C23604A	S:H655Y NA S:N679R S:P681Y	10	45280	0.000221	23487	23637
C23525T A23558-T T23599G	S:H655Y NA S:N679K	10	45304	0.000221	23487	23635
C23525T A23554+C T23599G C23604A	S:H655Y NA S:N679* S:P681Y	10	45280	0.000221	23487	23641
C23525T A23531G	S:H655Y S:N657D	10	54725	0.000183	23489	23539
C23525T A23526+G	S:H655* NA	10	54794	0.000183	23486	23535
C23492-A C23525T	NA S:H655Y	10	53755	0.000186	23487	23539
C23373+A C23376+T	NA NA	10	24618	0.000406	23335	23387
C23298T C23334-T	S:P579L NA	10	15895	0.000629	23282	23354
C23230+A	NA	10	4168	0.002399	23089	23290
C23123T T23143-A T23164-A	S:P521S NA NA	10	7266	0.001376	23089	23208
C22290-T G22317T	NA S:G252V	10	13086	0.000764	22278	22319
C22269T G22317T	S:T236I S:G252V	10	12832	0.000779	22246	22334
C22109G C22120-A T22200A G22218-T	S:Q183E NA S:V213E NA	10	3394	0.002946	22105	22233
C22000A A22005C	S:H146Q S:N148T	10	10675	0.000937	21993	22058
C21618T T21632-TACCCCCTG A21661G	S:T19I S:DEL25/27 S:T33T	10	4888	0.002046	21563	21664
A25453G	ORF3a:K21E	10	19279	0.000519	25381	25462
A25448G	ORF3a:E19G	10	19381	0.000516	25374	25485
A25426G	ORF3a:T12A	10	19891	0.000503	25381	25477
A25385G C25416T	S:T1275A ORF3a:F8F	10	20085	0.000498	25381	25476
A25208G	S:I1216V	10	27721	0.000361	25167	25210
A25190-TA	NA	10	25930	0.000386	25137	25238
A25147G	S:E1195E	10	23617	0.000423	25141	25210
A24942G C24981-T C25000T	S:D1127G NA S:D1146D	10	14840	0.000674	24850	25058
A24911G C25000T	S:T1117A S:D1146D	10	14740	0.000678	24852	25069
A24880G	S:Q1106Q	10	17422	0.000574	24850	24934
A24877G C25000T	S:T1105T S:D1146D	10	14554	0.000687	24860	25069
A24641G	S:T1027A	10	26325	0.00038	24634	24676
A24619G C24672-A	S:R1019R NA	10	25742	0.000388	24612	24679
A24479G	S:I973V	10	50491	0.000198	24473	24564
A24479-T G24488-T	NA NA	10	50433	0.000198	24470	24557
A24468-T C24672-A	NA NA	10	14182	0.000705	24465	24679
A24424T T24549C	S:Q954H S:L996S	10	28973	0.000345	24417	24564
A24424T T24504C	S:Q954H S:L981P	10	29348	0.000341	24412	24564
A24424T T24499C	S:Q954H S:D979D	10	29385	0.00034	24412	24564
A24424T T24487C	S:Q954H S:S975S	10	29437	0.00034	24416	24564
A24424T T24482C	S:Q954H S:S974P	10	29468	0.000339	24412	24544
A24424T T24472-G C24536-A	S:Q954H NA NA	10	29101	0.000344	24412	24554
A24424T T24469G	S:Q954H S:N969K	10	29538	0.000339	24412	24564
A24424T T24469A T24499C	S:Q954H S:N969K S:D979D	10	29385	0.00034	24412	24564
A24424T T24469A T24492+A	S:Q954H S:N969K NA	10	29418	0.00034	24412	24534
A24424T T24469A T24472C	S:Q954H S:N969K S:F970F	10	29511	0.000339	24412	24564
A24424T T24469A C24536T	S:Q954H S:N969K S:Q992*	10	29101	0.000344	24412	24564
A24424T T24469A A24500G	S:Q954H S:N969K S:I980V	10	29378	0.00034	24412	24564
A24424T T24469A A24495T	S:Q954H S:N969K S:N978I	10	29406	0.00034	24412	24564
A24424T T24469A A24484G	S:Q954H S:N969K S:S974S	10	29452	0.00034	24412	24564
A24424T T24464C	S:Q954H S:S968P	10	29561	0.000338	24412	24564
A24424T T24459C	S:Q954H S:L966P	10	29621	0.000338	24412	24538
A24424T T24450C	S:Q954H S:V963A	10	29733	0.000336	24412	24468
A24424T T24436C	S:Q954H S:A958A	10	29836	0.000335	24413	24564
A24424T T24427+C	S:Q954H NA	10	29881	0.000335	24412	24435
A24424T C24553T	S:Q954H S:I997I	10	28906	0.000346	24412	24554
A24424T C24517+A	S:Q954H NA	10	29283	0.000341	24413	24535
A24424T C24429T T24469A	S:Q954H S:A956V S:N969K	10	29538	0.000339	24412	24564
A24424T A24556+G	S:Q954H NA	10	28784	0.000347	24412	24564
A24424T A24500G	S:Q954H S:I980V	10	29378	0.00034	24412	24541
A24424C	S:Q954H	10	31080	0.000322	24412	24546
A24420G A24424T	S:N953S S:Q954H	10	31059	0.000322	24412	24564
A24287+T	NA	10	8207	0.001218	24229	24312
A24170+T	NA	10	7200	0.001389	24148	24180
A23786-T G23835-T C23854A	NA NA S:N764K	10	15641	0.000639	23683	23881
A23786+T C23887-A	NA NA	10	15018	0.000666	23683	23895
A23764G C23854A	S:T734T S:N764K	10	13425	0.000745	23743	23895
A23734G	S:T724T	10	17702	0.000565	23683	23814
A23732G C23854A	S:T724A S:N764K	10	13277	0.000753	23683	23895
A23720G C23854A	S:I720V S:N764K	10	13203	0.000757	23683	23887
A23670+G	NA	10	24333	0.000411	23657	23724
A23497-C C23525T T23599G	NA S:H655Y S:N679K	10	44764	0.000223	23487	23642
A23474+T C23525T	NA S:H655S	10	8128	0.00123	23464	23539
A23414G C23525T	S:T618A S:H655Y	10	7843	0.001275	23403	23532
A23403G T23434C C23525T	S:D614G S:I624I S:H655Y	10	7579	0.001319	23335	23532
A23403G G23426A C23525T	S:D614G S:V622I S:H655Y	10	7579	0.001319	23385	23539
A23403G C23525T T23529C	S:D614G S:H655Y S:V656A	10	7562	0.001322	23335	23532
A23403G A23442G	S:D614G S:D627G	10	22542	0.000444	23351	23443
A23379G A23403G	S:N606S S:D614G	10	23080	0.000433	23269	23443
A23366G A23403G C23525T	S:T602A S:D614G S:H655Y	10	7086	0.001411	23336	23539
A23348G A23403G	S:S596G S:D614G	10	22801	0.000439	23269	23429
A23310G	S:E583G	10	16187	0.000618	23269	23317
A23283G A23403G	S:D574G S:D614G	10	14617	0.000684	23269	23443
A23279G	S:T573A	10	20020	0.0005	23269	23328
A23122T	S:A520A	10	7692	0.0013	23117	23147
A23013C T23019C T23031C A23055G T23075C	S:E484A S:F486S S:F490S S:Q498R S:Y505H	10	2653	0.003769	23008	23224
A23013C T23019C A23055G A23063T T23075C	S:E484A S:F486S S:Q498R S:N501Y S:Y505H	10	2653	0.003769	23008	23224
A23013C T23018C T23019C T23031C A23063T	S:E484A S:F486P S:F486P S:F490S S:N501Y	10	2770	0.00361	23008	23113
A23013C T23018C T23019C T23031C A23055G A23063T T23075C T23143-A T23164-A	S:E484A S:F486P S:F486P S:F490S S:Q498R S:N501Y S:Y505H NA NA	10	2109	0.004742	23008	23186
A23013C T23018C T23019C T23031C A23055G A23063T T23075C A23193-T	S:E484A S:F486P S:F486P S:F490S S:Q498R S:N501Y S:Y505H NA	10	1961	0.005099	23008	23224
A23013C T23018C T23019C	S:E484A S:F486P S:F486P	10	2901	0.003447	23008	23052
A22798+G T22882G	NA S:N440Q	10	17820	0.000561	22793	22889
A22798+G G22813T T22882G G22895C T22896C G22898A T22930A	NA S:K417N S:N440Q S:V445P S:V445P S:G446R S:F456V	10	12410	0.000806	22793	22933
A22798+G G22813T	NA S:K417N	10	18465	0.000542	22793	22833
A22253-T A22320G	NA S:D253G	10	12389	0.000807	22246	22364
A21993-TTACC A21999C	NA S:H146P	10	9697	0.001031	21952	22018
A21979-T G21987A T21990-TTA A21999-CAAA C22009-A	NA S:G142D S:DEL144 NA NA	10	9697	0.001031	21847	22046
