nt_mutations	aa_mutations	cluster_depth	total_depth	frequency	coverage_start	coverage_end
T23599G C23604A	S:N679K S:P681H	17315	60269	0.287295	23596	23607
C23525T T23599G C23604A	S:H655Y S:N679K S:P681H	15353	29296	0.524065	23522	23605
C25262-T	NA	9683	63770	0.151843	25253	25276
C23854A	S:N764K	9579	33785	0.283528	23850	23858
A24424T	S:Q954H	7935	35927	0.220865	24422	24424
A24424T T24469A	S:Q954H S:N969K	6710	34835	0.192622	24420	24476
T24469A	S:N969K	5465	70350	0.077683	24465	24476
C25416T	ORF3a:F8F	3713	11876	0.312647	25384	25423
C25000T	S:D1146D	3493	14548	0.240102	24998	25004
C24672-A	NA	3369	47350	0.071151	24636	24679
A23403G C23525T	S:D614G S:H655Y	2490	6592	0.377731	23400	23529
G21987A	S:G142D	2248	17461	0.128744	21980	21990
A23403G	S:D614G	2227	12091	0.184187	23399	23412
C23887-A	NA	1992	32196	0.061871	23867	23894
G21987A T21990-TTA C22000A	S:G142D S:DEL144 S:H146Q	1806	13506	0.133718	21980	22003
T23599G	S:N679K	1505	60320	0.02495	23595	23601
C22000A	S:H146Q	1418	15691	0.09037	21996	22012
C23525T	S:H655Y	1414	37827	0.037381	23521	23528
G21987A T21990-TTA A21999-C	S:G142D S:DEL144 NA	1204	13506	0.089146	21974	22008
G22317T	S:G252V	1174	5296	0.221677	22311	22319
C24981-T C25000T	NA S:D1146D	939	6905	0.135988	24957	25004
G22813T T22882G G22895C T22896C G22898A T22928C T22942G	S:K417N S:N440K S:V445P S:V445P S:G446S S:F456L S:N460K	859	3582	0.23981	22809	22944
T25191-A C25262-T	NA NA	825	45929	0.017963	25183	25275
C23604A	S:P681H	822	60356	0.013619	23600	23617
A24424T T24469A T24472-G	S:Q954H S:N969K NA	812	34768	0.023355	24418	24476
T24492-A	NA	794	84642	0.009381	24486	24505
C23854A C23887-A	S:N764K NA	702	31528	0.022266	23842	23894
C24536-A	NA	652	82905	0.007864	24529	24549
G24488-T	NA	545	84293	0.006466	24486	24499
T24469A C24672-A	S:N969K NA	542	31548	0.01718	24465	24679
G22813T T22882G	S:K417N S:N440K	541	5596	0.096676	22801	22885
T21976-C G21987A T21990-TTA C22000A	NA S:G142D S:DEL144 S:H146Q	488	13487	0.036183	21967	22035
A24424T C24536-A	S:Q954H NA	477	34277	0.013916	24416	24550
C23525T C23604A	S:H655Y S:P681H	475	29296	0.016214	23516	23617
C23525T T23599G	S:H655Y S:N679K	462	29311	0.015762	23517	23602
T21990-TTA C22000A	S:DEL144 S:H146Q	460	13506	0.034059	21975	22012
A24424T T24471-TG	S:Q954H NA	459	34769	0.013201	24419	24563
G25302-T	NA	457	65291	0.006999	25295	25323
G25218-T C25262-T	NA NA	449	55369	0.008109	25186	25283
C22109G T22200A G22317T	S:Q183E S:V213E S:G252V	445	2310	0.192641	22105	22319
C25000T C25100-A	S:D1146D NA	443	6684	0.066278	24992	25112
T24469A T24472-G	S:N969K NA	418	70277	0.005948	24465	24539
T23599G T23602C C23604A	S:N679K S:S680S S:P681H	414	60269	0.006869	23580	23614
C23334-T	NA	409	5014	0.081572	23285	23346
A24253-T	NA	406	4087	0.099339	24236	24263
G25198-C	NA	361	57691	0.006257	25191	25210
A23786-T C23854A	NA S:N764K	360	32110	0.011211	23765	23873
T21934-A G21987A T21990-TTA C22000A	NA S:G142D S:DEL144 S:H146Q	329	10847	0.030331	21925	22049
C25000T G25091+A	S:D1146D NA	318	6758	0.047055	24990	25184
G22813T T22882G G22895C T22896C G22898A T22942G	S:K417N S:N440K S:V445P S:V445P S:G446S S:N460K	308	3582	0.085985	22809	22949
C21978A G21987A T21990-TTA C22000A	S:P139Q S:G142D S:DEL144 S:H146Q	302	13493	0.022382	21965	22012
A23853-C	NA	299	33834	0.008837	23846	23862
G23948T	S:D796Y	296	1442	0.20527	23944	23951
A21875-T	NA	290	20121	0.014413	21872	21887
C24503-T	NA	283	84383	0.003354	24493	24513
T24471-TG	NA	282	78838	0.003577	24465	24491
A24424T T24469A C24536-A	S:Q954H S:N969K NA	281	34277	0.008198	24415	24546
C24852-A C25000T	NA S:D1146D	265	6339	0.041805	24850	25013
C23525T A23558-T T23599G C23604A	S:H655Y NA S:N679K S:P681H	261	29296	0.008909	23509	23614
G25218-T	NA	258	55594	0.004641	25211	25239
G24611+A	NA	237	45139	0.00525	24490	24624
G23835-T	NA	232	34097	0.006804	23790	23849
T22200A G22317T	S:V213E S:G252V	227	2990	0.07592	22194	22319
G24488-T C24672-A	NA NA	224	42727	0.005243	24486	24679
C23816-T	NA	224	34651	0.006464	23791	23824
T25140-A	NA	216	52370	0.004124	25133	25153
C24517-A	NA	215	83849	0.002564	24514	24528
T23599G C23604A C23634T	S:N679K S:P681H S:S691F	213	59557	0.003576	23580	23642
T21990-TTA A21999-C	S:DEL144 NA	210	13506	0.015549	21974	22015
A23712+T	NA	210	66690	0.003149	23690	23723
G22813T T22882G G22895C T22896C G22898A	S:K417N S:N440K S:V445P S:V445P S:G446S	203	4299	0.04722	22801	22906
C25214+G	NA	198	52917	0.003742	25207	25285
T24469A T24492-A	S:N969K NA	196	70114	0.002795	24465	24564
A24424T G24488-T	S:Q954H NA	195	34670	0.005624	24414	24530
T24472-G	NA	193	79038	0.002442	24465	24528
A24479-T	NA	191	82995	0.002301	24476	24491
T25191-A	NA	189	56932	0.00332	25174	25204
A23515+G C23525T T23599G C23604A	NA S:H655S S:N679* S:P681Y	188	29205	0.006437	23487	23622
C23525T T23599G C23604A C23634T	S:H655Y S:N679K S:P681H S:S691F	187	28846	0.006483	23508	23637
A24424T T24472-G	S:Q954H NA	183	34768	0.005263	24412	24564
T24267-G	NA	179	4095	0.043712	24259	24316
G25287-T	NA	178	64753	0.002749	25279	25304
G23835-T C23887-A	NA NA	174	30786	0.005652	23832	23894
T22942G	S:N460K	173	4319	0.040056	22938	22955
C25416T G25555-T	ORF3a:F8F NA	172	4997	0.034421	25378	25565
T25191-A G25218-T C25262-T	NA NA NA	171	45929	0.003723	25136	25272
T23599G C23604A G23666-A	S:N679K S:P681H NA	168	29634	0.005669	23580	23673
T23599G C23604A A23712-T	S:N679K S:P681H NA	166	28799	0.005764	23581	23724
A24493T	S:L977F	166	84535	0.001964	24489	24564
T24643+A	NA	156	48257	0.003233	24612	24654
T25263C	S:L1234P	154	63858	0.002412	25251	25324
G25299-C	NA	152	65177	0.002332	25292	25324
G23768-T	NA	151	35509	0.004252	23767	23777
T23599G C23604A T23641-G	S:N679K S:P681H NA	148	58943	0.002511	23582	23650
C23334-T A23403G	NA S:D614G	147	4696	0.031303	23296	23429
G23835-T C23854A	NA S:N764K	146	33036	0.004419	23824	23873
A24424T T24438+A	S:Q954H NA	144	35254	0.004085	24413	24449
A21979-T G21987A A21993-TTACC A21999C	NA S:G142D NA S:H146P	144	13493	0.010672	21881	22008
T24492+A	NA	143	84642	0.001689	24483	24503
T24469A A24493T	S:N969K S:L977F	143	70063	0.002041	24465	24661
C24852-A	NA	143	9342	0.015307	24850	24865
G21987A A21993-TTACC A21999C	S:G142D NA S:H146P	142	13506	0.010514	21980	22017
T21934-A G21987A T21990-TTA A21999-C	NA S:G142D S:DEL144 NA	141	10847	0.012999	21914	22058
T24469A C24536-A	S:N969K NA	139	68659	0.002024	24465	24554
G22813T	S:K417N	136	5781	0.023525	22808	22817
A25253G	S:T1231A	136	63308	0.002148	25251	25264
C24503-T C24672-A	NA NA	135	43232	0.003123	24489	24679
T24470-TTG	S:DEL971	134	70847	0.001891	24466	24491
C22109G T22200A	S:Q183E S:V213E	134	2942	0.045547	22105	22206
A25274G	S:T1238A	134	64423	0.00208	25268	25320
T23689-A	NA	132	66754	0.001977	23683	23700
T22882G	S:N440K	131	5931	0.022087	22876	22885
C21888-T	NA	129	20192	0.006389	21870	21900
A21875+T	NA	128	20121	0.006362	21850	21888
T23599G C23604A G23675-T	S:N679K S:P681H NA	127	29557	0.004297	23581	23685
T23143-A	NA	127	6868	0.018492	23107	23156
C23525T C23533-A T23599G C23604A	S:H655Y NA S:N679K S:P681H	126	29296	0.004301	23505	23615
T23703-A	NA	125	67008	0.001865	23687	23711
C21618T T21632-TACCCCCTG	S:T19I S:DEL25/27	123	311	0.395498	21600	21657
T24643-A C24672-A	NA NA	121	47236	0.002562	24620	24679
T25272C	S:M1237T	120	64332	0.001865	25263	25286
C23525T T23599G T23602C C23604A	S:H655Y S:N679K S:S680S S:P681H	120	29296	0.004096	23501	23634
G24527+C	NA	119	83445	0.001426	24504	24535
A24424T T24471-TG C24536-A	S:Q954H NA NA	119	34277	0.003472	24417	24563
A23712-T	NA	119	66690	0.001784	23705	23720
G24611+A C24672-A	NA NA	117	43810	0.002671	24526	24679
T23599G C23604A G23612T	S:N679K S:P681H S:A684S	115	60219	0.00191	23581	23642
T23143-A T23164-A	NA NA	114	6770	0.016839	23129	23176
G25130-C	NA	114	49381	0.002309	25123	25187
C25262-T A25327-T	NA NA	113	4180	0.027033	25251	25339
T23599G C23604A C23664T	S:N679K S:P681H S:A701V	112	29646	0.003778	23581	23678
T25265C	S:C1235R	109	63967	0.001704	25251	25292
T21934-A C21978A G21987A T21990-TTA C22000A	NA S:P139Q S:G142D S:DEL144 S:H146Q	109	10847	0.010049	21926	22058
T24492-A C24536-A	NA NA	108	81994	0.001317	24484	24564
C25294-A	NA	108	64942	0.001663	25287	25311
T25312C	S:C1250C	107	65541	0.001633	25271	25317
T23599G C23604A A23639G	S:N679K S:P681H S:I693V	107	59058	0.001812	23581	23699
C24517-A C24672-A	NA NA	107	43379	0.002467	24499	24679
T25293C	S:L1244P	106	64948	0.001632	25285	25306
T23164-A	NA	105	6840	0.015351	23089	23187
T22200A	S:V213E	105	3662	0.028673	22194	22204
C25000T T25191-A	S:D1146D NA	105	5884	0.017845	24998	25210
C24466+A	NA	105	70210	0.001496	24465	24482
C23230-A	NA	105	6638	0.015818	23214	23243
A24424T C24435-T	S:Q954H NA	104	35294	0.002947	24412	24445
G22813T T22882G T22896C G22898A T22928C T22942G	S:K417N S:N440K S:V445A S:G446S S:F456L S:N460K	103	3582	0.028755	22800	22949
G23835+T	NA	102	34097	0.002991	23767	23847
C22109G C22120-A T22200A G22317T	S:Q183E NA S:V213E S:G252V	102	2310	0.044156	22105	22319
A25190+G	NA	102	56298	0.001812	25183	25266
T25268C	S:C1236R	101	64132	0.001575	25251	25303
A21875+T G21987A	NA S:G142E	101	13862	0.007286	21847	21990
T25291C	S:C1243C	99	64876	0.001526	25286	25307
C25000T C25100-A T25191-A	S:D1146D NA NA	99	5884	0.016825	24996	25198
T25415-C	NA	98	11886	0.008245	25384	25429
T23599G C23604A A23712+T	S:N679K S:P681H NA	97	28799	0.003368	23581	23717
G25181+A	NA	97	55145	0.001759	25174	25206
G21987A T21990-TTA	S:G142D S:DEL144	97	17210	0.005636	21973	22011
T24643-A	NA	95	48257	0.001969	24633	24655
T23637-C	NA	95	60866	0.001561	23628	23642
G23735+A	NA	95	34521	0.002752	23700	23745
C25262-T C25416T	NA ORF3a:F8F	95	3166	0.030006	25252	25425
T21934-A T21976-C G21987A T21990-TTA C22000A	NA NA S:G142D S:DEL144 S:H146Q	93	10847	0.008574	21891	22058
G25302T	S:C1247F	93	65291	0.001424	25296	25324
C25276T	S:T1238T	93	64479	0.001442	25271	25320
A23786+T	NA	93	35104	0.002649	23767	23796
T24660+A	NA	92	47879	0.001922	24476	24668
T23599G C23604A C23673T	S:N679K S:P681H S:S704L	92	29582	0.00311	23580	23724
C25207T	S:Y1215Y	92	59726	0.00154	25200	25210
C21978A G21987A T21990-TTA A21999-C	S:P139Q S:G142D S:DEL144 NA	92	13493	0.006818	21959	22035
G24665A	S:G1035R	91	47642	0.00191	24609	24676
A25295G	S:K1245E	91	65004	0.0014	25293	25312
C23816-T C23854A	NA S:N764K	89	32635	0.002727	23806	23873
A25137-T C25262-T	NA NA	89	40519	0.002197	25130	25299
T25319C	S:C1253R	87	65303	0.001332	25311	25324
C24981-T	NA	87	7041	0.012356	24962	24991
C23525T T23548C T23599G C23604A	S:H655Y S:C662C S:N679K S:P681H	87	29296	0.00297	23508	23624
A25327-T	NA	87	4567	0.01905	25287	25335
A25208-T	NA	87	60542	0.001437	25201	25210
T23143-A T23164-A C23230-A	NA NA NA	86	6244	0.013773	23105	23242
A25137-T	NA	86	51916	0.001657	25130	25149
A24424T T24469A T24472-G C24536-A	S:Q954H S:N969K NA NA	86	34277	0.002509	24412	24562
T25283C	S:C1241R	85	64651	0.001315	25262	25324
T25301C	S:C1247R	84	65243	0.001287	25278	25324
G24488-T C24503-T	NA NA	84	83624	0.001004	24480	24513
G22813T T22882G G22895C G22898A	S:K417N S:N440K S:V445L S:G446S	84	4299	0.019539	22793	22906
T23599G C23604A G23666+A	S:N679K S:P681H NA	83	29634	0.002801	23580	23701
G25299A	S:G1246D	83	65177	0.001273	25290	25325
C23525T A23531G T23599G C23604A	S:H655Y S:N657D S:N679K S:P681H	83	29296	0.002833	23492	23634
T25304C	S:C1248R	82	65404	0.001254	25294	25324
T25171-G	NA	82	54364	0.001508	25164	25194
C23525T A23544G T23599G C23604A	S:H655Y S:E661G S:N679K S:P681H	82	29296	0.002799	23508	23624
A24922-T C24981-T C25000T	NA NA S:D1146D	82	6690	0.012257	24868	25014
T24438+A	NA	81	35909	0.002256	24413	24451
G25555-T	NA	81	4997	0.01621	25383	25566
A24424T C24455-A	S:Q954H NA	81	35045	0.002311	24414	24468
C23525T A23550G T23599G C23604A	S:H655Y S:D663G S:N679K S:P681H	80	29296	0.002731	23487	23634
T24650C	S:S1030P	79	48120	0.001642	24612	24659
G22022-A	NA	79	17971	0.004396	22015	22048
C23525T T23529C T23599G C23604A	S:H655Y S:V656A S:N679K S:P681H	79	29296	0.002697	23487	23624
A25216-G	NA	79	54521	0.001449	25209	25316
A23786-T	NA	79	35104	0.00225	23773	23800
C23123T	S:P521S	78	6851	0.011385	23103	23190
A25271G	S:M1237V	78	64299	0.001213	25254	25323
A25256+T C25262-T	NA NA	78	63388	0.001231	25251	25324
A24468-T	NA	78	70356	0.001109	24465	24491
T24469A G24611+A	S:N969K NA	77	32433	0.002374	24465	24635
T23599G C23604A C23709-A	S:N679K S:P681H NA	77	28852	0.002669	23580	23724
T21861-A	NA	77	19929	0.003864	21848	21875
G25278-T	NA	77	64533	0.001193	25267	25289
T25237C	S:I1225I	76	58521	0.001299	25222	25316
G25250A	S:V1230M	76	58905	0.00129	25241	25324
A24479-T G24488-T	NA NA	76	82923	0.000917	24476	24505
T25280C	S:C1240R	75	64590	0.001161	25258	25324
T25251C	S:V1230A	75	58973	0.001272	25230	25256
T23599G C23604A A23665G	S:N679K S:P681H S:A701A	75	29643	0.00253	23580	23700
A24424T T24470-TTG	S:Q954H S:DEL971	75	34770	0.002157	24415	24564
T25303C	S:C1247C	74	65307	0.001133	25285	25325
T23599G C23604A A23639-T	S:N679K S:P681H NA	74	59058	0.001253	23581	23642
G22813T T22882G G22895C T22896C G22898A T22928C	S:K417N S:N440K S:V445P S:V445P S:G446S S:F456L	74	3697	0.020016	22800	22935
C24672+A	NA	74	47350	0.001563	24626	24679
C23887A A23888C	S:D775E S:K776Q	73	32126	0.002272	23880	23894
C23525T A23552G T23599G C23604A	S:H655Y S:I664V S:N679K S:P681H	73	29296	0.002492	23508	23624
A24424T C24466+A	S:Q954H NA	73	34859	0.002094	24413	24477
T25307C	S:S1249P	72	65520	0.001099	25288	25320
T23850+A C23887-A	NA NA	72	31446	0.00229	23767	23894
T23599G C23604A T23684C	S:N679K S:P681H S:S708P	72	29481	0.002442	23587	23701
T23490C C23525T T23599G C23604A	S:F643S S:H655Y S:N679K S:P681H	72	28225	0.002551	23486	23624
T22882G G22895C T22896C G22898A T22928C T22942G	S:N440K S:V445P S:V445P S:G446S S:F456L S:N460K	72	3876	0.018576	22876	22944
C24483+A	NA	72	83880	0.000858	24476	24495
T25232C	S:L1224L	71	58325	0.001217	25219	25320
T23599G C23604A C23683T	S:N679K S:P681H S:Y707Y	71	29487	0.002408	23593	23717
C24566+A	NA	71	45988	0.001544	24486	24582
C22109G	S:Q183E	71	3226	0.022009	22105	22113
A24424T T24438+A T24469A	S:Q954H NA S:N969Q	71	34835	0.002038	24412	24476
T25309C	S:S1249S	70	65518	0.001068	25297	25316
T25161-C	NA	70	54078	0.001294	25151	25210
C25276-A	NA	70	64479	0.001086	25268	25325
A25241G	S:I1227V	70	58615	0.001194	25228	25320
T25322C	S:C1254R	69	65085	0.00106	25294	25325
T24656C	S:C1032R	69	48002	0.001437	24623	24673
A24803-T	NA	69	5244	0.013158	24781	24806
A23756-C C23854A	NA S:N764K	69	30550	0.002259	23745	23886
T23599G C23604A A23704G	S:N679K S:P681H S:I714M	68	29029	0.002342	23580	23721
G22014-T	NA	68	17780	0.003825	22006	22058
A25182G G25198-C	S:E1207G NA	68	55125	0.001234	25176	25210
T25310C	S:C1250R	67	65542	0.001022	25300	25324
T23599G C23604A T23693C	S:N679K S:P681H S:S711P	67	29402	0.002279	23580	23700
G22813T G22895C T22896C G22898A T22928C T22942G	S:K417N S:V445P S:V445P S:G446S S:F456L S:N460K	67	3582	0.018705	22808	22966
C23525T T23599G C23604A A23639-T	S:H655Y S:N679K S:P681H NA	67	28405	0.002359	23491	23642
A24539-T	NA	67	82770	0.000809	24523	24550
A24518G	S:K986E	67	83811	0.000799	24501	24535
T23278-A	NA	66	11400	0.005789	23269	23290
G21987A C22000A	S:G142D S:H146Q	66	13506	0.004887	21980	22012
C24566+A C24672-A	NA NA	66	43679	0.001511	24476	24679
A24684-T	NA	66	3448	0.019142	24673	24698
T23599G T23600C C23604A	S:N679K S:S680P S:P681H	65	60269	0.001078	23584	23637
T21934-A T21990-TTA C22000A	NA S:DEL144 S:H146Q	65	10847	0.005992	21899	22049
G25284-T	NA	65	64676	0.001005	25276	25312
G24933-T	NA	65	9440	0.006886	24908	24943
G23804-A C23854A	NA S:N764K	65	32491	0.002001	23793	23895
G21987A T21991-TA C22000A	S:G142D NA S:H146Q	65	13506	0.004813	21977	22058
C25000T A25003-T	S:D1146D NA	65	14504	0.004482	24991	25012
C23709-A	NA	65	66803	0.000973	23702	23720
C23525T T23590C T23599G C23604A	S:H655Y S:T676T S:N679K S:P681H	65	29296	0.002219	23505	23633
A24673G	S:S1037S	65	47227	0.001376	24612	24679
T25279C	S:S1239S	64	64555	0.000991	25260	25324
T23599G C23604A T23652C	S:N679K S:P681H S:M697T	64	29737	0.002152	23580	23659
C25416T C25517-T	ORF3a:F8F NA	64	5687	0.011254	25372	25528
A24675G	S:K1038R	64	47175	0.001357	24612	24679
T23511+A C23525T T23599G C23604A	NA S:H655S S:N679* S:P681Y	63	29168	0.00216	23487	23638
T25191+A C25262-T	NA NA	62	45929	0.00135	25130	25302
T24534C	S:V991A	62	83005	0.000747	24530	24554
T23599G C23604A C23609-G	S:N679K S:P681H NA	62	60231	0.001029	23581	23622
T23596+A T23599G C23604A	NA S:N679* S:P681Y	62	60254	0.001029	23581	23618
G23835+T C23887-A	NA NA	62	30786	0.002014	23767	23895
G22813T T22882G T22896C G22898A T22942G	S:K417N S:N440K S:V445A S:G446S S:N460K	62	3582	0.017309	22801	22949
T25196-G C25262-T	NA NA	61	46641	0.001308	25122	25310
T25171+G C25262-T	NA NA	61	42580	0.001433	25130	25325
T25140+A C25262-T	NA NA	61	40647	0.001501	25130	25292
T21856+A	NA	61	19914	0.003063	21847	21866
C23525T A23594G T23599G C23604A	S:H655Y S:T678A S:N679K S:P681H	61	29296	0.002082	23511	23624
C23099-T	NA	61	6811	0.008956	23093	23115
A23712+T C23887-A	NA NA	61	27906	0.002186	23695	23895
T25228C	S:A1222A	60	58077	0.001033	25219	25324
T24548C	S:L996L	60	82372	0.000728	24533	24564
T24471-TG C24536-A	NA NA	60	76339	0.000786	24465	24564
C23709+A	NA	60	66803	0.000898	23694	23723
C23103-T	NA	60	6828	0.008787	23089	23115
T23599G C23604A T23637C	S:N679K S:P681H S:I692T	59	59372	0.000994	23583	23642
C23525T T23537C T23599G C23604A	S:H655Y S:S659P S:N679K S:P681H	59	29296	0.002014	23492	23637
A25315G	S:G1251G	59	65508	0.000901	25309	25320
A25194-AT G25197T C25262-T	NA S:W1212L NA	59	46305	0.001274	25122	25320
T25289C	S:C1243R	58	64824	0.000895	25272	25307
T24469A T24643+A	S:N969K NA	58	32153	0.001804	24465	24659
T23599G C23604A A23631G	S:N679K S:P681H S:Q690R	58	59641	0.000972	23585	23642
C24672-A A24684-T	NA NA	58	3331	0.017412	24635	24698
C23854A A23888G	S:N764K S:K776E	58	31460	0.001844	23839	23895
C23816-T G23835-T	NA NA	58	33696	0.001721	23767	23847
C23525T T23599G C23604G	S:H655Y S:N679K S:P681R	58	29296	0.00198	23487	23637
A24324-AT	NA	58	3675	0.015782	24229	24335
A21979-T G21987A A21993-TTACC A21999C C22009-A	NA S:G142D NA S:H146P NA	58	13492	0.004299	21847	22027
A21964-T	NA	58	21933	0.002644	21847	21975
C24435-T	NA	57	35889	0.001588	24428	24452
A25195G	S:K1211K	57	57345	0.000994	25191	25197
A24424T G24521+T	S:Q954H NA	57	34404	0.001657	24416	24540
T25219C	S:G1219G	56	55833	0.001003	25166	25269
T23850+A	NA	56	33914	0.001651	23767	23864
G24666-A	NA	56	47624	0.001176	24612	24679
C25000T T25021-A	S:D1146D NA	56	14266	0.003925	24996	25032
C23525T A23588G T23599G C23604A	S:H655Y S:T676A S:N679K S:P681H	56	29296	0.001912	23487	23633
A25137+T C25262-T	NA NA	56	40519	0.001382	25122	25272
G25305-T	NA	55	65439	0.00084	25297	25324
G23508+T C23525T T23599G C23604A	NA S:H655S S:N679* S:P681Y	55	29088	0.001891	23487	23624
C23525T T23546C T23599G C23604A	S:H655Y S:C662R S:N679K S:P681H	55	29296	0.001877	23516	23641
A24562G	S:R1000R	55	81571	0.000674	24537	24564
A23786+T C23887-A	NA NA	55	29879	0.001841	23767	23895
T25285C	S:C1241C	54	64694	0.000835	25251	25324
T23599G C23604A T23654C	S:N679K S:P681H S:S698P	54	29726	0.001817	23580	23700
T23599G C23604A A23648G	S:N679K S:P681H S:T696A	54	29761	0.001814	23581	23698
G25266T	S:C1235F	54	63983	0.000844	25251	25324
G24521+T	NA	54	83588	0.000646	24497	24532
G24497T	S:D979Y	54	84521	0.000639	24488	24523
G22813T T22882G G22895C G22898A T22928C T22942G	S:K417N S:N440K S:V445L S:G446S S:F456L S:N460K	54	3582	0.015075	22808	22957
C25169-T C25262-T	NA NA	54	42418	0.001273	25130	25299
C23854A T23860C	S:N764K S:A766A	54	33405	0.001617	23845	23881
A24520G	S:K986K	54	83744	0.000645	24486	24529
A24424T C24503-T	S:Q954H NA	54	34566	0.001562	24413	24524
A24423+T	NA	54	35934	0.001503	24412	24424
A23720-T	NA	54	66354	0.000814	23710	23724
T25270C	S:C1236C	53	64242	0.000825	25251	25324
T24658C	S:C1032C	53	47927	0.001106	24655	24664
T23590C T23599G C23604A	S:T676T S:N679K S:P681H	53	60188	0.000881	23580	23642
T23521C C23525T T23599G C23604A	S:A653A S:H655Y S:N679K S:P681H	53	29289	0.00181	23501	23624
C22109G C22120-A T22200A	S:Q183E NA S:V213E	53	2942	0.018015	22103	22205
A25174G	S:G1204G	53	54759	0.000968	25151	25199
A23588G T23599G C23604A	S:T676A S:N679K S:P681H	53	60169	0.000881	23580	23634
T25306C	S:C1248C	52	65459	0.000794	25262	25325
T25264C	S:L1234L	52	63913	0.000814	25249	25323
T25150C C25262-T	S:S1196S NA	52	41366	0.001257	25130	25325
T23599G T23602-C C23604A	S:N679K NA S:P681H	52	60269	0.000863	23581	23642
T23599G C23604A G23607C	S:N679K S:P681H S:R682P	52	60235	0.000863	23580	23638
T22928C T22942G	S:F456L S:N460K	52	4181	0.012437	22924	22967
G21969-T G21987A T21990-TTA C22000A	NA S:G142D S:DEL144 S:H146Q	52	13229	0.003931	21962	22058
C25262-T T25291C	NA S:C1243C	52	63500	0.000819	25251	25292
C25156T	S:I1198I	52	53952	0.000964	25151	25210
C23525T T23584C T23599G C23604A	S:H655Y S:Y674Y S:N679K S:P681H	52	29296	0.001775	23493	23634
A24525G	S:E988G	52	83492	0.000623	24505	24551
A24516G	S:D985G	52	83883	0.00062	24493	24563
T24601C	S:I1013I	51	45200	0.001128	24557	24632
T23599G C23604A C23630-A	S:N679K S:P681H NA	51	59717	0.000854	23588	23639
G23768-T C23887-A	NA NA	51	29735	0.001715	23683	23895
C24899-A	NA	51	9500	0.005368	24886	24914
C24536-AA	NA	51	82905	0.000615	24518	24564
A24677G	S:R1039G	51	47033	0.001084	24612	24679
A23592G T23599G C23604A	S:Q677R S:N679K S:P681H	51	60206	0.000847	23580	23642
T25242C	S:I1227T	50	58634	0.000853	25223	25325
G23522-A C23525T	NA S:H655Y	50	37825	0.001322	23509	23539
C25416T C25546+T	ORF3a:F8F NA	50	5093	0.009817	25372	25560
C24672-AA	NA	50	47350	0.001056	24620	24679
C23854A A23880G	S:N764K S:E773G	50	32170	0.001554	23835	23890
C23525T T23599G T23600C C23604A	S:H655Y S:N679K S:S680P S:P681H	50	29296	0.001707	23487	23621
A25255G	S:T1231T	50	63386	0.000789	25228	25325
A24674G	S:K1038E	50	47214	0.001059	24633	24679
A24532G	S:E990E	50	83115	0.000602	24493	24564
A24424T T24464-C T24471-TG	S:Q954H NA NA	50	34769	0.001438	24413	24564
A24318-C	NA	50	3925	0.012739	24306	24357
A24253-T A24324-AT	NA NA	50	3382	0.014784	24229	24335
A23403G G23522-A C23525T	S:D614G NA S:H655Y	50	6592	0.007585	23396	23538
A21979-T G21987A T21990-TTA A21999-C	NA S:G142D S:DEL144 NA	50	13493	0.003706	21947	22018
T25150C	S:S1196S	49	53655	0.000913	25130	25156
T23599G C23604A T23680C	S:N679K S:P681H S:A706A	49	29497	0.001661	23581	23709
T23599G C23604A T23662C	S:N679K S:P681H S:G700G	49	29659	0.001652	23580	23724
G25238A	S:A1226T	49	58545	0.000837	25219	25314
G23835-T C23854A C23887-A	NA S:N764K NA	49	30786	0.001592	23767	23895
A25182G C25262-T	S:E1207G NA	49	44461	0.001102	25122	25324
A24676G	S:K1038K	49	47131	0.00104	24612	24679
T24492A	S:L977*	48	84642	0.000567	24488	24499
T23599G C23604A A23656G	S:N679K S:P681H S:S698S	48	29708	0.001616	23580	23717
G24515-A	NA	48	83958	0.000572	24507	24532
G23402-A	NA	48	12097	0.003968	23355	23410
A25146G	S:E1195G	48	53386	0.000899	25141	25210
A24508G	S:S982S	48	84183	0.00057	24486	24519
A23503G C23525T T23599G C23604A	S:A647A S:H655Y S:N679K S:P681H	48	28940	0.001659	23487	23624
T21946+A	NA	47	20696	0.002271	21893	21969
G25281A	S:C1240Y	47	64614	0.000727	25257	25321
G21941+T	NA	47	20589	0.002283	21867	21956
C25517-T	NA	47	5687	0.008264	25372	25527
C25239T	S:A1226V	47	58589	0.000802	25222	25324
C23816-T C23887-A	NA NA	47	30390	0.001547	23767	23895
C23525T A23566G T23599G C23604A	S:H655Y S:A668A S:N679K S:P681H	47	29296	0.001604	23505	23624
C23525T A23535G T23599G C23604A	S:H655Y S:N658S S:N679K S:P681H	47	29296	0.001604	23505	23624
A25247G	S:M1229V	47	58787	0.000799	25219	25322
A24885+T C24981-T C25000T	NA NA S:D1146S	47	6580	0.007143	24850	25010
A24554G	S:T998A	47	81982	0.000573	24488	24562
A24479-T C24672-A	NA NA	47	41724	0.001126	24471	24679
T24514C	S:L984L	46	83994	0.000548	24479	24564
T24506C	S:S982P	46	84332	0.000545	24482	24528
T24489C	S:V976A	46	84464	0.000545	24480	24535
G25320A	S:C1253Y	46	65264	0.000705	25259	25324
G24971+T C24981-T C25000T	NA NA S:D1146S	46	6858	0.006707	24850	25004
C25282T	S:C1240C	46	64639	0.000712	25251	25320
C25151+A	NA	46	53681	0.000857	25144	25210
C23525T T23599G C23604A T23620C	S:H655Y S:N679K S:P681H S:S686S	46	29251	0.001573	23498	23637
A24468-T T24470A	NA S:F970I	46	70280	0.000655	24465	24481
A24424T T24469A A24516G	S:Q954H S:N969K S:D985G	46	34475	0.001334	24412	24564
A24424T C24536-AA	S:Q954H NA	46	34277	0.001342	24412	24550
A23847G C23854A	S:Q762R S:N764K	46	33626	0.001368	23823	23895
A23704+C	NA	46	66991	0.000687	23683	23715
T25152C	S:L1197P	45	53870	0.000835	25136	25156
T23599G C23604A T23633C	S:N679K S:P681H S:S691P	45	59587	0.000755	23580	23642
T23143-A C23230-A	NA NA	45	6244	0.007207	23095	23243
T21976-C G21987A T21990-TTA A21999-C	NA S:G142D S:DEL144 NA	45	13487	0.003337	21965	22035
C24668+A	NA	45	47566	0.000946	24476	24679
C23525T T23599G C23604A A23623G	S:H655Y S:N679K S:P681H S:V687V	45	29231	0.001539	23493	23624
C23525T A23539G T23599G C23604A	S:H655Y S:S659S S:N679K S:P681H	45	29296	0.001536	23501	23642
A25259G	S:M1233V	45	63587	0.000708	25237	25324
A25253G C25262-T	S:T1231A NA	45	63251	0.000711	25251	25325
A25246G	S:V1228V	45	58755	0.000766	25223	25299
A24424T T24448C	S:Q954H S:L962L	45	35128	0.001281	24412	24552
A23762G C23854A	S:T734A S:N764K	45	30592	0.001471	23728	23881
A23594G T23599G C23604A	S:T678A S:N679K S:P681H	45	60236	0.000747	23580	23642
A23403G G23486-T C23525T	S:D614G NA S:H655Y	45	6592	0.006826	23346	23532
T24589C	S:T1009T	44	45280	0.000972	24512	24599
T24585C	S:V1008A	44	45358	0.00097	24542	24667
T24487C	S:S975S	44	84253	0.000522	24476	24526
G24488+T	NA	44	84293	0.000522	24476	24499
G21987A T21991-TA A21999-C	S:G142D NA NA	44	13506	0.003258	21965	22012
C25262-T T25310C	NA S:C1250R	44	63224	0.000696	25251	25323
C25199T	S:P1213S	44	57867	0.00076	25181	25210
C23525T A23554G T23599G C23604A	S:H655Y S:I664M S:N679K S:P681H	44	29296	0.001502	23487	23637
C23367+A	NA	44	13702	0.003211	23336	23377
A25176G	S:K1205R	44	54927	0.000801	25161	25180
A24667G	S:G1035G	44	47598	0.000924	24623	24679
A23558-T T23599G C23604A	NA S:N679K S:P681H	44	29798	0.001477	23505	23637
A21979-T G21987A T21990-TTA A21999-CAA	NA S:G142D S:DEL144 S:DEL147	44	13493	0.003261	21847	22023
T25316C	S:S1252P	43	65456	0.000657	25260	25324
T25260C	S:M1233T	43	63621	0.000676	25248	25294
T25236C	S:I1225T	43	58490	0.000735	25228	25316
T24499C	S:D979D	43	84495	0.000509	24481	24509
T23742-A	NA	43	34394	0.00125	23690	23750
T23599G C23604A G23621T	S:N679K S:P681H S:V687L	43	60134	0.000715	23581	23724
T23599G C23604A A23702G	S:N679K S:P681H S:I714V	43	29063	0.00148	23580	23724
T23507C C23525T T23599G C23604A	S:C649R S:H655Y S:N679K S:P681H	43	29069	0.001479	23487	23612
C24512+T	NA	43	84075	0.000511	24470	24523
C23854A T23875C	S:N764K S:A771A	43	32420	0.001326	23837	23895
C23854A G23948T	S:N764K S:D796Y	43	852	0.050469	23846	23971
C23525T T23599G C23604A T23629C	S:H655Y S:N679K S:P681H S:S689S	43	28946	0.001486	23498	23642
C23367-A	NA	43	13702	0.003138	23342	23377
A24922-T	NA	43	9479	0.004536	24900	24932
A24424T T24472-G C24536-A	S:Q954H NA NA	43	34277	0.001254	24412	24554
T25257C	S:I1232T	42	63487	0.000662	25251	25325
T24511C	S:R983R	42	84089	0.000499	24488	24561
T24480C	S:I973T	42	83179	0.000505	24476	24513
T24475C	S:G971G	42	81892	0.000513	24473	24487
T21864+A	NA	42	19939	0.002106	21848	21880
G24488-T C24517-A	NA NA	42	82816	0.000507	24486	24528
G22037-T	NA	42	18391	0.002284	22029	22051
C23525T T23599G C23604A T23617C	S:H655Y S:N679K S:P681H S:R685R	42	29262	0.001435	23501	23624
A25175G	S:K1205E	42	54905	0.000765	25164	25210
A24679G	S:R1039R	42	46506	0.000903	24612	24679
A23756G C23854A	S:T732A S:N764K	42	30550	0.001375	23683	23891
T24504C	S:L981P	41	84368	0.000486	24484	24564
T23599G C23604G	S:N679K S:P681R	41	60269	0.00068	23580	23632
T23599G C23604A T23676C	S:N679K S:P681H S:V705A	41	29553	0.001387	23582	23705
T23599G C23604A A23704+C	S:N679K S:P681H NA	41	29029	0.001412	23580	23724
T23599G C23604A A23668G	S:N679K S:P681H S:E702E	41	29626	0.001384	23580	23724
T23509C C23525T T23599G C23604A	S:C649C S:H655Y S:N679K S:P681H	41	29138	0.001407	23492	23624
C25546+T	NA	41	5093	0.00805	25378	25557
C23525T T23569C T23599G C23604A	S:H655Y S:G669G S:N679K S:P681H	41	29296	0.0014	23492	23639
C23525T G23576A T23599G C23604A	S:H655Y S:A672T S:N679K S:P681H	41	29296	0.0014	23488	23634
A25182G	S:E1207G	41	55852	0.000734	25173	25187
A25147G	S:E1195E	41	53436	0.000767	25141	25179
A24424T A24525G	S:Q954H S:E988G	41	34376	0.001193	24412	24550
A23729+T C23854A	NA S:N764K	41	30264	0.001355	23699	23880
A23711-AT	NA	41	66723	0.000614	23697	23724
T25209C	S:I1216T	40	60828	0.000658	25205	25210
T25148C C25262-T	S:S1196P NA	40	41215	0.000971	25122	25325
T24469A T24472-G C24536-A	S:N969K NA NA	40	68659	0.000583	24465	24564
T23599G C23604A T23622C	S:N679K S:P681H S:V687A	40	60122	0.000665	23580	23642
T23599G C23604A T23620C	S:N679K S:P681H S:S686S	40	60144	0.000665	23581	23642
T23599G C23604A A23623G	S:N679K S:P681H S:V687V	40	60094	0.000666	23580	23637
G25269A	S:C1236Y	40	64193	0.000623	25221	25303
G23735+A C23887-A	NA NA	40	28155	0.001421	23690	23895
C25308-T	NA	40	65533	0.00061	25300	25325
C25262-T T25293C	NA S:L1244P	40	63473	0.00063	25251	25307
A25208+T C25262-T	NA NA	40	50256	0.000796	25130	25324
A25165G	S:Q1201Q	40	54267	0.000737	25144	25179
A24576G	S:Q1005R	40	45695	0.000875	24476	24579
A24560G	S:R1000G	40	81663	0.00049	24544	24564
A24479+T	NA	40	82995	0.000482	24476	24491
A23805G C23854A	S:E748G S:N764K	40	32506	0.001231	23798	23881
T24552C	S:I997T	39	82155	0.000475	24494	24563
T24492+A C24672-A	NA NA	39	43026	0.000906	24480	24679
T24469A T24472-G T24492-A	S:N969K NA NA	39	70114	0.000556	24465	24564
T23599G C23604A T23672C	S:N679K S:P681H S:S704P	39	29586	0.001318	23580	23724
T23599G C23604A C23625T	S:N679K S:P681H S:A688V	39	60043	0.00065	23580	23679
G25173A C25262-T	S:G1204E NA	39	42973	0.000908	25122	25285
C25100-A	NA	39	7051	0.005531	25045	25123
C25000T T25072-G	S:D1146D NA	39	6998	0.005573	24996	25081
C24536+A	NA	39	82905	0.00047	24473	24560
C24455-A	NA	39	35848	0.001088	24428	24469
C23525T T23599G C23604A C23609T	S:H655Y S:N679K S:P681H S:R683W	39	29283	0.001332	23487	23624
C22109G T22200A G22218-T G22317T	S:Q183E S:V213E NA S:G252V	39	2310	0.016883	22103	22319
A25188G	S:Y1209C	39	56235	0.000694	25176	25198
A24539+T	NA	39	82770	0.000471	24524	24554
A24493T C24536-A	S:L977F NA	39	82006	0.000476	24480	24676
A21875-T G21987A	NA S:G142D	39	13862	0.002813	21870	21992
T25288C	S:S1242S	38	64784	0.000587	25281	25324
T25170C	S:L1203P	38	54320	0.0007	25156	25210
T25161C	S:L1200P	38	54078	0.000703	25151	25178
T25129C C25262-T	S:V1189V NA	38	38931	0.000976	25122	25325
T24643+A C24672-A	NA NA	38	47236	0.000804	24612	24679
T24607C	S:A1015A	38	45161	0.000841	24550	24676
T23599G C23604A T23617C	S:N679K S:P681H S:R685R	38	60171	0.000632	23583	23642
T23599G C23604A A23614G	S:N679K S:P681H S:A684A	38	60201	0.000631	23580	23642
G24527+C C24672-A	NA NA	38	43489	0.000874	24476	24679
G24486+T	NA	38	84059	0.000452	24476	24495
C25262-TT	NA	38	63770	0.000596	25252	25304
C23854A A23870G	S:N764K S:I770V	38	32874	0.001156	23805	23873
C23525T T23599G C23604A A23631G	S:H655Y S:N679K S:P681H S:Q690R	38	28883	0.001316	23516	23637
C23525T T23527C T23599G C23604A	S:H655Y S:H655Y S:N679K S:P681H	38	29296	0.001297	23505	23624
A24556G	S:T998T	38	81788	0.000465	24476	24564
A24551G	S:I997V	38	82239	0.000462	24533	24564
A24531G	S:E990G	38	83169	0.000457	24489	24564
A24498G	S:D979G	38	84508	0.00045	24483	24506
A23497-C C23525T T23599G C23604A	NA S:H655Y S:N679K S:P681H	38	28620	0.001328	23488	23642
T25215C	S:L1218P	37	54243	0.000682	25205	25325
T25152C C25262-T	S:L1197P NA	37	41588	0.00089	25130	25309
T25148+A	NA	37	53488	0.000692	25141	25210
T23599G C23604A C23709+A	S:N679K S:P681H NA	37	28852	0.001282	23580	23717
T23599G C23604A A23618G	S:N679K S:P681H S:S686G	37	60162	0.000615	23580	23724
T23584C T23599G C23604A	S:Y674Y S:N679K S:P681H	37	60105	0.000616	23580	23642
T22882G G22895C T22896C G22898A	S:N440K S:V445P S:V445P S:G446S	37	4620	0.008009	22876	22906
G22813T T22896C G22898A T22928C T22942G	S:K417N S:V445A S:G446S S:F456L S:N460K	37	3582	0.010329	22797	22966
C25262-T G25278-T	NA NA	37	63615	0.000582	25251	25293
C25262-T C25324+A	NA NA	37	62582	0.000591	25251	25325
C23833-A C23854A	NA S:N764K	37	32999	0.001121	23817	23895
C23525T T23599G C23604A A23636G	S:H655Y S:N679K S:P681H S:I692V	37	28715	0.001289	23505	23642
A25176G C25262-T	S:K1205R NA	37	43281	0.000855	25124	25325
A23734G C23854A	S:T724T S:N764K	37	30327	0.00122	23707	23891
A21875-T C21888-T	NA NA	37	19986	0.001851	21847	21914
T25232C C25262-T	S:L1224L NA	36	58147	0.000619	25130	25325
T25159C C25262-T	S:D1199D NA	36	41887	0.000859	25122	25325
T25159C	S:D1199D	36	54016	0.000666	25138	25164
T25140-A C25262-T	NA NA	36	40647	0.000886	25128	25301
T25129C	S:V1189V	36	49173	0.000732	25122	25164
T24637C	S:A1025A	36	48381	0.000744	24618	24674
T24469A G24497T	S:N969K S:D979Y	36	69935	0.000515	24465	24519
T23599G C23604A T23714G	S:N679K S:P681H S:F718V	36	28777	0.001251	23580	23717
T23599G C23604A T23686C	S:N679K S:P681H S:S708S	36	29464	0.001222	23580	23699
G21901-A	NA	36	20390	0.001766	21847	21911
C25416T G25527+C	ORF3a:F8F NA	36	5335	0.006748	25372	25535
C24503-T C24517-A	NA NA	36	83572	0.000431	24489	24528
C23854A A23891G	S:N764K S:N777D	36	30301	0.001188	23683	23895
C23525T T23599G C23604A C23606T	S:H655Y S:N679K S:P681H S:R682W	36	29288	0.001229	23508	23637
C23244-T	NA	36	6464	0.005569	23182	23262
A25206G	S:Y1215C	36	59380	0.000606	25199	25210
A25201G	S:P1213P	36	58475	0.000616	25192	25210
A25154G	S:I1198V	36	53911	0.000668	25148	25170
A24610G	S:A1016A	36	45145	0.000797	24497	24679
A24604G	S:R1014R	36	45182	0.000797	24515	24642
A24424T T24469A T24504C	S:Q954H S:N969K S:L981P	36	34564	0.001042	24412	24564
T25233C	S:L1224S	35	58384	0.000599	25219	25320
T25155C	S:I1198T	35	53947	0.000649	25151	25184
T24628-A	NA	35	48476	0.000722	24612	24679
T24622C	S:A1020A	35	48481	0.000722	24612	24679
T24583C	S:Y1007Y	35	45406	0.000771	24504	24634
T24564C	S:L1001P	35	81467	0.00043	24538	24564
T24505C	S:L981L	35	84355	0.000415	24488	24510
T23599G C23604A A23670+T	S:N679K S:P681H NA	35	29615	0.001182	23580	23684
G25261A	S:M1233I	35	63687	0.00055	25251	25325
G25250A C25262-T	S:V1230M NA	35	58837	0.000595	25122	25314
G25244-T	NA	35	58707	0.000596	25230	25325
C25214-TAG	S:DEL1219	35	52917	0.000661	25153	25324
C25000T C25120+A	S:D1146D NA	35	6498	0.005386	24990	25131
C25000T A25026-T	S:D1146D NA	35	14190	0.002467	24990	25039
C23758+A	NA	35	34209	0.001023	23687	23777
C23525T T23599G C23604A T23622C	S:H655Y S:N679K S:P681H S:V687A	35	29241	0.001197	23508	23624
C23525T T23599G C23604A C23630-A	S:H655Y S:N679K S:P681H NA	35	28941	0.001209	23487	23640
C23525T T23563C T23599G C23604A	S:H655Y S:G667G S:N679K S:P681H	35	29296	0.001195	23487	23642
C23525T C23556T T23599G C23604A	S:H655Y S:P665L S:N679K S:P681H	35	29296	0.001195	23487	23629
C23525T A23572G T23599G C23604A	S:H655Y S:I670M S:N679K S:P681H	35	29296	0.001195	23487	23624
C22000A G22014-T	S:H146Q NA	35	15627	0.00224	21996	22049
A24424T T24514C	S:Q954H S:L984L	35	34493	0.001015	24416	24543
A24424T T24469A A24525G	S:Q954H S:N969K S:E988G	35	34376	0.001018	24415	24563
T25219C C25262-T	S:G1219G NA	34	55609	0.000611	25130	25325
T23599G C23604A T23659C	S:N679K S:P681H S:L699L	34	29677	0.001146	23580	23678
T23599G C23604A G23699A	S:N679K S:P681H S:A713T	34	29350	0.001158	23580	23700
T23582C T23599G C23604A	S:Y674H S:N679K S:P681H	34	60067	0.000566	23580	23642
G23735+A C23854A	NA S:N764K	34	30337	0.001121	23683	23887
G23364-A A23403G	NA S:D614G	34	11559	0.002941	23335	23438
G22809-A G22813T T22882G	NA S:K417N S:N440K	34	5589	0.006083	22793	22885
C25416T A25472-T	ORF3a:F8F NA	34	11040	0.00308	25382	25477
C23525T T23540C T23599G C23604A	S:H655Y S:Y660H S:N679K S:P681H	34	29296	0.001161	23508	23638
C23525T A23541G T23599G C23604A	S:H655Y S:Y660C S:N679K S:P681H	34	29296	0.001161	23493	23641
C23525T A23531T T23599G C23604A	S:H655Y S:N657Y S:N679K S:P681H	34	29296	0.001161	23503	23633
A24885+T	NA	34	9528	0.003568	24852	24899
A24479-T G24488-T C24672-A	NA NA NA	34	41724	0.000815	24473	24679
A24424T C24431+A	S:Q954H NA	34	35349	0.000962	24412	24450
A24424T A24468-T T24470A	S:Q954H NA S:F970I	34	34770	0.000978	24412	24551
A23403G G23417A C23525T	S:D614G S:E619K S:H655Y	34	6592	0.005158	23339	23532
A21917-T G21987A T21990-TTA C22000A	NA S:G142D S:DEL144 S:H146Q	34	10624	0.0032	21903	22058
T24660C	S:V1033A	33	47879	0.000689	24612	24661
T24633C	S:L1024P	33	48454	0.000681	24612	24675
T24565C	S:L1001L	33	81212	0.000406	24518	24676
T24549C	S:L996S	33	82344	0.000401	24542	24561
T23794C C23854A	S:G744G S:N764K	33	32271	0.001023	23761	23881
T23599G C23604A T23698C	S:N679K S:P681H S:I712I	33	29366	0.001124	23580	23724
T23599G C23604A C23634T C23706T	S:N679K S:P681H S:S691F S:P715L	33	29000	0.001138	23580	23724
T23599G C23604A C23615T	S:N679K S:P681H S:R685C	33	60192	0.000548	23580	23642
T23599G C23604A C23613T	S:N679K S:P681H S:A684V	33	60212	0.000548	23581	23619
T23581C T23599G C23604A	Unknown S:N679K S:P681H	33	59813	0.000552	23580	23642
T22882G G22895C T22896C G22898A T22942G	S:N440K S:V445P S:V445P S:G446S S:N460K	33	3876	0.008514	22876	22957
T21946+A G21987A	NA S:G142E	33	15240	0.002165	21847	21992
G25313A	S:G1251R	33	65540	0.000504	25272	25320
G25305A	S:C1248Y	33	65439	0.000504	25287	25311
G25269-T	NA	33	64193	0.000514	25262	25325
G25135+A C25262-T	NA NA	33	40376	0.000817	25122	25325
G23835-T A23853-C	NA NA	33	33086	0.000997	23684	23862
G23505A C23525T T23599G C23604A	S:G648D S:H655Y S:N679K S:P681H	33	28970	0.001139	23487	23642
C24466+A C24672-A	NA NA	33	31414	0.00105	24465	24679
C23816+T	NA	33	34651	0.000952	23767	23827
C23525T T23599G C23604A A23614G	S:H655Y S:N679K S:P681H S:A684A	33	29276	0.001127	23487	23642
C23525T T23553C T23599G C23604A	S:H655Y S:I664T S:N679K S:P681H	33	29296	0.001126	23487	23641
C23525T A23534G T23599G C23604A	S:H655Y S:N658D S:N679K S:P681H	33	29296	0.001126	23508	23636
C22109G C22120-A	S:Q183E NA	33	3220	0.010248	22105	22139
A25408G C25416T	ORF3a:R6G ORF3a:F8F	33	11876	0.002779	25381	25477
A25277G	S:S1239G	33	64501	0.000512	25262	25325
A24619G	S:R1019R	33	48494	0.00068	24612	24679
A24617G	S:R1019G	33	48495	0.00068	24473	24679
A24591G	S:Q1010R	33	45265	0.000729	24540	24647
A24539-T C24672-A	NA NA	33	43581	0.000757	24486	24679
A24424T A24551G	S:Q954H S:I997V	33	34031	0.00097	24412	24564
A23845G C23854A	S:T761T S:N764K	33	33494	0.000985	23828	23895
A23696-T	NA	33	67013	0.000492	23687	23714
A21875-T A21979-T G21987A A21993-TTACC A21999C	NA NA S:G142D NA S:H146P	33	9920	0.003327	21867	22019
T25202C	S:W1214R	32	58553	0.000547	25165	25210
T24529C	S:A989A	32	83388	0.000384	24488	24564
T24513C	S:L984P	32	84029	0.000381	24490	24536
T24469A T24492+A	S:N969K NA	32	70114	0.000456	24465	24502
T24267-G A24424T	NA S:Q954H	32	404	0.079208	24259	24424
T23750C C23854A	S:S730P S:N764K	32	30505	0.001049	23683	23873
T23599G C23604A T23629C	S:N679K S:P681H S:S689S	32	59726	0.000536	23580	23642
T23599G C23604A T23626C	S:N679K S:P681H S:A688A	32	59789	0.000535	23580	23642
T23599G C23604A A23674G	S:N679K S:P681H S:S704S	32	29567	0.001082	23581	23699
T23599G C23604A A23627G	S:N679K S:P681H S:S689G	32	59759	0.000535	23580	23642
T23489C C23525T T23599G C23604A	S:F643L S:H655Y S:N679K S:P681H	32	28201	0.001135	23486	23642
G25323A	S:C1254Y	32	65068	0.000492	25251	25325
G25284A	S:C1241Y	32	64676	0.000495	25271	25319
G24558A	S:G999D	32	81742	0.000391	24547	24564
C25416T A25503+C	ORF3a:F8F NA	32	6117	0.005231	25372	25512
C25267T G25302T	S:C1235C S:C1247F	32	63737	0.000502	25137	25324
C25262-T T25309C	NA S:S1249S	32	63233	0.000506	25251	25325
C25199T C25262-T	S:P1213S NA	32	47188	0.000678	25122	25303
C25000T A25056-T	S:D1146D NA	32	13766	0.002325	24992	25065
C23854G	S:N764K	32	33785	0.000947	23811	23885
C23854A A23869G	S:N764K S:G769G	32	32907	0.000972	23776	23891
C23816-T A23853-C	NA NA	32	32685	0.000979	23686	23863
C23525T T23599G C23604A G23610A	S:H655Y S:N679K S:P681H S:R683Q	32	29283	0.001093	23509	23642
C23525T T23582C T23599G C23604A	S:H655Y S:Y674H S:N679K S:P681H	32	29296	0.001092	23505	23641
C23525T T23581C T23599G C23604A	S:H655Y S:S673S S:N679K S:P681H	32	29296	0.001092	23508	23626
C23525T T23542C T23599G C23604A	S:H655Y S:Y660Y S:N679K S:P681H	32	29296	0.001092	23505	23624
C23525T A23592G T23599G C23604A	S:H655Y S:Q677R S:N679K S:P681H	32	29296	0.001092	23505	23637
C23099-T T23143-A T23164-A C23230-A	NA NA NA NA	32	6088	0.005256	23089	23242
A25164G	S:Q1201R	32	54160	0.000591	25157	25210
A24424T T24504C	S:Q954H S:L981P	32	34564	0.000926	24418	24515
A24424T C24517-A	S:Q954H NA	32	34464	0.000929	24416	24563
A23702G C23854A	S:I714V S:N764K	32	29982	0.001067	23683	23895
A23362+C	NA	32	14098	0.00227	23339	23369
T25245-A	NA	31	58725	0.000528	25238	25324
T23599G C23604A G23610A	S:N679K S:P681H S:R683Q	31	60225	0.000515	23580	23642
T23500C C23525T T23599G C23604A	S:R646R S:H655Y S:N679K S:P681H	31	28768	0.001078	23487	23634
T23164-A C23230-A	NA NA	31	6305	0.004917	23145	23244
G25244A	S:V1228I	31	58707	0.000528	25223	25324
G25177+A	NA	31	54936	0.000564	25170	25210
G24570+T	NA	31	45853	0.000676	24470	24580
G23811A C23854A	S:S750N S:N764K	31	32574	0.000952	23796	23873
C25267T	S:C1235C	31	64077	0.000484	25220	25324
C25262-T T25283C	NA S:C1241R	31	63585	0.000488	25251	25325
C25262-T G25364-T	NA NA	31	3859	0.008033	25251	25372
C25000T G25064C	S:D1146D S:D1168H	31	13599	0.00228	24990	25065
C24422-A	NA	31	35936	0.000863	24412	24449
C23859+T	NA	31	33672	0.000921	23705	23872
C23854A A23883G	S:N764K S:Q774R	31	31925	0.000971	23826	23887
C23525T A23598G T23599G C23604A	S:H655Y S:N679R S:N679R S:P681H	31	29296	0.001058	23516	23637
A25158G	S:D1199G	31	54032	0.000574	25154	25210
A24654G	S:E1031G	31	48062	0.000645	24612	24679
A24587G	S:T1009A	31	45320	0.000684	24488	24679
A24424T T24506C	S:Q954H S:S982P	31	34549	0.000897	24413	24564
A24424T T24470-TTG C24536-A	S:Q954H S:DEL971 NA	31	34277	0.000904	24413	24564
A24424T T24469A C24536-AA	S:Q954H S:N969K NA	31	34277	0.000904	24412	24564
A24424T A24532G	S:Q954H S:E990E	31	34332	0.000903	24412	24564
A24424T A24498G	S:Q954H S:D979G	31	34604	0.000896	24412	24518
A24253-T A24323-AAT	NA S:DEL922	31	3450	0.008986	24229	24337
A23796+T	NA	31	34982	0.000886	23767	23808
T25382+A	NA	30	12362	0.002427	25372	25392
T25245C	S:V1228A	30	58725	0.000511	25214	25313
T24663C	S:L1034P	30	47663	0.000629	24621	24679
T24625C	S:S1021S	30	48473	0.000619	24612	24669
T24523C	S:V987V	30	83568	0.000359	24509	24531
T24417C A24424T T24469A	S:V952A S:Q954H S:N969K	30	34748	0.000863	24412	24564
T23817C C23854A	S:L752P S:N764K	30	32651	0.000919	23683	23895
T22882G T22896C G22898A T22928C T22942G	S:N440K S:V445A S:G446S S:F456L S:N460K	30	3876	0.00774	22870	22944
G25297A	S:K1245K	30	65087	0.000461	25273	25324
G25230A	S:G1223D	30	58206	0.000515	25219	25325
G25226A	S:A1222T	30	57900	0.000518	25219	25324
G24530+A	NA	30	83207	0.000361	24476	24554
G23499A C23525T T23599G C23604A	S:R646H S:H655Y S:N679K S:P681H	30	28719	0.001045	23487	23624
G23486-T C23525T	NA S:H655Y	30	7312	0.004103	23471	23539
C25275T	S:T1238I	30	64454	0.000465	25251	25325
C25262-T T25289C	NA S:C1243R	30	63516	0.000472	25251	25324
C24536-A C24672-A	NA NA	30	43553	0.000689	24504	24679
C23854A A23881G	S:N764K S:E773E	30	32157	0.000933	23787	23892
C23525T T23560C T23599G C23604A	S:H655Y S:I666I S:N679K S:P681H	30	29296	0.001024	23487	23640
A25165G C25262-T	S:Q1201Q NA	30	42250	0.00071	25135	25318
A24641G	S:T1027A	30	48314	0.000621	24612	24649
A24578G	S:T1006A	30	45658	0.000657	24495	24581
A24424T T24511C	S:Q954H S:R983R	30	34505	0.000869	24412	24554
A23779G C23854A	S:T739T S:N764K	30	32048	0.000936	23733	23895
A23627-G	NA	30	60957	0.000492	23616	23642
A23523G C23525T T23599G C23604A	S:E654G S:H655Y S:N679K S:P681H	30	29295	0.001024	23487	23642
A23515-G C23525T T23599G C23604A	NA S:H655Y S:N679K S:P681H	30	29205	0.001027	23505	23640
A23403G G23417A	S:D614G S:E619K	30	11943	0.002512	23382	23438
T25258C	S:I1232I	29	63535	0.000456	25219	25325
T25248C	S:M1229T	29	58793	0.000493	25230	25324
T24640C	S:A1026A	29	48332	0.0006	24612	24664
T24523-G	NA	29	83568	0.000347	24513	24531
T24469A A24560G	S:N969K S:R1000G	29	67651	0.000429	24465	24564
T24464-C T24471-TG	NA NA	29	35614	0.000814	24442	24564
T23842C C23854A	S:C760C S:N764K	29	33372	0.000869	23767	23881
T23797C C23854A	S:D745D S:N764K	29	32361	0.000896	23790	23890
T23599G C23604A C23701T	S:N679K S:P681H S:A713A	29	29280	0.00099	23580	23724
T23599G C23604A A23651G	S:N679K S:P681H S:M697V	29	29739	0.000975	23580	23684
T23511-A C23525T T23599G C23604A	NA S:H655Y S:N679K S:P681H	29	29168	0.000994	23487	23642
T23487C C23525T T23599G C23604A	Unknown S:H655Y S:N679K S:P681H	29	16968	0.001709	23486	23642
T21976-CCATTTTTGGGTGTTTATTAC C22000A	S:DEL139/145 S:H146Q	29	13487	0.00215	21926	22058
G25266A	S:C1235Y	29	63983	0.000453	25217	25317
G25183-C	NA	29	55923	0.000519	25146	25194
G25166-A C25262-T	NA NA	29	42278	0.000686	25122	25296
G24497-A	NA	29	84521	0.000343	24480	24505
G24488-T C24503-T C24672-A	NA NA NA	29	42727	0.000679	24480	24679
G23522-A C23525T T23599G C23604A	NA S:H655Y S:N679K S:P681H	29	29294	0.00099	23512	23642
G21969-T G21987A T21990-TTA A21999-C	NA S:G142D S:DEL144 NA	29	13229	0.002192	21957	22058
G21941+T G21987A	NA S:G142E	29	15049	0.001927	21867	21992
C25262-T T25288C	NA S:S1242S	29	63530	0.000456	25122	25325
C24981-T C25000T A25056-T	NA S:D1146D NA	29	6489	0.004469	24850	25066
C23887A A23888C G23948T	S:D775E S:K776Q S:D796Y	29	1040	0.027885	23880	23969
C23525T T23599G C23604A T23637C	S:H655Y S:N679K S:P681H S:I692T	29	28694	0.001011	23487	23641
C23525T A23586G T23599G C23604A	S:H655Y S:Q675R S:N679K S:P681H	29	29296	0.00099	23505	23637
C23525T A23570G T23599G C23604A	S:H655Y S:I670V S:N679K S:P681H	29	29296	0.00099	23508	23633
C23334-T G23402-A	NA NA	29	4700	0.00617	23282	23423
C21888-T G21987A	NA S:G142D	29	14057	0.002063	21867	21992
A25374-T	NA	29	11471	0.002528	25372	25392
A25243G	S:I1227M	29	58671	0.000494	25214	25324
A24424T T24469A T24506C	S:Q954H S:N969K S:S982P	29	34549	0.000839	24412	24564
A24424T T24469A A24554G	S:Q954H S:N969K S:T998A	29	33926	0.000855	24412	24564
A23853-C C23887-A	NA NA	29	31527	0.00092	23836	23894
A23732G C23854A	S:T724A S:N764K	29	30305	0.000957	23683	23890
A23598G T23599G C23604A	S:N679R S:N679R S:P681H	29	60262	0.000481	23581	23642
A23403G T23482-A C23525T	S:D614G NA S:H655Y	29	6592	0.004399	23396	23539
A21958-T	NA	29	21630	0.001341	21847	21968
A21875-TT G21987A T21990-TTA A21999-C	NA S:G142D S:DEL144 NA	29	9920	0.002923	21847	22058
T24634C	S:L1024L	28	48428	0.000578	24612	24651
T24628C	S:A1022A	28	48476	0.000578	24612	24679
T24492-A C24672-A	NA NA	28	43026	0.000651	24480	24679
T24469A T24492-A C24536-A	S:N969K NA NA	28	68659	0.000408	24465	24564
T24469A C24503-T	S:N969K NA	28	69750	0.000401	24465	24515
G25198A	S:W1212*	28	57691	0.000485	25190	25199
G25127-T	NA	28	48655	0.000575	25123	25144
G25091+A	NA	28	7007	0.003996	25020	25210
G21987A A21999-C	S:G142D NA	28	13506	0.002073	21971	22012
C25416T G25447+A	ORF3a:F8F NA	28	11371	0.002462	25382	25477
C25262-T A25296-G	NA NA	28	63412	0.000442	25122	25313
C25239T C25262-T	S:A1226V NA	28	58443	0.000479	25130	25323
C24672T A24673C	S:S1037F S:S1037F	28	47218	0.000593	24612	24679
C23854A A23892G	S:N764K S:N777S	28	28460	0.000984	23837	23895
C23525T G23568T T23599G C23604A	S:H655Y S:G669V S:N679K S:P681H	28	29296	0.000956	23487	23624
C22109G C22120-A T22200A G22218-T G22317T	S:Q183E NA S:V213E NA S:G252V	28	2310	0.012121	22105	22319
A25190G	S:I1210V	28	56298	0.000497	25186	25210
A24545G	S:R995G	28	82525	0.000339	24486	24550
A24424T A24554G	S:Q954H S:T998A	28	33926	0.000825	24413	24564
A24424T A24520G	S:Q954H S:K986K	28	34436	0.000813	24412	24564
A23777G C23854A	S:T739A S:N764K	28	32036	0.000874	23742	23895
A23494G C23525T T23599G C23604A	S:Q644Q S:H655Y S:N679K S:P681H	28	28585	0.00098	23487	23641
T25221C C25262-T	S:F1220S NA	27	56978	0.000474	25138	25292
T25205C	S:Y1215H	27	59070	0.000457	25191	25210
T25202+G C25262-T	NA NA	27	48114	0.000561	25122	25305
T25189C	S:Y1209Y	27	56258	0.00048	25151	25210
T25161C C25262-T	S:L1200P NA	27	41981	0.000643	25130	25325
T24660+A C24672-A	NA NA	27	47295	0.000571	24473	24679
T24481C	S:I973I	27	83647	0.000323	24473	24504
T24469A T24650C	S:N969K S:S1030P	27	32042	0.000843	24465	24679
T24469A G24488-T	S:N969K NA	27	70157	0.000385	24465	24499
T24469A C24668+A	S:N969K NA	27	31679	0.000852	24465	24679
T24469A A24562G	S:N969K S:R1000R	27	67595	0.000399	24465	24564
T23599G C23604A T23677C	S:N679K S:P681H S:V705V	27	29545	0.000914	23580	23700
T23599G C23604A G23612A	S:N679K S:P681H S:A684T	27	60219	0.000448	23580	23642
T23599G C23604A A23708G	S:N679K S:P681H S:T716A	27	28870	0.000935	23580	23724
T23599G C23604A A23696-T	S:N679K S:P681H NA	27	29383	0.000919	23581	23704
T23599G C23604A A23670G	S:N679K S:P681H S:N703S	27	29615	0.000912	23580	23700
T22928C	S:F456L	27	4315	0.006257	22924	22967
G25311A	S:C1250Y	27	65543	0.000412	25303	25324
G25135+A	NA	27	51474	0.000525	25130	25154
G24535T	S:V991V	27	82952	0.000325	24531	24666
G23876+A	NA	27	33016	0.000818	23683	23883
G23364-A A23403G C23525T	NA S:D614G S:H655Y	27	6138	0.004399	23339	23539
G22813T T22882G G22895C T22896C G22898A T22930A T22942G	S:K417N S:N440K S:V445P S:V445P S:G446S S:F456L S:N460K	27	3582	0.007538	22793	22966
C25262-T T25312C	NA S:C1250C	27	63185	0.000427	25122	25325
C25156T C25262-T	S:I1198I NA	27	41739	0.000647	25122	25325
C23854A A23890G	S:N764K S:K776K	27	30627	0.000882	23836	23891
C23854A A23886G	S:N764K S:D775G	27	31607	0.000854	23683	23895
C23525T T23599G C23604A T23626C	S:H655Y S:N679K S:P681H S:A688A	27	28974	0.000932	23487	23642
C23525T A23532G T23599G C23604A	S:H655Y S:N657S S:N679K S:P681H	27	29296	0.000922	23493	23637
A25206G C25262-T	S:Y1215C NA	27	49025	0.000551	25122	25287
A24592G	S:Q1010Q	27	45257	0.000597	24577	24643
A24424T T24436C	S:Q954H S:A958A	27	35276	0.000765	24416	24493
A24424T G24428+A	S:Q954H NA	27	35356	0.000764	24412	24564
A24424T A24433G	S:Q954H S:Q957Q	27	35330	0.000764	24412	24462
A23826G C23854A	S:Q755R S:N764K	27	32861	0.000822	23803	23892
A23800G C23854A	S:S746S S:N764K	27	32424	0.000833	23735	23890
A23515+G T23599G C23604A	NA S:N679* S:P681Y	27	29205	0.000924	23487	23641
A21917-T G21987A T21990-TTA A21999-C	NA S:G142D S:DEL144 NA	27	10624	0.002541	21891	22058
A21875-T G21987A T21990-TTA C22000A	NA S:G142D S:DEL144 S:H146Q	27	9920	0.002722	21853	22043
T25237C C25262-T	S:I1225I NA	26	58361	0.000446	25130	25325
T25233C C25262-T	S:L1224S NA	26	58208	0.000447	25130	25325
T25211C	S:W1217R	26	62074	0.000419	25203	25227
T25191-A G25218-T	NA NA	26	46153	0.000563	25141	25232
T25180C	S:Y1206Y	26	55155	0.000471	25172	25210
T25155C C25262-T	S:I1198T NA	26	41707	0.000623	25130	25288
T24469A A24498G	S:N969K S:D979G	26	69903	0.000372	24465	24564
T23791C C23854A	S:C743C S:N764K	26	32188	0.000808	23780	23890
T23599G C23604A T23697C	S:N679K S:P681H S:I712T	26	29376	0.000885	23580	23722
T23599G C23604A T23681C	S:N679K S:P681H S:Y707H	26	29494	0.000882	23580	23724
T23599G C23604A G23624A	S:N679K S:P681H S:A688T	26	60063	0.000433	23591	23642
T21934-A T21990-TTA A21999-C	NA S:DEL144 NA	26	10847	0.002397	21925	22058
G25135-A	NA	26	51474	0.000505	25125	25152
G24476+A	NA	26	82034	0.000317	24469	24498
G23821+T	NA	26	34490	0.000754	23767	23830
G21987A T21990-TTA C22000A A22003T	S:G142D S:DEL144 S:H146Q S:K147N	26	13506	0.001925	21965	22058
G21969-T T21976-C G21987A T21990-TTA C22000A	NA NA S:G142D S:DEL144 S:H146Q	26	13229	0.001965	21959	22058
C25416T A25472+T	ORF3a:F8F NA	26	11040	0.002355	25381	25477
C25207T C25262-T	S:Y1215Y NA	26	49400	0.000526	25122	25325
C25156-G C25262-T	NA NA	26	41739	0.000623	25122	25323
C25132+A C25262-T	NA NA	26	40106	0.000648	25122	25323
C24422-A A24425T	NA S:N955Y	26	35890	0.000724	24412	24437
C23816-T C23854A C23887-A	NA S:N764K NA	26	30390	0.000856	23767	23895
C23525T T23599G C23604A T23633C	S:H655Y S:N679K S:P681H S:S691P	26	28852	0.000901	23492	23642
C23525T T23599G C23604A C23613T	S:H655Y S:N679K S:P681H S:A684V	26	29280	0.000888	23487	23624
C23525T T23573C T23599G C23604A	S:H655Y S:C671R S:N679K S:P681H	26	29296	0.000887	23487	23629
C23502T C23525T T23599G C23604A	S:A647V S:H655Y S:N679K S:P681H	26	28908	0.000899	23487	23630
A25472-T	NA	26	11040	0.002355	25383	25477
A25225G	S:I1221M	26	57765	0.00045	25210	25324
A24661G	S:V1033V	26	47826	0.000544	24612	24679
A24424T T24492-A	S:Q954H NA	26	34657	0.00075	24413	24505
A24424T T24469A T24529C	S:Q954H S:N969K S:A989A	26	34353	0.000757	24412	24564
A24424T T24469A T24511C	S:Q954H S:N969K S:R983R	26	34505	0.000754	24412	24564
A24424T T24469A A24508G	S:Q954H S:N969K S:S982S	26	34521	0.000753	24413	24564
A24424T T24464C	S:Q954H S:S968P	26	34879	0.000745	24412	24475
A24110-T C24119-A	NA NA	26	385	0.067532	24021	24152
A23848G C23854A	S:Q762Q S:N764K	26	33638	0.000773	23843	23881
A23729G C23854A	S:T723A S:N764K	26	30264	0.000859	23694	23873
A23493G C23525T T23599G C23604A	S:Q644R S:H655Y S:N679K S:P681H	26	28408	0.000915	23487	23640
T25148C	S:S1196P	25	53488	0.000467	25130	25179
T25021-A	NA	25	14564	0.001717	25015	25034
T24491-TA	NA	25	84657	0.000295	24481	24502
T24470-TTG C24536-A	S:DEL971 NA	25	69180	0.000361	24465	24550
T24469A T24601C	S:N969K S:I1013I	25	32478	0.00077	24465	24679
T24469A G24474A	S:N969K S:G971D	25	70270	0.000356	24465	24564
T24469A C24566+A	S:N969K NA	25	33014	0.000757	24465	24667
T24469A A24576G	S:N969K S:Q1005R	25	32806	0.000762	24465	24671
T24451+A	NA	25	35873	0.000697	24438	24468
T24417C A24424T	S:V952A S:Q954H	25	35837	0.000698	24412	24564
T23823C C23854A	S:L754S S:N764K	25	32775	0.000763	23802	23881
T23599G C23604A T23689-A	S:N679K S:P681H NA	25	29449	0.000849	23580	23711
T23599G C23604A C23700T	S:N679K S:P681H S:A713V	25	29342	0.000852	23580	23724
T21990-TTA	S:DEL144	25	17210	0.001453	21975	22012
T21934-A C21978A G21987A T21990-TTA A21999-C	NA S:P139Q S:G142D S:DEL144 NA	25	10847	0.002305	21906	22058
G25298A	S:G1246S	25	65142	0.000384	25218	25325
G25203A	S:W1214*	25	58655	0.000426	25188	25210
G25166-A	NA	25	54256	0.000461	25157	25210
G24535C	S:V991V	25	82952	0.000301	24476	24623
C25163-A	NA	25	54130	0.000462	25150	25195
C25156-G	NA	25	53952	0.000463	25138	25167
C24517+A	NA	25	83849	0.000298	24473	24528
C24503+T	NA	25	84383	0.000296	24492	24525
C23525T T23599G C23604A C23638T	S:H655Y S:N679K S:P681H S:I692I	25	28684	0.000872	23493	23642
A25137-T T25191-A C25262-T	NA NA NA	25	40519	0.000617	25130	25308
A24424T T24469A G24558A	S:Q954H S:N969K S:G999D	25	33776	0.00074	24412	24564
A24424T T24469A A24562G	S:Q954H S:N969K S:R1000R	25	33716	0.000741	24412	24564
A24424T T24450C	S:Q954H S:V963A	25	35115	0.000712	24412	24468
A24424T C24536+A	S:Q954H NA	25	34277	0.000729	24412	24564
A24424T A24531G	S:Q954H S:E990G	25	34342	0.000728	24412	24564
A24424T A24518G	S:Q954H S:K986E	25	34457	0.000726	24413	24564
A24424T A24454G T24469A	S:Q954H S:K964K S:N969K	25	34835	0.000718	24413	24564
A23767G C23854A	S:S735S S:N764K	25	30633	0.000816	23756	23880
A23513G C23525T T23599G C23604A	S:I651V S:H655Y S:N679K S:P681H	25	29182	0.000857	23493	23642
A23495G C23525T T23599G C23604A	S:T645A S:H655Y S:N679K S:P681H	25	28601	0.000874	23487	23642
A23494C C23525T T23599G C23604A	S:Q644H S:H655Y S:N679K S:P681H	25	28585	0.000875	23487	23642
A23254-T	NA	25	6392	0.003911	23241	23290
A22101T C22109G T22200A G22317T	Unknown S:Q183E S:V213E S:G252V	25	2244	0.011141	22100	22319
A21979-T G21987A T21990-TTA	NA S:G142D S:DEL144	25	17197	0.001454	21847	22017
A21972-T G21987A T21990-TTA C22000A	NA S:G142D S:DEL144 S:H146Q	25	13343	0.001874	21965	22058
T25251C C25262-T	S:V1230A NA	24	58907	0.000407	25145	25325
T25228C C25262-T	S:A1222A NA	24	57889	0.000415	25122	25325
T24472-G C24536-A	NA NA	24	76511	0.000314	24465	24564
T23742C C23854A	S:L727P S:N764K	24	30420	0.000789	23722	23892
T23684C C23854A	S:S708P S:N764K	24	29464	0.000815	23683	23895
T23599G C23604A A23691G	S:N679K S:P681H S:N710S	24	29429	0.000816	23580	23719
T23599G C23604A A23646G	S:N679K S:P681H S:Y695C	24	29783	0.000806	23580	23724
T23599G C23604A A23636G	S:N679K S:P681H S:I692V	24	59405	0.000404	23580	23642
G25218+T C25262-T	NA NA	24	55369	0.000433	25130	25269
G25213A	S:W1217*	24	52764	0.000455	25208	25325
G25173-A C25262-T	NA NA	24	42973	0.000558	25124	25309
G25130A	S:A1190T	24	49381	0.000486	25122	25170
G24535A	S:V991V	24	82952	0.000289	24508	24563
G24488-T C24517-A C24672-A	NA NA NA	24	42727	0.000562	24486	24679
G24488-T C24503-T C24517-A	NA NA NA	24	82816	0.00029	24480	24527
G24476A	S:A972T	24	82034	0.000293	24470	24513
G23735-A	NA	24	34521	0.000695	23697	23745
G23519A C23525T T23599G C23604A	S:A653T S:H655Y S:N679K S:P681H	24	29274	0.00082	23508	23642
G22104-A C22109G C22120-A T22200A	NA S:Q183E NA S:V213E	24	2902	0.00827	22100	22208
C25262-T G25299A	NA S:G1246D	24	63383	0.000379	25251	25324
C25131T	S:A1190V	24	50367	0.000477	25123	25189
C25000T A25065G	S:D1146D S:D1168G	24	13564	0.001769	24990	25069
C24899-A C24981-T C25000T	NA NA S:D1146D	24	6639	0.003615	24850	25007
C24503-T C24517-A C24672-A	NA NA NA	24	43232	0.000555	24489	24679
C24119-A	NA	24	460	0.052174	24112	24137
C23525T T23599G C23604A C23635T	S:H655Y S:N679K S:P681H S:S691S	24	28805	0.000833	23487	23642
C23525T T23599G C23604A C23615T	S:H655Y S:N679K S:P681H S:R685C	24	29270	0.00082	23487	23624
A25397-T	NA	24	12235	0.001962	25382	25409
A25188G C25262-T	S:Y1209C NA	24	45095	0.000532	25130	25297
A25143G	S:N1194S	24	53202	0.000451	25138	25149
A25133G	S:K1191E	24	51083	0.00047	25124	25210
A25125G	S:E1188G	24	48322	0.000497	25122	25152
A24494G	S:N978D	24	84583	0.000284	24486	24528
A24479-T C24503-T	NA NA	24	82256	0.000292	24471	24513
A24424T T24480C	S:Q954H S:I973T	24	34720	0.000691	24412	24564
A24424T T24469A T24549C	S:Q954H S:N969K S:L996S	24	34068	0.000704	24412	24564
A24424T T24469A T24514C	S:Q954H S:N969K S:L984L	24	34493	0.000696	24412	24564
A24424T T24469A A24500G	S:Q954H S:N969K S:I980V	24	34596	0.000694	24412	24554
A24424T T24469A A24498G	S:Q954H S:N969K S:D979G	24	34604	0.000694	24412	24564
A24424T A24516G	S:Q954H S:D985G	24	34475	0.000696	24412	24564
A23497G C23525T T23599G C23604A	S:T645T S:H655Y S:N679K S:P681H	24	28620	0.000839	23487	23634
T25265G	S:C1235G	23	63967	0.00036	25251	25304
T25221C	S:F1220S	23	57199	0.000402	25214	25325
T25209C C25262-T	S:I1216T NA	23	50551	0.000455	25122	25290
T25139C	S:L1193L	23	52296	0.00044	25130	25152
T24631C	S:N1023N	23	48477	0.000474	24612	24676
T24581C	S:Y1007H	23	45478	0.000506	24476	24585
T24544+A	NA	23	82573	0.000279	24480	24557
T24470-TTG T24492-A	S:DEL971 NA	23	70677	0.000325	24466	24564
T24469A C24672+A	S:N969K NA	23	31548	0.000729	24465	24679
T24469A A24551G	S:N969K S:I997V	23	68100	0.000338	24465	24558
T24469A A24516G	S:N969K S:D985G	23	69363	0.000332	24465	24564
T23693C C23854A	S:S711P S:N764K	23	29699	0.000774	23683	23895
T23599G C23604A T23658C	S:N679K S:P681H S:L699P	23	29681	0.000775	23580	23724
T23599G C23604A T23641-G C23664T	S:N679K S:P681H NA S:A701V	23	29646	0.000776	23580	23707
T23599G C23604A C23609T	S:N679K S:P681H S:R683W	23	60231	0.000382	23580	23717
T23599G C23604A C23606T	S:N679K S:P681H S:R682W	23	60238	0.000382	23583	23642
T23599G C23604A A23688G	S:N679K S:P681H S:N709S	23	29452	0.000781	23580	23705
T22882G G22895C G22898A	S:N440K S:V445L S:G446S	23	4620	0.004978	22876	22906
T21976-C T21990-TTA C22000A	NA S:DEL144 S:H146Q	23	13487	0.001705	21965	22058
G24883-A C25000T	NA S:D1146D	23	6579	0.003496	24869	25069
G24611-A	NA	23	45139	0.00051	24601	24679
G22813T T22882G T22896C T22928C T22942G	S:K417N S:N440K S:V445A S:F456L S:N460K	23	3582	0.006421	22793	22962
G22813T T22882G G22895C T22896C G22898A T22900-G T22928C T22942G	S:K417N S:N440K S:V445P S:V445P S:G446S NA S:F456L S:N460K	23	3582	0.006421	22793	22963
G22813T T22882G G22895C T22896C G22898A T22900-G	S:K417N S:N440K S:V445P S:V445P S:G446S NA	23	4299	0.00535	22793	22914
C25321T	S:C1253C	23	65257	0.000352	25219	25325
C25262-T T25306C	NA S:C1248C	23	63301	0.000363	25251	25325
C25262-T T25303C	NA S:C1247C	23	63332	0.000363	25251	25323
C25169-T	NA	23	54293	0.000424	25149	25179
C24509T	S:R983C	23	84168	0.000273	24486	24539
C23854A T23877C	S:N764K S:V772A	23	32344	0.000711	23835	23891
C23854A G23868-A	S:N764K NA	23	32982	0.000697	23841	23895
C23854A A23894G	S:N764K Unknown	23	27744	0.000829	23830	23895
C23854A A23864G	S:N764K S:T768A	23	33173	0.000693	23822	23895
C23816-T G23835-T A23853-C	NA NA NA	23	32685	0.000704	23767	23864
C23525T T23599G C23604A G23624-C	S:H655Y S:N679K S:P681H NA	23	29214	0.000787	23499	23642
C23525T T23599G C23604A A23618G	S:H655Y S:N679K S:P681H S:S686G	23	29259	0.000786	23487	23634
C23525T T23599A C23604A	S:H655Y S:N679K S:P681H	23	29296	0.000785	23494	23642
C23525T T23596C T23599G C23604A	S:H655Y S:T678T S:N679K S:P681H	23	29296	0.000785	23487	23642
C23525T A23583G T23599G C23604A	S:H655Y S:Y674C S:N679K S:P681H	23	29296	0.000785	23487	23642
C23525T A23579G T23599G C23604A	S:H655Y S:S673G S:N679K S:P681H	23	29296	0.000785	23487	23641
C23399+T C23525T	NA S:H655S	23	6576	0.003498	23339	23539
C23188+T	NA	23	6880	0.003343	23089	23197
A25225G C25262-T	S:I1221M NA	23	57555	0.0004	25122	25312
A25201G C25262-T	S:P1213P NA	23	47958	0.00048	25124	25318
A25179G	S:Y1206C	23	55103	0.000417	25172	25200
A25168G C25262-T	S:E1202E NA	23	42381	0.000543	25153	25325
A25137+T	NA	23	51916	0.000443	25122	25152
A24582G	S:Y1007C	23	45461	0.000506	24486	24600
A24567G	S:Q1002R	23	45962	0.0005	24549	24576
A24424T T24552C	S:Q954H S:I997T	23	33999	0.000676	24412	24564
A24424T T24529C	S:Q954H S:A989A	23	34353	0.00067	24412	24564
A24424T T24487C	S:Q954H S:S975S	23	34671	0.000663	24412	24536
A24424T T24469A T24489C	S:Q954H S:N969K S:V976A	23	34665	0.000663	24412	24564
A24424T T24469A G24488-T	S:Q954H S:N969K NA	23	34670	0.000663	24412	24564
A24424T T24469A C24503-T	S:Q954H S:N969K NA	23	34566	0.000665	24412	24531
A24424T T24451+A	S:Q954H NA	23	35096	0.000655	24413	24468
A24424T T24448C T24469A	S:Q954H S:L962L S:N969K	23	34835	0.00066	24416	24564
A24424T T24436C T24469A	S:Q954H S:A958A S:N969K	23	34835	0.00066	24412	24479
A24424T G24558A	S:Q954H S:G999D	23	33776	0.000681	24412	24564
A23853G C23854A	S:N764R S:N764R	23	33784	0.000681	23800	23895
A23852G C23854A	S:N764E S:N764E	23	33783	0.000681	23799	23882
A23806G C23854A	S:E748E S:N764K	23	32531	0.000707	23684	23881
A23586G T23599G C23604A	S:Q675R S:N679K S:P681H	23	60133	0.000382	23580	23642
T25301-GT	NA	22	65243	0.000337	25267	25324
T25260C C25262-T	S:M1233T NA	22	63609	0.000346	25122	25325
T25210C	S:I1216I	22	61735	0.000356	25202	25210
T25171C	S:L1203L	22	54364	0.000405	25141	25198
T24991C C25000T	Unknown S:D1146D	22	14354	0.001533	24990	25069
T24522C	S:V987A	22	83580	0.000263	24481	24538
T24496+G	NA	22	84586	0.00026	24475	24518
T24469A T24660+A	S:N969K NA	22	31882	0.00069	24465	24676
T24469A T24548C	S:N969K S:L996L	22	68199	0.000323	24465	24564
T24469A T24506C	S:N969K S:S982P	22	69683	0.000316	24465	24564
T24438+A T24469A	NA S:N969Q	22	35471	0.00062	24412	24563
T23837C C23854A	S:F759L S:N764K	22	33187	0.000663	23784	23887
T23807C C23854A	S:C749R S:N764K	22	32539	0.000676	23683	23893
T23798C C23854A	S:S746P S:N764K	22	32381	0.000679	23702	23895
T23748C C23854A	S:V729A S:N764K	22	30493	0.000721	23686	23895
T23599G C23604A C23647T	S:N679K S:P681H S:Y695Y	22	29769	0.000739	23580	23655
T23599G C23604A C23635T	S:N679K S:P681H S:S691S	22	59507	0.00037	23580	23642
T23510C C23525T T23599G C23604A	S:L650L S:H655Y S:N679K S:P681H	22	29160	0.000754	23487	23624
T21632-TACCCCCTG	S:DEL25/27	22	311	0.07074	21582	21664
G24570-T	NA	22	45853	0.00048	24486	24582
G22813T T22882G G22895C T22896C G22898A T22930A	S:K417N S:N440K S:V445P S:V445P S:G446S S:F456L	22	3675	0.005986	22793	22933
G22813T T22882G G22895C	S:K417N S:N440K S:V445L	22	5306	0.004146	22793	22906
G22813T A22845-T T22882G	S:K417N NA S:N440K	22	5596	0.003931	22793	22889
C25262-T T25307C	NA S:S1249P	22	63286	0.000348	25251	25325
C25262-T A25274G	NA S:T1238A	22	63636	0.000346	25251	25325
C25000T A25113G	S:D1146D S:D1184G	22	6558	0.003355	24990	25210
C23833T C23854A	S:G757G S:N764K	22	32999	0.000667	23821	23895
C23709+A C23887-A	NA NA	22	27888	0.000789	23683	23895
C23525T T23599G C23604A T23637-C	S:H655Y S:N679K S:P681H NA	22	28694	0.000767	23487	23642
C23525T T23599G C23604A C23609-G	S:H655Y S:N679K S:P681H NA	22	29283	0.000751	23501	23622
C23525T T23578C T23599G C23604A	S:H655Y S:A672A S:N679K S:P681H	22	29296	0.000751	23508	23642
C23525T T23571C T23599G C23604A	S:H655Y S:I670T S:N679K S:P681H	22	29296	0.000751	23489	23624
A25247G C25262-T	S:M1229V NA	22	58694	0.000375	25122	25325
A25195G C25262-T	S:K1211K NA	22	46462	0.000474	25130	25325
A25164G C25262-T	S:Q1201R NA	22	42132	0.000522	25122	25325
A25147G C25262-T	S:E1195E NA	22	41187	0.000534	25128	25325
A24646G	S:K1028K	22	48231	0.000456	24514	24679
A24424T T24505C	S:Q954H S:L981L	22	34554	0.000637	24412	24564
A24424T A24560G	S:Q954H S:R1000G	22	33740	0.000652	24412	24564
A24424T A24545G	S:Q954H S:R995G	22	34143	0.000644	24412	24559
A24424T A24454G	S:Q954H S:K964K	22	35056	0.000628	24412	24483
A24424T A24443G	S:Q954H S:T961A	22	35193	0.000625	24412	24564
A24424T A24430G	S:Q954H S:A956A	22	35349	0.000622	24416	24564
A24420G A24424T T24469A	S:N953S S:Q954H S:N969K	22	34818	0.000632	24413	24564
A23853-C C23855A	NA S:R765S	22	33599	0.000655	23830	23881
A23780G C23854A	S:M740V S:N764K	22	32056	0.000686	23702	23873
A23759G C23854A	S:K733E S:N764K	22	30577	0.000719	23683	23895
A23743G C23854A	S:L727L S:N764K	22	30433	0.000723	23683	23895
A23737G C23854A	S:E725E S:N764K	22	30376	0.000724	23683	23895
A21972-T T21976-C G21987A T21990-TTA C22000A	NA NA S:G142D S:DEL144 S:H146Q	22	13343	0.001649	21959	22058
T25382-A	NA	21	12362	0.001699	25372	25406
T25316-C	NA	21	65456	0.000321	25293	25324
T25242C C25262-T	S:I1227T NA	21	58512	0.000359	25124	25325
T25224C	S:I1221T	21	57648	0.000364	25219	25324
T25210C C25262-T	S:I1216I NA	21	51482	0.000408	25127	25323
T25152-C	NA	21	53870	0.00039	25144	25210
T25123-G	NA	21	47799	0.000439	25122	25143
T24628+A	NA	21	48476	0.000433	24612	24651
T24482C	S:S974P	21	83784	0.000251	24470	24514
T24475C C24672-A	S:G971G NA	21	40898	0.000513	24470	24679
T24469A T24589C	S:N969K S:T1009T	21	32539	0.000645	24465	24679
T24469A T24585C	S:N969K S:V1008A	21	32584	0.000644	24465	24661
T24469A A24587G	S:N969K S:T1009A	21	32559	0.000645	24465	24679
T24469A A24508G	S:N969K S:S982S	21	69586	0.000302	24465	24564
T23822C C23854A	S:L754L S:N764K	21	32765	0.000641	23807	23881
T23776C C23854A	S:C738C S:N764K	21	32028	0.000656	23757	23887
T23686-A	NA	21	66601	0.000315	23683	23716
T23602C C23604A	S:S680S S:P681H	21	60344	0.000348	23581	23639
T23599G T23602C	S:N679K S:S680S	21	60281	0.000348	23580	23622
T23599G C23604A C23679T	S:N679K S:P681H S:A706V	21	29530	0.000711	23580	23703
T23599G C23604A A23690G	S:N679K S:P681H S:N710D	21	29435	0.000713	23580	23706
T23599G C23604A A23632G	S:N679K S:P681H S:Q690Q	21	59613	0.000352	23580	23642
G25401+T	NA	21	12161	0.001727	25382	25413
G25314A	S:G1251E	21	65525	0.00032	25292	25325
G25273A	S:M1237I	21	64375	0.000326	25264	25323
G24635A	S:A1025T	21	48426	0.000434	24612	24648
G24535+A	NA	21	82952	0.000253	24476	24542
G23804A C23854A	S:E748K S:N764K	21	32491	0.000646	23763	23895
G23699A C23854A	S:A713T S:N764K	21	29804	0.000705	23683	23895
G22813T G22895C T22896C G22898A T22942G	S:K417N S:V445P S:V445P S:G446S S:N460K	21	3582	0.005863	22793	22966
C25416T T25560C	ORF3a:F8F ORF3a:F56F	21	4974	0.004222	25372	25566
C25318T	S:S1252S	21	65344	0.000321	25219	25325
C24590+A	NA	21	45274	0.000464	24489	24632
C24320-A	NA	21	3834	0.005477	24257	24332
C23854A A23884G	S:N764K S:Q774Q	21	31747	0.000661	23683	23895
C23825+A	NA	21	34440	0.00061	23767	23839
C23525T T23599G T23602-C T23605A	S:H655Y S:N679K NA S:P681P	21	29288	0.000717	23509	23617
C23525T T23599G C23604A G23624A	S:H655Y S:N679K S:P681H S:A688T	21	29214	0.000719	23487	23642
C23525T C23589T T23599G C23604A	S:H655Y S:T676I S:N679K S:P681H	21	29296	0.000717	23487	23637
C23525T A23597T T23599G C23604A	S:H655Y S:N679* S:N679* S:P681H	21	29296	0.000717	23487	23642
C23103-T T23143-A T23164-A C23230-A	NA NA NA NA	21	6105	0.00344	23089	23260
A25235G	S:I1225V	21	58464	0.000359	25221	25324
A25208G	S:I1216V	21	60542	0.000347	25201	25210
A25185-G	NA	21	56078	0.000374	25173	25194
A25154G C25262-T	S:I1198V NA	21	41653	0.000504	25131	25325
A25134G	S:K1191R	21	51305	0.000409	25122	25325
A24885-T	NA	21	9528	0.002204	24871	24898
A24647G	S:M1029V	21	48224	0.000435	24612	24679
A24569G	S:S1003G	21	45867	0.000458	24473	24579
A24424T T24482C	S:Q954H S:S974P	21	34712	0.000605	24414	24495
A24424T T24469A T24552C	S:Q954H S:N969K S:I997T	21	33999	0.000618	24412	24564
A24424T T24464C T24469A	S:Q954H S:S968P S:N969K	21	34835	0.000603	24412	24564
A24424T T24437C T24469A	S:Q954H S:L959L S:N969K	21	34835	0.000603	24412	24564
A24424T C24435-T T24469A	S:Q954H NA S:N969K	21	34835	0.000603	24412	24564
A24424T A24432G	S:Q954H S:Q957R	21	35342	0.000594	24412	24435
A24423G A24424T	S:Q954R S:Q954R	21	35922	0.000585	24412	24564
A23770G C23854A	S:V736V S:N764K	21	31973	0.000657	23767	23881
A23688+G	NA	21	66711	0.000315	23683	23706
A23524G C23525T T23599G C23604A	S:E654E S:H655Y S:N679K S:P681H	21	29295	0.000717	23487	23624
A23403G T23434-C C23525T	S:D614G NA S:H655Y	21	6592	0.003186	23399	23539
T25414C C25416T	ORF3a:F8L ORF3a:F8L	20	11876	0.001684	25382	25476
T25178C	S:Y1206H	20	55026	0.000363	25170	25210
T24650C C24672-A	S:S1030P NA	20	47263	0.000423	24612	24679
T24643C	S:T1027T	20	48257	0.000414	24629	24679
T24501C	S:I980T	20	84417	0.000237	24488	24508
T24499+A	NA	20	84495	0.000237	24489	24507
T24469A T24656C	S:N969K S:C1032R	20	31968	0.000626	24465	24679
T24469A A24525G	S:N969K S:E988G	20	69066	0.00029	24465	24564
T23783C C23854A	S:Y741H S:N764K	20	32081	0.000623	23683	23895
T23721C C23854A	S:I720T S:N764K	20	30159	0.000663	23683	23895
T23697C C23854A	S:I712T S:N764K	20	29759	0.000672	23683	23891
T23599G C23604A T23689C	S:N679K S:P681H S:N709N	20	29449	0.000679	23580	23692
T23599G C23604A A23711-AT	S:N679K S:P681H NA	20	28811	0.000694	23580	23724
T23491C C23525T T23599G C23604A	S:F643F S:H655Y S:N679K S:P681H	20	28248	0.000708	23487	23629
G25302-T C25416T	NA ORF3a:F8F	20	3382	0.005914	25286	25477
G25183A	S:E1207E	20	55923	0.000358	25179	25187
G24971+T C25000T	NA S:D1146S	20	6858	0.002916	24850	25013
G24626A	S:A1022T	20	48464	0.000413	24612	24679
G22813T T22831+A T22882G	S:K417N NA S:N440Q	20	5596	0.003574	22793	22889
G22577C G22578A	S:G339H S:G339H	20	72	0.277778	22555	22580
C25292+G	NA	20	64901	0.000308	25281	25325
C25262-T C25321+T	NA NA	20	62822	0.000318	25122	25325
C25262-T A25420+T	NA NA	20	3120	0.00641	25251	25429
C25262-T A25295G	NA S:K1245E	20	63420	0.000315	25122	25325
C25254-A	NA	20	63343	0.000316	25251	25325
C25184T	S:Q1208*	20	56050	0.000357	25141	25198
C24878-A	NA	20	9576	0.002089	24853	24889
C24672-A G24693-A	NA NA	20	3062	0.006532	24612	24704
C24672-A A24803-T	NA NA	20	2514	0.007955	24612	24806
C24632-T	NA	20	48461	0.000413	24612	24679
C23854A T23866C	S:N764K S:T768T	20	33047	0.000605	23703	23895
C23854A C23887A A23888C	S:N764K S:D775E S:K776Q	20	31460	0.000636	23842	23894
C23525T T23599G C23604A C23625T	S:H655Y S:N679K S:P681H S:A688V	20	29209	0.000685	23516	23642
C23525T G23593A T23599G C23604A	S:H655Y S:Q677Q S:N679K S:P681H	20	29296	0.000683	23487	23637
C23525T A23526G T23599G C23604A	S:H655C S:H655C S:N679K S:P681H	20	29296	0.000683	23487	23642
C23520T C23525T T23599G C23604A	S:A653V S:H655Y S:N679K S:P681H	20	29281	0.000683	23489	23641
C23202T	S:T547I	20	6815	0.002935	23190	23243
C22120-A	NA	20	3358	0.005956	22111	22147
A25472+T	NA	20	11040	0.001812	25372	25485
A25325G	Unknown	20	64836	0.000308	25301	25325
A25256+T	NA	20	63430	0.000315	25251	25300
A25175G C25262-T	S:K1205E NA	20	43243	0.000463	25130	25325
A24652G	S:S1030S	20	48091	0.000416	24612	24676
A24613G	S:E1017E	20	48524	0.000412	24612	24679
A24479-T C24517-A	NA NA	20	81475	0.000245	24476	24529
A24424T T24469A T24482C	S:Q954H S:N969K S:S974P	20	34712	0.000576	24412	24518
A24424T T24469A C24536T	S:Q954H S:N969K S:Q992*	20	34277	0.000583	24412	24564
A24424T T24469A C24477+A	S:Q954H S:N969K NA	20	34743	0.000576	24412	24564
A24424T T24469A A24551G	S:Q954H S:N969K S:I997V	20	34031	0.000588	24412	24554
A24424T T24464-C T24470-TTG	S:Q954H NA S:DEL971	20	34770	0.000575	24412	24562
A24424T C24563+T	S:Q954H NA	20	33681	0.000594	24412	24564
A24424T A24539+T	S:Q954H NA	20	34241	0.000584	24412	24564
A24424T A24484G	S:Q954H S:S974S	20	34684	0.000577	24412	24538
A24424T A24468-T	S:Q954H NA	20	34842	0.000574	24413	24518
A24424T A24432G T24469A	S:Q954H S:Q957R S:N969K	20	34835	0.000574	24412	24478
A24420G A24424T	S:N953S S:Q954H	20	35910	0.000557	24412	24564
A23848+T C23887-A	NA NA	20	31384	0.000637	23767	23895
A23813G C23854A	S:N751D S:N764K	20	32600	0.000613	23683	23892
A23786-T A23853-C	NA NA	20	32160	0.000622	23683	23862
A23772G C23854A	S:D737G S:N764K	20	31987	0.000625	23756	23881
A23760G C23854A	S:K733R S:N764K	20	30582	0.000654	23683	23890
A23702G	S:I714V	20	66999	0.000299	23687	23724
A23515+G C23525T	NA S:H655S	20	37705	0.00053	23487	23532
A23403G C23525T A23534G	S:D614G S:H655Y S:N658D	20	6463	0.003095	23367	23539
A22041+G	NA	20	18392	0.001087	22032	22052
A21875-T A21979-T G21987A A21993-TTACC A21999C C22009-A	NA NA S:G142D NA S:H146P NA	20	9919	0.002016	21870	22039
T25248C C25262-T	S:M1229T NA	19	58709	0.000324	25130	25324
T25245C C25262-T	S:V1228A NA	19	58621	0.000324	25122	25325
T25205C C25262-T	S:Y1215H NA	19	48693	0.00039	25122	25325
T25187C C25262-T	S:Y1209H NA	19	45045	0.000422	25130	25286
T25187C	S:Y1209H	19	56240	0.000338	25160	25200
T25180-G	NA	19	55155	0.000344	25171	25210
T25140+A	NA	19	52370	0.000363	25122	25156
T24469A T24643-A	S:N969K NA	19	32153	0.000591	24465	24679
T24469A T24583C	S:N969K S:Y1007Y	19	32609	0.000583	24465	24679
T24469A C24517-A	S:N969K NA	19	69332	0.000274	24465	24534
T24469A A24518G	S:N969K S:K986E	19	69301	0.000274	24465	24564
T23871+G	NA	19	33373	0.000569	23864	23891
T23830C C23854A	S:Y756Y S:N764K	19	32940	0.000577	23817	23895
T23781C C23854A	S:M740T S:N764K	19	32065	0.000593	23751	23873
T23728C C23854A	S:V722V S:N764K	19	30249	0.000628	23684	23890
T23703C C23854A	S:I714T S:N764K	19	29999	0.000633	23683	23891
T23698C C23854A	S:I712I S:N764K	19	29776	0.000638	23683	23895
T23599G C23604A G23663A	S:N679K S:P681H S:A701T	19	29654	0.000641	23580	23724
T23599G C23604A C23706T	S:N679K S:P681H S:P715L	19	29000	0.000655	23580	23724
T21921C	S:V120A	19	20441	0.00093	21847	21970
G25204A	S:W1214*	19	58750	0.000323	25189	25210
G24570+T C24672-A	NA NA	19	43697	0.000435	24470	24679
G24510A	S:R983H	19	84139	0.000226	24483	24540
G23747T C23854A	S:V729L S:N764K	19	30480	0.000623	23740	23895
G22813T T22882G T22928C T22942G	S:K417N S:N440K S:F456L S:N460K	19	3582	0.005304	22793	22967
G22813T T22882G G22895C T22896C G22898A T22900-G T22942G	S:K417N S:N440K S:V445P S:V445P S:G446S NA S:N460K	19	3582	0.005304	22801	22957
G22104-A C22109G C22120-A T22200A G22317T	NA S:Q183E NA S:V213E S:G252V	19	2277	0.008344	22100	22319
G21987A T21990-TTA C22000A G22014-T	S:G142D S:DEL144 S:H146Q NA	19	13442	0.001413	21973	22051
C25466-T	NA	19	11139	0.001706	25372	25477
C25163+A C25262-T	NA NA	19	42089	0.000451	25123	25310
C25000T T25021-A C25100-A	S:D1146D NA NA	19	6684	0.002843	24990	25127
C25000T A25133G	S:D1146D S:K1191E	19	6393	0.002972	24992	25199
C23887-AAA	S:DEL776	19	32196	0.00059	23710	23895
C23887-AA	NA	19	32196	0.00059	23767	23894
C23854A T23861C	S:N764K S:L767L	19	33364	0.000569	23839	23894
C23854A A23889G	S:N764K S:K776R	19	30699	0.000619	23823	23894
C23700T C23854A	S:A713V S:N764K	19	29961	0.000634	23683	23895
C23525T T23599G C23604A G23616A	S:H655Y S:N679K S:P681H S:R685H	19	29267	0.000649	23487	23624
C23525T T23599G C23604A G23612A	S:H655Y S:N679K S:P681H S:A684T	19	29282	0.000649	23493	23637
C23525T G23587T T23599G C23604A	S:H655Y S:Q675H S:N679K S:P681H	19	29296	0.000649	23487	23642
C23525T G23574A T23599G C23604A	S:H655Y S:C671Y S:N679K S:P681H	19	29296	0.000649	23492	23642
C23525T C23575T T23599G C23604A	S:H655Y S:C671C S:N679K S:P681H	19	29296	0.000649	23505	23641
C23525T C23565T T23599G C23604A	S:H655Y S:A668V S:N679K S:P681H	19	29296	0.000649	23487	23639
C23496T C23525T T23599G C23604A	S:T645I S:H655Y S:N679K S:P681H	19	28608	0.000664	23487	23642
C23103-T T23143-A	NA NA	19	6717	0.002829	23089	23159
C22000A C22033A	S:H146Q S:F157L	19	15371	0.001236	21993	22058
C21978A G21987A	S:P139Q S:G142D	19	17448	0.001089	21958	22058
A25271-T	NA	19	64299	0.000295	25256	25306
A25241G C25262-T	S:I1227V NA	19	58485	0.000325	25127	25325
A25185G C25262-T	S:Q1208R NA	19	44793	0.000424	25130	25273
A25168G	S:E1202E	19	54289	0.00035	25144	25210
A25158G C25262-T	S:D1199G NA	19	41866	0.000454	25122	25325
A25146G C25262-T	S:E1195G NA	19	41155	0.000462	25130	25304
A25056-T	NA	19	14210	0.001337	25027	25065
A24602G	S:R1014G	19	45191	0.00042	24493	24653
A24580G	S:T1006T	19	45610	0.000417	24527	24679
A24556+G	NA	19	81788	0.000232	24486	24564
A24537G	S:Q992R	19	82808	0.000229	24481	24551
A24500G	S:I980V	19	84480	0.000225	24473	24506
A24498+T	NA	19	84508	0.000225	24489	24509
A24479-T G24488-T C24503-T	NA NA NA	19	82256	0.000231	24476	24513
A24424T T24534C	S:Q954H S:V991A	19	34300	0.000554	24412	24558
A24424T T24492+A	S:Q954H NA	19	34657	0.000548	24412	24564
A24424T T24489C	S:Q954H S:V976A	19	34665	0.000548	24412	24542
A24424T T24475C	S:Q954H S:G971G	19	34756	0.000547	24412	24519
A24424T C24435+T	S:Q954H NA	19	35294	0.000538	24412	24467
A24424T A24479+T	S:Q954H NA	19	34723	0.000547	24412	24554
A24424T A24443G T24469A	S:Q954H S:T961A S:N969K	19	34835	0.000545	24416	24535
A24424T A24441G	S:Q954H S:N960S	19	35228	0.000539	24413	24450
A24424T A24440G	S:Q954H S:N960D	19	35235	0.000539	24412	24564
A24110-T	NA	19	395	0.048101	24103	24121
A23827G C23854A	S:Q755Q S:N764K	19	32882	0.000578	23779	23895
A23810G C23854A	S:S750G S:N764K	19	32566	0.000583	23683	23895
A23764G C23854A	S:T734T S:N764K	19	30610	0.000621	23744	23888
A23723G C23854A	S:S721G S:N764K	19	30175	0.00063	23700	23891
A23708G C23854A	S:T716A S:N764K	19	30056	0.000632	23683	23881
A23704G C23854A	S:I714M S:N764K	19	30006	0.000633	23693	23891
A23704G	S:I714M	19	66991	0.000284	23684	23724
A23704-C	NA	19	66991	0.000284	23688	23724
A23704+C C23887-A	NA NA	19	27836	0.000683	23683	23895
A23598+G C23604A	NA S:P681Y	19	60262	0.000315	23588	23616
A23597G T23599G C23604A	S:N679E S:N679E S:P681H	19	60261	0.000315	23581	23724
A23432+C	NA	19	11992	0.001584	23345	23439
A21894-T	NA	19	20277	0.000937	21847	21906
A21849T G21987A	S:E96V S:G142D	19	13578	0.001399	21847	21993
T25312A	S:C1250*	18	65541	0.000275	25283	25325
T25224-A	NA	18	57648	0.000312	25217	25324
T25215C C25262-T	S:L1218P NA	18	54003	0.000333	25122	25325
T24469A T24499C	S:N969K S:D979D	18	69885	0.000258	24465	24564
T24469A T24482C	S:N969K S:S974P	18	70213	0.000256	24465	24535
T23866-G	NA	18	33527	0.000537	23859	23882
T23752C C23854A	S:S730S S:N764K	18	30519	0.00059	23723	23891
T23727C C23854A	S:V722A S:N764K	18	30235	0.000595	23698	23891
T23684C	S:S708P	18	66430	0.000271	23683	23710
T23599G C23604A T23645C	S:N679K S:P681H S:Y695H	18	29793	0.000604	23580	23700
T23599G C23604A T23641C	S:N679K S:P681H S:I693I	18	58943	0.000305	23581	23642
T23599G C23604A T23640C	S:N679K S:P681H S:I693T	18	59005	0.000305	23588	23642
T23599G C23604A G23607A	S:N679K S:P681H S:R682Q	18	60235	0.000299	23580	23642
T23599G C23604A C23643T	S:N679K S:P681H S:A694V	18	58381	0.000308	23580	23678
T23599G C23604A A23720G	S:N679K S:P681H S:I720V	18	28619	0.000629	23580	23724
T23599G C23604A A23687G	S:N679K S:P681H S:N709D	18	29458	0.000611	23580	23724
G25447+A	NA	18	11371	0.001583	25381	25471
G25229A	S:G1223S	18	58144	0.00031	25214	25324
G25173+A C25262-T	NA NA	18	42973	0.000419	25122	25325
G25130+T	NA	18	49381	0.000365	25123	25156
G24527A	S:A989T	18	83445	0.000216	24514	24552
G23768-T C23854A C23887-A	NA S:N764K NA	18	29735	0.000605	23767	23894
G23699A	S:A713T	18	67076	0.000268	23683	23724
G23517A C23525T T23599G C23604A	S:G652E S:H655Y S:N679K S:P681H	18	29263	0.000615	23509	23642
C25324T	S:C1254C	18	65030	0.000277	25267	25325
C25200T	S:P1213L	18	58266	0.000309	25188	25210
C25149+G	NA	18	53574	0.000336	25141	25186
C25000T C25100-A C25120+A	S:D1146D NA NA	18	6498	0.00277	24990	25136
C25000T A25026-T C25100-A	S:D1146D NA NA	18	6684	0.002693	24990	25118
C24981-T C25000T A25026-T	NA S:D1146D NA	18	6623	0.002718	24850	25052
C24878-A C24981-T C25000T	NA NA S:D1146D	18	6576	0.002737	24850	25011
C24512+T C24672-A	NA NA	18	43336	0.000415	24476	24679
C23882-A	NA	18	32772	0.000549	23863	23890
C23854A A23863G	S:N764K S:L767L	18	33276	0.000541	23683	23880
C23799-A C23854A	NA S:N764K	18	32399	0.000556	23764	23895
C23731T C23854A	S:T723T S:N764K	18	30298	0.000594	23683	23892
C23630-A	NA	18	61033	0.000295	23618	23639
C23525T T23599G C23604A G23619A	S:H655Y S:N679K S:P681H S:S686N	18	29252	0.000615	23487	23624
C23525T T23599G C23604A G23611A	S:H655Y S:N679K S:P681H S:R683R	18	29282	0.000615	23502	23637
C23525T T23599G C23604A G23608A	S:H655Y S:N679K S:P681H S:R682R	18	29285	0.000615	23487	23624
C23525T T23559C T23599G C23604A	S:H655Y S:I666T S:N679K S:P681H	18	29296	0.000614	23487	23641
C23525T G23562A T23599G C23604A	S:H655Y S:G667D S:N679K S:P681H	18	29296	0.000614	23507	23620
C23099-T C23103-T	NA NA	18	6807	0.002644	23093	23129
C22120-A T22200A	NA S:V213E	18	3074	0.005856	22112	22207
C22109G C22120-A T22200A A22245-T G22317T	S:Q183E NA S:V213E NA S:G252V	18	2310	0.007792	22100	22319
C22109G A22190-T T22200A G22317T	S:Q183E NA S:V213E S:G252V	18	2310	0.007792	22100	22319
C22000A A22003T	S:H146Q S:K147N	18	15691	0.001147	21995	22058
A25235G C25262-T	S:I1225V NA	18	58295	0.000309	25122	25323
A25194G	S:K1211R	18	57217	0.000315	25169	25210
A24673C	S:S1037S	18	47227	0.000381	24644	24679
A24538G	S:Q992Q	18	82801	0.000217	24484	24564
A24485G	S:S975G	18	84031	0.000214	24474	24505
A24478G	S:A972A	18	82782	0.000217	24470	24533
A24468-T C24672-A	NA NA	18	31547	0.000571	24465	24679
A24424T T24548C	S:Q954H S:L996L	18	34078	0.000528	24412	24564
A24424T T24469A T24548C	S:Q954H S:N969K S:L996L	18	34078	0.000528	24412	24564
A24424T T24469A T24534C	S:Q954H S:N969K S:V991A	18	34300	0.000525	24412	24564
A24424T T24459C T24469A	S:Q954H S:L966P S:N969K	18	34835	0.000517	24412	24482
A24424T G24527A	S:Q954H S:A989T	18	34364	0.000524	24412	24564
A24424T G24488+T	S:Q954H NA	18	34670	0.000519	24412	24515
A24424T A24562G	S:Q954H S:R1000R	18	33716	0.000534	24412	24564
A24424T A24452G	S:Q954H S:K964E	18	35085	0.000513	24412	24564
A23786G C23854A	S:I742V S:N764K	18	32110	0.000561	23774	23895
A23786-T G23835-T C23854A	NA NA S:N764K	18	32110	0.000561	23692	23895
A23786-T C23816-T	NA NA	18	34122	0.000528	23705	23831
A23691T C23854A	S:N710I S:N764K	18	29687	0.000606	23683	23895
A21979-T G21987A T21990-TTA A21999-CAA C22009-A	NA S:G142D S:DEL144 S:DEL147 NA	18	13492	0.001334	21847	22040
A21949G	S:K129K	18	20821	0.000865	21847	21954
T25170C C25262-T	S:L1203P NA	17	42500	0.0004	25122	25325
T25128C	S:V1189A	17	48845	0.000348	25122	25176
T25123-G C25262-T	NA NA	17	38129	0.000446	25122	25324
T24664C	S:L1034L	17	47654	0.000357	24517	24679
T24492-A A24498G	NA S:D979G	17	84274	0.000202	24478	24564
T24471-TG T24492-A	NA NA	17	78666	0.000216	24465	24564
T24469A T24631C	S:N969K S:N1023N	17	32314	0.000526	24465	24679
T24469A T24492-A C24672-A	S:N969K NA NA	17	31548	0.000539	24465	24679
T24469A A24667G	S:N969K S:G1035G	17	31697	0.000536	24465	24679
T24469A A24604G	S:N969K S:R1014R	17	32463	0.000524	24465	24679
T24469A A24580G	S:N969K S:T1006T	17	32762	0.000519	24465	24679
T24469A A24554G	S:N969K S:T998A	17	67918	0.00025	24465	24564
T24469A A24532G	S:N969K S:E990E	17	68802	0.000247	24465	24564
T24469A A24531G	S:N969K S:E990G	17	68837	0.000247	24465	24564
T23862-A	NA	17	33660	0.000505	23855	23872
T23815C C23854A	S:N751N S:N764K	17	32627	0.000521	23794	23891
T23693+A	NA	17	66906	0.000254	23686	23724
T23599G C23604A G23678A	S:N679K S:P681H S:A706T	17	29534	0.000576	23580	23724
T23599G C23604A G23628A	S:N679K S:P681H S:S689N	17	59739	0.000285	23580	23642
T23599G C23604A C23630T	S:N679K S:P681H S:Q690*	17	59717	0.000285	23580	23642
T23596C T23599G C23604A	S:T678T S:N679K S:P681H	17	60254	0.000282	23588	23642
T22882G T22896C G22898A T22942G	S:N440K S:V445A S:G446S S:N460K	17	3876	0.004386	22860	22967
T21976C	S:D138D	17	22340	0.000761	21847	21982
T21976-C G21987A T21990-TTA	NA S:G142D S:DEL144	17	17191	0.000989	21966	22043
T21856+A G21987A	NA S:G142E	17	13648	0.001246	21847	21992
G25290A	S:C1243Y	17	64837	0.000262	25249	25324
G25287A	S:S1242N	17	64753	0.000263	25245	25325
G25186-T	NA	17	56190	0.000303	25178	25199
G25127A	S:V1189I	17	48655	0.000349	25122	25147
G24992-A C25000T	NA S:D1146D	17	14383	0.001182	24990	25035
G24868-T	NA	17	9582	0.001774	24852	24878
G24608A	S:A1016T	17	45157	0.000376	24486	24679
G24570T	S:S1003I	17	45853	0.000371	24481	24661
G23832A C23854A	S:G757D S:N764K	17	32980	0.000515	23786	23895
G22813T T22882G T22896C G22898A	S:K417N S:N440K S:V445A S:G446S	17	4299	0.003954	22800	22909
G22813T T22882G G22895C T22896C G22898A T22928C T22942G C22950-T	S:K417N S:N440K S:V445P S:V445P S:G446S S:F456L S:N460K NA	17	3521	0.004828	22793	22966
G22813T T22882G G22895C T22896C G22898A A22914-C T22942G	S:K417N S:N440K S:V445P S:V445P S:G446S NA S:N460K	17	3582	0.004746	22793	22966
G22813T T22882G G22895C G22898A T22942G	S:K417N S:N440K S:V445L S:G446S S:N460K	17	3582	0.004746	22793	22967
G22104-A C22109G C22120-A	NA S:Q183E NA	17	3172	0.005359	22100	22144
G21987A T21990-TTA A21999-C G22014-T	S:G142D S:DEL144 NA NA	17	13442	0.001265	21956	22043
G21969-T T21990-TTA C22000A	NA S:DEL144 S:H146Q	17	13229	0.001285	21962	22058
G21898-A G21987A T21990-TTA C22000A	NA S:G142D S:DEL144 S:H146Q	17	10305	0.00165	21847	22058
C25416T T25468C	ORF3a:F8F ORF3a:S26P	17	11104	0.001531	25381	25477
C25262-T T25322C	NA S:C1254R	17	62646	0.000271	25130	25325
C25262-T T25301C	NA S:C1247R	17	63351	0.000268	25122	25325
C25163+A	NA	17	54130	0.000314	25141	25176
C25000T T25150C	S:D1146D S:S1196S	17	6243	0.002723	24990	25181
C25000T A25113-C	S:D1146D NA	17	6558	0.002592	24990	25210
C24609T	S:A1016V	17	45157	0.000376	24533	24646
C24575T	S:Q1005*	17	45731	0.000372	24493	24675
C24477+A	NA	17	82737	0.000205	24470	24495
C23859+T C23887-A	NA NA	17	31756	0.000535	23683	23895
C23854A T23878C	S:N764K S:V772V	17	32221	0.000528	23810	23895
C23854A G23856C	S:N764K S:R765P	17	33477	0.000508	23846	23895
C23694+G	NA	17	66966	0.000254	23684	23724
C23525T T23599G C23604A A23639G	S:H655Y S:N679K S:P681H S:I693V	17	28405	0.000598	23501	23642
C23525T A23566T T23599G C23604A	S:H655Y S:A668A S:N679K S:P681H	17	29296	0.00058	23492	23638
C23498T C23525T T23599G C23604A	S:R646C S:H655Y S:N679K S:P681H	17	28638	0.000594	23487	23642
C23492-A C23525T T23599G C23604A	NA S:H655Y S:N679K S:P681H	17	28264	0.000601	23488	23640
C23099-T T23143-A	NA NA	17	6696	0.002539	23089	23159
C22109G T22200A A22245-T G22317T	S:Q183E S:V213E NA S:G252V	17	2310	0.007359	22100	22319
C22109G C22120-A A22190-T T22200A G22317T	S:Q183E NA NA S:V213E S:G252V	17	2310	0.007359	22100	22319
C22033A	S:F157L	17	18363	0.000926	22015	22058
C22000A G22022-A	S:H146Q NA	17	15483	0.001098	21995	22058
A24922-T C25000T	NA S:D1146D	17	6690	0.002541	24900	25013
A24670G	S:Q1036Q	17	47454	0.000358	24612	24679
A24629G	S:N1023D	17	48478	0.000351	24612	24638
A24543G	S:D994G	17	82634	0.000206	24477	24563
A24516+C	NA	17	83883	0.000203	24470	24525
A24424T T24513C	S:Q954H S:L984P	17	34498	0.000493	24412	24563
A24424T T24469A T24501C	S:Q954H S:N969K S:I980T	17	34590	0.000491	24412	24564
A24424T T24469A T24471-TG	S:Q954H S:N969K NA	17	34769	0.000489	24412	24564
A24424T T24469A A24545G	S:Q954H S:N969K S:R995G	17	34143	0.000498	24412	24564
A24424T T24469A A24543G	S:Q954H S:N969K S:D994G	17	34188	0.000497	24412	24564
A24424T T24469A A24532G	S:Q954H S:N969K S:E990E	17	34332	0.000495	24412	24564
A24424T T24447C T24469A	S:Q954H S:L962P S:N969K	17	34835	0.000488	24412	24543
A24424T C24517+A	S:Q954H NA	17	34464	0.000493	24412	24556
A24424T A24508G	S:Q954H S:S982S	17	34521	0.000492	24412	24561
A24424T A24500G	S:Q954H S:I980V	17	34596	0.000491	24418	24564
A24424T A24453G T24469A	S:Q954H S:K964R S:N969K	17	34835	0.000488	24412	24564
A24424T A24441G T24469A	S:Q954H S:N960S S:N969K	17	34835	0.000488	24412	24564
A24323-AAT	S:DEL922	17	3743	0.004542	24229	24337
A23796G C23854A	S:D745G S:N764K	17	32327	0.000526	23683	23895
A23786-T C23816-T C23854A	NA NA S:N764K	17	32110	0.000529	23684	23895
A23403G T23428C C23525T	S:D614G S:V622V S:H655Y	17	6592	0.002579	23335	23532
A21993-TTACC A21999C	NA S:H146P	17	13509	0.001258	21938	22017
T25382+A C25416T	NA ORF3a:F8L	16	11765	0.00136	25372	25483
T25180C C25262-T	S:Y1206Y NA	16	43669	0.000366	25122	25323
T24658C C24672-A	S:C1032C NA	16	47281	0.000338	24612	24679
T24648C	S:M1029T	16	48189	0.000332	24612	24679
T24623C	S:S1021P	16	48479	0.00033	24473	24679
T24583C C24672-A	S:Y1007Y NA	16	43745	0.000366	24470	24679
T24544C	S:D994D	16	82573	0.000194	24474	24564
T24490C	S:V976V	16	84621	0.000189	24476	24508
T24469A T24607C	S:N969K S:A1015A	16	32453	0.000493	24465	24679
T24469A T24552C	S:N969K S:I997T	16	68042	0.000235	24465	24562
T24469A T24523C	S:N969K S:V987V	16	69117	0.000231	24465	24527
T24469A T24504C	S:N969K S:L981P	16	69733	0.000229	24465	24564
T24469A T24492+A C24672-A	S:N969K NA NA	16	31548	0.000507	24465	24679
T24469A G24666-A	S:N969K NA	16	31709	0.000505	24465	24679
T24469A G24527+C	S:N969K NA	16	69022	0.000232	24465	24622
T24469A C24536+A	S:N969K NA	16	68659	0.000233	24465	24564
T24469A A24679G	S:N969K S:R1039R	16	31036	0.000516	24465	24679
T24469A A24673G	S:N969K S:S1037S	16	31461	0.000509	24465	24679
T24469A A24582G	S:N969K S:Y1007C	16	32638	0.00049	24465	24679
T24469A A24578G	S:N969K S:T1006A	16	32790	0.000488	24465	24679
T24267-G A24318-C	NA NA	16	3715	0.004307	24229	24357
T23773C C23854A	S:D737D S:N764K	16	31997	0.0005	23698	23895
T23754C C23854A	S:M731T S:N764K	16	30532	0.000524	23683	23895
T23693C	S:S711P	16	66906	0.000239	23683	23714
T23693A C23854A	S:S711T S:N764K	16	29699	0.000539	23683	23891
T23599G C23634T	S:N679K S:S691F	16	59557	0.000269	23580	23642
T23599G C23604A G23675+T	S:N679K S:P681H NA	16	29557	0.000541	23580	23708
T23599G C23604A G23642A	S:N679K S:P681H S:A694T	16	58751	0.000272	23580	23724
T23599G C23604A A23710G	S:N679K S:P681H S:T716T	16	28819	0.000555	23580	23724
T23487G C23525T T23599G C23604A	Unknown S:H655Y S:N679K S:P681H	16	16968	0.000943	23486	23642
T23482-A C23525T	NA S:H655Y	16	7275	0.002199	23453	23538
T21959C	S:F133L	16	21709	0.000737	21847	21977
G25302A	S:C1247Y	16	65291	0.000245	25290	25325
G25299-C G25302-T	NA NA	16	65136	0.000246	25255	25324
G25238A C25262-T	S:A1226T NA	16	58393	0.000274	25122	25323
G25197A	S:W1212*	16	57482	0.000278	25177	25208
G25157A C25262-T	S:D1199N NA	16	41760	0.000383	25122	25325
G24776-A	NA	16	5379	0.002975	24739	24789
G24649-T	NA	16	48151	0.000332	24631	24661
G24570-T C24672-A	NA NA	16	43697	0.000366	24470	24679
G24416A A24424T	S:V952I S:Q954H	16	35773	0.000447	24412	24563
G23876+A C23887-A	NA NA	16	32159	0.000498	23683	23895
G23761-A	NA	16	34180	0.000468	23689	23778
G23663+T	NA	16	31686	0.000505	23655	23720
G23522C C23525T T23599G C23604A	S:E654Q S:H655Y S:N679K S:P681H	16	29294	0.000546	23487	23640
G23518A C23525T T23599G C23604A	S:G652G S:H655Y S:N679K S:P681H	16	29271	0.000547	23492	23634
G23501A C23525T T23599G C23604A	S:A647T S:H655Y S:N679K S:P681H	16	28783	0.000556	23487	23621
G23401T A23403G C23525T	S:Q613H S:D614G S:H655Y	16	6592	0.002427	23335	23539
G22813T T22882G T22896C G22898A T22928C	S:K417N S:N440K S:V445A S:G446S S:F456L	16	3697	0.004328	22793	22930
G21987A T21990-TTA C22000A C22033A	S:G142D S:DEL144 S:H146Q S:F157L	16	13187	0.001213	21973	22058
C25433-T	NA	16	11580	0.001382	25381	25441
C25416T C25466-T	ORF3a:F8F NA	16	11139	0.001436	25382	25477
C25318+A	NA	16	65344	0.000245	25267	25325
C25231T C25262-T	S:G1223G NA	16	58076	0.000276	25122	25325
C25227T	S:A1222V	16	58009	0.000276	25130	25317
C25000T G25145A	S:D1146D S:E1195K	16	6282	0.002547	24998	25169
C25000T G25130A	S:D1146D S:A1190T	16	6422	0.002491	24990	25210
C24899-A C25000T	NA S:D1146D	16	6639	0.00241	24853	25015
C24636T	S:A1025V	16	48406	0.000331	24612	24646
C24590+A C24672-A	NA NA	16	43765	0.000366	24490	24679
C24536T	S:Q992*	16	82905	0.000193	24493	24564
C24528T	S:A989V	16	83430	0.000192	24480	24554
C24150-T	NA	16	3794	0.004217	24148	24164
C23854A T23857C	S:N764K S:R765R	16	33477	0.000478	23844	23895
C23825T C23854A T23860G	S:Q755* S:N764K S:A766A	16	32445	0.000493	23781	23873
C23825T C23854A	S:Q755* S:N764K	16	32825	0.000487	23683	23895
C23816+T C23887-A	NA NA	16	30390	0.000526	23683	23895
C23744T C23854A	S:P728S S:N764K	16	30441	0.000526	23683	23892
C23525T T23542-G T23599G C23604A	S:H655Y NA S:N679K S:P681H	16	29296	0.000546	23487	23637
C23525T C23551T T23599G C23604A	S:H655Y S:D663D S:N679K S:P681H	16	29296	0.000546	23487	23641
C23525T C23533-A	S:H655Y NA	16	37675	0.000425	23487	23539
C23230+A	NA	16	6638	0.00241	23089	23290
C22109G G22317T	S:Q183E S:G252V	16	2310	0.006926	22100	22319
C22033+G	NA	16	18363	0.000871	22025	22058
A25194-AT G25197T G25218-T C25262-T	NA S:W1212L NA NA	16	46305	0.000346	25122	25322
A25174G C25262-T	S:G1204G NA	16	43068	0.000372	25130	25324
A24922+T	NA	16	9479	0.001688	24869	24943
A24885-T C25000T	NA S:D1146D	16	6580	0.002432	24867	25065
A24885-T C24981-T C25000T	NA NA S:D1146D	16	6580	0.002432	24850	25017
A24595+T	NA	16	45231	0.000354	24473	24679
A24556T	S:T998T	16	81788	0.000196	24508	24564
A24525G C24672-A	S:E988G NA	16	43461	0.000368	24476	24679
A24519G	S:K986R	16	83780	0.000191	24489	24534
A24424T T24501C	S:Q954H S:I980T	16	34590	0.000463	24412	24563
A24424T T24469A T24513C	S:Q954H S:N969K S:L984P	16	34498	0.000464	24412	24517
A24424T T24469A T24499C	S:Q954H S:N969K S:D979D	16	34602	0.000462	24412	24527
A24424T T24469A T24496C	S:Q954H S:N969K S:N978N	16	34623	0.000462	24412	24564
A24424T T24469A T24487C	S:Q954H S:N969K S:S975S	16	34671	0.000461	24412	24564
A24424T T24469A G24521+T	S:Q954H S:N969K NA	16	34404	0.000465	24412	24554
A24424T T24469A A24531G	S:Q954H S:N969K S:E990G	16	34342	0.000466	24412	24564
A24424T T24469A A24518G	S:Q954H S:N969K S:K986E	16	34457	0.000464	24412	24564
A24424T G24428A	S:Q954H S:A956T	16	35356	0.000453	24412	24564
A24424T C24512+T	S:Q954H NA	16	34504	0.000464	24412	24532
A24424T C24465T T24469A	S:Q954H S:S968F S:N969K	16	34835	0.000459	24412	24564
A24424T A24539-T	S:Q954H NA	16	34241	0.000467	24412	24564
A23848+T	NA	16	33954	0.000471	23767	23861
A23829G C23854A	S:Y756C S:N764K	16	32920	0.000486	23737	23895
A23738+T	NA	16	34487	0.000464	23705	23747
A23712+T G23835-T	NA NA	16	31100	0.000514	23683	23848
A22041-T	NA	16	18392	0.00087	22030	22052
A21979-TTTTTGGGTGTTTATTACCACA	NA	16	22184	0.000721	21925	22058
A21875-T G21987A T21990-TTA A21999-C	NA S:G142D S:DEL144 NA	16	9920	0.001613	21854	22019
T25319A	S:C1253S	15	65303	0.00023	25251	25325
T25257C C25262-T	S:I1232T NA	15	63449	0.000236	25251	25325
T25222C	S:F1220F	15	57353	0.000262	25214	25325
T25220C	S:F1220L	15	57049	0.000263	25172	25323
T25202C C25262-T	S:W1214R NA	15	48114	0.000312	25130	25316
T25189C C25262-T	S:Y1209Y NA	15	45170	0.000332	25126	25325
T24601-A	NA	15	45200	0.000332	24498	24614
T24597+A	NA	15	45219	0.000332	24470	24642
T24596C	S:L1012L	15	45222	0.000332	24483	24628
T24572C	S:L1004L	15	45784	0.000328	24510	24654
T24505C C24672-A	S:L981L NA	15	43269	0.000347	24473	24679
T24469A T24534C	S:N969K S:V991A	15	68730	0.000218	24465	24564
T24469A G24488+T	S:N969K NA	15	70157	0.000214	24465	24544
T24469A A24675G	S:N969K S:K1038R	15	31407	0.000478	24465	24679
T24469A A24610G	S:N969K S:A1016A	15	32439	0.000462	24465	24679
T24464-C T24470-TTG	NA S:DEL971	15	35615	0.000421	24445	24564
T24414C A24424T T24469A	S:V951A S:Q954H S:N969K	15	34576	0.000434	24412	24520
T24414C A24424T	S:V951A S:Q954H	15	35662	0.000421	24412	24447
T23769C C23854A	S:V736A S:N764K	15	31972	0.000469	23696	23886
T23725C C23854A	S:S721S S:N764K	15	30200	0.000497	23683	23895
T23698C	S:I712I	15	67066	0.000224	23683	23711
T23599G C23604A T23703C	S:N679K S:P681H S:I714T	15	29041	0.000517	23580	23717
T23599G C23604A A23717G	S:N679K S:P681H S:T719A	15	28758	0.000522	23581	23724
T23599G C23604A A23682G	S:N679K S:P681H S:Y707C	15	29489	0.000509	23580	23724
T23599G C23604A A23665T	S:N679K S:P681H S:A701A	15	29643	0.000506	23580	23724
T23143-A A23157-T T23164-A	NA NA NA	15	6770	0.002216	23089	23187
G25527+C	NA	15	5335	0.002812	25372	25548
G25287-T T25289C	NA S:C1243R	15	64729	0.000232	25209	25325
G25278A	S:S1239N	15	64533	0.000232	25219	25325
G25238-C	NA	15	58545	0.000256	25227	25325
G25186T	S:Q1208H	15	56190	0.000267	25122	25320
G25183-C C25262-T	NA NA	15	44562	0.000337	25122	25325
G25173A	S:G1204E	15	54683	0.000274	25171	25178
G25157A	S:D1199N	15	53954	0.000278	25146	25168
G24611+A T24643+A	NA NA	15	44737	0.000335	24470	24679
G23824A C23854A	S:L754L S:N764K	15	32800	0.000457	23796	23895
G23311T A23403G	S:E583D S:D614G	15	4679	0.003206	23285	23441
G23222A	S:E554K	15	6781	0.002212	23103	23290
G22813T T22882G G22898A T22928C T22942G	S:K417N S:N440K S:G446S S:F456L S:N460K	15	3582	0.004188	22808	22966
G22813T T22882G G22898A	S:K417N S:N440K S:G446S	15	4299	0.003489	22793	22906
G22051-A	NA	15	18230	0.000823	22030	22058
G21987A T21990-TTA A21999-C G22022-A	S:G142D S:DEL144 NA NA	15	13298	0.001128	21949	22058
C25416T A25562+T	ORF3a:F8F NA	15	4941	0.003036	25372	25566
C25416T A25531-T	ORF3a:F8F NA	15	5209	0.00288	25377	25552
C25416T A25442G	ORF3a:F8F ORF3a:Q17R	15	11450	0.00131	25381	25477
C25318-T	NA	15	65344	0.00023	25287	25325
C25254T	S:T1231I	15	63343	0.000237	25239	25324
C25214-TAG C25262-T	S:DEL1219 NA	15	52673	0.000285	25122	25325
C25000T T25001C	S:D1146D S:S1147P	15	14507	0.001034	24990	25025
C24566-A	NA	15	45988	0.000326	24529	24587
C24477T	S:A972V	15	82737	0.000181	24473	24521
C24431+A	NA	15	35866	0.000418	24412	24453
C23854A C23859+G	S:N764K NA	15	33443	0.000449	23844	23895
C23816-T G23835-T C23887-A	NA NA NA	15	30390	0.000494	23783	23895
C23701-A	NA	15	67197	0.000223	23683	23718
C23604A C23709-A	S:P681H NA	15	28899	0.000519	23580	23724
C23525T T23599G C23604A C23630T	S:H655Y S:N679K S:P681H S:Q690*	15	28941	0.000518	23487	23642
C23525T T23596+A T23599G C23604A	S:H655Y NA S:N679* S:P681Y	15	29296	0.000512	23505	23632
C23492+A C23525T T23599G C23604A	NA S:H655S S:N679* S:P681Y	15	28264	0.000531	23486	23605
C23393-T A23403G	NA S:D614G	15	11923	0.001258	23385	23423
C22109G C22120-A T22200A G22218-T	S:Q183E NA S:V213E NA	15	2887	0.005196	22105	22234
A25503+C	NA	15	6117	0.002452	25372	25512
A25420+T	NA	15	11815	0.00127	25381	25429
A25286G	S:S1242G	15	64731	0.000232	25267	25324
A25246G C25262-T	S:V1228V NA	15	58657	0.000256	25130	25295
A25182T C25262-T	S:E1207V NA	15	44461	0.000337	25122	25285
A25136G	S:N1192D	15	51639	0.00029	25130	25152
A24652G C24672-A	S:S1030S NA	15	47265	0.000317	24612	24679
A24645G	S:K1028R	15	48244	0.000311	24612	24662
A24614G	S:I1018V	15	48521	0.000309	24612	24654
A24604G C24672-A	S:R1014R NA	15	43798	0.000342	24470	24679
A24484G	S:S974S	15	83952	0.000179	24476	24544
A24479+T C24672-A	NA NA	15	41724	0.00036	24470	24679
A24424T T24469A T24480C	S:Q954H S:N969K S:I973T	15	34720	0.000432	24412	24564
A24424T T24469A G24474A	S:Q954H S:N969K S:G971D	15	34761	0.000432	24412	24564
A24424T T24469A C24563+T	S:Q954H S:N969K NA	15	33681	0.000445	24412	24564
A24424T T24469A A24520G	S:Q954H S:N969K S:K986K	15	34436	0.000436	24412	24564
A24424T T24469A A24484G	S:Q954H S:N969K S:S974S	15	34684	0.000432	24412	24564
A24424T G24428A T24469A	S:Q954H S:A956T S:N969K	15	34835	0.000431	24413	24564
A24424T C24458+T	S:Q954H NA	15	34989	0.000429	24412	24564
A24424T A24556+G	S:Q954H NA	15	33803	0.000444	24412	24564
A24424T A24453G	S:Q954H S:K964R	15	35067	0.000428	24412	24482
A23843G C23854A	S:T761A S:N764K	15	33425	0.000449	23780	23887
A23746G C23854A	S:P728P S:N764K	15	30472	0.000492	23683	23895
A23708G	S:T716A	15	66850	0.000224	23683	23716
A23403G A23442G C23525T	S:D614G S:D627G S:H655Y	15	6592	0.002275	23335	23539
A23169G	S:N536S	15	6847	0.002191	23145	23274
A22023G	S:E154G	15	17983	0.000834	22017	22045
A21964+T G21987A	NA S:G142E	15	16842	0.000891	21881	21992
A21964+T	NA	15	21933	0.000684	21867	21983
A21875-T A21964-T	NA NA	15	18938	0.000792	21867	21982
A21849T	S:E96V	15	19817	0.000757	21847	21866
T25265G G25266T	S:C1235V S:C1235V	14	63926	0.000219	25251	25325
T25258C C25262-T	S:I1232I NA	14	63501	0.00022	25251	25325
T25139C C25262-T	S:L1193L NA	14	40625	0.000345	25130	25325
T24765+A	NA	14	5319	0.002632	24756	24806
T24671C C24672-A	S:S1037P NA	14	47335	0.000296	24489	24679
T24671C	S:S1037P	14	47393	0.000295	24645	24675
T24664A	S:L1034L	14	47654	0.000294	24624	24676
T24615C	S:I1018T	14	48514	0.000289	24612	24679
T24600C	S:I1013T	14	45212	0.00031	24537	24672
T24506+C	NA	14	84332	0.000166	24497	24518
T24496C	S:N978N	14	84586	0.000166	24473	24515
T24469A T24622C	S:N969K S:A1020A	14	32367	0.000433	24465	24661
T24469A T24513C	S:N969K S:L984P	14	69471	0.000202	24465	24564
T24469A T24501C	S:N969K S:I980T	14	69803	0.000201	24465	24546
T24469A G24611+A C24672-A	S:N969K NA NA	14	31548	0.000444	24465	24679
T24469A C24483+A	S:N969K NA	14	70204	0.000199	24465	24505
T24469A A24654G	S:N969K S:E1031G	14	32004	0.000437	24465	24679
T24469A A24617G	S:N969K S:R1019G	14	32399	0.000432	24465	24679
T24469A A24591G	S:N969K S:Q1010R	14	32530	0.00043	24465	24679
T23842C	S:C760C	14	33912	0.000413	23822	23845
T23830-G C23854A	NA S:N764K	14	32940	0.000425	23793	23895
T23803C C23854A	S:T747T S:N764K	14	32478	0.000431	23752	23890
T23789C C23854A	S:C743R S:N764K	14	32165	0.000435	23767	23881
T23728C	S:V722V	14	34614	0.000404	23683	23739
T23599G T23602-C T23605A	S:N679K NA S:P681P	14	60238	0.000232	23580	23642
T23599G C23604A T23671C	S:N679K S:P681H S:N703N	14	29597	0.000473	23580	23684
T23599G C23604A T23605C	S:N679K S:P681H S:P681H	14	60238	0.000232	23580	23622
T23599G C23604A G23666-A A23712-T	S:N679K S:P681H NA NA	14	28799	0.000486	23580	23724
T23599G C23604A G23621A	S:N679K S:P681H S:V687I	14	60134	0.000233	23580	23724
T23599G C23604A C23707T	S:N679K S:P681H S:P715P	14	28916	0.000484	23580	23724
T23599G C23604A C23705T	S:N679K S:P681H S:P715S	14	29017	0.000482	23580	23724
T23599G C23604A C23644T	S:N679K S:P681H S:A694A	14	29794	0.00047	23580	23724
T23100C	S:L513P	14	6815	0.002054	23094	23111
T22882G G22895C T22896C G22898A T22928C	S:N440K S:V445P S:V445P S:G446S S:F456L	14	4010	0.003491	22876	22936
T22882G G22895C G22898A T22942G	S:N440K S:V445L S:G446S S:N460K	14	3876	0.003612	22877	22966
T22200A T22204-G G22317T	S:V213E NA S:G252V	14	2990	0.004682	22192	22319
T21991-TA C22000A	NA S:H146Q	14	13506	0.001037	21968	22058
T21976-C G21987A C22000A	NA S:G142D S:H146Q	14	13487	0.001038	21967	22058
T21908C	S:S116P	14	20420	0.000686	21847	21968
G25186T C25262-T	S:Q1208H NA	14	44937	0.000312	25122	25325
G24858A C25000T	S:G1099D S:D1146D	14	6494	0.002156	24850	25017
G24743-T	NA	14	5163	0.002712	24729	24788
G24659A	S:V1033I	14	47907	0.000292	24612	24679
G24488+T C24672-A	NA NA	14	42727	0.000328	24470	24679
G24416A A24424T T24469A	S:V952I S:Q954H S:N969K	14	34685	0.000404	24412	24564
G23726-T C23854A	NA S:N764K	14	30223	0.000463	23683	23895
G23666-A	NA	14	31776	0.000441	23648	23708
G23505-C C23525T T23599G C23604A	NA S:H655Y S:N679K S:P681H	14	28970	0.000483	23487	23642
G22813T T22882G G22895C T22896C G22898A A22914-C T22928C T22942G	S:K417N S:N440K S:V445P S:V445P S:G446S NA S:F456L S:N460K	14	3582	0.003908	22793	22948
G21987A A21993-TTAC C22000A	S:G142D NA S:H146Q	14	13506	0.001037	21965	22043
G21898+A	NA	14	20323	0.000689	21864	21908
C25416T A25443G	ORF3a:F8F ORF3a:Q17Q	14	11431	0.001225	25381	25477
C25262-T T25280C	NA S:C1240R	14	63602	0.00022	25251	25325
C25163T	S:Q1201*	14	54130	0.000259	25161	25210
C25131T C25262-T	S:A1190V NA	14	39899	0.000351	25122	25324
C25000T T25152C	S:D1146D S:L1197P	14	6231	0.002247	24990	25210
C25000T T25072-G C25100-A	S:D1146D NA NA	14	6684	0.002095	24990	25172
C25000T A25003-T C25100-A	S:D1146D NA NA	14	6684	0.002095	24990	25121
C24672T	S:S1037L	14	47350	0.000296	24498	24679
C24606T	S:A1015V	14	45167	0.00031	24480	24679
C24559T	S:G999G	14	81733	0.000171	24479	24564
C24517-A G24611+A	NA NA	14	44691	0.000313	24470	24632
C24223-T A24253-T	NA NA	14	3163	0.004426	24148	24275
C24223-T	NA	14	3226	0.00434	24148	24247
C23854A C23874T	S:N764K S:A771V	14	32615	0.000429	23683	23895
C23709-A C23854A	NA S:N764K	14	30063	0.000466	23683	23895
C23706T C23854A	S:P715L S:N764K	14	30039	0.000466	23683	23895
C23525T T23599G C23604A T23641C	S:H655Y S:N679K S:P681H S:I693I	14	28312	0.000494	23487	23642
C23525T T23599G C23604A G23621A	S:H655Y S:N679K S:P681H S:V687I	14	29246	0.000479	23487	23622
C23525T T23599G C23604A C23606-G	S:H655Y S:N679K S:P681H NA	14	29288	0.000478	23487	23642
C23525T A23558G T23599G C23604A	S:H655Y S:I666V S:N679K S:P681H	14	29296	0.000478	23492	23642
C23525T A23558-T C23604A	S:H655Y NA S:P681H	14	29296	0.000478	23487	23640
C23099-T T23143-A T23164-A	NA NA NA	14	6599	0.002122	23089	23189
A25408G C25416T G25447+A	ORF3a:R6G ORF3a:F8F NA	14	11371	0.001231	25381	25477
A25385G C25416T	S:T1275A ORF3a:F8F	14	11876	0.001179	25381	25470
A25296-G	NA	14	65062	0.000215	25288	25324
A25253T	S:T1231S	14	63308	0.000221	25212	25261
A25179G C25262-T	S:Y1206C NA	14	43570	0.000321	25122	25325
A25167G C25262-T	S:E1202G NA	14	42316	0.000331	25122	25284
A24956-T C25000T	NA S:D1146D	14	6779	0.002065	24850	25069
A24612G	S:E1017G	14	45133	0.00031	24473	24641
A24578G C24672-A	S:T1006A NA	14	43725	0.00032	24471	24679
A24495G	S:N978S	14	84581	0.000166	24483	24528
A24424T T24499C	S:Q954H S:D979D	14	34602	0.000405	24412	24564
A24424T T24490C	S:Q954H S:V976V	14	34662	0.000404	24412	24564
A24424T T24471-TG C24536-AA	S:Q954H NA NA	14	34277	0.000408	24412	24564
A24424T T24469A C24536+A	S:Q954H S:N969K NA	14	34277	0.000408	24412	24564
A24424T T24469A A24478G	S:Q954H S:N969K S:A972A	14	34728	0.000403	24412	24563
A24424T G24434T	S:Q954H S:A958S	14	35318	0.000396	24412	24514
A24424T C24509T	S:Q954H S:R983C	14	34515	0.000406	24412	24564
A24424T C24483+A	S:Q954H NA	14	34706	0.000403	24412	24516
A24424T C24477+A	S:Q954H NA	14	34743	0.000403	24416	24564
A24424T A24556G	S:Q954H S:T998T	14	33803	0.000414	24412	24564
A24424T A24543G	S:Q954H S:D994G	14	34188	0.00041	24412	24564
A24424T A24537G	S:Q954H S:Q992R	14	34256	0.000409	24412	24564
A24424T A24468G T24469A	S:Q954H S:N969R S:N969R	14	34835	0.000402	24412	24564
A24424T A24461G	S:Q954H S:S967G	14	34929	0.000401	24412	24564
A24424T A24457G	S:Q954H S:Q965Q	14	35013	0.0004	24412	24564
A24424C	S:Q954H	14	35927	0.00039	24412	24564
A24324T	S:K921I	14	3675	0.00381	24229	24327
A24318-C A24424T	NA S:Q954H	14	464	0.030172	24311	24424
A24253-T C24263-A	NA NA	14	4053	0.003454	24243	24311
A23938-C G23948T	NA S:D796Y	14	1329	0.010534	23930	23969
A23806+T	NA	14	34912	0.000401	23683	23819
A23786-T C23854A C23887-A	NA S:N764K NA	14	29879	0.000469	23683	23895
A23784G C23854A	S:Y741C S:N764K	14	32094	0.000436	23755	23895
A23712-T C23887-A	NA NA	14	27906	0.000502	23697	23894
A23639-T	NA	14	60605	0.000231	23625	23642
A23544G T23599G C23604A	S:E661G S:N679K S:P681H	14	29616	0.000473	23487	23642
A23283G	S:D574G	14	11441	0.001224	23275	23290
A22036G	S:R158R	14	18389	0.000761	22021	22058
T25322A	S:C1254S	13	65085	0.0002	25251	25323
T25301-G	NA	13	65243	0.000199	25289	25325
T25268A	S:C1236S	13	64132	0.000203	25217	25325
T25265A	S:C1235S	13	63967	0.000203	25168	25266
T25237A	S:I1225I	13	58521	0.000222	25231	25325
T25222C C25262-T	S:F1220F NA	13	57132	0.000228	25130	25325
T25211C C25262-T	S:W1217R NA	13	51829	0.000251	25122	25325
T25202-G	NA	13	58553	0.000222	25174	25210
T25196-G G25213A C25262-T	NA S:W1217* NA	13	46641	0.000279	25122	25325
T25187+A	NA	13	56240	0.000231	25141	25196
T25152+C	NA	13	53870	0.000241	25122	25164
T24607C C24672-A	S:A1015A NA	13	43801	0.000297	24476	24679
T24585C C24672-A	S:V1008A NA	13	43750	0.000297	24481	24679
T24472-G T24492-A	NA NA	13	78869	0.000165	24465	24679
T24469A T24658C	S:N969K S:C1032C	13	31918	0.000407	24465	24679
T24469A T24637C	S:N969K S:A1025A	13	32243	0.000403	24465	24669
T24469A T24628-A	S:N969K NA	13	32328	0.000402	24465	24679
T24469A T24625C	S:N969K S:S1021S	13	32351	0.000402	24465	24679
T24469A T24544C	S:N969K S:D994D	13	68374	0.00019	24465	24564
T24469A T24514C	S:N969K S:L984L	13	69445	0.000187	24465	24564
T24469A T24505C	S:N969K S:L981L	13	69704	0.000187	24465	24554
T24469A T24487C	S:N969K S:S975S	13	70159	0.000185	24465	24564
T24469A G24665A	S:N969K S:G1035R	13	31715	0.00041	24465	24679
T24469A G24574A	S:N969K S:L1004L	13	32841	0.000396	24465	24679
T24469A G24473A	S:N969K S:G971S	13	70273	0.000185	24465	24554
T24469A A24677G	S:N969K S:R1039G	13	31332	0.000415	24465	24679
T24469A A24592G	S:N969K S:Q1010Q	13	32526	0.0004	24465	24679
T24469A A24494G	S:N969K S:N978D	13	70031	0.000186	24465	24528
T23788C C23854A	S:I742I S:N764K	13	32158	0.000404	23773	23895
T23765C C23854A	S:S735P S:N764K	13	30614	0.000425	23699	23895
T23698+A C23854A	NA S:N764K	13	29776	0.000437	23683	23895
T23599G C23604A T23681-A	S:N679K S:P681H NA	13	29494	0.000441	23580	23724
T23599G C23604A T23650C	S:N679K S:P681H S:T696T	13	29745	0.000437	23580	23724
T23599G C23604A G23675-T A23712-T	S:N679K S:P681H NA NA	13	28799	0.000451	23580	23721
T23599G C23604A G23616A	S:N679K S:P681H S:R685H	13	60183	0.000216	23580	23642
T23599G C23604A C23638T	S:N679K S:P681H S:I692I	13	59350	0.000219	23580	23642
T23599G C23604A A23712+G	S:N679K S:P681H NA	13	28799	0.000451	23580	23724
T23599G C23604A A23696G	S:N679K S:P681H S:I712V	13	29383	0.000442	23580	23724
T23599G C23604A A23669G	S:N679K S:P681H S:N703D	13	29622	0.000439	23580	23700
T23599G C23604A A23667G	S:N679K S:P681H S:E702G	13	29631	0.000439	23580	23724
T23599G A23712-T	S:N679K NA	13	28799	0.000451	23580	23724
T23434-C	NA	13	11897	0.001093	23420	23443
T23355-A	NA	13	14193	0.000916	23339	23366
T23344C	S:G594G	13	14127	0.00092	23339	23356
T22882G T22896C G22898A	S:N440K S:V445A S:G446S	13	4620	0.002814	22876	22907
T22882G G22895C G22898A T22928C T22942G	S:N440K S:V445L S:G446S S:F456L S:N460K	13	3876	0.003354	22876	22966
T22200A G22218-T G22317T	S:V213E NA S:G252V	13	2990	0.004348	22173	22319
T21886-A G21987A T21990-TTA A21999-C	NA S:G142D S:DEL144 NA	13	10079	0.00129	21847	22058
G25401-T	NA	13	12161	0.001069	25378	25414
G25278-T C25416T	NA ORF3a:F8F	13	3304	0.003935	25257	25477
G25230A C25262-T	S:G1223D NA	13	58024	0.000224	25122	25325
G25173-A	NA	13	54683	0.000238	25164	25201
G24605A	S:A1015T	13	45172	0.000288	24480	24676
G24574A	S:L1004L	13	45754	0.000284	24488	24639
G24530+A C24672-A	NA NA	13	43521	0.000299	24515	24679
G24521+T C24672-A	NA NA	13	43422	0.000299	24476	24679
G24510+T	NA	13	84139	0.000155	24476	24518
G24415A A24424T T24469A	S:V951V S:Q954H S:N969K	13	34602	0.000376	24412	24564
G23804-A	NA	13	34928	0.000372	23795	23883
G23508A C23525T T23599G C23604A	S:C649Y S:H655Y S:N679K S:P681H	13	29088	0.000447	23487	23642
G23417A C23525T	S:E619K S:H655Y	13	6838	0.001901	23386	23539
G23417A	S:E619K	13	12240	0.001062	23403	23423
G23236-T	NA	13	6535	0.001989	23220	23285
G22813T T22882G T22942G	S:K417N S:N440K S:N460K	13	3582	0.003629	22808	22967
G21987A T21990-TTA A21999-CAA	S:G142D S:DEL144 S:DEL147	13	13506	0.000963	21935	22058
G21987A A21993-TT C22000A	S:G142D NA S:H146Q	13	13506	0.000963	21980	22043
C25416T G25540+T	ORF3a:F8F NA	13	5140	0.002529	25372	25566
C25413+T	NA	13	11957	0.001087	25381	25450
C25262-T C25357+A	NA NA	13	3937	0.003302	25251	25381
C25240T	S:A1226A	13	58595	0.000222	25222	25246
C25227T C25262-T	S:A1222V NA	13	57810	0.000225	25122	25325
C25000T T25021-A A25026-T	S:D1146D NA NA	13	14190	0.000916	24990	25051
C25000T A25095+T	S:D1146D NA	13	6724	0.001933	24990	25210
C24536+A C24672-A	NA NA	13	43553	0.000298	24488	24679
C24150+T	NA	13	3794	0.003426	24148	24161
C23854A G23858A	S:N764K S:A766T	13	33477	0.000388	23683	23895
C23854A A23872G	S:N764K S:I770M	13	32781	0.000397	23683	23895
C23533-A T23599G C23604A	NA S:N679K S:P681H	13	29491	0.000441	23487	23641
C23525T T23599G C23604A A23636-T A23639G	S:H655Y S:N679K S:P681H NA S:I693V	13	28405	0.000458	23487	23642
C23525T T23527G T23599G C23604A	S:H655* S:H655* S:N679K S:P681H	13	29296	0.000444	23487	23637
C23525T G23564A T23599G C23604A	S:H655Y S:A668T S:N679K S:P681H	13	29296	0.000444	23487	23642
C23525T C23530T T23599G C23604A	S:H655Y S:V656V S:N679K S:P681H	13	29296	0.000444	23487	23637
C23525T A23597G T23599G C23604A	S:H655Y S:N679E S:N679E S:P681H	13	29296	0.000444	23516	23642
C23525T A23554-C T23599G C23604A	S:H655Y NA S:N679K S:P681H	13	29296	0.000444	23487	23637
C23393-T A23403G C23525T	NA S:D614G S:H655Y	13	6444	0.002017	23370	23532
C23191-A	NA	13	6855	0.001896	23184	23290
C21978A G21987A C22000A	S:P139Q S:G142D S:H146Q	13	13493	0.000963	21959	22058
A25408G	ORF3a:R6G	13	12049	0.001079	25381	25468
A25379G C25416T	S:T1273A ORF3a:F8F	13	10927	0.00119	25372	25477
A25327-T C25416T	NA ORF3a:F8F	13	3515	0.003698	25266	25477
A25256-T	NA	13	63430	0.000205	25251	25303
A25255G C25262-T	S:T1231T NA	13	63342	0.000205	25122	25325
A25193G	S:K1211E	13	57176	0.000227	25177	25210
A25185G	S:Q1208R	13	56078	0.000232	25178	25189
A25168C C25262-T	S:E1202D NA	13	42381	0.000307	25122	25325
A25143-TG	NA	13	53202	0.000244	25127	25210
A24922-T C24981-T	NA NA	13	6823	0.001905	24850	24995
A24922+T C24981-T C25000T	NA NA S:D1146S	13	6690	0.001943	24852	25069
A24913G C25000T	S:T1117T S:D1146D	13	6674	0.001948	24850	25069
A24669G	S:Q1036R	13	47501	0.000274	24518	24679
A24599G	S:I1013V	13	45210	0.000288	24528	24679
A24594G	S:Q1011R	13	45236	0.000287	24508	24679
A24591G C24672-A	S:Q1010R NA	13	43768	0.000297	24470	24679
A24500+T	NA	13	84480	0.000154	24486	24512
A24479G	S:I973V	13	82995	0.000157	24473	24502
A24479-T C24503-T C24672-A	NA NA NA	13	41724	0.000312	24470	24679
A24424T T24523C	S:Q954H S:V987V	13	34391	0.000378	24412	24535
A24424T T24469A T24491C	S:Q954H S:N969K S:L977L	13	34661	0.000375	24412	24564
A24424T T24469A C24477T	S:Q954H S:N969K S:A972V	13	34743	0.000374	24412	24564
A24424T T24450G	S:Q954H S:V963G	13	35115	0.00037	24412	24564
A24424T T24447C	S:Q954H S:L962P	13	35141	0.00037	24412	24552
A24424T T24438+A T24451+A	S:Q954H NA NA	13	35096	0.00037	24412	24468
A24424T G24434T T24469A	S:Q954H S:A958S S:N969K	13	34835	0.000373	24415	24564
A24424T C24429T	S:Q954H S:A956V	13	35355	0.000368	24412	24461
A24424T A24478G	S:Q954H S:A972A	13	34728	0.000374	24412	24564
A24424T A24456G	S:Q954H S:Q965R	13	35026	0.000371	24415	24531
A24423+T A24426C	NA S:N955T	13	35351	0.000368	24412	24564
A23888G	S:K776E	13	32136	0.000405	23850	23895
A23851G C23854A	S:L763L S:N764K	13	33780	0.000385	23684	23895
A23847G C23887-A	S:Q762R NA	13	31372	0.000414	23767	23895
A23843G	S:T761A	13	33926	0.000383	23683	23869
A23801G C23854A	S:T747A S:N764K	13	32450	0.000401	23770	23895
A23772+T	NA	13	35427	0.000367	23767	23799
A23762G	S:T734A	13	34164	0.000381	23692	23768
A23720+T	NA	13	66354	0.000196	23690	23724
A23639G	S:I693V	13	60605	0.000215	23635	23724
A23588T T23599G C23604A	S:T676S S:N679K S:P681H	13	60169	0.000216	23580	23642
A23403G G23465-T C23525T	S:D614G NA S:H655Y	13	6592	0.001972	23394	23539
A23354+T	NA	13	14185	0.000916	23336	23362
A21972-T G21987A T21990-TTA A21999-C	NA S:G142D S:DEL144 NA	13	13343	0.000974	21956	22058
A21932G	S:T124A	13	20387	0.000638	21847	21973
A21913-C	NA	13	20465	0.000635	21847	21925
T25301A	S:C1247S	12	65243	0.000184	25218	25325
T25272-G	NA	12	64332	0.000187	25262	25324
T25236C C25262-T	S:I1225T NA	12	58324	0.000206	25122	25324
T25196-G	NA	12	57419	0.000209	25171	25206
T25191-A T25205C C25262-T	NA S:Y1215H NA	12	45929	0.000261	25122	25325
T25144C C25262-T	S:N1194N NA	12	41048	0.000292	25130	25325
T24664+G	NA	12	47654	0.000252	24612	24679
T24643-A C24672-A A24684-T	NA NA NA	12	3247	0.003696	24626	24710
T24625A	S:S1021S	12	48473	0.000248	24612	24679
T24571C	S:S1003S	12	45797	0.000262	24481	24652
T24492A C24672-A	S:L977* NA	12	43026	0.000279	24486	24679
T24471-TG C24536-AA	NA NA	12	76339	0.000157	24436	24564
T24469A T24663C	S:N969K S:L1034P	12	31727	0.000378	24465	24679
T24469A T24660C	S:N969K S:V1033A	12	31882	0.000376	24465	24679
T24469A T24640C	S:N969K S:A1026A	12	32213	0.000373	24465	24679
T24469A T24623C	S:N969K S:S1021P	12	32363	0.000371	24465	24676
T24469A T24529C	S:N969K S:A989A	12	68968	0.000174	24465	24564
T24469A T24489C	S:N969K S:V976A	12	70149	0.000171	24465	24523
T24469A G24638A	S:N969K S:A1026T	12	32237	0.000372	24465	24679
T24469A G24476A	S:N969K S:A972T	12	70257	0.000171	24465	24555
T23750C C23887-A	S:S730P NA	12	28319	0.000424	23683	23895
T23602-C C23604A	NA S:P681H	12	60344	0.000199	23580	23642
T23599G C23630-A	S:N679K NA	12	59717	0.000201	23582	23642
T23599G C23604A T23686C A23704G	S:N679K S:P681H S:S708S S:I714M	12	29029	0.000413	23580	23724
T23599G C23604A T23622+G	S:N679K S:P681H NA	12	60122	0.0002	23580	23642
T23599G C23604A T23605-C	S:N679K S:P681H NA	12	60238	0.000199	23580	23642
T23599G C23604A G23624+C	S:N679K S:P681H NA	12	60063	0.0002	23581	23632
T23488C C23525T T23599G C23604A	Unknown S:H655Y S:N679K S:P681H	12	28098	0.000427	23486	23642
T23434-C C23525T	NA S:H655Y	12	6959	0.001724	23416	23539
T23346C	S:V595A	12	14154	0.000848	23339	23391
T22054-A	NA	12	18155	0.000661	22035	22058
T21980C	S:F140L	12	22180	0.000541	21847	21983
T21955C G21987A	S:C131C S:G142D	12	16153	0.000743	21847	21992
T21919C	S:I119I	12	20459	0.000587	21848	21977
T21908+C	NA	12	20420	0.000588	21869	21934
T21889C	S:T109T	12	20204	0.000594	21847	21969
T21883C	S:G107G	12	20183	0.000595	21847	21916
G25287-T G25302-T	NA NA	12	64552	0.000186	25270	25325
G25249A	S:M1229I	12	58842	0.000204	25219	25324
G25226A C25262-T	S:A1222T NA	12	57697	0.000208	25122	25325
G25218A	S:G1219D	12	55594	0.000216	25203	25325
G25130+C	NA	12	49381	0.000243	25122	25148
G24868-T C24981-T C25000T	NA NA S:D1146D	12	6538	0.001835	24850	25020
G24693-A	NA	12	3323	0.003611	24612	24704
G24657A	S:C1032Y	12	47953	0.00025	24612	24679
G24638A	S:A1026T	12	48371	0.000248	24612	24676
G24584A	S:V1008M	12	45386	0.000264	24488	24679
G24547A	S:R995R	12	82413	0.000146	24517	24564
G24533A	S:V991M	12	83076	0.000144	24473	24564
G24428A	S:A956T	12	35492	0.000338	24412	24564
G23868-A	NA	12	33486	0.000358	23857	23885
G23519A C23525T A23531T T23599G C23604A	S:A653T S:H655Y S:N657Y S:N679K S:P681H	12	29274	0.00041	23487	23642
G23384-T A23403G	NA S:D614G	12	11767	0.00102	23335	23439
G22813T T22882G G22895C G22898A T22900-G T22928C T22942G	S:K417N S:N440K S:V445L S:G446S NA S:F456L S:N460K	12	3582	0.00335	22793	22966
G22813T G22895C T22896C G22898A T22928C	S:K417N S:V445P S:V445P S:G446S S:F456L	12	3697	0.003246	22793	22967
G22809-A G22813T	NA S:K417N	12	5774	0.002078	22793	22825
G22104-A C22109G T22200A	NA S:Q183E S:V213E	12	2902	0.004135	22100	22206
G22104-A C22109G C22120-A T22200A G22218-T G22317T	NA S:Q183E NA S:V213E NA S:G252V	12	2277	0.00527	22100	22319
G21987A T21990-TTA C22000A A22008G	S:G142D S:DEL144 S:H146Q S:N149S	12	13505	0.000889	21974	22058
C25416T T25434C	ORF3a:F8F ORF3a:T14T	12	11548	0.001039	25372	25477
C25416T A25505G	ORF3a:F8F ORF3a:Q38R	12	6050	0.001983	25383	25511
C25416T A25439G	ORF3a:F8F ORF3a:K16R	12	11479	0.001045	25381	25477
C25416T A25426G	ORF3a:F8F ORF3a:T12A	12	11715	0.001024	25381	25440
C25317T	S:S1252F	12	65457	0.000183	25305	25325
C25262T	S:L1234F	12	63770	0.000188	25239	25325
C25262-T T25382+A	NA NA	12	3631	0.003305	25251	25394
C25262-T G25323A	NA S:C1254Y	12	62622	0.000192	25122	25325
C25262-T G25305A	NA S:C1248Y	12	63317	0.00019	25251	25325
C25262-T C25466-T	NA NA	12	2681	0.004476	25251	25477
C25262-T C25308-T	NA NA	12	63273	0.00019	25135	25325
C25262-T C25308+T	NA NA	12	63273	0.00019	25122	25318
C25262-T A25296G	NA S:K1245R	12	63412	0.000189	25251	25325
C25240-A C25262-T	NA NA	12	58457	0.000205	25122	25321
C25200T C25262-T	S:P1213L NA	12	47672	0.000252	25130	25324
C25169-T T25191-A C25262-T	NA NA NA	12	42418	0.000283	25122	25325
C25132+A	NA	12	50876	0.000236	25122	25164
C25100-A T25191-A	NA NA	12	6243	0.001922	25027	25210
C25000T T25063C	S:D1146D S:G1167G	12	13610	0.000882	24992	25069
C25000T T25051C	S:D1146D S:D1163D	12	13858	0.000866	24993	25069
C25000T G25091+A A25113-C	S:D1146D NA NA	12	6558	0.00183	24990	25210
C25000T G25015-T	S:D1146D NA	12	14381	0.000834	24990	25051
C25000T A25146G	S:D1146D S:E1195G	12	6262	0.001916	24990	25210
C24899-A A24922-T C24981-T C25000T	NA NA NA S:D1146D	12	6639	0.001808	24850	25016
C24555-A	NA	12	81930	0.000146	24484	24564
C24422-A T24469A	NA S:N969K	12	34829	0.000345	24415	24564
C23854A T23857+A	S:N764K NA	12	33477	0.000358	23846	23895
C23854A G23885A	S:N764K S:D775N	12	31649	0.000379	23817	23888
C23854A C23887A A23888C G23948T	S:N764K S:D775E S:K776Q S:D796Y	12	852	0.014085	23846	23977
C23854A C23882T	S:N764K S:Q774*	12	32118	0.000374	23786	23895
C23854A A23886-C	S:N764K NA	12	31607	0.00038	23683	23895
C23778+A	NA	12	35290	0.00034	23683	23788
C23745T C23854A	S:P728L S:N764K	12	30458	0.000394	23683	23893
C23730T C23854A	S:T723I S:N764K	12	30292	0.000396	23683	23892
C23707+G	NA	12	66908	0.000179	23693	23724
C23705T C23854A	S:P715S S:N764K	12	30013	0.0004	23683	23895
C23700T	S:A713V	12	67250	0.000178	23683	23716
C23604A C23634T	S:P681H S:S691F	12	59642	0.000201	23580	23642
C23591T T23599G C23604A	S:Q677* S:N679K S:P681H	12	60203	0.000199	23580	23642
C23525T T23599G C23604A G23607A	S:H655Y S:N679K S:P681H S:R682Q	12	29285	0.00041	23501	23642
C23525T T23599G C23604A A23632G	S:H655Y S:N679K S:P681H S:Q690Q	12	28869	0.000416	23499	23642
C23525T T23548A T23599G C23604A	S:H655Y S:C662* S:N679K S:P681H	12	29296	0.00041	23487	23642
C23525T G23568A T23599G C23604A	S:H655Y S:G669D S:N679K S:P681H	12	29296	0.00041	23487	23624
C23525T C23556-CA T23559A T23599G C23604A	S:H655Y NA S:I666N S:N679K S:P681H	12	29296	0.00041	23504	23640
C23103-T T23143-A T23164-A	NA NA NA	12	6620	0.001813	23089	23176
C23099-T C23230-A	NA NA	12	6088	0.001971	23096	23247
C22120-A T22200A G22317T	NA S:V213E S:G252V	12	2423	0.004953	22111	22319
C21978A G21987A T21990-TTA	S:P139Q S:G142D S:DEL144	12	17197	0.000698	21937	22043
C21904T	S:T114T	12	20411	0.000588	21847	21983
C21618T	S:T19I	12	317	0.037855	21592	21632
A25315+G	NA	12	65508	0.000183	25305	25323
A25277T	S:S1239C	12	64501	0.000186	25259	25325
A25243-G	NA	12	58671	0.000205	25227	25324
A25235-T	NA	12	58464	0.000205	25214	25325
A25216G C25262-T	S:L1218L NA	12	54285	0.000221	25122	25325
A25194-AT G25197T	NA S:W1212L	12	57044	0.00021	25157	25235
A25182T	S:E1207V	12	55852	0.000215	25141	25323
A25133G C25262-T	S:K1191E NA	12	40202	0.000298	25122	25325
A24644G	S:K1028E	12	48252	0.000249	24525	24679
A24641G C24672-A	S:T1027A NA	12	47231	0.000254	24612	24679
A24614-T	NA	12	48521	0.000247	24612	24634
A24543G C24672-A	S:D994G NA	12	43599	0.000275	24476	24679
A24424T T24469G	S:Q954H S:N969K	12	34835	0.000344	24412	24564
A24424T T24469A C24559T	S:Q954H S:N969K S:G999G	12	33772	0.000355	24412	24564
A24424T T24469A C24517-A	S:Q954H S:N969K NA	12	34464	0.000348	24412	24564
A24424T T24469A C24509T	S:Q954H S:N969K S:R983C	12	34515	0.000348	24412	24564
A24424T T24469A A24560G	S:Q954H S:N969K S:R1000G	12	33740	0.000356	24412	24564
A24424T T24469A A24479G	S:Q954H S:N969K S:I973V	12	34723	0.000346	24412	24564
A24424T G24542T	S:Q954H S:D994Y	12	34195	0.000351	24412	24564
A24424T G24530+A	S:Q954H NA	12	34347	0.000349	24412	24545
A24424T C24536T	S:Q954H S:Q992*	12	34277	0.00035	24417	24563
A24424T C24466+A T24469A	S:Q954H NA S:N969Q	12	34835	0.000344	24412	24564
A24424T C24444T	S:Q954H S:T961M	12	35178	0.000341	24414	24554
A24424T A24538G	S:Q954H S:Q992Q	12	34246	0.00035	24412	24564
A24424T A24461G T24469A	S:Q954H S:S967G S:N969K	12	34835	0.000344	24412	24552
A24424T A24425G T24469A	S:Q954H S:N955D S:N969K	12	34835	0.000344	24412	24564
A24424T A24425G	S:Q954H S:N955D	12	35896	0.000334	24412	24564
A24420+C A24424T	NA S:Q954P	12	35910	0.000334	24412	24451
A23845G C23887-A	S:T761T NA	12	31241	0.000384	23767	23895
A23767G	S:S735S	12	34109	0.000352	23683	23770
A23767+T C23854A	NA S:N764K	12	30633	0.000392	23754	23895
A23734G	S:T724T	12	34555	0.000347	23683	23773
A23729G	S:T723A	12	34625	0.000347	23683	23750
A23720-T C23854A	NA S:N764K	12	30156	0.000398	23683	23895
A23691G C23854A	S:N710S S:N764K	12	29687	0.000404	23683	23892
A23688G	S:N709S	12	66711	0.00018	23684	23709
A23594+C T23599G C23604A	NA S:N679* S:P681Y	12	60236	0.000199	23580	23724
A23583G T23599G C23604A	S:Y674C S:N679K S:P681H	12	60089	0.0002	23581	23624
A23515+G C23525T C23604A	NA S:H655S S:P681Y	12	29205	0.000411	23487	23632
A23503T C23525T T23599G C23604A	S:A647A S:H655Y S:N679K S:P681H	12	28940	0.000415	23487	23642
A23497-C T23599G C23604A	NA S:N679K S:P681H	12	28620	0.000419	23487	23642
A23403G T23489C C23525T	S:D614G S:F643L S:H655Y	12	6592	0.00182	23336	23539
A23403G A23495G C23525T	S:D614G S:T645A S:H655Y	12	6592	0.00182	23368	23534
A23403G A23494G C23525T	S:D614G S:Q644Q S:H655Y	12	6592	0.00182	23359	23539
A23319G A23403G	S:D586G S:D614G	12	4680	0.002564	23295	23429
A23265G	S:D568G	12	6408	0.001873	23185	23290
A23223G	S:E554G	12	6780	0.00177	23170	23290
A22019G	S:M153V	12	17912	0.00067	22015	22058
A21999-C	NA	12	15527	0.000773	21992	22058
A21979-T G21987A T21990-TTA C22000A	NA S:G142D S:DEL144 S:H146Q	12	13493	0.000889	21963	22039
A21868+G	NA	12	20080	0.000598	21851	21883
T25496+A	NA	11	6320	0.001741	25372	25504
T25402C C25416T	ORF3a:F4L ORF3a:F8F	11	11876	0.000926	25372	25469
T25319-G	NA	11	65303	0.000168	25285	25323
T25312-G	NA	11	65541	0.000168	25304	25324
T25304G	S:C1248G	11	65404	0.000168	25295	25318
T25224C C25262-T	S:I1221T NA	11	57435	0.000192	25122	25325
T25202-G C25262-T	NA NA	11	48114	0.000229	25122	25325
T25196C C25262-T	S:W1212R NA	11	46641	0.000236	25122	25312
T25196-G C25207T C25262-T	NA S:Y1215Y NA	11	46641	0.000236	25122	25325
T25191G A25192T	S:I1210S S:I1210S	11	56881	0.000193	25184	25325
T25191-A A25256+T C25262-T	NA NA NA	11	45929	0.00024	25130	25325
T25191+A	NA	11	56932	0.000193	25146	25251
T25178+A	NA	11	55026	0.0002	25147	25190
T25171C C25262-T	S:L1203L NA	11	42580	0.000258	25122	25325
T25171+G	NA	11	54364	0.000202	25145	25187
T24769C	S:P1069P	11	5358	0.002053	24759	24806
T24589C C24672-A	S:T1009T NA	11	43763	0.000251	24470	24679
T24523C C24672-A	S:V987V NA	11	43445	0.000253	24470	24679
T24496-G	NA	11	84586	0.00013	24465	24542
T24492-A A24673G	NA S:S1037S	11	42902	0.000256	24478	24679
T24491C	S:L977L	11	84657	0.00013	24480	24511
T24469A T24549C	S:N969K S:L996S	11	68180	0.000161	24465	24564
T24469A T24480C	S:N969K S:I973T	11	70225	0.000157	24465	24564
T24469A G24635A	S:N969K S:A1025T	11	32269	0.000341	24465	24679
T24469A G24611-A	S:N969K NA	11	32433	0.000339	24465	24679
T24469A G24521+T	S:N969K NA	11	69155	0.000159	24465	24564
T24469A G24488-T C24672-A	S:N969K NA NA	11	31548	0.000349	24465	24679
T24469A C24536T	S:N969K S:Q992*	11	68659	0.00016	24465	24564
T24469A C24536-AA	S:N969K NA	11	68659	0.00016	24465	24564
T24469A C24503-T C24672-A	S:N969K NA NA	11	31548	0.000349	24465	24679
T24469A A24652G	S:N969K S:S1030S	11	32027	0.000343	24465	24671
T24469A A24619G	S:N969K S:R1019R	11	32391	0.00034	24465	24679
T24469A A24520G	S:N969K S:K986K	11	69240	0.000159	24465	24564
T24242C	S:L894L	11	4099	0.002684	24148	24260
T23877C	S:V772A	11	32982	0.000334	23842	23887
T23823C C23887-A	S:L754S NA	11	30528	0.00036	23683	23895
T23798C	S:S746P	11	34982	0.000314	23767	23815
T23794C	S:G744G	11	35005	0.000314	23767	23819
T23774G C23854A	S:C738G S:N764K	11	32004	0.000344	23761	23895
T23774C C23854A	S:C738R S:N764K	11	32004	0.000344	23683	23895
T23727C	S:V722A	11	34620	0.000318	23683	23751
T23719C C23854A	S:T719T S:N764K	11	30153	0.000365	23683	23887
T23716-A	NA	11	66620	0.000165	23683	23728
T23703C	S:I714T	11	67008	0.000164	23695	23724
T23689-A C23854A	NA S:N764K	11	29619	0.000371	23683	23890
T23686+A	NA	11	66601	0.000165	23683	23711
T23602C	S:S680S	11	60356	0.000182	23580	23642
T23599G C23604A T23714C	S:N679K S:P681H S:F718L	11	28777	0.000382	23580	23717
T23599G C23604A T23637-C	S:N679K S:P681H NA	11	59372	0.000185	23581	23642
T23599G C23604A G23666-A G23675-T	S:N679K S:P681H NA NA	11	29557	0.000372	23582	23705
T23599G C23604A G23660A	S:N679K S:P681H S:G700S	11	29673	0.000371	23593	23724
T23599G C23604A G23611A	S:N679K S:P681H S:R683R	11	60220	0.000183	23580	23634
T23599G C23604A G23608A	S:N679K S:P681H S:R682R	11	60235	0.000183	23580	23638
T23599G C23604A C23718T	S:N679K S:P681H S:T719I	11	28749	0.000383	23580	23724
T23599G C23604A C23649T	S:N679K S:P681H S:T696I	11	29752	0.00037	23580	23724
T23599G C23604A C23638-A	S:N679K S:P681H NA	11	59350	0.000185	23580	23642
T23599G C23604A A23711G	S:N679K S:P681H S:N717D	11	28811	0.000382	23580	23724
T23521A C23525T T23599G C23604A	S:A653A S:H655Y S:N679K S:P681H	11	29289	0.000376	23487	23642
T23392-C A23403G	NA S:D614G	11	11908	0.000924	23335	23441
T23346C A23403G C23525T	S:V595A S:D614G S:H655Y	11	6065	0.001814	23335	23535
T23287C	S:A575A	11	11482	0.000958	23269	23290
T23278-A A23403G	NA S:D614G	11	4555	0.002415	23269	23429
T23245C	S:P561P	11	6440	0.001708	23196	23290
T23215C	S:V551V	11	6787	0.001621	23182	23290
T23150C	S:S530P	11	6850	0.001606	23089	23290
T23031C	S:F490S	11	171	0.064327	23026	23048
T21967-TG T21970G G21987A T21990-TTA A21999-C	NA S:C136W S:G142D S:DEL144 NA	11	13152	0.000836	21951	22058
T21965C	S:F135L	11	21963	0.000501	21867	21983
T21937C	S:N125N	11	20530	0.000536	21847	21979
T21934-A G21987A A21993-TTACC A21999C	NA S:G142D NA S:H146P	11	10847	0.001014	21847	22058
T21890C	S:L110L	11	20242	0.000543	21847	21982
T21861-A A21875-T	NA NA	11	19838	0.000554	21847	21916
G25278-T T25304C	NA S:C1248R	11	64237	0.000171	25251	25325
G25249A C25262-T	S:M1229I NA	11	58769	0.000187	25122	25325
G25217A C25262-T	S:G1219S NA	11	54450	0.000202	25122	25323
G25217A	S:G1219S	11	54677	0.000201	25191	25278
G25204A C25262-T	S:W1214* NA	11	48357	0.000227	25122	25325
G25186A C25262-T	S:Q1208Q NA	11	44937	0.000245	25122	25325
G25177-T C25262-T	NA NA	11	43320	0.000254	25122	25325
G25135-A C25262-T	NA NA	11	40376	0.000272	25122	25325
G24665A C24672-A	S:G1035R NA	11	47319	0.000232	24612	24679
G24561-A	NA	11	81625	0.000135	24543	24564
G24550A	S:L996L	11	82306	0.000134	24486	24552
G24488A	S:V976I	11	84293	0.00013	24479	24517
G24428+A	NA	11	35492	0.00031	24415	24458
G23885+A G23948T	NA S:D796*	11	1027	0.010711	23875	23978
G23879+A C23887-A	NA NA	11	32170	0.000342	23683	23895
G23879+A	NA	11	32853	0.000335	23862	23887
G23795-A	NA	11	34995	0.000314	23699	23804
G23749A C23854A	S:V729V S:N764K	11	30502	0.000361	23683	23895
G23735-A C23854A	NA S:N764K	11	30337	0.000363	23683	23873
G23699+A	NA	11	67076	0.000164	23688	23724
G23508+T C23525T	NA S:H655S	11	37551	0.000293	23487	23529
G23504A C23525T T23599G C23604A	S:G648S S:H655Y S:N679K S:P681H	11	28952	0.00038	23493	23642
G23384-T A23403G C23525T	NA S:D614G S:H655Y	11	6316	0.001742	23335	23532
G23345-T	NA	11	14134	0.000778	23269	23379
G22813T T22896C G22898A T22928C	S:K417N S:V445A S:G446S S:F456L	11	3697	0.002975	22801	22967
G22244+T G22317T	NA S:G252L	11	3971	0.00277	22237	22319
G21987A T21990-TTA C22000A A22029G	S:G142D S:DEL144 S:H146Q S:E156G	11	13210	0.000833	21975	22058
G21956-A G21987A T21990-TTA C22000A	NA S:G142D S:DEL144 S:H146Q	11	12261	0.000897	21949	22052
C25416T T25518C	ORF3a:F8F ORF3a:P42P	11	5640	0.00195	25372	25566
C25416T T25496+A	ORF3a:F8F NA	11	6320	0.001741	25372	25504
C25416T T25430C	ORF3a:F8F ORF3a:V13A	11	11643	0.000945	25372	25477
C25416T G25444A	ORF3a:F8F ORF3a:G18S	11	11421	0.000963	25381	25477
C25416T C25452-A	ORF3a:F8F NA	11	11308	0.000973	25372	25477
C25416T A25449G	ORF3a:F8F ORF3a:E19E	11	11352	0.000969	25381	25477
C25416T A25438G	ORF3a:F8F ORF3a:K16E	11	11490	0.000957	25381	25477
C25324+A	NA	11	65030	0.000169	25251	25325
C25292T	S:L1244F	11	64901	0.000169	25214	25325
C25262-TT T25301C	NA S:C1247R	11	63351	0.000174	25251	25325
C25262-T G25314A	NA S:G1251E	11	63148	0.000174	25251	25325
C25262-T G25302T	NA S:C1247F	11	63342	0.000174	25122	25325
C25262-T G25273A	NA S:M1237I	11	63639	0.000173	25122	25323
C25262-T A25327-T G25340-A	NA NA NA	11	4089	0.00269	25251	25361
C25254+A C25262-T	NA NA	11	63294	0.000174	25122	25325
C25184T C25262-T	S:Q1208* NA	11	44724	0.000246	25122	25325
C25000T T25068C	S:D1146D S:I1169T	11	13416	0.00082	24998	25069
C25000T C25115T	S:D1146D S:R1185C	11	6542	0.001681	24990	25210
C25000T C25006T	S:D1146D S:F1148F	11	14467	0.00076	24990	25069
C25000T A25038G	S:D1146D S:H1159R	11	14051	0.000783	24990	25045
C25000T A25018G	S:D1146D S:L1152L	11	14324	0.000768	24990	25069
C25000T A25014G	S:D1146D S:E1151G	11	14399	0.000764	24990	25069
C24981-T C25000T T25021-A	NA S:D1146D NA	11	6668	0.00165	24850	25069
C24964-A C24981-T C25000T	NA NA S:D1146D	11	6830	0.001611	24850	25044
C24852-A C24878-A	NA NA	11	9271	0.001186	24850	24890
C24639T	S:A1026V	11	48347	0.000228	24612	24679
C24553T	S:I997I	11	82078	0.000134	24470	24554
C24507+T	NA	11	84197	0.000131	24480	24540
C24483+A C24672-A	NA NA	11	42384	0.00026	24473	24679
C24422-A A24425T T24469A	NA S:N955Y S:N969K	11	34829	0.000316	24412	24552
C24223+T	NA	11	3226	0.00341	24148	24307
C23887-A A23942-T G23948T	NA NA S:D796Y	11	1040	0.010577	23767	23955
C23854A T23860G	S:N764K S:A766A	11	33405	0.000329	23830	23895
C23816-T G23835-T C23854A	NA NA S:N764K	11	32635	0.000337	23683	23887
C23785+A	NA	11	35136	0.000313	23767	23793
C23604A G23666-A	S:P681H NA	11	29682	0.000371	23584	23724
C23604A C23630-A	S:P681H NA	11	59804	0.000184	23599	23642
C23525T T23599G C23604A G23628A	S:H655Y S:N679K S:P681H S:S689N	11	28951	0.00038	23487	23642
C23525T G23561A T23599G C23604A	S:H655Y S:G667S S:N679K S:P681H	11	29296	0.000375	23488	23642
C23525T C23604A C23634T	S:H655Y S:P681H S:S691F	11	28846	0.000381	23487	23642
C23525T C23533-A A23558-T T23599G C23604A	S:H655Y NA NA S:N679K S:P681H	11	29296	0.000375	23487	23634
C23525T A23558-T T23599G	S:H655Y NA S:N679K	11	29311	0.000375	23493	23626
C23506T C23525T T23599G C23604A	S:G648G S:H655Y S:N679K S:P681H	11	29043	0.000379	23487	23642
C23393+T	NA	11	12503	0.00088	23335	23432
C23334-T C23367-A	NA NA	11	4912	0.002239	23269	23386
C23099-T C23103-T T23143-A T23164-A C23230-A	NA NA NA NA NA	11	6088	0.001807	23089	23244
C22109G T22200A G22302+T G22317T	S:Q183E S:V213E NA S:G252L	11	2310	0.004762	22100	22319
C22109G T22200A G22218-T	S:Q183E S:V213E NA	11	2887	0.00381	22100	22248
C21978A G21987A A21999-C	S:P139Q S:G142D NA	11	13493	0.000815	21956	22058
C21978A C21978-AT G21987A T21990-TTA A21999-C	S:P139Q NA S:G142D S:DEL144 NA	11	13493	0.000815	21956	22058
C21977T G21987A T21990-TTA C22000A	S:P139S S:G142D S:DEL144 S:H146Q	11	13487	0.000816	21956	22058
C21888+T	NA	11	20192	0.000545	21847	21983
A25223G	S:I1221V	11	57485	0.000191	25141	25325
A25216-G C25262-T	NA NA	11	54285	0.000203	25122	25325
A25147+T	NA	11	53436	0.000206	25134	25155
A25142G	S:N1194D	11	53128	0.000207	25122	25164
A25134G C25262-T	S:K1191R NA	11	40306	0.000273	25122	25322
A24902-T C24981-T C25000T	NA NA S:D1146D	11	6653	0.001653	24850	25022
A24780G	S:K1073R	11	5405	0.002035	24766	24804
A24758G	S:T1066A	11	5275	0.002085	24724	24791
A24735-T	NA	11	5084	0.002164	24724	24806
A24604C	S:R1014S	11	45182	0.000243	24526	24679
A24595-T	NA	11	45231	0.000243	24571	24653
A24576G C24672-A	S:Q1005R NA	11	43721	0.000252	24470	24679
A24568G	S:Q1002Q	11	45871	0.00024	24511	24597
A24560G C24672-A	S:R1000G NA	11	43663	0.000252	24470	24679
A24424T T24549C	S:Q954H S:L996S	11	34068	0.000323	24412	24564
A24424T T24491C	S:Q954H S:L977L	11	34661	0.000317	24421	24563
A24424T T24469A G24542T	S:Q954H S:N969K S:D994Y	11	34195	0.000322	24412	24564
A24424T T24469A A24556G	S:Q954H S:N969K S:T998T	11	33803	0.000325	24413	24564
A24424T T24451+A T24469A	S:Q954H NA S:N969Q	11	34835	0.000316	24412	24564
A24424T G24535A	S:Q954H S:V991V	11	34283	0.000321	24412	24564
A24424T G24533+A	S:Q954H NA	11	34320	0.000321	24420	24562
A24424T C24559T	S:Q954H S:G999G	11	33772	0.000326	24412	24564
A24424T C24553T	S:Q954H S:I997I	11	33983	0.000324	24412	24564
A24424T C24463T T24469A	S:Q954H S:S967S S:N969K	11	34835	0.000316	24412	24564
A24424T C24435+T T24469A	S:Q954H NA S:N969Q	11	34835	0.000316	24412	24554
A24424T A24457G T24469A	S:Q954H S:Q965Q S:N969K	11	34835	0.000316	24412	24564
A24424T A24433G T24469A	S:Q954H S:Q957Q S:N969K	11	34835	0.000316	24412	24543
A24423+T T24469A	NA S:N969Q	11	34830	0.000316	24412	24478
A23834G C23854A	S:S758G S:N764K	11	33030	0.000333	23683	23895
A23736G C23854A	S:E725G S:N764K	11	30359	0.000362	23683	23895
A23696+T	NA	11	67013	0.000164	23684	23715
A23598+G	NA	11	60325	0.000182	23580	23625
A23515G C23525T T23599G C23604A	S:I651M S:H655Y S:N679K S:P681H	11	29205	0.000377	23486	23642
A23403G T23521C C23525T	S:D614G S:A653A S:H655Y	11	6592	0.001669	23387	23539
A23403G T23434C	S:D614G S:I624I	11	11441	0.000961	23335	23443
A23235G	S:K558R	11	6613	0.001663	23175	23290
A23109G	S:E516G	11	6854	0.001605	23098	23224
A22108T C22109G T22200A	S:K182N S:Q183E S:V213E	11	2942	0.003739	22100	22219
A22025G	S:S155G	11	18155	0.000606	22010	22058
A21979-T G21987A	NA S:G142D	11	17448	0.00063	21847	21993
A21964-T G21987A T21990-TTA A21999-C	NA S:G142D S:DEL144 NA	11	12887	0.000854	21847	22058
A21957G G21987A T21990-TTA A21999-C	S:E132G S:G142D S:DEL144 NA	11	12391	0.000888	21889	22058
A21917-T T21934-A G21987A T21990-TTA C22000A	NA NA S:G142D S:DEL144 S:H146Q	11	10624	0.001035	21847	22058
A21917+T	NA	11	20456	0.000538	21847	21950
A21868G G21987A	S:R102R S:G142D	11	13780	0.000798	21847	21992
A21868G	S:R102R	11	20080	0.000548	21850	21943
T25319+A	NA	10	65303	0.000153	25312	25324
T25293-C	NA	10	64948	0.000154	25285	25325
T25283A	S:C1241S	10	64651	0.000155	25219	25325
T25215-A	NA	10	54243	0.000184	25206	25323
T25196C	S:W1212R	10	57419	0.000174	25141	25210
T25196-G C25214T C25262-T	NA S:L1218L NA	10	46641	0.000214	25122	25325
T25144C	S:N1194N	10	53263	0.000188	25122	25156
T25138C C25262-T	S:N1192N NA	10	40583	0.000246	25122	25292
T24622C C24672-A	S:A1020A NA	10	47121	0.000212	24612	24679
T24601C C24672-A	S:I1013I NA	10	43795	0.000228	24486	24679
T24597+A C24672-A	NA NA	10	43781	0.000228	24473	24679
T24581C C24672-A	S:Y1007H NA	10	43737	0.000229	24473	24679
T24534C C24672-A	S:V991A NA	10	43542	0.00023	24488	24679
T24469A T24664C	S:N969K S:L1034L	10	31723	0.000315	24465	24679
T24469A T24471-TG	S:N969K NA	10	70280	0.000142	24452	24564
T24469A G24584A	S:N969K S:V1008M	10	32600	0.000307	24465	24679
T24469A C24555T	S:N969K S:T998I	10	67879	0.000147	24465	24564
T24469A C24477T	S:N969K S:A972V	10	70250	0.000142	24465	24564
T24469A A24602G	S:N969K S:R1014G	10	32470	0.000308	24465	24679
T24469A A24554C	S:N969K S:T998P	10	67918	0.000147	24465	24679
T24469A A24539+T	S:N969K NA	10	68538	0.000146	24465	24564
T24469A A24538G	S:N969K S:Q992Q	10	68565	0.000146	24465	24558
T24469A A24500G	S:N969K S:I980V	10	69860	0.000143	24465	24564
T24469A A24485G	S:N969K S:S975G	10	70178	0.000142	24465	24564
T23840C C23854A	S:C760R S:N764K	10	33264	0.000301	23797	23890
T23823C	S:L754S	10	34480	0.00029	23690	23839
T23818C C23854A	S:L752L S:N764K	10	32682	0.000306	23699	23895
T23815C	S:N751N	10	34677	0.000288	23683	23844
T23774G	S:C738G	10	35371	0.000283	23683	23779
T23765C	S:S735P	10	34132	0.000293	23683	23834
T23750C	S:S730P	10	34322	0.000291	23683	23761
T23739C C23854A	S:I726T S:N764K	10	30392	0.000329	23683	23895
T23721C	S:I720T	10	66316	0.000151	23683	23823
T23716C C23854A	S:F718F S:N764K	10	30132	0.000332	23683	23881
T23714G	S:F718V	10	66649	0.00015	23694	23724
T23689+A	NA	10	66754	0.00015	23684	23709
T23599G G23666-A	S:N679K NA	10	29634	0.000337	23580	23724
T23599G C23604A C23685T	S:N679K S:P681H S:S708F	10	29474	0.000339	23580	23724
T23599G C23604A C23634T C23664T	S:N679K S:P681H S:S691F S:A701V	10	29646	0.000337	23581	23724
T23599G C23604A A23656+T	S:N679K S:P681H NA	10	29708	0.000337	23586	23724
T23584+C	NA	10	60312	0.000166	23580	23594
T23542C T23599G C23604A	S:Y660Y S:N679K S:P681H	10	29598	0.000338	23525	23642
T23394C A23403G	S:L611P S:D614G	10	11942	0.000837	23335	23443
T23346C C23525T	S:V595A S:H655Y	10	6065	0.001649	23335	23539
T23227C	S:S555S	10	6648	0.001504	23100	23290
T23214C	S:V551A	10	6785	0.001474	23089	23290
T23189C	S:F543L	10	6865	0.001457	23137	23290
T23143+A	NA	10	6868	0.001456	23089	23197
T22896C G22898A T22928C T22942G	S:V445A S:G446S S:F456L S:N460K	10	3888	0.002572	22866	22967
T22882G T22928C T22942G	S:N440K S:F456L S:N460K	10	3876	0.00258	22862	22966
T21990-TTA A21999-C G22022-A	S:DEL144 NA NA	10	13298	0.000752	21946	22058
T21973C	S:N137N	10	22293	0.000449	21847	21983
T21955C	S:C131C	10	21395	0.000467	21847	21982
T21908C G21987A	S:S116P S:G142D	10	14431	0.000693	21847	21993
T21861-A G21987A	NA S:G142D	10	13663	0.000732	21847	21990
T21854C	S:S98P	10	19897	0.000503	21847	21875
G25401-T C25416T	NA ORF3a:F8F	10	11876	0.000842	25377	25477
G25244A C25262-T	S:V1228I NA	10	58600	0.000171	25122	25318
G25203T	S:W1214L	10	58655	0.00017	25141	25208
G25186A	S:Q1208Q	10	56190	0.000178	25170	25210
G25177A	S:K1205K	10	54936	0.000182	25162	25210
G25135A	S:K1191K	10	51474	0.000194	25122	25161
G24858A	S:G1099D	10	9539	0.001048	24850	24871
G24550+A	NA	10	82306	0.000121	24470	24564
G24546A	S:R995K	10	82474	0.000121	24532	24564
G24535C C24672-A	S:V991V NA	10	43544	0.00023	24480	24679
G24497T C24672-A	S:D979Y NA	10	43130	0.000232	24473	24679
G24488-T T24643-A C24672-A	NA NA NA	10	42727	0.000234	24486	24679
G24488-T G24611+A	NA NA	10	44016	0.000227	24470	24679
G24488-T C24503-T C24517-A C24672-A	NA NA NA NA	10	42727	0.000234	24470	24679
G23948T A23949-T	S:D796Y NA	10	1413	0.007077	23938	23974
G23876+T	NA	10	33016	0.000303	23683	23887
G23808A C23854A	S:C749Y S:N764K	10	32550	0.000307	23683	23895
G23768-T C23816-T	NA NA	10	33969	0.000294	23683	23839
G23699A C23887-A	S:A713T NA	10	27643	0.000362	23683	23895
G22895C T22896C G22898A T22928C T22942G	S:V445P S:V445P S:G446S S:F456L S:N460K	10	3888	0.002572	22882	22967
G22813T T22896C G22898A T22942G	S:K417N S:V445A S:G446S S:N460K	10	3582	0.002792	22793	22967
G22813T T22882G G22895C T22896C T22928C T22942G	S:K417N S:N440K S:V445P S:V445P S:F456L S:N460K	10	3582	0.002792	22793	22967
G22104-A C22109G T22200A G22317T	NA S:Q183E S:V213E S:G252V	10	2277	0.004392	22100	22319
G21987A T21990-TTA C22000A A22023G	S:G142D S:DEL144 S:H146Q S:E154G	10	13296	0.000752	21958	22058
G21987A T21990-TTA C22000A A22007G	S:G142D S:DEL144 S:H146Q S:N149D	10	13505	0.00074	21965	22058
G21929A G21987A	S:A123T S:G142D	10	14702	0.00068	21848	21992
C25517-T G25555-T	NA NA	10	4997	0.002001	25372	25566
C25416T G25483A	ORF3a:F8F ORF3a:A31T	10	7243	0.001381	25372	25566
C25318A	S:S1252S	10	65344	0.000153	25301	25325
C25262-T T25285C	NA S:C1241C	10	63568	0.000157	25251	25318
C25262-T C25300T	NA S:G1246G	10	63368	0.000158	25251	25323
C25214T	S:L1218L	10	52917	0.000189	25203	25324
C25207+G	NA	10	59726	0.000167	25200	25325
C25169T	S:L1203F	10	54293	0.000184	25135	25189
C25162T	S:L1200L	10	54104	0.000185	25136	25210
C25000T T25039C	S:D1146D S:H1159H	10	14042	0.000712	24998	25069
C25000T A25101G	S:D1146D S:Q1180R	10	6665	0.0015	24991	25206
C25000T A25045G	S:D1146D S:S1161S	10	13944	0.000717	24990	25069
C25000T A25034G	S:D1146D S:N1158D	10	14115	0.000708	24990	25069
C25000T A25008G	S:D1146D S:K1149R	10	14457	0.000692	24990	25069
C25000T A25007G	S:D1146D S:K1149E	10	14464	0.000691	24990	25054
C24852-A G24933-T	NA NA	10	8944	0.001118	24785	24943
C24609T C24672-A	S:A1016V NA	10	43807	0.000228	24474	24679
C24503-T T24643-A C24672-A	NA NA NA	10	43232	0.000231	24476	24679
C24466+A G24611+A C24672-A	NA NA NA	10	31414	0.000318	24465	24679
C24418+A A24424T	NA S:Q954P	10	35879	0.000279	24412	24441
C23854A T23916+A G23948T	S:N764K NA S:D796*	10	852	0.011737	23850	23978
C23854A C23887A	S:N764K S:D775E	10	31528	0.000317	23825	23895
C23846T C23854A	S:Q762* S:N764K	10	33566	0.000298	23802	23887
C23709+T	NA	10	66803	0.00015	23694	23720
C23700T C23887-A	S:A713V NA	10	27792	0.00036	23683	23895
C23604A T23641-G	S:P681H NA	10	59027	0.000169	23580	23662
C23604A G23675-T	S:P681H NA	10	29605	0.000338	23580	23724
C23604A A23639-T	S:P681H NA	10	59142	0.000169	23582	23642
C23525T T23599G C23604A T23622+G	S:H655Y S:N679K S:P681H NA	10	29241	0.000342	23487	23641
C23525T T23599G C23604A A23627G	S:H655Y S:N679K S:P681H S:S689G	10	28963	0.000345	23487	23642
C23525T G23580-T T23599G C23604A	S:H655Y NA S:N679K S:P681H	10	29296	0.000341	23490	23625
C23525T G23545A T23599G C23604A	S:H655Y S:E661E S:N679K S:P681H	10	29296	0.000341	23506	23615
C23525T G23528A T23599G C23604A	S:H655Y S:V656I S:N679K S:P681H	10	29296	0.000341	23487	23642
C23525T C23585T T23599G C23604A	S:H655Y S:Q675* S:N679K S:P681H	10	29296	0.000341	23493	23642
C23525T C23577T T23599G C23604A	S:H655Y S:A672V S:N679K S:P681H	10	29296	0.000341	23501	23642
C23525T C23555T T23599G C23604A	S:H655Y S:P665S S:N679K S:P681H	10	29296	0.000341	23488	23642
C23525T C23533T T23599G C23604A	S:H655Y S:N657N S:N679K S:P681H	10	29296	0.000341	23506	23642
C23525T A23558-T T23599G C23604A A23639-T	S:H655Y NA S:N679K S:P681H NA	10	28405	0.000352	23487	23642
C23525T A23550T T23599G C23604A	S:H655Y S:D663V S:N679K S:P681H	10	29296	0.000341	23488	23642
C23525T A23544-G T23599G C23604A	S:H655Y NA S:N679K S:P681H	10	29296	0.000341	23514	23642
C23498+G C23525T T23599G C23604A	NA S:H655S S:N679* S:P681Y	10	28638	0.000349	23487	23642
C23399+T	NA	10	12349	0.00081	23335	23425
C23393T	S:L611F	10	12503	0.0008	23335	23417
C23208+A	NA	10	6804	0.00147	23177	23224
C23103-T C23230-A	NA NA	10	6105	0.001638	23089	23274
C23099-T C23103-T T23143-A T23164-A	NA NA NA NA	10	6599	0.001515	23089	23184
C22109G T22200A C22281+T G22317T	S:Q183E S:V213E NA S:G252L	10	2310	0.004329	22100	22319
C22044-T	NA	10	18391	0.000544	22028	22054
C22000A A22005G	S:H146Q S:N148S	10	15690	0.000637	21995	22054
A25439G	ORF3a:K16R	10	11479	0.000871	25381	25475
A25410G C25416T	ORF3a:R6R ORF3a:F8F	10	11876	0.000842	25383	25477
A25397+T	NA	10	12235	0.000817	25381	25412
A25193T	S:K1211*	10	57176	0.000175	25178	25198
A25190G C25262-T	S:I1210V NA	10	45235	0.000221	25130	25324
A25137G	S:N1192S	10	51916	0.000193	25122	25210
A25134+T	NA	10	51305	0.000195	25125	25165
A25125G C25262-T	S:E1188G NA	10	38482	0.00026	25122	25325
A25113-C	NA	10	7460	0.00134	25106	25210
A25026-T	NA	10	14523	0.000689	24990	25044
A24942G C25000T	S:D1127G S:D1146D	10	6724	0.001487	24916	25065
A24885+T C25000T	NA S:D1146S	10	6580	0.00152	24857	25018
A24875G	S:T1105A	10	9597	0.001042	24850	24889
A24753G	S:H1064R	10	5218	0.001916	24724	24806
A24667G C24672-A	S:G1035G NA	10	47321	0.000211	24612	24679
A24595-T C24672-A	NA NA	10	43773	0.000228	24473	24679
A24539+T C24672-A	NA NA	10	43581	0.000229	24476	24679
A24537G C24672-A	S:Q992R NA	10	43559	0.00023	24489	24679
A24479-T G24488-T C24503-T C24672-A	NA NA NA NA	10	41724	0.00024	24476	24679
A24468-T T24470A C24672-A	NA S:F970I NA	10	31547	0.000317	24465	24679
A24424T T24544C	S:Q954H S:D994D	10	34169	0.000293	24412	24564
A24424T T24541C	S:Q954H S:I993I	10	34215	0.000292	24412	24563
A24424T T24469A T24544C	S:Q954H S:N969K S:D994D	10	34169	0.000293	24412	24564
A24424T T24469A T24505C	S:Q954H S:N969K S:L981L	10	34554	0.000289	24412	24564
A24424T T24469A T24472-G C24536-AA	S:Q954H S:N969K NA NA	10	34277	0.000292	24412	24564
A24424T T24469A G24535A	S:Q954H S:N969K S:V991V	10	34283	0.000292	24412	24564
A24424T T24469A G24521C	S:Q954H S:N969K S:V987L	10	34404	0.000291	24412	24563
A24424T T24469A A24538G	S:Q954H S:N969K S:Q992Q	10	34246	0.000292	24415	24564
A24424T T24451C	S:Q954H S:V963V	10	35096	0.000285	24412	24564
A24424T T24450G T24469A	S:Q954H S:V963G S:N969K	10	34835	0.000287	24412	24564
A24424T T24437C	S:Q954H S:L959L	10	35259	0.000284	24413	24564
A24424T G24476A	S:Q954H S:A972T	10	34748	0.000288	24412	24564
A24424T G24434+C	S:Q954H NA	10	35318	0.000283	24412	24535
A24424T C24555-A	S:Q954H NA	10	33903	0.000295	24412	24563
A24424T C24455-A T24469A	S:Q954H NA S:N969K	10	34835	0.000287	24412	24564
A24424T A24556T	S:Q954H S:T998T	10	33803	0.000296	24412	24564
A24424T A24539G	S:Q954H S:I993V	10	34241	0.000292	24412	24557
A24424T A24440G T24469A	S:Q954H S:N960D S:N969K	10	34835	0.000287	24412	24564
A24424T A24439G T24469A	S:Q954H S:L959L S:N969K	10	34835	0.000287	24412	24564
A24424T A24430G T24469A	S:Q954H S:A956A S:N969K	10	34835	0.000287	24412	24564
A24424C T24469A	S:Q954H S:N969K	10	34835	0.000287	24412	24564
A24253-T C24320-AA	NA NA	10	3556	0.002812	24148	24333
A23886G C23887-A	S:D775G NA	10	32195	0.000311	23683	23895
A23870+T	NA	10	33407	0.000299	23858	23881
A23800G	S:S746S	10	34976	0.000286	23785	23819
A23779G	S:T739T	10	35260	0.000284	23683	23812
A23772-T	NA	10	35427	0.000282	23767	23819
A23732G	S:T724A	10	34575	0.000289	23697	23800
A23712+T A23720-T	NA NA	10	66262	0.000151	23683	23739
A23712+G	NA	10	66690	0.00015	23704	23724
A23691T	S:N710I	10	66890	0.000149	23683	23723
A23403G T23480C C23525T	S:D614G S:S640P S:H655Y	10	6592	0.001517	23335	23539
A23403G T23455C C23525T	S:D614G S:P631P S:H655Y	10	6592	0.001517	23391	23539
A23403G T23443C C23525T	S:D614G S:D627D S:H655Y	10	6592	0.001517	23335	23539
A23403G T23437C	S:D614G S:H625H	10	11404	0.000877	23335	23443
A23403G T23434-C	S:D614G NA	10	11441	0.000874	23391	23443
A23403G T23404C	S:D614G S:D614G	10	12045	0.00083	23335	23443
A23403G C23525T T23529C	S:D614G S:H655Y S:V656A	10	6587	0.001518	23335	23535
A23403G A23440G C23525T	S:D614G S:A626A S:H655Y	10	6592	0.001517	23335	23539
A23403G A23436G C23525T	S:D614G S:H625R S:H655Y	10	6592	0.001517	23335	23532
A23403G A23432+C	S:D614G NA	10	11555	0.000865	23342	23440
A23366G A23403G C23525T	S:T602A S:D614G S:H655Y	10	6143	0.001628	23335	23539
A23359G A23403G	S:T599T S:D614G	10	11545	0.000866	23335	23443
A23157-T	NA	10	6855	0.001459	23120	23188
A23013C T23018C T23019C T23031C A23055G A23063T T23075C	S:E484A S:F486P S:F486P S:F490S S:Q498R S:N501Y S:Y505H	10	101	0.09901	23008	23219
A22101T C22109G T22200A	Unknown S:Q183E S:V213E	10	2863	0.003493	22100	22222
A22101T C22109G C22120-A T22200A	Unknown S:Q183E NA S:V213E	10	2863	0.003493	22100	22213
A22101T C22109G	Unknown S:Q183E	10	3136	0.003189	22100	22145
A22029G	S:E156G	10	18241	0.000548	22016	22058
A21979-T G21987A T21990-TTA A21999-C C22009-A	NA S:G142D S:DEL144 NA NA	10	13492	0.000741	21847	22058
A21958-T G21987A	NA S:G142D	10	16451	0.000608	21848	21991
A21958+T	NA	10	21630	0.000462	21867	21983
A21949G G21987A	S:K129K S:G142D	10	15413	0.000649	21847	21993
A21894+T	NA	10	20277	0.000493	21862	21906
